datetime,Depth_meter,Water_Temperature_celsius
1989-01-10 00:00:00,0,4
1989-01-10 00:00:00,3,4
1989-01-10 00:00:00,5,4
1989-01-10 00:00:00,10,4
1989-01-10 00:00:00,15,4
1989-01-10 00:00:00,20,4
1989-01-10 00:00:00,25,4
1989-01-10 00:00:00,28,4
1989-02-08 00:00:00,1,4.6
1989-02-08 00:00:00,3,4.6
1989-02-08 00:00:00,10,4.6
1989-02-08 00:00:00,15,4.6
1989-02-08 00:00:00,20,4.6
1989-02-08 00:00:00,25,4.6
1989-02-08 00:00:00,27,4.6
1989-02-08 00:00:00,28,4.6
1989-03-08 00:00:00,0,4.2
1989-03-08 00:00:00,3,4.2
1989-03-08 00:00:00,5,4.2
1989-03-08 00:00:00,10,4.2
1989-03-08 00:00:00,15,4.2
1989-03-08 00:00:00,20,4.2
1989-03-08 00:00:00,25,4.2
1989-03-08 00:00:00,30,4.1
1989-04-11 00:00:00,0,5.5
1989-04-11 00:00:00,3,5.5
1989-04-11 00:00:00,4,5.5
1989-04-11 00:00:00,6,5.5
1989-04-11 00:00:00,10,5.4
1989-04-11 00:00:00,15,5.4
1989-04-11 00:00:00,20,5.4
1989-04-11 00:00:00,25,5.4
1989-04-11 00:00:00,28,5.4
1989-04-26 00:00:00,0,7.3
1989-04-26 00:00:00,2,7.3
1989-04-26 00:00:00,3,7.3
1989-04-26 00:00:00,4,7.3
1989-04-26 00:00:00,6,7.2
1989-04-26 00:00:00,8,7.2
1989-04-26 00:00:00,10,7.2
1989-04-26 00:00:00,15,6.7
1989-04-26 00:00:00,20,6.5
1989-04-26 00:00:00,26,6.4
1989-04-26 00:00:00,28,6.4
1989-05-16 00:00:00,0,10.7
1989-05-16 00:00:00,1,10.7
1989-05-16 00:00:00,2,10.6
1989-05-16 00:00:00,3,10.6
1989-05-16 00:00:00,4,10.5
1989-05-16 00:00:00,5,10.4
1989-05-16 00:00:00,6,10.3
1989-05-16 00:00:00,7,10
1989-05-16 00:00:00,8,9.9
1989-05-16 00:00:00,9,9.8
1989-05-16 00:00:00,10,9.6
1989-05-16 00:00:00,15,8.8
1989-05-16 00:00:00,16,8.7
1989-05-16 00:00:00,17,8.3
1989-05-16 00:00:00,18,7.8
1989-05-16 00:00:00,19,7.4
1989-05-16 00:00:00,20,7.2
1989-05-16 00:00:00,25,6.9
1989-05-16 00:00:00,30,6.8
1989-05-30 00:00:00,0,15.7
1989-05-30 00:00:00,1,15.6
1989-05-30 00:00:00,2,15.6
1989-05-30 00:00:00,2.5,15.7
1989-05-30 00:00:00,3,15.6
1989-05-30 00:00:00,4,15.5
1989-05-30 00:00:00,4.5,15
1989-05-30 00:00:00,5,14.5
1989-05-30 00:00:00,5.5,12.5
1989-05-30 00:00:00,6,11.5
1989-05-30 00:00:00,7,10.9
1989-05-30 00:00:00,8,10.5
1989-05-30 00:00:00,9,10.4
1989-05-30 00:00:00,10,10.2
1989-05-30 00:00:00,11,9.9
1989-05-30 00:00:00,12,9.7
1989-05-30 00:00:00,13,9.5
1989-05-30 00:00:00,14,9.3
1989-05-30 00:00:00,15,9
1989-05-30 00:00:00,20,7.3
1989-05-30 00:00:00,25,7
1989-05-30 00:00:00,30,6.9
1989-06-14 00:00:00,0,18.5
1989-06-14 00:00:00,1,18.4
1989-06-14 00:00:00,2,18.1
1989-06-14 00:00:00,3,15.8
1989-06-14 00:00:00,4,14.9
1989-06-14 00:00:00,5,14.5
1989-06-14 00:00:00,6,14
1989-06-14 00:00:00,7,13.6
1989-06-14 00:00:00,8,12.8
1989-06-14 00:00:00,9,11.5
1989-06-14 00:00:00,10,10.3
1989-06-14 00:00:00,12,9.7
1989-06-14 00:00:00,14,9.1
1989-06-14 00:00:00,15,8.8
1989-06-14 00:00:00,16,8.4
1989-06-14 00:00:00,18,7.7
1989-06-14 00:00:00,20,7.4
1989-06-14 00:00:00,22,7.3
1989-06-14 00:00:00,24,7.2
1989-06-14 00:00:00,25,7.2
1989-06-14 00:00:00,26,7.2
1989-06-14 00:00:00,27,7.1
1989-06-14 00:00:00,28,7.1
1989-06-14 00:00:00,29,7.1
1989-06-27 00:00:00,0,20.3
1989-06-27 00:00:00,1,20.3
1989-06-27 00:00:00,2,20.3
1989-06-27 00:00:00,2,20.2
1989-06-27 00:00:00,3,20.2
1989-06-27 00:00:00,4,20
1989-06-27 00:00:00,5,19.6
1989-06-27 00:00:00,6,14.7
1989-06-27 00:00:00,7,13.5
1989-06-27 00:00:00,8,12.3
1989-06-27 00:00:00,9,11.4
1989-06-27 00:00:00,10,10.6
1989-06-27 00:00:00,11,10
1989-06-27 00:00:00,12,9.7
1989-06-27 00:00:00,13,9.5
1989-06-27 00:00:00,14,9.3
1989-06-27 00:00:00,15,8.9
1989-06-27 00:00:00,16,8.5
1989-06-27 00:00:00,17,8.2
1989-06-27 00:00:00,18,8
1989-06-27 00:00:00,19,7.8
1989-06-27 00:00:00,20,7.6
1989-06-27 00:00:00,21,7.5
1989-06-27 00:00:00,22,7.4
1989-06-27 00:00:00,23,7.3
1989-06-27 00:00:00,24,7.2
1989-06-27 00:00:00,25,7.2
1989-06-27 00:00:00,26,7.1
1989-06-27 00:00:00,27,7.1
1989-06-27 00:00:00,28,7.1
1989-06-27 00:00:00,29,7.2
1989-06-27 00:00:00,30,7.2
1989-07-12 00:00:00,0,19.3
1989-07-12 00:00:00,1,19.3
1989-07-12 00:00:00,2,19.3
1989-07-12 00:00:00,3,19.3
1989-07-12 00:00:00,4,19.2
1989-07-12 00:00:00,5.5,18.8
1989-07-12 00:00:00,6,16.6
1989-07-12 00:00:00,7,14.1
1989-07-12 00:00:00,8,12.1
1989-07-12 00:00:00,10,10.1
1989-07-12 00:00:00,12,9.4
1989-07-12 00:00:00,14,8.9
1989-07-12 00:00:00,15,8.6
1989-07-12 00:00:00,16,8.3
1989-07-12 00:00:00,18,7.8
1989-07-12 00:00:00,20,7.5
1989-07-12 00:00:00,22,7.4
1989-07-12 00:00:00,24,7.3
1989-07-12 00:00:00,25,7.3
1989-07-12 00:00:00,26,7.3
1989-07-12 00:00:00,27,7.3
1989-07-12 00:00:00,28,7.3
1989-07-25 00:00:00,0,18.3
1989-07-25 00:00:00,1,18.3
1989-07-25 00:00:00,2,18.3
1989-07-25 00:00:00,3,18.2
1989-07-25 00:00:00,4,17.9
1989-07-25 00:00:00,6,16.7
1989-07-25 00:00:00,7,16.1
1989-07-25 00:00:00,8,15.2
1989-07-25 00:00:00,9,14.8
1989-07-25 00:00:00,9.5,13.7
1989-07-25 00:00:00,10,11.9
1989-07-25 00:00:00,11,11.1
1989-07-25 00:00:00,13,9.4
1989-07-25 00:00:00,15,8.8
1989-07-25 00:00:00,17,8.3
1989-07-25 00:00:00,18,8.1
1989-07-25 00:00:00,19,7.7
1989-07-25 00:00:00,20,7.6
1989-07-25 00:00:00,22,7.5
1989-07-25 00:00:00,25,7.4
1989-07-25 00:00:00,29,7.2
1989-07-25 00:00:00,30,7.2
1989-08-08 00:00:00,0,16.9
1989-08-08 00:00:00,1,16.7
1989-08-08 00:00:00,2,15.9
1989-08-08 00:00:00,3,15.6
1989-08-08 00:00:00,4,15.5
1989-08-08 00:00:00,5,15.5
1989-08-08 00:00:00,6,15.4
1989-08-08 00:00:00,7,15.3
1989-08-08 00:00:00,8,15.1
1989-08-08 00:00:00,9,15.1
1989-08-08 00:00:00,10,14.9
1989-08-08 00:00:00,11,13.9
1989-08-08 00:00:00,12,13
1989-08-08 00:00:00,13,9.4
1989-08-08 00:00:00,14,8.9
1989-08-08 00:00:00,15,8.4
1989-08-08 00:00:00,16,8.1
1989-08-08 00:00:00,17,7.8
1989-08-08 00:00:00,18,7.7
1989-08-08 00:00:00,19,7.7
1989-08-08 00:00:00,20,7.5
1989-08-08 00:00:00,21,7.5
1989-08-08 00:00:00,22,7.3
1989-08-08 00:00:00,23,7.3
1989-08-08 00:00:00,24,7.3
1989-08-08 00:00:00,25,7.3
1989-08-08 00:00:00,26,7.3
1989-08-08 00:00:00,27,7.3
1989-08-08 00:00:00,28,7.3
1989-08-08 00:00:00,29,7.3
1989-08-08 00:00:00,30,7.3
1989-08-23 00:00:00,0,17.6
1989-08-23 00:00:00,1,17.5
1989-08-23 00:00:00,2,17.6
1989-08-23 00:00:00,3,17.5
1989-08-23 00:00:00,4,17.5
1989-08-23 00:00:00,5,17.5
1989-08-23 00:00:00,6,17.3
1989-08-23 00:00:00,7,17.2
1989-08-23 00:00:00,8,16.8
1989-08-23 00:00:00,9,16.5
1989-08-23 00:00:00,10,15.8
1989-08-23 00:00:00,11,14.9
1989-08-23 00:00:00,12,13.5
1989-08-23 00:00:00,13,12.2
1989-08-23 00:00:00,14,10.3
1989-08-23 00:00:00,15,9.1
1989-08-23 00:00:00,16,8.8
1989-08-23 00:00:00,17,8.3
1989-08-23 00:00:00,18,8.1
1989-08-23 00:00:00,19,7.9
1989-08-23 00:00:00,20,7.8
1989-08-23 00:00:00,21,7.7
1989-08-23 00:00:00,22,7.6
1989-08-23 00:00:00,23,7.6
1989-08-23 00:00:00,24,7.5
1989-08-23 00:00:00,25,7.4
1989-08-23 00:00:00,29,7.4
1989-08-23 00:00:00,30,7.3
1989-09-07 00:00:00,0,16.3
1989-09-07 00:00:00,1,16.1
1989-09-07 00:00:00,2,16
1989-09-07 00:00:00,3,16
1989-09-07 00:00:00,4,16
1989-09-07 00:00:00,5,15.9
1989-09-07 00:00:00,6,15.9
1989-09-07 00:00:00,7,15.8
1989-09-07 00:00:00,8,15.7
1989-09-07 00:00:00,9,15.6
1989-09-07 00:00:00,10,15.4
1989-09-07 00:00:00,11,15.1
1989-09-07 00:00:00,12,14.1
1989-09-07 00:00:00,13,12.4
1989-09-07 00:00:00,14,9.8
1989-09-07 00:00:00,15,9.1
1989-09-07 00:00:00,16,8.5
1989-09-07 00:00:00,17,8.1
1989-09-07 00:00:00,18,7.9
1989-09-07 00:00:00,19,7.8
1989-09-07 00:00:00,20,7.6
1989-09-07 00:00:00,21,7.6
1989-09-07 00:00:00,22,7.5
1989-09-07 00:00:00,23,7.5
1989-09-07 00:00:00,24,7.5
1989-09-07 00:00:00,25,7.4
1989-09-07 00:00:00,26,7.4
1989-09-07 00:00:00,27,7.4
1989-09-07 00:00:00,28,7.4
1989-09-07 00:00:00,29,7.4
1989-09-07 00:00:00,30,7.7
1989-09-19 00:00:00,0,15.5
1989-09-19 00:00:00,1,15.5
1989-09-19 00:00:00,2,15.4
1989-09-19 00:00:00,3,15.4
1989-09-19 00:00:00,4,15.4
1989-09-19 00:00:00,5,15.2
1989-09-19 00:00:00,6,15.1
1989-09-19 00:00:00,7,15.1
1989-09-19 00:00:00,8,15
1989-09-19 00:00:00,9,15
1989-09-19 00:00:00,10,15
1989-09-19 00:00:00,11,14.9
1989-09-19 00:00:00,12,14.9
1989-09-19 00:00:00,13,13.7
1989-09-19 00:00:00,13.5,13.7
1989-09-19 00:00:00,14,12.5
1989-09-19 00:00:00,15,10
1989-09-19 00:00:00,16,8.9
1989-09-19 00:00:00,17,8.6
1989-09-19 00:00:00,18,8.2
1989-09-19 00:00:00,20,7.9
1989-09-19 00:00:00,22,7.7
1989-09-19 00:00:00,25,7.4
1989-09-19 00:00:00,27,7.3
1989-09-19 00:00:00,30,7.4
1989-10-05 00:00:00,0,13.5
1989-10-05 00:00:00,2,13.5
1989-10-05 00:00:00,3,13.5
1989-10-05 00:00:00,4,13.5
1989-10-05 00:00:00,6,13.4
1989-10-05 00:00:00,8,13.4
1989-10-05 00:00:00,10,13.4
1989-10-05 00:00:00,12,13.4
1989-10-05 00:00:00,14,13.4
1989-10-05 00:00:00,15,13.3
1989-10-05 00:00:00,15.5,13.1
1989-10-05 00:00:00,16,11.7
1989-10-05 00:00:00,16.5,10.6
1989-10-05 00:00:00,17,9.6
1989-10-05 00:00:00,17.5,9.2
1989-10-05 00:00:00,18,8.6
1989-10-05 00:00:00,19,8.1
1989-10-05 00:00:00,20,8
1989-10-05 00:00:00,22,7.8
1989-10-05 00:00:00,25,7.6
1989-10-05 00:00:00,30,7.5
1989-10-18 00:00:00,0,11.7
1989-10-18 00:00:00,1,11.7
1989-10-18 00:00:00,2,11.7
1989-10-18 00:00:00,3,11.7
1989-10-18 00:00:00,4,11.7
1989-10-18 00:00:00,5,11.7
1989-10-18 00:00:00,7,11.7
1989-10-18 00:00:00,9,11.6
1989-10-18 00:00:00,10,11.6
1989-10-18 00:00:00,12,11.6
1989-10-18 00:00:00,14,11.6
1989-10-18 00:00:00,15,11.6
1989-10-18 00:00:00,17,11.6
1989-10-18 00:00:00,18,10.9
1989-10-18 00:00:00,18,11.4
1989-10-18 00:00:00,19,8.2
1989-10-18 00:00:00,20,7.9
1989-10-18 00:00:00,22,7.7
1989-10-18 00:00:00,24,7.6
1989-10-18 00:00:00,25,7.5
1989-10-18 00:00:00,27,7.5
1989-10-18 00:00:00,29,7.4
1989-10-18 00:00:00,30,7.4
1989-10-18 00:00:00,30.5,7.4
1989-11-01 00:00:00,4,11
1989-11-01 00:00:00,30,11
1989-12-06 00:00:00,0,5.6
1989-12-06 00:00:00,3,5.6
1989-12-06 00:00:00,5,5.6
1989-12-06 00:00:00,6,5.6
1989-12-06 00:00:00,8,5.7
1989-12-06 00:00:00,10,5.7
1989-12-06 00:00:00,15,5.6
1989-12-06 00:00:00,20,5.7
1989-12-06 00:00:00,22.5,5.7
1989-12-06 00:00:00,25,5.7
1989-12-06 00:00:00,27.5,5.7
1989-12-06 00:00:00,30,5.7
1990-01-11 00:00:00,0,3.7
1990-01-11 00:00:00,2,3.7
1990-01-11 00:00:00,3,3.7
1990-01-11 00:00:00,4,3.7
1990-01-11 00:00:00,6,3.7
1990-01-11 00:00:00,8,3.7
1990-01-11 00:00:00,10,3.7
1990-01-11 00:00:00,12,3.7
1990-01-11 00:00:00,14,3.7
1990-01-11 00:00:00,16,3.7
1990-01-11 00:00:00,18,3.6
1990-01-11 00:00:00,20,3.6
1990-01-11 00:00:00,22,3.6
1990-01-11 00:00:00,24,3.6
1990-01-11 00:00:00,26,3.6
1990-01-11 00:00:00,28,3.6
1990-01-11 00:00:00,29.5,3.6
1990-02-06 00:00:00,0,4.1
1990-02-06 00:00:00,2,4
1990-02-06 00:00:00,3,4
1990-02-06 00:00:00,4,4
1990-02-06 00:00:00,6,4
1990-02-06 00:00:00,8,4
1990-02-06 00:00:00,10,4
1990-02-06 00:00:00,12,4
1990-02-06 00:00:00,14,4
1990-02-06 00:00:00,16,4
1990-02-06 00:00:00,18,4
1990-02-06 00:00:00,20,4
1990-02-06 00:00:00,22,4
1990-02-06 00:00:00,24,4
1990-02-06 00:00:00,26,4
1990-02-06 00:00:00,28,4
1990-02-06 00:00:00,30,4
1990-02-06 00:00:00,31,4
1990-03-07 00:00:00,0,4.5
1990-03-07 00:00:00,2,4.4
1990-03-07 00:00:00,3,4.4
1990-03-07 00:00:00,6,4.4
1990-03-07 00:00:00,8,4.4
1990-03-07 00:00:00,10,4.4
1990-03-07 00:00:00,15,4.4
1990-03-07 00:00:00,20,4.4
1990-03-07 00:00:00,25,4.4
1990-03-07 00:00:00,28,4.4
1990-04-05 00:00:00,0,6.5
1990-04-05 00:00:00,1,6.5
1990-04-05 00:00:00,2,6.4
1990-04-05 00:00:00,3,6.4
1990-04-05 00:00:00,4,6.4
1990-04-05 00:00:00,6,6.4
1990-04-05 00:00:00,8,6.4
1990-04-05 00:00:00,10,6.4
1990-04-05 00:00:00,12,6.4
1990-04-05 00:00:00,14,6.4
1990-04-05 00:00:00,16,6.4
1990-04-05 00:00:00,18,6.4
1990-04-05 00:00:00,20,6.4
1990-04-05 00:00:00,22,6.4
1990-04-05 00:00:00,24,6.4
1990-04-05 00:00:00,26,6.3
1990-04-05 00:00:00,28,6.1
1990-04-05 00:00:00,30,6.1
1990-04-05 00:00:00,31,6
1990-04-18 00:00:00,0,7.1
1990-04-18 00:00:00,3,7
1990-04-18 00:00:00,5,7
1990-04-18 00:00:00,10,6.9
1990-04-18 00:00:00,15,6.8
1990-04-18 00:00:00,20,6.7
1990-04-18 00:00:00,25,6.5
1990-04-18 00:00:00,30,6.5
1990-05-02 00:00:00,0,13.7
1990-05-02 00:00:00,1,11.6
1990-05-02 00:00:00,2,10.8
1990-05-02 00:00:00,3,9.9
1990-05-02 00:00:00,4,9.7
1990-05-02 00:00:00,5,9.6
1990-05-02 00:00:00,6,9.6
1990-05-02 00:00:00,7,9.5
1990-05-02 00:00:00,8,9.4
1990-05-02 00:00:00,9,9
1990-05-02 00:00:00,10,8.9
1990-05-02 00:00:00,11,8.7
1990-05-02 00:00:00,12,8.6
1990-05-02 00:00:00,13,8.5
1990-05-02 00:00:00,14,8.4
1990-05-02 00:00:00,15,8.3
1990-05-02 00:00:00,16,7.9
1990-05-02 00:00:00,17,7.4
1990-05-02 00:00:00,18,7.3
1990-05-02 00:00:00,19,7.2
1990-05-02 00:00:00,20,7.2
1990-05-02 00:00:00,21,7.2
1990-05-02 00:00:00,22,7.2
1990-05-02 00:00:00,23,7.2
1990-05-02 00:00:00,24,7.1
1990-05-02 00:00:00,25,7.1
1990-05-02 00:00:00,26,7.1
1990-05-02 00:00:00,27,7.1
1990-05-02 00:00:00,28,7.1
1990-05-02 00:00:00,29,7
1990-05-02 00:00:00,30,7
1990-05-15 00:00:00,0,15
1990-05-15 00:00:00,1,15
1990-05-15 00:00:00,2,15
1990-05-15 00:00:00,3,14.9
1990-05-15 00:00:00,4,14.8
1990-05-15 00:00:00,5,13.1
1990-05-15 00:00:00,6,10.2
1990-05-15 00:00:00,7,9.7
1990-05-15 00:00:00,8,9.3
1990-05-15 00:00:00,9,9.2
1990-05-15 00:00:00,10,9.1
1990-05-15 00:00:00,11,9
1990-05-15 00:00:00,12,8.8
1990-05-15 00:00:00,13,8.7
1990-05-15 00:00:00,14,8.4
1990-05-15 00:00:00,15,8.2
1990-05-15 00:00:00,16,8
1990-05-15 00:00:00,17,7.8
1990-05-15 00:00:00,18,7.6
1990-05-15 00:00:00,19,7.5
1990-05-15 00:00:00,20,7.4
1990-05-15 00:00:00,21,7.3
1990-05-15 00:00:00,22,7.2
1990-05-15 00:00:00,23,7.2
1990-05-15 00:00:00,24,7.1
1990-05-15 00:00:00,25,7.1
1990-05-15 00:00:00,26,7.1
1990-05-15 00:00:00,27,7.1
1990-05-15 00:00:00,28,7.1
1990-05-15 00:00:00,29,7.1
1990-05-15 00:00:00,30,7
1990-05-30 00:00:00,0,14.2
1990-05-30 00:00:00,1,14.1
1990-05-30 00:00:00,2,13.6
1990-05-30 00:00:00,3,13.4
1990-05-30 00:00:00,4,12.8
1990-05-30 00:00:00,5,12.6
1990-05-30 00:00:00,6,12.4
1990-05-30 00:00:00,7,12.3
1990-05-30 00:00:00,8,12.2
1990-05-30 00:00:00,9,11.2
1990-05-30 00:00:00,10,10.4
1990-05-30 00:00:00,11,9
1990-05-30 00:00:00,12,8.7
1990-05-30 00:00:00,13,8.3
1990-05-30 00:00:00,14,7.9
1990-05-30 00:00:00,15,7.8
1990-05-30 00:00:00,16,7.5
1990-05-30 00:00:00,17,7.3
1990-05-30 00:00:00,18,7.2
1990-05-30 00:00:00,19,7.2
1990-05-30 00:00:00,20,7.2
1990-05-30 00:00:00,21,7.2
1990-05-30 00:00:00,22,7.1
1990-05-30 00:00:00,23,7.1
1990-05-30 00:00:00,24,7.1
1990-05-30 00:00:00,25,7.1
1990-05-30 00:00:00,26,7
1990-05-30 00:00:00,27,7
1990-05-30 00:00:00,28,7
1990-05-30 00:00:00,29,7
1990-05-30 00:00:00,30,7
1990-06-13 00:00:00,0,18
1990-06-13 00:00:00,1,17.9
1990-06-13 00:00:00,2,17.1
1990-06-13 00:00:00,3,16.7
1990-06-13 00:00:00,3,16.7
1990-06-13 00:00:00,4,16.2
1990-06-13 00:00:00,5,15.3
1990-06-13 00:00:00,6,14.6
1990-06-13 00:00:00,7,14.2
1990-06-13 00:00:00,8,12.8
1990-06-13 00:00:00,9,11.4
1990-06-13 00:00:00,10,10.5
1990-06-13 00:00:00,11,9.8
1990-06-13 00:00:00,12,8.9
1990-06-13 00:00:00,13,8.4
1990-06-13 00:00:00,14,8.1
1990-06-13 00:00:00,15,7.9
1990-06-13 00:00:00,16,7.8
1990-06-13 00:00:00,17,7.7
1990-06-13 00:00:00,18,7.6
1990-06-13 00:00:00,19,7.5
1990-06-13 00:00:00,20,7.5
1990-06-13 00:00:00,21,7.4
1990-06-13 00:00:00,22,7.3
1990-06-13 00:00:00,23,7.3
1990-06-13 00:00:00,24,7.3
1990-06-13 00:00:00,25,7.3
1990-06-13 00:00:00,26,7.3
1990-06-13 00:00:00,27,7.3
1990-06-13 00:00:00,28,7.3
1990-06-13 00:00:00,29,7.2
1990-06-13 00:00:00,30,7.2
1990-06-13 00:00:00,31,7.2
1990-06-13 00:00:00,32,7.2
1990-06-26 00:00:00,0,17.6
1990-06-26 00:00:00,1,17.6
1990-06-26 00:00:00,2,17.5
1990-06-26 00:00:00,3,17.4
1990-06-26 00:00:00,4,17.2
1990-06-26 00:00:00,5,17.2
1990-06-26 00:00:00,6,17.1
1990-06-26 00:00:00,7,15
1990-06-26 00:00:00,8,13.1
1990-06-26 00:00:00,9,11.4
1990-06-26 00:00:00,10,10.4
1990-06-26 00:00:00,11,9.6
1990-06-26 00:00:00,12,8.8
1990-06-26 00:00:00,13,8.5
1990-06-26 00:00:00,14,8.2
1990-06-26 00:00:00,15,7.8
1990-06-26 00:00:00,16,7.7
1990-06-26 00:00:00,17,7.7
1990-06-26 00:00:00,18,7.6
1990-06-26 00:00:00,19,7.6
1990-06-26 00:00:00,20,7.5
1990-06-26 00:00:00,21,7.5
1990-06-26 00:00:00,22,7.4
1990-06-26 00:00:00,23,7.4
1990-06-26 00:00:00,24,7.3
1990-06-26 00:00:00,25,7.3
1990-06-26 00:00:00,26,7.3
1990-06-26 00:00:00,27,7.3
1990-06-26 00:00:00,28,7.3
1990-06-26 00:00:00,29,7.3
1990-07-11 00:00:00,0,16.1
1990-07-11 00:00:00,1,16.2
1990-07-11 00:00:00,2,16.2
1990-07-11 00:00:00,3,16.2
1990-07-11 00:00:00,4,16.1
1990-07-11 00:00:00,5,16.1
1990-07-11 00:00:00,6,16.1
1990-07-11 00:00:00,7,16.1
1990-07-11 00:00:00,8,16.1
1990-07-11 00:00:00,9,15.9
1990-07-11 00:00:00,10,11.8
1990-07-11 00:00:00,11,9.9
1990-07-11 00:00:00,12,9.2
1990-07-11 00:00:00,13,8.8
1990-07-11 00:00:00,14,8.5
1990-07-11 00:00:00,15,8.1
1990-07-11 00:00:00,16,7.9
1990-07-11 00:00:00,17,7.8
1990-07-11 00:00:00,18,7.8
1990-07-11 00:00:00,19,7.6
1990-07-11 00:00:00,20,7.6
1990-07-11 00:00:00,21,7.5
1990-07-11 00:00:00,22,7.4
1990-07-11 00:00:00,23,7.4
1990-07-11 00:00:00,24,7.4
1990-07-11 00:00:00,25,7.4
1990-07-11 00:00:00,26,7.4
1990-07-11 00:00:00,27,7.3
1990-07-11 00:00:00,28,7.3
1990-07-11 00:00:00,29,7.3
1990-07-11 00:00:00,30,7.3
1990-07-25 00:00:00,0,17.8
1990-07-25 00:00:00,1,17.8
1990-07-25 00:00:00,2,17.7
1990-07-25 00:00:00,3,17.7
1990-07-25 00:00:00,4,17.6
1990-07-25 00:00:00,5,17.6
1990-07-25 00:00:00,6,17.6
1990-07-25 00:00:00,7,17.4
1990-07-25 00:00:00,8,17
1990-07-25 00:00:00,9,16.2
1990-07-25 00:00:00,10,13.2
1990-07-25 00:00:00,11,11.7
1990-07-25 00:00:00,12,9.4
1990-07-25 00:00:00,13,8.9
1990-07-25 00:00:00,14,8.1
1990-07-25 00:00:00,15,7.9
1990-07-25 00:00:00,16,7.8
1990-07-25 00:00:00,17,7.7
1990-07-25 00:00:00,18,7.6
1990-07-25 00:00:00,19,7.6
1990-07-25 00:00:00,20,7.5
1990-07-25 00:00:00,21,7.5
1990-07-25 00:00:00,22,7.4
1990-07-25 00:00:00,23,7.4
1990-07-25 00:00:00,24,7.4
1990-07-25 00:00:00,25,7.4
1990-07-25 00:00:00,26,7.4
1990-07-25 00:00:00,27,7.4
1990-07-25 00:00:00,28,7.4
1990-07-25 00:00:00,29,7.4
1990-07-25 00:00:00,30,7.4
1990-08-07 00:00:00,0,19.4
1990-08-07 00:00:00,1,19.4
1990-08-07 00:00:00,2,19.4
1990-08-07 00:00:00,3,19.4
1990-08-07 00:00:00,4,19.4
1990-08-07 00:00:00,5,19.3
1990-08-07 00:00:00,6,19.2
1990-08-07 00:00:00,7,17.8
1990-08-07 00:00:00,8,17
1990-08-07 00:00:00,9,16.3
1990-08-07 00:00:00,10,14.7
1990-08-07 00:00:00,11,12.3
1990-08-07 00:00:00,12,10.4
1990-08-07 00:00:00,13,9.1
1990-08-07 00:00:00,14,8.6
1990-08-07 00:00:00,15,8.1
1990-08-07 00:00:00,16,7.9
1990-08-07 00:00:00,17,7.8
1990-08-07 00:00:00,18,7.7
1990-08-07 00:00:00,19,7.7
1990-08-07 00:00:00,20,7.7
1990-08-07 00:00:00,21,7.6
1990-08-07 00:00:00,22,7.5
1990-08-07 00:00:00,23,7.4
1990-08-07 00:00:00,24,7.4
1990-08-07 00:00:00,25,7.4
1990-08-07 00:00:00,26,7.4
1990-08-07 00:00:00,27,7.4
1990-08-07 00:00:00,28,7.3
1990-08-07 00:00:00,29,7.3
1990-08-07 00:00:00,30,7.3
1990-08-22 00:00:00,0,18
1990-08-22 00:00:00,1,18
1990-08-22 00:00:00,2,18
1990-08-22 00:00:00,3,18
1990-08-22 00:00:00,3,18
1990-08-22 00:00:00,4,18
1990-08-22 00:00:00,5,18
1990-08-22 00:00:00,6,18
1990-08-22 00:00:00,7,18
1990-08-22 00:00:00,8,18
1990-08-22 00:00:00,9,17.9
1990-08-22 00:00:00,10,17.9
1990-08-22 00:00:00,11,17.7
1990-08-22 00:00:00,12,13.5
1990-08-22 00:00:00,13,12.8
1990-08-22 00:00:00,14,12.9
1990-08-22 00:00:00,15,11.4
1990-08-22 00:00:00,16,11.1
1990-08-22 00:00:00,17,9.6
1990-08-22 00:00:00,18,8.6
1990-08-22 00:00:00,19,8.1
1990-08-22 00:00:00,20,8
1990-08-22 00:00:00,21,7.9
1990-08-22 00:00:00,22,7.8
1990-08-22 00:00:00,23,7.7
1990-08-22 00:00:00,24,7.7
1990-08-22 00:00:00,25,7.7
1990-08-22 00:00:00,26,7.6
1990-08-22 00:00:00,27,7.5
1990-08-22 00:00:00,28,7.5
1990-08-22 00:00:00,29,7.4
1990-08-22 00:00:00,30,7.4
1990-09-05 00:00:00,0,17.6
1990-09-05 00:00:00,1,17.6
1990-09-05 00:00:00,2,17.6
1990-09-05 00:00:00,3,17.5
1990-09-05 00:00:00,4,17.4
1990-09-05 00:00:00,5,17.4
1990-09-05 00:00:00,6,17.3
1990-09-05 00:00:00,7,17.3
1990-09-05 00:00:00,8,17.1
1990-09-05 00:00:00,9,17
1990-09-05 00:00:00,10,15.9
1990-09-05 00:00:00,11,12.9
1990-09-05 00:00:00,12,11
1990-09-05 00:00:00,13,9.7
1990-09-05 00:00:00,14,8.8
1990-09-05 00:00:00,15,8.4
1990-09-05 00:00:00,16,8.1
1990-09-05 00:00:00,17,7.8
1990-09-05 00:00:00,18,7.6
1990-09-05 00:00:00,19,7.6
1990-09-05 00:00:00,20,7.5
1990-09-05 00:00:00,21,7.5
1990-09-05 00:00:00,22,7.4
1990-09-05 00:00:00,23,7.4
1990-09-05 00:00:00,24,7.3
1990-09-05 00:00:00,25,7.3
1990-09-05 00:00:00,26,7.3
1990-09-05 00:00:00,27,7.3
1990-09-05 00:00:00,28,7.3
1990-09-05 00:00:00,29,7.3
1990-09-05 00:00:00,30,7.3
1990-09-19 00:00:00,0,15.2
1990-09-19 00:00:00,1,15.2
1990-09-19 00:00:00,2,15.2
1990-09-19 00:00:00,3,15.2
1990-09-19 00:00:00,4,15.2
1990-09-19 00:00:00,5,15.2
1990-09-19 00:00:00,6,15.1
1990-09-19 00:00:00,7,15.1
1990-09-19 00:00:00,8,15.1
1990-09-19 00:00:00,9,15.1
1990-09-19 00:00:00,10,15.1
1990-09-19 00:00:00,11,15
1990-09-19 00:00:00,12,13.2
1990-09-19 00:00:00,13,9.8
1990-09-19 00:00:00,14,8.9
1990-09-19 00:00:00,15,8.3
1990-09-19 00:00:00,16,8
1990-09-19 00:00:00,17,7.9
1990-09-19 00:00:00,18,7.7
1990-09-19 00:00:00,19,7.6
1990-09-19 00:00:00,20,7.6
1990-09-19 00:00:00,21,7.5
1990-09-19 00:00:00,22,7.5
1990-09-19 00:00:00,23,7.4
1990-09-19 00:00:00,24,7.3
1990-09-19 00:00:00,25,7.3
1990-09-19 00:00:00,26,7.3
1990-09-19 00:00:00,27,7.3
1990-09-19 00:00:00,28,7.3
1990-09-19 00:00:00,29,7.3
1990-09-19 00:00:00,30,7.3
1990-09-19 00:00:00,31,7.3
1990-10-03 00:00:00,0,12.6
1990-10-03 00:00:00,1,12.6
1990-10-03 00:00:00,2,12.6
1990-10-03 00:00:00,3,12.6
1990-10-03 00:00:00,4,12.5
1990-10-03 00:00:00,5,12.5
1990-10-03 00:00:00,6,12.5
1990-10-03 00:00:00,7,12.5
1990-10-03 00:00:00,8,12.5
1990-10-03 00:00:00,9,12.5
1990-10-03 00:00:00,10,12.5
1990-10-03 00:00:00,11,12.5
1990-10-03 00:00:00,12,12.4
1990-10-03 00:00:00,13,12.4
1990-10-03 00:00:00,14,11.9
1990-10-03 00:00:00,15,10.9
1990-10-03 00:00:00,16,9.1
1990-10-03 00:00:00,17,8.2
1990-10-03 00:00:00,18,8.1
1990-10-03 00:00:00,19,7.8
1990-10-03 00:00:00,20,7.8
1990-10-03 00:00:00,21,7.7
1990-10-03 00:00:00,22,7.6
1990-10-03 00:00:00,23,7.5
1990-10-03 00:00:00,24,7.4
1990-10-03 00:00:00,25,7.4
1990-10-03 00:00:00,26,7.4
1990-10-03 00:00:00,27,7.3
1990-10-03 00:00:00,28,7.3
1990-10-03 00:00:00,29,7.3
1990-10-31 00:00:00,0,9.5
1990-10-31 00:00:00,1,9.5
1990-10-31 00:00:00,2,9.5
1990-10-31 00:00:00,3,9.5
1990-10-31 00:00:00,4,9.5
1990-10-31 00:00:00,5,9.5
1990-10-31 00:00:00,6,9.5
1990-10-31 00:00:00,7,9.5
1990-10-31 00:00:00,8,9.5
1990-10-31 00:00:00,9,9.5
1990-10-31 00:00:00,10,9.5
1990-10-31 00:00:00,11,9.5
1990-10-31 00:00:00,12,9.5
1990-10-31 00:00:00,13,9.5
1990-10-31 00:00:00,14,9.5
1990-10-31 00:00:00,15,9.5
1990-10-31 00:00:00,16,9.5
1990-10-31 00:00:00,17,9.5
1990-10-31 00:00:00,18,9.5
1990-10-31 00:00:00,19,9.4
1990-10-31 00:00:00,20,9.3
1990-10-31 00:00:00,21,9
1990-10-31 00:00:00,22,7.9
1990-10-31 00:00:00,23,7.6
1990-10-31 00:00:00,24,7.5
1990-10-31 00:00:00,25,7.4
1990-10-31 00:00:00,26,7.4
1990-10-31 00:00:00,27,7.3
1990-10-31 00:00:00,28,7.3
1990-10-31 00:00:00,29,7.3
1990-10-31 00:00:00,30,7.3
1990-12-11 00:00:00,0,5
1990-12-11 00:00:00,2,5
1990-12-11 00:00:00,3,5
1990-12-11 00:00:00,4,5
1990-12-11 00:00:00,5,5
1990-12-11 00:00:00,6,5
1990-12-11 00:00:00,7,5
1990-12-11 00:00:00,8,5
1990-12-11 00:00:00,9,5
1990-12-11 00:00:00,10,5
1990-12-11 00:00:00,11,5
1990-12-11 00:00:00,12,5
1990-12-11 00:00:00,13,5
1990-12-11 00:00:00,14,5
1990-12-11 00:00:00,15,5
1990-12-11 00:00:00,16,5
1990-12-11 00:00:00,17,5
1990-12-11 00:00:00,18,5
1990-12-11 00:00:00,19,5
1990-12-11 00:00:00,20,5
1990-12-11 00:00:00,21,5
1990-12-11 00:00:00,22,5
1990-12-11 00:00:00,23,5
1990-12-11 00:00:00,24,5
1990-12-11 00:00:00,25,5
1990-12-11 00:00:00,26,5
1990-12-11 00:00:00,27,5
1990-12-11 00:00:00,28,5
1990-12-11 00:00:00,29,5
1991-01-23 00:00:00,0,2.4
1991-01-23 00:00:00,2,2.4
1991-01-23 00:00:00,3,2.4
1991-01-23 00:00:00,4,2.4
1991-01-23 00:00:00,5,2.4
1991-01-23 00:00:00,6,2.4
1991-01-23 00:00:00,8,2.4
1991-01-23 00:00:00,10,2.4
1991-01-23 00:00:00,12,2.4
1991-01-23 00:00:00,14,2.4
1991-01-23 00:00:00,15,2.4
1991-01-23 00:00:00,16,2.4
1991-01-23 00:00:00,18,2.4
1991-01-23 00:00:00,20,2.4
1991-01-23 00:00:00,22,2.4
1991-01-23 00:00:00,24,2.4
1991-01-23 00:00:00,25,2.4
1991-01-23 00:00:00,29,2.5
1991-02-20 00:00:00,0,0.9
1991-03-25 00:00:00,0,3.1
1991-03-25 00:00:00,2,3
1991-03-25 00:00:00,3,3
1991-03-25 00:00:00,5,3
1991-03-25 00:00:00,7,3
1991-03-25 00:00:00,10,3
1991-03-25 00:00:00,12,3
1991-03-25 00:00:00,15,3
1991-03-25 00:00:00,18,3
1991-03-25 00:00:00,20,3
1991-03-25 00:00:00,22,3
1991-03-25 00:00:00,25,3
1991-03-25 00:00:00,27,3
1991-03-25 00:00:00,29,3
1991-03-25 00:00:00,30,3
1991-04-03 00:00:00,0,4.1
1991-04-03 00:00:00,1,4.1
1991-04-03 00:00:00,2,4.1
1991-04-03 00:00:00,3,4.1
1991-04-03 00:00:00,4,4.1
1991-04-03 00:00:00,5,4.1
1991-04-03 00:00:00,7,4.1
1991-04-03 00:00:00,9,4.1
1991-04-03 00:00:00,10,4.1
1991-04-03 00:00:00,11,4.1
1991-04-03 00:00:00,13,4.1
1991-04-03 00:00:00,15,4.1
1991-04-03 00:00:00,17,4.1
1991-04-03 00:00:00,19,4.1
1991-04-03 00:00:00,20,4.1
1991-04-03 00:00:00,21,4.1
1991-04-03 00:00:00,23,4.1
1991-04-03 00:00:00,25,4.1
1991-04-03 00:00:00,27,4.1
1991-04-03 00:00:00,29,4.1
1991-04-03 00:00:00,30,4.1
1991-04-18 00:00:00,0,6.2
1991-04-18 00:00:00,1,6.1
1991-04-18 00:00:00,2,6.1
1991-04-18 00:00:00,3,6
1991-04-18 00:00:00,3,6
1991-04-18 00:00:00,5,6
1991-04-18 00:00:00,7,6
1991-04-18 00:00:00,9,6
1991-04-18 00:00:00,10,5.9
1991-04-18 00:00:00,12,5.9
1991-04-18 00:00:00,14,5.9
1991-04-18 00:00:00,15,5.9
1991-04-18 00:00:00,17,5.9
1991-04-18 00:00:00,20,5.8
1991-04-18 00:00:00,22,5.8
1991-04-18 00:00:00,24,5.8
1991-04-18 00:00:00,25,5.7
1991-04-18 00:00:00,27,5.7
1991-04-18 00:00:00,29,5.7
1991-04-18 00:00:00,30,5.7
1991-04-30 00:00:00,0,6.3
1991-04-30 00:00:00,1,6.3
1991-04-30 00:00:00,2,6.3
1991-04-30 00:00:00,3,6.3
1991-04-30 00:00:00,4,6.3
1991-04-30 00:00:00,5,6.3
1991-04-30 00:00:00,7,6.3
1991-04-30 00:00:00,8,6.3
1991-04-30 00:00:00,10,6.3
1991-04-30 00:00:00,13,6.3
1991-04-30 00:00:00,15,6.3
1991-04-30 00:00:00,17,6.2
1991-04-30 00:00:00,19,6.2
1991-04-30 00:00:00,20,6.1
1991-04-30 00:00:00,22,6.1
1991-04-30 00:00:00,24,6
1991-04-30 00:00:00,25,6
1991-04-30 00:00:00,27,6
1991-04-30 00:00:00,29,5.9
1991-04-30 00:00:00,30,5.9
1991-05-16 00:00:00,0,9.2
1991-05-16 00:00:00,1,9.2
1991-05-16 00:00:00,2,9.1
1991-05-16 00:00:00,3,9
1991-05-16 00:00:00,3,9
1991-05-16 00:00:00,4,8.7
1991-05-16 00:00:00,5,8.5
1991-05-16 00:00:00,6,8.4
1991-05-16 00:00:00,7,8.4
1991-05-16 00:00:00,8,8.3
1991-05-16 00:00:00,9,8
1991-05-16 00:00:00,10,7.9
1991-05-16 00:00:00,11,7.6
1991-05-16 00:00:00,12,7.4
1991-05-16 00:00:00,13,7.2
1991-05-16 00:00:00,14,6.8
1991-05-16 00:00:00,15,6.8
1991-05-16 00:00:00,16,6.8
1991-05-16 00:00:00,17,6.8
1991-05-16 00:00:00,18,6.7
1991-05-16 00:00:00,19,6.7
1991-05-16 00:00:00,20,6.7
1991-05-16 00:00:00,21,6.6
1991-05-16 00:00:00,22,6.6
1991-05-16 00:00:00,23,6.6
1991-05-16 00:00:00,24,6.6
1991-05-16 00:00:00,25,6.6
1991-05-16 00:00:00,26,6.6
1991-05-16 00:00:00,27,6.6
1991-05-16 00:00:00,28,6.6
1991-05-16 00:00:00,29,6.6
1991-05-16 00:00:00,30,6.5
1991-05-29 00:00:00,0,13.4
1991-05-29 00:00:00,1,13
1991-05-29 00:00:00,2,12.9
1991-05-29 00:00:00,3,11.8
1991-05-29 00:00:00,3,11.8
1991-05-29 00:00:00,4,10.7
1991-05-29 00:00:00,5,10.4
1991-05-29 00:00:00,6,10.1
1991-05-29 00:00:00,7,9.8
1991-05-29 00:00:00,8,9.6
1991-05-29 00:00:00,9,9.5
1991-05-29 00:00:00,10,9.2
1991-05-29 00:00:00,11,9
1991-05-29 00:00:00,12,8.8
1991-05-29 00:00:00,13,8.7
1991-05-29 00:00:00,14,8.5
1991-05-29 00:00:00,15,8.3
1991-05-29 00:00:00,16,8.2
1991-05-29 00:00:00,17,8.1
1991-05-29 00:00:00,18,8
1991-05-29 00:00:00,19,7.9
1991-05-29 00:00:00,20,7.8
1991-05-29 00:00:00,21,7.7
1991-05-29 00:00:00,22,7.6
1991-05-29 00:00:00,23,7.6
1991-05-29 00:00:00,24,7.5
1991-05-29 00:00:00,25,7.3
1991-05-29 00:00:00,26,7.3
1991-05-29 00:00:00,27,7.3
1991-05-29 00:00:00,28,7.2
1991-05-29 00:00:00,29,7.2
1991-05-29 00:00:00,30,7.2
1991-06-11 00:00:00,0,13
1991-06-11 00:00:00,1,12.9
1991-06-11 00:00:00,2,12.9
1991-06-11 00:00:00,3,12.9
1991-06-11 00:00:00,5,12.9
1991-06-11 00:00:00,7,12.6
1991-06-11 00:00:00,8,12.1
1991-06-11 00:00:00,9,11.2
1991-06-11 00:00:00,10,10.6
1991-06-11 00:00:00,11,9.2
1991-06-11 00:00:00,12,8.7
1991-06-11 00:00:00,14,8.7
1991-06-11 00:00:00,15,8.2
1991-06-11 00:00:00,17,8.2
1991-06-11 00:00:00,18,7.9
1991-06-11 00:00:00,20,7.5
1991-06-11 00:00:00,22,7.3
1991-06-11 00:00:00,24,7.3
1991-06-11 00:00:00,25,7.3
1991-06-11 00:00:00,26,7.3
1991-06-11 00:00:00,27,7.3
1991-06-11 00:00:00,28,7.3
1991-06-27 00:00:00,0,15.4
1991-06-27 00:00:00,1,15.3
1991-06-27 00:00:00,2,15.1
1991-06-27 00:00:00,3,15
1991-06-27 00:00:00,3,15
1991-06-27 00:00:00,4,15
1991-06-27 00:00:00,5,14.9
1991-06-27 00:00:00,6,14.4
1991-06-27 00:00:00,7,14.3
1991-06-27 00:00:00,8,14
1991-06-27 00:00:00,9,13.3
1991-06-27 00:00:00,10,12.8
1991-06-27 00:00:00,11,11.9
1991-06-27 00:00:00,12,10.7
1991-06-27 00:00:00,13,10.7
1991-06-27 00:00:00,14,8.6
1991-06-27 00:00:00,15,8.5
1991-06-27 00:00:00,16,8.2
1991-06-27 00:00:00,17,8.1
1991-06-27 00:00:00,18,8
1991-06-27 00:00:00,19,7.9
1991-06-27 00:00:00,20,7.8
1991-06-27 00:00:00,21,7.8
1991-06-27 00:00:00,22,7.8
1991-06-27 00:00:00,23,7.7
1991-06-27 00:00:00,24,7.7
1991-06-27 00:00:00,25,7.7
1991-06-27 00:00:00,26,7.6
1991-06-27 00:00:00,27,7.6
1991-06-27 00:00:00,28,7.6
1991-06-27 00:00:00,29,7.6
1991-06-27 00:00:00,30,7.6
1991-07-09 00:00:00,0,22.9
1991-07-09 00:00:00,1,23
1991-07-09 00:00:00,2,22.3
1991-07-09 00:00:00,3,17.6
1991-07-09 00:00:00,3,17.6
1991-07-09 00:00:00,4,16.3
1991-07-09 00:00:00,5,15.7
1991-07-09 00:00:00,6,15.1
1991-07-09 00:00:00,7,14.7
1991-07-09 00:00:00,8,14.4
1991-07-09 00:00:00,9,14
1991-07-09 00:00:00,10,12.9
1991-07-09 00:00:00,11,11.9
1991-07-09 00:00:00,12,10.8
1991-07-09 00:00:00,13,9.4
1991-07-09 00:00:00,14,8.8
1991-07-09 00:00:00,15,8.5
1991-07-09 00:00:00,16,8.3
1991-07-09 00:00:00,17,8.2
1991-07-09 00:00:00,18,8.1
1991-07-09 00:00:00,19,8
1991-07-09 00:00:00,20,7.9
1991-07-09 00:00:00,21,7.8
1991-07-09 00:00:00,22,7.8
1991-07-09 00:00:00,23,7.7
1991-07-09 00:00:00,24,7.7
1991-07-09 00:00:00,25,7.7
1991-07-09 00:00:00,26,7.6
1991-07-09 00:00:00,27,7.6
1991-07-09 00:00:00,28,7.6
1991-07-09 00:00:00,29,7.6
1991-07-09 00:00:00,30,7.6
1991-07-24 00:00:00,0,17.3
1991-07-24 00:00:00,1,17.3
1991-07-24 00:00:00,2,17.3
1991-07-24 00:00:00,3,17.2
1991-07-24 00:00:00,3,17.2
1991-07-24 00:00:00,4,17.1
1991-07-24 00:00:00,5,17.1
1991-07-24 00:00:00,6,17.1
1991-07-24 00:00:00,7,16.9
1991-07-24 00:00:00,8,16.1
1991-07-24 00:00:00,9,14.2
1991-07-24 00:00:00,10,13.1
1991-07-24 00:00:00,11,11.9
1991-07-24 00:00:00,12,10.5
1991-07-24 00:00:00,13,9.7
1991-07-24 00:00:00,14,9
1991-07-24 00:00:00,15,8.5
1991-07-24 00:00:00,16,8.4
1991-07-24 00:00:00,17,8.2
1991-07-24 00:00:00,18,8
1991-07-24 00:00:00,19,7.9
1991-07-24 00:00:00,20,7.9
1991-07-24 00:00:00,21,7.9
1991-07-24 00:00:00,22,7.7
1991-07-24 00:00:00,23,7.7
1991-07-24 00:00:00,24,7.7
1991-07-24 00:00:00,25,7.7
1991-07-24 00:00:00,26,7.6
1991-07-24 00:00:00,27,7.6
1991-07-24 00:00:00,28,7.6
1991-07-24 00:00:00,29,7.6
1991-07-24 00:00:00,30,7.6
1991-08-08 00:00:00,0,20.1
1991-08-08 00:00:00,1,20.8
1991-08-08 00:00:00,2,20.8
1991-08-08 00:00:00,3,20.8
1991-08-08 00:00:00,4,20.8
1991-08-08 00:00:00,5,20.7
1991-08-08 00:00:00,6,18.1
1991-08-08 00:00:00,7,17
1991-08-08 00:00:00,8,16
1991-08-08 00:00:00,9,14.2
1991-08-08 00:00:00,10,12.2
1991-08-08 00:00:00,11,11.7
1991-08-08 00:00:00,12,10.1
1991-08-08 00:00:00,13,9.7
1991-08-08 00:00:00,14,9
1991-08-08 00:00:00,15,8.4
1991-08-08 00:00:00,16,8
1991-08-08 00:00:00,17,7.8
1991-08-08 00:00:00,18,7.7
1991-08-08 00:00:00,19,7.6
1991-08-08 00:00:00,20,7.6
1991-08-08 00:00:00,21,7.5
1991-08-08 00:00:00,22,7.5
1991-08-08 00:00:00,23,7.4
1991-08-08 00:00:00,24,7.4
1991-08-08 00:00:00,25,7.4
1991-08-08 00:00:00,26,7.3
1991-08-08 00:00:00,27,7.3
1991-08-08 00:00:00,28,7.3
1991-08-08 00:00:00,29,7.3
1991-08-08 00:00:00,30,7.3
1991-08-08 00:00:00,31,7.3
1991-08-08 00:00:00,32,7.3
1991-08-20 00:00:00,0,17.3
1991-08-20 00:00:00,1,17.3
1991-08-20 00:00:00,2,17.4
1991-08-20 00:00:00,3,17.3
1991-08-20 00:00:00,3,17.3
1991-08-20 00:00:00,4,17.3
1991-08-20 00:00:00,5,17.3
1991-08-20 00:00:00,6,17.2
1991-08-20 00:00:00,7,17.2
1991-08-20 00:00:00,8,17.2
1991-08-20 00:00:00,9,16.8
1991-08-20 00:00:00,10,14.9
1991-08-20 00:00:00,11,12.7
1991-08-20 00:00:00,12,10.4
1991-08-20 00:00:00,13,9.6
1991-08-20 00:00:00,14,8.8
1991-08-20 00:00:00,15,8.3
1991-08-20 00:00:00,16,7.9
1991-08-20 00:00:00,17,7.8
1991-08-20 00:00:00,18,7.7
1991-08-20 00:00:00,19,7.7
1991-08-20 00:00:00,20,7.6
1991-08-20 00:00:00,21,7.5
1991-08-20 00:00:00,22,7.5
1991-08-20 00:00:00,23,7.4
1991-08-20 00:00:00,24,7.4
1991-08-20 00:00:00,25,7.4
1991-08-20 00:00:00,26,7.4
1991-08-20 00:00:00,27,7.3
1991-08-20 00:00:00,28,7.3
1991-08-20 00:00:00,29,7.3
1991-08-20 00:00:00,30,7.3
1991-09-10 00:00:00,0,16.7
1991-09-10 00:00:00,1,16.7
1991-09-10 00:00:00,2,16.6
1991-09-10 00:00:00,3,16.6
1991-09-10 00:00:00,3,16.6
1991-09-10 00:00:00,4,16.6
1991-09-10 00:00:00,5,16.6
1991-09-10 00:00:00,6,16.6
1991-09-10 00:00:00,7,16.6
1991-09-10 00:00:00,8,16.8
1991-09-10 00:00:00,9,16.5
1991-09-10 00:00:00,10,16.3
1991-09-10 00:00:00,11,15.5
1991-09-10 00:00:00,12,12.2
1991-09-10 00:00:00,13,10.2
1991-09-10 00:00:00,14,9.4
1991-09-10 00:00:00,15,9.1
1991-09-10 00:00:00,16,8.5
1991-09-10 00:00:00,17,8.2
1991-09-10 00:00:00,18,8
1991-09-10 00:00:00,19,7.9
1991-09-10 00:00:00,20,7.9
1991-09-10 00:00:00,21,7.7
1991-09-10 00:00:00,22,7.7
1991-09-10 00:00:00,23,7.7
1991-09-10 00:00:00,24,7.7
1991-09-10 00:00:00,25,7.6
1991-09-10 00:00:00,26,7.6
1991-09-10 00:00:00,27,7.6
1991-09-10 00:00:00,28,7.6
1991-09-10 00:00:00,29,7.6
1991-09-10 00:00:00,30,7.6
1991-09-18 00:00:00,0,15.5
1991-09-18 00:00:00,1,15.5
1991-09-18 00:00:00,2,15.5
1991-09-18 00:00:00,3,15.5
1991-09-18 00:00:00,3,15.5
1991-09-18 00:00:00,4,15.5
1991-09-18 00:00:00,5,15.4
1991-09-18 00:00:00,6,15.4
1991-09-18 00:00:00,7,15.4
1991-09-18 00:00:00,8,15.4
1991-09-18 00:00:00,9,15.4
1991-09-18 00:00:00,10,15.2
1991-09-18 00:00:00,11,15.2
1991-09-18 00:00:00,12,13.8
1991-09-18 00:00:00,13,10.7
1991-09-18 00:00:00,14,9.4
1991-09-18 00:00:00,15,8.8
1991-09-18 00:00:00,16,8.4
1991-09-18 00:00:00,17,8.2
1991-09-18 00:00:00,18,8
1991-09-18 00:00:00,19,7.9
1991-09-18 00:00:00,20,7.8
1991-09-18 00:00:00,21,7.8
1991-09-18 00:00:00,22,7.7
1991-09-18 00:00:00,23,7.7
1991-09-18 00:00:00,24,7.6
1991-09-18 00:00:00,25,7.6
1991-09-18 00:00:00,26,7.6
1991-09-18 00:00:00,27,7.6
1991-09-18 00:00:00,28,7.6
1991-09-18 00:00:00,29,7.6
1991-09-18 00:00:00,30,7.9
1991-09-18 00:00:00,31,8.1
1991-10-03 00:00:00,0,12.8
1991-10-03 00:00:00,1,12.8
1991-10-03 00:00:00,2,12.8
1991-10-03 00:00:00,3,12.8
1991-10-03 00:00:00,3,12.8
1991-10-03 00:00:00,4,12.8
1991-10-03 00:00:00,5,12.8
1991-10-03 00:00:00,6,12.8
1991-10-03 00:00:00,7,12.8
1991-10-03 00:00:00,8,12.8
1991-10-03 00:00:00,10,12.8
1991-10-03 00:00:00,11,12.7
1991-10-03 00:00:00,12,12.7
1991-10-03 00:00:00,13,12.6
1991-10-03 00:00:00,14,11.9
1991-10-03 00:00:00,15,8.9
1991-10-03 00:00:00,16,8.4
1991-10-03 00:00:00,17,8.2
1991-10-03 00:00:00,18,7.8
1991-10-03 00:00:00,19,7.7
1991-10-03 00:00:00,20,7.7
1991-10-03 00:00:00,21,7.7
1991-10-03 00:00:00,22,7.6
1991-10-03 00:00:00,23,7.6
1991-10-03 00:00:00,24,7.5
1991-10-03 00:00:00,25,7.4
1991-10-03 00:00:00,26,7.3
1991-10-03 00:00:00,27,7.3
1991-10-03 00:00:00,28,7.3
1991-10-03 00:00:00,29,7.3
1991-10-03 00:00:00,30,7.3
1991-11-04 00:00:00,0,8.4
1991-11-04 00:00:00,2,8.4
1991-11-04 00:00:00,3,8.4
1991-11-04 00:00:00,4,8.4
1991-11-04 00:00:00,5,8.4
1991-11-04 00:00:00,7,8.4
1991-11-04 00:00:00,9,8.4
1991-11-04 00:00:00,10,8.4
1991-11-04 00:00:00,12,8.4
1991-11-04 00:00:00,14,8.4
1991-11-04 00:00:00,15,8.4
1991-11-04 00:00:00,16,8.4
1991-11-04 00:00:00,18,8.4
1991-11-04 00:00:00,20,8.4
1991-11-04 00:00:00,22,8.4
1991-11-04 00:00:00,23,8
1991-11-04 00:00:00,24,7.9
1991-11-04 00:00:00,25,7.9
1991-11-04 00:00:00,26,7.8
1991-11-04 00:00:00,27,7.7
1991-11-04 00:00:00,28,7.7
1991-11-04 00:00:00,29,7.6
1991-11-04 00:00:00,30,7.4
1991-11-26 00:00:00,0,6.2
1991-11-26 00:00:00,2,6.2
1991-11-26 00:00:00,3,6.2
1991-11-26 00:00:00,4,6.2
1991-11-26 00:00:00,5,6.2
1991-11-26 00:00:00,6,6.2
1991-11-26 00:00:00,8,6.2
1991-11-26 00:00:00,10,6.2
1991-11-26 00:00:00,12,6.2
1991-11-26 00:00:00,14,6.2
1991-11-26 00:00:00,15,6.2
1991-11-26 00:00:00,16,6.2
1991-11-26 00:00:00,18,6.2
1991-11-26 00:00:00,20,6.2
1991-11-26 00:00:00,22,6.2
1991-11-26 00:00:00,24,6.2
1991-11-26 00:00:00,25,6.2
1991-11-26 00:00:00,26,6.2
1991-11-26 00:00:00,28,6.2
1991-11-26 00:00:00,30,6.2
1992-01-09 00:00:00,0,4.5
1992-01-09 00:00:00,1,4.4
1992-01-09 00:00:00,2,4.3
1992-01-09 00:00:00,3,4.3
1992-01-09 00:00:00,3,4.2
1992-01-09 00:00:00,5,4.2
1992-01-09 00:00:00,7,4.2
1992-01-09 00:00:00,9,4.2
1992-01-09 00:00:00,10,4.2
1992-01-09 00:00:00,13,4.2
1992-01-09 00:00:00,15,4.2
1992-01-09 00:00:00,16,4.2
1992-01-09 00:00:00,17,4.2
1992-01-09 00:00:00,19,4.2
1992-01-09 00:00:00,20,4.2
1992-01-09 00:00:00,22,4.2
1992-01-09 00:00:00,25,4.2
1992-01-09 00:00:00,27,4.2
1992-01-09 00:00:00,28,4.2
1992-01-09 00:00:00,30,4.2
1992-02-06 00:00:00,0,3.2
1992-02-06 00:00:00,1,3.2
1992-02-06 00:00:00,2,3.1
1992-02-06 00:00:00,3,3.1
1992-02-06 00:00:00,3,3.1
1992-02-06 00:00:00,4,3.1
1992-02-06 00:00:00,5,3.1
1992-02-06 00:00:00,7,3.1
1992-02-06 00:00:00,9,3.1
1992-02-06 00:00:00,10,3.1
1992-02-06 00:00:00,12,3.1
1992-02-06 00:00:00,14,3.1
1992-02-06 00:00:00,15,3.1
1992-02-06 00:00:00,17,3.1
1992-02-06 00:00:00,19,3.1
1992-02-06 00:00:00,20,3.1
1992-02-06 00:00:00,22,3.1
1992-02-06 00:00:00,24,3.1
1992-02-06 00:00:00,25,3.1
1992-02-06 00:00:00,27,3.1
1992-02-06 00:00:00,29,3.2
1992-02-06 00:00:00,30,3.2
1992-03-04 00:00:00,0,3.9
1992-03-04 00:00:00,1,3.9
1992-03-04 00:00:00,2,3.8
1992-03-04 00:00:00,3,3.8
1992-03-04 00:00:00,3,3.8
1992-03-04 00:00:00,5,3.8
1992-03-04 00:00:00,7,3.8
1992-03-04 00:00:00,8,3.8
1992-03-04 00:00:00,10,3.8
1992-03-04 00:00:00,12,3.8
1992-03-04 00:00:00,13,3.8
1992-03-04 00:00:00,15,3.8
1992-03-04 00:00:00,17,3.8
1992-03-04 00:00:00,18,3.8
1992-03-04 00:00:00,20,3.8
1992-03-04 00:00:00,23,3.8
1992-03-04 00:00:00,25,3.8
1992-03-04 00:00:00,27,3.8
1992-03-04 00:00:00,29,3.8
1992-03-04 00:00:00,30,3.8
1992-03-31 00:00:00,0,4.2
1992-03-31 00:00:00,3,4.2
1992-04-14 00:00:00,0,5.5
1992-04-14 00:00:00,1,5.4
1992-04-14 00:00:00,2,5.4
1992-04-14 00:00:00,3,5.4
1992-04-14 00:00:00,3,5.4
1992-04-14 00:00:00,4,5.4
1992-04-14 00:00:00,5,5.4
1992-04-14 00:00:00,7,5.4
1992-04-14 00:00:00,8,5.4
1992-04-14 00:00:00,10,5.4
1992-04-14 00:00:00,12,5.4
1992-04-14 00:00:00,14,5.4
1992-04-14 00:00:00,15,5.1
1992-04-14 00:00:00,16,5.1
1992-04-14 00:00:00,18,5.1
1992-04-14 00:00:00,20,5.1
1992-04-14 00:00:00,22,4.9
1992-04-14 00:00:00,25,4.8
1992-04-14 00:00:00,26,4.8
1992-04-14 00:00:00,27,4.8
1992-04-14 00:00:00,28,4.8
1992-04-14 00:00:00,28.5,4.8
1992-04-14 00:00:00,29,4.8
1992-04-29 00:00:00,0,6.3
1992-04-29 00:00:00,2,6.3
1992-04-29 00:00:00,3,6
1992-04-29 00:00:00,4,6.3
1992-04-29 00:00:00,5,6.2
1992-04-29 00:00:00,6,6.2
1992-04-29 00:00:00,8,6.2
1992-04-29 00:00:00,10,6.2
1992-04-29 00:00:00,12,6.2
1992-04-29 00:00:00,14,6.2
1992-04-29 00:00:00,15,6.2
1992-04-29 00:00:00,17,6.2
1992-04-29 00:00:00,19,6.2
1992-04-29 00:00:00,20,6
1992-04-29 00:00:00,22,6
1992-04-29 00:00:00,24,6
1992-04-29 00:00:00,25,5.8
1992-04-29 00:00:00,27,5.8
1992-04-29 00:00:00,29,5.8
1992-04-29 00:00:00,30,6.4
1992-05-12 00:00:00,0,8.5
1992-05-12 00:00:00,1,8
1992-05-12 00:00:00,3,8
1992-05-12 00:00:00,3,8
1992-05-12 00:00:00,5,8
1992-05-12 00:00:00,6,8
1992-05-12 00:00:00,8,8
1992-05-12 00:00:00,10,8
1992-05-12 00:00:00,12,8
1992-05-12 00:00:00,15,8
1992-05-12 00:00:00,17,8
1992-05-12 00:00:00,19,8
1992-05-12 00:00:00,20,8
1992-05-12 00:00:00,22,8
1992-05-12 00:00:00,24,8
1992-05-12 00:00:00,25,8
1992-05-12 00:00:00,27,8
1992-05-12 00:00:00,30,8
1992-05-25 00:00:00,0,17.7
1992-05-25 00:00:00,1,17.7
1992-05-25 00:00:00,2,17.5
1992-05-25 00:00:00,3,15.5
1992-05-25 00:00:00,3,17.7
1992-05-25 00:00:00,4,11.4
1992-05-25 00:00:00,5,10.7
1992-05-25 00:00:00,6,10.2
1992-05-25 00:00:00,7,9.6
1992-05-25 00:00:00,8,9
1992-05-25 00:00:00,9,8.8
1992-05-25 00:00:00,10,8.5
1992-05-25 00:00:00,11,8.3
1992-05-25 00:00:00,12,8.1
1992-05-25 00:00:00,13,8
1992-05-25 00:00:00,14,7.9
1992-05-25 00:00:00,15,7.7
1992-05-25 00:00:00,16,7.7
1992-05-25 00:00:00,17,7.6
1992-05-25 00:00:00,18,7.5
1992-05-25 00:00:00,19,7.5
1992-05-25 00:00:00,20,7.5
1992-05-25 00:00:00,21,7.5
1992-05-25 00:00:00,22,7.4
1992-05-25 00:00:00,23,7.4
1992-05-25 00:00:00,24,7.3
1992-05-25 00:00:00,25,7.3
1992-05-25 00:00:00,26,7.3
1992-05-25 00:00:00,27,7.3
1992-05-25 00:00:00,28,7.3
1992-06-11 00:00:00,0,20.5
1992-06-11 00:00:00,1,20.4
1992-06-11 00:00:00,2,20.3
1992-06-11 00:00:00,3,20.1
1992-06-11 00:00:00,3,20.3
1992-06-11 00:00:00,4,20.1
1992-06-11 00:00:00,5,20
1992-06-11 00:00:00,6,17
1992-06-11 00:00:00,7,14.2
1992-06-11 00:00:00,8,12.8
1992-06-11 00:00:00,9,11.5
1992-06-11 00:00:00,10,10.7
1992-06-11 00:00:00,11,9.7
1992-06-11 00:00:00,12,9.4
1992-06-11 00:00:00,13,9
1992-06-11 00:00:00,14,8.8
1992-06-11 00:00:00,15,8.7
1992-06-11 00:00:00,16,8.5
1992-06-11 00:00:00,17,8.4
1992-06-11 00:00:00,18,8.2
1992-06-11 00:00:00,19,8.2
1992-06-11 00:00:00,20,8.1
1992-06-11 00:00:00,21,8.1
1992-06-11 00:00:00,22,8
1992-06-11 00:00:00,23,8
1992-06-11 00:00:00,24,8
1992-06-11 00:00:00,25,8
1992-06-11 00:00:00,26,7.8
1992-06-11 00:00:00,27,7.8
1992-06-11 00:00:00,28,7.8
1992-06-11 00:00:00,29,7.8
1992-06-11 00:00:00,30,7.8
1992-06-23 00:00:00,0,19.1
1992-06-23 00:00:00,1,18.7
1992-06-23 00:00:00,2,18.5
1992-06-23 00:00:00,3,18.3
1992-06-23 00:00:00,3,18.3
1992-06-23 00:00:00,4,18.2
1992-06-23 00:00:00,5,18
1992-06-23 00:00:00,6,17.6
1992-06-23 00:00:00,7,15.4
1992-06-23 00:00:00,8,12.7
1992-06-23 00:00:00,9,11.5
1992-06-23 00:00:00,10,10.5
1992-06-23 00:00:00,11,9.7
1992-06-23 00:00:00,12,8.9
1992-06-23 00:00:00,13,8.8
1992-06-23 00:00:00,14,8.7
1992-06-23 00:00:00,15,8.5
1992-06-23 00:00:00,16,8.4
1992-06-23 00:00:00,17,8.3
1992-06-23 00:00:00,18,8.1
1992-06-23 00:00:00,19,8.1
1992-06-23 00:00:00,20,7.9
1992-06-23 00:00:00,21,7.9
1992-06-23 00:00:00,22,7.8
1992-06-23 00:00:00,23,7.8
1992-06-23 00:00:00,24,7.7
1992-06-23 00:00:00,25,7.7
1992-06-23 00:00:00,26,7.7
1992-06-23 00:00:00,27,7.7
1992-06-23 00:00:00,28,7.7
1992-06-23 00:00:00,29,7.6
1992-06-23 00:00:00,30,7.6
1992-07-14 00:00:00,10,10.8
1992-07-15 00:00:00,0,18.5
1992-07-15 00:00:00,1,18.7
1992-07-15 00:00:00,2,18.9
1992-07-15 00:00:00,3,19
1992-07-15 00:00:00,3,19
1992-07-15 00:00:00,4,19
1992-07-15 00:00:00,5,19.1
1992-07-15 00:00:00,6,19.1
1992-07-15 00:00:00,7,19.1
1992-07-15 00:00:00,8,14
1992-07-15 00:00:00,9,12
1992-07-15 00:00:00,10,10.8
1992-07-15 00:00:00,11,9.9
1992-07-15 00:00:00,12,9.2
1992-07-15 00:00:00,13,8.7
1992-07-15 00:00:00,14,8.5
1992-07-15 00:00:00,15,8.4
1992-07-15 00:00:00,16,8.2
1992-07-15 00:00:00,17,8.1
1992-07-15 00:00:00,18,8
1992-07-15 00:00:00,19,7.9
1992-07-15 00:00:00,20,7.8
1992-07-15 00:00:00,21,7.8
1992-07-15 00:00:00,22,8.8
1992-07-15 00:00:00,23,8
1992-07-15 00:00:00,24,7.9
1992-07-15 00:00:00,25,7.8
1992-07-15 00:00:00,26,7.8
1992-07-15 00:00:00,27,7.7
1992-07-15 00:00:00,30,7.7
1992-07-29 00:00:00,0,19.1
1992-07-29 00:00:00,1,19
1992-07-29 00:00:00,2,18.8
1992-07-29 00:00:00,3,18.8
1992-07-29 00:00:00,3,18.8
1992-07-29 00:00:00,4,18.7
1992-07-29 00:00:00,5,18.7
1992-07-29 00:00:00,6,18.6
1992-07-29 00:00:00,7,18.6
1992-07-29 00:00:00,8,18.6
1992-07-29 00:00:00,9,15.9
1992-07-29 00:00:00,10,13
1992-07-29 00:00:00,11,11.2
1992-07-29 00:00:00,12,10
1992-07-29 00:00:00,13,9.6
1992-07-29 00:00:00,14,9.2
1992-07-29 00:00:00,15,9.1
1992-07-29 00:00:00,16,8.8
1992-07-29 00:00:00,17,8.5
1992-07-29 00:00:00,18,8.4
1992-07-29 00:00:00,19,8.2
1992-07-29 00:00:00,20,8.2
1992-07-29 00:00:00,21,8
1992-07-29 00:00:00,22,7.8
1992-07-29 00:00:00,23,7.8
1992-07-29 00:00:00,24,7.7
1992-07-29 00:00:00,25,7.7
1992-07-29 00:00:00,26,7.7
1992-07-29 00:00:00,27,7.7
1992-07-29 00:00:00,28,7.7
1992-07-29 00:00:00,29,7.6
1992-07-29 00:00:00,30,7.6
1992-08-12 00:00:00,0,19
1992-08-12 00:00:00,1,18.8
1992-08-12 00:00:00,2,18.8
1992-08-12 00:00:00,3,18.6
1992-08-12 00:00:00,3,18.6
1992-08-12 00:00:00,4,18.7
1992-08-12 00:00:00,5,18.7
1992-08-12 00:00:00,6,18.6
1992-08-12 00:00:00,7,18.4
1992-08-12 00:00:00,8,18
1992-08-12 00:00:00,9,17.8
1992-08-12 00:00:00,10,16.7
1992-08-12 00:00:00,11,12.6
1992-08-12 00:00:00,12,11.3
1992-08-12 00:00:00,13,10.7
1992-08-12 00:00:00,14,10.2
1992-08-12 00:00:00,15,10.1
1992-08-12 00:00:00,16,9.4
1992-08-12 00:00:00,17,9.1
1992-08-12 00:00:00,18,8.8
1992-08-12 00:00:00,19,8.4
1992-08-12 00:00:00,20,8.2
1992-08-12 00:00:00,21,8.3
1992-08-12 00:00:00,22,8.1
1992-08-12 00:00:00,23,8.1
1992-08-12 00:00:00,24,7.8
1992-08-12 00:00:00,25,7.9
1992-08-12 00:00:00,26,7.8
1992-08-12 00:00:00,27,7.8
1992-08-12 00:00:00,28,7.7
1992-08-25 00:00:00,0,15.9
1992-08-25 00:00:00,1,16.2
1992-08-25 00:00:00,2,16.4
1992-08-25 00:00:00,3,16.5
1992-08-25 00:00:00,3,16.5
1992-08-25 00:00:00,4,16.6
1992-08-25 00:00:00,5,16.7
1992-08-25 00:00:00,6,16.7
1992-08-25 00:00:00,7,16.8
1992-08-25 00:00:00,8,16.8
1992-08-25 00:00:00,9,16.8
1992-08-25 00:00:00,10,16.3
1992-08-25 00:00:00,11,13.7
1992-08-25 00:00:00,12,11.7
1992-08-25 00:00:00,13,10.5
1992-08-25 00:00:00,14,9.7
1992-08-25 00:00:00,15,9.3
1992-08-25 00:00:00,16,9.3
1992-08-25 00:00:00,17,8.8
1992-08-25 00:00:00,18,8.4
1992-08-25 00:00:00,19,8.2
1992-08-25 00:00:00,20,8
1992-08-25 00:00:00,21,8
1992-08-25 00:00:00,22,7.9
1992-08-25 00:00:00,23,7.8
1992-08-25 00:00:00,24,7.8
1992-08-25 00:00:00,25,7.7
1992-08-25 00:00:00,26,7.7
1992-08-25 00:00:00,27,7.7
1992-08-25 00:00:00,28,7.6
1992-09-08 00:00:00,0,15.6
1992-09-08 00:00:00,1,15.4
1992-09-08 00:00:00,2,15.5
1992-09-08 00:00:00,3,15.5
1992-09-08 00:00:00,3,15.5
1992-09-08 00:00:00,5,15.5
1992-09-08 00:00:00,7,15.5
1992-09-08 00:00:00,9,15.5
1992-09-08 00:00:00,10,15.5
1992-09-08 00:00:00,11,14.7
1992-09-08 00:00:00,12,11.7
1992-09-08 00:00:00,13,10.5
1992-09-08 00:00:00,15,9.6
1992-09-08 00:00:00,17,9
1992-09-08 00:00:00,19,9
1992-09-08 00:00:00,20,8.6
1992-09-08 00:00:00,22,8.3
1992-09-08 00:00:00,24,8.3
1992-09-08 00:00:00,25,8.1
1992-09-08 00:00:00,27,7.9
1992-09-08 00:00:00,29,7.9
1992-09-08 00:00:00,30,7.7
1992-09-22 00:00:00,0.25,14.8
1992-09-22 00:00:00,1,14.6
1992-09-22 00:00:00,2,14.6
1992-09-22 00:00:00,3,14.6
1992-09-22 00:00:00,3,14.6
1992-09-22 00:00:00,5,14.6
1992-09-22 00:00:00,7,14.5
1992-09-22 00:00:00,9,14.3
1992-09-22 00:00:00,10,14.3
1992-09-22 00:00:00,11,13.4
1992-09-22 00:00:00,12,12.9
1992-09-22 00:00:00,13,11.7
1992-09-22 00:00:00,14,10.3
1992-09-22 00:00:00,15,9.5
1992-09-22 00:00:00,17,8.6
1992-09-22 00:00:00,19,8.6
1992-09-22 00:00:00,20,9
1992-09-22 00:00:00,22,9
1992-09-22 00:00:00,24,9
1992-09-22 00:00:00,25,8.1
1992-09-22 00:00:00,27,8.1
1992-09-22 00:00:00,29,8.1
1992-09-22 00:00:00,30,7.9
1992-10-07 00:00:00,0,12.6
1992-10-07 00:00:00,1,12.6
1992-10-07 00:00:00,2,12.6
1992-10-07 00:00:00,3,12.6
1992-10-07 00:00:00,3,12.6
1992-10-07 00:00:00,4,12.6
1992-10-07 00:00:00,5,12.5
1992-10-07 00:00:00,6,12.5
1992-10-07 00:00:00,7,12.6
1992-10-07 00:00:00,8,12.5
1992-10-07 00:00:00,9,12.5
1992-10-07 00:00:00,10,12.5
1992-10-07 00:00:00,11,12.5
1992-10-07 00:00:00,12,12.5
1992-10-07 00:00:00,13,12.3
1992-10-07 00:00:00,14,11.3
1992-10-07 00:00:00,15,8.5
1992-10-07 00:00:00,16,8.1
1992-10-07 00:00:00,17,7.9
1992-10-07 00:00:00,18,7.9
1992-10-07 00:00:00,19,7.7
1992-10-07 00:00:00,20,7.7
1992-10-07 00:00:00,22,7.7
1992-10-07 00:00:00,24,7.7
1992-10-07 00:00:00,25,7.7
1992-10-07 00:00:00,27,7.7
1992-10-07 00:00:00,29,7.7
1992-10-07 00:00:00,30,7.7
1992-11-11 00:00:00,0,8
1992-11-11 00:00:00,2,8
1992-11-11 00:00:00,3,8
1992-11-11 00:00:00,4,8
1992-11-11 00:00:00,5,8
1992-11-11 00:00:00,7,8
1992-11-11 00:00:00,9,8
1992-11-11 00:00:00,10,8
1992-11-11 00:00:00,12,8
1992-11-11 00:00:00,14,8
1992-11-11 00:00:00,15,8
1992-11-11 00:00:00,17,8
1992-11-11 00:00:00,19,8
1992-11-11 00:00:00,20,8
1992-11-11 00:00:00,22,8
1992-11-11 00:00:00,25,8
1992-11-11 00:00:00,27,8
1992-11-11 00:00:00,27.5,8
1992-11-11 00:00:00,29,8
1992-11-11 00:00:00,30,8
1992-11-18 00:00:00,0,6.7
1992-11-18 00:00:00,2,6.8
1992-11-18 00:00:00,4,6.8
1992-11-18 00:00:00,5,6.8
1992-11-18 00:00:00,6,6.8
1992-11-18 00:00:00,8,6.8
1992-11-18 00:00:00,10,6.8
1992-11-18 00:00:00,12,6.8
1992-11-18 00:00:00,14,6.8
1992-11-18 00:00:00,15,6.8
1992-11-18 00:00:00,16,6.8
1992-11-18 00:00:00,18,6.8
1992-11-18 00:00:00,20,6.8
1992-11-18 00:00:00,22,6.8
1992-11-18 00:00:00,24,6.8
1992-11-18 00:00:00,25,6.8
1992-11-18 00:00:00,26,6.8
1992-11-18 00:00:00,28,6.8
1992-12-07 00:00:00,0,5.2
1992-12-07 00:00:00,3,5.3
1992-12-07 00:00:00,3,5.3
1992-12-07 00:00:00,5,5.3
1992-12-07 00:00:00,7,5.3
1992-12-07 00:00:00,9,5.3
1992-12-07 00:00:00,10,5.3
1992-12-07 00:00:00,12,5.3
1992-12-07 00:00:00,14,5.3
1992-12-07 00:00:00,15,5.3
1992-12-07 00:00:00,17,5.3
1992-12-07 00:00:00,19,5.3
1992-12-07 00:00:00,20,5.3
1992-12-07 00:00:00,22,5.3
1992-12-07 00:00:00,24,5.3
1992-12-07 00:00:00,25,5.3
1992-12-07 00:00:00,27,5.3
1992-12-07 00:00:00,29,5.3
1992-12-07 00:00:00,30,5.3
1993-01-19 00:00:00,3,2.5
1993-01-19 00:00:00,30,2.5
1993-02-01 00:00:00,0,2.7
1993-04-01 00:00:00,0,4.3
1993-04-01 00:00:00,1,4.3
1993-04-01 00:00:00,2,4.2
1993-04-01 00:00:00,3,4.2
1993-04-01 00:00:00,4,4.2
1993-04-01 00:00:00,6,4.2
1993-04-01 00:00:00,8,4.2
1993-04-01 00:00:00,9,4.1
1993-04-01 00:00:00,10,4.1
1993-04-01 00:00:00,11,4.1
1993-04-01 00:00:00,12,4.1
1993-04-01 00:00:00,14,4.1
1993-04-01 00:00:00,15,4.1
1993-04-01 00:00:00,16,4.1
1993-04-01 00:00:00,18,4.1
1993-04-01 00:00:00,20,4.1
1993-04-01 00:00:00,22,4.1
1993-04-01 00:00:00,25,4.1
1993-04-01 00:00:00,30,4.1
1993-04-20 00:00:00,0.5,5.6
1993-04-20 00:00:00,1,5.6
1993-04-20 00:00:00,3,5.6
1993-04-20 00:00:00,3,5.6
1993-04-20 00:00:00,5,5.6
1993-04-20 00:00:00,7,5.6
1993-04-20 00:00:00,9,5.6
1993-04-20 00:00:00,11,5.6
1993-04-20 00:00:00,13,5.7
1993-04-20 00:00:00,15,5.7
1993-04-20 00:00:00,17,5.7
1993-04-20 00:00:00,19,5.7
1993-04-20 00:00:00,21,5.7
1993-04-20 00:00:00,23,5.7
1993-04-20 00:00:00,25,5.7
1993-04-20 00:00:00,27,5.7
1993-04-20 00:00:00,29,5.7
1993-04-20 00:00:00,30,5.7
1993-05-04 00:00:00,0.5,9.6
1993-05-04 00:00:00,1,9.6
1993-05-04 00:00:00,2,9.7
1993-05-04 00:00:00,3,9.8
1993-05-04 00:00:00,4,9.8
1993-05-04 00:00:00,6,9.7
1993-05-04 00:00:00,8,9.7
1993-05-04 00:00:00,10,9.3
1993-05-04 00:00:00,12,7.8
1993-05-04 00:00:00,14,7.5
1993-05-04 00:00:00,15,7.5
1993-05-04 00:00:00,16,7.2
1993-05-04 00:00:00,18,6.7
1993-05-04 00:00:00,20,6.5
1993-05-04 00:00:00,22,6.3
1993-05-04 00:00:00,24,6.2
1993-05-04 00:00:00,25,6.2
1993-05-04 00:00:00,26,6.1
1993-05-04 00:00:00,28,5.9
1993-05-04 00:00:00,30,5.9
1993-05-17 00:00:00,0,15.4
1993-05-17 00:00:00,1,15.2
1993-05-17 00:00:00,2,14.9
1993-05-17 00:00:00,3,14.7
1993-05-17 00:00:00,4,14.6
1993-05-17 00:00:00,5,14.4
1993-05-17 00:00:00,6,13.2
1993-05-17 00:00:00,7,11.1
1993-05-17 00:00:00,8,10.4
1993-05-17 00:00:00,9,9.5
1993-05-17 00:00:00,10,8.9
1993-05-17 00:00:00,11,8.3
1993-05-17 00:00:00,12,7.8
1993-05-17 00:00:00,13,7.6
1993-05-17 00:00:00,14,7.4
1993-05-17 00:00:00,15,7.2
1993-05-17 00:00:00,16,7.1
1993-05-17 00:00:00,17,6.7
1993-05-17 00:00:00,18,6.4
1993-05-17 00:00:00,19,6.3
1993-05-17 00:00:00,20,6.2
1993-05-17 00:00:00,21,6.2
1993-05-17 00:00:00,22,6.2
1993-05-17 00:00:00,25,6.1
1993-06-01 00:00:00,3,13.9
1993-06-01 00:00:00,10,10
1993-06-01 00:00:00,15,7.4
1993-06-01 00:00:00,20,6.2
1993-06-01 00:00:00,25,5.8
1993-06-01 00:00:00,30,5.7
1993-06-16 00:00:00,0,15.7
1993-06-16 00:00:00,1,15.7
1993-06-16 00:00:00,2,15.8
1993-06-16 00:00:00,3,15.8
1993-06-16 00:00:00,4,15.8
1993-06-16 00:00:00,5,15.8
1993-06-16 00:00:00,6,15.8
1993-06-16 00:00:00,7,15.5
1993-06-16 00:00:00,8,14.4
1993-06-16 00:00:00,8.5,13.9
1993-06-16 00:00:00,9,13.5
1993-06-16 00:00:00,10,11.8
1993-06-16 00:00:00,11,10.3
1993-06-16 00:00:00,12,9.4
1993-06-16 00:00:00,13,7.1
1993-06-16 00:00:00,14,7
1993-06-16 00:00:00,15,7
1993-06-16 00:00:00,16,6.7
1993-06-16 00:00:00,17,6.6
1993-06-16 00:00:00,18,6.4
1993-06-16 00:00:00,19,6.3
1993-06-16 00:00:00,20,6.2
1993-06-16 00:00:00,21,6.1
1993-06-16 00:00:00,22,6
1993-06-16 00:00:00,23,6
1993-06-16 00:00:00,24,5.8
1993-06-16 00:00:00,25,5.8
1993-06-16 00:00:00,26,5.8
1993-06-16 00:00:00,27,5.8
1993-06-16 00:00:00,28,5.7
1993-06-16 00:00:00,29,5.7
1993-06-16 00:00:00,29.5,5.7
1993-06-29 00:00:00,0,13.1
1993-06-29 00:00:00,1,13.5
1993-06-29 00:00:00,2,13.7
1993-06-29 00:00:00,3,13.9
1993-06-29 00:00:00,4,13.9
1993-06-29 00:00:00,5,13.9
1993-06-29 00:00:00,6,13.9
1993-06-29 00:00:00,7,13.9
1993-06-29 00:00:00,8,13.2
1993-06-29 00:00:00,9,13.5
1993-06-29 00:00:00,10,13.2
1993-06-29 00:00:00,10.5,12.9
1993-06-29 00:00:00,11,12.4
1993-06-29 00:00:00,11.5,9.4
1993-06-29 00:00:00,12,7.6
1993-06-29 00:00:00,12.5,7
1993-06-29 00:00:00,13,6.5
1993-06-29 00:00:00,15,6.1
1993-06-29 00:00:00,20,5.8
1993-06-29 00:00:00,25,5.3
1993-06-29 00:00:00,29,5
1993-07-14 00:00:00,0,14.2
1993-07-14 00:00:00,1,14.2
1993-07-14 00:00:00,2,14.2
1993-07-14 00:00:00,3,14.3
1993-07-14 00:00:00,4,14.3
1993-07-14 00:00:00,5,14.3
1993-07-14 00:00:00,6,14.2
1993-07-14 00:00:00,7,14.2
1993-07-14 00:00:00,8,14.2
1993-07-14 00:00:00,9,14.2
1993-07-14 00:00:00,10,14.2
1993-07-14 00:00:00,11,14.1
1993-07-14 00:00:00,12,13.3
1993-07-14 00:00:00,12.5,11.9
1993-07-14 00:00:00,13,10.9
1993-07-14 00:00:00,14,8.6
1993-07-14 00:00:00,15,7.7
1993-07-14 00:00:00,16,7.6
1993-07-14 00:00:00,17,7.3
1993-07-14 00:00:00,18,7.1
1993-07-14 00:00:00,19,6.8
1993-07-14 00:00:00,20,6.7
1993-07-14 00:00:00,21,6.6
1993-07-14 00:00:00,22,6.5
1993-07-14 00:00:00,23,6.2
1993-07-14 00:00:00,24,6.2
1993-07-14 00:00:00,25,6.1
1993-07-14 00:00:00,26,6.1
1993-07-14 00:00:00,27,6
1993-07-14 00:00:00,28,6
1993-07-14 00:00:00,29,6
1993-07-27 00:00:00,0,16.3
1993-07-27 00:00:00,1,16.2
1993-07-27 00:00:00,2,15.9
1993-07-27 00:00:00,3,15.9
1993-07-27 00:00:00,4,15.9
1993-07-27 00:00:00,5,15.9
1993-07-27 00:00:00,6,15.5
1993-07-27 00:00:00,7,15.9
1993-07-27 00:00:00,8,15.9
1993-07-27 00:00:00,9,15.9
1993-07-27 00:00:00,10,15.8
1993-07-27 00:00:00,11,15.7
1993-07-27 00:00:00,12,15.4
1993-07-27 00:00:00,13,14.4
1993-07-27 00:00:00,14,8.5
1993-07-27 00:00:00,15,8.2
1993-07-27 00:00:00,16,7.6
1993-07-27 00:00:00,17,7.2
1993-07-27 00:00:00,18,7
1993-07-27 00:00:00,19,6.9
1993-07-27 00:00:00,20,6.7
1993-07-27 00:00:00,21,6.6
1993-07-27 00:00:00,22,6.5
1993-07-27 00:00:00,23,6.5
1993-07-27 00:00:00,24,6.4
1993-07-27 00:00:00,25,6.4
1993-07-27 00:00:00,26,6.3
1993-07-27 00:00:00,27,6.3
1993-07-27 00:00:00,28,6.3
1993-07-27 00:00:00,29,6.2
1993-07-27 00:00:00,30,6.2
1993-08-10 00:00:00,1,15.2
1993-08-10 00:00:00,2,15.5
1993-08-10 00:00:00,3,15.5
1993-08-10 00:00:00,4,15.5
1993-08-10 00:00:00,6,15.7
1993-08-10 00:00:00,7,15.6
1993-08-10 00:00:00,8,15.6
1993-08-10 00:00:00,10,15.3
1993-08-10 00:00:00,11,14.7
1993-08-10 00:00:00,12,13.6
1993-08-10 00:00:00,13,12.6
1993-08-10 00:00:00,15,10
1993-08-10 00:00:00,17,8.6
1993-08-10 00:00:00,19,7.3
1993-08-10 00:00:00,20,6.9
1993-08-10 00:00:00,21,6.9
1993-08-10 00:00:00,23,6.6
1993-08-10 00:00:00,24,6.4
1993-08-10 00:00:00,25,6.2
1993-08-10 00:00:00,26,6
1993-08-10 00:00:00,28,5.9
1993-08-10 00:00:00,29,5.7
1993-08-10 00:00:00,30,5.7
1993-08-24 00:00:00,0,16.05
1993-08-24 00:00:00,1,15.9
1993-08-24 00:00:00,2,15.8
1993-08-24 00:00:00,3,15.7
1993-08-24 00:00:00,3,15.7
1993-08-24 00:00:00,4,15.6
1993-08-24 00:00:00,5,15.5
1993-08-24 00:00:00,6,15.4
1993-08-24 00:00:00,7,15.4
1993-08-24 00:00:00,8,15.3
1993-08-24 00:00:00,9,15.3
1993-08-24 00:00:00,10,15.2
1993-08-24 00:00:00,11,15.1
1993-08-24 00:00:00,12,14.9
1993-08-24 00:00:00,13,13.9
1993-08-24 00:00:00,14,9.6
1993-08-24 00:00:00,15,8.2
1993-08-24 00:00:00,16,7.8
1993-08-24 00:00:00,17,7.2
1993-08-24 00:00:00,18,6.8
1993-08-24 00:00:00,19,6.4
1993-08-24 00:00:00,20,6.3
1993-08-24 00:00:00,21,6.2
1993-08-24 00:00:00,22,6.2
1993-08-24 00:00:00,23,6.1
1993-08-24 00:00:00,24,6
1993-08-24 00:00:00,25,6
1993-08-24 00:00:00,26,6
1993-08-24 00:00:00,27,5.8
1993-08-24 00:00:00,28,5.9
1993-08-24 00:00:00,29,5.9
1993-09-07 00:00:00,0,15.2
1993-09-07 00:00:00,1,14.8
1993-09-07 00:00:00,2,14.7
1993-09-07 00:00:00,3,14.7
1993-09-07 00:00:00,4,14.6
1993-09-07 00:00:00,5,14.6
1993-09-07 00:00:00,7,14.4
1993-09-07 00:00:00,9,14.4
1993-09-07 00:00:00,10,14.4
1993-09-07 00:00:00,11,14.4
1993-09-07 00:00:00,13,13.8
1993-09-07 00:00:00,14,12.1
1993-09-07 00:00:00,15,10.1
1993-09-07 00:00:00,16,8.5
1993-09-07 00:00:00,17,7.6
1993-09-07 00:00:00,18,7.2
1993-09-07 00:00:00,19,6.8
1993-09-07 00:00:00,20,6.4
1993-09-07 00:00:00,21,6.1
1993-09-07 00:00:00,22,6.1
1993-09-07 00:00:00,24,6
1993-09-07 00:00:00,25,6
1993-09-07 00:00:00,28,6
1993-09-07 00:00:00,29,6
1993-09-21 00:00:00,0,12.8
1993-09-21 00:00:00,1,12.8
1993-09-21 00:00:00,2,12.8
1993-09-21 00:00:00,3,12.8
1993-09-21 00:00:00,4,12.7
1993-09-21 00:00:00,5,12.7
1993-09-21 00:00:00,6,12.7
1993-09-21 00:00:00,7,12.6
1993-09-21 00:00:00,8,12.6
1993-09-21 00:00:00,9,12.6
1993-09-21 00:00:00,10,12.6
1993-09-21 00:00:00,12,12.6
1993-09-21 00:00:00,14,12.5
1993-09-21 00:00:00,15,12.4
1993-09-21 00:00:00,16,12.4
1993-09-21 00:00:00,17,9.4
1993-09-21 00:00:00,18,8.4
1993-09-21 00:00:00,19,8.2
1993-09-21 00:00:00,20,8
1993-09-21 00:00:00,21,7.5
1993-09-21 00:00:00,23,7.2
1993-09-21 00:00:00,25,7
1993-09-21 00:00:00,27,6.7
1993-09-21 00:00:00,29,6.7
1993-09-21 00:00:00,30,6.6
1993-10-01 00:00:00,0,13.2
1993-10-01 00:00:00,1,13.7
1993-10-01 00:00:00,2,13.8
1993-10-01 00:00:00,3,13.9
1993-10-01 00:00:00,4,13.9
1993-10-01 00:00:00,5,13.9
1993-10-01 00:00:00,6,14
1993-10-01 00:00:00,7,14.1
1993-10-01 00:00:00,8,13.7
1993-10-01 00:00:00,9,12
1993-10-01 00:00:00,10,10
1993-10-01 00:00:00,11,9.1
1993-10-01 00:00:00,12,8.5
1993-10-05 00:00:00,0,11.7
1993-10-05 00:00:00,1,11.7
1993-10-05 00:00:00,2,11.6
1993-10-05 00:00:00,3,11.6
1993-10-05 00:00:00,4,11.6
1993-10-05 00:00:00,6,11.5
1993-10-05 00:00:00,8,11.5
1993-10-05 00:00:00,10,11.5
1993-10-05 00:00:00,12,11.4
1993-10-05 00:00:00,15,11.4
1993-10-05 00:00:00,16,11.4
1993-10-05 00:00:00,17,11.3
1993-10-05 00:00:00,18,11
1993-10-05 00:00:00,19,10.3
1993-10-05 00:00:00,20,8.7
1993-10-05 00:00:00,21,7.7
1993-10-05 00:00:00,22,7.4
1993-10-05 00:00:00,23,7.2
1993-10-05 00:00:00,24,7
1993-10-05 00:00:00,25,7
1993-10-05 00:00:00,26,6.9
1993-10-05 00:00:00,27,6.8
1993-10-05 00:00:00,28,6.7
1993-10-05 00:00:00,29,6.6
1993-10-05 00:00:00,30,6.6
1993-10-05 00:00:00,31,6.6
1993-11-09 00:00:00,0,7.5
1993-11-09 00:00:00,3,7.5
1993-11-09 00:00:00,5,7.5
1993-11-09 00:00:00,10,7.5
1993-11-09 00:00:00,15,7.5
1993-11-09 00:00:00,20,7.5
1993-11-09 00:00:00,25,7.4
1993-11-09 00:00:00,27.5,6.9
1993-11-09 00:00:00,28,7.4
1993-12-01 00:00:00,1,4.2
1993-12-01 00:00:00,3,4.2
1993-12-01 00:00:00,5,4.2
1993-12-01 00:00:00,7,4.2
1993-12-01 00:00:00,9,4.2
1993-12-01 00:00:00,11,4.2
1993-12-01 00:00:00,13,4.2
1993-12-01 00:00:00,15,4.2
1993-12-01 00:00:00,17,4.2
1993-12-01 00:00:00,19,4.2
1993-12-01 00:00:00,21,4.2
1993-12-01 00:00:00,23,4.2
1993-12-01 00:00:00,25,4.2
1993-12-01 00:00:00,27,4.2
1993-12-01 00:00:00,28,4.2
1993-12-01 00:00:00,28.5,4.2
1994-01-11 00:00:00,0.25,2.25
1994-01-11 00:00:00,0.25,2.3
1994-01-11 00:00:00,1,2.32
1994-01-11 00:00:00,1,2.3
1994-01-11 00:00:00,2.5,3.34
1994-01-11 00:00:00,2.5,2.3
1994-01-11 00:00:00,4.5,2.37
1994-01-11 00:00:00,4.5,2.4
1994-01-11 00:00:00,5.5,2.36
1994-01-11 00:00:00,5.5,2.4
1994-01-11 00:00:00,6,2.36
1994-01-11 00:00:00,6,2.4
1994-01-11 00:00:00,8,2.36
1994-01-11 00:00:00,8,2.4
1994-01-11 00:00:00,9.5,2.4
1994-01-11 00:00:00,9.5,2.35
1994-01-11 00:00:00,10,2.35
1994-01-11 00:00:00,10,2.4
1994-01-11 00:00:00,12.5,2.4
1994-01-11 00:00:00,12.5,2.36
1994-01-11 00:00:00,13.5,2.4
1994-01-11 00:00:00,13.5,2.35
1994-01-11 00:00:00,15,2.4
1994-01-11 00:00:00,16,2.3
1994-01-11 00:00:00,17,2.3
1994-01-11 00:00:00,18,2.4
1994-01-11 00:00:00,18.5,2.3
1994-01-11 00:00:00,28,1.9
1994-01-11 00:00:00,28,2.2
1994-02-10 00:00:00,0.5,1.6
1994-02-10 00:00:00,2,1.6
1994-02-10 00:00:00,3,1.7
1994-02-10 00:00:00,4,1.7
1994-02-10 00:00:00,4,1.7
1994-02-10 00:00:00,6,1.7
1994-02-10 00:00:00,7.5,1.7
1994-02-10 00:00:00,7.5,1.7
1994-02-10 00:00:00,9,1.7
1994-02-10 00:00:00,9,1.7
1994-02-10 00:00:00,28,1.8
1994-03-07 00:00:00,0,1.3
1994-03-07 00:00:00,0.5,1.3
1994-03-29 00:00:00,0.5,3
1994-03-29 00:00:00,2.5,3
1994-03-29 00:00:00,4,2.9
1994-03-29 00:00:00,6.5,3
1994-03-29 00:00:00,9.5,2.9
1994-03-29 00:00:00,11.5,2.9
1994-03-29 00:00:00,14.5,2.9
1994-03-29 00:00:00,17,2.9
1994-03-29 00:00:00,19.5,2.9
1994-03-29 00:00:00,23.5,2.9
1994-03-29 00:00:00,25,2.9
1994-03-29 00:00:00,27,2.9
1994-03-29 00:00:00,28,2.9
1994-03-29 00:00:00,28.5,2.9
1994-03-29 00:00:00,29.5,2.9
1994-04-14 00:00:00,2,4.9
1994-04-14 00:00:00,2.5,4.9
1994-04-14 00:00:00,5,4.9
1994-04-14 00:00:00,6.5,4.9
1994-04-14 00:00:00,8.5,4.9
1994-04-14 00:00:00,9.5,4.9
1994-04-14 00:00:00,12.5,4.9
1994-04-14 00:00:00,13.5,4.9
1994-04-14 00:00:00,15.5,4.9
1994-04-14 00:00:00,18,4.9
1994-04-14 00:00:00,20.5,4.9
1994-04-14 00:00:00,22,4.9
1994-04-14 00:00:00,24,4.9
1994-04-14 00:00:00,26,4.9
1994-04-14 00:00:00,27.5,4.9
1994-04-14 00:00:00,29.5,4.9
1994-04-14 00:00:00,29.5,4.9
1994-04-26 00:00:00,3,8.2
1994-05-10 00:00:00,3,12
1994-05-25 00:00:00,3,12.5
1994-05-25 00:00:00,10,10.5
1994-05-25 00:00:00,15,9
1994-05-25 00:00:00,20,7.5
1994-05-25 00:00:00,25,6.5
1994-05-25 00:00:00,30,6.2
1994-06-08 00:00:00,0.25,13.5
1994-06-08 00:00:00,2,13.4
1994-06-08 00:00:00,3,13.4
1994-06-08 00:00:00,5,13.3
1994-06-08 00:00:00,7,13.3
1994-06-08 00:00:00,8,13.3
1994-06-08 00:00:00,9.5,13.2
1994-06-08 00:00:00,9.5,13.2
1994-06-08 00:00:00,10,13.2
1994-06-08 00:00:00,10.5,13.2
1994-06-08 00:00:00,13,11.9
1994-06-08 00:00:00,14,12
1994-06-08 00:00:00,15,8.5
1994-06-08 00:00:00,15,8.3
1994-06-08 00:00:00,17.5,7.2
1994-06-08 00:00:00,18.5,7.2
1994-06-08 00:00:00,19.5,6.9
1994-06-08 00:00:00,20,6.9
1994-06-08 00:00:00,22.5,6.7
1994-06-08 00:00:00,24,6.6
1994-06-08 00:00:00,25.5,6.2
1994-06-08 00:00:00,26,6.2
1994-06-08 00:00:00,27,6.2
1994-06-08 00:00:00,27.5,6.2
1994-07-06 00:00:00,15,8.7
1994-07-06 00:00:00,20,7.6
1994-07-06 00:00:00,25,6.8
1994-07-06 00:00:00,29,6.3
1994-07-06 00:00:00,30,6.2
1994-07-20 00:00:00,1,25.1
1994-07-20 00:00:00,2,23.7
1994-07-20 00:00:00,3,23.3
1994-07-20 00:00:00,3,23.2
1994-07-20 00:00:00,4.5,23
1994-07-20 00:00:00,5.5,21.3
1994-07-20 00:00:00,6,19.6
1994-07-20 00:00:00,7,19.9
1994-07-20 00:00:00,8,20
1994-07-20 00:00:00,9,16.2
1994-07-20 00:00:00,15,12
1994-07-20 00:00:00,15,12
1994-07-20 00:00:00,16,10.5
1994-07-20 00:00:00,17,9.5
1994-07-20 00:00:00,18,8.9
1994-07-20 00:00:00,19.5,8.6
1994-07-20 00:00:00,20,8.3
1994-07-20 00:00:00,20,8.3
1994-07-20 00:00:00,21.5,8
1994-07-20 00:00:00,23,7.5
1994-07-20 00:00:00,25,7.2
1994-07-20 00:00:00,25,7.2
1994-07-20 00:00:00,27,7
1994-07-20 00:00:00,29,6.9
1994-07-20 00:00:00,30,6.6
1994-08-03 00:00:00,0,24.1
1994-08-03 00:00:00,1,24
1994-08-03 00:00:00,2,23.9
1994-08-03 00:00:00,2.5,23.9
1994-08-03 00:00:00,3,23.7
1994-08-03 00:00:00,4,23.4
1994-08-03 00:00:00,5,22.3
1994-08-03 00:00:00,6,19.2
1994-08-03 00:00:00,7,16.7
1994-08-03 00:00:00,8,15.5
1994-08-03 00:00:00,9,14.4
1994-08-03 00:00:00,10,13.6
1994-08-03 00:00:00,11,13.2
1994-08-03 00:00:00,12,12.6
1994-08-03 00:00:00,13,11.8
1994-08-03 00:00:00,14,10.8
1994-08-03 00:00:00,15,9.6
1994-08-03 00:00:00,16,8.6
1994-08-03 00:00:00,17,7.7
1994-08-03 00:00:00,18,7.3
1994-08-03 00:00:00,19,7.1
1994-08-03 00:00:00,20,6.8
1994-08-03 00:00:00,21,6.7
1994-08-03 00:00:00,25,6.3
1994-08-03 00:00:00,29.5,6.2
1994-08-18 00:00:00,0.5,17.5
1994-08-18 00:00:00,3,17.5
1994-08-18 00:00:00,3.5,17.7
1994-08-18 00:00:00,5,17.9
1994-08-18 00:00:00,7,17.9
1994-08-18 00:00:00,8,17.4
1994-08-18 00:00:00,9,16
1994-08-18 00:00:00,10,14.8
1994-08-18 00:00:00,11,13.6
1994-08-18 00:00:00,12,12.9
1994-08-18 00:00:00,13,12
1994-08-18 00:00:00,14,11.1
1994-08-18 00:00:00,16,10.2
1994-08-18 00:00:00,18,9.1
1994-08-18 00:00:00,19,8.5
1994-08-18 00:00:00,20,8
1994-08-18 00:00:00,22,7.1
1994-08-31 00:00:00,3,17
1994-08-31 00:00:00,10,15.9
1994-08-31 00:00:00,15,10.2
1994-08-31 00:00:00,20,7.6
1994-08-31 00:00:00,25,6.5
1994-08-31 00:00:00,30,6.3
1994-09-14 00:00:00,0,14.3
1994-09-14 00:00:00,1,14.5
1994-09-14 00:00:00,2,14.6
1994-09-14 00:00:00,3,14.6
1994-09-14 00:00:00,3,14.6
1994-09-14 00:00:00,5,14.7
1994-09-14 00:00:00,7,14.7
1994-09-14 00:00:00,9,14.7
1994-09-14 00:00:00,10,14.7
1994-09-14 00:00:00,12,14.6
1994-09-14 00:00:00,12.5,13.7
1994-09-14 00:00:00,13,13.3
1994-09-14 00:00:00,14,11
1994-09-14 00:00:00,15,10
1994-09-14 00:00:00,16,8.4
1994-09-14 00:00:00,17,8
1994-09-14 00:00:00,18,7.5
1994-09-14 00:00:00,20,6.8
1994-09-14 00:00:00,25,6.3
1994-09-14 00:00:00,28,6.2
1994-09-26 00:00:00,0,13
1994-09-26 00:00:00,1,13.7
1994-09-26 00:00:00,2,13.8
1994-09-26 00:00:00,3,13.8
1994-09-26 00:00:00,3,13.8
1994-09-26 00:00:00,4,13.9
1994-09-26 00:00:00,5,13.9
1994-09-26 00:00:00,6,13.8
1994-09-26 00:00:00,7,13.8
1994-09-26 00:00:00,8,13.8
1994-09-26 00:00:00,9,13.8
1994-09-26 00:00:00,10,13.7
1994-09-26 00:00:00,11,13.7
1994-09-26 00:00:00,12,13.6
1994-09-26 00:00:00,13,13.5
1994-09-26 00:00:00,13.5,13.1
1994-09-26 00:00:00,14,12.8
1994-09-26 00:00:00,15,11.1
1994-09-26 00:00:00,20,7.4
1994-09-26 00:00:00,25,6.5
1994-09-26 00:00:00,29,6.2
1994-10-12 00:00:00,1,11.2
1994-10-12 00:00:00,2,11.1
1994-10-12 00:00:00,3,11.1
1994-10-12 00:00:00,4,11.1
1994-10-12 00:00:00,6,11.1
1994-10-12 00:00:00,8,11.1
1994-10-12 00:00:00,10,11
1994-10-12 00:00:00,12,11
1994-10-12 00:00:00,14,11
1994-10-12 00:00:00,15,11
1994-10-12 00:00:00,16,11
1994-10-12 00:00:00,18,10.9
1994-10-12 00:00:00,19,10.9
1994-10-12 00:00:00,20,11
1994-10-12 00:00:00,21,7.5
1994-10-12 00:00:00,22,7.1
1994-10-12 00:00:00,23,6.8
1994-10-12 00:00:00,24,6.7
1994-10-12 00:00:00,25,6.3
1994-10-12 00:00:00,30,6.1
1994-11-09 00:00:00,0,10.4
1994-11-09 00:00:00,2,10.1
1994-11-09 00:00:00,3,10
1994-11-09 00:00:00,4,9.9
1994-11-09 00:00:00,6,9.8
1994-11-09 00:00:00,8,9.8
1994-11-09 00:00:00,10,9.7
1994-11-09 00:00:00,12,9.6
1994-11-09 00:00:00,14,9.5
1994-11-09 00:00:00,15,9.5
1994-11-09 00:00:00,16,9.5
1994-11-09 00:00:00,18,9.4
1994-11-09 00:00:00,20,9.3
1994-11-09 00:00:00,22,9.2
1994-11-09 00:00:00,24,9.2
1994-11-09 00:00:00,25,9.2
1994-11-09 00:00:00,26,9.1
1994-11-09 00:00:00,28,8.6
1994-11-09 00:00:00,29,7.9
1994-11-09 00:00:00,30,7.9
1994-12-06 00:00:00,1,6.3
1994-12-06 00:00:00,3,6.3
1994-12-06 00:00:00,5,6.3
1994-12-06 00:00:00,7,6.3
1994-12-06 00:00:00,10,6.3
1994-12-06 00:00:00,12,6.3
1994-12-06 00:00:00,15,6.3
1994-12-06 00:00:00,17,6.3
1994-12-06 00:00:00,20,6.3
1994-12-06 00:00:00,25,6.3
1994-12-06 00:00:00,26,6.3
1994-12-06 00:00:00,30,6.3
1994-12-06 00:00:00,31,6.3
1995-01-11 00:00:00,0,2.4
1995-01-11 00:00:00,3,2.5
1995-01-11 00:00:00,3,2.5
1995-01-11 00:00:00,6,2.6
1995-01-11 00:00:00,9,2.6
1995-01-11 00:00:00,12,2.6
1995-01-11 00:00:00,15,2.6
1995-01-11 00:00:00,18,2.6
1995-01-11 00:00:00,25,2.7
1995-01-11 00:00:00,30,2.7
1995-01-11 00:00:00,32,2.7
1995-02-21 00:00:00,0,3.8
1995-02-21 00:00:00,0,2.3
1995-02-21 00:00:00,1,3.2
1995-02-21 00:00:00,2,2.7
1995-02-21 00:00:00,3,2.6
1995-02-21 00:00:00,3,2.6
1995-02-21 00:00:00,4,2.5
1995-02-21 00:00:00,10,2.4
1995-02-21 00:00:00,20,2.4
1995-02-21 00:00:00,25,2.3
1995-02-21 00:00:00,30,2.3
1995-03-09 00:00:00,0,3.3
1995-03-09 00:00:00,3,3
1995-03-09 00:00:00,5,3
1995-03-09 00:00:00,10,2.8
1995-03-09 00:00:00,15,2.8
1995-03-09 00:00:00,20,2.7
1995-03-09 00:00:00,25,2.6
1995-03-09 00:00:00,30,2.6
1995-04-05 00:00:00,0,4.5
1995-04-05 00:00:00,1,4.3
1995-04-05 00:00:00,3,3.4
1995-04-05 00:00:00,5,4
1995-04-05 00:00:00,10,3.8
1995-04-05 00:00:00,15,3.7
1995-04-05 00:00:00,20,3.6
1995-04-05 00:00:00,25,3.6
1995-04-05 00:00:00,29,3.5
1995-04-05 00:00:00,30,3.5
1995-04-18 00:00:00,0,4.3
1995-04-18 00:00:00,1,4.4
1995-04-18 00:00:00,2,4.5
1995-04-18 00:00:00,3,4.5
1995-04-18 00:00:00,4,4.6
1995-04-18 00:00:00,5,4.6
1995-04-18 00:00:00,6,4.6
1995-04-18 00:00:00,8,4.7
1995-04-18 00:00:00,10,4.6
1995-04-18 00:00:00,12,4.7
1995-04-18 00:00:00,14,4.6
1995-04-18 00:00:00,16,4.6
1995-04-18 00:00:00,19,4.6
1995-04-18 00:00:00,20,4.6
1995-04-18 00:00:00,21,4.6
1995-04-18 00:00:00,23,4.5
1995-04-18 00:00:00,25,4.3
1995-05-10 00:00:00,0,9.9
1995-05-10 00:00:00,3,9.9
1995-05-10 00:00:00,5,9.9
1995-05-10 00:00:00,7,9.9
1995-05-10 00:00:00,10,8.5
1995-05-10 00:00:00,13,6.7
1995-05-10 00:00:00,15,6.8
1995-05-10 00:00:00,17,6.2
1995-05-10 00:00:00,20,6
1995-05-10 00:00:00,25,5.7
1995-05-10 00:00:00,30,5.6
1995-05-23 00:00:00,0.5,11.6
1995-05-23 00:00:00,1,11.5
1995-05-23 00:00:00,2,11.2
1995-05-23 00:00:00,3,11
1995-05-23 00:00:00,3,11
1995-05-23 00:00:00,5,10.4
1995-05-23 00:00:00,7,10.1
1995-05-23 00:00:00,9,9.9
1995-05-23 00:00:00,10,9.7
1995-05-23 00:00:00,12,9.5
1995-05-23 00:00:00,14,9
1995-05-23 00:00:00,15,7.6
1995-05-23 00:00:00,16,7.3
1995-05-23 00:00:00,17,6.9
1995-05-23 00:00:00,18,6.5
1995-05-23 00:00:00,19,6.3
1995-05-23 00:00:00,20,6.2
1995-05-23 00:00:00,21,6
1995-05-23 00:00:00,22,6
1995-05-23 00:00:00,23,5.9
1995-05-23 00:00:00,24,5.8
1995-05-23 00:00:00,25,5.8
1995-05-23 00:00:00,26,5.7
1995-05-23 00:00:00,27,5.7
1995-05-23 00:00:00,28,5.7
1995-05-23 00:00:00,29,5.6
1995-05-23 00:00:00,30,5.6
1995-05-23 00:00:00,31,5.6
1995-06-08 00:00:00,0,15.2
1995-06-08 00:00:00,1,14.7
1995-06-08 00:00:00,2,14.5
1995-06-08 00:00:00,3,14.5
1995-06-08 00:00:00,5,14.3
1995-06-08 00:00:00,6,12.4
1995-06-08 00:00:00,7,11.5
1995-06-08 00:00:00,8,11.3
1995-06-08 00:00:00,9,10.5
1995-06-08 00:00:00,10,10
1995-06-08 00:00:00,11,9.6
1995-06-08 00:00:00,12,9.1
1995-06-08 00:00:00,13,8.3
1995-06-08 00:00:00,14,7.9
1995-06-08 00:00:00,15,7.7
1995-06-08 00:00:00,16,7.3
1995-06-08 00:00:00,17,6.5
1995-06-08 00:00:00,18,6.4
1995-06-08 00:00:00,20,6
1995-06-08 00:00:00,21,5.9
1995-06-08 00:00:00,22,5.8
1995-06-08 00:00:00,23,5.8
1995-06-08 00:00:00,24,5.7
1995-06-08 00:00:00,25,5.7
1995-06-08 00:00:00,26,5.7
1995-06-08 00:00:00,27,5.7
1995-06-21 00:00:00,0,15.9
1995-06-21 00:00:00,1,15.6
1995-06-21 00:00:00,2,15.3
1995-06-21 00:00:00,3,15.1
1995-06-21 00:00:00,4,15
1995-06-21 00:00:00,5,14.9
1995-06-21 00:00:00,6,14.5
1995-06-21 00:00:00,7,14.4
1995-06-21 00:00:00,8,13.3
1995-06-21 00:00:00,9,12.9
1995-06-21 00:00:00,10,11.3
1995-06-21 00:00:00,11,10.7
1995-06-21 00:00:00,12,9.8
1995-06-21 00:00:00,13,8.8
1995-06-21 00:00:00,14,8.1
1995-06-21 00:00:00,15,7.6
1995-06-21 00:00:00,16,6.8
1995-06-21 00:00:00,17,6.5
1995-06-21 00:00:00,18,6.3
1995-06-21 00:00:00,19,6.2
1995-06-21 00:00:00,20,6.1
1995-06-21 00:00:00,21,6.1
1995-06-21 00:00:00,22,5.9
1995-06-21 00:00:00,23,5.9
1995-06-21 00:00:00,24,5.8
1995-06-21 00:00:00,25,5.8
1995-06-21 00:00:00,26,5.8
1995-06-21 00:00:00,27,5.8
1995-06-21 00:00:00,28,5.8
1995-06-21 00:00:00,29,5.7
1995-07-04 00:00:00,0,17.4
1995-07-04 00:00:00,3,17.4
1995-07-04 00:00:00,6,14
1995-07-04 00:00:00,10,11.5
1995-07-04 00:00:00,12,9.5
1995-07-04 00:00:00,15,9
1995-07-04 00:00:00,20,7.5
1995-07-04 00:00:00,25,7
1995-07-04 00:00:00,27,6
1995-07-19 00:00:00,0,20.3
1995-07-19 00:00:00,2,20.3
1995-07-19 00:00:00,3,20.3
1995-07-19 00:00:00,4,20.3
1995-07-19 00:00:00,5,19.1
1995-07-19 00:00:00,6,18.9
1995-07-19 00:00:00,8,17
1995-07-19 00:00:00,10,14
1995-07-19 00:00:00,12,12.5
1995-07-19 00:00:00,14,11
1995-07-19 00:00:00,15,11
1995-07-19 00:00:00,16,10
1995-07-19 00:00:00,18,8.6
1995-07-19 00:00:00,20,8.2
1995-07-19 00:00:00,22,7.5
1995-07-19 00:00:00,24,6.9
1995-07-19 00:00:00,25,6.9
1995-07-19 00:00:00,26,6.7
1995-07-19 00:00:00,28,6.6
1995-07-19 00:00:00,30,6.6
1995-07-19 00:00:00,31,6.6
1995-08-03 00:00:00,0,23
1995-08-03 00:00:00,1,21.5
1995-08-03 00:00:00,2,21.9
1995-08-03 00:00:00,3,21.7
1995-08-03 00:00:00,4,21.2
1995-08-03 00:00:00,5,20.5
1995-08-03 00:00:00,6,19.6
1995-08-03 00:00:00,7,18.9
1995-08-03 00:00:00,8,17.1
1995-08-03 00:00:00,9,14.9
1995-08-03 00:00:00,10,12.3
1995-08-03 00:00:00,11,10.5
1995-08-03 00:00:00,12,9.9
1995-08-03 00:00:00,13,8.9
1995-08-03 00:00:00,14,8.4
1995-08-03 00:00:00,15,8.2
1995-08-03 00:00:00,16,7.6
1995-08-03 00:00:00,17,7.3
1995-08-03 00:00:00,18,7
1995-08-03 00:00:00,19,6.7
1995-08-03 00:00:00,20,6.6
1995-08-03 00:00:00,21,6.5
1995-08-03 00:00:00,22,6.3
1995-08-03 00:00:00,23,6.2
1995-08-03 00:00:00,25,6
1995-08-03 00:00:00,27,6
1995-08-03 00:00:00,29,5.9
1995-08-16 00:00:00,0.5,20
1995-08-16 00:00:00,1,20
1995-08-16 00:00:00,2,19.9
1995-08-16 00:00:00,3,19.8
1995-08-16 00:00:00,4,19.8
1995-08-16 00:00:00,5,19.9
1995-08-16 00:00:00,6,19.7
1995-08-16 00:00:00,7,19.3
1995-08-16 00:00:00,8,18.7
1995-08-16 00:00:00,9,17.3
1995-08-16 00:00:00,10,14.8
1995-08-16 00:00:00,10.5,13
1995-08-16 00:00:00,11,11.8
1995-08-16 00:00:00,12,11.2
1995-08-16 00:00:00,13,10.1
1995-08-16 00:00:00,14,9.3
1995-08-16 00:00:00,15,8.8
1995-08-16 00:00:00,16,8.2
1995-08-16 00:00:00,17,7.8
1995-08-16 00:00:00,18,7.3
1995-08-16 00:00:00,19,7
1995-08-16 00:00:00,20,6.8
1995-08-16 00:00:00,21,6.7
1995-08-16 00:00:00,22,6.4
1995-08-16 00:00:00,23,6.3
1995-08-16 00:00:00,24,6.2
1995-08-16 00:00:00,25,6.2
1995-08-16 00:00:00,26,6.2
1995-08-16 00:00:00,30,6.2
1995-08-30 00:00:00,0.5,17.9
1995-08-30 00:00:00,2,18.2
1995-08-30 00:00:00,3,17.9
1995-08-30 00:00:00,4,18.3
1995-08-30 00:00:00,6,18.3
1995-08-30 00:00:00,8,18.2
1995-08-30 00:00:00,9,14.5
1995-08-30 00:00:00,10,12.7
1995-08-30 00:00:00,10,12.7
1995-08-30 00:00:00,12,10.7
1995-08-30 00:00:00,14,9.3
1995-08-30 00:00:00,15,8.8
1995-08-30 00:00:00,16,8.2
1995-08-30 00:00:00,18,7.6
1995-08-30 00:00:00,20,7.3
1995-08-30 00:00:00,20,7.3
1995-08-30 00:00:00,22,7
1995-08-30 00:00:00,24,6.7
1995-08-30 00:00:00,25,6.7
1995-08-30 00:00:00,26,6.6
1995-08-30 00:00:00,28,6.6
1995-08-30 00:00:00,30,6.5
1995-08-30 00:00:00,30,6.5
1995-08-30 00:00:00,31,6.5
1995-09-13 00:00:00,0,17.5
1995-09-13 00:00:00,1.5,17.4
1995-09-13 00:00:00,2,17.3
1995-09-13 00:00:00,3,17.2
1995-09-13 00:00:00,3.5,17.2
1995-09-13 00:00:00,4.5,17.2
1995-09-13 00:00:00,6,17.1
1995-09-13 00:00:00,7,17.1
1995-09-13 00:00:00,8.5,17
1995-09-13 00:00:00,9.5,15.9
1995-09-13 00:00:00,10,14.8
1995-09-13 00:00:00,10,14.8
1995-09-13 00:00:00,11,13.1
1995-09-13 00:00:00,12,11.9
1995-09-13 00:00:00,13.5,10.9
1995-09-13 00:00:00,14.5,9.5
1995-09-13 00:00:00,15,9.5
1995-09-13 00:00:00,16.5,8.1
1995-09-13 00:00:00,17.5,7.3
1995-09-13 00:00:00,19,7
1995-09-13 00:00:00,20,6.8
1995-09-13 00:00:00,20,6.8
1995-09-13 00:00:00,21.5,6.8
1995-09-13 00:00:00,23,6.7
1995-09-13 00:00:00,24,6.6
1995-09-13 00:00:00,25,6.5
1995-09-13 00:00:00,25.5,6.5
1995-09-13 00:00:00,27,6.5
1995-09-13 00:00:00,28,6.4
1995-09-13 00:00:00,28,6.4
1995-10-03 00:00:00,0.5,12.7
1995-10-03 00:00:00,1,12.6
1995-10-03 00:00:00,2,12.5
1995-10-03 00:00:00,3,12.5
1995-10-03 00:00:00,4,12.4
1995-10-03 00:00:00,6,12.4
1995-10-03 00:00:00,8,12.4
1995-10-03 00:00:00,10,12.4
1995-10-03 00:00:00,11,12.4
1995-10-03 00:00:00,14,11.3
1995-10-03 00:00:00,15,10.1
1995-10-03 00:00:00,16,9
1995-10-03 00:00:00,18,7.5
1995-10-03 00:00:00,20,7.3
1995-10-03 00:00:00,22,6.9
1995-10-03 00:00:00,24,6.7
1995-10-03 00:00:00,25,6.6
1995-10-03 00:00:00,27,6.5
1995-10-03 00:00:00,30,6.4
1995-10-03 00:00:00,31,6.4
1995-10-19 00:00:00,0.5,12.4
1995-10-19 00:00:00,3,12.4
1995-10-19 00:00:00,3,12.4
1995-10-19 00:00:00,5,12.4
1995-10-19 00:00:00,7,12.4
1995-10-19 00:00:00,9,12.4
1995-10-19 00:00:00,10,12.4
1995-10-19 00:00:00,12,12.2
1995-10-19 00:00:00,14,11.8
1995-10-19 00:00:00,15,10.4
1995-10-19 00:00:00,16,9
1995-10-19 00:00:00,18,6.7
1995-10-19 00:00:00,20,6.7
1995-10-19 00:00:00,22,6.3
1995-10-19 00:00:00,24,6.3
1995-10-19 00:00:00,25,6.2
1995-10-19 00:00:00,26,6.2
1995-10-19 00:00:00,28,6.2
1995-10-19 00:00:00,30,6.2
1995-11-16 00:00:00,0,7.4
1995-11-16 00:00:00,3,7.6
1995-11-16 00:00:00,4,7.6
1995-11-16 00:00:00,8,7.7
1995-11-16 00:00:00,12,7.7
1995-11-16 00:00:00,15,7.8
1995-11-16 00:00:00,16,7.8
1995-11-16 00:00:00,20,7.1
1995-11-16 00:00:00,24,7.7
1995-11-16 00:00:00,25,7.7
1995-11-16 00:00:00,28,7
1995-11-16 00:00:00,30,6.7
1995-12-11 00:00:00,0.5,4.2
1995-12-11 00:00:00,1,4.1
1995-12-11 00:00:00,3,4.1
1995-12-11 00:00:00,5,4.1
1995-12-11 00:00:00,10,4.1
1995-12-11 00:00:00,15,4.1
1995-12-11 00:00:00,20,4.1
1995-12-11 00:00:00,25,4.1
1995-12-11 00:00:00,30,4.1
1995-12-11 00:00:00,32,4.1
1996-01-01 00:00:00,0.5,1.3
1996-01-01 00:00:00,2,2.1
1996-01-10 00:00:00,0.5,1.3
1996-02-08 00:00:00,0.5,0.9
1996-02-08 00:00:00,1,2
1996-02-08 00:00:00,3,2.3
1996-02-08 00:00:00,5,2.4
1996-02-08 00:00:00,7,2.4
1996-02-08 00:00:00,10,2.4
1996-02-08 00:00:00,13,2.4
1996-02-08 00:00:00,15,2.5
1996-02-08 00:00:00,17,2.5
1996-02-08 00:00:00,19,2.5
1996-02-08 00:00:00,21,2.5
1996-02-08 00:00:00,23,2.5
1996-02-27 00:00:00,0.5,1.8
1996-02-27 00:00:00,2,2
1996-02-27 00:00:00,3,2
1996-02-27 00:00:00,4,2.2
1996-02-27 00:00:00,6,2.3
1996-02-27 00:00:00,10,2.3
1996-02-27 00:00:00,12,2.3
1996-02-27 00:00:00,14,2.3
1996-02-27 00:00:00,16,2.3
1996-02-27 00:00:00,18,2.3
1996-02-27 00:00:00,20,2.3
1996-02-27 00:00:00,22,2.4
1996-02-27 00:00:00,24,2.5
1996-02-27 00:00:00,26,2.7
1996-02-27 00:00:00,28,2.9
1996-02-27 00:00:00,30,3.3
1996-04-01 00:00:00,0,4.1
1996-04-17 00:00:00,1,5.5
1996-04-17 00:00:00,3,5.6
1996-04-17 00:00:00,6,5.6
1996-04-17 00:00:00,9,5.2
1996-04-17 00:00:00,11,4.9
1996-04-17 00:00:00,13,4.7
1996-04-17 00:00:00,15,4.6
1996-04-17 00:00:00,17,4.4
1996-04-17 00:00:00,20,4.3
1996-04-17 00:00:00,22,4.2
1996-04-17 00:00:00,24,4.1
1996-04-17 00:00:00,26,4.1
1996-04-17 00:00:00,28,4
1996-04-17 00:00:00,30,4
1996-04-30 00:00:00,0,9.3
1996-04-30 00:00:00,1,8.7
1996-04-30 00:00:00,2,8.3
1996-04-30 00:00:00,3,8
1996-04-30 00:00:00,5,7.8
1996-04-30 00:00:00,8,7.4
1996-04-30 00:00:00,10,7.1
1996-04-30 00:00:00,13,6.5
1996-04-30 00:00:00,15,6.1
1996-04-30 00:00:00,18,5.4
1996-04-30 00:00:00,20,5.2
1996-04-30 00:00:00,23,4.9
1996-04-30 00:00:00,25,4.8
1996-04-30 00:00:00,28,4.6
1996-04-30 00:00:00,30,4.5
1996-05-14 00:00:00,0.5,10.1
1996-05-14 00:00:00,1,10.1
1996-05-14 00:00:00,2,9.9
1996-05-14 00:00:00,3,9.7
1996-05-14 00:00:00,4,9.5
1996-05-14 00:00:00,5,9.1
1996-05-14 00:00:00,6,8.1
1996-05-14 00:00:00,7,7.9
1996-05-14 00:00:00,8,7.7
1996-05-14 00:00:00,9,7.6
1996-05-14 00:00:00,10,7.5
1996-05-14 00:00:00,12,7.2
1996-05-14 00:00:00,14,7.1
1996-05-14 00:00:00,15,7
1996-05-14 00:00:00,16,7
1996-05-14 00:00:00,18,6.9
1996-05-14 00:00:00,20,6.8
1996-05-14 00:00:00,22,6.7
1996-05-14 00:00:00,24,6.5
1996-05-14 00:00:00,25,6.5
1996-05-14 00:00:00,26,5.9
1996-05-14 00:00:00,28,5.7
1996-05-14 00:00:00,30,5.6
1996-05-14 00:00:00,31,5.5
1996-05-14 00:00:00,32,5.5
1996-05-30 00:00:00,3,12.1
1996-05-30 00:00:00,10,10.6
1996-05-30 00:00:00,15,8.6
1996-05-30 00:00:00,20,7.3
1996-05-30 00:00:00,25,6.8
1996-05-30 00:00:00,30,6.6
1996-05-31 00:00:00,1,12.7
1996-05-31 00:00:00,3,12.1
1996-05-31 00:00:00,5,11.6
1996-05-31 00:00:00,7,11
1996-05-31 00:00:00,9,10.7
1996-05-31 00:00:00,11,10.5
1996-05-31 00:00:00,12,9.8
1996-05-31 00:00:00,13,9.6
1996-05-31 00:00:00,14,9.2
1996-05-31 00:00:00,15,8.6
1996-05-31 00:00:00,16,8.3
1996-05-31 00:00:00,17,8
1996-05-31 00:00:00,18,7.7
1996-05-31 00:00:00,19,7.4
1996-05-31 00:00:00,21,7.2
1996-05-31 00:00:00,23,6.9
1996-05-31 00:00:00,25,6.8
1996-05-31 00:00:00,27,6.6
1996-05-31 00:00:00,29,6.6
1996-05-31 00:00:00,31,6.5
1996-06-12 00:00:00,1,18.7
1996-06-12 00:00:00,2,18.8
1996-06-12 00:00:00,3,18.7
1996-06-12 00:00:00,3.5,18.1
1996-06-12 00:00:00,4,18.6
1996-06-12 00:00:00,4.5,14.7
1996-06-12 00:00:00,5,14.5
1996-06-12 00:00:00,5.5,13.2
1996-06-12 00:00:00,6,13
1996-06-12 00:00:00,7,12.4
1996-06-12 00:00:00,8,11.5
1996-06-12 00:00:00,9,11
1996-06-12 00:00:00,10,10.2
1996-06-12 00:00:00,11,9.8
1996-06-12 00:00:00,12,9.5
1996-06-12 00:00:00,13,8.9
1996-06-12 00:00:00,14,8.5
1996-06-12 00:00:00,15,7.7
1996-06-12 00:00:00,16,7.5
1996-06-12 00:00:00,17,7.4
1996-06-12 00:00:00,18,7.3
1996-06-12 00:00:00,19,7.2
1996-06-12 00:00:00,20,7.1
1996-06-12 00:00:00,21,6.9
1996-06-12 00:00:00,22,6.8
1996-06-12 00:00:00,23,6.7
1996-06-12 00:00:00,24,6.6
1996-06-12 00:00:00,25,6.6
1996-06-12 00:00:00,26,6.5
1996-06-12 00:00:00,27,6.5
1996-06-12 00:00:00,28,6.5
1996-06-12 00:00:00,29,6.5
1996-06-12 00:00:00,30,6.4
1996-06-12 00:00:00,31,6.3
1996-06-27 00:00:00,0.5,15.9
1996-06-27 00:00:00,3,15.9
1996-06-27 00:00:00,5,15.9
1996-06-27 00:00:00,6,15.7
1996-06-27 00:00:00,7,14.7
1996-06-27 00:00:00,8,14.5
1996-06-27 00:00:00,10,12.4
1996-06-27 00:00:00,12,10.4
1996-06-27 00:00:00,14,9.7
1996-06-27 00:00:00,15,9.2
1996-06-27 00:00:00,16,8.7
1996-06-27 00:00:00,18,8.3
1996-06-27 00:00:00,20,8
1996-06-27 00:00:00,22,7.7
1996-06-27 00:00:00,24,7.5
1996-06-27 00:00:00,25,7.4
1996-06-27 00:00:00,26,7.4
1996-06-27 00:00:00,28,7.2
1996-06-27 00:00:00,30,6.7
1996-06-27 00:00:00,31,6.7
1996-07-10 00:00:00,0.5,16.1
1996-07-10 00:00:00,1,15.9
1996-07-10 00:00:00,2,15.8
1996-07-10 00:00:00,3,15.7
1996-07-10 00:00:00,5,15.7
1996-07-10 00:00:00,7,15.5
1996-07-10 00:00:00,9,15.5
1996-07-10 00:00:00,9.5,14.5
1996-07-10 00:00:00,10,14.4
1996-07-10 00:00:00,10.5,12.1
1996-07-10 00:00:00,11,11.4
1996-07-10 00:00:00,12,10.5
1996-07-10 00:00:00,13,9.6
1996-07-10 00:00:00,14,9
1996-07-10 00:00:00,15,8.6
1996-07-10 00:00:00,16,8.3
1996-07-10 00:00:00,17,7.8
1996-07-10 00:00:00,18,7.6
1996-07-10 00:00:00,19,7.4
1996-07-10 00:00:00,20,7.2
1996-07-10 00:00:00,21,7
1996-07-10 00:00:00,22,6.9
1996-07-10 00:00:00,23,6.8
1996-07-10 00:00:00,24,6.7
1996-07-10 00:00:00,25,6.6
1996-07-10 00:00:00,26,6.6
1996-07-10 00:00:00,27,6.6
1996-07-10 00:00:00,28,6.6
1996-07-10 00:00:00,29,6.5
1996-07-10 00:00:00,30,6.5
1996-07-24 00:00:00,0.5,18.3
1996-07-24 00:00:00,1,18.3
1996-07-24 00:00:00,2,18.4
1996-07-24 00:00:00,3,18.1
1996-07-24 00:00:00,4,17.4
1996-07-24 00:00:00,5,16.9
1996-07-24 00:00:00,6,16.6
1996-07-24 00:00:00,7,16.1
1996-07-24 00:00:00,8,16.1
1996-07-24 00:00:00,9,15.7
1996-07-24 00:00:00,10,15.5
1996-07-24 00:00:00,11,14.8
1996-07-24 00:00:00,12,13.3
1996-07-24 00:00:00,13,12.2
1996-07-24 00:00:00,14,9.7
1996-07-24 00:00:00,15,8.8
1996-07-24 00:00:00,16,8
1996-07-24 00:00:00,17,7.9
1996-07-24 00:00:00,18,7.7
1996-07-24 00:00:00,19,7.5
1996-07-24 00:00:00,20,7.3
1996-07-24 00:00:00,21,7.2
1996-07-24 00:00:00,22,7
1996-07-24 00:00:00,23,6.9
1996-07-24 00:00:00,24,6.8
1996-07-24 00:00:00,25,6.7
1996-07-24 00:00:00,26,6.6
1996-07-24 00:00:00,27,6.6
1996-07-24 00:00:00,28,6.6
1996-07-24 00:00:00,29,6.5
1996-07-24 00:00:00,30,6.6
1996-07-24 00:00:00,31,6.4
1996-08-08 00:00:00,1,18.3
1996-08-08 00:00:00,2,18.1
1996-08-08 00:00:00,3,18
1996-08-08 00:00:00,4,17.9
1996-08-08 00:00:00,6,17.7
1996-08-08 00:00:00,8,17.4
1996-08-08 00:00:00,9,16.7
1996-08-08 00:00:00,10,16.2
1996-08-08 00:00:00,11,15.5
1996-08-08 00:00:00,12,13
1996-08-08 00:00:00,13,12.2
1996-08-08 00:00:00,14,9.2
1996-08-08 00:00:00,15,8.4
1996-08-08 00:00:00,16,7.9
1996-08-08 00:00:00,17,7.5
1996-08-08 00:00:00,18,7.3
1996-08-08 00:00:00,20,7.1
1996-08-08 00:00:00,22,6.7
1996-08-08 00:00:00,24,6.7
1996-08-08 00:00:00,25,6.6
1996-08-08 00:00:00,26,6.6
1996-08-08 00:00:00,28,6.5
1996-08-08 00:00:00,29,6.5
1996-08-08 00:00:00,30,6.5
1996-08-21 00:00:00,1,20.5
1996-08-21 00:00:00,3,19
1996-08-21 00:00:00,3,19
1996-08-21 00:00:00,5,18.6
1996-08-21 00:00:00,7,18
1996-08-21 00:00:00,9,17.3
1996-08-21 00:00:00,10,15
1996-08-21 00:00:00,11,13.8
1996-08-21 00:00:00,13,12
1996-08-21 00:00:00,15,10.4
1996-08-21 00:00:00,18,9.1
1996-08-21 00:00:00,20,8.4
1996-08-21 00:00:00,25,7.3
1996-08-21 00:00:00,30,6.8
1996-09-04 00:00:00,0.5,17.7
1996-09-04 00:00:00,1,17.9
1996-09-04 00:00:00,2,18
1996-09-04 00:00:00,3,18
1996-09-04 00:00:00,3,18
1996-09-04 00:00:00,4,18
1996-09-04 00:00:00,5,18
1996-09-04 00:00:00,6,18
1996-09-04 00:00:00,7,18
1996-09-04 00:00:00,8,18
1996-09-04 00:00:00,9,17.9
1996-09-04 00:00:00,10,17.2
1996-09-04 00:00:00,11,16.4
1996-09-04 00:00:00,12,14.5
1996-09-04 00:00:00,13,12.6
1996-09-04 00:00:00,14,11.4
1996-09-04 00:00:00,15,9.8
1996-09-04 00:00:00,16,9.1
1996-09-04 00:00:00,17,8.4
1996-09-04 00:00:00,18,8
1996-09-04 00:00:00,19,7.8
1996-09-04 00:00:00,20,7.6
1996-09-04 00:00:00,21,7.5
1996-09-04 00:00:00,22,7.3
1996-09-04 00:00:00,23,6.8
1996-09-04 00:00:00,24,6.7
1996-09-04 00:00:00,25,6.7
1996-09-04 00:00:00,26,6.65
1996-09-04 00:00:00,27,6.6
1996-09-19 00:00:00,0.5,14.5
1996-09-19 00:00:00,3,14.6
1996-09-19 00:00:00,5,14.6
1996-09-19 00:00:00,7,14.7
1996-09-19 00:00:00,9,14.7
1996-09-19 00:00:00,10,14.7
1996-09-19 00:00:00,11,14.6
1996-09-19 00:00:00,13,12
1996-09-19 00:00:00,14,10.6
1996-09-19 00:00:00,15,9.2
1996-09-19 00:00:00,16,8.4
1996-09-19 00:00:00,17,8
1996-09-19 00:00:00,19,7.7
1996-09-19 00:00:00,20,7.7
1996-09-19 00:00:00,21,7.3
1996-09-19 00:00:00,24,7
1996-09-19 00:00:00,25,7
1996-09-19 00:00:00,27,6.9
1996-09-19 00:00:00,28,6.7
1996-09-19 00:00:00,30,6.7
1996-10-02 00:00:00,0.5,12.2
1996-10-02 00:00:00,1,12.5
1996-10-02 00:00:00,2,12.5
1996-10-02 00:00:00,3,12.6
1996-10-02 00:00:00,3,12.6
1996-10-02 00:00:00,5,12.7
1996-10-02 00:00:00,7,12.8
1996-10-02 00:00:00,9,12.8
1996-10-02 00:00:00,10,12.8
1996-10-02 00:00:00,11,12.8
1996-10-02 00:00:00,12,12.7
1996-10-02 00:00:00,13,12.7
1996-10-02 00:00:00,13.5,11
1996-10-02 00:00:00,14,10.2
1996-10-02 00:00:00,15,10.1
1996-10-02 00:00:00,17,8.3
1996-10-02 00:00:00,19,8
1996-10-02 00:00:00,20,7.6
1996-10-02 00:00:00,21,7.6
1996-10-02 00:00:00,23,7.4
1996-10-02 00:00:00,25,7.2
1996-10-02 00:00:00,27,6.9
1996-10-02 00:00:00,29,6.9
1996-10-02 00:00:00,31,6.7
1996-11-07 00:00:00,0.5,9.5
1996-11-07 00:00:00,2,9.5
1996-11-07 00:00:00,3,9.5
1996-11-07 00:00:00,4,9.5
1996-11-07 00:00:00,6,9.5
1996-11-07 00:00:00,8,9.5
1996-11-07 00:00:00,10,9.5
1996-11-07 00:00:00,12,9.5
1996-11-07 00:00:00,14,9.5
1996-11-07 00:00:00,16,9.5
1996-11-07 00:00:00,18,9.5
1996-11-07 00:00:00,20,9.5
1996-11-07 00:00:00,22,9.5
1996-11-07 00:00:00,24,9.4
1996-11-07 00:00:00,26,9.4
1996-11-07 00:00:00,28,9.3
1996-11-07 00:00:00,29,8.9
1996-12-11 00:00:00,0.5,5.2
1996-12-11 00:00:00,2,5.2
1996-12-11 00:00:00,3,5.2
1996-12-11 00:00:00,5,5.2
1996-12-11 00:00:00,8,5.2
1996-12-11 00:00:00,11,5.2
1996-12-11 00:00:00,14,5.2
1996-12-11 00:00:00,17,5.2
1996-12-11 00:00:00,20,5.2
1996-12-11 00:00:00,23,5.2
1996-12-11 00:00:00,25,5.2
1996-12-11 00:00:00,27,5.2
1996-12-11 00:00:00,30,5.1
1997-01-07 00:00:00,0,2.8
1997-01-07 00:00:00,0.5,2.8
1997-02-02 00:00:00,0,3.5
1997-02-02 00:00:00,0.5,3.5
1997-03-04 00:00:00,0.5,3.6
1997-03-04 00:00:00,3,3.6
1997-03-04 00:00:00,3,3.6
1997-03-04 00:00:00,6,3.6
1997-03-04 00:00:00,9.5,3.6
1997-03-04 00:00:00,12,3.6
1997-03-04 00:00:00,14,3.6
1997-03-04 00:00:00,17,3.6
1997-03-04 00:00:00,21,3.6
1997-03-04 00:00:00,25,3.6
1997-03-04 00:00:00,29.5,3.6
1997-03-04 00:00:00,30,3.6
1997-03-20 00:00:00,0.5,3.3
1997-03-20 00:00:00,3,3.3
1997-03-20 00:00:00,5,3.3
1997-03-20 00:00:00,10,3.4
1997-03-20 00:00:00,15,3.6
1997-03-20 00:00:00,20,3.6
1997-03-20 00:00:00,25,3.6
1997-03-20 00:00:00,30,3.6
1997-04-10 00:00:00,0,3.4
1997-04-10 00:00:00,3,5.4
1997-04-10 00:00:00,3.5,5.3
1997-04-10 00:00:00,6,5.3
1997-04-10 00:00:00,8,5.4
1997-04-10 00:00:00,10,5.4
1997-04-10 00:00:00,10.5,5.4
1997-04-10 00:00:00,12.5,5.4
1997-04-10 00:00:00,15,5.3
1997-04-10 00:00:00,20,5.3
1997-04-10 00:00:00,20,5.3
1997-04-10 00:00:00,25,5.2
1997-04-10 00:00:00,28.5,5.1
1997-04-10 00:00:00,30,5.1
1997-04-28 00:00:00,0.5,7.4
1997-04-28 00:00:00,1,7.3
1997-04-28 00:00:00,2,7
1997-04-28 00:00:00,3,6.7
1997-04-28 00:00:00,4,6.7
1997-04-28 00:00:00,6,6.6
1997-04-28 00:00:00,8,6.5
1997-04-28 00:00:00,10,6.5
1997-04-28 00:00:00,10,6.5
1997-04-28 00:00:00,14,6.4
1997-04-28 00:00:00,15,6.4
1997-04-28 00:00:00,18,6.2
1997-04-28 00:00:00,20,6.2
1997-04-28 00:00:00,22,6.2
1997-04-28 00:00:00,25,6.2
1997-04-28 00:00:00,25,6.2
1997-04-28 00:00:00,27,6.2
1997-04-28 00:00:00,28,6.2
1997-04-28 00:00:00,29,6.2
1997-04-28 00:00:00,30,6.2
1997-05-06 00:00:00,0,8.9
1997-05-06 00:00:00,1,8.6
1997-05-06 00:00:00,2,8.5
1997-05-06 00:00:00,3,8.5
1997-05-06 00:00:00,3,8.5
1997-05-06 00:00:00,4,8.5
1997-05-06 00:00:00,5,8.5
1997-05-06 00:00:00,6,8.5
1997-05-06 00:00:00,7,8.5
1997-05-06 00:00:00,8,8.5
1997-05-06 00:00:00,9,8.1
1997-05-06 00:00:00,10,8.1
1997-05-06 00:00:00,13,7.5
1997-05-06 00:00:00,15,7
1997-05-06 00:00:00,19,6.5
1997-05-06 00:00:00,20,6.5
1997-05-06 00:00:00,25,6.1
1997-05-06 00:00:00,30,5.9
1997-05-21 00:00:00,0,11
1997-05-21 00:00:00,3,11
1997-05-21 00:00:00,3,11
1997-05-21 00:00:00,6,11
1997-05-21 00:00:00,9,10
1997-05-21 00:00:00,10,9.5
1997-05-21 00:00:00,12,9
1997-05-21 00:00:00,15,7.5
1997-05-21 00:00:00,20,6.5
1997-05-21 00:00:00,25,6
1997-05-21 00:00:00,30,6
1997-06-04 00:00:00,1,14.5
1997-06-04 00:00:00,3,14.5
1997-06-04 00:00:00,3,14.6
1997-06-04 00:00:00,4.5,14.5
1997-06-04 00:00:00,6,12.5
1997-06-04 00:00:00,7.5,11.2
1997-06-04 00:00:00,9,10.6
1997-06-04 00:00:00,10,10.2
1997-06-04 00:00:00,10.5,10.2
1997-06-04 00:00:00,12,9.5
1997-06-04 00:00:00,13.5,8.3
1997-06-04 00:00:00,14,7.9
1997-06-04 00:00:00,14.5,7.7
1997-06-04 00:00:00,15,7.6
1997-06-04 00:00:00,15.5,7.6
1997-06-04 00:00:00,16.5,7.4
1997-06-04 00:00:00,17.5,7.3
1997-06-04 00:00:00,18.5,7.1
1997-06-04 00:00:00,19.5,7
1997-06-04 00:00:00,20,6.9
1997-06-04 00:00:00,20.5,6.9
1997-06-04 00:00:00,21.5,6.8
1997-06-04 00:00:00,23,6.7
1997-06-04 00:00:00,24,6.7
1997-06-04 00:00:00,25,6.7
1997-06-04 00:00:00,25.5,6.7
1997-06-04 00:00:00,26.5,6.6
1997-06-04 00:00:00,28,6.6
1997-06-04 00:00:00,29,6.6
1997-06-04 00:00:00,29.5,6.6
1997-06-04 00:00:00,30,6.6
1997-06-17 00:00:00,0.5,16.5
1997-06-17 00:00:00,2,16.4
1997-06-17 00:00:00,3,16.4
1997-06-17 00:00:00,4,16.4
1997-06-17 00:00:00,6,15.7
1997-06-17 00:00:00,7,14.4
1997-06-17 00:00:00,8,12.5
1997-06-17 00:00:00,9,11.3
1997-06-17 00:00:00,10,10.4
1997-06-17 00:00:00,11,9.8
1997-06-17 00:00:00,12,9.2
1997-06-17 00:00:00,13,8.3
1997-06-17 00:00:00,14,7.9
1997-06-17 00:00:00,15,7.7
1997-06-17 00:00:00,16,7.3
1997-06-17 00:00:00,18,7.1
1997-06-17 00:00:00,20,6.9
1997-06-17 00:00:00,22,6.8
1997-06-17 00:00:00,24,6.7
1997-06-17 00:00:00,25,6.7
1997-06-17 00:00:00,26,6.7
1997-06-17 00:00:00,28,6.6
1997-06-17 00:00:00,29,6.6
1997-06-17 00:00:00,29,6.6
1997-07-01 00:00:00,0,17.8
1997-07-01 00:00:00,1,17.8
1997-07-01 00:00:00,2,17.7
1997-07-01 00:00:00,3,17.2
1997-07-01 00:00:00,3,17.2
1997-07-01 00:00:00,4,16.6
1997-07-01 00:00:00,5,16.5
1997-07-01 00:00:00,6,16.3
1997-07-01 00:00:00,7,16
1997-07-01 00:00:00,8,15
1997-07-01 00:00:00,9,13.5
1997-07-01 00:00:00,10,11.7
1997-07-01 00:00:00,11,10.4
1997-07-01 00:00:00,12,9.9
1997-07-01 00:00:00,13,8.8
1997-07-01 00:00:00,14,8.6
1997-07-01 00:00:00,15,7.9
1997-07-01 00:00:00,17,7.4
1997-07-01 00:00:00,19,7.4
1997-07-01 00:00:00,20,6.9
1997-07-01 00:00:00,22,6.6
1997-07-01 00:00:00,25,6.5
1997-07-01 00:00:00,27,6.4
1997-07-01 00:00:00,30,6.3
1997-07-15 00:00:00,0.5,21.2
1997-07-15 00:00:00,2,21.1
1997-07-15 00:00:00,3,21
1997-07-15 00:00:00,3,21
1997-07-15 00:00:00,5,20.1
1997-07-15 00:00:00,6,18.5
1997-07-15 00:00:00,7,17.7
1997-07-15 00:00:00,8,15.9
1997-07-15 00:00:00,9,15.4
1997-07-15 00:00:00,10,13.6
1997-07-15 00:00:00,12,11.2
1997-07-15 00:00:00,14,9.5
1997-07-15 00:00:00,15,9
1997-07-15 00:00:00,16,8.5
1997-07-15 00:00:00,20,7.1
1997-07-15 00:00:00,24,6.7
1997-07-15 00:00:00,25,6.6
1997-07-15 00:00:00,28,6.5
1997-07-15 00:00:00,30,6.4
1997-07-15 00:00:00,32,6.4
1997-07-29 00:00:00,0,19.4
1997-07-29 00:00:00,3,19.5
1997-07-29 00:00:00,3,19.5
1997-07-29 00:00:00,5,19.5
1997-07-29 00:00:00,6,19.4
1997-07-29 00:00:00,7,17.8
1997-07-29 00:00:00,8,16.1
1997-07-29 00:00:00,9,13.7
1997-07-29 00:00:00,10,11
1997-07-29 00:00:00,11,10
1997-07-29 00:00:00,12,9.5
1997-07-29 00:00:00,13,9
1997-07-29 00:00:00,14,8.4
1997-07-29 00:00:00,15,8
1997-07-29 00:00:00,17,7.7
1997-07-29 00:00:00,20,7.2
1997-07-29 00:00:00,22,6.9
1997-07-29 00:00:00,24,6.7
1997-07-29 00:00:00,25,6.7
1997-07-29 00:00:00,28,6.5
1997-07-29 00:00:00,30,6.4
1997-08-14 00:00:00,1,23.8
1997-08-14 00:00:00,2,23.5
1997-08-14 00:00:00,3,22.6
1997-08-14 00:00:00,3,22.6
1997-08-14 00:00:00,4,22.1
1997-08-14 00:00:00,5,21.5
1997-08-14 00:00:00,6,20.4
1997-08-14 00:00:00,7,19.6
1997-08-14 00:00:00,8,18.4
1997-08-14 00:00:00,9,16.8
1997-08-14 00:00:00,10,14.3
1997-08-14 00:00:00,11,12.6
1997-08-14 00:00:00,12,11.6
1997-08-14 00:00:00,13,10.1
1997-08-14 00:00:00,14,9.4
1997-08-14 00:00:00,15,9
1997-08-14 00:00:00,16,8.4
1997-08-14 00:00:00,18,7.6
1997-08-14 00:00:00,20,7.2
1997-08-14 00:00:00,22,6.8
1997-08-14 00:00:00,24,6.7
1997-08-14 00:00:00,25,6.6
1997-08-14 00:00:00,26,6.6
1997-08-14 00:00:00,28,6.5
1997-08-14 00:00:00,30,6.4
1997-08-26 00:00:00,0,22.5
1997-08-26 00:00:00,1,22.4
1997-08-26 00:00:00,2,22.4
1997-08-26 00:00:00,3,22.4
1997-08-26 00:00:00,3,22.4
1997-08-26 00:00:00,4,22.3
1997-08-26 00:00:00,5,22.1
1997-08-26 00:00:00,5.5,20.3
1997-08-26 00:00:00,6,20.3
1997-08-26 00:00:00,7,20
1997-08-26 00:00:00,8,17.8
1997-08-26 00:00:00,9,13.5
1997-08-26 00:00:00,10,15.3
1997-08-26 00:00:00,12,11.5
1997-08-26 00:00:00,14,9.7
1997-08-26 00:00:00,15,9.4
1997-08-26 00:00:00,16,8.5
1997-08-26 00:00:00,18,7.9
1997-08-26 00:00:00,20,7.4
1997-08-26 00:00:00,22,7.1
1997-08-26 00:00:00,25,6.9
1997-08-26 00:00:00,27,6.7
1997-08-26 00:00:00,30,6.6
1997-09-02 00:00:00,0,20.5
1997-09-02 00:00:00,1,20.7
1997-09-02 00:00:00,2,20.9
1997-09-02 00:00:00,3,21
1997-09-02 00:00:00,5,21
1997-09-02 00:00:00,6,20.6
1997-09-02 00:00:00,7,19.3
1997-09-02 00:00:00,8,15.7
1997-09-02 00:00:00,9,13.7
1997-09-02 00:00:00,10,11.9
1997-09-02 00:00:00,11,10.8
1997-09-02 00:00:00,12,9.6
1997-09-02 00:00:00,13,8.9
1997-09-02 00:00:00,14,8.6
1997-09-10 00:00:00,1,16.2
1997-09-10 00:00:00,3,16.2
1997-09-10 00:00:00,3,16.2
1997-09-10 00:00:00,5,16.2
1997-09-10 00:00:00,7,16.2
1997-09-10 00:00:00,9,16.2
1997-09-10 00:00:00,10,14.5
1997-09-10 00:00:00,10.5,13
1997-09-10 00:00:00,11,11
1997-09-10 00:00:00,12,10.3
1997-09-10 00:00:00,13,9.5
1997-09-10 00:00:00,15,8.8
1997-09-10 00:00:00,17,8.1
1997-09-10 00:00:00,19,7.4
1997-09-10 00:00:00,20,7.2
1997-09-10 00:00:00,22,7
1997-09-10 00:00:00,25,6.8
1997-09-10 00:00:00,28,6.8
1997-09-10 00:00:00,29,6.8
1997-09-23 00:00:00,0,13.4
1997-09-23 00:00:00,2,13.4
1997-09-23 00:00:00,3,13.4
1997-09-23 00:00:00,4,13.3
1997-09-23 00:00:00,6,13.3
1997-09-23 00:00:00,8,13.3
1997-09-23 00:00:00,10,13.3
1997-09-23 00:00:00,12,13.3
1997-09-23 00:00:00,13,11.8
1997-09-23 00:00:00,15,9.1
1997-09-23 00:00:00,17,8.6
1997-09-23 00:00:00,19,7.8
1997-09-23 00:00:00,20,7.6
1997-09-23 00:00:00,21,7.4
1997-09-23 00:00:00,25,7
1997-09-23 00:00:00,30,6.8
1997-10-09 00:00:00,0,13.5
1997-10-09 00:00:00,2,12.8
1997-10-09 00:00:00,3,12.8
1997-10-09 00:00:00,4,12.7
1997-10-09 00:00:00,8,12.5
1997-10-09 00:00:00,10,12.4
1997-10-09 00:00:00,12,12.3
1997-10-09 00:00:00,14,12
1997-10-09 00:00:00,15,11.7
1997-10-09 00:00:00,16,11.1
1997-10-09 00:00:00,17,9.3
1997-10-09 00:00:00,18,8.8
1997-10-09 00:00:00,19,8.2
1997-10-09 00:00:00,20,7.6
1997-10-09 00:00:00,22,7.3
1997-10-09 00:00:00,24,7
1997-10-09 00:00:00,25,6.8
1997-10-09 00:00:00,26,6.7
1997-10-09 00:00:00,27,6.7
1997-10-09 00:00:00,28,6.7
1997-10-09 00:00:00,29,6.7
1997-10-09 00:00:00,30,6.7
1997-10-09 00:00:00,31,6.7
1997-11-05 00:00:00,0.5,7.5
1997-11-05 00:00:00,2,7.5
1997-11-05 00:00:00,3,7.4
1997-11-05 00:00:00,5,7.5
1997-11-05 00:00:00,8,7.5
1997-11-05 00:00:00,10,7.5
1997-11-05 00:00:00,12,7.5
1997-11-05 00:00:00,15,7.5
1997-11-05 00:00:00,20,7.5
1997-11-05 00:00:00,22,7.5
1997-11-05 00:00:00,24,7.3
1997-11-05 00:00:00,25,7
1997-11-05 00:00:00,26,6.8
1997-11-05 00:00:00,28,6.6
1997-11-05 00:00:00,30,6.6
1997-12-02 00:00:00,0,3.9
1997-12-02 00:00:00,1,4.4
1997-12-02 00:00:00,2,4.6
1997-12-02 00:00:00,3,4.7
1997-12-02 00:00:00,3,4.7
1997-12-02 00:00:00,5,4.8
1997-12-02 00:00:00,8,4.9
1997-12-02 00:00:00,10,5
1997-12-02 00:00:00,15,5
1997-12-02 00:00:00,20,5
1997-12-02 00:00:00,25,5
1997-12-02 00:00:00,26,5
1997-12-02 00:00:00,27,5
1997-12-02 00:00:00,28,5
1997-12-02 00:00:00,29,5
1997-12-02 00:00:00,30,5
1998-01-06 00:00:00,0,4.6
1998-01-06 00:00:00,1,4.4
1998-01-06 00:00:00,2,4.1
1998-01-06 00:00:00,3,4.1
1998-01-06 00:00:00,3,4
1998-01-06 00:00:00,5,3.8
1998-01-06 00:00:00,7,3.7
1998-01-06 00:00:00,10,3.6
1998-01-06 00:00:00,13,3.6
1998-01-06 00:00:00,15,3.6
1998-01-06 00:00:00,20,3.6
1998-01-06 00:00:00,25,3.5
1998-01-06 00:00:00,30,3.5
1998-01-06 00:00:00,31,3.5
1998-02-03 00:00:00,0.5,3.4
1998-03-03 00:00:00,2,4
1998-03-03 00:00:00,3,4
1998-03-03 00:00:00,6,3.8
1998-03-03 00:00:00,10,3.8
1998-03-03 00:00:00,16,3.7
1998-03-03 00:00:00,20,3.7
1998-03-03 00:00:00,26,3.8
1998-03-03 00:00:00,30,3.8
1998-03-19 00:00:00,0.5,4
1998-03-19 00:00:00,2,4
1998-03-19 00:00:00,3,4
1998-03-19 00:00:00,6,4
1998-03-19 00:00:00,10,4
1998-03-19 00:00:00,15,3.9
1998-03-19 00:00:00,20,3.9
1998-03-19 00:00:00,25,3.9
1998-03-19 00:00:00,30,3.9
1998-03-31 00:00:00,0.5,5.6
1998-03-31 00:00:00,3,5.3
1998-03-31 00:00:00,3,5.3
1998-03-31 00:00:00,5,5.2
1998-03-31 00:00:00,11,5
1998-03-31 00:00:00,15,4.9
1998-03-31 00:00:00,21,4.5
1998-03-31 00:00:00,25,4.4
1998-03-31 00:00:00,29,4.3
1998-03-31 00:00:00,30,4.3
1998-04-16 00:00:00,0,5.3
1998-04-16 00:00:00,2,5.2
1998-04-16 00:00:00,3,5.2
1998-04-16 00:00:00,5,5.2
1998-04-16 00:00:00,10,5.2
1998-04-16 00:00:00,15,5.1
1998-04-16 00:00:00,20,5.1
1998-04-16 00:00:00,25,5.1
1998-04-16 00:00:00,29,5
1998-04-16 00:00:00,30,5
1998-04-30 00:00:00,0.5,8
1998-04-30 00:00:00,2,7.7
1998-04-30 00:00:00,3,7.6
1998-04-30 00:00:00,4,7.6
1998-04-30 00:00:00,6,7.5
1998-04-30 00:00:00,8,7.4
1998-04-30 00:00:00,10,7.3
1998-04-30 00:00:00,12,6.9
1998-04-30 00:00:00,14,6.5
1998-04-30 00:00:00,15,6.4
1998-04-30 00:00:00,16,6.2
1998-04-30 00:00:00,18,5.9
1998-04-30 00:00:00,20,5.8
1998-04-30 00:00:00,22,5.7
1998-04-30 00:00:00,24,5.6
1998-04-30 00:00:00,25,5.5
1998-04-30 00:00:00,26,5.5
1998-04-30 00:00:00,28,5.5
1998-04-30 00:00:00,30,5.4
1998-05-14 00:00:00,0,12.5
1998-05-14 00:00:00,2,12.3
1998-05-14 00:00:00,3,12.3
1998-05-14 00:00:00,4,11.9
1998-05-14 00:00:00,6,11.4
1998-05-14 00:00:00,8,10.8
1998-05-14 00:00:00,9,9.6
1998-05-14 00:00:00,10,9
1998-05-14 00:00:00,12,7.9
1998-05-14 00:00:00,14,6.9
1998-05-14 00:00:00,15,6.7
1998-05-14 00:00:00,16,6.6
1998-05-14 00:00:00,18,6.4
1998-05-14 00:00:00,20,6.1
1998-05-14 00:00:00,22,6
1998-05-14 00:00:00,24,5.9
1998-05-14 00:00:00,25,5.9
1998-05-14 00:00:00,27,5.8
1998-05-14 00:00:00,29,5.7
1998-05-14 00:00:00,30,5.7
1998-05-26 00:00:00,0,12.8
1998-05-26 00:00:00,2,13
1998-05-26 00:00:00,3,13
1998-05-26 00:00:00,4,13
1998-05-26 00:00:00,6,13.1
1998-05-26 00:00:00,8,11.9
1998-05-26 00:00:00,9,10.5
1998-05-26 00:00:00,10,9.4
1998-05-26 00:00:00,12,8
1998-05-26 00:00:00,14,7.3
1998-05-26 00:00:00,15,7.3
1998-05-26 00:00:00,16,6.7
1998-05-26 00:00:00,18,6.4
1998-05-26 00:00:00,20,6.2
1998-05-26 00:00:00,22,6.1
1998-05-26 00:00:00,24,6
1998-05-26 00:00:00,25,6
1998-05-26 00:00:00,26,5.9
1998-05-26 00:00:00,28,5.8
1998-05-26 00:00:00,30,5.8
1998-06-11 00:00:00,0,15.6
1998-06-11 00:00:00,3,15.5
1998-06-11 00:00:00,3,15.5
1998-06-11 00:00:00,5,15.5
1998-06-11 00:00:00,7,15.3
1998-06-11 00:00:00,8,14.9
1998-06-11 00:00:00,8.5,14.1
1998-06-11 00:00:00,9,12.4
1998-06-11 00:00:00,9.5,11
1998-06-11 00:00:00,10,10.4
1998-06-11 00:00:00,11,9
1998-06-11 00:00:00,12,8.5
1998-06-11 00:00:00,14,7.2
1998-06-11 00:00:00,15,7
1998-06-11 00:00:00,16,7
1998-06-11 00:00:00,18,6.8
1998-06-11 00:00:00,20,6.4
1998-06-11 00:00:00,22,6.1
1998-06-11 00:00:00,24,6.1
1998-06-11 00:00:00,25,6
1998-06-11 00:00:00,26,6
1998-06-11 00:00:00,28,5.9
1998-06-11 00:00:00,29,5.9
1998-06-11 00:00:00,29.5,5.9
1998-06-25 00:00:00,0.5,17.5
1998-06-25 00:00:00,1,17.5
1998-06-25 00:00:00,2,16.8
1998-06-25 00:00:00,3,16.5
1998-06-25 00:00:00,4,16.1
1998-06-25 00:00:00,6,15.7
1998-06-25 00:00:00,7,15
1998-06-25 00:00:00,8,14.2
1998-06-25 00:00:00,9,13.6
1998-06-25 00:00:00,10,13
1998-06-25 00:00:00,11,12.1
1998-06-25 00:00:00,12,10.7
1998-06-25 00:00:00,13,8.1
1998-06-25 00:00:00,14,7.3
1998-06-25 00:00:00,15,6.9
1998-06-25 00:00:00,17,6.5
1998-06-25 00:00:00,19,6.2
1998-06-25 00:00:00,21,6
1998-06-25 00:00:00,23,5.9
1998-06-25 00:00:00,25,5.8
1998-06-25 00:00:00,27,5.8
1998-06-25 00:00:00,29,5.8
1998-06-25 00:00:00,30,5.8
1998-07-08 00:00:00,0,17.2
1998-07-08 00:00:00,1,16.5
1998-07-08 00:00:00,2,16.2
1998-07-08 00:00:00,3,15.9
1998-07-08 00:00:00,3,15.9
1998-07-08 00:00:00,4,15.9
1998-07-08 00:00:00,5,15.5
1998-07-08 00:00:00,6,15.5
1998-07-08 00:00:00,7,15.5
1998-07-08 00:00:00,8,15.5
1998-07-08 00:00:00,9,15.3
1998-07-08 00:00:00,10,14.5
1998-07-08 00:00:00,11,12.8
1998-07-08 00:00:00,12,11.5
1998-07-08 00:00:00,13,9.6
1998-07-08 00:00:00,14,8.3
1998-07-08 00:00:00,15,7.6
1998-07-08 00:00:00,16,7.1
1998-07-08 00:00:00,17,6.8
1998-07-08 00:00:00,18,6.6
1998-07-08 00:00:00,19,6.4
1998-07-08 00:00:00,20,6.1
1998-07-08 00:00:00,21,6.1
1998-07-08 00:00:00,22,6
1998-07-08 00:00:00,23,5.9
1998-07-08 00:00:00,24,5.9
1998-07-08 00:00:00,25,5.9
1998-07-08 00:00:00,26,5.8
1998-07-08 00:00:00,27,5.8
1998-07-08 00:00:00,28,5.8
1998-07-08 00:00:00,29,5.8
1998-07-08 00:00:00,30,5.8
1998-07-28 00:00:00,0,16.9
1998-07-28 00:00:00,1,17
1998-07-28 00:00:00,2,17
1998-07-28 00:00:00,3,17
1998-07-28 00:00:00,3,17
1998-07-28 00:00:00,4,17
1998-07-28 00:00:00,5,17
1998-07-28 00:00:00,6,17
1998-07-28 00:00:00,7,16.9
1998-07-28 00:00:00,8,16.7
1998-07-28 00:00:00,9,16.3
1998-07-28 00:00:00,10,15.2
1998-07-28 00:00:00,11,14.5
1998-07-28 00:00:00,12,13.2
1998-07-28 00:00:00,13,11.7
1998-07-28 00:00:00,14,10.4
1998-07-28 00:00:00,15,8.4
1998-07-28 00:00:00,16,7.7
1998-07-28 00:00:00,17,7
1998-07-28 00:00:00,18,7
1998-07-28 00:00:00,20,6.6
1998-07-28 00:00:00,22,6.4
1998-07-28 00:00:00,24,6.2
1998-07-28 00:00:00,25,6.1
1998-07-28 00:00:00,26,6.1
1998-07-28 00:00:00,28,6
1998-07-28 00:00:00,30,6
1998-08-17 00:00:00,0,17.6
1998-08-17 00:00:00,2,17.6
1998-08-17 00:00:00,3,17.55
1998-08-17 00:00:00,4,17.5
1998-08-17 00:00:00,6,17.5
1998-08-17 00:00:00,8,17.5
1998-08-17 00:00:00,10,17.1
1998-08-17 00:00:00,11,16.8
1998-08-17 00:00:00,12,16
1998-08-17 00:00:00,13,14.3
1998-08-17 00:00:00,14,12.6
1998-08-17 00:00:00,15,10.2
1998-08-17 00:00:00,16,9.6
1998-08-17 00:00:00,18,8.4
1998-08-17 00:00:00,20,7.8
1998-08-17 00:00:00,22,7.3
1998-08-17 00:00:00,24,6.9
1998-08-17 00:00:00,25,6.6
1998-08-17 00:00:00,26,6.5
1998-08-17 00:00:00,28,6.4
1998-08-17 00:00:00,30,6.3
1998-09-01 00:00:00,1,15.9
1998-09-01 00:00:00,3,15.9
1998-09-01 00:00:00,3,15.9
1998-09-01 00:00:00,5,15.8
1998-09-01 00:00:00,7,15.7
1998-09-01 00:00:00,9,15.7
1998-09-01 00:00:00,11,15.6
1998-09-01 00:00:00,13,15.2
1998-09-01 00:00:00,15,11.5
1998-09-01 00:00:00,17,8.3
1998-09-01 00:00:00,19,7.5
1998-09-01 00:00:00,20,7.2
1998-09-01 00:00:00,21,6.9
1998-09-01 00:00:00,23,6.4
1998-09-01 00:00:00,25,6.3
1998-09-01 00:00:00,27,6.2
1998-09-01 00:00:00,29,6.2
1998-09-01 00:00:00,29.5,6.2
1998-09-01 00:00:00,30,6.1
1998-09-17 00:00:00,1,14.4
1998-09-17 00:00:00,3,14.6
1998-09-17 00:00:00,3,14.6
1998-09-17 00:00:00,5,14.6
1998-09-17 00:00:00,7,14.7
1998-09-17 00:00:00,9,14.8
1998-09-17 00:00:00,11,14.8
1998-09-17 00:00:00,13,14.7
1998-09-17 00:00:00,14,13.5
1998-09-17 00:00:00,15,10.5
1998-09-17 00:00:00,17,8.4
1998-09-17 00:00:00,19,7
1998-09-17 00:00:00,20,6.8
1998-09-17 00:00:00,22,6.7
1998-09-17 00:00:00,24,6.5
1998-09-17 00:00:00,25,6.5
1998-09-17 00:00:00,26,6.4
1998-09-17 00:00:00,28,6.3
1998-09-17 00:00:00,29.5,6.1
1998-09-17 00:00:00,30,6.1
1998-09-30 00:00:00,0,13.9
1998-09-30 00:00:00,2,14.2
1998-09-30 00:00:00,3,14.2
1998-09-30 00:00:00,4,14.2
1998-09-30 00:00:00,6,14.3
1998-09-30 00:00:00,8,14.3
1998-09-30 00:00:00,10,14.4
1998-09-30 00:00:00,12,14.4
1998-09-30 00:00:00,13,14.3
1998-09-30 00:00:00,14,13.3
1998-09-30 00:00:00,15,11.1
1998-09-30 00:00:00,16,9.2
1998-09-30 00:00:00,17,7.8
1998-09-30 00:00:00,18,7.4
1998-09-30 00:00:00,20,6.9
1998-09-30 00:00:00,22,6.5
1998-09-30 00:00:00,25,6.3
1998-09-30 00:00:00,28,6.1
1998-09-30 00:00:00,29.5,6.1
1998-10-12 00:00:00,0,11.1
1998-10-12 00:00:00,2,11.2
1998-10-12 00:00:00,3,11.3
1998-10-12 00:00:00,4,11.3
1998-10-12 00:00:00,6,11.3
1998-10-12 00:00:00,10,11.3
1998-10-12 00:00:00,15,11.3
1998-10-12 00:00:00,17,10.9
1998-10-12 00:00:00,18,10.4
1998-10-12 00:00:00,19,8
1998-10-12 00:00:00,20,7.4
1998-10-12 00:00:00,25,6.6
1998-10-12 00:00:00,30,6.4
1998-11-04 00:00:00,1,7.7
1998-11-04 00:00:00,3,7.9
1998-11-04 00:00:00,5,7.9
1998-11-04 00:00:00,10,7.9
1998-11-04 00:00:00,15,7.9
1998-11-04 00:00:00,20,8
1998-11-04 00:00:00,25,8
1998-11-04 00:00:00,30,7.9
1998-11-04 00:00:00,31,7.9
1998-12-01 00:00:00,0.5,4.3
1998-12-01 00:00:00,3,4.3
1998-12-01 00:00:00,5,4.3
1998-12-01 00:00:00,10,4.4
1998-12-01 00:00:00,15,4.4
1998-12-01 00:00:00,20,4.5
1998-12-01 00:00:00,25,4.6
1998-12-01 00:00:00,28,4.6
1999-01-28 00:00:00,0,2.7
1999-01-28 00:00:00,3,2.7
1999-01-28 00:00:00,15,2.6
1999-01-28 00:00:00,20,2.6
1999-01-28 00:00:00,30,2.6
1999-03-02 00:00:00,0.5,2.4
1999-03-02 00:00:00,2,2.4
1999-03-02 00:00:00,3,2.4
1999-03-02 00:00:00,5,2.4
1999-03-02 00:00:00,10,2.4
1999-03-02 00:00:00,15,2.4
1999-03-02 00:00:00,20,2.4
1999-03-02 00:00:00,25,2.4
1999-03-02 00:00:00,30,2.4
1999-03-23 00:00:00,0.5,2.8
1999-03-23 00:00:00,2,2.8
1999-03-23 00:00:00,3,2.8
1999-03-23 00:00:00,5,2.8
1999-03-23 00:00:00,10,2.8
1999-03-23 00:00:00,15,2.8
1999-03-23 00:00:00,20,2.8
1999-03-23 00:00:00,25,2.8
1999-03-23 00:00:00,30,2.8
1999-03-23 00:00:00,30.5,2.8
1999-03-23 00:00:00,31,2.8
1999-03-29 00:00:00,0.5,3.4
1999-03-29 00:00:00,3,3.3
1999-03-29 00:00:00,10,3.3
1999-03-29 00:00:00,15,3.3
1999-03-29 00:00:00,20,3.3
1999-03-29 00:00:00,25,3.4
1999-03-29 00:00:00,30,3.4
1999-04-07 00:00:00,0,5.1
1999-04-07 00:00:00,2,5
1999-04-07 00:00:00,3,5
1999-04-07 00:00:00,5,5
1999-04-07 00:00:00,10,4.9
1999-04-07 00:00:00,15,4.8
1999-04-07 00:00:00,20,4.8
1999-04-07 00:00:00,25,4.8
1999-04-07 00:00:00,30,4.8
1999-04-21 00:00:00,0,6.2
1999-04-21 00:00:00,2,6.1
1999-04-21 00:00:00,3,6.1
1999-04-21 00:00:00,5,5.9
1999-04-21 00:00:00,7,5.8
1999-04-21 00:00:00,10,5.7
1999-04-21 00:00:00,15,5.6
1999-04-21 00:00:00,20,5.5
1999-04-21 00:00:00,25,5.4
1999-04-21 00:00:00,30,5.4
1999-05-05 00:00:00,0.5,9.3
1999-05-05 00:00:00,2,9.3
1999-05-05 00:00:00,3,9.3
1999-05-05 00:00:00,4,9.2
1999-05-05 00:00:00,6,9
1999-05-05 00:00:00,8,8.2
1999-05-05 00:00:00,10,7.8
1999-05-05 00:00:00,12,7.4
1999-05-05 00:00:00,14,6.6
1999-05-05 00:00:00,15,6.5
1999-05-05 00:00:00,16,6.4
1999-05-05 00:00:00,18,6.2
1999-05-05 00:00:00,20,6.1
1999-05-05 00:00:00,22,6
1999-05-05 00:00:00,24,5.8
1999-05-05 00:00:00,25,5.8
1999-05-05 00:00:00,26,5.8
1999-05-05 00:00:00,28,5.8
1999-05-05 00:00:00,29,5.7
1999-05-05 00:00:00,30,5.7
1999-05-18 00:00:00,0.5,11.9
1999-05-18 00:00:00,2,11.5
1999-05-18 00:00:00,3,11.1
1999-05-18 00:00:00,4,10.8
1999-05-18 00:00:00,6,10.4
1999-05-18 00:00:00,8,10.2
1999-05-18 00:00:00,10,9.7
1999-05-18 00:00:00,12,9.2
1999-05-18 00:00:00,14,7.4
1999-05-18 00:00:00,15,7.1
1999-05-18 00:00:00,16,6.8
1999-05-18 00:00:00,18,6.6
1999-05-18 00:00:00,20,6.4
1999-05-18 00:00:00,22,6.3
1999-05-18 00:00:00,24,6.1
1999-05-18 00:00:00,25,6
1999-05-18 00:00:00,26,6
1999-05-18 00:00:00,28,5.9
1999-05-18 00:00:00,29,5.8
1999-05-18 00:00:00,30,5.8
1999-06-03 00:00:00,0.5,15.6
1999-06-03 00:00:00,2,15.5
1999-06-03 00:00:00,3,15.4
1999-06-03 00:00:00,5,15.2
1999-06-03 00:00:00,7,14.4
1999-06-03 00:00:00,8.5,12.8
1999-06-03 00:00:00,10,12
1999-06-03 00:00:00,12,9.8
1999-06-03 00:00:00,13,8.8
1999-06-03 00:00:00,14,8
1999-06-03 00:00:00,15,7.5
1999-06-03 00:00:00,17,7
1999-06-03 00:00:00,20,6.5
1999-06-03 00:00:00,25,6.2
1999-06-03 00:00:00,30,6.1
1999-06-03 00:00:00,31,6
1999-06-16 00:00:00,0.5,16.9
1999-06-16 00:00:00,1,17
1999-06-16 00:00:00,2,17
1999-06-16 00:00:00,3,16.9
1999-06-16 00:00:00,4,16.8
1999-06-16 00:00:00,6,15.4
1999-06-16 00:00:00,8,15
1999-06-16 00:00:00,9,14
1999-06-16 00:00:00,10,12.2
1999-06-16 00:00:00,11,10.9
1999-06-16 00:00:00,12,9.3
1999-06-16 00:00:00,13,8.4
1999-06-16 00:00:00,15,7.9
1999-06-16 00:00:00,17,7.2
1999-06-16 00:00:00,20,6.7
1999-06-16 00:00:00,22,6.5
1999-06-16 00:00:00,25,6.3
1999-06-16 00:00:00,27,6.2
1999-06-16 00:00:00,30,6.2
1999-06-30 00:00:00,0,16.7
1999-06-30 00:00:00,1,16.7
1999-06-30 00:00:00,2,16.7
1999-06-30 00:00:00,3,16.7
1999-06-30 00:00:00,3,16.7
1999-06-30 00:00:00,5,16.6
1999-06-30 00:00:00,7,16.1
1999-06-30 00:00:00,8,15.7
1999-06-30 00:00:00,9,14.7
1999-06-30 00:00:00,10,13.3
1999-06-30 00:00:00,11,12
1999-06-30 00:00:00,12,11.1
1999-06-30 00:00:00,13,10.5
1999-06-30 00:00:00,15,8.7
1999-06-30 00:00:00,17,7.9
1999-06-30 00:00:00,19,7.4
1999-06-30 00:00:00,20,7.3
1999-06-30 00:00:00,21,7.2
1999-06-30 00:00:00,23,6.9
1999-06-30 00:00:00,25,6.8
1999-06-30 00:00:00,26,6.7
1999-06-30 00:00:00,27,6.6
1999-06-30 00:00:00,28,6.6
1999-06-30 00:00:00,29,6.5
1999-06-30 00:00:00,30,6.5
1999-07-13 00:00:00,0.5,23
1999-07-13 00:00:00,1,22.3
1999-07-13 00:00:00,2,21
1999-07-13 00:00:00,2.5,20.5
1999-07-13 00:00:00,3,19.8
1999-07-13 00:00:00,4,18.6
1999-07-13 00:00:00,4.5,17.5
1999-07-13 00:00:00,5,17.4
1999-07-13 00:00:00,6,17
1999-07-13 00:00:00,8,16.2
1999-07-13 00:00:00,10,13.8
1999-07-13 00:00:00,10.5,12.3
1999-07-13 00:00:00,11,11.5
1999-07-13 00:00:00,12,10.3
1999-07-13 00:00:00,13,9.5
1999-07-13 00:00:00,15,8.3
1999-07-13 00:00:00,16,7.7
1999-07-13 00:00:00,17,7.3
1999-07-13 00:00:00,19,6.9
1999-07-13 00:00:00,20,6.8
1999-07-13 00:00:00,21,6.7
1999-07-13 00:00:00,23,6.5
1999-07-13 00:00:00,25,6.4
1999-07-13 00:00:00,27,6.3
1999-07-13 00:00:00,29,6.3
1999-07-13 00:00:00,31,6.2
1999-07-28 00:00:00,0.5,20.2
1999-07-28 00:00:00,1,19.9
1999-07-28 00:00:00,2,19.5
1999-07-28 00:00:00,3,19.3
1999-07-28 00:00:00,6,18.9
1999-07-28 00:00:00,8,17.6
1999-07-28 00:00:00,9,15.2
1999-07-28 00:00:00,10,13.7
1999-07-28 00:00:00,11,12.7
1999-07-28 00:00:00,12,11.6
1999-07-28 00:00:00,13,10.8
1999-07-28 00:00:00,14,9.3
1999-07-28 00:00:00,15,8.5
1999-07-28 00:00:00,18,7.7
1999-07-28 00:00:00,20,7.2
1999-07-28 00:00:00,23,6.9
1999-07-28 00:00:00,25,6.7
1999-07-28 00:00:00,28,6.6
1999-07-28 00:00:00,30,6.6
1999-07-28 00:00:00,30.5,6.5
1999-08-11 00:00:00,0.5,20.2
1999-08-11 00:00:00,1,20.4
1999-08-11 00:00:00,3,20.5
1999-08-11 00:00:00,4,20.6
1999-08-11 00:00:00,7,18.8
1999-08-11 00:00:00,8,17.8
1999-08-11 00:00:00,9,16.2
1999-08-11 00:00:00,10,13.5
1999-08-11 00:00:00,11,12.1
1999-08-11 00:00:00,12,10.8
1999-08-11 00:00:00,13,9.9
1999-08-11 00:00:00,15,8.5
1999-08-11 00:00:00,18,7.6
1999-08-11 00:00:00,20,7.2
1999-08-11 00:00:00,23,6.8
1999-08-11 00:00:00,25,6.8
1999-08-11 00:00:00,28,6.6
1999-08-11 00:00:00,29.5,6.6
1999-08-11 00:00:00,30,6.6
1999-08-25 00:00:00,0,18.5
1999-08-25 00:00:00,1,18.4
1999-08-25 00:00:00,2,18.2
1999-08-25 00:00:00,3,18.2
1999-08-25 00:00:00,5,18.1
1999-08-25 00:00:00,7,18.1
1999-08-25 00:00:00,8,17.4
1999-08-25 00:00:00,9,16.6
1999-08-25 00:00:00,10,13.4
1999-08-25 00:00:00,11,12.9
1999-08-25 00:00:00,12,11.8
1999-08-25 00:00:00,13,10.4
1999-08-25 00:00:00,15,9
1999-08-25 00:00:00,17,8.4
1999-08-25 00:00:00,19,7.8
1999-08-25 00:00:00,20,7.3
1999-08-25 00:00:00,21,7.3
1999-08-25 00:00:00,23,7
1999-08-25 00:00:00,25,6.9
1999-08-25 00:00:00,27,6.8
1999-08-25 00:00:00,29,6.7
1999-08-25 00:00:00,30,6.7
1999-09-08 00:00:00,0.5,19.2
1999-09-08 00:00:00,1,19.2
1999-09-08 00:00:00,3,19.1
1999-09-08 00:00:00,5,18.5
1999-09-08 00:00:00,8,17.7
1999-09-08 00:00:00,10,15.8
1999-09-08 00:00:00,11,13.5
1999-09-08 00:00:00,12,11.5
1999-09-08 00:00:00,15,9.4
1999-09-08 00:00:00,17,8.2
1999-09-08 00:00:00,20,7.5
1999-09-08 00:00:00,23,7.2
1999-09-08 00:00:00,25,7
1999-09-08 00:00:00,28,6.8
1999-09-08 00:00:00,30,6.7
1999-09-22 00:00:00,0.5,17.6
1999-09-22 00:00:00,1,17.4
1999-09-22 00:00:00,2,17.2
1999-09-22 00:00:00,3,17.2
1999-09-22 00:00:00,3,17.2
1999-09-22 00:00:00,4,17.2
1999-09-22 00:00:00,5,17.1
1999-09-22 00:00:00,6,17.1
1999-09-22 00:00:00,8,17.1
1999-09-22 00:00:00,10,16.8
1999-09-22 00:00:00,11,14.6
1999-09-22 00:00:00,11.5,14
1999-09-22 00:00:00,12,12.7
1999-09-22 00:00:00,13,11
1999-09-22 00:00:00,14,9.7
1999-09-22 00:00:00,15,8.9
1999-09-22 00:00:00,17,7.9
1999-09-22 00:00:00,19,7.3
1999-09-22 00:00:00,20,7.2
1999-09-22 00:00:00,22,7
1999-09-22 00:00:00,25,6.9
1999-09-22 00:00:00,27,6.7
1999-09-22 00:00:00,30,6.7
1999-10-20 00:00:00,3,11.1
1999-10-20 00:00:00,10,11.3
1999-10-20 00:00:00,13,10.3
1999-10-20 00:00:00,15,10.2
1999-10-20 00:00:00,16,8.7
1999-10-20 00:00:00,17,8.2
1999-10-20 00:00:00,18,7.5
1999-10-20 00:00:00,19,7.2
1999-10-20 00:00:00,20,6.8
1999-10-20 00:00:00,22,6.7
1999-10-20 00:00:00,25,6.5
1999-10-20 00:00:00,30,6.3
1999-11-17 00:00:00,0.5,7.3
1999-11-17 00:00:00,2,7.4
1999-11-17 00:00:00,3,7.5
1999-11-17 00:00:00,5,7.6
1999-11-17 00:00:00,10,7.7
1999-11-17 00:00:00,15,7.7
1999-11-17 00:00:00,20,7.7
1999-11-17 00:00:00,23,7.6
1999-11-17 00:00:00,24,7
1999-11-17 00:00:00,25,6.8
1999-11-17 00:00:00,27,6.4
1999-11-17 00:00:00,29,6.4
1999-11-17 00:00:00,30,6.3
1999-11-17 00:00:00,31,6.3
1999-12-20 00:00:00,0.5,4.1
1999-12-20 00:00:00,1,4
1999-12-20 00:00:00,2,3.9
1999-12-20 00:00:00,3,3.9
1999-12-20 00:00:00,5,3.9
1999-12-20 00:00:00,10,3.9
1999-12-20 00:00:00,15,3.9
1999-12-20 00:00:00,20,3.9
1999-12-20 00:00:00,25,3.9
1999-12-20 00:00:00,29,3.8
1999-12-20 00:00:00,30,3.8
2000-01-13 00:00:00,0.5,3.4
2000-01-13 00:00:00,3,3.5
2000-01-13 00:00:00,5,3.5
2000-01-13 00:00:00,10,3.5
2000-01-13 00:00:00,15,3.5
2000-01-13 00:00:00,20,3.5
2000-01-13 00:00:00,25,3.5
2000-01-13 00:00:00,29,3.5
2000-01-13 00:00:00,30,3.5
2000-02-09 00:00:00,0.5,3.2
2000-02-09 00:00:00,3,3.2
2000-02-09 00:00:00,10,3.2
2000-02-09 00:00:00,15,3.2
2000-02-09 00:00:00,20,3.1
2000-02-09 00:00:00,25,3.1
2000-02-09 00:00:00,29,3.1
2000-02-09 00:00:00,30,3.1
2000-03-09 00:00:00,0.5,3.1
2000-03-09 00:00:00,1,3.1
2000-03-09 00:00:00,3,3.1
2000-03-09 00:00:00,5,3.1
2000-03-09 00:00:00,10,3.1
2000-03-09 00:00:00,15,3.1
2000-03-09 00:00:00,20,3.1
2000-03-09 00:00:00,25,3.1
2000-03-09 00:00:00,30,3.1
2000-03-21 00:00:00,0.5,5.4
2000-03-21 00:00:00,2,4.4
2000-03-21 00:00:00,3,3.8
2000-03-21 00:00:00,5,3.7
2000-03-21 00:00:00,10,3.7
2000-03-21 00:00:00,15,3.6
2000-03-21 00:00:00,20,3.6
2000-03-21 00:00:00,25,3.6
2000-03-21 00:00:00,30,3.6
2000-04-12 00:00:00,0.5,6.2
2000-04-12 00:00:00,1,5.8
2000-04-12 00:00:00,2,5.7
2000-04-12 00:00:00,3,5.7
2000-04-12 00:00:00,5,5.6
2000-04-12 00:00:00,7,5.6
2000-04-12 00:00:00,10,5.3
2000-04-12 00:00:00,15,5.1
2000-04-12 00:00:00,20,5
2000-04-12 00:00:00,25,4.9
2000-04-12 00:00:00,30,4.8
2000-04-27 00:00:00,0.5,11.6
2000-04-27 00:00:00,1,10.4
2000-04-27 00:00:00,2,9.7
2000-04-27 00:00:00,3,9.3
2000-04-27 00:00:00,5,8.6
2000-04-27 00:00:00,7,8
2000-04-27 00:00:00,10,7.4
2000-04-27 00:00:00,12,6.8
2000-04-27 00:00:00,14,6.2
2000-04-27 00:00:00,16,6
2000-04-27 00:00:00,19,5.9
2000-04-27 00:00:00,20,5.9
2000-04-27 00:00:00,22,5.8
2000-04-27 00:00:00,25,5.7
2000-04-27 00:00:00,28,5.6
2000-04-27 00:00:00,30,5.5
2000-05-09 00:00:00,0.5,15
2000-05-09 00:00:00,1,14.7
2000-05-09 00:00:00,2,14.7
2000-05-09 00:00:00,3,14.6
2000-05-09 00:00:00,4,12.6
2000-05-09 00:00:00,5,10.7
2000-05-09 00:00:00,6,9.7
2000-05-09 00:00:00,7,8.7
2000-05-09 00:00:00,8,7.8
2000-05-09 00:00:00,9,7.4
2000-05-09 00:00:00,10,7.2
2000-05-09 00:00:00,11,6.7
2000-05-09 00:00:00,12,6.4
2000-05-09 00:00:00,14,6.1
2000-05-09 00:00:00,17,5.7
2000-05-09 00:00:00,20,5.4
2000-05-09 00:00:00,25,5.3
2000-05-09 00:00:00,30,5.3
2000-05-29 00:00:00,0.5,12.5
2000-05-29 00:00:00,2,12.6
2000-05-29 00:00:00,3,12.7
2000-05-29 00:00:00,5,12.8
2000-05-29 00:00:00,7,12.8
2000-05-29 00:00:00,9,11.4
2000-05-29 00:00:00,10,8.6
2000-05-29 00:00:00,11,7.8
2000-05-29 00:00:00,12,6.8
2000-05-29 00:00:00,14,6.4
2000-05-29 00:00:00,17,6.6
2000-05-29 00:00:00,20,5.8
2000-05-29 00:00:00,22,5.8
2000-05-29 00:00:00,24,5.6
2000-05-29 00:00:00,27,5.5
2000-05-29 00:00:00,30,5.4
2000-06-07 00:00:00,0.5,12.5
2000-06-07 00:00:00,1,12.6
2000-06-07 00:00:00,2,12.6
2000-06-07 00:00:00,3,12.6
2000-06-07 00:00:00,4,12.7
2000-06-07 00:00:00,6,12.7
2000-06-07 00:00:00,8,12.7
2000-06-07 00:00:00,9,11.8
2000-06-07 00:00:00,10,9.9
2000-06-07 00:00:00,11,8.5
2000-06-07 00:00:00,12,7.3
2000-06-07 00:00:00,13,6.7
2000-06-07 00:00:00,14,6.5
2000-06-07 00:00:00,16,6.1
2000-06-07 00:00:00,18,5.8
2000-06-07 00:00:00,20,5.7
2000-06-07 00:00:00,22,5.5
2000-06-07 00:00:00,22.5,5.7
2000-06-07 00:00:00,24,5.4
2000-06-07 00:00:00,26,5.4
2000-06-07 00:00:00,28,5.4
2000-06-07 00:00:00,29,5.4
2000-06-22 00:00:00,0.5,18.9
2000-06-22 00:00:00,1,18.9
2000-06-22 00:00:00,2,19
2000-06-22 00:00:00,3,18.8
2000-06-22 00:00:00,4,16.7
2000-06-22 00:00:00,5,15.7
2000-06-22 00:00:00,6,15
2000-06-22 00:00:00,7,14.5
2000-06-22 00:00:00,8,14.2
2000-06-22 00:00:00,9,13.4
2000-06-22 00:00:00,10,12.8
2000-06-22 00:00:00,11,11.8
2000-06-22 00:00:00,12,9.5
2000-06-22 00:00:00,13,7
2000-06-22 00:00:00,14,6.8
2000-06-22 00:00:00,16,6.4
2000-06-22 00:00:00,18,6.2
2000-06-22 00:00:00,20,6
2000-06-22 00:00:00,22,5.9
2000-06-22 00:00:00,22.5,5.8
2000-06-22 00:00:00,24,5.8
2000-06-22 00:00:00,26,5.8
2000-06-22 00:00:00,28,5.7
2000-06-22 00:00:00,30,5.7
2000-07-05 00:00:00,0.5,20
2000-07-05 00:00:00,1,19.7
2000-07-05 00:00:00,2,18.7
2000-07-05 00:00:00,3,16.5
2000-07-05 00:00:00,4,15.6
2000-07-05 00:00:00,5,15.3
2000-07-05 00:00:00,7,15
2000-07-05 00:00:00,9,14.8
2000-07-05 00:00:00,11,12.5
2000-07-05 00:00:00,12,10
2000-07-05 00:00:00,13,8
2000-07-05 00:00:00,14,7
2000-07-05 00:00:00,15,6.7
2000-07-05 00:00:00,20,6.1
2000-07-05 00:00:00,22.5,6
2000-07-05 00:00:00,25,5.8
2000-07-05 00:00:00,29.5,5.6
2000-07-19 00:00:00,0.5,15.9
2000-07-19 00:00:00,1,15.9
2000-07-19 00:00:00,2,15.9
2000-07-19 00:00:00,3,15.8
2000-07-19 00:00:00,4,15.8
2000-07-19 00:00:00,6,15.5
2000-07-19 00:00:00,8,15.3
2000-07-19 00:00:00,10,14.8
2000-07-19 00:00:00,11,13.3
2000-07-19 00:00:00,12,10.6
2000-07-19 00:00:00,13,7.7
2000-07-19 00:00:00,14,6.7
2000-07-19 00:00:00,15,6.3
2000-07-19 00:00:00,17,6
2000-07-19 00:00:00,20,5.7
2000-07-19 00:00:00,22.5,5.6
2000-07-19 00:00:00,25,5.5
2000-07-19 00:00:00,27,5.5
2000-07-19 00:00:00,29,5.5
2000-07-19 00:00:00,30,5.5
2000-08-02 00:00:00,0.5,18.1
2000-08-02 00:00:00,3,18
2000-08-02 00:00:00,5,17.2
2000-08-02 00:00:00,7,16.1
2000-08-02 00:00:00,10,15.1
2000-08-02 00:00:00,12,10.9
2000-08-02 00:00:00,14,7.6
2000-08-02 00:00:00,16,6.9
2000-08-02 00:00:00,18,6.6
2000-08-02 00:00:00,20,6.1
2000-08-02 00:00:00,22,5.9
2000-08-02 00:00:00,22.5,5.9
2000-08-02 00:00:00,24,5.8
2000-08-02 00:00:00,26,5.7
2000-08-02 00:00:00,28,5.5
2000-08-02 00:00:00,30,5.4
2000-08-16 00:00:00,0.5,17.5
2000-08-16 00:00:00,1,17.5
2000-08-16 00:00:00,3,17.3
2000-08-16 00:00:00,4,17
2000-08-16 00:00:00,6,16.7
2000-08-16 00:00:00,8,16.3
2000-08-16 00:00:00,10,15.6
2000-08-16 00:00:00,11,12.5
2000-08-16 00:00:00,12,11.9
2000-08-16 00:00:00,13,8.7
2000-08-16 00:00:00,14,7.2
2000-08-16 00:00:00,15,6.6
2000-08-16 00:00:00,18,6.3
2000-08-16 00:00:00,20,6
2000-08-16 00:00:00,22,5.8
2000-08-16 00:00:00,24,5.6
2000-08-16 00:00:00,26,5.6
2000-08-16 00:00:00,28,5.6
2000-08-16 00:00:00,30,5.6
2000-08-30 00:00:00,0.5,15.8
2000-08-30 00:00:00,1,16
2000-08-30 00:00:00,2,16.1
2000-08-30 00:00:00,3,16.2
2000-08-30 00:00:00,4,16.3
2000-08-30 00:00:00,6,16.3
2000-08-30 00:00:00,8,16.4
2000-08-30 00:00:00,10,15.8
2000-08-30 00:00:00,11,14.9
2000-08-30 00:00:00,12,12.8
2000-08-30 00:00:00,13,10
2000-08-30 00:00:00,14,8.4
2000-08-30 00:00:00,16,7.3
2000-08-30 00:00:00,18,6.7
2000-08-30 00:00:00,20,6.3
2000-08-30 00:00:00,22,6
2000-08-30 00:00:00,22.5,6
2000-08-30 00:00:00,24,5.8
2000-08-30 00:00:00,26,5.7
2000-08-30 00:00:00,28,5.6
2000-08-30 00:00:00,29.5,5.6
2000-09-13 00:00:00,0.5,15.2
2000-09-13 00:00:00,1,15.2
2000-09-13 00:00:00,2,15.1
2000-09-13 00:00:00,3,15.1
2000-09-13 00:00:00,4,15.1
2000-09-13 00:00:00,6,15.1
2000-09-13 00:00:00,8,15.1
2000-09-13 00:00:00,10,14.8
2000-09-13 00:00:00,12,13.8
2000-09-13 00:00:00,13,10.9
2000-09-13 00:00:00,14,8.7
2000-09-13 00:00:00,15,7.6
2000-09-13 00:00:00,16,6.8
2000-09-13 00:00:00,17,6.4
2000-09-13 00:00:00,20,5.9
2000-09-13 00:00:00,22,5.8
2000-09-13 00:00:00,25,5.7
2000-09-13 00:00:00,28,5.6
2000-09-13 00:00:00,30,5.6
2000-09-26 00:00:00,0.5,12.5
2000-09-26 00:00:00,1,12.7
2000-09-26 00:00:00,2,12.8
2000-09-26 00:00:00,3,12.9
2000-09-26 00:00:00,5,13
2000-09-26 00:00:00,7,13
2000-09-26 00:00:00,9,13
2000-09-26 00:00:00,11,13
2000-09-26 00:00:00,13,12.9
2000-09-26 00:00:00,14,10.6
2000-09-26 00:00:00,15,8.6
2000-09-26 00:00:00,16,7
2000-09-26 00:00:00,18,6.8
2000-09-26 00:00:00,20,6.3
2000-09-26 00:00:00,22,6
2000-09-26 00:00:00,24,5.8
2000-09-26 00:00:00,25,5.8
2000-09-26 00:00:00,26,5.7
2000-09-26 00:00:00,28,5.7
2000-09-26 00:00:00,30,5.6
2000-10-24 00:00:00,0.5,11.7
2000-10-24 00:00:00,1,11.7
2000-10-24 00:00:00,3,9.8
2000-10-24 00:00:00,5,11.7
2000-10-24 00:00:00,10,11.7
2000-10-24 00:00:00,15,11.6
2000-10-24 00:00:00,16,11.5
2000-10-24 00:00:00,17,7.8
2000-10-24 00:00:00,18,6.8
2000-10-24 00:00:00,20,6.2
2000-10-24 00:00:00,25,6
2000-10-24 00:00:00,30,5.8
2000-11-15 00:00:00,0.5,8.3
2000-11-15 00:00:00,3,8.5
2000-11-15 00:00:00,3,8.5
2000-11-15 00:00:00,5,8.5
2000-11-15 00:00:00,7,8.5
2000-11-15 00:00:00,9,8.5
2000-11-15 00:00:00,11,8.5
2000-11-15 00:00:00,13,8.5
2000-11-15 00:00:00,15,8.5
2000-11-15 00:00:00,17,8.5
2000-11-15 00:00:00,19,8.5
2000-11-15 00:00:00,21,8.4
2000-11-15 00:00:00,23,6.6
2000-11-15 00:00:00,25,5.9
2000-11-15 00:00:00,27,5.8
2000-11-15 00:00:00,27.5,5.8
2000-11-15 00:00:00,29,5.8
2000-11-15 00:00:00,30,5.7
2000-12-21 00:00:00,0.5,6.2
2000-12-21 00:00:00,3,6.2
2000-12-21 00:00:00,3,6.2
2000-12-21 00:00:00,5,6.2
2000-12-21 00:00:00,7,6.2
2000-12-21 00:00:00,9,6.2
2000-12-21 00:00:00,11,6.2
2000-12-21 00:00:00,13,6.2
2000-12-21 00:00:00,15,6.2
2000-12-21 00:00:00,17,6.2
2000-12-21 00:00:00,19,6.2
2000-12-21 00:00:00,21,6.2
2000-12-21 00:00:00,23,6.2
2000-12-21 00:00:00,25,6.2
2000-12-21 00:00:00,27,6.2
2000-12-21 00:00:00,29,6.2
2000-12-21 00:00:00,30,6.2
2001-01-10 00:00:00,0,4.1
2001-01-10 00:00:00,3,4.2
2001-01-10 00:00:00,10,4.2
2001-01-10 00:00:00,15,4.3
2001-01-10 00:00:00,20,4.3
2001-01-10 00:00:00,25,4.3
2001-01-10 00:00:00,30,4.3
2001-01-10 00:00:00,31,4.3
2001-02-07 00:00:00,0.5,1.8
2001-02-07 00:00:00,3,1.8
2001-02-07 00:00:00,5,1.8
2001-02-07 00:00:00,10,1.8
2001-02-07 00:00:00,15,1.8
2001-02-07 00:00:00,20,1.8
2001-02-07 00:00:00,25,1.8
2001-02-07 00:00:00,29,1.8
2001-02-07 00:00:00,30,1.8
2001-03-15 00:00:00,0.5,2.5
2001-03-15 00:00:00,3,2.5
2001-03-15 00:00:00,10,2.5
2001-03-15 00:00:00,15,2.4
2001-03-15 00:00:00,20,2.4
2001-03-15 00:00:00,25,2.4
2001-03-15 00:00:00,29,2.4
2001-03-15 00:00:00,30,2.4
2001-04-09 00:00:00,1,3.7
2001-04-09 00:00:00,3,3.7
2001-04-09 00:00:00,5,3.7
2001-04-09 00:00:00,7,3.7
2001-04-09 00:00:00,9,3.7
2001-04-09 00:00:00,11,3.7
2001-04-09 00:00:00,13,3.7
2001-04-09 00:00:00,15,3.7
2001-04-09 00:00:00,17,3.7
2001-04-09 00:00:00,19,3.7
2001-04-09 00:00:00,20,3.7
2001-04-09 00:00:00,21,3.7
2001-04-09 00:00:00,23,3.7
2001-04-09 00:00:00,25,3.7
2001-04-09 00:00:00,27,3.7
2001-04-09 00:00:00,29,3.6
2001-04-09 00:00:00,30,3.6
2001-04-19 00:00:00,0,4.3
2001-04-19 00:00:00,2,4.3
2001-04-19 00:00:00,3,4.3
2001-04-19 00:00:00,5,4.2
2001-04-19 00:00:00,7,4.2
2001-04-19 00:00:00,9,4.2
2001-04-19 00:00:00,11,4.2
2001-04-19 00:00:00,13,4.2
2001-04-19 00:00:00,15,4.2
2001-04-19 00:00:00,17,4.2
2001-04-19 00:00:00,17.5,4.2
2001-04-19 00:00:00,19,4.2
2001-04-19 00:00:00,21,4.2
2001-04-19 00:00:00,23,4.2
2001-04-19 00:00:00,25,4.2
2001-04-19 00:00:00,27,4.2
2001-04-19 00:00:00,29,4.2
2001-04-19 00:00:00,30,4.2
2001-05-03 00:00:00,0,8.1
2001-05-03 00:00:00,1,8
2001-05-03 00:00:00,3,7
2001-05-03 00:00:00,5,7
2001-05-03 00:00:00,7,6.8
2001-05-03 00:00:00,9,6.5
2001-05-03 00:00:00,11,6.1
2001-05-03 00:00:00,13,5.9
2001-05-03 00:00:00,15,5.4
2001-05-03 00:00:00,17,5.1
2001-05-03 00:00:00,17.5,5.1
2001-05-03 00:00:00,20,5
2001-05-03 00:00:00,25,4.9
2001-05-03 00:00:00,30,4.6
2001-05-17 00:00:00,0.5,13.6
2001-05-17 00:00:00,1,13.5
2001-05-17 00:00:00,2,13.5
2001-05-17 00:00:00,3,13.4
2001-05-17 00:00:00,4,12.3
2001-05-17 00:00:00,5,11.1
2001-05-17 00:00:00,7,9.2
2001-05-17 00:00:00,9,8
2001-05-17 00:00:00,11,7.3
2001-05-17 00:00:00,13,6.8
2001-05-17 00:00:00,15,5.9
2001-05-17 00:00:00,17,5.7
2001-05-17 00:00:00,17.5,5.7
2001-05-17 00:00:00,19,5.4
2001-05-17 00:00:00,21,5.3
2001-05-17 00:00:00,23,5.1
2001-05-17 00:00:00,25,5
2001-05-17 00:00:00,27,5
2001-05-17 00:00:00,29,4.9
2001-05-31 00:00:00,0,13.3
2001-05-31 00:00:00,1,13.2
2001-05-31 00:00:00,3,13.2
2001-05-31 00:00:00,5,13.2
2001-05-31 00:00:00,7,12.8
2001-05-31 00:00:00,9,11
2001-05-31 00:00:00,10,10.2
2001-05-31 00:00:00,11,8.5
2001-05-31 00:00:00,13,7.3
2001-05-31 00:00:00,15,6.5
2001-05-31 00:00:00,18,5.8
2001-05-31 00:00:00,20,5.6
2001-05-31 00:00:00,23,5.3
2001-05-31 00:00:00,25,5.2
2001-05-31 00:00:00,27,5
2001-05-31 00:00:00,29,5
2001-05-31 00:00:00,30,5
2001-06-13 00:00:00,0.5,13.5
2001-06-13 00:00:00,1,13.3
2001-06-13 00:00:00,2,13.1
2001-06-13 00:00:00,3,13
2001-06-13 00:00:00,5,12.9
2001-06-13 00:00:00,7,12.8
2001-06-13 00:00:00,9,12.8
2001-06-13 00:00:00,10,12.7
2001-06-13 00:00:00,11,11.7
2001-06-13 00:00:00,12,10.9
2001-06-13 00:00:00,13,7.7
2001-06-13 00:00:00,14,7
2001-06-13 00:00:00,15,6.4
2001-06-13 00:00:00,17.5,5.7
2001-06-13 00:00:00,20,5.4
2001-06-13 00:00:00,22,5.2
2001-06-13 00:00:00,24,5.1
2001-06-13 00:00:00,26,5
2001-06-13 00:00:00,28,5
2001-06-13 00:00:00,29,5
2001-06-13 00:00:00,30,5
2001-06-28 00:00:00,0.5,18.5
2001-06-28 00:00:00,1,18.5
2001-06-28 00:00:00,2,18.3
2001-06-28 00:00:00,3,18
2001-06-28 00:00:00,4,16.8
2001-06-28 00:00:00,5,16.5
2001-06-28 00:00:00,6,15.8
2001-06-28 00:00:00,7,14.5
2001-06-28 00:00:00,8,13.6
2001-06-28 00:00:00,9,12.9
2001-06-28 00:00:00,10,12.7
2001-06-28 00:00:00,11,11.3
2001-06-28 00:00:00,12,9.8
2001-06-28 00:00:00,13,8.1
2001-06-28 00:00:00,14,7.2
2001-06-28 00:00:00,15,6.3
2001-06-28 00:00:00,16,5.9
2001-06-28 00:00:00,18,5.7
2001-06-28 00:00:00,20,5.4
2001-06-28 00:00:00,22.5,5.3
2001-06-28 00:00:00,24,5.2
2001-06-28 00:00:00,26,5.1
2001-06-28 00:00:00,28,5.1
2001-06-28 00:00:00,29,5.1
2001-07-12 00:00:00,0,18.7
2001-07-12 00:00:00,2,19.1
2001-07-12 00:00:00,3,19.2
2001-07-12 00:00:00,4,19.3
2001-07-12 00:00:00,6,18.7
2001-07-12 00:00:00,7,15.6
2001-07-12 00:00:00,8,14.6
2001-07-12 00:00:00,9,13.8
2001-07-12 00:00:00,10,12.6
2001-07-12 00:00:00,11,12.2
2001-07-12 00:00:00,12,11
2001-07-12 00:00:00,13,9.3
2001-07-12 00:00:00,14,8.6
2001-07-12 00:00:00,15,7.7
2001-07-12 00:00:00,16,6.8
2001-07-12 00:00:00,17,6.5
2001-07-12 00:00:00,18,6.1
2001-07-12 00:00:00,19,5.9
2001-07-12 00:00:00,20,5.7
2001-07-12 00:00:00,22,5.5
2001-07-12 00:00:00,24,5.3
2001-07-12 00:00:00,26,5.3
2001-07-12 00:00:00,28,5.2
2001-07-12 00:00:00,29,5.2
2001-07-26 00:00:00,0.5,21.3
2001-07-26 00:00:00,1,21.3
2001-07-26 00:00:00,2,21.1
2001-07-26 00:00:00,2.5,20.2
2001-07-26 00:00:00,3,19.8
2001-07-26 00:00:00,4,19.6
2001-07-26 00:00:00,5,19.3
2001-07-26 00:00:00,6,18.9
2001-07-26 00:00:00,7,17.3
2001-07-26 00:00:00,7.5,15.8
2001-07-26 00:00:00,8,15.3
2001-07-26 00:00:00,9,13.9
2001-07-26 00:00:00,10,12.7
2001-07-26 00:00:00,11,11.9
2001-07-26 00:00:00,12,10.7
2001-07-26 00:00:00,13,7.9
2001-07-26 00:00:00,15,6.6
2001-07-26 00:00:00,17.5,6.2
2001-07-26 00:00:00,20,5.6
2001-07-26 00:00:00,22,5.5
2001-07-26 00:00:00,24,5.3
2001-07-26 00:00:00,25,5.2
2001-07-26 00:00:00,27,5.2
2001-07-26 00:00:00,29,5.2
2001-08-08 00:00:00,0.5,18
2001-08-08 00:00:00,1,18.2
2001-08-08 00:00:00,2,18.3
2001-08-08 00:00:00,3,18.4
2001-08-08 00:00:00,4,18.5
2001-08-08 00:00:00,6,18.5
2001-08-08 00:00:00,7,18.3
2001-08-08 00:00:00,8,15.5
2001-08-08 00:00:00,9,13.8
2001-08-08 00:00:00,10,12.4
2001-08-08 00:00:00,11,11.1
2001-08-08 00:00:00,12,9.9
2001-08-08 00:00:00,13,8.8
2001-08-08 00:00:00,14,8
2001-08-08 00:00:00,15,7.2
2001-08-08 00:00:00,16,6.8
2001-08-08 00:00:00,18,6.2
2001-08-08 00:00:00,20,5.8
2001-08-08 00:00:00,22,5.7
2001-08-08 00:00:00,24,5.4
2001-08-08 00:00:00,26,5.4
2001-08-08 00:00:00,28,5.4
2001-08-08 00:00:00,29,5.4
2001-08-23 00:00:00,0.5,19.5
2001-08-23 00:00:00,1,19.5
2001-08-23 00:00:00,2,19.4
2001-08-23 00:00:00,3,19.3
2001-08-23 00:00:00,5,18.9
2001-08-23 00:00:00,7,18.2
2001-08-23 00:00:00,9,16
2001-08-23 00:00:00,10,12.5
2001-08-23 00:00:00,11,11.1
2001-08-23 00:00:00,12,10.1
2001-08-23 00:00:00,13,8.7
2001-08-23 00:00:00,14,7.6
2001-08-23 00:00:00,16,6.7
2001-08-23 00:00:00,18,6.2
2001-08-23 00:00:00,20,5.8
2001-08-23 00:00:00,22,5.6
2001-08-23 00:00:00,24,5.4
2001-08-23 00:00:00,26,5.4
2001-08-23 00:00:00,28,5.4
2001-08-23 00:00:00,29,5.4
2001-08-23 00:00:00,30,5.3
2001-09-05 00:00:00,0.5,17.4
2001-09-05 00:00:00,1,17.4
2001-09-05 00:00:00,2,17.4
2001-09-05 00:00:00,3,17.3
2001-09-05 00:00:00,4,17.3
2001-09-05 00:00:00,6,17.3
2001-09-05 00:00:00,8,17.2
2001-09-05 00:00:00,9,17
2001-09-05 00:00:00,10,14.6
2001-09-05 00:00:00,11,11.2
2001-09-05 00:00:00,12,9.7
2001-09-05 00:00:00,13,8.8
2001-09-05 00:00:00,14,7.9
2001-09-05 00:00:00,15,7.4
2001-09-05 00:00:00,16,6.7
2001-09-05 00:00:00,18,6.1
2001-09-05 00:00:00,20,5.8
2001-09-05 00:00:00,22,5.6
2001-09-05 00:00:00,24,5.4
2001-09-05 00:00:00,26,5.4
2001-09-05 00:00:00,28,5.3
2001-09-05 00:00:00,29,5.3
2001-09-05 00:00:00,30,5.3
2001-09-20 00:00:00,0.5,14.5
2001-09-20 00:00:00,1,14.6
2001-09-20 00:00:00,2,14.6
2001-09-20 00:00:00,3,14.6
2001-09-20 00:00:00,4,14.6
2001-09-20 00:00:00,6,14.6
2001-09-20 00:00:00,8,14.6
2001-09-20 00:00:00,10,14.5
2001-09-20 00:00:00,11,13.5
2001-09-20 00:00:00,12,11
2001-09-20 00:00:00,13,9.2
2001-09-20 00:00:00,14,8
2001-09-20 00:00:00,15,7.4
2001-09-20 00:00:00,16,6.2
2001-09-20 00:00:00,18,6.1
2001-09-20 00:00:00,20,5.9
2001-09-20 00:00:00,22,5.5
2001-09-20 00:00:00,24,5.5
2001-09-20 00:00:00,26,5.4
2001-09-20 00:00:00,28,5.4
2001-09-20 00:00:00,29,5.3
2001-09-20 00:00:00,30,5.3
2001-10-17 00:00:00,0,13
2001-10-17 00:00:00,2,13.1
2001-10-17 00:00:00,3,13.1
2001-10-17 00:00:00,4,13.2
2001-10-17 00:00:00,6,13.2
2001-10-17 00:00:00,8,13.2
2001-10-17 00:00:00,10,13.2
2001-10-17 00:00:00,12,13
2001-10-17 00:00:00,14,12.5
2001-10-17 00:00:00,16,9
2001-10-17 00:00:00,17.5,8
2001-10-17 00:00:00,18,7.2
2001-10-17 00:00:00,20,6.4
2001-10-17 00:00:00,22,6
2001-10-17 00:00:00,24,5.7
2001-10-17 00:00:00,26,5.7
2001-10-17 00:00:00,28,5.6
2001-11-06 00:00:00,0.5,9.6
2001-11-06 00:00:00,1,9.6
2001-11-06 00:00:00,2,9.6
2001-11-06 00:00:00,3,9.6
2001-11-06 00:00:00,4,9.6
2001-11-06 00:00:00,6,9.6
2001-11-06 00:00:00,8,9.6
2001-11-06 00:00:00,10,9.6
2001-11-06 00:00:00,12,9.6
2001-11-06 00:00:00,14,9.6
2001-11-06 00:00:00,17,9.5
2001-11-06 00:00:00,17.5,9.5
2001-11-06 00:00:00,18,9
2001-11-06 00:00:00,19,8.1
2001-11-06 00:00:00,20,7
2001-11-06 00:00:00,21,6
2001-11-06 00:00:00,22,5.7
2001-11-06 00:00:00,23,5.6
2001-11-06 00:00:00,25,5.5
2001-11-06 00:00:00,27,5.5
2001-11-06 00:00:00,30,5.4
2001-12-05 00:00:00,0.5,6
2001-12-05 00:00:00,3,6
2001-12-05 00:00:00,5,6
2001-12-05 00:00:00,7,6
2001-12-05 00:00:00,9,5.9
2001-12-05 00:00:00,11,5.9
2001-12-05 00:00:00,13,5.9
2001-12-05 00:00:00,15,5.9
2001-12-05 00:00:00,17,5.9
2001-12-05 00:00:00,19,5.9
2001-12-05 00:00:00,21,5.9
2001-12-05 00:00:00,25,5.9
2001-12-05 00:00:00,29,5.9
2001-12-05 00:00:00,30,5.9
2001-12-05 00:00:00,31,5.9
2002-01-16 00:00:00,0.5,2.6
2002-01-16 00:00:00,1,2.4
2002-01-16 00:00:00,2,2.3
2002-01-16 00:00:00,3,2.2
2002-01-16 00:00:00,5,2.2
2002-01-16 00:00:00,10,2
2002-01-16 00:00:00,15,2.1
2002-01-16 00:00:00,20,2.2
2002-01-16 00:00:00,25,2.5
2002-01-16 00:00:00,29,2.8
2002-01-16 00:00:00,30,2.9
2002-02-07 00:00:00,0.5,4.2
2002-02-07 00:00:00,3,4.2
2002-02-07 00:00:00,5,4.2
2002-02-07 00:00:00,10,4.2
2002-02-07 00:00:00,15,4.1
2002-02-07 00:00:00,20,4.1
2002-02-07 00:00:00,25,4
2002-02-07 00:00:00,30,4
2002-03-07 00:00:00,0.5,3
2002-03-07 00:00:00,1,3
2002-03-07 00:00:00,3,3
2002-03-07 00:00:00,5,3
2002-03-07 00:00:00,10,3
2002-03-07 00:00:00,15,3
2002-03-07 00:00:00,20,3
2002-03-07 00:00:00,25,3
2002-03-07 00:00:00,30,3
2002-03-21 00:00:00,1,3.8
2002-03-21 00:00:00,2,3.7
2002-03-21 00:00:00,3,3.7
2002-03-21 00:00:00,5,3.7
2002-03-21 00:00:00,7,3.7
2002-03-21 00:00:00,9,3.7
2002-03-21 00:00:00,11,3.7
2002-03-21 00:00:00,13,3.6
2002-03-21 00:00:00,15,3.6
2002-03-21 00:00:00,17,3.6
2002-03-21 00:00:00,19,3.6
2002-03-21 00:00:00,21,3.7
2002-03-21 00:00:00,23,3.7
2002-03-21 00:00:00,25,3.7
2002-03-21 00:00:00,27,3.7
2002-03-21 00:00:00,29,3.7
2002-03-21 00:00:00,31,3.7
2002-04-04 00:00:00,0.5,5.3
2002-04-04 00:00:00,1,5.3
2002-04-04 00:00:00,3,5.2
2002-04-04 00:00:00,5,5.2
2002-04-04 00:00:00,7,5
2002-04-04 00:00:00,9,4.8
2002-04-04 00:00:00,11,4.6
2002-04-04 00:00:00,13,4.5
2002-04-04 00:00:00,15,4.4
2002-04-04 00:00:00,17,4.4
2002-04-04 00:00:00,17.5,4.4
2002-04-04 00:00:00,19,4.3
2002-04-04 00:00:00,21,4.3
2002-04-04 00:00:00,23,4.3
2002-04-04 00:00:00,25,4.3
2002-04-04 00:00:00,27,4.3
2002-04-04 00:00:00,29,4.2
2002-04-04 00:00:00,30,4.1
2002-04-18 00:00:00,0.5,6.2
2002-04-18 00:00:00,1,6.2
2002-04-18 00:00:00,2,6.2
2002-04-18 00:00:00,3,6.2
2002-04-18 00:00:00,4,6.2
2002-04-18 00:00:00,7,6.2
2002-04-18 00:00:00,10,6.1
2002-04-18 00:00:00,12,5.9
2002-04-18 00:00:00,15,5.6
2002-04-18 00:00:00,17.5,5.4
2002-04-18 00:00:00,20,5.3
2002-04-18 00:00:00,25,5.2
2002-04-18 00:00:00,30,5.1
2002-05-02 00:00:00,0.5,8.8
2002-05-02 00:00:00,1,8.7
2002-05-02 00:00:00,3,8.6
2002-05-02 00:00:00,5,8.4
2002-05-02 00:00:00,7,8.3
2002-05-02 00:00:00,9,8.2
2002-05-02 00:00:00,11,8
2002-05-02 00:00:00,13,7.1
2002-05-02 00:00:00,15,6.5
2002-05-02 00:00:00,17,6.1
2002-05-02 00:00:00,17.5,6
2002-05-02 00:00:00,20,5.8
2002-05-02 00:00:00,23,5.7
2002-05-02 00:00:00,26,5.6
2002-05-02 00:00:00,29,5.6
2002-05-02 00:00:00,30,5.5
2002-05-15 00:00:00,0.5,12.9
2002-05-15 00:00:00,1,12.5
2002-05-15 00:00:00,2,12.3
2002-05-15 00:00:00,3,12.2
2002-05-15 00:00:00,4,12.1
2002-05-15 00:00:00,6,11.8
2002-05-15 00:00:00,7,10.9
2002-05-15 00:00:00,8,10.7
2002-05-15 00:00:00,9,10.6
2002-05-15 00:00:00,10,9.8
2002-05-15 00:00:00,11,9.3
2002-05-15 00:00:00,12,8.7
2002-05-15 00:00:00,13,8.1
2002-05-15 00:00:00,14,7.5
2002-05-15 00:00:00,15,7
2002-05-15 00:00:00,16,6.8
2002-05-15 00:00:00,17.5,6.7
2002-05-15 00:00:00,18,6.7
2002-05-15 00:00:00,20,6.3
2002-05-15 00:00:00,22,6.2
2002-05-15 00:00:00,24,6.1
2002-05-15 00:00:00,26,6
2002-05-15 00:00:00,28,5.9
2002-05-15 00:00:00,28.5,5.9
2002-05-15 00:00:00,29,5.9
2002-05-29 00:00:00,0.5,17.8
2002-05-29 00:00:00,1,17.6
2002-05-29 00:00:00,3,17
2002-05-29 00:00:00,5,15.4
2002-05-29 00:00:00,7,13.3
2002-05-29 00:00:00,9,11.5
2002-05-29 00:00:00,11,9.5
2002-05-29 00:00:00,13,9
2002-05-29 00:00:00,15,8.3
2002-05-29 00:00:00,17,7.5
2002-05-29 00:00:00,17.5,7.5
2002-05-29 00:00:00,19,7
2002-05-29 00:00:00,21,6.8
2002-05-29 00:00:00,23,6.4
2002-05-29 00:00:00,25,6.2
2002-05-29 00:00:00,27,6.2
2002-05-29 00:00:00,29,6.2
2002-05-29 00:00:00,30,6
2002-06-11 00:00:00,0.5,17.4
2002-06-11 00:00:00,1,17.5
2002-06-11 00:00:00,2,17.5
2002-06-11 00:00:00,3,17.5
2002-06-11 00:00:00,4,17.5
2002-06-11 00:00:00,5,17.5
2002-06-11 00:00:00,6,17.2
2002-06-11 00:00:00,7,16.8
2002-06-11 00:00:00,8,15.7
2002-06-11 00:00:00,9,12.7
2002-06-11 00:00:00,10,11.2
2002-06-11 00:00:00,11,9.8
2002-06-11 00:00:00,12,8.7
2002-06-11 00:00:00,13,8.3
2002-06-11 00:00:00,14,7.4
2002-06-11 00:00:00,15,7.1
2002-06-11 00:00:00,16,6.8
2002-06-11 00:00:00,18,6.5
2002-06-11 00:00:00,20,6.3
2002-06-11 00:00:00,22,6.1
2002-06-11 00:00:00,24,6
2002-06-11 00:00:00,26,5.9
2002-06-11 00:00:00,28,5.9
2002-06-11 00:00:00,29,5.8
2002-06-27 00:00:00,0.5,17.1
2002-06-27 00:00:00,1,17.1
2002-06-27 00:00:00,2,17.1
2002-06-27 00:00:00,3,17.2
2002-06-27 00:00:00,4,17.2
2002-06-27 00:00:00,6,17.2
2002-06-27 00:00:00,8,17.1
2002-06-27 00:00:00,9,16.4
2002-06-27 00:00:00,10,14.3
2002-06-27 00:00:00,11,10.8
2002-06-27 00:00:00,12,9.3
2002-06-27 00:00:00,13,8.4
2002-06-27 00:00:00,14,7.6
2002-06-27 00:00:00,15,6.9
2002-06-27 00:00:00,16,6.7
2002-06-27 00:00:00,18,6.4
2002-06-27 00:00:00,20,6.1
2002-06-27 00:00:00,22,5.9
2002-06-27 00:00:00,24,5.9
2002-06-27 00:00:00,26,5.9
2002-06-27 00:00:00,28,5.8
2002-06-27 00:00:00,29,5.8
2002-06-27 00:00:00,30,5.8
2002-07-11 00:00:00,1,18.5
2002-07-11 00:00:00,3,18.5
2002-07-11 00:00:00,5,17.7
2002-07-11 00:00:00,7,16.7
2002-07-11 00:00:00,9,16
2002-07-11 00:00:00,10,15.3
2002-07-11 00:00:00,11,13.8
2002-07-11 00:00:00,12,10
2002-07-11 00:00:00,13,8.6
2002-07-11 00:00:00,15,7.4
2002-07-11 00:00:00,17,7
2002-07-11 00:00:00,19,6.7
2002-07-11 00:00:00,20,6.6
2002-07-11 00:00:00,21,6.4
2002-07-11 00:00:00,23,6.1
2002-07-11 00:00:00,25,5.9
2002-07-11 00:00:00,27,5.9
2002-07-11 00:00:00,29,5.8
2002-07-11 00:00:00,30,5.8
2002-07-25 00:00:00,0.5,17.5
2002-07-25 00:00:00,3,17.4
2002-07-25 00:00:00,5,17.4
2002-07-25 00:00:00,7,17.4
2002-07-25 00:00:00,9,17.4
2002-07-25 00:00:00,11,17
2002-07-25 00:00:00,12,13.7
2002-07-25 00:00:00,13,11
2002-07-25 00:00:00,14,10.3
2002-07-25 00:00:00,15,8.6
2002-07-25 00:00:00,16,8.4
2002-07-25 00:00:00,17,7.8
2002-07-25 00:00:00,18,7.4
2002-07-25 00:00:00,19,7
2002-07-25 00:00:00,20,6.8
2002-07-25 00:00:00,21,6.6
2002-07-25 00:00:00,22,6.5
2002-07-25 00:00:00,23,6.4
2002-07-25 00:00:00,24,6.4
2002-07-25 00:00:00,25,6.3
2002-07-25 00:00:00,26,6.2
2002-07-25 00:00:00,27,6.2
2002-07-25 00:00:00,28,6.2
2002-07-25 00:00:00,29,6.1
2002-08-08 00:00:00,0.5,21.6
2002-08-08 00:00:00,1,21.3
2002-08-08 00:00:00,2,21.2
2002-08-08 00:00:00,3,21
2002-08-08 00:00:00,4,20.9
2002-08-08 00:00:00,5,19.4
2002-08-08 00:00:00,7,18.3
2002-08-08 00:00:00,8,17.7
2002-08-08 00:00:00,9,17.4
2002-08-08 00:00:00,10,16.9
2002-08-08 00:00:00,11,15.8
2002-08-08 00:00:00,12,13.8
2002-08-08 00:00:00,13,11.2
2002-08-08 00:00:00,14,10.4
2002-08-08 00:00:00,15,9
2002-08-08 00:00:00,16,8.3
2002-08-08 00:00:00,17,7.2
2002-08-08 00:00:00,18,7.1
2002-08-08 00:00:00,19,6.9
2002-08-08 00:00:00,20,6.7
2002-08-08 00:00:00,21,6.6
2002-08-08 00:00:00,22,6.5
2002-08-08 00:00:00,23,6.4
2002-08-08 00:00:00,24,6.3
2002-08-08 00:00:00,25,6.3
2002-08-08 00:00:00,26,6.2
2002-08-08 00:00:00,27,6.2
2002-08-08 00:00:00,28,6.2
2002-08-08 00:00:00,29,6.2
2002-08-21 00:00:00,0.5,22.1
2002-08-21 00:00:00,1,22.1
2002-08-21 00:00:00,2,21.9
2002-08-21 00:00:00,3,21.5
2002-08-21 00:00:00,4,21.4
2002-08-21 00:00:00,5,21.3
2002-08-21 00:00:00,6,20
2002-08-21 00:00:00,7,18.2
2002-08-21 00:00:00,8,17.3
2002-08-21 00:00:00,9,16.9
2002-08-21 00:00:00,11,15
2002-08-21 00:00:00,12,12
2002-08-21 00:00:00,13,9.9
2002-08-21 00:00:00,14,8.8
2002-08-21 00:00:00,16,7.5
2002-08-21 00:00:00,18,7.1
2002-08-21 00:00:00,20,6.7
2002-08-21 00:00:00,22,6.5
2002-08-21 00:00:00,24,6.3
2002-08-21 00:00:00,26,6.2
2002-08-21 00:00:00,28,6.2
2002-09-05 00:00:00,0.5,20
2002-09-05 00:00:00,1,20
2002-09-05 00:00:00,2,20
2002-09-05 00:00:00,3,19.9
2002-09-05 00:00:00,5,19.9
2002-09-05 00:00:00,7,19.5
2002-09-05 00:00:00,8,17.8
2002-09-05 00:00:00,10,16.7
2002-09-05 00:00:00,11,14.7
2002-09-05 00:00:00,12,13.2
2002-09-05 00:00:00,13,11.5
2002-09-05 00:00:00,14,9.1
2002-09-05 00:00:00,15,8.3
2002-09-05 00:00:00,17,7.4
2002-09-05 00:00:00,19,6.8
2002-09-05 00:00:00,20,6.6
2002-09-05 00:00:00,21,6.5
2002-09-05 00:00:00,23,6.4
2002-09-05 00:00:00,25,6.3
2002-09-05 00:00:00,27,6.2
2002-09-05 00:00:00,29,6.2
2002-09-26 00:00:00,0.5,16
2002-09-26 00:00:00,1,16.1
2002-09-26 00:00:00,2,16.1
2002-09-26 00:00:00,3,16.1
2002-09-26 00:00:00,5,16.1
2002-09-26 00:00:00,7,16.1
2002-09-26 00:00:00,9,16.1
2002-09-26 00:00:00,11,15.7
2002-09-26 00:00:00,12,13
2002-09-26 00:00:00,13,11
2002-09-26 00:00:00,14,9.7
2002-09-26 00:00:00,15,8.7
2002-09-26 00:00:00,16,7.8
2002-09-26 00:00:00,18,7.1
2002-09-26 00:00:00,20,6.7
2002-09-26 00:00:00,22,6.5
2002-09-26 00:00:00,24,6.4
2002-09-26 00:00:00,26,6.3
2002-09-26 00:00:00,28,6.3
2002-09-26 00:00:00,30,6.2
2002-10-16 00:00:00,0.5,10.4
2002-10-16 00:00:00,1,10.5
2002-10-16 00:00:00,3,10.5
2002-10-16 00:00:00,5,10.5
2002-10-16 00:00:00,7,10.6
2002-10-16 00:00:00,9,10.6
2002-10-16 00:00:00,11,10.6
2002-10-16 00:00:00,13,10.6
2002-10-16 00:00:00,15,10.6
2002-10-16 00:00:00,17,9.1
2002-10-16 00:00:00,17.5,9.1
2002-10-16 00:00:00,19,7.5
2002-10-16 00:00:00,21,6.7
2002-10-16 00:00:00,23,6.5
2002-10-16 00:00:00,25,6.4
2002-10-16 00:00:00,27,6.3
2002-10-16 00:00:00,29,6.3
2002-11-07 00:00:00,0.5,7.3
2002-11-07 00:00:00,1,7.3
2002-11-07 00:00:00,3,7.3
2002-11-07 00:00:00,5,7.3
2002-11-07 00:00:00,7,7.3
2002-11-07 00:00:00,9,7.2
2002-11-07 00:00:00,11,7.2
2002-11-07 00:00:00,13,7.2
2002-11-07 00:00:00,15,7.2
2002-11-07 00:00:00,17,7.2
2002-11-07 00:00:00,17.5,7.2
2002-11-07 00:00:00,19,7.2
2002-11-07 00:00:00,21,7.2
2002-11-07 00:00:00,23,7.2
2002-11-07 00:00:00,25,7.2
2002-11-07 00:00:00,28,7.2
2002-12-12 00:00:00,0.5,4.1
2002-12-12 00:00:00,3,4.2
2002-12-12 00:00:00,5,4.2
2002-12-12 00:00:00,10,4.3
2002-12-12 00:00:00,20,4.3
2002-12-12 00:00:00,25,4.3
2002-12-12 00:00:00,28,4.3
2002-12-12 00:00:00,29,4.3
2003-01-15 00:00:00,0,2.4
2003-02-05 00:00:00,0,2.2
2003-02-05 00:00:00,1,2.4
2003-02-05 00:00:00,3,2.4
2003-02-05 00:00:00,5,2.5
2003-02-05 00:00:00,7,2.5
2003-02-05 00:00:00,9,2.5
2003-02-05 00:00:00,11,2.5
2003-02-05 00:00:00,13,2.6
2003-02-05 00:00:00,15,2.8
2003-02-05 00:00:00,19,3.1
2003-02-05 00:00:00,21,3.3
2003-02-05 00:00:00,23,3.3
2003-02-05 00:00:00,25,3.4
2003-02-05 00:00:00,27,3.5
2003-02-05 00:00:00,29,3.5
2003-02-05 00:00:00,31,3.6
2003-03-12 00:00:00,0,3.4
2003-03-12 00:00:00,3,3.4
2003-03-12 00:00:00,5,3.4
2003-03-12 00:00:00,10,3.4
2003-03-12 00:00:00,15,3.3
2003-03-12 00:00:00,20,3.2
2003-03-12 00:00:00,25,3.2
2003-03-12 00:00:00,30,3.3
2003-03-26 00:00:00,0,4
2003-03-26 00:00:00,3,4
2003-03-26 00:00:00,5,4
2003-03-26 00:00:00,10,3.9
2003-03-26 00:00:00,15,3.9
2003-03-26 00:00:00,20,3.9
2003-03-26 00:00:00,25,3.9
2003-03-26 00:00:00,30,3.9
2003-04-15 00:00:00,0,5.6
2003-04-15 00:00:00,2,5.6
2003-04-15 00:00:00,3,5.6
2003-04-15 00:00:00,4,5.5
2003-04-15 00:00:00,6,5.4
2003-04-15 00:00:00,8,5.3
2003-04-15 00:00:00,10,5.2
2003-04-15 00:00:00,12,5.2
2003-04-15 00:00:00,14,5.2
2003-04-15 00:00:00,16,5.2
2003-04-15 00:00:00,17.5,5.2
2003-04-15 00:00:00,18,5.1
2003-04-15 00:00:00,20,5.1
2003-04-15 00:00:00,22,5
2003-04-15 00:00:00,24,5
2003-04-15 00:00:00,26,5
2003-04-15 00:00:00,28,5
2003-04-15 00:00:00,29,5
2003-04-15 00:00:00,30,5
2003-04-23 00:00:00,0.5,7.7
2003-04-23 00:00:00,1,7.6
2003-04-23 00:00:00,2,7.5
2003-04-23 00:00:00,3,7.4
2003-04-23 00:00:00,4,7.3
2003-04-23 00:00:00,5,7.2
2003-04-23 00:00:00,7,7.1
2003-04-23 00:00:00,9,7.1
2003-04-23 00:00:00,11,6.9
2003-04-23 00:00:00,13,6.8
2003-04-23 00:00:00,15,6.7
2003-04-23 00:00:00,17,6.7
2003-04-23 00:00:00,17.5,6.7
2003-04-23 00:00:00,19,6.6
2003-04-23 00:00:00,21,6.5
2003-04-23 00:00:00,23,6.4
2003-04-23 00:00:00,25,6.3
2003-04-23 00:00:00,27,6.3
2003-04-23 00:00:00,29,6.2
2003-05-07 00:00:00,0.5,10.2
2003-05-07 00:00:00,1,10.2
2003-05-07 00:00:00,2,10.2
2003-05-07 00:00:00,3,10.1
2003-05-07 00:00:00,4,10.1
2003-05-07 00:00:00,6,10
2003-05-07 00:00:00,8,9.6
2003-05-07 00:00:00,10,9.2
2003-05-07 00:00:00,12,9
2003-05-07 00:00:00,14,8.4
2003-05-07 00:00:00,16,8.1
2003-05-07 00:00:00,17.5,7.6
2003-05-07 00:00:00,20,7.5
2003-05-07 00:00:00,25,7
2003-05-07 00:00:00,30,6.8
2003-05-21 00:00:00,0.5,11.7
2003-05-21 00:00:00,2,11.6
2003-05-21 00:00:00,3,11.5
2003-05-21 00:00:00,5,11.8
2003-05-21 00:00:00,7,11.4
2003-05-21 00:00:00,9,11.2
2003-05-21 00:00:00,11,10.4
2003-05-21 00:00:00,13,9.7
2003-05-21 00:00:00,15,9.4
2003-05-21 00:00:00,17,8.6
2003-05-21 00:00:00,17.5,8.5
2003-05-21 00:00:00,19,8.2
2003-05-21 00:00:00,21,7.6
2003-05-21 00:00:00,23,7.5
2003-05-21 00:00:00,25,7.3
2003-05-21 00:00:00,27,7.2
2003-05-21 00:00:00,29,7.1
2003-05-21 00:00:00,30,7.1
2003-06-02 00:00:00,0,17.3
2003-06-02 00:00:00,1,17.3
2003-06-02 00:00:00,3,17.3
2003-06-02 00:00:00,4,15.3
2003-06-02 00:00:00,5,14.3
2003-06-02 00:00:00,7,13.6
2003-06-02 00:00:00,9,12.7
2003-06-02 00:00:00,11,12
2003-06-02 00:00:00,13,11
2003-06-02 00:00:00,15,10
2003-06-02 00:00:00,17,9.2
2003-06-02 00:00:00,17.5,9.1
2003-06-02 00:00:00,19,8.7
2003-06-02 00:00:00,21,8.3
2003-06-02 00:00:00,23,8
2003-06-02 00:00:00,25,7.8
2003-06-02 00:00:00,27,7.6
2003-06-02 00:00:00,29,7.5
2003-06-02 00:00:00,30,7.3
2003-06-18 00:00:00,0,17.3
2003-06-18 00:00:00,1,17.3
2003-06-18 00:00:00,3,17.3
2003-06-18 00:00:00,5,17.3
2003-06-18 00:00:00,6,16.6
2003-06-18 00:00:00,7,13.9
2003-06-18 00:00:00,8,12.2
2003-06-18 00:00:00,9,11.6
2003-06-18 00:00:00,11,10.6
2003-06-18 00:00:00,13,9.4
2003-06-18 00:00:00,15,8.4
2003-06-18 00:00:00,17,7.9
2003-06-18 00:00:00,17.5,7.7
2003-06-18 00:00:00,19,7.5
2003-06-18 00:00:00,21,7.3
2003-06-18 00:00:00,23,7.1
2003-06-18 00:00:00,25,7
2003-06-18 00:00:00,27,7
2003-06-18 00:00:00,29,7
2003-06-18 00:00:00,30,7
2003-07-09 00:00:00,0,18.6
2003-07-09 00:00:00,1,18.5
2003-07-09 00:00:00,3,18.4
2003-07-09 00:00:00,3,18.4
2003-07-09 00:00:00,5,18.3
2003-07-09 00:00:00,6,17.4
2003-07-09 00:00:00,7,16.8
2003-07-09 00:00:00,8,15.9
2003-07-09 00:00:00,10,13.3
2003-07-09 00:00:00,11,11.2
2003-07-09 00:00:00,12,10.4
2003-07-09 00:00:00,13,10.1
2003-07-09 00:00:00,15,9
2003-07-09 00:00:00,17,8.2
2003-07-09 00:00:00,17.5,8.2
2003-07-09 00:00:00,19,7.7
2003-07-09 00:00:00,21,7.5
2003-07-09 00:00:00,23,7.3
2003-07-09 00:00:00,25,7.2
2003-07-09 00:00:00,27,7.1
2003-07-09 00:00:00,29,7.1
2003-07-09 00:00:00,30,7
2003-07-16 00:00:00,0,20.3
2003-07-16 00:00:00,2,20.4
2003-07-16 00:00:00,2,20.4
2003-07-16 00:00:00,4,19.8
2003-07-16 00:00:00,5,18.5
2003-07-16 00:00:00,6,18.1
2003-07-16 00:00:00,7,17.6
2003-07-16 00:00:00,8,16.7
2003-07-16 00:00:00,9,15.4
2003-07-16 00:00:00,10,13.3
2003-07-16 00:00:00,12,11.2
2003-07-16 00:00:00,14,9.7
2003-07-16 00:00:00,15,9.1
2003-07-16 00:00:00,17,8.1
2003-07-16 00:00:00,19,7.8
2003-07-16 00:00:00,20,7.65
2003-07-16 00:00:00,21,7.5
2003-07-16 00:00:00,23,7.3
2003-07-16 00:00:00,25,7.2
2003-07-16 00:00:00,27,7.1
2003-07-16 00:00:00,29,7.1
2003-07-16 00:00:00,29.5,7.05
2003-07-16 00:00:00,30,7
2003-07-29 00:00:00,0.5,22.7
2003-07-29 00:00:00,1,22
2003-07-29 00:00:00,2,21.7
2003-07-29 00:00:00,3,21.4
2003-07-29 00:00:00,3,21.4
2003-07-29 00:00:00,4,21.4
2003-07-29 00:00:00,5,21
2003-07-29 00:00:00,6,19.5
2003-07-29 00:00:00,7,17.9
2003-07-29 00:00:00,8,17.1
2003-07-29 00:00:00,9,15.4
2003-07-29 00:00:00,10,13.7
2003-07-29 00:00:00,11,12.3
2003-07-29 00:00:00,12,10.9
2003-07-29 00:00:00,13,10.3
2003-07-29 00:00:00,14,9.4
2003-07-29 00:00:00,15,8.8
2003-07-29 00:00:00,16,8.4
2003-07-29 00:00:00,17,8.2
2003-07-29 00:00:00,18,7.8
2003-07-29 00:00:00,19,7.6
2003-07-29 00:00:00,20,7.4
2003-07-29 00:00:00,21,7.3
2003-07-29 00:00:00,22,7.2
2003-07-29 00:00:00,23,7.2
2003-07-29 00:00:00,24,7.1
2003-07-29 00:00:00,25,7.1
2003-07-29 00:00:00,26,7
2003-07-29 00:00:00,27,7
2003-07-29 00:00:00,28,7
2003-07-29 00:00:00,28.5,7
2003-07-29 00:00:00,29,6.9
2003-07-29 00:00:00,30,6.9
2003-08-13 00:00:00,0,23.8
2003-08-13 00:00:00,1,23.7
2003-08-13 00:00:00,3,23.6
2003-08-13 00:00:00,5,21.3
2003-08-13 00:00:00,6,19.3
2003-08-13 00:00:00,7,17.6
2003-08-13 00:00:00,8,16.6
2003-08-13 00:00:00,10,13.8
2003-08-13 00:00:00,12,11
2003-08-13 00:00:00,14,9.2
2003-08-13 00:00:00,16,8.2
2003-08-13 00:00:00,17.5,7.9
2003-08-13 00:00:00,18,7.7
2003-08-13 00:00:00,20,7.5
2003-08-13 00:00:00,22,7.3
2003-08-13 00:00:00,24,7.1
2003-08-13 00:00:00,26,7.1
2003-08-13 00:00:00,28,7
2003-08-13 00:00:00,29.5,7
2003-08-13 00:00:00,30,7
2003-08-28 00:00:00,0.5,18.6
2003-08-28 00:00:00,1,18.5
2003-08-28 00:00:00,2,18.2
2003-08-28 00:00:00,3,18.2
2003-08-28 00:00:00,3,18.2
2003-08-28 00:00:00,5,18.1
2003-08-28 00:00:00,7,18
2003-08-28 00:00:00,9,17.8
2003-08-28 00:00:00,10,15.7
2003-08-28 00:00:00,11,12.2
2003-08-28 00:00:00,12,10.7
2003-08-28 00:00:00,13,9.9
2003-08-28 00:00:00,14,9.1
2003-08-28 00:00:00,15,8.6
2003-08-28 00:00:00,16,8.3
2003-08-28 00:00:00,17,8.1
2003-08-28 00:00:00,18,7.8
2003-08-28 00:00:00,19,7.8
2003-08-28 00:00:00,20,7.6
2003-08-28 00:00:00,21,7.6
2003-08-28 00:00:00,22,7.5
2003-08-28 00:00:00,24,7.4
2003-08-28 00:00:00,26,7.3
2003-08-28 00:00:00,28,7.2
2003-08-28 00:00:00,29,7.1
2003-08-28 00:00:00,30,7.1
2003-09-10 00:00:00,0.5,16.8
2003-09-10 00:00:00,1,16.8
2003-09-10 00:00:00,2,16.8
2003-09-10 00:00:00,3,16.8
2003-09-10 00:00:00,4,16.8
2003-09-10 00:00:00,6,16.8
2003-09-10 00:00:00,8,16.8
2003-09-10 00:00:00,10,16.5
2003-09-10 00:00:00,11,13.5
2003-09-10 00:00:00,12,10.8
2003-09-10 00:00:00,13,9.9
2003-09-10 00:00:00,14,9.4
2003-09-10 00:00:00,15,8.8
2003-09-10 00:00:00,16,8.6
2003-09-10 00:00:00,18,8.1
2003-09-10 00:00:00,20,7.7
2003-09-10 00:00:00,22,7.5
2003-09-10 00:00:00,25,7.3
2003-09-10 00:00:00,29,7.2
2003-09-10 00:00:00,30,7.2
2003-09-24 00:00:00,0.5,15.9
2003-09-24 00:00:00,1,15.9
2003-09-24 00:00:00,2,15.9
2003-09-24 00:00:00,3,15.9
2003-09-24 00:00:00,4,15.9
2003-09-24 00:00:00,6,15.8
2003-09-24 00:00:00,8,15.8
2003-09-24 00:00:00,10,15.8
2003-09-24 00:00:00,11,15.7
2003-09-24 00:00:00,12,14.5
2003-09-24 00:00:00,13,11.3
2003-09-24 00:00:00,14,9.7
2003-09-24 00:00:00,15,9
2003-09-24 00:00:00,16,8.4
2003-09-24 00:00:00,18,8
2003-09-24 00:00:00,20,7.6
2003-09-24 00:00:00,22,7.4
2003-09-24 00:00:00,22.5,7.6
2003-09-24 00:00:00,24,7.3
2003-09-24 00:00:00,26,7.3
2003-09-24 00:00:00,28,7.2
2003-09-24 00:00:00,29,7.2
2003-10-15 00:00:00,1,11.4
2003-10-15 00:00:00,3,11.4
2003-10-15 00:00:00,3,11.4
2003-10-15 00:00:00,5,11.4
2003-10-15 00:00:00,7,11.4
2003-10-15 00:00:00,9,11.4
2003-10-15 00:00:00,11,11.3
2003-10-15 00:00:00,13,11.3
2003-10-15 00:00:00,15,11.3
2003-10-15 00:00:00,17,9
2003-10-15 00:00:00,19,8.1
2003-10-15 00:00:00,21,7.5
2003-10-15 00:00:00,22.5,7.4
2003-10-15 00:00:00,23,7.3
2003-10-15 00:00:00,25,7.2
2003-10-15 00:00:00,27,7.1
2003-10-15 00:00:00,29,7
2003-11-12 00:00:00,0,7.7
2003-11-12 00:00:00,3,7.7
2003-11-12 00:00:00,5,7.7
2003-11-12 00:00:00,10,7.7
2003-11-12 00:00:00,15,7.7
2003-11-12 00:00:00,17.5,7.7
2003-11-12 00:00:00,20,7.7
2003-11-12 00:00:00,25,7.7
2003-11-12 00:00:00,27,7.7
2003-11-12 00:00:00,28,7.6
2003-11-12 00:00:00,29,7.2
2003-11-12 00:00:00,29.5,7.1
2003-12-16 00:00:00,0,5.5
2003-12-16 00:00:00,3,5.5
2003-12-16 00:00:00,5,5.5
2003-12-16 00:00:00,10,5.5
2003-12-16 00:00:00,15,5.5
2003-12-16 00:00:00,20,5.5
2003-12-16 00:00:00,25,5.5
2003-12-16 00:00:00,29,5.5
2003-12-16 00:00:00,30,5.4
2004-01-13 00:00:00,0,3.4
2004-01-13 00:00:00,3,3.4
2004-01-13 00:00:00,5,3.4
2004-01-13 00:00:00,10,3.4
2004-01-13 00:00:00,15,3.4
2004-01-13 00:00:00,20,3.4
2004-01-13 00:00:00,25,3.4
2004-01-13 00:00:00,28,3.4
2004-01-13 00:00:00,29,3.4
2004-02-10 00:00:00,0,2.9
2004-02-10 00:00:00,3,2.9
2004-02-10 00:00:00,5,2.9
2004-02-10 00:00:00,10,2.9
2004-02-10 00:00:00,15,2.9
2004-02-10 00:00:00,20,2.9
2004-02-10 00:00:00,25,3
2004-02-10 00:00:00,27,3.1
2004-02-10 00:00:00,28.5,3.1
2004-03-11 00:00:00,0,2.5
2004-03-11 00:00:00,3,2.5
2004-03-11 00:00:00,3.5,2.5
2004-03-11 00:00:00,5,2.5
2004-03-11 00:00:00,10,2.5
2004-03-11 00:00:00,15,2.5
2004-03-11 00:00:00,20,2.5
2004-03-11 00:00:00,25,2.6
2004-03-11 00:00:00,29,2.8
2004-03-31 00:00:00,0,4.5
2004-03-31 00:00:00,3,4.5
2004-03-31 00:00:00,3,4.5
2004-03-31 00:00:00,5,4.5
2004-03-31 00:00:00,10,4.4
2004-03-31 00:00:00,15,4.4
2004-03-31 00:00:00,20,4.4
2004-03-31 00:00:00,25,4.2
2004-03-31 00:00:00,29,4.1
2004-03-31 00:00:00,30,4.1
2004-04-14 00:00:00,0,5.4
2004-04-14 00:00:00,2,5.7
2004-04-14 00:00:00,2,5.7
2004-04-14 00:00:00,4,5.7
2004-04-14 00:00:00,6,5.7
2004-04-14 00:00:00,7,5.6
2004-04-14 00:00:00,10,5.5
2004-04-14 00:00:00,15,5.2
2004-04-14 00:00:00,20,5.1
2004-04-14 00:00:00,25,5
2004-04-14 00:00:00,27,5
2004-04-14 00:00:00,28,5
2004-04-28 00:00:00,0.5,10.5
2004-04-28 00:00:00,1,10.5
2004-04-28 00:00:00,2,10.5
2004-04-28 00:00:00,3,10.4
2004-04-28 00:00:00,3,10.4
2004-04-28 00:00:00,4,10.5
2004-04-28 00:00:00,5,10.5
2004-04-28 00:00:00,6,10.1
2004-04-28 00:00:00,7,7.6
2004-04-28 00:00:00,8,6.8
2004-04-28 00:00:00,9,6.5
2004-04-28 00:00:00,10,6.3
2004-04-28 00:00:00,12,5.8
2004-04-28 00:00:00,15,5.5
2004-04-28 00:00:00,20,5.4
2004-04-28 00:00:00,25,5.3
2004-04-28 00:00:00,27,5.3
2004-04-28 00:00:00,29,5.2
2004-05-11 00:00:00,0,14.6
2004-05-11 00:00:00,1,14.5
2004-05-11 00:00:00,2,14.3
2004-05-11 00:00:00,3,13
2004-05-11 00:00:00,4,12.1
2004-05-11 00:00:00,5,11.8
2004-05-11 00:00:00,7,11
2004-05-11 00:00:00,9,9.6
2004-05-11 00:00:00,11,8.1
2004-05-11 00:00:00,13,7
2004-05-11 00:00:00,15,6.4
2004-05-11 00:00:00,17,6.1
2004-05-11 00:00:00,19,5.8
2004-05-11 00:00:00,21,5.6
2004-05-11 00:00:00,23,5.5
2004-05-11 00:00:00,25,5.4
2004-05-11 00:00:00,27,5.1
2004-05-11 00:00:00,29,5.4
2004-05-13 00:00:00,0.5,13.2
2004-05-13 00:00:00,1,13.2
2004-05-13 00:00:00,2,13.2
2004-05-13 00:00:00,2,13.2
2004-05-13 00:00:00,3,13.2
2004-05-13 00:00:00,4,13.2
2004-05-13 00:00:00,5,13.1
2004-05-13 00:00:00,6,11.5
2004-05-13 00:00:00,7,10.8
2004-05-13 00:00:00,8,9.7
2004-05-13 00:00:00,9,8.6
2004-05-13 00:00:00,10,8.1
2004-05-13 00:00:00,11,7.6
2004-05-13 00:00:00,12,6.8
2004-05-13 00:00:00,13,6.1
2004-05-13 00:00:00,15,5.8
2004-05-13 00:00:00,17,5.6
2004-05-13 00:00:00,19,5.5
2004-05-13 00:00:00,20,5.4
2004-05-13 00:00:00,21,5.4
2004-05-13 00:00:00,23,5.4
2004-05-13 00:00:00,25,5.4
2004-05-13 00:00:00,27,5.4
2004-05-13 00:00:00,29,5.3
2004-05-26 00:00:00,0,11.6
2004-05-26 00:00:00,2,11.6
2004-05-26 00:00:00,3,11.6
2004-05-26 00:00:00,3.5,11.6
2004-05-26 00:00:00,5,11.6
2004-05-26 00:00:00,7,11.6
2004-05-26 00:00:00,9,11.6
2004-05-26 00:00:00,10,11.1
2004-05-26 00:00:00,11,10.5
2004-05-26 00:00:00,12,8.7
2004-05-26 00:00:00,13,7.1
2004-05-26 00:00:00,14,6.8
2004-05-26 00:00:00,15,6.3
2004-05-26 00:00:00,17,5.7
2004-05-26 00:00:00,19,5.6
2004-05-26 00:00:00,21,5.5
2004-05-26 00:00:00,21.5,5.5
2004-05-26 00:00:00,23,5.4
2004-05-26 00:00:00,25,5.3
2004-05-26 00:00:00,27,5.2
2004-05-26 00:00:00,29,5.2
2004-05-26 00:00:00,31,5.2
2004-06-08 00:00:00,0,15.9
2004-06-08 00:00:00,1,15.9
2004-06-08 00:00:00,3,15.9
2004-06-08 00:00:00,5,15.6
2004-06-08 00:00:00,6,15.4
2004-06-08 00:00:00,7,14
2004-06-08 00:00:00,8,13
2004-06-08 00:00:00,9,12.4
2004-06-08 00:00:00,10,11.5
2004-06-08 00:00:00,11,10.9
2004-06-08 00:00:00,12,10.3
2004-06-08 00:00:00,13,9
2004-06-08 00:00:00,14,8
2004-06-08 00:00:00,15,7.5
2004-06-08 00:00:00,16,6.6
2004-06-08 00:00:00,18,5.8
2004-06-08 00:00:00,20,5.6
2004-06-08 00:00:00,22,5.5
2004-06-08 00:00:00,24,5.5
2004-06-08 00:00:00,26,5.4
2004-06-08 00:00:00,28,5.4
2004-06-08 00:00:00,29,5.4
2004-06-08 00:00:00,30,5.4
2004-06-23 00:00:00,0,15.4
2004-06-23 00:00:00,1,15.6
2004-06-23 00:00:00,2,15.6
2004-06-23 00:00:00,3,15.6
2004-06-23 00:00:00,4,15.6
2004-06-23 00:00:00,5,15.6
2004-06-23 00:00:00,6,15.6
2004-06-23 00:00:00,7,15.6
2004-06-23 00:00:00,8,15.4
2004-06-23 00:00:00,9,14.6
2004-06-23 00:00:00,10,14.5
2004-06-23 00:00:00,11,13.2
2004-06-23 00:00:00,12,10.7
2004-06-23 00:00:00,13,9.2
2004-06-23 00:00:00,14,7.1
2004-06-23 00:00:00,15,6.2
2004-06-23 00:00:00,16,5.9
2004-06-23 00:00:00,18,5.7
2004-06-23 00:00:00,20,5.6
2004-06-23 00:00:00,22,5.5
2004-06-23 00:00:00,24,5.5
2004-06-23 00:00:00,26,5.4
2004-06-23 00:00:00,28,5.4
2004-06-23 00:00:00,29,5.4
2004-07-01 00:00:00,0,15.7
2004-07-01 00:00:00,0.5,15.7
2004-07-01 00:00:00,1,15.7
2004-07-01 00:00:00,2,15.7
2004-07-01 00:00:00,3,15.6
2004-07-01 00:00:00,4,15.5
2004-07-01 00:00:00,4,15.5
2004-07-01 00:00:00,5,15.4
2004-07-01 00:00:00,6,15
2004-07-01 00:00:00,7,14.9
2004-07-01 00:00:00,8,14.9
2004-07-01 00:00:00,9,14.6
2004-07-01 00:00:00,10,14.6
2004-07-01 00:00:00,11,14.5
2004-07-01 00:00:00,12,13.8
2004-07-01 00:00:00,13,9.7
2004-07-01 00:00:00,14,8.2
2004-07-01 00:00:00,15,6.9
2004-07-01 00:00:00,16,6.2
2004-07-01 00:00:00,17,6.1
2004-07-01 00:00:00,20,5.7
2004-07-01 00:00:00,23,5.6
2004-07-01 00:00:00,26,5.5
2004-07-01 00:00:00,29,5.5
2004-07-07 00:00:00,0,16
2004-07-07 00:00:00,0.5,16
2004-07-07 00:00:00,1,16
2004-07-07 00:00:00,2,16
2004-07-07 00:00:00,3,16
2004-07-07 00:00:00,4,16
2004-07-07 00:00:00,5,15.9
2004-07-07 00:00:00,6,15.9
2004-07-07 00:00:00,7,15.8
2004-07-07 00:00:00,8,15.8
2004-07-07 00:00:00,9,15.2
2004-07-07 00:00:00,10,15
2004-07-07 00:00:00,11,14.8
2004-07-07 00:00:00,12,12.2
2004-07-07 00:00:00,13,9.9
2004-07-07 00:00:00,14,7.4
2004-07-07 00:00:00,15,6.7
2004-07-07 00:00:00,16,6.4
2004-07-07 00:00:00,18,6
2004-07-07 00:00:00,20,5.7
2004-07-07 00:00:00,22,5.6
2004-07-07 00:00:00,24,5.5
2004-07-07 00:00:00,26,5.5
2004-07-07 00:00:00,28,5.5
2004-07-07 00:00:00,29,5.5
2004-07-22 00:00:00,0,17.4
2004-07-22 00:00:00,1,17.4
2004-07-22 00:00:00,3,17.3
2004-07-22 00:00:00,5,17.1
2004-07-22 00:00:00,7,15.9
2004-07-22 00:00:00,9,15.6
2004-07-22 00:00:00,11,15
2004-07-22 00:00:00,12,14.5
2004-07-22 00:00:00,13,12.8
2004-07-22 00:00:00,14,9.5
2004-07-22 00:00:00,15,7.2
2004-07-22 00:00:00,16,6.7
2004-07-22 00:00:00,18,6.1
2004-07-22 00:00:00,20,5.7
2004-07-22 00:00:00,22,5.6
2004-07-22 00:00:00,24,5.6
2004-07-22 00:00:00,26,5.5
2004-07-22 00:00:00,28,5.5
2004-07-22 00:00:00,30,5.5
2004-07-29 00:00:00,0,18.3
2004-07-29 00:00:00,1,18
2004-07-29 00:00:00,3,17.6
2004-07-29 00:00:00,4,17.5
2004-07-29 00:00:00,5,17.3
2004-07-29 00:00:00,7,16.4
2004-07-29 00:00:00,9,15.6
2004-07-29 00:00:00,11,14.6
2004-07-29 00:00:00,12,13.2
2004-07-29 00:00:00,13,12
2004-07-29 00:00:00,14,9.3
2004-07-29 00:00:00,15,8
2004-07-29 00:00:00,17,6.6
2004-07-29 00:00:00,19,6.1
2004-07-29 00:00:00,21,5.9
2004-07-29 00:00:00,23,5.8
2004-07-29 00:00:00,25,5.7
2004-07-29 00:00:00,27,5.7
2004-07-29 00:00:00,29,5.7
2004-07-29 00:00:00,29.5,5.6
2004-08-12 00:00:00,0.5,22.5
2004-08-12 00:00:00,1,22.4
2004-08-12 00:00:00,2,22.3
2004-08-12 00:00:00,3,22.1
2004-08-12 00:00:00,4,21
2004-08-12 00:00:00,5,18.8
2004-08-12 00:00:00,6,17.4
2004-08-12 00:00:00,7,16.7
2004-08-12 00:00:00,8,15.7
2004-08-12 00:00:00,9,15.4
2004-08-12 00:00:00,10,15
2004-08-12 00:00:00,11,14.4
2004-08-12 00:00:00,12,13.3
2004-08-12 00:00:00,13,11.3
2004-08-12 00:00:00,14,9.7
2004-08-12 00:00:00,15,8.4
2004-08-12 00:00:00,16,7.4
2004-08-12 00:00:00,17,6.7
2004-08-12 00:00:00,18,6.4
2004-08-12 00:00:00,20,6.2
2004-08-12 00:00:00,22,5.9
2004-08-12 00:00:00,23,5.8
2004-08-12 00:00:00,24,5.7
2004-08-12 00:00:00,26,5.7
2004-08-12 00:00:00,28,5.6
2004-08-12 00:00:00,29,5.6
2004-08-19 00:00:00,1,20.8
2004-08-19 00:00:00,1.5,20.8
2004-08-19 00:00:00,4,20.7
2004-08-19 00:00:00,5,20.7
2004-08-19 00:00:00,6,19.7
2004-08-19 00:00:00,7,17.4
2004-08-19 00:00:00,8,16.2
2004-08-19 00:00:00,9,15.7
2004-08-19 00:00:00,10,15.2
2004-08-19 00:00:00,11,14.4
2004-08-19 00:00:00,12,13.1
2004-08-19 00:00:00,13,11.3
2004-08-19 00:00:00,14,9.4
2004-08-19 00:00:00,15,7.9
2004-08-19 00:00:00,16,7.1
2004-08-19 00:00:00,17,6.5
2004-08-19 00:00:00,20,5.9
2004-08-19 00:00:00,23,5.7
2004-08-19 00:00:00,24,5.7
2004-08-19 00:00:00,27,5.7
2004-08-19 00:00:00,29,5.6
2004-08-26 00:00:00,1,19
2004-08-26 00:00:00,3,19
2004-08-26 00:00:00,6,18.5
2004-08-26 00:00:00,7,18.2
2004-08-26 00:00:00,8,17.1
2004-08-26 00:00:00,9,15.7
2004-08-26 00:00:00,10,15
2004-08-26 00:00:00,11,14
2004-08-26 00:00:00,12,13
2004-08-26 00:00:00,13,11.4
2004-08-26 00:00:00,14,9.6
2004-08-26 00:00:00,15,8.2
2004-08-26 00:00:00,16,7.1
2004-08-26 00:00:00,17,6.5
2004-08-26 00:00:00,18,6.2
2004-08-26 00:00:00,20,5.9
2004-08-26 00:00:00,21,5.9
2004-08-26 00:00:00,22,5.8
2004-08-26 00:00:00,23,5.8
2004-08-26 00:00:00,23.5,5.7
2004-08-26 00:00:00,24,5.7
2004-08-26 00:00:00,29,5.7
2004-09-07 00:00:00,1,19.1
2004-09-07 00:00:00,2,18.6
2004-09-07 00:00:00,3,18.2
2004-09-07 00:00:00,4,17.9
2004-09-07 00:00:00,5,17.7
2004-09-07 00:00:00,7,17.5
2004-09-07 00:00:00,8,17.2
2004-09-07 00:00:00,9,16.6
2004-09-07 00:00:00,10,15.2
2004-09-07 00:00:00,11,14.4
2004-09-07 00:00:00,12,12.6
2004-09-07 00:00:00,13,11
2004-09-07 00:00:00,14,9.8
2004-09-07 00:00:00,15,8.7
2004-09-07 00:00:00,16,7.6
2004-09-07 00:00:00,17,6.9
2004-09-07 00:00:00,18,6.8
2004-09-07 00:00:00,19,6.3
2004-09-07 00:00:00,20,6.2
2004-09-07 00:00:00,22,6
2004-09-07 00:00:00,24,5.9
2004-09-07 00:00:00,26,5.8
2004-09-07 00:00:00,29,5.7
2004-09-23 00:00:00,1,14.6
2004-09-23 00:00:00,3,14.6
2004-09-23 00:00:00,6,14.6
2004-09-23 00:00:00,8,14.6
2004-09-23 00:00:00,10,14.6
2004-09-23 00:00:00,12,14.4
2004-09-23 00:00:00,13,13.9
2004-09-23 00:00:00,14,9.9
2004-09-23 00:00:00,15,8.5
2004-09-23 00:00:00,16,7.5
2004-09-23 00:00:00,17,6.9
2004-09-23 00:00:00,18,6.4
2004-09-23 00:00:00,19,6.2
2004-09-23 00:00:00,22,5.9
2004-09-23 00:00:00,23.5,5.9
2004-09-23 00:00:00,24,5.8
2004-09-23 00:00:00,29,5.7
2004-10-05 00:00:00,1,13.4
2004-10-05 00:00:00,4,13.4
2004-10-05 00:00:00,13,13.2
2004-10-05 00:00:00,14,12.6
2004-10-05 00:00:00,15,9.3
2004-10-05 00:00:00,16,7.9
2004-10-05 00:00:00,17,7.1
2004-10-05 00:00:00,18,6.6
2004-10-05 00:00:00,19,6.4
2004-10-05 00:00:00,20,6.2
2004-10-05 00:00:00,21,6.1
2004-10-05 00:00:00,23,6
2004-10-05 00:00:00,24,6
2004-10-05 00:00:00,25,5.9
2004-10-05 00:00:00,29,5.7
2004-10-20 00:00:00,1,10.7
2004-10-20 00:00:00,3,10.8
2004-10-20 00:00:00,4,10.8
2004-10-20 00:00:00,5,10.8
2004-10-20 00:00:00,7,10.8
2004-10-20 00:00:00,9,10.8
2004-10-20 00:00:00,11,10.8
2004-10-20 00:00:00,13,10.8
2004-10-20 00:00:00,15,10.7
2004-10-20 00:00:00,16,10.6
2004-10-20 00:00:00,17,8.7
2004-10-20 00:00:00,18,6.9
2004-10-20 00:00:00,19,6.4
2004-10-20 00:00:00,21,6.1
2004-10-20 00:00:00,23,5.9
2004-10-20 00:00:00,24,5.8
2004-10-20 00:00:00,25,5.8
2004-10-20 00:00:00,27,5.8
2004-10-20 00:00:00,29,5.8
2004-11-02 00:00:00,1,10
2004-11-02 00:00:00,3,10
2004-11-02 00:00:00,4,10
2004-11-02 00:00:00,5,10
2004-11-02 00:00:00,7,10
2004-11-02 00:00:00,9,10
2004-11-02 00:00:00,11,10
2004-11-02 00:00:00,13,10
2004-11-02 00:00:00,15,10
2004-11-02 00:00:00,17,10
2004-11-02 00:00:00,19,9.7
2004-11-02 00:00:00,20,8.2
2004-11-02 00:00:00,21,6.7
2004-11-02 00:00:00,22,6.2
2004-11-02 00:00:00,24,6.1
2004-11-02 00:00:00,26,5.9
2004-11-02 00:00:00,28,5.9
2004-11-02 00:00:00,29,5.9
2004-11-02 00:00:00,30,5.9
2004-12-07 00:00:00,1,6.1
2004-12-07 00:00:00,2,6.1
2004-12-07 00:00:00,3,6.1
2004-12-07 00:00:00,4,6.1
2004-12-07 00:00:00,5,6.1
2004-12-07 00:00:00,10,6.1
2004-12-07 00:00:00,15,6.1
2004-12-07 00:00:00,20,6.1
2004-12-07 00:00:00,25,6.1
2004-12-07 00:00:00,29,6.1
2005-01-18 00:00:00,1,4.3
2005-01-18 00:00:00,10,4.3
2005-01-18 00:00:00,15,4.3
2005-01-18 00:00:00,20,4.3
2005-01-18 00:00:00,25,4.3
2005-01-18 00:00:00,30,4.3
2005-01-27 00:00:00,1,3.1
2005-01-27 00:00:00,3,3.2
2005-01-27 00:00:00,5,3.2
2005-01-27 00:00:00,10,3.3
2005-01-27 00:00:00,20,3.3
2005-01-27 00:00:00,25,3.3
2005-01-27 00:00:00,30,3.4
2005-02-15 00:00:00,0,2.2
2005-02-15 00:00:00,3,2.2
2005-02-15 00:00:00,5,2.2
2005-02-15 00:00:00,10,2.2
2005-02-15 00:00:00,15,2.2
2005-02-15 00:00:00,20,2.2
2005-02-15 00:00:00,25,2.2
2005-02-15 00:00:00,29,2.2
2005-02-15 00:00:00,30,2.2
2005-03-16 00:00:00,0,2.4
2005-03-22 00:00:00,0,2.3
2005-03-22 00:00:00,2.5,2.3
2005-03-22 00:00:00,2.5,2.3
2005-03-22 00:00:00,5,2.3
2005-03-22 00:00:00,10,2.3
2005-03-22 00:00:00,15,2.4
2005-03-22 00:00:00,20,2.5
2005-03-22 00:00:00,25,2.5
2005-03-22 00:00:00,29,2.6
2005-03-22 00:00:00,30,2.7
2005-04-13 00:00:00,0,5.7
2005-04-13 00:00:00,1,5.5
2005-04-13 00:00:00,2,5.5
2005-04-13 00:00:00,5,5.4
2005-04-13 00:00:00,10,5.3
2005-04-13 00:00:00,15,5.2
2005-04-13 00:00:00,20,5.1
2005-04-13 00:00:00,25,5.1
2005-04-13 00:00:00,29,5
2005-04-13 00:00:00,29.5,5
2005-04-27 00:00:00,0,7.7
2005-04-27 00:00:00,2,7.7
2005-04-27 00:00:00,3,7.7
2005-04-27 00:00:00,4,7.7
2005-04-27 00:00:00,6,7.6
2005-04-27 00:00:00,8,7.4
2005-04-27 00:00:00,10,7.3
2005-04-27 00:00:00,12,6.8
2005-04-27 00:00:00,14,6.6
2005-04-27 00:00:00,16,6.2
2005-04-27 00:00:00,18,6.1
2005-04-27 00:00:00,20,6.1
2005-04-27 00:00:00,22,6
2005-04-27 00:00:00,24,5.8
2005-04-27 00:00:00,26,5.7
2005-04-27 00:00:00,28,5.6
2005-04-27 00:00:00,29,5.5
2005-04-27 00:00:00,30,5.5
2005-04-27 00:00:00,31,5.5
2005-05-10 00:00:00,0,9.6
2005-05-10 00:00:00,1,9.6
2005-05-10 00:00:00,2,9.6
2005-05-10 00:00:00,2,9.6
2005-05-10 00:00:00,4,9.5
2005-05-10 00:00:00,6,9.5
2005-05-10 00:00:00,8,9.5
2005-05-10 00:00:00,9,9.1
2005-05-10 00:00:00,10,8.4
2005-05-10 00:00:00,11,7.7
2005-05-10 00:00:00,12,7.4
2005-05-10 00:00:00,14,6.8
2005-05-10 00:00:00,16,6.4
2005-05-10 00:00:00,20,6.1
2005-05-10 00:00:00,24,5.8
2005-05-10 00:00:00,28,5.7
2005-05-10 00:00:00,29,5.7
2005-05-24 00:00:00,0,13
2005-05-24 00:00:00,1,12.9
2005-05-24 00:00:00,3,12.9
2005-05-24 00:00:00,3,12.9
2005-05-24 00:00:00,5,12.9
2005-05-24 00:00:00,7,12.2
2005-05-24 00:00:00,8,10.9
2005-05-24 00:00:00,9,9.5
2005-05-24 00:00:00,10,9.1
2005-05-24 00:00:00,12,7.4
2005-05-24 00:00:00,14,6.9
2005-05-24 00:00:00,16,6.8
2005-05-24 00:00:00,18,6.2
2005-05-24 00:00:00,20,6.2
2005-05-24 00:00:00,22,6.1
2005-05-24 00:00:00,26,6.1
2005-05-24 00:00:00,28,6
2005-05-24 00:00:00,29,6
2005-05-24 00:00:00,30,5.9
2005-06-08 00:00:00,1,13.5
2005-06-08 00:00:00,2,13.1
2005-06-08 00:00:00,3,13.1
2005-06-08 00:00:00,3,13.1
2005-06-08 00:00:00,4,13
2005-06-08 00:00:00,6,13
2005-06-08 00:00:00,8,12.9
2005-06-08 00:00:00,9,12.6
2005-06-08 00:00:00,9.5,12.1
2005-06-08 00:00:00,10,11
2005-06-08 00:00:00,11,8.9
2005-06-08 00:00:00,12,7.8
2005-06-08 00:00:00,13,7.4
2005-06-08 00:00:00,14,7.1
2005-06-08 00:00:00,16,6.7
2005-06-08 00:00:00,18,6.4
2005-06-08 00:00:00,20,6.1
2005-06-08 00:00:00,21,6.2
2005-06-08 00:00:00,22,6.3
2005-06-08 00:00:00,24,6.1
2005-06-08 00:00:00,26,6
2005-06-08 00:00:00,28,5.8
2005-06-08 00:00:00,29,5.8
2005-06-22 00:00:00,0.5,17.7
2005-06-22 00:00:00,1,17.7
2005-06-22 00:00:00,1,17.6
2005-06-22 00:00:00,2,17.6
2005-06-22 00:00:00,3,17.4
2005-06-22 00:00:00,3.5,17.2
2005-06-22 00:00:00,4,15.5
2005-06-22 00:00:00,5,14.5
2005-06-22 00:00:00,6,14
2005-06-22 00:00:00,7,13.7
2005-06-22 00:00:00,8,13.5
2005-06-22 00:00:00,10,12.8
2005-06-22 00:00:00,10.5,11.1
2005-06-22 00:00:00,11,9.6
2005-06-22 00:00:00,12,8.7
2005-06-22 00:00:00,13,8
2005-06-22 00:00:00,14,7.8
2005-06-22 00:00:00,16,7.2
2005-06-22 00:00:00,18,6.5
2005-06-22 00:00:00,20,6.4
2005-06-22 00:00:00,22,6.3
2005-06-22 00:00:00,23,6.3
2005-06-22 00:00:00,24,6.2
2005-06-22 00:00:00,26,6.2
2005-06-22 00:00:00,28,6.2
2005-06-22 00:00:00,29.5,6.2
2005-07-07 00:00:00,0,19.4
2005-07-07 00:00:00,1,19.3
2005-07-07 00:00:00,2,19.3
2005-07-07 00:00:00,2,19.3
2005-07-07 00:00:00,3,19.3
2005-07-07 00:00:00,4,19.3
2005-07-07 00:00:00,5,19.3
2005-07-07 00:00:00,6,18.3
2005-07-07 00:00:00,7,16.5
2005-07-07 00:00:00,8,14.5
2005-07-07 00:00:00,9,13.4
2005-07-07 00:00:00,10,12.1
2005-07-07 00:00:00,11,11.2
2005-07-07 00:00:00,12,9.6
2005-07-07 00:00:00,13,8.8
2005-07-07 00:00:00,14,8.2
2005-07-07 00:00:00,15,7.7
2005-07-07 00:00:00,16,7.3
2005-07-07 00:00:00,17,7
2005-07-07 00:00:00,18,6.9
2005-07-07 00:00:00,19,6.8
2005-07-07 00:00:00,20,6.7
2005-07-07 00:00:00,21,6.6
2005-07-07 00:00:00,22,6.5
2005-07-07 00:00:00,23,6.5
2005-07-07 00:00:00,24,6.5
2005-07-07 00:00:00,25,6.5
2005-07-07 00:00:00,26,6.5
2005-07-07 00:00:00,27,6.4
2005-07-07 00:00:00,28,6.4
2005-07-07 00:00:00,29,6.4
2005-07-21 00:00:00,0,19.1
2005-07-21 00:00:00,1,19.1
2005-07-21 00:00:00,2,19
2005-07-21 00:00:00,3,18.9
2005-07-21 00:00:00,4,18.9
2005-07-21 00:00:00,5,18.9
2005-07-21 00:00:00,6,18.9
2005-07-21 00:00:00,7,17.7
2005-07-21 00:00:00,8,15
2005-07-21 00:00:00,9,13
2005-07-21 00:00:00,10,11.6
2005-07-21 00:00:00,11,10.4
2005-07-21 00:00:00,12,9.1
2005-07-21 00:00:00,13,8.3
2005-07-21 00:00:00,14,7.8
2005-07-21 00:00:00,15,7.2
2005-07-21 00:00:00,16,7
2005-07-21 00:00:00,17,6.8
2005-07-21 00:00:00,18,6.6
2005-07-21 00:00:00,19,6.6
2005-07-21 00:00:00,20,6.4
2005-07-21 00:00:00,21,6.4
2005-07-21 00:00:00,22,6.2
2005-07-21 00:00:00,23,6.2
2005-07-21 00:00:00,24,6.2
2005-07-21 00:00:00,25,6.2
2005-08-03 00:00:00,0.5,18
2005-08-03 00:00:00,1,17.9
2005-08-03 00:00:00,2,17.9
2005-08-03 00:00:00,3,17.9
2005-08-03 00:00:00,3,17.9
2005-08-03 00:00:00,4,17.9
2005-08-03 00:00:00,5,17.8
2005-08-03 00:00:00,6,17.8
2005-08-03 00:00:00,7,17.8
2005-08-03 00:00:00,7.5,17.6
2005-08-03 00:00:00,8,17
2005-08-03 00:00:00,9,14.6
2005-08-03 00:00:00,10,11.8
2005-08-03 00:00:00,11,10.7
2005-08-03 00:00:00,12,9.4
2005-08-03 00:00:00,13,8
2005-08-03 00:00:00,14,7.3
2005-08-03 00:00:00,15,7
2005-08-03 00:00:00,17,6.6
2005-08-03 00:00:00,19,6.5
2005-08-03 00:00:00,21,6.3
2005-08-03 00:00:00,23,6.2
2005-08-03 00:00:00,25,6.1
2005-08-03 00:00:00,26,6.1
2005-08-03 00:00:00,27,6
2005-08-03 00:00:00,28,6
2005-08-03 00:00:00,29,6
2005-08-16 00:00:00,0.5,16.4
2005-08-16 00:00:00,1,16.4
2005-08-16 00:00:00,2,16.4
2005-08-16 00:00:00,3,16.4
2005-08-16 00:00:00,4,16.4
2005-08-16 00:00:00,5,16.4
2005-08-16 00:00:00,6,16.3
2005-08-16 00:00:00,7,16.1
2005-08-16 00:00:00,8,16
2005-08-16 00:00:00,9,15.7
2005-08-16 00:00:00,10,15
2005-08-16 00:00:00,11,11.8
2005-08-16 00:00:00,12,9.2
2005-08-16 00:00:00,13,8.5
2005-08-16 00:00:00,14,7.7
2005-08-16 00:00:00,15,7.2
2005-08-16 00:00:00,16,6.9
2005-08-16 00:00:00,18,6.6
2005-08-16 00:00:00,20,6.5
2005-08-16 00:00:00,22,6.2
2005-08-16 00:00:00,24,6.2
2005-08-16 00:00:00,26,6.1
2005-08-16 00:00:00,28,6.1
2005-08-16 00:00:00,29,6
2005-08-31 00:00:00,0.5,16.9
2005-08-31 00:00:00,1,17
2005-08-31 00:00:00,2,17
2005-08-31 00:00:00,3,16.9
2005-08-31 00:00:00,4,16.9
2005-08-31 00:00:00,5,16.8
2005-08-31 00:00:00,6,16.8
2005-08-31 00:00:00,7,16.7
2005-08-31 00:00:00,8,16.4
2005-08-31 00:00:00,9,15.7
2005-08-31 00:00:00,10,14.9
2005-08-31 00:00:00,11,12.3
2005-08-31 00:00:00,12,10.2
2005-08-31 00:00:00,13,8.7
2005-08-31 00:00:00,14,7.6
2005-08-31 00:00:00,15,7
2005-08-31 00:00:00,16,6.8
2005-08-31 00:00:00,18,6.5
2005-08-31 00:00:00,20,6.5
2005-08-31 00:00:00,22,6.3
2005-08-31 00:00:00,24,6.2
2005-08-31 00:00:00,26,6.1
2005-08-31 00:00:00,28,6
2005-08-31 00:00:00,29,6.1
2005-08-31 00:00:00,30,6
2005-09-13 00:00:00,0.5,16.9
2005-09-13 00:00:00,1,16.9
2005-09-13 00:00:00,2,16.8
2005-09-13 00:00:00,3,16.8
2005-09-13 00:00:00,4,16.8
2005-09-13 00:00:00,5,16.8
2005-09-13 00:00:00,6,16.6
2005-09-13 00:00:00,7,16.6
2005-09-13 00:00:00,8,16.4
2005-09-13 00:00:00,9,15.9
2005-09-13 00:00:00,10,15.5
2005-09-13 00:00:00,11,12.1
2005-09-13 00:00:00,12,10.6
2005-09-13 00:00:00,13,8.7
2005-09-13 00:00:00,14,7.7
2005-09-13 00:00:00,15,7.1
2005-09-13 00:00:00,16,6.7
2005-09-13 00:00:00,18,6.5
2005-09-13 00:00:00,20,6.3
2005-09-13 00:00:00,21,6.3
2005-09-13 00:00:00,22,6.2
2005-09-13 00:00:00,24,6.1
2005-09-13 00:00:00,26,6.1
2005-09-13 00:00:00,28,6
2005-09-13 00:00:00,29,6
2005-09-13 00:00:00,30,6
2005-09-28 00:00:00,0,15.2
2005-09-28 00:00:00,1,15.2
2005-09-28 00:00:00,3,15.2
2005-09-28 00:00:00,3.5,15.2
2005-09-28 00:00:00,5,15.2
2005-09-28 00:00:00,7,15.2
2005-09-28 00:00:00,9,15.2
2005-09-28 00:00:00,10,15
2005-09-28 00:00:00,11,14.7
2005-09-28 00:00:00,12,12.2
2005-09-28 00:00:00,13,9.7
2005-09-28 00:00:00,14,8.1
2005-09-28 00:00:00,16,7.2
2005-09-28 00:00:00,18,6.7
2005-09-28 00:00:00,20,6.4
2005-09-28 00:00:00,22,6.2
2005-09-28 00:00:00,24,6.1
2005-09-28 00:00:00,26,6.1
2005-09-28 00:00:00,28,6.1
2005-09-28 00:00:00,29.5,6.1
2005-09-28 00:00:00,30,6.1
2005-10-26 00:00:00,0,11.5
2005-10-26 00:00:00,3,11.4
2005-10-26 00:00:00,5,11.4
2005-10-26 00:00:00,7,11.4
2005-10-26 00:00:00,9,11.4
2005-10-26 00:00:00,11,11.4
2005-10-26 00:00:00,13,11.4
2005-10-26 00:00:00,14,10
2005-10-26 00:00:00,15,7.7
2005-10-26 00:00:00,16,7.1
2005-10-26 00:00:00,17,6.9
2005-10-26 00:00:00,19,6.6
2005-10-26 00:00:00,21,6.4
2005-10-26 00:00:00,22,6.4
2005-10-26 00:00:00,23,6.3
2005-10-26 00:00:00,25,6.2
2005-10-26 00:00:00,27,6.1
2005-10-26 00:00:00,29,6.1
2005-10-26 00:00:00,30,6
2005-11-22 00:00:00,0.5,8
2005-11-22 00:00:00,1,8
2005-11-22 00:00:00,3,8
2005-11-22 00:00:00,5,7.9
2005-11-22 00:00:00,10,7.9
2005-11-22 00:00:00,15,7.9
2005-11-22 00:00:00,20,7.8
2005-11-22 00:00:00,21,7.7
2005-11-22 00:00:00,22,7.4
2005-11-22 00:00:00,23,6.5
2005-11-22 00:00:00,24,6.3
2005-11-22 00:00:00,25,6.2
2005-11-22 00:00:00,26.5,6.2
2005-11-22 00:00:00,29.5,6.2
2005-11-22 00:00:00,30,6.2
2005-12-14 00:00:00,0.5,5.5
2005-12-14 00:00:00,1,5.5
2005-12-14 00:00:00,3,5.5
2005-12-14 00:00:00,5,5.5
2005-12-14 00:00:00,10,5.5
2005-12-14 00:00:00,15,5.5
2005-12-14 00:00:00,20,5.5
2005-12-14 00:00:00,25,5.5
2005-12-14 00:00:00,29,5.5
2005-12-14 00:00:00,30,5.5
2006-01-04 00:00:00,1,2.5
2006-01-04 00:00:00,5,2.5
2006-01-04 00:00:00,10,3
2006-01-04 00:00:00,13,3.2
2006-01-04 00:00:00,16,3.2
2006-01-04 00:00:00,20,3.2
2006-01-04 00:00:00,25,3.3
2006-01-04 00:00:00,28,3.3
2006-01-04 00:00:00,30,3.3
2006-02-21 00:00:00,0,1.6
2006-02-21 00:00:00,4,1.6
2006-02-21 00:00:00,10,1.6
2006-02-21 00:00:00,15,1.6
2006-02-21 00:00:00,20,1.9
2006-02-21 00:00:00,25,1
2006-02-21 00:00:00,30,2.5
2006-02-21 00:00:00,31,2.6
2006-03-07 00:00:00,0,1.5
2006-03-23 00:00:00,0,2.2
2006-04-04 00:00:00,0.5,2.7
2006-04-04 00:00:00,1,2.7
2006-04-04 00:00:00,2,2.5
2006-04-04 00:00:00,4,2.7
2006-04-04 00:00:00,4,2.7
2006-04-04 00:00:00,6,2.7
2006-04-04 00:00:00,8,2.7
2006-04-04 00:00:00,10,2.9
2006-04-04 00:00:00,12,2.9
2006-04-04 00:00:00,14,2.7
2006-04-04 00:00:00,16,2.7
2006-04-04 00:00:00,18,2.7
2006-04-04 00:00:00,20,2.7
2006-04-04 00:00:00,22,2.7
2006-04-04 00:00:00,24,2.7
2006-04-04 00:00:00,26,2.7
2006-04-04 00:00:00,28,2.7
2006-04-04 00:00:00,30,2.8
2006-04-19 00:00:00,0.5,4.6
2006-04-19 00:00:00,1,4.6
2006-04-19 00:00:00,2,4.6
2006-04-19 00:00:00,2,4.6
2006-04-19 00:00:00,3,4.6
2006-04-19 00:00:00,4,4.6
2006-04-19 00:00:00,6,4.6
2006-04-19 00:00:00,8,4.6
2006-04-19 00:00:00,10,4.6
2006-04-19 00:00:00,12,4.6
2006-04-19 00:00:00,14,4.5
2006-04-19 00:00:00,16,4.5
2006-04-19 00:00:00,18,4.5
2006-04-19 00:00:00,20,4.4
2006-04-19 00:00:00,22,4.4
2006-04-19 00:00:00,24,4.4
2006-04-19 00:00:00,26,4.4
2006-04-19 00:00:00,28,4.4
2006-04-19 00:00:00,29,4.4
2006-04-19 00:00:00,30,4.4
2006-05-02 00:00:00,0.5,7.8
2006-05-02 00:00:00,1,7.7
2006-05-02 00:00:00,2,7.5
2006-05-02 00:00:00,3,7.3
2006-05-02 00:00:00,4,7
2006-05-02 00:00:00,6,6
2006-05-02 00:00:00,8,5.8
2006-05-02 00:00:00,10,5.7
2006-05-02 00:00:00,15,5
2006-05-02 00:00:00,20,4.7
2006-05-02 00:00:00,25,4.7
2006-05-02 00:00:00,29.5,4.6
2006-05-02 00:00:00,30,4.6
2006-05-16 00:00:00,0.5,12
2006-05-16 00:00:00,1,12
2006-05-16 00:00:00,2,12
2006-05-16 00:00:00,2,12
2006-05-16 00:00:00,3,12
2006-05-16 00:00:00,4,11.9
2006-05-16 00:00:00,5,11.9
2006-05-16 00:00:00,6,11.9
2006-05-16 00:00:00,7,10.2
2006-05-16 00:00:00,8,7.9
2006-05-16 00:00:00,9,7.5
2006-05-16 00:00:00,10,7
2006-05-16 00:00:00,11,6.7
2006-05-16 00:00:00,12,5.9
2006-05-16 00:00:00,14,5.3
2006-05-16 00:00:00,16,5.3
2006-05-16 00:00:00,18,5
2006-05-16 00:00:00,20,4.9
2006-05-16 00:00:00,22,4.8
2006-05-16 00:00:00,24,4.8
2006-05-16 00:00:00,26,4.8
2006-05-16 00:00:00,28,4.8
2006-05-16 00:00:00,29,4.8
2006-05-16 00:00:00,30,4.8
2006-05-31 00:00:00,0,12.2
2006-05-31 00:00:00,1,12.2
2006-05-31 00:00:00,3,12
2006-05-31 00:00:00,3,12
2006-05-31 00:00:00,5,11.6
2006-05-31 00:00:00,7,11.3
2006-05-31 00:00:00,9,10.9
2006-05-31 00:00:00,10,9.7
2006-05-31 00:00:00,11,8.5
2006-05-31 00:00:00,12,7.2
2006-05-31 00:00:00,13,6.1
2006-05-31 00:00:00,14,5.8
2006-05-31 00:00:00,16,5.4
2006-05-31 00:00:00,18,5.2
2006-05-31 00:00:00,20,5.1
2006-05-31 00:00:00,22,4.9
2006-05-31 00:00:00,22,4.9
2006-05-31 00:00:00,24,4.8
2006-05-31 00:00:00,26,4.8
2006-05-31 00:00:00,28,4.7
2006-05-31 00:00:00,30,4.7
2006-05-31 00:00:00,31,4.7
2006-06-15 00:00:00,1,19.5
2006-06-15 00:00:00,1,19.5
2006-06-15 00:00:00,2,19.1
2006-06-15 00:00:00,2.5,18.5
2006-06-15 00:00:00,3,16.2
2006-06-15 00:00:00,4,14.5
2006-06-15 00:00:00,5,13.5
2006-06-15 00:00:00,5.5,13.3
2006-06-15 00:00:00,6,13
2006-06-15 00:00:00,7,12
2006-06-15 00:00:00,8,11.5
2006-06-15 00:00:00,9,11.1
2006-06-15 00:00:00,10,10.1
2006-06-15 00:00:00,11,9.1
2006-06-15 00:00:00,12,8
2006-06-15 00:00:00,13,7.1
2006-06-15 00:00:00,14,6
2006-06-15 00:00:00,15,5.6
2006-06-15 00:00:00,16,5.4
2006-06-15 00:00:00,18,5.1
2006-06-15 00:00:00,20,4.9
2006-06-15 00:00:00,22,4.8
2006-06-15 00:00:00,24,4.8
2006-06-15 00:00:00,26,4.4
2006-06-15 00:00:00,28,4.4
2006-06-15 00:00:00,29,4.4
2006-06-15 00:00:00,30,4.4
2006-06-28 00:00:00,0.5,17.7
2006-06-28 00:00:00,1,17.7
2006-06-28 00:00:00,2,17.7
2006-06-28 00:00:00,3,17.6
2006-06-28 00:00:00,3,17.6
2006-06-28 00:00:00,4,17.6
2006-06-28 00:00:00,5,17.5
2006-06-28 00:00:00,6,17.4
2006-06-28 00:00:00,6.5,14
2006-06-28 00:00:00,7,13.3
2006-06-28 00:00:00,8,12.7
2006-06-28 00:00:00,9,11.9
2006-06-28 00:00:00,10,11.3
2006-06-28 00:00:00,11,9.4
2006-06-28 00:00:00,12,8.2
2006-06-28 00:00:00,13,7.4
2006-06-28 00:00:00,13.5,7
2006-06-28 00:00:00,14,6.5
2006-06-28 00:00:00,14.5,6.4
2006-06-28 00:00:00,15,6.1
2006-06-28 00:00:00,16,5.9
2006-06-28 00:00:00,18,5.7
2006-06-28 00:00:00,20,5.5
2006-06-28 00:00:00,22,5.5
2006-06-28 00:00:00,24,5.4
2006-06-28 00:00:00,26,5.3
2006-06-28 00:00:00,27,5.3
2006-06-28 00:00:00,28,5.3
2006-06-28 00:00:00,29,5.3
2006-06-28 00:00:00,30,5.3
2006-07-11 00:00:00,0,21.6
2006-07-11 00:00:00,1,21.5
2006-07-11 00:00:00,2,21.6
2006-07-11 00:00:00,3,21.6
2006-07-11 00:00:00,4,21.5
2006-07-11 00:00:00,5,18.4
2006-07-11 00:00:00,6,16.9
2006-07-11 00:00:00,7,15.1
2006-07-11 00:00:00,8,13.1
2006-07-11 00:00:00,9,11.8
2006-07-11 00:00:00,10,10.4
2006-07-11 00:00:00,11,9.7
2006-07-11 00:00:00,12,8.6
2006-07-11 00:00:00,13,8.8
2006-07-11 00:00:00,14,7.2
2006-07-11 00:00:00,15,6.5
2006-07-11 00:00:00,16,6.2
2006-07-11 00:00:00,17,5.9
2006-07-11 00:00:00,18,5.8
2006-07-11 00:00:00,20,5.6
2006-07-11 00:00:00,22,5.5
2006-07-11 00:00:00,24,5.4
2006-07-11 00:00:00,25,5.3
2006-07-11 00:00:00,26,5.2
2006-07-11 00:00:00,27,5.2
2006-07-11 00:00:00,28,5.2
2006-07-11 00:00:00,29,5.2
2006-07-11 00:00:00,30,5.2
2006-07-25 00:00:00,0,22.7
2006-07-25 00:00:00,1,22.6
2006-07-25 00:00:00,2,22.5
2006-07-25 00:00:00,4,22.2
2006-07-25 00:00:00,5,20.1
2006-07-25 00:00:00,6,17.4
2006-07-25 00:00:00,7,14
2006-07-25 00:00:00,8,12.3
2006-07-25 00:00:00,9,10.9
2006-07-25 00:00:00,10,10.1
2006-07-25 00:00:00,12,8.1
2006-07-25 00:00:00,14,6.7
2006-07-25 00:00:00,16,6.2
2006-07-25 00:00:00,18,5.9
2006-07-25 00:00:00,20,5.7
2006-07-25 00:00:00,21,5.6
2006-07-25 00:00:00,22,5.5
2006-07-25 00:00:00,24,5.4
2006-07-25 00:00:00,26,5.3
2006-07-25 00:00:00,28,5.3
2006-07-25 00:00:00,29,5.2
2006-07-25 00:00:00,30,5.2
2006-07-25 00:00:00,31,5.2
2006-08-09 00:00:00,0.5,21.7
2006-08-09 00:00:00,1,21.6
2006-08-09 00:00:00,2,21.6
2006-08-09 00:00:00,3,21.6
2006-08-09 00:00:00,4,21.6
2006-08-09 00:00:00,5,21.6
2006-08-09 00:00:00,5.5,21.2
2006-08-09 00:00:00,6,19.1
2006-08-09 00:00:00,7,15
2006-08-09 00:00:00,8,13.7
2006-08-09 00:00:00,9,12.3
2006-08-09 00:00:00,10,10.3
2006-08-09 00:00:00,11,9.3
2006-08-09 00:00:00,12,8
2006-08-09 00:00:00,12.5,7.6
2006-08-09 00:00:00,13,7.3
2006-08-09 00:00:00,14,6.7
2006-08-09 00:00:00,15,6.4
2006-08-09 00:00:00,16,6
2006-08-09 00:00:00,17,5.7
2006-08-09 00:00:00,18,5.5
2006-08-09 00:00:00,19,5.5
2006-08-09 00:00:00,20,5.4
2006-08-09 00:00:00,21,5.3
2006-08-09 00:00:00,22,5.3
2006-08-09 00:00:00,23,5.3
2006-08-09 00:00:00,24,5.3
2006-08-09 00:00:00,25,5.2
2006-08-09 00:00:00,26,5.2
2006-08-09 00:00:00,27,5.2
2006-08-09 00:00:00,28,5.1
2006-08-09 00:00:00,29,5.1
2006-08-09 00:00:00,30,5.1
2006-08-22 00:00:00,0.5,20.5
2006-08-22 00:00:00,1,20.5
2006-08-22 00:00:00,2,20.4
2006-08-22 00:00:00,2,20.4
2006-08-22 00:00:00,3,20.2
2006-08-22 00:00:00,4,20
2006-08-22 00:00:00,5,19.7
2006-08-22 00:00:00,6,19.3
2006-08-22 00:00:00,6.5,18.9
2006-08-22 00:00:00,7,17.2
2006-08-22 00:00:00,8,13.2
2006-08-22 00:00:00,9,11.8
2006-08-22 00:00:00,10,10.4
2006-08-22 00:00:00,11,9.1
2006-08-22 00:00:00,12,8.1
2006-08-22 00:00:00,13,7.3
2006-08-22 00:00:00,14,7.1
2006-08-22 00:00:00,15,6.9
2006-08-22 00:00:00,16,6.4
2006-08-22 00:00:00,17,6.2
2006-08-22 00:00:00,18,6
2006-08-22 00:00:00,19,5.9
2006-08-22 00:00:00,20,5.6
2006-08-22 00:00:00,21,5.6
2006-08-22 00:00:00,22,5.5
2006-08-22 00:00:00,23,5.4
2006-08-22 00:00:00,24,5.3
2006-08-22 00:00:00,25,5.3
2006-08-22 00:00:00,26,5.3
2006-08-22 00:00:00,27,5.3
2006-08-22 00:00:00,28,5.3
2006-08-22 00:00:00,29,5.3
2006-08-22 00:00:00,30,5.3
2006-09-05 00:00:00,0.5,17.2
2006-09-05 00:00:00,2,17.2
2006-09-05 00:00:00,2,17.2
2006-09-05 00:00:00,4,17.2
2006-09-05 00:00:00,6,17.2
2006-09-05 00:00:00,8,17.2
2006-09-05 00:00:00,8.5,17.2
2006-09-05 00:00:00,9,15.5
2006-09-05 00:00:00,10,13
2006-09-05 00:00:00,11,10.2
2006-09-05 00:00:00,12,8.9
2006-09-05 00:00:00,13,7.9
2006-09-05 00:00:00,13.5,7.5
2006-09-05 00:00:00,14,7.3
2006-09-05 00:00:00,15,6.6
2006-09-05 00:00:00,16,6.3
2006-09-05 00:00:00,17,6.1
2006-09-05 00:00:00,18,5.8
2006-09-05 00:00:00,19,5.8
2006-09-05 00:00:00,20,5.7
2006-09-05 00:00:00,21,5.7
2006-09-05 00:00:00,22,5.6
2006-09-05 00:00:00,23,5.5
2006-09-05 00:00:00,24,5.5
2006-09-05 00:00:00,25,5.5
2006-09-05 00:00:00,26,5.5
2006-09-05 00:00:00,27,5.5
2006-09-05 00:00:00,28,5.5
2006-09-05 00:00:00,29,5.5
2006-09-19 00:00:00,0.5,17.3
2006-09-19 00:00:00,2.5,17.3
2006-09-19 00:00:00,3,17.3
2006-09-19 00:00:00,4.5,17.3
2006-09-19 00:00:00,6.5,17.3
2006-09-19 00:00:00,8.5,16.8
2006-09-19 00:00:00,9.5,15.9
2006-09-19 00:00:00,10,14.8
2006-09-19 00:00:00,10.5,11.7
2006-09-19 00:00:00,11,9.9
2006-09-19 00:00:00,12,8.9
2006-09-19 00:00:00,13,8.1
2006-09-19 00:00:00,15,6.8
2006-09-19 00:00:00,17,6.2
2006-09-19 00:00:00,19,6
2006-09-19 00:00:00,21,5.9
2006-09-19 00:00:00,22,5.8
2006-09-19 00:00:00,23,5.7
2006-09-19 00:00:00,25,5.6
2006-09-19 00:00:00,27,5.5
2006-09-19 00:00:00,29,5.5
2006-09-19 00:00:00,30,5.4
2006-10-11 00:00:00,0,15.3
2006-10-11 00:00:00,2,15.3
2006-10-11 00:00:00,4,15.3
2006-10-11 00:00:00,6,15.3
2006-10-11 00:00:00,8,15.2
2006-10-11 00:00:00,9,14.9
2006-10-11 00:00:00,10,13
2006-10-11 00:00:00,11,10.2
2006-10-11 00:00:00,12,8.4
2006-10-11 00:00:00,13,7.6
2006-10-11 00:00:00,15,6.4
2006-10-11 00:00:00,17,6
2006-10-11 00:00:00,19,5.7
2006-10-11 00:00:00,21,5.6
2006-10-11 00:00:00,21.5,5.6
2006-10-11 00:00:00,25,5.5
2006-10-11 00:00:00,27,5.4
2006-10-11 00:00:00,28,5.4
2006-10-11 00:00:00,29,5.4
2006-11-07 00:00:00,0.5,10.1
2006-11-07 00:00:00,1,10.1
2006-11-07 00:00:00,2,10.1
2006-11-07 00:00:00,4,10.1
2006-11-07 00:00:00,4,10.1
2006-11-07 00:00:00,6,10.1
2006-11-07 00:00:00,8,10.1
2006-11-07 00:00:00,10,10.1
2006-11-07 00:00:00,15,10
2006-11-07 00:00:00,16,9.3
2006-11-07 00:00:00,17,6.6
2006-11-07 00:00:00,18,6.2
2006-11-07 00:00:00,19,6
2006-11-07 00:00:00,20,5.8
2006-11-07 00:00:00,21,5.7
2006-11-07 00:00:00,24,5.6
2006-11-07 00:00:00,25,5.6
2006-11-07 00:00:00,29,5.5
2006-11-07 00:00:00,30,5.5
2006-12-06 00:00:00,0.5,7.9
2006-12-06 00:00:00,1,7.8
2006-12-06 00:00:00,3,7.8
2006-12-06 00:00:00,9,7.8
2006-12-06 00:00:00,10,7.8
2006-12-06 00:00:00,15,7.8
2006-12-06 00:00:00,20,7.8
2006-12-06 00:00:00,25,7.8
2006-12-06 00:00:00,29,7.8
2006-12-06 00:00:00,30,7.8
2007-01-11 00:00:00,1,6
2007-01-11 00:00:00,3,6
2007-01-11 00:00:00,5,6
2007-01-11 00:00:00,10,6
2007-01-11 00:00:00,15,6
2007-01-11 00:00:00,20,6
2007-01-11 00:00:00,25,6
2007-01-11 00:00:00,28,6
2007-01-11 00:00:00,29,6
2007-02-13 00:00:00,0.5,3.4
2007-02-13 00:00:00,2.5,3.4
2007-02-13 00:00:00,3,3.4
2007-02-13 00:00:00,5,3.4
2007-02-13 00:00:00,10,3.4
2007-02-13 00:00:00,15,3.4
2007-02-13 00:00:00,20,3.5
2007-02-13 00:00:00,25,3.5
2007-02-13 00:00:00,29,3.5
2007-02-13 00:00:00,30,3.5
2007-03-22 00:00:00,0,4.3
2007-03-22 00:00:00,2,4.3
2007-03-22 00:00:00,3,4.3
2007-03-22 00:00:00,5,4.3
2007-03-22 00:00:00,15,4.3
2007-03-22 00:00:00,20,4.2
2007-03-22 00:00:00,25,4.2
2007-03-22 00:00:00,30,4.2
2007-03-22 00:00:00,31,4.2
2007-04-12 00:00:00,0.5,7.4
2007-04-12 00:00:00,1,7.4
2007-04-12 00:00:00,2,7.3
2007-04-12 00:00:00,2,7.3
2007-04-12 00:00:00,3,7
2007-04-12 00:00:00,6,6.9
2007-04-12 00:00:00,8,6.8
2007-04-12 00:00:00,10,6.8
2007-04-12 00:00:00,15,6.8
2007-04-12 00:00:00,20,6.8
2007-04-12 00:00:00,25,6.7
2007-04-12 00:00:00,29,6.3
2007-04-24 00:00:00,0.5,10.2
2007-04-24 00:00:00,1,10
2007-04-24 00:00:00,2,9.1
2007-04-24 00:00:00,2.5,9
2007-04-24 00:00:00,3,9
2007-04-24 00:00:00,4,8.9
2007-04-24 00:00:00,5,8.5
2007-04-24 00:00:00,6,8.1
2007-04-24 00:00:00,7,8
2007-04-24 00:00:00,8,7.6
2007-04-24 00:00:00,9,7.6
2007-04-24 00:00:00,10,7.5
2007-04-24 00:00:00,15,7.2
2007-04-24 00:00:00,20,6.8
2007-04-24 00:00:00,25,6.8
2007-04-24 00:00:00,30,6.7
2007-05-08 00:00:00,1,13.6
2007-05-08 00:00:00,3,13.5
2007-05-08 00:00:00,3,13.5
2007-05-08 00:00:00,5,13.5
2007-05-08 00:00:00,6,13.1
2007-05-08 00:00:00,7,11.1
2007-05-08 00:00:00,8,8.8
2007-05-08 00:00:00,9,8.3
2007-05-08 00:00:00,11,7.8
2007-05-08 00:00:00,13,7.6
2007-05-08 00:00:00,15,7.5
2007-05-08 00:00:00,17,7.3
2007-05-08 00:00:00,18.5,7.2
2007-05-08 00:00:00,19,7.2
2007-05-08 00:00:00,21,7.1
2007-05-08 00:00:00,23,7
2007-05-08 00:00:00,25,6.9
2007-05-08 00:00:00,27,6.9
2007-05-08 00:00:00,28.5,6.8
2007-05-23 00:00:00,0.5,14.1
2007-05-23 00:00:00,2,13.7
2007-05-23 00:00:00,4,13.5
2007-05-23 00:00:00,6,12.8
2007-05-23 00:00:00,8,12.4
2007-05-23 00:00:00,10,11.2
2007-05-23 00:00:00,11,10.3
2007-05-23 00:00:00,12,9.6
2007-05-23 00:00:00,13,7.9
2007-05-23 00:00:00,14,7.4
2007-05-23 00:00:00,16,7.3
2007-05-23 00:00:00,18,7.2
2007-05-23 00:00:00,20,7.1
2007-05-23 00:00:00,21,7.1
2007-05-23 00:00:00,22,7
2007-05-23 00:00:00,24,7
2007-05-23 00:00:00,26,6.9
2007-05-23 00:00:00,28,6.9
2007-05-23 00:00:00,29,6.9
2007-06-06 00:00:00,0.5,17.9
2007-06-06 00:00:00,1,17.7
2007-06-06 00:00:00,1,17.7
2007-06-06 00:00:00,2,17.3
2007-06-06 00:00:00,3,17.2
2007-06-06 00:00:00,3.5,17.1
2007-06-06 00:00:00,4,16.7
2007-06-06 00:00:00,4.5,16.2
2007-06-06 00:00:00,5,15.5
2007-06-06 00:00:00,6,15
2007-06-06 00:00:00,7,13.8
2007-06-06 00:00:00,8,12
2007-06-06 00:00:00,8.5,11.8
2007-06-06 00:00:00,9,11.8
2007-06-06 00:00:00,9.5,10.9
2007-06-06 00:00:00,10,10.7
2007-06-06 00:00:00,11,9.8
2007-06-06 00:00:00,12,9.3
2007-06-06 00:00:00,13,8.7
2007-06-06 00:00:00,14,7.9
2007-06-06 00:00:00,15,7.4
2007-06-06 00:00:00,16,7.3
2007-06-06 00:00:00,18,7.1
2007-06-06 00:00:00,20,7.1
2007-06-06 00:00:00,21,7
2007-06-06 00:00:00,23,7
2007-06-06 00:00:00,25,7
2007-06-06 00:00:00,27,6.9
2007-06-06 00:00:00,29,6.9
2007-06-06 00:00:00,30,6.9
2007-06-20 00:00:00,0,19.6
2007-06-20 00:00:00,2,19.6
2007-06-20 00:00:00,4,18.6
2007-06-20 00:00:00,5,18.2
2007-06-20 00:00:00,6,16.8
2007-06-20 00:00:00,7,14.7
2007-06-20 00:00:00,8,12.8
2007-06-20 00:00:00,9,11.2
2007-06-20 00:00:00,11,9.6
2007-06-20 00:00:00,13,8.6
2007-06-20 00:00:00,15,7.7
2007-06-20 00:00:00,17,7.3
2007-06-20 00:00:00,19,7.1
2007-06-20 00:00:00,21,7.1
2007-06-20 00:00:00,23,7
2007-06-20 00:00:00,25,6.9
2007-06-20 00:00:00,27,6.9
2007-06-20 00:00:00,29,6.8
2007-06-20 00:00:00,30,6.8
2007-07-03 00:00:00,0,18.2
2007-07-03 00:00:00,1,18.1
2007-07-03 00:00:00,2,18
2007-07-03 00:00:00,3,17.8
2007-07-03 00:00:00,4,17.6
2007-07-03 00:00:00,5,17.5
2007-07-03 00:00:00,6,17.5
2007-07-03 00:00:00,7,17.4
2007-07-03 00:00:00,8,15.7
2007-07-03 00:00:00,9,11.6
2007-07-03 00:00:00,10,11
2007-07-03 00:00:00,11,10.4
2007-07-03 00:00:00,12,10
2007-07-03 00:00:00,14,8.3
2007-07-03 00:00:00,16,7.8
2007-07-03 00:00:00,18,7.6
2007-07-03 00:00:00,20,7.4
2007-07-03 00:00:00,22,7.2
2007-07-03 00:00:00,24,7.2
2007-07-03 00:00:00,26,7
2007-07-03 00:00:00,28,6.9
2007-07-03 00:00:00,30,6.9
2007-07-17 00:00:00,0,19.6
2007-07-17 00:00:00,1,19.2
2007-07-17 00:00:00,2,19
2007-07-17 00:00:00,3,19
2007-07-17 00:00:00,4,18.9
2007-07-17 00:00:00,6,18.9
2007-07-17 00:00:00,8,18.7
2007-07-17 00:00:00,9,16.4
2007-07-17 00:00:00,10,14
2007-07-17 00:00:00,11,9.5
2007-07-17 00:00:00,12,8.3
2007-07-17 00:00:00,13,8.1
2007-07-17 00:00:00,14,7.8
2007-07-17 00:00:00,16,7.3
2007-07-17 00:00:00,18,6.8
2007-07-17 00:00:00,20,6.8
2007-07-17 00:00:00,21,6.8
2007-07-17 00:00:00,22,6.8
2007-07-17 00:00:00,24,7
2007-07-17 00:00:00,26,6.9
2007-07-17 00:00:00,28,6.8
2007-07-17 00:00:00,30,6.8
2007-07-31 00:00:00,0,17.5
2007-07-31 00:00:00,1,17.1
2007-07-31 00:00:00,2,17.4
2007-07-31 00:00:00,2,17.4
2007-07-31 00:00:00,4,17.4
2007-07-31 00:00:00,6,17.4
2007-07-31 00:00:00,8,17.5
2007-07-31 00:00:00,10,17.5
2007-07-31 00:00:00,11,17
2007-07-31 00:00:00,12,10.5
2007-07-31 00:00:00,13,9.1
2007-07-31 00:00:00,14,8.2
2007-07-31 00:00:00,15,7.9
2007-07-31 00:00:00,16,7.6
2007-07-31 00:00:00,18,7.2
2007-07-31 00:00:00,20,7.1
2007-07-31 00:00:00,21,7.1
2007-07-31 00:00:00,22,7.1
2007-07-31 00:00:00,24,7
2007-07-31 00:00:00,26,6.9
2007-07-31 00:00:00,28,6.9
2007-08-15 00:00:00,0.5,20.1
2007-08-15 00:00:00,1,20.1
2007-08-15 00:00:00,2,20.1
2007-08-15 00:00:00,3,20.1
2007-08-15 00:00:00,5,19.3
2007-08-15 00:00:00,6,18.2
2007-08-15 00:00:00,7,17.8
2007-08-15 00:00:00,9,17.1
2007-08-15 00:00:00,10,16.7
2007-08-15 00:00:00,11,11.6
2007-08-15 00:00:00,12,9.7
2007-08-15 00:00:00,13,9
2007-08-15 00:00:00,15,8
2007-08-15 00:00:00,17,7.7
2007-08-15 00:00:00,19,7.4
2007-08-15 00:00:00,21,7.3
2007-08-15 00:00:00,23,7.1
2007-08-15 00:00:00,25,7.1
2007-08-15 00:00:00,27,7.1
2007-08-15 00:00:00,30,7.1
2007-08-30 00:00:00,0.5,16.8
2007-08-30 00:00:00,2,16.8
2007-08-30 00:00:00,3,16.8
2007-08-30 00:00:00,4,16.8
2007-08-30 00:00:00,6,16.9
2007-08-30 00:00:00,8,16.9
2007-08-30 00:00:00,10,16.8
2007-08-30 00:00:00,11,15.8
2007-08-30 00:00:00,11.5,13.7
2007-08-30 00:00:00,12,11.7
2007-08-30 00:00:00,12.5,10.4
2007-08-30 00:00:00,13,9.5
2007-08-30 00:00:00,13.5,8.9
2007-08-30 00:00:00,14,8.3
2007-08-30 00:00:00,14.5,8
2007-08-30 00:00:00,15,7.9
2007-08-30 00:00:00,16,7.5
2007-08-30 00:00:00,17,7.3
2007-08-30 00:00:00,18,7.2
2007-08-30 00:00:00,20,7.1
2007-08-30 00:00:00,22,6.9
2007-08-30 00:00:00,24,6.9
2007-08-30 00:00:00,26,6.9
2007-08-30 00:00:00,28,6.9
2007-08-30 00:00:00,29,6.9
2007-09-18 00:00:00,0.5,14.4
2007-09-18 00:00:00,2,14.3
2007-09-18 00:00:00,4,14.3
2007-09-18 00:00:00,6,14.3
2007-09-18 00:00:00,8,14.3
2007-09-18 00:00:00,10,14.3
2007-09-18 00:00:00,12,14.2
2007-09-18 00:00:00,12.5,13.9
2007-09-18 00:00:00,13,13.7
2007-09-18 00:00:00,14,13.2
2007-09-18 00:00:00,15,11.1
2007-09-18 00:00:00,16,8.2
2007-09-18 00:00:00,17,7.6
2007-09-18 00:00:00,18,7.4
2007-09-18 00:00:00,20,7.2
2007-09-18 00:00:00,22,7
2007-09-18 00:00:00,23,7
2007-09-18 00:00:00,24,7
2007-09-18 00:00:00,26,7
2007-09-18 00:00:00,28,6.9
2007-09-18 00:00:00,30,6.9
2007-10-04 00:00:00,0.5,13.3
2007-10-04 00:00:00,2,13.3
2007-10-04 00:00:00,4,13.3
2007-10-04 00:00:00,5,13.3
2007-10-04 00:00:00,6,13.3
2007-10-04 00:00:00,8,13.3
2007-10-04 00:00:00,10,13.3
2007-10-04 00:00:00,12,13.3
2007-10-04 00:00:00,14,13.3
2007-10-04 00:00:00,15,13.2
2007-10-04 00:00:00,16,12.7
2007-10-04 00:00:00,17,8.9
2007-10-04 00:00:00,18,7.8
2007-10-04 00:00:00,19,7.5
2007-10-04 00:00:00,20,7.4
2007-10-04 00:00:00,22,7.3
2007-10-04 00:00:00,24,7.1
2007-10-04 00:00:00,25,7.1
2007-10-04 00:00:00,26,7
2007-10-04 00:00:00,28,6.9
2007-10-04 00:00:00,29,6.9
2007-10-24 00:00:00,0,10.5
2007-10-24 00:00:00,1,10.6
2007-10-24 00:00:00,2,10.6
2007-10-24 00:00:00,4,10.6
2007-10-24 00:00:00,5,10.6
2007-10-24 00:00:00,6,10.5
2007-10-24 00:00:00,8,10.6
2007-10-24 00:00:00,10,10.5
2007-10-24 00:00:00,12,10.5
2007-10-24 00:00:00,14,10.5
2007-10-24 00:00:00,16,10.5
2007-10-24 00:00:00,17,10.4
2007-10-24 00:00:00,18,9.4
2007-10-24 00:00:00,19,7.3
2007-10-24 00:00:00,20,6.9
2007-10-24 00:00:00,22,6.7
2007-10-24 00:00:00,24,6.6
2007-10-24 00:00:00,26,6.6
2007-10-24 00:00:00,28,6.5
2007-10-24 00:00:00,30,6.5
2007-11-14 00:00:00,0,7.4
2007-11-14 00:00:00,1,7.4
2007-11-14 00:00:00,2,7.4
2007-11-14 00:00:00,3,7.4
2007-11-14 00:00:00,4,7.4
2007-11-14 00:00:00,6,7.4
2007-11-14 00:00:00,8,7.4
2007-11-14 00:00:00,10,7.4
2007-11-14 00:00:00,12,7.4
2007-11-14 00:00:00,14,7.4
2007-11-14 00:00:00,16,7.4
2007-11-14 00:00:00,18,7.4
2007-11-14 00:00:00,20,7.4
2007-11-14 00:00:00,22,7.4
2007-11-14 00:00:00,24,7.4
2007-11-14 00:00:00,26,7.4
2007-11-14 00:00:00,28,7.3
2007-11-14 00:00:00,30,7.3
2007-12-11 00:00:00,0,5.9
2007-12-11 00:00:00,4,5.9
2007-12-11 00:00:00,5,5.9
2007-12-11 00:00:00,10,5.9
2007-12-11 00:00:00,15,5.9
2007-12-11 00:00:00,20,5.9
2007-12-11 00:00:00,25,5.9
2007-12-11 00:00:00,30,5.9
2008-01-16 00:00:00,1,3.7
2008-01-16 00:00:00,4,3.7
2008-01-16 00:00:00,5,3.7
2008-01-16 00:00:00,10,3.7
2008-01-16 00:00:00,15,3.7
2008-01-16 00:00:00,20,3.7
2008-01-16 00:00:00,25,3.7
2008-01-16 00:00:00,28,3.7
2008-02-20 00:00:00,1,4
2008-02-20 00:00:00,2,3.8
2008-02-20 00:00:00,3,3.7
2008-02-20 00:00:00,4,3.7
2008-02-20 00:00:00,10,3.7
2008-02-20 00:00:00,15,3.7
2008-02-20 00:00:00,20,3.7
2008-02-20 00:00:00,25,3.7
2008-02-20 00:00:00,28,3.7
2008-02-20 00:00:00,30,3.8
2008-02-20 00:00:00,31,3.8
2008-03-12 00:00:00,0.5,4.5
2008-03-12 00:00:00,2,4.5
2008-03-12 00:00:00,3.5,4.5
2008-03-12 00:00:00,5,4.5
2008-03-12 00:00:00,10,4.5
2008-03-12 00:00:00,15,4.5
2008-03-12 00:00:00,20,4.5
2008-03-12 00:00:00,25,4.5
2008-03-12 00:00:00,28,4.5
2008-04-08 00:00:00,0,5.6
2008-04-08 00:00:00,1,5.5
2008-04-08 00:00:00,2,5.5
2008-04-08 00:00:00,5,5.4
2008-04-08 00:00:00,7,5.1
2008-04-08 00:00:00,8,5
2008-04-08 00:00:00,9,4.9
2008-04-08 00:00:00,14,4.7
2008-04-08 00:00:00,16,4.4
2008-04-08 00:00:00,20,4.4
2008-04-08 00:00:00,25,4.2
2008-04-08 00:00:00,28,4.2
2008-04-08 00:00:00,29,4.2
2008-04-22 00:00:00,0,6.9
2008-04-22 00:00:00,1,6.9
2008-04-22 00:00:00,3,6.9
2008-04-22 00:00:00,7,6.7
2008-04-22 00:00:00,9,6.6
2008-04-22 00:00:00,10,6.3
2008-04-22 00:00:00,12,6.1
2008-04-22 00:00:00,14,6
2008-04-22 00:00:00,16,5.9
2008-04-22 00:00:00,18,5.6
2008-04-22 00:00:00,20,5.5
2008-04-22 00:00:00,22,5.4
2008-04-22 00:00:00,24,5.2
2008-04-22 00:00:00,26,5
2008-04-22 00:00:00,28,4.8
2008-04-22 00:00:00,29,4.8
2008-05-06 00:00:00,0,13.2
2008-05-06 00:00:00,1,12.9
2008-05-06 00:00:00,1,12.9
2008-05-06 00:00:00,2,12.3
2008-05-06 00:00:00,2.5,11.2
2008-05-06 00:00:00,3,10.9
2008-05-06 00:00:00,4,10.4
2008-05-06 00:00:00,5,9.7
2008-05-06 00:00:00,6,9.2
2008-05-06 00:00:00,7,8.8
2008-05-06 00:00:00,8,8.4
2008-05-06 00:00:00,9,7.5
2008-05-06 00:00:00,10,6.9
2008-05-06 00:00:00,11,6.4
2008-05-06 00:00:00,13,6
2008-05-06 00:00:00,15,5.6
2008-05-06 00:00:00,17,5.4
2008-05-06 00:00:00,19,5.1
2008-05-06 00:00:00,20,5.1
2008-05-06 00:00:00,21,5.1
2008-05-06 00:00:00,23,5.1
2008-05-06 00:00:00,25,5.1
2008-05-06 00:00:00,27,5.1
2008-05-06 00:00:00,29,5.1
2008-05-20 00:00:00,0.5,15.4
2008-05-20 00:00:00,2,15.3
2008-05-20 00:00:00,3,15.2
2008-05-20 00:00:00,4,14.7
2008-05-20 00:00:00,5,10.5
2008-05-20 00:00:00,6,9.3
2008-05-20 00:00:00,7,8.7
2008-05-20 00:00:00,9,7
2008-05-20 00:00:00,11,6.5
2008-05-20 00:00:00,13,6.1
2008-05-20 00:00:00,15,5.7
2008-05-20 00:00:00,17,5.6
2008-05-20 00:00:00,18,5.5
2008-05-20 00:00:00,19,5.5
2008-05-20 00:00:00,21,5.4
2008-05-20 00:00:00,23,5.4
2008-05-20 00:00:00,25,5.4
2008-05-20 00:00:00,27,5.3
2008-05-20 00:00:00,29,5.3
2008-05-20 00:00:00,30,5.3
2008-06-03 00:00:00,0,17.5
2008-06-03 00:00:00,0.25,17.3
2008-06-03 00:00:00,1,17.3
2008-06-03 00:00:00,2,17.3
2008-06-03 00:00:00,2,17.2
2008-06-03 00:00:00,3,17.2
2008-06-03 00:00:00,4,17.1
2008-06-03 00:00:00,5,17
2008-06-03 00:00:00,6,13.5
2008-06-03 00:00:00,7,10.2
2008-06-03 00:00:00,8,9.1
2008-06-03 00:00:00,9,8.5
2008-06-03 00:00:00,10,7.5
2008-06-03 00:00:00,11,6.9
2008-06-03 00:00:00,12,6.3
2008-06-03 00:00:00,13,6.2
2008-06-03 00:00:00,15,6
2008-06-03 00:00:00,17,5.7
2008-06-03 00:00:00,19,5.6
2008-06-03 00:00:00,21,5.5
2008-06-03 00:00:00,23,5.4
2008-06-03 00:00:00,25,5.4
2008-06-03 00:00:00,26,5.4
2008-06-03 00:00:00,27,5.4
2008-06-03 00:00:00,28,5.3
2008-06-03 00:00:00,28.5,5.2
2008-06-17 00:00:00,0.5,16.8
2008-06-17 00:00:00,1,16.8
2008-06-17 00:00:00,2,16.8
2008-06-17 00:00:00,3,16.7
2008-06-17 00:00:00,4,16.5
2008-06-17 00:00:00,5,16.2
2008-06-17 00:00:00,7,15.8
2008-06-17 00:00:00,8,11
2008-06-17 00:00:00,9,8.2
2008-06-17 00:00:00,10,7.5
2008-06-17 00:00:00,12,6.5
2008-06-17 00:00:00,14,6.1
2008-06-17 00:00:00,16,5.8
2008-06-17 00:00:00,18,5.8
2008-06-17 00:00:00,20,5.8
2008-06-17 00:00:00,22,5.8
2008-06-17 00:00:00,24,5.5
2008-06-17 00:00:00,26,5.5
2008-06-17 00:00:00,28,5.5
2008-06-17 00:00:00,29,5.5
2008-07-02 00:00:00,0,16.2
2008-07-02 00:00:00,2,16.5
2008-07-02 00:00:00,4,16.5
2008-07-02 00:00:00,6,16
2008-07-02 00:00:00,7,15.7
2008-07-02 00:00:00,8,15.3
2008-07-02 00:00:00,9,14.4
2008-07-02 00:00:00,10,10.2
2008-07-02 00:00:00,12,7.2
2008-07-02 00:00:00,14,6.2
2008-07-02 00:00:00,15,5.7
2008-07-02 00:00:00,17,5.7
2008-07-02 00:00:00,19,5.6
2008-07-02 00:00:00,21,5
2008-07-02 00:00:00,22,5.5
2008-07-02 00:00:00,23,5.5
2008-07-02 00:00:00,25,5.5
2008-07-02 00:00:00,27,5.4
2008-07-02 00:00:00,29,5.4
2008-07-02 00:00:00,31,5.4
2008-07-15 00:00:00,1,18.6
2008-07-15 00:00:00,3,18.5
2008-07-15 00:00:00,3,18.5
2008-07-15 00:00:00,5,18.5
2008-07-15 00:00:00,7,18.4
2008-07-15 00:00:00,8,15.6
2008-07-15 00:00:00,9,14.5
2008-07-15 00:00:00,10,10.2
2008-07-15 00:00:00,11,8.6
2008-07-15 00:00:00,12,7.4
2008-07-15 00:00:00,14,6.3
2008-07-15 00:00:00,16,5.9
2008-07-15 00:00:00,18,5.8
2008-07-15 00:00:00,20,5.7
2008-07-15 00:00:00,22,5.7
2008-07-15 00:00:00,24,5.6
2008-07-15 00:00:00,26,5.6
2008-07-15 00:00:00,28,5.6
2008-07-15 00:00:00,30,5.6
2008-08-07 00:00:00,1,19.9
2008-08-07 00:00:00,3,19.9
2008-08-07 00:00:00,5,19.8
2008-08-07 00:00:00,7,19.7
2008-08-07 00:00:00,8,17.6
2008-08-07 00:00:00,9,15.9
2008-08-07 00:00:00,10,12.7
2008-08-07 00:00:00,11,10.6
2008-08-07 00:00:00,12,8.7
2008-08-07 00:00:00,13,7.8
2008-08-07 00:00:00,15,6.9
2008-08-07 00:00:00,17,6.4
2008-08-07 00:00:00,19,6.3
2008-08-07 00:00:00,20,6.1
2008-08-07 00:00:00,21,6.1
2008-08-07 00:00:00,23,5.9
2008-08-07 00:00:00,25,5.9
2008-08-07 00:00:00,27,5.9
2008-08-07 00:00:00,29,5.9
2008-08-21 00:00:00,0,18.4
2008-08-21 00:00:00,1,18.4
2008-08-21 00:00:00,2,18.4
2008-08-21 00:00:00,3,18.4
2008-08-21 00:00:00,5,18.3
2008-08-21 00:00:00,7,18.4
2008-08-21 00:00:00,8,18.1
2008-08-21 00:00:00,9,17.2
2008-08-21 00:00:00,10,15.2
2008-08-21 00:00:00,11,11.1
2008-08-21 00:00:00,12,9
2008-08-21 00:00:00,13,7.5
2008-08-21 00:00:00,14,6.4
2008-08-21 00:00:00,15,6
2008-08-21 00:00:00,17,6
2008-08-21 00:00:00,19,5.8
2008-08-21 00:00:00,21,5.7
2008-08-21 00:00:00,22,5.7
2008-08-21 00:00:00,23,5.6
2008-08-21 00:00:00,25,5.3
2008-08-21 00:00:00,27,5.3
2008-09-03 00:00:00,0,17.8
2008-09-03 00:00:00,1,17.8
2008-09-03 00:00:00,3,17.8
2008-09-03 00:00:00,4,17.8
2008-09-03 00:00:00,5,17.7
2008-09-03 00:00:00,7,17.7
2008-09-03 00:00:00,9,17.9
2008-09-03 00:00:00,10,17
2008-09-03 00:00:00,11,11
2008-09-03 00:00:00,12,9.3
2008-09-03 00:00:00,13,8.2
2008-09-03 00:00:00,14,7.5
2008-09-03 00:00:00,15,6.7
2008-09-03 00:00:00,17,6.1
2008-09-03 00:00:00,19,6
2008-09-03 00:00:00,21,5.8
2008-09-03 00:00:00,22,5.8
2008-09-03 00:00:00,23,5.6
2008-09-03 00:00:00,25,5.6
2008-09-03 00:00:00,27,5.6
2008-09-03 00:00:00,29,5.5
2008-09-03 00:00:00,30,5.5
2008-09-18 00:00:00,0,15.2
2008-09-18 00:00:00,1,15.2
2008-09-18 00:00:00,3,15.2
2008-09-18 00:00:00,5,15.2
2008-09-18 00:00:00,7,15
2008-09-18 00:00:00,9,14.9
2008-09-18 00:00:00,11,14
2008-09-18 00:00:00,12,11.1
2008-09-18 00:00:00,13,8.4
2008-09-18 00:00:00,14,7
2008-09-18 00:00:00,15,6.4
2008-09-18 00:00:00,16,6.2
2008-09-18 00:00:00,17,5.9
2008-09-18 00:00:00,19,5.7
2008-09-18 00:00:00,21,5.5
2008-09-18 00:00:00,22,5.5
2008-09-18 00:00:00,23,5.4
2008-09-18 00:00:00,25,5.4
2008-09-18 00:00:00,27,5.4
2008-09-18 00:00:00,29,5.4
2008-10-01 00:00:00,0,14.1
2008-10-01 00:00:00,1,14.1
2008-10-01 00:00:00,3,14.1
2008-10-01 00:00:00,5,14.1
2008-10-01 00:00:00,5,14
2008-10-01 00:00:00,7,14
2008-10-01 00:00:00,9,14
2008-10-01 00:00:00,11,14
2008-10-01 00:00:00,12,13.5
2008-10-01 00:00:00,13,9.8
2008-10-01 00:00:00,14,7.5
2008-10-01 00:00:00,15,6.9
2008-10-01 00:00:00,16,6.4
2008-10-01 00:00:00,17,6
2008-10-01 00:00:00,18,5.9
2008-10-01 00:00:00,20,5.9
2008-10-01 00:00:00,22,5.8
2008-10-01 00:00:00,24,5.7
2008-10-01 00:00:00,26,5.5
2008-10-01 00:00:00,28,5.4
2008-10-29 00:00:00,0,9.9
2008-10-29 00:00:00,2,9.9
2008-10-29 00:00:00,5,9.9
2008-10-29 00:00:00,6,9.8
2008-10-29 00:00:00,10,9.9
2008-10-29 00:00:00,15,9.8
2008-10-29 00:00:00,17,8.1
2008-10-29 00:00:00,18,6.2
2008-10-29 00:00:00,19,6
2008-10-29 00:00:00,20,5.8
2008-10-29 00:00:00,22,5.7
2008-10-29 00:00:00,24,5.6
2008-10-29 00:00:00,24.5,5.6
2008-10-29 00:00:00,26,5.5
2008-10-29 00:00:00,28,5.5
2008-10-29 00:00:00,30,5.5
2008-11-15 00:00:00,0,6.2
2008-11-15 00:00:00,5,6.2
2008-11-15 00:00:00,10,6.2
2008-11-15 00:00:00,15,6.1
2008-11-15 00:00:00,20,6.1
2008-11-15 00:00:00,25,6.1
2008-11-15 00:00:00,28,5.9
2008-11-18 00:00:00,0,7.7
2008-11-18 00:00:00,5,7.7
2008-11-18 00:00:00,10,7.7
2008-11-18 00:00:00,15,7.7
2008-11-18 00:00:00,17,7.8
2008-11-18 00:00:00,20,7.7
2008-11-18 00:00:00,22,7.7
2008-11-18 00:00:00,25,7
2008-11-18 00:00:00,27,6.2
2008-11-18 00:00:00,30,6.1
2008-11-25 00:00:00,0,6.2
2008-11-25 00:00:00,3,6.2
2008-11-25 00:00:00,5,6.2
2008-11-25 00:00:00,10,6.2
2008-11-25 00:00:00,15,6.1
2008-11-25 00:00:00,20,6.1
2008-11-25 00:00:00,25,6.1
2008-11-25 00:00:00,28,5.9
2008-12-09 00:00:00,0,5.4
2008-12-09 00:00:00,1,5.4
2008-12-09 00:00:00,5,5.4
2008-12-09 00:00:00,10,5.4
2008-12-09 00:00:00,15,5.3
2008-12-09 00:00:00,20,5.3
2008-12-09 00:00:00,25,5.3
2008-12-09 00:00:00,30,5.3
2009-01-21 00:00:00,0,2.5
2009-01-21 00:00:00,4,2.5
2009-01-21 00:00:00,8,2.5
2009-01-21 00:00:00,10,2.6
2009-01-21 00:00:00,20,2.7
2009-01-21 00:00:00,30,2.7
2009-02-12 00:00:00,1,1.2
2009-02-12 00:00:00,5,1.4
2009-02-12 00:00:00,10,1.5
2009-02-12 00:00:00,15,1.6
2009-02-12 00:00:00,20,1.7
2009-02-12 00:00:00,25,1.7
2009-02-12 00:00:00,30,1.7
2009-03-18 00:00:00,0,3.1
2009-03-18 00:00:00,2,3.1
2009-03-18 00:00:00,10,3.1
2009-03-18 00:00:00,20,3
2009-03-18 00:00:00,30,3
2009-04-02 00:00:00,0,4.2
2009-04-02 00:00:00,5,4
2009-04-02 00:00:00,10,4
2009-04-02 00:00:00,15,4
2009-04-02 00:00:00,20,4
2009-04-02 00:00:00,25,4
2009-04-02 00:00:00,30,4
2009-04-23 00:00:00,0,9.5
2009-04-23 00:00:00,1,9.6
2009-04-23 00:00:00,2,9.5
2009-04-23 00:00:00,3,9.4
2009-04-23 00:00:00,4,9.3
2009-04-23 00:00:00,4.5,7.8
2009-04-23 00:00:00,5,7.6
2009-04-23 00:00:00,6,7.4
2009-04-23 00:00:00,7,7.1
2009-04-23 00:00:00,8,6.9
2009-04-23 00:00:00,10,6.3
2009-04-23 00:00:00,12,6
2009-04-23 00:00:00,14,5.5
2009-04-23 00:00:00,16,5.3
2009-04-23 00:00:00,18,5.2
2009-04-23 00:00:00,20,5.1
2009-04-23 00:00:00,22,4.8
2009-04-23 00:00:00,24,4.8
2009-04-23 00:00:00,26,4.7
2009-04-23 00:00:00,28,4.7
2009-04-23 00:00:00,29,4.6
2009-04-23 00:00:00,30,4.5
2009-05-06 00:00:00,0,11.7
2009-05-06 00:00:00,5,11.6
2009-05-06 00:00:00,7,11.5
2009-05-06 00:00:00,8,10.5
2009-05-06 00:00:00,9,7.9
2009-05-06 00:00:00,10,6.7
2009-05-06 00:00:00,12,6
2009-05-06 00:00:00,14,5.8
2009-05-06 00:00:00,16,5.5
2009-05-06 00:00:00,18,5.5
2009-05-06 00:00:00,20,5.3
2009-05-06 00:00:00,22,5.2
2009-05-06 00:00:00,25,5
2009-05-06 00:00:00,28,4.8
2009-05-06 00:00:00,30,4.8
2009-05-19 00:00:00,0,13.1
2009-05-19 00:00:00,1,13
2009-05-19 00:00:00,2,12.8
2009-05-19 00:00:00,3,12.5
2009-05-19 00:00:00,4,12.2
2009-05-19 00:00:00,4.5,12.1
2009-05-19 00:00:00,6,12.1
2009-05-19 00:00:00,7,12
2009-05-19 00:00:00,7.5,11.6
2009-05-19 00:00:00,8.5,11.1
2009-05-19 00:00:00,9.5,10.3
2009-05-19 00:00:00,10.5,9
2009-05-19 00:00:00,12,7.5
2009-05-19 00:00:00,13,7.2
2009-05-19 00:00:00,14,6.6
2009-05-19 00:00:00,15,6.2
2009-05-19 00:00:00,16,6.1
2009-05-19 00:00:00,16.5,6
2009-05-19 00:00:00,18,5.8
2009-05-19 00:00:00,18.5,5.8
2009-05-19 00:00:00,20,5.7
2009-05-19 00:00:00,21,5.6
2009-05-19 00:00:00,22,5.6
2009-05-19 00:00:00,22.5,5.5
2009-05-19 00:00:00,24,5.5
2009-05-19 00:00:00,25,5.5
2009-05-19 00:00:00,26,5.5
2009-05-19 00:00:00,27,5.5
2009-05-19 00:00:00,27.5,5.5
2009-05-19 00:00:00,29,5.5
2009-05-19 00:00:00,30,5.4
2009-06-17 00:00:00,0.25,15.7
2009-06-17 00:00:00,1,15.6
2009-06-17 00:00:00,2,15.5
2009-06-17 00:00:00,3,15.2
2009-06-17 00:00:00,3.5,15.1
2009-06-17 00:00:00,4.5,15
2009-06-17 00:00:00,6,14.9
2009-06-17 00:00:00,7,14.9
2009-06-17 00:00:00,9,14.8
2009-06-17 00:00:00,10,14.6
2009-06-17 00:00:00,10.5,13.1
2009-06-17 00:00:00,12,9.2
2009-06-17 00:00:00,13,7.5
2009-06-17 00:00:00,14,6.7
2009-06-17 00:00:00,14.5,6.5
2009-06-17 00:00:00,16,6.3
2009-06-17 00:00:00,17,6.2
2009-06-17 00:00:00,17.5,6
2009-06-17 00:00:00,18.5,5.9
2009-06-17 00:00:00,20,5.9
2009-06-17 00:00:00,21,5.8
2009-06-17 00:00:00,22,5.7
2009-06-17 00:00:00,23,5.7
2009-06-17 00:00:00,23.5,5.7
2009-06-17 00:00:00,24,5.7
2009-06-17 00:00:00,26,5.6
2009-06-17 00:00:00,27,5.6
2009-07-01 00:00:00,0.25,22.8
2009-07-01 00:00:00,0.75,21.5
2009-07-01 00:00:00,2,20.1
2009-07-01 00:00:00,2.5,19.9
2009-07-01 00:00:00,4,19.5
2009-07-01 00:00:00,5,18.4
2009-07-01 00:00:00,6,17.5
2009-07-01 00:00:00,7,16.3
2009-07-01 00:00:00,8,15.6
2009-07-01 00:00:00,9,14.8
2009-07-01 00:00:00,10,14
2009-07-01 00:00:00,11,13.1
2009-07-01 00:00:00,12,11.5
2009-07-01 00:00:00,13,9
2009-07-01 00:00:00,14,7.7
2009-07-01 00:00:00,14.5,7
2009-07-01 00:00:00,16,6.5
2009-07-01 00:00:00,17,6.4
2009-07-01 00:00:00,18,6.2
2009-07-01 00:00:00,19.5,5.9
2009-07-01 00:00:00,22,5.8
2009-07-01 00:00:00,24,5.7
2009-07-01 00:00:00,24.5,5.7
2009-07-01 00:00:00,27,5.7
2009-07-01 00:00:00,28,5.7
2009-07-01 00:00:00,29,5.6
2009-07-01 00:00:00,29.5,5.6
2009-07-23 00:00:00,0,19.7
2009-07-23 00:00:00,0,19.7
2009-07-23 00:00:00,0.75,19.7
2009-07-23 00:00:00,1,19.7
2009-07-23 00:00:00,1.5,19.7
2009-07-23 00:00:00,1.5,19.7
2009-07-23 00:00:00,2.5,19.6
2009-07-23 00:00:00,3,19.6
2009-07-23 00:00:00,3.5,19.5
2009-07-23 00:00:00,4,19.5
2009-07-23 00:00:00,4.5,19.4
2009-07-23 00:00:00,5,19.4
2009-07-23 00:00:00,5.5,19.4
2009-07-23 00:00:00,6,19.4
2009-07-23 00:00:00,6.5,18.7
2009-07-23 00:00:00,7,18.7
2009-07-23 00:00:00,7.5,17
2009-07-23 00:00:00,8,17.2
2009-07-23 00:00:00,8.5,15.2
2009-07-23 00:00:00,9,15.2
2009-07-23 00:00:00,9.5,14.2
2009-07-23 00:00:00,10,12.2
2009-07-23 00:00:00,10.5,12.7
2009-07-23 00:00:00,11,12.7
2009-07-23 00:00:00,11.5,10.2
2009-07-23 00:00:00,12,10.2
2009-07-23 00:00:00,12.5,9.1
2009-07-23 00:00:00,13,9.1
2009-07-23 00:00:00,13.5,8.2
2009-07-23 00:00:00,14,8.2
2009-07-23 00:00:00,14.5,7.2
2009-07-23 00:00:00,15,7.2
2009-07-23 00:00:00,15.5,6.9
2009-07-23 00:00:00,16,6.9
2009-07-23 00:00:00,16.5,6.5
2009-07-23 00:00:00,17,6.5
2009-07-23 00:00:00,17.5,6.3
2009-07-23 00:00:00,18,6.3
2009-07-23 00:00:00,18.5,6.2
2009-07-23 00:00:00,19.5,6
2009-07-23 00:00:00,20,6
2009-07-23 00:00:00,20.5,6
2009-07-23 00:00:00,21.5,5.9
2009-07-23 00:00:00,22,5.9
2009-07-23 00:00:00,22.5,5.8
2009-07-23 00:00:00,23.5,5.8
2009-07-23 00:00:00,24,5.8
2009-07-23 00:00:00,24.5,5.8
2009-07-23 00:00:00,25,5.8
2009-07-23 00:00:00,25.5,5.7
2009-07-23 00:00:00,26,5.7
2009-07-23 00:00:00,26.5,5.7
2009-07-23 00:00:00,27.5,5.7
2009-07-23 00:00:00,28,5.7
2009-07-23 00:00:00,28.5,5.7
2009-07-23 00:00:00,29.5,5.6
2009-07-23 00:00:00,30,5.6
2009-08-11 00:00:00,0,21
2009-08-11 00:00:00,0,21
2009-08-11 00:00:00,1,21
2009-08-11 00:00:00,3,20.9
2009-08-11 00:00:00,4,20.8
2009-08-11 00:00:00,4.5,19.8
2009-08-11 00:00:00,5.5,18.8
2009-08-11 00:00:00,7,18.3
2009-08-11 00:00:00,9,17.2
2009-08-11 00:00:00,9,16.4
2009-08-11 00:00:00,10,13.9
2009-08-11 00:00:00,11,12.7
2009-08-11 00:00:00,12,11
2009-08-11 00:00:00,13,9.6
2009-08-11 00:00:00,14,8.4
2009-08-11 00:00:00,15,7.5
2009-08-11 00:00:00,16,7
2009-08-11 00:00:00,17,6.5
2009-08-11 00:00:00,19,6.2
2009-08-11 00:00:00,20,6.1
2009-08-11 00:00:00,21,6
2009-08-11 00:00:00,22,6
2009-08-11 00:00:00,23,5.9
2009-08-11 00:00:00,24,5.8
2009-08-11 00:00:00,25,5.8
2009-08-11 00:00:00,26,5.8
2009-08-11 00:00:00,28,5.7
2009-08-11 00:00:00,29.5,5.7
2009-08-27 00:00:00,0,19
2009-08-27 00:00:00,1,19
2009-08-27 00:00:00,1.5,19
2009-08-27 00:00:00,3,18.9
2009-08-27 00:00:00,4,18.9
2009-08-27 00:00:00,4.5,18.9
2009-08-27 00:00:00,5,18.9
2009-08-27 00:00:00,5.5,18.8
2009-08-27 00:00:00,6.5,18.5
2009-08-27 00:00:00,7.5,18.4
2009-08-27 00:00:00,8.5,17.6
2009-08-27 00:00:00,10,17.1
2009-08-27 00:00:00,10.5,15.8
2009-08-27 00:00:00,11.5,10.9
2009-08-27 00:00:00,12.5,9.3
2009-08-27 00:00:00,13.5,8.4
2009-08-27 00:00:00,14.5,7.4
2009-08-27 00:00:00,16,6.9
2009-08-27 00:00:00,17,6.5
2009-08-27 00:00:00,17.5,6.3
2009-08-27 00:00:00,18.5,6.2
2009-08-27 00:00:00,20,6.1
2009-08-27 00:00:00,20.5,6
2009-08-27 00:00:00,21.5,6
2009-08-27 00:00:00,22.5,5.9
2009-08-27 00:00:00,24,5.8
2009-08-27 00:00:00,24.5,5.8
2009-08-27 00:00:00,25.5,5.8
2009-08-27 00:00:00,26.5,5.8
2009-08-27 00:00:00,27.5,5.8
2009-08-27 00:00:00,29,5.8
2009-08-27 00:00:00,30,5.8
2009-08-27 00:00:00,30,5.8
2009-09-10 00:00:00,0,16.9
2009-09-10 00:00:00,2,16.8
2009-09-10 00:00:00,5,16.8
2009-09-10 00:00:00,8,16.7
2009-09-10 00:00:00,10,16.5
2009-09-10 00:00:00,11,16.4
2009-09-10 00:00:00,12,14.9
2009-09-10 00:00:00,13,10.6
2009-09-10 00:00:00,14,8.3
2009-09-10 00:00:00,15,7.2
2009-09-10 00:00:00,16,6.8
2009-09-10 00:00:00,17,6.4
2009-09-10 00:00:00,18,6.2
2009-09-10 00:00:00,20,6
2009-09-10 00:00:00,22,5.8
2009-09-10 00:00:00,25,5.7
2009-09-10 00:00:00,28,5.6
2009-09-10 00:00:00,30,5.6
2009-09-23 00:00:00,0,15.5
2009-09-23 00:00:00,2,15.5
2009-09-23 00:00:00,4,15.4
2009-09-23 00:00:00,6,15.4
2009-09-23 00:00:00,8,15.4
2009-09-23 00:00:00,10,15.4
2009-09-23 00:00:00,12,15.4
2009-09-23 00:00:00,13,12.3
2009-09-23 00:00:00,14,8.7
2009-09-23 00:00:00,15,7.8
2009-09-23 00:00:00,16,6.9
2009-09-23 00:00:00,17,6.6
2009-09-23 00:00:00,18,6.3
2009-09-23 00:00:00,19,6
2009-09-23 00:00:00,20,5.8
2009-09-23 00:00:00,21,5.7
2009-09-23 00:00:00,22,5.6
2009-09-23 00:00:00,24,5.5
2009-09-23 00:00:00,26,5.4
2009-09-23 00:00:00,29,5.3
2009-10-08 00:00:00,0,12.5
2009-10-08 00:00:00,2,12.5
2009-10-08 00:00:00,4,12.5
2009-10-08 00:00:00,6,12.5
2009-10-08 00:00:00,8,12.4
2009-10-08 00:00:00,10,12.4
2009-10-08 00:00:00,12,12.4
2009-10-08 00:00:00,14,12.3
2009-10-08 00:00:00,15,12.2
2009-10-08 00:00:00,16,11.2
2009-10-08 00:00:00,17,9
2009-10-08 00:00:00,18,7
2009-10-08 00:00:00,19,6.4
2009-10-08 00:00:00,21,6.2
2009-10-08 00:00:00,23,6
2009-10-08 00:00:00,25,5.8
2009-10-08 00:00:00,27,5.8
2009-10-08 00:00:00,29,5.8
2009-10-22 00:00:00,1,9.7
2009-10-22 00:00:00,5,9.7
2009-10-22 00:00:00,10,9.7
2009-10-22 00:00:00,15,9.7
2009-10-22 00:00:00,17,9.6
2009-10-22 00:00:00,18,8.7
2009-10-22 00:00:00,19,7.1
2009-10-22 00:00:00,20,5.9
2009-10-22 00:00:00,22,5.7
2009-10-22 00:00:00,25,5.5
2009-10-22 00:00:00,30,5.5
2009-11-18 00:00:00,0,7.5
2009-11-18 00:00:00,3,7.5
2009-11-18 00:00:00,5,7.5
2009-11-18 00:00:00,10,7.5
2009-11-18 00:00:00,15,7.5
2009-11-18 00:00:00,20,7.5
2009-11-18 00:00:00,23,7.5
2009-11-18 00:00:00,24,7.3
2009-11-18 00:00:00,25,6.4
2009-11-18 00:00:00,26,5.6
2009-11-18 00:00:00,27,5.5
2009-11-18 00:00:00,28,5.5
2009-11-18 00:00:00,29,5.5
2009-11-18 00:00:00,30,5.4
2009-12-16 00:00:00,0,5.5
2009-12-16 00:00:00,1,5.6
2009-12-16 00:00:00,5,5.7
2009-12-16 00:00:00,10,5.8
2009-12-16 00:00:00,15,5.8
2009-12-16 00:00:00,20,5.8
2009-12-16 00:00:00,25,5.7
2009-12-16 00:00:00,30,5.5
2010-01-01 00:00:00,0,1
2010-01-01 00:00:00,5,1
2010-01-01 00:00:00,10,1.1
2010-01-01 00:00:00,15,1.2
2010-01-01 00:00:00,20,1.4
2010-01-01 00:00:00,22,1.6
2010-01-01 00:00:00,25,1.8
2010-01-01 00:00:00,27,2.2
2010-01-01 00:00:00,29,2.4
2010-01-01 00:00:00,30,2.6
2010-01-21 00:00:00,0,1
2010-01-21 00:00:00,5,1
2010-01-21 00:00:00,10,1.1
2010-01-21 00:00:00,15,1.2
2010-01-21 00:00:00,20,1.4
2010-01-21 00:00:00,22,1.6
2010-01-21 00:00:00,25,1.8
2010-01-21 00:00:00,27,2.2
2010-01-21 00:00:00,29,2.4
2010-01-21 00:00:00,30,2.6
2010-02-17 00:00:00,0,1
2010-03-25 00:00:00,0.25,2.2
2010-03-25 00:00:00,1,2.2
2010-03-25 00:00:00,2.5,2.1
2010-03-25 00:00:00,5,2
2010-03-25 00:00:00,9.5,2
2010-03-25 00:00:00,15,2
2010-03-25 00:00:00,19,2
2010-03-25 00:00:00,22,2
2010-03-25 00:00:00,24.5,2
2010-03-25 00:00:00,27.5,2.1
2010-03-25 00:00:00,28,2.1
2010-03-25 00:00:00,29,2.4
2010-03-25 00:00:00,29.5,3
2010-03-25 00:00:00,29.5,2.5
2010-04-08 00:00:00,0.25,4.3
2010-04-08 00:00:00,1,4.1
2010-04-08 00:00:00,4,4
2010-04-08 00:00:00,6,3.9
2010-04-08 00:00:00,8,3.9
2010-04-08 00:00:00,10,3.8
2010-04-08 00:00:00,12,3.8
2010-04-08 00:00:00,14,3.8
2010-04-08 00:00:00,16,3.8
2010-04-08 00:00:00,18,3.8
2010-04-08 00:00:00,20,3.8
2010-04-08 00:00:00,22,3.8
2010-04-08 00:00:00,24,3.8
2010-04-08 00:00:00,26,3.8
2010-04-08 00:00:00,28,3.8
2010-04-08 00:00:00,29,3.8
2010-04-08 00:00:00,29.5,3.8
2010-04-08 00:00:00,30,3.8
2010-04-20 00:00:00,0,5.9
2010-04-20 00:00:00,0.75,5.9
2010-04-20 00:00:00,3,5.9
2010-04-20 00:00:00,3.5,5.9
2010-04-20 00:00:00,5,5.9
2010-04-20 00:00:00,6,5.9
2010-04-20 00:00:00,7,5.9
2010-04-20 00:00:00,8,5.9
2010-04-20 00:00:00,8,5.9
2010-04-20 00:00:00,8.5,5.9
2010-04-20 00:00:00,10,5.9
2010-04-20 00:00:00,10.5,5.9
2010-04-20 00:00:00,12,5.9
2010-04-20 00:00:00,12.5,5.8
2010-04-20 00:00:00,13.5,5.8
2010-04-20 00:00:00,14.5,5.8
2010-04-20 00:00:00,15,5.8
2010-04-20 00:00:00,15,5.8
2010-04-20 00:00:00,16,5.7
2010-04-20 00:00:00,16.5,5.6
2010-04-20 00:00:00,18,5.6
2010-04-20 00:00:00,19,5.6
2010-04-20 00:00:00,19.5,5.6
2010-04-20 00:00:00,21,5.6
2010-04-20 00:00:00,21,5.6
2010-04-20 00:00:00,22,5.6
2010-04-20 00:00:00,22,5.6
2010-04-20 00:00:00,23,5.6
2010-04-20 00:00:00,24,5.6
2010-04-20 00:00:00,25,5.5
2010-04-20 00:00:00,27,5.4
2010-04-20 00:00:00,28,5.4
2010-04-20 00:00:00,28.5,5.4
2010-04-20 00:00:00,28.5,5.4
2010-04-20 00:00:00,30,5.3
2010-05-06 00:00:00,0,7.9
2010-05-06 00:00:00,1,7.9
2010-05-06 00:00:00,2,7.9
2010-05-06 00:00:00,4,7.9
2010-05-06 00:00:00,6,7.9
2010-05-06 00:00:00,8,7.7
2010-05-06 00:00:00,10,6.9
2010-05-06 00:00:00,12,6.7
2010-05-06 00:00:00,14,6.5
2010-05-06 00:00:00,16,6.4
2010-05-06 00:00:00,19,6.1
2010-05-06 00:00:00,24,6
2010-05-06 00:00:00,28,5.9
2010-05-06 00:00:00,29,5.8
2010-05-25 00:00:00,0.25,12.2
2010-05-25 00:00:00,0.75,12.2
2010-05-25 00:00:00,1.5,12.2
2010-05-25 00:00:00,3,12.1
2010-05-25 00:00:00,4,12.1
2010-05-25 00:00:00,4.5,11.8
2010-05-25 00:00:00,5.5,11.3
2010-05-25 00:00:00,6.5,10.9
2010-05-25 00:00:00,8,10.6
2010-05-25 00:00:00,8.5,10.3
2010-05-25 00:00:00,10,10.2
2010-05-25 00:00:00,11,8.7
2010-05-25 00:00:00,12,8.3
2010-05-25 00:00:00,12.5,8.1
2010-05-25 00:00:00,14,8
2010-05-25 00:00:00,15,7.7
2010-05-25 00:00:00,16,7.5
2010-05-25 00:00:00,16.5,7.3
2010-05-25 00:00:00,17.5,7.2
2010-05-25 00:00:00,18.5,7.1
2010-05-25 00:00:00,20,6.9
2010-05-25 00:00:00,20.5,6.8
2010-05-25 00:00:00,21.5,6.8
2010-05-25 00:00:00,22.5,6.7
2010-05-25 00:00:00,23.5,6.7
2010-05-25 00:00:00,25,6.7
2010-05-25 00:00:00,25.5,6.6
2010-05-25 00:00:00,27,6.6
2010-05-25 00:00:00,27.5,6.5
2010-06-09 00:00:00,0,16.1
2010-06-09 00:00:00,1,16.1
2010-06-09 00:00:00,1.5,16
2010-06-09 00:00:00,2.5,16
2010-06-09 00:00:00,3.5,14.7
2010-06-09 00:00:00,4.5,13.5
2010-06-09 00:00:00,5.5,12.8
2010-06-09 00:00:00,6.5,12.3
2010-06-09 00:00:00,8,11.7
2010-06-09 00:00:00,8.5,11.1
2010-06-09 00:00:00,10,9.9
2010-06-09 00:00:00,11,9
2010-06-09 00:00:00,12,8.3
2010-06-09 00:00:00,13,7.9
2010-06-09 00:00:00,13.5,7.7
2010-06-09 00:00:00,14.5,7.5
2010-06-09 00:00:00,15.5,7.4
2010-06-09 00:00:00,17,7.3
2010-06-09 00:00:00,17.5,7.1
2010-06-09 00:00:00,19,7
2010-06-09 00:00:00,20,6.9
2010-06-09 00:00:00,21,6.8
2010-06-09 00:00:00,22,6.8
2010-06-09 00:00:00,22.5,6.8
2010-06-09 00:00:00,23.5,6.7
2010-06-09 00:00:00,25,6.7
2010-06-09 00:00:00,26,6.7
2010-06-09 00:00:00,27,6.7
2010-06-22 00:00:00,0,15.4
2010-06-22 00:00:00,0.75,15.4
2010-06-22 00:00:00,2,15.4
2010-06-22 00:00:00,3,15.4
2010-06-22 00:00:00,3.5,15.3
2010-06-22 00:00:00,4.5,15.3
2010-06-22 00:00:00,5.5,15.3
2010-06-22 00:00:00,5.5,14.6
2010-06-22 00:00:00,6.5,14.5
2010-06-22 00:00:00,8,14.1
2010-06-22 00:00:00,8.5,13.7
2010-06-22 00:00:00,9,13.4
2010-06-22 00:00:00,9.5,12.4
2010-06-22 00:00:00,10.5,10
2010-06-22 00:00:00,12,8.8
2010-06-22 00:00:00,13,8.1
2010-06-22 00:00:00,14,7.9
2010-06-22 00:00:00,14.5,7.7
2010-06-22 00:00:00,16,7.4
2010-06-22 00:00:00,16.5,7.3
2010-06-22 00:00:00,17.5,7.2
2010-06-22 00:00:00,18.5,7.1
2010-06-22 00:00:00,19.5,7
2010-06-22 00:00:00,21,6.9
2010-06-22 00:00:00,22,6.8
2010-06-22 00:00:00,22,6.8
2010-06-22 00:00:00,23,6.8
2010-06-22 00:00:00,24,6.8
2010-06-22 00:00:00,24.5,6.7
2010-06-22 00:00:00,25.5,6.7
2010-06-22 00:00:00,26.5,6.7
2010-06-22 00:00:00,27.5,6.7
2010-06-22 00:00:00,29,6.7
2010-07-12 00:00:00,0.25,23.2
2010-07-12 00:00:00,1,23.1
2010-07-12 00:00:00,2,22.7
2010-07-12 00:00:00,3,21.6
2010-07-12 00:00:00,4,19.8
2010-07-12 00:00:00,5,17.4
2010-07-12 00:00:00,5.5,16
2010-07-12 00:00:00,7,14.9
2010-07-12 00:00:00,7.5,13.8
2010-07-12 00:00:00,9,12.9
2010-07-12 00:00:00,10,12.1
2010-07-12 00:00:00,10.5,10.7
2010-07-12 00:00:00,12,9.3
2010-07-12 00:00:00,13,8.4
2010-07-12 00:00:00,14,7.9
2010-07-12 00:00:00,14.5,7.6
2010-07-12 00:00:00,16,7.4
2010-07-12 00:00:00,17,7.3
2010-07-12 00:00:00,18,7.2
2010-07-12 00:00:00,20,7
2010-07-12 00:00:00,22,6.8
2010-07-12 00:00:00,24,6.8
2010-07-12 00:00:00,26,6.8
2010-07-12 00:00:00,28,6.7
2010-07-12 00:00:00,30,6.7
2010-07-22 00:00:00,0.25,22.8
2010-07-22 00:00:00,0.75,22.8
2010-07-22 00:00:00,2.5,22.5
2010-07-22 00:00:00,4,21.3
2010-07-22 00:00:00,5,20.8
2010-07-22 00:00:00,6,16.8
2010-07-22 00:00:00,6.5,15
2010-07-22 00:00:00,8,13.7
2010-07-22 00:00:00,9,12.5
2010-07-22 00:00:00,10,11
2010-07-22 00:00:00,11,10
2010-07-22 00:00:00,11.5,9
2010-07-22 00:00:00,13.5,8
2010-07-22 00:00:00,16,7.4
2010-07-22 00:00:00,18,7.1
2010-07-22 00:00:00,20,7
2010-07-22 00:00:00,22,6.9
2010-07-22 00:00:00,24,6.8
2010-07-22 00:00:00,26,6.7
2010-07-22 00:00:00,28,6.7
2010-07-22 00:00:00,30,6.6
2010-08-12 00:00:00,0,19.9
2010-08-12 00:00:00,0.75,19.9
2010-08-12 00:00:00,2,19.7
2010-08-12 00:00:00,2.5,19.5
2010-08-12 00:00:00,4,19.5
2010-08-12 00:00:00,5,19.4
2010-08-12 00:00:00,5.5,19.1
2010-08-12 00:00:00,7,17.5
2010-08-12 00:00:00,8,14.2
2010-08-12 00:00:00,9,12.4
2010-08-12 00:00:00,10,11.5
2010-08-12 00:00:00,11,10.3
2010-08-12 00:00:00,12,9.4
2010-08-12 00:00:00,13,8.4
2010-08-12 00:00:00,13.5,7.9
2010-08-12 00:00:00,15,7.7
2010-08-12 00:00:00,15.5,7.5
2010-08-12 00:00:00,16.5,7.3
2010-08-12 00:00:00,18,7.1
2010-08-12 00:00:00,19,7
2010-08-12 00:00:00,19.5,7
2010-08-12 00:00:00,21,7
2010-08-12 00:00:00,21.5,6.8
2010-08-12 00:00:00,23,6.8
2010-08-12 00:00:00,24,6.7
2010-08-12 00:00:00,24.5,6.7
2010-08-12 00:00:00,26,6.7
2010-08-12 00:00:00,27,6.7
2010-08-12 00:00:00,28,6.7
2010-08-12 00:00:00,29,6.7
2010-08-12 00:00:00,30,6.6
2010-08-24 00:00:00,0,18
2010-08-24 00:00:00,0.75,18
2010-08-24 00:00:00,2,18
2010-08-24 00:00:00,3,18
2010-08-24 00:00:00,4,18
2010-08-24 00:00:00,4.5,18
2010-08-24 00:00:00,5.5,18
2010-08-24 00:00:00,7,18
2010-08-24 00:00:00,7.5,16.9
2010-08-24 00:00:00,8.5,13.3
2010-08-24 00:00:00,10,11.4
2010-08-24 00:00:00,11,10.4
2010-08-24 00:00:00,11.5,9.3
2010-08-24 00:00:00,12.5,8.8
2010-08-24 00:00:00,13.5,8.4
2010-08-24 00:00:00,15,7.9
2010-08-24 00:00:00,16,7.5
2010-08-24 00:00:00,17,7.4
2010-08-24 00:00:00,18,7.3
2010-08-24 00:00:00,18.5,7.1
2010-08-24 00:00:00,19.5,7.1
2010-08-24 00:00:00,20.5,7
2010-08-24 00:00:00,22,7
2010-08-24 00:00:00,23,6.9
2010-08-24 00:00:00,24,6.8
2010-08-24 00:00:00,24.5,6.8
2010-08-24 00:00:00,25.5,6.7
2010-08-24 00:00:00,26.5,6.7
2010-08-24 00:00:00,27.5,6.7
2010-08-24 00:00:00,28.5,6.7
2010-08-24 00:00:00,29.5,6.7
2010-09-08 00:00:00,0,15.8
2010-09-08 00:00:00,1,15.8
2010-09-08 00:00:00,1.5,15.8
2010-09-08 00:00:00,2.5,15.8
2010-09-08 00:00:00,3.5,15.8
2010-09-08 00:00:00,5,15.8
2010-09-08 00:00:00,6,15.8
2010-09-08 00:00:00,6.5,15.8
2010-09-08 00:00:00,7.5,15.8
2010-09-08 00:00:00,9,15.2
2010-09-08 00:00:00,9.5,14.3
2010-09-08 00:00:00,10.5,11.1
2010-09-08 00:00:00,12,9.5
2010-09-08 00:00:00,12.5,8.9
2010-09-08 00:00:00,14,8.2
2010-09-08 00:00:00,15,7.7
2010-09-08 00:00:00,16,7.5
2010-09-08 00:00:00,16.5,7.4
2010-09-08 00:00:00,17.5,7.3
2010-09-08 00:00:00,19,7.3
2010-09-08 00:00:00,19.5,7.1
2010-09-08 00:00:00,20.5,7
2010-09-08 00:00:00,22,6.9
2010-09-08 00:00:00,22.5,6.8
2010-09-08 00:00:00,23.5,6.8
2010-09-08 00:00:00,25,6.8
2010-09-08 00:00:00,25.5,6.7
2010-09-08 00:00:00,26.5,6.7
2010-09-08 00:00:00,27.5,6.7
2010-09-08 00:00:00,28.5,6.7
2010-09-08 00:00:00,29.5,6.7
2010-09-28 00:00:00,0,13.6
2010-09-28 00:00:00,0.75,13.6
2010-09-28 00:00:00,2,13.6
2010-09-28 00:00:00,3,13.6
2010-09-28 00:00:00,3.5,13.6
2010-09-28 00:00:00,5,13.6
2010-09-28 00:00:00,6,13.6
2010-09-28 00:00:00,6.5,13.5
2010-09-28 00:00:00,8,13.5
2010-09-28 00:00:00,8.5,13.5
2010-09-28 00:00:00,9.5,13.4
2010-09-28 00:00:00,11,13.4
2010-09-28 00:00:00,12,13.3
2010-09-28 00:00:00,12.5,13.3
2010-09-28 00:00:00,13.5,12.9
2010-09-28 00:00:00,14,11.3
2010-09-28 00:00:00,14.5,8.2
2010-09-28 00:00:00,16,7.7
2010-09-28 00:00:00,17,7.4
2010-09-28 00:00:00,17.5,7.3
2010-09-28 00:00:00,19,7.2
2010-09-28 00:00:00,20,7.1
2010-09-28 00:00:00,21,6.9
2010-09-28 00:00:00,22,6.9
2010-09-28 00:00:00,23,6.9
2010-09-28 00:00:00,24,6.8
2010-09-28 00:00:00,25,6.8
2010-09-28 00:00:00,26,6.7
2010-09-28 00:00:00,27,6.7
2010-09-28 00:00:00,27.5,6.7
2010-09-28 00:00:00,29,6.7
2010-09-28 00:00:00,30,6.6
2010-10-06 00:00:00,0.25,12.6
2010-10-06 00:00:00,1,12.6
2010-10-06 00:00:00,2,12.6
2010-10-06 00:00:00,2.5,12.6
2010-10-06 00:00:00,4,12.5
2010-10-06 00:00:00,4.5,12.6
2010-10-06 00:00:00,6,12.5
2010-10-06 00:00:00,6.5,12.5
2010-10-06 00:00:00,8,12.6
2010-10-06 00:00:00,8.5,12.5
2010-10-06 00:00:00,10,12.5
2010-10-06 00:00:00,11,12.5
2010-10-06 00:00:00,12,12.5
2010-10-06 00:00:00,13,12.5
2010-10-06 00:00:00,14,11.5
2010-10-06 00:00:00,14,12.4
2010-10-06 00:00:00,15,10.8
2010-10-06 00:00:00,15.5,7.9
2010-10-06 00:00:00,15.5,8.8
2010-10-06 00:00:00,17,7.5
2010-10-06 00:00:00,18,7.4
2010-10-06 00:00:00,18.5,7.2
2010-10-06 00:00:00,20,7.1
2010-10-06 00:00:00,21,7
2010-10-06 00:00:00,22,6.9
2010-10-06 00:00:00,23,6.8
2010-10-06 00:00:00,24,6.8
2010-10-06 00:00:00,25,6.7
2010-10-06 00:00:00,26,6.7
2010-10-06 00:00:00,27,6.7
2010-10-06 00:00:00,28,6.7
2010-10-06 00:00:00,29,6.7
2010-10-06 00:00:00,30,6.6
2010-10-06 00:00:00,30,6.6
2010-10-19 00:00:00,0,11.2
2010-10-19 00:00:00,1,11.2
2010-10-19 00:00:00,2,11.2
2010-10-19 00:00:00,3,11.2
2010-10-19 00:00:00,4,11.1
2010-10-19 00:00:00,5,11.1
2010-10-19 00:00:00,6,11.1
2010-10-19 00:00:00,7,11.1
2010-10-19 00:00:00,8,11.1
2010-10-19 00:00:00,9,11.1
2010-10-19 00:00:00,10,11.1
2010-10-19 00:00:00,11,11.1
2010-10-19 00:00:00,12,11.1
2010-10-19 00:00:00,13,11.1
2010-10-19 00:00:00,14,11.1
2010-10-19 00:00:00,15,11.1
2010-10-19 00:00:00,16,11
2010-10-19 00:00:00,16.5,8.6
2010-10-19 00:00:00,17.5,7.4
2010-10-19 00:00:00,19,7.2
2010-10-19 00:00:00,20,7.1
2010-10-19 00:00:00,21,7
2010-10-19 00:00:00,22,6.9
2010-10-19 00:00:00,23,6.8
2010-10-19 00:00:00,24,6.8
2010-10-19 00:00:00,24.5,6.7
2010-10-19 00:00:00,26,6.7
2010-10-19 00:00:00,27,6.7
2010-10-19 00:00:00,28,6.7
2010-10-19 00:00:00,29,6.7
2010-10-19 00:00:00,30,6.6
2010-10-19 00:00:00,30,6.6
2010-11-18 00:00:00,0,7.2
2010-11-18 00:00:00,1,7.3
2010-11-18 00:00:00,2,7.3
2010-11-18 00:00:00,2.5,7.2
2010-11-18 00:00:00,3.5,7.3
2010-11-18 00:00:00,4.5,7.3
2010-11-18 00:00:00,6,7.3
2010-11-18 00:00:00,7,7.3
2010-11-18 00:00:00,8,7.3
2010-11-18 00:00:00,9,7.3
2010-11-18 00:00:00,10,7.3
2010-11-18 00:00:00,11,7.2
2010-11-18 00:00:00,11.5,7.2
2010-11-18 00:00:00,13,7.2
2010-11-18 00:00:00,13.5,7.2
2010-11-18 00:00:00,15,7.2
2010-11-18 00:00:00,16,7.2
2010-11-18 00:00:00,17,7.2
2010-11-18 00:00:00,18,7.2
2010-11-18 00:00:00,19,7.2
2010-11-18 00:00:00,20,7.2
2010-11-18 00:00:00,21,7.3
2010-11-18 00:00:00,22,7.3
2010-11-18 00:00:00,23,7.3
2010-11-18 00:00:00,24,7.3
2010-11-18 00:00:00,24.5,7.3
2010-11-18 00:00:00,26,7.2
2010-11-18 00:00:00,27,7.2
2010-11-18 00:00:00,28,7.2
2010-11-18 00:00:00,29,7.2
2010-11-18 00:00:00,30,7.2
2010-11-18 00:00:00,30,7.2
2010-12-15 00:00:00,0,2.2
2011-01-19 00:00:00,0,1.8
2011-02-23 00:00:00,0,1.5
2011-03-08 00:00:00,0,2
2011-03-23 00:00:00,0,3
2011-03-23 00:00:00,1,2.9
2011-03-23 00:00:00,1.5,2.9
2011-03-23 00:00:00,2.5,2.9
2011-03-23 00:00:00,4,2.9
2011-03-23 00:00:00,5,2.9
2011-03-23 00:00:00,5.5,2.9
2011-03-23 00:00:00,6.5,2.9
2011-03-23 00:00:00,8,2.9
2011-03-23 00:00:00,8,2.9
2011-03-23 00:00:00,8.5,2.9
2011-03-23 00:00:00,9.5,2.9
2011-03-23 00:00:00,10.5,2.9
2011-03-23 00:00:00,11.5,2.9
2011-03-23 00:00:00,12.5,2.9
2011-03-23 00:00:00,13.5,2.9
2011-03-23 00:00:00,14.5,2.9
2011-03-23 00:00:00,15.5,2.9
2011-03-23 00:00:00,16.5,2.9
2011-03-23 00:00:00,18,2.9
2011-03-23 00:00:00,19,2.9
2011-03-23 00:00:00,20,2.9
2011-03-23 00:00:00,21,2.9
2011-03-23 00:00:00,22,2.9
2011-03-23 00:00:00,23,2.9
2011-03-23 00:00:00,24,2.9
2011-03-23 00:00:00,25,2.9
2011-03-23 00:00:00,26,2.9
2011-03-23 00:00:00,26.5,3
2011-03-23 00:00:00,27.5,3
2011-03-23 00:00:00,29,3
2011-03-23 00:00:00,30,3
2011-04-07 00:00:00,0,5.3
2011-04-07 00:00:00,0.75,5.3
2011-04-07 00:00:00,1.5,5.3
2011-04-07 00:00:00,2.5,5.3
2011-04-07 00:00:00,4,5.3
2011-04-07 00:00:00,4.5,5.3
2011-04-07 00:00:00,5.5,5.3
2011-04-07 00:00:00,7,5.3
2011-04-07 00:00:00,7.5,5.3
2011-04-07 00:00:00,8.5,5.3
2011-04-07 00:00:00,10,5.3
2011-04-07 00:00:00,11,5.3
2011-04-07 00:00:00,12,5.3
2011-04-07 00:00:00,12.5,5.3
2011-04-07 00:00:00,13.5,5.3
2011-04-07 00:00:00,14.5,5.3
2011-04-07 00:00:00,16,5.3
2011-04-07 00:00:00,16.5,5.2
2011-04-07 00:00:00,18,5.2
2011-04-07 00:00:00,18.5,5.2
2011-04-07 00:00:00,19.5,5.2
2011-04-07 00:00:00,20.5,5.2
2011-04-07 00:00:00,22,5.2
2011-04-07 00:00:00,23,5.3
2011-04-07 00:00:00,24,5.3
2011-04-07 00:00:00,24.5,5.3
2011-04-07 00:00:00,26,5.1
2011-04-07 00:00:00,26.5,5.1
2011-04-07 00:00:00,27.5,5
2011-04-07 00:00:00,29,5
2011-04-28 00:00:00,0,12.6
2011-04-28 00:00:00,0.75,12.6
2011-04-28 00:00:00,2,12.5
2011-04-28 00:00:00,2.5,12.5
2011-04-28 00:00:00,3.5,12.4
2011-04-28 00:00:00,4,10.9
2011-04-28 00:00:00,5,8.8
2011-04-28 00:00:00,5,7.8
2011-04-28 00:00:00,5.5,7.7
2011-04-28 00:00:00,7,7.5
2011-04-28 00:00:00,7.5,7.2
2011-04-28 00:00:00,8.5,7
2011-04-28 00:00:00,9.5,6.9
2011-04-28 00:00:00,11,6.7
2011-04-28 00:00:00,11.5,6.6
2011-04-28 00:00:00,13,6.5
2011-04-28 00:00:00,13.5,6.4
2011-04-28 00:00:00,15,6.3
2011-04-28 00:00:00,15.5,6.2
2011-04-28 00:00:00,16.5,6.1
2011-04-28 00:00:00,17.5,6
2011-04-28 00:00:00,18.5,5.9
2011-04-28 00:00:00,19.5,5.9
2011-04-28 00:00:00,21,5.9
2011-04-28 00:00:00,22,5.8
2011-04-28 00:00:00,22.5,5.8
2011-04-28 00:00:00,23.5,5.8
2011-04-28 00:00:00,25,5.8
2011-04-28 00:00:00,26,5.8
2011-04-28 00:00:00,27,5.8
2011-04-28 00:00:00,28,5.8
2011-04-28 00:00:00,29,5.7
2011-05-11 00:00:00,0,14.3
2011-05-11 00:00:00,1,13.9
2011-05-11 00:00:00,2,13.4
2011-05-11 00:00:00,3,13.2
2011-05-11 00:00:00,4,12.7
2011-05-11 00:00:00,4.5,12.4
2011-05-11 00:00:00,6,12
2011-05-11 00:00:00,7,11.3
2011-05-11 00:00:00,7.5,9.2
2011-05-11 00:00:00,8.5,8
2011-05-11 00:00:00,10,7.3
2011-05-11 00:00:00,11,6.7
2011-05-11 00:00:00,11.5,6.5
2011-05-11 00:00:00,13,6.4
2011-05-11 00:00:00,14,6.4
2011-05-11 00:00:00,15,6.3
2011-05-11 00:00:00,15.5,6.2
2011-05-11 00:00:00,16.5,6.2
2011-05-11 00:00:00,18,6.1
2011-05-11 00:00:00,19,6
2011-05-11 00:00:00,20,6
2011-05-11 00:00:00,21,6
2011-05-11 00:00:00,22,5.9
2011-05-11 00:00:00,23,5.9
2011-05-11 00:00:00,24,5.9
2011-05-11 00:00:00,25,5.9
2011-05-11 00:00:00,25.5,5.9
2011-05-11 00:00:00,26.5,5.8
2011-05-11 00:00:00,27.5,5.8
2011-05-11 00:00:00,29,5.8
2011-05-11 00:00:00,29,5.8
2011-05-11 00:00:00,29.5,5.7
2011-05-25 00:00:00,0,13.6
2011-05-25 00:00:00,0.75,13.5
2011-05-25 00:00:00,1.5,13.5
2011-05-25 00:00:00,2.5,13.5
2011-05-25 00:00:00,2.5,13.5
2011-05-25 00:00:00,4,13.5
2011-05-25 00:00:00,4.5,13.5
2011-05-25 00:00:00,6,13.5
2011-05-25 00:00:00,6.5,13.5
2011-05-25 00:00:00,7.5,13.4
2011-05-25 00:00:00,8.5,13.5
2011-05-25 00:00:00,9.5,13.3
2011-05-25 00:00:00,11,13.1
2011-05-25 00:00:00,11.5,9.1
2011-05-25 00:00:00,11.5,7.9
2011-05-25 00:00:00,12.5,7.1
2011-05-25 00:00:00,12.5,7.1
2011-05-25 00:00:00,13.5,6.7
2011-05-25 00:00:00,15,6.3
2011-05-25 00:00:00,15.5,6.3
2011-05-25 00:00:00,16.5,6.1
2011-05-25 00:00:00,18,6.1
2011-05-25 00:00:00,18.5,6
2011-05-25 00:00:00,19.5,6
2011-05-25 00:00:00,21,6
2011-05-25 00:00:00,21.5,6
2011-05-25 00:00:00,22.5,6
2011-05-25 00:00:00,24,5.9
2011-05-25 00:00:00,25,5.9
2011-05-25 00:00:00,26,5.9
2011-05-25 00:00:00,27,5.9
2011-05-25 00:00:00,27,5.9
2011-05-25 00:00:00,28,5.9
2011-05-25 00:00:00,29,5.9
2011-06-08 00:00:00,0.75,19.1
2011-06-08 00:00:00,2,19.2
2011-06-08 00:00:00,2.5,19
2011-06-08 00:00:00,3,16.3
2011-06-08 00:00:00,3.5,15.5
2011-06-08 00:00:00,4,15.1
2011-06-08 00:00:00,4.5,15
2011-06-08 00:00:00,5,14.7
2011-06-08 00:00:00,5,14.4
2011-06-08 00:00:00,6,13.9
2011-06-08 00:00:00,6,14.2
2011-06-08 00:00:00,7,13.3
2011-06-08 00:00:00,7,13.5
2011-06-08 00:00:00,8,13
2011-06-08 00:00:00,8,13
2011-06-08 00:00:00,9,12.6
2011-06-08 00:00:00,9.5,12.3
2011-06-08 00:00:00,10,11.8
2011-06-08 00:00:00,10.5,11
2011-06-08 00:00:00,11,9.7
2011-06-08 00:00:00,11,8.8
2011-06-08 00:00:00,12,8.2
2011-06-08 00:00:00,12.5,7.3
2011-06-08 00:00:00,13,7
2011-06-08 00:00:00,13.5,6.7
2011-06-08 00:00:00,14,6.6
2011-06-08 00:00:00,15,6.4
2011-06-08 00:00:00,16,6.3
2011-06-08 00:00:00,17,6.1
2011-06-08 00:00:00,18,6.1
2011-06-08 00:00:00,19,6.1
2011-06-08 00:00:00,20,6
2011-06-08 00:00:00,21,6
2011-06-08 00:00:00,22,5.9
2011-06-08 00:00:00,23,5.9
2011-06-08 00:00:00,24,5.9
2011-06-08 00:00:00,25,5.9
2011-06-08 00:00:00,26,5.9
2011-06-08 00:00:00,27,5.9
2011-06-08 00:00:00,28,5.9
2011-06-08 00:00:00,29,5.8
2011-06-08 00:00:00,29.5,5.8
2011-06-21 00:00:00,0,17.3
2011-06-21 00:00:00,1,17.3
2011-06-21 00:00:00,1.5,17.2
2011-06-21 00:00:00,2.5,17.2
2011-06-21 00:00:00,4,17.2
2011-06-21 00:00:00,4.5,17.1
2011-06-21 00:00:00,6,17.1
2011-06-21 00:00:00,6.5,17
2011-06-21 00:00:00,7,15.1
2011-06-21 00:00:00,7.5,14.7
2011-06-21 00:00:00,8,13.2
2011-06-21 00:00:00,8.5,12.8
2011-06-21 00:00:00,9,12.4
2011-06-21 00:00:00,9.5,12
2011-06-21 00:00:00,10,11.6
2011-06-21 00:00:00,10.5,11
2011-06-21 00:00:00,11,9.8
2011-06-21 00:00:00,11.5,8.9
2011-06-21 00:00:00,12,8.5
2011-06-21 00:00:00,12.5,8.1
2011-06-21 00:00:00,13,7.8
2011-06-21 00:00:00,13.5,7.6
2011-06-21 00:00:00,14,7.2
2011-06-21 00:00:00,14,7.4
2011-06-21 00:00:00,15,6.9
2011-06-21 00:00:00,16,6.8
2011-06-21 00:00:00,17,6.5
2011-06-21 00:00:00,18,6.3
2011-06-21 00:00:00,19,6.2
2011-06-21 00:00:00,19.5,6.2
2011-06-21 00:00:00,21,6.1
2011-06-21 00:00:00,22,6
2011-06-21 00:00:00,23,6
2011-06-21 00:00:00,24,5.9
2011-06-21 00:00:00,25,5.9
2011-06-21 00:00:00,26,5.9
2011-06-21 00:00:00,27,5.9
2011-06-21 00:00:00,27.5,5.8
2011-06-21 00:00:00,28.5,5.8
2011-07-07 00:00:00,0,20.4
2011-07-07 00:00:00,1,19.7
2011-07-07 00:00:00,1.5,19.3
2011-07-07 00:00:00,3,19.2
2011-07-07 00:00:00,4,18.4
2011-07-07 00:00:00,5,17.5
2011-07-07 00:00:00,6,17.3
2011-07-07 00:00:00,6.5,16.8
2011-07-07 00:00:00,7.5,16.2
2011-07-07 00:00:00,8,15.7
2011-07-07 00:00:00,8.5,15.1
2011-07-07 00:00:00,9,14
2011-07-07 00:00:00,9.5,12.4
2011-07-07 00:00:00,10,11.3
2011-07-07 00:00:00,10.5,11
2011-07-07 00:00:00,11,10.1
2011-07-07 00:00:00,11.5,9
2011-07-07 00:00:00,12,8.4
2011-07-07 00:00:00,12.5,7.5
2011-07-07 00:00:00,13.5,6.8
2011-07-07 00:00:00,15,6.4
2011-07-07 00:00:00,16,6.3
2011-07-07 00:00:00,16.5,6.2
2011-07-07 00:00:00,18,6.1
2011-07-07 00:00:00,19,6.1
2011-07-07 00:00:00,19.5,6
2011-07-07 00:00:00,20.5,6
2011-07-07 00:00:00,21.5,5.9
2011-07-07 00:00:00,23,5.9
2011-07-07 00:00:00,24,5.9
2011-07-07 00:00:00,25,5.9
2011-07-07 00:00:00,26,5.9
2011-07-18 00:00:00,0,18.8
2011-07-18 00:00:00,5,18.6
2011-07-18 00:00:00,6,18.2
2011-07-18 00:00:00,7,17.3
2011-07-18 00:00:00,8,16.6
2011-07-18 00:00:00,9,14.1
2011-07-18 00:00:00,10,12
2011-07-18 00:00:00,11,9.7
2011-07-18 00:00:00,12,8.5
2011-07-18 00:00:00,13,8
2011-07-18 00:00:00,14,7.6
2011-07-18 00:00:00,15,7.2
2011-07-18 00:00:00,16,6.8
2011-07-18 00:00:00,17,6.6
2011-07-18 00:00:00,18,6.5
2011-07-18 00:00:00,19,6.1
2011-07-18 00:00:00,20,6.2
2011-07-18 00:00:00,21,6.1
2011-07-18 00:00:00,22,6
2011-07-18 00:00:00,23,6
2011-07-18 00:00:00,24,5.9
2011-07-18 00:00:00,25,5.9
2011-07-18 00:00:00,26,5.8
2011-07-18 00:00:00,29,5.8
2011-08-10 00:00:00,0,18.5
2011-08-10 00:00:00,1,18.6
2011-08-10 00:00:00,2,18.6
2011-08-10 00:00:00,3,18.6
2011-08-10 00:00:00,4,18.6
2011-08-10 00:00:00,5,18.6
2011-08-10 00:00:00,6,18.6
2011-08-10 00:00:00,7,18.6
2011-08-10 00:00:00,8,18.6
2011-08-10 00:00:00,8.5,16.6
2011-08-10 00:00:00,9,15
2011-08-10 00:00:00,10,13.7
2011-08-10 00:00:00,11,11.3
2011-08-10 00:00:00,12,9.9
2011-08-10 00:00:00,13,9
2011-08-10 00:00:00,14,8
2011-08-10 00:00:00,15,7.4
2011-08-10 00:00:00,16,7.2
2011-08-10 00:00:00,17,6.9
2011-08-10 00:00:00,18,6.5
2011-08-10 00:00:00,19,6.4
2011-08-10 00:00:00,20,6.3
2011-08-10 00:00:00,21,6.2
2011-08-10 00:00:00,22,6.1
2011-08-10 00:00:00,23,6
2011-08-10 00:00:00,24,6
2011-08-10 00:00:00,25,5.9
2011-08-10 00:00:00,26,5.9
2011-08-10 00:00:00,27,5.9
2011-08-10 00:00:00,28,5.9
2011-08-25 00:00:00,0,18.3
2011-08-25 00:00:00,1,18.9
2011-08-25 00:00:00,2,18.9
2011-08-25 00:00:00,3,18.3
2011-08-25 00:00:00,4,18.2
2011-08-25 00:00:00,5,18
2011-08-25 00:00:00,6,17.9
2011-08-25 00:00:00,7,17.8
2011-08-25 00:00:00,8,17.7
2011-08-25 00:00:00,9,17.1
2011-08-25 00:00:00,10,14.9
2011-08-25 00:00:00,11,11.5
2011-08-25 00:00:00,12,9.9
2011-08-25 00:00:00,13,8.7
2011-08-25 00:00:00,14,7.5
2011-08-25 00:00:00,15,6.9
2011-08-25 00:00:00,16,6.6
2011-08-25 00:00:00,17,6.4
2011-08-25 00:00:00,18,6.3
2011-08-25 00:00:00,19,6.2
2011-08-25 00:00:00,20,6.2
2011-08-25 00:00:00,21,6.1
2011-08-25 00:00:00,22,6.1
2011-08-25 00:00:00,23,6
2011-08-25 00:00:00,24,6
2011-08-25 00:00:00,25,5.9
2011-08-25 00:00:00,26,5.9
2011-08-25 00:00:00,27,5.9
2011-08-25 00:00:00,28,5.8
2011-08-25 00:00:00,29,5.8
2011-08-25 00:00:00,30,5.8
2011-09-05 00:00:00,0,18.2
2011-09-05 00:00:00,1,17.9
2011-09-05 00:00:00,1.5,17.7
2011-09-05 00:00:00,3,17.5
2011-09-05 00:00:00,4,17.2
2011-09-05 00:00:00,5,17.1
2011-09-05 00:00:00,6,16.9
2011-09-05 00:00:00,7,16.8
2011-09-05 00:00:00,8,16.8
2011-09-05 00:00:00,9,16.6
2011-09-05 00:00:00,10,16.1
2011-09-05 00:00:00,10.5,13.2
2011-09-05 00:00:00,11,11.5
2011-09-05 00:00:00,11.5,10
2011-09-05 00:00:00,12,9.2
2011-09-05 00:00:00,13,8.2
2011-09-05 00:00:00,14,7.5
2011-09-05 00:00:00,15,7
2011-09-05 00:00:00,16,6.6
2011-09-05 00:00:00,17,6.5
2011-09-05 00:00:00,18,6.4
2011-09-05 00:00:00,19,6.3
2011-09-05 00:00:00,20,6.2
2011-09-05 00:00:00,20.5,6.1
2011-09-05 00:00:00,22,6.1
2011-09-05 00:00:00,23,6
2011-09-05 00:00:00,24,6
2011-09-05 00:00:00,25,5.9
2011-09-05 00:00:00,26,5.9
2011-09-05 00:00:00,27,5.9
2011-09-05 00:00:00,28,5.9
2011-09-05 00:00:00,29,5.9
2011-09-22 00:00:00,0.25,14.7
2011-09-22 00:00:00,0.75,14.7
2011-09-22 00:00:00,2,14.7
2011-09-22 00:00:00,2.5,14.7
2011-09-22 00:00:00,3.5,14.7
2011-09-22 00:00:00,4.5,14.7
2011-09-22 00:00:00,5.5,14.7
2011-09-22 00:00:00,6.5,14.7
2011-09-22 00:00:00,8,14.7
2011-09-22 00:00:00,9,14.7
2011-09-22 00:00:00,9.5,14.7
2011-09-22 00:00:00,11,14.7
2011-09-22 00:00:00,12,14.6
2011-09-22 00:00:00,12,14.6
2011-09-22 00:00:00,12.5,11.7
2011-09-22 00:00:00,13.5,8.8
2011-09-22 00:00:00,13.5,9.4
2011-09-22 00:00:00,14,8.1
2011-09-22 00:00:00,14.5,7.5
2011-09-22 00:00:00,15.5,6.9
2011-09-22 00:00:00,15.5,7.2
2011-09-22 00:00:00,17,6.6
2011-09-22 00:00:00,18,6.5
2011-09-22 00:00:00,19,6.4
2011-09-22 00:00:00,19.5,6.3
2011-09-22 00:00:00,21,6.1
2011-09-22 00:00:00,22,6.1
2011-09-22 00:00:00,22.5,6
2011-10-27 00:00:00,0.25,10
2011-10-27 00:00:00,0.75,10
2011-10-27 00:00:00,2,10
2011-10-27 00:00:00,3,10
2011-10-27 00:00:00,4,9.9
2011-10-27 00:00:00,5,9.9
2011-10-27 00:00:00,5.5,9.9
2011-10-27 00:00:00,7,9.9
2011-10-27 00:00:00,8,9.9
2011-10-27 00:00:00,9,9.9
2011-10-27 00:00:00,10,9.9
2011-10-27 00:00:00,11,9.9
2011-10-27 00:00:00,11.5,9.9
2011-10-27 00:00:00,12.5,9.8
2011-10-27 00:00:00,14,9.8
2011-10-27 00:00:00,15,9.8
2011-10-27 00:00:00,16,9.8
2011-10-27 00:00:00,17,9.7
2011-10-27 00:00:00,17.5,8.9
2011-10-27 00:00:00,18,8
2011-10-27 00:00:00,19,6.7
2011-10-27 00:00:00,19.5,6.5
2011-10-27 00:00:00,20.5,6.3
2011-10-27 00:00:00,21,6.3
2011-10-27 00:00:00,21,6.2
2011-10-27 00:00:00,22,6.1
2011-10-27 00:00:00,22,6.1
2011-10-27 00:00:00,23,6
2011-10-27 00:00:00,23.5,6
2011-10-27 00:00:00,24,6
2011-10-27 00:00:00,25,6
2011-10-27 00:00:00,27,6
2011-10-27 00:00:00,28,5.9
2011-10-27 00:00:00,29,5.9
2011-10-27 00:00:00,30,5.9
2011-11-16 00:00:00,0,8.5
2011-11-16 00:00:00,1,8.5
2011-11-16 00:00:00,2,8.5
2011-11-16 00:00:00,3,8.5
2011-11-16 00:00:00,4,8.5
2011-11-16 00:00:00,5,8.5
2011-11-16 00:00:00,5.5,8.5
2011-11-16 00:00:00,7,8.5
2011-11-16 00:00:00,8,8.5
2011-11-16 00:00:00,8.5,8.5
2011-11-16 00:00:00,10,8.5
2011-11-16 00:00:00,11,8.5
2011-11-16 00:00:00,12,8.5
2011-11-16 00:00:00,13,8.5
2011-11-16 00:00:00,14,8.5
2011-11-16 00:00:00,15,8.5
2011-11-16 00:00:00,16,8.4
2011-11-16 00:00:00,17,8.4
2011-11-16 00:00:00,18,8.4
2011-11-16 00:00:00,19,8.3
2011-11-16 00:00:00,20,7.6
2011-11-16 00:00:00,21,6.4
2011-11-16 00:00:00,21.5,6.3
2011-11-16 00:00:00,22,6.2
2011-11-16 00:00:00,22,6.2
2011-11-16 00:00:00,22.5,6.1
2011-11-16 00:00:00,22.5,6.2
2011-11-16 00:00:00,23,6.1
2011-11-16 00:00:00,23.5,6.1
2011-11-16 00:00:00,24,6
2011-11-16 00:00:00,25,6
2011-11-16 00:00:00,26,6
2011-11-16 00:00:00,27,5.9
2011-11-16 00:00:00,27,5.9
2011-11-16 00:00:00,28,5.9
2011-11-16 00:00:00,29,5.9
2011-12-14 00:00:00,0,5.5
2011-12-14 00:00:00,1,5.5
2011-12-14 00:00:00,1.5,5.5
2011-12-14 00:00:00,4,5.5
2011-12-14 00:00:00,5,5.6
2011-12-14 00:00:00,6,5.5
2011-12-14 00:00:00,7,5.6
2011-12-14 00:00:00,8,5.6
2011-12-14 00:00:00,9.5,5.5
2011-12-14 00:00:00,11,5.5
2011-12-14 00:00:00,11.5,5.5
2011-12-14 00:00:00,13,5.5
2011-12-14 00:00:00,14,5.5
2011-12-14 00:00:00,15,5.5
2011-12-14 00:00:00,16,5.5
2011-12-14 00:00:00,16,5.5
2011-12-14 00:00:00,17,5.5
2011-12-14 00:00:00,18,5.5
2011-12-14 00:00:00,19,5.5
2011-12-14 00:00:00,19,5.5
2011-12-14 00:00:00,20,5.5
2011-12-14 00:00:00,21,5.5
2011-12-14 00:00:00,22,5.5
2011-12-14 00:00:00,22.5,5.5
2011-12-14 00:00:00,24,5.5
2011-12-14 00:00:00,25,5.5
2011-12-14 00:00:00,26,5.5
2011-12-14 00:00:00,27,5.5
2011-12-14 00:00:00,28,5.5
2012-01-17 00:00:00,0.25,4
2012-01-17 00:00:00,0.75,4
2012-01-17 00:00:00,2,4
2012-01-17 00:00:00,2.5,4
2012-01-17 00:00:00,3,4
2012-01-17 00:00:00,4,4
2012-01-17 00:00:00,5,4
2012-01-17 00:00:00,6,3.9
2012-01-17 00:00:00,7,4
2012-01-17 00:00:00,8,4
2012-01-17 00:00:00,9,4
2012-01-17 00:00:00,10,4
2012-01-17 00:00:00,11,4
2012-01-17 00:00:00,12,4
2012-01-17 00:00:00,12,4
2012-01-17 00:00:00,13,4
2012-01-17 00:00:00,14,4
2012-01-17 00:00:00,14,4
2012-01-17 00:00:00,15,3.9
2012-01-17 00:00:00,16,3.9
2012-01-17 00:00:00,17,3.9
2012-01-17 00:00:00,18,3.9
2012-01-17 00:00:00,19,3.9
2012-01-17 00:00:00,20,3.9
2012-01-17 00:00:00,21,3.9
2012-01-17 00:00:00,21.5,3.9
2012-01-17 00:00:00,23,3.9
2012-01-17 00:00:00,24,3.9
2012-01-17 00:00:00,25,3.9
2012-01-17 00:00:00,26,3.9
2012-01-17 00:00:00,27,3.9
2012-01-17 00:00:00,28,3.9
2012-01-17 00:00:00,28.5,3.9
2012-01-17 00:00:00,29,3.9
2012-01-17 00:00:00,30,4
2012-02-13 00:00:00,0.25,2.3
2012-02-13 00:00:00,1,2.3
2012-02-13 00:00:00,2,2.3
2012-02-13 00:00:00,3,2.3
2012-02-13 00:00:00,4,2.3
2012-02-13 00:00:00,5,2.3
2012-02-13 00:00:00,6,2.3
2012-02-13 00:00:00,7,2.3
2012-02-13 00:00:00,8,2.4
2012-02-13 00:00:00,9,2.4
2012-02-13 00:00:00,10,2.5
2012-02-13 00:00:00,10,2.5
2012-02-13 00:00:00,11,2.5
2012-02-13 00:00:00,12,2.5
2012-02-13 00:00:00,12,2.5
2012-02-13 00:00:00,13,2.6
2012-02-13 00:00:00,14,2.6
2012-02-13 00:00:00,15,2.6
2012-02-13 00:00:00,16,2.7
2012-02-13 00:00:00,17,2.6
2012-02-13 00:00:00,18,2.7
2012-02-13 00:00:00,19,2.7
2012-02-13 00:00:00,20,2.7
2012-02-13 00:00:00,20,2.8
2012-02-13 00:00:00,22,2.7
2012-02-13 00:00:00,23,2.7
2012-02-13 00:00:00,24,2.8
2012-02-13 00:00:00,25,2.8
2012-02-13 00:00:00,26,2.7
2012-02-13 00:00:00,27,2.8
2012-02-13 00:00:00,28,2.8
2012-02-13 00:00:00,29,3.1
2012-02-13 00:00:00,29,3.2
2012-03-08 00:00:00,0,3.5
2012-03-08 00:00:00,0.5,3.5
2012-03-08 00:00:00,0.75,3.5
2012-03-08 00:00:00,2,3.5
2012-03-08 00:00:00,3,3.5
2012-03-08 00:00:00,4,3.5
2012-03-08 00:00:00,5,3.5
2012-03-08 00:00:00,5.5,3.4
2012-03-08 00:00:00,6.5,3.4
2012-03-08 00:00:00,8,3.5
2012-03-08 00:00:00,9,3.5
2012-03-08 00:00:00,10,3.4
2012-03-08 00:00:00,11,3.4
2012-03-08 00:00:00,12,3.4
2012-03-08 00:00:00,12.5,3.5
2012-03-08 00:00:00,14,3.5
2012-03-08 00:00:00,15,3.5
2012-03-08 00:00:00,16,3.4
2012-03-08 00:00:00,17,3.4
2012-03-08 00:00:00,17.5,3.4
2012-03-08 00:00:00,19,3.4
2012-03-08 00:00:00,20,3.4
2012-03-08 00:00:00,21,3.4
2012-03-08 00:00:00,21.5,3.4
2012-03-08 00:00:00,23,3.4
2012-03-08 00:00:00,24,3.4
2012-03-08 00:00:00,25,3.4
2012-03-08 00:00:00,26,3.4
2012-03-08 00:00:00,27,3.4
2012-03-08 00:00:00,28,3.4
2012-03-08 00:00:00,28.5,3.4
2012-03-08 00:00:00,30,3.4
2012-03-29 00:00:00,0.25,6.3
2012-03-29 00:00:00,1.5,6.3
2012-03-29 00:00:00,2,6.3
2012-03-29 00:00:00,2.5,6.3
2012-03-29 00:00:00,4,6.3
2012-03-29 00:00:00,4.5,6.3
2012-03-29 00:00:00,5.5,6.3
2012-03-29 00:00:00,7,6.3
2012-03-29 00:00:00,7.5,6.3
2012-03-29 00:00:00,9,6.3
2012-03-29 00:00:00,10,6.2
2012-03-29 00:00:00,11,6.2
2012-03-29 00:00:00,12,6.2
2012-03-29 00:00:00,13,6.2
2012-03-29 00:00:00,14,6.2
2012-03-29 00:00:00,15,6.2
2012-03-29 00:00:00,16,6.2
2012-03-29 00:00:00,17,6.2
2012-03-29 00:00:00,17.5,6.2
2012-03-29 00:00:00,19,6.2
2012-03-29 00:00:00,20,6.1
2012-03-29 00:00:00,21,6.1
2012-03-29 00:00:00,22,6.1
2012-03-29 00:00:00,23,6.1
2012-03-29 00:00:00,23.5,6.1
2012-03-29 00:00:00,25,6.1
2012-03-29 00:00:00,26,6
2012-03-29 00:00:00,27,6
2012-03-29 00:00:00,28,5.9
2012-03-29 00:00:00,29,5.9
2012-04-10 00:00:00,0,6.3
2012-04-10 00:00:00,0.75,6.2
2012-04-10 00:00:00,2,6.2
2012-04-10 00:00:00,3,6.2
2012-04-10 00:00:00,4,6.2
2012-04-10 00:00:00,5,6.2
2012-04-10 00:00:00,6,6.2
2012-04-10 00:00:00,7,6.1
2012-04-10 00:00:00,8,6.1
2012-04-10 00:00:00,9,6.2
2012-04-10 00:00:00,10,6.1
2012-04-10 00:00:00,10.5,6.1
2012-04-10 00:00:00,12,6.2
2012-04-10 00:00:00,13,6.2
2012-04-10 00:00:00,14,6.1
2012-04-10 00:00:00,15,6.2
2012-04-10 00:00:00,16,6.1
2012-04-10 00:00:00,16.5,6.1
2012-04-10 00:00:00,18,6.1
2012-04-10 00:00:00,19,6.1
2012-04-10 00:00:00,20,6.1
2012-04-10 00:00:00,20.5,6.1
2012-04-10 00:00:00,20.5,6.1
2012-04-10 00:00:00,21.5,6.1
2012-04-10 00:00:00,23,6.1
2012-04-10 00:00:00,24,6.1
2012-04-10 00:00:00,25,6.1
2012-04-10 00:00:00,26,6.1
2012-04-10 00:00:00,27,6.1
2012-04-10 00:00:00,28,6.1
2012-04-10 00:00:00,29,6.1
2012-04-30 00:00:00,0,9.8
2012-04-30 00:00:00,1,9.2
2012-04-30 00:00:00,2,8.8
2012-04-30 00:00:00,2.5,8.6
2012-04-30 00:00:00,3.5,8.4
2012-04-30 00:00:00,4.5,8.4
2012-04-30 00:00:00,5.5,8.4
2012-04-30 00:00:00,7,8.4
2012-04-30 00:00:00,8,8.3
2012-04-30 00:00:00,9,8.2
2012-04-30 00:00:00,9.5,8.1
2012-04-30 00:00:00,10.5,7.9
2012-04-30 00:00:00,11.5,7.8
2012-04-30 00:00:00,13,7.7
2012-04-30 00:00:00,14,7.6
2012-04-30 00:00:00,14.5,7.4
2012-04-30 00:00:00,16,7.3
2012-04-30 00:00:00,17,7.2
2012-04-30 00:00:00,18,7.1
2012-04-30 00:00:00,19,7
2012-04-30 00:00:00,19.5,6.9
2012-04-30 00:00:00,20.5,6.9
2012-04-30 00:00:00,21.5,6.8
2012-04-30 00:00:00,22.5,6.8
2012-04-30 00:00:00,24,6.8
2012-04-30 00:00:00,25,6.7
2012-04-30 00:00:00,25.5,6.7
2012-04-30 00:00:00,27,6.7
2012-04-30 00:00:00,28,6.6
2012-04-30 00:00:00,29,6.6
2012-04-30 00:00:00,29.5,6.6
2012-05-08 00:00:00,0,10.8
2012-05-08 00:00:00,0.75,10.8
2012-05-08 00:00:00,2,10.7
2012-05-08 00:00:00,3,10.7
2012-05-08 00:00:00,4,10.7
2012-05-08 00:00:00,5,10.6
2012-05-08 00:00:00,5.5,10.5
2012-05-08 00:00:00,6,9.5
2012-05-08 00:00:00,6.5,9.3
2012-05-08 00:00:00,7,9.2
2012-05-08 00:00:00,8,8.9
2012-05-08 00:00:00,8.5,8.8
2012-05-08 00:00:00,10,8.7
2012-05-08 00:00:00,11,8.5
2012-05-08 00:00:00,12,8.2
2012-05-08 00:00:00,13,8
2012-05-08 00:00:00,14,7.7
2012-05-08 00:00:00,15,7.5
2012-05-08 00:00:00,16,7.4
2012-05-08 00:00:00,17,7.3
2012-05-08 00:00:00,18,7.2
2012-05-08 00:00:00,18.5,7
2012-05-08 00:00:00,19,7
2012-05-08 00:00:00,20,7
2012-05-08 00:00:00,21,6.9
2012-05-08 00:00:00,22,6.9
2012-05-08 00:00:00,23,6.8
2012-05-08 00:00:00,24,6.8
2012-05-08 00:00:00,25,6.8
2012-05-08 00:00:00,26,6.7
2012-05-08 00:00:00,27,6.7
2012-05-08 00:00:00,27.5,6.7
2012-05-08 00:00:00,29,6.7
2012-05-08 00:00:00,29,6.7
2012-05-08 00:00:00,29.5,6.7
2012-05-09 00:00:00,0,11.8
2012-05-09 00:00:00,1,11.7
2012-05-09 00:00:00,1.5,11.6
2012-05-09 00:00:00,2,10.9
2012-05-09 00:00:00,2.5,10.7
2012-05-09 00:00:00,3.5,10.5
2012-05-09 00:00:00,3.5,10.6
2012-05-09 00:00:00,5,10.3
2012-05-09 00:00:00,6,10.2
2012-05-09 00:00:00,7,9.8
2012-05-09 00:00:00,7.5,9.3
2012-05-09 00:00:00,8.5,9
2012-05-09 00:00:00,10,8.8
2012-05-09 00:00:00,10.5,8.6
2012-05-09 00:00:00,11.5,8.4
2012-05-09 00:00:00,13,8.1
2012-05-09 00:00:00,13.5,8
2012-05-09 00:00:00,14.5,7.7
2012-05-09 00:00:00,15.5,7.4
2012-05-09 00:00:00,17,7.4
2012-05-09 00:00:00,18,7.2
2012-05-09 00:00:00,19,7.2
2012-05-09 00:00:00,19.5,7.2
2012-05-09 00:00:00,21,7
2012-05-09 00:00:00,22,7
2012-05-09 00:00:00,24,6.9
2012-05-09 00:00:00,26,6.8
2012-05-09 00:00:00,28,6.7
2012-05-09 00:00:00,29,6.7
2012-05-22 00:00:00,0,13.3
2012-05-22 00:00:00,0.75,13.3
2012-05-22 00:00:00,1.5,13.2
2012-05-22 00:00:00,3,13.1
2012-05-22 00:00:00,3.5,12.9
2012-05-22 00:00:00,5,12.2
2012-05-22 00:00:00,5,11.4
2012-05-22 00:00:00,5.5,10.4
2012-05-22 00:00:00,6.5,10.2
2012-05-22 00:00:00,6.5,10.3
2012-05-22 00:00:00,7.5,10.1
2012-05-22 00:00:00,9,10
2012-05-22 00:00:00,10,10
2012-05-22 00:00:00,11,9.8
2012-05-22 00:00:00,12,9.7
2012-05-22 00:00:00,12.5,9.5
2012-05-22 00:00:00,14,9.3
2012-05-22 00:00:00,14.5,9
2012-05-22 00:00:00,16,8.6
2012-05-22 00:00:00,16.5,8
2012-05-22 00:00:00,18,7.6
2012-05-22 00:00:00,18.5,7.6
2012-05-22 00:00:00,19.5,7.5
2012-05-22 00:00:00,21,7.2
2012-05-22 00:00:00,21.5,7.2
2012-05-22 00:00:00,23,7.1
2012-05-22 00:00:00,24,7
2012-05-22 00:00:00,25,7
2012-05-22 00:00:00,25.5,7
2012-05-22 00:00:00,27,7
2012-05-22 00:00:00,27.5,6.9
2012-05-22 00:00:00,29,6.9
2012-05-22 00:00:00,30,6.9
2012-06-07 00:00:00,0.25,13.6
2012-06-07 00:00:00,1,13.6
2012-06-07 00:00:00,1.5,13.6
2012-06-07 00:00:00,3,13.4
2012-06-07 00:00:00,4,13.4
2012-06-07 00:00:00,5,13.3
2012-06-07 00:00:00,6,13.2
2012-06-07 00:00:00,7,13.1
2012-06-07 00:00:00,8,13
2012-06-07 00:00:00,9,12.8
2012-06-07 00:00:00,9.5,12.1
2012-06-07 00:00:00,10,10.5
2012-06-07 00:00:00,11,9.9
2012-06-07 00:00:00,11.5,9.6
2012-06-07 00:00:00,13,9.3
2012-06-07 00:00:00,13.5,9
2012-06-07 00:00:00,15,8.7
2012-06-07 00:00:00,16,8.5
2012-06-07 00:00:00,17,8.3
2012-06-07 00:00:00,17.5,7.8
2012-06-07 00:00:00,19,7.7
2012-06-07 00:00:00,20,7.6
2012-06-07 00:00:00,21,7.4
2012-06-07 00:00:00,22,7.3
2012-06-07 00:00:00,23,7.2
2012-06-07 00:00:00,24,7.2
2012-06-07 00:00:00,25,7.1
2012-06-07 00:00:00,26,7.1
2012-06-07 00:00:00,27,7.1
2012-06-07 00:00:00,28,7
2012-06-07 00:00:00,29,7
2012-06-07 00:00:00,29.5,7
2012-06-20 00:00:00,0.25,15.3
2012-06-20 00:00:00,1,15.3
2012-06-20 00:00:00,2,15.1
2012-06-20 00:00:00,2.5,15.1
2012-06-20 00:00:00,3.5,15
2012-06-20 00:00:00,4.5,15
2012-06-20 00:00:00,6,14.4
2012-06-20 00:00:00,7,14.1
2012-06-20 00:00:00,8,13.9
2012-06-20 00:00:00,9,13.3
2012-06-20 00:00:00,10,12.9
2012-06-20 00:00:00,10.5,12.3
2012-06-20 00:00:00,11,10.8
2012-06-20 00:00:00,11.5,10.2
2012-06-20 00:00:00,11.5,10
2012-06-20 00:00:00,12,9.7
2012-06-20 00:00:00,12.5,9.5
2012-06-20 00:00:00,13.5,9.2
2012-06-20 00:00:00,15,8.8
2012-06-20 00:00:00,15.5,8.3
2012-06-20 00:00:00,16.5,8.1
2012-06-20 00:00:00,18,7.8
2012-06-20 00:00:00,19,7.7
2012-06-20 00:00:00,20,7.5
2012-06-20 00:00:00,21,7.4
2012-06-20 00:00:00,21.5,7.3
2012-06-20 00:00:00,22.5,7.3
2012-06-20 00:00:00,23.5,7.2
2012-06-20 00:00:00,24.5,7.1
2012-06-20 00:00:00,26,7.1
2012-06-20 00:00:00,26.5,7.1
2012-06-20 00:00:00,27.5,7.1
2012-06-20 00:00:00,28.5,7.1
2012-06-20 00:00:00,29.5,7.1
2012-07-05 00:00:00,0,18.5
2012-07-05 00:00:00,1,18.5
2012-07-05 00:00:00,2,18.5
2012-07-05 00:00:00,3,18.3
2012-07-05 00:00:00,4,18.2
2012-07-05 00:00:00,4.5,17.3
2012-07-05 00:00:00,5,17.1
2012-07-05 00:00:00,6,16.6
2012-07-05 00:00:00,7,16.1
2012-07-05 00:00:00,8,15.3
2012-07-05 00:00:00,8.5,14.9
2012-07-05 00:00:00,9,14.5
2012-07-05 00:00:00,9.5,13.8
2012-07-05 00:00:00,10,13.5
2012-07-05 00:00:00,10.5,13
2012-07-05 00:00:00,11,12.5
2012-07-05 00:00:00,11.5,12
2012-07-05 00:00:00,12,11.3
2012-07-05 00:00:00,12.5,10.7
2012-07-05 00:00:00,13,10
2012-07-05 00:00:00,13.5,9.7
2012-07-05 00:00:00,14,9.5
2012-07-05 00:00:00,15,8.9
2012-07-05 00:00:00,16,8.4
2012-07-05 00:00:00,17,8.1
2012-07-05 00:00:00,18,7.8
2012-07-05 00:00:00,19,7.7
2012-07-05 00:00:00,20,7.6
2012-07-05 00:00:00,21,7.5
2012-07-05 00:00:00,22,7.4
2012-07-05 00:00:00,23,7.3
2012-07-05 00:00:00,24,7.3
2012-07-05 00:00:00,25,7.3
2012-07-05 00:00:00,26,7.3
2012-07-05 00:00:00,27,7.2
2012-07-05 00:00:00,28,7.2
2012-07-05 00:00:00,29,7.2
2012-07-05 00:00:00,30,7.2
2012-07-17 00:00:00,0,17.7
2012-07-17 00:00:00,1.5,17.7
2012-07-17 00:00:00,2,17.7
2012-07-17 00:00:00,3,17.7
2012-07-17 00:00:00,4.5,17.7
2012-07-17 00:00:00,6,17.7
2012-07-17 00:00:00,7,17.7
2012-07-17 00:00:00,7.5,16.9
2012-07-17 00:00:00,8.5,16.5
2012-07-17 00:00:00,8.5,15.6
2012-07-17 00:00:00,9.5,14.8
2012-07-17 00:00:00,10,13.8
2012-07-17 00:00:00,10.5,13
2012-07-17 00:00:00,11,11.5
2012-07-17 00:00:00,11,12
2012-07-17 00:00:00,11.5,11
2012-07-17 00:00:00,12.5,10
2012-07-17 00:00:00,14,9.2
2012-07-17 00:00:00,15,8.9
2012-07-17 00:00:00,16,8.3
2012-07-17 00:00:00,17,8.2
2012-07-17 00:00:00,18,8
2012-07-17 00:00:00,18.5,7.9
2012-07-17 00:00:00,20,7.8
2012-07-17 00:00:00,20.5,7.7
2012-07-17 00:00:00,22,7.6
2012-07-17 00:00:00,22.5,7.4
2012-07-17 00:00:00,23.5,7.4
2012-07-17 00:00:00,25,7.3
2012-07-17 00:00:00,25.5,7.3
2012-07-17 00:00:00,27,7.3
2012-07-17 00:00:00,28,7.3
2012-07-17 00:00:00,28.5,7.3
2012-07-17 00:00:00,29.5,7.3
2012-08-06 00:00:00,0.25,20
2012-08-06 00:00:00,1,19.8
2012-08-06 00:00:00,2,19.6
2012-08-06 00:00:00,3,19.4
2012-08-06 00:00:00,4,18.7
2012-08-06 00:00:00,5,18.6
2012-08-06 00:00:00,6,18.5
2012-08-06 00:00:00,6.5,18
2012-08-06 00:00:00,7.5,17.5
2012-08-06 00:00:00,8.5,16.5
2012-08-06 00:00:00,9.5,14.9
2012-08-06 00:00:00,10,13.4
2012-08-06 00:00:00,11,12.3
2012-08-06 00:00:00,11.5,11.5
2012-08-06 00:00:00,11.5,10.8
2012-08-06 00:00:00,12.5,10.3
2012-08-06 00:00:00,12.5,9.9
2012-08-06 00:00:00,13.5,9.3
2012-08-06 00:00:00,15,8.7
2012-08-06 00:00:00,15.5,8.4
2012-08-06 00:00:00,17,8.2
2012-08-06 00:00:00,18,8
2012-08-06 00:00:00,19,7.7
2012-08-06 00:00:00,20,7.6
2012-08-06 00:00:00,20.5,7.6
2012-08-06 00:00:00,22,7.5
2012-08-06 00:00:00,23,7.4
2012-08-06 00:00:00,23.5,7.4
2012-08-06 00:00:00,25,7.3
2012-08-06 00:00:00,26,7.3
2012-08-06 00:00:00,27,7.3
2012-08-06 00:00:00,28,7.3
2012-08-06 00:00:00,29,7.3
2012-08-06 00:00:00,29.5,7.3
2012-08-22 00:00:00,0,20.2
2012-08-22 00:00:00,0.75,20.2
2012-08-22 00:00:00,1.5,20.2
2012-08-22 00:00:00,3,20.1
2012-08-22 00:00:00,3.5,20.1
2012-08-22 00:00:00,5,20
2012-08-22 00:00:00,6,19.8
2012-08-22 00:00:00,6,18.5
2012-08-22 00:00:00,6.5,18.3
2012-08-22 00:00:00,7.5,17.6
2012-08-22 00:00:00,9,16.9
2012-08-22 00:00:00,10,16
2012-08-22 00:00:00,10,15.4
2012-08-22 00:00:00,10.5,14.7
2012-08-22 00:00:00,11,13.5
2012-08-22 00:00:00,11.5,12.4
2012-08-22 00:00:00,12.5,10.6
2012-08-22 00:00:00,12.5,10.9
2012-08-22 00:00:00,13.5,10
2012-08-22 00:00:00,13.5,10.2
2012-08-22 00:00:00,14.5,9.2
2012-08-22 00:00:00,16,8.4
2012-08-22 00:00:00,17,8.1
2012-08-22 00:00:00,18,7.9
2012-08-22 00:00:00,18.5,7.8
2012-08-22 00:00:00,20,7.7
2012-08-22 00:00:00,20.5,7.7
2012-08-22 00:00:00,22,7.6
2012-08-22 00:00:00,23,7.5
2012-08-22 00:00:00,24,7.4
2012-08-22 00:00:00,24.5,7.4
2012-08-22 00:00:00,26,7.4
2012-08-22 00:00:00,27,7.4
2012-08-22 00:00:00,28,7.4
2012-08-22 00:00:00,28.5,7.4
2012-08-22 00:00:00,29.5,7.3
2012-08-22 00:00:00,29.5,7.3
2012-08-30 00:00:00,0.25,18.4
2012-08-30 00:00:00,1,18.4
2012-08-30 00:00:00,2,18.4
2012-08-30 00:00:00,2.5,18.2
2012-08-30 00:00:00,3.5,18.2
2012-08-30 00:00:00,5,18.1
2012-08-30 00:00:00,6,18.1
2012-08-30 00:00:00,6.5,18
2012-08-30 00:00:00,7.5,18
2012-08-30 00:00:00,8.5,17.6
2012-08-30 00:00:00,9.5,17.5
2012-08-30 00:00:00,10,16.3
2012-08-30 00:00:00,10.5,14
2012-08-30 00:00:00,10.5,14.3
2012-08-30 00:00:00,11.5,13
2012-08-30 00:00:00,11.5,12
2012-08-30 00:00:00,12.5,11
2012-08-30 00:00:00,12.5,11.2
2012-08-30 00:00:00,13.5,9.9
2012-08-30 00:00:00,14.5,9.1
2012-08-30 00:00:00,16,8.6
2012-08-30 00:00:00,17,8.4
2012-08-30 00:00:00,17.5,8.2
2012-08-30 00:00:00,19,8
2012-08-30 00:00:00,20,7.9
2012-08-30 00:00:00,21,7.7
2012-08-30 00:00:00,22,7.6
2012-08-30 00:00:00,23,7.5
2012-08-30 00:00:00,24,7.4
2012-08-30 00:00:00,25,7.4
2012-08-30 00:00:00,26,7.4
2012-08-30 00:00:00,27,7.4
2012-08-30 00:00:00,27.5,7.4
2012-08-30 00:00:00,28.5,7.4
2012-08-30 00:00:00,30,7.3
2012-09-12 00:00:00,0,16.6
2012-09-12 00:00:00,1,16.7
2012-09-12 00:00:00,2,16.7
2012-09-12 00:00:00,3,16.7
2012-09-12 00:00:00,4,16.7
2012-09-12 00:00:00,4.5,16.7
2012-09-12 00:00:00,5.5,16.7
2012-09-12 00:00:00,6.5,16.7
2012-09-12 00:00:00,7.5,16.7
2012-09-12 00:00:00,9,16.7
2012-09-12 00:00:00,10,16.6
2012-09-12 00:00:00,11,13.9
2012-09-12 00:00:00,11,16.2
2012-09-12 00:00:00,12,12.6
2012-09-12 00:00:00,12,12.9
2012-09-12 00:00:00,12.5,11.4
2012-09-12 00:00:00,13,10.8
2012-09-12 00:00:00,13.5,9.6
2012-09-12 00:00:00,14,9.2
2012-09-12 00:00:00,14.5,8.9
2012-09-12 00:00:00,14.5,8.9
2012-09-12 00:00:00,16,8.4
2012-09-12 00:00:00,17,8.2
2012-09-12 00:00:00,18,7.9
2012-09-12 00:00:00,18.5,7.8
2012-09-12 00:00:00,20,7.7
2012-09-12 00:00:00,20.5,7.5
2012-09-12 00:00:00,21.5,7.5
2012-09-12 00:00:00,22.5,7.4
2012-09-12 00:00:00,23.5,7.4
2012-09-12 00:00:00,25,7.4
2012-09-12 00:00:00,25.5,7.4
2012-09-12 00:00:00,26.5,7.4
2012-09-12 00:00:00,28,7.4
2012-09-12 00:00:00,28.5,7.4
2012-09-24 00:00:00,0,14.4
2012-09-24 00:00:00,1,14.4
2012-09-24 00:00:00,2,14.4
2012-09-24 00:00:00,3,14.4
2012-09-24 00:00:00,4,14.4
2012-09-24 00:00:00,4.5,14.4
2012-09-24 00:00:00,6,14.4
2012-09-24 00:00:00,7,14.4
2012-09-24 00:00:00,8,14.4
2012-09-24 00:00:00,8.5,14.4
2012-09-24 00:00:00,10,14.4
2012-09-24 00:00:00,11,14.4
2012-09-24 00:00:00,12,14.3
2012-09-24 00:00:00,12.5,13.9
2012-09-24 00:00:00,13,11.8
2012-09-24 00:00:00,14,10
2012-09-24 00:00:00,14,9.3
2012-09-24 00:00:00,15,8.9
2012-09-24 00:00:00,15.5,8.6
2012-09-24 00:00:00,17,8.4
2012-09-24 00:00:00,18,8
2012-09-24 00:00:00,18.5,7.9
2012-09-24 00:00:00,20,7.8
2012-09-24 00:00:00,21,7.7
2012-09-24 00:00:00,22,7.6
2012-09-24 00:00:00,22.5,7.5
2012-09-24 00:00:00,24,7.4
2012-09-24 00:00:00,25,7.4
2012-09-24 00:00:00,26,7.4
2012-09-24 00:00:00,27,7.4
2012-09-24 00:00:00,27.5,7.3
2012-09-24 00:00:00,29,7.3
2012-09-24 00:00:00,29.5,7.3
2012-10-24 00:00:00,0,11
2012-10-24 00:00:00,1,11
2012-10-24 00:00:00,2,11
2012-10-24 00:00:00,3,11
2012-10-24 00:00:00,4,11
2012-10-24 00:00:00,5,11
2012-10-24 00:00:00,6,10.9
2012-10-24 00:00:00,7,11
2012-10-24 00:00:00,8,11
2012-10-24 00:00:00,8.5,11
2012-10-24 00:00:00,10,10.9
2012-10-24 00:00:00,11,10.9
2012-10-24 00:00:00,12,10.9
2012-10-24 00:00:00,12.5,10.9
2012-10-24 00:00:00,14,10.9
2012-10-24 00:00:00,14,10.9
2012-10-24 00:00:00,15,10.8
2012-10-24 00:00:00,16,10.8
2012-10-24 00:00:00,17,10.7
2012-10-24 00:00:00,18,10.3
2012-10-24 00:00:00,18.5,9.8
2012-10-24 00:00:00,19,9.1
2012-10-24 00:00:00,19.5,8.3
2012-10-24 00:00:00,20,7.9
2012-10-24 00:00:00,21,7.7
2012-10-24 00:00:00,22,7.6
2012-10-24 00:00:00,23,7.5
2012-10-24 00:00:00,24,7.4
2012-10-24 00:00:00,25,7.4
2012-10-24 00:00:00,26,7.3
2012-10-24 00:00:00,27,7.3
2012-10-24 00:00:00,28,7.3
2012-10-24 00:00:00,29,7.3
2012-10-24 00:00:00,30,7.2
2012-11-13 00:00:00,0,8.2
2012-11-13 00:00:00,0.75,8.2
2012-11-13 00:00:00,1.5,8.2
2012-11-13 00:00:00,3,8.2
2012-11-13 00:00:00,3.5,8.2
2012-11-13 00:00:00,5,8.2
2012-11-13 00:00:00,6,8.2
2012-11-13 00:00:00,6.5,8.2
2012-11-13 00:00:00,7.5,8.2
2012-11-13 00:00:00,9,8.2
2012-11-13 00:00:00,9.5,8.2
2012-11-13 00:00:00,10.5,8.2
2012-11-13 00:00:00,11.5,8.2
2012-11-13 00:00:00,13,8.2
2012-11-13 00:00:00,13.5,8.2
2012-11-13 00:00:00,14.5,8.2
2012-11-13 00:00:00,15.5,8.2
2012-11-13 00:00:00,16.5,8.2
2012-11-13 00:00:00,18,8.2
2012-11-13 00:00:00,19,8.1
2012-11-13 00:00:00,20,8.2
2012-11-13 00:00:00,20.5,8.1
2012-11-13 00:00:00,22,8.1
2012-11-13 00:00:00,23,8.1
2012-11-13 00:00:00,23.5,8.1
2012-11-13 00:00:00,25,8.1
2012-11-13 00:00:00,25.5,8.1
2012-11-13 00:00:00,26.5,8.1
2012-11-13 00:00:00,28,8.1
2012-11-13 00:00:00,29,8.1
2012-12-13 00:00:00,0,3.7
2012-12-13 00:00:00,1,4.1
2012-12-13 00:00:00,2,4.1
2012-12-13 00:00:00,5,4.2
2012-12-13 00:00:00,10,4.2
2012-12-13 00:00:00,15,4.2
2012-12-13 00:00:00,20,4.2
2012-12-13 00:00:00,24,4.2
2012-12-13 00:00:00,26,4.2
2012-12-13 00:00:00,28,4.1
2012-12-13 00:00:00,30,4.1
2013-01-31 00:00:00,0,3.1
2013-01-31 00:00:00,1,2.6
2013-01-31 00:00:00,2,2.5
2013-01-31 00:00:00,3,2.5
2013-01-31 00:00:00,4,2.4
2013-01-31 00:00:00,5,2.4
2013-01-31 00:00:00,6,2.4
2013-01-31 00:00:00,7,2.4
2013-01-31 00:00:00,8,2.4
2013-01-31 00:00:00,9,2.4
2013-01-31 00:00:00,10,2.4
2013-01-31 00:00:00,11,2.4
2013-01-31 00:00:00,12,2.4
2013-01-31 00:00:00,13,2.4
2013-01-31 00:00:00,14,2.4
2013-01-31 00:00:00,16,2.4
2013-01-31 00:00:00,18,2.4
2013-01-31 00:00:00,20,2.4
2013-01-31 00:00:00,21,2.3
2013-01-31 00:00:00,23,2.4
2013-01-31 00:00:00,24,2.3
2013-01-31 00:00:00,25,2.3
2013-01-31 00:00:00,26,2.3
2013-01-31 00:00:00,27,2.3
2013-01-31 00:00:00,28,2.3
2013-02-21 00:00:00,0,1.2
2013-02-21 00:00:00,1,1.5
2013-02-21 00:00:00,2,1.5
2013-02-21 00:00:00,3,1.6
2013-02-21 00:00:00,4,1.6
2013-02-21 00:00:00,5,1.6
2013-02-21 00:00:00,6,1.6
2013-02-21 00:00:00,7,1.6
2013-02-21 00:00:00,8,1.6
2013-02-21 00:00:00,10,1.6
2013-02-21 00:00:00,12,1.6
2013-02-21 00:00:00,14,1.6
2013-02-21 00:00:00,16,1.6
2013-02-21 00:00:00,17,1.7
2013-02-21 00:00:00,18,1.7
2013-02-21 00:00:00,20,1.7
2013-02-21 00:00:00,22,1.7
2013-02-21 00:00:00,24,1.7
2013-02-21 00:00:00,25,1.8
2013-02-21 00:00:00,26,1.8
2013-02-21 00:00:00,27,1.9
2013-02-21 00:00:00,28,2
2013-02-21 00:00:00,29,2
2013-02-21 00:00:00,30,2.1
2013-03-06 00:00:00,0,1.9
2013-03-06 00:00:00,1,1.9
2013-03-06 00:00:00,2,1.8
2013-03-06 00:00:00,5,1.8
2013-03-06 00:00:00,10,1.8
2013-03-06 00:00:00,15,1.8
2013-03-06 00:00:00,20,1.8
2013-03-06 00:00:00,25,1.8
2013-03-06 00:00:00,30,1.9
2013-03-19 00:00:00,0,1.5
2013-04-04 00:00:00,0,2.4
2013-04-23 00:00:00,0,5.3
2013-04-23 00:00:00,1,5.3
2013-04-23 00:00:00,2,5.3
2013-04-23 00:00:00,2.5,5.3
2013-04-23 00:00:00,4,5.3
2013-04-23 00:00:00,4.5,5.3
2013-04-23 00:00:00,5.5,5.3
2013-04-23 00:00:00,7,5.3
2013-04-23 00:00:00,7.5,5.3
2013-04-23 00:00:00,8.5,5.3
2013-04-23 00:00:00,10,5.3
2013-04-23 00:00:00,11,5.3
2013-04-23 00:00:00,12,5.3
2013-04-23 00:00:00,12.5,5.3
2013-04-23 00:00:00,13.5,5.3
2013-04-23 00:00:00,14.5,5.3
2013-04-23 00:00:00,15,5.3
2013-04-23 00:00:00,15.5,5.3
2013-04-23 00:00:00,16,5.3
2013-04-23 00:00:00,17,5.3
2013-04-23 00:00:00,18,5.3
2013-04-23 00:00:00,19,5.3
2013-04-23 00:00:00,19.5,5.3
2013-04-23 00:00:00,21,5.3
2013-04-23 00:00:00,22,5.3
2013-04-23 00:00:00,23,5.3
2013-04-23 00:00:00,24,5.3
2013-04-23 00:00:00,24.5,5.3
2013-04-23 00:00:00,26,5.3
2013-04-23 00:00:00,27,5.3
2013-04-23 00:00:00,27.5,5.3
2013-04-23 00:00:00,29,5.3
2013-05-01 00:00:00,0,7.6
2013-05-01 00:00:00,1,7.4
2013-05-01 00:00:00,2,7
2013-05-01 00:00:00,3,6.6
2013-05-01 00:00:00,3.5,6.5
2013-05-01 00:00:00,5,6.5
2013-05-01 00:00:00,6,6.5
2013-05-01 00:00:00,7,6.5
2013-05-01 00:00:00,8,6.4
2013-05-01 00:00:00,9,6.4
2013-05-01 00:00:00,10,6.4
2013-05-01 00:00:00,10.5,6.4
2013-05-01 00:00:00,12,6.3
2013-05-01 00:00:00,13,6.3
2013-05-01 00:00:00,14,6.3
2013-05-01 00:00:00,15,6.3
2013-05-01 00:00:00,16,6.3
2013-05-01 00:00:00,16.5,6.3
2013-05-01 00:00:00,18,6.2
2013-05-01 00:00:00,18.5,6.2
2013-05-01 00:00:00,20,6.1
2013-05-01 00:00:00,21,6
2013-05-01 00:00:00,22,5.9
2013-05-01 00:00:00,23,5.8
2013-05-01 00:00:00,24,5.7
2013-05-01 00:00:00,25,5.7
2013-05-01 00:00:00,26,5.7
2013-05-01 00:00:00,27,5.7
2013-05-01 00:00:00,28,5.7
2013-05-01 00:00:00,29,5.7
2013-05-01 00:00:00,30,5.6
2013-05-23 00:00:00,0.25,13.1
2013-05-23 00:00:00,1,13.1
2013-05-23 00:00:00,2,13
2013-05-23 00:00:00,2.5,13
2013-05-23 00:00:00,3.5,12.9
2013-05-23 00:00:00,5,12.8
2013-05-23 00:00:00,6,12.8
2013-05-23 00:00:00,7,11.9
2013-05-23 00:00:00,7.5,11.1
2013-05-23 00:00:00,7.5,11.1
2013-05-23 00:00:00,8,10.7
2013-05-23 00:00:00,8.5,9.8
2013-05-23 00:00:00,10,7.5
2013-05-23 00:00:00,11,7.1
2013-05-23 00:00:00,12,6.8
2013-05-23 00:00:00,13,6.7
2013-05-23 00:00:00,14,6.5
2013-05-23 00:00:00,15,6.5
2013-05-23 00:00:00,16,6.4
2013-05-23 00:00:00,17,6.3
2013-05-23 00:00:00,18,6.3
2013-05-23 00:00:00,19,6.2
2013-05-23 00:00:00,20,6.2
2013-05-23 00:00:00,21,6.2
2013-05-23 00:00:00,22,6.1
2013-05-23 00:00:00,23,6
2013-05-23 00:00:00,24,6
2013-05-23 00:00:00,24,6
2013-05-23 00:00:00,25,6
2013-05-23 00:00:00,26,5.9
2013-06-06 00:00:00,0,17.3
2013-06-06 00:00:00,1,16.9
2013-06-06 00:00:00,2,16.8
2013-06-06 00:00:00,3,16.7
2013-06-06 00:00:00,4,16.5
2013-06-06 00:00:00,5,16.1
2013-06-06 00:00:00,5.5,15.3
2013-06-06 00:00:00,7,14.6
2013-06-06 00:00:00,7.5,13.9
2013-06-06 00:00:00,8,13.3
2013-06-06 00:00:00,8.5,11.8
2013-06-06 00:00:00,9,9.5
2013-06-06 00:00:00,10,8.4
2013-06-06 00:00:00,11,7.3
2013-06-06 00:00:00,12,7
2013-06-06 00:00:00,13,6.7
2013-06-06 00:00:00,14,6.6
2013-06-06 00:00:00,15,6.5
2013-06-06 00:00:00,16,6.5
2013-06-06 00:00:00,17,6.4
2013-06-06 00:00:00,18,6.3
2013-06-06 00:00:00,19,6.2
2013-06-06 00:00:00,20,6.1
2013-06-06 00:00:00,21,6.1
2013-06-06 00:00:00,22,6.1
2013-06-06 00:00:00,23,6
2013-06-06 00:00:00,24,6
2013-06-06 00:00:00,25,6
2013-06-06 00:00:00,26,6
2013-06-06 00:00:00,27,6
2013-06-06 00:00:00,28,6
2013-06-06 00:00:00,29,6
2013-06-06 00:00:00,30,5.9
2013-06-20 00:00:00,0,19.8
2013-06-20 00:00:00,1,19.3
2013-06-20 00:00:00,2,18.9
2013-06-20 00:00:00,3,18.3
2013-06-20 00:00:00,4,17.7
2013-06-20 00:00:00,5,17
2013-06-20 00:00:00,6,16.8
2013-06-20 00:00:00,7,16.6
2013-06-20 00:00:00,8,15.9
2013-06-20 00:00:00,8.5,14
2013-06-20 00:00:00,9,13.7
2013-06-20 00:00:00,10,12
2013-06-20 00:00:00,11,10.1
2013-06-20 00:00:00,12,9.5
2013-06-20 00:00:00,13,8.2
2013-06-20 00:00:00,14,7.8
2013-06-20 00:00:00,15,7.1
2013-06-20 00:00:00,16,6.9
2013-06-20 00:00:00,17,6.7
2013-06-20 00:00:00,18,6.6
2013-06-20 00:00:00,19,6.4
2013-06-20 00:00:00,20,6.3
2013-06-20 00:00:00,21,6.2
2013-06-20 00:00:00,22,6.2
2013-06-20 00:00:00,23,6.1
2013-06-20 00:00:00,24,6
2013-06-20 00:00:00,25,6
2013-06-20 00:00:00,26,6
2013-06-20 00:00:00,27,5.9
2013-06-20 00:00:00,28,5.9
2013-06-20 00:00:00,29,5.9
2013-06-20 00:00:00,30,5.9
2013-06-20 00:00:00,31,5.9
2013-07-04 00:00:00,0,16.6
2013-07-04 00:00:00,0.75,16.6
2013-07-04 00:00:00,1.5,16.6
2013-07-04 00:00:00,3,16.5
2013-07-04 00:00:00,4,16.5
2013-07-04 00:00:00,4.5,16.3
2013-07-04 00:00:00,6,16.2
2013-07-04 00:00:00,7,16.2
2013-07-04 00:00:00,8,16
2013-07-04 00:00:00,8.5,15.5
2013-07-04 00:00:00,9,14.9
2013-07-04 00:00:00,10,11.5
2013-07-04 00:00:00,11,9
2013-07-04 00:00:00,12,7.7
2013-07-04 00:00:00,12.5,7.2
2013-07-04 00:00:00,14,6.8
2013-07-04 00:00:00,14.5,6.6
2013-07-04 00:00:00,16,6.4
2013-07-04 00:00:00,17,6.4
2013-07-04 00:00:00,18,6.3
2013-07-04 00:00:00,18.5,6.3
2013-07-04 00:00:00,20,6.2
2013-07-04 00:00:00,21,6.1
2013-07-04 00:00:00,22,6.1
2013-07-04 00:00:00,23,6
2013-07-04 00:00:00,24,6
2013-07-04 00:00:00,25,6
2013-07-04 00:00:00,26,6
2013-07-04 00:00:00,27,6
2013-07-04 00:00:00,28,6
2013-07-04 00:00:00,29,5.9
2013-07-04 00:00:00,30,5.9
2013-07-17 00:00:00,0,19
2013-07-17 00:00:00,1,19
2013-07-17 00:00:00,1.5,18.9
2013-07-17 00:00:00,3,18.8
2013-07-17 00:00:00,3.5,18.8
2013-07-17 00:00:00,5.5,18.6
2013-07-17 00:00:00,6.5,17.4
2013-07-17 00:00:00,8,16.5
2013-07-17 00:00:00,8.5,15.7
2013-07-17 00:00:00,9,14.5
2013-07-17 00:00:00,9.5,12.3
2013-07-17 00:00:00,10,11.1
2013-07-17 00:00:00,10.5,9.9
2013-07-17 00:00:00,11,9.1
2013-07-17 00:00:00,11.5,7.8
2013-07-17 00:00:00,11.5,8.5
2013-07-17 00:00:00,12.5,7.3
2013-07-17 00:00:00,12.5,7.5
2013-07-17 00:00:00,14,6.8
2013-07-17 00:00:00,15,6.6
2013-07-17 00:00:00,16,6.5
2013-07-17 00:00:00,16.5,6.4
2013-07-17 00:00:00,18,6.3
2013-07-17 00:00:00,19,6.3
2013-07-17 00:00:00,20,6.2
2013-07-17 00:00:00,21,6.1
2013-07-17 00:00:00,22,6.1
2013-07-17 00:00:00,23,6
2013-07-17 00:00:00,24,6
2013-07-17 00:00:00,25,6
2013-07-17 00:00:00,26,6
2013-07-17 00:00:00,27.5,6
2013-07-17 00:00:00,30,5.9
2013-07-17 00:00:00,30,5.9
2013-08-07 00:00:00,0,21.7
2013-08-07 00:00:00,0.75,21.6
2013-08-07 00:00:00,2,21.3
2013-08-07 00:00:00,3,21.3
2013-08-07 00:00:00,4,21.2
2013-08-07 00:00:00,5,21.2
2013-08-07 00:00:00,6,21
2013-08-07 00:00:00,6.5,19.7
2013-08-07 00:00:00,7,18.9
2013-08-07 00:00:00,7.5,17
2013-08-07 00:00:00,8,15.8
2013-08-07 00:00:00,9,13.6
2013-08-07 00:00:00,10,11.6
2013-08-07 00:00:00,11,10.2
2013-08-07 00:00:00,12,8.8
2013-08-07 00:00:00,12.5,7.9
2013-08-07 00:00:00,14,7.5
2013-08-07 00:00:00,14,7.6
2013-08-07 00:00:00,15,7
2013-08-07 00:00:00,16,6.7
2013-08-07 00:00:00,17,6.5
2013-08-07 00:00:00,18,6.4
2013-08-07 00:00:00,19,6.3
2013-08-07 00:00:00,20,6.3
2013-08-07 00:00:00,21,6.2
2013-08-07 00:00:00,22,6.1
2013-08-07 00:00:00,23,6.1
2013-08-07 00:00:00,24,6
2013-08-07 00:00:00,25,6
2013-08-07 00:00:00,26,6
2013-08-07 00:00:00,27,6
2013-08-07 00:00:00,27,6
2013-08-07 00:00:00,28,6
2013-08-07 00:00:00,29,6
2013-08-07 00:00:00,30,6
2013-08-22 00:00:00,0,19.9
2013-08-22 00:00:00,0.75,19.5
2013-08-22 00:00:00,1.5,18.7
2013-08-22 00:00:00,3,18.6
2013-08-22 00:00:00,3.5,18.6
2013-08-22 00:00:00,5,18.3
2013-08-22 00:00:00,6,18.2
2013-08-22 00:00:00,6.5,18.1
2013-08-22 00:00:00,8,17.5
2013-08-22 00:00:00,8,18
2013-08-22 00:00:00,9,16.7
2013-08-22 00:00:00,9.5,14.2
2013-08-22 00:00:00,9.5,13.2
2013-08-22 00:00:00,10.5,11.4
2013-08-22 00:00:00,11,9.8
2013-08-22 00:00:00,11.5,8.5
2013-08-22 00:00:00,11.5,9
2013-08-22 00:00:00,12,8.1
2013-08-22 00:00:00,13,7.4
2013-08-22 00:00:00,13.5,7.2
2013-08-22 00:00:00,14,7
2013-08-22 00:00:00,14.5,6.7
2013-08-22 00:00:00,16,6.5
2013-08-22 00:00:00,17,6.4
2013-08-22 00:00:00,18,6.3
2013-08-22 00:00:00,18.5,6.2
2013-08-22 00:00:00,20,6.2
2013-08-22 00:00:00,20.5,6.1
2013-08-22 00:00:00,22,6.1
2013-08-22 00:00:00,23,6.1
2013-08-22 00:00:00,24,6
2013-08-22 00:00:00,24.5,6
2013-08-22 00:00:00,26,6
2013-08-22 00:00:00,27,6
2013-08-22 00:00:00,28,6
2013-08-22 00:00:00,29,6
2013-09-04 00:00:00,0.25,17.4
2013-09-04 00:00:00,0.75,17.4
2013-09-04 00:00:00,2,17.3
2013-09-04 00:00:00,2.5,17.3
2013-09-04 00:00:00,4,17.3
2013-09-04 00:00:00,4.5,17.3
2013-09-04 00:00:00,6,17.2
2013-09-04 00:00:00,7,17.2
2013-09-04 00:00:00,7.5,17.2
2013-09-04 00:00:00,9,17.1
2013-09-04 00:00:00,9.5,16.4
2013-09-04 00:00:00,10,15.2
2013-09-04 00:00:00,10,12.5
2013-09-04 00:00:00,10.5,10.6
2013-09-04 00:00:00,11,9.5
2013-09-04 00:00:00,12,8.5
2013-09-04 00:00:00,12,8
2013-09-04 00:00:00,13,7.6
2013-09-04 00:00:00,13.5,7.3
2013-09-04 00:00:00,14,7.1
2013-09-04 00:00:00,15,6.8
2013-09-04 00:00:00,16,6.6
2013-09-04 00:00:00,17,6.4
2013-09-04 00:00:00,18,6.3
2013-09-04 00:00:00,19,6.4
2013-09-04 00:00:00,20,6.3
2013-09-04 00:00:00,21,6.2
2013-09-04 00:00:00,22,6.1
2013-09-04 00:00:00,23,6.1
2013-09-04 00:00:00,24,6.1
2013-09-04 00:00:00,25,6
2013-09-04 00:00:00,25.5,6
2013-09-04 00:00:00,27,6
2013-09-04 00:00:00,28,6
2013-09-04 00:00:00,29,6
2013-09-19 00:00:00,0,15.9
2013-09-19 00:00:00,1,15.9
2013-09-19 00:00:00,1.5,15.9
2013-09-19 00:00:00,2.5,15.8
2013-09-19 00:00:00,4,15.8
2013-09-19 00:00:00,5,15.8
2013-09-19 00:00:00,6,15.8
2013-09-19 00:00:00,7,15.8
2013-09-19 00:00:00,8,15.8
2013-09-19 00:00:00,9,15.7
2013-09-19 00:00:00,10,15.6
2013-09-19 00:00:00,10.5,15.5
2013-09-19 00:00:00,11,13.2
2013-09-19 00:00:00,11.5,10
2013-09-19 00:00:00,11.5,9.2
2013-09-19 00:00:00,12.5,8.5
2013-09-19 00:00:00,13,7.7
2013-09-19 00:00:00,13,8
2013-09-19 00:00:00,13.5,7.4
2013-09-19 00:00:00,15,6.9
2013-09-19 00:00:00,15.5,6.7
2013-09-19 00:00:00,17,6.5
2013-09-19 00:00:00,18,6.4
2013-09-19 00:00:00,19,6.3
2013-09-19 00:00:00,20,6.3
2013-09-19 00:00:00,21,6.2
2013-09-19 00:00:00,22,6.1
2013-09-19 00:00:00,23,6.1
2013-09-19 00:00:00,23.5,6.1
2013-09-19 00:00:00,25,6.1
2013-09-19 00:00:00,25.5,6
2013-09-19 00:00:00,27,6
2013-09-19 00:00:00,27.5,6
2013-09-19 00:00:00,29,6
2013-10-09 00:00:00,0,13.1
2013-10-09 00:00:00,1,13.1
2013-10-09 00:00:00,2,13.1
2013-10-09 00:00:00,2.5,13.1
2013-10-09 00:00:00,4,13.1
2013-10-09 00:00:00,4.5,13.1
2013-10-09 00:00:00,6,13.1
2013-10-09 00:00:00,7,13.1
2013-10-09 00:00:00,8,13.1
2013-10-09 00:00:00,9,13.1
2013-10-09 00:00:00,10,13
2013-10-09 00:00:00,11,12.7
2013-10-09 00:00:00,12,12.6
2013-10-09 00:00:00,12.5,9.5
2013-10-09 00:00:00,12.5,11.3
2013-10-09 00:00:00,13,8.1
2013-10-09 00:00:00,13.5,7.5
2013-10-09 00:00:00,14,7.3
2013-10-09 00:00:00,15,7.1
2013-10-09 00:00:00,16,6.8
2013-10-09 00:00:00,16.5,6.6
2013-10-09 00:00:00,18,6.4
2013-10-09 00:00:00,19,6.4
2013-10-09 00:00:00,20,6.3
2013-10-09 00:00:00,21,6.2
2013-10-09 00:00:00,22,6.1
2013-10-09 00:00:00,22.5,6.1
2013-10-09 00:00:00,23.5,6.1
2013-10-09 00:00:00,24.5,6.1
2013-10-09 00:00:00,26,6
2013-10-09 00:00:00,26.5,6
2013-10-09 00:00:00,28,6
2013-10-09 00:00:00,29,6
2013-10-09 00:00:00,30,6
2013-11-07 00:00:00,0,9.9
2013-11-07 00:00:00,0.75,9.9
2013-11-07 00:00:00,2,9.9
2013-11-07 00:00:00,3,9.9
2013-11-07 00:00:00,3,9.9
2013-11-07 00:00:00,4,9.9
2013-11-07 00:00:00,5,9.9
2013-11-07 00:00:00,6,9.9
2013-11-07 00:00:00,7,9.9
2013-11-07 00:00:00,8,9.9
2013-11-07 00:00:00,9,9.9
2013-11-07 00:00:00,9.5,9.9
2013-11-07 00:00:00,11,9.9
2013-11-07 00:00:00,12,9.9
2013-11-07 00:00:00,13,9.9
2013-11-07 00:00:00,13,9.9
2013-11-07 00:00:00,14,9.8
2013-11-07 00:00:00,15,9.8
2013-11-07 00:00:00,16,9.6
2013-11-07 00:00:00,17,9.5
2013-11-07 00:00:00,17.5,9.1
2013-11-07 00:00:00,18,8
2013-11-07 00:00:00,18.5,7.7
2013-11-07 00:00:00,19,7.2
2013-11-07 00:00:00,20,7
2013-11-07 00:00:00,20.5,6.7
2013-11-07 00:00:00,22,6.6
2013-11-07 00:00:00,23,6.5
2013-11-07 00:00:00,23.5,6.5
2013-11-07 00:00:00,25,6.4
2013-11-07 00:00:00,25.5,6.4
2013-11-07 00:00:00,27,6.4
2013-12-12 00:00:00,0,5.4
2013-12-12 00:00:00,5,5.4
2013-12-12 00:00:00,10,5.4
2013-12-12 00:00:00,15,5.4
2013-12-12 00:00:00,20,5.4
2013-12-12 00:00:00,25,5.4
2013-12-12 00:00:00,29,5.3
2013-12-12 00:00:00,30,5.3
2014-01-21 00:00:00,0,3.6
2014-01-21 00:00:00,1,3.6
2014-01-21 00:00:00,5,3.7
2014-01-21 00:00:00,10,3.7
2014-01-21 00:00:00,15,3.7
2014-01-21 00:00:00,20,3.8
2014-01-21 00:00:00,25,3.8
2014-01-21 00:00:00,29,3.8
2014-02-20 00:00:00,0,3.1
2014-02-20 00:00:00,1,2.8
2014-02-20 00:00:00,2,2.7
2014-02-20 00:00:00,3,2.7
2014-02-20 00:00:00,4,2.7
2014-02-20 00:00:00,5,2.6
2014-02-20 00:00:00,6,2.6
2014-02-20 00:00:00,10,2.6
2014-02-20 00:00:00,20,2.5
2014-02-20 00:00:00,25,2.5
2014-02-20 00:00:00,28,2.5
2014-03-25 00:00:00,0,5.7
2014-03-25 00:00:00,1,5.7
2014-03-25 00:00:00,2,5.7
2014-03-25 00:00:00,3,5.7
2014-03-25 00:00:00,4,5.7
2014-03-25 00:00:00,5,5.7
2014-03-25 00:00:00,6,5.7
2014-03-25 00:00:00,7,5.4
2014-03-25 00:00:00,8,5.5
2014-03-25 00:00:00,9,5.3
2014-03-25 00:00:00,10,5.3
2014-03-25 00:00:00,10,5.3
2014-03-25 00:00:00,11,5.3
2014-03-25 00:00:00,12,5.3
2014-03-25 00:00:00,13.5,5.3
2014-03-25 00:00:00,16,5.3
2014-03-25 00:00:00,17,5.3
2014-03-25 00:00:00,18,5.3
2014-03-25 00:00:00,19,5.3
2014-03-25 00:00:00,19.5,5.3
2014-03-25 00:00:00,20.5,5.3
2014-03-25 00:00:00,22,5.3
2014-03-25 00:00:00,23,5.3
2014-03-25 00:00:00,24,5.3
2014-03-25 00:00:00,24.5,5.2
2014-03-25 00:00:00,25.5,5.1
2014-03-25 00:00:00,27,5.1
2014-03-25 00:00:00,28,5.1
2014-03-25 00:00:00,29,5.1
2014-04-10 00:00:00,0,7.4
2014-04-10 00:00:00,1,7.2
2014-04-10 00:00:00,1.5,6.8
2014-04-10 00:00:00,2,6.6
2014-04-10 00:00:00,3,6.5
2014-04-10 00:00:00,4,6.5
2014-04-10 00:00:00,5,6.5
2014-04-10 00:00:00,6,6.5
2014-04-10 00:00:00,7,6.4
2014-04-10 00:00:00,8,6.4
2014-04-10 00:00:00,9,6.4
2014-04-10 00:00:00,10,6.4
2014-04-10 00:00:00,11,6.4
2014-04-10 00:00:00,12,6.4
2014-04-10 00:00:00,13,6.3
2014-04-10 00:00:00,14,6.3
2014-04-10 00:00:00,15,6.3
2014-04-10 00:00:00,16,6.3
2014-04-10 00:00:00,17,6.3
2014-04-10 00:00:00,18,6.3
2014-04-10 00:00:00,19,6.2
2014-04-10 00:00:00,20,6.1
2014-04-10 00:00:00,21,6.1
2014-04-10 00:00:00,22,6.1
2014-04-10 00:00:00,23,6.1
2014-04-10 00:00:00,24,6
2014-04-10 00:00:00,25,5.9
2014-04-10 00:00:00,26,5.9
2014-04-10 00:00:00,27,5.9
2014-04-29 00:00:00,0,12.7
2014-04-29 00:00:00,0.75,12.5
2014-04-29 00:00:00,1.5,11.6
2014-04-29 00:00:00,2,11.4
2014-04-29 00:00:00,2.5,10.6
2014-04-29 00:00:00,3,10.3
2014-04-29 00:00:00,3.5,10
2014-04-29 00:00:00,4.5,9.9
2014-04-29 00:00:00,5.5,9.7
2014-04-29 00:00:00,7,9.5
2014-04-29 00:00:00,7.5,9.2
2014-04-29 00:00:00,8.5,8.9
2014-04-29 00:00:00,10,8.4
2014-04-29 00:00:00,11,8
2014-04-29 00:00:00,11.5,7.6
2014-04-29 00:00:00,12.5,7.5
2014-04-29 00:00:00,13.5,7.4
2014-04-29 00:00:00,15,7.3
2014-04-29 00:00:00,16,7.2
2014-04-29 00:00:00,16.5,7.1
2014-04-29 00:00:00,18,7.1
2014-04-29 00:00:00,19,7.1
2014-04-29 00:00:00,20,7
2014-04-29 00:00:00,20.5,7
2014-04-29 00:00:00,21.5,7
2014-04-29 00:00:00,23,7
2014-04-29 00:00:00,23.5,7
2014-04-29 00:00:00,25,6.9
2014-04-29 00:00:00,25.5,6.9
2014-04-29 00:00:00,27,6.9
2014-04-29 00:00:00,28,6.9
2014-05-15 00:00:00,0,12.2
2014-05-15 00:00:00,0.75,12.2
2014-05-15 00:00:00,2,12
2014-05-15 00:00:00,2.5,12
2014-05-15 00:00:00,3.5,12
2014-05-15 00:00:00,4.5,12
2014-05-15 00:00:00,6,11.8
2014-05-15 00:00:00,6.5,11.7
2014-05-15 00:00:00,7.5,11
2014-05-15 00:00:00,8,10.1
2014-05-15 00:00:00,9,9.9
2014-05-15 00:00:00,9,9.4
2014-05-15 00:00:00,9.5,9.2
2014-05-15 00:00:00,10.5,8.5
2014-05-15 00:00:00,11.5,8
2014-05-15 00:00:00,13,7.9
2014-05-15 00:00:00,14,7.6
2014-05-15 00:00:00,14.5,7.4
2014-05-15 00:00:00,16,7.4
2014-05-15 00:00:00,16.5,7.3
2014-05-15 00:00:00,18,7.3
2014-05-15 00:00:00,18.5,7.2
2014-05-15 00:00:00,19.5,7.2
2014-05-15 00:00:00,21,7.1
2014-05-15 00:00:00,21.5,7.1
2014-05-15 00:00:00,22.5,7
2014-05-15 00:00:00,23.5,7
2014-05-15 00:00:00,25,7
2014-05-15 00:00:00,26,7
2014-05-15 00:00:00,27,6.9
2014-05-15 00:00:00,27.5,6.9
2014-05-15 00:00:00,29,6.9
2014-05-26 00:00:00,0,19.5
2014-05-26 00:00:00,1,18.1
2014-05-26 00:00:00,1.5,17.7
2014-05-26 00:00:00,3,17.3
2014-05-26 00:00:00,3.5,16.8
2014-05-26 00:00:00,4,15.6
2014-05-26 00:00:00,4,14.5
2014-05-26 00:00:00,4.5,13.1
2014-05-26 00:00:00,5,12.7
2014-05-26 00:00:00,5.5,12.3
2014-05-26 00:00:00,6.5,11.7
2014-05-26 00:00:00,7.5,10.9
2014-05-26 00:00:00,8.5,10.4
2014-05-26 00:00:00,9.5,9.6
2014-05-26 00:00:00,11,8.5
2014-05-26 00:00:00,12,8
2014-05-26 00:00:00,12.5,7.8
2014-05-26 00:00:00,14,7.5
2014-05-26 00:00:00,15,7.4
2014-05-26 00:00:00,16,7.3
2014-05-26 00:00:00,16.5,7.3
2014-05-26 00:00:00,17.5,7.2
2014-05-26 00:00:00,19,7.2
2014-05-26 00:00:00,20,7.1
2014-05-26 00:00:00,20.5,7.1
2014-05-26 00:00:00,22,7
2014-05-26 00:00:00,23,7
2014-05-26 00:00:00,24,7
2014-05-26 00:00:00,24.5,7
2014-05-26 00:00:00,26,7
2014-05-26 00:00:00,27,6.9
2014-05-26 00:00:00,28,6.9
2014-06-12 00:00:00,0,20
2014-06-12 00:00:00,0.75,20
2014-06-12 00:00:00,2,20
2014-06-12 00:00:00,2.5,19.8
2014-06-12 00:00:00,3.5,19.7
2014-06-12 00:00:00,4,19.1
2014-06-12 00:00:00,4,18.2
2014-06-12 00:00:00,4.5,17.6
2014-06-12 00:00:00,5,17.1
2014-06-12 00:00:00,6,16.4
2014-06-12 00:00:00,6.5,14.5
2014-06-12 00:00:00,6.5,13.5
2014-06-12 00:00:00,7.5,12.9
2014-06-12 00:00:00,7.5,11.3
2014-06-12 00:00:00,8.5,10.6
2014-06-12 00:00:00,8.5,10.2
2014-06-12 00:00:00,9.5,9.6
2014-06-12 00:00:00,10,8.8
2014-06-12 00:00:00,10,9.2
2014-06-12 00:00:00,10.5,8.6
2014-06-12 00:00:00,12,8
2014-06-12 00:00:00,13,7.8
2014-06-12 00:00:00,13.5,7.4
2014-06-12 00:00:00,14.5,7.3
2014-06-12 00:00:00,15.5,7.2
2014-06-12 00:00:00,16.5,7.2
2014-06-12 00:00:00,17.5,7.2
2014-06-12 00:00:00,17.5,7.1
2014-06-12 00:00:00,19,7.1
2014-06-12 00:00:00,19.5,7.1
2014-06-12 00:00:00,20.5,7
2014-06-12 00:00:00,21.5,7
2014-06-12 00:00:00,23,7
2014-06-12 00:00:00,24,7
2014-06-12 00:00:00,24.5,7
2014-06-12 00:00:00,25.5,7
2014-06-12 00:00:00,26.5,6.9
2014-06-12 00:00:00,27.5,6.9
2014-06-12 00:00:00,29,6.9
2014-06-12 00:00:00,30,6.9
2014-06-27 00:00:00,0,18.9
2014-06-27 00:00:00,1,18.8
2014-06-27 00:00:00,2,18.3
2014-06-27 00:00:00,3,18
2014-06-27 00:00:00,4,17.4
2014-06-27 00:00:00,5,17.4
2014-06-27 00:00:00,6,17.2
2014-06-27 00:00:00,6.5,16.8
2014-06-27 00:00:00,7,16.5
2014-06-27 00:00:00,7.5,15.8
2014-06-27 00:00:00,8,15.3
2014-06-27 00:00:00,8.5,11.7
2014-06-27 00:00:00,9,10.6
2014-06-27 00:00:00,10,9.3
2014-06-27 00:00:00,11,8.8
2014-06-27 00:00:00,12,8.4
2014-06-27 00:00:00,13,8.1
2014-06-27 00:00:00,14,7.9
2014-06-27 00:00:00,15,7.7
2014-06-27 00:00:00,16,7.5
2014-06-27 00:00:00,17,7.4
2014-06-27 00:00:00,18,7.3
2014-06-27 00:00:00,19,7.2
2014-06-27 00:00:00,20,7.2
2014-06-27 00:00:00,21,7.1
2014-06-27 00:00:00,22,7
2014-06-27 00:00:00,23,7
2014-06-27 00:00:00,24,7
2014-06-27 00:00:00,25,7
2014-06-27 00:00:00,26,7
2014-06-27 00:00:00,27,7
2014-06-27 00:00:00,28,7
2014-06-27 00:00:00,29,7
2014-07-09 00:00:00,0,20.1
2014-07-09 00:00:00,1,20.1
2014-07-09 00:00:00,1.5,20
2014-07-09 00:00:00,3,19.8
2014-07-09 00:00:00,3.5,19.8
2014-07-09 00:00:00,4,18.6
2014-07-09 00:00:00,4.5,18.4
2014-07-09 00:00:00,5,18
2014-07-09 00:00:00,5.5,17.9
2014-07-09 00:00:00,6,17.7
2014-07-09 00:00:00,7,17.2
2014-07-09 00:00:00,7.5,15.4
2014-07-09 00:00:00,8,14.4
2014-07-09 00:00:00,8.5,13
2014-07-09 00:00:00,9,11.2
2014-07-09 00:00:00,9.5,9.9
2014-07-09 00:00:00,10,9.5
2014-07-09 00:00:00,10.5,9.2
2014-07-09 00:00:00,11,8.8
2014-07-09 00:00:00,11.5,8.4
2014-07-09 00:00:00,13,7.9
2014-07-09 00:00:00,14,7.6
2014-07-09 00:00:00,14.5,7.5
2014-07-09 00:00:00,16,7.4
2014-07-09 00:00:00,17,7.3
2014-07-09 00:00:00,17.5,7.3
2014-07-09 00:00:00,19,7.2
2014-07-09 00:00:00,20,7.1
2014-07-09 00:00:00,21,7.1
2014-07-09 00:00:00,22,7.1
2014-07-09 00:00:00,23,7
2014-07-09 00:00:00,24,7
2014-07-09 00:00:00,25,7
2014-07-09 00:00:00,26,7
2014-07-09 00:00:00,26.5,6.9
2014-07-23 00:00:00,0,23
2014-07-23 00:00:00,1,23
2014-07-23 00:00:00,2,23
2014-07-23 00:00:00,3,22.9
2014-07-23 00:00:00,4,21.8
2014-07-23 00:00:00,5.5,19.3
2014-07-23 00:00:00,6,18.8
2014-07-23 00:00:00,7.5,16.4
2014-07-23 00:00:00,8,15.4
2014-07-23 00:00:00,8.5,14.2
2014-07-23 00:00:00,9.5,12.1
2014-07-23 00:00:00,11,9.4
2014-07-23 00:00:00,12,8.5
2014-07-23 00:00:00,13,8.1
2014-07-23 00:00:00,14,7.8
2014-07-23 00:00:00,15,7.7
2014-07-23 00:00:00,16,7.5
2014-07-23 00:00:00,17,7.4
2014-07-23 00:00:00,18,7.4
2014-07-23 00:00:00,19,7.3
2014-07-23 00:00:00,20,7.2
2014-07-23 00:00:00,21,7.1
2014-07-23 00:00:00,22,7.1
2014-07-23 00:00:00,23,7.1
2014-07-23 00:00:00,25,7.1
2014-07-23 00:00:00,25.5,7.1
2014-07-23 00:00:00,28,7
2014-07-23 00:00:00,28.5,7
2014-08-13 00:00:00,0,20.2
2014-08-13 00:00:00,1,20.2
2014-08-13 00:00:00,2,20.2
2014-08-13 00:00:00,3,20.2
2014-08-13 00:00:00,3.5,20.2
2014-08-13 00:00:00,5,20.1
2014-08-13 00:00:00,6,20
2014-08-13 00:00:00,7,20
2014-08-13 00:00:00,7.5,19.6
2014-08-13 00:00:00,8,16
2014-08-13 00:00:00,8.5,14.3
2014-08-13 00:00:00,9,13.2
2014-08-13 00:00:00,9.5,11.8
2014-08-13 00:00:00,10,10.7
2014-08-13 00:00:00,10.5,10
2014-08-13 00:00:00,11,9.3
2014-08-13 00:00:00,12,8.8
2014-08-13 00:00:00,13,8.6
2014-08-13 00:00:00,14,8.1
2014-08-13 00:00:00,15,7.8
2014-08-13 00:00:00,15.5,7.7
2014-08-13 00:00:00,17,7.5
2014-08-13 00:00:00,17.5,7.4
2014-08-13 00:00:00,19,7.3
2014-08-13 00:00:00,20,7.3
2014-08-13 00:00:00,21,7.2
2014-08-13 00:00:00,22,7.1
2014-08-13 00:00:00,23,7.1
2014-08-13 00:00:00,24,7.1
2014-08-13 00:00:00,25,7
2014-08-13 00:00:00,25.5,7
2014-08-26 00:00:00,0,17
2014-08-26 00:00:00,1,16.8
2014-08-26 00:00:00,2,16.4
2014-08-26 00:00:00,3,16.4
2014-08-26 00:00:00,4,16.4
2014-08-26 00:00:00,5,16.3
2014-08-26 00:00:00,6,16.3
2014-08-26 00:00:00,7,16.3
2014-08-26 00:00:00,8,16.3
2014-08-26 00:00:00,9,16.1
2014-08-26 00:00:00,10,15.7
2014-08-26 00:00:00,10.5,13.8
2014-08-26 00:00:00,11,10.5
2014-08-26 00:00:00,11.5,9.9
2014-08-26 00:00:00,12,9.1
2014-08-26 00:00:00,12.5,8.8
2014-08-26 00:00:00,13,8.5
2014-08-26 00:00:00,14,7.9
2014-08-26 00:00:00,15,7.6
2014-08-26 00:00:00,16,7.5
2014-08-26 00:00:00,17,7.4
2014-08-26 00:00:00,18,7.4
2014-08-26 00:00:00,19,7.3
2014-08-26 00:00:00,20,7.2
2014-08-26 00:00:00,21,7.2
2014-08-26 00:00:00,22,7.1
2014-08-26 00:00:00,23,7.1
2014-08-26 00:00:00,24,7.1
2014-08-26 00:00:00,25,7
2014-08-26 00:00:00,26,7
2014-08-26 00:00:00,27,7
2014-08-26 00:00:00,28,7
2014-08-26 00:00:00,29,7
2014-08-26 00:00:00,29.5,6.9
2014-09-10 00:00:00,0,16.9
2014-09-10 00:00:00,1,16.9
2014-09-10 00:00:00,2,16.9
2014-09-10 00:00:00,2.5,16.9
2014-09-10 00:00:00,3.5,16.9
2014-09-10 00:00:00,4.5,16.9
2014-09-10 00:00:00,6,16.9
2014-09-10 00:00:00,7,16.9
2014-09-10 00:00:00,8,16.4
2014-09-10 00:00:00,8.5,16.2
2014-09-10 00:00:00,9,15.9
2014-09-10 00:00:00,9,15.1
2014-09-10 00:00:00,10,14.6
2014-09-10 00:00:00,10,13.7
2014-09-10 00:00:00,11,11.8
2014-09-10 00:00:00,11.5,10.3
2014-09-10 00:00:00,12,9.3
2014-09-10 00:00:00,12,8.9
2014-09-10 00:00:00,13,8.1
2014-09-10 00:00:00,13,8.4
2014-09-10 00:00:00,13.5,7.8
2014-09-10 00:00:00,15,7.6
2014-09-10 00:00:00,15.5,7.6
2014-09-10 00:00:00,17,7.5
2014-09-10 00:00:00,18,7.4
2014-09-10 00:00:00,19,7.4
2014-09-10 00:00:00,20,7.3
2014-09-10 00:00:00,21,7.2
2014-09-10 00:00:00,21.5,7.2
2014-09-10 00:00:00,23,7.1
2014-09-10 00:00:00,24,7.1
2014-09-10 00:00:00,25,7
2014-09-10 00:00:00,25.5,7
2014-09-10 00:00:00,27,7
2014-09-10 00:00:00,28,7
2014-09-10 00:00:00,29,7
2014-09-10 00:00:00,29.5,7
2014-09-23 00:00:00,0,16.1
2014-09-23 00:00:00,0.75,16.1
2014-09-23 00:00:00,1.5,16
2014-09-23 00:00:00,3,15.9
2014-09-23 00:00:00,3.5,15.9
2014-09-23 00:00:00,5,15.9
2014-09-23 00:00:00,6,15.9
2014-09-23 00:00:00,7,15.9
2014-09-23 00:00:00,7.5,15.9
2014-09-23 00:00:00,9,15.8
2014-09-23 00:00:00,9.5,15.8
2014-09-23 00:00:00,10,15.4
2014-09-23 00:00:00,10,14
2014-09-23 00:00:00,10.5,12.6
2014-09-23 00:00:00,11.5,9.8
2014-09-23 00:00:00,11.5,10.8
2014-09-23 00:00:00,12,9.2
2014-09-23 00:00:00,13,8.5
2014-09-23 00:00:00,13,8.7
2014-09-23 00:00:00,13.5,8.3
2014-09-23 00:00:00,15,7.8
2014-09-23 00:00:00,15.5,7.6
2014-09-23 00:00:00,17,7.5
2014-09-23 00:00:00,18,7.4
2014-09-23 00:00:00,18.5,7.3
2014-09-23 00:00:00,20,7.2
2014-09-23 00:00:00,21,7.2
2014-09-23 00:00:00,21.5,7.2
2014-09-23 00:00:00,22.5,7.1
2014-09-23 00:00:00,24,7
2014-09-23 00:00:00,25,7
2014-09-23 00:00:00,26,7
2014-09-23 00:00:00,27,7
2014-09-23 00:00:00,28,7
2014-09-23 00:00:00,29,7
2014-10-13 00:00:00,0,13.6
2014-10-13 00:00:00,1,13.6
2014-10-13 00:00:00,2,13.6
2014-10-13 00:00:00,3,13.6
2014-10-13 00:00:00,4,13.6
2014-10-13 00:00:00,4.5,13.6
2014-10-13 00:00:00,6,13.6
2014-10-13 00:00:00,7,13.6
2014-10-13 00:00:00,8,13.6
2014-10-13 00:00:00,9,13.6
2014-10-13 00:00:00,10,13.6
2014-10-13 00:00:00,11,13.5
2014-10-13 00:00:00,11.5,13.1
2014-10-13 00:00:00,12,12.2
2014-10-13 00:00:00,12,11.8
2014-10-13 00:00:00,12.5,11.2
2014-10-13 00:00:00,13.5,9
2014-10-13 00:00:00,15,8
2014-10-13 00:00:00,15.5,7.7
2014-10-13 00:00:00,17,7.5
2014-10-13 00:00:00,18,7.4
2014-10-13 00:00:00,18.5,7.3
2014-10-13 00:00:00,21,7.2
2014-10-13 00:00:00,22,7.1
2014-10-13 00:00:00,24,7
2014-10-13 00:00:00,25,7
2014-10-13 00:00:00,26,7
2014-10-13 00:00:00,27,7
2014-10-13 00:00:00,28,7
2014-10-13 00:00:00,29.5,6.9
2014-11-18 00:00:00,0,9.9
2014-11-18 00:00:00,1,9.9
2014-11-18 00:00:00,2,9.9
2014-11-18 00:00:00,3,9.9
2014-11-18 00:00:00,4,9.9
2014-11-18 00:00:00,5,9.9
2014-11-18 00:00:00,6,9.9
2014-11-18 00:00:00,7,9.9
2014-11-18 00:00:00,8,9.9
2014-11-18 00:00:00,9,9.9
2014-11-18 00:00:00,10,9.9
2014-11-18 00:00:00,18,9.9
2014-11-18 00:00:00,18.5,9.8
2014-11-18 00:00:00,19,9.3
2014-11-18 00:00:00,19.5,8.5
2014-11-18 00:00:00,20,7.9
2014-11-18 00:00:00,20.5,7.7
2014-11-18 00:00:00,21,7.4
2014-11-18 00:00:00,22,7.2
2014-11-18 00:00:00,23,7.1
2014-11-18 00:00:00,24,7.1
2014-11-18 00:00:00,25,7
2014-11-18 00:00:00,26,7
2014-11-18 00:00:00,27,7
2014-11-18 00:00:00,28,6.9
2014-11-18 00:00:00,29,6.9
2014-11-18 00:00:00,30,6.9
2014-12-09 00:00:00,0,6.7
2014-12-09 00:00:00,1,6.7
2014-12-09 00:00:00,2,6.7
2014-12-09 00:00:00,3,6.7
2014-12-09 00:00:00,4,6.7
2014-12-09 00:00:00,5,6.7
2014-12-09 00:00:00,6,6.7
2014-12-09 00:00:00,7,6.7
2014-12-09 00:00:00,8,6.7
2014-12-09 00:00:00,9,6.7
2014-12-09 00:00:00,10,6.7
2016-02-25 00:00:00,0,3
2016-02-25 00:00:00,1,3
2016-02-25 00:00:00,1.5,3
2016-02-25 00:00:00,4,3
2016-02-25 00:00:00,4.5,3
2016-02-25 00:00:00,5.5,3
2016-02-25 00:00:00,7,3
2016-02-25 00:00:00,8,3
2016-02-25 00:00:00,9,3
2016-02-25 00:00:00,10,3
2016-02-25 00:00:00,10.5,3
2016-02-25 00:00:00,12,3
2016-02-25 00:00:00,13,3
2016-02-25 00:00:00,14,3
2016-02-25 00:00:00,15,3
2016-02-25 00:00:00,16,3
2016-02-25 00:00:00,17,3
2016-02-25 00:00:00,18,3
2016-02-25 00:00:00,19,3.1
2016-02-25 00:00:00,20,3.1
2016-02-25 00:00:00,20.5,3.1
2016-02-25 00:00:00,21.5,3.1
2016-02-25 00:00:00,23,3.1
2016-02-25 00:00:00,24,3.1
2016-02-25 00:00:00,25,3.1
2016-02-25 00:00:00,26,3.1
2016-02-25 00:00:00,27,3.1
2016-02-25 00:00:00,28,3.1
2016-02-25 00:00:00,28.5,3.1
2016-02-25 00:00:00,30,3.1
2016-03-18 00:00:00,0,3.7
2016-03-18 00:00:00,5,3.6
2016-03-18 00:00:00,10,3.5
2016-04-01 00:00:00,0,5.4
2016-04-01 00:00:00,1,5.4
2016-04-01 00:00:00,2,5.3
2016-04-01 00:00:00,3,5.2
2016-04-01 00:00:00,4,5.1
2016-04-01 00:00:00,5,5
2016-04-01 00:00:00,6,4.8
2016-04-01 00:00:00,7,4.8
2016-04-01 00:00:00,8,4.8
2016-04-01 00:00:00,9,4.8
2016-04-01 00:00:00,10,4.8
2016-04-01 00:00:00,11,4.8
2016-04-01 00:00:00,12,4.8
2016-04-01 00:00:00,13,4.8
2016-04-01 00:00:00,14,4.8
2016-04-01 00:00:00,15,4.8
2016-04-01 00:00:00,16,4.8
2016-04-01 00:00:00,17,4.8
2016-04-01 00:00:00,18,4.7
2016-04-01 00:00:00,19,4.7
2016-04-01 00:00:00,20,4.7
2016-04-01 00:00:00,21,4.7
2016-04-08 00:00:00,0,5.9
2016-04-08 00:00:00,1,5.8
2016-04-08 00:00:00,2,5.8
2016-04-08 00:00:00,3,5.8
2016-04-08 00:00:00,4,5.8
2016-04-08 00:00:00,5,5.8
2016-04-08 00:00:00,6,5.7
2016-04-08 00:00:00,6.5,5.7
2016-04-08 00:00:00,7.5,5.7
2016-04-08 00:00:00,8.5,5.7
2016-04-08 00:00:00,9.5,5.7
2016-04-08 00:00:00,10.5,5.7
2016-04-08 00:00:00,12,5.7
2016-04-08 00:00:00,13,5.7
2016-04-08 00:00:00,14,5.7
2016-04-08 00:00:00,15,5.7
2016-04-08 00:00:00,16,5.7
2016-04-08 00:00:00,16.5,5.7
2016-04-08 00:00:00,18,5.7
2016-04-08 00:00:00,18.5,5.7
2016-04-08 00:00:00,19.5,5.7
2016-04-08 00:00:00,21,5.7
2016-04-08 00:00:00,22,5.7
2016-04-08 00:00:00,23,5.7
2016-04-08 00:00:00,24,5.7
2016-04-08 00:00:00,24.5,5.6
2016-04-08 00:00:00,26,5.6
2016-04-08 00:00:00,27,5.4
2016-04-08 00:00:00,27.5,5.2
2016-04-08 00:00:00,28.5,5.1
2016-04-08 00:00:00,29.5,5.1
2016-04-21 00:00:00,0,6.8
2016-04-21 00:00:00,1,6.8
2016-04-21 00:00:00,1.5,6.8
2016-04-21 00:00:00,3,6.8
2016-04-21 00:00:00,4,6.8
2016-04-21 00:00:00,4,6.8
2016-04-21 00:00:00,5,6.8
2016-04-21 00:00:00,5.5,6.8
2016-04-21 00:00:00,7,6.8
2016-04-21 00:00:00,8,6.8
2016-04-21 00:00:00,9,6.8
2016-04-21 00:00:00,10,6.8
2016-04-21 00:00:00,11,6.8
2016-04-21 00:00:00,12,6.8
2016-04-21 00:00:00,13,6.8
2016-04-21 00:00:00,14,6.8
2016-04-21 00:00:00,14.5,6.8
2016-04-21 00:00:00,15.5,6.7
2016-04-21 00:00:00,17,6.7
2016-04-21 00:00:00,17.5,6.6
2016-04-21 00:00:00,18.5,6.6
2016-04-21 00:00:00,19.5,6.5
2016-04-21 00:00:00,20.5,6.5
2016-04-21 00:00:00,21.5,6.5
2016-04-21 00:00:00,22.5,6.5
2016-04-21 00:00:00,23.5,6.5
2016-04-21 00:00:00,25,6.5
2016-04-21 00:00:00,25.5,6.4
2016-04-21 00:00:00,27,6.4
2016-04-21 00:00:00,28,6.3
2016-04-21 00:00:00,28.5,6.3
2016-05-11 00:00:00,0,14.6
2016-05-11 00:00:00,0.25,14.5
2016-05-11 00:00:00,1,14.3
2016-05-11 00:00:00,1.5,13.9
2016-05-11 00:00:00,1.5,13.4
2016-05-11 00:00:00,2.5,13.1
2016-05-11 00:00:00,3,12.4
2016-05-11 00:00:00,3.5,11.9
2016-05-11 00:00:00,4,11.3
2016-05-11 00:00:00,5,10.4
2016-05-11 00:00:00,5.5,9.6
2016-05-11 00:00:00,6,9.2
2016-05-11 00:00:00,6.5,9
2016-05-11 00:00:00,6.5,8.6
2016-05-11 00:00:00,8,8.5
2016-05-11 00:00:00,8.5,7.8
2016-05-11 00:00:00,8.5,7.6
2016-05-11 00:00:00,9.5,7.3
2016-05-11 00:00:00,11,7.1
2016-05-11 00:00:00,12,7
2016-05-11 00:00:00,13,6.9
2016-05-11 00:00:00,14,6.9
2016-05-11 00:00:00,15,6.8
2016-05-11 00:00:00,16,6.7
2016-05-11 00:00:00,16.5,6.7
2016-05-11 00:00:00,18,6.7
2016-05-11 00:00:00,19,6.7
2016-05-11 00:00:00,19.5,6.7
2016-05-11 00:00:00,21,6.7
2016-05-11 00:00:00,21.5,6.6
2016-05-11 00:00:00,23,6.6
2016-05-11 00:00:00,24,6.6
2016-05-11 00:00:00,24.5,6.6
2016-05-11 00:00:00,25.5,6.6
2016-05-11 00:00:00,26.5,6.6
2016-05-11 00:00:00,28,6.6
2016-05-11 00:00:00,28.5,6.6
2016-05-26 00:00:00,0,15.1
2016-05-26 00:00:00,1,15
2016-05-26 00:00:00,2,14.8
2016-05-26 00:00:00,3,14.8
2016-05-26 00:00:00,4,14.7
2016-05-26 00:00:00,4.5,14.6
2016-05-26 00:00:00,5,13.3
2016-05-26 00:00:00,6,11.9
2016-05-26 00:00:00,7,10.1
2016-05-26 00:00:00,8,8.7
2016-05-26 00:00:00,8.5,8.3
2016-05-26 00:00:00,9,8
2016-05-26 00:00:00,9.5,7.7
2016-05-26 00:00:00,10,7.6
2016-05-26 00:00:00,10.5,7.4
2016-05-26 00:00:00,11,7.2
2016-05-26 00:00:00,12,7
2016-05-26 00:00:00,12.5,7
2016-05-26 00:00:00,13,6.9
2016-05-26 00:00:00,14,6.9
2016-05-26 00:00:00,15,6.8
2016-05-26 00:00:00,16,6.8
2016-05-26 00:00:00,17,6.8
2016-05-26 00:00:00,18,6.8
2016-05-26 00:00:00,19,6.7
2016-05-26 00:00:00,20,6.7
2016-05-26 00:00:00,21,6.7
2016-05-26 00:00:00,22,6.7
2016-05-26 00:00:00,23,6.6
2016-05-26 00:00:00,24,6.6
2016-05-26 00:00:00,25,6.6
2016-05-26 00:00:00,26,6.6
2016-05-26 00:00:00,27,6.6
2016-05-26 00:00:00,28,6.6
2016-05-26 00:00:00,29,6.5
2016-05-26 00:00:00,30,6.5
2016-05-26 00:00:00,31,6.5
2016-06-08 00:00:00,0,21.7
2016-06-08 00:00:00,1,21.7
2016-06-08 00:00:00,2,21.7
2016-06-08 00:00:00,3,21.5
2016-06-08 00:00:00,3.5,18.6
2016-06-08 00:00:00,4,17.6
2016-06-08 00:00:00,4.5,16.4
2016-06-08 00:00:00,5,15.6
2016-06-08 00:00:00,5.5,14.3
2016-06-08 00:00:00,6,12.5
2016-06-08 00:00:00,6.5,10.6
2016-06-08 00:00:00,7,9.7
2016-06-08 00:00:00,7.5,9.3
2016-06-08 00:00:00,8,8.8
2016-06-08 00:00:00,8.5,8.3
2016-06-08 00:00:00,9,7.95
2016-06-08 00:00:00,10,7.5
2016-06-08 00:00:00,11,7.3
2016-06-08 00:00:00,12,7.1
2016-06-08 00:00:00,13,6.9
2016-06-08 00:00:00,14,6.8
2016-06-08 00:00:00,15,6.8
2016-06-08 00:00:00,16,6.8
2016-06-08 00:00:00,17,6.7
2016-06-08 00:00:00,18,6.7
2016-06-08 00:00:00,19,6.7
2016-06-08 00:00:00,20,6.6
2016-06-08 00:00:00,21,6.6
2016-06-08 00:00:00,22,6.6
2016-06-08 00:00:00,23,6.6
2016-06-08 00:00:00,24,6.6
2016-06-08 00:00:00,25,6.5
2016-06-08 00:00:00,26,6.5
2016-06-08 00:00:00,27,6.5
2016-06-08 00:00:00,28,6.5
2016-06-08 00:00:00,29,6.5
2016-06-08 00:00:00,30,6.5
2016-06-22 00:00:00,0,17.8
2016-06-22 00:00:00,0.75,17.8
2016-06-22 00:00:00,1.5,17.7
2016-06-22 00:00:00,2.5,17.7
2016-06-22 00:00:00,3.5,17.7
2016-06-22 00:00:00,5,17.7
2016-06-22 00:00:00,5,17.4
2016-06-22 00:00:00,5.5,16.6
2016-06-22 00:00:00,6.5,13.8
2016-06-22 00:00:00,6.5,15.2
2016-06-22 00:00:00,7.5,11.7
2016-06-22 00:00:00,7.5,10.5
2016-06-22 00:00:00,8.5,9.5
2016-06-22 00:00:00,8.5,8.6
2016-06-22 00:00:00,9.5,8.1
2016-06-22 00:00:00,10,7.6
2016-06-22 00:00:00,10,7.8
2016-06-22 00:00:00,10.5,7.3
2016-06-22 00:00:00,11.5,7.1
2016-06-22 00:00:00,13,7
2016-06-22 00:00:00,14,6.9
2016-06-22 00:00:00,14.5,6.8
2016-06-22 00:00:00,15.5,6.8
2016-06-22 00:00:00,16.5,6.7
2016-06-22 00:00:00,18,6.7
2016-06-22 00:00:00,18.5,6.7
2016-06-22 00:00:00,20,6.7
2016-06-22 00:00:00,20.5,6.7
2016-06-22 00:00:00,21.5,6.6
2016-06-22 00:00:00,23,6.6
2016-06-22 00:00:00,23.5,6.6
2016-06-22 00:00:00,25,6.6
2016-06-22 00:00:00,26,6.6
2016-06-22 00:00:00,27,6.6
2016-06-22 00:00:00,27.5,6.5
2016-06-22 00:00:00,28.5,6.5
2016-06-22 00:00:00,29.5,6.5
2016-07-13 00:00:00,0,17.4
2016-07-13 00:00:00,1,17.4
2016-07-13 00:00:00,3,17.4
2016-07-13 00:00:00,5,17.4
2016-07-13 00:00:00,7,17.6
2016-07-13 00:00:00,8,15.6
2016-07-13 00:00:00,9,11.4
2016-07-13 00:00:00,10,9.4
2016-07-13 00:00:00,11,8.2
2016-07-13 00:00:00,12,7.5
2016-07-13 00:00:00,14,7.1
2016-07-13 00:00:00,16,6.9
2016-07-13 00:00:00,18,6.7
2016-07-13 00:00:00,20,6.6
2016-07-13 00:00:00,22,6.6
2016-07-13 00:00:00,24,6.5
2016-07-13 00:00:00,26,6.5
2016-07-13 00:00:00,28,6.5
2016-07-13 00:00:00,30,6.5
2016-07-27 00:00:00,0,21.1
2016-07-27 00:00:00,2,21.1
2016-07-27 00:00:00,3,10.4
2016-07-27 00:00:00,4,18.1
2016-07-27 00:00:00,5,17.6
2016-07-27 00:00:00,6,17.2
2016-07-27 00:00:00,8,16
2016-07-27 00:00:00,9,15
2016-07-27 00:00:00,9.5,10.3
2016-07-27 00:00:00,10,9.1
2016-07-27 00:00:00,10.5,8.2
2016-07-27 00:00:00,11,7.9
2016-07-27 00:00:00,12,7.4
2016-07-27 00:00:00,14,7.1
2016-07-27 00:00:00,16,7
2016-07-27 00:00:00,18,6.8
2016-07-27 00:00:00,20,6.7
2016-07-27 00:00:00,22,6.7
2016-07-27 00:00:00,23,6.6
2016-07-27 00:00:00,25,6.6
2016-07-27 00:00:00,27,6.6
2016-07-27 00:00:00,29,6.5
2016-08-10 00:00:00,0,17
2016-08-10 00:00:00,0.75,17
2016-08-10 00:00:00,1.5,17
2016-08-10 00:00:00,3,17
2016-08-10 00:00:00,3,17
2016-08-10 00:00:00,4,17
2016-08-10 00:00:00,5,17
2016-08-10 00:00:00,6,17
2016-08-10 00:00:00,7,17
2016-08-10 00:00:00,7.5,17
2016-08-10 00:00:00,8,17
2016-08-10 00:00:00,9,14.8
2016-08-10 00:00:00,9,10.1
2016-08-10 00:00:00,10,8.8
2016-08-10 00:00:00,10,8.8
2016-08-10 00:00:00,10,8.4
2016-08-10 00:00:00,10.5,7.9
2016-08-10 00:00:00,11,7.6
2016-08-10 00:00:00,11,7.8
2016-08-10 00:00:00,12,7.3
2016-08-10 00:00:00,13,7.1
2016-08-10 00:00:00,14,7
2016-08-10 00:00:00,15,6.9
2016-08-10 00:00:00,16,6.8
2016-08-10 00:00:00,17,6.8
2016-08-10 00:00:00,18,6.7
2016-08-10 00:00:00,18.5,6.7
2016-08-10 00:00:00,20,6.7
2016-08-10 00:00:00,21,6.6
2016-08-10 00:00:00,21.5,6.6
2016-08-10 00:00:00,23,6.6
2016-08-10 00:00:00,24,6.5
2016-08-10 00:00:00,25,6.5
2016-08-10 00:00:00,25.5,6.5
2016-08-10 00:00:00,26.5,6.5
2016-08-10 00:00:00,27.5,6.5
2016-08-10 00:00:00,29,6.5
2016-08-10 00:00:00,29.5,6.5
2016-08-30 00:00:00,0.25,18.4
2016-08-30 00:00:00,1,18.4
2016-08-30 00:00:00,2,18.4
2016-08-30 00:00:00,3,18.4
2016-08-30 00:00:00,4,18.3
2016-08-30 00:00:00,5,18.3
2016-08-30 00:00:00,6,18.2
2016-08-30 00:00:00,6.5,18.1
2016-08-30 00:00:00,7,16.8
2016-08-30 00:00:00,7.5,16.5
2016-08-30 00:00:00,8,16
2016-08-30 00:00:00,8.5,15.1
2016-08-30 00:00:00,9,14.3
2016-08-30 00:00:00,9.5,11.9
2016-08-30 00:00:00,10,10.6
2016-08-30 00:00:00,10.5,9.1
2016-08-30 00:00:00,10.5,8.5
2016-08-30 00:00:00,11.5,7.6
2016-08-30 00:00:00,11.5,8
2016-08-30 00:00:00,13,7.2
2016-08-30 00:00:00,14,7
2016-08-30 00:00:00,15,6.9
2016-08-30 00:00:00,16,6.8
2016-08-30 00:00:00,17,6.8
2016-08-30 00:00:00,17.5,6.8
2016-08-30 00:00:00,19,6.7
2016-08-30 00:00:00,20,6.7
2016-08-30 00:00:00,21,6.7
2016-08-30 00:00:00,22,6.7
2016-08-30 00:00:00,23,6.6
2016-08-30 00:00:00,24,6.6
2016-08-30 00:00:00,25,6.5
2016-08-30 00:00:00,26,6.5
2016-08-30 00:00:00,28,6.5
2016-08-30 00:00:00,29,6.5
2016-09-08 00:00:00,0,18.3
2016-09-08 00:00:00,1,18.2
2016-09-08 00:00:00,2,18.2
2016-09-08 00:00:00,3,18.1
2016-09-08 00:00:00,4,18.1
2016-09-08 00:00:00,5,17.9
2016-09-08 00:00:00,6,17.7
2016-09-08 00:00:00,7,17.3
2016-09-08 00:00:00,8,16.6
2016-09-08 00:00:00,8.5,15.2
2016-09-08 00:00:00,9,14.3
2016-09-08 00:00:00,9.5,13.1
2016-09-08 00:00:00,10,11.3
2016-09-08 00:00:00,10.5,10.5
2016-09-08 00:00:00,11,9.3
2016-09-08 00:00:00,11.5,8.8
2016-09-08 00:00:00,12,8.1
2016-09-08 00:00:00,12.5,7.9
2016-09-08 00:00:00,13,7.4
2016-09-08 00:00:00,14,7.1
2016-09-08 00:00:00,14.5,7
2016-09-08 00:00:00,15,7
2016-09-08 00:00:00,16,6.8
2016-09-08 00:00:00,17,6.8
2016-09-08 00:00:00,18,6.7
2016-09-08 00:00:00,19,6.7
2016-09-08 00:00:00,20,6.7
2016-09-08 00:00:00,21,6.7
2016-09-08 00:00:00,22,6.6
2016-09-08 00:00:00,25,6.5
2016-09-08 00:00:00,28,6.5
2016-09-22 00:00:00,0,18.1
2016-09-22 00:00:00,1,18
2016-09-22 00:00:00,2,18
2016-09-22 00:00:00,3,18
2016-09-22 00:00:00,4,18
2016-09-22 00:00:00,5,18
2016-09-22 00:00:00,6,18
2016-09-22 00:00:00,7,18
2016-09-22 00:00:00,7.5,17.5
2016-09-22 00:00:00,8,17
2016-09-22 00:00:00,8.5,15.2
2016-09-22 00:00:00,9,13.6
2016-09-22 00:00:00,9.5,12.9
2016-09-22 00:00:00,10,11.7
2016-09-22 00:00:00,10.5,11.3
2016-09-22 00:00:00,11,10
2016-09-22 00:00:00,11.5,9.2
2016-09-22 00:00:00,12,8.6
2016-09-22 00:00:00,12.5,8
2016-09-22 00:00:00,13,7.6
2016-09-22 00:00:00,13.5,7.4
2016-09-22 00:00:00,14,7.2
2016-09-22 00:00:00,15,7
2016-09-22 00:00:00,16,6.9
2016-09-22 00:00:00,17,6.8
2016-09-22 00:00:00,18,6.8
2016-09-22 00:00:00,19,6.8
2016-09-22 00:00:00,20,6.7
2016-09-22 00:00:00,21,6.1
2016-09-22 00:00:00,22,6.6
2016-09-22 00:00:00,23,6.6
2016-09-22 00:00:00,24,6.6
2016-09-22 00:00:00,25,6.6
2016-09-22 00:00:00,26,6.5
2016-09-22 00:00:00,27,6.5
2016-09-22 00:00:00,28,6.5
2016-10-06 00:00:00,0,14.5
2016-10-06 00:00:00,1,14.5
2016-10-06 00:00:00,2,14.5
2016-10-06 00:00:00,3,14.5
2016-10-06 00:00:00,4,14.5
2016-10-06 00:00:00,5,14.5
2016-10-06 00:00:00,6,14.5
2016-10-06 00:00:00,7,14.5
2016-10-06 00:00:00,8,14.5
2016-10-06 00:00:00,9,14.5
2016-10-06 00:00:00,10,14.4
2016-10-06 00:00:00,10.5,13.2
2016-10-06 00:00:00,11,11.1
2016-10-06 00:00:00,11,10.3
2016-10-06 00:00:00,12,8.1
2016-10-06 00:00:00,12.5,7.8
2016-10-06 00:00:00,13,7.6
2016-10-06 00:00:00,13,7.5
2016-10-06 00:00:00,14,7.3
2016-10-06 00:00:00,15,7.1
2016-10-06 00:00:00,15.5,7
2016-10-06 00:00:00,16.5,6.9
2016-10-06 00:00:00,18,6.8
2016-10-06 00:00:00,19,6.8
2016-10-06 00:00:00,20,6.8
2016-10-06 00:00:00,23,6.6
2016-10-06 00:00:00,23.5,6.6
2016-10-06 00:00:00,26,6.6
2016-10-06 00:00:00,27,6.5
2016-10-06 00:00:00,28,6.5
2016-10-06 00:00:00,28.5,6.5
2016-10-06 00:00:00,29.5,6.5
2016-10-25 00:00:00,0,10.2
2016-10-25 00:00:00,0.75,10.2
2016-10-25 00:00:00,1.5,10.2
2016-10-25 00:00:00,2.5,10.2
2016-10-25 00:00:00,3.5,10.2
2016-10-25 00:00:00,5,10.2
2016-10-25 00:00:00,6,10.2
2016-10-25 00:00:00,6.5,10.2
2016-10-25 00:00:00,7.5,10.2
2016-10-25 00:00:00,9,10.2
2016-10-25 00:00:00,9.5,10.2
2016-10-25 00:00:00,10.5,10.2
2016-10-25 00:00:00,11.5,10.2
2016-10-25 00:00:00,13,10.2
2016-10-25 00:00:00,13.5,10
2016-10-25 00:00:00,14,9.9
2016-10-25 00:00:00,15,9.6
2016-10-25 00:00:00,15.5,8.2
2016-10-25 00:00:00,15.5,9
2016-10-25 00:00:00,16.5,7.5
2016-10-25 00:00:00,17,7.3
2016-10-25 00:00:00,17.5,7.1
2016-10-25 00:00:00,18,7
2016-10-25 00:00:00,19,6.9
2016-10-25 00:00:00,19.5,6.8
2016-10-25 00:00:00,21,6.7
2016-10-25 00:00:00,21.5,6.7
2016-10-25 00:00:00,23,6.6
2016-10-25 00:00:00,24,6.6
2016-10-25 00:00:00,25,6.6
2016-10-25 00:00:00,26,6.5
2016-10-25 00:00:00,26.5,6.5
2016-10-25 00:00:00,27.5,6.5
2016-10-25 00:00:00,27.5,6.5
2016-10-25 00:00:00,29,6.5
2016-11-17 00:00:00,0,6.9
2016-11-17 00:00:00,1,6.9
2016-11-17 00:00:00,2,6.9
2016-11-17 00:00:00,3,6.9
2016-11-17 00:00:00,4,6.9
2016-11-17 00:00:00,5,6.9
2016-11-17 00:00:00,6,6.9
2016-11-17 00:00:00,7,6.9
2016-11-17 00:00:00,8,6.9
2016-11-17 00:00:00,9,6.9
2016-11-17 00:00:00,10,6.9
2016-11-17 00:00:00,11,6.9
2016-11-17 00:00:00,12,6.9
2016-11-17 00:00:00,13,6.9
2016-11-17 00:00:00,14,6.9
2016-11-17 00:00:00,15,6.9
2016-11-17 00:00:00,16,6.9
2016-11-17 00:00:00,17,6.9
2016-11-17 00:00:00,18,6.9
2016-11-17 00:00:00,19,6.9
2016-11-17 00:00:00,20,6.9
2016-11-17 00:00:00,21,6.9
2016-11-17 00:00:00,22,6.9
2016-11-17 00:00:00,23,6.9
2016-11-17 00:00:00,24,6.9
2016-11-17 00:00:00,25,6.9
2016-11-17 00:00:00,26,6.9
2016-11-17 00:00:00,27,6.9
2016-11-17 00:00:00,28,6.9
2016-12-15 00:00:00,0,5.5
2016-12-15 00:00:00,1,5.5
2016-12-15 00:00:00,2,5.5
2016-12-15 00:00:00,3,5.5
2016-12-15 00:00:00,4,5.5
2016-12-15 00:00:00,5,5.5
2016-12-15 00:00:00,6,5.5
2016-12-15 00:00:00,7,5.5
2016-12-15 00:00:00,8,5.5
2016-12-15 00:00:00,9,5.5
2016-12-15 00:00:00,10,5.5
2016-12-15 00:00:00,11,5.5
2016-12-15 00:00:00,12,5.5
2016-12-15 00:00:00,13,5.5
2016-12-15 00:00:00,14,5.5
2016-12-15 00:00:00,15,5.5
2016-12-15 00:00:00,16,5.5
2016-12-15 00:00:00,17,5.5
2016-12-15 00:00:00,18,5.5
2016-12-15 00:00:00,19,5.5
2016-12-15 00:00:00,20,5.5
2016-12-15 00:00:00,21,5.5
2016-12-15 00:00:00,22,5.5
2016-12-15 00:00:00,23,5.5
2016-12-15 00:00:00,24,5.5
2016-12-15 00:00:00,25,5.5
2016-12-15 00:00:00,26,5.5
2016-12-15 00:00:00,27,5.5
2016-12-15 00:00:00,28,5.5
2016-12-15 00:00:00,29,5.5
2018-01-19 00:00:00,0,3.3
2018-01-19 00:00:00,1,3.3
2018-01-19 00:00:00,2,3.3
2018-01-19 00:00:00,3,3.3
2018-01-19 00:00:00,4,3.3
2018-01-19 00:00:00,5,3.3
2018-01-19 00:00:00,6,3.3
2018-01-19 00:00:00,7,3.3
2018-01-19 00:00:00,8,3.3
2018-01-19 00:00:00,9,3.3
2018-01-19 00:00:00,10,3.3
2018-01-19 00:00:00,11,3.3
2018-01-19 00:00:00,12,3.3
2018-01-19 00:00:00,13,3.3
2018-01-19 00:00:00,14,3.3
2018-01-19 00:00:00,15,3.3
2018-01-19 00:00:00,16,3.3
2018-01-19 00:00:00,17,3.3
2018-01-19 00:00:00,18,3.3
2018-01-19 00:00:00,19,3.3
2018-01-19 00:00:00,20,3.4
2018-01-19 00:00:00,21,3.4
2018-01-19 00:00:00,22,3.4
2018-01-19 00:00:00,23,3.4
2018-01-19 00:00:00,24,3.4
2018-01-19 00:00:00,25,3.4
2018-01-19 00:00:00,26,3.5
2018-01-19 00:00:00,27,3.5
2018-01-19 00:00:00,28,3.6
2018-01-19 00:00:00,29,3.6
2018-01-19 00:00:00,29.5,3.7
2018-02-06 00:00:00,0,2.9
2018-02-06 00:00:00,1,2.9
2018-02-06 00:00:00,2,2.9
2018-02-06 00:00:00,3,3
2018-02-06 00:00:00,4,3
2018-02-06 00:00:00,5,3
2018-02-06 00:00:00,6,3
2018-02-06 00:00:00,7,3
2018-02-06 00:00:00,8,3
2018-02-06 00:00:00,9,3.1
2018-02-06 00:00:00,10,3.1
2018-02-06 00:00:00,11,3.1
2018-02-06 00:00:00,12,3.1
2018-02-06 00:00:00,13,3.1
2018-02-06 00:00:00,14,3.1
2018-02-06 00:00:00,15,3.1
2018-02-06 00:00:00,16,3.2
2018-02-06 00:00:00,17,3.2
2018-02-06 00:00:00,17.5,3.2
2018-02-06 00:00:00,19,3.2
2018-02-06 00:00:00,20,3.1
2018-02-06 00:00:00,21,3.1
2018-02-06 00:00:00,22,3.1
2018-02-06 00:00:00,23,3.1
2018-02-06 00:00:00,24,3.1
2018-02-06 00:00:00,25,3.2
2018-02-06 00:00:00,26,3.2
2018-02-06 00:00:00,27,3.2
2018-02-06 00:00:00,28,3.2
2018-02-06 00:00:00,29,3.3
2018-02-06 00:00:00,29.5,3.3
2018-03-15 00:00:00,0,1.95
2018-03-15 00:00:00,1,2
2018-03-15 00:00:00,2,2
2018-03-15 00:00:00,3,2
2018-03-15 00:00:00,4,2
2018-03-15 00:00:00,5,2
2018-03-15 00:00:00,6,2
2018-03-15 00:00:00,7,2
2018-03-15 00:00:00,8,2
2018-03-15 00:00:00,9,2
2018-03-15 00:00:00,10,2
2018-03-15 00:00:00,11,2
2018-03-15 00:00:00,12,2
2018-03-15 00:00:00,13,2
2018-03-15 00:00:00,14,2
2018-03-15 00:00:00,15,2
2018-03-15 00:00:00,16,2
2018-03-15 00:00:00,17,2
2018-03-15 00:00:00,18,2
2018-03-15 00:00:00,19,2
2018-03-15 00:00:00,20,2
2018-03-15 00:00:00,21,2
2018-03-15 00:00:00,22,2
2018-03-15 00:00:00,23,2
2018-03-15 00:00:00,24,2
2018-04-10 00:00:00,0,3.7
2018-04-10 00:00:00,1,3.6
2018-04-10 00:00:00,1.5,3.6
2018-04-10 00:00:00,3,3.6
2018-04-10 00:00:00,3.5,3.6
2018-04-10 00:00:00,4.5,3.6
2018-04-10 00:00:00,6,3.6
2018-04-10 00:00:00,7,3.6
2018-04-10 00:00:00,8,3.6
2018-04-10 00:00:00,8.5,3.6
2018-04-10 00:00:00,10,3.6
2018-04-10 00:00:00,11,3.6
2018-04-10 00:00:00,11.5,3.6
2018-04-10 00:00:00,13,3.6
2018-04-10 00:00:00,14,3.6
2018-04-10 00:00:00,14.5,3.6
2018-04-10 00:00:00,16,3.6
2018-04-10 00:00:00,16.5,3.6
2018-04-10 00:00:00,18,3.6
2018-04-10 00:00:00,19,3.6
2018-04-10 00:00:00,19.5,3.6
2018-04-10 00:00:00,21,3.6
2018-04-10 00:00:00,21,3.6
2018-04-10 00:00:00,23,3.6
2018-04-10 00:00:00,24,3.6
2018-04-10 00:00:00,25,3.6
2018-04-10 00:00:00,25.5,3.6
2018-04-10 00:00:00,27,3.6
2018-04-10 00:00:00,28,3.6
2018-04-10 00:00:00,28.5,3.6
2018-04-10 00:00:00,29.5,3.6
2018-04-24 00:00:00,0,7.4
2018-04-24 00:00:00,1,7.4
2018-04-24 00:00:00,2,7.4
2018-04-24 00:00:00,3,7.4
2018-04-24 00:00:00,3.5,7.4
2018-04-24 00:00:00,5,7.4
2018-04-24 00:00:00,6,7.4
2018-04-24 00:00:00,7,7.4
2018-04-24 00:00:00,8,7.4
2018-04-24 00:00:00,9,7.3
2018-04-24 00:00:00,9.5,7.3
2018-04-24 00:00:00,11,7.3
2018-04-24 00:00:00,12,7.3
2018-04-24 00:00:00,13,7.3
2018-04-24 00:00:00,14.5,7.2
2018-04-24 00:00:00,15,6.9
2018-04-24 00:00:00,16,6.9
2018-04-24 00:00:00,17,6.3
2018-04-24 00:00:00,18,6
2018-04-24 00:00:00,19,5.9
2018-04-24 00:00:00,19.5,6.1
2018-04-24 00:00:00,21,5.6
2018-04-24 00:00:00,22,5.5
2018-04-24 00:00:00,22.5,5.4
2018-04-24 00:00:00,23.5,5.4
2018-04-24 00:00:00,25,5.3
2018-04-24 00:00:00,26,5.2
2018-04-24 00:00:00,27,5.2
2018-04-24 00:00:00,28,5.2
2018-04-24 00:00:00,29,5.1
2018-04-24 00:00:00,30,5
2018-05-09 00:00:00,0,15.7
2018-05-09 00:00:00,1,15.6
2018-05-09 00:00:00,2,15.4
2018-05-09 00:00:00,2.5,11.7
2018-05-09 00:00:00,3,10.9
2018-05-09 00:00:00,3.5,9.6
2018-05-09 00:00:00,4,9.1
2018-05-09 00:00:00,5,8.8
2018-05-09 00:00:00,6,8.7
2018-05-09 00:00:00,7,8.4
2018-05-09 00:00:00,8,8.3
2018-05-09 00:00:00,9,8.1
2018-05-09 00:00:00,10,7.8
2018-05-09 00:00:00,11,7.6
2018-05-09 00:00:00,12,7.3
2018-05-09 00:00:00,13,6.9
2018-05-09 00:00:00,14,6.6
2018-05-09 00:00:00,15,6.3
2018-05-09 00:00:00,16,6.1
2018-05-09 00:00:00,17,5.9
2018-05-09 00:00:00,18,5.9
2018-05-09 00:00:00,19,5.8
2018-05-09 00:00:00,20,5.7
2018-05-09 00:00:00,21,5.6
2018-05-09 00:00:00,22,5.6
2018-05-09 00:00:00,23,5.5
2018-05-09 00:00:00,24,5.5
2018-05-09 00:00:00,25,5.4
2018-05-25 00:00:00,0,20.6
2018-05-25 00:00:00,1,20.5
2018-05-25 00:00:00,2,20.3
2018-05-25 00:00:00,3,19.9
2018-05-25 00:00:00,3.5,15.7
2018-05-25 00:00:00,4,13.4
2018-05-25 00:00:00,4.5,11.6
2018-05-25 00:00:00,5,11
2018-05-25 00:00:00,5.5,10.3
2018-05-25 00:00:00,6,9.7
2018-05-25 00:00:00,6.5,9.2
2018-05-25 00:00:00,7,8.9
2018-05-25 00:00:00,8,8.6
2018-05-25 00:00:00,9,8.2
2018-05-25 00:00:00,10,7.8
2018-05-25 00:00:00,10.5,7.3
2018-05-25 00:00:00,12,6.9
2018-05-25 00:00:00,13,6.6
2018-05-25 00:00:00,14,6.4
2018-05-25 00:00:00,15,6.2
2018-05-25 00:00:00,16,6.1
2018-05-25 00:00:00,16.5,5.9
2018-05-25 00:00:00,18,5.8
2018-05-25 00:00:00,19,5.7
2018-05-25 00:00:00,20,5.7
2018-05-25 00:00:00,21,5.6
2018-05-25 00:00:00,21.5,5.6
2018-05-25 00:00:00,23,5.5
2018-05-25 00:00:00,23.5,5.4
2018-05-25 00:00:00,25,5.5
2018-05-25 00:00:00,26,5.4
2018-05-25 00:00:00,27,5.5
2018-05-25 00:00:00,28,5.4
2018-05-25 00:00:00,28.5,5.4
2018-05-25 00:00:00,30,5.4
2018-06-08 00:00:00,0,24.1
2018-06-08 00:00:00,1,22.7
2018-06-08 00:00:00,2,22.3
2018-06-08 00:00:00,3,21.6
2018-06-08 00:00:00,3,22
2018-06-08 00:00:00,4,19.9
2018-06-08 00:00:00,4.5,15.9
2018-06-08 00:00:00,5,12.9
2018-06-08 00:00:00,5,10.8
2018-06-08 00:00:00,6,9.9
2018-06-08 00:00:00,6,9.3
2018-06-08 00:00:00,7,9
2018-06-08 00:00:00,7.5,8.7
2018-06-08 00:00:00,8,8.4
2018-06-08 00:00:00,9,8.2
2018-06-08 00:00:00,10,7.8
2018-06-08 00:00:00,11,7.4
2018-06-08 00:00:00,12,7.1
2018-06-08 00:00:00,13,6.9
2018-06-08 00:00:00,14,6.6
2018-06-08 00:00:00,15,6.3
2018-06-08 00:00:00,16,6
2018-06-08 00:00:00,17,5.9
2018-06-08 00:00:00,18,5.9
2018-06-08 00:00:00,19,5.7
2018-06-08 00:00:00,20,5.7
2018-06-08 00:00:00,21,5.6
2018-06-08 00:00:00,22,5.6
2018-06-08 00:00:00,23,5.5
2018-06-08 00:00:00,24,5.5
2018-06-08 00:00:00,25,5.5
2018-06-08 00:00:00,26,5.5
2018-06-08 00:00:00,27,5.5
2018-06-08 00:00:00,27.5,6.2
2018-06-22 00:00:00,0,16.6
2018-06-22 00:00:00,1,16.6
2018-06-22 00:00:00,2,16.6
2018-06-22 00:00:00,3,16.6
2018-06-22 00:00:00,4,16.6
2018-06-22 00:00:00,5,16.6
2018-06-22 00:00:00,6,16
2018-06-22 00:00:00,6,14.7
2018-06-22 00:00:00,7,11.9
2018-06-22 00:00:00,7.5,10.7
2018-06-22 00:00:00,7.5,9.5
2018-06-22 00:00:00,8.5,8.7
2018-06-22 00:00:00,8.5,8.5
2018-06-22 00:00:00,9,8.3
2018-06-22 00:00:00,10,7.9
2018-06-22 00:00:00,10.5,7.6
2018-06-22 00:00:00,12,7.3
2018-06-22 00:00:00,13,7
2018-06-22 00:00:00,14,6.7
2018-06-22 00:00:00,15,6.5
2018-06-22 00:00:00,16,6.1
2018-06-22 00:00:00,16.5,6.1
2018-06-22 00:00:00,18,6
2018-06-22 00:00:00,19,5.8
2018-06-22 00:00:00,19.5,5.8
2018-06-22 00:00:00,20.5,5.7
2018-06-22 00:00:00,21.5,5.7
2018-06-22 00:00:00,22.5,5.6
2018-06-22 00:00:00,24,5.5
2018-06-22 00:00:00,24.5,5.5
2018-06-22 00:00:00,26,5.5
2018-06-22 00:00:00,27,5.5
2018-06-22 00:00:00,27.5,5.5
2018-07-05 00:00:00,0,21.3
2018-07-05 00:00:00,0.75,21.3
2018-07-05 00:00:00,1.5,21.3
2018-07-05 00:00:00,2.5,21.2
2018-07-05 00:00:00,3,20.2
2018-07-05 00:00:00,3.5,17.1
2018-07-05 00:00:00,4,16.5
2018-07-05 00:00:00,4.5,16.3
2018-07-05 00:00:00,5,15.9
2018-07-05 00:00:00,6,14.6
2018-07-05 00:00:00,6,15.1
2018-07-05 00:00:00,7,12.7
2018-07-05 00:00:00,7,10.8
2018-07-05 00:00:00,7.5,10.8
2018-07-05 00:00:00,8,9.7
2018-07-05 00:00:00,8.5,9
2018-07-05 00:00:00,9,8.5
2018-07-05 00:00:00,9.5,8.2
2018-07-05 00:00:00,10,7.8
2018-07-05 00:00:00,10.5,7.4
2018-07-05 00:00:00,10.5,7.4
2018-07-05 00:00:00,11.5,7.2
2018-07-05 00:00:00,13,7
2018-07-05 00:00:00,14,6.7
2018-07-05 00:00:00,14.5,6.5
2018-07-05 00:00:00,15.5,6.3
2018-07-05 00:00:00,17,6.1
2018-07-05 00:00:00,17.5,6
2018-07-05 00:00:00,19,5.9
2018-07-05 00:00:00,19.5,5.9
2018-07-05 00:00:00,20.5,5.8
2018-07-05 00:00:00,20.5,5.8
2018-07-05 00:00:00,22,5.8
2018-07-05 00:00:00,23,5.7
2018-07-05 00:00:00,23.5,5.6
2018-07-05 00:00:00,25,5.6
2018-07-05 00:00:00,25.5,5.6
2018-07-05 00:00:00,26.5,5.6
2018-07-05 00:00:00,27.5,5.6
2018-07-05 00:00:00,29,5.6
2018-07-16 00:00:00,0,16.6
2018-07-16 00:00:00,0,18.1
2018-07-16 00:00:00,0,16.6
2018-07-16 00:00:00,0,17
2018-07-16 00:00:00,0,21.4
2018-07-16 00:00:00,0.75,20.9
2018-07-16 00:00:00,1.5,20.7
2018-07-16 00:00:00,1.5,20.7
2018-07-16 00:00:00,2.5,20.6
2018-07-16 00:00:00,3.5,20
2018-07-16 00:00:00,5,19.4
2018-07-16 00:00:00,5,19.7
2018-07-16 00:00:00,5.5,18.7
2018-07-16 00:00:00,6.5,17.1
2018-07-16 00:00:00,7,15.6
2018-07-16 00:00:00,7.5,10.6
2018-07-16 00:00:00,7.5,12.7
2018-07-16 00:00:00,8.5,9.2
2018-07-16 00:00:00,8.5,8.5
2018-07-16 00:00:00,9.5,8.1
2018-07-16 00:00:00,9.5,7.8
2018-07-16 00:00:00,10,7.6
2018-07-16 00:00:00,11,7.4
2018-07-16 00:00:00,12,7.2
2018-07-16 00:00:00,13,6.9
2018-07-16 00:00:00,13.5,6.8
2018-07-16 00:00:00,14.5,6.6
2018-07-16 00:00:00,15.5,6.4
2018-07-16 00:00:00,17,6.3
2018-07-16 00:00:00,17.5,6.1
2018-07-16 00:00:00,18.5,6
2018-07-16 00:00:00,19.5,6
2018-07-16 00:00:00,20.5,5.8
2018-07-16 00:00:00,21.5,5.7
2018-07-16 00:00:00,23,5.7
2018-07-16 00:00:00,24,5.7
2018-07-16 00:00:00,25,5.7
2018-07-16 00:00:00,25.5,5.6
2018-07-16 00:00:00,26.5,5.6
2018-07-16 00:00:00,28,5.6
2018-07-16 00:00:00,29,5.6
2018-08-07 00:00:00,0,22.6
2018-08-07 00:00:00,0.75,22.3
2018-08-07 00:00:00,2,21.9
2018-08-07 00:00:00,3,21.9
2018-08-07 00:00:00,4,21.8
2018-08-07 00:00:00,5,21.8
2018-08-07 00:00:00,5.5,21.7
2018-08-07 00:00:00,5.5,19.9
2018-08-07 00:00:00,6,18.3
2018-08-07 00:00:00,7,15.6
2018-08-07 00:00:00,7.5,14.1
2018-08-07 00:00:00,8,10.9
2018-08-07 00:00:00,8,10.8
2018-08-07 00:00:00,8,12.3
2018-08-07 00:00:00,9,9.6
2018-08-07 00:00:00,9,8.5
2018-08-07 00:00:00,9.5,8
2018-08-07 00:00:00,10.5,7.6
2018-08-07 00:00:00,10.5,7.3
2018-08-07 00:00:00,11,7.1
2018-08-07 00:00:00,11.5,7
2018-08-07 00:00:00,12.5,6.7
2018-08-07 00:00:00,13.5,6.5
2018-08-07 00:00:00,15,6.3
2018-08-07 00:00:00,16,6.2
2018-08-07 00:00:00,17,6.1
2018-08-07 00:00:00,18,6
2018-08-07 00:00:00,18.5,5.9
2018-08-07 00:00:00,20,5.8
2018-08-07 00:00:00,21,5.8
2018-08-07 00:00:00,22,5.8
2018-08-07 00:00:00,22.5,5.7
2018-08-07 00:00:00,24,5.7
2018-08-07 00:00:00,24.5,5.7
2018-08-07 00:00:00,25.5,5.7
2018-08-07 00:00:00,26.5,5.7
2018-08-07 00:00:00,27,5.7
2018-08-07 00:00:00,28,5.7
2018-08-07 00:00:00,29,5.7
2018-08-24 00:00:00,0,19.3
2018-08-24 00:00:00,1,19.4
2018-08-24 00:00:00,2,19.4
2018-08-24 00:00:00,3,19.4
2018-08-24 00:00:00,4,19.4
2018-08-24 00:00:00,5,19.4
2018-08-24 00:00:00,6,19.3
2018-08-24 00:00:00,7,18.7
2018-08-24 00:00:00,7.5,18.1
2018-08-24 00:00:00,8,16.8
2018-08-24 00:00:00,8.5,14.2
2018-08-24 00:00:00,9,11.5
2018-08-24 00:00:00,9.5,10.2
2018-08-24 00:00:00,10,8.9
2018-08-24 00:00:00,10.5,8.1
2018-08-24 00:00:00,11,7.8
2018-08-24 00:00:00,12,7.4
2018-08-24 00:00:00,13,7.1
2018-08-24 00:00:00,14,6.7
2018-08-24 00:00:00,15,6.5
2018-08-24 00:00:00,16,6.4
2018-08-24 00:00:00,17,6.2
2018-08-24 00:00:00,18,6.1
2018-08-24 00:00:00,19,6
2018-08-24 00:00:00,20,5.9
2018-08-24 00:00:00,21,5.9
2018-08-24 00:00:00,22,5.8
2018-08-24 00:00:00,23,5.8
2018-08-24 00:00:00,24,5.8
2018-08-24 00:00:00,25,5.8
2018-08-24 00:00:00,26,5.8
2018-08-24 00:00:00,27,5.7
2018-08-24 00:00:00,28,5.7
2018-08-24 00:00:00,29,5.7
2018-09-06 00:00:00,0,18.9
2018-09-06 00:00:00,0.75,18.9
2018-09-06 00:00:00,2,18.8
2018-09-06 00:00:00,3,18.8
2018-09-06 00:00:00,4,18.7
2018-09-06 00:00:00,4.5,18.2
2018-09-06 00:00:00,6,17.9
2018-09-06 00:00:00,7,17.2
2018-09-06 00:00:00,7,17.4
2018-09-06 00:00:00,8,16.4
2018-09-06 00:00:00,8.5,14.3
2018-09-06 00:00:00,9,11.1
2018-09-06 00:00:00,9.5,9.6
2018-09-06 00:00:00,9.5,8.5
2018-09-06 00:00:00,10,8.1
2018-09-06 00:00:00,10.5,7.7
2018-09-06 00:00:00,11,7.5
2018-09-06 00:00:00,11.5,7.4
2018-09-06 00:00:00,11.5,7.5
2018-09-06 00:00:00,13,7.1
2018-09-06 00:00:00,13.5,6.8
2018-09-06 00:00:00,14.5,6.6
2018-09-06 00:00:00,15.5,6.4
2018-09-06 00:00:00,16.5,6.2
2018-09-06 00:00:00,17.5,6.1
2018-09-06 00:00:00,19,6
2018-09-06 00:00:00,19.5,6
2018-09-06 00:00:00,21,5.9
2018-09-06 00:00:00,22,5.8
2018-09-06 00:00:00,22.5,5.8
2018-09-06 00:00:00,23.5,5.8
2018-09-06 00:00:00,25,5.8
2018-09-06 00:00:00,26,5.7
2018-09-06 00:00:00,27,5.7
2018-09-06 00:00:00,27.5,5.7
2018-09-06 00:00:00,28.5,5.7
2018-09-06 00:00:00,29.5,5.7
2018-09-18 00:00:00,0,16.6
2018-09-18 00:00:00,0.75,16.6
2018-09-18 00:00:00,2,16.3
2018-09-18 00:00:00,2.5,16.3
2018-09-18 00:00:00,3.5,16.3
2018-09-18 00:00:00,4.5,16.3
2018-09-18 00:00:00,5.5,16.3
2018-09-18 00:00:00,6.5,16.3
2018-09-18 00:00:00,7.5,16.2
2018-09-18 00:00:00,8,15.8
2018-09-18 00:00:00,8.5,14.8
2018-09-18 00:00:00,9,12
2018-09-18 00:00:00,9.5,9.9
2018-09-18 00:00:00,10.5,9
2018-09-18 00:00:00,11,8.4
2018-09-18 00:00:00,11.5,8
2018-09-18 00:00:00,11.5,7.6
2018-09-18 00:00:00,12,7.4
2018-09-18 00:00:00,12.5,7.2
2018-09-18 00:00:00,14,6.8
2018-09-18 00:00:00,15,6.6
2018-09-18 00:00:00,15.5,6.3
2018-09-18 00:00:00,16.5,6.3
2018-09-18 00:00:00,17.5,6.1
2018-09-18 00:00:00,19,6
2018-09-18 00:00:00,20,6
2018-09-18 00:00:00,21,5.9
2018-09-18 00:00:00,22,5.9
2018-09-18 00:00:00,23,5.8
2018-09-18 00:00:00,24,5.8
2018-09-18 00:00:00,24.5,5.8
2018-09-18 00:00:00,25.5,5.8
2018-09-18 00:00:00,27,5.7
2018-10-04 00:00:00,0,12.26
2018-10-04 00:00:00,1,12.19
2018-10-04 00:00:00,2,12.17
2018-10-04 00:00:00,3,12.15
2018-10-04 00:00:00,4,12.11
2018-10-04 00:00:00,5,12.1
2018-10-04 00:00:00,6,12.04
2018-10-04 00:00:00,7,12.02
2018-10-04 00:00:00,8,12.01
2018-10-04 00:00:00,9,12
2018-10-04 00:00:00,10,11.99
2018-10-04 00:00:00,11,11.96
2018-10-04 00:00:00,12,11.76
2018-10-04 00:00:00,12.5,11.23
2018-10-04 00:00:00,13,9.85
2018-10-04 00:00:00,13.5,8.93
2018-10-04 00:00:00,14,7.7
2018-10-04 00:00:00,14.5,6.67
2018-10-04 00:00:00,15,6.57
2018-10-04 00:00:00,15.5,6.51
2018-10-04 00:00:00,16,6.44
2018-10-04 00:00:00,17,6.19
2018-10-04 00:00:00,18,6.11
2018-10-04 00:00:00,19,6.06
2018-10-04 00:00:00,20,6.03
2018-10-04 00:00:00,21,6
2018-10-04 00:00:00,22,5.95
2018-10-04 00:00:00,23,5.87
2018-10-04 00:00:00,24,5.82
2018-10-04 00:00:00,25,5.79
2018-10-04 00:00:00,26,5.77
2018-10-04 00:00:00,27,5.76
2018-10-04 00:00:00,28,5.76
2018-10-04 00:00:00,29,5.76
2018-10-04 00:00:00,30,5.75
2018-10-25 00:00:00,0.25,11.1
2018-10-25 00:00:00,1,11.1
2018-10-25 00:00:00,2,11.1
2018-10-25 00:00:00,3,11.1
2018-10-25 00:00:00,4,11.1
2018-10-25 00:00:00,4.5,11.1
2018-10-25 00:00:00,5.5,11.1
2018-10-25 00:00:00,7,11.1
2018-10-25 00:00:00,8,11.1
2018-10-25 00:00:00,8.5,11.1
2018-10-25 00:00:00,9.5,11.1
2018-10-25 00:00:00,10,11.1
2018-10-25 00:00:00,11,11.1
2018-10-25 00:00:00,12,11
2018-10-25 00:00:00,13,11
2018-10-25 00:00:00,14.5,11
2018-10-25 00:00:00,14.5,11
2018-10-25 00:00:00,15,9.8
2018-10-25 00:00:00,15,10.7
2018-10-25 00:00:00,16,6.8
2018-10-25 00:00:00,16.5,6.6
2018-10-25 00:00:00,17,6.2
2018-10-25 00:00:00,18,6.2
2018-10-25 00:00:00,19,6.1
2018-10-25 00:00:00,19.5,6.1
2018-10-25 00:00:00,21,6
2018-10-25 00:00:00,21.5,6
2018-10-25 00:00:00,23,5.9
2018-10-25 00:00:00,24,5.8
2018-10-25 00:00:00,24.5,5.8
2018-10-25 00:00:00,25.5,5.8
2018-10-25 00:00:00,26.5,5.8
2018-10-25 00:00:00,28,5.8
2018-10-25 00:00:00,29,5.8
2018-10-25 00:00:00,29,5.8
2018-10-25 00:00:00,29.5,5.8
2018-11-15 00:00:00,0,9.2
2018-11-15 00:00:00,1,9.2
2018-11-15 00:00:00,2,9.1
2018-11-15 00:00:00,3,9.1
2018-11-15 00:00:00,4,9
2018-11-15 00:00:00,5,9
2018-11-15 00:00:00,5.5,9
2018-11-15 00:00:00,7,9
2018-11-15 00:00:00,8,9
2018-11-15 00:00:00,9,9
2018-11-15 00:00:00,10,9
2018-11-15 00:00:00,11,9
2018-11-15 00:00:00,12,9
2018-11-15 00:00:00,13,9
2018-11-15 00:00:00,14,9
2018-11-15 00:00:00,15,9
2018-11-15 00:00:00,16,9
2018-11-15 00:00:00,17,8.9
2018-11-15 00:00:00,18,8.4
2018-11-15 00:00:00,18.5,7.8
2018-11-15 00:00:00,19,7.4
2018-11-15 00:00:00,19.5,6.9
2018-11-15 00:00:00,20,6.6
2018-11-15 00:00:00,21,6.2
2018-11-15 00:00:00,22,6.1
2018-11-15 00:00:00,23,6
2018-11-15 00:00:00,24,5.9
2018-11-15 00:00:00,25,5.9
2018-11-15 00:00:00,26,5.9
2018-11-15 00:00:00,27,5.9
2018-11-15 00:00:00,28,5.9
2018-11-15 00:00:00,29,5.8
2018-11-15 00:00:00,29.5,5.8
2018-12-17 00:00:00,0,5.4
2018-12-17 00:00:00,1,5.4
2018-12-17 00:00:00,2,5.4
2018-12-17 00:00:00,3,5.4
2018-12-17 00:00:00,4,5.4
2018-12-17 00:00:00,5,5.4
2018-12-17 00:00:00,6,5.4
2018-12-17 00:00:00,7,5.4
2018-12-17 00:00:00,8,5.4
2018-12-17 00:00:00,9,5.4
2018-12-17 00:00:00,10,5.4
2018-12-17 00:00:00,11,5.4
2018-12-17 00:00:00,12,5.4
2018-12-17 00:00:00,13,5.4
2018-12-17 00:00:00,14,5.4
2018-12-17 00:00:00,15,5.4
2018-12-17 00:00:00,16,5.4
2018-12-17 00:00:00,16.5,5.4
2018-12-17 00:00:00,18,5.4
2018-12-17 00:00:00,19,5.4
2018-12-17 00:00:00,20,5.4
2018-12-17 00:00:00,21,5.4
2018-12-17 00:00:00,22,5.4
2018-12-17 00:00:00,23,5.4
2018-12-17 00:00:00,24,5.4
2018-12-17 00:00:00,25,5.4
2018-12-17 00:00:00,26,5.4
2018-12-17 00:00:00,27,5.4
2018-12-17 00:00:00,28,5.4
2018-12-17 00:00:00,29,5.4
2018-12-17 00:00:00,30,5.4
2020-01-01 00:00:00,0,2
2020-01-01 00:00:00,5,2
2020-01-01 00:00:00,10,2.1
2020-01-01 00:00:00,15,2.2
2020-01-01 00:00:00,20,2.4
2020-01-01 00:00:00,22,2.6
2020-01-01 00:00:00,25,2.8
2020-01-24 00:00:00,0,5.3
2020-01-24 00:00:00,0.75,5.2
2020-01-24 00:00:00,2,5.2
2020-01-24 00:00:00,3,5.2
2020-01-24 00:00:00,4,5.2
2020-01-24 00:00:00,5,5.2
2020-01-24 00:00:00,5.5,5.2
2020-01-24 00:00:00,7,5.2
2020-01-24 00:00:00,8,5.2
2020-01-24 00:00:00,9,5.2
2020-01-24 00:00:00,9.5,5.2
2020-01-24 00:00:00,11,5.2
2020-01-24 00:00:00,12,5.2
2020-01-24 00:00:00,13,5.2
2020-01-24 00:00:00,13.5,5.2
2020-01-24 00:00:00,15,5.2
2020-01-24 00:00:00,16,5.2
2020-01-24 00:00:00,16.5,5.2
2020-01-24 00:00:00,18,5.2
2020-01-24 00:00:00,19,5.2
2020-01-24 00:00:00,20,5.2
2020-01-24 00:00:00,20.5,5.2
2020-01-24 00:00:00,22,5.2
2020-01-24 00:00:00,22.5,5.2
2020-01-24 00:00:00,24,5.2
2020-01-24 00:00:00,25,5.2
2020-01-24 00:00:00,26,5.2
2020-01-24 00:00:00,27,5.2
2020-01-24 00:00:00,28,5.2
2020-02-12 00:00:00,0,3.91
2020-02-12 00:00:00,1,4.75
2020-02-12 00:00:00,2,4.76
2020-02-12 00:00:00,3,4.77
2020-02-12 00:00:00,4,4.76
2020-02-12 00:00:00,5,4.76
2020-02-12 00:00:00,6,4.77
2020-02-12 00:00:00,7,4.77
2020-02-12 00:00:00,8,4.78
2020-02-12 00:00:00,9,4.78
2020-02-12 00:00:00,10,4.78
2020-02-12 00:00:00,11,4.78
2020-02-12 00:00:00,12,4.78
2020-02-12 00:00:00,13,4.78
2020-02-12 00:00:00,14,4.78
2020-02-12 00:00:00,15,4.78
2020-02-12 00:00:00,16,4.8
2020-02-12 00:00:00,17,4.8
2020-02-12 00:00:00,18,4.8
2020-02-12 00:00:00,19,4.8
2020-02-12 00:00:00,20,4.8
2020-02-12 00:00:00,21,4.8
2020-02-12 00:00:00,22,4.8
2020-02-12 00:00:00,23,4.8
2020-02-12 00:00:00,24,4.8
2020-02-12 00:00:00,25,4.8
2020-02-12 00:00:00,26,4.8
2020-02-12 00:00:00,27,4.8
2020-02-12 00:00:00,28,4.8
2020-02-12 00:00:00,29,4.8
2020-02-12 00:00:00,30,4.8
2020-03-11 00:00:00,0,5
2020-03-11 00:00:00,0,5
2020-03-11 00:00:00,1,5
2020-03-11 00:00:00,2,5
2020-03-11 00:00:00,3,4.9
2020-03-11 00:00:00,4,4.9
2020-03-11 00:00:00,5,4.9
2020-03-11 00:00:00,7.5,4.9
2020-03-11 00:00:00,8.5,4.9
2020-03-11 00:00:00,10,4.9
2020-03-11 00:00:00,10.5,4.9
2020-03-11 00:00:00,12,4.9
2020-03-11 00:00:00,13,4.9
2020-03-11 00:00:00,13.5,4.9
2020-03-11 00:00:00,14,4.9
2020-03-11 00:00:00,15,4.9
2020-03-11 00:00:00,16,4.9
2020-03-11 00:00:00,17,4.9
2020-03-11 00:00:00,18,4.9
2020-03-11 00:00:00,19,4.9
2020-03-11 00:00:00,20,4.9
2020-03-11 00:00:00,20.5,4.9
2020-03-11 00:00:00,22,4.9
2020-03-11 00:00:00,23,4.9
2020-03-11 00:00:00,23.5,4.9
2020-03-11 00:00:00,25,4.9
2020-03-11 00:00:00,26,4.9
2020-03-11 00:00:00,26,4.9
2020-03-11 00:00:00,26.5,4.9
2020-03-11 00:00:00,27,4.9
2020-03-11 00:00:00,27.5,4.9
2020-03-11 00:00:00,29.5,4.9
2020-05-19 00:00:00,0,10.9
2020-05-19 00:00:00,0.75,10.9
2020-05-19 00:00:00,2,10.9
2020-05-19 00:00:00,3,10.8
2020-05-19 00:00:00,4,10.8
2020-05-19 00:00:00,4.5,10.8
2020-05-19 00:00:00,6,10.8
2020-05-19 00:00:00,7,10.8
2020-05-19 00:00:00,7.5,10.8
2020-05-19 00:00:00,9,10.8
2020-05-19 00:00:00,11,10.7
2020-05-19 00:00:00,11.5,10.7
2020-05-19 00:00:00,12.5,10.6
2020-05-19 00:00:00,13,10.2
2020-05-19 00:00:00,13,9.7
2020-05-19 00:00:00,13.5,9.2
2020-05-19 00:00:00,14.5,8
2020-05-19 00:00:00,15,7.4
2020-05-19 00:00:00,15.5,7.2
2020-05-19 00:00:00,16,7.1
2020-05-19 00:00:00,17,7.1
2020-05-19 00:00:00,18,7
2020-05-19 00:00:00,19,7
2020-05-19 00:00:00,19.5,6.9
2020-05-19 00:00:00,21,6.9
2020-05-19 00:00:00,22,6.9
2020-05-19 00:00:00,22.5,6.9
2020-05-19 00:00:00,23.5,6.8
2020-05-19 00:00:00,25,6.8
2020-05-19 00:00:00,26,6.8
2020-05-19 00:00:00,26.5,6.8
2020-05-19 00:00:00,27.5,6.8
2020-05-19 00:00:00,29,6.8
2020-05-19 00:00:00,29.5,6.7
2020-05-29 00:00:00,0.25,16.1
2020-05-29 00:00:00,1,15.1
2020-05-29 00:00:00,2,14.7
2020-05-29 00:00:00,3,14.2
2020-05-29 00:00:00,3.5,13.8
2020-05-29 00:00:00,5,13.2
2020-05-29 00:00:00,6,12.7
2020-05-29 00:00:00,7,12.4
2020-05-29 00:00:00,7.5,12.2
2020-05-29 00:00:00,8.5,11.8
2020-05-29 00:00:00,9.5,11.6
2020-05-29 00:00:00,10,11.5
2020-05-29 00:00:00,11,11
2020-05-29 00:00:00,11.5,10.3
2020-05-29 00:00:00,12,10.1
2020-05-29 00:00:00,12.5,9.4
2020-05-29 00:00:00,12.5,9.8
2020-05-29 00:00:00,13.5,8.1
2020-05-29 00:00:00,13.5,8.6
2020-05-29 00:00:00,14.5,7.6
2020-05-29 00:00:00,14.5,7.9
2020-05-29 00:00:00,16,7.4
2020-05-29 00:00:00,16.5,7.3
2020-05-29 00:00:00,17.5,7
2020-05-29 00:00:00,18.5,7
2020-05-29 00:00:00,19.5,7
2020-05-29 00:00:00,21,7
2020-05-29 00:00:00,22,6.9
2020-05-29 00:00:00,22.5,6.9
2020-05-29 00:00:00,23.5,6.9
2020-05-29 00:00:00,25,6.9
2020-05-29 00:00:00,26,6.8
2020-05-29 00:00:00,27,6.8
2020-05-29 00:00:00,28,6.8
2020-05-29 00:00:00,29,6.8
2020-05-29 00:00:00,29,6.8
2020-06-10 00:00:00,0,16.7
2020-06-10 00:00:00,1,16.6
2020-06-10 00:00:00,2,16.4
2020-06-10 00:00:00,2.5,16.3
2020-06-10 00:00:00,3.5,16.1
2020-06-10 00:00:00,5,15.7
2020-06-10 00:00:00,5,15.4
2020-06-10 00:00:00,6,14.3
2020-06-10 00:00:00,6.5,13.2
2020-06-10 00:00:00,7,12.3
2020-06-10 00:00:00,7.5,12.1
2020-06-10 00:00:00,7.5,11.9
2020-06-10 00:00:00,8,11.9
2020-06-10 00:00:00,9,11.6
2020-06-10 00:00:00,9.5,11.1
2020-06-10 00:00:00,11,10.5
2020-06-10 00:00:00,11.5,10.1
2020-06-10 00:00:00,13,9.7
2020-06-10 00:00:00,13.5,8.8
2020-06-10 00:00:00,14.5,8.1
2020-06-10 00:00:00,15.5,7.6
2020-06-10 00:00:00,16.5,7.4
2020-06-10 00:00:00,18,7.2
2020-06-10 00:00:00,18.5,7.1
2020-06-10 00:00:00,19.5,7.1
2020-06-10 00:00:00,20.5,7
2020-06-10 00:00:00,22,7
2020-06-10 00:00:00,22.5,7
2020-06-10 00:00:00,24,6.9
2020-06-10 00:00:00,25,6.9
2020-06-10 00:00:00,25.5,6.9
2020-06-10 00:00:00,26.5,6.9
2020-06-10 00:00:00,27.5,6.9
2020-06-10 00:00:00,28.5,6.9
2020-06-25 00:00:00,0,22.3
2020-06-25 00:00:00,1,22.2
2020-06-25 00:00:00,1.5,21.7
2020-06-25 00:00:00,2,21.7
2020-06-25 00:00:00,2,20.6
2020-06-25 00:00:00,2.5,20.5
2020-06-25 00:00:00,3,19.7
2020-06-25 00:00:00,4,19.5
2020-06-25 00:00:00,4.5,18.7
2020-06-25 00:00:00,5,18.3
2020-06-25 00:00:00,5,17.2
2020-06-25 00:00:00,6,16.6
2020-06-25 00:00:00,6,14.9
2020-06-25 00:00:00,7,13.6
2020-06-25 00:00:00,7,14.4
2020-06-25 00:00:00,7.5,13
2020-06-25 00:00:00,8.5,12.1
2020-06-25 00:00:00,9,11.8
2020-06-25 00:00:00,9,11.5
2020-06-25 00:00:00,10,11.2
2020-06-25 00:00:00,10.5,10.8
2020-06-25 00:00:00,11,10.6
2020-06-25 00:00:00,11.5,10.1
2020-06-25 00:00:00,12,9.3
2020-06-25 00:00:00,12,9.7
2020-06-25 00:00:00,12.5,9.1
2020-06-25 00:00:00,13,8.8
2020-06-25 00:00:00,13.5,8.5
2020-06-25 00:00:00,14.5,8.2
2020-06-25 00:00:00,15.5,7.8
2020-06-25 00:00:00,15.5,7.8
2020-06-25 00:00:00,16.5,7.6
2020-06-25 00:00:00,17.5,7.4
2020-06-25 00:00:00,19,7.3
2020-06-25 00:00:00,19.5,7.1
2020-06-25 00:00:00,20.5,7.1
2020-06-25 00:00:00,21.5,7
2020-06-25 00:00:00,22.5,7
2020-06-25 00:00:00,24,7
2020-06-25 00:00:00,24.5,7
2020-06-25 00:00:00,26,7
2020-06-25 00:00:00,26.5,6.9
2020-06-25 00:00:00,27.5,6.9
2020-06-25 00:00:00,29,6.9
2020-06-25 00:00:00,30,6.9
2020-07-08 00:00:00,0,16.8
2020-07-08 00:00:00,1,16.8
2020-07-08 00:00:00,2,16.8
2020-07-08 00:00:00,3,16.8
2020-07-08 00:00:00,4,16.8
2020-07-08 00:00:00,5,16.8
2020-07-08 00:00:00,6,16.8
2020-07-08 00:00:00,7,16.8
2020-07-08 00:00:00,8,16.8
2020-07-08 00:00:00,8.5,16.7
2020-07-08 00:00:00,9,15.1
2020-07-08 00:00:00,9.5,12.6
2020-07-08 00:00:00,10,11.8
2020-07-08 00:00:00,10.5,11.2
2020-07-08 00:00:00,11,10.6
2020-07-08 00:00:00,11.5,10.3
2020-07-08 00:00:00,12,9.9
2020-07-08 00:00:00,13,9.4
2020-07-08 00:00:00,14,8.9
2020-07-08 00:00:00,15,8.1
2020-07-08 00:00:00,16,7.7
2020-07-08 00:00:00,17,7.5
2020-07-08 00:00:00,18,7.3
2020-07-08 00:00:00,19,7.2
2020-07-08 00:00:00,20,7.1
2020-07-08 00:00:00,21,7.1
2020-07-08 00:00:00,22,7.1
2020-07-08 00:00:00,23,7.1
2020-07-08 00:00:00,24,7
2020-07-08 00:00:00,25,7
2020-07-08 00:00:00,26,7
2020-07-08 00:00:00,27,7
2020-07-08 00:00:00,28,7
2020-07-08 00:00:00,29,7
2020-07-08 00:00:00,30,6.9
2020-07-20 00:00:00,0,18.2
2020-07-20 00:00:00,1,18.2
2020-07-20 00:00:00,1.5,18.2
2020-07-20 00:00:00,3,18.2
2020-07-20 00:00:00,3.5,18.2
2020-07-20 00:00:00,5,18.1
2020-07-20 00:00:00,5.5,16.6
2020-07-20 00:00:00,6,16.5
2020-07-20 00:00:00,6,16.3
2020-07-20 00:00:00,7,16.3
2020-07-20 00:00:00,7.5,16.1
2020-07-20 00:00:00,8,16
2020-07-20 00:00:00,9,15.4
2020-07-20 00:00:00,9.5,14.9
2020-07-20 00:00:00,10,12.9
2020-07-20 00:00:00,10,11.1
2020-07-20 00:00:00,11,10.7
2020-07-20 00:00:00,11.5,10.3
2020-07-20 00:00:00,12,9.9
2020-07-20 00:00:00,13,9.2
2020-07-20 00:00:00,13.5,8.5
2020-07-20 00:00:00,13.5,8.7
2020-07-20 00:00:00,14.5,8.2
2020-07-20 00:00:00,14.5,8
2020-07-20 00:00:00,16,7.8
2020-07-20 00:00:00,16.5,7.5
2020-07-20 00:00:00,18,7.4
2020-07-20 00:00:00,19,7.3
2020-07-20 00:00:00,20,7.2
2020-07-20 00:00:00,21,7.2
2020-07-20 00:00:00,21.5,7.1
2020-07-20 00:00:00,22.5,7.1
2020-07-20 00:00:00,22.5,7.1
2020-07-20 00:00:00,23.5,7
2020-07-20 00:00:00,25,7
2020-07-20 00:00:00,26,7
2020-07-20 00:00:00,26.5,7
2020-07-20 00:00:00,28,7
2020-07-20 00:00:00,28.5,7
2020-08-12 00:00:00,0,22.1
2020-08-12 00:00:00,1,22
2020-08-12 00:00:00,1.5,21.8
2020-08-12 00:00:00,2.5,21.2
2020-08-12 00:00:00,2.5,19.2
2020-08-12 00:00:00,3.5,18.8
2020-08-12 00:00:00,4,18.4
2020-08-12 00:00:00,4.5,18.2
2020-08-12 00:00:00,5,18.1
2020-08-12 00:00:00,6,17.7
2020-08-12 00:00:00,7,17.2
2020-08-12 00:00:00,7.5,16.8
2020-08-12 00:00:00,8.5,16.4
2020-08-12 00:00:00,9,15.9
2020-08-12 00:00:00,9.5,15.5
2020-08-12 00:00:00,10,14.9
2020-08-12 00:00:00,10,14.4
2020-08-12 00:00:00,11,13
2020-08-12 00:00:00,11,11.7
2020-08-12 00:00:00,11.5,11.6
2020-08-12 00:00:00,12,10.7
2020-08-12 00:00:00,12.5,9.8
2020-08-12 00:00:00,12.5,9.4
2020-08-12 00:00:00,13,8.9
2020-08-12 00:00:00,14,8.7
2020-08-12 00:00:00,14.5,8.3
2020-08-12 00:00:00,15,8.2
2020-08-12 00:00:00,16,7.7
2020-08-12 00:00:00,16.5,7.5
2020-08-12 00:00:00,18,7.4
2020-08-12 00:00:00,18.5,7.3
2020-08-12 00:00:00,20,7.2
2020-08-12 00:00:00,21,7.2
2020-08-12 00:00:00,21.5,7.1
2020-08-12 00:00:00,23,7.1
2020-08-12 00:00:00,24,7.1
2020-08-12 00:00:00,25,7.1
2020-08-12 00:00:00,25.5,7.1
2020-08-12 00:00:00,26.5,7.1
2020-08-26 00:00:00,0,19.5
2020-08-26 00:00:00,1,19.5
2020-08-26 00:00:00,1.5,19.5
2020-08-26 00:00:00,3,19.5
2020-08-26 00:00:00,3.5,19.5
2020-08-26 00:00:00,4.5,19.5
2020-08-26 00:00:00,5.5,19.5
2020-08-26 00:00:00,6,19.1
2020-08-26 00:00:00,6.5,17.5
2020-08-26 00:00:00,6.5,17.6
2020-08-26 00:00:00,7.5,17.1
2020-08-26 00:00:00,8,16.9
2020-08-26 00:00:00,8,16.5
2020-08-26 00:00:00,8.5,16.1
2020-08-26 00:00:00,9.5,15.4
2020-08-26 00:00:00,9.5,15
2020-08-26 00:00:00,10.5,14
2020-08-26 00:00:00,11,12.3
2020-08-26 00:00:00,11,11.4
2020-08-26 00:00:00,11.5,10.3
2020-08-26 00:00:00,12.5,9.3
2020-08-26 00:00:00,12.5,9.4
2020-08-26 00:00:00,14,8.8
2020-08-26 00:00:00,14.5,8.5
2020-08-26 00:00:00,15.5,8
2020-08-26 00:00:00,17,7.6
2020-08-26 00:00:00,18,7.5
2020-08-26 00:00:00,18.5,7.4
2020-08-26 00:00:00,20,7.4
2020-08-26 00:00:00,20.5,7.3
2020-08-26 00:00:00,21.5,7.2
2020-08-26 00:00:00,23,7.2
2020-08-26 00:00:00,23.5,7.2
2020-08-26 00:00:00,25,7.1
2020-08-26 00:00:00,26,7.1
2020-08-26 00:00:00,27,7.1
2020-08-26 00:00:00,28,7.1
2020-08-26 00:00:00,28.5,7.1
2020-09-08 00:00:00,0,17.3
2020-09-08 00:00:00,0.75,17.3
2020-09-08 00:00:00,1.5,17.3
2020-09-08 00:00:00,2.5,17.3
2020-09-08 00:00:00,3.5,17.3
2020-09-08 00:00:00,4.5,17.3
2020-09-08 00:00:00,6,17.3
2020-09-08 00:00:00,7,17.3
2020-09-08 00:00:00,8,17.3
2020-09-08 00:00:00,9,16.7
2020-09-08 00:00:00,9,17.3
2020-09-08 00:00:00,9.5,15
2020-09-08 00:00:00,10.5,13.9
2020-09-08 00:00:00,11,12.7
2020-09-08 00:00:00,11,11.9
2020-09-08 00:00:00,12,11
2020-09-08 00:00:00,12.5,10.1
2020-09-08 00:00:00,12.5,10.5
2020-09-08 00:00:00,13,9.3
2020-09-08 00:00:00,13.5,8.8
2020-09-08 00:00:00,14,8.5
2020-09-08 00:00:00,14.5,8.2
2020-09-08 00:00:00,15.5,7.9
2020-09-08 00:00:00,17,7.6
2020-09-08 00:00:00,18,7.5
2020-09-08 00:00:00,19,7.4
2020-09-08 00:00:00,20,7.4
2020-09-08 00:00:00,21,7.3
2020-09-08 00:00:00,22,7.3
2020-09-08 00:00:00,23,7.3
2020-09-08 00:00:00,24,7.2
2020-09-08 00:00:00,24.5,7.1
2020-09-08 00:00:00,26,7.1
2020-09-08 00:00:00,27,7.1
2020-09-08 00:00:00,28,7.1
2020-09-08 00:00:00,29,7.1
2020-09-08 00:00:00,29.5,7.1
2020-09-22 00:00:00,0,16.3
2020-09-22 00:00:00,0.75,16
2020-09-22 00:00:00,1.5,15.9
2020-09-22 00:00:00,3,15.9
2020-09-22 00:00:00,3.5,15.9
2020-09-22 00:00:00,5,15.9
2020-09-22 00:00:00,6,15.9
2020-09-22 00:00:00,6.5,15.9
2020-09-22 00:00:00,8,15.8
2020-09-22 00:00:00,9,15.8
2020-09-22 00:00:00,9.5,15.8
2020-09-22 00:00:00,10.5,15.5
2020-09-22 00:00:00,11,14.3
2020-09-22 00:00:00,11.5,13.2
2020-09-22 00:00:00,12,11
2020-09-22 00:00:00,12,12.1
2020-09-22 00:00:00,12.5,10.2
2020-09-22 00:00:00,13.5,9.1
2020-09-22 00:00:00,13.5,9.5
2020-09-22 00:00:00,14.5,8.7
2020-09-22 00:00:00,15,8.5
2020-09-22 00:00:00,15.5,7.9
2020-09-22 00:00:00,16.5,7.7
2020-09-22 00:00:00,18,7.6
2020-09-22 00:00:00,19,7.5
2020-09-22 00:00:00,20,7.4
2020-09-22 00:00:00,21,7.3
2020-09-22 00:00:00,21.5,7.3
2020-09-22 00:00:00,23,7.2
2020-09-22 00:00:00,23.5,7.2
2020-09-22 00:00:00,25,7.2
2020-09-22 00:00:00,25.5,7.1
2020-09-22 00:00:00,26.5,7.1
2020-09-22 00:00:00,27,7.1
2020-09-22 00:00:00,28,7.1
2020-09-22 00:00:00,28.5,7.1
2020-09-22 00:00:00,29.5,7.2
2020-10-08 00:00:00,0,14.59
2020-10-08 00:00:00,1,14.59
2020-10-08 00:00:00,2,14.6
2020-10-08 00:00:00,3,14.6
2020-10-08 00:00:00,4,14.59
2020-10-08 00:00:00,5,14.57
2020-10-08 00:00:00,6,14.58
2020-10-08 00:00:00,7,14.57
2020-10-08 00:00:00,8,14.56
2020-10-08 00:00:00,9,14.55
2020-10-08 00:00:00,10,14.56
2020-10-08 00:00:00,11,14.55
2020-10-08 00:00:00,12,14.53
2020-10-08 00:00:00,12.5,14.43
2020-10-08 00:00:00,13,12.38
2020-10-08 00:00:00,13.5,10.84
2020-10-08 00:00:00,14,9.28
2020-10-08 00:00:00,14.5,8.9
2020-10-08 00:00:00,15,8.47
2020-10-08 00:00:00,16,7.96
2020-10-08 00:00:00,17,7.82
2020-10-08 00:00:00,18,7.68
2020-10-08 00:00:00,19,7.54
2020-10-08 00:00:00,20,7.43
2020-10-08 00:00:00,21,7.34
2020-10-08 00:00:00,22,7.24
2020-10-08 00:00:00,23,7.17
2020-10-08 00:00:00,24,7.11
2020-10-08 00:00:00,25,7.09
2020-10-08 00:00:00,26,7.08
2020-10-08 00:00:00,27,7.07
2020-10-08 00:00:00,28,7.06
2020-10-08 00:00:00,29,7.1
2020-10-22 00:00:00,0,12.2
2020-10-22 00:00:00,1,12.12
2020-10-22 00:00:00,2,12.1
2020-10-22 00:00:00,3,12.09
2020-10-22 00:00:00,4,12.08
2020-10-22 00:00:00,5,12.08
2020-10-22 00:00:00,6,12.09
2020-10-22 00:00:00,7,12.06
2020-10-22 00:00:00,8,12.06
2020-10-22 00:00:00,9,12.08
2020-10-22 00:00:00,10,12.05
2020-10-22 00:00:00,11,12.05
2020-10-22 00:00:00,12,12.05
2020-10-22 00:00:00,13,12.04
2020-10-22 00:00:00,14,12.03
2020-10-22 00:00:00,14.5,11.67
2020-10-22 00:00:00,15,10
2020-10-22 00:00:00,15.5,8.81
2020-10-22 00:00:00,16,8.13
2020-10-22 00:00:00,16.5,8.08
2020-10-22 00:00:00,17,7.88
2020-10-22 00:00:00,18,7.72
2020-10-22 00:00:00,19,7.61
2020-10-22 00:00:00,20,7.5
2020-10-22 00:00:00,21,7.36
2020-10-22 00:00:00,22,7.28
2020-10-22 00:00:00,23,7.2
2020-10-22 00:00:00,24,7.11
2020-10-22 00:00:00,25,7.09
2020-10-22 00:00:00,26,7.09
2020-10-22 00:00:00,27,7.08
2020-10-22 00:00:00,28,7.07
2020-10-22 00:00:00,29,7.05
2020-10-22 00:00:00,29,7.15
2020-11-17 00:00:00,0,9.97
2020-11-17 00:00:00,1,9.97
2020-11-17 00:00:00,2,9.97
2020-11-17 00:00:00,3,9.97
2020-11-17 00:00:00,4,9.97
2020-11-17 00:00:00,5,9.98
2020-11-17 00:00:00,6,9.98
2020-11-17 00:00:00,7,9.99
2020-11-17 00:00:00,8,9.99
2020-11-17 00:00:00,9,10
2020-11-17 00:00:00,10,10
2020-11-17 00:00:00,11,10
2020-11-17 00:00:00,12,10
2020-11-17 00:00:00,13,10
2020-11-17 00:00:00,14,10
2020-11-17 00:00:00,15,10
2020-11-17 00:00:00,16,10
2020-11-17 00:00:00,17,10
2020-11-17 00:00:00,18,9.95
2020-11-17 00:00:00,18.5,9.9
2020-11-17 00:00:00,19,9.5
2020-11-17 00:00:00,19.5,8.8
2020-11-17 00:00:00,20,8.4
2020-11-17 00:00:00,20.5,7.6
2020-11-17 00:00:00,21,7.43
2020-11-17 00:00:00,21.5,7.35
2020-11-17 00:00:00,22,7.3
2020-11-17 00:00:00,23,7.3
2020-11-17 00:00:00,24,7.3
2020-11-17 00:00:00,25,7.3
2020-11-17 00:00:00,26,7.3
2020-11-17 00:00:00,27,7.3
2020-11-17 00:00:00,28,7.3
2020-11-17 00:00:00,29,7.3
2020-11-17 00:00:00,30,7.3
2020-12-09 00:00:00,0,7.4
2020-12-09 00:00:00,1,7.3
2020-12-09 00:00:00,2,7.3
2020-12-09 00:00:00,3,7.3
2020-12-09 00:00:00,4,7.38
2020-12-09 00:00:00,5,7.35
2020-12-09 00:00:00,6,7.34
2020-12-09 00:00:00,7,7.37
2020-12-09 00:00:00,8,7.35
2020-12-09 00:00:00,9,7.35
2020-12-09 00:00:00,10,7.36
2020-12-09 00:00:00,11,7.36
2020-12-09 00:00:00,12,7.36
2020-12-09 00:00:00,13,7.35
2020-12-09 00:00:00,14,7.36
2020-12-09 00:00:00,15,7.37
2020-12-09 00:00:00,16,7.36
2020-12-09 00:00:00,17,7.37
2020-12-09 00:00:00,18,7.37
2020-12-09 00:00:00,19,7.37
2020-12-09 00:00:00,20,7.37
2020-12-09 00:00:00,21,7.37
2020-12-09 00:00:00,22,7.37
2020-12-09 00:00:00,23,7.37
2020-12-09 00:00:00,24,7.37
2020-12-09 00:00:00,25,7.37
2020-12-09 00:00:00,26,7.37
2020-12-09 00:00:00,27,7.37
2020-12-09 00:00:00,28,7.38
2020-12-09 00:00:00,29,7.35
2020-12-09 00:00:00,30,7.36
2020-12-09 00:00:00,31,7.36
2022-01-01 00:00:00,0,5
2022-01-01 00:00:00,30,5
2022-01-24 00:00:00,0,3.673
2022-01-24 00:00:00,0.75,3.6681
2022-01-24 00:00:00,2,3.6684
2022-01-24 00:00:00,3,3.611
2022-01-24 00:00:00,4,3.6711
2022-01-24 00:00:00,5,3.6683
2022-01-24 00:00:00,6,3.6694
2022-01-24 00:00:00,6.5,3.6734
2022-01-24 00:00:00,8,3.668
2022-01-24 00:00:00,8.5,3.6709
2022-01-24 00:00:00,10,3.6687
2022-01-24 00:00:00,11,3.6687
2022-01-24 00:00:00,12.5,3.6705
2022-01-24 00:00:00,14,3.6694
2022-01-24 00:00:00,15,3.6665
2022-01-24 00:00:00,16,3.3362
2022-01-24 00:00:00,16.5,3.6662
2022-01-24 00:00:00,18,3.6649
2022-01-24 00:00:00,19,3.6683
2022-01-24 00:00:00,20,3.6691
2022-01-24 00:00:00,21,3.668
2022-01-24 00:00:00,22,3.6691
2022-01-24 00:00:00,23,3.6691
2022-01-24 00:00:00,24,3.6691
2022-01-24 00:00:00,25,3.6691
2022-01-24 00:00:00,26,3.6691
2022-01-24 00:00:00,27,3.6691
2022-01-24 00:00:00,28,3.6691
2022-01-24 00:00:00,29,3.6615
2022-02-15 00:00:00,0,3.6097
2022-02-15 00:00:00,0.75,3.6194
2022-02-15 00:00:00,2,3.636
2022-02-15 00:00:00,3,3.6426
2022-02-15 00:00:00,4,3.6447
2022-02-15 00:00:00,4.5,3.6467
2022-02-15 00:00:00,5.5,3.6383
2022-02-15 00:00:00,7,3.6456
2022-02-15 00:00:00,7.5,3.6441
2022-02-15 00:00:00,9,3.6471
2022-02-15 00:00:00,9.5,3.6515
2022-02-15 00:00:00,11,3.6559
2022-02-15 00:00:00,12,3.644
2022-02-15 00:00:00,13,3.6562
2022-02-15 00:00:00,13.5,3.6585
2022-02-15 00:00:00,15,3.6579
2022-02-15 00:00:00,16,3.6575
2022-02-15 00:00:00,17,3.6632
2022-02-15 00:00:00,17.5,3.6624
2022-02-15 00:00:00,19,3.6622
2022-02-15 00:00:00,19.5,3.6623
2022-02-15 00:00:00,21,3.6608
2022-02-15 00:00:00,21.5,3.666
2022-02-15 00:00:00,23,3.6654
2022-02-15 00:00:00,23.5,3.6652
2022-02-15 00:00:00,24.5,3.6663
2022-02-15 00:00:00,26,3.669
2022-02-15 00:00:00,27,3.6681
2022-02-15 00:00:00,27.5,3.669
2022-02-15 00:00:00,29,3.6693
2022-02-15 00:00:00,30,3.6948
2022-03-16 00:00:00,0,3.94
2022-03-16 00:00:00,1,3.88
2022-03-16 00:00:00,2,3.89
2022-03-16 00:00:00,3,3.99
2022-03-16 00:00:00,4,3.9
2022-04-07 00:00:00,0,5.4285
2022-04-07 00:00:00,1,5.4169
2022-04-07 00:00:00,1.5,5.3501
2022-04-07 00:00:00,2.5,5.3791
2022-04-07 00:00:00,4,5.353
2022-04-07 00:00:00,5,5.3693
2022-04-07 00:00:00,6,5.3603
2022-04-07 00:00:00,6.5,5.3749
2022-04-07 00:00:00,7.5,5.3531
2022-04-07 00:00:00,9,5.3787
2022-04-07 00:00:00,10,5.384
2022-04-07 00:00:00,11,5.3825
2022-04-07 00:00:00,11.5,5.3819
2022-04-07 00:00:00,13,5.3814
2022-04-07 00:00:00,14,5.3806
2022-04-07 00:00:00,14.5,5.3825
2022-04-07 00:00:00,15.5,5.3815
2022-04-07 00:00:00,16.5,5.389
2022-04-07 00:00:00,18,5.3903
2022-04-07 00:00:00,18.5,5.385
2022-04-07 00:00:00,20,5.3854
2022-04-07 00:00:00,20.5,5.3766
2022-04-07 00:00:00,21.5,5.3846
2022-04-07 00:00:00,22.5,5.3794
2022-04-07 00:00:00,24,5.3748
2022-04-07 00:00:00,24.5,5.375
2022-04-07 00:00:00,25.5,5.3699
2022-04-07 00:00:00,27,5.369
2022-04-07 00:00:00,28,5.3717
2022-04-07 00:00:00,29,5.3714
2022-04-07 00:00:00,30,5.3723
2022-04-07 00:00:00,30,5.3832
2022-04-26 00:00:00,0,10.0133
2022-04-26 00:00:00,0.5,9.9491
2022-04-26 00:00:00,1,9.7865
2022-04-26 00:00:00,2,9.2037
2022-04-26 00:00:00,3,8.9504
2022-04-26 00:00:00,3.5,8.9356
2022-04-26 00:00:00,4.5,8.9175
2022-04-26 00:00:00,6,8.9076
2022-04-26 00:00:00,7,8.2443
2022-04-26 00:00:00,8,7.9849
2022-04-26 00:00:00,9,7.4502
2022-04-26 00:00:00,10,6.935
2022-04-26 00:00:00,11,6.6817
2022-04-26 00:00:00,11.5,6.4076
2022-04-26 00:00:00,13,6.3068
2022-04-26 00:00:00,14,6.2653
2022-04-26 00:00:00,15,6.1356
2022-04-26 00:00:00,16,6.0781
2022-04-26 00:00:00,16.5,6.0382
2022-04-26 00:00:00,18,5.9996
2022-04-26 00:00:00,18.5,5.9713
2022-04-26 00:00:00,20,5.8768
2022-04-26 00:00:00,21,5.8223
2022-04-26 00:00:00,21.5,5.803
2022-04-26 00:00:00,23,5.7637
2022-04-26 00:00:00,24,5.7426
2022-04-26 00:00:00,24.5,5.6978
2022-04-26 00:00:00,26,5.6954
2022-04-26 00:00:00,27,5.6942
2022-04-26 00:00:00,28,5.6874
2022-04-26 00:00:00,29,5.6923
2022-04-26 00:00:00,29.5,5.6904
2022-04-26 00:00:00,30,5.6985
2022-05-10 00:00:00,0,12.7312
2022-05-10 00:00:00,1,12.7303
2022-05-10 00:00:00,2,12.762
2022-05-10 00:00:00,2.5,12.7386
2022-05-10 00:00:00,4,11.8623
2022-05-10 00:00:00,5,11.7464
2022-05-10 00:00:00,6,10.9942
2022-05-10 00:00:00,6.5,10.3578
2022-05-10 00:00:00,7.5,8.6577
2022-05-10 00:00:00,7.5,9.5078
2022-05-10 00:00:00,8,7.4207
2022-05-10 00:00:00,8.5,7.364
2022-05-10 00:00:00,9,7.1073
2022-05-10 00:00:00,9.5,6.8104
2022-05-10 00:00:00,11,6.5379
2022-05-10 00:00:00,11.5,6.3444
2022-05-10 00:00:00,13,6.1953
2022-05-10 00:00:00,13.5,6.1612
2022-05-10 00:00:00,14.5,6.1189
2022-05-10 00:00:00,16,6.043
2022-05-10 00:00:00,17,5.9596
2022-05-10 00:00:00,17.5,5.903
2022-05-10 00:00:00,19,5.8949
2022-05-10 00:00:00,19.5,5.8541
2022-05-10 00:00:00,20.5,5.8264
2022-05-10 00:00:00,21.5,5.8112
2022-05-10 00:00:00,22.5,5.8145
2022-05-10 00:00:00,23.5,5.813
2022-05-10 00:00:00,25,5.8126
2022-05-10 00:00:00,25.5,5.7943
2022-05-10 00:00:00,27,5.8
2022-05-10 00:00:00,28,5.8
2022-05-25 00:00:00,0,15.1937
2022-05-25 00:00:00,1,15.1609
2022-05-25 00:00:00,2,15.0694
2022-05-25 00:00:00,3,15.0233
2022-05-25 00:00:00,4,14.9927
2022-05-25 00:00:00,5,14.9733
2022-05-25 00:00:00,5,14.9534
2022-05-25 00:00:00,5.5,14.8352
2022-05-25 00:00:00,6,13.4557
2022-05-25 00:00:00,7,13.0545
2022-05-25 00:00:00,7.5,11.2976
2022-05-25 00:00:00,8,10.4011
2022-05-25 00:00:00,8.5,10.1128
2022-05-25 00:00:00,9,9.6933
2022-05-25 00:00:00,10,8.3555
2022-05-25 00:00:00,11,7.628
2022-05-25 00:00:00,12,6.3681
2022-05-25 00:00:00,13,6.2081
2022-05-25 00:00:00,14,6.1531
2022-05-25 00:00:00,14.5,6.0525
2022-05-25 00:00:00,16,6.0314
2022-05-25 00:00:00,17,6.01
2022-05-25 00:00:00,17.5,5.9679
2022-05-25 00:00:00,18.5,5.9273
2022-05-25 00:00:00,20,5.8954
2022-05-25 00:00:00,20.5,5.9007
2022-05-25 00:00:00,22,5.8957
2022-05-25 00:00:00,23,5.8486
2022-05-25 00:00:00,23.5,5.852
2022-05-25 00:00:00,25,5.8445
2022-05-25 00:00:00,25.5,5.8454
2022-05-25 00:00:00,26.5,5.8361
2022-05-25 00:00:00,28,5.826
2022-05-25 00:00:00,29,5.8227
2022-05-25 00:00:00,29.5,5.8425
2022-05-25 00:00:00,30,5.8371
2022-06-08 00:00:00,0,15.3683
2022-06-08 00:00:00,0.75,15.3765
2022-06-08 00:00:00,1.5,15.3778
2022-06-08 00:00:00,2.5,15.374
2022-06-08 00:00:00,4,15.372
2022-06-08 00:00:00,5,15.0966
2022-06-08 00:00:00,5.5,14.7282
2022-06-08 00:00:00,5.5,14.7137
2022-06-08 00:00:00,6.5,14.1559
2022-06-08 00:00:00,7,14.0504
2022-06-08 00:00:00,7,13.7939
2022-06-08 00:00:00,8,13.5326
2022-06-08 00:00:00,8.5,13.3806
2022-06-08 00:00:00,9,12.798
2022-06-08 00:00:00,9,11.8551
2022-06-08 00:00:00,10,9.3393
2022-06-08 00:00:00,10,8.9199
2022-06-08 00:00:00,10.5,8.6964
2022-06-08 00:00:00,12,8.5045
2022-06-08 00:00:00,13,8.0623
2022-06-08 00:00:00,13.5,7.3408
2022-06-08 00:00:00,14,6.922
2022-06-08 00:00:00,14,6.882
2022-06-08 00:00:00,14,6.559
2022-06-08 00:00:00,15,6.5241
2022-06-08 00:00:00,16,6.304
2022-06-08 00:00:00,16.5,6.2227
2022-06-08 00:00:00,18,6.172
2022-06-08 00:00:00,19,6.1169
2022-06-08 00:00:00,20,6.0279
2022-06-08 00:00:00,21,5.994
2022-06-08 00:00:00,22,5.9442
2022-06-08 00:00:00,23,5.9392
2022-06-08 00:00:00,24,5.9292
2022-06-08 00:00:00,25,5.9219
2022-06-08 00:00:00,25.5,5.9151
2022-06-08 00:00:00,26.5,5.9083
2022-06-08 00:00:00,28,5.9078
2022-06-21 00:00:00,0,17.4647
2022-06-21 00:00:00,1,17.4754
2022-06-21 00:00:00,2,17.4491
2022-06-21 00:00:00,2.5,17.4416
2022-06-21 00:00:00,3.5,17.356
2022-06-21 00:00:00,5,17.2605
2022-06-21 00:00:00,5.5,17.1741
2022-06-21 00:00:00,7,17.1456
2022-06-21 00:00:00,7,16.8557
2022-06-21 00:00:00,7.5,14.6602
2022-06-21 00:00:00,8,13.3915
2022-06-21 00:00:00,9,12.1794
2022-06-21 00:00:00,9,11.0198
2022-06-21 00:00:00,9.5,9.1517
2022-06-21 00:00:00,10.5,8.1074
2022-06-21 00:00:00,10.5,8.4977
2022-06-21 00:00:00,11.5,7.6822
2022-06-21 00:00:00,12,7.5558
2022-06-21 00:00:00,12.5,7.0402
2022-06-21 00:00:00,14,6.6754
2022-06-21 00:00:00,15,6.3773
2022-06-21 00:00:00,16,6.1959
2022-06-21 00:00:00,17,6.1073
2022-06-21 00:00:00,18,6.0652
2022-06-21 00:00:00,18.5,6.0464
2022-06-21 00:00:00,20,6.0087
2022-06-21 00:00:00,20.5,5.9745
2022-06-21 00:00:00,22,5.9481
2022-06-21 00:00:00,22.5,5.946
2022-06-21 00:00:00,23.5,5.9567
2022-06-21 00:00:00,24.5,5.9558
2022-06-21 00:00:00,26,5.9395
2022-06-21 00:00:00,27,5.9279
2022-07-08 00:00:00,0,19.3219
2022-07-08 00:00:00,0.75,19.3068
2022-07-08 00:00:00,2,19.3058
2022-07-08 00:00:00,2.5,19.2985
2022-07-08 00:00:00,4,19.2808
2022-07-08 00:00:00,4.5,19.285
2022-07-08 00:00:00,5.5,19.2383
2022-07-08 00:00:00,7,19.1475
2022-07-08 00:00:00,7.5,17.7366
2022-07-08 00:00:00,7.5,19.1274
2022-07-08 00:00:00,8,13.7034
2022-07-08 00:00:00,9,12.1705
2022-07-08 00:00:00,9.5,11.6505
2022-07-08 00:00:00,9.5,10.1074
2022-07-08 00:00:00,10.5,9.4189
2022-07-08 00:00:00,11,9.1498
2022-07-08 00:00:00,11.5,8.7589
2022-07-08 00:00:00,11.5,8.2843
2022-07-08 00:00:00,13,7.3697
2022-07-08 00:00:00,14,7.2
2022-07-08 00:00:00,15,6.8
2022-07-08 00:00:00,16,6.6
2022-07-08 00:00:00,17,6.4
2022-07-08 00:00:00,18,6.3
2022-07-08 00:00:00,19,6.2
2022-07-08 00:00:00,20,6.2
2022-07-08 00:00:00,21,6.2
2022-07-08 00:00:00,22,6.1
2022-07-08 00:00:00,23,6.1
2022-07-08 00:00:00,24,6.1
2022-07-08 00:00:00,25,6
2022-07-08 00:00:00,26,5.9
2022-07-08 00:00:00,27,5.9
2022-07-08 00:00:00,28,5.9
2022-07-08 00:00:00,29,5.9
2022-07-08 00:00:00,30,5.9
2022-07-28 00:00:00,0.25,17.9448
2022-07-28 00:00:00,0.75,17.9339
2022-07-28 00:00:00,1.5,17.9434
2022-07-28 00:00:00,2.5,17.9494
2022-07-28 00:00:00,3.5,17.9392
2022-07-28 00:00:00,4.5,17.9351
2022-07-28 00:00:00,5.5,17.9608
2022-07-28 00:00:00,6,17.9419
2022-07-28 00:00:00,6.5,17.9327
2022-07-28 00:00:00,7,17.9263
2022-07-28 00:00:00,8,17.7022
2022-07-28 00:00:00,8,17.5563
2022-07-28 00:00:00,8.5,17.2475
2022-07-28 00:00:00,9.5,16.6901
2022-07-28 00:00:00,9.5,15.3101
2022-07-28 00:00:00,10,12.6247
2022-07-28 00:00:00,10.5,9.7808
2022-07-28 00:00:00,11,8.9305
2022-07-28 00:00:00,11.5,8.3808
2022-07-28 00:00:00,12.5,7.6433
2022-07-28 00:00:00,12.5,8.0817
2022-07-28 00:00:00,13,7.1727
2022-07-28 00:00:00,14,6.8632
2022-07-28 00:00:00,15,6.6798
2022-07-28 00:00:00,15.5,6.5761
2022-07-28 00:00:00,17,6.3785
2022-07-28 00:00:00,18,6.3316
2022-07-28 00:00:00,18.5,6.2674
2022-07-28 00:00:00,20,6.1675
2022-07-28 00:00:00,21,6.1286
2022-07-28 00:00:00,21.5,6.1102
2022-07-28 00:00:00,23,6.1032
2022-07-28 00:00:00,23.5,6.0822
2022-07-28 00:00:00,25,6.0674
2022-07-28 00:00:00,25.5,6.0624
2022-07-28 00:00:00,27,6.0447
2022-07-28 00:00:00,28,6.0353
2022-07-28 00:00:00,28.5,6.0329
2022-07-28 00:00:00,30,6.026
2022-08-10 00:00:00,0.25,19.4319
2022-08-10 00:00:00,0.75,19.4059
2022-08-10 00:00:00,2,19.3694
2022-08-10 00:00:00,3,18.9617
2022-08-10 00:00:00,4,18.7979
2022-08-10 00:00:00,5,18.717
2022-08-10 00:00:00,6,18.6151
2022-08-10 00:00:00,6.5,18.3785
2022-08-10 00:00:00,7.5,18.1174
2022-08-10 00:00:00,7.5,18.1225
2022-08-10 00:00:00,7.5,18.1256
2022-08-10 00:00:00,7.5,18.1199
2022-08-10 00:00:00,8.5,17.3257
2022-08-10 00:00:00,9,16.9845
2022-08-10 00:00:00,10,14.9538
2022-08-10 00:00:00,10,13.6143
2022-08-10 00:00:00,10.5,12.4963
2022-08-10 00:00:00,11,10.6126
2022-08-10 00:00:00,11.5,9.0223
2022-08-10 00:00:00,12.5,7.8365
2022-08-10 00:00:00,12.5,8.444
2022-08-10 00:00:00,13,7.3233
2022-08-10 00:00:00,13.5,7.0413
2022-08-10 00:00:00,15,6.658
2022-08-10 00:00:00,15.5,6.5032
2022-08-10 00:00:00,17,6.4484
2022-08-10 00:00:00,18,6.3591
2022-08-10 00:00:00,19,6.2747
2022-08-10 00:00:00,19.5,6.2016
2022-08-10 00:00:00,20.5,6.1533
2022-08-10 00:00:00,21.5,6.1215
2022-08-10 00:00:00,22.5,6.1323
2022-08-10 00:00:00,24,6.1189
2022-08-10 00:00:00,25,6.0918
2022-08-10 00:00:00,25.5,6.084
2022-08-10 00:00:00,26.5,6.0926
2022-08-10 00:00:00,27.5,6.0722
2022-08-10 00:00:00,28.5,6.0722
2022-08-10 00:00:00,29.5,6.063
2022-08-22 00:00:00,0,21.2715
2022-08-22 00:00:00,0.75,21.2999
2022-08-22 00:00:00,1.5,21.298
2022-08-22 00:00:00,2.5,21.1991
2022-08-22 00:00:00,4,19.5883
2022-08-22 00:00:00,4,20.7496
2022-08-22 00:00:00,4.5,19.3254
2022-08-22 00:00:00,5,19.0767
2022-08-22 00:00:00,6,18.8915
2022-08-22 00:00:00,6.5,18.5416
2022-08-22 00:00:00,7.5,17.9778
2022-08-22 00:00:00,8.5,17.4052
2022-08-22 00:00:00,9,16.4232
2022-08-22 00:00:00,9,15.7691
2022-08-22 00:00:00,9.5,15.1379
2022-08-22 00:00:00,10,13.5433
2022-08-22 00:00:00,11,11.7043
2022-08-22 00:00:00,11,10.3586
2022-08-22 00:00:00,11.5,9.8156
2022-08-22 00:00:00,12.5,8.6154
2022-08-22 00:00:00,12.5,9.0135
2022-08-22 00:00:00,13,8.4877
2022-08-22 00:00:00,13.5,8.0417
2022-08-22 00:00:00,14.5,7.2979
2022-08-22 00:00:00,16,6.9193
2022-08-22 00:00:00,16.5,6.6456
2022-08-22 00:00:00,18,6.5111
2022-08-22 00:00:00,18.5,6.3863
2022-08-22 00:00:00,20,6.3875
2022-08-22 00:00:00,20.5,6.2367
2022-08-22 00:00:00,22,6.2083
2022-08-22 00:00:00,22.5,6.1627
2022-08-22 00:00:00,23.5,6.1706
2022-08-22 00:00:00,25,6.1302
2022-08-22 00:00:00,26,6.1103
2022-08-22 00:00:00,27,6.0891
2022-08-22 00:00:00,28,6.0923
2022-08-22 00:00:00,28.5,6.0826
2022-09-07 00:00:00,0,18.5957
2022-09-07 00:00:00,1,18.6403
2022-09-07 00:00:00,2,18.6415
2022-09-07 00:00:00,3,18.6295
2022-09-07 00:00:00,4,18.6232
2022-09-07 00:00:00,5,18.6159
2022-09-07 00:00:00,5.5,18.6009
2022-09-07 00:00:00,6.5,18.4045
2022-09-07 00:00:00,7.5,18.1318
2022-09-07 00:00:00,7.5,17.3294
2022-09-07 00:00:00,8,16.8308
2022-09-07 00:00:00,9,15.7346
2022-09-07 00:00:00,9.5,15.2872
2022-09-07 00:00:00,9.5,14.7039
2022-09-07 00:00:00,11,11.7648
2022-09-07 00:00:00,11,10.1989
2022-09-07 00:00:00,12,8.9841
2022-09-07 00:00:00,12.5,8.5717
2022-09-07 00:00:00,12.5,7.9084
2022-09-07 00:00:00,14,7.0051
2022-09-07 00:00:00,14.5,6.7096
2022-09-07 00:00:00,16,6.5059
2022-09-07 00:00:00,17,6.3303
2022-09-07 00:00:00,18,6.2913
2022-09-07 00:00:00,18.5,6.2149
2022-09-07 00:00:00,19.5,6.1499
2022-09-07 00:00:00,20.5,6.125
2022-09-07 00:00:00,22,6.0887
2022-09-07 00:00:00,23,6.0668
2022-09-07 00:00:00,24,6.0553
2022-09-07 00:00:00,25,6.0463
2022-09-07 00:00:00,25.5,6.0482
2022-09-07 00:00:00,27,6.0258
2022-09-07 00:00:00,28,6.0269
2022-09-07 00:00:00,28.5,6.0342
2022-09-07 00:00:00,30,6.0356
2022-09-07 00:00:00,30.5,6.0689
2022-09-20 00:00:00,0,16.0665
2022-09-20 00:00:00,1,15.9471
2022-09-20 00:00:00,2,15.9104
2022-09-20 00:00:00,3,15.8882
2022-09-20 00:00:00,4,15.8754
2022-09-20 00:00:00,4.5,15.8618
2022-09-20 00:00:00,6,15.832
2022-09-20 00:00:00,6.5,15.8148
2022-09-20 00:00:00,8,15.7897
2022-09-20 00:00:00,9,15.7655
2022-09-20 00:00:00,10,15.7019
2022-09-20 00:00:00,10.5,15.1583
2022-09-20 00:00:00,11.5,11.5951
2022-09-20 00:00:00,12,9.402
2022-09-20 00:00:00,12,10.2378
2022-09-20 00:00:00,13,8.396
2022-09-20 00:00:00,13.5,7.9395
2022-09-20 00:00:00,14,7.0632
2022-09-20 00:00:00,14,7.7561
2022-09-20 00:00:00,15,6.821
2022-09-20 00:00:00,16,6.572
2022-09-20 00:00:00,17,6.4597
2022-09-20 00:00:00,17.5,6.4249
2022-09-20 00:00:00,18,6.3841
2022-09-20 00:00:00,19,6.2758
2022-09-20 00:00:00,20,6.231
2022-09-20 00:00:00,20.5,6.1979
2022-09-20 00:00:00,22,6.1712
2022-09-20 00:00:00,23,6.1184
2022-09-20 00:00:00,24,6.1035
2022-09-20 00:00:00,25,6.0925
2022-09-20 00:00:00,26,6.0764
2022-09-20 00:00:00,27,6.0574
2022-09-20 00:00:00,28,6.0466
2022-09-20 00:00:00,29,6.0395
2022-09-20 00:00:00,29.5,6.0431
2022-10-07 00:00:00,0,13.8426
2022-10-07 00:00:00,0.75,13.6836
2022-10-07 00:00:00,2,13.6737
2022-10-07 00:00:00,3,13.6545
2022-10-07 00:00:00,4,13.6691
2022-10-07 00:00:00,5,13.6647
2022-10-07 00:00:00,5.5,13.6778
2022-10-07 00:00:00,7,13.6826
2022-10-07 00:00:00,8,13.6811
2022-10-07 00:00:00,8.5,13.6764
2022-10-07 00:00:00,10,13.6714
2022-10-07 00:00:00,10.5,13.6441
2022-10-07 00:00:00,12,13.306
2022-10-07 00:00:00,12.5,12.4495
2022-10-07 00:00:00,12.5,12.8185
2022-10-07 00:00:00,13,11.7479
2022-10-07 00:00:00,13.5,8.642
2022-10-07 00:00:00,14.5,7.7759
2022-10-07 00:00:00,14.5,8.6266
2022-10-07 00:00:00,16,6.9102
2022-10-07 00:00:00,16.5,6.6694
2022-10-07 00:00:00,18,6.3807
2022-10-07 00:00:00,18.5,6.2927
2022-10-07 00:00:00,20,6.2256
2022-10-07 00:00:00,21,6.1868
2022-10-07 00:00:00,22,6.1072
2022-10-07 00:00:00,23,6.0733
2022-10-07 00:00:00,24,6.0367
2022-10-07 00:00:00,25,6.0157
2022-10-07 00:00:00,26,6.0043
2022-10-07 00:00:00,27,5.9989
2022-10-07 00:00:00,28,5.9893
2022-10-07 00:00:00,29,5.9917
2022-10-07 00:00:00,30,6.0873
2022-10-27 00:00:00,0,12.2129
2022-10-27 00:00:00,1,12.1981
2022-10-27 00:00:00,2,12.1616
2022-10-27 00:00:00,3,12.1495
2022-10-27 00:00:00,3.5,12.1447
2022-10-27 00:00:00,5,12.1351
2022-10-27 00:00:00,6,12.1309
2022-10-27 00:00:00,6.5,12.1251
2022-10-27 00:00:00,8,12.129
2022-10-27 00:00:00,9,12.1293
2022-10-27 00:00:00,9.5,12.134
2022-10-27 00:00:00,10.5,12.1355
2022-10-27 00:00:00,12,12.0525
2022-10-27 00:00:00,12.5,11.9026
2022-10-27 00:00:00,13.5,11.805
2022-10-27 00:00:00,13.5,11.5186
2022-10-27 00:00:00,14.5,10.7867
2022-10-27 00:00:00,15,7.407
2022-10-27 00:00:00,15,8.7187
2022-10-27 00:00:00,16,6.8745
2022-10-27 00:00:00,16.5,6.7024
2022-10-27 00:00:00,17,6.61
2022-10-27 00:00:00,17.5,6.4718
2022-10-27 00:00:00,18.5,6.3407
2022-10-27 00:00:00,19.5,6.3325
2022-10-27 00:00:00,21,6.265
2022-10-27 00:00:00,22,6.1804
2022-10-27 00:00:00,23,6.1131
2022-10-27 00:00:00,23.5,6.0951
2022-10-27 00:00:00,24.5,6.076
2022-10-27 00:00:00,26,6.0547
2022-10-27 00:00:00,27,6.0473
2022-10-27 00:00:00,28,6.0487
2022-10-27 00:00:00,28.5,6.044
2022-10-27 00:00:00,29.5,6.0308
2022-10-27 00:00:00,30,6.0424
2022-11-22 00:00:00,0,8.5849
2022-11-22 00:00:00,1,8.5968
2022-11-22 00:00:00,2,8.5983
2022-11-22 00:00:00,3,8.6041
2022-11-22 00:00:00,3.5,8.6077
2022-11-22 00:00:00,5,8.6142
2022-11-22 00:00:00,5.5,8.6104
2022-11-22 00:00:00,7,8.6104
2022-11-22 00:00:00,8,8.6145
2022-11-22 00:00:00,9,8.6117
2022-11-22 00:00:00,10,8.6101
2022-11-22 00:00:00,11,8.6079
2022-11-22 00:00:00,12,8.6057
2022-11-22 00:00:00,13,8.6004
2022-11-22 00:00:00,14,8.6007
2022-11-22 00:00:00,15,8.5982
2022-11-22 00:00:00,15.5,8.5959
2022-11-22 00:00:00,17,8.5857
2022-11-22 00:00:00,18,8.5461
2022-11-22 00:00:00,18.5,8.5257
2022-11-22 00:00:00,19.5,8.5035
2022-11-22 00:00:00,20.5,8.3717
2022-11-22 00:00:00,21.5,8.3644
2022-11-22 00:00:00,23,7.1549
2022-11-22 00:00:00,23.5,6.6907
2022-12-13 00:00:00,0,5.9875
2022-12-13 00:00:00,0.75,6.0212
2022-12-13 00:00:00,2,6.0291
2022-12-13 00:00:00,3,6.0041
2022-12-13 00:00:00,4,6.008
2022-12-13 00:00:00,5,6.0167
2022-12-13 00:00:00,6,6.007
2022-12-13 00:00:00,7,5.9959
2022-12-13 00:00:00,8,6.0052
2022-12-13 00:00:00,9,6.0011
2022-12-13 00:00:00,10,6.0011
2022-12-13 00:00:00,10.5,5.9949
2022-12-13 00:00:00,11.5,5.9991
2022-12-13 00:00:00,13,5.9925
2022-12-13 00:00:00,14,5.9743
2022-12-13 00:00:00,15,5.9591
2022-12-13 00:00:00,16,5.9339
2022-12-13 00:00:00,17,5.9267
2022-12-13 00:00:00,18,5.9179
2022-12-13 00:00:00,19,5.9117
2022-12-13 00:00:00,19.5,5.9144
2022-12-13 00:00:00,21,5.8821
2022-12-13 00:00:00,22,5.8735
2022-12-13 00:00:00,22.5,5.8653
2022-12-13 00:00:00,24,5.8514
2022-12-13 00:00:00,25,5.849
2022-12-13 00:00:00,25.5,5.8503
2022-12-13 00:00:00,27,5.8244
2022-12-13 00:00:00,28,5.8229
2022-12-13 00:00:00,29.5,5.8487
2024-01-30 00:00:00,0,3.113
2024-01-30 00:00:00,1,3.0946
2024-01-30 00:00:00,1.5,3.1134
2024-01-30 00:00:00,3,3.0958
2024-01-30 00:00:00,4,3.0942
2024-01-30 00:00:00,4.5,3.0943
2024-01-30 00:00:00,6,3.0911
2024-01-30 00:00:00,7,3.0998
2024-01-30 00:00:00,8,3.0966
2024-01-30 00:00:00,9,3.0872
2024-01-30 00:00:00,10,3.0842
2024-01-30 00:00:00,11,3.0735
2024-01-30 00:00:00,12,3.0805
2024-01-30 00:00:00,13,3.0827
2024-01-30 00:00:00,13.5,3.0775
2024-01-30 00:00:00,15,3.078
2024-01-30 00:00:00,15.5,3.0828
2024-01-30 00:00:00,16.5,3.0857
2024-01-30 00:00:00,17.5,3.0871
2024-01-30 00:00:00,19,3.0875
2024-01-30 00:00:00,19.5,3.0924
2024-01-30 00:00:00,21,3.0866
2024-01-30 00:00:00,22,3.0818
2024-01-30 00:00:00,23,3.0878
2024-01-30 00:00:00,24,3.0869
2024-01-30 00:00:00,24.5,3.0885
2024-01-30 00:00:00,26,3.0901
2024-01-30 00:00:00,27,3.0993
2024-01-30 00:00:00,28,3.1037
2024-01-30 00:00:00,29,3.1134
2024-02-13 00:00:00,0,3
2024-02-13 00:00:00,1,3
2024-02-13 00:00:00,2,3
2024-02-13 00:00:00,3,3
2024-02-13 00:00:00,4,3
2024-02-13 00:00:00,5,3
2024-02-13 00:00:00,6,3
2024-02-13 00:00:00,7,3
2024-02-13 00:00:00,8,3
2024-02-13 00:00:00,9,3
2024-02-13 00:00:00,10,3
2024-02-13 00:00:00,11,3
2024-02-13 00:00:00,12,3
2024-02-13 00:00:00,13,3
2024-02-13 00:00:00,14,3
2024-02-13 00:00:00,15,3
2024-02-13 00:00:00,16,3
2024-02-13 00:00:00,17,3
2024-02-13 00:00:00,18,3
2024-02-13 00:00:00,19,3
2024-02-13 00:00:00,20,3
2024-02-13 00:00:00,21,3
2024-02-13 00:00:00,22,3
2024-02-13 00:00:00,23,3
2024-02-13 00:00:00,24,3
2024-02-13 00:00:00,25,3
2024-02-13 00:00:00,26,3
2024-02-13 00:00:00,27,3
2024-02-13 00:00:00,28,3
2024-02-13 00:00:00,29,3
2024-02-13 00:00:00,30,3
2024-03-14 00:00:00,0,4.5448
2024-03-14 00:00:00,1,4.5315
2024-03-14 00:00:00,1.5,4.5174
2024-03-14 00:00:00,3,4.5163
2024-03-14 00:00:00,3.5,4.5162
2024-03-14 00:00:00,4.5,4.4959
2024-03-14 00:00:00,5.5,4.4909
2024-03-14 00:00:00,7,4.4919
2024-03-14 00:00:00,8,4.481
2024-03-14 00:00:00,9,4.4862
2024-03-14 00:00:00,9.5,4.4891
2024-03-14 00:00:00,11,4.4811
2024-03-14 00:00:00,11.5,4.4788
2024-03-14 00:00:00,12.5,4.4735
2024-03-14 00:00:00,14,4.4632
2024-03-14 00:00:00,15,4.4712
2024-03-14 00:00:00,16,4.4564
2024-03-14 00:00:00,16.5,4.4793
2024-03-14 00:00:00,18,4.481
2024-03-14 00:00:00,19,4.4789
2024-03-14 00:00:00,20,4.4699
2024-03-14 00:00:00,21,4.4684
2024-03-14 00:00:00,22,4.4645
2024-03-14 00:00:00,23,4.4678
2024-03-14 00:00:00,24,4.4668
2024-03-14 00:00:00,25,4.4642
2024-03-14 00:00:00,26,4.4665
2024-03-14 00:00:00,26.5,4.4672
2024-03-14 00:00:00,28,4.4704
2024-03-14 00:00:00,29,4.4683
2024-03-14 00:00:00,30,4.469
2024-03-14 00:00:00,30,4.4685
2024-03-14 00:00:00,30,4.4768
2024-03-14 00:00:00,31,4.4772
2024-04-10 00:00:00,0.25,7.554
2024-04-10 00:00:00,0.5,7.5679
2024-04-10 00:00:00,0.75,7.5483
2024-04-10 00:00:00,2,7.531
2024-04-10 00:00:00,2.5,7.5097
2024-04-10 00:00:00,4,7.4861
2024-04-10 00:00:00,4.5,7.4877
2024-04-10 00:00:00,5.5,7.4866
2024-04-10 00:00:00,6.5,7.4909
2024-04-10 00:00:00,8,7.4557
2024-04-10 00:00:00,9,7.4106
2024-04-10 00:00:00,10,7.4354
2024-04-10 00:00:00,10.5,7.3057
2024-04-10 00:00:00,12,7.2233
2024-04-10 00:00:00,13,7.1946
2024-04-10 00:00:00,14,7.1631
2024-04-10 00:00:00,15,7.0886
2024-04-10 00:00:00,16,7.0595
2024-04-10 00:00:00,17,7.0631
2024-04-10 00:00:00,18,7.0589
2024-04-10 00:00:00,19,7.024
2024-04-10 00:00:00,19.5,7.0223
2024-04-10 00:00:00,21,6.9613
2024-04-10 00:00:00,22,6.8719
2024-04-10 00:00:00,23,6.8539
2024-04-10 00:00:00,24,6.7444
2024-04-10 00:00:00,25,6.4453
2024-04-10 00:00:00,26,6.3481
2024-04-10 00:00:00,27,6.1281
2024-04-10 00:00:00,28,6.0843
2024-04-10 00:00:00,29,6.0058
2024-04-10 00:00:00,30,5.9867
2024-04-10 00:00:00,30,6.0441
2024-04-10 00:00:00,31,6.0297
2024-04-10 00:00:00,31,6.0487
2024-04-29 00:00:00,0,9.1367
2024-04-29 00:00:00,0.75,9.1578
2024-04-29 00:00:00,1.5,9.145
2024-04-29 00:00:00,3,9.0561
2024-04-29 00:00:00,4,9.0235
2024-04-29 00:00:00,5,8.9748
2024-04-29 00:00:00,5.5,8.8938
2024-04-29 00:00:00,7,8.6716
2024-04-29 00:00:00,7.5,8.4471
2024-04-29 00:00:00,9,8.2932
2024-04-29 00:00:00,9.5,8.1249
2024-04-29 00:00:00,10.5,7.9653
2024-04-29 00:00:00,12,7.9054
2024-04-29 00:00:00,13,7.8566
2024-04-29 00:00:00,13.5,7.8385
2024-04-29 00:00:00,14.5,7.8296
2024-04-29 00:00:00,16,7.8168
2024-04-29 00:00:00,16.5,7.7435
2024-04-29 00:00:00,17.5,7.6881
2024-04-29 00:00:00,19,7.6597
2024-04-29 00:00:00,20,7.646
2024-04-29 00:00:00,21,7.6241
2024-04-29 00:00:00,22,7.6177
2024-04-29 00:00:00,23,7.6112
2024-04-29 00:00:00,24,7.5991
2024-04-29 00:00:00,25,7.5839
2024-04-29 00:00:00,26,7.5639
2024-04-29 00:00:00,26.5,7.5196
2024-04-29 00:00:00,28,7.5107
2024-05-16 00:00:00,0,15.1274
2024-05-16 00:00:00,1,15.0963
2024-05-16 00:00:00,1.5,15.0564
2024-05-16 00:00:00,3,14.9409
2024-05-16 00:00:00,4,13.9392
2024-05-16 00:00:00,4.5,13.4082
2024-05-16 00:00:00,5,13.1411
2024-05-16 00:00:00,5,12.6601
2024-05-16 00:00:00,6,11.747
2024-05-16 00:00:00,6,12.2239
2024-05-16 00:00:00,7,10.9504
2024-05-16 00:00:00,8,10.5552
2024-05-16 00:00:00,8,10.513
2024-05-16 00:00:00,8,10.2953
2024-05-16 00:00:00,9,9.6817
2024-05-16 00:00:00,9.5,9.6294
2024-05-16 00:00:00,10,9.404
2024-05-16 00:00:00,10.5,9.2081
2024-05-16 00:00:00,10.5,8.9564
2024-05-16 00:00:00,11.5,8.6125
2024-05-16 00:00:00,12,8.4894
2024-05-16 00:00:00,13,8.3299
2024-05-16 00:00:00,13.5,8.2445
2024-05-16 00:00:00,15,8.0437
2024-05-16 00:00:00,16,7.9581
2024-05-16 00:00:00,16.5,7.8315
2024-05-16 00:00:00,16.5,7.8537
2024-05-16 00:00:00,17.5,7.7875
2024-05-16 00:00:00,19,7.7406
2024-05-16 00:00:00,19.5,7.6997
2024-05-16 00:00:00,21,7.685
2024-05-16 00:00:00,21.5,7.667
2024-05-16 00:00:00,23,7.6412
2024-05-16 00:00:00,24,7.6334
2024-05-16 00:00:00,25,7.6239
2024-05-16 00:00:00,26,7.6091
2024-05-16 00:00:00,27,7.5678
2024-05-16 00:00:00,28,7.553
2024-05-16 00:00:00,29,7.5439
2024-05-16 00:00:00,30,7.5349
2024-05-16 00:00:00,30,7.5307
2024-05-23 00:00:00,0,17.5364
2024-05-23 00:00:00,0.75,17.5457
2024-05-23 00:00:00,2,17.4999
2024-05-23 00:00:00,3,17.428
2024-05-23 00:00:00,4,16.9824
2024-05-23 00:00:00,5,16.4581
2024-05-23 00:00:00,5.5,15.8078
2024-05-23 00:00:00,6,15.5491
2024-05-23 00:00:00,6.5,15.3703
2024-05-23 00:00:00,7,15.2403
2024-05-23 00:00:00,7.5,13.5652
2024-05-23 00:00:00,7.5,13.0096
2024-05-23 00:00:00,8,11.9506
2024-05-23 00:00:00,8,11.241
2024-05-23 00:00:00,8.5,10.5673
2024-05-23 00:00:00,9.5,10.2582
2024-05-23 00:00:00,10,9.9524
2024-05-23 00:00:00,11,9.5341
2024-05-23 00:00:00,11.5,9.0564
2024-05-23 00:00:00,13,8.6121
2024-05-23 00:00:00,13.5,8.3923
2024-05-23 00:00:00,15,8.0924
2024-05-23 00:00:00,15.5,7.9907
2024-05-23 00:00:00,16.5,7.8677
2024-05-23 00:00:00,18,7.8613
2024-05-23 00:00:00,19.5,7.7987
2024-05-23 00:00:00,21,7.7484
2024-05-23 00:00:00,21.5,7.7225
2024-05-23 00:00:00,22.5,7.7118
2024-05-23 00:00:00,24,7.6866
2024-05-23 00:00:00,24.5,7.6765
2024-05-23 00:00:00,25.5,7.6507
2024-05-23 00:00:00,27,7.6081
2024-05-23 00:00:00,27.5,7.5953
2024-05-23 00:00:00,29,7.5584
2024-05-23 00:00:00,30,7.5562
2024-05-23 00:00:00,30.5,7.5455
2024-06-07 00:00:00,0,17.6514
2024-06-07 00:00:00,0.75,17.6545
2024-06-07 00:00:00,2,17.6492
2024-06-07 00:00:00,3,17.6479
2024-06-07 00:00:00,4,17.6456
2024-06-07 00:00:00,4.5,17.6071
2024-06-07 00:00:00,5.5,17.5373
2024-06-07 00:00:00,6,17.1016
2024-06-07 00:00:00,6.5,16.1524
2024-06-07 00:00:00,7,15.0955
2024-06-07 00:00:00,7.5,12.5115
2024-06-07 00:00:00,8.5,11.7125
2024-06-07 00:00:00,8.5,11.1778
2024-06-07 00:00:00,9,10.6889
2024-06-07 00:00:00,9.5,9.9484
2024-06-07 00:00:00,10.5,9.4532
2024-06-07 00:00:00,10.5,9.4296
2024-06-07 00:00:00,11.5,8.7123
2024-06-07 00:00:00,13,8.3352
2024-06-07 00:00:00,14,8.1702
2024-06-07 00:00:00,14.5,7.9756
2024-06-07 00:00:00,15.5,7.9022
2024-06-07 00:00:00,17,7.8466
2024-06-07 00:00:00,17.5,7.8545
2024-06-07 00:00:00,19,7.7699
2024-06-07 00:00:00,20,7.7684
2024-06-07 00:00:00,20.5,7.7847
2024-06-07 00:00:00,22,7.7185
2024-06-07 00:00:00,22.5,7.6587
2024-06-07 00:00:00,23.5,7.6196
2024-06-07 00:00:00,25,7.6162
2024-06-07 00:00:00,25.5,7.5862
2024-06-07 00:00:00,27,7.5729
2024-06-07 00:00:00,28,7.5701
2024-06-27 00:00:00,0,20.99
2024-06-27 00:00:00,1,21.03
2024-06-27 00:00:00,1.5,18.46
2024-06-27 00:00:00,3,17.71
2024-06-27 00:00:00,4,17.36
2024-06-27 00:00:00,4.5,17.05
2024-06-27 00:00:00,5.5,16.48
2024-06-27 00:00:00,7,15.63
2024-06-27 00:00:00,8,15.05
2024-06-27 00:00:00,8.5,14.23
2024-06-27 00:00:00,8.5,13.6
2024-06-27 00:00:00,9.5,12.49
2024-06-27 00:00:00,10,11.46
2024-06-27 00:00:00,10.5,10.83
2024-06-27 00:00:00,11,9.7
2024-06-27 00:00:00,11.5,9.25
2024-06-27 00:00:00,12,9.04
2024-06-27 00:00:00,13,8.7
2024-06-27 00:00:00,14,8.3
2024-06-27 00:00:00,15,8.12
2024-06-27 00:00:00,16,8.04
2024-06-27 00:00:00,17,7.96
2024-06-27 00:00:00,18,7.93
2024-06-27 00:00:00,18.5,7.89
2024-06-27 00:00:00,19.5,7.88
2024-06-27 00:00:00,21,7.86
2024-06-27 00:00:00,22,7.84
2024-06-27 00:00:00,23,7.79
2024-06-27 00:00:00,24,7.78
2024-06-27 00:00:00,24.5,7.75
2024-06-27 00:00:00,26,7.72
2024-06-27 00:00:00,27,7.7
2024-06-27 00:00:00,28,7.69
2024-06-27 00:00:00,29,7.68
2024-06-27 00:00:00,30,7.68
2024-07-09 00:00:00,0,17.43
2024-07-09 00:00:00,0.75,17.33
2024-07-09 00:00:00,1.5,17.22
2024-07-09 00:00:00,3,17.18
2024-07-09 00:00:00,3.5,17.12
2024-07-09 00:00:00,4.5,17.1
2024-07-09 00:00:00,6,17.08
2024-07-09 00:00:00,7,16.7
2024-07-09 00:00:00,7.5,15.84
2024-07-09 00:00:00,8.5,15.24
2024-07-09 00:00:00,9,14.62
2024-07-09 00:00:00,9,14.08
2024-07-09 00:00:00,10,13.31
2024-07-09 00:00:00,10.5,11.87
2024-07-09 00:00:00,11,9.2
2024-07-09 00:00:00,11,9.68
2024-07-09 00:00:00,12,9.16
2024-07-09 00:00:00,12.5,8.88
2024-07-09 00:00:00,13.5,8.58
2024-07-09 00:00:00,15,8.27
2024-07-09 00:00:00,15.5,8.11
2024-07-09 00:00:00,17,7.98
2024-07-09 00:00:00,18,7.91
2024-07-09 00:00:00,19,7.86
2024-07-09 00:00:00,19.5,7.76
2024-07-09 00:00:00,20.5,7.79
2024-07-09 00:00:00,21.5,7.76
2024-07-09 00:00:00,22.5,7.78
2024-07-09 00:00:00,24,7.73
2024-07-09 00:00:00,24.5,7.76
2024-07-09 00:00:00,25.5,7.73
2024-07-09 00:00:00,26.5,7.74
2024-07-09 00:00:00,28,7.74
2024-07-09 00:00:00,29,7.7
2024-07-09 00:00:00,30,7.68
2024-07-17 00:00:00,0,19.64
2024-07-17 00:00:00,0.75,19.12
2024-07-17 00:00:00,2,18.6
2024-07-17 00:00:00,3,18.47
2024-07-17 00:00:00,3.5,18.39
2024-07-17 00:00:00,4.5,18.16
2024-07-17 00:00:00,5.5,17.6
2024-07-17 00:00:00,7,17.19
2024-07-17 00:00:00,8,16.12
2024-07-17 00:00:00,8.5,15.6
2024-07-17 00:00:00,8.5,14.92
2024-07-17 00:00:00,9.5,13.83
2024-07-17 00:00:00,9.5,12.3
2024-07-17 00:00:00,10.5,11.47
2024-07-17 00:00:00,10.5,10.64
2024-07-17 00:00:00,11,9.79
2024-07-17 00:00:00,12,9.5
2024-07-17 00:00:00,12.5,8.7
2024-07-17 00:00:00,12.5,9.06
2024-07-17 00:00:00,14,8.44
2024-07-17 00:00:00,15,8.3
2024-07-17 00:00:00,16,8.1
2024-07-17 00:00:00,16.5,8.06
2024-07-17 00:00:00,17.5,7.95
2024-07-17 00:00:00,18,7.98
2024-07-17 00:00:00,18.5,7.87
2024-07-17 00:00:00,20,7.81
2024-07-17 00:00:00,20.5,7.77
2024-07-17 00:00:00,22,7.76
2024-07-17 00:00:00,22.5,7.68
2024-07-17 00:00:00,24,7.64
2024-07-17 00:00:00,25,7.61
2024-07-17 00:00:00,25.5,7.61
2024-07-17 00:00:00,27,7.58
2024-07-17 00:00:00,27.5,7.58
2024-07-17 00:00:00,28.5,7.59
2024-08-09 00:00:00,0,20.38
2024-08-09 00:00:00,0.75,20.5
2024-08-09 00:00:00,2,20.61
2024-08-09 00:00:00,2.5,20.63
2024-08-09 00:00:00,4,20.55
2024-08-09 00:00:00,5,19.69
2024-08-09 00:00:00,6,19.06
2024-08-09 00:00:00,6.5,18.36
2024-08-09 00:00:00,7,17.42
2024-08-09 00:00:00,8,15.72
2024-08-09 00:00:00,8.5,14.68
2024-08-09 00:00:00,9,13.98
2024-08-09 00:00:00,9.5,12.88
2024-08-09 00:00:00,9.5,13.24
2024-08-09 00:00:00,10.5,12.16
2024-08-09 00:00:00,11,11.19
2024-08-09 00:00:00,11,11.73
2024-08-09 00:00:00,12,10.64
2024-08-09 00:00:00,12,10.05
2024-08-09 00:00:00,13,9.69
2024-08-09 00:00:00,13.5,9.23
2024-08-09 00:00:00,14,8.88
2024-08-09 00:00:00,15,8.46
2024-08-09 00:00:00,15.5,8.16
2024-08-09 00:00:00,16.5,8.04
2024-08-09 00:00:00,18,7.89
2024-08-09 00:00:00,18.5,7.84
2024-08-09 00:00:00,20,7.77
2024-08-09 00:00:00,21,7.7
2024-08-09 00:00:00,21.5,7.61
2024-08-09 00:00:00,22.5,7.59
2024-08-09 00:00:00,24,7.59
2024-08-09 00:00:00,25,7.6
2024-08-09 00:00:00,26,7.6
2024-08-09 00:00:00,27,7.6
2024-08-09 00:00:00,28,7.61
2024-08-09 00:00:00,29,7.57
2024-08-09 00:00:00,29.5,7.6
2024-08-23 00:00:00,0,19.3335
2024-08-23 00:00:00,0.75,19.34
2024-08-23 00:00:00,2,19.3348
2024-08-23 00:00:00,2.5,19.3311
2024-08-23 00:00:00,3.5,19.3279
2024-08-23 00:00:00,4.5,19.3245
2024-08-23 00:00:00,5.5,19.3099
2024-08-23 00:00:00,7,18.8657
2024-08-23 00:00:00,7,19.2665
2024-08-23 00:00:00,8,17.8357
2024-08-23 00:00:00,8.5,16.648
2024-08-23 00:00:00,9,15.5089
2024-08-23 00:00:00,9,14.4477
2024-08-23 00:00:00,10,13.0294
2024-08-23 00:00:00,10,11.8135
2024-08-23 00:00:00,10.5,10.6675
2024-08-23 00:00:00,11.5,9.7296
2024-08-23 00:00:00,11.5,9.9914
2024-08-23 00:00:00,12,9.3676
2024-08-23 00:00:00,13,9.0119
2024-08-23 00:00:00,13.5,8.7167
2024-08-23 00:00:00,14.5,8.3636
2024-08-23 00:00:00,16,8.1809
2024-08-23 00:00:00,16.5,8.0157
2024-08-23 00:00:00,17.5,7.9514
2024-08-23 00:00:00,18.5,7.8805
2024-08-23 00:00:00,19.5,7.8605
2024-08-23 00:00:00,21,7.8186
2024-08-23 00:00:00,22,7.7814
2024-08-23 00:00:00,22.5,7.7014
2024-08-23 00:00:00,24,7.6589
2024-08-23 00:00:00,24.5,7.6518
2024-08-23 00:00:00,25.5,7.6452
2024-08-23 00:00:00,27,7.6156
2024-09-04 00:00:00,0,19.6229
2024-09-04 00:00:00,1,19.449
2024-09-04 00:00:00,2,19.2771
2024-09-04 00:00:00,3,19.1862
2024-09-04 00:00:00,3.5,18.8752
2024-09-04 00:00:00,4.5,18.6891
2024-09-04 00:00:00,6,18.6059
2024-09-04 00:00:00,7,18.4178
2024-09-04 00:00:00,7.5,18.0015
2024-09-04 00:00:00,8.5,17.4128
2024-09-04 00:00:00,9,15.4117
2024-09-04 00:00:00,10,14.4688
2024-09-04 00:00:00,10,12.8014
2024-09-04 00:00:00,11,11.6712
2024-09-04 00:00:00,11,12.1921
2024-09-04 00:00:00,12,10.8788
2024-09-04 00:00:00,12,10.6705
2024-09-04 00:00:00,13,9.2248
2024-09-04 00:00:00,14,8.8294
2024-09-04 00:00:00,15,8.459
2024-09-04 00:00:00,16,8.1954
2024-09-04 00:00:00,16.5,8.1229
2024-09-04 00:00:00,17.5,8.0829
2024-09-04 00:00:00,19,7.9427
2024-09-04 00:00:00,19.5,7.8928
2024-09-04 00:00:00,21,7.8093
2024-09-04 00:00:00,21.5,7.7618
2024-09-04 00:00:00,23,7.7104
2024-09-04 00:00:00,24,7.6598
2024-09-04 00:00:00,25,7.6551
2024-09-04 00:00:00,25.5,7.6062
2024-09-04 00:00:00,27,7.5933
2024-09-04 00:00:00,28,7.5941
2024-09-04 00:00:00,29,7.5871
2024-09-04 00:00:00,30,7.5847
2024-09-18 00:00:00,0,17.9057
2024-09-18 00:00:00,1,17.8224
2024-09-18 00:00:00,1.5,17.6103
2024-09-18 00:00:00,2.5,17.4478
2024-09-18 00:00:00,4,17.3915
2024-09-18 00:00:00,5,17.3698
2024-09-18 00:00:00,5.5,17.3622
2024-09-18 00:00:00,6.5,17.2896
2024-09-18 00:00:00,7.5,17.1837
2024-09-18 00:00:00,9,16.6173
2024-09-18 00:00:00,9.5,15.9924
2024-09-18 00:00:00,10,15.3655
2024-09-18 00:00:00,10.5,13.6329
2024-09-18 00:00:00,10.5,12.2957
2024-09-18 00:00:00,11.5,11.3886
2024-09-18 00:00:00,12,10.3372
2024-09-18 00:00:00,12.5,9.8026
2024-09-18 00:00:00,12.5,9.3162
2024-09-18 00:00:00,14,8.8821
2024-09-18 00:00:00,15,8.3479
2024-09-18 00:00:00,15.5,8.1123
2024-09-18 00:00:00,17,8.0317
2024-09-18 00:00:00,17.5,7.9805
2024-09-18 00:00:00,19,7.9476
2024-09-18 00:00:00,19.5,7.8956
2024-09-18 00:00:00,20.5,7.7892
2024-09-18 00:00:00,22,7.7137
2024-09-18 00:00:00,23,7.6808
2024-09-18 00:00:00,24,7.6388
2024-09-18 00:00:00,25,7.6396
2024-09-18 00:00:00,26,7.6023
2024-09-18 00:00:00,26.5,7.598
2024-09-18 00:00:00,27.5,7.5875
2024-09-18 00:00:00,29,7.5642
2024-09-18 00:00:00,30,7.5497
2024-10-04 00:00:00,0,13.9721
2024-10-04 00:00:00,1,13.8772
2024-10-04 00:00:00,2,13.8515
2024-10-04 00:00:00,3,13.8344
2024-10-04 00:00:00,3.5,13.8402
2024-10-04 00:00:00,4.5,13.8237
2024-10-04 00:00:00,6,13.8146
2024-10-04 00:00:00,6.5,13.8069
2024-10-04 00:00:00,8,13.8093
2024-10-04 00:00:00,9,13.79
2024-10-04 00:00:00,9.5,13.7514
2024-10-04 00:00:00,11,13.6452
2024-10-04 00:00:00,11.5,13.3592
2024-10-04 00:00:00,12.5,11.8197
2024-10-04 00:00:00,13,11.738
2024-10-04 00:00:00,13.5,9.9766
2024-10-04 00:00:00,14,9.4174
2024-10-04 00:00:00,15,8.4807
2024-10-04 00:00:00,16,8.131
2024-10-04 00:00:00,17,8.0861
2024-10-04 00:00:00,17.5,7.9643
2024-10-04 00:00:00,19,7.8582
2024-10-04 00:00:00,20,7.7512
2024-10-04 00:00:00,21,7.6818
2024-10-04 00:00:00,21.5,7.6168
2024-10-04 00:00:00,22.5,7.6141
2024-10-04 00:00:00,23.5,7.587
2024-10-04 00:00:00,24.5,7.5268
2024-10-04 00:00:00,26,7.519
2024-10-04 00:00:00,27,7.5296
2024-10-04 00:00:00,28,7.5503
2024-10-04 00:00:00,28.5,7.4987
2024-10-04 00:00:00,29.5,7.4739
2024-10-29 00:00:00,0,11.6285
2024-10-29 00:00:00,0.75,11.5463
2024-10-29 00:00:00,2,11.5668
2024-10-29 00:00:00,3,11.5697
2024-10-29 00:00:00,3.5,11.5602
2024-10-29 00:00:00,4.5,11.564
2024-10-29 00:00:00,5.5,11.5453
2024-10-29 00:00:00,6.5,11.583
2024-10-29 00:00:00,8,11.5635
2024-10-29 00:00:00,8.5,11.5564
2024-10-29 00:00:00,9.5,11.5509
2024-10-29 00:00:00,10.5,11.5398
2024-10-29 00:00:00,12,11.5189
2024-10-29 00:00:00,13,11.4327
2024-10-29 00:00:00,14,11.3047
2024-10-29 00:00:00,14.5,10.9748
2024-10-29 00:00:00,15,10.318
2024-10-29 00:00:00,15.5,9.2704
2024-10-29 00:00:00,15.5,9.6326
2024-10-29 00:00:00,16.5,8.8749
2024-10-29 00:00:00,18,8.2971
2024-10-29 00:00:00,18.5,8.0436
2024-10-29 00:00:00,20,7.9368
2024-10-29 00:00:00,21,7.8655
2024-10-29 00:00:00,22,7.7717
2024-10-29 00:00:00,22.5,7.7354
2024-10-29 00:00:00,24,7.7062
2024-10-29 00:00:00,25,7.6566
2024-10-29 00:00:00,25.5,7.6495
2024-10-29 00:00:00,26.5,7.6409
2024-10-29 00:00:00,28,7.6237
2024-10-29 00:00:00,29,7.5775
2024-10-29 00:00:00,30,7.5465
2024-11-13 00:00:00,0,10.0796
2024-11-13 00:00:00,1,10.0839
2024-11-13 00:00:00,1.5,10.11
2024-11-13 00:00:00,2.5,10.0985
2024-11-13 00:00:00,4,10.1076
2024-11-13 00:00:00,4.5,10.1118
2024-11-13 00:00:00,5.5,10.1104
2024-11-13 00:00:00,7,10.1265
2024-11-13 00:00:00,8,10.1166
2024-11-13 00:00:00,9,10.1211
2024-11-13 00:00:00,10,10.1232
2024-11-13 00:00:00,10.5,10.1237
2024-11-13 00:00:00,12,10.1116
2024-11-13 00:00:00,12.5,10.0931
2024-11-13 00:00:00,14,10.0652
2024-11-13 00:00:00,15,10.0512
2024-11-13 00:00:00,15.5,10.0426
2024-11-13 00:00:00,16.5,10.0393
2024-11-13 00:00:00,18,9.9805
2024-11-13 00:00:00,19,9.7179
2024-11-13 00:00:00,19,8.5832
2024-11-13 00:00:00,20,8.166
2024-11-13 00:00:00,21,7.8329
2024-11-13 00:00:00,21.5,7.7723
2024-11-13 00:00:00,22.5,7.7278
2024-11-13 00:00:00,24,7.6866
2024-11-13 00:00:00,24.5,7.6655
2024-11-13 00:00:00,25.5,7.6224
2024-11-13 00:00:00,26.5,7.6179
2024-11-13 00:00:00,27.5,7.5787
2024-11-13 00:00:00,28.5,7.5674
2024-12-11 00:00:00,0,6.7473
2024-12-11 00:00:00,0.75,6.7501
2024-12-11 00:00:00,1.5,6.7511
2024-12-11 00:00:00,3,6.7469
2024-12-11 00:00:00,3.5,6.7461
2024-12-11 00:00:00,5,6.7425
2024-12-11 00:00:00,5.5,6.7395
2024-12-11 00:00:00,7,6.7356
2024-12-11 00:00:00,8,6.7305
2024-12-11 00:00:00,8.5,6.7249
2024-12-11 00:00:00,10,6.7214
2024-12-11 00:00:00,11,6.7193
2024-12-11 00:00:00,12,6.7168
2024-12-11 00:00:00,13,6.7142
2024-12-11 00:00:00,14,6.708
2024-12-11 00:00:00,15,6.7048
2024-12-11 00:00:00,16,6.6925
2024-12-11 00:00:00,16.5,6.6957
2024-12-11 00:00:00,17.5,6.6914
2024-12-11 00:00:00,19,6.6887
2024-12-11 00:00:00,19.5,6.6913
2024-12-11 00:00:00,21,6.6828
2024-12-11 00:00:00,21.5,6.6801
2024-12-11 00:00:00,22.5,6.6726
2024-12-11 00:00:00,24,6.6701
2024-12-11 00:00:00,25,6.6649
2024-12-11 00:00:00,26,6.6568
2024-12-11 00:00:00,27,6.6528
2024-12-11 00:00:00,27.5,6.6375
2024-12-11 00:00:00,28.5,6.6088
2024-12-11 00:00:00,30,6.5098
