datetime,Flow_metersCubedPerSecond_1,Flow_metersCubedPerSecond_2
1997-01-01 00:00:00,0.108,0.0001
1997-01-02 00:00:00,0.085000001,0.0001
1997-01-03 00:00:00,0.082999997,0.0001
1997-01-04 00:00:00,0.082999997,0.0001
1997-01-05 00:00:00,0.083999999,0.0001
1997-01-06 00:00:00,0.085000001,0.0001
1997-01-07 00:00:00,0.081,0.0001
1997-01-08 00:00:00,0.075999998,0.0001
1997-01-09 00:00:00,0.075999998,0.0001
1997-01-10 00:00:00,0.075000003,0.0001
1997-01-11 00:00:00,0.075000003,0.0001
1997-01-12 00:00:00,0.072999999,0.0001
1997-01-13 00:00:00,0.133,0.0001
1997-01-14 00:00:00,0.13500001,0.0001
1997-01-15 00:00:00,0.113,0.0001
1997-01-16 00:00:00,0.122,0.0001
1997-01-17 00:00:00,0.119,0.0001
1997-01-18 00:00:00,0.118,0.0001
1997-01-19 00:00:00,0.12,0.0001
1997-01-20 00:00:00,0.122,0.0001
1997-01-21 00:00:00,0.118,0.0001
1997-01-22 00:00:00,0.119,0.0001
1997-01-23 00:00:00,0.12800001,0.0001
1997-01-24 00:00:00,0.121,0.0001
1997-01-25 00:00:00,0.117,0.0001
1997-01-26 00:00:00,0.118,0.0001
1997-01-27 00:00:00,0.117,0.0001
1997-01-28 00:00:00,0.118,0.0001
1997-01-29 00:00:00,0.117,0.0001
1997-01-30 00:00:00,0.123,0.0001
1997-01-31 00:00:00,0.12800001,0.0001
1997-02-01 00:00:00,0.118,0.0001
1997-02-02 00:00:00,0.114,0.0001
1997-02-03 00:00:00,0.116,0.0001
1997-02-04 00:00:00,0.207,0.0001
1997-02-05 00:00:00,0.331,0.0001
1997-02-06 00:00:00,0.34200001,0.0001
1997-02-07 00:00:00,0.375,0.0001
1997-02-08 00:00:00,0.317,0.0001
1997-02-09 00:00:00,0.27200001,0.0001
1997-02-10 00:00:00,0.29100001,0.0001
1997-02-11 00:00:00,0.51200002,0.0001
1997-02-12 00:00:00,0.53200001,0.0001
1997-02-13 00:00:00,0.78200001,0.0001
1997-02-14 00:00:00,0.74299997,0.0001
1997-02-15 00:00:00,0.51800001,0.0001
1997-02-16 00:00:00,0.34400001,0.0001
1997-02-17 00:00:00,0.27500001,0.0001
1997-02-18 00:00:00,0.403,0.0001
1997-02-19 00:00:00,0.73400003,0.0001
1997-02-20 00:00:00,0.95700002,0.0001
1997-02-21 00:00:00,0.93199998,0.0001
1997-02-22 00:00:00,0.76499999,0.0001
1997-02-23 00:00:00,0.60399997,0.0001
1997-02-24 00:00:00,0.58499998,0.0001
1997-02-25 00:00:00,0.78899997,0.0001
1997-02-26 00:00:00,0.78799999,0.0001
1997-02-27 00:00:00,0.583,0.0001
1997-02-28 00:00:00,0.47,0.0001
1997-03-01 00:00:00,0.41499999,0.0001
1997-03-02 00:00:00,0.41999999,0.0001
1997-03-03 00:00:00,0.447,0.0001
1997-03-04 00:00:00,0.38499999,0.0001
1997-03-05 00:00:00,0.34999999,0.0001
1997-03-06 00:00:00,0.32499999,0.0001
1997-03-07 00:00:00,0.294,0.0001
1997-03-08 00:00:00,0.28,0.0001
1997-03-09 00:00:00,0.255,0.0001
1997-03-10 00:00:00,0.24600001,0.0001
1997-03-11 00:00:00,0.23800001,0.0001
1997-03-12 00:00:00,0.23100001,0.0001
1997-03-13 00:00:00,0.229,0.0001
1997-03-14 00:00:00,0.227,0.0001
1997-03-15 00:00:00,0.23999999,0.0001
1997-03-16 00:00:00,0.21799999,0.0001
1997-03-17 00:00:00,0.204,0.0001
1997-03-18 00:00:00,0.199,0.0001
1997-03-19 00:00:00,0.206,0.0001
1997-03-20 00:00:00,0.198,0.0001
1997-03-21 00:00:00,0.205,0.0001
1997-03-22 00:00:00,0.208,0.0001
1997-03-23 00:00:00,0.223,0.0001
1997-03-24 00:00:00,0.23899999,0.0001
1997-03-25 00:00:00,0.25299999,0.0001
1997-03-26 00:00:00,0.33199999,0.0001
1997-03-27 00:00:00,0.495,0.0001
1997-03-28 00:00:00,0.37400001,0.0001
1997-03-29 00:00:00,0.28600001,0.0001
1997-03-30 00:00:00,0.243,0.0001
1997-03-31 00:00:00,0.227,0.0001
1997-04-01 00:00:00,0.206,0.0001
1997-04-02 00:00:00,0.18700001,0.0001
1997-04-03 00:00:00,0.23100001,0.0001
1997-04-04 00:00:00,0.229,0.0001
1997-04-05 00:00:00,0.23,0.0001
1997-04-06 00:00:00,0.25400001,0.0001
1997-04-07 00:00:00,0.26800001,0.0001
1997-04-08 00:00:00,0.25400001,0.0001
1997-04-09 00:00:00,0.226,0.0001
1997-04-10 00:00:00,0.20200001,0.0001
1997-04-11 00:00:00,0.19400001,0.0001
1997-04-12 00:00:00,0.164,0.0001
1997-04-13 00:00:00,0.15800001,0.0001
1997-04-14 00:00:00,0.15800001,0.0001
1997-04-15 00:00:00,0.141,0.0001
1997-04-16 00:00:00,0.133,0.0001
1997-04-17 00:00:00,0.131,0.0001
1997-04-18 00:00:00,0.13,0.0001
1997-04-19 00:00:00,0.125,0.0001
1997-04-20 00:00:00,0.122,0.0001
1997-04-21 00:00:00,0.124,0.0001
1997-04-22 00:00:00,0.121,0.0001
1997-04-23 00:00:00,0.116,0.0001
1997-04-24 00:00:00,0.19400001,0.0001
1997-04-25 00:00:00,0.208,0.0001
1997-04-26 00:00:00,0.16500001,0.0001
1997-04-27 00:00:00,0.152,0.0001
1997-04-28 00:00:00,0.148,0.0001
1997-04-29 00:00:00,0.184,0.0001
1997-04-30 00:00:00,0.15700001,0.0001
1997-05-01 00:00:00,0.142,0.0001
1997-05-02 00:00:00,0.13500001,0.0001
1997-05-03 00:00:00,0.126,0.0001
1997-05-04 00:00:00,0.13,0.0001
1997-05-05 00:00:00,0.17299999,0.0001
1997-05-06 00:00:00,0.175,0.0001
1997-05-07 00:00:00,0.162,0.0001
1997-05-08 00:00:00,0.14,0.0001
1997-05-09 00:00:00,0.132,0.0001
1997-05-10 00:00:00,0.13,0.0001
1997-05-11 00:00:00,0.13600001,0.0001
1997-05-12 00:00:00,0.17399999,0.0001
1997-05-13 00:00:00,0.145,0.0001
1997-05-14 00:00:00,0.14399999,0.0001
1997-05-15 00:00:00,0.142,0.0001
1997-05-16 00:00:00,0.12899999,0.0001
1997-05-17 00:00:00,0.121,0.0001
1997-05-18 00:00:00,0.23199999,0.0001
1997-05-19 00:00:00,0.199,0.0001
1997-05-20 00:00:00,0.30500001,0.0001
1997-05-21 00:00:00,0.60900003,0.0001
1997-05-22 00:00:00,0.54500002,0.0001
1997-05-23 00:00:00,0.403,0.0001
1997-05-24 00:00:00,0.30500001,0.0001
1997-05-25 00:00:00,0.249,0.0001
1997-05-26 00:00:00,0.244,0.0001
1997-05-27 00:00:00,0.289,0.0001
1997-05-28 00:00:00,0.25600001,0.0001
1997-05-29 00:00:00,0.22499999,0.0001
1997-05-30 00:00:00,0.192,0.0001
1997-05-31 00:00:00,0.171,0.0001
1997-06-01 00:00:00,0.161,0.0001
1997-06-02 00:00:00,0.149,0.0001
1997-06-03 00:00:00,0.133,0.0001
1997-06-04 00:00:00,0.123,0.0001
1997-06-05 00:00:00,0.117,0.0001
1997-06-06 00:00:00,0.109,0.0001
1997-06-07 00:00:00,0.101,0.0001
1997-06-08 00:00:00,0.094999999,0.0001
1997-06-09 00:00:00,0.093999997,0.0001
1997-06-10 00:00:00,0.086999997,0.0001
1997-06-11 00:00:00,0.082999997,0.0001
1997-06-12 00:00:00,0.081,0.0001
1997-06-13 00:00:00,0.086000003,0.0001
1997-06-14 00:00:00,0.098999999,0.0001
1997-06-15 00:00:00,0.088,0.0001
1997-06-16 00:00:00,0.079999998,0.0001
1997-06-17 00:00:00,0.079999998,0.0001
1997-06-18 00:00:00,0.082000002,0.0001
1997-06-19 00:00:00,0.074000001,0.0001
1997-06-20 00:00:00,0.071999997,0.0001
1997-06-21 00:00:00,0.086999997,0.0001
1997-06-22 00:00:00,0.1,0.0001
1997-06-23 00:00:00,0.093999997,0.0001
1997-06-24 00:00:00,0.089000002,0.0001
1997-06-25 00:00:00,0.079999998,0.0001
1997-06-26 00:00:00,0.072999999,0.0001
1997-06-27 00:00:00,0.14300001,0.0001
1997-06-28 00:00:00,0.29800001,0.0001
1997-06-29 00:00:00,0.18700001,0.0001
1997-06-30 00:00:00,0.145,0.0001
1997-07-01 00:00:00,0.112,0.0001
1997-07-02 00:00:00,0.097000003,0.0001
1997-07-03 00:00:00,0.093999997,0.0001
1997-07-04 00:00:00,0.092,0.0001
1997-07-05 00:00:00,0.088,0.0001
1997-07-06 00:00:00,0.079999998,0.0001
1997-07-07 00:00:00,0.072999999,0.0001
1997-07-08 00:00:00,0.068999998,0.0001
1997-07-09 00:00:00,0.064999998,0.0001
1997-07-10 00:00:00,0.061999999,0.0001
1997-07-11 00:00:00,0.059999999,0.0001
1997-07-12 00:00:00,0.057999998,0.0001
1997-07-13 00:00:00,0.057,0.0001
1997-07-14 00:00:00,0.055,0.0001
1997-07-15 00:00:00,0.052999999,0.0001
1997-07-16 00:00:00,0.052000001,0.0001
1997-07-17 00:00:00,0.052999999,0.0001
1997-07-18 00:00:00,0.052000001,0.0001
1997-07-19 00:00:00,0.050000001,0.0001
1997-07-20 00:00:00,0.048999999,0.0001
1997-07-21 00:00:00,0.048,0.0001
1997-07-22 00:00:00,0.048,0.0001
1997-07-23 00:00:00,0.046999998,0.0001
1997-07-24 00:00:00,0.052000001,0.0001
1997-07-25 00:00:00,0.061000001,0.0001
1997-07-26 00:00:00,0.064999998,0.0001
1997-07-27 00:00:00,0.083999999,0.0001
1997-07-28 00:00:00,0.079999998,0.0001
1997-07-29 00:00:00,0.071000002,0.0001
1997-07-30 00:00:00,0.064999998,0.0001
1997-07-31 00:00:00,0.083999999,0.0001
1997-08-01 00:00:00,0.086000003,0.0001
1997-08-02 00:00:00,0.075999998,0.0001
1997-08-03 00:00:00,0.071000002,0.0001
1997-08-04 00:00:00,0.066,0.0001
1997-08-05 00:00:00,0.063000001,0.0001
1997-08-06 00:00:00,0.061000001,0.0001
1997-08-07 00:00:00,0.059999999,0.0001
1997-08-08 00:00:00,0.059999999,0.0001
1997-08-09 00:00:00,0.057999998,0.0001
1997-08-10 00:00:00,0.057,0.0001
1997-08-11 00:00:00,0.057,0.0001
1997-08-12 00:00:00,0.057,0.0001
1997-08-13 00:00:00,0.057,0.0001
1997-08-14 00:00:00,0.057,0.0001
1997-08-15 00:00:00,0.056000002,0.0001
1997-08-16 00:00:00,0.056000002,0.0001
1997-08-17 00:00:00,0.055,0.0001
1997-08-18 00:00:00,0.052999999,0.0001
1997-08-19 00:00:00,0.052000001,0.0001
1997-08-20 00:00:00,0.052000001,0.0001
1997-08-21 00:00:00,0.050999999,0.0001
1997-08-22 00:00:00,0.052999999,0.0001
1997-08-23 00:00:00,0.052999999,0.0001
1997-08-24 00:00:00,0.059,0.0001
1997-08-25 00:00:00,0.068000004,0.0001
1997-08-26 00:00:00,0.097000003,0.0001
1997-08-27 00:00:00,0.079999998,0.0001
1997-08-28 00:00:00,0.071999997,0.0001
1997-08-29 00:00:00,0.071000002,0.0001
1997-08-30 00:00:00,0.068999998,0.0001
1997-08-31 00:00:00,0.066,0.0001
1997-09-01 00:00:00,0.064000003,0.0001
1997-09-02 00:00:00,0.064999998,0.0001
1997-09-03 00:00:00,0.066,0.0001
1997-09-04 00:00:00,0.064000003,0.0001
1997-09-05 00:00:00,0.064999998,0.0001
1997-09-06 00:00:00,0.064000003,0.0001
1997-09-07 00:00:00,0.064000003,0.0001
1997-09-08 00:00:00,0.064000003,0.0001
1997-09-09 00:00:00,0.063000001,0.0001
1997-09-10 00:00:00,0.061000001,0.0001
1997-09-11 00:00:00,0.061000001,0.0001
1997-09-12 00:00:00,0.061999999,0.0001
1997-09-13 00:00:00,0.064000003,0.0001
1997-09-14 00:00:00,0.064000003,0.0001
1997-09-15 00:00:00,0.064000003,0.0001
1997-09-16 00:00:00,0.064999998,0.0001
1997-09-17 00:00:00,0.068000004,0.0001
1997-09-18 00:00:00,0.068000004,0.0001
1997-09-19 00:00:00,0.066,0.0001
1997-09-20 00:00:00,0.066,0.0001
1997-09-21 00:00:00,0.064999998,0.0001
1997-09-22 00:00:00,0.066,0.0001
1997-09-23 00:00:00,0.066,0.0001
1997-09-24 00:00:00,0.064999998,0.0001
1997-09-25 00:00:00,0.063000001,0.0001
1997-09-26 00:00:00,0.064000003,0.0001
1997-09-27 00:00:00,0.066,0.0001
1997-09-28 00:00:00,0.066,0.0001
1997-09-29 00:00:00,0.07,0.0001
1997-09-30 00:00:00,0.072999999,0.0001
1997-10-01 00:00:00,0.066,0.0001
1997-10-02 00:00:00,0.068000004,0.0001
1997-10-03 00:00:00,0.061000001,0.0001
1997-10-04 00:00:00,0.063000001,0.0001
1997-10-05 00:00:00,0.074000001,0.0001
1997-10-06 00:00:00,0.072999999,0.0001
1997-10-07 00:00:00,0.075999998,0.0001
1997-10-08 00:00:00,0.093999997,0.0001
1997-10-09 00:00:00,0.131,0.0001
1997-10-10 00:00:00,0.20200001,0.0001
1997-10-11 00:00:00,0.33199999,0.0001
1997-10-12 00:00:00,0.26199999,0.0001
1997-10-13 00:00:00,0.169,0.0001
1997-10-14 00:00:00,0.131,0.0001
1997-10-15 00:00:00,0.124,0.0001
1997-10-16 00:00:00,0.109,0.0001
1997-10-17 00:00:00,0.113,0.0001
1997-10-18 00:00:00,0.14,0.0001
1997-10-19 00:00:00,0.13,0.0001
1997-10-20 00:00:00,0.114,0.0001
1997-10-21 00:00:00,0.101,0.0001
1997-10-22 00:00:00,0.098999999,0.0001
1997-10-23 00:00:00,0.096000001,0.0001
1997-10-24 00:00:00,0.094999999,0.0001
1997-10-25 00:00:00,0.089000002,0.0001
1997-10-26 00:00:00,0.086999997,0.0001
1997-10-27 00:00:00,0.090000004,0.0001
1997-10-28 00:00:00,0.086999997,0.0001
1997-10-29 00:00:00,0.090000004,0.0001
1997-10-30 00:00:00,0.089000002,0.0001
1997-10-31 00:00:00,0.086999997,0.0001
1997-11-01 00:00:00,0.088,0.0001
1997-11-02 00:00:00,0.089000002,0.0001
1997-11-03 00:00:00,0.086000003,0.0001
1997-11-04 00:00:00,0.082999997,0.0001
1997-11-05 00:00:00,0.088,0.0001
1997-11-06 00:00:00,0.098999999,0.0001
1997-11-07 00:00:00,0.116,0.0001
1997-11-08 00:00:00,0.123,0.0001
1997-11-09 00:00:00,0.119,0.0001
1997-11-10 00:00:00,0.118,0.0001
1997-11-11 00:00:00,0.119,0.0001
1997-11-12 00:00:00,0.119,0.0001
1997-11-13 00:00:00,0.125,0.0001
1997-11-14 00:00:00,0.12,0.0001
1997-11-15 00:00:00,0.17299999,0.0001
1997-11-16 00:00:00,0.18700001,0.0001
1997-11-17 00:00:00,0.15700001,0.0001
1997-11-18 00:00:00,0.14399999,0.0001
1997-11-19 00:00:00,0.134,0.0001
1997-11-20 00:00:00,0.13,0.0001
1997-11-21 00:00:00,0.132,0.0001
1997-11-22 00:00:00,0.141,0.0001
1997-11-23 00:00:00,0.133,0.0001
1997-11-24 00:00:00,0.131,0.0001
1997-11-25 00:00:00,0.134,0.0001
1997-11-26 00:00:00,0.131,0.0001
1997-11-27 00:00:00,0.126,0.0001
1997-11-28 00:00:00,0.12800001,0.0001
1997-11-29 00:00:00,0.14300001,0.0001
1997-11-30 00:00:00,0.177,0.0001
1997-12-01 00:00:00,0.237,0.0001
1997-12-02 00:00:00,0.20999999,0.0001
1997-12-03 00:00:00,0.19,0.0001
1997-12-04 00:00:00,0.171,0.0001
1997-12-05 00:00:00,0.161,0.0001
1997-12-06 00:00:00,0.17299999,0.0001
1997-12-07 00:00:00,0.20900001,0.0001
1997-12-08 00:00:00,0.228,0.0001
1997-12-09 00:00:00,0.221,0.0001
1997-12-10 00:00:00,0.271,0.0001
1997-12-11 00:00:00,0.46900001,0.0001
1997-12-12 00:00:00,0.38299999,0.0001
1997-12-13 00:00:00,0.30000001,0.0001
1997-12-14 00:00:00,0.27000001,0.0001
1997-12-15 00:00:00,0.23899999,0.0001
1997-12-16 00:00:00,0.223,0.0001
1997-12-17 00:00:00,0.206,0.0001
1997-12-18 00:00:00,0.191,0.0001
1997-12-19 00:00:00,0.182,0.0001
1997-12-20 00:00:00,0.17399999,0.0001
1997-12-21 00:00:00,0.168,0.0001
1997-12-22 00:00:00,0.162,0.0001
1997-12-23 00:00:00,0.16,0.0001
1997-12-24 00:00:00,0.171,0.0001
1997-12-25 00:00:00,0.32300001,0.0001
1997-12-26 00:00:00,0.62199998,0.0001
1997-12-27 00:00:00,0.64600003,0.0001
1997-12-28 00:00:00,0.47499999,0.0001
1997-12-29 00:00:00,0.38,0.0001
1997-12-30 00:00:00,0.33700001,0.0001
1997-12-31 00:00:00,0.32300001,0.0001
1998-01-01 00:00:00,0.29800001,0.0001
1998-01-02 00:00:00,0.296,0.0001
1998-01-03 00:00:00,0.31200001,0.0001
1998-01-04 00:00:00,0.83999997,0.0001
1998-01-05 00:00:00,0.82700002,0.0001
1998-01-06 00:00:00,0.60299999,0.0001
1998-01-07 00:00:00,0.56999999,0.0001
1998-01-08 00:00:00,0.71600002,0.0001
1998-01-09 00:00:00,0.58499998,0.0001
1998-01-10 00:00:00,0.60100001,0.0001
1998-01-11 00:00:00,0.523,0.0001
1998-01-12 00:00:00,0.43700001,0.0001
1998-01-13 00:00:00,0.38499999,0.0001
1998-01-14 00:00:00,0.35100001,0.0001
1998-01-15 00:00:00,0.34599999,0.0001
1998-01-16 00:00:00,0.41999999,0.0001
1998-01-17 00:00:00,0.50400001,0.0001
1998-01-18 00:00:00,0.463,0.0001
1998-01-19 00:00:00,0.55699998,0.0001
1998-01-20 00:00:00,0.61699998,0.0001
1998-01-21 00:00:00,0.49399999,0.0001
1998-01-22 00:00:00,0.34999999,0.0001
1998-01-23 00:00:00,0.301,0.0001
1998-01-24 00:00:00,0.28,0.0001
1998-01-25 00:00:00,0.23899999,0.0001
1998-01-26 00:00:00,0.221,0.0001
1998-01-27 00:00:00,0.21699999,0.0001
1998-01-28 00:00:00,0.21699999,0.0001
1998-01-29 00:00:00,0.192,0.0001
1998-01-30 00:00:00,0.189,0.0001
1998-01-31 00:00:00,0.155,0.0001
1998-02-01 00:00:00,0.148,0.0001
1998-02-02 00:00:00,0.153,0.0001
1998-02-03 00:00:00,0.145,0.0001
1998-02-04 00:00:00,0.25099999,0.0001
1998-02-05 00:00:00,0.25600001,0.0001
1998-02-06 00:00:00,0.234,0.0001
1998-02-07 00:00:00,0.241,0.0001
1998-02-08 00:00:00,0.244,0.0001
1998-02-09 00:00:00,0.271,0.0001
1998-02-10 00:00:00,0.315,0.0001
1998-02-11 00:00:00,0.37,0.0001
1998-02-12 00:00:00,0.699,0.0001
1998-02-13 00:00:00,0.75999999,0.0001
1998-02-14 00:00:00,0.77600002,0.0001
1998-02-15 00:00:00,0.787,0.0001
1998-02-16 00:00:00,0.76200002,0.0001
1998-02-17 00:00:00,0.69099998,0.0001
1998-02-18 00:00:00,0.56199998,0.0001
1998-02-19 00:00:00,0.479,0.0001
1998-02-20 00:00:00,0.41,0.0001
1998-02-21 00:00:00,0.38499999,0.0001
1998-02-22 00:00:00,0.39300001,0.0001
1998-02-23 00:00:00,0.366,0.0001
1998-02-24 00:00:00,0.359,0.0001
1998-02-25 00:00:00,0.34400001,0.0001
1998-02-26 00:00:00,0.33899999,0.0001
1998-02-27 00:00:00,0.33899999,0.0001
1998-02-28 00:00:00,0.377,0.0001
1998-03-01 00:00:00,0.36399999,0.0001
1998-03-02 00:00:00,0.37799999,0.0001
1998-03-03 00:00:00,0.75400001,0.0001
1998-03-04 00:00:00,1.309,0.0001
1998-03-05 00:00:00,1.46,0.0001
1998-03-06 00:00:00,1.3660001,0.0001
1998-03-07 00:00:00,1.222,0.0001
1998-03-08 00:00:00,1.056,0.0001
1998-03-09 00:00:00,0.89600003,0.0001
1998-03-10 00:00:00,0.78799999,0.0001
1998-03-11 00:00:00,0.704,0.0001
1998-03-12 00:00:00,0.68599999,0.0001
1998-03-13 00:00:00,0.65499997,0.0001
1998-03-14 00:00:00,0.625,0.0001
1998-03-15 00:00:00,0.537,0.0001
1998-03-16 00:00:00,0.47600001,0.0001
1998-03-17 00:00:00,0.435,0.0001
1998-03-18 00:00:00,0.396,0.0001
1998-03-19 00:00:00,0.35600001,0.0001
1998-03-20 00:00:00,0.33399999,0.0001
1998-03-21 00:00:00,0.30000001,0.0001
1998-03-22 00:00:00,0.28600001,0.0001
1998-03-23 00:00:00,0.264,0.0001
1998-03-24 00:00:00,0.25299999,0.0001
1998-03-25 00:00:00,0.244,0.0001
1998-03-26 00:00:00,0.237,0.0001
1998-03-27 00:00:00,0.245,0.0001
1998-03-28 00:00:00,0.23,0.0001
1998-03-29 00:00:00,0.227,0.0001
1998-03-30 00:00:00,0.219,0.0001
1998-03-31 00:00:00,0.211,0.0001
1998-04-01 00:00:00,0.20299999,0.0001
1998-04-02 00:00:00,0.19400001,0.0001
1998-04-03 00:00:00,0.24600001,0.0001
1998-04-04 00:00:00,0.69700003,0.0001
1998-04-05 00:00:00,0.98900002,0.0001
1998-04-06 00:00:00,0.86799997,0.0001
1998-04-07 00:00:00,0.69700003,0.0001
1998-04-08 00:00:00,0.537,0.0001
1998-04-09 00:00:00,0.44299999,0.0001
1998-04-10 00:00:00,0.39199999,0.0001
1998-04-11 00:00:00,0.35600001,0.0001
1998-04-12 00:00:00,0.34799999,0.0001
1998-04-13 00:00:00,0.31900001,0.0001
1998-04-14 00:00:00,0.29800001,0.0001
1998-04-15 00:00:00,0.296,0.0001
1998-04-16 00:00:00,0.38,0.0001
1998-04-17 00:00:00,0.40400001,0.0001
1998-04-18 00:00:00,0.34900001,0.0001
1998-04-19 00:00:00,0.31,0.0001
1998-04-20 00:00:00,0.28999999,0.0001
1998-04-21 00:00:00,0.28400001,0.0001
1998-04-22 00:00:00,0.26499999,0.0001
1998-04-23 00:00:00,0.257,0.0001
1998-04-24 00:00:00,0.255,0.0001
1998-04-25 00:00:00,0.26800001,0.0001
1998-04-26 00:00:00,0.257,0.0001
1998-04-27 00:00:00,0.25400001,0.0001
1998-04-28 00:00:00,0.26199999,0.0001
1998-04-29 00:00:00,0.244,0.0001
1998-04-30 00:00:00,0.241,0.0001
1998-05-01 00:00:00,0.226,0.0001
1998-05-02 00:00:00,0.215,0.0001
1998-05-03 00:00:00,0.208,0.0001
1998-05-04 00:00:00,0.20999999,0.0001
1998-05-05 00:00:00,0.19499999,0.0001
1998-05-06 00:00:00,0.213,0.0001
1998-05-07 00:00:00,0.19599999,0.0001
1998-05-08 00:00:00,0.182,0.0001
1998-05-09 00:00:00,0.171,0.0001
1998-05-10 00:00:00,0.164,0.0001
1998-05-11 00:00:00,0.193,0.0001
1998-05-12 00:00:00,0.182,0.0001
1998-05-13 00:00:00,0.162,0.0001
1998-05-14 00:00:00,0.152,0.0001
1998-05-15 00:00:00,0.145,0.0001
1998-05-16 00:00:00,0.13699999,0.0001
1998-05-17 00:00:00,0.13,0.0001
1998-05-18 00:00:00,0.124,0.0001
1998-05-19 00:00:00,0.122,0.0001
1998-05-20 00:00:00,0.118,0.0001
1998-05-21 00:00:00,0.117,0.0001
1998-05-22 00:00:00,0.113,0.0001
1998-05-23 00:00:00,0.109,0.0001
1998-05-24 00:00:00,0.111,0.0001
1998-05-25 00:00:00,0.11,0.0001
1998-05-26 00:00:00,0.108,0.0001
1998-05-27 00:00:00,0.106,0.0001
1998-05-28 00:00:00,0.102,0.0001
1998-05-29 00:00:00,0.097000003,0.0001
1998-05-30 00:00:00,0.092,0.0001
1998-05-31 00:00:00,0.088,0.0001
1998-06-01 00:00:00,0.088,0.0001
1998-06-02 00:00:00,0.085000001,0.0001
1998-06-03 00:00:00,0.082000002,0.0001
1998-06-04 00:00:00,0.078000002,0.0001
1998-06-05 00:00:00,0.071000002,0.0001
1998-06-06 00:00:00,0.074000001,0.0001
1998-06-07 00:00:00,0.081,0.0001
1998-06-08 00:00:00,0.081,0.0001
1998-06-09 00:00:00,0.078000002,0.0001
1998-06-10 00:00:00,0.092,0.0001
1998-06-11 00:00:00,0.078000002,0.0001
1998-06-12 00:00:00,0.072999999,0.0001
1998-06-13 00:00:00,0.07,0.0001
1998-06-14 00:00:00,0.066,0.0001
1998-06-15 00:00:00,0.064000003,0.0001
1998-06-16 00:00:00,0.061999999,0.0001
1998-06-17 00:00:00,0.063000001,0.0001
1998-06-18 00:00:00,0.066,0.0001
1998-06-19 00:00:00,0.068000004,0.0001
1998-06-20 00:00:00,0.064000003,0.0001
1998-06-21 00:00:00,0.063000001,0.0001
1998-06-22 00:00:00,0.063000001,0.0001
1998-06-23 00:00:00,0.061999999,0.0001
1998-06-24 00:00:00,0.059,0.0001
1998-06-25 00:00:00,0.052999999,0.0001
1998-06-26 00:00:00,0.052000001,0.0001
1998-06-27 00:00:00,0.052000001,0.0001
1998-06-28 00:00:00,0.086999997,0.0001
1998-06-29 00:00:00,0.083999999,0.0001
1998-06-30 00:00:00,0.102,0.0001
1998-07-01 00:00:00,0.13600001,0.0001
1998-07-02 00:00:00,0.093999997,0.0001
1998-07-03 00:00:00,0.075999998,0.0001
1998-07-04 00:00:00,0.071000002,0.0001
1998-07-05 00:00:00,0.071000002,0.0001
1998-07-06 00:00:00,0.071000002,0.0001
1998-07-07 00:00:00,0.064999998,0.0001
1998-07-08 00:00:00,0.061999999,0.0001
1998-07-09 00:00:00,0.066,0.0001
1998-07-10 00:00:00,0.07,0.0001
1998-07-11 00:00:00,0.066,0.0001
1998-07-12 00:00:00,0.072999999,0.0001
1998-07-13 00:00:00,0.066,0.0001
1998-07-14 00:00:00,0.078000002,0.0001
1998-07-15 00:00:00,0.086000003,0.0001
1998-07-16 00:00:00,0.07,0.0001
1998-07-17 00:00:00,0.064999998,0.0001
1998-07-18 00:00:00,0.066,0.0001
1998-07-19 00:00:00,0.116,0.0001
1998-07-20 00:00:00,0.082000002,0.0001
1998-07-21 00:00:00,0.071000002,0.0001
1998-07-22 00:00:00,0.066,0.0001
1998-07-23 00:00:00,0.064000003,0.0001
1998-07-24 00:00:00,0.068999998,0.0001
1998-07-25 00:00:00,0.063000001,0.0001
1998-07-26 00:00:00,0.061999999,0.0001
1998-07-27 00:00:00,0.061000001,0.0001
1998-07-28 00:00:00,0.061000001,0.0001
1998-07-29 00:00:00,0.059999999,0.0001
1998-07-30 00:00:00,0.092,0.0001
1998-07-31 00:00:00,0.071999997,0.0001
1998-08-01 00:00:00,0.066,0.0001
1998-08-02 00:00:00,0.063000001,0.0001
1998-08-03 00:00:00,0.061000001,0.0001
1998-08-04 00:00:00,0.061999999,0.0001
1998-08-05 00:00:00,0.061999999,0.0001
1998-08-06 00:00:00,0.063000001,0.0001
1998-08-07 00:00:00,0.063000001,0.0001
1998-08-08 00:00:00,0.088,0.0001
1998-08-09 00:00:00,0.109,0.0001
1998-08-10 00:00:00,0.074000001,0.0001
1998-08-11 00:00:00,0.064000003,0.0001
1998-08-12 00:00:00,0.061000001,0.0001
1998-08-13 00:00:00,0.059999999,0.0001
1998-08-14 00:00:00,0.057999998,0.0001
1998-08-15 00:00:00,0.059,0.0001
1998-08-16 00:00:00,0.059999999,0.0001
1998-08-17 00:00:00,0.057,0.0001
1998-08-18 00:00:00,0.056000002,0.0001
1998-08-19 00:00:00,0.052999999,0.0001
1998-08-20 00:00:00,0.055,0.0001
1998-08-21 00:00:00,0.07,0.0001
1998-08-22 00:00:00,0.068999998,0.0001
1998-08-23 00:00:00,0.059999999,0.0001
1998-08-24 00:00:00,0.057999998,0.0001
1998-08-25 00:00:00,0.055,0.0001
1998-08-26 00:00:00,0.055,0.0001
1998-08-27 00:00:00,0.055,0.0001
1998-08-28 00:00:00,0.052000001,0.0001
1998-08-29 00:00:00,0.052999999,0.0001
1998-08-30 00:00:00,0.061000001,0.0001
1998-08-31 00:00:00,0.071000002,0.0001
1998-09-01 00:00:00,0.061999999,0.0001
1998-09-02 00:00:00,0.061000001,0.0001
1998-09-03 00:00:00,0.059,0.0001
1998-09-04 00:00:00,0.057999998,0.0001
1998-09-05 00:00:00,0.057999998,0.0001
1998-09-06 00:00:00,0.057999998,0.0001
1998-09-07 00:00:00,0.059,0.0001
1998-09-08 00:00:00,0.059,0.0001
1998-09-09 00:00:00,0.064000003,0.0001
1998-09-10 00:00:00,0.113,0.0001
1998-09-11 00:00:00,0.122,0.0001
1998-09-12 00:00:00,0.121,0.0001
1998-09-13 00:00:00,0.104,0.0001
1998-09-14 00:00:00,0.142,0.0001
1998-09-15 00:00:00,0.13600001,0.0001
1998-09-16 00:00:00,0.12899999,0.0001
1998-09-17 00:00:00,0.12899999,0.0001
1998-09-18 00:00:00,0.102,0.0001
1998-09-19 00:00:00,0.092,0.0001
1998-09-20 00:00:00,0.086999997,0.0001
1998-09-21 00:00:00,0.086999997,0.0001
1998-09-22 00:00:00,0.086000003,0.0001
1998-09-23 00:00:00,0.085000001,0.0001
1998-09-24 00:00:00,0.085000001,0.0001
1998-09-25 00:00:00,0.085000001,0.0001
1998-09-26 00:00:00,0.085000001,0.0001
1998-09-27 00:00:00,0.085000001,0.0001
1998-09-28 00:00:00,0.085000001,0.0001
1998-09-29 00:00:00,0.086000003,0.0001
1998-09-30 00:00:00,0.082000002,0.0001
1998-10-01 00:00:00,0.078000002,0.0001
1998-10-02 00:00:00,0.075999998,0.0001
1998-10-03 00:00:00,0.075999998,0.0001
1998-10-04 00:00:00,0.078000002,0.0001
1998-10-05 00:00:00,0.085000001,0.0001
1998-10-06 00:00:00,0.082000002,0.0001
1998-10-07 00:00:00,0.079999998,0.0001
1998-10-08 00:00:00,0.096000001,0.0001
1998-10-09 00:00:00,0.097000003,0.0001
1998-10-10 00:00:00,0.118,0.0001
1998-10-11 00:00:00,0.14300001,0.0001
1998-10-12 00:00:00,0.14399999,0.0001
1998-10-13 00:00:00,0.111,0.0001
1998-10-14 00:00:00,0.146,0.0001
1998-10-15 00:00:00,0.189,0.0001
1998-10-16 00:00:00,0.27599999,0.0001
1998-10-17 00:00:00,0.80000001,0.0001
1998-10-18 00:00:00,1.08,0.0001
1998-10-19 00:00:00,0.889,0.0001
1998-10-20 00:00:00,0.79900002,0.0001
1998-10-21 00:00:00,0.68000001,0.0001
1998-10-22 00:00:00,0.84899998,0.0001
1998-10-23 00:00:00,0.96799999,0.0001
1998-10-24 00:00:00,1.0470001,0.0001
1998-10-25 00:00:00,1.272,0.0001
1998-10-26 00:00:00,1.4220001,0.0001
1998-10-27 00:00:00,1.273,0.0001
1998-10-28 00:00:00,1.443,0.0001
1998-10-29 00:00:00,1.397,0.0001
1998-10-30 00:00:00,1.284,0.0001
1998-10-31 00:00:00,1.1390001,0.0001
1998-11-01 00:00:00,0.991,0.0001
1998-11-02 00:00:00,0.85000002,0.0001
1998-11-03 00:00:00,0.75999999,0.0001
1998-11-04 00:00:00,0.699,0.0001
1998-11-05 00:00:00,0.65700001,0.0001
1998-11-06 00:00:00,0.66399997,0.0001
1998-11-07 00:00:00,0.625,0.0001
1998-11-08 00:00:00,0.63800001,0.0001
1998-11-09 00:00:00,0.68199998,0.0001
1998-11-10 00:00:00,0.86199999,0.0001
1998-11-11 00:00:00,0.80299997,0.0001
1998-11-12 00:00:00,0.71200001,0.0001
1998-11-13 00:00:00,0.63999999,0.0001
1998-11-14 00:00:00,0.61699998,0.0001
1998-11-15 00:00:00,0.71100003,0.0001
1998-11-16 00:00:00,0.68699998,0.0001
1998-11-17 00:00:00,0.61299998,0.0001
1998-11-18 00:00:00,0.55800003,0.0001
1998-11-19 00:00:00,0.60000002,0.0001
1998-11-20 00:00:00,0.59799999,0.0001
1998-11-21 00:00:00,0.55800003,0.0001
1998-11-22 00:00:00,0.53399998,0.0001
1998-11-23 00:00:00,0.49700001,0.0001
1998-11-24 00:00:00,0.47299999,0.0001
1998-11-25 00:00:00,0.396,0.0001
1998-11-26 00:00:00,0.331,0.0001
1998-11-27 00:00:00,0.32300001,0.0001
1998-11-28 00:00:00,0.308,0.0001
1998-11-29 00:00:00,0.317,0.0001
1998-11-30 00:00:00,0.31900001,0.0001
1998-12-01 00:00:00,0.30700001,0.0001
1998-12-02 00:00:00,0.301,0.0001
1998-12-03 00:00:00,0.29499999,0.0001
1998-12-04 00:00:00,0.29499999,0.0001
1998-12-05 00:00:00,0.28200001,0.0001
1998-12-06 00:00:00,0.25400001,0.0001
1998-12-07 00:00:00,0.23100001,0.0001
1998-12-08 00:00:00,0.21600001,0.0001
1998-12-09 00:00:00,0.20900001,0.0001
1998-12-10 00:00:00,0.19599999,0.0001
1998-12-11 00:00:00,0.191,0.0001
1998-12-12 00:00:00,0.19400001,0.0001
1998-12-13 00:00:00,0.52899998,0.0001
1998-12-14 00:00:00,0.64600003,0.0001
1998-12-15 00:00:00,0.74699998,0.0001
1998-12-16 00:00:00,0.71100003,0.0001
1998-12-17 00:00:00,0.60299999,0.0001
1998-12-18 00:00:00,0.528,0.0001
1998-12-19 00:00:00,0.49700001,0.0001
1998-12-20 00:00:00,0.48199999,0.0001
1998-12-21 00:00:00,0.40099999,0.0001
1998-12-22 00:00:00,0.34200001,0.0001
1998-12-23 00:00:00,0.34799999,0.0001
1998-12-24 00:00:00,0.44299999,0.0001
1998-12-25 00:00:00,0.602,0.0001
1998-12-26 00:00:00,1.005,0.0001
1998-12-27 00:00:00,1.211,0.0001
1998-12-28 00:00:00,1.027,0.0001
1998-12-29 00:00:00,0.77700001,0.0001
1998-12-30 00:00:00,0.625,0.0001
1998-12-31 00:00:00,0.54000002,0.0001
1999-01-01 00:00:00,0.47999999,0.0001
1999-01-02 00:00:00,0.447,0.0001
1999-01-03 00:00:00,0.44999999,0.0001
1999-01-04 00:00:00,0.484,0.0001
1999-01-05 00:00:00,0.56599998,0.0001
1999-01-06 00:00:00,0.64200002,0.0001
1999-01-07 00:00:00,0.71499997,0.0001
1999-01-08 00:00:00,0.66900003,0.0001
1999-01-09 00:00:00,0.53200001,0.0001
1999-01-10 00:00:00,0.421,0.0001
1999-01-11 00:00:00,0.36199999,0.0001
1999-01-12 00:00:00,0.36000001,0.0001
1999-01-13 00:00:00,0.36000001,0.0001
1999-01-14 00:00:00,0.36000001,0.0001
1999-01-15 00:00:00,0.42500001,0.0001
1999-01-16 00:00:00,0.78500003,0.0001
1999-01-17 00:00:00,0.62099999,0.0001
1999-01-18 00:00:00,0.47999999,0.0001
1999-01-19 00:00:00,0.447,0.0001
1999-01-20 00:00:00,0.56699997,0.0001
1999-01-21 00:00:00,0.56699997,0.0001
1999-01-22 00:00:00,0.458,0.0001
1999-01-23 00:00:00,0.41999999,0.0001
1999-01-24 00:00:00,0.403,0.0001
1999-01-25 00:00:00,0.69800001,0.0001
1999-01-26 00:00:00,0.741,0.0001
1999-01-27 00:00:00,0.62099999,0.0001
1999-01-28 00:00:00,0.54500002,0.0001
1999-01-29 00:00:00,0.54699999,0.0001
1999-01-30 00:00:00,0.43799999,0.0001
1999-01-31 00:00:00,0.41600001,0.0001
1999-02-01 00:00:00,0.46000001,0.0001
1999-02-02 00:00:00,0.44499999,0.0001
1999-02-03 00:00:00,0.45100001,0.0001
1999-02-04 00:00:00,0.491,0.0001
1999-02-05 00:00:00,0.63,0.0001
1999-02-06 00:00:00,0.56400001,0.0001
1999-02-07 00:00:00,0.47,0.0001
1999-02-08 00:00:00,0.39700001,0.0001
1999-02-09 00:00:00,0.36000001,0.0001
1999-02-10 00:00:00,0.322,0.0001
1999-02-11 00:00:00,0.28999999,0.0001
1999-02-12 00:00:00,0.278,0.0001
1999-02-13 00:00:00,0.27599999,0.0001
1999-02-14 00:00:00,0.271,0.0001
1999-02-15 00:00:00,0.294,0.0001
1999-02-16 00:00:00,0.72000003,0.0001
1999-02-17 00:00:00,0.63700002,0.0001
1999-02-18 00:00:00,0.43799999,0.0001
1999-02-19 00:00:00,0.39500001,0.0001
1999-02-20 00:00:00,0.403,0.0001
1999-02-21 00:00:00,0.602,0.0001
1999-02-22 00:00:00,0.69,0.0001
1999-02-23 00:00:00,0.52899998,0.0001
1999-02-24 00:00:00,0.42399999,0.0001
1999-02-25 00:00:00,0.375,0.0001
1999-02-26 00:00:00,0.41999999,0.0001
1999-02-27 00:00:00,0.53799999,0.0001
1999-02-28 00:00:00,0.62699997,0.0001
1999-03-01 00:00:00,0.722,0.0001
1999-03-02 00:00:00,0.65600002,0.0001
1999-03-03 00:00:00,0.79100001,0.0001
1999-03-04 00:00:00,0.90100002,0.0001
1999-03-05 00:00:00,0.79400003,0.0001
1999-03-06 00:00:00,0.83700001,0.0001
1999-03-07 00:00:00,1.178,0.0001
1999-03-08 00:00:00,1.176,0.0001
1999-03-09 00:00:00,1.007,0.0001
1999-03-10 00:00:00,1.1799999,0.0001
1999-03-11 00:00:00,1.2460001,0.0001
1999-03-12 00:00:00,1.052,0.0001
1999-03-13 00:00:00,0.90100002,0.0001
1999-03-14 00:00:00,0.82099998,0.0001
1999-03-15 00:00:00,0.74400002,0.0001
1999-03-16 00:00:00,0.68300003,0.0001
1999-03-17 00:00:00,0.64899999,0.0001
1999-03-18 00:00:00,0.62800002,0.0001
1999-03-19 00:00:00,0.71600002,0.0001
1999-03-20 00:00:00,0.65899998,0.0001
1999-03-21 00:00:00,0.60000002,0.0001
1999-03-22 00:00:00,0.63700002,0.0001
1999-03-23 00:00:00,0.63300002,0.0001
1999-03-24 00:00:00,0.60100001,0.0001
1999-03-25 00:00:00,0.58399999,0.0001
1999-03-26 00:00:00,0.57099998,0.0001
1999-03-27 00:00:00,0.73000002,0.0001
1999-03-28 00:00:00,0.78500003,0.0001
1999-03-29 00:00:00,0.68099999,0.0001
1999-03-30 00:00:00,0.59500003,0.0001
1999-03-31 00:00:00,0.51099998,0.0001
1999-04-01 00:00:00,0.46799999,0.0001
1999-04-02 00:00:00,0.43700001,0.0001
1999-04-03 00:00:00,0.412,0.0001
1999-04-04 00:00:00,0.39199999,0.0001
1999-04-05 00:00:00,0.375,0.0001
1999-04-06 00:00:00,0.384,0.0001
1999-04-07 00:00:00,0.44600001,0.0001
1999-04-08 00:00:00,0.419,0.0001
1999-04-09 00:00:00,0.389,0.0001
1999-04-10 00:00:00,0.377,0.0001
1999-04-11 00:00:00,0.36300001,0.0001
1999-04-12 00:00:00,0.375,0.0001
1999-04-13 00:00:00,0.447,0.0001
1999-04-14 00:00:00,0.63099998,0.0001
1999-04-15 00:00:00,0.833,0.0001
1999-04-16 00:00:00,0.91000003,0.0001
1999-04-17 00:00:00,0.69199997,0.0001
1999-04-18 00:00:00,0.55800003,0.0001
1999-04-19 00:00:00,0.47,0.0001
1999-04-20 00:00:00,0.41600001,0.0001
1999-04-21 00:00:00,0.39300001,0.0001
1999-04-22 00:00:00,0.37400001,0.0001
1999-04-23 00:00:00,0.34900001,0.0001
1999-04-24 00:00:00,0.32600001,0.0001
1999-04-25 00:00:00,0.30599999,0.0001
1999-04-26 00:00:00,0.28999999,0.0001
1999-04-27 00:00:00,0.27000001,0.0001
1999-04-28 00:00:00,0.25799999,0.0001
1999-04-29 00:00:00,0.249,0.0001
1999-04-30 00:00:00,0.23800001,0.0001
1999-05-01 00:00:00,0.222,0.0001
1999-05-02 00:00:00,0.211,0.0001
1999-05-03 00:00:00,0.205,0.0001
1999-05-04 00:00:00,0.197,0.0001
1999-05-05 00:00:00,0.191,0.0001
1999-05-06 00:00:00,0.182,0.0001
1999-05-07 00:00:00,0.17900001,0.0001
1999-05-08 00:00:00,0.177,0.0001
1999-05-09 00:00:00,0.18000001,0.0001
1999-05-10 00:00:00,0.18099999,0.0001
1999-05-11 00:00:00,0.215,0.0001
1999-05-12 00:00:00,0.30199999,0.0001
1999-05-13 00:00:00,0.49599999,0.0001
1999-05-14 00:00:00,0.34599999,0.0001
1999-05-15 00:00:00,0.26699999,0.0001
1999-05-16 00:00:00,0.23199999,0.0001
1999-05-17 00:00:00,0.214,0.0001
1999-05-18 00:00:00,0.19400001,0.0001
1999-05-19 00:00:00,0.182,0.0001
1999-05-20 00:00:00,0.17200001,0.0001
1999-05-21 00:00:00,0.167,0.0001
1999-05-22 00:00:00,0.16,0.0001
1999-05-23 00:00:00,0.155,0.0001
1999-05-24 00:00:00,0.152,0.0001
1999-05-25 00:00:00,0.147,0.0001
1999-05-26 00:00:00,0.14,0.0001
1999-05-27 00:00:00,0.133,0.0001
1999-05-28 00:00:00,0.12800001,0.0001
1999-05-29 00:00:00,0.124,0.0001
1999-05-30 00:00:00,0.12899999,0.0001
1999-05-31 00:00:00,0.123,0.0001
1999-06-01 00:00:00,0.121,0.0001
1999-06-02 00:00:00,0.119,0.0001
1999-06-03 00:00:00,0.14399999,0.0001
1999-06-04 00:00:00,0.148,0.0001
1999-06-05 00:00:00,0.16500001,0.0001
1999-06-06 00:00:00,0.168,0.0001
1999-06-07 00:00:00,0.19499999,0.0001
1999-06-08 00:00:00,0.182,0.0001
1999-06-09 00:00:00,0.278,0.0001
1999-06-10 00:00:00,0.257,0.0001
1999-06-11 00:00:00,0.244,0.0001
1999-06-12 00:00:00,0.375,0.0001
1999-06-13 00:00:00,0.25099999,0.0001
1999-06-14 00:00:00,0.205,0.0001
1999-06-15 00:00:00,0.182,0.0001
1999-06-16 00:00:00,0.168,0.0001
1999-06-17 00:00:00,0.15899999,0.0001
1999-06-18 00:00:00,0.153,0.0001
1999-06-19 00:00:00,0.14300001,0.0001
1999-06-20 00:00:00,0.16599999,0.0001
1999-06-21 00:00:00,0.171,0.0001
1999-06-22 00:00:00,0.14399999,0.0001
1999-06-23 00:00:00,0.13600001,0.0001
1999-06-24 00:00:00,0.142,0.0001
1999-06-25 00:00:00,0.141,0.0001
1999-06-26 00:00:00,0.229,0.0001
1999-06-27 00:00:00,0.32300001,0.0001
1999-06-28 00:00:00,0.22499999,0.0001
1999-06-29 00:00:00,0.213,0.0001
1999-06-30 00:00:00,0.21799999,0.0001
1999-07-01 00:00:00,0.21600001,0.0001
1999-07-02 00:00:00,0.191,0.0001
1999-07-03 00:00:00,0.182,0.0001
1999-07-04 00:00:00,0.18000001,0.0001
1999-07-05 00:00:00,0.28,0.0001
1999-07-06 00:00:00,0.33199999,0.0001
1999-07-07 00:00:00,0.23,0.0001
1999-07-08 00:00:00,0.184,0.0001
1999-07-09 00:00:00,0.162,0.0001
1999-07-10 00:00:00,0.152,0.0001
1999-07-11 00:00:00,0.145,0.0001
1999-07-12 00:00:00,0.138,0.0001
1999-07-13 00:00:00,0.132,0.0001
1999-07-14 00:00:00,0.215,0.0001
1999-07-15 00:00:00,0.164,0.0001
1999-07-16 00:00:00,0.145,0.0001
1999-07-17 00:00:00,0.14,0.0001
1999-07-18 00:00:00,0.13600001,0.0001
1999-07-19 00:00:00,0.131,0.0001
1999-07-20 00:00:00,0.12899999,0.0001
1999-07-21 00:00:00,0.13699999,0.0001
1999-07-22 00:00:00,0.13,0.0001
1999-07-23 00:00:00,0.119,0.0001
1999-07-24 00:00:00,0.118,0.0001
1999-07-25 00:00:00,0.106,0.0001
1999-07-26 00:00:00,0.1,0.0001
1999-07-27 00:00:00,0.097000003,0.0001
1999-07-28 00:00:00,0.092,0.0001
1999-07-29 00:00:00,0.088,0.0001
1999-07-30 00:00:00,0.085000001,0.0001
1999-07-31 00:00:00,0.081,0.0001
1999-08-01 00:00:00,0.075999998,0.0001
1999-08-02 00:00:00,0.074000001,0.0001
1999-08-03 00:00:00,0.07,0.0001
1999-08-04 00:00:00,0.066,0.0001
1999-08-05 00:00:00,0.064000003,0.0001
1999-08-06 00:00:00,0.061999999,0.0001
1999-08-07 00:00:00,0.061000001,0.0001
1999-08-08 00:00:00,0.077,0.0001
1999-08-09 00:00:00,0.085000001,0.0001
1999-08-10 00:00:00,0.078000002,0.0001
1999-08-11 00:00:00,0.092,0.0001
1999-08-12 00:00:00,0.077,0.0001
1999-08-13 00:00:00,0.071999997,0.0001
1999-08-14 00:00:00,0.071000002,0.0001
1999-08-15 00:00:00,0.101,0.0001
1999-08-16 00:00:00,0.12899999,0.0001
1999-08-17 00:00:00,0.116,0.0001
1999-08-18 00:00:00,0.094999999,0.0001
1999-08-19 00:00:00,0.191,0.0001
1999-08-20 00:00:00,0.26899999,0.0001
1999-08-21 00:00:00,0.20900001,0.0001
1999-08-22 00:00:00,0.168,0.0001
1999-08-23 00:00:00,0.14,0.0001
1999-08-24 00:00:00,0.121,0.0001
1999-08-25 00:00:00,0.109,0.0001
1999-08-26 00:00:00,0.106,0.0001
1999-08-27 00:00:00,0.104,0.0001
1999-08-28 00:00:00,0.096000001,0.0001
1999-08-29 00:00:00,0.092,0.0001
1999-08-30 00:00:00,0.11,0.0001
1999-08-31 00:00:00,0.15700001,0.0001
1999-09-01 00:00:00,0.153,0.0001
1999-09-02 00:00:00,0.13699999,0.0001
1999-09-03 00:00:00,0.123,0.0001
1999-09-04 00:00:00,0.114,0.0001
1999-09-05 00:00:00,0.108,0.0001
1999-09-06 00:00:00,0.104,0.0001
1999-09-07 00:00:00,0.1,0.0001
1999-09-08 00:00:00,0.097000003,0.0001
1999-09-09 00:00:00,0.093000002,0.0001
1999-09-10 00:00:00,0.088,0.0001
1999-09-11 00:00:00,0.086999997,0.0001
1999-09-12 00:00:00,0.086999997,0.0001
1999-09-13 00:00:00,0.086000003,0.0001
1999-09-14 00:00:00,0.083999999,0.0001
1999-09-15 00:00:00,0.082000002,0.0001
1999-09-16 00:00:00,0.081,0.0001
1999-09-17 00:00:00,0.082000002,0.0001
1999-09-18 00:00:00,0.083999999,0.0001
1999-09-19 00:00:00,0.086000003,0.0001
1999-09-20 00:00:00,0.082999997,0.0001
1999-09-21 00:00:00,0.083999999,0.0001
1999-09-22 00:00:00,0.082000002,0.0001
1999-09-23 00:00:00,0.097999997,0.0001
1999-09-24 00:00:00,0.14399999,0.0001
1999-09-25 00:00:00,0.178,0.0001
1999-09-26 00:00:00,0.20200001,0.0001
1999-09-27 00:00:00,0.30599999,0.0001
1999-09-28 00:00:00,0.72600001,0.0001
1999-09-29 00:00:00,1.1,0.0001
1999-09-30 00:00:00,1.068,0.0001
1999-10-01 00:00:00,0.92900002,0.0001
1999-10-02 00:00:00,1.033,0.0001
1999-10-03 00:00:00,1.1900001,0.0001
1999-10-04 00:00:00,1.112,0.0001
1999-10-05 00:00:00,0.95499998,0.0001
1999-10-06 00:00:00,0.82300001,0.0001
1999-10-07 00:00:00,0.71700001,0.0001
1999-10-08 00:00:00,0.69199997,0.0001
1999-10-09 00:00:00,0.66799998,0.0001
1999-10-10 00:00:00,0.62800002,0.0001
1999-10-11 00:00:00,0.60600001,0.0001
1999-10-12 00:00:00,0.56199998,0.0001
1999-10-13 00:00:00,0.50700003,0.0001
1999-10-14 00:00:00,0.47099999,0.0001
1999-10-15 00:00:00,0.43200001,0.0001
1999-10-16 00:00:00,0.40400001,0.0001
1999-10-17 00:00:00,0.40900001,0.0001
1999-10-18 00:00:00,0.389,0.0001
1999-10-19 00:00:00,0.36500001,0.0001
1999-10-20 00:00:00,0.34299999,0.0001
1999-10-21 00:00:00,0.32300001,0.0001
1999-10-22 00:00:00,0.31099999,0.0001
1999-10-23 00:00:00,0.303,0.0001
1999-10-24 00:00:00,0.29800001,0.0001
1999-10-25 00:00:00,0.29100001,0.0001
1999-10-26 00:00:00,0.30000001,0.0001
1999-10-27 00:00:00,0.322,0.0001
1999-10-28 00:00:00,0.29899999,0.0001
1999-10-29 00:00:00,0.26300001,0.0001
1999-10-30 00:00:00,0.24600001,0.0001
1999-10-31 00:00:00,0.242,0.0001
1999-11-01 00:00:00,0.234,0.0001
1999-11-02 00:00:00,0.234,0.0001
1999-11-03 00:00:00,0.23,0.0001
1999-11-04 00:00:00,0.228,0.0001
1999-11-05 00:00:00,0.227,0.0001
1999-11-06 00:00:00,0.22499999,0.0001
1999-11-07 00:00:00,0.21600001,0.0001
1999-11-08 00:00:00,0.211,0.0001
1999-11-09 00:00:00,0.213,0.0001
1999-11-10 00:00:00,0.207,0.0001
1999-11-11 00:00:00,0.204,0.0001
1999-11-12 00:00:00,0.20299999,0.0001
1999-11-13 00:00:00,0.20299999,0.0001
1999-11-14 00:00:00,0.20200001,0.0001
1999-11-15 00:00:00,0.19499999,0.0001
1999-11-16 00:00:00,0.19400001,0.0001
1999-11-17 00:00:00,0.19599999,0.0001
1999-11-18 00:00:00,0.199,0.0001
1999-11-19 00:00:00,0.214,0.0001
1999-11-20 00:00:00,0.20999999,0.0001
1999-11-21 00:00:00,0.20299999,0.0001
1999-11-22 00:00:00,0.197,0.0001
1999-11-23 00:00:00,0.193,0.0001
1999-11-24 00:00:00,0.183,0.0001
1999-11-25 00:00:00,0.199,0.0001
1999-11-26 00:00:00,0.206,0.0001
1999-11-27 00:00:00,0.19599999,0.0001
1999-11-28 00:00:00,0.182,0.0001
1999-11-29 00:00:00,0.178,0.0001
1999-11-30 00:00:00,0.221,0.0001
1999-12-01 00:00:00,0.361,0.0001
1999-12-02 00:00:00,0.41,0.0001
1999-12-03 00:00:00,0.60900003,0.0001
1999-12-04 00:00:00,1.05,0.0001
1999-12-05 00:00:00,1.09,0.0001
1999-12-06 00:00:00,1.005,0.0001
1999-12-07 00:00:00,0.958,0.0001
1999-12-08 00:00:00,0.95300001,0.0001
1999-12-09 00:00:00,1.071,0.0001
1999-12-10 00:00:00,1.0930001,0.0001
1999-12-11 00:00:00,1.0470001,0.0001
1999-12-12 00:00:00,1.283,0.0001
1999-12-13 00:00:00,1.155,0.0001
1999-12-14 00:00:00,0.991,0.0001
1999-12-15 00:00:00,0.83999997,0.0001
1999-12-16 00:00:00,0.72899997,0.0001
1999-12-17 00:00:00,0.87699997,0.0001
1999-12-18 00:00:00,1.053,0.0001
1999-12-19 00:00:00,0.88499999,0.0001
1999-12-20 00:00:00,0.73500001,0.0001
1999-12-21 00:00:00,0.66299999,0.0001
1999-12-22 00:00:00,0.579,0.0001
1999-12-23 00:00:00,0.67000002,0.0001
1999-12-24 00:00:00,0.94499999,0.0001
1999-12-25 00:00:00,1.244,0.0001
1999-12-26 00:00:00,1.261,0.0001
1999-12-27 00:00:00,1.209,0.0001
1999-12-28 00:00:00,1.0700001,0.0001
1999-12-29 00:00:00,0.94099998,0.0001
1999-12-30 00:00:00,0.85299999,0.0001
1999-12-31 00:00:00,0.81800002,0.0001
2000-01-01 00:00:00,0.792,0.0001
2000-01-02 00:00:00,0.78399998,0.0001
2000-01-03 00:00:00,0.75800002,0.0001
2000-01-04 00:00:00,0.74000001,0.0001
2000-01-05 00:00:00,0.722,0.0001
2000-01-06 00:00:00,0.70499998,0.0001
2000-01-07 00:00:00,0.70999998,0.0001
2000-01-08 00:00:00,0.68599999,0.0001
2000-01-09 00:00:00,0.63499999,0.0001
2000-01-10 00:00:00,0.58399999,0.0001
2000-01-11 00:00:00,0.54500002,0.0001
2000-01-12 00:00:00,0.50700003,0.0001
2000-01-13 00:00:00,0.491,0.0001
2000-01-14 00:00:00,0.45699999,0.0001
2000-01-15 00:00:00,0.428,0.0001
2000-01-16 00:00:00,0.421,0.0001
2000-01-17 00:00:00,0.41299999,0.0001
2000-01-18 00:00:00,0.38999999,0.0001
2000-01-19 00:00:00,0.366,0.0001
2000-01-20 00:00:00,0.368,0.0001
2000-01-21 00:00:00,0.35800001,0.0001
2000-01-22 00:00:00,0.35100001,0.0001
2000-01-23 00:00:00,0.33700001,0.0001
2000-01-24 00:00:00,0.32300001,0.0001
2000-01-25 00:00:00,0.30399999,0.0001
2000-01-26 00:00:00,0.32499999,0.0001
2000-01-27 00:00:00,0.338,0.0001
2000-01-28 00:00:00,0.40900001,0.0001
2000-01-29 00:00:00,0.671,0.0001
2000-01-30 00:00:00,0.71100003,0.0001
2000-01-31 00:00:00,0.89899999,0.0001
2000-02-01 00:00:00,0.94499999,0.0001
2000-02-02 00:00:00,0.90399998,0.0001
2000-02-03 00:00:00,0.78799999,0.0001
2000-02-04 00:00:00,0.70599997,0.0001
2000-02-05 00:00:00,0.68800002,0.0001
2000-02-06 00:00:00,0.64499998,0.0001
2000-02-07 00:00:00,0.63800001,0.0001
2000-02-08 00:00:00,0.78799999,0.0001
2000-02-09 00:00:00,0.92000002,0.0001
2000-02-10 00:00:00,0.99599999,0.0001
2000-02-11 00:00:00,0.98500001,0.0001
2000-02-12 00:00:00,0.87900001,0.0001
2000-02-13 00:00:00,0.87099999,0.0001
2000-02-14 00:00:00,0.85799998,0.0001
2000-02-15 00:00:00,0.79799998,0.0001
2000-02-16 00:00:00,0.76599997,0.0001
2000-02-17 00:00:00,0.75599998,0.0001
2000-02-18 00:00:00,0.70700002,0.0001
2000-02-19 00:00:00,0.76700002,0.0001
2000-02-20 00:00:00,0.778,0.0001
2000-02-21 00:00:00,0.67799997,0.0001
2000-02-22 00:00:00,0.63200003,0.0001
2000-02-23 00:00:00,0.65600002,0.0001
2000-02-24 00:00:00,0.87900001,0.0001
2000-02-25 00:00:00,0.96899998,0.0001
2000-02-26 00:00:00,0.81,0.0001
2000-02-27 00:00:00,0.722,0.0001
2000-02-28 00:00:00,0.73199999,0.0001
2000-02-29 00:00:00,0.74299997,0.0001
2000-03-01 00:00:00,0.83600003,0.0001
2000-03-02 00:00:00,0.80000001,0.0001
2000-03-03 00:00:00,0.95899999,0.0001
2000-03-04 00:00:00,0.92500001,0.0001
2000-03-05 00:00:00,0.84399998,0.0001
2000-03-06 00:00:00,0.82599998,0.0001
2000-03-07 00:00:00,0.93300003,0.0001
2000-03-08 00:00:00,1.077,0.0001
2000-03-09 00:00:00,1.001,0.0001
2000-03-10 00:00:00,0.861,0.0001
2000-03-11 00:00:00,0.91799998,0.0001
2000-03-12 00:00:00,0.89899999,0.0001
2000-03-13 00:00:00,0.85299999,0.0001
2000-03-14 00:00:00,0.79900002,0.0001
2000-03-15 00:00:00,0.727,0.0001
2000-03-16 00:00:00,0.62199998,0.0001
2000-03-17 00:00:00,0.60399997,0.0001
2000-03-18 00:00:00,0.57300001,0.0001
2000-03-19 00:00:00,0.53200001,0.0001
2000-03-20 00:00:00,0.509,0.0001
2000-03-21 00:00:00,0.48100001,0.0001
2000-03-22 00:00:00,0.46000001,0.0001
2000-03-23 00:00:00,0.433,0.0001
2000-03-24 00:00:00,0.40900001,0.0001
2000-03-25 00:00:00,0.39500001,0.0001
2000-03-26 00:00:00,0.46200001,0.0001
2000-03-27 00:00:00,0.64499998,0.0001
2000-03-28 00:00:00,0.54100001,0.0001
2000-03-29 00:00:00,0.46799999,0.0001
2000-03-30 00:00:00,0.42899999,0.0001
2000-03-31 00:00:00,0.40700001,0.0001
2000-04-01 00:00:00,0.39700001,0.0001
2000-04-02 00:00:00,0.417,0.0001
2000-04-03 00:00:00,0.359,0.0001
2000-04-04 00:00:00,0.33500001,0.0001
2000-04-05 00:00:00,0.31,0.0001
2000-04-06 00:00:00,0.28299999,0.0001
2000-04-07 00:00:00,0.27200001,0.0001
2000-04-08 00:00:00,0.266,0.0001
2000-04-09 00:00:00,0.255,0.0001
2000-04-10 00:00:00,0.26199999,0.0001
2000-04-11 00:00:00,0.25099999,0.0001
2000-04-12 00:00:00,0.23899999,0.0001
2000-04-13 00:00:00,0.237,0.0001
2000-04-14 00:00:00,0.23,0.0001
2000-04-15 00:00:00,0.223,0.0001
2000-04-16 00:00:00,0.22,0.0001
2000-04-17 00:00:00,0.215,0.0001
2000-04-18 00:00:00,0.207,0.0001
2000-04-19 00:00:00,0.20100001,0.0001
2000-04-20 00:00:00,0.204,0.0001
2000-04-21 00:00:00,0.20200001,0.0001
2000-04-22 00:00:00,0.198,0.0001
2000-04-23 00:00:00,0.234,0.0001
2000-04-24 00:00:00,0.27000001,0.0001
2000-04-25 00:00:00,0.347,0.0001
2000-04-26 00:00:00,0.28200001,0.0001
2000-04-27 00:00:00,0.25099999,0.0001
2000-04-28 00:00:00,0.23800001,0.0001
2000-04-29 00:00:00,0.223,0.0001
2000-04-30 00:00:00,0.208,0.0001
2000-05-01 00:00:00,0.19499999,0.0001
2000-05-02 00:00:00,0.185,0.0001
2000-05-03 00:00:00,0.17900001,0.0001
2000-05-04 00:00:00,0.17299999,0.0001
2000-05-05 00:00:00,0.167,0.0001
2000-05-06 00:00:00,0.15899999,0.0001
2000-05-07 00:00:00,0.153,0.0001
2000-05-08 00:00:00,0.146,0.0001
2000-05-09 00:00:00,0.142,0.0001
2000-05-10 00:00:00,0.13600001,0.0001
2000-05-11 00:00:00,0.131,0.0001
2000-05-12 00:00:00,0.122,0.0001
2000-05-13 00:00:00,0.119,0.0001
2000-05-14 00:00:00,0.113,0.0001
2000-05-15 00:00:00,0.107,0.0001
2000-05-16 00:00:00,0.102,0.0001
2000-05-17 00:00:00,0.102,0.0001
2000-05-18 00:00:00,0.104,0.0001
2000-05-19 00:00:00,0.105,0.0001
2000-05-20 00:00:00,0.101,0.0001
2000-05-21 00:00:00,0.097999997,0.0001
2000-05-22 00:00:00,0.093000002,0.0001
2000-05-23 00:00:00,0.089000002,0.0001
2000-05-24 00:00:00,0.094999999,0.0001
2000-05-25 00:00:00,0.126,0.0001
2000-05-26 00:00:00,0.13699999,0.0001
2000-05-27 00:00:00,0.124,0.0001
2000-05-28 00:00:00,0.111,0.0001
2000-05-29 00:00:00,0.133,0.0001
2000-05-30 00:00:00,0.119,0.0001
2000-05-31 00:00:00,0.109,0.0001
2000-06-01 00:00:00,0.094999999,0.0001
2000-06-02 00:00:00,0.092,0.0001
2000-06-03 00:00:00,0.078000002,0.0001
2000-06-04 00:00:00,0.077,0.0001
2000-06-05 00:00:00,0.077,0.0001
2000-06-06 00:00:00,0.082999997,0.0001
2000-06-07 00:00:00,0.108,0.0001
2000-06-08 00:00:00,0.089000002,0.0001
2000-06-09 00:00:00,0.078000002,0.0001
2000-06-10 00:00:00,0.082999997,0.0001
2000-06-11 00:00:00,0.086000003,0.0001
2000-06-12 00:00:00,0.075999998,0.0001
2000-06-13 00:00:00,0.075999998,0.0001
2000-06-14 00:00:00,0.072999999,0.0001
2000-06-15 00:00:00,0.071000002,0.0001
2000-06-16 00:00:00,0.068999998,0.0001
2000-06-17 00:00:00,0.064999998,0.0001
2000-06-18 00:00:00,0.064000003,0.0001
2000-06-19 00:00:00,0.063000001,0.0001
2000-06-20 00:00:00,0.061000001,0.0001
2000-06-21 00:00:00,0.057999998,0.0001
2000-06-22 00:00:00,0.064999998,0.0001
2000-06-23 00:00:00,0.071000002,0.0001
2000-06-24 00:00:00,0.071999997,0.0001
2000-06-25 00:00:00,0.089000002,0.0001
2000-06-26 00:00:00,0.086999997,0.0001
2000-06-27 00:00:00,0.071999997,0.0001
2000-06-28 00:00:00,0.068999998,0.0001
2000-06-29 00:00:00,0.075999998,0.0001
2000-06-30 00:00:00,0.071999997,0.0001
2000-07-01 00:00:00,0.079999998,0.0001
2000-07-02 00:00:00,0.077,0.0001
2000-07-03 00:00:00,0.071000002,0.0001
2000-07-04 00:00:00,0.068000004,0.0001
2000-07-05 00:00:00,0.066,0.0001
2000-07-06 00:00:00,0.064999998,0.0001
2000-07-07 00:00:00,0.064000003,0.0001
2000-07-08 00:00:00,0.063000001,0.0001
2000-07-09 00:00:00,0.066,0.0001
2000-07-10 00:00:00,0.097000003,0.0001
2000-07-11 00:00:00,0.101,0.0001
2000-07-12 00:00:00,0.086000003,0.0001
2000-07-13 00:00:00,0.075999998,0.0001
2000-07-14 00:00:00,0.074000001,0.0001
2000-07-15 00:00:00,0.07,0.0001
2000-07-16 00:00:00,0.068999998,0.0001
2000-07-17 00:00:00,0.071000002,0.0001
2000-07-18 00:00:00,0.07,0.0001
2000-07-19 00:00:00,0.07,0.0001
2000-07-20 00:00:00,0.064000003,0.0001
2000-07-21 00:00:00,0.059999999,0.0001
2000-07-22 00:00:00,0.059,0.0001
2000-07-23 00:00:00,0.064000003,0.0001
2000-07-24 00:00:00,0.068000004,0.0001
2000-07-25 00:00:00,0.061000001,0.0001
2000-07-26 00:00:00,0.057,0.0001
2000-07-27 00:00:00,0.052999999,0.0001
2000-07-28 00:00:00,0.056000002,0.0001
2000-07-29 00:00:00,0.050000001,0.0001
2000-07-30 00:00:00,0.052000001,0.0001
2000-07-31 00:00:00,0.050000001,0.0001
2000-08-01 00:00:00,0.050000001,0.0001
2000-08-02 00:00:00,0.048,0.0001
2000-08-03 00:00:00,0.046,0.0001
2000-08-04 00:00:00,0.045000002,0.0001
2000-08-05 00:00:00,0.043000001,0.0001
2000-08-06 00:00:00,0.043000001,0.0001
2000-08-07 00:00:00,0.041000001,0.0001
2000-08-08 00:00:00,0.039000001,0.0001
2000-08-09 00:00:00,0.037,0.0001
2000-08-10 00:00:00,0.041000001,0.0001
2000-08-11 00:00:00,0.048999999,0.0001
2000-08-12 00:00:00,0.044,0.0001
2000-08-13 00:00:00,0.039000001,0.0001
2000-08-14 00:00:00,0.037999999,0.0001
2000-08-15 00:00:00,0.039000001,0.0001
2000-08-16 00:00:00,0.039000001,0.0001
2000-08-17 00:00:00,0.071000002,0.0001
2000-08-18 00:00:00,0.082000002,0.0001
2000-08-19 00:00:00,0.074000001,0.0001
2000-08-20 00:00:00,0.064000003,0.0001
2000-08-21 00:00:00,0.055,0.0001
2000-08-22 00:00:00,0.048,0.0001
2000-08-23 00:00:00,0.045000002,0.0001
2000-08-24 00:00:00,0.046,0.0001
2000-08-25 00:00:00,0.046999998,0.0001
2000-08-26 00:00:00,0.046,0.0001
2000-08-27 00:00:00,0.044,0.0001
2000-08-28 00:00:00,0.046,0.0001
2000-08-29 00:00:00,0.052000001,0.0001
2000-08-30 00:00:00,0.059999999,0.0001
2000-08-31 00:00:00,0.059,0.0001
2000-09-01 00:00:00,0.057,0.0001
2000-09-02 00:00:00,0.078000002,0.0001
2000-09-03 00:00:00,0.107,0.0001
2000-09-04 00:00:00,0.088,0.0001
2000-09-05 00:00:00,0.079999998,0.0001
2000-09-06 00:00:00,0.078000002,0.0001
2000-09-07 00:00:00,0.082999997,0.0001
2000-09-08 00:00:00,0.077,0.0001
2000-09-09 00:00:00,0.071000002,0.0001
2000-09-10 00:00:00,0.068000004,0.0001
2000-09-11 00:00:00,0.064000003,0.0001
2000-09-12 00:00:00,0.13500001,0.0001
2000-09-13 00:00:00,0.45199999,0.0001
2000-09-14 00:00:00,0.39300001,0.0001
2000-09-15 00:00:00,0.38699999,0.0001
2000-09-16 00:00:00,0.329,0.0001
2000-09-17 00:00:00,0.26199999,0.0001
2000-09-18 00:00:00,0.229,0.0001
2000-09-19 00:00:00,0.20200001,0.0001
2000-09-20 00:00:00,0.20299999,0.0001
2000-09-21 00:00:00,0.211,0.0001
2000-09-22 00:00:00,0.206,0.0001
2000-09-23 00:00:00,0.207,0.0001
2000-09-24 00:00:00,0.208,0.0001
2000-09-25 00:00:00,0.211,0.0001
2000-09-26 00:00:00,0.221,0.0001
2000-09-27 00:00:00,0.219,0.0001
2000-09-28 00:00:00,0.205,0.0001
2000-09-29 00:00:00,0.193,0.0001
2000-09-30 00:00:00,0.18099999,0.0001
2000-10-01 00:00:00,0.175,0.0001
2000-10-02 00:00:00,0.184,0.0001
2000-10-03 00:00:00,0.192,0.0001
2000-10-04 00:00:00,0.182,0.0001
2000-10-05 00:00:00,0.175,0.0001
2000-10-06 00:00:00,0.17399999,0.0001
2000-10-07 00:00:00,0.169,0.0001
2000-10-08 00:00:00,0.167,0.0001
2000-10-09 00:00:00,0.167,0.0001
2000-10-10 00:00:00,0.17200001,0.0001
2000-10-11 00:00:00,0.18000001,0.0001
2000-10-12 00:00:00,0.17900001,0.0001
2000-10-13 00:00:00,0.175,0.0001
2000-10-14 00:00:00,0.17299999,0.0001
2000-10-15 00:00:00,0.171,0.0001
2000-10-16 00:00:00,0.17299999,0.0001
2000-10-17 00:00:00,0.17299999,0.0001
2000-10-18 00:00:00,0.17200001,0.0001
2000-10-19 00:00:00,0.17,0.0001
2000-10-20 00:00:00,0.16599999,0.0001
2000-10-21 00:00:00,0.164,0.0001
2000-10-22 00:00:00,0.16,0.0001
2000-10-23 00:00:00,0.15800001,0.0001
2000-10-24 00:00:00,0.164,0.0001
2000-10-25 00:00:00,0.178,0.0001
2000-10-26 00:00:00,0.199,0.0001
2000-10-27 00:00:00,0.18700001,0.0001
2000-10-28 00:00:00,0.182,0.0001
2000-10-29 00:00:00,0.191,0.0001
2000-10-30 00:00:00,0.37900001,0.0001
2000-10-31 00:00:00,0.72399998,0.0001
2000-11-01 00:00:00,0.89399999,0.0001
2000-11-02 00:00:00,0.84799999,0.0001
2000-11-03 00:00:00,0.76700002,0.0001
2000-11-04 00:00:00,0.68599999,0.0001
2000-11-05 00:00:00,0.62599999,0.0001
2000-11-06 00:00:00,0.59600002,0.0001
2000-11-07 00:00:00,0.704,0.0001
2000-11-08 00:00:00,0.78799999,0.0001
2000-11-09 00:00:00,0.68099999,0.0001
2000-11-10 00:00:00,0.62099999,0.0001
2000-11-11 00:00:00,0.60900003,0.0001
2000-11-12 00:00:00,0.625,0.0001
2000-11-13 00:00:00,0.65499997,0.0001
2000-11-14 00:00:00,0.60699999,0.0001
2000-11-15 00:00:00,0.55699998,0.0001
2000-11-16 00:00:00,0.53399998,0.0001
2000-11-17 00:00:00,0.53100002,0.0001
2000-11-18 00:00:00,0.54299998,0.0001
2000-11-19 00:00:00,0.64200002,0.0001
2000-11-20 00:00:00,0.72500002,0.0001
2000-11-21 00:00:00,0.69700003,0.0001
2000-11-22 00:00:00,0.63099998,0.0001
2000-11-23 00:00:00,0.57999998,0.0001
2000-11-24 00:00:00,0.546,0.0001
2000-11-25 00:00:00,0.51800001,0.0001
2000-11-26 00:00:00,0.495,0.0001
2000-11-27 00:00:00,0.43700001,0.0001
2000-11-28 00:00:00,0.41100001,0.0001
2000-11-29 00:00:00,0.45500001,0.0001
2000-11-30 00:00:00,0.45300001,0.0001
2000-12-01 00:00:00,0.44800001,0.0001
2000-12-02 00:00:00,0.44299999,0.0001
2000-12-03 00:00:00,0.44600001,0.0001
2000-12-04 00:00:00,0.465,0.0001
2000-12-05 00:00:00,0.461,0.0001
2000-12-06 00:00:00,0.45500001,0.0001
2000-12-07 00:00:00,0.63499999,0.0001
2000-12-08 00:00:00,0.66500002,0.0001
2000-12-09 00:00:00,0.66299999,0.0001
2000-12-10 00:00:00,0.588,0.0001
2000-12-11 00:00:00,0.54299998,0.0001
2000-12-12 00:00:00,0.53299999,0.0001
2000-12-13 00:00:00,0.639,0.0001
2000-12-14 00:00:00,0.71600002,0.0001
2000-12-15 00:00:00,0.80800003,0.0001
2000-12-16 00:00:00,0.81099999,0.0001
2000-12-17 00:00:00,0.708,0.0001
2000-12-18 00:00:00,0.62300003,0.0001
2000-12-19 00:00:00,0.59299999,0.0001
2000-12-20 00:00:00,0.57999998,0.0001
2000-12-21 00:00:00,0.54699999,0.0001
2000-12-22 00:00:00,0.52399999,0.0001
2000-12-23 00:00:00,0.50999999,0.0001
2000-12-24 00:00:00,0.486,0.0001
2000-12-25 00:00:00,0.46399999,0.0001
2000-12-26 00:00:00,0.44299999,0.0001
2000-12-27 00:00:00,0.42899999,0.0001
2000-12-28 00:00:00,0.428,0.0001
2000-12-29 00:00:00,0.43200001,0.0001
2000-12-30 00:00:00,0.40099999,0.0001
2000-12-31 00:00:00,0.377,0.0001
2001-01-01 00:00:00,0.39700001,0.0001
2001-01-02 00:00:00,0.461,0.0001
2001-01-03 00:00:00,0.56900001,0.0001
2001-01-04 00:00:00,0.59600002,0.0001
2001-01-05 00:00:00,0.63499999,0.0001
2001-01-06 00:00:00,0.80199999,0.0001
2001-01-07 00:00:00,0.73199999,0.0001
2001-01-08 00:00:00,0.63700002,0.0001
2001-01-09 00:00:00,0.58399999,0.0001
2001-01-10 00:00:00,0.53200001,0.0001
2001-01-11 00:00:00,0.477,0.0001
2001-01-12 00:00:00,0.428,0.0001
2001-01-13 00:00:00,0.382,0.0001
2001-01-14 00:00:00,0.373,0.0001
2001-01-15 00:00:00,0.373,0.0001
2001-01-16 00:00:00,0.352,0.0001
2001-01-17 00:00:00,0.336,0.0001
2001-01-18 00:00:00,0.32499999,0.0001
2001-01-19 00:00:00,0.308,0.0001
2001-01-20 00:00:00,0.30000001,0.0001
2001-01-21 00:00:00,0.30000001,0.0001
2001-01-22 00:00:00,0.30500001,0.0001
2001-01-23 00:00:00,0.31900001,0.0001
2001-01-24 00:00:00,0.57800001,0.0001
2001-01-25 00:00:00,0.72899997,0.0001
2001-01-26 00:00:00,0.68599999,0.0001
2001-01-27 00:00:00,0.62699997,0.0001
2001-01-28 00:00:00,0.54799998,0.0001
2001-01-29 00:00:00,0.472,0.0001
2001-01-30 00:00:00,0.43700001,0.0001
2001-01-31 00:00:00,0.419,0.0001
2001-02-01 00:00:00,0.40400001,0.0001
2001-02-02 00:00:00,0.37900001,0.0001
2001-02-03 00:00:00,0.366,0.0001
2001-02-04 00:00:00,0.34999999,0.0001
2001-02-05 00:00:00,0.29800001,0.0001
2001-02-06 00:00:00,0.42899999,0.0001
2001-02-07 00:00:00,0.81599998,0.0001
2001-02-08 00:00:00,1.077,0.0001
2001-02-09 00:00:00,1.054,0.0001
2001-02-10 00:00:00,0.796,0.0001
2001-02-11 00:00:00,0.73799998,0.0001
2001-02-12 00:00:00,1.131,0.0001
2001-02-13 00:00:00,1.075,0.0001
2001-02-14 00:00:00,0.903,0.0001
2001-02-15 00:00:00,0.78899997,0.0001
2001-02-16 00:00:00,0.71200001,0.0001
2001-02-17 00:00:00,0.64300001,0.0001
2001-02-18 00:00:00,0.60100001,0.0001
2001-02-19 00:00:00,0.56900001,0.0001
2001-02-20 00:00:00,0.537,0.0001
2001-02-21 00:00:00,0.5,0.0001
2001-02-22 00:00:00,0.47499999,0.0001
2001-02-23 00:00:00,0.43099999,0.0001
2001-02-24 00:00:00,0.38,0.0001
2001-02-25 00:00:00,0.37099999,0.0001
2001-02-26 00:00:00,0.35499999,0.0001
2001-02-27 00:00:00,0.40400001,0.0001
2001-02-28 00:00:00,0.40700001,0.0001
2001-03-01 00:00:00,0.39700001,0.0001
2001-03-02 00:00:00,0.375,0.0001
2001-03-03 00:00:00,0.25299999,0.0001
2001-03-04 00:00:00,0.227,0.0001
2001-03-05 00:00:00,0.208,0.0001
2001-03-06 00:00:00,0.20900001,0.0001
2001-03-07 00:00:00,0.221,0.0001
2001-03-08 00:00:00,0.26300001,0.0001
2001-03-09 00:00:00,0.38800001,0.0001
2001-03-10 00:00:00,0.44800001,0.0001
2001-03-11 00:00:00,0.50400001,0.0001
2001-03-12 00:00:00,0.58399999,0.0001
2001-03-13 00:00:00,0.62699997,0.0001
2001-03-14 00:00:00,0.64200002,0.0001
2001-03-15 00:00:00,0.63300002,0.0001
2001-03-16 00:00:00,0.57800001,0.0001
2001-03-17 00:00:00,0.50999999,0.0001
2001-03-18 00:00:00,0.472,0.0001
2001-03-19 00:00:00,0.45199999,0.0001
2001-03-20 00:00:00,0.417,0.0001
2001-03-21 00:00:00,0.40700001,0.0001
2001-03-22 00:00:00,0.40200001,0.0001
2001-03-23 00:00:00,0.38800001,0.0001
2001-03-24 00:00:00,0.38299999,0.0001
2001-03-25 00:00:00,0.37099999,0.0001
2001-03-26 00:00:00,0.33899999,0.0001
2001-03-27 00:00:00,0.31999999,0.0001
2001-03-28 00:00:00,0.27599999,0.0001
2001-03-29 00:00:00,0.252,0.0001
2001-03-30 00:00:00,0.27200001,0.0001
2001-03-31 00:00:00,0.26499999,0.0001
2001-04-01 00:00:00,0.26800001,0.0001
2001-04-02 00:00:00,0.26800001,0.0001
2001-04-03 00:00:00,0.26300001,0.0001
2001-04-04 00:00:00,0.25,0.0001
2001-04-05 00:00:00,0.264,0.0001
2001-04-06 00:00:00,0.264,0.0001
2001-04-07 00:00:00,0.27599999,0.0001
2001-04-08 00:00:00,0.58399999,0.0001
2001-04-09 00:00:00,0.55500001,0.0001
2001-04-10 00:00:00,0.419,0.0001
2001-04-11 00:00:00,0.34900001,0.0001
2001-04-12 00:00:00,0.33700001,0.0001
2001-04-13 00:00:00,0.296,0.0001
2001-04-14 00:00:00,0.271,0.0001
2001-04-15 00:00:00,0.27000001,0.0001
2001-04-16 00:00:00,0.26300001,0.0001
2001-04-17 00:00:00,0.25,0.0001
2001-04-18 00:00:00,0.24699999,0.0001
2001-04-19 00:00:00,0.23800001,0.0001
2001-04-20 00:00:00,0.221,0.0001
2001-04-21 00:00:00,0.211,0.0001
2001-04-22 00:00:00,0.207,0.0001
2001-04-23 00:00:00,0.205,0.0001
2001-04-24 00:00:00,0.208,0.0001
2001-04-25 00:00:00,0.259,0.0001
2001-04-26 00:00:00,0.54699999,0.0001
2001-04-27 00:00:00,0.458,0.0001
2001-04-28 00:00:00,0.38499999,0.0001
2001-04-29 00:00:00,0.389,0.0001
2001-04-30 00:00:00,0.359,0.0001
2001-05-01 00:00:00,0.338,0.0001
2001-05-02 00:00:00,0.29899999,0.0001
2001-05-03 00:00:00,0.28099999,0.0001
2001-05-04 00:00:00,0.26499999,0.0001
2001-05-05 00:00:00,0.23899999,0.0001
2001-05-06 00:00:00,0.219,0.0001
2001-05-07 00:00:00,0.207,0.0001
2001-05-08 00:00:00,0.20299999,0.0001
2001-05-09 00:00:00,0.199,0.0001
2001-05-10 00:00:00,0.19400001,0.0001
2001-05-11 00:00:00,0.191,0.0001
2001-05-12 00:00:00,0.186,0.0001
2001-05-13 00:00:00,0.18000001,0.0001
2001-05-14 00:00:00,0.17299999,0.0001
2001-05-15 00:00:00,0.169,0.0001
2001-05-16 00:00:00,0.168,0.0001
2001-05-17 00:00:00,0.168,0.0001
2001-05-18 00:00:00,0.205,0.0001
2001-05-19 00:00:00,0.205,0.0001
2001-05-20 00:00:00,0.17200001,0.0001
2001-05-21 00:00:00,0.15800001,0.0001
2001-05-22 00:00:00,0.148,0.0001
2001-05-23 00:00:00,0.141,0.0001
2001-05-24 00:00:00,0.13600001,0.0001
2001-05-25 00:00:00,0.131,0.0001
2001-05-26 00:00:00,0.12800001,0.0001
2001-05-27 00:00:00,0.124,0.0001
2001-05-28 00:00:00,0.122,0.0001
2001-05-29 00:00:00,0.122,0.0001
2001-05-30 00:00:00,0.123,0.0001
2001-05-31 00:00:00,0.12899999,0.0001
2001-06-01 00:00:00,0.132,0.0001
2001-06-02 00:00:00,0.17299999,0.0001
2001-06-03 00:00:00,0.215,0.0001
2001-06-04 00:00:00,0.177,0.0001
2001-06-05 00:00:00,0.14399999,0.0001
2001-06-06 00:00:00,0.133,0.0001
2001-06-07 00:00:00,0.13600001,0.0001
2001-06-08 00:00:00,0.14,0.0001
2001-06-09 00:00:00,0.13699999,0.0001
2001-06-10 00:00:00,0.134,0.0001
2001-06-11 00:00:00,0.131,0.0001
2001-06-12 00:00:00,0.12899999,0.0001
2001-06-13 00:00:00,0.125,0.0001
2001-06-14 00:00:00,0.122,0.0001
2001-06-15 00:00:00,0.119,0.0001
2001-06-16 00:00:00,0.117,0.0001
2001-06-17 00:00:00,0.113,0.0001
2001-06-18 00:00:00,0.112,0.0001
2001-06-19 00:00:00,0.116,0.0001
2001-06-20 00:00:00,0.11,0.0001
2001-06-21 00:00:00,0.11,0.0001
2001-06-22 00:00:00,0.113,0.0001
2001-06-23 00:00:00,0.123,0.0001
2001-06-24 00:00:00,0.111,0.0001
2001-06-25 00:00:00,0.106,0.0001
2001-06-26 00:00:00,0.101,0.0001
2001-06-27 00:00:00,0.098999999,0.0001
2001-06-28 00:00:00,0.1,0.0001
2001-06-29 00:00:00,0.097000003,0.0001
2001-06-30 00:00:00,0.094999999,0.0001
2001-07-01 00:00:00,0.093999997,0.0001
2001-07-02 00:00:00,0.089000002,0.0001
2001-07-03 00:00:00,0.086000003,0.0001
2001-07-04 00:00:00,0.082999997,0.0001
2001-07-05 00:00:00,0.078000002,0.0001
2001-07-06 00:00:00,0.077,0.0001
2001-07-07 00:00:00,0.075999998,0.0001
2001-07-08 00:00:00,0.075000003,0.0001
2001-07-09 00:00:00,0.075000003,0.0001
2001-07-10 00:00:00,0.075000003,0.0001
2001-07-11 00:00:00,0.082999997,0.0001
2001-07-12 00:00:00,0.092,0.0001
2001-07-13 00:00:00,0.086999997,0.0001
2001-07-14 00:00:00,0.086999997,0.0001
2001-07-15 00:00:00,0.083999999,0.0001
2001-07-16 00:00:00,0.081,0.0001
2001-07-17 00:00:00,0.079999998,0.0001
2001-07-18 00:00:00,0.077,0.0001
2001-07-19 00:00:00,0.075000003,0.0001
2001-07-20 00:00:00,0.075000003,0.0001
2001-07-21 00:00:00,0.075000003,0.0001
2001-07-22 00:00:00,0.074000001,0.0001
2001-07-23 00:00:00,0.07,0.0001
2001-07-24 00:00:00,0.066,0.0001
2001-07-25 00:00:00,0.064000003,0.0001
2001-07-26 00:00:00,0.063000001,0.0001
2001-07-27 00:00:00,0.061000001,0.0001
2001-07-28 00:00:00,0.061000001,0.0001
2001-07-29 00:00:00,0.061000001,0.0001
2001-07-30 00:00:00,0.059,0.0001
2001-07-31 00:00:00,0.057999998,0.0001
2001-08-01 00:00:00,0.057999998,0.0001
2001-08-02 00:00:00,0.056000002,0.0001
2001-08-03 00:00:00,0.055,0.0001
2001-08-04 00:00:00,0.055,0.0001
2001-08-05 00:00:00,0.061000001,0.0001
2001-08-06 00:00:00,0.082000002,0.0001
2001-08-07 00:00:00,0.072999999,0.0001
2001-08-08 00:00:00,0.111,0.0001
2001-08-09 00:00:00,0.104,0.0001
2001-08-10 00:00:00,0.079999998,0.0001
2001-08-11 00:00:00,0.068999998,0.0001
2001-08-12 00:00:00,0.068999998,0.0001
2001-08-13 00:00:00,0.077,0.0001
2001-08-14 00:00:00,0.072999999,0.0001
2001-08-15 00:00:00,0.068000004,0.0001
2001-08-16 00:00:00,0.066,0.0001
2001-08-17 00:00:00,0.075999998,0.0001
2001-08-18 00:00:00,0.090000004,0.0001
2001-08-19 00:00:00,0.082000002,0.0001
2001-08-20 00:00:00,0.077,0.0001
2001-08-21 00:00:00,0.072999999,0.0001
2001-08-22 00:00:00,0.064000003,0.0001
2001-08-23 00:00:00,0.059,0.0001
2001-08-24 00:00:00,0.059,0.0001
2001-08-25 00:00:00,0.057999998,0.0001
2001-08-26 00:00:00,0.061999999,0.0001
2001-08-27 00:00:00,0.074000001,0.0001
2001-08-28 00:00:00,0.072999999,0.0001
2001-08-29 00:00:00,0.068999998,0.0001
2001-08-30 00:00:00,0.066,0.0001
2001-08-31 00:00:00,0.064999998,0.0001
2001-09-01 00:00:00,0.064999998,0.0001
2001-09-02 00:00:00,0.064000003,0.0001
2001-09-03 00:00:00,0.075999998,0.0001
2001-09-04 00:00:00,0.063000001,0.0001
2001-09-05 00:00:00,0.059999999,0.0001
2001-09-06 00:00:00,0.057999998,0.0001
2001-09-07 00:00:00,0.057,0.0001
2001-09-08 00:00:00,0.07,0.0001
2001-09-09 00:00:00,0.071000002,0.0001
2001-09-10 00:00:00,0.081,0.0001
2001-09-11 00:00:00,0.066,0.0001
2001-09-12 00:00:00,0.064999998,0.0001
2001-09-13 00:00:00,0.092,0.0001
2001-09-14 00:00:00,0.12,0.0001
2001-09-15 00:00:00,0.117,0.0001
2001-09-16 00:00:00,0.119,0.0001
2001-09-17 00:00:00,0.152,0.0001
2001-09-18 00:00:00,0.25600001,0.0001
2001-09-19 00:00:00,0.46700001,0.0001
2001-09-20 00:00:00,0.41100001,0.0001
2001-09-21 00:00:00,0.43799999,0.0001
2001-09-22 00:00:00,0.55000001,0.0001
2001-09-23 00:00:00,0.583,0.0001
2001-09-24 00:00:00,0.597,0.0001
2001-09-25 00:00:00,0.54699999,0.0001
2001-09-26 00:00:00,0.45500001,0.0001
2001-09-27 00:00:00,0.40700001,0.0001
2001-09-28 00:00:00,0.37,0.0001
2001-09-29 00:00:00,0.34400001,0.0001
2001-09-30 00:00:00,0.34999999,0.0001
2001-10-01 00:00:00,0.456,0.0001
2001-10-02 00:00:00,0.57599998,0.0001
2001-10-03 00:00:00,0.56900001,0.0001
2001-10-04 00:00:00,0.53399998,0.0001
2001-10-05 00:00:00,0.49900001,0.0001
2001-10-06 00:00:00,0.46900001,0.0001
2001-10-07 00:00:00,0.43700001,0.0001
2001-10-08 00:00:00,0.41600001,0.0001
2001-10-09 00:00:00,0.41299999,0.0001
2001-10-10 00:00:00,0.456,0.0001
2001-10-11 00:00:00,0.48899999,0.0001
2001-10-12 00:00:00,0.44999999,0.0001
2001-10-13 00:00:00,0.40900001,0.0001
2001-10-14 00:00:00,0.37799999,0.0001
2001-10-15 00:00:00,0.35299999,0.0001
2001-10-16 00:00:00,0.329,0.0001
2001-10-17 00:00:00,0.31200001,0.0001
2001-10-18 00:00:00,0.301,0.0001
2001-10-19 00:00:00,0.289,0.0001
2001-10-20 00:00:00,0.28299999,0.0001
2001-10-21 00:00:00,0.27700001,0.0001
2001-10-22 00:00:00,0.26899999,0.0001
2001-10-23 00:00:00,0.266,0.0001
2001-10-24 00:00:00,0.264,0.0001
2001-10-25 00:00:00,0.26100001,0.0001
2001-10-26 00:00:00,0.25799999,0.0001
2001-10-27 00:00:00,0.25600001,0.0001
2001-10-28 00:00:00,0.25299999,0.0001
2001-10-29 00:00:00,0.24699999,0.0001
2001-10-30 00:00:00,0.24699999,0.0001
2001-10-31 00:00:00,0.249,0.0001
2001-11-01 00:00:00,0.24699999,0.0001
2001-11-02 00:00:00,0.237,0.0001
2001-11-03 00:00:00,0.234,0.0001
2001-11-04 00:00:00,0.23100001,0.0001
2001-11-05 00:00:00,0.227,0.0001
2001-11-06 00:00:00,0.226,0.0001
2001-11-07 00:00:00,0.228,0.0001
2001-11-08 00:00:00,0.25099999,0.0001
2001-11-09 00:00:00,0.25400001,0.0001
2001-11-10 00:00:00,0.243,0.0001
2001-11-11 00:00:00,0.23899999,0.0001
2001-11-12 00:00:00,0.23800001,0.0001
2001-11-13 00:00:00,0.237,0.0001
2001-11-14 00:00:00,0.229,0.0001
2001-11-15 00:00:00,0.223,0.0001
2001-11-16 00:00:00,0.22,0.0001
2001-11-17 00:00:00,0.219,0.0001
2001-11-18 00:00:00,0.21799999,0.0001
2001-11-19 00:00:00,0.21600001,0.0001
2001-11-20 00:00:00,0.20999999,0.0001
2001-11-21 00:00:00,0.207,0.0001
2001-11-22 00:00:00,0.215,0.0001
2001-11-23 00:00:00,0.214,0.0001
2001-11-24 00:00:00,0.211,0.0001
2001-11-25 00:00:00,0.207,0.0001
2001-11-26 00:00:00,0.22499999,0.0001
2001-11-27 00:00:00,0.233,0.0001
2001-11-28 00:00:00,0.23199999,0.0001
2001-11-29 00:00:00,0.234,0.0001
2001-11-30 00:00:00,0.242,0.0001
2001-12-01 00:00:00,0.28200001,0.0001
2001-12-02 00:00:00,0.303,0.0001
2001-12-03 00:00:00,0.30599999,0.0001
2001-12-04 00:00:00,0.31,0.0001
2001-12-05 00:00:00,0.33199999,0.0001
2001-12-06 00:00:00,0.32699999,0.0001
2001-12-07 00:00:00,0.292,0.0001
2001-12-08 00:00:00,0.27000001,0.0001
2001-12-09 00:00:00,0.257,0.0001
2001-12-10 00:00:00,0.244,0.0001
2001-12-11 00:00:00,0.23800001,0.0001
2001-12-12 00:00:00,0.23,0.0001
2001-12-13 00:00:00,0.223,0.0001
2001-12-14 00:00:00,0.21799999,0.0001
2001-12-15 00:00:00,0.215,0.0001
2001-12-16 00:00:00,0.204,0.0001
2001-12-17 00:00:00,0.198,0.0001
2001-12-18 00:00:00,0.189,0.0001
2001-12-19 00:00:00,0.19,0.0001
2001-12-20 00:00:00,0.18000001,0.0001
2001-12-21 00:00:00,0.22,0.0001
2001-12-22 00:00:00,0.205,0.0001
2001-12-23 00:00:00,0.156,0.0001
2001-12-24 00:00:00,0.213,0.0001
2001-12-25 00:00:00,0.546,0.0001
2001-12-26 00:00:00,0.48300001,0.0001
2001-12-27 00:00:00,0.29300001,0.0001
2001-12-28 00:00:00,0.25400001,0.0001
2001-12-29 00:00:00,0.219,0.0001
2001-12-30 00:00:00,0.189,0.0001
2001-12-31 00:00:00,0.149,0.0001
2002-01-01 00:00:00,0.162,0.0001
2002-01-02 00:00:00,0.65200001,0.0001
2002-01-03 00:00:00,0.54500002,0.0001
2002-01-04 00:00:00,0.43599999,0.0001
2002-01-05 00:00:00,0.32699999,0.0001
2002-01-06 00:00:00,0.41800001,0.0001
2002-01-07 00:00:00,0.463,0.0001
2002-01-08 00:00:00,0.40599999,0.0001
2002-01-09 00:00:00,0.37400001,0.0001
2002-01-10 00:00:00,0.33199999,0.0001
2002-01-11 00:00:00,0.29300001,0.0001
2002-01-12 00:00:00,0.248,0.0001
2002-01-13 00:00:00,0.236,0.0001
2002-01-14 00:00:00,0.23800001,0.0001
2002-01-15 00:00:00,0.249,0.0001
2002-01-16 00:00:00,0.287,0.0001
2002-01-17 00:00:00,0.315,0.0001
2002-01-18 00:00:00,0.384,0.0001
2002-01-19 00:00:00,0.417,0.0001
2002-01-20 00:00:00,0.47499999,0.0001
2002-01-21 00:00:00,0.73400003,0.0001
2002-01-22 00:00:00,0.75099999,0.0001
2002-01-23 00:00:00,0.68400002,0.0001
2002-01-24 00:00:00,0.77700001,0.0001
2002-01-25 00:00:00,0.97399998,0.0001
2002-01-26 00:00:00,0.99400002,0.0001
2002-01-27 00:00:00,1.214,0.0001
2002-01-28 00:00:00,1.182,0.0001
2002-01-29 00:00:00,1.178,0.0001
2002-01-30 00:00:00,1.071,0.0001
2002-01-31 00:00:00,1.05,0.0001
2002-02-01 00:00:00,1.161,0.0001
2002-02-02 00:00:00,1.289,0.0001
2002-02-03 00:00:00,1.186,0.0001
2002-02-04 00:00:00,1.02,0.0001
2002-02-05 00:00:00,1.073,0.0001
2002-02-06 00:00:00,1.226,0.0001
2002-02-07 00:00:00,1.224,0.0001
2002-02-08 00:00:00,1.178,0.0001
2002-02-09 00:00:00,1.135,0.0001
2002-02-10 00:00:00,1.1390001,0.0001
2002-02-11 00:00:00,1.153,0.0001
2002-02-12 00:00:00,1.29,0.0001
2002-02-13 00:00:00,1.321,0.0001
2002-02-14 00:00:00,1.1950001,0.0001
2002-02-15 00:00:00,1.068,0.0001
2002-02-16 00:00:00,1.0140001,0.0001
2002-02-17 00:00:00,0.97000003,0.0001
2002-02-18 00:00:00,0.92900002,0.0001
2002-02-19 00:00:00,0.90799999,0.0001
2002-02-20 00:00:00,0.921,0.0001
2002-02-21 00:00:00,0.95300001,0.0001
2002-02-22 00:00:00,0.89700001,0.0001
2002-02-23 00:00:00,1.223,0.0001
2002-02-24 00:00:00,1.286,0.0001
2002-02-25 00:00:00,1.21,0.0001
2002-02-26 00:00:00,1.245,0.0001
2002-02-27 00:00:00,1.8609999,0.0001
2002-02-28 00:00:00,2.0580001,0.0001
2002-03-01 00:00:00,1.976,0.0001
2002-03-02 00:00:00,1.826,0.0001
2002-03-03 00:00:00,1.706,0.0001
2002-03-04 00:00:00,1.676,0.0001
2002-03-05 00:00:00,1.673,0.0001
2002-03-06 00:00:00,1.6670001,0.0001
2002-03-07 00:00:00,1.904,0.0001
2002-03-08 00:00:00,1.829,0.0001
2002-03-09 00:00:00,1.67,0.0001
2002-03-10 00:00:00,1.42,0.0001
2002-03-11 00:00:00,1.252,0.0001
2002-03-12 00:00:00,1.101,0.0001
2002-03-13 00:00:00,0.95899999,0.0001
2002-03-14 00:00:00,0.86500001,0.0001
2002-03-15 00:00:00,0.79100001,0.0001
2002-03-16 00:00:00,0.73299998,0.0001
2002-03-17 00:00:00,0.68199998,0.0001
2002-03-18 00:00:00,0.64700001,0.0001
2002-03-19 00:00:00,0.62699997,0.0001
2002-03-20 00:00:00,0.59899998,0.0001
2002-03-21 00:00:00,0.55699998,0.0001
2002-03-22 00:00:00,0.50599998,0.0001
2002-03-23 00:00:00,0.46799999,0.0001
2002-03-24 00:00:00,0.433,0.0001
2002-03-25 00:00:00,0.41499999,0.0001
2002-03-26 00:00:00,0.398,0.0001
2002-03-27 00:00:00,0.38499999,0.0001
2002-03-28 00:00:00,0.37400001,0.0001
2002-03-29 00:00:00,0.366,0.0001
2002-03-30 00:00:00,0.35800001,0.0001
2002-03-31 00:00:00,0.35100001,0.0001
2002-04-01 00:00:00,0.33500001,0.0001
2002-04-02 00:00:00,0.32100001,0.0001
2002-04-03 00:00:00,0.31299999,0.0001
2002-04-04 00:00:00,0.301,0.0001
2002-04-05 00:00:00,0.292,0.0001
2002-04-06 00:00:00,0.28299999,0.0001
2002-04-07 00:00:00,0.27399999,0.0001
2002-04-08 00:00:00,0.26300001,0.0001
2002-04-09 00:00:00,0.248,0.0001
2002-04-10 00:00:00,0.248,0.0001
2002-04-11 00:00:00,0.249,0.0001
2002-04-12 00:00:00,0.24699999,0.0001
2002-04-13 00:00:00,0.243,0.0001
2002-04-14 00:00:00,0.23999999,0.0001
2002-04-15 00:00:00,0.23100001,0.0001
2002-04-16 00:00:00,0.229,0.0001
2002-04-17 00:00:00,0.228,0.0001
2002-04-18 00:00:00,0.227,0.0001
2002-04-19 00:00:00,0.219,0.0001
2002-04-20 00:00:00,0.215,0.0001
2002-04-21 00:00:00,0.212,0.0001
2002-04-22 00:00:00,0.211,0.0001
2002-04-23 00:00:00,0.20900001,0.0001
2002-04-24 00:00:00,0.20200001,0.0001
2002-04-25 00:00:00,0.20100001,0.0001
2002-04-26 00:00:00,0.2,0.0001
2002-04-27 00:00:00,0.20900001,0.0001
2002-04-28 00:00:00,0.20999999,0.0001
2002-04-29 00:00:00,0.208,0.0001
2002-04-30 00:00:00,0.20900001,0.0001
2002-05-01 00:00:00,0.221,0.0001
2002-05-02 00:00:00,0.228,0.0001
2002-05-03 00:00:00,0.221,0.0001
2002-05-04 00:00:00,0.207,0.0001
2002-05-05 00:00:00,0.20299999,0.0001
2002-05-06 00:00:00,0.192,0.0001
2002-05-07 00:00:00,0.19,0.0001
2002-05-08 00:00:00,0.189,0.0001
2002-05-09 00:00:00,0.18799999,0.0001
2002-05-10 00:00:00,0.18700001,0.0001
2002-05-11 00:00:00,0.182,0.0001
2002-05-12 00:00:00,0.178,0.0001
2002-05-13 00:00:00,0.17399999,0.0001
2002-05-14 00:00:00,0.17,0.0001
2002-05-15 00:00:00,0.169,0.0001
2002-05-16 00:00:00,0.169,0.0001
2002-05-17 00:00:00,0.17299999,0.0001
2002-05-18 00:00:00,0.17200001,0.0001
2002-05-19 00:00:00,0.168,0.0001
2002-05-20 00:00:00,0.167,0.0001
2002-05-21 00:00:00,0.16500001,0.0001
2002-05-22 00:00:00,0.15800001,0.0001
2002-05-23 00:00:00,0.155,0.0001
2002-05-24 00:00:00,0.15800001,0.0001
2002-05-25 00:00:00,0.155,0.0001
2002-05-26 00:00:00,0.153,0.0001
2002-05-27 00:00:00,0.149,0.0001
2002-05-28 00:00:00,0.141,0.0001
2002-05-29 00:00:00,0.134,0.0001
2002-05-30 00:00:00,0.133,0.0001
2002-05-31 00:00:00,0.164,0.0001
2002-06-01 00:00:00,0.212,0.0001
2002-06-02 00:00:00,0.16,0.0001
2002-06-03 00:00:00,0.13600001,0.0001
2002-06-04 00:00:00,0.127,0.0001
2002-06-05 00:00:00,0.12800001,0.0001
2002-06-06 00:00:00,0.13,0.0001
2002-06-07 00:00:00,0.13500001,0.0001
2002-06-08 00:00:00,0.139,0.0001
2002-06-09 00:00:00,0.14399999,0.0001
2002-06-10 00:00:00,0.154,0.0001
2002-06-11 00:00:00,0.207,0.0001
2002-06-12 00:00:00,0.204,0.0001
2002-06-13 00:00:00,0.237,0.0001
2002-06-14 00:00:00,0.229,0.0001
2002-06-15 00:00:00,0.264,0.0001
2002-06-16 00:00:00,0.296,0.0001
2002-06-17 00:00:00,0.242,0.0001
2002-06-18 00:00:00,0.25400001,0.0001
2002-06-19 00:00:00,0.51499999,0.0001
2002-06-20 00:00:00,0.39399999,0.0001
2002-06-21 00:00:00,0.727,0.0001
2002-06-22 00:00:00,0.722,0.0001
2002-06-23 00:00:00,0.653,0.0001
2002-06-24 00:00:00,0.60500002,0.0001
2002-06-25 00:00:00,0.546,0.0001
2002-06-26 00:00:00,0.42500001,0.0001
2002-06-27 00:00:00,0.42899999,0.0001
2002-06-28 00:00:00,0.42699999,0.0001
2002-06-29 00:00:00,0.41499999,0.0001
2002-06-30 00:00:00,0.412,0.0001
2002-07-01 00:00:00,0.42500001,0.0001
2002-07-02 00:00:00,0.44400001,0.0001
2002-07-03 00:00:00,0.454,0.0001
2002-07-04 00:00:00,0.47099999,0.0001
2002-07-05 00:00:00,0.55299997,0.0001
2002-07-06 00:00:00,0.53500003,0.0001
2002-07-07 00:00:00,0.66600001,0.0001
2002-07-08 00:00:00,0.62800002,0.0001
2002-07-09 00:00:00,0.59299999,0.0001
2002-07-10 00:00:00,0.94700003,0.0001
2002-07-11 00:00:00,1.415,0.0001
2002-07-12 00:00:00,1.414,0.0001
2002-07-13 00:00:00,1.153,0.0001
2002-07-14 00:00:00,0.972,0.0001
2002-07-15 00:00:00,0.86199999,0.0001
2002-07-16 00:00:00,0.77499998,0.0001
2002-07-17 00:00:00,0.70200002,0.0001
2002-07-18 00:00:00,0.653,0.0001
2002-07-19 00:00:00,0.61699998,0.0001
2002-07-20 00:00:00,0.60100001,0.0001
2002-07-21 00:00:00,0.52700001,0.0001
2002-07-22 00:00:00,0.46599999,0.0001
2002-07-23 00:00:00,0.42899999,0.0001
2002-07-24 00:00:00,0.39500001,0.0001
2002-07-25 00:00:00,0.377,0.0001
2002-07-26 00:00:00,0.34099999,0.0001
2002-07-27 00:00:00,0.30399999,0.0001
2002-07-28 00:00:00,0.27500001,0.0001
2002-07-29 00:00:00,0.252,0.0001
2002-07-30 00:00:00,0.22499999,0.0001
2002-07-31 00:00:00,0.211,0.0001
2002-08-01 00:00:00,0.19499999,0.0001
2002-08-02 00:00:00,0.197,0.0001
2002-08-03 00:00:00,0.20999999,0.0001
2002-08-04 00:00:00,0.20299999,0.0001
2002-08-05 00:00:00,0.17200001,0.0001
2002-08-06 00:00:00,0.148,0.0001
2002-08-07 00:00:00,0.131,0.0001
2002-08-08 00:00:00,0.108,0.0001
2002-08-09 00:00:00,0.088,0.0001
2002-08-10 00:00:00,0.085000001,0.0001
2002-08-11 00:00:00,0.082000002,0.0001
2002-08-12 00:00:00,0.13600001,0.0001
2002-08-13 00:00:00,0.116,0.0001
2002-08-14 00:00:00,0.112,0.0001
2002-08-15 00:00:00,0.104,0.0001
2002-08-16 00:00:00,0.082000002,0.0001
2002-08-17 00:00:00,0.07,0.0001
2002-08-18 00:00:00,0.057999998,0.0001
2002-08-19 00:00:00,0.094999999,0.0001
2002-08-20 00:00:00,0.149,0.0001
2002-08-21 00:00:00,0.198,0.0001
2002-08-22 00:00:00,0.16,0.0001
2002-08-23 00:00:00,0.122,0.0001
2002-08-24 00:00:00,0.107,0.0001
2002-08-25 00:00:00,0.101,0.0001
2002-08-26 00:00:00,0.098999999,0.0001
2002-08-27 00:00:00,0.097999997,0.0001
2002-08-28 00:00:00,0.097000003,0.0001
2002-08-29 00:00:00,0.092,0.0001
2002-08-30 00:00:00,0.086000003,0.0001
2002-08-31 00:00:00,0.085000001,0.0001
2002-09-01 00:00:00,0.081,0.0001
2002-09-02 00:00:00,0.078000002,0.0001
2002-09-03 00:00:00,0.074000001,0.0001
2002-09-04 00:00:00,0.072999999,0.0001
2002-09-05 00:00:00,0.071999997,0.0001
2002-09-06 00:00:00,0.071000002,0.0001
2002-09-07 00:00:00,0.071000002,0.0001
2002-09-08 00:00:00,0.071000002,0.0001
2002-09-09 00:00:00,0.071000002,0.0001
2002-09-10 00:00:00,0.067000002,0.0001
2002-09-11 00:00:00,0.064999998,0.0001
2002-09-12 00:00:00,0.064000003,0.0001
2002-09-13 00:00:00,0.064999998,0.0001
2002-09-14 00:00:00,0.068000004,0.0001
2002-09-15 00:00:00,0.067000002,0.0001
2002-09-16 00:00:00,0.067000002,0.0001
2002-09-17 00:00:00,0.067000002,0.0001
2002-09-18 00:00:00,0.067000002,0.0001
2002-09-19 00:00:00,0.066,0.0001
2002-09-20 00:00:00,0.064999998,0.0001
2002-09-21 00:00:00,0.064999998,0.0001
2002-09-22 00:00:00,0.088,0.0001
2002-09-23 00:00:00,0.089000002,0.0001
2002-09-24 00:00:00,0.079000004,0.0001
2002-09-25 00:00:00,0.075999998,0.0001
2002-09-26 00:00:00,0.075999998,0.0001
2002-09-27 00:00:00,0.074000001,0.0001
2002-09-28 00:00:00,0.07,0.0001
2002-09-29 00:00:00,0.068000004,0.0001
2002-09-30 00:00:00,0.07,0.0001
2002-10-01 00:00:00,0.075000003,0.0001
2002-10-02 00:00:00,0.081,0.0001
2002-10-03 00:00:00,0.092,0.0001
2002-10-04 00:00:00,0.096000001,0.0001
2002-10-05 00:00:00,0.098999999,0.0001
2002-10-06 00:00:00,0.119,0.0001
2002-10-07 00:00:00,0.113,0.0001
2002-10-08 00:00:00,0.11,0.0001
2002-10-09 00:00:00,0.107,0.0001
2002-10-10 00:00:00,0.104,0.0001
2002-10-11 00:00:00,0.101,0.0001
2002-10-12 00:00:00,0.097999997,0.0001
2002-10-13 00:00:00,0.097999997,0.0001
2002-10-14 00:00:00,0.103,0.0001
2002-10-15 00:00:00,0.112,0.0001
2002-10-16 00:00:00,0.105,0.0001
2002-10-17 00:00:00,0.148,0.0001
2002-10-18 00:00:00,0.19,0.0001
2002-10-19 00:00:00,0.16500001,0.0001
2002-10-20 00:00:00,0.15899999,0.0001
2002-10-21 00:00:00,0.16,0.0001
2002-10-22 00:00:00,0.171,0.0001
2002-10-23 00:00:00,0.25,0.0001
2002-10-24 00:00:00,0.26100001,0.0001
2002-10-25 00:00:00,0.235,0.0001
2002-10-26 00:00:00,0.248,0.0001
2002-10-27 00:00:00,0.289,0.0001
2002-10-28 00:00:00,0.39899999,0.0001
2002-10-29 00:00:00,0.36899999,0.0001
2002-10-30 00:00:00,0.34400001,0.0001
2002-10-31 00:00:00,0.317,0.0001
2002-11-01 00:00:00,0.30899999,0.0001
2002-11-02 00:00:00,0.303,0.0001
2002-11-03 00:00:00,0.296,0.0001
2002-11-04 00:00:00,0.292,0.0001
2002-11-05 00:00:00,0.287,0.0001
2002-11-06 00:00:00,0.285,0.0001
2002-11-07 00:00:00,0.28999999,0.0001
2002-11-08 00:00:00,0.30599999,0.0001
2002-11-09 00:00:00,0.39700001,0.0001
2002-11-10 00:00:00,0.41999999,0.0001
2002-11-11 00:00:00,0.38699999,0.0001
2002-11-12 00:00:00,0.37099999,0.0001
2002-11-13 00:00:00,0.36700001,0.0001
2002-11-14 00:00:00,0.38999999,0.0001
2002-11-15 00:00:00,0.484,0.0001
2002-11-16 00:00:00,0.44299999,0.0001
2002-11-17 00:00:00,0.40200001,0.0001
2002-11-18 00:00:00,0.396,0.0001
2002-11-19 00:00:00,0.40400001,0.0001
2002-11-20 00:00:00,0.373,0.0001
2002-11-21 00:00:00,0.35499999,0.0001
2002-11-22 00:00:00,0.34099999,0.0001
2002-11-23 00:00:00,0.354,0.0001
2002-11-24 00:00:00,0.38,0.0001
2002-11-25 00:00:00,0.37,0.0001
2002-11-26 00:00:00,0.41800001,0.0001
2002-11-27 00:00:00,0.41800001,0.0001
2002-11-28 00:00:00,0.377,0.0001
2002-11-29 00:00:00,0.36700001,0.0001
2002-11-30 00:00:00,0.42899999,0.0001
2002-12-01 00:00:00,0.42199999,0.0001
2002-12-02 00:00:00,0.37799999,0.0001
2002-12-03 00:00:00,0.34599999,0.0001
2002-12-04 00:00:00,0.336,0.0001
2002-12-05 00:00:00,0.32100001,0.0001
2002-12-06 00:00:00,0.30700001,0.0001
2002-12-07 00:00:00,0.296,0.0001
2002-12-08 00:00:00,0.287,0.0001
2002-12-09 00:00:00,0.28099999,0.0001
2002-12-10 00:00:00,0.27500001,0.0001
2002-12-11 00:00:00,0.26499999,0.0001
2002-12-12 00:00:00,0.26199999,0.0001
2002-12-13 00:00:00,0.25600001,0.0001
2002-12-14 00:00:00,0.252,0.0001
2002-12-15 00:00:00,0.25,0.0001
2002-12-16 00:00:00,0.248,0.0001
2002-12-17 00:00:00,0.244,0.0001
2002-12-18 00:00:00,0.227,0.0001
2002-12-19 00:00:00,0.21600001,0.0001
2002-12-20 00:00:00,0.206,0.0001
2002-12-21 00:00:00,0.19599999,0.0001
2002-12-22 00:00:00,0.18700001,0.0001
2002-12-23 00:00:00,0.18000001,0.0001
2002-12-24 00:00:00,0.177,0.0001
2002-12-25 00:00:00,0.176,0.0001
2002-12-26 00:00:00,0.204,0.0001
2002-12-27 00:00:00,0.236,0.0001
2002-12-28 00:00:00,0.27599999,0.0001
2002-12-29 00:00:00,0.271,0.0001
2002-12-30 00:00:00,0.234,0.0001
2002-12-31 00:00:00,0.208,0.0001
2003-01-01 00:00:00,0.206,0.0001
2003-01-02 00:00:00,0.20100001,0.0001
2003-01-03 00:00:00,0.18000001,0.0001
2003-01-04 00:00:00,0.177,0.0001
2003-01-05 00:00:00,0.177,0.0001
2003-01-06 00:00:00,0.178,0.0001
2003-01-07 00:00:00,0.178,0.0001
2003-01-08 00:00:00,0.178,0.0001
2003-01-09 00:00:00,0.177,0.0001
2003-01-10 00:00:00,0.177,0.0001
2003-01-11 00:00:00,0.176,0.0001
2003-01-12 00:00:00,0.273,0.0001
2003-01-13 00:00:00,0.375,0.0001
2003-01-14 00:00:00,0.317,0.0001
2003-01-15 00:00:00,0.33700001,0.0001
2003-01-16 00:00:00,0.32800001,0.0001
2003-01-17 00:00:00,0.294,0.0001
2003-01-18 00:00:00,0.26899999,0.0001
2003-01-19 00:00:00,0.27200001,0.0001
2003-01-20 00:00:00,0.28,0.0001
2003-01-21 00:00:00,0.322,0.0001
2003-01-22 00:00:00,0.36500001,0.0001
2003-01-23 00:00:00,0.36300001,0.0001
2003-01-24 00:00:00,0.32699999,0.0001
2003-01-25 00:00:00,0.31600001,0.0001
2003-01-26 00:00:00,0.317,0.0001
2003-01-27 00:00:00,0.322,0.0001
2003-01-28 00:00:00,0.37799999,0.0001
2003-01-29 00:00:00,0.46399999,0.0001
2003-01-30 00:00:00,0.44800001,0.0001
2003-01-31 00:00:00,0.42300001,0.0001
2003-02-01 00:00:00,0.42699999,0.0001
2003-02-02 00:00:00,0.43399999,0.0001
2003-02-03 00:00:00,0.449,0.0001
2003-02-04 00:00:00,0.44400001,0.0001
2003-02-05 00:00:00,0.414,0.0001
2003-02-06 00:00:00,0.37200001,0.0001
2003-02-07 00:00:00,0.352,0.0001
2003-02-08 00:00:00,0.37200001,0.0001
2003-02-09 00:00:00,0.546,0.0001
2003-02-10 00:00:00,0.54000002,0.0001
2003-02-11 00:00:00,0.447,0.0001
2003-02-12 00:00:00,0.384,0.0001
2003-02-13 00:00:00,0.322,0.0001
2003-02-14 00:00:00,0.294,0.0001
2003-02-15 00:00:00,0.289,0.0001
2003-02-16 00:00:00,0.27000001,0.0001
2003-02-17 00:00:00,0.249,0.0001
2003-02-18 00:00:00,0.257,0.0001
2003-02-19 00:00:00,0.255,0.0001
2003-02-20 00:00:00,0.23899999,0.0001
2003-02-21 00:00:00,0.236,0.0001
2003-02-22 00:00:00,0.234,0.0001
2003-02-23 00:00:00,0.234,0.0001
2003-02-24 00:00:00,0.22499999,0.0001
2003-02-25 00:00:00,0.21799999,0.0001
2003-02-26 00:00:00,0.21699999,0.0001
2003-02-27 00:00:00,0.211,0.0001
2003-02-28 00:00:00,0.207,0.0001
2003-03-01 00:00:00,0.207,0.0001
2003-03-02 00:00:00,0.206,0.0001
2003-03-03 00:00:00,0.207,0.0001
2003-03-04 00:00:00,0.206,0.0001
2003-03-05 00:00:00,0.206,0.0001
2003-03-06 00:00:00,0.208,0.0001
2003-03-07 00:00:00,0.215,0.0001
2003-03-08 00:00:00,0.248,0.0001
2003-03-09 00:00:00,0.294,0.0001
2003-03-10 00:00:00,0.308,0.0001
2003-03-11 00:00:00,0.366,0.0001
2003-03-12 00:00:00,0.51800001,0.0001
2003-03-13 00:00:00,0.40400001,0.0001
2003-03-14 00:00:00,0.34999999,0.0001
2003-03-15 00:00:00,0.30899999,0.0001
2003-03-16 00:00:00,0.29100001,0.0001
2003-03-17 00:00:00,0.27500001,0.0001
2003-03-18 00:00:00,0.259,0.0001
2003-03-19 00:00:00,0.25600001,0.0001
2003-03-20 00:00:00,0.23999999,0.0001
2003-03-21 00:00:00,0.22,0.0001
2003-03-22 00:00:00,0.212,0.0001
2003-03-23 00:00:00,0.198,0.0001
2003-03-24 00:00:00,0.20100001,0.0001
2003-03-25 00:00:00,0.199,0.0001
2003-03-26 00:00:00,0.19599999,0.0001
2003-03-27 00:00:00,0.193,0.0001
2003-03-28 00:00:00,0.189,0.0001
2003-03-29 00:00:00,0.186,0.0001
2003-03-30 00:00:00,0.182,0.0001
2003-03-31 00:00:00,0.178,0.0001
2003-04-01 00:00:00,0.177,0.0001
2003-04-02 00:00:00,0.18099999,0.0001
2003-04-03 00:00:00,0.17299999,0.0001
2003-04-04 00:00:00,0.154,0.0001
2003-04-05 00:00:00,0.15000001,0.0001
2003-04-06 00:00:00,0.14,0.0001
2003-04-07 00:00:00,0.139,0.0001
2003-04-08 00:00:00,0.145,0.0001
2003-04-09 00:00:00,0.14399999,0.0001
2003-04-10 00:00:00,0.149,0.0001
2003-04-11 00:00:00,0.155,0.0001
2003-04-12 00:00:00,0.15099999,0.0001
2003-04-13 00:00:00,0.138,0.0001
2003-04-14 00:00:00,0.133,0.0001
2003-04-15 00:00:00,0.12800001,0.0001
2003-04-16 00:00:00,0.12,0.0001
2003-04-17 00:00:00,0.116,0.0001
2003-04-18 00:00:00,0.116,0.0001
2003-04-19 00:00:00,0.115,0.0001
2003-04-20 00:00:00,0.113,0.0001
2003-04-21 00:00:00,0.111,0.0001
2003-04-22 00:00:00,0.107,0.0001
2003-04-23 00:00:00,0.108,0.0001
2003-04-24 00:00:00,0.108,0.0001
2003-04-25 00:00:00,0.106,0.0001
2003-04-26 00:00:00,0.108,0.0001
2003-04-27 00:00:00,0.237,0.0001
2003-04-28 00:00:00,0.186,0.0001
2003-04-29 00:00:00,0.421,0.0001
2003-04-30 00:00:00,0.26199999,0.0001
2003-05-01 00:00:00,0.27399999,0.0001
2003-05-02 00:00:00,0.26800001,0.0001
2003-05-03 00:00:00,0.38100001,0.0001
2003-05-04 00:00:00,0.317,0.0001
2003-05-05 00:00:00,0.264,0.0001
2003-05-06 00:00:00,0.23100001,0.0001
2003-05-07 00:00:00,0.208,0.0001
2003-05-08 00:00:00,0.198,0.0001
2003-05-09 00:00:00,0.183,0.0001
2003-05-10 00:00:00,0.17299999,0.0001
2003-05-11 00:00:00,0.162,0.0001
2003-05-12 00:00:00,0.15800001,0.0001
2003-05-13 00:00:00,0.15800001,0.0001
2003-05-14 00:00:00,0.19,0.0001
2003-05-15 00:00:00,0.23100001,0.0001
2003-05-16 00:00:00,0.164,0.0001
2003-05-17 00:00:00,0.147,0.0001
2003-05-18 00:00:00,0.15000001,0.0001
2003-05-19 00:00:00,0.16500001,0.0001
2003-05-20 00:00:00,0.205,0.0001
2003-05-21 00:00:00,0.207,0.0001
2003-05-22 00:00:00,0.16599999,0.0001
2003-05-23 00:00:00,0.433,0.0001
2003-05-24 00:00:00,0.35100001,0.0001
2003-05-25 00:00:00,0.34200001,0.0001
2003-05-26 00:00:00,0.27200001,0.0001
2003-05-27 00:00:00,0.21699999,0.0001
2003-05-28 00:00:00,0.19,0.0001
2003-05-29 00:00:00,0.163,0.0001
2003-05-30 00:00:00,0.142,0.0001
2003-05-31 00:00:00,0.132,0.0001
2003-06-01 00:00:00,0.121,0.0001
2003-06-02 00:00:00,0.13600001,0.0001
2003-06-03 00:00:00,0.12899999,0.0001
2003-06-04 00:00:00,0.11,0.0001
2003-06-05 00:00:00,0.11,0.0001
2003-06-06 00:00:00,0.071999997,0.0001
2003-06-07 00:00:00,0.074000001,0.0001
2003-06-08 00:00:00,0.104,0.0001
2003-06-09 00:00:00,0.15899999,0.0001
2003-06-10 00:00:00,0.066,0.0001
2003-06-11 00:00:00,0.067000002,0.0001
2003-06-12 00:00:00,0.039999999,0.0001
2003-06-13 00:00:00,0.035999998,0.0001
2003-06-14 00:00:00,0.034000002,0.0001
2003-06-15 00:00:00,0.037,0.0001
2003-06-16 00:00:00,0.068999998,0.0001
2003-06-17 00:00:00,0.046,0.0001
2003-06-18 00:00:00,0.046,0.0001
2003-06-19 00:00:00,0.071000002,0.0001
2003-06-20 00:00:00,0.113,0.0001
2003-06-21 00:00:00,0.075999998,0.0001
2003-06-22 00:00:00,0.066,0.0001
2003-06-23 00:00:00,0.127,0.0001
2003-06-24 00:00:00,0.20100001,0.0001
2003-06-25 00:00:00,0.097000003,0.0001
2003-06-26 00:00:00,0.077,0.0001
2003-06-27 00:00:00,0.067000002,0.0001
2003-06-28 00:00:00,0.063000001,0.0001
2003-06-29 00:00:00,0.093999997,0.0001
2003-06-30 00:00:00,0.12800001,0.0001
2003-07-01 00:00:00,0.26699999,0.0001
2003-07-02 00:00:00,0.219,0.0001
2003-07-03 00:00:00,0.32699999,0.0001
2003-07-04 00:00:00,0.382,0.0001
2003-07-05 00:00:00,0.27200001,0.0001
2003-07-06 00:00:00,0.185,0.0001
2003-07-07 00:00:00,0.153,0.0001
2003-07-08 00:00:00,0.115,0.0001
2003-07-09 00:00:00,0.102,0.0001
2003-07-10 00:00:00,0.097999997,0.0001
2003-07-11 00:00:00,0.093000002,0.0001
2003-07-12 00:00:00,0.092,0.0001
2003-07-13 00:00:00,0.086999997,0.0001
2003-07-14 00:00:00,0.082999997,0.0001
2003-07-15 00:00:00,0.079000004,0.0001
2003-07-16 00:00:00,0.075999998,0.0001
2003-07-17 00:00:00,0.075000003,0.0001
2003-07-18 00:00:00,0.071999997,0.0001
2003-07-19 00:00:00,0.068999998,0.0001
2003-07-20 00:00:00,0.067000002,0.0001
2003-07-21 00:00:00,0.064000003,0.0001
2003-07-22 00:00:00,0.064000003,0.0001
2003-07-23 00:00:00,0.063000001,0.0001
2003-07-24 00:00:00,0.063000001,0.0001
2003-07-25 00:00:00,0.072999999,0.0001
2003-07-26 00:00:00,0.071000002,0.0001
2003-07-27 00:00:00,0.105,0.0001
2003-07-28 00:00:00,0.079999998,0.0001
2003-07-29 00:00:00,0.066,0.0001
2003-07-30 00:00:00,0.059999999,0.0001
2003-07-31 00:00:00,0.057,0.0001
2003-08-01 00:00:00,0.057999998,0.0001
2003-08-02 00:00:00,0.059,0.0001
2003-08-03 00:00:00,0.059,0.0001
2003-08-04 00:00:00,0.057,0.0001
2003-08-05 00:00:00,0.055,0.0001
2003-08-06 00:00:00,0.052999999,0.0001
2003-08-07 00:00:00,0.052000001,0.0001
2003-08-08 00:00:00,0.050000001,0.0001
2003-08-09 00:00:00,0.048999999,0.0001
2003-08-10 00:00:00,0.048,0.0001
2003-08-11 00:00:00,0.046999998,0.0001
2003-08-12 00:00:00,0.046,0.0001
2003-08-13 00:00:00,0.045000002,0.0001
2003-08-14 00:00:00,0.043000001,0.0001
2003-08-15 00:00:00,0.041000001,0.0001
2003-08-16 00:00:00,0.039999999,0.0001
2003-08-17 00:00:00,0.039000001,0.0001
2003-08-18 00:00:00,0.039000001,0.0001
2003-08-19 00:00:00,0.039000001,0.0001
2003-08-20 00:00:00,0.037999999,0.0001
2003-08-21 00:00:00,0.037999999,0.0001
2003-08-22 00:00:00,0.037999999,0.0001
2003-08-23 00:00:00,0.037999999,0.0001
2003-08-24 00:00:00,0.037999999,0.0001
2003-08-25 00:00:00,0.037999999,0.0001
2003-08-26 00:00:00,0.037999999,0.0001
2003-08-27 00:00:00,0.035999998,0.0001
2003-08-28 00:00:00,0.035999998,0.0001
2003-08-29 00:00:00,0.037,0.0001
2003-08-30 00:00:00,0.039000001,0.0001
2003-08-31 00:00:00,0.039000001,0.0001
2003-09-01 00:00:00,0.039999999,0.0001
2003-09-02 00:00:00,0.039999999,0.0001
2003-09-03 00:00:00,0.039999999,0.0001
2003-09-04 00:00:00,0.039000001,0.0001
2003-09-05 00:00:00,0.039999999,0.0001
2003-09-06 00:00:00,0.039999999,0.0001
2003-09-07 00:00:00,0.039999999,0.0001
2003-09-08 00:00:00,0.041000001,0.0001
2003-09-09 00:00:00,0.041000001,0.0001
2003-09-10 00:00:00,0.041999999,0.0001
2003-09-11 00:00:00,0.046,0.0001
2003-09-12 00:00:00,0.045000002,0.0001
2003-09-13 00:00:00,0.045000002,0.0001
2003-09-14 00:00:00,0.045000002,0.0001
2003-09-15 00:00:00,0.046,0.0001
2003-09-16 00:00:00,0.046,0.0001
2003-09-17 00:00:00,0.046999998,0.0001
2003-09-18 00:00:00,0.046999998,0.0001
2003-09-19 00:00:00,0.046,0.0001
2003-09-20 00:00:00,0.046,0.0001
2003-09-21 00:00:00,0.046,0.0001
2003-09-22 00:00:00,0.046,0.0001
2003-09-23 00:00:00,0.046999998,0.0001
2003-09-24 00:00:00,0.046999998,0.0001
2003-09-25 00:00:00,0.041000001,0.0001
2003-09-26 00:00:00,0.037999999,0.0001
2003-09-27 00:00:00,0.035999998,0.0001
2003-09-28 00:00:00,0.037,0.0001
2003-09-29 00:00:00,0.037999999,0.0001
2003-09-30 00:00:00,0.037,0.0001
2003-10-01 00:00:00,0.035999998,0.0001
2003-10-02 00:00:00,0.034000002,0.0001
2003-10-03 00:00:00,0.035,0.0001
2003-10-04 00:00:00,0.037,0.0001
2003-10-05 00:00:00,0.037999999,0.0001
2003-10-06 00:00:00,0.039000001,0.0001
2003-10-07 00:00:00,0.039999999,0.0001
2003-10-08 00:00:00,0.046999998,0.0001
2003-10-09 00:00:00,0.035,0.0001
2003-10-10 00:00:00,0.033,0.0001
2003-10-11 00:00:00,0.032000002,0.0001
2003-10-12 00:00:00,0.032000002,0.0001
2003-10-13 00:00:00,0.033,0.0001
2003-10-14 00:00:00,0.032000002,0.0001
2003-10-15 00:00:00,0.032000002,0.0001
2003-10-16 00:00:00,0.028999999,0.0001
2003-10-17 00:00:00,0.027000001,0.0001
2003-10-18 00:00:00,0.025,0.0001
2003-10-19 00:00:00,0.037,0.0001
2003-10-20 00:00:00,0.078000002,0.0001
2003-10-21 00:00:00,0.054000001,0.0001
2003-10-22 00:00:00,0.071999997,0.0001
2003-10-23 00:00:00,0.064000003,0.0001
2003-10-24 00:00:00,0.057999998,0.0001
2003-10-25 00:00:00,0.057999998,0.0001
2003-10-26 00:00:00,0.055,0.0001
2003-10-27 00:00:00,0.050999999,0.0001
2003-10-28 00:00:00,0.048999999,0.0001
2003-10-29 00:00:00,0.050000001,0.0001
2003-10-30 00:00:00,0.056000002,0.0001
2003-10-31 00:00:00,0.059999999,0.0001
2003-11-01 00:00:00,0.126,0.0001
2003-11-02 00:00:00,0.064000003,0.0001
2003-11-03 00:00:00,0.068000004,0.0001
2003-11-04 00:00:00,0.082000002,0.0001
2003-11-05 00:00:00,0.064999998,0.0001
2003-11-06 00:00:00,0.063000001,0.0001
2003-11-07 00:00:00,0.059999999,0.0001
2003-11-08 00:00:00,0.056000002,0.0001
2003-11-09 00:00:00,0.050999999,0.0001
2003-11-10 00:00:00,0.046999998,0.0001
2003-11-11 00:00:00,0.046,0.0001
2003-11-12 00:00:00,0.048999999,0.0001
2003-11-13 00:00:00,0.050000001,0.0001
2003-11-14 00:00:00,0.052000001,0.0001
2003-11-15 00:00:00,0.054000001,0.0001
2003-11-16 00:00:00,0.059,0.0001
2003-11-17 00:00:00,0.059999999,0.0001
2003-11-18 00:00:00,0.057,0.0001
2003-11-19 00:00:00,0.071000002,0.0001
2003-11-20 00:00:00,0.111,0.0001
2003-11-21 00:00:00,0.12899999,0.0001
2003-11-22 00:00:00,0.154,0.0001
2003-11-23 00:00:00,0.20299999,0.0001
2003-11-24 00:00:00,0.164,0.0001
2003-11-25 00:00:00,0.14,0.0001
2003-11-26 00:00:00,0.132,0.0001
2003-11-27 00:00:00,0.124,0.0001
2003-11-28 00:00:00,0.112,0.0001
2003-11-29 00:00:00,0.101,0.0001
2003-11-30 00:00:00,0.098999999,0.0001
2003-12-01 00:00:00,0.101,0.0001
2003-12-02 00:00:00,0.093999997,0.0001
2003-12-03 00:00:00,0.093000002,0.0001
2003-12-04 00:00:00,0.092,0.0001
2003-12-05 00:00:00,0.093000002,0.0001
2003-12-06 00:00:00,0.093000002,0.0001
2003-12-07 00:00:00,0.083999999,0.0001
2003-12-08 00:00:00,0.085000001,0.0001
2003-12-09 00:00:00,0.086000003,0.0001
2003-12-10 00:00:00,0.081,0.0001
2003-12-11 00:00:00,0.096000001,0.0001
2003-12-12 00:00:00,0.243,0.0001
2003-12-13 00:00:00,0.43799999,0.0001
2003-12-14 00:00:00,0.60500002,0.0001
2003-12-15 00:00:00,0.45899999,0.0001
2003-12-16 00:00:00,0.29300001,0.0001
2003-12-17 00:00:00,0.26499999,0.0001
2003-12-18 00:00:00,0.26300001,0.0001
2003-12-19 00:00:00,0.237,0.0001
2003-12-20 00:00:00,0.204,0.0001
2003-12-21 00:00:00,0.47299999,0.0001
2003-12-22 00:00:00,0.44400001,0.0001
2003-12-23 00:00:00,0.31799999,0.0001
2003-12-24 00:00:00,0.27200001,0.0001
2003-12-25 00:00:00,0.317,0.0001
2003-12-26 00:00:00,0.36500001,0.0001
2003-12-27 00:00:00,0.50700003,0.0001
2003-12-28 00:00:00,0.708,0.0001
2003-12-29 00:00:00,1.022,0.0001
2003-12-30 00:00:00,0.90799999,0.0001
2003-12-31 00:00:00,0.713,0.0001
2004-01-01 00:00:00,0.484,0.0001
2004-01-02 00:00:00,0.37400001,0.0001
2004-01-03 00:00:00,0.32300001,0.0001
2004-01-04 00:00:00,0.29499999,0.0001
2004-01-05 00:00:00,0.259,0.0001
2004-01-06 00:00:00,0.245,0.0001
2004-01-07 00:00:00,0.30199999,0.0001
2004-01-08 00:00:00,0.30500001,0.0001
2004-01-09 00:00:00,0.30399999,0.0001
2004-01-10 00:00:00,0.31400001,0.0001
2004-01-11 00:00:00,0.41600001,0.0001
2004-01-12 00:00:00,0.72399998,0.0001
2004-01-13 00:00:00,0.69300002,0.0001
2004-01-14 00:00:00,0.74000001,0.0001
2004-01-15 00:00:00,0.69499999,0.0001
2004-01-16 00:00:00,0.64499998,0.0001
2004-01-17 00:00:00,0.71499997,0.0001
2004-01-18 00:00:00,0.59600002,0.0001
2004-01-19 00:00:00,0.59200001,0.0001
2004-01-20 00:00:00,0.52600002,0.0001
2004-01-21 00:00:00,0.417,0.0001
2004-01-22 00:00:00,0.35600001,0.0001
2004-01-23 00:00:00,0.317,0.0001
2004-01-24 00:00:00,0.30199999,0.0001
2004-01-25 00:00:00,0.28299999,0.0001
2004-01-26 00:00:00,0.26300001,0.0001
2004-01-27 00:00:00,0.23999999,0.0001
2004-01-28 00:00:00,0.235,0.0001
2004-01-29 00:00:00,0.219,0.0001
2004-01-30 00:00:00,0.182,0.0001
2004-01-31 00:00:00,0.47600001,0.0001
2004-02-01 00:00:00,0.88099998,0.0001
2004-02-02 00:00:00,0.898,0.0001
2004-02-03 00:00:00,0.92000002,0.0001
2004-02-04 00:00:00,0.91900003,0.0001
2004-02-05 00:00:00,0.85900003,0.0001
2004-02-06 00:00:00,0.755,0.0001
2004-02-07 00:00:00,0.70200002,0.0001
2004-02-08 00:00:00,0.65499997,0.0001
2004-02-09 00:00:00,0.616,0.0001
2004-02-10 00:00:00,0.60699999,0.0001
2004-02-11 00:00:00,0.56199998,0.0001
2004-02-12 00:00:00,0.59399998,0.0001
2004-02-13 00:00:00,0.59600002,0.0001
2004-02-14 00:00:00,0.67000002,0.0001
2004-02-15 00:00:00,0.597,0.0001
2004-02-16 00:00:00,0.54500002,0.0001
2004-02-17 00:00:00,0.50700003,0.0001
2004-02-18 00:00:00,0.47,0.0001
2004-02-19 00:00:00,0.426,0.0001
2004-02-20 00:00:00,0.41600001,0.0001
2004-02-21 00:00:00,0.41999999,0.0001
2004-02-22 00:00:00,0.38299999,0.0001
2004-02-23 00:00:00,0.34099999,0.0001
2004-02-24 00:00:00,0.33700001,0.0001
2004-02-25 00:00:00,0.33199999,0.0001
2004-02-26 00:00:00,0.33700001,0.0001
2004-02-27 00:00:00,0.33399999,0.0001
2004-02-28 00:00:00,0.31400001,0.0001
2004-02-29 00:00:00,0.27500001,0.0001
2004-03-01 00:00:00,0.26100001,0.0001
2004-03-02 00:00:00,0.26899999,0.0001
2004-03-03 00:00:00,0.26800001,0.0001
2004-03-04 00:00:00,0.25299999,0.0001
2004-03-05 00:00:00,0.242,0.0001
2004-03-06 00:00:00,0.23199999,0.0001
2004-03-07 00:00:00,0.221,0.0001
2004-03-08 00:00:00,0.205,0.0001
2004-03-09 00:00:00,0.204,0.0001
2004-03-10 00:00:00,0.20299999,0.0001
2004-03-11 00:00:00,0.205,0.0001
2004-03-12 00:00:00,0.207,0.0001
2004-03-13 00:00:00,0.213,0.0001
2004-03-14 00:00:00,0.245,0.0001
2004-03-15 00:00:00,0.37799999,0.0001
2004-03-16 00:00:00,0.38800001,0.0001
2004-03-17 00:00:00,0.37599999,0.0001
2004-03-18 00:00:00,0.36000001,0.0001
2004-03-19 00:00:00,0.37400001,0.0001
2004-03-20 00:00:00,0.514,0.0001
2004-03-21 00:00:00,0.80400002,0.0001
2004-03-22 00:00:00,0.83899999,0.0001
2004-03-23 00:00:00,0.76800001,0.0001
2004-03-24 00:00:00,0.72500002,0.0001
2004-03-25 00:00:00,0.62900001,0.0001
2004-03-26 00:00:00,0.55599999,0.0001
2004-03-27 00:00:00,0.50599998,0.0001
2004-03-28 00:00:00,0.46900001,0.0001
2004-03-29 00:00:00,0.43900001,0.0001
2004-03-30 00:00:00,0.40099999,0.0001
2004-03-31 00:00:00,0.382,0.0001
2004-04-01 00:00:00,0.36300001,0.0001
2004-04-02 00:00:00,0.34299999,0.0001
2004-04-03 00:00:00,0.33399999,0.0001
2004-04-04 00:00:00,0.33500001,0.0001
2004-04-05 00:00:00,0.33700001,0.0001
2004-04-06 00:00:00,0.33399999,0.0001
2004-04-07 00:00:00,0.34999999,0.0001
2004-04-08 00:00:00,0.33700001,0.0001
2004-04-09 00:00:00,0.30000001,0.0001
2004-04-10 00:00:00,0.243,0.0001
2004-04-11 00:00:00,0.21799999,0.0001
2004-04-12 00:00:00,0.204,0.0001
2004-04-13 00:00:00,0.199,0.0001
2004-04-14 00:00:00,0.192,0.0001
2004-04-15 00:00:00,0.186,0.0001
2004-04-16 00:00:00,0.18099999,0.0001
2004-04-17 00:00:00,0.17900001,0.0001
2004-04-18 00:00:00,0.177,0.0001
2004-04-19 00:00:00,0.18099999,0.0001
2004-04-20 00:00:00,0.338,0.0001
2004-04-21 00:00:00,0.243,0.0001
2004-04-22 00:00:00,0.20299999,0.0001
2004-04-23 00:00:00,0.19,0.0001
2004-04-24 00:00:00,0.17299999,0.0001
2004-04-25 00:00:00,0.16599999,0.0001
2004-04-26 00:00:00,0.17200001,0.0001
2004-04-27 00:00:00,0.177,0.0001
2004-04-28 00:00:00,0.15899999,0.0001
2004-04-29 00:00:00,0.149,0.0001
2004-04-30 00:00:00,0.14300001,0.0001
2004-05-01 00:00:00,0.138,0.0001
2004-05-02 00:00:00,0.206,0.0001
2004-05-03 00:00:00,0.19499999,0.0001
2004-05-04 00:00:00,0.189,0.0001
2004-05-05 00:00:00,0.30399999,0.0001
2004-05-06 00:00:00,0.46900001,0.0001
2004-05-07 00:00:00,0.33700001,0.0001
2004-05-08 00:00:00,0.27200001,0.0001
2004-05-09 00:00:00,0.27399999,0.0001
2004-05-10 00:00:00,0.237,0.0001
2004-05-11 00:00:00,0.26800001,0.0001
2004-05-12 00:00:00,0.23,0.0001
2004-05-13 00:00:00,0.189,0.0001
2004-05-14 00:00:00,0.171,0.0001
2004-05-15 00:00:00,0.161,0.0001
2004-05-16 00:00:00,0.146,0.0001
2004-05-17 00:00:00,0.13500001,0.0001
2004-05-18 00:00:00,0.125,0.0001
2004-05-19 00:00:00,0.118,0.0001
2004-05-20 00:00:00,0.111,0.0001
2004-05-21 00:00:00,0.107,0.0001
2004-05-22 00:00:00,0.108,0.0001
2004-05-23 00:00:00,0.106,0.0001
2004-05-24 00:00:00,0.098999999,0.0001
2004-05-25 00:00:00,0.097000003,0.0001
2004-05-26 00:00:00,0.094999999,0.0001
2004-05-27 00:00:00,0.094999999,0.0001
2004-05-28 00:00:00,0.092,0.0001
2004-05-29 00:00:00,0.085000001,0.0001
2004-05-30 00:00:00,0.082000002,0.0001
2004-05-31 00:00:00,0.078000002,0.0001
2004-06-01 00:00:00,0.075999998,0.0001
2004-06-02 00:00:00,0.074000001,0.0001
2004-06-03 00:00:00,0.071000002,0.0001
2004-06-04 00:00:00,0.071999997,0.0001
2004-06-05 00:00:00,0.082999997,0.0001
2004-06-06 00:00:00,0.075999998,0.0001
2004-06-07 00:00:00,0.078000002,0.0001
2004-06-08 00:00:00,0.083999999,0.0001
2004-06-09 00:00:00,0.075999998,0.0001
2004-06-10 00:00:00,0.075999998,0.0001
2004-06-11 00:00:00,0.089000002,0.0001
2004-06-12 00:00:00,0.085000001,0.0001
2004-06-13 00:00:00,0.079999998,0.0001
2004-06-14 00:00:00,0.075999998,0.0001
2004-06-15 00:00:00,0.077,0.0001
2004-06-16 00:00:00,0.075999998,0.0001
2004-06-17 00:00:00,0.078000002,0.0001
2004-06-18 00:00:00,0.088,0.0001
2004-06-19 00:00:00,0.081,0.0001
2004-06-20 00:00:00,0.079999998,0.0001
2004-06-21 00:00:00,0.085000001,0.0001
2004-06-22 00:00:00,0.082000002,0.0001
2004-06-23 00:00:00,0.093999997,0.0001
2004-06-24 00:00:00,0.13600001,0.0001
2004-06-25 00:00:00,0.13699999,0.0001
2004-06-26 00:00:00,0.118,0.0001
2004-06-27 00:00:00,0.094999999,0.0001
2004-06-28 00:00:00,0.090000004,0.0001
2004-06-29 00:00:00,0.083999999,0.0001
2004-06-30 00:00:00,0.081,0.0001
2004-07-01 00:00:00,0.077,0.0001
2004-07-02 00:00:00,0.077,0.0001
2004-07-03 00:00:00,0.105,0.0001
2004-07-04 00:00:00,0.155,0.0001
2004-07-05 00:00:00,0.131,0.0001
2004-07-06 00:00:00,0.106,0.0001
2004-07-07 00:00:00,0.088,0.0001
2004-07-08 00:00:00,0.090000004,0.0001
2004-07-09 00:00:00,0.36300001,0.0001
2004-07-10 00:00:00,0.31999999,0.0001
2004-07-11 00:00:00,0.41499999,0.0001
2004-07-12 00:00:00,0.32300001,0.0001
2004-07-13 00:00:00,0.25799999,0.0001
2004-07-14 00:00:00,0.221,0.0001
2004-07-15 00:00:00,0.206,0.0001
2004-07-16 00:00:00,0.18099999,0.0001
2004-07-17 00:00:00,0.14300001,0.0001
2004-07-18 00:00:00,0.149,0.0001
2004-07-19 00:00:00,0.141,0.0001
2004-07-20 00:00:00,0.12800001,0.0001
2004-07-21 00:00:00,0.116,0.0001
2004-07-22 00:00:00,0.108,0.0001
2004-07-23 00:00:00,0.104,0.0001
2004-07-24 00:00:00,0.094999999,0.0001
2004-07-25 00:00:00,0.090000004,0.0001
2004-07-26 00:00:00,0.092,0.0001
2004-07-27 00:00:00,0.089000002,0.0001
2004-07-28 00:00:00,0.086999997,0.0001
2004-07-29 00:00:00,0.082000002,0.0001
2004-07-30 00:00:00,0.075000003,0.0001
2004-07-31 00:00:00,0.071999997,0.0001
2004-08-01 00:00:00,0.071000002,0.0001
2004-08-02 00:00:00,0.068999998,0.0001
2004-08-03 00:00:00,0.064000003,0.0001
2004-08-04 00:00:00,0.063000001,0.0001
2004-08-05 00:00:00,0.061999999,0.0001
2004-08-06 00:00:00,0.059999999,0.0001
2004-08-07 00:00:00,0.056000002,0.0001
2004-08-08 00:00:00,0.056000002,0.0001
2004-08-09 00:00:00,0.055,0.0001
2004-08-10 00:00:00,0.052999999,0.0001
2004-08-11 00:00:00,0.052999999,0.0001
2004-08-12 00:00:00,0.056000002,0.0001
2004-08-13 00:00:00,0.057,0.0001
2004-08-14 00:00:00,0.057999998,0.0001
2004-08-15 00:00:00,0.057,0.0001
2004-08-16 00:00:00,0.059999999,0.0001
2004-08-17 00:00:00,0.082999997,0.0001
2004-08-18 00:00:00,0.082000002,0.0001
2004-08-19 00:00:00,0.14399999,0.0001
2004-08-20 00:00:00,0.15899999,0.0001
2004-08-21 00:00:00,0.147,0.0001
2004-08-22 00:00:00,0.14,0.0001
2004-08-23 00:00:00,0.12899999,0.0001
2004-08-24 00:00:00,0.125,0.0001
2004-08-25 00:00:00,0.197,0.0001
2004-08-26 00:00:00,0.156,0.0001
2004-08-27 00:00:00,0.207,0.0001
2004-08-28 00:00:00,0.25,0.0001
2004-08-29 00:00:00,0.242,0.0001
2004-08-30 00:00:00,0.20900001,0.0001
2004-08-31 00:00:00,0.18099999,0.0001
2004-09-01 00:00:00,0.161,0.0001
2004-09-02 00:00:00,0.17299999,0.0001
2004-09-03 00:00:00,0.162,0.0001
2004-09-04 00:00:00,0.152,0.0001
2004-09-05 00:00:00,0.145,0.0001
2004-09-06 00:00:00,0.141,0.0001
2004-09-07 00:00:00,0.138,0.0001
2004-09-08 00:00:00,0.13500001,0.0001
2004-09-09 00:00:00,0.133,0.0001
2004-09-10 00:00:00,0.12899999,0.0001
2004-09-11 00:00:00,0.131,0.0001
2004-09-12 00:00:00,0.141,0.0001
2004-09-13 00:00:00,0.16599999,0.0001
2004-09-14 00:00:00,0.25299999,0.0001
2004-09-15 00:00:00,0.33399999,0.0001
2004-09-16 00:00:00,0.28099999,0.0001
2004-09-17 00:00:00,0.234,0.0001
2004-09-18 00:00:00,0.221,0.0001
2004-09-19 00:00:00,0.213,0.0001
2004-09-20 00:00:00,0.235,0.0001
2004-09-21 00:00:00,0.38800001,0.0001
2004-09-22 00:00:00,0.405,0.0001
2004-09-23 00:00:00,0.40400001,0.0001
2004-09-24 00:00:00,0.338,0.0001
2004-09-25 00:00:00,0.28,0.0001
2004-09-26 00:00:00,0.243,0.0001
2004-09-27 00:00:00,0.222,0.0001
2004-09-28 00:00:00,0.20100001,0.0001
2004-09-29 00:00:00,0.185,0.0001
2004-09-30 00:00:00,0.16599999,0.0001
2004-10-01 00:00:00,0.155,0.0001
2004-10-02 00:00:00,0.149,0.0001
2004-10-03 00:00:00,0.14399999,0.0001
2004-10-04 00:00:00,0.146,0.0001
2004-10-05 00:00:00,0.147,0.0001
2004-10-06 00:00:00,0.14300001,0.0001
2004-10-07 00:00:00,0.149,0.0001
2004-10-08 00:00:00,0.171,0.0001
2004-10-09 00:00:00,0.17200001,0.0001
2004-10-10 00:00:00,0.167,0.0001
2004-10-11 00:00:00,0.15800001,0.0001
2004-10-12 00:00:00,0.153,0.0001
2004-10-13 00:00:00,0.142,0.0001
2004-10-14 00:00:00,0.131,0.0001
2004-10-15 00:00:00,0.164,0.0001
2004-10-16 00:00:00,0.23999999,0.0001
2004-10-17 00:00:00,0.31600001,0.0001
2004-10-18 00:00:00,0.45500001,0.0001
2004-10-19 00:00:00,0.403,0.0001
2004-10-20 00:00:00,0.373,0.0001
2004-10-21 00:00:00,0.40799999,0.0001
2004-10-22 00:00:00,0.49200001,0.0001
2004-10-23 00:00:00,0.57200003,0.0001
2004-10-24 00:00:00,0.59100002,0.0001
2004-10-25 00:00:00,0.57999998,0.0001
2004-10-26 00:00:00,0.57200003,0.0001
2004-10-27 00:00:00,0.54100001,0.0001
2004-10-28 00:00:00,0.52100003,0.0001
2004-10-29 00:00:00,0.51800001,0.0001
2004-10-30 00:00:00,0.68699998,0.0001
2004-10-31 00:00:00,0.68599999,0.0001
2004-11-01 00:00:00,0.64099997,0.0001
2004-11-02 00:00:00,0.60600001,0.0001
2004-11-03 00:00:00,0.58399999,0.0001
2004-11-04 00:00:00,0.56699997,0.0001
2004-11-05 00:00:00,0.55000001,0.0001
2004-11-06 00:00:00,0.54299998,0.0001
2004-11-07 00:00:00,0.51200002,0.0001
2004-11-08 00:00:00,0.51200002,0.0001
2004-11-09 00:00:00,0.523,0.0001
2004-11-10 00:00:00,0.523,0.0001
2004-11-11 00:00:00,0.546,0.0001
2004-11-12 00:00:00,0.53799999,0.0001
2004-11-13 00:00:00,0.57099998,0.0001
2004-11-14 00:00:00,0.546,0.0001
2004-11-15 00:00:00,0.53299999,0.0001
2004-11-16 00:00:00,0.51800001,0.0001
2004-11-17 00:00:00,0.50400001,0.0001
2004-11-18 00:00:00,0.54000002,0.0001
2004-11-19 00:00:00,0.52600002,0.0001
2004-11-20 00:00:00,0.50599998,0.0001
2004-11-21 00:00:00,0.48699999,0.0001
2004-11-22 00:00:00,0.51700002,0.0001
2004-11-23 00:00:00,0.54900002,0.0001
2004-11-24 00:00:00,0.514,0.0001
2004-11-25 00:00:00,0.49399999,0.0001
2004-11-26 00:00:00,0.477,0.0001
2004-11-27 00:00:00,0.498,0.0001
2004-11-28 00:00:00,0.48500001,0.0001
2004-11-29 00:00:00,0.45699999,0.0001
2004-11-30 00:00:00,0.42899999,0.0001
2004-12-01 00:00:00,0.412,0.0001
2004-12-02 00:00:00,0.39899999,0.0001
2004-12-03 00:00:00,0.396,0.0001
2004-12-04 00:00:00,0.39199999,0.0001
2004-12-05 00:00:00,0.39700001,0.0001
2004-12-06 00:00:00,0.40000001,0.0001
2004-12-07 00:00:00,0.39700001,0.0001
2004-12-08 00:00:00,0.39500001,0.0001
2004-12-09 00:00:00,0.391,0.0001
2004-12-10 00:00:00,0.389,0.0001
2004-12-11 00:00:00,0.39300001,0.0001
2004-12-12 00:00:00,0.38600001,0.0001
2004-12-13 00:00:00,0.38,0.0001
2004-12-14 00:00:00,0.384,0.0001
2004-12-15 00:00:00,0.38699999,0.0001
2004-12-16 00:00:00,0.38999999,0.0001
2004-12-17 00:00:00,0.40000001,0.0001
2004-12-18 00:00:00,0.41100001,0.0001
2004-12-19 00:00:00,0.41499999,0.0001
2004-12-20 00:00:00,0.46000001,0.0001
2004-12-21 00:00:00,0.53299999,0.0001
2004-12-22 00:00:00,0.54799998,0.0001
2004-12-23 00:00:00,0.625,0.0001
2004-12-24 00:00:00,0.727,0.0001
2004-12-25 00:00:00,0.76700002,0.0001
2004-12-26 00:00:00,0.70999998,0.0001
2004-12-27 00:00:00,0.64899999,0.0001
2004-12-28 00:00:00,0.60699999,0.0001
2004-12-29 00:00:00,0.579,0.0001
2004-12-30 00:00:00,0.59600002,0.0001
2004-12-31 00:00:00,0.65700001,0.0001
2005-01-01 00:00:00,0.728062153,0.0001
2005-01-02 00:00:00,0.758008659,0.0001
2005-01-03 00:00:00,0.825572431,0.0001
2005-01-04 00:00:00,0.812653244,0.0001
2005-01-05 00:00:00,0.758597612,0.0001
2005-01-06 00:00:00,0.723141849,0.0001
2005-01-07 00:00:00,0.722387493,0.0001
2005-01-08 00:00:00,0.968725979,0.0001
2005-01-09 00:00:00,1.119910955,0.0001
2005-01-10 00:00:00,1.089833021,0.0001
2005-01-11 00:00:00,1.028366923,0.0001
2005-01-12 00:00:00,0.98724407,0.0001
2005-01-13 00:00:00,0.927529991,0.0001
2005-01-14 00:00:00,0.857539356,0.0001
2005-01-15 00:00:00,0.800269842,0.0001
2005-01-16 00:00:00,0.757501662,0.0001
2005-01-17 00:00:00,0.732519031,0.0001
2005-01-18 00:00:00,0.746185482,0.0001
2005-01-19 00:00:00,0.752498984,0.0001
2005-01-20 00:00:00,0.863471389,0.0001
2005-01-21 00:00:00,0.965890586,0.0001
2005-01-22 00:00:00,0.881592095,0.0001
2005-01-23 00:00:00,0.806599021,0.0001
2005-01-24 00:00:00,0.725354254,0.0001
2005-01-25 00:00:00,0.650280058,0.0001
2005-01-26 00:00:00,0.573613703,0.0001
2005-01-27 00:00:00,0.525602698,0.0001
2005-01-28 00:00:00,0.47828126,0.0001
2005-01-29 00:00:00,0.440992415,0.0001
2005-01-30 00:00:00,0.433078945,0.0001
2005-01-31 00:00:00,0.444938689,0.0001
2005-02-01 00:00:00,0.436333597,0.0001
2005-02-02 00:00:00,0.438353002,0.0001
2005-02-03 00:00:00,0.445566654,0.0001
2005-02-04 00:00:00,0.44291991,0.0001
2005-02-05 00:00:00,0.442070305,0.0001
2005-02-06 00:00:00,0.434045374,0.0001
2005-02-07 00:00:00,0.426532328,0.0001
2005-02-08 00:00:00,0.416013062,0.0001
2005-02-09 00:00:00,0.388652414,0.0001
2005-02-10 00:00:00,0.414903998,0.0001
2005-02-11 00:00:00,0.448749214,0.0001
2005-02-12 00:00:00,0.47449109,0.0001
2005-02-13 00:00:00,0.467364341,0.0001
2005-02-14 00:00:00,0.444961101,0.0001
2005-02-15 00:00:00,0.418049723,0.0001
2005-02-16 00:00:00,0.396845251,0.0001
2005-02-17 00:00:00,0.385784447,0.0001
2005-02-18 00:00:00,0.399774075,0.0001
2005-02-19 00:00:00,0.492865324,0.0001
2005-02-20 00:00:00,0.49576813,0.0001
2005-02-21 00:00:00,0.467075109,0.0001
2005-02-22 00:00:00,0.46173808,0.0001
2005-02-23 00:00:00,0.429938555,0.0001
2005-02-24 00:00:00,0.395077169,0.0001
2005-02-25 00:00:00,0.377417952,0.0001
2005-02-26 00:00:00,0.369094998,0.0001
2005-02-27 00:00:00,0.358630151,0.0001
2005-02-28 00:00:00,0.352148354,0.0001
2005-03-01 00:00:00,0.349006802,0.0001
2005-03-02 00:00:00,0.342524379,0.0001
2005-03-03 00:00:00,0.333640665,0.0001
2005-03-04 00:00:00,0.315497696,0.0001
2005-03-05 00:00:00,0.29407835,0.0001
2005-03-06 00:00:00,0.271678925,0.0001
2005-03-07 00:00:00,0.250874519,0.0001
2005-03-08 00:00:00,0.234961823,0.0001
2005-03-09 00:00:00,0.210733488,0.0001
2005-03-10 00:00:00,0.209889516,0.0001
2005-03-11 00:00:00,0.535118222,0.0001
2005-03-12 00:00:00,0.714304984,0.0001
2005-03-13 00:00:00,0.521894097,0.0001
2005-03-14 00:00:00,0.392973512,0.0001
2005-03-15 00:00:00,0.457131028,0.0001
2005-03-16 00:00:00,0.885176063,0.0001
2005-03-17 00:00:00,1.183781147,0.0001
2005-03-18 00:00:00,1.109200597,0.0001
2005-03-19 00:00:00,0.976443827,0.0001
2005-03-20 00:00:00,0.736347198,0.0001
2005-03-21 00:00:00,0.656628132,0.0001
2005-03-22 00:00:00,0.599253774,0.0001
2005-03-23 00:00:00,0.554924726,0.0001
2005-03-24 00:00:00,0.517942131,0.0001
2005-03-25 00:00:00,0.491995275,0.0001
2005-03-26 00:00:00,0.471743226,0.0001
2005-03-27 00:00:00,0.456219971,0.0001
2005-03-28 00:00:00,0.421251416,0.0001
2005-03-29 00:00:00,0.397346199,0.0001
2005-03-30 00:00:00,0.374550611,0.0001
2005-03-31 00:00:00,0.360865295,0.0001
2005-04-01 00:00:00,0.353413731,0.0001
2005-04-02 00:00:00,0.350436002,0.0001
2005-04-03 00:00:00,0.34742856,0.0001
2005-04-04 00:00:00,0.33643955,0.0001
2005-04-05 00:00:00,0.333051503,0.0001
2005-04-06 00:00:00,0.332384974,0.0001
2005-04-07 00:00:00,0.34835434,0.0001
2005-04-08 00:00:00,0.348950475,0.0001
2005-04-09 00:00:00,0.322148293,0.0001
2005-04-10 00:00:00,0.314899296,0.0001
2005-04-11 00:00:00,0.270515084,0.0001
2005-04-12 00:00:00,0.244646281,0.0001
2005-04-13 00:00:00,0.24414973,0.0001
2005-04-14 00:00:00,0.260093153,0.0001
2005-04-15 00:00:00,0.269937813,0.0001
2005-04-16 00:00:00,0.255447358,0.0001
2005-04-17 00:00:00,0.24638316,0.0001
2005-04-18 00:00:00,0.243626535,0.0001
2005-04-19 00:00:00,0.234623253,0.0001
2005-04-20 00:00:00,0.224244386,0.0001
2005-04-21 00:00:00,0.220755875,0.0001
2005-04-22 00:00:00,0.22072719,0.0001
2005-04-23 00:00:00,0.219475061,0.0001
2005-04-24 00:00:00,0.206045538,0.0001
2005-04-25 00:00:00,0.202070639,0.0001
2005-04-26 00:00:00,0.197597191,0.0001
2005-04-27 00:00:00,0.191787213,0.0001
2005-04-28 00:00:00,0.191741899,0.0001
2005-04-29 00:00:00,0.191643804,0.0001
2005-04-30 00:00:00,0.191677809,0.0001
2005-05-01 00:00:00,0.191641346,0.0001
2005-05-02 00:00:00,0.191604868,0.0001
2005-05-03 00:00:00,0.191676497,0.0001
2005-05-04 00:00:00,0.191531926,0.0001
2005-05-05 00:00:00,0.1913822,0.0001
2005-05-06 00:00:00,0.191458985,0.0001
2005-05-07 00:00:00,0.191422522,0.0001
2005-05-08 00:00:00,0.191240504,0.0001
2005-05-09 00:00:00,0.191338599,0.0001
2005-05-10 00:00:00,0.200291201,0.0001
2005-05-11 00:00:00,0.217029691,0.0001
2005-05-12 00:00:00,0.248346701,0.0001
2005-05-13 00:00:00,0.195676863,0.0001
2005-05-14 00:00:00,0.17747815,0.0001
2005-05-15 00:00:00,0.168504134,0.0001
2005-05-16 00:00:00,0.166019469,0.0001
2005-05-17 00:00:00,0.152602345,0.0001
2005-05-18 00:00:00,0.147092223,0.0001
2005-05-19 00:00:00,0.144741505,0.0001
2005-05-20 00:00:00,0.142904863,0.0001
2005-05-21 00:00:00,0.158806965,0.0001
2005-05-22 00:00:00,0.158943057,0.0001
2005-05-23 00:00:00,0.143002823,0.0001
2005-05-24 00:00:00,0.139842242,0.0001
2005-05-25 00:00:00,0.133077726,0.0001
2005-05-26 00:00:00,0.129632831,0.0001
2005-05-27 00:00:00,0.126726612,0.0001
2005-05-28 00:00:00,0.125240073,0.0001
2005-05-29 00:00:00,0.117680356,0.0001
2005-05-30 00:00:00,0.1097982,0.0001
2005-05-31 00:00:00,0.124883354,0.0001
2005-06-01 00:00:00,0.138578072,0.0001
2005-06-02 00:00:00,0.140892357,0.0001
2005-06-03 00:00:00,0.144344226,0.0001
2005-06-04 00:00:00,0.296200067,0.0001
2005-06-05 00:00:00,0.318675667,0.0001
2005-06-06 00:00:00,0.196409538,0.0001
2005-06-07 00:00:00,0.152931377,0.0001
2005-06-08 00:00:00,0.134587154,0.0001
2005-06-09 00:00:00,0.127873421,0.0001
2005-06-10 00:00:00,0.12475992,0.0001
2005-06-11 00:00:00,0.118266582,0.0001
2005-06-12 00:00:00,0.12384963,0.0001
2005-06-13 00:00:00,0.184016109,0.0001
2005-06-14 00:00:00,0.163505197,0.0001
2005-06-15 00:00:00,0.134521767,0.0001
2005-06-16 00:00:00,0.120139249,0.0001
2005-06-17 00:00:00,0.118258908,0.0001
2005-06-18 00:00:00,0.112299562,0.0001
2005-06-19 00:00:00,0.105069824,0.0001
2005-06-20 00:00:00,0.103350386,0.0001
2005-06-21 00:00:00,0.101630948,0.0001
2005-06-22 00:00:00,0.097589068,0.0001
2005-06-23 00:00:00,0.091107637,0.0001
2005-06-24 00:00:00,0.089235798,0.0001
2005-06-25 00:00:00,0.086446434,0.0001
2005-06-26 00:00:00,0.081318408,0.0001
2005-06-27 00:00:00,0.077146143,0.0001
2005-06-28 00:00:00,0.07570909,0.0001
2005-06-29 00:00:00,0.074272037,0.0001
2005-06-30 00:00:00,0.073436007,0.0001
2005-07-01 00:00:00,0.072565362,0.0001
2005-07-02 00:00:00,0.0716144,0.0001
2005-07-03 00:00:00,0.071849078,0.0001
2005-07-04 00:00:00,0.075866885,0.0001
2005-07-05 00:00:00,0.11045377,0.0001
2005-07-06 00:00:00,0.11041747,0.0001
2005-07-07 00:00:00,0.094611384,0.0001
2005-07-08 00:00:00,0.079927914,0.0001
2005-07-09 00:00:00,0.069648154,0.0001
2005-07-10 00:00:00,0.063816965,0.0001
2005-07-11 00:00:00,0.059783325,0.0001
2005-07-12 00:00:00,0.057030149,0.0001
2005-07-13 00:00:00,0.055267308,0.0001
2005-07-14 00:00:00,0.054604556,0.0001
2005-07-15 00:00:00,0.069312021,0.0001
2005-07-16 00:00:00,0.078707576,0.0001
2005-07-17 00:00:00,0.060967412,0.0001
2005-07-18 00:00:00,0.056524038,0.0001
2005-07-19 00:00:00,0.064837635,0.0001
2005-07-20 00:00:00,0.070301831,0.0001
2005-07-21 00:00:00,0.080878749,0.0001
2005-07-22 00:00:00,0.069070742,0.0001
2005-07-23 00:00:00,0.062480167,0.0001
2005-07-24 00:00:00,0.057987269,0.0001
2005-07-25 00:00:00,0.055405516,0.0001
2005-07-26 00:00:00,0.053887233,0.0001
2005-07-27 00:00:00,0.051683418,0.0001
2005-07-28 00:00:00,0.049968742,0.0001
2005-07-29 00:00:00,0.053705722,0.0001
2005-07-30 00:00:00,0.076021358,0.0001
2005-07-31 00:00:00,0.085652791,0.0001
2005-08-01 00:00:00,0.072656296,0.0001
2005-08-02 00:00:00,0.058003981,0.0001
2005-08-03 00:00:00,0.053038027,0.0001
2005-08-04 00:00:00,0.058778539,0.0001
2005-08-05 00:00:00,0.066710144,0.0001
2005-08-06 00:00:00,0.067833401,0.0001
2005-08-07 00:00:00,0.05795214,0.0001
2005-08-08 00:00:00,0.052980352,0.0001
2005-08-09 00:00:00,0.052112162,0.0001
2005-08-10 00:00:00,0.049134053,0.0001
2005-08-11 00:00:00,0.048797745,0.0001
2005-08-12 00:00:00,0.048461437,0.0001
2005-08-13 00:00:00,0.048125129,0.0001
2005-08-14 00:00:00,0.047788821,0.0001
2005-08-15 00:00:00,0.047452513,0.0001
2005-08-16 00:00:00,0.046886411,0.0001
2005-08-17 00:00:00,0.047073513,0.0001
2005-08-18 00:00:00,0.045196932,0.0001
2005-08-19 00:00:00,0.045329586,0.0001
2005-08-20 00:00:00,0.042199396,0.0001
2005-08-21 00:00:00,0.040003434,0.0001
2005-08-22 00:00:00,0.039749466,0.0001
2005-08-23 00:00:00,0.03227045,0.0001
2005-08-24 00:00:00,0.02899364,0.0001
2005-08-25 00:00:00,0.046701282,0.0001
2005-08-26 00:00:00,0.054025479,0.0001
2005-08-27 00:00:00,0.046597894,0.0001
2005-08-28 00:00:00,0.043374389,0.0001
2005-08-29 00:00:00,0.038755998,0.0001
2005-08-30 00:00:00,0.034750372,0.0001
2005-08-31 00:00:00,0.032888178,0.0001
2005-09-01 00:00:00,0.032883026,0.0001
2005-09-02 00:00:00,0.032667816,0.0001
2005-09-03 00:00:00,0.032941245,0.0001
2005-09-04 00:00:00,0.03321467,0.0001
2005-09-05 00:00:00,0.033488099,0.0001
2005-09-06 00:00:00,0.033761527,0.0001
2005-09-07 00:00:00,0.034034953,0.0001
2005-09-08 00:00:00,0.03430865,0.0001
2005-09-09 00:00:00,0.034281865,0.0001
2005-09-10 00:00:00,0.03400337,0.0001
2005-09-11 00:00:00,0.034222618,0.0001
2005-09-12 00:00:00,0.034441866,0.0001
2005-09-13 00:00:00,0.034661114,0.0001
2005-09-14 00:00:00,0.037173223,0.0001
2005-09-15 00:00:00,0.040504105,0.0001
2005-09-16 00:00:00,0.039461758,0.0001
2005-09-17 00:00:00,0.038216684,0.0001
2005-09-18 00:00:00,0.037834261,0.0001
2005-09-19 00:00:00,0.037354335,0.0001
2005-09-20 00:00:00,0.036924317,0.0001
2005-09-21 00:00:00,0.03650343,0.0001
2005-09-22 00:00:00,0.036244113,0.0001
2005-09-23 00:00:00,0.035663962,0.0001
2005-09-24 00:00:00,0.035660964,0.0001
2005-09-25 00:00:00,0.035657965,0.0001
2005-09-26 00:00:00,0.0367494,0.0001
2005-09-27 00:00:00,0.040569372,0.0001
2005-09-28 00:00:00,0.057784244,0.0001
2005-09-29 00:00:00,0.057249218,0.0001
2005-09-30 00:00:00,0.061719418,0.0001
2005-10-01 00:00:00,0.073756926,0.0001
2005-10-02 00:00:00,0.073359422,0.0001
2005-10-03 00:00:00,0.058295671,0.0001
2005-10-04 00:00:00,0.054848507,0.0001
2005-10-05 00:00:00,0.054224983,0.0001
2005-10-06 00:00:00,0.051468141,0.0001
2005-10-07 00:00:00,0.047386162,0.0001
2005-10-08 00:00:00,0.048425201,0.0001
2005-10-09 00:00:00,0.051848352,0.0001
2005-10-10 00:00:00,0.054761026,0.0001
2005-10-11 00:00:00,0.054745905,0.0001
2005-10-12 00:00:00,0.05436331,0.0001
2005-10-13 00:00:00,0.053722251,0.0001
2005-10-14 00:00:00,0.053707637,0.0001
2005-10-15 00:00:00,0.053692874,0.0001
2005-10-16 00:00:00,0.054105975,0.0001
2005-10-17 00:00:00,0.055831902,0.0001
2005-10-18 00:00:00,0.059384797,0.0001
2005-10-19 00:00:00,0.063155577,0.0001
2005-10-20 00:00:00,0.067927852,0.0001
2005-10-21 00:00:00,0.073756061,0.0001
2005-10-22 00:00:00,0.143330663,0.0001
2005-10-23 00:00:00,0.119002365,0.0001
2005-10-24 00:00:00,0.103301778,0.0001
2005-10-25 00:00:00,0.215143278,0.0001
2005-10-26 00:00:00,0.228492558,0.0001
2005-10-27 00:00:00,0.172131836,0.0001
2005-10-28 00:00:00,0.157545701,0.0001
2005-10-29 00:00:00,0.156176955,0.0001
2005-10-30 00:00:00,0.156072393,0.0001
2005-10-31 00:00:00,0.155967832,0.0001
2005-11-01 00:00:00,0.163552046,0.0001
2005-11-02 00:00:00,0.154811174,0.0001
2005-11-03 00:00:00,0.187120348,0.0001
2005-11-04 00:00:00,0.178320959,0.0001
2005-11-05 00:00:00,0.136527687,0.0001
2005-11-06 00:00:00,0.128656566,0.0001
2005-11-07 00:00:00,0.126412481,0.0001
2005-11-08 00:00:00,0.119288541,0.0001
2005-11-09 00:00:00,0.110908754,0.0001
2005-11-10 00:00:00,0.103213504,0.0001
2005-11-11 00:00:00,0.115170516,0.0001
2005-11-12 00:00:00,0.138012141,0.0001
2005-11-13 00:00:00,0.133121118,0.0001
2005-11-14 00:00:00,0.121445104,0.0001
2005-11-15 00:00:00,0.14946793,0.0001
2005-11-16 00:00:00,0.141966075,0.0001
2005-11-17 00:00:00,0.121752769,0.0001
2005-11-18 00:00:00,0.106288463,0.0001
2005-11-19 00:00:00,0.097598523,0.0001
2005-11-20 00:00:00,0.092878945,0.0001
2005-11-21 00:00:00,0.097864598,0.0001
2005-11-22 00:00:00,0.094636805,0.0001
2005-11-23 00:00:00,0.095401116,0.0001
2005-11-24 00:00:00,0.109065242,0.0001
2005-11-25 00:00:00,0.266165704,0.0001
2005-11-26 00:00:00,0.272223026,0.0001
2005-11-27 00:00:00,0.214303493,0.0001
2005-11-28 00:00:00,0.167651325,0.0001
2005-11-29 00:00:00,0.141539514,0.0001
2005-11-30 00:00:00,0.131206602,0.0001
2005-12-01 00:00:00,0.122287504,0.0001
2005-12-02 00:00:00,0.134296075,0.0001
2005-12-03 00:00:00,0.114470959,0.0001
2005-12-04 00:00:00,0.112279333,0.0001
2005-12-05 00:00:00,0.130533755,0.0001
2005-12-06 00:00:00,0.192296937,0.0001
2005-12-07 00:00:00,0.186254486,0.0001
2005-12-08 00:00:00,0.168310776,0.0001
2005-12-09 00:00:00,0.157353535,0.0001
2005-12-10 00:00:00,0.148229226,0.0001
2005-12-11 00:00:00,0.148999065,0.0001
2005-12-12 00:00:00,0.142227545,0.0001
2005-12-13 00:00:00,0.137366384,0.0001
2005-12-14 00:00:00,0.154759541,0.0001
2005-12-15 00:00:00,0.180696517,0.0001
2005-12-16 00:00:00,0.220914274,0.0001
2005-12-17 00:00:00,0.199989498,0.0001
2005-12-18 00:00:00,0.163013995,0.0001
2005-12-19 00:00:00,0.153357953,0.0001
2005-12-20 00:00:00,0.184623361,0.0001
2005-12-21 00:00:00,0.190069795,0.0001
2005-12-22 00:00:00,0.241108164,0.0001
2005-12-23 00:00:00,0.244566843,0.0001
2005-12-24 00:00:00,0.251761228,0.0001
2005-12-25 00:00:00,0.230130568,0.0001
2005-12-26 00:00:00,0.202132374,0.0001
2005-12-27 00:00:00,0.178479671,0.0001
2005-12-28 00:00:00,0.170735106,0.0001
2005-12-29 00:00:00,0.169435859,0.0001
2005-12-30 00:00:00,0.169307753,0.0001
2005-12-31 00:00:00,0.168030709,0.0001
2006-01-01 00:00:00,0.165731922,0.0001
2006-01-02 00:00:00,0.151465118,0.0001
2006-01-03 00:00:00,0.13728039,0.0001
2006-01-04 00:00:00,0.13289395,0.0001
2006-01-05 00:00:00,0.138246536,0.0001
2006-01-06 00:00:00,0.150301948,0.0001
2006-01-07 00:00:00,0.153166145,0.0001
2006-01-08 00:00:00,0.157523125,0.0001
2006-01-09 00:00:00,0.15824309,0.0001
2006-01-10 00:00:00,0.165160507,0.0001
2006-01-11 00:00:00,0.441518784,0.0001
2006-01-12 00:00:00,0.538268805,0.0001
2006-01-13 00:00:00,0.434585243,0.0001
2006-01-14 00:00:00,0.362837136,0.0001
2006-01-15 00:00:00,0.312859863,0.0001
2006-01-16 00:00:00,0.284083217,0.0001
2006-01-17 00:00:00,0.264490724,0.0001
2006-01-18 00:00:00,0.252707988,0.0001
2006-01-19 00:00:00,0.234917879,0.0001
2006-01-20 00:00:00,0.23890616,0.0001
2006-01-21 00:00:00,0.264652759,0.0001
2006-01-22 00:00:00,0.244700998,0.0001
2006-01-23 00:00:00,0.242359862,0.0001
2006-01-24 00:00:00,0.254579186,0.0001
2006-01-25 00:00:00,0.250735164,0.0001
2006-01-26 00:00:00,0.24597463,0.0001
2006-01-27 00:00:00,0.238577664,0.0001
2006-01-28 00:00:00,0.247515574,0.0001
2006-01-29 00:00:00,0.244400084,0.0001
2006-01-30 00:00:00,0.250578076,0.0001
2006-01-31 00:00:00,0.290733159,0.0001
2006-02-01 00:00:00,0.343149394,0.0001
2006-02-02 00:00:00,0.456940591,0.0001
2006-02-03 00:00:00,0.561166286,0.0001
2006-02-04 00:00:00,0.484152913,0.0001
2006-02-05 00:00:00,0.428628415,0.0001
2006-02-06 00:00:00,0.609242022,0.0001
2006-02-07 00:00:00,1.381724954,0.0001
2006-02-08 00:00:00,1.457749486,0.0001
2006-02-09 00:00:00,1.50021863,0.0001
2006-02-10 00:00:00,1.350422263,0.0001
2006-02-11 00:00:00,1.165369987,0.0001
2006-02-12 00:00:00,0.977264702,0.0001
2006-02-13 00:00:00,0.796973169,0.0001
2006-02-14 00:00:00,0.679042518,0.0001
2006-02-15 00:00:00,0.627458394,0.0001
2006-02-16 00:00:00,0.727124929,0.0001
2006-02-17 00:00:00,0.854624748,0.0001
2006-02-18 00:00:00,0.990817785,0.0001
2006-02-19 00:00:00,1.027765155,0.0001
2006-02-20 00:00:00,0.88111645,0.0001
2006-02-21 00:00:00,0.734004676,0.0001
2006-02-22 00:00:00,0.597799718,0.0001
2006-02-23 00:00:00,0.52722013,0.0001
2006-02-24 00:00:00,0.476918846,0.0001
2006-02-25 00:00:00,0.433120459,0.0001
2006-02-26 00:00:00,0.379887044,0.0001
2006-02-27 00:00:00,0.335941941,0.0001
2006-02-28 00:00:00,0.319709241,0.0001
2006-03-01 00:00:00,0.30846405,0.0001
2006-03-02 00:00:00,0.297218859,0.0001
2006-03-03 00:00:00,0.285973668,0.0001
2006-03-04 00:00:00,0.274728477,0.0001
2006-03-05 00:00:00,0.263483286,0.0001
2006-03-06 00:00:00,0.252238095,0.0001
2006-03-07 00:00:00,0.240992889,0.0001
2006-03-08 00:00:00,0.229747698,0.0001
2006-03-09 00:00:00,0.218502507,0.0001
2006-03-10 00:00:00,0.207257301,0.0001
2006-03-11 00:00:00,0.195693016,0.0001
2006-03-12 00:00:00,0.174911842,0.0001
2006-03-13 00:00:00,0.174062178,0.0001
2006-03-14 00:00:00,0.177009001,0.0001
2006-03-15 00:00:00,0.174745619,0.0001
2006-03-16 00:00:00,0.177081808,0.0001
2006-03-17 00:00:00,0.181172431,0.0001
2006-03-18 00:00:00,0.181864858,0.0001
2006-03-19 00:00:00,0.219382852,0.0001
2006-03-20 00:00:00,0.233761087,0.0001
2006-03-21 00:00:00,0.21936655,0.0001
2006-03-22 00:00:00,0.209668234,0.0001
2006-03-23 00:00:00,0.201558396,0.0001
2006-03-24 00:00:00,0.201051712,0.0001
2006-03-25 00:00:00,0.201876625,0.0001
2006-03-26 00:00:00,0.304169357,0.0001
2006-03-27 00:00:00,0.594599009,0.0001
2006-03-28 00:00:00,0.772194028,0.0001
2006-03-29 00:00:00,0.691881835,0.0001
2006-03-30 00:00:00,0.578136086,0.0001
2006-03-31 00:00:00,0.675528169,0.0001
2006-04-01 00:00:00,0.615117669,0.0001
2006-04-02 00:00:00,0.558434129,0.0001
2006-04-03 00:00:00,0.526063323,0.0001
2006-04-04 00:00:00,0.586964309,0.0001
2006-04-05 00:00:00,0.63738662,0.0001
2006-04-06 00:00:00,0.671180964,0.0001
2006-04-07 00:00:00,0.679541707,0.0001
2006-04-08 00:00:00,0.647285163,0.0001
2006-04-09 00:00:00,0.670890272,0.0001
2006-04-10 00:00:00,0.635297239,0.0001
2006-04-11 00:00:00,0.57527113,0.0001
2006-04-12 00:00:00,0.591335058,0.0001
2006-04-13 00:00:00,0.626821697,0.0001
2006-04-14 00:00:00,0.644748688,0.0001
2006-04-15 00:00:00,0.588362277,0.0001
2006-04-16 00:00:00,0.544060528,0.0001
2006-04-17 00:00:00,0.500132322,0.0001
2006-04-18 00:00:00,0.468628228,0.0001
2006-04-19 00:00:00,0.43929556,0.0001
2006-04-20 00:00:00,0.452489108,0.0001
2006-04-21 00:00:00,0.444413751,0.0001
2006-04-22 00:00:00,0.625770926,0.0001
2006-04-23 00:00:00,0.552044213,0.0001
2006-04-24 00:00:00,0.402735054,0.0001
2006-04-25 00:00:00,0.34258756,0.0001
2006-04-26 00:00:00,0.306652486,0.0001
2006-04-27 00:00:00,0.276450455,0.0001
2006-04-28 00:00:00,0.26174131,0.0001
2006-04-29 00:00:00,0.524961174,0.0001
2006-04-30 00:00:00,0.434463292,0.0001
2006-05-01 00:00:00,0.383941919,0.0001
2006-05-02 00:00:00,0.308855295,0.0001
2006-05-03 00:00:00,0.277801007,0.0001
2006-05-04 00:00:00,0.244026512,0.0001
2006-05-05 00:00:00,0.218394354,0.0001
2006-05-06 00:00:00,0.195431501,0.0001
2006-05-07 00:00:00,0.180587888,0.0001
2006-05-08 00:00:00,0.164637685,0.0001
2006-05-09 00:00:00,0.150253326,0.0001
2006-05-10 00:00:00,0.135729477,0.0001
2006-05-11 00:00:00,0.125598609,0.0001
2006-05-12 00:00:00,0.115822919,0.0001
2006-05-13 00:00:00,0.149962217,0.0001
2006-05-14 00:00:00,0.140526488,0.0001
2006-05-15 00:00:00,0.142215922,0.0001
2006-05-16 00:00:00,0.166024253,0.0001
2006-05-17 00:00:00,0.146746069,0.0001
2006-05-18 00:00:00,0.180760324,0.0001
2006-05-19 00:00:00,0.177812621,0.0001
2006-05-20 00:00:00,0.185690045,0.0001
2006-05-21 00:00:00,0.2051211,0.0001
2006-05-22 00:00:00,0.169743583,0.0001
2006-05-23 00:00:00,0.177263379,0.0001
2006-05-24 00:00:00,0.158195749,0.0001
2006-05-25 00:00:00,0.173240691,0.0001
2006-05-26 00:00:00,0.151255548,0.0001
2006-05-27 00:00:00,0.137869194,0.0001
2006-05-28 00:00:00,0.161280036,0.0001
2006-05-29 00:00:00,0.14425528,0.0001
2006-05-30 00:00:00,0.132167593,0.0001
2006-05-31 00:00:00,0.124344453,0.0001
2006-06-01 00:00:00,0.120550685,0.0001
2006-06-02 00:00:00,0.114057124,0.0001
2006-06-03 00:00:00,0.132903978,0.0001
2006-06-04 00:00:00,0.124246076,0.0001
2006-06-05 00:00:00,0.115805991,0.0001
2006-06-06 00:00:00,0.115080416,0.0001
2006-06-07 00:00:00,0.103250064,0.0001
2006-06-08 00:00:00,0.102910638,0.0001
2006-06-09 00:00:00,0.096363917,0.0001
2006-06-10 00:00:00,0.09186656,0.0001
2006-06-11 00:00:00,0.090845846,0.0001
2006-06-12 00:00:00,0.086652711,0.0001
2006-06-13 00:00:00,0.116298184,0.0001
2006-06-14 00:00:00,0.122075193,0.0001
2006-06-15 00:00:00,0.128450513,0.0001
2006-06-16 00:00:00,0.121940136,0.0001
2006-06-17 00:00:00,0.122698769,0.0001
2006-06-18 00:00:00,0.117993109,0.0001
2006-06-19 00:00:00,0.11178153,0.0001
2006-06-20 00:00:00,0.108951442,0.0001
2006-06-21 00:00:00,0.105187468,0.0001
2006-06-22 00:00:00,0.104003251,0.0001
2006-06-23 00:00:00,0.099652596,0.0001
2006-06-24 00:00:00,0.09366066,0.0001
2006-06-25 00:00:00,0.090416655,0.0001
2006-06-26 00:00:00,0.105522275,0.0001
2006-06-27 00:00:00,0.113203451,0.0001
2006-06-28 00:00:00,0.096391506,0.0001
2006-06-29 00:00:00,0.089515597,0.0001
2006-06-30 00:00:00,0.092649996,0.0001
2006-07-01 00:00:00,0.0974411,0.0001
2006-07-02 00:00:00,0.098013505,0.0001
2006-07-03 00:00:00,0.09832707,0.0001
2006-07-04 00:00:00,0.091592871,0.0001
2006-07-05 00:00:00,0.09210141,0.0001
2006-07-06 00:00:00,0.091057636,0.0001
2006-07-07 00:00:00,0.091240004,0.0001
2006-07-08 00:00:00,0.088632472,0.0001
2006-07-09 00:00:00,0.089100063,0.0001
2006-07-10 00:00:00,0.09247835,0.0001
2006-07-11 00:00:00,0.101324596,0.0001
2006-07-12 00:00:00,0.125017673,0.0001
2006-07-13 00:00:00,0.097493649,0.0001
2006-07-14 00:00:00,0.097008705,0.0001
2006-07-15 00:00:00,0.103197314,0.0001
2006-07-16 00:00:00,0.099102959,0.0001
2006-07-17 00:00:00,0.096251585,0.0001
2006-07-18 00:00:00,0.095452011,0.0001
2006-07-19 00:00:00,0.087200001,0.0001
2006-07-20 00:00:00,0.083862618,0.0001
2006-07-21 00:00:00,0.084252037,0.0001
2006-07-22 00:00:00,0.084641457,0.0001
2006-07-23 00:00:00,0.085030876,0.0001
2006-07-24 00:00:00,0.085420296,0.0001
2006-07-25 00:00:00,0.085052513,0.0001
2006-07-26 00:00:00,0.081094563,0.0001
2006-07-27 00:00:00,0.081319332,0.0001
2006-07-28 00:00:00,0.078489222,0.0001
2006-07-29 00:00:00,0.079177149,0.0001
2006-07-30 00:00:00,0.07693933,0.0001
2006-07-31 00:00:00,0.102842972,0.0001
2006-08-01 00:00:00,0.111709729,0.0001
2006-08-02 00:00:00,0.113247804,0.0001
2006-08-03 00:00:00,0.102923088,0.0001
2006-08-04 00:00:00,0.072988912,0.0001
2006-08-05 00:00:00,0.066126272,0.0001
2006-08-06 00:00:00,0.061393373,0.0001
2006-08-07 00:00:00,0.060617372,0.0001
2006-08-08 00:00:00,0.058473397,0.0001
2006-08-09 00:00:00,0.056641735,0.0001
2006-08-10 00:00:00,0.07085,0.0001
2006-08-11 00:00:00,0.084351145,0.0001
2006-08-12 00:00:00,0.152191892,0.0001
2006-08-13 00:00:00,0.301331222,0.0001
2006-08-14 00:00:00,0.301604748,0.0001
2006-08-15 00:00:00,0.310016543,0.0001
2006-08-16 00:00:00,0.277209252,0.0001
2006-08-17 00:00:00,0.212840274,0.0001
2006-08-18 00:00:00,0.161650717,0.0001
2006-08-19 00:00:00,0.236048833,0.0001
2006-08-20 00:00:00,0.322172314,0.0001
2006-08-21 00:00:00,0.342284948,0.0001
2006-08-22 00:00:00,0.303822517,0.0001
2006-08-23 00:00:00,0.298021644,0.0001
2006-08-24 00:00:00,0.306398332,0.0001
2006-08-25 00:00:00,0.247879148,0.0001
2006-08-26 00:00:00,0.182587594,0.0001
2006-08-27 00:00:00,0.154611081,0.0001
2006-08-28 00:00:00,0.159602419,0.0001
2006-08-29 00:00:00,0.145489588,0.0001
2006-08-30 00:00:00,0.146845192,0.0001
2006-08-31 00:00:00,0.141473129,0.0001
2006-09-01 00:00:00,0.145935133,0.0001
2006-09-02 00:00:00,0.152830854,0.0001
2006-09-03 00:00:00,0.138915539,0.0001
2006-09-04 00:00:00,0.13683264,0.0001
2006-09-05 00:00:00,0.130199835,0.0001
2006-09-06 00:00:00,0.117863297,0.0001
2006-09-07 00:00:00,0.116455264,0.0001
2006-09-08 00:00:00,0.116222352,0.0001
2006-09-09 00:00:00,0.115989439,0.0001
2006-09-10 00:00:00,0.110354804,0.0001
2006-09-11 00:00:00,0.108182497,0.0001
2006-09-12 00:00:00,0.106111497,0.0001
2006-09-13 00:00:00,0.103004999,0.0001
2006-09-14 00:00:00,0.100933999,0.0001
2006-09-15 00:00:00,0.11548195,0.0001
2006-09-16 00:00:00,0.113995783,0.0001
2006-09-17 00:00:00,0.113410033,0.0001
2006-09-18 00:00:00,0.113108106,0.0001
2006-09-19 00:00:00,0.112027355,0.0001
2006-09-20 00:00:00,0.109338477,0.0001
2006-09-21 00:00:00,0.105541185,0.0001
2006-09-22 00:00:00,0.102416955,0.0001
2006-09-23 00:00:00,0.101118013,0.0001
2006-09-24 00:00:00,0.100516625,0.0001
2006-09-25 00:00:00,0.099765867,0.0001
2006-09-26 00:00:00,0.096907593,0.0001
2006-09-27 00:00:00,0.098418266,0.0001
2006-09-28 00:00:00,0.098233916,0.0001
2006-09-29 00:00:00,0.098498158,0.0001
2006-09-30 00:00:00,0.098490581,0.0001
2006-10-01 00:00:00,0.098547667,0.0001
2006-10-02 00:00:00,0.136120871,0.0001
2006-10-03 00:00:00,0.119873479,0.0001
2006-10-04 00:00:00,0.109960735,0.0001
2006-10-05 00:00:00,0.106877677,0.0001
2006-10-06 00:00:00,0.117504694,0.0001
2006-10-07 00:00:00,0.136043712,0.0001
2006-10-08 00:00:00,0.120490059,0.0001
2006-10-09 00:00:00,0.115012027,0.0001
2006-10-10 00:00:00,0.110618234,0.0001
2006-10-11 00:00:00,0.108010739,0.0001
2006-10-12 00:00:00,0.112964742,0.0001
2006-10-13 00:00:00,0.110509954,0.0001
2006-10-14 00:00:00,0.105730981,0.0001
2006-10-15 00:00:00,0.106487215,0.0001
2006-10-16 00:00:00,0.106756032,0.0001
2006-10-17 00:00:00,0.108622648,0.0001
2006-10-18 00:00:00,0.117076918,0.0001
2006-10-19 00:00:00,0.172032937,0.0001
2006-10-20 00:00:00,0.161333367,0.0001
2006-10-21 00:00:00,0.249420673,0.0001
2006-10-22 00:00:00,0.269137591,0.0001
2006-10-23 00:00:00,0.415331692,0.0001
2006-10-24 00:00:00,0.484709471,0.0001
2006-10-25 00:00:00,0.443450719,0.0001
2006-10-26 00:00:00,0.395648062,0.0001
2006-10-27 00:00:00,0.440309525,0.0001
2006-10-28 00:00:00,0.399583995,0.0001
2006-10-29 00:00:00,0.414406806,0.0001
2006-10-30 00:00:00,0.432154059,0.0001
2006-10-31 00:00:00,0.513671339,0.0001
2006-11-01 00:00:00,0.593106568,0.0001
2006-11-02 00:00:00,0.526184082,0.0001
2006-11-03 00:00:00,0.394762874,0.0001
2006-11-04 00:00:00,0.336135358,0.0001
2006-11-05 00:00:00,0.336550176,0.0001
2006-11-06 00:00:00,0.330760747,0.0001
2006-11-07 00:00:00,0.30436638,0.0001
2006-11-08 00:00:00,0.330636978,0.0001
2006-11-09 00:00:00,0.609683037,0.0001
2006-11-10 00:00:00,0.530402958,0.0001
2006-11-11 00:00:00,0.49170348,0.0001
2006-11-12 00:00:00,0.532904387,0.0001
2006-11-13 00:00:00,0.510012507,0.0001
2006-11-14 00:00:00,0.554031551,0.0001
2006-11-15 00:00:00,0.487962633,0.0001
2006-11-16 00:00:00,0.421665251,0.0001
2006-11-17 00:00:00,0.398643464,0.0001
2006-11-18 00:00:00,0.379937708,0.0001
2006-11-19 00:00:00,0.373028159,0.0001
2006-11-20 00:00:00,0.363610089,0.0001
2006-11-21 00:00:00,0.391052663,0.0001
2006-11-22 00:00:00,0.39338097,0.0001
2006-11-23 00:00:00,0.392910659,0.0001
2006-11-24 00:00:00,0.45773229,0.0001
2006-11-25 00:00:00,0.461978793,0.0001
2006-11-26 00:00:00,0.477935195,0.0001
2006-11-27 00:00:00,0.398094714,0.0001
2006-11-28 00:00:00,0.353925169,0.0001
2006-11-29 00:00:00,0.322939128,0.0001
2006-11-30 00:00:00,0.301786155,0.0001
2006-12-01 00:00:00,0.299577117,0.0001
2006-12-02 00:00:00,0.379288465,0.0001
2006-12-03 00:00:00,0.607164562,0.0001
2006-12-04 00:00:00,0.646081269,0.0001
2006-12-05 00:00:00,0.672944129,0.0001
2006-12-06 00:00:00,0.666102588,0.0001
2006-12-07 00:00:00,0.658576667,0.0001
2006-12-08 00:00:00,0.810940981,0.0001
2006-12-09 00:00:00,0.861627162,0.0001
2006-12-10 00:00:00,0.792159617,0.0001
2006-12-11 00:00:00,0.738955796,0.0001
2006-12-12 00:00:00,0.770618856,0.0001
2006-12-13 00:00:00,0.793415785,0.0001
2006-12-14 00:00:00,0.920567393,0.0001
2006-12-15 00:00:00,0.93802619,0.0001
2006-12-16 00:00:00,0.959917247,0.0001
2006-12-17 00:00:00,0.949114442,0.0001
2006-12-18 00:00:00,0.875305951,0.0001
2006-12-19 00:00:00,0.799405694,0.0001
2006-12-20 00:00:00,0.739647806,0.0001
2006-12-21 00:00:00,0.687300146,0.0001
2006-12-22 00:00:00,0.645285368,0.0001
2006-12-23 00:00:00,0.615172386,0.0001
2006-12-24 00:00:00,0.599000812,0.0001
2006-12-25 00:00:00,0.583062649,0.0001
2006-12-26 00:00:00,0.57434696,0.0001
2006-12-27 00:00:00,0.563901603,0.0001
2006-12-28 00:00:00,0.576886594,0.0001
2006-12-29 00:00:00,0.583576202,0.0001
2006-12-30 00:00:00,0.614078999,0.0001
2006-12-31 00:00:00,0.938614607,0.0001
2007-01-01 00:00:00,1.495358348,0.0001
2007-01-02 00:00:00,1.45097363,0.0001
2007-01-03 00:00:00,1.083612084,0.0001
2007-01-04 00:00:00,1.092509866,0.0001
2007-01-05 00:00:00,1.133420706,0.0001
2007-01-06 00:00:00,0.984849751,0.0001
2007-01-07 00:00:00,0.886842191,0.0001
2007-01-08 00:00:00,0.889420986,0.0001
2007-01-09 00:00:00,0.893702149,0.0001
2007-01-10 00:00:00,0.861497104,0.0001
2007-01-11 00:00:00,1.109693766,0.0001
2007-01-12 00:00:00,1.593933702,0.0001
2007-01-13 00:00:00,1.321837783,0.0001
2007-01-14 00:00:00,1.196386814,0.0001
2007-01-15 00:00:00,1.118877769,0.0001
2007-01-16 00:00:00,0.985618114,0.0001
2007-01-17 00:00:00,0.916764677,0.0001
2007-01-18 00:00:00,1.08305037,0.0001
2007-01-19 00:00:00,1.411699653,0.0001
2007-01-20 00:00:00,1.606869102,0.0001
2007-01-21 00:00:00,1.814944267,0.0001
2007-01-22 00:00:00,1.589226127,0.0001
2007-01-23 00:00:00,1.363010883,0.0001
2007-01-24 00:00:00,1.170932651,0.0001
2007-01-25 00:00:00,1.02385807,0.0001
2007-01-26 00:00:00,0.925344348,0.0001
2007-01-27 00:00:00,0.823418975,0.0001
2007-01-28 00:00:00,0.805013776,0.0001
2007-01-29 00:00:00,0.829617321,0.0001
2007-01-30 00:00:00,0.781620741,0.0001
2007-01-31 00:00:00,0.738766372,0.0001
2007-02-01 00:00:00,0.703268647,0.0001
2007-02-02 00:00:00,0.668504536,0.0001
2007-02-03 00:00:00,0.647909582,0.0001
2007-02-04 00:00:00,0.608097672,0.0001
2007-02-05 00:00:00,0.590251684,0.0001
2007-02-06 00:00:00,0.552905023,0.0001
2007-02-07 00:00:00,0.517249405,0.0001
2007-02-08 00:00:00,0.509031773,0.0001
2007-02-09 00:00:00,0.504115045,0.0001
2007-02-10 00:00:00,0.490127861,0.0001
2007-02-11 00:00:00,0.489427835,0.0001
2007-02-12 00:00:00,0.49857825,0.0001
2007-02-13 00:00:00,0.515095413,0.0001
2007-02-14 00:00:00,0.523238957,0.0001
2007-02-15 00:00:00,0.636548519,0.0001
2007-02-16 00:00:00,0.65106833,0.0001
2007-02-17 00:00:00,0.633028626,0.0001
2007-02-18 00:00:00,0.618990481,0.0001
2007-02-19 00:00:00,0.604285121,0.0001
2007-02-20 00:00:00,0.605087936,0.0001
2007-02-21 00:00:00,0.695773005,0.0001
2007-02-22 00:00:00,0.802119434,0.0001
2007-02-23 00:00:00,0.794635773,0.0001
2007-02-24 00:00:00,0.798857629,0.0001
2007-02-25 00:00:00,0.995010734,0.0001
2007-02-26 00:00:00,1.541351676,0.0001
2007-02-27 00:00:00,1.684134007,0.0001
2007-02-28 00:00:00,1.867409348,0.0001
2007-03-01 00:00:00,2.137072086,0.0001
2007-03-02 00:00:00,1.978767514,0.0001
2007-03-03 00:00:00,1.704826593,0.0001
2007-03-04 00:00:00,1.491571426,0.0001
2007-03-05 00:00:00,1.368107677,0.0001
2007-03-06 00:00:00,1.320237637,0.0001
2007-03-07 00:00:00,1.382855535,0.0001
2007-03-08 00:00:00,1.341389418,0.0001
2007-03-09 00:00:00,1.213433862,0.0001
2007-03-10 00:00:00,1.103590012,0.0001
2007-03-11 00:00:00,1.006994009,0.0001
2007-03-12 00:00:00,0.919362426,0.0001
2007-03-13 00:00:00,0.845296443,0.0001
2007-03-14 00:00:00,0.777413666,0.0001
2007-03-15 00:00:00,0.728714526,0.0001
2007-03-16 00:00:00,0.686807454,0.0001
2007-03-17 00:00:00,0.730877042,0.0001
2007-03-18 00:00:00,0.854348481,0.0001
2007-03-19 00:00:00,0.996284246,0.0001
2007-03-20 00:00:00,0.910773933,0.0001
2007-03-21 00:00:00,0.818598866,0.0001
2007-03-22 00:00:00,0.74683696,0.0001
2007-03-23 00:00:00,0.681625903,0.0001
2007-03-24 00:00:00,0.672854364,0.0001
2007-03-25 00:00:00,0.630522907,0.0001
2007-03-26 00:00:00,0.598480165,0.0001
2007-03-27 00:00:00,0.573766291,0.0001
2007-03-28 00:00:00,0.549485207,0.0001
2007-03-29 00:00:00,0.529040575,0.0001
2007-03-30 00:00:00,0.501950562,0.0001
2007-03-31 00:00:00,0.473961979,0.0001
2007-04-01 00:00:00,0.451233387,0.0001
2007-04-02 00:00:00,0.437355191,0.0001
2007-04-03 00:00:00,0.425751328,0.0001
2007-04-04 00:00:00,0.404957145,0.0001
2007-04-05 00:00:00,0.395555466,0.0001
2007-04-06 00:00:00,0.379117191,0.0001
2007-04-07 00:00:00,0.366003245,0.0001
2007-04-08 00:00:00,0.361637205,0.0001
2007-04-09 00:00:00,0.361837327,0.0001
2007-04-10 00:00:00,0.34819603,0.0001
2007-04-11 00:00:00,0.324127048,0.0001
2007-04-12 00:00:00,0.303583592,0.0001
2007-04-13 00:00:00,0.295106858,0.0001
2007-04-14 00:00:00,0.283396393,0.0001
2007-04-15 00:00:00,0.267458528,0.0001
2007-04-16 00:00:00,0.254602194,0.0001
2007-04-17 00:00:00,0.244170249,0.0001
2007-04-18 00:00:00,0.227469996,0.0001
2007-04-19 00:00:00,0.214203864,0.0001
2007-04-20 00:00:00,0.20306848,0.0001
2007-04-21 00:00:00,0.190939426,0.0001
2007-04-22 00:00:00,0.183401763,0.0001
2007-04-23 00:00:00,0.175863698,0.0001
2007-04-24 00:00:00,0.168324783,0.0001
2007-04-25 00:00:00,0.160785452,0.0001
2007-04-26 00:00:00,0.152161464,0.0001
2007-04-27 00:00:00,0.143443882,0.0001
2007-04-28 00:00:00,0.133940235,0.0001
2007-04-29 00:00:00,0.121983685,0.0001
2007-04-30 00:00:00,0.098940052,0.0001
2007-05-01 00:00:00,0.088488303,0.0001
2007-05-02 00:00:00,0.089082152,0.0001
2007-05-03 00:00:00,0.07911583,0.0001
2007-05-04 00:00:00,0.066569887,0.0001
2007-05-05 00:00:00,0.054080624,0.0001
2007-05-06 00:00:00,0.130799994,0.0001
2007-05-07 00:00:00,0.137339994,0.0001
2007-05-08 00:00:00,0.143879995,0.0001
2007-05-09 00:00:00,0.139520004,0.0001
2007-05-10 00:00:00,0.156959996,0.0001
2007-05-11 00:00:00,0.163499996,0.0001
2007-05-12 00:00:00,0.123989925,0.0001
2007-05-13 00:00:00,0.120302491,0.0001
2007-05-14 00:00:00,0.117361255,0.0001
2007-05-15 00:00:00,0.119179614,0.0001
2007-05-16 00:00:00,0.116397217,0.0001
2007-05-17 00:00:00,0.131945178,0.0001
2007-05-18 00:00:00,0.117030166,0.0001
2007-05-19 00:00:00,0.112204075,0.0001
2007-05-20 00:00:00,0.103122845,0.0001
2007-05-21 00:00:00,0.126760066,0.0001
2007-05-22 00:00:00,0.115454324,0.0001
2007-05-23 00:00:00,0.105944142,0.0001
2007-05-24 00:00:00,0.102182813,0.0001
2007-05-25 00:00:00,0.100905485,0.0001
2007-05-26 00:00:00,0.097839467,0.0001
2007-05-27 00:00:00,0.094635606,0.0001
2007-05-28 00:00:00,0.095673606,0.0001
2007-05-29 00:00:00,0.095243052,0.0001
2007-05-30 00:00:00,0.091586925,0.0001
2007-05-31 00:00:00,0.082861185,0.0001
2007-06-01 00:00:00,0.07797651,0.0001
2007-06-02 00:00:00,0.074480526,0.0001
2007-06-03 00:00:00,0.072932139,0.0001
2007-06-04 00:00:00,0.068713322,0.0001
2007-06-05 00:00:00,0.069053322,0.0001
2007-06-06 00:00:00,0.071242437,0.0001
2007-06-07 00:00:00,0.067292653,0.0001
2007-06-08 00:00:00,0.062917739,0.0001
2007-06-09 00:00:00,0.059605375,0.0001
2007-06-10 00:00:00,0.058821108,0.0001
2007-06-11 00:00:00,0.047959998,0.0001
2007-06-12 00:00:00,0.0436,0.0001
2007-06-13 00:00:00,0.034880001,0.0001
2007-06-14 00:00:00,0.068669997,0.0001
2007-06-15 00:00:00,0.068667315,0.0001
2007-06-16 00:00:00,0.10761442,0.0001
2007-06-17 00:00:00,0.113393247,0.0001
2007-06-18 00:00:00,0.092042424,0.0001
2007-06-19 00:00:00,0.099479139,0.0001
2007-06-20 00:00:00,0.077470556,0.0001
2007-06-21 00:00:00,0.073240638,0.0001
2007-06-22 00:00:00,0.070185333,0.0001
2007-06-23 00:00:00,0.068014547,0.0001
2007-06-24 00:00:00,0.076688625,0.0001
2007-06-25 00:00:00,0.105550617,0.0001
2007-06-26 00:00:00,0.140873402,0.0001
2007-06-27 00:00:00,0.125683576,0.0001
2007-06-28 00:00:00,0.144764721,0.0001
2007-06-29 00:00:00,0.117446296,0.0001
2007-06-30 00:00:00,0.107306764,0.0001
2007-07-01 00:00:00,0.094945259,0.0001
2007-07-02 00:00:00,0.092610724,0.0001
2007-07-03 00:00:00,0.10464,0.0001
2007-07-04 00:00:00,0.217999995,0.0001
2007-07-05 00:00:00,0.142710671,0.0001
2007-07-06 00:00:00,0.133702204,0.0001
2007-07-07 00:00:00,0.114401676,0.0001
2007-07-08 00:00:00,0.094176196,0.0001
2007-07-09 00:00:00,0.07927008,0.0001
2007-07-10 00:00:00,0.06769827,0.0001
2007-07-11 00:00:00,0.072064579,0.0001
2007-07-12 00:00:00,0.084692799,0.0001
2007-07-13 00:00:00,0.0761365,0.0001
2007-07-14 00:00:00,0.070005998,0.0001
2007-07-15 00:00:00,0.068681456,0.0001
2007-07-16 00:00:00,0.064576194,0.0001
2007-07-17 00:00:00,0.06073587,0.0001
2007-07-18 00:00:00,0.057090465,0.0001
2007-07-19 00:00:00,0.054907784,0.0001
2007-07-20 00:00:00,0.0534789,0.0001
2007-07-21 00:00:00,0.056899056,0.0001
2007-07-22 00:00:00,0.07094077,0.0001
2007-07-23 00:00:00,0.092298724,0.0001
2007-07-24 00:00:00,0.109629728,0.0001
2007-07-25 00:00:00,0.125548333,0.0001
2007-07-26 00:00:00,0.104277387,0.0001
2007-07-27 00:00:00,0.102106489,0.0001
2007-07-28 00:00:00,0.098157607,0.0001
2007-07-29 00:00:00,0.086756825,0.0001
2007-07-30 00:00:00,0.081588075,0.0001
2007-07-31 00:00:00,0.075964853,0.0001
2007-08-01 00:00:00,0.069469303,0.0001
2007-08-02 00:00:00,0.065283164,0.0001
2007-08-03 00:00:00,0.061580274,0.0001
2007-08-04 00:00:00,0.059157774,0.0001
2007-08-05 00:00:00,0.058205955,0.0001
2007-08-06 00:00:00,0.056508899,0.0001
2007-08-07 00:00:00,0.056899521,0.0001
2007-08-08 00:00:00,0.058129147,0.0001
2007-08-09 00:00:00,0.060409553,0.0001
2007-08-10 00:00:00,0.062796816,0.0001
2007-08-11 00:00:00,0.06585636,0.0001
2007-08-12 00:00:00,0.068915904,0.0001
2007-08-13 00:00:00,0.071975447,0.0001
2007-08-14 00:00:00,0.074090391,0.0001
2007-08-15 00:00:00,0.075578779,0.0001
2007-08-16 00:00:00,0.140495569,0.0001
2007-08-17 00:00:00,0.131190956,0.0001
2007-08-18 00:00:00,0.123037249,0.0001
2007-08-19 00:00:00,0.112272583,0.0001
2007-08-20 00:00:00,0.118861288,0.0001
2007-08-21 00:00:00,0.136111498,0.0001
2007-08-22 00:00:00,0.153321609,0.0001
2007-08-23 00:00:00,0.171998858,0.0001
2007-08-24 00:00:00,0.173384845,0.0001
2007-08-25 00:00:00,0.159538329,0.0001
2007-08-26 00:00:00,0.15617612,0.0001
2007-08-27 00:00:00,0.151247293,0.0001
2007-08-28 00:00:00,0.152327687,0.0001
2007-08-29 00:00:00,0.148646578,0.0001
2007-08-30 00:00:00,0.149349436,0.0001
2007-08-31 00:00:00,0.170093283,0.0001
2007-09-01 00:00:00,0.185720965,0.0001
2007-09-02 00:00:00,0.188230455,0.0001
2007-09-03 00:00:00,0.235582054,0.0001
2007-09-04 00:00:00,0.197243154,0.0001
2007-09-05 00:00:00,0.189541295,0.0001
2007-09-06 00:00:00,0.190865263,0.0001
2007-09-07 00:00:00,0.185714513,0.0001
2007-09-08 00:00:00,0.180887878,0.0001
2007-09-09 00:00:00,0.177280039,0.0001
2007-09-10 00:00:00,0.211377308,0.0001
2007-09-11 00:00:00,0.217288226,0.0001
2007-09-12 00:00:00,0.187950537,0.0001
2007-09-13 00:00:00,0.179310068,0.0001
2007-09-14 00:00:00,0.177752078,0.0001
2007-09-15 00:00:00,0.176709503,0.0001
2007-09-16 00:00:00,0.167703137,0.0001
2007-09-17 00:00:00,0.163122773,0.0001
2007-09-18 00:00:00,0.157378659,0.0001
2007-09-19 00:00:00,0.149309173,0.0001
2007-09-20 00:00:00,0.191697091,0.0001
2007-09-21 00:00:00,0.180784792,0.0001
2007-09-22 00:00:00,0.198793322,0.0001
2007-09-23 00:00:00,0.185275868,0.0001
2007-09-24 00:00:00,0.170911744,0.0001
2007-09-25 00:00:00,0.169293374,0.0001
2007-09-26 00:00:00,0.184259981,0.0001
2007-09-27 00:00:00,0.171968266,0.0001
2007-09-28 00:00:00,0.161426827,0.0001
2007-09-29 00:00:00,0.329567611,0.0001
2007-09-30 00:00:00,0.501532018,0.0001
2007-10-01 00:00:00,0.443900377,0.0001
2007-10-02 00:00:00,0.38152495,0.0001
2007-10-03 00:00:00,0.334759563,0.0001
2007-10-04 00:00:00,0.342974842,0.0001
2007-10-05 00:00:00,0.472371697,0.0001
2007-10-06 00:00:00,0.403141946,0.0001
2007-10-07 00:00:00,0.356238663,0.0001
2007-10-08 00:00:00,0.311954409,0.0001
2007-10-09 00:00:00,0.273807973,0.0001
2007-10-10 00:00:00,0.227761015,0.0001
2007-10-11 00:00:00,0.213754818,0.0001
2007-10-12 00:00:00,0.211561456,0.0001
2007-10-13 00:00:00,0.201173902,0.0001
2007-10-14 00:00:00,0.197069138,0.0001
2007-10-15 00:00:00,0.192084208,0.0001
2007-10-16 00:00:00,0.187718034,0.0001
2007-10-17 00:00:00,0.196795419,0.0001
2007-10-18 00:00:00,0.193722084,0.0001
2007-10-19 00:00:00,0.183508471,0.0001
2007-10-20 00:00:00,0.177656457,0.0001
2007-10-21 00:00:00,0.175694928,0.0001
2007-10-22 00:00:00,0.171845809,0.0001
2007-10-23 00:00:00,0.169330224,0.0001
2007-10-24 00:00:00,0.166403458,0.0001
2007-10-25 00:00:00,0.164090693,0.0001
2007-10-26 00:00:00,0.161717713,0.0001
2007-10-27 00:00:00,0.160063624,0.0001
2007-10-28 00:00:00,0.158409536,0.0001
2007-10-29 00:00:00,0.171711624,0.0001
2007-10-30 00:00:00,0.163913801,0.0001
2007-10-31 00:00:00,0.15662317,0.0001
2007-11-01 00:00:00,0.15433462,0.0001
2007-11-02 00:00:00,0.149636507,0.0001
2007-11-03 00:00:00,0.146025404,0.0001
2007-11-04 00:00:00,0.142824754,0.0001
2007-11-05 00:00:00,0.137652799,0.0001
2007-11-06 00:00:00,0.172388092,0.0001
2007-11-07 00:00:00,0.171071619,0.0001
2007-11-08 00:00:00,0.171526864,0.0001
2007-11-09 00:00:00,0.178657904,0.0001
2007-11-10 00:00:00,0.178939641,0.0001
2007-11-11 00:00:00,0.162888721,0.0001
2007-11-12 00:00:00,0.149824157,0.0001
2007-11-13 00:00:00,0.141318321,0.0001
2007-11-14 00:00:00,0.134936526,0.0001
2007-11-15 00:00:00,0.132371709,0.0001
2007-11-16 00:00:00,0.134461731,0.0001
2007-11-17 00:00:00,0.137696207,0.0001
2007-11-18 00:00:00,0.141075984,0.0001
2007-11-19 00:00:00,0.141117945,0.0001
2007-11-20 00:00:00,0.140544817,0.0001
2007-11-21 00:00:00,0.141233817,0.0001
2007-11-22 00:00:00,0.142982215,0.0001
2007-11-23 00:00:00,0.143208727,0.0001
2007-11-24 00:00:00,0.138315707,0.0001
2007-11-25 00:00:00,0.180221066,0.0001
2007-11-26 00:00:00,0.177152246,0.0001
2007-11-27 00:00:00,0.165057957,0.0001
2007-11-28 00:00:00,0.160446644,0.0001
2007-11-29 00:00:00,0.167051896,0.0001
2007-11-30 00:00:00,0.186042294,0.0001
2007-12-01 00:00:00,0.217163295,0.0001
2007-12-02 00:00:00,0.302005589,0.0001
2007-12-03 00:00:00,0.399346799,0.0001
2007-12-04 00:00:00,0.372594178,0.0001
2007-12-05 00:00:00,0.339372545,0.0001
2007-12-06 00:00:00,0.3959786,0.0001
2007-12-07 00:00:00,0.53965497,0.0001
2007-12-08 00:00:00,0.63044697,0.0001
2007-12-09 00:00:00,0.595659435,0.0001
2007-12-10 00:00:00,0.576173902,0.0001
2007-12-11 00:00:00,0.560487747,0.0001
2007-12-12 00:00:00,0.525372446,0.0001
2007-12-13 00:00:00,0.501482546,0.0001
2007-12-14 00:00:00,0.48807767,0.0001
2007-12-15 00:00:00,0.478396922,0.0001
2007-12-16 00:00:00,0.469275445,0.0001
2007-12-17 00:00:00,0.458266079,0.0001
2007-12-18 00:00:00,0.455722213,0.0001
2007-12-19 00:00:00,0.452257156,0.0001
2007-12-20 00:00:00,0.455141723,0.0001
2007-12-21 00:00:00,0.45434925,0.0001
2007-12-22 00:00:00,0.449290723,0.0001
2007-12-23 00:00:00,0.440521836,0.0001
2007-12-24 00:00:00,0.434414506,0.0001
2007-12-25 00:00:00,0.435430348,0.0001
2007-12-26 00:00:00,0.436555654,0.0001
2007-12-27 00:00:00,0.423389882,0.0001
2007-12-28 00:00:00,0.445647985,0.0001
2007-12-29 00:00:00,0.491679609,0.0001
2007-12-30 00:00:00,0.624988914,0.0001
2007-12-31 00:00:00,0.584216595,0.0001
2008-01-01 00:00:00,0.542076588,0.0001
2008-01-02 00:00:00,0.529230475,0.0001
2008-01-03 00:00:00,0.538244605,0.0001
2008-01-04 00:00:00,0.531828165,0.0001
2008-01-05 00:00:00,0.519781411,0.0001
2008-01-06 00:00:00,0.546694756,0.0001
2008-01-07 00:00:00,0.623359203,0.0001
2008-01-08 00:00:00,0.637016773,0.0001
2008-01-09 00:00:00,0.690181315,0.0001
2008-01-10 00:00:00,0.743060231,0.0001
2008-01-11 00:00:00,0.83293736,0.0001
2008-01-12 00:00:00,0.877615094,0.0001
2008-01-13 00:00:00,0.878360093,0.0001
2008-01-14 00:00:00,0.838998675,0.0001
2008-01-15 00:00:00,0.833766282,0.0001
2008-01-16 00:00:00,1.105795622,0.0001
2008-01-17 00:00:00,1.055057883,0.0001
2008-01-18 00:00:00,1.006513238,0.0001
2008-01-19 00:00:00,1.050943375,0.0001
2008-01-20 00:00:00,1.035776973,0.0001
2008-01-21 00:00:00,1.023052216,0.0001
2008-01-22 00:00:00,0.992465913,0.0001
2008-01-23 00:00:00,0.980068147,0.0001
2008-01-24 00:00:00,1.063511133,0.0001
2008-01-25 00:00:00,1.152102709,0.0001
2008-01-26 00:00:00,1.388931274,0.0001
2008-01-27 00:00:00,1.425815225,0.0001
2008-01-28 00:00:00,1.308902383,0.0001
2008-01-29 00:00:00,1.2637465,0.0001
2008-01-30 00:00:00,1.261790156,0.0001
2008-01-31 00:00:00,1.295656204,0.0001
2008-02-01 00:00:00,1.652915597,0.0001
2008-02-02 00:00:00,1.616734743,0.0001
2008-02-03 00:00:00,1.481656909,0.0001
2008-02-04 00:00:00,1.431891799,0.0001
2008-02-05 00:00:00,1.430209875,0.0001
2008-02-06 00:00:00,1.53724277,0.0001
2008-02-07 00:00:00,1.507860661,0.0001
2008-02-08 00:00:00,1.467647672,0.0001
2008-02-09 00:00:00,1.441217065,0.0001
2008-02-10 00:00:00,1.406956792,0.0001
2008-02-11 00:00:00,1.385896444,0.0001
2008-02-12 00:00:00,1.369812727,0.0001
2008-02-13 00:00:00,1.365146041,0.0001
2008-02-14 00:00:00,1.35504353,0.0001
2008-02-15 00:00:00,1.322871566,0.0001
2008-02-16 00:00:00,1.293947697,0.0001
2008-02-17 00:00:00,1.294096828,0.0001
2008-02-18 00:00:00,1.281505466,0.0001
2008-02-19 00:00:00,1.263424158,0.0001
2008-02-20 00:00:00,1.245809913,0.0001
2008-02-21 00:00:00,1.22803998,0.0001
2008-02-22 00:00:00,1.211303473,0.0001
2008-02-23 00:00:00,1.189293385,0.0001
2008-02-24 00:00:00,1.174383283,0.0001
2008-02-25 00:00:00,1.167037368,0.0001
2008-02-26 00:00:00,1.209431052,0.0001
2008-02-27 00:00:00,1.243020058,0.0001
2008-02-28 00:00:00,1.194229603,0.0001
2008-02-29 00:00:00,1.175831079,0.0001
2008-03-01 00:00:00,1.477280259,0.0001
2008-03-02 00:00:00,1.453993559,0.0001
2008-03-03 00:00:00,1.333379626,0.0001
2008-03-04 00:00:00,1.264277935,0.0001
2008-03-05 00:00:00,1.188697457,0.0001
2008-03-06 00:00:00,1.247607946,0.0001
2008-03-07 00:00:00,1.268609643,0.0001
2008-03-08 00:00:00,1.236679912,0.0001
2008-03-09 00:00:00,1.228231311,0.0001
2008-03-10 00:00:00,1.45037818,0.0001
2008-03-11 00:00:00,1.383282065,0.0001
2008-03-12 00:00:00,1.591128588,0.0001
2008-03-13 00:00:00,1.710217237,0.0001
2008-03-14 00:00:00,1.73867166,0.0001
2008-03-15 00:00:00,1.648147345,0.0001
2008-03-16 00:00:00,1.475832105,0.0001
2008-03-17 00:00:00,1.345722556,0.0001
2008-03-18 00:00:00,1.221812725,0.0001
2008-03-19 00:00:00,1.114353061,0.0001
2008-03-20 00:00:00,1.034514189,0.0001
2008-03-21 00:00:00,1.047063947,0.0001
2008-03-22 00:00:00,1.089267969,0.0001
2008-03-23 00:00:00,1.014498591,0.0001
2008-03-24 00:00:00,0.934307039,0.0001
2008-03-25 00:00:00,0.895214617,0.0001
2008-03-26 00:00:00,0.869908929,0.0001
2008-03-27 00:00:00,0.845199883,0.0001
2008-03-28 00:00:00,0.795589209,0.0001
2008-03-29 00:00:00,0.800775409,0.0001
2008-03-30 00:00:00,0.778468966,0.0001
2008-03-31 00:00:00,0.746779323,0.0001
2008-04-01 00:00:00,0.736888647,0.0001
2008-04-02 00:00:00,0.703982711,0.0001
2008-04-03 00:00:00,0.679527581,0.0001
2008-04-04 00:00:00,0.644127011,0.0001
2008-04-05 00:00:00,0.612286091,0.0001
2008-04-06 00:00:00,0.573949814,0.0001
2008-04-07 00:00:00,0.527257085,0.0001
2008-04-08 00:00:00,0.485250711,0.0001
2008-04-09 00:00:00,0.468321294,0.0001
2008-04-10 00:00:00,0.452245146,0.0001
2008-04-11 00:00:00,0.440196931,0.0001
2008-04-12 00:00:00,0.484876156,0.0001
2008-04-13 00:00:00,0.461082101,0.0001
2008-04-14 00:00:00,0.437728792,0.0001
2008-04-15 00:00:00,0.418151468,0.0001
2008-04-16 00:00:00,0.405709863,0.0001
2008-04-17 00:00:00,0.398060083,0.0001
2008-04-18 00:00:00,0.393629313,0.0001
2008-04-19 00:00:00,0.384893715,0.0001
2008-04-20 00:00:00,0.365754753,0.0001
2008-04-21 00:00:00,0.353643477,0.0001
2008-04-22 00:00:00,0.341286838,0.0001
2008-04-23 00:00:00,0.328868508,0.0001
2008-04-24 00:00:00,0.319155991,0.0001
2008-04-25 00:00:00,0.313142151,0.0001
2008-04-26 00:00:00,0.307940692,0.0001
2008-04-27 00:00:00,0.303462923,0.0001
2008-04-28 00:00:00,0.297613949,0.0001
2008-04-29 00:00:00,0.357111245,0.0001
2008-04-30 00:00:00,0.409814715,0.0001
2008-05-01 00:00:00,0.364811748,0.0001
2008-05-02 00:00:00,0.327934295,0.0001
2008-05-03 00:00:00,0.288357407,0.0001
2008-05-04 00:00:00,0.25249806,0.0001
2008-05-05 00:00:00,0.238469005,0.0001
2008-05-06 00:00:00,0.22497347,0.0001
2008-05-07 00:00:00,0.20823203,0.0001
2008-05-08 00:00:00,0.202392429,0.0001
2008-05-09 00:00:00,0.189533621,0.0001
2008-05-10 00:00:00,0.178878799,0.0001
2008-05-11 00:00:00,0.177614853,0.0001
2008-05-12 00:00:00,0.166909158,0.0001
2008-05-13 00:00:00,0.160284281,0.0001
2008-05-14 00:00:00,0.153557137,0.0001
2008-05-15 00:00:00,0.148433939,0.0001
2008-05-16 00:00:00,0.148200929,0.0001
2008-05-17 00:00:00,0.146342561,0.0001
2008-05-18 00:00:00,0.145075783,0.0001
2008-05-19 00:00:00,0.140412033,0.0001
2008-05-20 00:00:00,0.127787843,0.0001
2008-05-21 00:00:00,0.118782006,0.0001
2008-05-22 00:00:00,0.114709504,0.0001
2008-05-23 00:00:00,0.114332758,0.0001
2008-05-24 00:00:00,0.108784653,0.0001
2008-05-25 00:00:00,0.101813503,0.0001
2008-05-26 00:00:00,0.099125616,0.0001
2008-05-27 00:00:00,0.103472516,0.0001
2008-05-28 00:00:00,0.096371792,0.0001
2008-05-29 00:00:00,0.090991884,0.0001
2008-05-30 00:00:00,0.087943129,0.0001
2008-05-31 00:00:00,0.083530135,0.0001
2008-06-01 00:00:00,0.081021927,0.0001
2008-06-02 00:00:00,0.078386717,0.0001
2008-06-03 00:00:00,0.077386476,0.0001
2008-06-04 00:00:00,0.075713947,0.0001
2008-06-05 00:00:00,0.072493523,0.0001
2008-06-06 00:00:00,0.071705945,0.0001
2008-06-07 00:00:00,0.069180384,0.0001
2008-06-08 00:00:00,0.065093353,0.0001
2008-06-09 00:00:00,0.062803283,0.0001
2008-06-10 00:00:00,0.061878309,0.0001
2008-06-11 00:00:00,0.061139386,0.0001
2008-06-12 00:00:00,0.062156562,0.0001
2008-06-13 00:00:00,0.060208209,0.0001
2008-06-14 00:00:00,0.051229998,0.0001
2008-06-15 00:00:00,0.054499999,0.0001
2008-06-16 00:00:00,0.065399997,0.0001
2008-06-17 00:00:00,0.069760002,0.0001
2008-06-18 00:00:00,0.068791382,0.0001
2008-06-19 00:00:00,0.068030655,0.0001
2008-06-20 00:00:00,0.073413745,0.0001
2008-06-21 00:00:00,0.077627279,0.0001
2008-06-22 00:00:00,0.079205908,0.0001
2008-06-23 00:00:00,0.080610134,0.0001
2008-06-24 00:00:00,0.076524228,0.0001
2008-06-25 00:00:00,0.071636468,0.0001
2008-06-26 00:00:00,0.069134563,0.0001
2008-06-27 00:00:00,0.071649253,0.0001
2008-06-28 00:00:00,0.0724255,0.0001
2008-06-29 00:00:00,0.069482796,0.0001
2008-06-30 00:00:00,0.071149103,0.0001
2008-07-01 00:00:00,0.06904462,0.0001
2008-07-02 00:00:00,0.065835632,0.0001
2008-07-03 00:00:00,0.064166412,0.0001
2008-07-04 00:00:00,0.064751349,0.0001
2008-07-05 00:00:00,0.064308852,0.0001
2008-07-06 00:00:00,0.067368858,0.0001
2008-07-07 00:00:00,0.066302419,0.0001
2008-07-08 00:00:00,0.079172887,0.0001
2008-07-09 00:00:00,0.075036019,0.0001
2008-07-10 00:00:00,0.068927787,0.0001
2008-07-11 00:00:00,0.068038754,0.0001
2008-07-12 00:00:00,0.067014635,0.0001
2008-07-13 00:00:00,0.064692207,0.0001
2008-07-14 00:00:00,0.061932635,0.0001
2008-07-15 00:00:00,0.060284838,0.0001
2008-07-16 00:00:00,0.060740296,0.0001
2008-07-17 00:00:00,0.060509723,0.0001
2008-07-18 00:00:00,0.060177784,0.0001
2008-07-19 00:00:00,0.062668376,0.0001
2008-07-20 00:00:00,0.06683255,0.0001
2008-07-21 00:00:00,0.06527888,0.0001
2008-07-22 00:00:00,0.062568605,0.0001
2008-07-23 00:00:00,0.059296362,0.0001
2008-07-24 00:00:00,0.057874128,0.0001
2008-07-25 00:00:00,0.054610685,0.0001
2008-07-26 00:00:00,0.052776434,0.0001
2008-07-27 00:00:00,0.051799417,0.0001
2008-07-28 00:00:00,0.05031259,0.0001
2008-07-29 00:00:00,0.034880001,0.0001
2008-07-30 00:00:00,0.031610001,0.0001
2008-07-31 00:00:00,0.02943,0.0001
2008-08-01 00:00:00,0.027249999,0.0001
2008-08-02 00:00:00,0.02616,0.0001
2008-08-03 00:00:00,0.02943,0.0001
2008-08-04 00:00:00,0.035969999,0.0001
2008-08-05 00:00:00,0.04033,0.0001
2008-08-06 00:00:00,0.041420002,0.0001
2008-08-07 00:00:00,0.0436,0.0001
2008-08-08 00:00:00,0.06213,0.0001
2008-08-09 00:00:00,0.057769999,0.0001
2008-08-10 00:00:00,0.059950002,0.0001
2008-08-11 00:00:00,0.065399997,0.0001
2008-08-12 00:00:00,0.06758,0.0001
2008-08-13 00:00:00,0.07412,0.0001
2008-08-14 00:00:00,0.082840003,0.0001
2008-08-15 00:00:00,0.081243888,0.0001
2008-08-16 00:00:00,0.075036891,0.0001
2008-08-17 00:00:00,0.069339484,0.0001
2008-08-18 00:00:00,0.066568352,0.0001
2008-08-19 00:00:00,0.066513561,0.0001
2008-08-20 00:00:00,0.072117463,0.0001
2008-08-21 00:00:00,0.075716309,0.0001
2008-08-22 00:00:00,0.088669188,0.0001
2008-08-23 00:00:00,0.08459603,0.0001
2008-08-24 00:00:00,0.086602688,0.0001
2008-08-25 00:00:00,0.084327638,0.0001
2008-08-26 00:00:00,0.077685371,0.0001
2008-08-27 00:00:00,0.080186367,0.0001
2008-08-28 00:00:00,0.082875818,0.0001
2008-08-29 00:00:00,0.079889759,0.0001
2008-08-30 00:00:00,0.075244345,0.0001
2008-08-31 00:00:00,0.071441717,0.0001
2008-09-01 00:00:00,0.069190703,0.0001
2008-09-02 00:00:00,0.069091521,0.0001
2008-09-03 00:00:00,0.087997317,0.0001
2008-09-04 00:00:00,0.095754631,0.0001
2008-09-05 00:00:00,0.104762062,0.0001
2008-09-06 00:00:00,0.123711683,0.0001
2008-09-07 00:00:00,0.116736993,0.0001
2008-09-08 00:00:00,0.109575085,0.0001
2008-09-09 00:00:00,0.106106371,0.0001
2008-09-10 00:00:00,0.104115687,0.0001
2008-09-11 00:00:00,0.100134581,0.0001
2008-09-12 00:00:00,0.095632292,0.0001
2008-09-13 00:00:00,0.091856912,0.0001
2008-09-14 00:00:00,0.088339411,0.0001
2008-09-15 00:00:00,0.086833321,0.0001
2008-09-16 00:00:00,0.088203214,0.0001
2008-09-17 00:00:00,0.088387415,0.0001
2008-09-18 00:00:00,0.083420925,0.0001
2008-09-19 00:00:00,0.081153348,0.0001
2008-09-20 00:00:00,0.074675635,0.0001
2008-09-21 00:00:00,0.071523815,0.0001
2008-09-22 00:00:00,0.074369252,0.0001
2008-09-23 00:00:00,0.071754962,0.0001
2008-09-24 00:00:00,0.067867205,0.0001
2008-09-25 00:00:00,0.063177578,0.0001
2008-09-26 00:00:00,0.060498998,0.0001
2008-09-27 00:00:00,0.062029764,0.0001
2008-09-28 00:00:00,0.064062931,0.0001
2008-09-29 00:00:00,0.065406799,0.0001
2008-09-30 00:00:00,0.066817366,0.0001
2008-10-01 00:00:00,0.074227825,0.0001
2008-10-02 00:00:00,0.074984513,0.0001
2008-10-03 00:00:00,0.070615187,0.0001
2008-10-04 00:00:00,0.071293496,0.0001
2008-10-05 00:00:00,0.123101719,0.0001
2008-10-06 00:00:00,0.121817552,0.0001
2008-10-07 00:00:00,0.099117428,0.0001
2008-10-08 00:00:00,0.094601668,0.0001
2008-10-09 00:00:00,0.09927424,0.0001
2008-10-10 00:00:00,0.103956535,0.0001
2008-10-11 00:00:00,0.105831943,0.0001
2008-10-12 00:00:00,0.113166928,0.0001
2008-10-13 00:00:00,0.111796476,0.0001
2008-10-14 00:00:00,0.115630388,0.0001
2008-10-15 00:00:00,0.135913342,0.0001
2008-10-16 00:00:00,0.193643659,0.0001
2008-10-17 00:00:00,0.173508808,0.0001
2008-10-18 00:00:00,0.151420891,0.0001
2008-10-19 00:00:00,0.175921321,0.0001
2008-10-20 00:00:00,0.160473302,0.0001
2008-10-21 00:00:00,0.161583558,0.0001
2008-10-22 00:00:00,0.162452236,0.0001
2008-10-23 00:00:00,0.161221653,0.0001
2008-10-24 00:00:00,0.155075595,0.0001
2008-10-25 00:00:00,0.14763175,0.0001
2008-10-26 00:00:00,0.26600942,0.0001
2008-10-27 00:00:00,0.33991158,0.0001
2008-10-28 00:00:00,0.286366224,0.0001
2008-10-29 00:00:00,0.248186141,0.0001
2008-10-30 00:00:00,0.225007191,0.0001
2008-10-31 00:00:00,0.20200859,0.0001
2008-11-01 00:00:00,0.180304363,0.0001
2008-11-02 00:00:00,0.171291798,0.0001
2008-11-03 00:00:00,0.167058498,0.0001
2008-11-04 00:00:00,0.160184145,0.0001
2008-11-05 00:00:00,0.157850578,0.0001
2008-11-06 00:00:00,0.157596022,0.0001
2008-11-07 00:00:00,0.168765411,0.0001
2008-11-08 00:00:00,0.179403916,0.0001
2008-11-09 00:00:00,0.192270011,0.0001
2008-11-10 00:00:00,0.284857631,0.0001
2008-11-11 00:00:00,0.62494117,0.0001
2008-11-12 00:00:00,0.796769202,0.0001
2008-11-13 00:00:00,0.682426393,0.0001
2008-11-14 00:00:00,0.602411389,0.0001
2008-11-15 00:00:00,0.575022995,0.0001
2008-11-16 00:00:00,0.533964276,0.0001
2008-11-17 00:00:00,0.500767827,0.0001
2008-11-18 00:00:00,0.511763811,0.0001
2008-11-19 00:00:00,0.521672308,0.0001
2008-11-20 00:00:00,0.552222669,0.0001
2008-11-21 00:00:00,0.537068963,0.0001
2008-11-22 00:00:00,0.490736991,0.0001
2008-11-23 00:00:00,0.460645705,0.0001
2008-11-24 00:00:00,0.442088485,0.0001
2008-11-25 00:00:00,0.379900336,0.0001
2008-11-26 00:00:00,0.359430134,0.0001
2008-11-27 00:00:00,0.368003696,0.0001
2008-11-28 00:00:00,0.40531975,0.0001
2008-11-29 00:00:00,0.42539072,0.0001
2008-11-30 00:00:00,0.435463041,0.0001
2008-12-01 00:00:00,0.432393849,0.0001
2008-12-02 00:00:00,0.424141884,0.0001
2008-12-03 00:00:00,0.405240268,0.0001
2008-12-04 00:00:00,0.390837252,0.0001
2008-12-05 00:00:00,0.417345762,0.0001
2008-12-06 00:00:00,0.428111047,0.0001
2008-12-07 00:00:00,0.422560126,0.0001
2008-12-08 00:00:00,0.408159256,0.0001
2008-12-09 00:00:00,0.399761468,0.0001
2008-12-10 00:00:00,0.378062993,0.0001
2008-12-11 00:00:00,0.3502343,0.0001
2008-12-12 00:00:00,0.330279469,0.0001
2008-12-13 00:00:00,0.318347573,0.0001
2008-12-14 00:00:00,0.325654715,0.0001
2008-12-15 00:00:00,0.311137646,0.0001
2008-12-16 00:00:00,0.308268487,0.0001
2008-12-17 00:00:00,0.307408333,0.0001
2008-12-18 00:00:00,0.293761671,0.0001
2008-12-19 00:00:00,0.317030817,0.0001
2008-12-20 00:00:00,0.346059233,0.0001
2008-12-21 00:00:00,0.331055611,0.0001
2008-12-22 00:00:00,0.332453877,0.0001
2008-12-23 00:00:00,0.308253855,0.0001
2008-12-24 00:00:00,0.303860396,0.0001
2008-12-25 00:00:00,0.282595366,0.0001
2008-12-26 00:00:00,0.269161373,0.0001
2008-12-27 00:00:00,0.266148925,0.0001
2008-12-28 00:00:00,0.259283185,0.0001
2008-12-29 00:00:00,0.252440214,0.0001
2008-12-30 00:00:00,0.24791944,0.0001
2008-12-31 00:00:00,0.243686393,0.0001
2009-01-01 00:00:00,0.233712003,0.0001
2009-01-02 00:00:00,0.218565196,0.0001
2009-01-03 00:00:00,0.205583185,0.0001
2009-01-04 00:00:00,0.20769234,0.0001
2009-01-05 00:00:00,0.139312148,0.0001
2009-01-06 00:00:00,0.130865216,0.0001
2009-01-07 00:00:00,0.138974518,0.0001
2009-01-08 00:00:00,0.118154943,0.0001
2009-01-09 00:00:00,0.122886345,0.0001
2009-01-10 00:00:00,0.125329256,0.0001
2009-01-11 00:00:00,0.120336555,0.0001
2009-01-12 00:00:00,0.127827585,0.0001
2009-01-13 00:00:00,0.326999992,0.0001
2009-01-14 00:00:00,0.348800004,0.0001
2009-01-15 00:00:00,0.305200011,0.0001
2009-01-16 00:00:00,0.283399999,0.0001
2009-01-17 00:00:00,0.29429999,0.0001
2009-01-18 00:00:00,0.545000017,0.0001
2009-01-19 00:00:00,0.763000011,0.0001
2009-01-20 00:00:00,0.784799993,0.0001
2009-01-21 00:00:00,0.4572469,0.0001
2009-01-22 00:00:00,0.390218049,0.0001
2009-01-23 00:00:00,0.450742006,0.0001
2009-01-24 00:00:00,0.592101932,0.0001
2009-01-25 00:00:00,0.52934742,0.0001
2009-01-26 00:00:00,0.424077094,0.0001
2009-01-27 00:00:00,0.369203687,0.0001
2009-01-28 00:00:00,0.330089897,0.0001
2009-01-29 00:00:00,0.297294438,0.0001
2009-01-30 00:00:00,0.273391515,0.0001
2009-01-31 00:00:00,0.26082769,0.0001
2009-02-01 00:00:00,0.241247952,0.0001
2009-02-02 00:00:00,0.223280042,0.0001
2009-02-03 00:00:00,0.219241887,0.0001
2009-02-04 00:00:00,0.216859266,0.0001
2009-02-05 00:00:00,0.205237672,0.0001
2009-02-06 00:00:00,0.219412893,0.0001
2009-02-07 00:00:00,0.223090798,0.0001
2009-02-08 00:00:00,0.223946318,0.0001
2009-02-09 00:00:00,0.208714709,0.0001
2009-02-10 00:00:00,0.210538268,0.0001
2009-02-11 00:00:00,0.210291415,0.0001
2009-02-12 00:00:00,0.1919007,0.0001
2009-02-13 00:00:00,0.165681034,0.0001
2009-02-14 00:00:00,0.221362501,0.0001
2009-02-15 00:00:00,0.158053637,0.0001
2009-02-16 00:00:00,0.16077286,0.0001
2009-02-17 00:00:00,0.159892738,0.0001
2009-02-18 00:00:00,0.232614949,0.0001
2009-02-19 00:00:00,0.243861973,0.0001
2009-02-20 00:00:00,0.234664947,0.0001
2009-02-21 00:00:00,0.149491519,0.0001
2009-02-22 00:00:00,0.397051126,0.0001
2009-02-23 00:00:00,0.478413552,0.0001
2009-02-24 00:00:00,0.360335439,0.0001
2009-02-25 00:00:00,0.318925232,0.0001
2009-02-26 00:00:00,0.323476404,0.0001
2009-02-27 00:00:00,0.297113419,0.0001
2009-02-28 00:00:00,0.268648803,0.0001
2009-03-01 00:00:00,0.256759286,0.0001
2009-03-02 00:00:00,0.367946804,0.0001
2009-03-03 00:00:00,0.399116009,0.0001
2009-03-04 00:00:00,0.313695252,0.0001
2009-03-05 00:00:00,0.277750224,0.0001
2009-03-06 00:00:00,0.237527087,0.0001
2009-03-07 00:00:00,0.237450466,0.0001
2009-03-08 00:00:00,0.313437253,0.0001
2009-03-09 00:00:00,0.368197829,0.0001
2009-03-10 00:00:00,0.316408932,0.0001
2009-03-11 00:00:00,0.276333213,0.0001
2009-03-12 00:00:00,0.285292655,0.0001
2009-03-13 00:00:00,0.338612735,0.0001
2009-03-14 00:00:00,0.308818609,0.0001
2009-03-15 00:00:00,0.347116321,0.0001
2009-03-16 00:00:00,0.40454793,0.0001
2009-03-17 00:00:00,0.414726704,0.0001
2009-03-18 00:00:00,0.388197839,0.0001
2009-03-19 00:00:00,0.368761688,0.0001
2009-03-20 00:00:00,0.340469629,0.0001
2009-03-21 00:00:00,0.231240347,0.0001
2009-03-22 00:00:00,0.210594118,0.0001
2009-03-23 00:00:00,0.237713233,0.0001
2009-03-24 00:00:00,0.227329522,0.0001
2009-03-25 00:00:00,0.195276946,0.0001
2009-03-26 00:00:00,0.183247313,0.0001
2009-03-27 00:00:00,0.241874114,0.0001
2009-03-28 00:00:00,0.245267242,0.0001
2009-03-29 00:00:00,0.219495729,0.0001
2009-03-30 00:00:00,0.195393533,0.0001
2009-03-31 00:00:00,0.19562681,0.0001
2009-04-01 00:00:00,0.303673774,0.0001
2009-04-02 00:00:00,0.310781986,0.0001
2009-04-03 00:00:00,0.313386142,0.0001
2009-04-04 00:00:00,0.311512232,0.0001
2009-04-05 00:00:00,0.301067591,0.0001
2009-04-06 00:00:00,0.29604879,0.0001
2009-04-07 00:00:00,0.302946925,0.0001
2009-04-08 00:00:00,0.37015143,0.0001
2009-04-09 00:00:00,0.343441963,0.0001
2009-04-10 00:00:00,0.316526443,0.0001
2009-04-11 00:00:00,0.301035494,0.0001
2009-04-12 00:00:00,0.284539551,0.0001
2009-04-13 00:00:00,0.281578898,0.0001
2009-04-14 00:00:00,0.276538551,0.0001
2009-04-15 00:00:00,0.268895239,0.0001
2009-04-16 00:00:00,0.258169502,0.0001
2009-04-17 00:00:00,0.225621104,0.0001
2009-04-18 00:00:00,0.13257353,0.0001
2009-04-19 00:00:00,0.158301249,0.0001
2009-04-20 00:00:00,0.127781749,0.0001
2009-04-21 00:00:00,0.125130057,0.0001
2009-04-22 00:00:00,0.124619,0.0001
2009-04-23 00:00:00,0.117182419,0.0001
2009-04-24 00:00:00,0.107903615,0.0001
2009-04-25 00:00:00,0.10655392,0.0001
2009-04-26 00:00:00,0.105418466,0.0001
2009-04-27 00:00:00,0.106200881,0.0001
2009-04-28 00:00:00,0.100127183,0.0001
2009-04-29 00:00:00,0.095448509,0.0001
2009-04-30 00:00:00,0.088905543,0.0001
2009-05-01 00:00:00,0.083008267,0.0001
2009-05-02 00:00:00,0.083322167,0.0001
2009-05-03 00:00:00,0.090879567,0.0001
2009-05-04 00:00:00,0.135540962,0.0001
2009-05-05 00:00:00,0.114335001,0.0001
2009-05-06 00:00:00,0.123868704,0.0001
2009-05-07 00:00:00,0.097400047,0.0001
2009-05-08 00:00:00,0.10737671,0.0001
2009-05-09 00:00:00,0.10644336,0.0001
2009-05-10 00:00:00,0.089021325,0.0001
2009-05-11 00:00:00,0.077620342,0.0001
2009-05-12 00:00:00,0.066763453,0.0001
2009-05-13 00:00:00,0.066145778,0.0001
2009-05-14 00:00:00,0.076537222,0.0001
2009-05-15 00:00:00,0.064495571,0.0001
2009-05-16 00:00:00,0.07722044,0.0001
2009-05-17 00:00:00,0.088408232,0.0001
2009-05-18 00:00:00,0.154165789,0.0001
2009-05-19 00:00:00,0.150062323,0.0001
2009-05-20 00:00:00,0.102705821,0.0001
2009-05-21 00:00:00,0.092490084,0.0001
2009-05-22 00:00:00,0.128679141,0.0001
2009-05-23 00:00:00,0.090459943,0.0001
2009-05-24 00:00:00,0.082005046,0.0001
2009-05-25 00:00:00,0.071827583,0.0001
2009-05-26 00:00:00,0.087320499,0.0001
2009-05-27 00:00:00,0.083643675,0.0001
2009-05-28 00:00:00,0.073562235,0.0001
2009-05-29 00:00:00,0.063408807,0.0001
2009-05-30 00:00:00,0.059647895,0.0001
2009-05-31 00:00:00,0.055990163,0.0001
2009-06-01 00:00:00,0.060764033,0.0001
2009-06-02 00:00:00,0.067669638,0.0001
2009-06-03 00:00:00,0.071952365,0.0001
2009-06-04 00:00:00,0.082314864,0.0001
2009-06-05 00:00:00,0.096677758,0.0001
2009-06-06 00:00:00,0.07989154,0.0001
2009-06-07 00:00:00,0.068653032,0.0001
2009-06-08 00:00:00,0.06450814,0.0001
2009-06-09 00:00:00,0.069398805,0.0001
2009-06-10 00:00:00,0.093493536,0.0001
2009-06-11 00:00:00,0.140691504,0.0001
2009-06-12 00:00:00,0.285425186,0.0001
2009-06-13 00:00:00,0.201463997,0.0001
2009-06-14 00:00:00,0.110003196,0.0001
2009-06-15 00:00:00,0.103394926,0.0001
2009-06-16 00:00:00,0.074182697,0.0001
2009-06-17 00:00:00,0.06537801,0.0001
2009-06-18 00:00:00,0.064767323,0.0001
2009-06-19 00:00:00,0.08584287,0.0001
2009-06-20 00:00:00,0.076797351,0.0001
2009-06-21 00:00:00,0.055214774,0.0001
2009-06-22 00:00:00,0.048505981,0.0001
2009-06-23 00:00:00,0.045694131,0.0001
2009-06-24 00:00:00,0.046930902,0.0001
2009-06-25 00:00:00,0.043757793,0.0001
2009-06-26 00:00:00,0.033598784,0.0001
2009-06-27 00:00:00,0.031417299,0.0001
2009-06-28 00:00:00,0.02985489,0.0001
2009-06-29 00:00:00,0.029399522,0.0001
2009-06-30 00:00:00,0.029459581,0.0001
2009-07-01 00:00:00,0.026431691,0.0001
2009-07-02 00:00:00,0.021605762,0.0001
2009-07-03 00:00:00,0.01900289,0.0001
2009-07-04 00:00:00,0.017113989,0.0001
2009-07-05 00:00:00,0.016135041,0.0001
2009-07-06 00:00:00,0.023387026,0.0001
2009-07-07 00:00:00,0.055566244,0.0001
2009-07-08 00:00:00,0.067440018,0.0001
2009-07-09 00:00:00,0.065949149,0.0001
2009-07-10 00:00:00,0.045345601,0.0001
2009-07-11 00:00:00,0.035780758,0.0001
2009-07-12 00:00:00,0.034257136,0.0001
2009-07-13 00:00:00,0.039756369,0.0001
2009-07-14 00:00:00,0.03286745,0.0001
2009-07-15 00:00:00,0.029223615,0.0001
2009-07-16 00:00:00,0.035564478,0.0001
2009-07-17 00:00:00,0.026329217,0.0001
2009-07-18 00:00:00,0.042547725,0.0001
2009-07-19 00:00:00,0.068252087,0.0001
2009-07-20 00:00:00,0.041471951,0.0001
2009-07-21 00:00:00,0.043071568,0.0001
2009-07-22 00:00:00,0.034948379,0.0001
2009-07-23 00:00:00,0.046969388,0.0001
2009-07-24 00:00:00,0.07615903,0.0001
2009-07-25 00:00:00,0.193602666,0.0001
2009-07-26 00:00:00,0.153115004,0.0001
2009-07-27 00:00:00,0.09309344,0.0001
2009-07-28 00:00:00,0.158430725,0.0001
2009-07-29 00:00:00,0.084618621,0.0001
2009-07-30 00:00:00,0.070016943,0.0001
2009-07-31 00:00:00,0.076922372,0.0001
2009-08-01 00:00:00,0.060655884,0.0001
2009-08-02 00:00:00,0.067589819,0.0001
2009-08-03 00:00:00,0.074523754,0.0001
2009-08-04 00:00:00,0.065198801,0.0001
2009-08-05 00:00:00,0.044451181,0.0001
2009-08-06 00:00:00,0.036310639,0.0001
2009-08-07 00:00:00,0.030492296,0.0001
2009-08-08 00:00:00,0.027461041,0.0001
2009-08-09 00:00:00,0.0326428,0.0001
2009-08-10 00:00:00,0.054839931,0.0001
2009-08-11 00:00:00,0.040158156,0.0001
2009-08-12 00:00:00,0.026471065,0.0001
2009-08-13 00:00:00,0.024725929,0.0001
2009-08-14 00:00:00,0.020789629,0.0001
2009-08-15 00:00:00,0.038775422,0.0001
2009-08-16 00:00:00,0.070762254,0.0001
2009-08-17 00:00:00,0.046081953,0.0001
2009-08-18 00:00:00,0.054499999,0.0001
2009-08-19 00:00:00,0.061292533,0.0001
2009-08-20 00:00:00,0.058009371,0.0001
2009-08-21 00:00:00,0.066083826,0.0001
2009-08-22 00:00:00,0.065033644,0.0001
2009-08-23 00:00:00,0.059462924,0.0001
2009-08-24 00:00:00,0.055662014,0.0001
2009-08-25 00:00:00,0.052840993,0.0001
2009-08-26 00:00:00,0.067469507,0.0001
2009-08-27 00:00:00,0.062551692,0.0001
2009-08-28 00:00:00,0.052619547,0.0001
2009-08-29 00:00:00,0.051396888,0.0001
2009-08-30 00:00:00,0.054678433,0.0001
2009-08-31 00:00:00,0.052682821,0.0001
2009-09-01 00:00:00,0.051369183,0.0001
2009-09-02 00:00:00,0.050113898,0.0001
2009-09-03 00:00:00,0.052807085,0.0001
2009-09-04 00:00:00,0.074827343,0.0001
2009-09-05 00:00:00,0.087295219,0.0001
2009-09-06 00:00:00,0.083113067,0.0001
2009-09-07 00:00:00,0.075135574,0.0001
2009-09-08 00:00:00,0.067323402,0.0001
2009-09-09 00:00:00,0.061193049,0.0001
2009-09-10 00:00:00,0.056470152,0.0001
2009-09-11 00:00:00,0.053080551,0.0001
2009-09-12 00:00:00,0.052142613,0.0001
2009-09-13 00:00:00,0.050230753,0.0001
2009-09-14 00:00:00,0.048849799,0.0001
2009-09-15 00:00:00,0.048145555,0.0001
2009-09-16 00:00:00,0.047531765,0.0001
2009-09-17 00:00:00,0.050617542,0.0001
2009-09-18 00:00:00,0.050351098,0.0001
2009-09-19 00:00:00,0.05057985,0.0001
2009-09-20 00:00:00,0.051799569,0.0001
2009-09-21 00:00:00,0.051803827,0.0001
2009-09-22 00:00:00,0.052684423,0.0001
2009-09-23 00:00:00,0.051293839,0.0001
2009-09-24 00:00:00,0.050233778,0.0001
2009-09-25 00:00:00,0.051736686,0.0001
2009-09-26 00:00:00,0.051907256,0.0001
2009-09-27 00:00:00,0.051382292,0.0001
2009-09-28 00:00:00,0.054830093,0.0001
2009-09-29 00:00:00,0.050630532,0.0001
2009-09-30 00:00:00,0.049552195,0.0001
2009-10-01 00:00:00,0.052483622,0.0001
2009-10-02 00:00:00,0.053129442,0.0001
2009-10-03 00:00:00,0.082940474,0.0001
2009-10-04 00:00:00,0.123548076,0.0001
2009-10-05 00:00:00,0.084841296,0.0001
2009-10-06 00:00:00,0.069472089,0.0001
2009-10-07 00:00:00,0.101703107,0.0001
2009-10-08 00:00:00,0.081180371,0.0001
2009-10-09 00:00:00,0.072566635,0.0001
2009-10-10 00:00:00,0.064354382,0.0001
2009-10-11 00:00:00,0.061323162,0.0001
2009-10-12 00:00:00,0.0606906,0.0001
2009-10-13 00:00:00,0.057822231,0.0001
2009-10-14 00:00:00,0.056522105,0.0001
2009-10-15 00:00:00,0.05752112,0.0001
2009-10-16 00:00:00,0.0670968,0.0001
2009-10-17 00:00:00,0.072122157,0.0001
2009-10-18 00:00:00,0.063717224,0.0001
2009-10-19 00:00:00,0.06181895,0.0001
2009-10-20 00:00:00,0.059595853,0.0001
2009-10-21 00:00:00,0.059490066,0.0001
2009-10-22 00:00:00,0.066297859,0.0001
2009-10-23 00:00:00,0.058794521,0.0001
2009-10-24 00:00:00,0.06260483,0.0001
2009-10-25 00:00:00,0.075088449,0.0001
2009-10-26 00:00:00,0.101186462,0.0001
2009-10-27 00:00:00,0.090161003,0.0001
2009-10-28 00:00:00,0.10915719,0.0001
2009-10-29 00:00:00,0.240048349,0.0001
2009-10-30 00:00:00,0.180362016,0.0001
2009-10-31 00:00:00,0.11271555,0.0001
2009-11-01 00:00:00,0.099972852,0.0001
2009-11-02 00:00:00,0.234521851,0.0001
2009-11-03 00:00:00,0.23448272,0.0001
2009-11-04 00:00:00,0.187355652,0.0001
2009-11-05 00:00:00,0.303719997,0.0001
2009-11-06 00:00:00,0.238842815,0.0001
2009-11-07 00:00:00,0.251163125,0.0001
2009-11-08 00:00:00,0.223667711,0.0001
2009-11-09 00:00:00,0.18034029,0.0001
2009-11-10 00:00:00,0.169247061,0.0001
2009-11-11 00:00:00,0.226001829,0.0001
2009-11-12 00:00:00,0.366907001,0.0001
2009-11-13 00:00:00,0.369432569,0.0001
2009-11-14 00:00:00,0.414002091,0.0001
2009-11-15 00:00:00,0.359757334,0.0001
2009-11-16 00:00:00,0.354715914,0.0001
2009-11-17 00:00:00,0.365153491,0.0001
2009-11-18 00:00:00,0.537534297,0.0001
2009-11-19 00:00:00,0.731037676,0.0001
2009-11-20 00:00:00,0.650713444,0.0001
2009-11-21 00:00:00,0.534245491,0.0001
2009-11-22 00:00:00,0.466856897,0.0001
2009-11-23 00:00:00,0.598570108,0.0001
2009-11-24 00:00:00,0.725308537,0.0001
2009-11-25 00:00:00,0.71626538,0.0001
2009-11-26 00:00:00,0.692953706,0.0001
2009-11-27 00:00:00,0.788843453,0.0001
2009-11-28 00:00:00,0.845398962,0.0001
2009-11-29 00:00:00,0.847539246,0.0001
2009-11-30 00:00:00,0.802883506,0.0001
2009-12-01 00:00:00,0.716804743,0.0001
2009-12-02 00:00:00,0.601525903,0.0001
2009-12-03 00:00:00,0.53193742,0.0001
2009-12-04 00:00:00,0.588462591,0.0001
2009-12-05 00:00:00,0.619474292,0.0001
2009-12-06 00:00:00,0.620842695,0.0001
2009-12-07 00:00:00,0.73112148,0.0001
2009-12-08 00:00:00,0.691751122,0.0001
2009-12-09 00:00:00,0.58521378,0.0001
2009-12-10 00:00:00,0.544337094,0.0001
2009-12-11 00:00:00,0.635828376,0.0001
2009-12-12 00:00:00,0.594385445,0.0001
2009-12-13 00:00:00,0.525294721,0.0001
2009-12-14 00:00:00,0.478989512,0.0001
2009-12-15 00:00:00,0.440342039,0.0001
2009-12-16 00:00:00,0.454230338,0.0001
2009-12-17 00:00:00,0.442138582,0.0001
2009-12-18 00:00:00,0.420761287,0.0001
2009-12-19 00:00:00,0.400164753,0.0001
2009-12-20 00:00:00,0.382167011,0.0001
2009-12-21 00:00:00,0.355600655,0.0001
2009-12-22 00:00:00,0.350494385,0.0001
2009-12-23 00:00:00,0.34335658,0.0001
2009-12-24 00:00:00,0.332899898,0.0001
2009-12-25 00:00:00,0.457676828,0.0001
2009-12-26 00:00:00,0.778209209,0.0001
2009-12-27 00:00:00,0.844399452,0.0001
2009-12-28 00:00:00,0.974100828,0.0001
2009-12-29 00:00:00,0.851790369,0.0001
2009-12-30 00:00:00,0.725763738,0.0001
2009-12-31 00:00:00,0.613690794,0.0001
2010-01-01 00:00:00,0.509342968,0.0001
2010-01-02 00:00:00,0.430943578,0.0001
2010-01-03 00:00:00,0.380782634,0.0001
2010-01-04 00:00:00,0.36032179,0.0001
2010-01-05 00:00:00,0.337860346,0.0001
2010-01-06 00:00:00,0.320575804,0.0001
2010-01-07 00:00:00,0.298803747,0.0001
2010-01-08 00:00:00,0.265395105,0.0001
2010-01-09 00:00:00,0.250683546,0.0001
2010-01-10 00:00:00,0.256539172,0.0001
2010-01-11 00:00:00,0.239868999,0.0001
2010-01-12 00:00:00,0.231952891,0.0001
2010-01-13 00:00:00,0.231950745,0.0001
2010-01-14 00:00:00,0.223675057,0.0001
2010-01-15 00:00:00,0.205789134,0.0001
2010-01-16 00:00:00,0.198370621,0.0001
2010-01-17 00:00:00,0.19729498,0.0001
2010-01-18 00:00:00,0.184415683,0.0001
2010-01-19 00:00:00,0.179202601,0.0001
2010-01-20 00:00:00,0.1798051,0.0001
2010-01-21 00:00:00,0.175428867,0.0001
2010-01-22 00:00:00,0.170010775,0.0001
2010-01-23 00:00:00,0.165072292,0.0001
2010-01-24 00:00:00,0.156372398,0.0001
2010-01-25 00:00:00,0.148656443,0.0001
2010-01-26 00:00:00,0.133930206,0.0001
2010-01-27 00:00:00,0.157802194,0.0001
2010-01-28 00:00:00,0.196500257,0.0001
2010-01-29 00:00:00,0.167297497,0.0001
2010-01-30 00:00:00,0.144789964,0.0001
2010-01-31 00:00:00,0.13816011,0.0001
2010-02-01 00:00:00,0.133524179,0.0001
2010-02-02 00:00:00,0.135081023,0.0001
2010-02-03 00:00:00,0.13817206,0.0001
2010-02-04 00:00:00,0.123792417,0.0001
2010-02-05 00:00:00,0.12469165,0.0001
2010-02-06 00:00:00,0.122210331,0.0001
2010-02-07 00:00:00,0.120342553,0.0001
2010-02-08 00:00:00,0.121164732,0.0001
2010-02-09 00:00:00,0.12036445,0.0001
2010-02-10 00:00:00,0.114598118,0.0001
2010-02-11 00:00:00,0.10929025,0.0001
2010-02-12 00:00:00,0.103683919,0.0001
2010-02-13 00:00:00,0.104239292,0.0001
2010-02-14 00:00:00,0.104292311,0.0001
2010-02-15 00:00:00,0.103464074,0.0001
2010-02-16 00:00:00,0.103924155,0.0001
2010-02-17 00:00:00,0.101949111,0.0001
2010-02-18 00:00:00,0.101790756,0.0001
2010-02-19 00:00:00,0.106781073,0.0001
2010-02-20 00:00:00,0.123931378,0.0001
2010-02-21 00:00:00,0.111195289,0.0001
2010-02-22 00:00:00,0.108634003,0.0001
2010-02-23 00:00:00,0.106670022,0.0001
2010-02-24 00:00:00,0.097293861,0.0001
2010-02-25 00:00:00,0.110915169,0.0001
2010-02-26 00:00:00,0.261874169,0.0001
2010-02-27 00:00:00,0.905221045,0.0001
2010-02-28 00:00:00,1.232890725,0.0001
2010-03-01 00:00:00,1.326493502,0.0001
2010-03-02 00:00:00,1.065617323,0.0001
2010-03-03 00:00:00,0.78363508,0.0001
2010-03-04 00:00:00,0.597087264,0.0001
2010-03-05 00:00:00,0.459604472,0.0001
2010-03-06 00:00:00,0.372395694,0.0001
2010-03-07 00:00:00,0.33489421,0.0001
2010-03-08 00:00:00,0.300608575,0.0001
2010-03-09 00:00:00,0.283782214,0.0001
2010-03-10 00:00:00,0.271257341,0.0001
2010-03-11 00:00:00,0.508124709,0.0001
2010-03-12 00:00:00,1.244249821,0.0001
2010-03-13 00:00:00,1.19902575,0.0001
2010-03-14 00:00:00,1.095631957,0.0001
2010-03-15 00:00:00,0.830775201,0.0001
2010-03-16 00:00:00,0.655825913,0.0001
2010-03-17 00:00:00,0.617524862,0.0001
2010-03-18 00:00:00,0.676493943,0.0001
2010-03-19 00:00:00,0.668446243,0.0001
2010-03-20 00:00:00,0.618571699,0.0001
2010-03-21 00:00:00,0.655724287,0.0001
2010-03-22 00:00:00,0.551737845,0.0001
2010-03-23 00:00:00,0.490206063,0.0001
2010-03-24 00:00:00,0.425026983,0.0001
2010-03-25 00:00:00,0.380218863,0.0001
2010-03-26 00:00:00,0.365939677,0.0001
2010-03-27 00:00:00,0.831734002,0.0001
2010-03-28 00:00:00,0.725741804,0.0001
2010-03-29 00:00:00,0.583825707,0.0001
2010-03-30 00:00:00,0.498925209,0.0001
2010-03-31 00:00:00,0.536795497,0.0001
2010-04-01 00:00:00,0.505475938,0.0001
2010-04-02 00:00:00,0.459260136,0.0001
2010-04-03 00:00:00,0.425553471,0.0001
2010-04-04 00:00:00,0.405912787,0.0001
2010-04-05 00:00:00,0.422180891,0.0001
2010-04-06 00:00:00,0.444869578,0.0001
2010-04-07 00:00:00,0.420805663,0.0001
2010-04-08 00:00:00,0.395528972,0.0001
2010-04-09 00:00:00,0.379716009,0.0001
2010-04-10 00:00:00,0.356472373,0.0001
2010-04-11 00:00:00,0.338640213,0.0001
2010-04-12 00:00:00,0.3314583,0.0001
2010-04-13 00:00:00,0.326780349,0.0001
2010-04-14 00:00:00,0.313881308,0.0001
2010-04-15 00:00:00,0.290905327,0.0001
2010-04-16 00:00:00,0.278389126,0.0001
2010-04-17 00:00:00,0.290338814,0.0001
2010-04-18 00:00:00,0.28495729,0.0001
2010-04-19 00:00:00,0.279652983,0.0001
2010-04-20 00:00:00,0.316353917,0.0001
2010-04-21 00:00:00,0.44430235,0.0001
2010-04-22 00:00:00,0.284733117,0.0001
2010-04-23 00:00:00,0.283629954,0.0001
2010-04-24 00:00:00,0.270794451,0.0001
2010-04-25 00:00:00,0.262387872,0.0001
2010-04-26 00:00:00,0.264978111,0.0001
2010-04-27 00:00:00,0.232831329,0.0001
2010-04-28 00:00:00,0.137825191,0.0001
2010-04-29 00:00:00,0.171071351,0.0001
2010-04-30 00:00:00,0.176812455,0.0001
2010-05-01 00:00:00,0.16228497,0.0001
2010-05-02 00:00:00,0.138803542,0.0001
2010-05-03 00:00:00,0.136497751,0.0001
2010-05-04 00:00:00,0.131325811,0.0001
2010-05-05 00:00:00,0.124646343,0.0001
2010-05-06 00:00:00,0.131676048,0.0001
2010-05-07 00:00:00,0.120918266,0.0001
2010-05-08 00:00:00,0.118713602,0.0001
2010-05-09 00:00:00,0.123117171,0.0001
2010-05-10 00:00:00,0.114488967,0.0001
2010-05-11 00:00:00,0.105617084,0.0001
2010-05-12 00:00:00,0.152061284,0.0001
2010-05-13 00:00:00,0.165667683,0.0001
2010-05-14 00:00:00,0.129621312,0.0001
2010-05-15 00:00:00,0.1563171,0.0001
2010-05-16 00:00:00,0.41050157,0.0001
2010-05-17 00:00:00,0.24040547,0.0001
2010-05-18 00:00:00,0.16571866,0.0001
2010-05-19 00:00:00,0.134155974,0.0001
2010-05-20 00:00:00,0.133523896,0.0001
2010-05-21 00:00:00,0.149896413,0.0001
2010-05-22 00:00:00,0.181072325,0.0001
2010-05-23 00:00:00,0.129365653,0.0001
2010-05-24 00:00:00,0.12829569,0.0001
2010-05-25 00:00:00,0.114948921,0.0001
2010-05-26 00:00:00,0.097950742,0.0001
2010-05-27 00:00:00,0.091033846,0.0001
2010-05-28 00:00:00,0.089826748,0.0001
2010-05-29 00:00:00,0.095623225,0.0001
2010-05-30 00:00:00,0.116678953,0.0001
2010-05-31 00:00:00,0.241465762,0.0001
2010-06-01 00:00:00,0.124990404,0.0001
2010-06-02 00:00:00,0.102160163,0.0001
2010-06-03 00:00:00,0.088580079,0.0001
2010-06-04 00:00:00,0.082129925,0.0001
2010-06-05 00:00:00,0.074022241,0.0001
2010-06-06 00:00:00,0.071686529,0.0001
2010-06-07 00:00:00,0.164774239,0.0001
2010-06-08 00:00:00,0.15580125,0.0001
2010-06-09 00:00:00,0.200600922,0.0001
2010-06-10 00:00:00,0.33528915,0.0001
2010-06-11 00:00:00,0.714489341,0.0001
2010-06-12 00:00:00,0.827119827,0.0001
2010-06-13 00:00:00,0.555027187,0.0001
2010-06-14 00:00:00,0.260727912,0.0001
2010-06-15 00:00:00,0.20171085,0.0001
2010-06-16 00:00:00,0.19119361,0.0001
2010-06-17 00:00:00,0.157731682,0.0001
2010-06-18 00:00:00,0.13972567,0.0001
2010-06-19 00:00:00,0.176779509,0.0001
2010-06-20 00:00:00,0.227712527,0.0001
2010-06-21 00:00:00,0.185502574,0.0001
2010-06-22 00:00:00,0.144163638,0.0001
2010-06-23 00:00:00,0.131357387,0.0001
2010-06-24 00:00:00,0.120921567,0.0001
2010-06-25 00:00:00,0.111409336,0.0001
2010-06-26 00:00:00,0.102492347,0.0001
2010-06-27 00:00:00,0.093667887,0.0001
2010-06-28 00:00:00,0.087617368,0.0001
2010-06-29 00:00:00,0.082999758,0.0001
2010-06-30 00:00:00,0.085976601,0.0001
2010-07-01 00:00:00,0.07888943,0.0001
2010-07-02 00:00:00,0.073783264,0.0001
2010-07-03 00:00:00,0.067841053,0.0001
2010-07-04 00:00:00,0.102353759,0.0001
2010-07-05 00:00:00,0.074178711,0.0001
2010-07-06 00:00:00,0.064463682,0.0001
2010-07-07 00:00:00,0.057635177,0.0001
2010-07-08 00:00:00,0.055922572,0.0001
2010-07-09 00:00:00,0.056165952,0.0001
2010-07-10 00:00:00,0.050873574,0.0001
2010-07-11 00:00:00,0.051277027,0.0001
2010-07-12 00:00:00,0.074222632,0.0001
2010-07-13 00:00:00,0.140211761,0.0001
2010-07-14 00:00:00,0.071767017,0.0001
2010-07-15 00:00:00,0.060849134,0.0001
2010-07-16 00:00:00,0.053762943,0.0001
2010-07-17 00:00:00,0.05694728,0.0001
2010-07-18 00:00:00,0.051581319,0.0001
2010-07-19 00:00:00,0.046612285,0.0001
2010-07-20 00:00:00,0.043674637,0.0001
2010-07-21 00:00:00,0.040417694,0.0001
2010-07-22 00:00:00,0.040128715,0.0001
2010-07-23 00:00:00,0.038415089,0.0001
2010-07-24 00:00:00,0.053820621,0.0001
2010-07-25 00:00:00,0.042102542,0.0001
2010-07-26 00:00:00,0.037811011,0.0001
2010-07-27 00:00:00,0.035059668,0.0001
2010-07-28 00:00:00,0.035836149,0.0001
2010-07-29 00:00:00,0.114794277,0.0001
2010-07-30 00:00:00,0.140053973,0.0001
2010-07-31 00:00:00,0.086547054,0.0001
2010-08-01 00:00:00,0.096118949,0.0001
2010-08-02 00:00:00,0.067469537,0.0001
2010-08-03 00:00:00,0.055598829,0.0001
2010-08-04 00:00:00,0.052646082,0.0001
2010-08-05 00:00:00,0.072869077,0.0001
2010-08-06 00:00:00,0.050397828,0.0001
2010-08-07 00:00:00,0.042525299,0.0001
2010-08-08 00:00:00,0.04059165,0.0001
2010-08-09 00:00:00,0.039517868,0.0001
2010-08-10 00:00:00,0.036925312,0.0001
2010-08-11 00:00:00,0.067468703,0.0001
2010-08-12 00:00:00,0.075187959,0.0001
2010-08-13 00:00:00,0.153678775,0.0001
2010-08-14 00:00:00,0.088519253,0.0001
2010-08-15 00:00:00,0.069556601,0.0001
2010-08-16 00:00:00,0.217176482,0.0001
2010-08-17 00:00:00,0.498074204,0.0001
2010-08-18 00:00:00,0.991687238,0.0001
2010-08-19 00:00:00,0.939110935,0.0001
2010-08-20 00:00:00,0.665794432,0.0001
2010-08-21 00:00:00,0.539740145,0.0001
2010-08-22 00:00:00,0.582095504,0.0001
2010-08-23 00:00:00,0.561838329,0.0001
2010-08-24 00:00:00,0.717973709,0.0001
2010-08-25 00:00:00,0.628683686,0.0001
2010-08-26 00:00:00,0.570673406,0.0001
2010-08-27 00:00:00,0.508775294,0.0001
2010-08-28 00:00:00,0.441943526,0.0001
2010-08-29 00:00:00,0.333880901,0.0001
2010-08-30 00:00:00,0.233733311,0.0001
2010-08-31 00:00:00,0.205541134,0.0001
2010-09-01 00:00:00,0.183892101,0.0001
2010-09-02 00:00:00,0.147876397,0.0001
2010-09-03 00:00:00,0.131894633,0.0001
2010-09-04 00:00:00,0.140398338,0.0001
2010-09-05 00:00:00,0.111310668,0.0001
2010-09-06 00:00:00,0.101170652,0.0001
2010-09-07 00:00:00,0.099078745,0.0001
2010-09-08 00:00:00,0.115676783,0.0001
2010-09-09 00:00:00,0.096071385,0.0001
2010-09-10 00:00:00,0.165903404,0.0001
2010-09-11 00:00:00,0.223956898,0.0001
2010-09-12 00:00:00,0.252782941,0.0001
2010-09-13 00:00:00,0.590246916,0.0001
2010-09-14 00:00:00,0.601691961,0.0001
2010-09-15 00:00:00,0.688685894,0.0001
2010-09-16 00:00:00,0.732434809,0.0001
2010-09-17 00:00:00,0.639471531,0.0001
2010-09-18 00:00:00,0.598897874,0.0001
2010-09-19 00:00:00,0.521738827,0.0001
2010-09-20 00:00:00,0.49354881,0.0001
2010-09-21 00:00:00,0.703609705,0.0001
2010-09-22 00:00:00,0.57812494,0.0001
2010-09-23 00:00:00,0.47425288,0.0001
2010-09-24 00:00:00,0.394928396,0.0001
2010-09-25 00:00:00,0.318807602,0.0001
2010-09-26 00:00:00,0.274913907,0.0001
2010-09-27 00:00:00,0.237136751,0.0001
2010-09-28 00:00:00,0.202387601,0.0001
2010-09-29 00:00:00,0.172105834,0.0001
2010-09-30 00:00:00,0.158391461,0.0001
2010-10-01 00:00:00,0.144035399,0.0001
2010-10-02 00:00:00,0.131202698,0.0001
2010-10-03 00:00:00,0.125876188,0.0001
2010-10-04 00:00:00,0.121491201,0.0001
2010-10-05 00:00:00,0.113266267,0.0001
2010-10-06 00:00:00,0.108360223,0.0001
2010-10-07 00:00:00,0.173014462,0.0001
2010-10-08 00:00:00,0.122062713,0.0001
2010-10-09 00:00:00,0.11314287,0.0001
2010-10-10 00:00:00,0.109362006,0.0001
2010-10-11 00:00:00,0.102759898,0.0001
2010-10-12 00:00:00,0.097706854,0.0001
2010-10-13 00:00:00,0.092225045,0.0001
2010-10-14 00:00:00,0.090611503,0.0001
2010-10-15 00:00:00,0.090186939,0.0001
2010-10-16 00:00:00,0.10831622,0.0001
2010-10-17 00:00:00,0.088387713,0.0001
2010-10-18 00:00:00,0.085328914,0.0001
2010-10-19 00:00:00,0.158107519,0.0001
2010-10-20 00:00:00,0.123323806,0.0001
2010-10-21 00:00:00,0.120780274,0.0001
2010-10-22 00:00:00,0.181715086,0.0001
2010-10-23 00:00:00,0.310670227,0.0001
2010-10-24 00:00:00,0.847202659,0.0001
2010-10-25 00:00:00,0.931424677,0.0001
2010-10-26 00:00:00,0.763849676,0.0001
2010-10-27 00:00:00,0.65995574,0.0001
2010-10-28 00:00:00,0.67700845,0.0001
2010-10-29 00:00:00,0.704885364,0.0001
2010-10-30 00:00:00,0.626386523,0.0001
2010-10-31 00:00:00,0.540612042,0.0001
2010-11-01 00:00:00,0.467953742,0.0001
2010-11-02 00:00:00,0.412735164,0.0001
2010-11-03 00:00:00,0.532094181,0.0001
2010-11-04 00:00:00,0.725974739,0.0001
2010-11-05 00:00:00,0.832730174,0.0001
2010-11-06 00:00:00,0.920006692,0.0001
2010-11-07 00:00:00,0.754256666,0.0001
2010-11-08 00:00:00,0.624533415,0.0001
2010-11-09 00:00:00,0.590420544,0.0001
2010-11-10 00:00:00,0.550917149,0.0001
2010-11-11 00:00:00,0.518276811,0.0001
2010-11-12 00:00:00,0.786744952,0.0001
2010-11-13 00:00:00,0.934391916,0.0001
2010-11-14 00:00:00,0.833070457,0.0001
2010-11-15 00:00:00,0.864373982,0.0001
2010-11-16 00:00:00,0.803506911,0.0001
2010-11-17 00:00:00,0.69103539,0.0001
2010-11-18 00:00:00,0.596220672,0.0001
2010-11-19 00:00:00,0.523786724,0.0001
2010-11-20 00:00:00,0.545207977,0.0001
2010-11-21 00:00:00,0.551670611,0.0001
2010-11-22 00:00:00,0.509470165,0.0001
2010-11-23 00:00:00,0.519176126,0.0001
2010-11-24 00:00:00,0.568994582,0.0001
2010-11-25 00:00:00,0.510058045,0.0001
2010-11-26 00:00:00,0.442586035,0.0001
2010-11-27 00:00:00,0.410987824,0.0001
2010-11-28 00:00:00,0.403746754,0.0001
2010-11-29 00:00:00,0.410930008,0.0001
2010-11-30 00:00:00,0.404390007,0.0001
2010-12-01 00:00:00,0.395669997,0.0001
2010-12-02 00:00:00,0.369079351,0.0001
2010-12-03 00:00:00,0.368916773,0.0001
2010-12-04 00:00:00,0.355355918,0.0001
2010-12-05 00:00:00,0.353634238,0.0001
2010-12-06 00:00:00,0.355295032,0.0001
2010-12-07 00:00:00,0.348670691,0.0001
2010-12-08 00:00:00,0.337073445,0.0001
2010-12-09 00:00:00,0.332635105,0.0001
2010-12-10 00:00:00,0.313634008,0.0001
2010-12-11 00:00:00,0.778360724,0.0001
2010-12-12 00:00:00,1.021124244,0.0001
2010-12-13 00:00:00,0.887851,0.0001
2010-12-14 00:00:00,0.742533863,0.0001
2010-12-15 00:00:00,0.605168045,0.0001
2010-12-16 00:00:00,0.545601487,0.0001
2010-12-17 00:00:00,0.648547471,0.0001
2010-12-18 00:00:00,0.612055898,0.0001
2010-12-19 00:00:00,0.574107587,0.0001
2010-12-20 00:00:00,0.54069221,0.0001
2010-12-21 00:00:00,0.508135736,0.0001
2010-12-22 00:00:00,0.478695661,0.0001
2010-12-23 00:00:00,0.475124568,0.0001
2010-12-24 00:00:00,0.46432054,0.0001
2010-12-25 00:00:00,0.442562729,0.0001
2010-12-26 00:00:00,0.425137162,0.0001
2010-12-27 00:00:00,0.409199566,0.0001
2010-12-28 00:00:00,0.393324226,0.0001
2010-12-29 00:00:00,0.377555221,0.0001
2010-12-30 00:00:00,0.364316732,0.0001
2010-12-31 00:00:00,0.360201567,0.0001
2011-01-01 00:00:00,0.370599985,0.0001
2011-01-02 00:00:00,0.389177471,0.0001
2011-01-03 00:00:00,0.348994136,0.0001
2011-01-04 00:00:00,0.344520271,0.0001
2011-01-05 00:00:00,0.340479374,0.0001
2011-01-06 00:00:00,0.340405226,0.0001
2011-01-07 00:00:00,0.340517461,0.0001
2011-01-08 00:00:00,0.450996965,0.0001
2011-01-09 00:00:00,0.971668601,0.0001
2011-01-10 00:00:00,0.609755397,0.0001
2011-01-11 00:00:00,0.412552804,0.0001
2011-01-12 00:00:00,0.337555557,0.0001
2011-01-13 00:00:00,0.311193317,0.0001
2011-01-14 00:00:00,0.640525281,0.0001
2011-01-15 00:00:00,1.186665654,0.0001
2011-01-16 00:00:00,1.197019696,0.0001
2011-01-17 00:00:00,1.077900171,0.0001
2011-01-18 00:00:00,1.000640512,0.0001
2011-01-19 00:00:00,0.909941435,0.0001
2011-01-20 00:00:00,0.782905042,0.0001
2011-01-21 00:00:00,0.664483726,0.0001
2011-01-22 00:00:00,0.590648055,0.0001
2011-01-23 00:00:00,0.524416387,0.0001
2011-01-24 00:00:00,0.475061893,0.0001
2011-01-25 00:00:00,0.486245006,0.0001
2011-01-26 00:00:00,0.430762976,0.0001
2011-01-27 00:00:00,0.373086423,0.0001
2011-01-28 00:00:00,0.347561896,0.0001
2011-01-29 00:00:00,0.335390955,0.0001
2011-01-30 00:00:00,0.314696968,0.0001
2011-01-31 00:00:00,0.298313558,0.0001
2011-02-01 00:00:00,0.296959817,0.0001
2011-02-02 00:00:00,0.303566724,0.0001
2011-02-03 00:00:00,0.373421162,0.0001
2011-02-04 00:00:00,0.676745057,0.0001
2011-02-05 00:00:00,0.843813658,0.0001
2011-02-06 00:00:00,0.709385812,0.0001
2011-02-07 00:00:00,0.842046499,0.0001
2011-02-08 00:00:00,0.755626321,0.0001
2011-02-09 00:00:00,0.655677676,0.0001
2011-02-10 00:00:00,0.59940505,0.0001
2011-02-11 00:00:00,0.556609631,0.0001
2011-02-12 00:00:00,0.473329246,0.0001
2011-02-13 00:00:00,0.416025847,0.0001
2011-02-14 00:00:00,0.372468233,0.0001
2011-02-15 00:00:00,0.343214899,0.0001
2011-02-16 00:00:00,0.324824005,0.0001
2011-02-17 00:00:00,0.308964938,0.0001
2011-02-18 00:00:00,0.291917354,0.0001
2011-02-19 00:00:00,0.268392324,0.0001
2011-02-20 00:00:00,0.256043315,0.0001
2011-02-21 00:00:00,0.245510682,0.0001
2011-02-22 00:00:00,0.238753766,0.0001
2011-02-23 00:00:00,0.227305919,0.0001
2011-02-24 00:00:00,0.221916512,0.0001
2011-02-25 00:00:00,0.216046542,0.0001
2011-02-26 00:00:00,0.21478501,0.0001
2011-02-27 00:00:00,0.208156571,0.0001
2011-02-28 00:00:00,0.19595471,0.0001
2011-03-01 00:00:00,0.187727246,0.0001
2011-03-02 00:00:00,0.187115327,0.0001
2011-03-03 00:00:00,0.184481397,0.0001
2011-03-04 00:00:00,0.205961764,0.0001
2011-03-05 00:00:00,0.264665484,0.0001
2011-03-06 00:00:00,0.232545361,0.0001
2011-03-07 00:00:00,0.204336017,0.0001
2011-03-08 00:00:00,0.199307665,0.0001
2011-03-09 00:00:00,0.220133871,0.0001
2011-03-10 00:00:00,0.415471137,0.0001
2011-03-11 00:00:00,0.493542552,0.0001
2011-03-12 00:00:00,0.414391369,0.0001
2011-03-13 00:00:00,0.382652164,0.0001
2011-03-14 00:00:00,0.340927482,0.0001
2011-03-15 00:00:00,0.330419332,0.0001
2011-03-16 00:00:00,0.298583299,0.0001
2011-03-17 00:00:00,0.285645694,0.0001
2011-03-18 00:00:00,0.27374956,0.0001
2011-03-19 00:00:00,0.246483281,0.0001
2011-03-20 00:00:00,0.246762916,0.0001
2011-03-21 00:00:00,0.323276243,0.0001
2011-03-22 00:00:00,0.329733163,0.0001
2011-03-23 00:00:00,0.301943928,0.0001
2011-03-24 00:00:00,0.300150335,0.0001
2011-03-25 00:00:00,0.304675996,0.0001
2011-03-26 00:00:00,0.297501534,0.0001
2011-03-27 00:00:00,0.289725512,0.0001
2011-03-28 00:00:00,0.28998825,0.0001
2011-03-29 00:00:00,0.284199983,0.0001
2011-03-30 00:00:00,0.281691015,0.0001
2011-03-31 00:00:00,0.320009798,0.0001
2011-04-01 00:00:00,0.442258775,0.0001
2011-04-02 00:00:00,0.387088239,0.0001
2011-04-03 00:00:00,0.357504636,0.0001
2011-04-04 00:00:00,0.332928538,0.0001
2011-04-05 00:00:00,0.336163998,0.0001
2011-04-06 00:00:00,0.361476004,0.0001
2011-04-07 00:00:00,0.334826082,0.0001
2011-04-08 00:00:00,0.3069731,0.0001
2011-04-09 00:00:00,0.216736823,0.0001
2011-04-10 00:00:00,0.156677708,0.0001
2011-04-11 00:00:00,0.152300864,0.0001
2011-04-12 00:00:00,0.167163491,0.0001
2011-04-13 00:00:00,0.174884692,0.0001
2011-04-14 00:00:00,0.159140885,0.0001
2011-04-15 00:00:00,0.15127407,0.0001
2011-04-16 00:00:00,0.149291903,0.0001
2011-04-17 00:00:00,0.147194773,0.0001
2011-04-18 00:00:00,0.144813513,0.0001
2011-04-19 00:00:00,0.144978926,0.0001
2011-04-20 00:00:00,0.143109694,0.0001
2011-04-21 00:00:00,0.134262994,0.0001
2011-04-22 00:00:00,0.122647911,0.0001
2011-04-23 00:00:00,0.119279824,0.0001
2011-04-24 00:00:00,0.119269587,0.0001
2011-04-25 00:00:00,0.117529273,0.0001
2011-04-26 00:00:00,0.114729241,0.0001
2011-04-27 00:00:00,0.117040873,0.0001
2011-04-28 00:00:00,0.114343643,0.0001
2011-04-29 00:00:00,0.111746185,0.0001
2011-04-30 00:00:00,0.109621972,0.0001
2011-05-01 00:00:00,0.108487189,0.0001
2011-05-02 00:00:00,0.108410701,0.0001
2011-05-03 00:00:00,0.131697193,0.0001
2011-05-04 00:00:00,0.125212029,0.0001
2011-05-05 00:00:00,0.105565146,0.0001
2011-05-06 00:00:00,0.102120347,0.0001
2011-05-07 00:00:00,0.11722032,0.0001
2011-05-08 00:00:00,0.142541513,0.0001
2011-05-09 00:00:00,0.128676921,0.0001
2011-05-10 00:00:00,0.114580899,0.0001
2011-05-11 00:00:00,0.109769687,0.0001
2011-05-12 00:00:00,0.100636557,0.0001
2011-05-13 00:00:00,0.094186239,0.0001
2011-05-14 00:00:00,0.087252282,0.0001
2011-05-15 00:00:00,0.094125107,0.0001
2011-05-16 00:00:00,0.09221299,0.0001
2011-05-17 00:00:00,0.120192125,0.0001
2011-05-18 00:00:00,0.101166807,0.0001
2011-05-19 00:00:00,0.093675099,0.0001
2011-05-20 00:00:00,0.086522952,0.0001
2011-05-21 00:00:00,0.079130679,0.0001
2011-05-22 00:00:00,0.108402856,0.0001
2011-05-23 00:00:00,0.109896995,0.0001
2011-05-24 00:00:00,0.093308188,0.0001
2011-05-25 00:00:00,0.085115269,0.0001
2011-05-26 00:00:00,0.080316782,0.0001
2011-05-27 00:00:00,0.08252603,0.0001
2011-05-28 00:00:00,0.085298441,0.0001
2011-05-29 00:00:00,0.091394134,0.0001
2011-05-30 00:00:00,0.102992162,0.0001
2011-05-31 00:00:00,0.087297924,0.0001
2011-06-01 00:00:00,0.078494109,0.0001
2011-06-02 00:00:00,0.068976298,0.0001
2011-06-03 00:00:00,0.064511314,0.0001
2011-06-04 00:00:00,0.061533261,0.0001
2011-06-05 00:00:00,0.060307287,0.0001
2011-06-06 00:00:00,0.061884735,0.0001
2011-06-07 00:00:00,0.064004339,0.0001
2011-06-08 00:00:00,0.065294281,0.0001
2011-06-09 00:00:00,0.351949811,0.0001
2011-06-10 00:00:00,0.123453178,0.0001
2011-06-11 00:00:00,0.101498589,0.0001
2011-06-12 00:00:00,0.093933418,0.0001
2011-06-13 00:00:00,0.086687796,0.0001
2011-06-14 00:00:00,0.086226501,0.0001
2011-06-15 00:00:00,0.079744056,0.0001
2011-06-16 00:00:00,0.078659602,0.0001
2011-06-17 00:00:00,0.176556915,0.0001
2011-06-18 00:00:00,0.11170309,0.0001
2011-06-19 00:00:00,0.129060298,0.0001
2011-06-20 00:00:00,0.096425384,0.0001
2011-06-21 00:00:00,0.086533986,0.0001
2011-06-22 00:00:00,0.080134735,0.0001
2011-06-23 00:00:00,0.080797486,0.0001
2011-06-24 00:00:00,0.073438913,0.0001
2011-06-25 00:00:00,0.068084963,0.0001
2011-06-26 00:00:00,0.064904302,0.0001
2011-06-27 00:00:00,0.063556984,0.0001
2011-06-28 00:00:00,0.061091691,0.0001
2011-06-29 00:00:00,0.058948137,0.0001
2011-06-30 00:00:00,0.105348416,0.0001
2011-07-01 00:00:00,0.096965328,0.0001
2011-07-02 00:00:00,0.10135591,0.0001
2011-07-03 00:00:00,0.107461594,0.0001
2011-07-04 00:00:00,0.088682503,0.0001
2011-07-05 00:00:00,0.082009517,0.0001
2011-07-06 00:00:00,0.072906911,0.0001
2011-07-07 00:00:00,0.068293907,0.0001
2011-07-08 00:00:00,0.070432827,0.0001
2011-07-09 00:00:00,0.070204437,0.0001
2011-07-10 00:00:00,0.06632334,0.0001
2011-07-11 00:00:00,0.060158692,0.0001
2011-07-12 00:00:00,0.05655814,0.0001
2011-07-13 00:00:00,0.055674069,0.0001
2011-07-14 00:00:00,0.251380473,0.0001
2011-07-15 00:00:00,0.272130102,0.0001
2011-07-16 00:00:00,0.127909705,0.0001
2011-07-17 00:00:00,0.128199071,0.0001
2011-07-18 00:00:00,0.127879664,0.0001
2011-07-19 00:00:00,0.098398522,0.0001
2011-07-20 00:00:00,0.094677374,0.0001
2011-07-21 00:00:00,0.083898574,0.0001
2011-07-22 00:00:00,0.088686086,0.0001
2011-07-23 00:00:00,0.223076016,0.0001
2011-07-24 00:00:00,0.151327506,0.0001
2011-07-25 00:00:00,0.117054023,0.0001
2011-07-26 00:00:00,0.097813167,0.0001
2011-07-27 00:00:00,0.069166146,0.0001
2011-07-28 00:00:00,0.060906332,0.0001
2011-07-29 00:00:00,0.055363618,0.0001
2011-07-30 00:00:00,0.049014971,0.0001
2011-07-31 00:00:00,0.043096751,0.0001
2011-08-01 00:00:00,0.072898515,0.0001
2011-08-02 00:00:00,0.192747936,0.0001
2011-08-03 00:00:00,0.076602049,0.0001
2011-08-04 00:00:00,0.057858948,0.0001
2011-08-05 00:00:00,0.063373379,0.0001
2011-08-06 00:00:00,0.063890137,0.0001
2011-08-07 00:00:00,0.065048382,0.0001
2011-08-08 00:00:00,0.071627885,0.0001
2011-08-09 00:00:00,0.121602103,0.0001
2011-08-10 00:00:00,0.116321929,0.0001
2011-08-11 00:00:00,0.232506752,0.0001
2011-08-12 00:00:00,0.257935703,0.0001
2011-08-13 00:00:00,0.176386699,0.0001
2011-08-14 00:00:00,0.127926484,0.0001
2011-08-15 00:00:00,0.137158111,0.0001
2011-08-16 00:00:00,0.133736253,0.0001
2011-08-17 00:00:00,0.111116581,0.0001
2011-08-18 00:00:00,0.095076904,0.0001
2011-08-19 00:00:00,0.441791505,0.0001
2011-08-20 00:00:00,0.416716576,0.0001
2011-08-21 00:00:00,0.341278702,0.0001
2011-08-22 00:00:00,0.252403229,0.0001
2011-08-23 00:00:00,0.181245759,0.0001
2011-08-24 00:00:00,0.140815973,0.0001
2011-08-25 00:00:00,0.155520454,0.0001
2011-08-26 00:00:00,0.154884994,0.0001
2011-08-27 00:00:00,0.15730159,0.0001
2011-08-28 00:00:00,0.148667842,0.0001
2011-08-29 00:00:00,0.140272975,0.0001
2011-08-30 00:00:00,0.15355286,0.0001
2011-08-31 00:00:00,0.128765136,0.0001
2011-09-01 00:00:00,0.110793568,0.0001
2011-09-02 00:00:00,0.096742496,0.0001
2011-09-03 00:00:00,0.085949033,0.0001
2011-09-04 00:00:00,0.078029506,0.0001
2011-09-05 00:00:00,0.113538548,0.0001
2011-09-06 00:00:00,0.13297836,0.0001
2011-09-07 00:00:00,0.651670039,0.0001
2011-09-08 00:00:00,0.691090941,0.0001
2011-09-09 00:00:00,0.691949368,0.0001
2011-09-10 00:00:00,0.583423257,0.0001
2011-09-11 00:00:00,0.530286133,0.0001
2011-09-12 00:00:00,0.467350364,0.0001
2011-09-13 00:00:00,0.515544355,0.0001
2011-09-14 00:00:00,0.422933012,0.0001
2011-09-15 00:00:00,0.364678204,0.0001
2011-09-16 00:00:00,0.306694835,0.0001
2011-09-17 00:00:00,0.274844825,0.0001
2011-09-18 00:00:00,0.305565804,0.0001
2011-09-19 00:00:00,0.352348477,0.0001
2011-09-20 00:00:00,0.344402462,0.0001
2011-09-21 00:00:00,0.508805275,0.0001
2011-09-22 00:00:00,0.6115942,0.0001
2011-09-23 00:00:00,0.537049353,0.0001
2011-09-24 00:00:00,0.470972806,0.0001
2011-09-25 00:00:00,0.396548271,0.0001
2011-09-26 00:00:00,0.344140619,0.0001
2011-09-27 00:00:00,0.310965121,0.0001
2011-09-28 00:00:00,0.316206664,0.0001
2011-09-29 00:00:00,0.307798088,0.0001
2011-09-30 00:00:00,0.235102966,0.0001
2011-10-01 00:00:00,0.191461399,0.0001
2011-10-02 00:00:00,0.167186767,0.0001
2011-10-03 00:00:00,0.1473566,0.0001
2011-10-04 00:00:00,0.129640922,0.0001
2011-10-05 00:00:00,0.111868195,0.0001
2011-10-06 00:00:00,0.17538096,0.0001
2011-10-07 00:00:00,0.19283472,0.0001
2011-10-08 00:00:00,0.15178369,0.0001
2011-10-09 00:00:00,0.124488041,0.0001
2011-10-10 00:00:00,0.189090893,0.0001
2011-10-11 00:00:00,0.235799491,0.0001
2011-10-12 00:00:00,0.221565798,0.0001
2011-10-13 00:00:00,0.169764027,0.0001
2011-10-14 00:00:00,0.13530831,0.0001
2011-10-15 00:00:00,0.118588395,0.0001
2011-10-16 00:00:00,0.107088871,0.0001
2011-10-17 00:00:00,0.09746822,0.0001
2011-10-18 00:00:00,0.291393816,0.0001
2011-10-19 00:00:00,0.529711843,0.0001
2011-10-20 00:00:00,0.502647161,0.0001
2011-10-21 00:00:00,0.420466572,0.0001
2011-10-22 00:00:00,0.346724629,0.0001
2011-10-23 00:00:00,0.291439891,0.0001
2011-10-24 00:00:00,0.245165437,0.0001
2011-10-25 00:00:00,0.212548763,0.0001
2011-10-26 00:00:00,0.190865442,0.0001
2011-10-27 00:00:00,0.166735604,0.0001
2011-10-28 00:00:00,0.158110753,0.0001
2011-10-29 00:00:00,0.141755834,0.0001
2011-10-30 00:00:00,0.143739969,0.0001
2011-10-31 00:00:00,0.138592094,0.0001
2011-11-01 00:00:00,0.135649219,0.0001
2011-11-02 00:00:00,0.131434456,0.0001
2011-11-03 00:00:00,0.133664146,0.0001
2011-11-04 00:00:00,0.135361806,0.0001
2011-11-05 00:00:00,0.119935684,0.0001
2011-11-06 00:00:00,0.112844691,0.0001
2011-11-07 00:00:00,0.106236912,0.0001
2011-11-08 00:00:00,0.114156894,0.0001
2011-11-09 00:00:00,0.119812116,0.0001
2011-11-10 00:00:00,0.1123669,0.0001
2011-11-11 00:00:00,0.110145219,0.0001
2011-11-12 00:00:00,0.111082427,0.0001
2011-11-13 00:00:00,0.104915909,0.0001
2011-11-14 00:00:00,0.1000975,0.0001
2011-11-15 00:00:00,0.098824792,0.0001
2011-11-16 00:00:00,0.096873447,0.0001
2011-11-17 00:00:00,0.097105145,0.0001
2011-11-18 00:00:00,0.099374935,0.0001
2011-11-19 00:00:00,0.102643736,0.0001
2011-11-20 00:00:00,0.101583168,0.0001
2011-11-21 00:00:00,0.100084633,0.0001
2011-11-22 00:00:00,0.096944898,0.0001
2011-11-23 00:00:00,0.100581862,0.0001
2011-11-24 00:00:00,0.102682464,0.0001
2011-11-25 00:00:00,0.10888911,0.0001
2011-11-26 00:00:00,0.153955057,0.0001
2011-11-27 00:00:00,0.247013032,0.0001
2011-11-28 00:00:00,0.288488001,0.0001
2011-11-29 00:00:00,0.213028178,0.0001
2011-11-30 00:00:00,0.175908625,0.0001
2011-12-01 00:00:00,0.159804702,0.0001
2011-12-02 00:00:00,0.189188316,0.0001
2011-12-03 00:00:00,0.356564522,0.0001
2011-12-04 00:00:00,1.115316629,0.0001
2011-12-05 00:00:00,1.192348123,0.0001
2011-12-06 00:00:00,0.941444695,0.0001
2011-12-07 00:00:00,0.809374809,0.0001
2011-12-08 00:00:00,0.879062116,0.0001
2011-12-09 00:00:00,1.553013206,0.0001
2011-12-10 00:00:00,1.49440515,0.0001
2011-12-11 00:00:00,1.234572172,0.0001
2011-12-12 00:00:00,1.002581477,0.0001
2011-12-13 00:00:00,1.006886005,0.0001
2011-12-14 00:00:00,1.334860563,0.0001
2011-12-15 00:00:00,1.414849639,0.0001
2011-12-16 00:00:00,1.272377372,0.0001
2011-12-17 00:00:00,1.057792544,0.0001
2011-12-18 00:00:00,0.876109838,0.0001
2011-12-19 00:00:00,0.718642473,0.0001
2011-12-20 00:00:00,0.651170015,0.0001
2011-12-21 00:00:00,0.608529687,0.0001
2011-12-22 00:00:00,0.549748123,0.0001
2011-12-23 00:00:00,0.527943313,0.0001
2011-12-24 00:00:00,0.747164547,0.0001
2011-12-25 00:00:00,0.727124035,0.0001
2011-12-26 00:00:00,0.646963596,0.0001
2011-12-27 00:00:00,0.56220448,0.0001
2011-12-28 00:00:00,0.510221183,0.0001
2011-12-29 00:00:00,0.517359018,0.0001
2011-12-30 00:00:00,0.485836118,0.0001
2011-12-31 00:00:00,0.41922915,0.0001
2012-01-01 00:00:00,0.495188922,0.0001
2012-01-02 00:00:00,0.576370299,0.0001
2012-01-03 00:00:00,0.681529641,0.0001
2012-01-04 00:00:00,1.101784033,0.0001
2012-01-05 00:00:00,1.263404846,0.0001
2012-01-06 00:00:00,1.270402908,0.0001
2012-01-07 00:00:00,1.095546961,0.0001
2012-01-08 00:00:00,1.010530949,0.0001
2012-01-09 00:00:00,0.915919185,0.0001
2012-01-10 00:00:00,0.827146471,0.0001
2012-01-11 00:00:00,0.754287302,0.0001
2012-01-12 00:00:00,0.752138734,0.0001
2012-01-13 00:00:00,0.739729822,0.0001
2012-01-14 00:00:00,0.614248395,0.0001
2012-01-15 00:00:00,0.537841141,0.0001
2012-01-16 00:00:00,0.503914773,0.0001
2012-01-17 00:00:00,0.475587845,0.0001
2012-01-18 00:00:00,0.469713569,0.0001
2012-01-19 00:00:00,0.555420578,0.0001
2012-01-20 00:00:00,0.655741555,0.0001
2012-01-21 00:00:00,0.676950991,0.0001
2012-01-22 00:00:00,1.02045536,0.0001
2012-01-23 00:00:00,0.836697042,0.0001
2012-01-24 00:00:00,0.636215091,0.0001
2012-01-25 00:00:00,0.526796401,0.0001
2012-01-26 00:00:00,0.487266153,0.0001
2012-01-27 00:00:00,0.454707712,0.0001
2012-01-28 00:00:00,0.418697983,0.0001
2012-01-29 00:00:00,0.396595657,0.0001
2012-01-30 00:00:00,0.37882635,0.0001
2012-01-31 00:00:00,0.355758905,0.0001
2012-02-01 00:00:00,0.338798493,0.0001
2012-02-02 00:00:00,0.322298318,0.0001
2012-02-03 00:00:00,0.28901431,0.0001
2012-02-04 00:00:00,0.250940263,0.0001
2012-02-05 00:00:00,0.220032558,0.0001
2012-02-06 00:00:00,0.204324245,0.0001
2012-02-07 00:00:00,0.223499134,0.0001
2012-02-08 00:00:00,0.160518467,0.0001
2012-02-09 00:00:00,0.136390388,0.0001
2012-02-10 00:00:00,0.125464752,0.0001
2012-02-11 00:00:00,0.124123722,0.0001
2012-02-12 00:00:00,0.126690224,0.0001
2012-02-13 00:00:00,0.122805618,0.0001
2012-02-14 00:00:00,0.131521031,0.0001
2012-02-15 00:00:00,0.258319467,0.0001
2012-02-16 00:00:00,0.284263223,0.0001
2012-02-17 00:00:00,0.564264357,0.0001
2012-02-18 00:00:00,0.539403975,0.0001
2012-02-19 00:00:00,0.610189915,0.0001
2012-02-20 00:00:00,0.389475942,0.0001
2012-02-21 00:00:00,0.618599474,0.0001
2012-02-22 00:00:00,0.722978532,0.0001
2012-02-23 00:00:00,0.976080358,0.0001
2012-02-24 00:00:00,0.848070145,0.0001
2012-02-25 00:00:00,0.693655968,0.0001
2012-02-26 00:00:00,0.537025154,0.0001
2012-02-27 00:00:00,0.459478348,0.0001
2012-02-28 00:00:00,0.449499398,0.0001
2012-02-29 00:00:00,0.411517441,0.0001
2012-03-01 00:00:00,0.385029018,0.0001
2012-03-02 00:00:00,0.350236416,0.0001
2012-03-03 00:00:00,0.320513815,0.0001
2012-03-04 00:00:00,0.299134076,0.0001
2012-03-05 00:00:00,0.27038005,0.0001
2012-03-06 00:00:00,0.243335307,0.0001
2012-03-07 00:00:00,0.265907526,0.0001
2012-03-08 00:00:00,0.474785388,0.0001
2012-03-09 00:00:00,0.413068742,0.0001
2012-03-10 00:00:00,0.389063537,0.0001
2012-03-11 00:00:00,0.365989596,0.0001
2012-03-12 00:00:00,0.324822962,0.0001
2012-03-13 00:00:00,0.289146662,0.0001
2012-03-14 00:00:00,0.257826865,0.0001
2012-03-15 00:00:00,0.243548304,0.0001
2012-03-16 00:00:00,0.240743771,0.0001
2012-03-17 00:00:00,0.354321897,0.0001
2012-03-18 00:00:00,0.550283253,0.0001
2012-03-19 00:00:00,0.744921863,0.0001
2012-03-20 00:00:00,0.546001136,0.0001
2012-03-21 00:00:00,0.403995544,0.0001
2012-03-22 00:00:00,0.321753263,0.0001
2012-03-23 00:00:00,0.277585775,0.0001
2012-03-24 00:00:00,0.273061097,0.0001
2012-03-25 00:00:00,0.368454278,0.0001
2012-03-26 00:00:00,0.362813622,0.0001
2012-03-27 00:00:00,0.352291793,0.0001
2012-03-28 00:00:00,0.343520164,0.0001
2012-03-29 00:00:00,0.340351045,0.0001
2012-03-30 00:00:00,0.328096032,0.0001
2012-03-31 00:00:00,0.319657654,0.0001
2012-04-01 00:00:00,0.315798402,0.0001
2012-04-02 00:00:00,0.314168274,0.0001
2012-04-03 00:00:00,0.298871726,0.0001
2012-04-04 00:00:00,0.283853352,0.0001
2012-04-05 00:00:00,0.267833859,0.0001
2012-04-06 00:00:00,0.283157527,0.0001
2012-04-07 00:00:00,0.280590922,0.0001
2012-04-08 00:00:00,0.25402391,0.0001
2012-04-09 00:00:00,0.254605502,0.0001
2012-04-10 00:00:00,0.202677637,0.0001
2012-04-11 00:00:00,0.188547075,0.0001
2012-04-12 00:00:00,0.183482609,0.0001
2012-04-13 00:00:00,0.602279902,0.0001
2012-04-14 00:00:00,0.583296895,0.0001
2012-04-15 00:00:00,0.355148077,0.0001
2012-04-16 00:00:00,0.258523762,0.0001
2012-04-17 00:00:00,0.229662031,0.0001
2012-04-18 00:00:00,0.211545259,0.0001
2012-04-19 00:00:00,0.192978695,0.0001
2012-04-20 00:00:00,0.178790331,0.0001
2012-04-21 00:00:00,0.17173554,0.0001
2012-04-22 00:00:00,0.21220158,0.0001
2012-04-23 00:00:00,0.180912703,0.0001
2012-04-24 00:00:00,0.189147934,0.0001
2012-04-25 00:00:00,0.288995206,0.0001
2012-04-26 00:00:00,0.376238793,0.0001
2012-04-27 00:00:00,0.434697688,0.0001
2012-04-28 00:00:00,0.271520168,0.0001
2012-04-29 00:00:00,0.294660926,0.0001
2012-04-30 00:00:00,0.247899175,0.0001
2012-05-01 00:00:00,0.206683248,0.0001
2012-05-02 00:00:00,0.189394951,0.0001
2012-05-03 00:00:00,0.180224806,0.0001
2012-05-04 00:00:00,0.17448321,0.0001
2012-05-05 00:00:00,0.162309244,0.0001
2012-05-06 00:00:00,0.151081368,0.0001
2012-05-07 00:00:00,0.142872021,0.0001
2012-05-08 00:00:00,0.140618324,0.0001
2012-05-09 00:00:00,0.150805265,0.0001
2012-05-10 00:00:00,0.197838679,0.0001
2012-05-11 00:00:00,0.20648241,0.0001
2012-05-12 00:00:00,0.159380585,0.0001
2012-05-13 00:00:00,0.144616917,0.0001
2012-05-14 00:00:00,0.140695319,0.0001
2012-05-15 00:00:00,0.153621525,0.0001
2012-05-16 00:00:00,0.191793635,0.0001
2012-05-17 00:00:00,0.168200031,0.0001
2012-05-18 00:00:00,0.148374841,0.0001
2012-05-19 00:00:00,0.137008607,0.0001
2012-05-20 00:00:00,0.129516274,0.0001
2012-05-21 00:00:00,0.120964423,0.0001
2012-05-22 00:00:00,0.112562187,0.0001
2012-05-23 00:00:00,0.104960404,0.0001
2012-05-24 00:00:00,0.098714985,0.0001
2012-05-25 00:00:00,0.09570872,0.0001
2012-05-26 00:00:00,0.091972224,0.0001
2012-05-27 00:00:00,0.088796966,0.0001
2012-05-28 00:00:00,0.087007858,0.0001
2012-05-29 00:00:00,0.085930057,0.0001
2012-05-30 00:00:00,0.085508026,0.0001
2012-05-31 00:00:00,0.084190801,0.0001
2012-06-01 00:00:00,0.08260522,0.0001
2012-06-02 00:00:00,0.081151612,0.0001
2012-06-03 00:00:00,0.079825677,0.0001
2012-06-04 00:00:00,0.077759139,0.0001
2012-06-05 00:00:00,0.075388171,0.0001
2012-06-06 00:00:00,0.074611157,0.0001
2012-06-07 00:00:00,0.076220311,0.0001
2012-06-08 00:00:00,0.167724222,0.0001
2012-06-09 00:00:00,0.18944484,0.0001
2012-06-10 00:00:00,0.139585376,0.0001
2012-06-11 00:00:00,0.125094548,0.0001
2012-06-12 00:00:00,0.106887355,0.0001
2012-06-13 00:00:00,0.095259473,0.0001
2012-06-14 00:00:00,0.089073636,0.0001
2012-06-15 00:00:00,0.083578855,0.0001
2012-06-16 00:00:00,0.099165604,0.0001
2012-06-17 00:00:00,0.086317614,0.0001
2012-06-18 00:00:00,0.281417072,0.0001
2012-06-19 00:00:00,0.419999123,0.0001
2012-06-20 00:00:00,0.237415597,0.0001
2012-06-21 00:00:00,0.143181741,0.0001
2012-06-22 00:00:00,0.208111793,0.0001
2012-06-23 00:00:00,0.204358503,0.0001
2012-06-24 00:00:00,0.228645146,0.0001
2012-06-25 00:00:00,0.386137068,0.0001
2012-06-26 00:00:00,0.257984191,0.0001
2012-06-27 00:00:00,0.168346792,0.0001
2012-06-28 00:00:00,0.119718045,0.0001
2012-06-29 00:00:00,0.161036596,0.0001
2012-06-30 00:00:00,0.160528511,0.0001
2012-07-01 00:00:00,0.126001477,0.0001
2012-07-02 00:00:00,0.103638589,0.0001
2012-07-03 00:00:00,0.091687597,0.0001
2012-07-04 00:00:00,0.081746496,0.0001
2012-07-05 00:00:00,0.075303212,0.0001
2012-07-06 00:00:00,0.080592155,0.0001
2012-07-07 00:00:00,0.0861867,0.0001
2012-07-08 00:00:00,0.074090384,0.0001
2012-07-09 00:00:00,0.07645081,0.0001
2012-07-10 00:00:00,0.116893753,0.0001
2012-07-11 00:00:00,0.102314904,0.0001
2012-07-12 00:00:00,0.135584414,0.0001
2012-07-13 00:00:00,0.138159826,0.0001
2012-07-14 00:00:00,0.241124496,0.0001
2012-07-15 00:00:00,0.229982689,0.0001
2012-07-16 00:00:00,0.1602851,0.0001
2012-07-17 00:00:00,0.141179621,0.0001
2012-07-18 00:00:00,0.110797696,0.0001
2012-07-19 00:00:00,0.114176743,0.0001
2012-07-20 00:00:00,0.094403982,0.0001
2012-07-21 00:00:00,0.079877958,0.0001
2012-07-22 00:00:00,0.06996204,0.0001
2012-07-23 00:00:00,0.062325504,0.0001
2012-07-24 00:00:00,0.056402676,0.0001
2012-07-25 00:00:00,0.05175712,0.0001
2012-07-26 00:00:00,0.04816775,0.0001
2012-07-27 00:00:00,0.045886774,0.0001
2012-07-28 00:00:00,0.052792072,0.0001
2012-07-29 00:00:00,0.053524464,0.0001
2012-07-30 00:00:00,0.075807542,0.0001
2012-07-31 00:00:00,0.092983343,0.0001
2012-08-01 00:00:00,0.07695125,0.0001
2012-08-02 00:00:00,0.067947917,0.0001
2012-08-03 00:00:00,0.060978368,0.0001
2012-08-04 00:00:00,0.05606617,0.0001
2012-08-05 00:00:00,0.052758057,0.0001
2012-08-06 00:00:00,0.140716359,0.0001
2012-08-07 00:00:00,0.128675431,0.0001
2012-08-08 00:00:00,0.110787131,0.0001
2012-08-09 00:00:00,0.090708107,0.0001
2012-08-10 00:00:00,0.076059707,0.0001
2012-08-11 00:00:00,0.067154653,0.0001
2012-08-12 00:00:00,0.060817789,0.0001
2012-08-13 00:00:00,0.056720875,0.0001
2012-08-14 00:00:00,0.052926645,0.0001
2012-08-15 00:00:00,0.049223982,0.0001
2012-08-16 00:00:00,0.050171353,0.0001
2012-08-17 00:00:00,0.052819878,0.0001
2012-08-18 00:00:00,0.049668569,0.0001
2012-08-19 00:00:00,0.045826893,0.0001
2012-08-20 00:00:00,0.043078844,0.0001
2012-08-21 00:00:00,0.043075815,0.0001
2012-08-22 00:00:00,0.166517183,0.0001
2012-08-23 00:00:00,0.13252674,0.0001
2012-08-24 00:00:00,0.118589289,0.0001
2012-08-25 00:00:00,0.110281542,0.0001
2012-08-26 00:00:00,0.515198588,0.0001
2012-08-27 00:00:00,0.411796719,0.0001
2012-08-28 00:00:00,0.376841396,0.0001
2012-08-29 00:00:00,0.353690624,0.0001
2012-08-30 00:00:00,0.335855275,0.0001
2012-08-31 00:00:00,0.294261515,0.0001
2012-09-01 00:00:00,0.240736395,0.0001
2012-09-02 00:00:00,0.196874157,0.0001
2012-09-03 00:00:00,0.161994681,0.0001
2012-09-04 00:00:00,0.135579482,0.0001
2012-09-05 00:00:00,0.116542026,0.0001
2012-09-06 00:00:00,0.098690659,0.0001
2012-09-07 00:00:00,0.094370648,0.0001
2012-09-08 00:00:00,0.080463082,0.0001
2012-09-09 00:00:00,0.071813695,0.0001
2012-09-10 00:00:00,0.065897696,0.0001
2012-09-11 00:00:00,0.065120451,0.0001
2012-09-12 00:00:00,0.082296155,0.0001
2012-09-13 00:00:00,0.108522668,0.0001
2012-09-14 00:00:00,0.139021963,0.0001
2012-09-15 00:00:00,0.12032254,0.0001
2012-09-16 00:00:00,0.089153722,0.0001
2012-09-17 00:00:00,0.075415038,0.0001
2012-09-18 00:00:00,0.073191643,0.0001
2012-09-19 00:00:00,0.070051931,0.0001
2012-09-20 00:00:00,0.067708902,0.0001
2012-09-21 00:00:00,0.372109622,0.0001
2012-09-22 00:00:00,0.865646183,0.0001
2012-09-23 00:00:00,0.660839438,0.0001
2012-09-24 00:00:00,0.532844782,0.0001
2012-09-25 00:00:00,0.69192481,0.0001
2012-09-26 00:00:00,0.700536728,0.0001
2012-09-27 00:00:00,0.649849355,0.0001
2012-09-28 00:00:00,0.786548913,0.0001
2012-09-29 00:00:00,0.667698503,0.0001
2012-09-30 00:00:00,0.629156709,0.0001
2012-10-01 00:00:00,0.553253829,0.0001
2012-10-02 00:00:00,0.476981521,0.0001
2012-10-03 00:00:00,0.437049985,0.0001
2012-10-04 00:00:00,0.482607037,0.0001
2012-10-05 00:00:00,0.47188592,0.0001
2012-10-06 00:00:00,0.61603421,0.0001
2012-10-07 00:00:00,0.525424242,0.0001
2012-10-08 00:00:00,0.435094982,0.0001
2012-10-09 00:00:00,0.39013809,0.0001
2012-10-10 00:00:00,0.346915692,0.0001
2012-10-11 00:00:00,0.290450364,0.0001
2012-10-12 00:00:00,0.27053827,0.0001
2012-10-13 00:00:00,0.593164265,0.0001
2012-10-14 00:00:00,0.752668083,0.0001
2012-10-15 00:00:00,0.657963455,0.0001
2012-10-16 00:00:00,0.563759983,0.0001
2012-10-17 00:00:00,0.499137044,0.0001
2012-10-18 00:00:00,0.458965659,0.0001
2012-10-19 00:00:00,0.584299207,0.0001
2012-10-20 00:00:00,0.716560841,0.0001
2012-10-21 00:00:00,0.602915227,0.0001
2012-10-22 00:00:00,0.556847274,0.0001
2012-10-23 00:00:00,0.634162664,0.0001
2012-10-24 00:00:00,0.580641747,0.0001
2012-10-25 00:00:00,0.512943089,0.0001
2012-10-26 00:00:00,0.43707037,0.0001
2012-10-27 00:00:00,0.385641813,0.0001
2012-10-28 00:00:00,0.34456015,0.0001
2012-10-29 00:00:00,0.33057034,0.0001
2012-10-30 00:00:00,0.339862257,0.0001
2012-10-31 00:00:00,0.322692394,0.0001
2012-11-01 00:00:00,0.311643392,0.0001
2012-11-02 00:00:00,0.358892292,0.0001
2012-11-03 00:00:00,0.380607039,0.0001
2012-11-04 00:00:00,0.368181467,0.0001
2012-11-05 00:00:00,0.35885254,0.0001
2012-11-06 00:00:00,0.339237064,0.0001
2012-11-07 00:00:00,0.345841914,0.0001
2012-11-08 00:00:00,0.403436273,0.0001
2012-11-09 00:00:00,0.476987273,0.0001
2012-11-10 00:00:00,0.440406591,0.0001
2012-11-11 00:00:00,0.445857555,0.0001
2012-11-12 00:00:00,0.413406253,0.0001
2012-11-13 00:00:00,0.388605237,0.0001
2012-11-14 00:00:00,0.373088539,0.0001
2012-11-15 00:00:00,0.364369601,0.0001
2012-11-16 00:00:00,0.361842275,0.0001
2012-11-17 00:00:00,0.356760144,0.0001
2012-11-18 00:00:00,0.347412676,0.0001
2012-11-19 00:00:00,0.329015166,0.0001
2012-11-20 00:00:00,0.32271719,0.0001
2012-11-21 00:00:00,0.316711962,0.0001
2012-11-22 00:00:00,0.311673611,0.0001
2012-11-23 00:00:00,0.310779274,0.0001
2012-11-24 00:00:00,0.329218388,0.0001
2012-11-25 00:00:00,0.390247405,0.0001
2012-11-26 00:00:00,0.651427031,0.0001
2012-11-27 00:00:00,0.600064516,0.0001
2012-11-28 00:00:00,0.523056175,0.0001
2012-11-29 00:00:00,0.479004443,0.0001
2012-11-30 00:00:00,0.463389814,0.0001
2012-12-01 00:00:00,0.427647829,0.0001
2012-12-02 00:00:00,0.405795187,0.0001
2012-12-03 00:00:00,0.389439106,0.0001
2012-12-04 00:00:00,0.388345987,0.0001
2012-12-05 00:00:00,0.34966585,0.0001
2012-12-06 00:00:00,0.327323228,0.0001
2012-12-07 00:00:00,0.322493941,0.0001
2012-12-08 00:00:00,0.313423485,0.0001
2012-12-09 00:00:00,0.318731874,0.0001
2012-12-10 00:00:00,0.331400275,0.0001
2012-12-11 00:00:00,0.320149153,0.0001
2012-12-12 00:00:00,0.308112025,0.0001
2012-12-13 00:00:00,0.30467388,0.0001
2012-12-14 00:00:00,0.310133547,0.0001
2012-12-15 00:00:00,0.368611991,0.0001
2012-12-16 00:00:00,0.629533708,0.0001
2012-12-17 00:00:00,0.866860807,0.0001
2012-12-18 00:00:00,1.005929112,0.0001
2012-12-19 00:00:00,0.907956958,0.0001
2012-12-20 00:00:00,0.762214661,0.0001
2012-12-21 00:00:00,0.64183557,0.0001
2012-12-22 00:00:00,0.56093967,0.0001
2012-12-23 00:00:00,0.527783811,0.0001
2012-12-24 00:00:00,0.623757601,0.0001
2012-12-25 00:00:00,1.100661159,0.0001
2012-12-26 00:00:00,1.099654317,0.0001
2012-12-27 00:00:00,1.110485792,0.0001
2012-12-28 00:00:00,1.048630714,0.0001
2012-12-29 00:00:00,0.966079652,0.0001
2012-12-30 00:00:00,0.942861557,0.0001
2012-12-31 00:00:00,0.953021288,0.0001
2013-01-01 00:00:00,1.028082252,0.0001
2013-01-02 00:00:00,0.969008512,0.0001
2013-01-03 00:00:00,0.935507298,0.0001
2013-01-04 00:00:00,0.913057426,0.0001
2013-01-05 00:00:00,0.85376335,0.0001
2013-01-06 00:00:00,0.79953903,0.0001
2013-01-07 00:00:00,0.745264709,0.0001
2013-01-08 00:00:00,0.753219068,0.0001
2013-01-09 00:00:00,0.73867029,0.0001
2013-01-10 00:00:00,0.711400211,0.0001
2013-01-11 00:00:00,0.684130192,0.0001
2013-01-12 00:00:00,0.656860113,0.0001
2013-01-13 00:00:00,0.629590034,0.0001
2013-01-14 00:00:00,0.602320015,0.0001
2013-01-15 00:00:00,0.575049937,0.0001
2013-01-16 00:00:00,0.547779858,0.0001
2013-01-17 00:00:00,0.521287441,0.0001
2013-01-18 00:00:00,0.499444664,0.0001
2013-01-19 00:00:00,0.492730796,0.0001
2013-01-20 00:00:00,0.477348596,0.0001
2013-01-21 00:00:00,0.460820913,0.0001
2013-01-22 00:00:00,0.445940197,0.0001
2013-01-23 00:00:00,0.437163621,0.0001
2013-01-24 00:00:00,0.42611137,0.0001
2013-01-25 00:00:00,0.407972306,0.0001
2013-01-26 00:00:00,0.41110763,0.0001
2013-01-27 00:00:00,0.421939343,0.0001
2013-01-28 00:00:00,0.461743355,0.0001
2013-01-29 00:00:00,0.705571413,0.0001
2013-01-30 00:00:00,1.056253672,0.0001
2013-01-31 00:00:00,1.054926395,0.0001
2013-02-01 00:00:00,0.9531095,0.0001
2013-02-02 00:00:00,0.982025056,0.0001
2013-02-03 00:00:00,0.867595567,0.0001
2013-02-04 00:00:00,0.828836999,0.0001
2013-02-05 00:00:00,0.901053731,0.0001
2013-02-06 00:00:00,0.864145186,0.0001
2013-02-07 00:00:00,0.781562353,0.0001
2013-02-08 00:00:00,0.700029373,0.0001
2013-02-09 00:00:00,0.63180995,0.0001
2013-02-10 00:00:00,0.57646811,0.0001
2013-02-11 00:00:00,0.526254892,0.0001
2013-02-12 00:00:00,0.491981179,0.0001
2013-02-13 00:00:00,0.466151476,0.0001
2013-02-14 00:00:00,0.44502759,0.0001
2013-02-15 00:00:00,0.428866327,0.0001
2013-02-16 00:00:00,0.41161713,0.0001
2013-02-17 00:00:00,0.402539819,0.0001
2013-02-18 00:00:00,0.398899823,0.0001
2013-02-19 00:00:00,0.428683192,0.0001
2013-02-20 00:00:00,0.394253969,0.0001
2013-02-21 00:00:00,0.365239829,0.0001
2013-02-22 00:00:00,0.347127557,0.0001
2013-02-23 00:00:00,0.329046816,0.0001
2013-02-24 00:00:00,0.316494137,0.0001
2013-02-25 00:00:00,0.303926259,0.0001
2013-02-26 00:00:00,0.294438541,0.0001
2013-02-27 00:00:00,0.282222688,0.0001
2013-02-28 00:00:00,0.279896319,0.0001
2013-03-01 00:00:00,0.279384285,0.0001
2013-03-02 00:00:00,0.269634503,0.0001
2013-03-03 00:00:00,0.264084097,0.0001
2013-03-04 00:00:00,0.254095417,0.0001
2013-03-05 00:00:00,0.249696292,0.0001
2013-03-06 00:00:00,0.250947961,0.0001
2013-03-07 00:00:00,0.247791599,0.0001
2013-03-08 00:00:00,0.24592263,0.0001
2013-03-09 00:00:00,0.244473874,0.0001
2013-03-10 00:00:00,0.241874658,0.0001
2013-03-11 00:00:00,0.236031242,0.0001
2013-03-12 00:00:00,0.235501631,0.0001
2013-03-13 00:00:00,0.240775918,0.0001
2013-03-14 00:00:00,0.238373345,0.0001
2013-03-15 00:00:00,0.235982133,0.0001
2013-03-16 00:00:00,0.239666038,0.0001
2013-03-17 00:00:00,0.243877965,0.0001
2013-03-18 00:00:00,0.24402886,0.0001
2013-03-19 00:00:00,0.24300054,0.0001
2013-03-20 00:00:00,0.243617152,0.0001
2013-03-21 00:00:00,0.241498883,0.0001
2013-03-22 00:00:00,0.238370916,0.0001
2013-03-23 00:00:00,0.239278041,0.0001
2013-03-24 00:00:00,0.235048851,0.0001
2013-03-25 00:00:00,0.234370014,0.0001
2013-03-26 00:00:00,0.236076476,0.0001
2013-03-27 00:00:00,0.235463834,0.0001
2013-03-28 00:00:00,0.235941322,0.0001
2013-03-29 00:00:00,0.240699119,0.0001
2013-03-30 00:00:00,0.241099827,0.0001
2013-03-31 00:00:00,0.24053694,0.0001
2013-04-01 00:00:00,0.242523886,0.0001
2013-04-02 00:00:00,0.246223646,0.0001
2013-04-03 00:00:00,0.250977788,0.0001
2013-04-04 00:00:00,0.253676449,0.0001
2013-04-05 00:00:00,0.256599631,0.0001
2013-04-06 00:00:00,0.257359499,0.0001
2013-04-07 00:00:00,0.26708088,0.0001
2013-04-08 00:00:00,0.281522317,0.0001
2013-04-09 00:00:00,0.279868832,0.0001
2013-04-10 00:00:00,0.280996541,0.0001
2013-04-11 00:00:00,0.319537342,0.0001
2013-04-12 00:00:00,0.305956036,0.0001
2013-04-13 00:00:00,0.28891499,0.0001
2013-04-14 00:00:00,0.279724992,0.0001
2013-04-15 00:00:00,0.276130891,0.0001
2013-04-16 00:00:00,0.269435039,0.0001
2013-04-17 00:00:00,0.262674847,0.0001
2013-04-18 00:00:00,0.259532064,0.0001
2013-04-19 00:00:00,0.249618643,0.0001
2013-04-20 00:00:00,0.240492223,0.0001
2013-04-21 00:00:00,0.236832163,0.0001
2013-04-22 00:00:00,0.234568506,0.0001
2013-04-23 00:00:00,0.230677581,0.0001
2013-04-24 00:00:00,0.224275418,0.0001
2013-04-25 00:00:00,0.225514678,0.0001
2013-04-26 00:00:00,0.237298797,0.0001
2013-04-27 00:00:00,0.225436501,0.0001
2013-04-28 00:00:00,0.219135597,0.0001
2013-04-29 00:00:00,0.215398283,0.0001
2013-04-30 00:00:00,0.20716837,0.0001
2013-05-01 00:00:00,0.203225642,0.0001
2013-05-02 00:00:00,0.201876327,0.0001
2013-05-03 00:00:00,0.218801306,0.0001
2013-05-04 00:00:00,0.234909784,0.0001
2013-05-05 00:00:00,0.231703584,0.0001
2013-05-06 00:00:00,0.228572846,0.0001
2013-05-07 00:00:00,0.225767856,0.0001
2013-05-08 00:00:00,0.233078256,0.0001
2013-05-09 00:00:00,0.230120985,0.0001
2013-05-10 00:00:00,0.223389327,0.0001
2013-05-11 00:00:00,0.219523513,0.0001
2013-05-12 00:00:00,0.221000286,0.0001
2013-05-13 00:00:00,0.213271653,0.0001
2013-05-14 00:00:00,0.208961714,0.0001
2013-05-15 00:00:00,0.208297405,0.0001
2013-05-16 00:00:00,0.264832765,0.0001
2013-05-17 00:00:00,0.223127543,0.0001
2013-05-18 00:00:00,0.206543114,0.0001
2013-05-19 00:00:00,0.192091663,0.0001
2013-05-20 00:00:00,0.183035564,0.0001
2013-05-21 00:00:00,0.173317362,0.0001
2013-05-22 00:00:00,0.324681938,0.0001
2013-05-23 00:00:00,0.418048918,0.0001
2013-05-24 00:00:00,0.316717416,0.0001
2013-05-25 00:00:00,0.26778537,0.0001
2013-05-26 00:00:00,0.226016402,0.0001
2013-05-27 00:00:00,0.202994481,0.0001
2013-05-28 00:00:00,0.190579639,0.0001
2013-05-29 00:00:00,0.190378341,0.0001
2013-05-30 00:00:00,0.179389649,0.0001
2013-05-31 00:00:00,0.168671264,0.0001
2013-06-01 00:00:00,0.160877753,0.0001
2013-06-02 00:00:00,0.154668127,0.0001
2013-06-03 00:00:00,0.152600904,0.0001
2013-06-04 00:00:00,0.148743526,0.0001
2013-06-05 00:00:00,0.145186089,0.0001
2013-06-06 00:00:00,0.140910784,0.0001
2013-06-07 00:00:00,0.136285163,0.0001
2013-06-08 00:00:00,0.133933261,0.0001
2013-06-09 00:00:00,0.130303678,0.0001
2013-06-10 00:00:00,0.126866682,0.0001
2013-06-11 00:00:00,0.123160675,0.0001
2013-06-12 00:00:00,0.121166838,0.0001
2013-06-13 00:00:00,0.129563202,0.0001
2013-06-14 00:00:00,0.123988471,0.0001
2013-06-15 00:00:00,0.126414802,0.0001
2013-06-16 00:00:00,0.131353006,0.0001
2013-06-17 00:00:00,0.122101098,0.0001
2013-06-18 00:00:00,0.116148986,0.0001
2013-06-19 00:00:00,0.116326779,0.0001
2013-06-20 00:00:00,0.114783354,0.0001
2013-06-21 00:00:00,0.114499241,0.0001
2013-06-22 00:00:00,0.116145819,0.0001
2013-06-23 00:00:00,0.118733503,0.0001
2013-06-24 00:00:00,0.113447852,0.0001
2013-06-25 00:00:00,0.107015587,0.0001
2013-06-26 00:00:00,0.103162058,0.0001
2013-06-27 00:00:00,0.114250652,0.0001
2013-06-28 00:00:00,0.107245825,0.0001
2013-06-29 00:00:00,0.109521404,0.0001
2013-06-30 00:00:00,0.104469083,0.0001
2013-07-01 00:00:00,0.107549779,0.0001
2013-07-02 00:00:00,0.108428513,0.0001
2013-07-03 00:00:00,0.106877018,0.0001
2013-07-04 00:00:00,0.1060327,0.0001
2013-07-05 00:00:00,0.100410798,0.0001
2013-07-06 00:00:00,0.094865282,0.0001
2013-07-07 00:00:00,0.091868661,0.0001
2013-07-08 00:00:00,0.090858169,0.0001
2013-07-09 00:00:00,0.087561615,0.0001
2013-07-10 00:00:00,0.084665678,0.0001
2013-07-11 00:00:00,0.08333464,0.0001
2013-07-12 00:00:00,0.081905104,0.0001
2013-07-13 00:00:00,0.080606207,0.0001
2013-07-14 00:00:00,0.079544686,0.0001
2013-07-15 00:00:00,0.079343863,0.0001
2013-07-16 00:00:00,0.078389265,0.0001
2013-07-17 00:00:00,0.076203719,0.0001
2013-07-18 00:00:00,0.074246071,0.0001
2013-07-19 00:00:00,0.07371822,0.0001
2013-07-20 00:00:00,0.071900956,0.0001
2013-07-21 00:00:00,0.070217334,0.0001
2013-07-22 00:00:00,0.069675632,0.0001
2013-07-23 00:00:00,0.069261976,0.0001
2013-07-24 00:00:00,0.068324901,0.0001
2013-07-25 00:00:00,0.067978762,0.0001
2013-07-26 00:00:00,0.067365281,0.0001
2013-07-27 00:00:00,0.078155704,0.0001
2013-07-28 00:00:00,0.084511099,0.0001
2013-07-29 00:00:00,0.077703893,0.0001
2013-07-30 00:00:00,0.07430125,0.0001
2013-07-31 00:00:00,0.075175054,0.0001
2013-08-01 00:00:00,0.072860643,0.0001
2013-08-02 00:00:00,0.072515555,0.0001
2013-08-03 00:00:00,0.067840189,0.0001
2013-08-04 00:00:00,0.065920658,0.0001
2013-08-05 00:00:00,0.065191284,0.0001
2013-08-06 00:00:00,0.069976129,0.0001
2013-08-07 00:00:00,0.068802148,0.0001
2013-08-08 00:00:00,0.076175021,0.0001
2013-08-09 00:00:00,0.076192993,0.0001
2013-08-10 00:00:00,0.073653078,0.0001
2013-08-11 00:00:00,0.077551738,0.0001
2013-08-12 00:00:00,0.079974366,0.0001
2013-08-13 00:00:00,0.078240366,0.0001
2013-08-14 00:00:00,0.073756105,0.0001
2013-08-15 00:00:00,0.068584725,0.0001
2013-08-16 00:00:00,0.066447631,0.0001
2013-08-17 00:00:00,0.065806374,0.0001
2013-08-18 00:00:00,0.065154418,0.0001
2013-08-19 00:00:00,0.063088551,0.0001
2013-08-20 00:00:00,0.060643546,0.0001
2013-08-21 00:00:00,0.059773311,0.0001
2013-08-22 00:00:00,0.058218796,0.0001
2013-08-23 00:00:00,0.056189004,0.0001
2013-08-24 00:00:00,0.054708239,0.0001
2013-08-25 00:00:00,0.052912056,0.0001
2013-08-26 00:00:00,0.051925376,0.0001
2013-08-27 00:00:00,0.051534228,0.0001
2013-08-28 00:00:00,0.050644509,0.0001
2013-08-29 00:00:00,0.04969091,0.0001
2013-08-30 00:00:00,0.049630981,0.0001
2013-08-31 00:00:00,0.051215235,0.0001
2013-09-01 00:00:00,0.055108733,0.0001
2013-09-02 00:00:00,0.067614121,0.0001
2013-09-03 00:00:00,0.071054851,0.0001
2013-09-04 00:00:00,0.066161441,0.0001
2013-09-05 00:00:00,0.060377166,0.0001
2013-09-06 00:00:00,0.056260243,0.0001
2013-09-07 00:00:00,0.052811876,0.0001
2013-09-08 00:00:00,0.052346744,0.0001
2013-09-09 00:00:00,0.096632592,0.0001
2013-09-10 00:00:00,0.104800992,0.0001
2013-09-11 00:00:00,0.105519049,0.0001
2013-09-12 00:00:00,0.09118659,0.0001
2013-09-13 00:00:00,0.084089898,0.0001
2013-09-14 00:00:00,0.077099442,0.0001
2013-09-15 00:00:00,0.087565251,0.0001
2013-09-16 00:00:00,0.113904126,0.0001
2013-09-17 00:00:00,0.116252333,0.0001
2013-09-18 00:00:00,0.108216032,0.0001
2013-09-19 00:00:00,0.072542831,0.0001
2013-09-20 00:00:00,0.06262342,0.0001
2013-09-21 00:00:00,0.061527116,0.0001
2013-09-22 00:00:00,0.058555588,0.0001
2013-09-23 00:00:00,0.057323198,0.0001
2013-09-24 00:00:00,0.056862556,0.0001
2013-09-25 00:00:00,0.055823084,0.0001
2013-09-26 00:00:00,0.05482389,0.0001
2013-09-27 00:00:00,0.053968713,0.0001
2013-09-28 00:00:00,0.0536756,0.0001
2013-09-29 00:00:00,0.05334985,0.0001
2013-09-30 00:00:00,0.053050335,0.0001
2013-10-01 00:00:00,0.052385978,0.0001
2013-10-02 00:00:00,0.052290014,0.0001
2013-10-03 00:00:00,0.052065529,0.0001
2013-10-04 00:00:00,0.053152472,0.0001
2013-10-05 00:00:00,0.055204604,0.0001
2013-10-06 00:00:00,0.054817218,0.0001
2013-10-07 00:00:00,0.054814026,0.0001
2013-10-08 00:00:00,0.055589978,0.0001
2013-10-09 00:00:00,0.056945894,0.0001
2013-10-10 00:00:00,0.058196992,0.0001
2013-10-11 00:00:00,0.057640519,0.0001
2013-10-12 00:00:00,0.058222998,0.0001
2013-10-13 00:00:00,0.06163444,0.0001
2013-10-14 00:00:00,0.072817102,0.0001
2013-10-15 00:00:00,0.068624325,0.0001
2013-10-16 00:00:00,0.067373656,0.0001
2013-10-17 00:00:00,0.069394402,0.0001
2013-10-18 00:00:00,0.070739925,0.0001
2013-10-19 00:00:00,0.07113149,0.0001
2013-10-20 00:00:00,0.115966059,0.0001
2013-10-21 00:00:00,0.137989402,0.0001
2013-10-22 00:00:00,0.144345954,0.0001
2013-10-23 00:00:00,0.111617282,0.0001
2013-10-24 00:00:00,0.100915149,0.0001
2013-10-25 00:00:00,0.094572894,0.0001
2013-10-26 00:00:00,0.100892916,0.0001
2013-10-27 00:00:00,0.131771088,0.0001
2013-10-28 00:00:00,0.222244874,0.0001
2013-10-29 00:00:00,0.287079092,0.0001
2013-10-30 00:00:00,0.277547798,0.0001
2013-10-31 00:00:00,0.252393734,0.0001
2013-11-01 00:00:00,0.243402817,0.0001
2013-11-02 00:00:00,0.244753231,0.0001
2013-11-03 00:00:00,0.223244374,0.0001
2013-11-04 00:00:00,0.291616052,0.0001
2013-11-05 00:00:00,0.27939862,0.0001
2013-11-06 00:00:00,0.233968161,0.0001
2013-11-07 00:00:00,0.223095527,0.0001
2013-11-08 00:00:00,0.200921027,0.0001
2013-11-09 00:00:00,0.275193304,0.0001
2013-11-10 00:00:00,0.330239445,0.0001
2013-11-11 00:00:00,0.273832649,0.0001
2013-11-12 00:00:00,0.26295653,0.0001
2013-11-13 00:00:00,0.297022551,0.0001
2013-11-14 00:00:00,0.266967863,0.0001
2013-11-15 00:00:00,0.230457067,0.0001
2013-11-16 00:00:00,0.256303221,0.0001
2013-11-17 00:00:00,0.239740238,0.0001
2013-11-18 00:00:00,0.182496071,0.0001
2013-11-19 00:00:00,0.188989669,0.0001
2013-11-20 00:00:00,0.171420783,0.0001
2013-11-21 00:00:00,0.152771473,0.0001
2013-11-22 00:00:00,0.14231662,0.0001
2013-11-23 00:00:00,0.134739099,0.0001
2013-11-24 00:00:00,0.129999797,0.0001
2013-11-25 00:00:00,0.121464156,0.0001
2013-11-26 00:00:00,0.115227482,0.0001
2013-11-27 00:00:00,0.118468081,0.0001
2013-11-28 00:00:00,0.118672591,0.0001
2013-11-29 00:00:00,0.124160888,0.0001
2013-11-30 00:00:00,0.137379884,0.0001
2013-12-01 00:00:00,0.12940375,0.0001
2013-12-02 00:00:00,0.121942155,0.0001
2013-12-03 00:00:00,0.121917509,0.0001
2013-12-04 00:00:00,0.127417833,0.0001
2013-12-05 00:00:00,0.204467908,0.0001
2013-12-06 00:00:00,0.39291811,0.0001
2013-12-07 00:00:00,0.304178506,0.0001
2013-12-08 00:00:00,0.319812685,0.0001
2013-12-09 00:00:00,0.55971241,0.0001
2013-12-10 00:00:00,0.492784858,0.0001
2013-12-11 00:00:00,0.404709041,0.0001
2013-12-12 00:00:00,0.330852807,0.0001
2013-12-13 00:00:00,0.278375715,0.0001
2013-12-14 00:00:00,0.258222938,0.0001
2013-12-15 00:00:00,0.261281282,0.0001
2013-12-16 00:00:00,0.278374314,0.0001
2013-12-17 00:00:00,0.319480538,0.0001
2013-12-18 00:00:00,0.330406368,0.0001
2013-12-19 00:00:00,0.3316724,0.0001
2013-12-20 00:00:00,0.326144785,0.0001
2013-12-21 00:00:00,0.344644755,0.0001
2013-12-22 00:00:00,0.446622252,0.0001
2013-12-23 00:00:00,0.545403361,0.0001
2013-12-24 00:00:00,0.846131563,0.0001
2013-12-25 00:00:00,1.580500007,0.0001
2013-12-26 00:00:00,1.417000055,0.0001
2013-12-27 00:00:00,0.899343193,0.0001
2013-12-28 00:00:00,0.936928511,0.0001
2013-12-29 00:00:00,0.79929024,0.0001
2013-12-30 00:00:00,0.685184598,0.0001
2013-12-31 00:00:00,0.601953089,0.0001
2014-01-01 00:00:00,0.541289449,0.0001
2014-01-02 00:00:00,0.50181371,0.0001
2014-01-03 00:00:00,0.482985006,0.0001
2014-01-04 00:00:00,0.481845663,0.0001
2014-01-05 00:00:00,0.457204554,0.0001
2014-01-06 00:00:00,0.45938569,0.0001
2014-01-07 00:00:00,0.514344618,0.0001
2014-01-08 00:00:00,0.546198309,0.0001
2014-01-09 00:00:00,0.64298898,0.0001
2014-01-10 00:00:00,0.885916531,0.0001
2014-01-11 00:00:00,0.820247769,0.0001
2014-01-12 00:00:00,0.737148941,0.0001
2014-01-13 00:00:00,0.651383996,0.0001
2014-01-14 00:00:00,0.608202293,0.0001
2014-01-15 00:00:00,0.636000991,0.0001
2014-01-16 00:00:00,0.681159914,0.0001
2014-01-17 00:00:00,1.014674306,0.0001
2014-01-18 00:00:00,1.241628766,0.0001
2014-01-19 00:00:00,1.259510994,0.0001
2014-01-20 00:00:00,1.160474062,0.0001
2014-01-21 00:00:00,1.08491683,0.0001
2014-01-22 00:00:00,1.004441023,0.0001
2014-01-23 00:00:00,0.900289357,0.0001
2014-01-24 00:00:00,0.79524827,0.0001
2014-01-25 00:00:00,0.711122811,0.0001
2014-01-26 00:00:00,0.640794974,0.0001
2014-01-27 00:00:00,0.5906672,0.0001
2014-01-28 00:00:00,0.540416718,0.0001
2014-01-29 00:00:00,0.496987671,0.0001
2014-01-30 00:00:00,0.46445331,0.0001
2014-01-31 00:00:00,0.442719162,0.0001
2014-02-01 00:00:00,0.434322536,0.0001
2014-02-02 00:00:00,0.434201598,0.0001
2014-02-03 00:00:00,0.449137509,0.0001
2014-02-04 00:00:00,0.440097362,0.0001
2014-02-05 00:00:00,0.442415714,0.0001
2014-02-06 00:00:00,0.478871047,0.0001
2014-02-07 00:00:00,0.6299466,0.0001
2014-02-08 00:00:00,0.700789624,0.0001
2014-02-09 00:00:00,0.687255678,0.0001
2014-02-10 00:00:00,0.769387346,0.0001
2014-02-11 00:00:00,0.70352088,0.0001
2014-02-12 00:00:00,0.641819429,0.0001
2014-02-13 00:00:00,0.656209946,0.0001
2014-02-14 00:00:00,0.62698504,0.0001
2014-02-15 00:00:00,0.63972376,0.0001
2014-02-16 00:00:00,0.654386649,0.0001
2014-02-17 00:00:00,0.623915952,0.0001
2014-02-18 00:00:00,0.57391888,0.0001
2014-02-19 00:00:00,0.546929297,0.0001
2014-02-20 00:00:00,0.524864598,0.0001
2014-02-21 00:00:00,0.525221693,0.0001
2014-02-22 00:00:00,0.495376962,0.0001
2014-02-23 00:00:00,0.466285191,0.0001
2014-02-24 00:00:00,0.443477094,0.0001
2014-02-25 00:00:00,0.42154588,0.0001
2014-02-26 00:00:00,0.395139377,0.0001
2014-02-27 00:00:00,0.375649655,0.0001
2014-02-28 00:00:00,0.36071064,0.0001
2014-03-01 00:00:00,0.339842525,0.0001
2014-03-02 00:00:00,0.380773429,0.0001
2014-03-03 00:00:00,0.369983294,0.0001
2014-03-04 00:00:00,0.337378164,0.0001
2014-03-05 00:00:00,0.310370028,0.0001
2014-03-06 00:00:00,0.291275944,0.0001
2014-03-07 00:00:00,0.286518056,0.0001
2014-03-08 00:00:00,0.279714945,0.0001
2014-03-09 00:00:00,0.267661505,0.0001
2014-03-10 00:00:00,0.254985616,0.0001
2014-03-11 00:00:00,0.237982998,0.0001
2014-03-12 00:00:00,0.231193976,0.0001
2014-03-13 00:00:00,0.22682824,0.0001
2014-03-14 00:00:00,0.222117688,0.0001
2014-03-15 00:00:00,0.243636189,0.0001
2014-03-16 00:00:00,0.234697025,0.0001
2014-03-17 00:00:00,0.223420525,0.0001
2014-03-18 00:00:00,0.220285774,0.0001
2014-03-19 00:00:00,0.216310935,0.0001
2014-03-20 00:00:00,0.210190668,0.0001
2014-03-21 00:00:00,0.211269128,0.0001
2014-03-22 00:00:00,0.211887268,0.0001
2014-03-23 00:00:00,0.226202197,0.0001
2014-03-24 00:00:00,0.220309448,0.0001
2014-03-25 00:00:00,0.217034694,0.0001
2014-03-26 00:00:00,0.231346309,0.0001
2014-03-27 00:00:00,0.228966037,0.0001
2014-03-28 00:00:00,0.220050805,0.0001
2014-03-29 00:00:00,0.21318228,0.0001
2014-03-30 00:00:00,0.203928933,0.0001
2014-03-31 00:00:00,0.203797329,0.0001
2014-04-01 00:00:00,0.205489168,0.0001
2014-04-02 00:00:00,0.220530153,0.0001
2014-04-03 00:00:00,0.236894533,0.0001
2014-04-04 00:00:00,0.209022487,0.0001
2014-04-05 00:00:00,0.201128611,0.0001
2014-04-06 00:00:00,0.197094956,0.0001
2014-04-07 00:00:00,0.196717655,0.0001
2014-04-08 00:00:00,0.308511138,0.0001
2014-04-09 00:00:00,0.284911394,0.0001
2014-04-10 00:00:00,0.239674494,0.0001
2014-04-11 00:00:00,0.222783691,0.0001
2014-04-12 00:00:00,0.217483351,0.0001
2014-04-13 00:00:00,0.213776992,0.0001
2014-04-14 00:00:00,0.212554006,0.0001
2014-04-15 00:00:00,0.192471633,0.0001
2014-04-16 00:00:00,0.181282297,0.0001
2014-04-17 00:00:00,0.181354716,0.0001
2014-04-18 00:00:00,0.204708873,0.0001
2014-04-19 00:00:00,0.178956062,0.0001
2014-04-20 00:00:00,0.172826409,0.0001
2014-04-21 00:00:00,0.169475496,0.0001
2014-04-22 00:00:00,0.1752294,0.0001
2014-04-23 00:00:00,0.167824581,0.0001
2014-04-24 00:00:00,0.165849596,0.0001
2014-04-25 00:00:00,0.164788887,0.0001
2014-04-26 00:00:00,0.16237545,0.0001
2014-04-27 00:00:00,0.160571501,0.0001
2014-04-28 00:00:00,0.157991022,0.0001
2014-04-29 00:00:00,0.155057475,0.0001
2014-04-30 00:00:00,0.153512225,0.0001
2014-05-01 00:00:00,0.151380226,0.0001
2014-05-02 00:00:00,0.148966298,0.0001
2014-05-03 00:00:00,0.147847742,0.0001
2014-05-04 00:00:00,0.147745103,0.0001
2014-05-05 00:00:00,0.148860216,0.0001
2014-05-06 00:00:00,0.152946964,0.0001
2014-05-07 00:00:00,0.158220068,0.0001
2014-05-08 00:00:00,0.180811614,0.0001
2014-05-09 00:00:00,0.184384152,0.0001
2014-05-10 00:00:00,0.182562545,0.0001
2014-05-11 00:00:00,0.339598924,0.0001
2014-05-12 00:00:00,0.294110924,0.0001
2014-05-13 00:00:00,0.242690392,0.0001
2014-05-14 00:00:00,0.197638773,0.0001
2014-05-15 00:00:00,0.177085638,0.0001
2014-05-16 00:00:00,0.166287065,0.0001
2014-05-17 00:00:00,0.159554899,0.0001
2014-05-18 00:00:00,0.151946932,0.0001
2014-05-19 00:00:00,0.149442032,0.0001
2014-05-20 00:00:00,0.140461013,0.0001
2014-05-21 00:00:00,0.134024143,0.0001
2014-05-22 00:00:00,0.124986127,0.0001
2014-05-23 00:00:00,0.41787219,0.0001
2014-05-24 00:00:00,0.425041914,0.0001
2014-05-25 00:00:00,0.320220053,0.0001
2014-05-26 00:00:00,0.231077865,0.0001
2014-05-27 00:00:00,0.169200346,0.0001
2014-05-28 00:00:00,0.136071388,0.0001
2014-05-29 00:00:00,0.121689686,0.0001
2014-05-30 00:00:00,0.111363187,0.0001
2014-05-31 00:00:00,0.103608621,0.0001
2014-06-01 00:00:00,0.09716699,0.0001
2014-06-02 00:00:00,0.09019023,0.0001
2014-06-03 00:00:00,0.085943869,0.0001
2014-06-04 00:00:00,0.085380265,0.0001
2014-06-05 00:00:00,0.083962617,0.0001
2014-06-06 00:00:00,0.104025558,0.0001
2014-06-07 00:00:00,0.101038903,0.0001
2014-06-08 00:00:00,0.085772584,0.0001
2014-06-09 00:00:00,0.079437185,0.0001
2014-06-10 00:00:00,0.076482078,0.0001
2014-06-11 00:00:00,0.074785787,0.0001
2014-06-12 00:00:00,0.071559049,0.0001
2014-06-13 00:00:00,0.070256853,0.0001
2014-06-14 00:00:00,0.068611547,0.0001
2014-06-15 00:00:00,0.066902053,0.0001
2014-06-16 00:00:00,0.066068231,0.0001
2014-06-17 00:00:00,0.064566515,0.0001
2014-06-18 00:00:00,0.063730023,0.0001
2014-06-19 00:00:00,0.063050668,0.0001
2014-06-20 00:00:00,0.063222035,0.0001
2014-06-21 00:00:00,0.062672881,0.0001
2014-06-22 00:00:00,0.059623973,0.0001
2014-06-23 00:00:00,0.057589981,0.0001
2014-06-24 00:00:00,0.057082339,0.0001
2014-06-25 00:00:00,0.056421632,0.0001
2014-06-26 00:00:00,0.059624611,0.0001
2014-06-27 00:00:00,0.070921198,0.0001
2014-06-28 00:00:00,0.086319417,0.0001
2014-06-29 00:00:00,0.072499946,0.0001
2014-06-30 00:00:00,0.064552903,0.0001
2014-07-01 00:00:00,0.061792535,0.0001
2014-07-02 00:00:00,0.060813488,0.0001
2014-07-03 00:00:00,0.060051219,0.0001
2014-07-04 00:00:00,0.058796785,0.0001
2014-07-05 00:00:00,0.057639565,0.0001
2014-07-06 00:00:00,0.059577275,0.0001
2014-07-07 00:00:00,0.063475817,0.0001
2014-07-08 00:00:00,0.06009502,0.0001
2014-07-09 00:00:00,0.056344099,0.0001
2014-07-10 00:00:00,0.052953315,0.0001
2014-07-11 00:00:00,0.051132867,0.0001
2014-07-12 00:00:00,0.050791694,0.0001
2014-07-13 00:00:00,0.059417968,0.0001
2014-07-14 00:00:00,0.124188311,0.0001
2014-07-15 00:00:00,0.095515735,0.0001
2014-07-16 00:00:00,0.091964871,0.0001
2014-07-17 00:00:00,0.082402594,0.0001
2014-07-18 00:00:00,0.070136942,0.0001
2014-07-19 00:00:00,0.061760326,0.0001
2014-07-20 00:00:00,0.057658701,0.0001
2014-07-21 00:00:00,0.055701901,0.0001
2014-07-22 00:00:00,0.05460472,0.0001
2014-07-23 00:00:00,0.053156771,0.0001
2014-07-24 00:00:00,0.051339102,0.0001
2014-07-25 00:00:00,0.04973717,0.0001
2014-07-26 00:00:00,0.048986487,0.0001
2014-07-27 00:00:00,0.048662078,0.0001
2014-07-28 00:00:00,0.048468102,0.0001
2014-07-29 00:00:00,0.047567464,0.0001
2014-07-30 00:00:00,0.046720184,0.0001
2014-07-31 00:00:00,0.046139389,0.0001
2014-08-01 00:00:00,0.045573957,0.0001
2014-08-02 00:00:00,0.044239987,0.0001
2014-08-03 00:00:00,0.048215292,0.0001
2014-08-04 00:00:00,0.055428269,0.0001
2014-08-05 00:00:00,0.047888562,0.0001
2014-08-06 00:00:00,0.045722231,0.0001
2014-08-07 00:00:00,0.04468194,0.0001
2014-08-08 00:00:00,0.044136826,0.0001
2014-08-09 00:00:00,0.047025584,0.0001
2014-08-10 00:00:00,0.052869883,0.0001
2014-08-11 00:00:00,0.061849759,0.0001
2014-08-12 00:00:00,0.058172435,0.0001
2014-08-13 00:00:00,0.05531782,0.0001
2014-08-14 00:00:00,0.056794719,0.0001
2014-08-15 00:00:00,0.052845634,0.0001
2014-08-16 00:00:00,0.050358243,0.0001
2014-08-17 00:00:00,0.061398578,0.0001
2014-08-18 00:00:00,0.079257101,0.0001
2014-08-19 00:00:00,0.075642131,0.0001
2014-08-20 00:00:00,0.06997928,0.0001
2014-08-21 00:00:00,0.063819552,0.0001
2014-08-22 00:00:00,0.060422699,0.0001
2014-08-23 00:00:00,0.058601431,0.0001
2014-08-24 00:00:00,0.059408887,0.0001
2014-08-25 00:00:00,0.058664731,0.0001
2014-08-26 00:00:00,0.055815301,0.0001
2014-08-27 00:00:00,0.053791009,0.0001
2014-08-28 00:00:00,0.052820574,0.0001
2014-08-29 00:00:00,0.055214535,0.0001
2014-08-30 00:00:00,0.062320156,0.0001
2014-08-31 00:00:00,0.066883419,0.0001
2014-09-01 00:00:00,0.06117583,0.0001
2014-09-02 00:00:00,0.058525,0.0001
2014-09-03 00:00:00,0.056286607,0.0001
2014-09-04 00:00:00,0.056020774,0.0001
2014-09-05 00:00:00,0.056167915,0.0001
2014-09-06 00:00:00,0.056892067,0.0001
2014-09-07 00:00:00,0.06603944,0.0001
2014-09-08 00:00:00,0.082812786,0.0001
2014-09-09 00:00:00,0.071870369,0.0001
2014-09-10 00:00:00,0.065017351,0.0001
2014-09-11 00:00:00,0.062472065,0.0001
2014-09-12 00:00:00,0.060496372,0.0001
2014-09-13 00:00:00,0.058894727,0.0001
2014-09-14 00:00:00,0.05839308,0.0001
2014-09-15 00:00:00,0.058636487,0.0001
2014-09-16 00:00:00,0.058523785,0.0001
2014-09-17 00:00:00,0.058319699,0.0001
2014-09-18 00:00:00,0.057791024,0.0001
2014-09-19 00:00:00,0.057655558,0.0001
2014-09-20 00:00:00,0.057591312,0.0001
2014-09-21 00:00:00,0.063686878,0.0001
2014-09-22 00:00:00,0.068057269,0.0001
2014-09-23 00:00:00,0.062091913,0.0001
2014-09-24 00:00:00,0.066330357,0.0001
2014-09-25 00:00:00,0.080236629,0.0001
2014-09-26 00:00:00,0.072401997,0.0001
2014-09-27 00:00:00,0.069080763,0.0001
2014-09-28 00:00:00,0.067666512,0.0001
2014-09-29 00:00:00,0.066065278,0.0001
2014-09-30 00:00:00,0.06864825,0.0001
2014-10-01 00:00:00,0.076293371,0.0001
2014-10-02 00:00:00,0.072279178,0.0001
2014-10-03 00:00:00,0.069724441,0.0001
2014-10-04 00:00:00,0.069192826,0.0001
2014-10-05 00:00:00,0.068668295,0.0001
2014-10-06 00:00:00,0.068660287,0.0001
2014-10-07 00:00:00,0.076740348,0.0001
2014-10-08 00:00:00,0.101291262,0.0001
2014-10-09 00:00:00,0.083687834,0.0001
2014-10-10 00:00:00,0.090592071,0.0001
2014-10-11 00:00:00,0.091051184,0.0001
2014-10-12 00:00:00,0.106607161,0.0001
2014-10-13 00:00:00,0.098464847,0.0001
2014-10-14 00:00:00,0.111870177,0.0001
2014-10-15 00:00:00,0.344275892,0.0001
2014-10-16 00:00:00,0.398454309,0.0001
2014-10-17 00:00:00,0.380914718,0.0001
2014-10-18 00:00:00,0.358830512,0.0001
2014-10-19 00:00:00,0.295700908,0.0001
2014-10-20 00:00:00,0.301250177,0.0001
2014-10-21 00:00:00,0.276758671,0.0001
2014-10-22 00:00:00,0.373644084,0.0001
2014-10-23 00:00:00,0.351521382,0.0001
2014-10-24 00:00:00,0.331508691,0.0001
2014-10-25 00:00:00,0.532515585,0.0001
2014-10-26 00:00:00,0.546659768,0.0001
2014-10-27 00:00:00,0.427682505,0.0001
2014-10-28 00:00:00,0.321336478,0.0001
2014-10-29 00:00:00,0.271550983,0.0001
2014-10-30 00:00:00,0.237352118,0.0001
2014-10-31 00:00:00,0.301752567,0.0001
2014-11-01 00:00:00,0.309012622,0.0001
2014-11-02 00:00:00,0.299049228,0.0001
2014-11-03 00:00:00,0.298434764,0.0001
2014-11-04 00:00:00,0.326668143,0.0001
2014-11-05 00:00:00,0.305855423,0.0001
2014-11-06 00:00:00,0.255987525,0.0001
2014-11-07 00:00:00,0.230670288,0.0001
2014-11-08 00:00:00,0.219471499,0.0001
2014-11-09 00:00:00,0.243844539,0.0001
2014-11-10 00:00:00,0.230228499,0.0001
2014-11-11 00:00:00,0.222473755,0.0001
2014-11-12 00:00:00,0.211873263,0.0001
2014-11-13 00:00:00,0.240276009,0.0001
2014-11-14 00:00:00,0.315010041,0.0001
2014-11-15 00:00:00,0.308473259,0.0001
2014-11-16 00:00:00,0.282772779,0.0001
2014-11-17 00:00:00,0.92074585,0.0001
2014-11-18 00:00:00,0.871433735,0.0001
2014-11-19 00:00:00,0.68648243,0.0001
2014-11-20 00:00:00,0.581038155,0.0001
2014-11-21 00:00:00,0.522533476,0.0001
2014-11-22 00:00:00,0.47177121,0.0001
2014-11-23 00:00:00,0.518126428,0.0001
2014-11-24 00:00:00,0.672408465,0.0001
2014-11-25 00:00:00,0.751069784,0.0001
2014-11-26 00:00:00,0.63031063,0.0001
2014-11-27 00:00:00,0.541699231,0.0001
2014-11-28 00:00:00,0.415864855,0.0001
2014-11-29 00:00:00,0.334962308,0.0001
2014-11-30 00:00:00,0.2978203,0.0001
2014-12-01 00:00:00,0.268854707,0.0001
2014-12-02 00:00:00,0.245523185,0.0001
2014-12-03 00:00:00,0.226054445,0.0001
2014-12-04 00:00:00,0.213802055,0.0001
2014-12-05 00:00:00,0.302447617,0.0001
2014-12-06 00:00:00,0.277497232,0.0001
2014-12-07 00:00:00,0.295102239,0.0001
2014-12-08 00:00:00,0.409342468,0.0001
2014-12-09 00:00:00,0.322383344,0.0001
2014-12-10 00:00:00,0.393518239,0.0001
2014-12-11 00:00:00,0.543507934,0.0001
2014-12-12 00:00:00,0.713829398,0.0001
2014-12-13 00:00:00,0.874720514,0.0001
2014-12-14 00:00:00,0.684614844,0.0001
2014-12-15 00:00:00,0.620301072,0.0001
2014-12-16 00:00:00,0.62139016,0.0001
2014-12-17 00:00:00,0.647779141,0.0001
2014-12-18 00:00:00,0.61503773,0.0001
2014-12-19 00:00:00,0.700654089,0.0001
2014-12-20 00:00:00,0.797870797,0.0001
2014-12-21 00:00:00,0.900642991,0.0001
2014-12-22 00:00:00,1.054075003,0.0001
2014-12-23 00:00:00,1.02345705,0.0001
2014-12-24 00:00:00,0.913803577,0.0001
2014-12-25 00:00:00,1.021396518,0.0001
2014-12-26 00:00:00,0.935535204,0.0001
2014-12-27 00:00:00,0.778764248,0.0001
2014-12-28 00:00:00,0.636256635,0.0001
2014-12-29 00:00:00,0.555253386,0.0001
2014-12-30 00:00:00,0.543818593,0.0001
2014-12-31 00:00:00,0.694039047,0.0001
2015-01-01 00:00:00,0.658424556,0.0001
2015-01-02 00:00:00,0.750940621,0.0001
2015-01-03 00:00:00,0.986694932,0.0001
2015-01-04 00:00:00,0.970292926,0.0001
2015-01-05 00:00:00,0.867609441,0.0001
2015-01-06 00:00:00,0.846628368,0.0001
2015-01-07 00:00:00,0.775384903,0.0001
2015-01-08 00:00:00,0.758728743,0.0001
2015-01-09 00:00:00,1.007990718,0.0001
2015-01-10 00:00:00,1.361579061,0.0001
2015-01-11 00:00:00,1.434827685,0.0001
2015-01-12 00:00:00,1.348106585,0.0001
2015-01-13 00:00:00,1.300106518,0.0001
2015-01-14 00:00:00,1.176957011,0.0001
2015-01-15 00:00:00,1.152336759,0.0001
2015-01-16 00:00:00,1.229957223,0.0001
2015-01-17 00:00:00,1.133186698,0.0001
2015-01-18 00:00:00,1.038393351,0.0001
2015-01-19 00:00:00,0.943564057,0.0001
2015-01-20 00:00:00,0.89692229,0.0001
2015-01-21 00:00:00,0.864383638,0.0001
2015-01-22 00:00:00,0.797789276,0.0001
2015-01-23 00:00:00,0.738101423,0.0001
2015-01-24 00:00:00,0.694753349,0.0001
2015-01-25 00:00:00,0.623554111,0.0001
2015-01-26 00:00:00,0.66174376,0.0001
2015-01-27 00:00:00,0.800961137,0.0001
2015-01-28 00:00:00,0.829051018,0.0001
2015-01-29 00:00:00,1.034074187,0.0001
2015-01-30 00:00:00,0.948696077,0.0001
2015-01-31 00:00:00,0.793722868,0.0001
2015-02-01 00:00:00,0.693862915,0.0001
2015-02-02 00:00:00,0.619586945,0.0001
2015-02-03 00:00:00,0.552342986,0.0001
2015-02-04 00:00:00,0.504133523,0.0001
2015-02-05 00:00:00,0.472483754,0.0001
2015-02-06 00:00:00,0.449593693,0.0001
2015-02-07 00:00:00,0.48467654,0.0001
2015-02-08 00:00:00,0.470021129,0.0001
2015-02-09 00:00:00,0.458695054,0.0001
2015-02-10 00:00:00,0.430157334,0.0001
2015-02-11 00:00:00,0.409880042,0.0001
2015-02-12 00:00:00,0.391456068,0.0001
2015-02-13 00:00:00,0.375720382,0.0001
2015-02-14 00:00:00,0.356480765,0.0001
2015-02-15 00:00:00,0.333265744,0.0001
2015-02-16 00:00:00,0.319402456,0.0001
2015-02-17 00:00:00,0.308509499,0.0001
2015-02-18 00:00:00,0.301283658,0.0001
2015-02-19 00:00:00,0.300757766,0.0001
2015-02-20 00:00:00,0.320532352,0.0001
2015-02-21 00:00:00,0.330754846,0.0001
2015-02-22 00:00:00,0.321848631,0.0001
2015-02-23 00:00:00,0.367646724,0.0001
2015-02-24 00:00:00,0.441844821,0.0001
2015-02-25 00:00:00,0.374655783,0.0001
2015-02-26 00:00:00,0.327781618,0.0001
2015-02-27 00:00:00,0.434448451,0.0001
2015-02-28 00:00:00,0.431169391,0.0001
2015-03-01 00:00:00,0.439282775,0.0001
2015-03-02 00:00:00,0.558031797,0.0001
2015-03-03 00:00:00,0.60312742,0.0001
2015-03-04 00:00:00,0.54037416,0.0001
2015-03-05 00:00:00,0.591612458,0.0001
2015-03-06 00:00:00,0.558490336,0.0001
2015-03-07 00:00:00,0.485245824,0.0001
2015-03-08 00:00:00,0.432197183,0.0001
2015-03-09 00:00:00,0.392297238,0.0001
2015-03-10 00:00:00,0.368682623,0.0001
2015-03-11 00:00:00,0.335887015,0.0001
2015-03-12 00:00:00,0.319335278,0.0001
2015-03-13 00:00:00,0.312531945,0.0001
2015-03-14 00:00:00,0.302548289,0.0001
2015-03-15 00:00:00,0.290891498,0.0001
2015-03-16 00:00:00,0.282841593,0.0001
2015-03-17 00:00:00,0.279295921,0.0001
2015-03-18 00:00:00,0.278609365,0.0001
2015-03-19 00:00:00,0.272289991,0.0001
2015-03-20 00:00:00,0.266188443,0.0001
2015-03-21 00:00:00,0.268597633,0.0001
2015-03-22 00:00:00,0.259658992,0.0001
2015-03-23 00:00:00,0.25884378,0.0001
2015-03-24 00:00:00,0.244856074,0.0001
2015-03-25 00:00:00,0.234676749,0.0001
2015-03-26 00:00:00,0.318987042,0.0001
2015-03-27 00:00:00,0.275830716,0.0001
2015-03-28 00:00:00,0.252152805,0.0001
2015-03-29 00:00:00,0.338300139,0.0001
2015-03-30 00:00:00,0.316399246,0.0001
2015-03-31 00:00:00,0.369349062,0.0001
2015-04-01 00:00:00,0.457774878,0.0001
2015-04-02 00:00:00,0.36923793,0.0001
2015-04-03 00:00:00,0.303608656,0.0001
2015-04-04 00:00:00,0.274817765,0.0001
2015-04-05 00:00:00,0.250250489,0.0001
2015-04-06 00:00:00,0.23050493,0.0001
2015-04-07 00:00:00,0.215850176,0.0001
2015-04-08 00:00:00,0.206432864,0.0001
2015-04-09 00:00:00,0.203422114,0.0001
2015-04-10 00:00:00,0.202834845,0.0001
2015-04-11 00:00:00,0.20329003,0.0001
2015-04-12 00:00:00,0.202760622,0.0001
2015-04-13 00:00:00,0.264036566,0.0001
2015-04-14 00:00:00,0.226061463,0.0001
2015-04-15 00:00:00,0.224084377,0.0001
2015-04-16 00:00:00,0.213311397,0.0001
2015-04-17 00:00:00,0.200405598,0.0001
2015-04-18 00:00:00,0.190856904,0.0001
2015-04-19 00:00:00,0.188580096,0.0001
2015-04-20 00:00:00,0.182282045,0.0001
2015-04-21 00:00:00,0.180839002,0.0001
2015-04-22 00:00:00,0.180300966,0.0001
2015-04-23 00:00:00,0.177313805,0.0001
2015-04-24 00:00:00,0.17305918,0.0001
2015-04-25 00:00:00,0.171180233,0.0001
2015-04-26 00:00:00,0.170065742,0.0001
2015-04-27 00:00:00,0.164127588,0.0001
2015-04-28 00:00:00,0.158919066,0.0001
2015-04-29 00:00:00,0.156202987,0.0001
2015-04-30 00:00:00,0.176777393,0.0001
2015-05-01 00:00:00,0.183122426,0.0001
2015-05-02 00:00:00,0.179513216,0.0001
2015-05-03 00:00:00,0.165428281,0.0001
2015-05-04 00:00:00,0.266593754,0.0001
2015-05-05 00:00:00,0.318056822,0.0001
2015-05-06 00:00:00,0.37029919,0.0001
2015-05-07 00:00:00,0.252854347,0.0001
2015-05-08 00:00:00,0.215661064,0.0001
2015-05-09 00:00:00,0.206519619,0.0001
2015-05-10 00:00:00,0.202909738,0.0001
2015-05-11 00:00:00,0.18124415,0.0001
2015-05-12 00:00:00,0.20017758,0.0001
2015-05-13 00:00:00,0.199694186,0.0001
2015-05-14 00:00:00,0.184492022,0.0001
2015-05-15 00:00:00,0.171732262,0.0001
2015-05-16 00:00:00,0.167133033,0.0001
2015-05-17 00:00:00,0.163312525,0.0001
2015-05-18 00:00:00,0.16508463,0.0001
2015-05-19 00:00:00,0.238573596,0.0001
2015-05-20 00:00:00,0.187949792,0.0001
2015-05-21 00:00:00,0.166713357,0.0001
2015-05-22 00:00:00,0.158952907,0.0001
2015-05-23 00:00:00,0.153099194,0.0001
2015-05-24 00:00:00,0.146570951,0.0001
2015-05-25 00:00:00,0.141496658,0.0001
2015-05-26 00:00:00,0.135663018,0.0001
2015-05-27 00:00:00,0.131591067,0.0001
2015-05-28 00:00:00,0.140266195,0.0001
2015-05-29 00:00:00,0.141540959,0.0001
2015-05-30 00:00:00,0.181345791,0.0001
2015-05-31 00:00:00,0.176884621,0.0001
2015-06-01 00:00:00,0.206966162,0.0001
2015-06-02 00:00:00,0.198716998,0.0001
2015-06-03 00:00:00,0.311651409,0.0001
2015-06-04 00:00:00,0.196000516,0.0001
2015-06-05 00:00:00,0.162325531,0.0001
2015-06-06 00:00:00,0.150584847,0.0001
2015-06-07 00:00:00,0.138448358,0.0001
2015-06-08 00:00:00,0.131371096,0.0001
2015-06-09 00:00:00,0.125210159,0.0001
2015-06-10 00:00:00,0.11817988,0.0001
2015-06-11 00:00:00,0.114470139,0.0001
2015-06-12 00:00:00,0.11090979,0.0001
2015-06-13 00:00:00,0.11735139,0.0001
2015-06-14 00:00:00,0.144397855,0.0001
2015-06-15 00:00:00,0.117603807,0.0001
2015-06-16 00:00:00,0.109859958,0.0001
2015-06-17 00:00:00,0.118983887,0.0001
2015-06-18 00:00:00,0.128544614,0.0001
2015-06-19 00:00:00,0.119915485,0.0001
2015-06-20 00:00:00,0.111252939,0.0001
2015-06-21 00:00:00,0.105941705,0.0001
2015-06-22 00:00:00,0.281585515,0.0001
2015-06-23 00:00:00,0.267867386,0.0001
2015-06-24 00:00:00,0.173567116,0.0001
2015-06-25 00:00:00,0.132462919,0.0001
2015-06-26 00:00:00,0.124849379,0.0001
2015-06-27 00:00:00,0.124624185,0.0001
2015-06-28 00:00:00,0.119428627,0.0001
2015-06-29 00:00:00,0.122486539,0.0001
2015-06-30 00:00:00,0.111091621,0.0001
2015-07-01 00:00:00,0.102890119,0.0001
2015-07-02 00:00:00,0.09734606,0.0001
2015-07-03 00:00:00,0.093742676,0.0001
2015-07-04 00:00:00,0.092929929,0.0001
2015-07-05 00:00:00,0.091794081,0.0001
2015-07-06 00:00:00,0.091603845,0.0001
2015-07-07 00:00:00,0.09031035,0.0001
2015-07-08 00:00:00,0.096139163,0.0001
2015-07-09 00:00:00,0.103365868,0.0001
2015-07-10 00:00:00,0.096136466,0.0001
2015-07-11 00:00:00,0.089646325,0.0001
2015-07-12 00:00:00,0.090550162,0.0001
2015-07-13 00:00:00,0.088479064,0.0001
2015-07-14 00:00:00,0.086398244,0.0001
2015-07-15 00:00:00,0.082752854,0.0001
2015-07-16 00:00:00,0.080807008,0.0001
2015-07-17 00:00:00,0.080382876,0.0001
2015-07-18 00:00:00,0.078573637,0.0001
2015-07-19 00:00:00,0.08155217,0.0001
2015-07-20 00:00:00,0.086932334,0.0001
2015-07-21 00:00:00,0.079060391,0.0001
2015-07-22 00:00:00,0.075377315,0.0001
2015-07-23 00:00:00,0.072162956,0.0001
2015-07-24 00:00:00,0.07044439,0.0001
2015-07-25 00:00:00,0.159740955,0.0001
2015-07-26 00:00:00,0.266174614,0.0001
2015-07-27 00:00:00,0.194431484,0.0001
2015-07-28 00:00:00,0.221772566,0.0001
2015-07-29 00:00:00,0.239448592,0.0001
2015-07-30 00:00:00,0.173919633,0.0001
2015-07-31 00:00:00,0.138815045,0.0001
2015-08-01 00:00:00,0.116371654,0.0001
2015-08-02 00:00:00,0.099925369,0.0001
2015-08-03 00:00:00,0.090922348,0.0001
2015-08-04 00:00:00,0.086258031,0.0001
2015-08-05 00:00:00,0.092726268,0.0001
2015-08-06 00:00:00,0.084126502,0.0001
2015-08-07 00:00:00,0.078372575,0.0001
2015-08-08 00:00:00,0.07530769,0.0001
2015-08-09 00:00:00,0.07412,0.0001
2015-08-10 00:00:00,0.072267003,0.0001
2015-08-11 00:00:00,0.07085,0.0001
2015-08-12 00:00:00,0.069760002,0.0001
2015-08-13 00:00:00,0.068128146,0.0001
2015-08-14 00:00:00,0.070005491,0.0001
2015-08-15 00:00:00,0.124260016,0.0001
2015-08-16 00:00:00,0.116442591,0.0001
2015-08-17 00:00:00,0.106125534,0.0001
2015-08-18 00:00:00,0.101556011,0.0001
2015-08-19 00:00:00,0.085597038,0.0001
2015-08-20 00:00:00,0.07854528,0.0001
2015-08-21 00:00:00,0.075537898,0.0001
2015-08-22 00:00:00,0.074427202,0.0001
2015-08-23 00:00:00,0.073372722,0.0001
2015-08-24 00:00:00,0.078269258,0.0001
2015-08-25 00:00:00,0.091923309,0.0001
2015-08-26 00:00:00,0.0906322,0.0001
2015-08-27 00:00:00,0.103679687,0.0001
2015-08-28 00:00:00,0.100998931,0.0001
2015-08-29 00:00:00,0.092259124,0.0001
2015-08-30 00:00:00,0.087228835,0.0001
2015-08-31 00:00:00,0.097514613,0.0001
2015-09-01 00:00:00,0.365508139,0.0001
2015-09-02 00:00:00,0.231198162,0.0001
2015-09-03 00:00:00,0.182910681,0.0001
2015-09-04 00:00:00,0.262187988,0.0001
2015-09-05 00:00:00,0.985435903,0.0001
2015-09-06 00:00:00,0.909816206,0.0001
2015-09-07 00:00:00,0.681242764,0.0001
2015-09-08 00:00:00,0.556721985,0.0001
2015-09-09 00:00:00,0.443268567,0.0001
2015-09-10 00:00:00,0.368284017,0.0001
2015-09-11 00:00:00,0.323443562,0.0001
2015-09-12 00:00:00,0.30539605,0.0001
2015-09-13 00:00:00,0.41142413,0.0001
2015-09-14 00:00:00,0.518267751,0.0001
2015-09-15 00:00:00,0.843979597,0.0001
2015-09-16 00:00:00,0.65874964,0.0001
2015-09-17 00:00:00,0.57686156,0.0001
2015-09-18 00:00:00,0.489434183,0.0001
2015-09-19 00:00:00,0.418693036,0.0001
2015-09-20 00:00:00,0.371839792,0.0001
2015-09-21 00:00:00,0.346250504,0.0001
2015-09-22 00:00:00,0.37253207,0.0001
2015-09-23 00:00:00,0.358701438,0.0001
2015-09-24 00:00:00,0.346996635,0.0001
2015-09-25 00:00:00,0.410432249,0.0001
2015-09-26 00:00:00,0.357317895,0.0001
2015-09-27 00:00:00,0.288655341,0.0001
2015-09-28 00:00:00,0.241933405,0.0001
2015-09-29 00:00:00,0.215006471,0.0001
2015-09-30 00:00:00,0.199661225,0.0001
2015-10-01 00:00:00,0.189141944,0.0001
2015-10-02 00:00:00,0.18031922,0.0001
2015-10-03 00:00:00,0.173694298,0.0001
2015-10-04 00:00:00,0.16981791,0.0001
2015-10-05 00:00:00,0.164301947,0.0001
2015-10-06 00:00:00,0.161530837,0.0001
2015-10-07 00:00:00,0.219486982,0.0001
2015-10-08 00:00:00,0.306594074,0.0001
2015-10-09 00:00:00,0.314888537,0.0001
2015-10-10 00:00:00,0.260662466,0.0001
2015-10-11 00:00:00,0.222865283,0.0001
2015-10-12 00:00:00,0.201585993,0.0001
2015-10-13 00:00:00,0.188327223,0.0001
2015-10-14 00:00:00,0.190014318,0.0001
2015-10-15 00:00:00,0.178712979,0.0001
2015-10-16 00:00:00,0.173821509,0.0001
2015-10-17 00:00:00,0.176102594,0.0001
2015-10-18 00:00:00,0.172521591,0.0001
2015-10-19 00:00:00,0.166576251,0.0001
2015-10-20 00:00:00,0.163288742,0.0001
2015-10-21 00:00:00,0.16259554,0.0001
2015-10-22 00:00:00,0.171319336,0.0001
2015-10-23 00:00:00,0.16421929,0.0001
2015-10-24 00:00:00,0.158467293,0.0001
2015-10-25 00:00:00,0.157310992,0.0001
2015-10-26 00:00:00,0.152505964,0.0001
2015-10-27 00:00:00,0.152122587,0.0001
2015-10-28 00:00:00,0.151732892,0.0001
2015-10-29 00:00:00,0.149153277,0.0001
2015-10-30 00:00:00,0.145720154,0.0001
2015-10-31 00:00:00,0.145123586,0.0001
2015-11-01 00:00:00,0.1457524,0.0001
2015-11-02 00:00:00,0.14466612,0.0001
2015-11-03 00:00:00,0.145712987,0.0001
2015-11-04 00:00:00,0.145698562,0.0001
2015-11-05 00:00:00,0.146003246,0.0001
2015-11-06 00:00:00,0.154792607,0.0001
2015-11-07 00:00:00,0.220014602,0.0001
2015-11-08 00:00:00,0.430212587,0.0001
2015-11-09 00:00:00,0.615071356,0.0001
2015-11-10 00:00:00,0.592409147,0.0001
2015-11-11 00:00:00,0.56030786,0.0001
2015-11-12 00:00:00,0.629751921,0.0001
2015-11-13 00:00:00,0.546347201,0.0001
2015-11-14 00:00:00,0.793709159,0.0001
2015-11-15 00:00:00,0.803232789,0.0001
2015-11-16 00:00:00,0.863013804,0.0001
2015-11-17 00:00:00,0.867342114,0.0001
2015-11-18 00:00:00,1.013514996,0.0001
2015-11-19 00:00:00,1.204870343,0.0001
2015-11-20 00:00:00,1.216875076,0.0001
2015-11-21 00:00:00,0.974483311,0.0001
2015-11-22 00:00:00,0.781131268,0.0001
2015-11-23 00:00:00,0.650216341,0.0001
2015-11-24 00:00:00,0.703653812,0.0001
2015-11-25 00:00:00,0.749035597,0.0001
2015-11-26 00:00:00,0.632666734,0.0001
2015-11-27 00:00:00,0.551936209,0.0001
2015-11-28 00:00:00,0.535656869,0.0001
2015-11-29 00:00:00,0.689542711,0.0001
2015-11-30 00:00:00,1.027158499,0.0001
2015-12-01 00:00:00,0.868199766,0.0001
2015-12-02 00:00:00,0.72506392,0.0001
2015-12-03 00:00:00,0.659282421,0.0001
2015-12-04 00:00:00,0.678739813,0.0001
2015-12-05 00:00:00,0.703696191,0.0001
2015-12-06 00:00:00,0.907058597,0.0001
2015-12-07 00:00:00,0.82737273,0.0001
2015-12-08 00:00:00,0.743495107,0.0001
2015-12-09 00:00:00,0.697046676,0.0001
2015-12-10 00:00:00,0.679242986,0.0001
2015-12-11 00:00:00,0.840016961,0.0001
2015-12-12 00:00:00,0.984359384,0.0001
2015-12-13 00:00:00,0.925400138,0.0001
2015-12-14 00:00:00,0.851901889,0.0001
2015-12-15 00:00:00,1.181772947,0.0001
2015-12-16 00:00:00,1.052399397,0.0001
2015-12-17 00:00:00,0.924161494,0.0001
2015-12-18 00:00:00,0.841930926,0.0001
2015-12-19 00:00:00,0.777294457,0.0001
2015-12-20 00:00:00,0.729710519,0.0001
2015-12-21 00:00:00,0.686281502,0.0001
2015-12-22 00:00:00,0.749761045,0.0001
2015-12-23 00:00:00,1.118867993,0.0001
2015-12-24 00:00:00,1.140650272,0.0001
2015-12-25 00:00:00,1.033497334,0.0001
2015-12-26 00:00:00,1.074500203,0.0001
2015-12-27 00:00:00,1.488967538,0.0001
2015-12-28 00:00:00,1.439287663,0.0001
2015-12-29 00:00:00,1.332067251,0.0001
2015-12-30 00:00:00,1.258850694,0.0001
2015-12-31 00:00:00,1.189342499,0.0001
2016-01-01 00:00:00,1.097946882,0.0001
2016-01-02 00:00:00,0.983900011,0.0001
2016-01-03 00:00:00,0.881063521,0.0001
2016-01-04 00:00:00,0.787694693,0.0001
2016-01-05 00:00:00,0.721659349,0.0001
2016-01-06 00:00:00,0.668560266,0.0001
2016-01-07 00:00:00,0.625016868,0.0001
2016-01-08 00:00:00,0.597559869,0.0001
2016-01-09 00:00:00,0.581064224,0.0001
2016-01-10 00:00:00,0.632612705,0.0001
2016-01-11 00:00:00,0.698340476,0.0001
2016-01-12 00:00:00,0.763281763,0.0001
2016-01-13 00:00:00,0.91066736,0.0001
2016-01-14 00:00:00,0.748353157,0.0001
2016-01-15 00:00:00,0.675646186,0.0001
2016-01-16 00:00:00,0.625764489,0.0001
2016-01-17 00:00:00,0.584128439,0.0001
2016-01-18 00:00:00,0.547414005,0.0001
2016-01-19 00:00:00,0.535488963,0.0001
2016-01-20 00:00:00,0.511210024,0.0001
2016-01-21 00:00:00,0.469506711,0.0001
2016-01-22 00:00:00,0.471927106,0.0001
2016-01-23 00:00:00,0.469204158,0.0001
2016-01-24 00:00:00,0.662501216,0.0001
2016-01-25 00:00:00,1.205830336,0.0001
2016-01-26 00:00:00,1.046226144,0.0001
2016-01-27 00:00:00,1.036026001,0.0001
2016-01-28 00:00:00,0.975019012,0.0001
2016-01-29 00:00:00,0.913430274,0.0001
2016-01-30 00:00:00,0.898627281,0.0001
2016-01-31 00:00:00,0.88549608,0.0001
2016-02-01 00:00:00,0.871421516,0.0001
2016-02-02 00:00:00,0.987349987,0.0001
2016-02-03 00:00:00,0.990377009,0.0001
2016-02-04 00:00:00,0.927537501,0.0001
2016-02-05 00:00:00,0.843157351,0.0001
2016-02-06 00:00:00,0.838223994,0.0001
2016-02-07 00:00:00,0.85559696,0.0001
2016-02-08 00:00:00,0.933585405,0.0001
2016-02-09 00:00:00,1.236147165,0.0001
2016-02-10 00:00:00,1.112476468,0.0001
2016-02-11 00:00:00,1.000326872,0.0001
2016-02-12 00:00:00,0.885173619,0.0001
2016-02-13 00:00:00,0.801928222,0.0001
2016-02-14 00:00:00,0.728523791,0.0001
2016-02-15 00:00:00,0.658463418,0.0001
2016-02-16 00:00:00,0.599597692,0.0001
2016-02-17 00:00:00,0.575658679,0.0001
2016-02-18 00:00:00,0.563419223,0.0001
2016-02-19 00:00:00,0.541533232,0.0001
2016-02-20 00:00:00,0.633119643,0.0001
2016-02-21 00:00:00,0.975298107,0.0001
2016-02-22 00:00:00,1.176390171,0.0001
2016-02-23 00:00:00,0.974063993,0.0001
2016-02-24 00:00:00,0.81965389,0.0001
2016-02-25 00:00:00,0.729374826,0.0001
2016-02-26 00:00:00,0.668216169,0.0001
2016-02-27 00:00:00,0.616763413,0.0001
2016-02-28 00:00:00,0.57413584,0.0001
2016-02-29 00:00:00,0.541925251,0.0001
2016-03-01 00:00:00,0.527243853,0.0001
2016-03-02 00:00:00,0.59932512,0.0001
2016-03-03 00:00:00,0.66929692,0.0001
2016-03-04 00:00:00,0.58956337,0.0001
2016-03-05 00:00:00,0.625235856,0.0001
2016-03-06 00:00:00,0.840243638,0.0001
2016-03-07 00:00:00,0.756122172,0.0001
2016-03-08 00:00:00,0.658824146,0.0001
2016-03-09 00:00:00,0.597295284,0.0001
2016-03-10 00:00:00,0.545306385,0.0001
2016-03-11 00:00:00,0.51084429,0.0001
2016-03-12 00:00:00,0.484189957,0.0001
2016-03-13 00:00:00,0.460687273,0.0001
2016-03-14 00:00:00,0.444236934,0.0001
2016-03-15 00:00:00,0.426324384,0.0001
2016-03-16 00:00:00,0.406825817,0.0001
2016-03-17 00:00:00,0.397885535,0.0001
2016-03-18 00:00:00,0.392908289,0.0001
2016-03-19 00:00:00,0.383226126,0.0001
2016-03-20 00:00:00,0.393013567,0.0001
2016-03-21 00:00:00,0.41429269,0.0001
2016-03-22 00:00:00,0.41357711,0.0001
2016-03-23 00:00:00,0.408759245,0.0001
2016-03-24 00:00:00,0.398461461,0.0001
2016-03-25 00:00:00,0.396068513,0.0001
2016-03-26 00:00:00,0.386182725,0.0001
2016-03-27 00:00:00,0.399448544,0.0001
2016-03-28 00:00:00,0.409792215,0.0001
2016-03-29 00:00:00,0.404255152,0.0001
2016-03-30 00:00:00,0.403771698,0.0001
2016-03-31 00:00:00,0.406018645,0.0001
2016-04-01 00:00:00,0.381257176,0.0001
2016-04-02 00:00:00,0.372857839,0.0001
2016-04-03 00:00:00,0.368798614,0.0001
2016-04-04 00:00:00,0.370511204,0.0001
2016-04-05 00:00:00,0.422433883,0.0001
2016-04-06 00:00:00,0.696727872,0.0001
2016-04-07 00:00:00,0.780659914,0.0001
2016-04-08 00:00:00,1.125866175,0.0001
2016-04-09 00:00:00,0.847068071,0.0001
2016-04-10 00:00:00,0.661402702,0.0001
2016-04-11 00:00:00,0.570734441,0.0001
2016-04-12 00:00:00,0.532156408,0.0001
2016-04-13 00:00:00,0.510170519,0.0001
2016-04-14 00:00:00,0.486381649,0.0001
2016-04-15 00:00:00,0.555476606,0.0001
2016-04-16 00:00:00,0.594478607,0.0001
2016-04-17 00:00:00,0.570522308,0.0001
2016-04-18 00:00:00,0.529046535,0.0001
2016-04-19 00:00:00,0.503760047,0.0001
2016-04-20 00:00:00,0.470504582,0.0001
2016-04-21 00:00:00,0.458507806,0.0001
2016-04-22 00:00:00,0.447737664,0.0001
2016-04-23 00:00:00,0.440152496,0.0001
2016-04-24 00:00:00,0.435601808,0.0001
2016-04-25 00:00:00,0.433154489,0.0001
2016-04-26 00:00:00,0.516268492,0.0001
2016-04-27 00:00:00,0.859097064,0.0001
2016-04-28 00:00:00,1.153362036,0.0001
2016-04-29 00:00:00,0.979517281,0.0001
2016-04-30 00:00:00,0.913810253,0.0001
2016-05-01 00:00:00,0.760881662,0.0001
2016-05-02 00:00:00,0.662454963,0.0001
2016-05-03 00:00:00,0.627963483,0.0001
2016-05-04 00:00:00,0.571342945,0.0001
2016-05-05 00:00:00,0.511635184,0.0001
2016-05-06 00:00:00,0.467123777,0.0001
2016-05-07 00:00:00,0.413097262,0.0001
2016-05-08 00:00:00,0.339673966,0.0001
2016-05-09 00:00:00,0.308068344,0.0001
2016-05-10 00:00:00,0.286845297,0.0001
2016-05-11 00:00:00,0.266527653,0.0001
2016-05-12 00:00:00,0.247654721,0.0001
2016-05-13 00:00:00,0.237202838,0.0001
2016-05-14 00:00:00,0.226528868,0.0001
2016-05-15 00:00:00,0.221817702,0.0001
2016-05-16 00:00:00,0.2187704,0.0001
2016-05-17 00:00:00,0.209572077,0.0001
2016-05-18 00:00:00,0.20707278,0.0001
2016-05-19 00:00:00,0.20559527,0.0001
2016-05-20 00:00:00,0.217674032,0.0001
2016-05-21 00:00:00,0.208712474,0.0001
2016-05-22 00:00:00,0.259049088,0.0001
2016-05-23 00:00:00,0.411598176,0.0001
2016-05-24 00:00:00,0.334592193,0.0001
2016-05-25 00:00:00,0.301166594,0.0001
2016-05-26 00:00:00,0.261452883,0.0001
2016-05-27 00:00:00,0.220583916,0.0001
2016-05-28 00:00:00,0.200359091,0.0001
2016-05-29 00:00:00,0.193819374,0.0001
2016-05-30 00:00:00,0.31172213,0.0001
2016-05-31 00:00:00,0.25536561,0.0001
2016-06-01 00:00:00,0.207100973,0.0001
2016-06-02 00:00:00,0.19117637,0.0001
2016-06-03 00:00:00,0.178004175,0.0001
2016-06-04 00:00:00,0.167453796,0.0001
2016-06-05 00:00:00,0.159979373,0.0001
2016-06-06 00:00:00,0.154010266,0.0001
2016-06-07 00:00:00,0.149408594,0.0001
2016-06-08 00:00:00,0.146776214,0.0001
2016-06-09 00:00:00,0.141885996,0.0001
2016-06-10 00:00:00,0.138846338,0.0001
2016-06-11 00:00:00,0.136346847,0.0001
2016-06-12 00:00:00,0.133361802,0.0001
2016-06-13 00:00:00,0.131629556,0.0001
2016-06-14 00:00:00,0.133861184,0.0001
2016-06-15 00:00:00,0.160608977,0.0001
2016-06-16 00:00:00,0.180246159,0.0001
2016-06-17 00:00:00,0.159851313,0.0001
2016-06-18 00:00:00,0.143261254,0.0001
2016-06-19 00:00:00,0.133985132,0.0001
2016-06-20 00:00:00,0.206726274,0.0001
2016-06-21 00:00:00,0.204924605,0.0001
2016-06-22 00:00:00,0.193200618,0.0001
2016-06-23 00:00:00,0.199616179,0.0001
2016-06-24 00:00:00,0.214713857,0.0001
2016-06-25 00:00:00,0.222220257,0.0001
2016-06-26 00:00:00,0.306984603,0.0001
2016-06-27 00:00:00,0.262903154,0.0001
2016-06-28 00:00:00,0.252741367,0.0001
2016-06-29 00:00:00,0.241533652,0.0001
2016-06-30 00:00:00,0.232868806,0.0001
2016-07-01 00:00:00,0.232367083,0.0001
2016-07-02 00:00:00,0.291323155,0.0001
2016-07-03 00:00:00,0.423244417,0.0001
2016-07-04 00:00:00,0.338986784,0.0001
2016-07-05 00:00:00,0.342890173,0.0001
2016-07-06 00:00:00,0.47511664,0.0001
2016-07-07 00:00:00,0.315011412,0.0001
2016-07-08 00:00:00,0.372788548,0.0001
2016-07-09 00:00:00,0.722472727,0.0001
2016-07-10 00:00:00,0.576634169,0.0001
2016-07-11 00:00:00,0.616055429,0.0001
2016-07-12 00:00:00,0.554260015,0.0001
2016-07-13 00:00:00,0.438437104,0.0001
2016-07-14 00:00:00,0.380935937,0.0001
2016-07-15 00:00:00,0.346519679,0.0001
2016-07-16 00:00:00,0.339354783,0.0001
2016-07-17 00:00:00,0.318875879,0.0001
2016-07-18 00:00:00,0.2934995,0.0001
2016-07-19 00:00:00,0.271242201,0.0001
2016-07-20 00:00:00,0.252851933,0.0001
2016-07-21 00:00:00,0.23799482,0.0001
2016-07-22 00:00:00,0.221025527,0.0001
2016-07-23 00:00:00,0.208573297,0.0001
2016-07-24 00:00:00,0.184639826,0.0001
2016-07-25 00:00:00,0.174599499,0.0001
2016-07-26 00:00:00,0.269626439,0.0001
2016-07-27 00:00:00,0.277716279,0.0001
2016-07-28 00:00:00,0.273206472,0.0001
2016-07-29 00:00:00,0.261964589,0.0001
2016-07-30 00:00:00,0.285789937,0.0001
2016-07-31 00:00:00,0.266908467,0.0001
2016-08-01 00:00:00,0.25707075,0.0001
2016-08-02 00:00:00,0.232654065,0.0001
2016-08-03 00:00:00,0.269638896,0.0001
2016-08-04 00:00:00,0.388510644,0.0001
2016-08-05 00:00:00,0.342340827,0.0001
2016-08-06 00:00:00,0.301801205,0.0001
2016-08-07 00:00:00,0.278003633,0.0001
2016-08-08 00:00:00,0.256265372,0.0001
2016-08-09 00:00:00,0.223942265,0.0001
2016-08-10 00:00:00,0.199801534,0.0001
2016-08-11 00:00:00,0.180744454,0.0001
2016-08-12 00:00:00,0.16895391,0.0001
2016-08-13 00:00:00,0.162063509,0.0001
2016-08-14 00:00:00,0.15340513,0.0001
2016-08-15 00:00:00,0.144791723,0.0001
2016-08-16 00:00:00,0.137993872,0.0001
2016-08-17 00:00:00,0.130102947,0.0001
2016-08-18 00:00:00,0.125572607,0.0001
2016-08-19 00:00:00,0.124060765,0.0001
2016-08-20 00:00:00,0.12645945,0.0001
2016-08-21 00:00:00,0.125221401,0.0001
2016-08-22 00:00:00,0.120745175,0.0001
2016-08-23 00:00:00,0.132881537,0.0001
2016-08-24 00:00:00,0.126733094,0.0001
2016-08-25 00:00:00,0.120309047,0.0001
2016-08-26 00:00:00,0.117242545,0.0001
2016-08-27 00:00:00,0.114421785,0.0001
2016-08-28 00:00:00,0.153090939,0.0001
2016-08-29 00:00:00,0.137786537,0.0001
2016-08-30 00:00:00,0.124111436,0.0001
2016-08-31 00:00:00,0.1213765,0.0001
2016-09-01 00:00:00,0.118127998,0.0001
2016-09-02 00:00:00,0.1196637,0.0001
2016-09-03 00:00:00,0.119268373,0.0001
2016-09-04 00:00:00,0.158032119,0.0001
2016-09-05 00:00:00,0.150361672,0.0001
2016-09-06 00:00:00,0.127042025,0.0001
2016-09-07 00:00:00,0.121769764,0.0001
2016-09-08 00:00:00,0.117741711,0.0001
2016-09-09 00:00:00,0.110927612,0.0001
2016-09-10 00:00:00,0.106503955,0.0001
2016-09-11 00:00:00,0.10465353,0.0001
2016-09-12 00:00:00,0.102749839,0.0001
2016-09-13 00:00:00,0.101574346,0.0001
2016-09-14 00:00:00,0.100526005,0.0001
2016-09-15 00:00:00,0.098342925,0.0001
2016-09-16 00:00:00,0.097567484,0.0001
2016-09-17 00:00:00,0.096819974,0.0001
2016-09-18 00:00:00,0.095773906,0.0001
2016-09-19 00:00:00,0.094595462,0.0001
2016-09-20 00:00:00,0.093480922,0.0001
2016-09-21 00:00:00,0.092971779,0.0001
2016-09-22 00:00:00,0.092681058,0.0001
2016-09-23 00:00:00,0.097170778,0.0001
2016-09-24 00:00:00,0.095672749,0.0001
2016-09-25 00:00:00,0.094577476,0.0001
2016-09-26 00:00:00,0.093648583,0.0001
2016-09-27 00:00:00,0.093555301,0.0001
2016-09-28 00:00:00,0.09488225,0.0001
2016-09-29 00:00:00,0.107614279,0.0001
2016-09-30 00:00:00,0.108658433,0.0001
2016-10-01 00:00:00,0.110346042,0.0001
2016-10-02 00:00:00,0.181585297,0.0001
2016-10-03 00:00:00,0.51184541,0.0001
2016-10-04 00:00:00,0.268223822,0.0001
2016-10-05 00:00:00,0.196199998,0.0001
2016-10-06 00:00:00,0.169772834,0.0001
2016-10-07 00:00:00,0.157766759,0.0001
2016-10-08 00:00:00,0.165134996,0.0001
2016-10-09 00:00:00,0.166313484,0.0001
2016-10-10 00:00:00,0.266778409,0.0001
2016-10-11 00:00:00,0.207991123,0.0001
2016-10-12 00:00:00,0.156554416,0.0001
2016-10-13 00:00:00,0.144908175,0.0001
2016-10-14 00:00:00,0.138542712,0.0001
2016-10-15 00:00:00,0.132259309,0.0001
2016-10-16 00:00:00,0.139044523,0.0001
2016-10-17 00:00:00,0.139455795,0.0001
2016-10-18 00:00:00,0.143138438,0.0001
2016-10-19 00:00:00,0.204717964,0.0001
2016-10-20 00:00:00,0.342475325,0.0001
2016-10-21 00:00:00,0.399112105,0.0001
2016-10-22 00:00:00,0.559545755,0.0001
2016-10-23 00:00:00,0.673225224,0.0001
2016-10-24 00:00:00,0.549344242,0.0001
2016-10-25 00:00:00,0.407256138,0.0001
2016-10-26 00:00:00,0.317261368,0.0001
2016-10-27 00:00:00,0.291922778,0.0001
2016-10-28 00:00:00,0.272152334,0.0001
2016-10-29 00:00:00,0.242615536,0.0001
2016-10-30 00:00:00,0.219167069,0.0001
2016-10-31 00:00:00,0.207216322,0.0001
2016-11-01 00:00:00,0.20421192,0.0001
2016-11-02 00:00:00,0.191928223,0.0001
2016-11-03 00:00:00,0.176305398,0.0001
2016-11-04 00:00:00,0.177953228,0.0001
2016-11-05 00:00:00,0.253934592,0.0001
2016-11-06 00:00:00,0.830488622,0.0001
2016-11-07 00:00:00,0.849127889,0.0001
2016-11-08 00:00:00,0.640342236,0.0001
2016-11-09 00:00:00,0.547659576,0.0001
2016-11-10 00:00:00,0.55869931,0.0001
2016-11-11 00:00:00,0.441707462,0.0001
2016-11-12 00:00:00,0.331443757,0.0001
2016-11-13 00:00:00,0.292809546,0.0001
2016-11-14 00:00:00,0.321174711,0.0001
2016-11-15 00:00:00,0.843356848,0.0001
2016-11-16 00:00:00,0.688010573,0.0001
2016-11-17 00:00:00,0.558827071,0.0001
2016-11-18 00:00:00,0.688548923,0.0001
2016-11-19 00:00:00,0.844872355,0.0001
2016-11-20 00:00:00,0.954887271,0.0001
2016-11-21 00:00:00,1.190697312,0.0001
2016-11-22 00:00:00,0.97911787,0.0001
2016-11-23 00:00:00,0.754091382,0.0001
2016-11-24 00:00:00,0.598272085,0.0001
2016-11-25 00:00:00,0.514756024,0.0001
2016-11-26 00:00:00,0.472151399,0.0001
2016-11-27 00:00:00,0.417759677,0.0001
2016-11-28 00:00:00,0.358234137,0.0001
2016-11-29 00:00:00,0.330256045,0.0001
2016-11-30 00:00:00,0.359632105,0.0001
2016-12-01 00:00:00,0.672813475,0.0001
2016-12-02 00:00:00,0.589528859,0.0001
2016-12-03 00:00:00,0.436881244,0.0001
2016-12-04 00:00:00,0.372900069,0.0001
2016-12-05 00:00:00,0.348154536,0.0001
2016-12-06 00:00:00,0.320136189,0.0001
2016-12-07 00:00:00,0.332269063,0.0001
2016-12-08 00:00:00,0.37614283,0.0001
2016-12-09 00:00:00,0.345553696,0.0001
2016-12-10 00:00:00,0.49909991,0.0001
2016-12-11 00:00:00,0.461996347,0.0001
2016-12-12 00:00:00,0.389531761,0.0001
2016-12-13 00:00:00,0.35105437,0.0001
2016-12-14 00:00:00,0.317965865,0.0001
2016-12-15 00:00:00,0.28897584,0.0001
2016-12-16 00:00:00,0.27356711,0.0001
2016-12-17 00:00:00,0.260586113,0.0001
2016-12-18 00:00:00,0.266415298,0.0001
2016-12-19 00:00:00,0.255725443,0.0001
2016-12-20 00:00:00,0.24752605,0.0001
2016-12-21 00:00:00,0.24158594,0.0001
2016-12-22 00:00:00,0.24955608,0.0001
2016-12-23 00:00:00,0.358032912,0.0001
2016-12-24 00:00:00,0.503604472,0.0001
2016-12-25 00:00:00,0.719051898,0.0001
2016-12-26 00:00:00,0.683853924,0.0001
2016-12-27 00:00:00,0.618135095,0.0001
2016-12-28 00:00:00,0.46866411,0.0001
2016-12-29 00:00:00,0.401551068,0.0001
2016-12-30 00:00:00,0.357542604,0.0001
2016-12-31 00:00:00,0.331046432,0.0001
2017-01-01 00:00:00,0.356411994,0.0001
2017-01-02 00:00:00,0.332808793,0.0001
2017-01-03 00:00:00,0.323728144,0.0001
2017-01-04 00:00:00,0.345886976,0.0001
2017-01-05 00:00:00,0.27709952,0.0001
2017-01-06 00:00:00,0.250116557,0.0001
2017-01-07 00:00:00,0.256307542,0.0001
2017-01-08 00:00:00,0.247110993,0.0001
2017-01-09 00:00:00,0.249920562,0.0001
2017-01-10 00:00:00,0.26930767,0.0001
2017-01-11 00:00:00,0.588792622,0.0001
2017-01-12 00:00:00,0.791274428,0.0001
2017-01-13 00:00:00,0.649426877,0.0001
2017-01-14 00:00:00,0.442246646,0.0001
2017-01-15 00:00:00,0.355268836,0.0001
2017-01-16 00:00:00,0.296283066,0.0001
2017-01-17 00:00:00,0.264334112,0.0001
2017-01-18 00:00:00,0.268232018,0.0001
2017-01-19 00:00:00,0.299150586,0.0001
2017-01-20 00:00:00,0.304358393,0.0001
2017-01-21 00:00:00,0.287673146,0.0001
2017-01-22 00:00:00,0.272337139,0.0001
2017-01-23 00:00:00,0.258789539,0.0001
2017-01-24 00:00:00,0.243652835,0.0001
2017-01-25 00:00:00,0.232647592,0.0001
2017-01-26 00:00:00,0.224529013,0.0001
2017-01-27 00:00:00,0.218371749,0.0001
2017-01-28 00:00:00,0.208034649,0.0001
2017-01-29 00:00:00,0.209875315,0.0001
2017-01-30 00:00:00,0.213302538,0.0001
2017-01-31 00:00:00,0.205703467,0.0001
2017-02-01 00:00:00,0.203790814,0.0001
2017-02-02 00:00:00,0.206545308,0.0001
2017-02-03 00:00:00,0.199696317,0.0001
2017-02-04 00:00:00,0.20180051,0.0001
2017-02-05 00:00:00,0.200199828,0.0001
2017-02-06 00:00:00,0.231409803,0.0001
2017-02-07 00:00:00,0.222837372,0.0001
2017-02-08 00:00:00,0.208128095,0.0001
2017-02-09 00:00:00,0.205743372,0.0001
2017-02-10 00:00:00,0.203187272,0.0001
2017-02-11 00:00:00,0.19935225,0.0001
2017-02-12 00:00:00,0.193576008,0.0001
2017-02-13 00:00:00,0.19137527,0.0001
2017-02-14 00:00:00,0.188791573,0.0001
2017-02-15 00:00:00,0.185928449,0.0001
2017-02-16 00:00:00,0.205365852,0.0001
2017-02-17 00:00:00,0.270918399,0.0001
2017-02-18 00:00:00,0.247743535,0.0001
2017-02-19 00:00:00,0.244117096,0.0001
2017-02-20 00:00:00,0.243952334,0.0001
2017-02-21 00:00:00,0.241085052,0.0001
2017-02-22 00:00:00,0.372841805,0.0001
2017-02-23 00:00:00,0.375000268,0.0001
2017-02-24 00:00:00,0.520756841,0.0001
2017-02-25 00:00:00,0.549048901,0.0001
2017-02-26 00:00:00,0.842557847,0.0001
2017-02-27 00:00:00,0.793720901,0.0001
2017-02-28 00:00:00,0.929034114,0.0001
2017-03-01 00:00:00,0.809304535,0.0001
2017-03-02 00:00:00,0.68211627,0.0001
2017-03-03 00:00:00,0.565922499,0.0001
2017-03-04 00:00:00,0.518467546,0.0001
2017-03-05 00:00:00,0.53298384,0.0001
2017-03-06 00:00:00,0.581615448,0.0001
2017-03-07 00:00:00,0.470593035,0.0001
2017-03-08 00:00:00,0.424782962,0.0001
2017-03-09 00:00:00,0.416406333,0.0001
2017-03-10 00:00:00,0.406147838,0.0001
2017-03-11 00:00:00,0.371795297,0.0001
2017-03-12 00:00:00,0.431629092,0.0001
2017-03-13 00:00:00,0.411597908,0.0001
2017-03-14 00:00:00,0.395299762,0.0001
2017-03-15 00:00:00,0.378211468,0.0001
2017-03-16 00:00:00,0.366788775,0.0001
2017-03-17 00:00:00,0.378202498,0.0001
2017-03-18 00:00:00,0.502937078,0.0001
2017-03-19 00:00:00,0.412426144,0.0001
2017-03-20 00:00:00,0.54644841,0.0001
2017-03-21 00:00:00,0.805489659,0.0001
2017-03-22 00:00:00,0.633219898,0.0001
2017-03-23 00:00:00,0.564357281,0.0001
2017-03-24 00:00:00,0.504640996,0.0001
2017-03-25 00:00:00,0.466032267,0.0001
2017-03-26 00:00:00,0.433721989,0.0001
2017-03-27 00:00:00,0.410932064,0.0001
2017-03-28 00:00:00,0.392218858,0.0001
2017-03-29 00:00:00,0.37920824,0.0001
2017-03-30 00:00:00,0.378436601,0.0001
2017-03-31 00:00:00,0.364025235,0.0001
2017-04-01 00:00:00,0.348270476,0.0001
2017-04-02 00:00:00,0.32631439,0.0001
2017-04-03 00:00:00,0.295801908,0.0001
2017-04-04 00:00:00,0.250190109,0.0001
2017-04-05 00:00:00,0.243930802,0.0001
2017-04-06 00:00:00,0.232941762,0.0001
2017-04-07 00:00:00,0.229101211,0.0001
2017-04-08 00:00:00,0.221964821,0.0001
2017-04-09 00:00:00,0.214923859,0.0001
2017-04-10 00:00:00,0.214125723,0.0001
2017-04-11 00:00:00,0.204726607,0.0001
2017-04-12 00:00:00,0.223589286,0.0001
2017-04-13 00:00:00,0.215050682,0.0001
2017-04-14 00:00:00,0.21419099,0.0001
2017-04-15 00:00:00,0.328989953,0.0001
2017-04-16 00:00:00,0.446692675,0.0001
2017-04-17 00:00:00,0.600202858,0.0001
2017-04-18 00:00:00,0.557212055,0.0001
2017-04-19 00:00:00,0.387290865,0.0001
2017-04-20 00:00:00,0.324526668,0.0001
2017-04-21 00:00:00,0.304250062,0.0001
2017-04-22 00:00:00,0.279285014,0.0001
2017-04-23 00:00:00,0.251466453,0.0001
2017-04-24 00:00:00,0.268315282,0.0001
2017-04-25 00:00:00,0.261862138,0.0001
2017-04-26 00:00:00,0.265003778,0.0001
2017-04-27 00:00:00,0.272158086,0.0001
2017-04-28 00:00:00,0.281511277,0.0001
2017-04-29 00:00:00,0.452942252,0.0001
2017-04-30 00:00:00,0.339120597,0.0001
2017-05-01 00:00:00,0.279058725,0.0001
2017-05-02 00:00:00,0.244388297,0.0001
2017-05-03 00:00:00,0.223885694,0.0001
2017-05-04 00:00:00,0.210607037,0.0001
2017-05-05 00:00:00,0.201497748,0.0001
2017-05-06 00:00:00,0.201452687,0.0001
2017-05-07 00:00:00,0.189744875,0.0001
2017-05-08 00:00:00,0.178691998,0.0001
2017-05-09 00:00:00,0.176921934,0.0001
2017-05-10 00:00:00,0.192948014,0.0001
2017-05-11 00:00:00,0.187093467,0.0001
2017-05-12 00:00:00,0.172368586,0.0001
2017-05-13 00:00:00,0.163935691,0.0001
2017-05-14 00:00:00,0.159373909,0.0001
2017-05-15 00:00:00,0.150845379,0.0001
2017-05-16 00:00:00,0.174572662,0.0001
2017-05-17 00:00:00,0.168532953,0.0001
2017-05-18 00:00:00,0.157014921,0.0001
2017-05-19 00:00:00,0.146404392,0.0001
2017-05-20 00:00:00,0.138411372,0.0001
2017-05-21 00:00:00,0.130446538,0.0001
2017-05-22 00:00:00,0.126829371,0.0001
2017-05-23 00:00:00,0.123792358,0.0001
2017-05-24 00:00:00,0.118091628,0.0001
2017-05-25 00:00:00,0.113016799,0.0001
2017-05-26 00:00:00,0.108650468,0.0001
2017-05-27 00:00:00,0.103800736,0.0001
2017-05-28 00:00:00,0.10216821,0.0001
2017-05-29 00:00:00,0.102247469,0.0001
2017-05-30 00:00:00,0.100865224,0.0001
2017-05-31 00:00:00,0.097873494,0.0001
2017-06-01 00:00:00,0.093193717,0.0001
2017-06-02 00:00:00,0.091255777,0.0001
2017-06-03 00:00:00,0.092596628,0.0001
2017-06-04 00:00:00,0.092375286,0.0001
2017-06-05 00:00:00,0.088802516,0.0001
2017-06-06 00:00:00,0.090580508,0.0001
2017-06-07 00:00:00,0.110525534,0.0001
2017-06-08 00:00:00,0.126395836,0.0001
2017-06-09 00:00:00,0.139689237,0.0001
2017-06-10 00:00:00,0.151343539,0.0001
2017-06-11 00:00:00,0.117450587,0.0001
2017-06-12 00:00:00,0.154863894,0.0001
2017-06-13 00:00:00,0.118326545,0.0001
2017-06-14 00:00:00,0.105814822,0.0001
2017-06-15 00:00:00,0.100875974,0.0001
2017-06-16 00:00:00,0.096494287,0.0001
2017-06-17 00:00:00,0.09030097,0.0001
2017-06-18 00:00:00,0.085611598,0.0001
2017-06-19 00:00:00,0.082054555,0.0001
2017-06-20 00:00:00,0.079431206,0.0001
2017-06-21 00:00:00,0.078567982,0.0001
2017-06-22 00:00:00,0.079942212,0.0001
2017-06-23 00:00:00,0.088118091,0.0001
2017-06-24 00:00:00,0.086755171,0.0001
2017-06-25 00:00:00,0.081373677,0.0001
2017-06-26 00:00:00,0.077240676,0.0001
2017-06-27 00:00:00,0.073906019,0.0001
2017-06-28 00:00:00,0.074392691,0.0001
2017-06-29 00:00:00,0.100846983,0.0001
2017-06-30 00:00:00,0.101592533,0.0001
2017-07-01 00:00:00,0.091929354,0.0001
2017-07-02 00:00:00,0.082696785,0.0001
2017-07-03 00:00:00,0.080174424,0.0001
2017-07-04 00:00:00,0.077677153,0.0001
2017-07-05 00:00:00,0.074019156,0.0001
2017-07-06 00:00:00,0.072894208,0.0001
2017-07-07 00:00:00,0.072497539,0.0001
2017-07-08 00:00:00,0.080723397,0.0001
2017-07-09 00:00:00,0.077440605,0.0001
2017-07-10 00:00:00,0.074135512,0.0001
2017-07-11 00:00:00,0.082980387,0.0001
2017-07-12 00:00:00,0.080441222,0.0001
2017-07-13 00:00:00,0.072994061,0.0001
2017-07-14 00:00:00,0.07342957,0.0001
2017-07-15 00:00:00,0.072444491,0.0001
2017-07-16 00:00:00,0.074724257,0.0001
2017-07-17 00:00:00,0.072833821,0.0001
2017-07-18 00:00:00,0.070523642,0.0001
2017-07-19 00:00:00,0.069744863,0.0001
2017-07-20 00:00:00,0.071554467,0.0001
2017-07-21 00:00:00,0.084624544,0.0001
2017-07-22 00:00:00,0.076613501,0.0001
2017-07-23 00:00:00,0.100080743,0.0001
2017-07-24 00:00:00,0.117200859,0.0001
2017-07-25 00:00:00,0.091764212,0.0001
2017-07-26 00:00:00,0.085074335,0.0001
2017-07-27 00:00:00,0.085023709,0.0001
2017-07-28 00:00:00,0.083441459,0.0001
2017-07-29 00:00:00,0.113353848,0.0001
2017-07-30 00:00:00,0.133981779,0.0001
2017-07-31 00:00:00,0.127865583,0.0001
2017-08-01 00:00:00,0.104469188,0.0001
2017-08-02 00:00:00,0.101453677,0.0001
2017-08-03 00:00:00,0.147520185,0.0001
2017-08-04 00:00:00,0.151787147,0.0001
2017-08-05 00:00:00,0.126230508,0.0001
2017-08-06 00:00:00,0.106961809,0.0001
2017-08-07 00:00:00,0.096770155,0.0001
2017-08-08 00:00:00,0.088110052,0.0001
2017-08-09 00:00:00,0.088288695,0.0001
2017-08-10 00:00:00,0.08196944,0.0001
2017-08-11 00:00:00,0.080812015,0.0001
2017-08-12 00:00:00,0.084019579,0.0001
2017-08-13 00:00:00,0.085436895,0.0001
2017-08-14 00:00:00,0.076650389,0.0001
2017-08-15 00:00:00,0.074093468,0.0001
2017-08-16 00:00:00,0.082345955,0.0001
2017-08-17 00:00:00,0.083590433,0.0001
2017-08-18 00:00:00,0.106205441,0.0001
2017-08-19 00:00:00,0.119289197,0.0001
2017-08-20 00:00:00,0.10965877,0.0001
2017-08-21 00:00:00,0.109614626,0.0001
2017-08-22 00:00:00,0.093287289,0.0001
2017-08-23 00:00:00,0.08479473,0.0001
2017-08-24 00:00:00,0.079360291,0.0001
2017-08-25 00:00:00,0.074994382,0.0001
2017-08-26 00:00:00,0.071896374,0.0001
2017-08-27 00:00:00,0.0740707,0.0001
2017-08-28 00:00:00,0.072882589,0.0001
2017-08-29 00:00:00,0.073299968,0.0001
2017-08-30 00:00:00,0.079933591,0.0001
2017-08-31 00:00:00,0.107367679,0.0001
2017-09-01 00:00:00,0.091057852,0.0001
2017-09-02 00:00:00,0.086789776,0.0001
2017-09-03 00:00:00,0.0848272,0.0001
2017-09-04 00:00:00,0.083605945,0.0001
2017-09-05 00:00:00,0.083395056,0.0001
2017-09-06 00:00:00,0.262223005,0.0001
2017-09-07 00:00:00,0.592346072,0.0001
2017-09-08 00:00:00,0.538206637,0.0001
2017-09-09 00:00:00,0.485716373,0.0001
2017-09-10 00:00:00,0.388950378,0.0001
2017-09-11 00:00:00,0.32211253,0.0001
2017-09-12 00:00:00,0.365058541,0.0001
2017-09-13 00:00:00,0.3620134,0.0001
2017-09-14 00:00:00,0.602696717,0.0001
2017-09-15 00:00:00,0.899262249,0.0001
2017-09-16 00:00:00,0.681051612,0.0001
2017-09-17 00:00:00,0.531529188,0.0001
2017-09-18 00:00:00,0.43375802,0.0001
2017-09-19 00:00:00,0.377865463,0.0001
2017-09-20 00:00:00,0.344764292,0.0001
2017-09-21 00:00:00,0.291805923,0.0001
2017-09-22 00:00:00,0.254524887,0.0001
2017-09-23 00:00:00,0.234077767,0.0001
2017-09-24 00:00:00,0.223437354,0.0001
2017-09-25 00:00:00,0.21571447,0.0001
2017-09-26 00:00:00,0.207566261,0.0001
2017-09-27 00:00:00,0.207583487,0.0001
2017-09-28 00:00:00,0.198541522,0.0001
2017-09-29 00:00:00,0.199650735,0.0001
2017-09-30 00:00:00,0.198041171,0.0001
2017-10-01 00:00:00,0.25984779,0.0001
2017-10-02 00:00:00,0.451018125,0.0001
2017-10-03 00:00:00,0.512795687,0.0001
2017-10-04 00:00:00,0.495814741,0.0001
2017-10-05 00:00:00,0.596187174,0.0001
2017-10-06 00:00:00,0.453898907,0.0001
2017-10-07 00:00:00,0.375992596,0.0001
2017-10-08 00:00:00,0.38265267,0.0001
2017-10-09 00:00:00,0.312785685,0.0001
2017-10-10 00:00:00,0.289800972,0.0001
2017-10-11 00:00:00,0.283660054,0.0001
2017-10-12 00:00:00,0.746764302,0.0001
2017-10-13 00:00:00,0.690392494,0.0001
2017-10-14 00:00:00,0.566114664,0.0001
2017-10-15 00:00:00,0.490322053,0.0001
2017-10-16 00:00:00,0.416531682,0.0001
2017-10-17 00:00:00,0.364283949,0.0001
2017-10-18 00:00:00,0.318512529,0.0001
2017-10-19 00:00:00,0.302561849,0.0001
2017-10-20 00:00:00,0.314384669,0.0001
2017-10-21 00:00:00,0.587000728,0.0001
2017-10-22 00:00:00,0.507065654,0.0001
2017-10-23 00:00:00,0.41392678,0.0001
2017-10-24 00:00:00,0.484331906,0.0001
2017-10-25 00:00:00,0.832131267,0.0001
2017-10-26 00:00:00,0.81196326,0.0001
2017-10-27 00:00:00,0.652063429,0.0001
2017-10-28 00:00:00,0.508371413,0.0001
2017-10-29 00:00:00,0.452337652,0.0001
2017-10-30 00:00:00,0.367796808,0.0001
2017-10-31 00:00:00,0.32672592,0.0001
2017-11-01 00:00:00,0.309575886,0.0001
2017-11-02 00:00:00,0.471564323,0.0001
2017-11-03 00:00:00,0.390002966,0.0001
2017-11-04 00:00:00,0.3490082,0.0001
2017-11-05 00:00:00,0.317317158,0.0001
2017-11-06 00:00:00,0.276738226,0.0001
2017-11-07 00:00:00,0.257837027,0.0001
2017-11-08 00:00:00,0.247370943,0.0001
2017-11-09 00:00:00,0.243586153,0.0001
2017-11-10 00:00:00,0.363055958,0.0001
2017-11-11 00:00:00,0.424364686,0.0001
2017-11-12 00:00:00,0.356379271,0.0001
2017-11-13 00:00:00,0.361053526,0.0001
2017-11-14 00:00:00,0.353351772,0.0001
2017-11-15 00:00:00,0.308938116,0.0001
2017-11-16 00:00:00,0.286778361,0.0001
2017-11-17 00:00:00,0.329339892,0.0001
2017-11-18 00:00:00,0.443482459,0.0001
2017-11-19 00:00:00,0.744103432,0.0001
2017-11-20 00:00:00,0.567061782,0.0001
2017-11-21 00:00:00,0.438462094,0.0001
2017-11-22 00:00:00,0.710220158,0.0001
2017-11-23 00:00:00,0.745029449,0.0001
2017-11-24 00:00:00,0.625267565,0.0001
2017-11-25 00:00:00,0.539302826,0.0001
2017-11-26 00:00:00,0.462309897,0.0001
2017-11-27 00:00:00,0.505545676,0.0001
2017-11-28 00:00:00,0.633930326,0.0001
2017-11-29 00:00:00,0.526471019,0.0001
2017-11-30 00:00:00,0.437595636,0.0001
2017-12-01 00:00:00,0.371673942,0.0001
2017-12-02 00:00:00,0.337722838,0.0001
2017-12-03 00:00:00,0.408673197,0.0001
2017-12-04 00:00:00,0.373066127,0.0001
2017-12-05 00:00:00,0.342385322,0.0001
2017-12-06 00:00:00,0.36241889,0.0001
2017-12-07 00:00:00,0.443709791,0.0001
2017-12-08 00:00:00,0.654081583,0.0001
2017-12-09 00:00:00,0.61116749,0.0001
2017-12-10 00:00:00,0.495067686,0.0001
2017-12-11 00:00:00,0.42620042,0.0001
2017-12-12 00:00:00,0.382789284,0.0001
2017-12-13 00:00:00,0.41630739,0.0001
2017-12-14 00:00:00,0.776244223,0.0001
2017-12-15 00:00:00,0.727071583,0.0001
2017-12-16 00:00:00,0.517054081,0.0001
2017-12-17 00:00:00,0.402369946,0.0001
2017-12-18 00:00:00,0.362678438,0.0001
2017-12-19 00:00:00,0.349052937,0.0001
2017-12-20 00:00:00,0.369082719,0.0001
2017-12-21 00:00:00,0.359488249,0.0001
2017-12-22 00:00:00,0.331471652,0.0001
2017-12-23 00:00:00,0.323674202,0.0001
2017-12-24 00:00:00,0.316681236,0.0001
2017-12-25 00:00:00,0.373278588,0.0001
2017-12-26 00:00:00,0.443179995,0.0001
2017-12-27 00:00:00,0.631818414,0.0001
2017-12-28 00:00:00,0.688894987,0.0001
2017-12-29 00:00:00,0.549796343,0.0001
2017-12-30 00:00:00,0.462440252,0.0001
2017-12-31 00:00:00,0.491384864,0.0001
2018-01-01 00:00:00,0.892043293,0.0001
2018-01-02 00:00:00,1.046354651,0.0001
2018-01-03 00:00:00,1.027183414,0.0001
2018-01-04 00:00:00,1.171781301,0.0001
2018-01-05 00:00:00,0.950370193,0.0001
2018-01-06 00:00:00,0.730713606,0.0001
2018-01-07 00:00:00,0.566060901,0.0001
2018-01-08 00:00:00,0.467794269,0.0001
2018-01-09 00:00:00,0.419878576,0.0001
2018-01-10 00:00:00,0.415255278,0.0001
2018-01-11 00:00:00,0.421339357,0.0001
2018-01-12 00:00:00,0.411199904,0.0001
2018-01-13 00:00:00,0.394786149,0.0001
2018-01-14 00:00:00,0.373201936,0.0001
2018-01-15 00:00:00,0.364771843,0.0001
2018-01-16 00:00:00,0.656821012,0.0001
2018-01-17 00:00:00,0.625605881,0.0001
2018-01-18 00:00:00,0.501559913,0.0001
2018-01-19 00:00:00,0.437463999,0.0001
2018-01-20 00:00:00,0.429233521,0.0001
2018-01-21 00:00:00,0.431679249,0.0001
2018-01-22 00:00:00,0.403676157,0.0001
2018-01-23 00:00:00,0.380289853,0.0001
2018-01-24 00:00:00,0.714874983,0.0001
2018-01-25 00:00:00,0.676478267,0.0001
2018-01-26 00:00:00,0.527564347,0.0001
2018-01-27 00:00:00,0.458452135,0.0001
2018-01-28 00:00:00,0.662530243,0.0001
2018-01-29 00:00:00,0.656944335,0.0001
2018-01-30 00:00:00,0.609496117,0.0001
2018-01-31 00:00:00,0.580863476,0.0001
2018-02-01 00:00:00,0.65387255,0.0001
2018-02-02 00:00:00,0.739268005,0.0001
2018-02-03 00:00:00,0.601430058,0.0001
2018-02-04 00:00:00,0.497261286,0.0001
2018-02-05 00:00:00,0.451291203,0.0001
2018-02-06 00:00:00,0.425572852,0.0001
2018-02-07 00:00:00,0.392231256,0.0001
2018-02-08 00:00:00,0.373552591,0.0001
2018-02-09 00:00:00,0.352157146,0.0001
2018-02-10 00:00:00,0.330946565,0.0001
2018-02-11 00:00:00,0.355777025,0.0001
2018-02-12 00:00:00,0.472523212,0.0001
2018-02-13 00:00:00,0.390782714,0.0001
2018-02-14 00:00:00,0.356280893,0.0001
2018-02-15 00:00:00,0.340558022,0.0001
2018-02-16 00:00:00,0.392260671,0.0001
2018-02-17 00:00:00,0.43658331,0.0001
2018-02-18 00:00:00,0.39663294,0.0001
2018-02-19 00:00:00,0.418553323,0.0001
2018-02-20 00:00:00,0.574811941,0.0001
2018-02-21 00:00:00,0.52156502,0.0001
2018-02-22 00:00:00,0.454215676,0.0001
2018-02-23 00:00:00,0.395893306,0.0001
2018-02-24 00:00:00,0.360645175,0.0001
2018-02-25 00:00:00,0.334467232,0.0001
2018-02-26 00:00:00,0.312549055,0.0001
2018-02-27 00:00:00,0.294830203,0.0001
2018-02-28 00:00:00,0.282036722,0.0001
2018-03-01 00:00:00,0.277580947,0.0001
2018-03-02 00:00:00,0.27063641,0.0001
2018-03-03 00:00:00,0.262286961,0.0001
2018-03-04 00:00:00,0.255988568,0.0001
2018-03-05 00:00:00,0.255863726,0.0001
2018-03-06 00:00:00,0.267631531,0.0001
2018-03-07 00:00:00,0.267402858,0.0001
2018-03-08 00:00:00,0.268959671,0.0001
2018-03-09 00:00:00,0.285635591,0.0001
2018-03-10 00:00:00,0.286730349,0.0001
2018-03-11 00:00:00,0.778237879,0.0001
2018-03-12 00:00:00,1.297733903,0.0001
2018-03-13 00:00:00,1.088028332,0.0001
2018-03-14 00:00:00,0.777588606,0.0001
2018-03-15 00:00:00,0.60004133,0.0001
2018-03-16 00:00:00,0.490086645,0.0001
2018-03-17 00:00:00,0.414198279,0.0001
2018-03-18 00:00:00,0.372756779,0.0001
2018-03-19 00:00:00,0.348941803,0.0001
2018-03-20 00:00:00,0.327449143,0.0001
2018-03-21 00:00:00,0.31539318,0.0001
2018-03-22 00:00:00,0.392709881,0.0001
2018-03-23 00:00:00,0.385868818,0.0001
2018-03-24 00:00:00,0.373355895,0.0001
2018-03-25 00:00:00,0.357198268,0.0001
2018-03-26 00:00:00,0.342092574,0.0001
2018-03-27 00:00:00,0.347125202,0.0001
2018-03-28 00:00:00,0.329265386,0.0001
2018-03-29 00:00:00,0.311861128,0.0001
2018-03-30 00:00:00,0.292478025,0.0001
2018-03-31 00:00:00,0.30586946,0.0001
2018-04-01 00:00:00,0.345858008,0.0001
2018-04-02 00:00:00,0.337334931,0.0001
2018-04-03 00:00:00,0.380786747,0.0001
2018-04-04 00:00:00,0.421164066,0.0001
2018-04-05 00:00:00,0.517340004,0.0001
2018-04-06 00:00:00,0.447414964,0.0001
2018-04-07 00:00:00,0.399925798,0.0001
2018-04-08 00:00:00,0.373954296,0.0001
2018-04-09 00:00:00,0.360068411,0.0001
2018-04-10 00:00:00,0.343215908,0.0001
2018-04-11 00:00:00,0.329756518,0.0001
2018-04-12 00:00:00,0.322890797,0.0001
2018-04-13 00:00:00,0.319870536,0.0001
2018-04-14 00:00:00,0.31042667,0.0001
2018-04-15 00:00:00,0.298039142,0.0001
2018-04-16 00:00:00,0.290144893,0.0001
2018-04-17 00:00:00,0.276040614,0.0001
2018-04-18 00:00:00,0.2614654,0.0001
2018-04-19 00:00:00,0.20949401,0.0001
2018-04-20 00:00:00,0.202521473,0.0001
2018-04-21 00:00:00,0.196219116,0.0001
2018-04-22 00:00:00,0.191396445,0.0001
2018-04-23 00:00:00,0.194848597,0.0001
2018-04-24 00:00:00,0.197259754,0.0001
2018-04-25 00:00:00,0.18546401,0.0001
2018-04-26 00:00:00,0.17776601,0.0001
2018-04-27 00:00:00,0.168732285,0.0001
2018-04-28 00:00:00,0.168351665,0.0001
2018-04-29 00:00:00,0.163970515,0.0001
2018-04-30 00:00:00,0.365488172,0.0001
2018-05-01 00:00:00,0.541544199,0.0001
2018-05-02 00:00:00,0.291867584,0.0001
2018-05-03 00:00:00,0.228430063,0.0001
2018-05-04 00:00:00,0.196686521,0.0001
2018-05-05 00:00:00,0.18170324,0.0001
2018-05-06 00:00:00,0.172349468,0.0001
2018-05-07 00:00:00,0.164824247,0.0001
2018-05-08 00:00:00,0.157141984,0.0001
2018-05-09 00:00:00,0.149672911,0.0001
2018-05-10 00:00:00,0.14495261,0.0001
2018-05-11 00:00:00,0.137213975,0.0001
2018-05-12 00:00:00,0.131012442,0.0001
2018-05-13 00:00:00,0.125556358,0.0001
2018-05-14 00:00:00,0.120168174,0.0001
2018-05-15 00:00:00,0.116237959,0.0001
2018-05-16 00:00:00,0.113761374,0.0001
2018-05-17 00:00:00,0.11870946,0.0001
2018-05-18 00:00:00,0.118086554,0.0001
2018-05-19 00:00:00,0.112920687,0.0001
2018-05-20 00:00:00,0.106850563,0.0001
2018-05-21 00:00:00,0.10300006,0.0001
2018-05-22 00:00:00,0.100681476,0.0001
2018-05-23 00:00:00,0.096846879,0.0001
2018-05-24 00:00:00,0.093970306,0.0001
2018-05-25 00:00:00,0.092113502,0.0001
2018-05-26 00:00:00,0.090007834,0.0001
2018-05-27 00:00:00,0.088604681,0.0001
2018-05-28 00:00:00,0.090520844,0.0001
2018-05-29 00:00:00,0.089779079,0.0001
2018-05-30 00:00:00,0.08495041,0.0001
2018-05-31 00:00:00,0.081090279,0.0001
2018-06-01 00:00:00,0.078290366,0.0001
2018-06-02 00:00:00,0.076005772,0.0001
2018-06-03 00:00:00,0.074320979,0.0001
2018-06-04 00:00:00,0.073844358,0.0001
2018-06-05 00:00:00,0.071897253,0.0001
2018-06-06 00:00:00,0.070294291,0.0001
2018-06-07 00:00:00,0.068533704,0.0001
2018-06-08 00:00:00,0.067106374,0.0001
2018-06-09 00:00:00,0.066271223,0.0001
2018-06-10 00:00:00,0.074447654,0.0001
2018-06-11 00:00:00,0.076295711,0.0001
2018-06-12 00:00:00,0.07001888,0.0001
2018-06-13 00:00:00,0.066660874,0.0001
2018-06-14 00:00:00,0.066006951,0.0001
2018-06-15 00:00:00,0.070063355,0.0001
2018-06-16 00:00:00,0.07846646,0.0001
2018-06-17 00:00:00,0.091562875,0.0001
2018-06-18 00:00:00,0.077257045,0.0001
2018-06-19 00:00:00,0.073063485,0.0001
2018-06-20 00:00:00,0.072444126,0.0001
2018-06-21 00:00:00,0.071665384,0.0001
2018-06-22 00:00:00,0.070153676,0.0001
2018-06-23 00:00:00,0.06917847,0.0001
2018-06-24 00:00:00,0.068170294,0.0001
2018-06-25 00:00:00,0.06646806,0.0001
2018-06-26 00:00:00,0.064581856,0.0001
2018-06-27 00:00:00,0.065442421,0.0001
2018-06-28 00:00:00,0.065726914,0.0001
2018-06-29 00:00:00,0.063032687,0.0001
2018-06-30 00:00:00,0.060661837,0.0001
2018-07-01 00:00:00,0.058115162,0.0001
2018-07-02 00:00:00,0.055431469,0.0001
2018-07-03 00:00:00,0.053378602,0.0001
2018-07-04 00:00:00,0.052521454,0.0001
2018-07-05 00:00:00,0.053392336,0.0001
2018-07-06 00:00:00,0.051295886,0.0001
2018-07-07 00:00:00,0.049800351,0.0001
2018-07-08 00:00:00,0.049469989,0.0001
2018-07-09 00:00:00,0.049886001,0.0001
2018-07-10 00:00:00,0.050164444,0.0001
2018-07-11 00:00:00,0.049161779,0.0001
2018-07-12 00:00:00,0.048132923,0.0001
2018-07-13 00:00:00,0.046045367,0.0001
2018-07-14 00:00:00,0.045774221,0.0001
2018-07-15 00:00:00,0.044670645,0.0001
2018-07-16 00:00:00,0.043749686,0.0001
2018-07-17 00:00:00,0.043084901,0.0001
2018-07-18 00:00:00,0.042924158,0.0001
2018-07-19 00:00:00,0.042294603,0.0001
2018-07-20 00:00:00,0.041195199,0.0001
2018-07-21 00:00:00,0.042311363,0.0001
2018-07-22 00:00:00,0.043107156,0.0001
2018-07-23 00:00:00,0.04285495,0.0001
2018-07-24 00:00:00,0.042698633,0.0001
2018-07-25 00:00:00,0.042454841,0.0001
2018-07-26 00:00:00,0.043076355,0.0001
2018-07-27 00:00:00,0.043561356,0.0001
2018-07-28 00:00:00,0.04253697,0.0001
2018-07-29 00:00:00,0.047400501,0.0001
2018-07-30 00:00:00,0.044355534,0.0001
2018-07-31 00:00:00,0.043952417,0.0001
2018-08-01 00:00:00,0.044259954,0.0001
2018-08-02 00:00:00,0.043358449,0.0001
2018-08-03 00:00:00,0.04314271,0.0001
2018-08-04 00:00:00,0.043791179,0.0001
2018-08-05 00:00:00,0.04454295,0.0001
2018-08-06 00:00:00,0.046977491,0.0001
2018-08-07 00:00:00,0.046946395,0.0001
2018-08-08 00:00:00,0.047800716,0.0001
2018-08-09 00:00:00,0.051858574,0.0001
2018-08-10 00:00:00,0.061390076,0.0001
2018-08-11 00:00:00,0.061798319,0.0001
2018-08-12 00:00:00,0.064288437,0.0001
2018-08-13 00:00:00,0.079502843,0.0001
2018-08-14 00:00:00,0.097723916,0.0001
2018-08-15 00:00:00,0.075707003,0.0001
2018-08-16 00:00:00,0.071198478,0.0001
2018-08-17 00:00:00,0.066032968,0.0001
2018-08-18 00:00:00,0.061679117,0.0001
2018-08-19 00:00:00,0.059287455,0.0001
2018-08-20 00:00:00,0.05752724,0.0001
2018-08-21 00:00:00,0.054595754,0.0001
2018-08-22 00:00:00,0.056156687,0.0001
2018-08-23 00:00:00,0.054490875,0.0001
2018-08-24 00:00:00,0.060767151,0.0001
2018-08-25 00:00:00,0.058580868,0.0001
2018-08-26 00:00:00,0.056508861,0.0001
2018-08-27 00:00:00,0.062855981,0.0001
2018-08-28 00:00:00,0.063187517,0.0001
2018-08-29 00:00:00,0.05892209,0.0001
2018-08-30 00:00:00,0.059746798,0.0001
2018-08-31 00:00:00,0.058212653,0.0001
2018-09-01 00:00:00,0.056389675,0.0001
2018-09-02 00:00:00,0.055768415,0.0001
2018-09-03 00:00:00,0.056816544,0.0001
2018-09-04 00:00:00,0.056140799,0.0001
2018-09-05 00:00:00,0.055404481,0.0001
2018-09-06 00:00:00,0.055377,0.0001
2018-09-07 00:00:00,0.11737781,0.0001
2018-09-08 00:00:00,0.121371038,0.0001
2018-09-09 00:00:00,0.114475213,0.0001
2018-09-10 00:00:00,0.087379023,0.0001
2018-09-11 00:00:00,0.085588634,0.0001
2018-09-12 00:00:00,0.082370505,0.0001
2018-09-13 00:00:00,0.074611276,0.0001
2018-09-14 00:00:00,0.071866848,0.0001
2018-09-15 00:00:00,0.071133472,0.0001
2018-09-16 00:00:00,0.068292402,0.0001
2018-09-17 00:00:00,0.066629373,0.0001
2018-09-18 00:00:00,0.063958757,0.0001
2018-09-19 00:00:00,0.062996879,0.0001
2018-09-20 00:00:00,0.063705921,0.0001
2018-09-21 00:00:00,0.065096617,0.0001
2018-09-22 00:00:00,0.067658558,0.0001
2018-09-23 00:00:00,0.06697236,0.0001
2018-09-24 00:00:00,0.06366206,0.0001
2018-09-25 00:00:00,0.062522493,0.0001
2018-09-26 00:00:00,0.062661938,0.0001
2018-09-27 00:00:00,0.064226255,0.0001
2018-09-28 00:00:00,0.060855653,0.0001
2018-09-29 00:00:00,0.0602527,0.0001
2018-09-30 00:00:00,0.060906067,0.0001
2018-10-01 00:00:00,0.061636101,0.0001
2018-10-02 00:00:00,0.063327953,0.0001
2018-10-03 00:00:00,0.061981905,0.0001
2018-10-04 00:00:00,0.059128609,0.0001
2018-10-05 00:00:00,0.059962954,0.0001
2018-10-06 00:00:00,0.059943612,0.0001
2018-10-07 00:00:00,0.061591586,0.0001
2018-10-08 00:00:00,0.061189149,0.0001
2018-10-09 00:00:00,0.061090679,0.0001
2018-10-10 00:00:00,0.060842189,0.0001
2018-10-11 00:00:00,0.062516811,0.0001
2018-10-12 00:00:00,0.063155457,0.0001
2018-10-13 00:00:00,0.063439928,0.0001
2018-10-14 00:00:00,0.064230829,0.0001
2018-10-15 00:00:00,0.065383799,0.0001
2018-10-16 00:00:00,0.065501973,0.0001
2018-10-17 00:00:00,0.065886334,0.0001
2018-10-18 00:00:00,0.066113025,0.0001
2018-10-19 00:00:00,0.066283777,0.0001
2018-10-20 00:00:00,0.066196956,0.0001
2018-10-21 00:00:00,0.066156194,0.0001
2018-10-22 00:00:00,0.065960906,0.0001
2018-10-23 00:00:00,0.081066594,0.0001
2018-10-24 00:00:00,0.069967054,0.0001
2018-10-25 00:00:00,0.065232575,0.0001
2018-10-26 00:00:00,0.067655817,0.0001
2018-10-27 00:00:00,0.068789542,0.0001
2018-10-28 00:00:00,0.065669194,0.0001
2018-10-29 00:00:00,0.071032718,0.0001
2018-10-30 00:00:00,0.093270019,0.0001
2018-10-31 00:00:00,0.085720547,0.0001
2018-11-01 00:00:00,0.074499637,0.0001
2018-11-02 00:00:00,0.070753969,0.0001
2018-11-03 00:00:00,0.067672685,0.0001
2018-11-04 00:00:00,0.066570018,0.0001
2018-11-05 00:00:00,0.065691692,0.0001
2018-11-06 00:00:00,0.065943901,0.0001
2018-11-07 00:00:00,0.066936969,0.0001
2018-11-08 00:00:00,0.067541279,0.0001
2018-11-09 00:00:00,0.069217369,0.0001
2018-11-10 00:00:00,0.072304887,0.0001
2018-11-11 00:00:00,0.082683787,0.0001
2018-11-12 00:00:00,0.085928082,0.0001
2018-11-13 00:00:00,0.091485761,0.0001
2018-11-14 00:00:00,0.100174099,0.0001
2018-11-15 00:00:00,0.098107219,0.0001
2018-11-16 00:00:00,0.093642727,0.0001
2018-11-17 00:00:00,0.090373984,0.0001
2018-11-18 00:00:00,0.08911895,0.0001
2018-11-19 00:00:00,0.089044951,0.0001
2018-11-20 00:00:00,0.09118624,0.0001
2018-11-21 00:00:00,0.089121908,0.0001
2018-11-22 00:00:00,0.088194005,0.0001
2018-11-23 00:00:00,0.088160783,0.0001
2018-11-24 00:00:00,0.088855408,0.0001
2018-11-25 00:00:00,0.090913974,0.0001
2018-11-26 00:00:00,0.093868278,0.0001
2018-11-27 00:00:00,0.091659956,0.0001
2018-11-28 00:00:00,0.091602191,0.0001
2018-11-29 00:00:00,0.10063383,0.0001
2018-11-30 00:00:00,0.120798968,0.0001
2018-12-01 00:00:00,0.11655055,0.0001
2018-12-02 00:00:00,0.132582992,0.0001
2018-12-03 00:00:00,0.17148824,0.0001
2018-12-04 00:00:00,0.157901749,0.0001
2018-12-05 00:00:00,0.135522693,0.0001
2018-12-06 00:00:00,0.139428817,0.0001
2018-12-07 00:00:00,0.17099072,0.0001
2018-12-08 00:00:00,0.278872609,0.0001
2018-12-09 00:00:00,0.38997975,0.0001
2018-12-10 00:00:00,0.263747066,0.0001
2018-12-11 00:00:00,0.186304018,0.0001
2018-12-12 00:00:00,0.161800012,0.0001
2018-12-13 00:00:00,0.152515292,0.0001
2018-12-14 00:00:00,0.152509883,0.0001
2018-12-15 00:00:00,0.162643717,0.0001
2018-12-16 00:00:00,0.165236592,0.0001
2018-12-17 00:00:00,0.151174322,0.0001
2018-12-18 00:00:00,0.140837207,0.0001
2018-12-19 00:00:00,0.139187649,0.0001
2018-12-20 00:00:00,0.143283918,0.0001
2018-12-21 00:00:00,0.17612344,0.0001
2018-12-22 00:00:00,0.469200283,0.0001
2018-12-23 00:00:00,0.43705231,0.0001
2018-12-24 00:00:00,0.400665194,0.0001
2018-12-25 00:00:00,0.29652223,0.0001
2018-12-26 00:00:00,0.246429533,0.0001
2018-12-27 00:00:00,0.221185684,0.0001
2018-12-28 00:00:00,0.202076688,0.0001
2018-12-29 00:00:00,0.203219756,0.0001
2018-12-30 00:00:00,0.251159191,0.0001
2018-12-31 00:00:00,0.25275746,0.0001
2019-01-01 00:00:00,0.269782275,0.0001
2019-01-02 00:00:00,0.216634214,0.0001
2019-01-03 00:00:00,0.190719336,0.0001
2019-01-04 00:00:00,0.185222253,0.0001
2019-01-05 00:00:00,0.179124355,0.0001
2019-01-06 00:00:00,0.168320268,0.0001
2019-01-07 00:00:00,0.167869404,0.0001
2019-01-08 00:00:00,0.259469688,0.0001
2019-01-09 00:00:00,0.230591193,0.0001
2019-01-10 00:00:00,0.198472708,0.0001
2019-01-11 00:00:00,0.198329926,0.0001
2019-01-12 00:00:00,0.200420395,0.0001
2019-01-13 00:00:00,0.245727152,0.0001
2019-01-14 00:00:00,0.249236152,0.0001
2019-01-15 00:00:00,0.220334083,0.0001
2019-01-16 00:00:00,0.231153026,0.0001
2019-01-17 00:00:00,0.424211532,0.0001
2019-01-18 00:00:00,0.399507731,0.0001
2019-01-19 00:00:00,0.276628554,0.0001
2019-01-20 00:00:00,0.228054047,0.0001
2019-01-21 00:00:00,0.208661616,0.0001
2019-01-22 00:00:00,0.197120026,0.0001
2019-01-23 00:00:00,0.180906668,0.0001
2019-01-24 00:00:00,0.161217749,0.0001
2019-01-25 00:00:00,0.152759627,0.0001
2019-01-26 00:00:00,0.157721862,0.0001
2019-01-27 00:00:00,0.304786414,0.0001
2019-01-28 00:00:00,0.466165721,0.0001
2019-01-29 00:00:00,0.373324454,0.0001
2019-01-30 00:00:00,0.279238343,0.0001
2019-01-31 00:00:00,0.248197347,0.0001
2019-02-01 00:00:00,0.228713185,0.0001
2019-02-02 00:00:00,0.214709952,0.0001
2019-02-03 00:00:00,0.203811005,0.0001
2019-02-04 00:00:00,0.217289865,0.0001
2019-02-05 00:00:00,0.410410911,0.0001
2019-02-06 00:00:00,0.464938283,0.0001
2019-02-07 00:00:00,0.572835624,0.0001
2019-02-08 00:00:00,0.711813331,0.0001
2019-02-09 00:00:00,1.299952745,0.0001
2019-02-10 00:00:00,1.307899356,0.0001
2019-02-11 00:00:00,0.974119306,0.0001
2019-02-12 00:00:00,0.68166256,0.0001
2019-02-13 00:00:00,0.515040874,0.0001
2019-02-14 00:00:00,0.426301956,0.0001
2019-02-15 00:00:00,0.377372563,0.0001
2019-02-16 00:00:00,0.34602505,0.0001
2019-02-17 00:00:00,0.308646232,0.0001
2019-02-18 00:00:00,0.287135869,0.0001
2019-02-19 00:00:00,0.27492395,0.0001
2019-02-20 00:00:00,0.253834248,0.0001
2019-02-21 00:00:00,0.274321944,0.0001
2019-02-22 00:00:00,0.241128564,0.0001
2019-02-23 00:00:00,0.230464786,0.0001
2019-02-24 00:00:00,0.219854563,0.0001
2019-02-25 00:00:00,0.2076938,0.0001
2019-02-26 00:00:00,0.199853972,0.0001
2019-02-27 00:00:00,0.195370957,0.0001
2019-02-28 00:00:00,0.189489245,0.0001
2019-03-01 00:00:00,0.176770031,0.0001
2019-03-02 00:00:00,0.171635091,0.0001
2019-03-03 00:00:00,0.181050897,0.0001
2019-03-04 00:00:00,0.259077758,0.0001
2019-03-05 00:00:00,0.391695082,0.0001
2019-03-06 00:00:00,0.435819626,0.0001
2019-03-07 00:00:00,0.769069612,0.0001
2019-03-08 00:00:00,0.786142766,0.0001
2019-03-09 00:00:00,0.692059159,0.0001
2019-03-10 00:00:00,0.77785027,0.0001
2019-03-11 00:00:00,0.600063384,0.0001
2019-03-12 00:00:00,0.495907038,0.0001
2019-03-13 00:00:00,0.916329443,0.0001
2019-03-14 00:00:00,0.975176096,0.0001
2019-03-15 00:00:00,1.023070335,0.0001
2019-03-16 00:00:00,1.250996351,0.0001
2019-03-17 00:00:00,1.393277049,0.0001
2019-03-18 00:00:00,1.25906074,0.0001
2019-03-19 00:00:00,0.995614767,0.0001
2019-03-20 00:00:00,0.798088193,0.0001
2019-03-21 00:00:00,0.66867882,0.0001
2019-03-22 00:00:00,0.579556346,0.0001
2019-03-23 00:00:00,0.519836783,0.0001
2019-03-24 00:00:00,0.464408845,0.0001
2019-03-25 00:00:00,0.444348127,0.0001
2019-03-26 00:00:00,0.391853184,0.0001
2019-03-27 00:00:00,0.355159402,0.0001
2019-03-28 00:00:00,0.325612336,0.0001
2019-03-29 00:00:00,0.320517868,0.0001
2019-03-30 00:00:00,0.335233808,0.0001
2019-03-31 00:00:00,0.310368568,0.0001
2019-04-01 00:00:00,0.287537843,0.0001
2019-04-02 00:00:00,0.280021667,0.0001
2019-04-03 00:00:00,0.268640757,0.0001
2019-04-04 00:00:00,0.260720879,0.0001
2019-04-05 00:00:00,0.240446731,0.0001
2019-04-06 00:00:00,0.226629108,0.0001
2019-04-07 00:00:00,0.220411167,0.0001
2019-04-08 00:00:00,0.212912038,0.0001
2019-04-09 00:00:00,0.207448885,0.0001
2019-04-10 00:00:00,0.202469677,0.0001
2019-04-11 00:00:00,0.197625339,0.0001
2019-04-12 00:00:00,0.193283349,0.0001
2019-04-13 00:00:00,0.190131336,0.0001
2019-04-14 00:00:00,0.185448959,0.0001
2019-04-15 00:00:00,0.183652669,0.0001
2019-04-16 00:00:00,0.181662515,0.0001
2019-04-17 00:00:00,0.176941082,0.0001
2019-04-18 00:00:00,0.171775326,0.0001
2019-04-19 00:00:00,0.166140109,0.0001
2019-04-20 00:00:00,0.151622906,0.0001
2019-04-21 00:00:00,0.126819402,0.0001
2019-04-22 00:00:00,0.122632332,0.0001
2019-04-23 00:00:00,0.119811088,0.0001
2019-04-24 00:00:00,0.123229623,0.0001
2019-04-25 00:00:00,0.119022764,0.0001
2019-04-26 00:00:00,0.123873837,0.0001
2019-04-27 00:00:00,0.151634246,0.0001
2019-04-28 00:00:00,0.134619713,0.0001
2019-04-29 00:00:00,0.122555785,0.0001
2019-04-30 00:00:00,0.117927916,0.0001
2019-05-01 00:00:00,0.117035009,0.0001
2019-05-02 00:00:00,0.115255423,0.0001
2019-05-03 00:00:00,0.113374233,0.0001
2019-05-04 00:00:00,0.121504799,0.0001
2019-05-05 00:00:00,0.113409773,0.0001
2019-05-06 00:00:00,0.114281632,0.0001
2019-05-07 00:00:00,0.112367041,0.0001
2019-05-08 00:00:00,0.110718511,0.0001
2019-05-09 00:00:00,0.144183919,0.0001
2019-05-10 00:00:00,0.155082688,0.0001
2019-05-11 00:00:00,0.126169056,0.0001
2019-05-12 00:00:00,0.114322886,0.0001
2019-05-13 00:00:00,0.10785424,0.0001
2019-05-14 00:00:00,0.104147494,0.0001
2019-05-15 00:00:00,0.101697959,0.0001
2019-05-16 00:00:00,0.099600084,0.0001
2019-05-17 00:00:00,0.124379873,0.0001
2019-05-18 00:00:00,0.143136427,0.0001
2019-05-19 00:00:00,0.121012732,0.0001
2019-05-20 00:00:00,0.112068117,0.0001
2019-05-21 00:00:00,0.117444746,0.0001
2019-05-22 00:00:00,0.130613312,0.0001
2019-05-23 00:00:00,0.119901992,0.0001
2019-05-24 00:00:00,0.112476237,0.0001
2019-05-25 00:00:00,0.106106117,0.0001
2019-05-26 00:00:00,0.101813003,0.0001
2019-05-27 00:00:00,0.111084774,0.0001
2019-05-28 00:00:00,0.101692975,0.0001
2019-05-29 00:00:00,0.09456671,0.0001
2019-05-30 00:00:00,0.097122833,0.0001
2019-05-31 00:00:00,0.106303573,0.0001
2019-06-01 00:00:00,0.097267494,0.0001
2019-06-02 00:00:00,0.091226049,0.0001
2019-06-03 00:00:00,0.087326504,0.0001
2019-06-04 00:00:00,0.084117949,0.0001
2019-06-05 00:00:00,0.084046066,0.0001
2019-06-06 00:00:00,0.081315778,0.0001
2019-06-07 00:00:00,0.07967823,0.0001
2019-06-08 00:00:00,0.078166962,0.0001
2019-06-09 00:00:00,0.078564696,0.0001
2019-06-10 00:00:00,0.077699266,0.0001
2019-06-11 00:00:00,0.078157097,0.0001
2019-06-12 00:00:00,0.114206791,0.0001
2019-06-13 00:00:00,0.162391871,0.0001
2019-06-14 00:00:00,0.126731858,0.0001
2019-06-15 00:00:00,0.134628475,0.0001
2019-06-16 00:00:00,0.12155313,0.0001
2019-06-17 00:00:00,0.101475857,0.0001
2019-06-18 00:00:00,0.093508549,0.0001
2019-06-19 00:00:00,0.089673862,0.0001
2019-06-20 00:00:00,0.08877854,0.0001
2019-06-21 00:00:00,0.086445488,0.0001
2019-06-22 00:00:00,0.082668021,0.0001
2019-06-23 00:00:00,0.076898366,0.0001
2019-06-24 00:00:00,0.073064759,0.0001
2019-06-25 00:00:00,0.07036414,0.0001
2019-06-26 00:00:00,0.06907171,0.0001
2019-06-27 00:00:00,0.067524299,0.0001
2019-06-28 00:00:00,0.065890841,0.0001
2019-06-29 00:00:00,0.064724833,0.0001
2019-06-30 00:00:00,0.063495621,0.0001
2019-07-01 00:00:00,0.064147465,0.0001
2019-07-02 00:00:00,0.062643103,0.0001
2019-07-03 00:00:00,0.062090795,0.0001
2019-07-04 00:00:00,0.064047806,0.0001
2019-07-05 00:00:00,0.063379109,0.0001
2019-07-06 00:00:00,0.066618763,0.0001
2019-07-07 00:00:00,0.066443406,0.0001
2019-07-08 00:00:00,0.062934339,0.0001
2019-07-09 00:00:00,0.060533792,0.0001
2019-07-10 00:00:00,0.059497263,0.0001
2019-07-11 00:00:00,0.061244529,0.0001
2019-07-12 00:00:00,0.063004114,0.0001
2019-07-13 00:00:00,0.061736736,0.0001
2019-07-14 00:00:00,0.061372399,0.0001
2019-07-15 00:00:00,0.060592778,0.0001
2019-07-16 00:00:00,0.060477622,0.0001
2019-07-17 00:00:00,0.059183035,0.0001
2019-07-18 00:00:00,0.058689121,0.0001
2019-07-19 00:00:00,0.062830783,0.0001
2019-07-20 00:00:00,0.06438107,0.0001
2019-07-21 00:00:00,0.065305516,0.0001
2019-07-22 00:00:00,0.067776218,0.0001
2019-07-23 00:00:00,0.068680868,0.0001
2019-07-24 00:00:00,0.0628336,0.0001
2019-07-25 00:00:00,0.059215963,0.0001
2019-07-26 00:00:00,0.057206981,0.0001
2019-07-27 00:00:00,0.056732975,0.0001
2019-07-28 00:00:00,0.057817306,0.0001
2019-07-29 00:00:00,0.056820434,0.0001
2019-07-30 00:00:00,0.09882772,0.0001
2019-07-31 00:00:00,0.136355549,0.0001
2019-08-01 00:00:00,0.131429389,0.0001
2019-08-02 00:00:00,0.110556014,0.0001
2019-08-03 00:00:00,0.09714926,0.0001
2019-08-04 00:00:00,0.089075074,0.0001
2019-08-05 00:00:00,0.088418603,0.0001
2019-08-06 00:00:00,0.105785191,0.0001
2019-08-07 00:00:00,0.095651492,0.0001
2019-08-08 00:00:00,0.110452794,0.0001
2019-08-09 00:00:00,0.113166042,0.0001
2019-08-10 00:00:00,0.179599151,0.0001
2019-08-11 00:00:00,0.254382223,0.0001
2019-08-12 00:00:00,0.213677883,0.0001
2019-08-13 00:00:00,0.192718804,0.0001
2019-08-14 00:00:00,0.169928193,0.0001
2019-08-15 00:00:00,0.148454919,0.0001
2019-08-16 00:00:00,0.128953055,0.0001
2019-08-17 00:00:00,0.123821169,0.0001
2019-08-18 00:00:00,0.12771304,0.0001
2019-08-19 00:00:00,0.135458827,0.0001
2019-08-20 00:00:00,0.13202621,0.0001
2019-08-21 00:00:00,0.121735454,0.0001
2019-08-22 00:00:00,0.110660695,0.0001
2019-08-23 00:00:00,0.10216213,0.0001
2019-08-24 00:00:00,0.094166756,0.0001
2019-08-25 00:00:00,0.088113666,0.0001
2019-08-26 00:00:00,0.085326724,0.0001
2019-08-27 00:00:00,0.088238709,0.0001
2019-08-28 00:00:00,0.120655097,0.0001
2019-08-29 00:00:00,0.095336698,0.0001
2019-08-30 00:00:00,0.087848634,0.0001
2019-08-31 00:00:00,0.084221669,0.0001
2019-09-01 00:00:00,0.096181117,0.0001
2019-09-02 00:00:00,0.085009292,0.0001
2019-09-03 00:00:00,0.085272573,0.0001
2019-09-04 00:00:00,0.095544606,0.0001
2019-09-05 00:00:00,0.135291055,0.0001
2019-09-06 00:00:00,0.133830696,0.0001
2019-09-07 00:00:00,0.196687415,0.0001
2019-09-08 00:00:00,0.168983668,0.0001
2019-09-09 00:00:00,0.212541848,0.0001
2019-09-10 00:00:00,0.6771878,0.0001
2019-09-11 00:00:00,0.587449074,0.0001
2019-09-12 00:00:00,0.523864865,0.0001
2019-09-13 00:00:00,0.420165658,0.0001
2019-09-14 00:00:00,0.354002476,0.0001
2019-09-15 00:00:00,0.289718002,0.0001
2019-09-16 00:00:00,0.202061832,0.0001
2019-09-17 00:00:00,0.172674403,0.0001
2019-09-18 00:00:00,0.150310859,0.0001
2019-09-19 00:00:00,0.132466078,0.0001
2019-09-20 00:00:00,0.125549227,0.0001
2019-09-21 00:00:00,0.1203655,0.0001
2019-09-22 00:00:00,0.114681825,0.0001
2019-09-23 00:00:00,0.109323278,0.0001
2019-09-24 00:00:00,0.110399373,0.0001
2019-09-25 00:00:00,0.110137463,0.0001
2019-09-26 00:00:00,0.108108178,0.0001
2019-09-27 00:00:00,0.259922534,0.0001
2019-09-28 00:00:00,0.393799692,0.0001
2019-09-29 00:00:00,0.576815069,0.0001
2019-09-30 00:00:00,0.57246393,0.0001
2019-10-01 00:00:00,0.413526356,0.0001
2019-10-02 00:00:00,0.311819255,0.0001
2019-10-03 00:00:00,0.28561008,0.0001
2019-10-04 00:00:00,0.249165118,0.0001
2019-10-05 00:00:00,0.221546188,0.0001
2019-10-06 00:00:00,0.190500125,0.0001
2019-10-07 00:00:00,0.171125144,0.0001
2019-10-08 00:00:00,0.197373673,0.0001
2019-10-09 00:00:00,0.196566239,0.0001
2019-10-10 00:00:00,0.207064793,0.0001
2019-10-11 00:00:00,0.470990628,0.0001
2019-10-12 00:00:00,0.693937957,0.0001
2019-10-13 00:00:00,0.598028719,0.0001
2019-10-14 00:00:00,0.88858974,0.0001
2019-10-15 00:00:00,0.696044564,0.0001
2019-10-16 00:00:00,0.640004337,0.0001
2019-10-17 00:00:00,0.7124964,0.0001
2019-10-18 00:00:00,0.747125566,0.0001
2019-10-19 00:00:00,0.842008352,0.0001
2019-10-20 00:00:00,1.053576946,0.0001
2019-10-21 00:00:00,0.848184347,0.0001
2019-10-22 00:00:00,0.748951852,0.0001
2019-10-23 00:00:00,0.651391149,0.0001
2019-10-24 00:00:00,0.580109358,0.0001
2019-10-25 00:00:00,0.519959807,0.0001
2019-10-26 00:00:00,0.758561432,0.0001
2019-10-27 00:00:00,1.280566216,0.0001
2019-10-28 00:00:00,1.104060411,0.0001
2019-10-29 00:00:00,0.870818913,0.0001
2019-10-30 00:00:00,0.687064111,0.0001
2019-10-31 00:00:00,0.583443284,0.0001
2019-11-01 00:00:00,0.523590624,0.0001
2019-11-02 00:00:00,0.518671393,0.0001
2019-11-03 00:00:00,0.705346465,0.0001
2019-11-04 00:00:00,0.824184179,0.0001
2019-11-05 00:00:00,0.850161374,0.0001
2019-11-06 00:00:00,0.693537414,0.0001
2019-11-07 00:00:00,0.575685322,0.0001
2019-11-08 00:00:00,0.669095933,0.0001
2019-11-09 00:00:00,0.639916003,0.0001
2019-11-10 00:00:00,0.60082823,0.0001
2019-11-11 00:00:00,0.536549926,0.0001
2019-11-12 00:00:00,0.480705559,0.0001
2019-11-13 00:00:00,0.437460423,0.0001
2019-11-14 00:00:00,0.402436525,0.0001
2019-11-15 00:00:00,0.367504865,0.0001
2019-11-16 00:00:00,0.533496499,0.0001
2019-11-17 00:00:00,0.974554658,0.0001
2019-11-18 00:00:00,0.839959085,0.0001
2019-11-19 00:00:00,0.714334011,0.0001
2019-11-20 00:00:00,0.596975088,0.0001
2019-11-21 00:00:00,0.608706594,0.0001
2019-11-22 00:00:00,0.7043401,0.0001
2019-11-23 00:00:00,0.704705119,0.0001
2019-11-24 00:00:00,0.593706667,0.0001
2019-11-25 00:00:00,0.515703559,0.0001
2019-11-26 00:00:00,0.488945514,0.0001
2019-11-27 00:00:00,0.524024308,0.0001
2019-11-28 00:00:00,0.979973793,0.0001
2019-11-29 00:00:00,0.922041118,0.0001
2019-11-30 00:00:00,0.760132074,0.0001
2019-12-01 00:00:00,0.610551178,0.0001
2019-12-02 00:00:00,0.52696991,0.0001
2019-12-03 00:00:00,0.471852243,0.0001
2019-12-04 00:00:00,0.498270422,0.0001
2019-12-05 00:00:00,0.478953332,0.0001
2019-12-06 00:00:00,0.574163616,0.0001
2019-12-07 00:00:00,0.659408152,0.0001
2019-12-08 00:00:00,0.738571882,0.0001
2019-12-09 00:00:00,1.015563965,0.0001
2019-12-10 00:00:00,0.915432334,0.0001
2019-12-11 00:00:00,0.801106691,0.0001
2019-12-12 00:00:00,0.723509014,0.0001
2019-12-13 00:00:00,0.65655762,0.0001
2019-12-14 00:00:00,0.61405313,0.0001
2019-12-15 00:00:00,0.985447705,0.0001
2019-12-16 00:00:00,0.964929223,0.0001
2019-12-17 00:00:00,1.017842293,0.0001
2019-12-18 00:00:00,1.256017089,0.0001
2019-12-19 00:00:00,1.012522459,0.0001
2019-12-20 00:00:00,0.854985893,0.0001
2019-12-21 00:00:00,1.009561658,0.0001
2019-12-22 00:00:00,0.868109345,0.0001
2019-12-23 00:00:00,0.738894939,0.0001
2019-12-24 00:00:00,0.693306863,0.0001
2019-12-25 00:00:00,0.644506335,0.0001
2019-12-26 00:00:00,0.588076055,0.0001
2019-12-27 00:00:00,0.533699214,0.0001
2019-12-28 00:00:00,0.487914205,0.0001
2019-12-29 00:00:00,0.466399997,0.0001
2019-12-30 00:00:00,0.448536396,0.0001
2019-12-31 00:00:00,0.413013518,0.0001
2020-01-01 00:00:00,0.388351172,0.0001
2020-01-02 00:00:00,0.37358889,0.0001
2020-01-03 00:00:00,0.370634198,0.0001
2020-01-04 00:00:00,0.399984688,0.0001
2020-01-05 00:00:00,0.374569088,0.0001
2020-01-06 00:00:00,0.365662962,0.0001
2020-01-07 00:00:00,0.352393687,0.0001
2020-01-08 00:00:00,0.348685056,0.0001
2020-01-09 00:00:00,0.578880727,0.0001
2020-01-10 00:00:00,0.814802766,0.0001
2020-01-11 00:00:00,0.615078747,0.0001
2020-01-12 00:00:00,0.835155308,0.0001
2020-01-13 00:00:00,0.820872664,0.0001
2020-01-14 00:00:00,0.912407994,0.0001
2020-01-15 00:00:00,1.140178442,0.0001
2020-01-16 00:00:00,1.089925408,0.0001
2020-01-17 00:00:00,0.852428257,0.0001
2020-01-18 00:00:00,0.722085118,0.0001
2020-01-19 00:00:00,0.651601911,0.0001
2020-01-20 00:00:00,0.591856241,0.0001
2020-01-21 00:00:00,0.556185782,0.0001
2020-01-22 00:00:00,0.516585231,0.0001
2020-01-23 00:00:00,0.479266346,0.0001
2020-01-24 00:00:00,0.462459594,0.0001
2020-01-25 00:00:00,0.435542583,0.0001
2020-01-26 00:00:00,0.414551467,0.0001
2020-01-27 00:00:00,0.404329717,0.0001
2020-01-28 00:00:00,0.432928652,0.0001
2020-01-29 00:00:00,0.408803761,0.0001
2020-01-30 00:00:00,0.466370672,0.0001
2020-01-31 00:00:00,0.852822185,0.0001
2020-02-01 00:00:00,0.70607543,0.0001
2020-02-02 00:00:00,0.59300518,0.0001
2020-02-03 00:00:00,0.5273453,0.0001
2020-02-04 00:00:00,0.526151299,0.0001
2020-02-05 00:00:00,0.4495942,0.0001
2020-02-06 00:00:00,0.426061064,0.0001
2020-02-07 00:00:00,0.395649433,0.0001
2020-02-08 00:00:00,0.382451534,0.0001
2020-02-09 00:00:00,0.791153014,0.0001
2020-02-10 00:00:00,1.606023788,0.0001
2020-02-11 00:00:00,1.721174717,0.0001
2020-02-12 00:00:00,1.772605419,0.0001
2020-02-13 00:00:00,1.608103395,0.0001
2020-02-14 00:00:00,1.408613205,0.0001
2020-02-15 00:00:00,1.264322281,0.0001
2020-02-16 00:00:00,1.638334751,0.0001
2020-02-17 00:00:00,1.899087906,0.0001
2020-02-18 00:00:00,1.729749084,0.0001
2020-02-19 00:00:00,1.708834052,0.0001
2020-02-20 00:00:00,1.638104558,0.0001
2020-02-21 00:00:00,1.738517523,0.0001
2020-02-22 00:00:00,1.798969626,0.0001
2020-02-23 00:00:00,1.804662585,0.0001
2020-02-24 00:00:00,1.691130042,0.0001
2020-02-25 00:00:00,1.764734268,0.0001
2020-02-26 00:00:00,1.749099135,0.0001
2020-02-27 00:00:00,1.616354585,0.0001
2020-02-28 00:00:00,1.50957346,0.0001
2020-02-29 00:00:00,1.437297225,0.0001
2020-03-01 00:00:00,1.483259559,0.0001
2020-03-02 00:00:00,1.422917485,0.0001
2020-03-03 00:00:00,1.317293167,0.0001
2020-03-04 00:00:00,1.256210804,0.0001
2020-03-05 00:00:00,1.16697371,0.0001
2020-03-06 00:00:00,1.08939743,0.0001
2020-03-07 00:00:00,1.015661359,0.0001
2020-03-08 00:00:00,0.966264486,0.0001
2020-03-09 00:00:00,0.918129086,0.0001
2020-03-10 00:00:00,0.886306107,0.0001
2020-03-11 00:00:00,0.812805176,0.0001
2020-03-12 00:00:00,0.796412766,0.0001
2020-03-13 00:00:00,0.841252565,0.0001
2020-03-14 00:00:00,0.754885137,0.0001
2020-03-15 00:00:00,0.704064071,0.0001
2020-03-16 00:00:00,0.662988424,0.0001
2020-03-17 00:00:00,0.620200694,0.0001
2020-03-18 00:00:00,0.609893143,0.0001
2020-03-19 00:00:00,0.572828591,0.0001
2020-03-20 00:00:00,0.534292519,0.0001
2020-03-21 00:00:00,0.501912415,0.0001
2020-03-22 00:00:00,0.474769145,0.0001
2020-03-23 00:00:00,0.463765055,0.0001
2020-03-24 00:00:00,0.449857026,0.0001
2020-03-25 00:00:00,0.415933102,0.0001
2020-03-26 00:00:00,0.389318854,0.0001
2020-03-27 00:00:00,0.36855039,0.0001
2020-03-28 00:00:00,0.353337705,0.0001
2020-03-29 00:00:00,0.326972544,0.0001
2020-03-30 00:00:00,0.316750467,0.0001
2020-03-31 00:00:00,0.303432345,0.0001
2020-04-01 00:00:00,0.314416587,0.0001
2020-04-02 00:00:00,0.390753955,0.0001
2020-04-03 00:00:00,0.383414656,0.0001
2020-04-04 00:00:00,0.363066733,0.0001
2020-04-05 00:00:00,0.34958598,0.0001
2020-04-06 00:00:00,0.341520071,0.0001
2020-04-07 00:00:00,0.324260354,0.0001
2020-04-08 00:00:00,0.318629414,0.0001
2020-04-09 00:00:00,0.31260252,0.0001
2020-04-10 00:00:00,0.302792996,0.0001
2020-04-11 00:00:00,0.30066967,0.0001
2020-04-12 00:00:00,0.30673635,0.0001
2020-04-13 00:00:00,0.289166957,0.0001
2020-04-14 00:00:00,0.276383758,0.0001
2020-04-15 00:00:00,0.271924585,0.0001
2020-04-16 00:00:00,0.265776932,0.0001
2020-04-17 00:00:00,0.259239882,0.0001
2020-04-18 00:00:00,0.24968031,0.0001
2020-04-19 00:00:00,0.223353356,0.0001
2020-04-20 00:00:00,0.167830721,0.0001
2020-04-21 00:00:00,0.157885015,0.0001
2020-04-22 00:00:00,0.154039845,0.0001
2020-04-23 00:00:00,0.151623651,0.0001
2020-04-24 00:00:00,0.150693253,0.0001
2020-04-25 00:00:00,0.145292893,0.0001
2020-04-26 00:00:00,0.143026501,0.0001
2020-04-27 00:00:00,0.155905053,0.0001
2020-04-28 00:00:00,0.18160899,0.0001
2020-04-29 00:00:00,0.15626201,0.0001
2020-04-30 00:00:00,0.246473759,0.0001
2020-05-01 00:00:00,0.239726961,0.0001
2020-05-02 00:00:00,0.200537667,0.0001
2020-05-03 00:00:00,0.191577524,0.0001
2020-05-04 00:00:00,0.162367076,0.0001
2020-05-05 00:00:00,0.148817539,0.0001
2020-05-06 00:00:00,0.141257271,0.0001
2020-05-07 00:00:00,0.136399105,0.0001
2020-05-08 00:00:00,0.133595765,0.0001
2020-05-09 00:00:00,0.130608261,0.0001
2020-05-10 00:00:00,0.129381791,0.0001
2020-05-11 00:00:00,0.122903585,0.0001
2020-05-12 00:00:00,0.121588849,0.0001
2020-05-13 00:00:00,0.119664364,0.0001
2020-05-14 00:00:00,0.116239302,0.0001
2020-05-15 00:00:00,0.116157077,0.0001
2020-05-16 00:00:00,0.122960612,0.0001
2020-05-17 00:00:00,0.131683767,0.0001
2020-05-18 00:00:00,0.126119792,0.0001
2020-05-19 00:00:00,0.126554891,0.0001
2020-05-20 00:00:00,0.114494592,0.0001
2020-05-21 00:00:00,0.108455174,0.0001
2020-05-22 00:00:00,0.119907111,0.0001
2020-05-23 00:00:00,0.165054053,0.0001
2020-05-24 00:00:00,0.130382806,0.0001
2020-05-25 00:00:00,0.122410662,0.0001
2020-05-26 00:00:00,0.113698117,0.0001
2020-05-27 00:00:00,0.107648283,0.0001
2020-05-28 00:00:00,0.102706023,0.0001
2020-05-29 00:00:00,0.101317197,0.0001
2020-05-30 00:00:00,0.097138695,0.0001
2020-05-31 00:00:00,0.093684211,0.0001
2020-06-01 00:00:00,0.090761907,0.0001
2020-06-02 00:00:00,0.088275701,0.0001
2020-06-03 00:00:00,0.086939797,0.0001
2020-06-04 00:00:00,0.088226356,0.0001
2020-06-05 00:00:00,0.140216962,0.0001
2020-06-06 00:00:00,0.110564314,0.0001
2020-06-07 00:00:00,0.101302609,0.0001
2020-06-08 00:00:00,0.102531403,0.0001
2020-06-09 00:00:00,0.093094513,0.0001
2020-06-10 00:00:00,0.087305427,0.0001
2020-06-11 00:00:00,0.08218576,0.0001
2020-06-12 00:00:00,0.080305941,0.0001
2020-06-13 00:00:00,0.081472203,0.0001
2020-06-14 00:00:00,0.078972004,0.0001
2020-06-15 00:00:00,0.072549947,0.0001
2020-06-16 00:00:00,0.069079719,0.0001
2020-06-17 00:00:00,0.066944577,0.0001
2020-06-18 00:00:00,0.065391429,0.0001
2020-06-19 00:00:00,0.074588418,0.0001
2020-06-20 00:00:00,0.087656513,0.0001
2020-06-21 00:00:00,0.074763283,0.0001
2020-06-22 00:00:00,0.073285207,0.0001
2020-06-23 00:00:00,0.065122023,0.0001
2020-06-24 00:00:00,0.060741927,0.0001
2020-06-25 00:00:00,0.057910442,0.0001
2020-06-26 00:00:00,0.056141913,0.0001
2020-06-27 00:00:00,0.056264795,0.0001
2020-06-28 00:00:00,0.057975035,0.0001
2020-06-29 00:00:00,0.057912905,0.0001
2020-06-30 00:00:00,0.077148959,0.0001
2020-07-01 00:00:00,0.079168662,0.0001
2020-07-02 00:00:00,0.067997612,0.0001
2020-07-03 00:00:00,0.064481311,0.0001
2020-07-04 00:00:00,0.077611201,0.0001
2020-07-05 00:00:00,0.093377955,0.0001
2020-07-06 00:00:00,0.086648934,0.0001
2020-07-07 00:00:00,0.090749227,0.0001
2020-07-08 00:00:00,0.088568896,0.0001
2020-07-09 00:00:00,0.077312142,0.0001
2020-07-10 00:00:00,0.074013814,0.0001
2020-07-11 00:00:00,0.070811056,0.0001
2020-07-12 00:00:00,0.069125585,0.0001
2020-07-13 00:00:00,0.068137027,0.0001
2020-07-14 00:00:00,0.076504059,0.0001
2020-07-15 00:00:00,0.081739537,0.0001
2020-07-16 00:00:00,0.076281957,0.0001
2020-07-17 00:00:00,0.071868569,0.0001
2020-07-18 00:00:00,0.070305452,0.0001
2020-07-19 00:00:00,0.072055466,0.0001
2020-07-20 00:00:00,0.071611717,0.0001
2020-07-21 00:00:00,0.069086619,0.0001
2020-07-22 00:00:00,0.067639142,0.0001
2020-07-23 00:00:00,0.068626165,0.0001
2020-07-24 00:00:00,0.077814579,0.0001
2020-07-25 00:00:00,0.076218627,0.0001
2020-07-26 00:00:00,0.080704965,0.0001
2020-07-27 00:00:00,0.082790606,0.0001
2020-07-28 00:00:00,0.09006568,0.0001
2020-07-29 00:00:00,0.088038698,0.0001
2020-07-30 00:00:00,0.081378214,0.0001
2020-07-31 00:00:00,0.076671608,0.0001
2020-08-01 00:00:00,0.072833568,0.0001
2020-08-02 00:00:00,0.072112434,0.0001
2020-08-03 00:00:00,0.070534706,0.0001
2020-08-04 00:00:00,0.06833303,0.0001
2020-08-05 00:00:00,0.069174804,0.0001
2020-08-06 00:00:00,0.067477934,0.0001
2020-08-07 00:00:00,0.064879298,0.0001
2020-08-08 00:00:00,0.063431025,0.0001
2020-08-09 00:00:00,0.06230865,0.0001
2020-08-10 00:00:00,0.061614469,0.0001
2020-08-11 00:00:00,0.061052728,0.0001
2020-08-12 00:00:00,0.061179709,0.0001
2020-08-13 00:00:00,0.061170366,0.0001
2020-08-14 00:00:00,0.059897602,0.0001
2020-08-15 00:00:00,0.059969645,0.0001
2020-08-16 00:00:00,0.057907429,0.0001
2020-08-17 00:00:00,0.057125613,0.0001
2020-08-18 00:00:00,0.060497344,0.0001
2020-08-19 00:00:00,0.064906627,0.0001
2020-08-20 00:00:00,0.067730181,0.0001
2020-08-21 00:00:00,0.07737568,0.0001
2020-08-22 00:00:00,0.076288998,0.0001
2020-08-23 00:00:00,0.077084035,0.0001
2020-08-24 00:00:00,0.074019149,0.0001
2020-08-25 00:00:00,0.068396255,0.0001
2020-08-26 00:00:00,0.08568272,0.0001
2020-08-27 00:00:00,0.119529687,0.0001
2020-08-28 00:00:00,0.106868312,0.0001
2020-08-29 00:00:00,0.138272449,0.0001
2020-08-30 00:00:00,0.114059702,0.0001
2020-08-31 00:00:00,0.100816593,0.0001
2020-09-01 00:00:00,0.091865078,0.0001
2020-09-02 00:00:00,0.084654942,0.0001
2020-09-03 00:00:00,0.081718698,0.0001
2020-09-04 00:00:00,0.084578276,0.0001
2020-09-05 00:00:00,0.082723536,0.0001
2020-09-06 00:00:00,0.083665594,0.0001
2020-09-07 00:00:00,0.081581093,0.0001
2020-09-08 00:00:00,0.078318991,0.0001
2020-09-09 00:00:00,0.078311197,0.0001
2020-09-10 00:00:00,0.075183667,0.0001
2020-09-11 00:00:00,0.074581154,0.0001
2020-09-12 00:00:00,0.075287648,0.0001
2020-09-13 00:00:00,0.076931514,0.0001
2020-09-14 00:00:00,0.07407885,0.0001
2020-09-15 00:00:00,0.072169483,0.0001
2020-09-16 00:00:00,0.072845906,0.0001
2020-09-17 00:00:00,0.070215516,0.0001
2020-09-18 00:00:00,0.070015602,0.0001
2020-09-19 00:00:00,0.072210118,0.0001
2020-09-20 00:00:00,0.074259214,0.0001
2020-09-21 00:00:00,0.075601257,0.0001
2020-09-22 00:00:00,0.075240582,0.0001
2020-09-23 00:00:00,0.075505301,0.0001
2020-09-24 00:00:00,0.079416893,0.0001
2020-09-25 00:00:00,0.085708208,0.0001
2020-09-26 00:00:00,0.090065785,0.0001
2020-09-27 00:00:00,0.084146537,0.0001
2020-09-28 00:00:00,0.082199305,0.0001
2020-09-29 00:00:00,0.079296872,0.0001
2020-09-30 00:00:00,0.078413658,0.0001
2020-10-01 00:00:00,0.07950601,0.0001
2020-10-02 00:00:00,0.091958843,0.0001
2020-10-03 00:00:00,0.091967359,0.0001
2020-10-04 00:00:00,0.123725653,0.0001
2020-10-05 00:00:00,0.092610918,0.0001
2020-10-06 00:00:00,0.085869059,0.0001
2020-10-07 00:00:00,0.079160847,0.0001
2020-10-08 00:00:00,0.08013916,0.0001
2020-10-09 00:00:00,0.082177557,0.0001
2020-10-10 00:00:00,0.083135203,0.0001
2020-10-11 00:00:00,0.08125186,0.0001
2020-10-12 00:00:00,0.078555219,0.0001
2020-10-13 00:00:00,0.075259291,0.0001
2020-10-14 00:00:00,0.072495535,0.0001
2020-10-15 00:00:00,0.071159638,0.0001
2020-10-16 00:00:00,0.069945402,0.0001
2020-10-17 00:00:00,0.069158636,0.0001
2020-10-18 00:00:00,0.068037026,0.0001
2020-10-19 00:00:00,0.066512436,0.0001
2020-10-20 00:00:00,0.06641461,0.0001
2020-10-21 00:00:00,0.07427074,0.0001
2020-10-22 00:00:00,0.113996416,0.0001
2020-10-23 00:00:00,0.095217906,0.0001
2020-10-24 00:00:00,0.09288419,0.0001
2020-10-25 00:00:00,0.083177462,0.0001
2020-10-26 00:00:00,0.079388171,0.0001
2020-10-27 00:00:00,0.078031294,0.0001
2020-10-28 00:00:00,0.116169758,0.0001
2020-10-29 00:00:00,0.126057476,0.0001
2020-10-30 00:00:00,0.131828561,0.0001
2020-10-31 00:00:00,0.145786956,0.0001
2020-11-01 00:00:00,0.132796645,0.0001
2020-11-02 00:00:00,0.144535065,0.0001
2020-11-03 00:00:00,0.138135865,0.0001
2020-11-04 00:00:00,0.118168622,0.0001
2020-11-05 00:00:00,0.102261141,0.0001
2020-11-06 00:00:00,0.096197061,0.0001
2020-11-07 00:00:00,0.091952696,0.0001
2020-11-08 00:00:00,0.086684138,0.0001
2020-11-09 00:00:00,0.082907662,0.0001
2020-11-10 00:00:00,0.081746936,0.0001
2020-11-11 00:00:00,0.082758419,0.0001
2020-11-12 00:00:00,0.083306581,0.0001
2020-11-13 00:00:00,0.089423157,0.0001
2020-11-14 00:00:00,0.088165618,0.0001
2020-11-15 00:00:00,0.087154172,0.0001
2020-11-16 00:00:00,0.08953768,0.0001
2020-11-17 00:00:00,0.087973282,0.0001
2020-11-18 00:00:00,0.087359272,0.0001
2020-11-19 00:00:00,0.095943853,0.0001
2020-11-20 00:00:00,0.092419982,0.0001
2020-11-21 00:00:00,0.095064357,0.0001
2020-11-22 00:00:00,0.110971466,0.0001
2020-11-23 00:00:00,0.107536115,0.0001
2020-11-24 00:00:00,0.103672907,0.0001
2020-11-25 00:00:00,0.100751005,0.0001
2020-11-26 00:00:00,0.096593827,0.0001
2020-11-27 00:00:00,0.091978714,0.0001
2020-11-28 00:00:00,0.088729642,0.0001
2020-11-29 00:00:00,0.088176325,0.0001
2020-11-30 00:00:00,0.08978352,0.0001
2020-12-01 00:00:00,0.100354642,0.0001
2020-12-02 00:00:00,0.097800247,0.0001
2020-12-03 00:00:00,0.100052975,0.0001
2020-12-04 00:00:00,0.098292544,0.0001
2020-12-05 00:00:00,0.095036559,0.0001
2020-12-06 00:00:00,0.09369836,0.0001
2020-12-07 00:00:00,0.096606307,0.0001
2020-12-08 00:00:00,0.094982751,0.0001
2020-12-09 00:00:00,0.093624167,0.0001
2020-12-10 00:00:00,0.098956048,0.0001
2020-12-11 00:00:00,0.10299217,0.0001
2020-12-12 00:00:00,0.101138934,0.0001
2020-12-13 00:00:00,0.098114669,0.0001
2020-12-14 00:00:00,0.101213388,0.0001
2020-12-15 00:00:00,0.107067399,0.0001
2020-12-16 00:00:00,0.112691462,0.0001
2020-12-17 00:00:00,0.126975521,0.0001
2020-12-18 00:00:00,0.158212379,0.0001
2020-12-19 00:00:00,0.143340647,0.0001
2020-12-20 00:00:00,0.132966995,0.0001
2020-12-21 00:00:00,0.127676457,0.0001
2020-12-22 00:00:00,0.140328422,0.0001
2020-12-23 00:00:00,0.133477405,0.0001
2020-12-24 00:00:00,0.12922883,0.0001
2020-12-25 00:00:00,0.12019524,0.0001
2020-12-26 00:00:00,0.121186219,0.0001
2020-12-27 00:00:00,0.221829012,0.0001
2020-12-28 00:00:00,0.390405715,0.0001
2020-12-29 00:00:00,0.368643314,0.0001
2020-12-30 00:00:00,0.325403214,0.0001
2020-12-31 00:00:00,0.313019335,0.0001
2021-01-01 00:00:00,0.533384025,0.0001
2021-01-02 00:00:00,0.418701082,0.0001
2021-01-03 00:00:00,0.315649301,0.0001
2021-01-04 00:00:00,0.280720145,0.0001
2021-01-05 00:00:00,0.252773198,0.0001
2021-01-06 00:00:00,0.237743244,0.0001
2021-01-07 00:00:00,0.237186804,0.0001
2021-01-08 00:00:00,0.231893465,0.0001
2021-01-09 00:00:00,0.220653415,0.0001
2021-01-10 00:00:00,0.221183434,0.0001
2021-01-11 00:00:00,0.244742215,0.0001
2021-01-12 00:00:00,0.526245773,0.0001
2021-01-13 00:00:00,0.397153437,0.0001
2021-01-14 00:00:00,0.314694881,0.0001
2021-01-15 00:00:00,0.267089546,0.0001
2021-01-16 00:00:00,0.235101625,0.0001
2021-01-17 00:00:00,0.216729388,0.0001
2021-01-18 00:00:00,0.20799683,0.0001
2021-01-19 00:00:00,0.221202491,0.0001
2021-01-20 00:00:00,0.605172038,0.0001
2021-01-21 00:00:00,0.856692314,0.0001
2021-01-22 00:00:00,0.678251565,0.0001
2021-01-23 00:00:00,0.570759773,0.0001
2021-01-24 00:00:00,0.461670846,0.0001
2021-01-25 00:00:00,0.377734989,0.0001
2021-01-26 00:00:00,0.322220325,0.0001
2021-01-27 00:00:00,0.30039376,0.0001
2021-01-28 00:00:00,0.319662064,0.0001
2021-01-29 00:00:00,0.281650305,0.0001
2021-01-30 00:00:00,0.248901784,0.0001
2021-01-31 00:00:00,0.232056051,0.0001
2021-02-01 00:00:00,0.212848693,0.0001
2021-02-02 00:00:00,0.193596378,0.0001
2021-02-03 00:00:00,0.18376106,0.0001
2021-02-04 00:00:00,0.17197153,0.0001
2021-02-05 00:00:00,0.162465736,0.0001
2021-02-06 00:00:00,0.157790065,0.0001
2021-02-07 00:00:00,0.155976012,0.0001
2021-02-08 00:00:00,0.153352588,0.0001
2021-02-09 00:00:00,0.151710317,0.0001
2021-02-10 00:00:00,0.145936236,0.0001
2021-02-11 00:00:00,0.136557087,0.0001
2021-02-12 00:00:00,0.129694715,0.0001
2021-02-13 00:00:00,0.128152534,0.0001
2021-02-14 00:00:00,0.125335827,0.0001
2021-02-15 00:00:00,0.128396556,0.0001
2021-02-16 00:00:00,0.132540613,0.0001
2021-02-17 00:00:00,0.640527487,0.0001
2021-02-18 00:00:00,0.812033534,0.0001
2021-02-19 00:00:00,0.847657859,0.0001
2021-02-20 00:00:00,0.581999958,0.0001
2021-02-21 00:00:00,0.428720772,0.0001
2021-02-22 00:00:00,0.358675629,0.0001
2021-02-23 00:00:00,0.329547346,0.0001
2021-02-24 00:00:00,0.31318596,0.0001
2021-02-25 00:00:00,0.283769608,0.0001
2021-02-26 00:00:00,0.251088351,0.0001
2021-02-27 00:00:00,0.226760864,0.0001
2021-02-28 00:00:00,0.213441491,0.0001
2021-03-01 00:00:00,0.201508448,0.0001
2021-03-02 00:00:00,0.191470031,0.0001
2021-03-03 00:00:00,0.188466921,0.0001
2021-03-04 00:00:00,0.181423709,0.0001
2021-03-05 00:00:00,0.167780042,0.0001
2021-03-06 00:00:00,0.16428636,0.0001
2021-03-07 00:00:00,0.16524367,0.0001
2021-03-08 00:00:00,0.155149296,0.0001
2021-03-09 00:00:00,0.151485696,0.0001
2021-03-10 00:00:00,0.150456682,0.0001
2021-03-11 00:00:00,0.392492652,0.0001
2021-03-12 00:00:00,0.547952235,0.0001
2021-03-13 00:00:00,0.472542495,0.0001
2021-03-14 00:00:00,0.518648684,0.0001
2021-03-15 00:00:00,0.443105251,0.0001
2021-03-16 00:00:00,0.356742561,0.0001
2021-03-17 00:00:00,0.303253382,0.0001
2021-03-18 00:00:00,0.271632969,0.0001
2021-03-19 00:00:00,0.245119765,0.0001
2021-03-20 00:00:00,0.233977824,0.0001
2021-03-21 00:00:00,0.222852536,0.0001
2021-03-22 00:00:00,0.205281764,0.0001
2021-03-23 00:00:00,0.197682425,0.0001
2021-03-24 00:00:00,0.191321656,0.0001
2021-03-25 00:00:00,0.187228367,0.0001
2021-03-26 00:00:00,0.180428073,0.0001
2021-03-27 00:00:00,0.199432671,0.0001
2021-03-28 00:00:00,0.193432018,0.0001
2021-03-29 00:00:00,0.227621913,0.0001
2021-03-30 00:00:00,0.21821636,0.0001
2021-03-31 00:00:00,0.206120148,0.0001
2021-04-01 00:00:00,0.21248661,0.0001
2021-04-02 00:00:00,0.256160706,0.0001
2021-04-03 00:00:00,0.248315099,0.0001
2021-04-04 00:00:00,0.247861727,0.0001
2021-04-05 00:00:00,0.254513911,0.0001
2021-04-06 00:00:00,0.238792628,0.0001
2021-04-07 00:00:00,0.232985809,0.0001
2021-04-08 00:00:00,0.227889761,0.0001
2021-04-09 00:00:00,0.246645629,0.0001
2021-04-10 00:00:00,0.232370138,0.0001
2021-04-11 00:00:00,0.264346927,0.0001
2021-04-12 00:00:00,0.268802851,0.0001
2021-04-13 00:00:00,0.271727055,0.0001
2021-04-14 00:00:00,0.266002327,0.0001
2021-04-15 00:00:00,0.232263924,0.0001
2021-04-16 00:00:00,0.187950924,0.0001
2021-04-17 00:00:00,0.174080417,0.0001
2021-04-18 00:00:00,0.163825437,0.0001
2021-04-19 00:00:00,0.156422541,0.0001
2021-04-20 00:00:00,0.151468098,0.0001
2021-04-21 00:00:00,0.146025822,0.0001
2021-04-22 00:00:00,0.137853861,0.0001
2021-04-23 00:00:00,0.130380243,0.0001
2021-04-24 00:00:00,0.126862183,0.0001
2021-04-25 00:00:00,0.124136418,0.0001
2021-04-26 00:00:00,0.120976865,0.0001
2021-04-27 00:00:00,0.1197097,0.0001
2021-04-28 00:00:00,0.116351277,0.0001
2021-04-29 00:00:00,0.11419858,0.0001
2021-04-30 00:00:00,0.111963384,0.0001
2021-05-01 00:00:00,0.110248625,0.0001
2021-05-02 00:00:00,0.107593864,0.0001
2021-05-03 00:00:00,0.106926538,0.0001
2021-05-04 00:00:00,0.15623574,0.0001
2021-05-05 00:00:00,0.16621767,0.0001
2021-05-06 00:00:00,0.148423687,0.0001
2021-05-07 00:00:00,0.173483938,0.0001
2021-05-08 00:00:00,0.173555017,0.0001
2021-05-09 00:00:00,0.18380022,0.0001
2021-05-10 00:00:00,0.272885203,0.0001
2021-05-11 00:00:00,0.226820111,0.0001
2021-05-12 00:00:00,0.213113964,0.0001
2021-05-13 00:00:00,0.207550675,0.0001
2021-05-14 00:00:00,0.262433887,0.0001
2021-05-15 00:00:00,0.242844626,0.0001
2021-05-16 00:00:00,0.219049424,0.0001
2021-05-17 00:00:00,0.202626601,0.0001
2021-05-18 00:00:00,0.189725116,0.0001
2021-05-19 00:00:00,0.188984588,0.0001
2021-05-20 00:00:00,0.186744213,0.0001
2021-05-21 00:00:00,0.185723707,0.0001
2021-05-22 00:00:00,0.187520951,0.0001
2021-05-23 00:00:00,0.196603611,0.0001
2021-05-24 00:00:00,0.183653995,0.0001
2021-05-25 00:00:00,0.350818574,0.0001
2021-05-26 00:00:00,1.005891085,0.0001
2021-05-27 00:00:00,1.028586149,0.0001
2021-05-28 00:00:00,0.795910776,0.0001
2021-05-29 00:00:00,0.582224727,0.0001
2021-05-30 00:00:00,0.441507518,0.0001
2021-05-31 00:00:00,0.363893569,0.0001
2021-06-01 00:00:00,0.291482925,0.0001
2021-06-02 00:00:00,0.240041345,0.0001
2021-06-03 00:00:00,0.287984669,0.0001
2021-06-04 00:00:00,0.243927196,0.0001
2021-06-05 00:00:00,0.208424658,0.0001
2021-06-06 00:00:00,0.190193951,0.0001
2021-06-07 00:00:00,0.187524378,0.0001
2021-06-08 00:00:00,0.171251774,0.0001
2021-06-09 00:00:00,0.159711212,0.0001
2021-06-10 00:00:00,0.150635749,0.0001
2021-06-11 00:00:00,0.143298551,0.0001
2021-06-12 00:00:00,0.135545537,0.0001
2021-06-13 00:00:00,0.12688452,0.0001
2021-06-14 00:00:00,0.12271852,0.0001
2021-06-15 00:00:00,0.117581502,0.0001
2021-06-16 00:00:00,0.111033216,0.0001
2021-06-17 00:00:00,0.105286278,0.0001
2021-06-18 00:00:00,0.100134678,0.0001
2021-06-19 00:00:00,0.097855628,0.0001
2021-06-20 00:00:00,0.119423442,0.0001
2021-06-21 00:00:00,0.111567177,0.0001
2021-06-22 00:00:00,0.102187209,0.0001
2021-06-23 00:00:00,0.093662605,0.0001
2021-06-24 00:00:00,0.088041753,0.0001
2021-06-25 00:00:00,0.084771082,0.0001
2021-06-26 00:00:00,0.082518719,0.0001
2021-06-27 00:00:00,0.080148041,0.0001
2021-06-28 00:00:00,0.074561454,0.0001
2021-06-29 00:00:00,0.071838312,0.0001
2021-06-30 00:00:00,0.07678137,0.0001
2021-07-01 00:00:00,0.074495733,0.0001
2021-07-02 00:00:00,0.104022846,0.0001
2021-07-03 00:00:00,0.105973095,0.0001
2021-07-04 00:00:00,0.085919989,0.0001
2021-07-05 00:00:00,0.079098754,0.0001
2021-07-06 00:00:00,0.08211299,0.0001
2021-07-07 00:00:00,0.083490111,0.0001
2021-07-08 00:00:00,0.077260889,0.0001
2021-07-09 00:00:00,0.079676762,0.0001
2021-07-10 00:00:00,0.093793549,0.0001
2021-07-11 00:00:00,0.078568086,0.0001
2021-07-12 00:00:00,0.071359105,0.0001
2021-07-13 00:00:00,0.067546256,0.0001
2021-07-14 00:00:00,0.06497898,0.0001
2021-07-15 00:00:00,0.062505819,0.0001
2021-07-16 00:00:00,0.060301781,0.0001
2021-07-17 00:00:00,0.058662321,0.0001
2021-07-18 00:00:00,0.058570616,0.0001
2021-07-19 00:00:00,0.058588389,0.0001
2021-07-20 00:00:00,0.058424022,0.0001
2021-07-21 00:00:00,0.059407949,0.0001
2021-07-22 00:00:00,0.060135756,0.0001
2021-07-23 00:00:00,0.058606353,0.0001
2021-07-24 00:00:00,0.056399532,0.0001
2021-07-25 00:00:00,0.057685409,0.0001
2021-07-26 00:00:00,0.06126057,0.0001
2021-07-27 00:00:00,0.099146143,0.0001
2021-07-28 00:00:00,0.095414571,0.0001
2021-07-29 00:00:00,0.078535825,0.0001
2021-07-30 00:00:00,0.087684847,0.0001
2021-07-31 00:00:00,0.085461929,0.0001
2021-08-01 00:00:00,0.096011162,0.0001
2021-08-02 00:00:00,0.073012494,0.0001
2021-08-03 00:00:00,0.065751016,0.0001
2021-08-04 00:00:00,0.062456891,0.0001
2021-08-05 00:00:00,0.05954989,0.0001
2021-08-06 00:00:00,0.058014646,0.0001
2021-08-07 00:00:00,0.109856136,0.0001
2021-08-08 00:00:00,0.120167412,0.0001
2021-08-09 00:00:00,0.11781887,0.0001
2021-08-10 00:00:00,0.12803553,0.0001
2021-08-11 00:00:00,0.118306704,0.0001
2021-08-12 00:00:00,0.092465982,0.0001
2021-08-13 00:00:00,0.078203149,0.0001
2021-08-14 00:00:00,0.072786607,0.0001
2021-08-15 00:00:00,0.070661388,0.0001
2021-08-16 00:00:00,0.114494286,0.0001
2021-08-17 00:00:00,0.141015038,0.0001
2021-08-18 00:00:00,0.121111333,0.0001
2021-08-19 00:00:00,0.097519778,0.0001
2021-08-20 00:00:00,0.080381848,0.0001
2021-08-21 00:00:00,0.073020458,0.0001
2021-08-22 00:00:00,0.068732545,0.0001
2021-08-23 00:00:00,0.065174309,0.0001
2021-08-24 00:00:00,0.063048996,0.0001
2021-08-25 00:00:00,0.063627727,0.0001
2021-08-26 00:00:00,0.06262552,0.0001
2021-08-27 00:00:00,0.065729618,0.0001
2021-08-28 00:00:00,0.063985787,0.0001
2021-08-29 00:00:00,0.063447088,0.0001
2021-08-30 00:00:00,0.06109995,0.0001
2021-08-31 00:00:00,0.059111409,0.0001
2021-09-01 00:00:00,0.058187097,0.0001
2021-09-02 00:00:00,0.059483722,0.0001
2021-09-03 00:00:00,0.058829781,0.0001
2021-09-04 00:00:00,0.057405103,0.0001
2021-09-05 00:00:00,0.056797642,0.0001
2021-09-06 00:00:00,0.058041722,0.0001
2021-09-07 00:00:00,0.058466289,0.0001
2021-09-08 00:00:00,0.057006106,0.0001
2021-09-09 00:00:00,0.059222862,0.0001
2021-09-10 00:00:00,0.060598638,0.0001
2021-09-11 00:00:00,0.083474539,0.0001
2021-09-12 00:00:00,0.077666022,0.0001
2021-09-13 00:00:00,0.069163382,0.0001
2021-09-14 00:00:00,0.06641084,0.0001
2021-09-15 00:00:00,0.098779038,0.0001
2021-09-16 00:00:00,0.234010011,0.0001
2021-09-17 00:00:00,0.155522645,0.0001
2021-09-18 00:00:00,0.112335064,0.0001
2021-09-19 00:00:00,0.098667733,0.0001
2021-09-20 00:00:00,0.094607152,0.0001
2021-09-21 00:00:00,0.090095781,0.0001
2021-09-22 00:00:00,0.086602531,0.0001
2021-09-23 00:00:00,0.092133023,0.0001
2021-09-24 00:00:00,0.089213647,0.0001
2021-09-25 00:00:00,0.084581509,0.0001
2021-09-26 00:00:00,0.082758337,0.0001
2021-09-27 00:00:00,0.092717886,0.0001
2021-09-28 00:00:00,0.097386055,0.0001
2021-09-29 00:00:00,0.091217645,0.0001
2021-09-30 00:00:00,0.117127061,0.0001
2021-10-01 00:00:00,0.205615371,0.0001
2021-10-02 00:00:00,0.262221038,0.0001
2021-10-03 00:00:00,0.299508512,0.0001
2021-10-04 00:00:00,0.408668578,0.0001
2021-10-05 00:00:00,0.279411256,0.0001
2021-10-06 00:00:00,0.214362785,0.0001
2021-10-07 00:00:00,0.17964077,0.0001
2021-10-08 00:00:00,0.162941381,0.0001
2021-10-09 00:00:00,0.153216705,0.0001
2021-10-10 00:00:00,0.146327466,0.0001
2021-10-11 00:00:00,0.140857205,0.0001
2021-10-12 00:00:00,0.133874103,0.0001
2021-10-13 00:00:00,0.127446547,0.0001
2021-10-14 00:00:00,0.127780423,0.0001
2021-10-15 00:00:00,0.131995186,0.0001
2021-10-16 00:00:00,0.120829947,0.0001
2021-10-17 00:00:00,0.121437535,0.0001
2021-10-18 00:00:00,0.122240685,0.0001
2021-10-19 00:00:00,0.1408346,0.0001
2021-10-20 00:00:00,0.303633094,0.0001
2021-10-21 00:00:00,0.339629263,0.0001
2021-10-22 00:00:00,0.335505366,0.0001
2021-10-23 00:00:00,0.287784934,0.0001
2021-10-24 00:00:00,0.228603736,0.0001
2021-10-25 00:00:00,0.209034443,0.0001
2021-10-26 00:00:00,0.197189003,0.0001
2021-10-27 00:00:00,0.189546958,0.0001
2021-10-28 00:00:00,0.193414941,0.0001
2021-10-29 00:00:00,0.186539203,0.0001
2021-10-30 00:00:00,0.180129632,0.0001
2021-10-31 00:00:00,0.185311928,0.0001
2021-11-01 00:00:00,0.221253486,0.0001
2021-11-02 00:00:00,0.205400854,0.0001
2021-11-03 00:00:00,0.190518126,0.0001
2021-11-04 00:00:00,0.181485131,0.0001
2021-11-05 00:00:00,0.177136838,0.0001
2021-11-06 00:00:00,0.173679844,0.0001
2021-11-07 00:00:00,0.255335063,0.0001
2021-11-08 00:00:00,0.322829902,0.0001
2021-11-09 00:00:00,0.265886128,0.0001
2021-11-10 00:00:00,0.243299246,0.0001
2021-11-11 00:00:00,0.230472341,0.0001
2021-11-12 00:00:00,0.218708739,0.0001
2021-11-13 00:00:00,0.214923769,0.0001
2021-11-14 00:00:00,0.202067763,0.0001
2021-11-15 00:00:00,0.195120558,0.0001
2021-11-16 00:00:00,0.193826213,0.0001
2021-11-17 00:00:00,0.197097495,0.0001
2021-11-18 00:00:00,0.195378363,0.0001
2021-11-19 00:00:00,0.19941324,0.0001
2021-11-20 00:00:00,0.195490137,0.0001
2021-11-21 00:00:00,0.198517725,0.0001
2021-11-22 00:00:00,0.180472016,0.0001
2021-11-23 00:00:00,0.179775596,0.0001
2021-11-24 00:00:00,0.179519415,0.0001
2021-11-25 00:00:00,0.186801642,0.0001
2021-11-26 00:00:00,0.182973415,0.0001
2021-11-27 00:00:00,0.3398844,0.0001
2021-11-28 00:00:00,0.659136236,0.0001
2021-11-29 00:00:00,0.560697913,0.0001
2021-11-30 00:00:00,0.441041261,0.0001
2021-12-01 00:00:00,0.667787492,0.0001
2021-12-02 00:00:00,1.023773789,0.0001
2021-12-03 00:00:00,0.751934528,0.0001
2021-12-04 00:00:00,0.802376091,0.0001
2021-12-05 00:00:00,0.756469965,0.0001
2021-12-06 00:00:00,0.596053958,0.0001
2021-12-07 00:00:00,0.471042126,0.0001
2021-12-08 00:00:00,0.440466821,0.0001
2021-12-09 00:00:00,0.423412949,0.0001
2021-12-10 00:00:00,0.382141858,0.0001
2021-12-11 00:00:00,0.380337715,0.0001
2021-12-12 00:00:00,0.479734123,0.0001
2021-12-13 00:00:00,0.600499749,0.0001
2021-12-14 00:00:00,0.596545756,0.0001
2021-12-15 00:00:00,0.539295554,0.0001
2021-12-16 00:00:00,0.441795021,0.0001
2021-12-17 00:00:00,0.384368181,0.0001
2021-12-18 00:00:00,0.354844838,0.0001
2021-12-19 00:00:00,0.334279478,0.0001
2021-12-20 00:00:00,0.302958101,0.0001
2021-12-21 00:00:00,0.28434518,0.0001
2021-12-22 00:00:00,0.274819136,0.0001
2021-12-23 00:00:00,0.278042346,0.0001
2021-12-24 00:00:00,0.269838393,0.0001
2021-12-25 00:00:00,0.242636591,0.0001
2021-12-26 00:00:00,0.227673173,0.0001
2021-12-27 00:00:00,0.220559686,0.0001
2021-12-28 00:00:00,0.229811996,0.0001
2021-12-29 00:00:00,0.232660517,0.0001
2021-12-30 00:00:00,0.293144107,0.0001
2021-12-31 00:00:00,0.608434021,0.0001
2022-01-01 00:00:00,0.744460583,0.0001
2022-01-02 00:00:00,0.644093454,0.0001
2022-01-03 00:00:00,0.605060518,0.0001
2022-01-04 00:00:00,0.699201107,0.0001
2022-01-05 00:00:00,0.610569715,0.0001
2022-01-06 00:00:00,0.521611094,0.0001
2022-01-07 00:00:00,0.455071121,0.0001
2022-01-08 00:00:00,0.506145358,0.0001
2022-01-09 00:00:00,0.780281901,0.0001
2022-01-10 00:00:00,0.953794658,0.0001
2022-01-11 00:00:00,0.737064064,0.0001
2022-01-12 00:00:00,0.596984088,0.0001
2022-01-13 00:00:00,0.505820513,0.0001
2022-01-14 00:00:00,0.440724403,0.0001
2022-01-15 00:00:00,0.385398746,0.0001
2022-01-16 00:00:00,0.365574092,0.0001
2022-01-17 00:00:00,0.340296149,0.0001
2022-01-18 00:00:00,0.30733189,0.0001
2022-01-19 00:00:00,0.31380555,0.0001
2022-01-20 00:00:00,0.305141747,0.0001
2022-01-21 00:00:00,0.266331762,0.0001
2022-01-22 00:00:00,0.258570969,0.0001
2022-01-23 00:00:00,0.253886282,0.0001
2022-01-24 00:00:00,0.251059026,0.0001
2022-01-25 00:00:00,0.247076362,0.0001
2022-01-26 00:00:00,0.250475615,0.0001
2022-01-27 00:00:00,0.279851913,0.0001
2022-01-28 00:00:00,0.263016224,0.0001
2022-01-29 00:00:00,0.289750069,0.0001
2022-01-30 00:00:00,0.276841491,0.0001
2022-01-31 00:00:00,0.26175189,0.0001
2022-02-01 00:00:00,0.270333767,0.0001
2022-02-02 00:00:00,0.269065571,0.0001
2022-02-03 00:00:00,0.312507629,0.0001
2022-02-04 00:00:00,0.418401837,0.0001
2022-02-05 00:00:00,0.486486524,0.0001
2022-02-06 00:00:00,0.739379585,0.0001
2022-02-07 00:00:00,0.708377421,0.0001
2022-02-08 00:00:00,0.549172819,0.0001
2022-02-09 00:00:00,0.456429094,0.0001
2022-02-10 00:00:00,0.401484013,0.0001
2022-02-11 00:00:00,0.364568233,0.0001
2022-02-12 00:00:00,0.32406728,0.0001
2022-02-13 00:00:00,0.316015631,0.0001
2022-02-14 00:00:00,0.316162944,0.0001
2022-02-15 00:00:00,0.300741524,0.0001
2022-02-16 00:00:00,0.486668706,0.0001
2022-02-17 00:00:00,0.965685785,0.0001
2022-02-18 00:00:00,0.910989881,0.0001
2022-02-19 00:00:00,1.162204981,0.0001
2022-02-20 00:00:00,1.02692163,0.0001
2022-02-21 00:00:00,1.382197857,0.0001
2022-02-22 00:00:00,1.217924237,0.0001
2022-02-23 00:00:00,1.005208254,0.0001
2022-02-24 00:00:00,0.941223323,0.0001
2022-02-25 00:00:00,1.063421369,0.0001
2022-02-26 00:00:00,0.926661313,0.0001
2022-02-27 00:00:00,0.80402863,0.0001
2022-02-28 00:00:00,0.711851239,0.0001
2022-03-01 00:00:00,0.630015731,0.0001
2022-03-02 00:00:00,0.566621006,0.0001
2022-03-03 00:00:00,0.516375601,0.0001
2022-03-04 00:00:00,0.472323149,0.0001
2022-03-05 00:00:00,0.437584549,0.0001
2022-03-06 00:00:00,0.407091588,0.0001
2022-03-07 00:00:00,0.378626138,0.0001
2022-03-08 00:00:00,0.356700122,0.0001
2022-03-09 00:00:00,0.333765894,0.0001
2022-03-10 00:00:00,0.312185585,0.0001
2022-03-11 00:00:00,0.292773128,0.0001
2022-03-12 00:00:00,0.274134934,0.0001
2022-03-13 00:00:00,0.256833583,0.0001
2022-03-14 00:00:00,0.241066203,0.0001
2022-03-15 00:00:00,0.229680076,0.0001
2022-03-16 00:00:00,0.218557999,0.0001
2022-03-17 00:00:00,0.216116577,0.0001
2022-03-18 00:00:00,0.205779612,0.0001
2022-03-19 00:00:00,0.19786711,0.0001
2022-03-20 00:00:00,0.196728647,0.0001
2022-03-21 00:00:00,0.192170411,0.0001
2022-03-22 00:00:00,0.185141876,0.0001
2022-03-23 00:00:00,0.181156844,0.0001
2022-03-24 00:00:00,0.17893441,0.0001
2022-03-25 00:00:00,0.176780373,0.0001
2022-03-26 00:00:00,0.174470305,0.0001
2022-03-27 00:00:00,0.172184706,0.0001
2022-03-28 00:00:00,0.174578801,0.0001
2022-03-29 00:00:00,0.176348716,0.0001
2022-03-30 00:00:00,0.171360135,0.0001
2022-03-31 00:00:00,0.164769724,0.0001
2022-04-01 00:00:00,0.158120006,0.0001
2022-04-02 00:00:00,0.152482033,0.0001
2022-04-03 00:00:00,0.149999887,0.0001
2022-04-04 00:00:00,0.196637422,0.0001
2022-04-05 00:00:00,0.225990936,0.0001
2022-04-06 00:00:00,0.238019437,0.0001
2022-04-07 00:00:00,0.283432275,0.0001
2022-04-08 00:00:00,0.282327592,0.0001
2022-04-09 00:00:00,0.240894571,0.0001
2022-04-10 00:00:00,0.21903868,0.0001
2022-04-11 00:00:00,0.207612574,0.0001
2022-04-12 00:00:00,0.201753691,0.0001
2022-04-13 00:00:00,0.197516412,0.0001
2022-04-14 00:00:00,0.194443181,0.0001
2022-04-15 00:00:00,0.189510047,0.0001
2022-04-16 00:00:00,0.183409631,0.0001
2022-04-17 00:00:00,0.179668769,0.0001
2022-04-18 00:00:00,0.175201342,0.0001
2022-04-19 00:00:00,0.168539897,0.0001
2022-04-20 00:00:00,0.154670149,0.0001
2022-04-21 00:00:00,0.12434385,0.0001
2022-04-22 00:00:00,0.119425222,0.0001
2022-04-23 00:00:00,0.115517631,0.0001
2022-04-24 00:00:00,0.112280145,0.0001
2022-04-25 00:00:00,0.10906705,0.0001
2022-04-26 00:00:00,0.104829267,0.0001
2022-04-27 00:00:00,0.100288913,0.0001
2022-04-28 00:00:00,0.098545149,0.0001
2022-04-29 00:00:00,0.097009227,0.0001
2022-04-30 00:00:00,0.09636645,0.0001
2022-05-01 00:00:00,0.095043547,0.0001
2022-05-02 00:00:00,0.093865767,0.0001
2022-05-03 00:00:00,0.09231168,0.0001
2022-05-04 00:00:00,0.090240359,0.0001
2022-05-05 00:00:00,0.089000098,0.0001
2022-05-06 00:00:00,0.088670217,0.0001
2022-05-07 00:00:00,0.087626413,0.0001
2022-05-08 00:00:00,0.085189372,0.0001
2022-05-09 00:00:00,0.083726704,0.0001
2022-05-10 00:00:00,0.088612951,0.0001
2022-05-11 00:00:00,0.091229282,0.0001
2022-05-12 00:00:00,0.086425528,0.0001
2022-05-13 00:00:00,0.084025621,0.0001
2022-05-14 00:00:00,0.082351282,0.0001
2022-05-15 00:00:00,0.080276825,0.0001
2022-05-16 00:00:00,0.0805277,0.0001
2022-05-17 00:00:00,0.078930117,0.0001
2022-05-18 00:00:00,0.077373728,0.0001
2022-05-19 00:00:00,0.078192912,0.0001
2022-05-20 00:00:00,0.079762958,0.0001
2022-05-21 00:00:00,0.112459406,0.0001
2022-05-22 00:00:00,0.093069807,0.0001
2022-05-23 00:00:00,0.085279979,0.0001
2022-05-24 00:00:00,0.09277197,0.0001
2022-05-25 00:00:00,0.090283267,0.0001
2022-05-26 00:00:00,0.086130694,0.0001
2022-05-27 00:00:00,0.093507349,0.0001
2022-05-28 00:00:00,0.089298643,0.0001
2022-05-29 00:00:00,0.086680532,0.0001
2022-05-30 00:00:00,0.090586975,0.0001
2022-05-31 00:00:00,0.082377583,0.0001
2022-06-01 00:00:00,0.090351887,0.0001
2022-06-02 00:00:00,0.080991581,0.0001
2022-06-03 00:00:00,0.077498078,0.0001
2022-06-04 00:00:00,0.072992191,0.0001
2022-06-05 00:00:00,0.069274276,0.0001
2022-06-06 00:00:00,0.077320606,0.0001
2022-06-07 00:00:00,0.108521484,0.0001
2022-06-08 00:00:00,0.093355246,0.0001
2022-06-09 00:00:00,0.087470405,0.0001
2022-06-10 00:00:00,0.083805896,0.0001
2022-06-11 00:00:00,0.073552825,0.0001
2022-06-12 00:00:00,0.069516063,0.0001
2022-06-13 00:00:00,0.067261994,0.0001
2022-06-14 00:00:00,0.064262614,0.0001
2022-06-15 00:00:00,0.06281615,0.0001
2022-06-16 00:00:00,0.061338805,0.0001
2022-06-17 00:00:00,0.060174346,0.0001
2022-06-18 00:00:00,0.058956813,0.0001
2022-06-19 00:00:00,0.062574729,0.0001
2022-06-20 00:00:00,0.061457407,0.0001
2022-06-21 00:00:00,0.059653468,0.0001
2022-06-22 00:00:00,0.056046821,0.0001
2022-06-23 00:00:00,0.054233234,0.0001
2022-06-24 00:00:00,0.052604221,0.0001
2022-06-25 00:00:00,0.051338747,0.0001
2022-06-26 00:00:00,0.051195949,0.0001
2022-06-27 00:00:00,0.087299161,0.0001
2022-06-28 00:00:00,0.099807784,0.0001
2022-06-29 00:00:00,0.083276469,0.0001
2022-06-30 00:00:00,0.068781018,0.0001
2022-07-01 00:00:00,0.061734769,0.0001
2022-07-02 00:00:00,0.060503352,0.0001
2022-07-03 00:00:00,0.057893235,0.0001
2022-07-04 00:00:00,0.057674419,0.0001
2022-07-05 00:00:00,0.057307109,0.0001
2022-07-06 00:00:00,0.054774694,0.0001
2022-07-07 00:00:00,0.061779011,0.0001
2022-07-08 00:00:00,0.054989778,0.0001
2022-07-09 00:00:00,0.052270852,0.0001
2022-07-10 00:00:00,0.050460756,0.0001
2022-07-11 00:00:00,0.049035598,0.0001
2022-07-12 00:00:00,0.047749862,0.0001
2022-07-13 00:00:00,0.04727551,0.0001
2022-07-14 00:00:00,0.0472368,0.0001
2022-07-15 00:00:00,0.047231369,0.0001
2022-07-16 00:00:00,0.046033632,0.0001
2022-07-17 00:00:00,0.045020759,0.0001
2022-07-18 00:00:00,0.046788804,0.0001
2022-07-19 00:00:00,0.045727223,0.0001
2022-07-20 00:00:00,0.044534177,0.0001
2022-07-21 00:00:00,0.044968192,0.0001
2022-07-22 00:00:00,0.046632722,0.0001
2022-07-23 00:00:00,0.049486205,0.0001
2022-07-24 00:00:00,0.049089164,0.0001
2022-07-25 00:00:00,0.066658258,0.0001
2022-07-26 00:00:00,0.065786652,0.0001
2022-07-27 00:00:00,0.059315462,0.0001
2022-07-28 00:00:00,0.05151587,0.0001
2022-07-29 00:00:00,0.04800285,0.0001
2022-07-30 00:00:00,0.047084071,0.0001
2022-07-31 00:00:00,0.048525531,0.0001
2022-08-01 00:00:00,0.054114778,0.0001
2022-08-02 00:00:00,0.048904959,0.0001
2022-08-03 00:00:00,0.052104466,0.0001
2022-08-04 00:00:00,0.047816023,0.0001
2022-08-05 00:00:00,0.04864303,0.0001
2022-08-06 00:00:00,0.044229209,0.0001
2022-08-07 00:00:00,0.044128917,0.0001
2022-08-08 00:00:00,0.044020999,0.0001
2022-08-09 00:00:00,0.043047559,0.0001
2022-08-10 00:00:00,0.041667674,0.0001
2022-08-11 00:00:00,0.040035117,0.0001
2022-08-12 00:00:00,0.038768079,0.0001
2022-08-13 00:00:00,0.037725192,0.0001
2022-08-14 00:00:00,0.037627622,0.0001
2022-08-15 00:00:00,0.037988335,0.0001
2022-08-16 00:00:00,0.045471966,0.0001
2022-08-17 00:00:00,0.048501115,0.0001
2022-08-18 00:00:00,0.04679516,0.0001
2022-08-19 00:00:00,0.047567774,0.0001
2022-08-20 00:00:00,0.043106239,0.0001
2022-08-21 00:00:00,0.043487985,0.0001
2022-08-22 00:00:00,0.046101853,0.0001
2022-08-23 00:00:00,0.04254321,0.0001
2022-08-24 00:00:00,0.040747423,0.0001
2022-08-25 00:00:00,0.040962074,0.0001
2022-08-26 00:00:00,0.045648832,0.0001
2022-08-27 00:00:00,0.057325717,0.0001
2022-08-28 00:00:00,0.053340532,0.0001
2022-08-29 00:00:00,0.046451643,0.0001
2022-08-30 00:00:00,0.042878516,0.0001
2022-08-31 00:00:00,0.041725144,0.0001
2022-09-01 00:00:00,0.040911976,0.0001
2022-09-02 00:00:00,0.041064288,0.0001
2022-09-03 00:00:00,0.041026689,0.0001
2022-09-04 00:00:00,0.041294973,0.0001
2022-09-05 00:00:00,0.040047128,0.0001
2022-09-06 00:00:00,0.039337654,0.0001
2022-09-07 00:00:00,0.039920934,0.0001
2022-09-08 00:00:00,0.043902606,0.0001
2022-09-09 00:00:00,0.071692303,0.0001
2022-09-10 00:00:00,0.062674522,0.0001
2022-09-11 00:00:00,0.057891525,0.0001
2022-09-12 00:00:00,0.05260833,0.0001
2022-09-13 00:00:00,0.067452602,0.0001
2022-09-14 00:00:00,0.062887192,0.0001
2022-09-15 00:00:00,0.057822153,0.0001
2022-09-16 00:00:00,0.052287102,0.0001
2022-09-17 00:00:00,0.050114416,0.0001
2022-09-18 00:00:00,0.048387632,0.0001
2022-09-19 00:00:00,0.046826795,0.0001
2022-09-20 00:00:00,0.045661144,0.0001
2022-09-21 00:00:00,0.045035847,0.0001
2022-09-22 00:00:00,0.044783064,0.0001
2022-09-23 00:00:00,0.044865479,0.0001
2022-09-24 00:00:00,0.044299414,0.0001
2022-09-25 00:00:00,0.044286614,0.0001
2022-09-26 00:00:00,0.04878623,0.0001
2022-09-27 00:00:00,0.065469868,0.0001
2022-09-28 00:00:00,0.07350295,0.0001
2022-09-29 00:00:00,0.072609834,0.0001
2022-09-30 00:00:00,0.070733391,0.0001
2022-10-01 00:00:00,0.067409538,0.0001
2022-10-02 00:00:00,0.065396853,0.0001
2022-10-03 00:00:00,0.059556637,0.0001
2022-10-04 00:00:00,0.054463848,0.0001
2022-10-05 00:00:00,0.052985515,0.0001
2022-10-06 00:00:00,0.054438818,0.0001
2022-10-07 00:00:00,0.055038687,0.0001
2022-10-08 00:00:00,0.059762906,0.0001
2022-10-09 00:00:00,0.062647916,0.0001
2022-10-10 00:00:00,0.058163498,0.0001
2022-10-11 00:00:00,0.061578933,0.0001
2022-10-12 00:00:00,0.058400001,0.0001
2022-10-13 00:00:00,0.055479489,0.0001
2022-10-14 00:00:00,0.052013773,0.0001
2022-10-15 00:00:00,0.048502337,0.0001
2022-10-16 00:00:00,0.048367597,0.0001
2022-10-17 00:00:00,0.048845466,0.0001
2022-10-18 00:00:00,0.049043503,0.0001
2022-10-19 00:00:00,0.048054043,0.0001
2022-10-20 00:00:00,0.053382087,0.0001
2022-10-21 00:00:00,0.087666862,0.0001
2022-10-22 00:00:00,0.112249851,0.0001
2022-10-23 00:00:00,0.094634429,0.0001
2022-10-24 00:00:00,0.093471706,0.0001
2022-10-25 00:00:00,0.104139753,0.0001
2022-10-26 00:00:00,0.106475756,0.0001
2022-10-27 00:00:00,0.093796127,0.0001
2022-10-28 00:00:00,0.083081611,0.0001
2022-10-29 00:00:00,0.076798737,0.0001
2022-10-30 00:00:00,0.073618174,0.0001
2022-10-31 00:00:00,0.079440914,0.0001
2022-11-01 00:00:00,0.079962738,0.0001
2022-11-02 00:00:00,0.082671925,0.0001
2022-11-03 00:00:00,0.087610371,0.0001
2022-11-04 00:00:00,0.083702184,0.0001
2022-11-05 00:00:00,0.08260455,0.0001
2022-11-06 00:00:00,0.08455079,0.0001
2022-11-07 00:00:00,0.098329365,0.0001
2022-11-08 00:00:00,0.109506458,0.0001
2022-11-09 00:00:00,0.107606985,0.0001
2022-11-10 00:00:00,0.126410961,0.0001
2022-11-11 00:00:00,0.128494531,0.0001
2022-11-12 00:00:00,0.114271298,0.0001
2022-11-13 00:00:00,0.102967821,0.0001
2022-11-14 00:00:00,0.098779246,0.0001
2022-11-15 00:00:00,0.092326022,0.0001
2022-11-16 00:00:00,0.088656649,0.0001
2022-11-17 00:00:00,0.084553182,0.0001
2022-11-18 00:00:00,0.07919693,0.0001
2022-11-19 00:00:00,0.076339208,0.0001
2022-11-20 00:00:00,0.075482979,0.0001
2022-11-21 00:00:00,0.075557739,0.0001
2022-11-22 00:00:00,0.075928263,0.0001
2022-11-23 00:00:00,0.092510499,0.0001
2022-11-24 00:00:00,0.102375008,0.0001
2022-11-25 00:00:00,0.094476423,0.0001
2022-11-26 00:00:00,0.101684026,0.0001
2022-11-27 00:00:00,0.096039966,0.0001
2022-11-28 00:00:00,0.096525714,0.0001
2022-11-29 00:00:00,0.11469575,0.0001
2022-11-30 00:00:00,0.126279294,0.0001
2022-12-01 00:00:00,0.119366385,0.0001
2022-12-02 00:00:00,0.110503346,0.0001
2022-12-03 00:00:00,0.106220503,0.0001
2022-12-04 00:00:00,0.104448178,0.0001
2022-12-05 00:00:00,0.0984903,0.0001
2022-12-06 00:00:00,0.094617833,0.0001
2022-12-07 00:00:00,0.092041381,0.0001
2022-12-08 00:00:00,0.088266514,0.0001
2022-12-09 00:00:00,0.086225636,0.0001
2022-12-10 00:00:00,0.088186659,0.0001
2022-12-11 00:00:00,0.087969743,0.0001
2022-12-12 00:00:00,0.084993191,0.0001
2022-12-13 00:00:00,0.082947537,0.0001
2022-12-14 00:00:00,0.087300189,0.0001
2022-12-15 00:00:00,0.086511947,0.0001
2022-12-16 00:00:00,0.08024475,0.0001
2022-12-17 00:00:00,0.07915125,0.0001
2022-12-18 00:00:00,0.086609758,0.0001
2022-12-19 00:00:00,0.095625073,0.0001
2022-12-20 00:00:00,0.267281819,0.0001
2022-12-21 00:00:00,0.346687336,0.0001
2022-12-22 00:00:00,0.310687095,0.0001
2022-12-23 00:00:00,0.250017673,0.0001
2022-12-24 00:00:00,0.197682083,0.0001
2022-12-25 00:00:00,0.180921391,0.0001
2022-12-26 00:00:00,0.209356979,0.0001
2022-12-27 00:00:00,0.235216349,0.0001
2022-12-28 00:00:00,0.342542499,0.0001
2022-12-29 00:00:00,0.574514008,0.0001
2022-12-30 00:00:00,0.628011649,0.0001
2022-12-31 00:00:00,0.568617761,0.0001
2023-01-01 00:00:00,0.880511565,0.0001
2023-01-02 00:00:00,0.878351084,0.0001
2023-01-03 00:00:00,0.792441247,0.0001
2023-01-04 00:00:00,0.961123096,0.0001
2023-01-05 00:00:00,1.13327631,0.0001
2023-01-06 00:00:00,1.125870133,0.0001
2023-01-07 00:00:00,1.226668316,0.0001
2023-01-08 00:00:00,0.995004409,0.0001
2023-01-09 00:00:00,0.861955943,0.0001
2023-01-10 00:00:00,0.773799396,0.0001
2023-01-11 00:00:00,0.904179443,0.0001
2023-01-12 00:00:00,0.893118344,0.0001
2023-01-13 00:00:00,0.915771232,0.0001
2023-01-14 00:00:00,0.969718934,0.0001
2023-01-15 00:00:00,1.149940462,0.0001
2023-01-16 00:00:00,1.119148177,0.0001
2023-01-17 00:00:00,1.205489123,0.0001
2023-01-18 00:00:00,1.188204007,0.0001
2023-01-19 00:00:00,1.08509396,0.0001
2023-01-20 00:00:00,1.046632758,0.0001
2023-01-21 00:00:00,0.918743851,0.0001
2023-01-22 00:00:00,0.820857389,0.0001
2023-01-23 00:00:00,0.73103119,0.0001
2023-01-24 00:00:00,0.648876531,0.0001
2023-01-25 00:00:00,0.594128809,0.0001
2023-01-26 00:00:00,0.55856943,0.0001
2023-01-27 00:00:00,0.498053326,0.0001
2023-01-28 00:00:00,0.451446859,0.0001
2023-01-29 00:00:00,0.430742978,0.0001
2023-01-30 00:00:00,0.466227205,0.0001
2023-01-31 00:00:00,0.459586504,0.0001
2023-02-01 00:00:00,0.566491346,0.0001
2023-02-02 00:00:00,0.579018985,0.0001
2023-02-03 00:00:00,0.835235461,0.0001
2023-02-04 00:00:00,0.750241153,0.0001
2023-02-05 00:00:00,0.646517551,0.0001
2023-02-06 00:00:00,0.571086949,0.0001
2023-02-07 00:00:00,0.521776501,0.0001
2023-02-08 00:00:00,0.478732554,0.0001
2023-02-09 00:00:00,0.448619685,0.0001
2023-02-10 00:00:00,0.419416291,0.0001
2023-02-11 00:00:00,0.400531807,0.0001
2023-02-12 00:00:00,0.371514067,0.0001
2023-02-13 00:00:00,0.351384511,0.0001
2023-02-14 00:00:00,0.331127698,0.0001
2023-02-15 00:00:00,0.316611533,0.0001
2023-02-16 00:00:00,0.3035314,0.0001
2023-02-17 00:00:00,0.354683745,0.0001
2023-02-18 00:00:00,0.379042399,0.0001
2023-02-19 00:00:00,0.334187652,0.0001
2023-02-20 00:00:00,0.352957187,0.0001
2023-02-21 00:00:00,0.344997625,0.0001
2023-02-22 00:00:00,0.321408282,0.0001
2023-02-23 00:00:00,0.306406828,0.0001
2023-02-24 00:00:00,0.332505024,0.0001
2023-02-25 00:00:00,0.323253208,0.0001
2023-02-26 00:00:00,0.280838407,0.0001
2023-02-27 00:00:00,0.261244824,0.0001
2023-02-28 00:00:00,0.250508143,0.0001
2023-03-01 00:00:00,0.243654008,0.0001
2023-03-02 00:00:00,0.234713627,0.0001
2023-03-03 00:00:00,0.229087239,0.0001
2023-03-04 00:00:00,0.220669784,0.0001
2023-03-05 00:00:00,0.211571195,0.0001
2023-03-06 00:00:00,0.204486519,0.0001
2023-03-07 00:00:00,0.226974808,0.0001
2023-03-08 00:00:00,0.213939718,0.0001
2023-03-09 00:00:00,0.199810603,0.0001
2023-03-10 00:00:00,0.196989669,0.0001
2023-03-11 00:00:00,0.194333447,0.0001
2023-03-12 00:00:00,0.19246913,0.0001
2023-03-13 00:00:00,0.343700187,0.0001
2023-03-14 00:00:00,0.701797083,0.0001
2023-03-15 00:00:00,0.565373315,0.0001
2023-03-16 00:00:00,0.431917974,0.0001
2023-03-17 00:00:00,0.364047955,0.0001
2023-03-18 00:00:00,0.398300491,0.0001
2023-03-19 00:00:00,0.403852358,0.0001
2023-03-20 00:00:00,0.371675714,0.0001
2023-03-21 00:00:00,0.352164336,0.0001
2023-03-22 00:00:00,0.389082255,0.0001
2023-03-23 00:00:00,0.528013483,0.0001
2023-03-24 00:00:00,0.652866003,0.0001
2023-03-25 00:00:00,0.643075829,0.0001
2023-03-26 00:00:00,0.531549588,0.0001
2023-03-27 00:00:00,0.432150099,0.0001
2023-03-28 00:00:00,0.384826132,0.0001
2023-03-29 00:00:00,0.363840036,0.0001
2023-03-30 00:00:00,0.670059895,0.0001
2023-03-31 00:00:00,0.838643975,0.0001
2023-04-01 00:00:00,0.669999718,0.0001
2023-04-02 00:00:00,0.518834008,0.0001
2023-04-03 00:00:00,0.48458843,0.0001
2023-04-04 00:00:00,0.448199143,0.0001
2023-04-05 00:00:00,0.411957775,0.0001
2023-04-06 00:00:00,0.381276339,0.0001
2023-04-07 00:00:00,0.347770942,0.0001
2023-04-08 00:00:00,0.321471981,0.0001
2023-04-09 00:00:00,0.302269138,0.0001
2023-04-10 00:00:00,0.282119122,0.0001
2023-04-11 00:00:00,0.32808301,0.0001
2023-04-12 00:00:00,0.311302093,0.0001
2023-04-13 00:00:00,0.484960709,0.0001
2023-04-14 00:00:00,0.414473549,0.0001
2023-04-15 00:00:00,0.530385888,0.0001
2023-04-16 00:00:00,0.485573992,0.0001
2023-04-17 00:00:00,0.407127895,0.0001
2023-04-18 00:00:00,0.347041891,0.0001
2023-04-19 00:00:00,0.31160191,0.0001
2023-04-20 00:00:00,0.289574626,0.0001
2023-04-21 00:00:00,0.272598054,0.0001
2023-04-22 00:00:00,0.263284179,0.0001
2023-04-23 00:00:00,0.256504144,0.0001
2023-04-24 00:00:00,0.284094365,0.0001
2023-04-25 00:00:00,0.389014906,0.0001
2023-04-26 00:00:00,0.319980666,0.0001
2023-04-27 00:00:00,0.275417737,0.0001
2023-04-28 00:00:00,0.252942172,0.0001
2023-04-29 00:00:00,0.238971793,0.0001
2023-04-30 00:00:00,0.222516238,0.0001
2023-05-01 00:00:00,0.21516312,0.0001
2023-05-02 00:00:00,0.202433474,0.0001
2023-05-03 00:00:00,0.166605148,0.0001
2023-05-04 00:00:00,0.155372346,0.0001
2023-05-05 00:00:00,0.1484359,0.0001
2023-05-06 00:00:00,0.142096963,0.0001
2023-05-07 00:00:00,0.136577372,0.0001
2023-05-08 00:00:00,0.132190109,0.0001
2023-05-09 00:00:00,0.131168088,0.0001
2023-05-10 00:00:00,0.125876599,0.0001
2023-05-11 00:00:00,0.123117053,0.0001
2023-05-12 00:00:00,0.119051844,0.0001
2023-05-13 00:00:00,0.113566846,0.0001
2023-05-14 00:00:00,0.110340832,0.0001
2023-05-15 00:00:00,0.108507461,0.0001
2023-05-16 00:00:00,0.106884766,0.0001
2023-05-17 00:00:00,0.10092479,0.0001
2023-05-18 00:00:00,0.096254391,0.0001
2023-05-19 00:00:00,0.092449991,0.0001
2023-05-20 00:00:00,0.089378795,0.0001
2023-05-21 00:00:00,0.087330451,0.0001
2023-05-22 00:00:00,0.085113941,0.0001
2023-05-23 00:00:00,0.102343088,0.0001
2023-05-24 00:00:00,0.095053883,0.0001
2023-05-25 00:00:00,0.085449224,0.0001
2023-05-26 00:00:00,0.080704532,0.0001
2023-05-27 00:00:00,0.078100818,0.0001
2023-05-28 00:00:00,0.075329523,0.0001
2023-05-29 00:00:00,0.072606991,0.0001
2023-05-30 00:00:00,0.069939803,0.0001
2023-05-31 00:00:00,0.068515556,0.0001
2023-06-01 00:00:00,0.066819022,0.0001
2023-06-02 00:00:00,0.064075687,0.0001
2023-06-03 00:00:00,0.0626381,0.0001
2023-06-04 00:00:00,0.06120711,0.0001
2023-06-05 00:00:00,0.060024989,0.0001
2023-06-06 00:00:00,0.05854222,0.0001
2023-06-07 00:00:00,0.057347746,0.0001
2023-06-08 00:00:00,0.055933561,0.0001
2023-06-09 00:00:00,0.054725346,0.0001
2023-06-10 00:00:00,0.052530905,0.0001
2023-06-11 00:00:00,0.05055666,0.0001
2023-06-12 00:00:00,0.04959363,0.0001
2023-06-13 00:00:00,0.047862087,0.0001
2023-06-14 00:00:00,0.046603526,0.0001
2023-06-15 00:00:00,0.046812437,0.0001
2023-06-16 00:00:00,0.047687721,0.0001
2023-06-17 00:00:00,0.045994825,0.0001
2023-06-18 00:00:00,0.043773657,0.0001
2023-06-19 00:00:00,0.044368513,0.0001
2023-06-20 00:00:00,0.046342378,0.0001
2023-06-21 00:00:00,0.057564134,0.0001
2023-06-22 00:00:00,0.0563111,0.0001
2023-06-23 00:00:00,0.050267738,0.0001
2023-06-24 00:00:00,0.047497465,0.0001
2023-06-25 00:00:00,0.047783996,0.0001
2023-06-26 00:00:00,0.052976756,0.0001
2023-06-27 00:00:00,0.05333214,0.0001
2023-06-28 00:00:00,0.046013791,0.0001
2023-06-29 00:00:00,0.049468773,0.0001
2023-06-30 00:00:00,0.04489515,0.0001
2023-07-01 00:00:00,0.052875078,0.0001
2023-07-02 00:00:00,0.067958541,0.0001
2023-07-03 00:00:00,0.065583727,0.0001
2023-07-04 00:00:00,0.083971686,0.0001
2023-07-05 00:00:00,0.115776363,0.0001
2023-07-06 00:00:00,0.194364654,0.0001
2023-07-07 00:00:00,0.079116059,0.0001
2023-07-08 00:00:00,0.050441562,0.0001
2023-07-09 00:00:00,0.040679851,0.0001
2023-07-10 00:00:00,0.057869287,0.0001
2023-07-11 00:00:00,0.063075601,0.0001
2023-07-12 00:00:00,0.049256526,0.0001
2023-07-13 00:00:00,0.042850527,0.0001
2023-07-14 00:00:00,0.038332374,0.0001
2023-07-15 00:00:00,0.039937767,0.0001
2023-07-16 00:00:00,0.100313725,0.0001
2023-07-17 00:00:00,0.074415213,0.0001
2023-07-18 00:00:00,0.050274492,0.0001
2023-07-19 00:00:00,0.040569286,0.0001
2023-07-20 00:00:00,0.03633277,0.0001
2023-07-21 00:00:00,0.030963463,0.0001
2023-07-22 00:00:00,0.055011557,0.0001
2023-07-23 00:00:00,0.074112979,0.0001
2023-07-24 00:00:00,0.121711224,0.0001
2023-07-25 00:00:00,0.094239563,0.0001
2023-07-26 00:00:00,0.082973153,0.0001
2023-07-27 00:00:00,0.07296208,0.0001
2023-07-28 00:00:00,0.062588618,0.0001
2023-07-29 00:00:00,0.060577746,0.0001
2023-07-30 00:00:00,0.06283353,0.0001
2023-07-31 00:00:00,0.072183104,0.0001
2023-08-01 00:00:00,0.079673337,0.0001
2023-08-02 00:00:00,0.08578397,0.0001
2023-08-03 00:00:00,0.089393923,0.0001
2023-08-04 00:00:00,0.082027381,0.0001
2023-08-05 00:00:00,0.072557475,0.0001
2023-08-06 00:00:00,0.064985196,0.0001
2023-08-07 00:00:00,0.061457669,0.0001
2023-08-08 00:00:00,0.064072137,0.0001
2023-08-09 00:00:00,0.06885441,0.0001
2023-08-10 00:00:00,0.066246852,0.0001
2023-08-11 00:00:00,0.059835172,0.0001
2023-08-12 00:00:00,0.056589229,0.0001
2023-08-13 00:00:00,0.056890805,0.0001
2023-08-14 00:00:00,0.050696087,0.0001
2023-08-15 00:00:00,0.047692058,0.0001
2023-08-16 00:00:00,0.047634659,0.0001
2023-08-17 00:00:00,0.048814542,0.0001
2023-08-18 00:00:00,0.049570924,0.0001
2023-08-19 00:00:00,0.05189889,0.0001
2023-08-20 00:00:00,0.06276829,0.0001
2023-08-21 00:00:00,0.061724606,0.0001
2023-08-22 00:00:00,0.055696592,0.0001
2023-08-23 00:00:00,0.053647294,0.0001
2023-08-24 00:00:00,0.052310453,0.0001
2023-08-25 00:00:00,0.091307017,0.0001
2023-08-26 00:00:00,0.087136572,0.0001
2023-08-27 00:00:00,0.084440779,0.0001
2023-08-28 00:00:00,0.084330663,0.0001
2023-08-29 00:00:00,0.077499129,0.0001
2023-08-30 00:00:00,0.072579541,0.0001
2023-08-31 00:00:00,0.146826068,0.0001
2023-09-01 00:00:00,0.122055664,0.0001
2023-09-02 00:00:00,0.107895529,0.0001
2023-09-03 00:00:00,0.097384162,0.0001
2023-09-04 00:00:00,0.088711014,0.0001
2023-09-05 00:00:00,0.081926611,0.0001
2023-09-06 00:00:00,0.078341051,0.0001
2023-09-07 00:00:00,0.076756267,0.0001
2023-09-08 00:00:00,0.072442231,0.0001
2023-09-09 00:00:00,0.068424789,0.0001
2023-09-10 00:00:00,0.066339332,0.0001
2023-09-11 00:00:00,0.069562153,0.0001
2023-09-12 00:00:00,0.06984458,0.0001
2023-09-13 00:00:00,0.069864734,0.0001
2023-09-14 00:00:00,0.066407622,0.0001
2023-09-15 00:00:00,0.064339557,0.0001
2023-09-16 00:00:00,0.064497928,0.0001
2023-09-17 00:00:00,0.064760086,0.0001
2023-09-18 00:00:00,0.067926656,0.0001
2023-09-19 00:00:00,0.082976713,0.0001
2023-09-20 00:00:00,0.118722119,0.0001
2023-09-21 00:00:00,0.097860326,0.0001
2023-09-22 00:00:00,0.099699067,0.0001
2023-09-23 00:00:00,0.096707134,0.0001
2023-09-24 00:00:00,0.090180199,0.0001
2023-09-25 00:00:00,0.081314072,0.0001
2023-09-26 00:00:00,0.076428528,0.0001
2023-09-27 00:00:00,0.074264325,0.0001
2023-09-28 00:00:00,0.072899867,0.0001
2023-09-29 00:00:00,0.072383508,0.0001
2023-09-30 00:00:00,0.070270827,0.0001
2023-10-01 00:00:00,0.069587718,0.0001
2023-10-02 00:00:00,0.072602903,0.0001
2023-10-03 00:00:00,0.721813161,0.0001
2023-10-04 00:00:00,0.982029009,0.0001
2023-10-05 00:00:00,0.816034396,0.0001
2023-10-06 00:00:00,0.596948268,0.0001
2023-10-07 00:00:00,0.434979414,0.0001
2023-10-08 00:00:00,0.305691755,0.0001
2023-10-09 00:00:00,0.237460182,0.0001
2023-10-10 00:00:00,0.202401406,0.0001
2023-10-11 00:00:00,0.194980357,0.0001
2023-10-12 00:00:00,0.175367782,0.0001
2023-10-13 00:00:00,0.227721738,0.0001
2023-10-14 00:00:00,0.343729317,0.0001
2023-10-15 00:00:00,0.251228484,0.0001
2023-10-16 00:00:00,0.204085337,0.0001
2023-10-17 00:00:00,0.177480937,0.0001
2023-10-18 00:00:00,0.160507585,0.0001
2023-10-19 00:00:00,0.150764289,0.0001
2023-10-20 00:00:00,0.147444015,0.0001
2023-10-21 00:00:00,0.781239615,0.0001
2023-10-22 00:00:00,0.852396505,0.0001
2023-10-23 00:00:00,0.613767893,0.0001
2023-10-24 00:00:00,0.533213048,0.0001
2023-10-25 00:00:00,1.347028553,0.0001
2023-10-26 00:00:00,1.308386733,0.0001
2023-10-27 00:00:00,1.163011736,0.0001
2023-10-28 00:00:00,0.992646499,0.0001
2023-10-29 00:00:00,1.059748106,0.0001
2023-10-30 00:00:00,1.31953491,0.0001
2023-10-31 00:00:00,1.521144675,0.0001
2023-11-01 00:00:00,1.416624225,0.0001
2023-11-02 00:00:00,1.3987806,0.0001
2023-11-03 00:00:00,1.262937301,0.0001
2023-11-04 00:00:00,1.129713558,0.0001
2023-11-05 00:00:00,1.107141843,0.0001
2023-11-06 00:00:00,1.093483643,0.0001
2023-11-07 00:00:00,1.001106036,0.0001
2023-11-08 00:00:00,0.960036986,0.0001
2023-11-09 00:00:00,0.917498436,0.0001
2023-11-10 00:00:00,0.958151101,0.0001
2023-11-11 00:00:00,0.948742936,0.0001
2023-11-12 00:00:00,0.883044245,0.0001
2023-11-13 00:00:00,0.805617155,0.0001
2023-11-14 00:00:00,1.083352173,0.0001
2023-11-15 00:00:00,1.164205779,0.0001
2023-11-16 00:00:00,1.364571221,0.0001
2023-11-17 00:00:00,1.326516716,0.0001
2023-11-18 00:00:00,1.186258435,0.0001
2023-11-19 00:00:00,1.139318356,0.0001
2023-11-20 00:00:00,1.161524823,0.0001
2023-11-21 00:00:00,1.077527906,0.0001
2023-11-22 00:00:00,0.991470474,0.0001
2023-11-23 00:00:00,1.003412755,0.0001
2023-11-24 00:00:00,0.993165262,0.0001
2023-11-25 00:00:00,0.879344183,0.0001
2023-11-26 00:00:00,0.780751272,0.0001
2023-11-27 00:00:00,0.704485724,0.0001
2023-11-28 00:00:00,0.623788599,0.0001
2023-11-29 00:00:00,0.543963419,0.0001
2023-11-30 00:00:00,0.492734217,0.0001
2023-12-01 00:00:00,0.468155979,0.0001
2023-12-02 00:00:00,0.446855536,0.0001
2023-12-03 00:00:00,0.429583287,0.0001
2023-12-04 00:00:00,0.424581558,0.0001
2023-12-05 00:00:00,0.42246414,0.0001
2023-12-06 00:00:00,0.423036011,0.0001
2023-12-07 00:00:00,0.433702662,0.0001
2023-12-08 00:00:00,0.444395072,0.0001
2023-12-09 00:00:00,0.505120854,0.0001
2023-12-10 00:00:00,0.920909234,0.0001
2023-12-11 00:00:00,1.11087788,0.0001
2023-12-12 00:00:00,0.992741235,0.0001
2023-12-13 00:00:00,0.860873868,0.0001
2023-12-14 00:00:00,0.739731522,0.0001
2023-12-15 00:00:00,0.662893318,0.0001
2023-12-16 00:00:00,0.615017252,0.0001
2023-12-17 00:00:00,0.57663206,0.0001
2023-12-18 00:00:00,0.555756717,0.0001
2023-12-19 00:00:00,0.553440928,0.0001
2023-12-20 00:00:00,0.56127061,0.0001
2023-12-21 00:00:00,0.741091762,0.0001
2023-12-22 00:00:00,0.87546155,0.0001
2023-12-23 00:00:00,0.725487029,0.0001
2023-12-24 00:00:00,0.683960285,0.0001
2023-12-25 00:00:00,0.758055616,0.0001
2023-12-26 00:00:00,0.739968987,0.0001
2023-12-27 00:00:00,0.677798427,0.0001
2023-12-28 00:00:00,0.929251833,0.0001
2023-12-29 00:00:00,1.113417928,0.0001
2023-12-30 00:00:00,1.087319216,0.0001
2023-12-31 00:00:00,0.995314387,0.0001
2024-01-01 00:00:00,1.068367663,0.0001
2024-01-02 00:00:00,1.033060802,0.0001
2024-01-03 00:00:00,0.998498391,0.0001
2024-01-04 00:00:00,0.977085938,0.0001
2024-01-05 00:00:00,0.918951178,0.0001
2024-01-06 00:00:00,0.844399863,0.0001
2024-01-07 00:00:00,0.765260404,0.0001
2024-01-08 00:00:00,0.701791744,0.0001
2024-01-09 00:00:00,0.655755842,0.0001
2024-01-10 00:00:00,0.623601187,0.0001
2024-01-11 00:00:00,0.601232715,0.0001
2024-01-12 00:00:00,0.57979803,0.0001
2024-01-13 00:00:00,0.660373634,0.0001
2024-01-14 00:00:00,0.811555701,0.0001
2024-01-15 00:00:00,0.788302219,0.0001
2024-01-16 00:00:00,0.678962447,0.0001
2024-01-17 00:00:00,0.619014458,0.0001
2024-01-18 00:00:00,0.5642594,0.0001
2024-01-19 00:00:00,0.523191742,0.0001
2024-01-20 00:00:00,0.81438035,0.0001
2024-01-21 00:00:00,1.076023585,0.0001
2024-01-22 00:00:00,1.305506987,0.0001
2024-01-23 00:00:00,1.344098081,0.0001
2024-01-24 00:00:00,1.410384996,0.0001
2024-01-25 00:00:00,1.382717338,0.0001
2024-01-26 00:00:00,1.311912447,0.0001
2024-01-27 00:00:00,1.278628821,0.0001
2024-01-28 00:00:00,1.182340851,0.0001
2024-01-29 00:00:00,1.091416076,0.0001
2024-01-30 00:00:00,1.000547218,0.0001
2024-01-31 00:00:00,0.912532389,0.0001
2024-02-01 00:00:00,0.868601957,0.0001
2024-02-02 00:00:00,0.815513546,0.0001
2024-02-03 00:00:00,0.778414609,0.0001
2024-02-04 00:00:00,0.729806605,0.0001
2024-02-05 00:00:00,0.71136497,0.0001
2024-02-06 00:00:00,1.248427299,0.0001
2024-02-07 00:00:00,1.292802362,0.0001
2024-02-08 00:00:00,1.182968256,0.0001
2024-02-09 00:00:00,1.090517716,0.0001
2024-02-10 00:00:00,1.030327615,0.0001
2024-02-11 00:00:00,1.068746019,0.0001
2024-02-12 00:00:00,1.241411448,0.0001
2024-02-13 00:00:00,1.26858343,0.0001
2024-02-14 00:00:00,1.182605422,0.0001
2024-02-15 00:00:00,1.105540638,0.0001
2024-02-16 00:00:00,1.049405487,0.0001
2024-02-17 00:00:00,0.96976665,0.0001
2024-02-18 00:00:00,0.926634755,0.0001
2024-02-19 00:00:00,0.925929506,0.0001
2024-02-20 00:00:00,0.86928958,0.0001
2024-02-21 00:00:00,0.825062008,0.0001
2024-02-22 00:00:00,0.801088675,0.0001
2024-02-23 00:00:00,0.903466776,0.0001
2024-02-24 00:00:00,0.858956162,0.0001
2024-02-25 00:00:00,0.870393091,0.0001
2024-02-26 00:00:00,0.843743914,0.0001
2024-02-27 00:00:00,0.779482894,0.0001
2024-02-28 00:00:00,0.735965323,0.0001
2024-02-29 00:00:00,0.707691175,0.0001
2024-03-01 00:00:00,0.688321959,0.0001
2024-03-02 00:00:00,0.674856181,0.0001
2024-03-03 00:00:00,0.657251306,0.0001
2024-03-04 00:00:00,0.636135008,0.0001
2024-03-05 00:00:00,0.606088541,0.0001
2024-03-06 00:00:00,0.595087498,0.0001
2024-03-07 00:00:00,0.580073223,0.0001
2024-03-08 00:00:00,0.567029217,0.0001
2024-03-09 00:00:00,0.555155632,0.0001
2024-03-10 00:00:00,0.551405329,0.0001
2024-03-11 00:00:00,0.542816099,0.0001
2024-03-12 00:00:00,0.522245286,0.0001
2024-03-13 00:00:00,0.512952328,0.0001
2024-03-14 00:00:00,0.508645453,0.0001
2024-03-15 00:00:00,0.511370375,0.0001
2024-03-16 00:00:00,0.505502002,0.0001
2024-03-17 00:00:00,0.480202968,0.0001
2024-03-18 00:00:00,0.470405095,0.0001
2024-03-19 00:00:00,0.460300837,0.0001
2024-03-20 00:00:00,0.457899532,0.0001
2024-03-21 00:00:00,0.492359142,0.0001
2024-03-22 00:00:00,0.488698492,0.0001
2024-03-23 00:00:00,0.475084585,0.0001
2024-03-24 00:00:00,0.486859439,0.0001
2024-03-25 00:00:00,0.499614057,0.0001
2024-03-26 00:00:00,0.474555745,0.0001
2024-03-27 00:00:00,0.460600464,0.0001
2024-03-28 00:00:00,0.457140507,0.0001
2024-03-29 00:00:00,0.462264215,0.0001
2024-03-30 00:00:00,0.441909978,0.0001
2024-03-31 00:00:00,0.434839372,0.0001
2024-04-01 00:00:00,0.6673525,0.0001
2024-04-02 00:00:00,1.086778377,0.0001
2024-04-03 00:00:00,1.163827371,0.0001
2024-04-04 00:00:00,0.979583525,0.0001
2024-04-05 00:00:00,0.981076407,0.0001
2024-04-06 00:00:00,1.085148198,0.0001
2024-04-07 00:00:00,1.012690569,0.0001
2024-04-08 00:00:00,0.925303764,0.0001
2024-04-09 00:00:00,0.828071528,0.0001
2024-04-10 00:00:00,0.763505047,0.0001
2024-04-11 00:00:00,0.707837385,0.0001
2024-04-12 00:00:00,0.670182197,0.0001
2024-04-13 00:00:00,0.634410305,0.0001
2024-04-14 00:00:00,0.599880669,0.0001
2024-04-15 00:00:00,0.562431747,0.0001
2024-04-16 00:00:00,0.524448775,0.0001
2024-04-17 00:00:00,0.484059432,0.0001
2024-04-18 00:00:00,0.45821009,0.0001
2024-04-19 00:00:00,0.459534681,0.0001
2024-04-20 00:00:00,0.467783525,0.0001
2024-04-21 00:00:00,0.58871748,0.0001
2024-04-22 00:00:00,0.482435233,0.0001
2024-04-23 00:00:00,0.466418888,0.0001
2024-04-24 00:00:00,0.493008846,0.0001
2024-04-25 00:00:00,0.451842587,0.0001
2024-04-26 00:00:00,0.572417843,0.0001
2024-04-27 00:00:00,0.655660859,0.0001
2024-04-28 00:00:00,0.539554578,0.0001
2024-04-29 00:00:00,0.459390016,0.0001
2024-04-30 00:00:00,0.412963045,0.0001
2024-05-01 00:00:00,0.384422793,0.0001
2024-05-02 00:00:00,0.360213575,0.0001
2024-05-03 00:00:00,0.333563365,0.0001
2024-05-04 00:00:00,0.315493238,0.0001
2024-05-05 00:00:00,0.316651802,0.0001
2024-05-06 00:00:00,0.326133602,0.0001
2024-05-07 00:00:00,0.295425791,0.0001
2024-05-08 00:00:00,0.275167321,0.0001
2024-05-09 00:00:00,0.264185763,0.0001
2024-05-10 00:00:00,0.254425865,0.0001
2024-05-11 00:00:00,0.242934435,0.0001
2024-05-12 00:00:00,0.233679125,0.0001
2024-05-13 00:00:00,0.22729769,0.0001
2024-05-14 00:00:00,0.220315773,0.0001
2024-05-15 00:00:00,0.212425976,0.0001
2024-05-16 00:00:00,0.204714588,0.0001
2024-05-17 00:00:00,0.197595889,0.0001
2024-05-18 00:00:00,0.190862193,0.0001
2024-05-19 00:00:00,0.185327945,0.0001
2024-05-20 00:00:00,0.178732052,0.0001
2024-05-21 00:00:00,0.172111963,0.0001
2024-05-22 00:00:00,0.16797994,0.0001
2024-05-23 00:00:00,0.178499439,0.0001
2024-05-24 00:00:00,0.186304445,0.0001
2024-05-25 00:00:00,0.172742722,0.0001
2024-05-26 00:00:00,0.168319666,0.0001
2024-05-27 00:00:00,0.165409904,0.0001
2024-05-28 00:00:00,0.203292719,0.0001
2024-05-29 00:00:00,0.218099727,0.0001
2024-05-30 00:00:00,0.209160115,0.0001
2024-05-31 00:00:00,0.264382641,0.0001
2024-06-01 00:00:00,0.248084592,0.0001
2024-06-02 00:00:00,0.213630571,0.0001
2024-06-03 00:00:00,0.191365607,0.0001
2024-06-04 00:00:00,0.178860036,0.0001
2024-06-05 00:00:00,0.20373456,0.0001
2024-06-06 00:00:00,0.196479726,0.0001
2024-06-07 00:00:00,0.189331283,0.0001
2024-06-08 00:00:00,0.325372431,0.0001
2024-06-09 00:00:00,0.374820195,0.0001
2024-06-10 00:00:00,0.315125008,0.0001
2024-06-11 00:00:00,0.265287998,0.0001
2024-06-12 00:00:00,0.229522741,0.0001
2024-06-13 00:00:00,0.209274125,0.0001
2024-06-14 00:00:00,0.197342282,0.0001
2024-06-15 00:00:00,0.291685696,0.0001
2024-06-16 00:00:00,0.339625353,0.0001
2024-06-17 00:00:00,0.293210402,0.0001
2024-06-18 00:00:00,0.252164911,0.0001
2024-06-19 00:00:00,0.219779478,0.0001
2024-06-20 00:00:00,0.199505884,0.0001
2024-06-21 00:00:00,0.190944002,0.0001
2024-06-22 00:00:00,0.542690638,0.0001
2024-06-23 00:00:00,0.419324609,0.0001
2024-06-24 00:00:00,0.329530614,0.0001
2024-06-25 00:00:00,0.273918862,0.0001
2024-06-26 00:00:00,0.237916344,0.0001
2024-06-27 00:00:00,0.212365489,0.0001
2024-06-28 00:00:00,0.204886867,0.0001
2024-06-29 00:00:00,0.186356281,0.0001
2024-06-30 00:00:00,0.179163187,0.0001
2024-07-01 00:00:00,0.168474889,0.0001
2024-07-02 00:00:00,0.161981716,0.0001
2024-07-03 00:00:00,0.154169508,0.0001
2024-07-04 00:00:00,0.164705057,0.0001
2024-07-05 00:00:00,0.171177219,0.0001
2024-07-06 00:00:00,0.188755774,0.0001
2024-07-07 00:00:00,0.194457322,0.0001
2024-07-08 00:00:00,0.183085952,0.0001
2024-07-09 00:00:00,0.174029757,0.0001
2024-07-10 00:00:00,0.168682618,0.0001
2024-07-11 00:00:00,0.159667279,0.0001
2024-07-12 00:00:00,0.153647471,0.0001
2024-07-13 00:00:00,0.22390549,0.0001
2024-07-14 00:00:00,0.225754482,0.0001
2024-07-15 00:00:00,0.273627611,0.0001
2024-07-16 00:00:00,0.294119112,0.0001
2024-07-17 00:00:00,0.324925731,0.0001
2024-07-18 00:00:00,0.271327954,0.0001
2024-07-19 00:00:00,0.241832859,0.0001
2024-07-20 00:00:00,0.222195081,0.0001
2024-07-21 00:00:00,0.206954105,0.0001
2024-07-22 00:00:00,0.431659452,0.0001
2024-07-23 00:00:00,0.456337997,0.0001
2024-07-24 00:00:00,0.430069205,0.0001
2024-07-25 00:00:00,0.383702916,0.0001
2024-07-26 00:00:00,0.379774486,0.0001
2024-07-27 00:00:00,0.359500694,0.0001
2024-07-28 00:00:00,0.320876572,0.0001
2024-07-29 00:00:00,0.294185247,0.0001
2024-07-30 00:00:00,0.273957707,0.0001
2024-07-31 00:00:00,0.257834638,0.0001
2024-08-01 00:00:00,0.245209024,0.0001
2024-08-02 00:00:00,0.236567503,0.0001
2024-08-03 00:00:00,0.22526484,0.0001
2024-08-04 00:00:00,0.217384409,0.0001
2024-08-05 00:00:00,0.212132719,0.0001
2024-08-06 00:00:00,0.208429176,0.0001
2024-08-07 00:00:00,0.210737918,0.0001
2024-08-08 00:00:00,0.208610804,0.0001
2024-08-09 00:00:00,0.233751798,0.0001
2024-08-10 00:00:00,0.225129135,0.0001
2024-08-11 00:00:00,0.206186438,0.0001
2024-08-12 00:00:00,0.193759822,0.0001
2024-08-13 00:00:00,0.185175152,0.0001
2024-08-14 00:00:00,0.211273483,0.0001
2024-08-15 00:00:00,0.217907037,0.0001
2024-08-16 00:00:00,0.232708812,0.0001
2024-08-17 00:00:00,0.228704276,0.0001
2024-08-18 00:00:00,0.212238654,0.0001
2024-08-19 00:00:00,0.194534097,0.0001
2024-08-20 00:00:00,0.184392389,0.0001
2024-08-21 00:00:00,0.192885718,0.0001
2024-08-22 00:00:00,0.191011234,0.0001
2024-08-23 00:00:00,0.236763952,0.0001
2024-08-24 00:00:00,0.253895143,0.0001
2024-08-25 00:00:00,0.395121428,0.0001
2024-08-26 00:00:00,0.3658916,0.0001
2024-08-27 00:00:00,0.35283648,0.0001
2024-08-28 00:00:00,0.303423408,0.0001
2024-08-29 00:00:00,0.273983143,0.0001
2024-08-30 00:00:00,0.245406438,0.0001
2024-08-31 00:00:00,0.222296506,0.0001
2024-09-01 00:00:00,0.208390162,0.0001
2024-09-02 00:00:00,0.198364551,0.0001
2024-09-03 00:00:00,0.189154485,0.0001
2024-09-04 00:00:00,0.185792841,0.0001
2024-09-05 00:00:00,0.177609068,0.0001
2024-09-06 00:00:00,0.167136259,0.0001
2024-09-07 00:00:00,0.159910514,0.0001
2024-09-08 00:00:00,0.154019693,0.0001
2024-09-09 00:00:00,0.170273671,0.0001
2024-09-10 00:00:00,0.210424247,0.0001
2024-09-11 00:00:00,0.297292101,0.0001
2024-09-12 00:00:00,0.235547472,0.0001
2024-09-13 00:00:00,0.201292213,0.0001
2024-09-14 00:00:00,0.175509056,0.0001
2024-09-15 00:00:00,0.162260728,0.0001
2024-09-16 00:00:00,0.149726533,0.0001
2024-09-17 00:00:00,0.14203883,0.0001
2024-09-18 00:00:00,0.134791619,0.0001
2024-09-19 00:00:00,0.128516803,0.0001
2024-09-20 00:00:00,0.124594507,0.0001
2024-09-21 00:00:00,0.123491697,0.0001
2024-09-22 00:00:00,0.120321372,0.0001
2024-09-23 00:00:00,0.118661178,0.0001
2024-09-24 00:00:00,0.116260838,0.0001
2024-09-25 00:00:00,0.115656964,0.0001
2024-09-26 00:00:00,0.158548216,0.0001
2024-09-27 00:00:00,0.330404601,0.0001
2024-09-28 00:00:00,0.479428084,0.0001
2024-09-29 00:00:00,0.34988138,0.0001
2024-09-30 00:00:00,0.28329716,0.0001
2024-10-01 00:00:00,0.245104735,0.0001
2024-10-02 00:00:00,0.216140176,0.0001
2024-10-03 00:00:00,0.197016605,0.0001
2024-10-04 00:00:00,0.185100232,0.0001
2024-10-05 00:00:00,0.1761064,0.0001
2024-10-06 00:00:00,0.168910247,0.0001
2024-10-07 00:00:00,0.170720224,0.0001
2024-10-08 00:00:00,0.183820972,0.0001
2024-10-09 00:00:00,0.201032285,0.0001
2024-10-10 00:00:00,0.233803577,0.0001
2024-10-11 00:00:00,0.236685956,0.0001
2024-10-12 00:00:00,0.24273823,0.0001
2024-10-13 00:00:00,0.228955613,0.0001
2024-10-14 00:00:00,0.204715202,0.0001
2024-10-15 00:00:00,0.186850821,0.0001
2024-10-16 00:00:00,0.177732506,0.0001
2024-10-17 00:00:00,0.176022258,0.0001
2024-10-18 00:00:00,0.170592084,0.0001
2024-10-19 00:00:00,0.16667016,0.0001
2024-10-20 00:00:00,0.162764105,0.0001
2024-10-21 00:00:00,0.170024645,0.0001
2024-10-22 00:00:00,0.161205707,0.0001
2024-10-23 00:00:00,0.152742444,0.0001
2024-10-24 00:00:00,0.147589397,0.0001
2024-10-25 00:00:00,0.146539996,0.0001
2024-10-26 00:00:00,0.142967949,0.0001
2024-10-27 00:00:00,0.146176816,0.0001
2024-10-28 00:00:00,0.146644279,0.0001
2024-10-29 00:00:00,0.141147141,0.0001
2024-10-30 00:00:00,0.13616768,0.0001
2024-10-31 00:00:00,0.131339322,0.0001
2024-11-01 00:00:00,0.129678065,0.0001
2024-11-02 00:00:00,0.119784044,0.0001
2024-11-03 00:00:00,0.117069993,0.0001
2024-11-04 00:00:00,0.116842399,0.0001
2024-11-05 00:00:00,0.116887528,0.0001
2024-11-06 00:00:00,0.114659511,0.0001
2024-11-07 00:00:00,0.112454291,0.0001
2024-11-08 00:00:00,0.110840598,0.0001
2024-11-09 00:00:00,0.110343211,0.0001
2024-11-10 00:00:00,0.108515455,0.0001
2024-11-11 00:00:00,0.111545417,0.0001
2024-11-12 00:00:00,0.107495771,0.0001
2024-11-13 00:00:00,0.106728545,0.0001
2024-11-14 00:00:00,0.108707317,0.0001
2024-11-15 00:00:00,0.107155566,0.0001
2024-11-16 00:00:00,0.112202647,0.0001
2024-11-17 00:00:00,0.11652071,0.0001
2024-11-18 00:00:00,0.120979862,0.0001
2024-11-19 00:00:00,0.114345006,0.0001
2024-11-20 00:00:00,0.110089122,0.0001
2024-11-21 00:00:00,0.105980248,0.0001
2024-11-22 00:00:00,0.101938125,0.0001
2024-11-23 00:00:00,0.097023637,0.0001
2024-11-24 00:00:00,0.166174502,0.0001
2024-11-25 00:00:00,0.207653951,0.0001
2024-11-26 00:00:00,0.179220654,0.0001
2024-11-27 00:00:00,0.158886801,0.0001
2024-11-28 00:00:00,0.323070681,0.0001
2024-11-29 00:00:00,0.291098336,0.0001
2024-11-30 00:00:00,0.254225813,0.0001
2024-12-01 00:00:00,0.232107366,0.0001
2024-12-02 00:00:00,0.231133676,0.0001
2024-12-03 00:00:00,0.239987123,0.0001
2024-12-04 00:00:00,0.23855777,0.0001
2024-12-05 00:00:00,0.245066032,0.0001
2024-12-06 00:00:00,0.29280455,0.0001
2024-12-07 00:00:00,0.331983124,0.0001
2024-12-08 00:00:00,0.479566482,0.0001
2024-12-09 00:00:00,0.415717527,0.0001
2024-12-10 00:00:00,0.347600757,0.0001
2024-12-11 00:00:00,0.310944797,0.0001
2024-12-12 00:00:00,0.281974297,0.0001
2024-12-13 00:00:00,0.264343451,0.0001
2024-12-14 00:00:00,0.262030149,0.0001
2024-12-15 00:00:00,0.2516517,0.0001
2024-12-16 00:00:00,0.261519573,0.0001
2024-12-17 00:00:00,0.274737058,0.0001
2024-12-18 00:00:00,0.295203491,0.0001
2024-12-19 00:00:00,0.477608964,0.0001
2024-12-20 00:00:00,0.446520194,0.0001
2024-12-21 00:00:00,0.395731548,0.0001
2024-12-22 00:00:00,0.427481525,0.0001
2024-12-23 00:00:00,0.409733369,0.0001
2024-12-24 00:00:00,0.368313836,0.0001
2024-12-25 00:00:00,0.343388537,0.0001
2024-12-26 00:00:00,0.326395492,0.0001
2024-12-27 00:00:00,0.313129529,0.0001
2024-12-28 00:00:00,0.302469376,0.0001
2024-12-29 00:00:00,0.293923821,0.0001
2024-12-30 00:00:00,0.359650862,0.0001
2024-12-31 00:00:00,0.599489324,0.0001
