datetime,Flow_metersCubedPerSecond_1,Water_Temperature_celsius_1,Salinity_practicalSalinityUnits_1,Flow_metersCubedPerSecond_2,Water_Temperature_celsius_2,Salinity_practicalSalinityUnits_2
1989-01-01 00:00:00,0.560000002,3.839285714,0,0.0001,3.839285714,0
1989-01-02 00:00:00,0.545000017,3.857142857,0,0.0001,3.857142857,0
1989-01-03 00:00:00,0.538999975,3.875,0,0.0001,3.875,0
1989-01-04 00:00:00,0.50999999,3.892857143,0,0.0001,3.892857143,0
1989-01-05 00:00:00,0.497999996,3.910714286,0,0.0001,3.910714286,0
1989-01-06 00:00:00,0.488000005,3.928571429,0,0.0001,3.928571429,0
1989-01-07 00:00:00,0.485000014,3.946428571,0,0.0001,3.946428571,0
1989-01-08 00:00:00,0.479999989,3.964285714,0,0.0001,3.964285714,0
1989-01-09 00:00:00,0.474999994,3.982142857,0,0.0001,3.982142857,0
1989-01-10 00:00:00,0.465000004,4,0,0.0001,4,0
1989-01-11 00:00:00,0.459031999,4.017857143,0,0.0001,4.017857143,0
1989-01-12 00:00:00,0.444999993,4.035714286,0,0.0001,4.035714286,0
1989-01-13 00:00:00,0.435000002,4.053571429,0,0.0001,4.053571429,0
1989-01-14 00:00:00,0.430000007,4.071428571,0,0.0001,4.071428571,0
1989-01-15 00:00:00,0.428000003,4.089285714,0,0.0001,4.089285714,0
1989-01-16 00:00:00,0.469999999,4.107142857,0,0.0001,4.107142857,0
1989-01-17 00:00:00,0.519999981,4.125,0,0.0001,4.125,0
1989-01-18 00:00:00,0.529999971,4.142857143,0,0.0001,4.142857143,0
1989-01-19 00:00:00,0.519999981,4.160714286,0,0.0001,4.160714286,0
1989-01-20 00:00:00,0.474999994,4.178571429,0,0.0001,4.178571429,0
1989-01-21 00:00:00,0.432999998,4.196428571,0,0.0001,4.196428571,0
1989-01-22 00:00:00,0.412,4.214285714,0,0.0001,4.214285714,0
1989-01-23 00:00:00,0.411000013,4.232142857,0,0.0001,4.232142857,0
1989-01-24 00:00:00,0.38499999,4.25,0,0.0001,4.25,0
1989-01-25 00:00:00,0.379000008,4.267857143,0,0.0001,4.267857143,0
1989-01-26 00:00:00,0.363999993,4.285714286,0,0.0001,4.285714286,0
1989-01-27 00:00:00,0.358999997,4.303571429,0,0.0001,4.303571429,0
1989-01-28 00:00:00,0.356999993,4.321428571,0,0.0001,4.321428571,0
1989-01-29 00:00:00,0.34799999,4.339285714,0,0.0001,4.339285714,0
1989-01-30 00:00:00,0.347000003,4.357142857,0,0.0001,4.357142857,0
1989-01-31 00:00:00,0.347000003,4.375,0,0.0001,4.375,0
1989-02-01 00:00:00,0.344000012,4.392857143,0,0.0001,4.392857143,0
1989-02-02 00:00:00,0.337000012,4.410714286,0,0.0001,4.410714286,0
1989-02-03 00:00:00,0.331999987,4.428571429,0,0.0001,4.428571429,0
1989-02-04 00:00:00,0.333000004,4.446428571,0,0.0001,4.446428571,0
1989-02-05 00:00:00,0.340000004,4.464285714,0,0.0001,4.464285714,0
1989-02-06 00:00:00,0.360000014,4.482142857,0,0.0001,4.482142857,0
1989-02-07 00:00:00,0.389999986,4.5,0,0.0001,4.5,0
1989-02-08 00:00:00,0.419999987,4.503448276,0,0.0001,4.503448276,0
1989-02-09 00:00:00,0.414999992,4.506896552,0,0.0001,4.506896552,0
1989-02-10 00:00:00,0.405000001,4.510344828,0,0.0001,4.510344828,0
1989-02-11 00:00:00,0.386999995,4.513793103,0,0.0001,4.513793103,0
1989-02-12 00:00:00,0.379999995,4.517241379,0,0.0001,4.517241379,0
1989-02-13 00:00:00,0.363999993,4.520689655,0,0.0001,4.520689655,0
1989-02-14 00:00:00,0.407000005,4.524137931,0,0.0001,4.524137931,0
1989-02-15 00:00:00,0.425999999,4.527586207,0,0.0001,4.527586207,0
1989-02-16 00:00:00,0.49000001,4.531034483,0,0.0001,4.531034483,0
1989-02-17 00:00:00,0.600000024,4.534482759,0,0.0001,4.534482759,0
1989-02-18 00:00:00,0.730000019,4.537931034,0,0.0001,4.537931034,0
1989-02-19 00:00:00,0.699999988,4.54137931,0,0.0001,4.54137931,0
1989-02-20 00:00:00,0.694999993,4.544827586,0,0.0001,4.544827586,0
1989-02-21 00:00:00,0.779999971,4.548275862,0,0.0001,4.548275862,0
1989-02-22 00:00:00,0.850000024,4.551724138,0,0.0001,4.551724138,0
1989-02-23 00:00:00,0.920000017,4.555172414,0,0.0001,4.555172414,0
1989-02-24 00:00:00,0.910000026,4.55862069,0,0.0001,4.55862069,0
1989-02-25 00:00:00,0.899999976,4.562068966,0,0.0001,4.562068966,0
1989-02-26 00:00:00,0.925000012,4.565517241,0,0.0001,4.565517241,0
1989-02-27 00:00:00,0.970000029,4.568965517,0,0.0001,4.568965517,0
1989-02-28 00:00:00,0.949999988,4.572413793,0,0.0001,4.572413793,0
1989-03-01 00:00:00,0.930000007,4.575862069,0,0.0001,4.575862069,0
1989-03-02 00:00:00,0.910000026,4.579310345,0,0.0001,4.579310345,0
1989-03-03 00:00:00,0.899999976,4.582758621,0,0.0001,4.582758621,0
1989-03-04 00:00:00,0.819999993,4.586206897,0,0.0001,4.586206897,0
1989-03-05 00:00:00,0.755999982,4.589655172,0,0.0001,4.589655172,0
1989-03-06 00:00:00,0.658999979,4.593103448,0,0.0001,4.593103448,0
1989-03-07 00:00:00,0.569999993,4.596551724,0,0.0001,4.596551724,0
1989-03-08 00:00:00,0.563149989,4.6,0,0.0001,4.6,0
1989-03-09 00:00:00,0.50999999,4.629411765,0,0.0001,4.629411765,0
1989-03-10 00:00:00,0.495000005,4.658823529,0,0.0001,4.658823529,0
1989-03-11 00:00:00,0.488000005,4.688235294,0,0.0001,4.688235294,0
1989-03-12 00:00:00,0.485000014,4.717647059,0,0.0001,4.717647059,0
1989-03-13 00:00:00,0.479999989,4.747058824,0,0.0001,4.747058824,0
1989-03-14 00:00:00,0.49000001,4.776470588,0,0.0001,4.776470588,0
1989-03-15 00:00:00,0.540000021,4.805882353,0,0.0001,4.805882353,0
1989-03-16 00:00:00,0.600000024,4.835294118,0,0.0001,4.835294118,0
1989-03-17 00:00:00,0.660000026,4.864705882,0,0.0001,4.864705882,0
1989-03-18 00:00:00,0.709999979,4.894117647,0,0.0001,4.894117647,0
1989-03-19 00:00:00,0.75,4.923529412,0,0.0001,4.923529412,0
1989-03-20 00:00:00,0.730000019,4.952941176,0,0.0001,4.952941176,0
1989-03-21 00:00:00,0.699999988,4.982352941,0,0.0001,4.982352941,0
1989-03-22 00:00:00,0.629999995,5.011764706,0,0.0001,5.011764706,0
1989-03-23 00:00:00,0.625,5.041176471,0,0.0001,5.041176471,0
1989-03-24 00:00:00,0.680000007,5.070588235,0,0.0001,5.070588235,0
1989-03-25 00:00:00,0.800000012,5.1,0,0.0001,5.1,0
1989-03-26 00:00:00,0.949999988,5.129411765,0,0.0001,5.129411765,0
1989-03-27 00:00:00,1.100000024,5.158823529,0,0.0001,5.158823529,0
1989-03-28 00:00:00,1.200000048,5.188235294,0,0.0001,5.188235294,0
1989-03-29 00:00:00,1.149999976,5.217647059,0,0.0001,5.217647059,0
1989-03-30 00:00:00,1.142274022,5.247058824,0,0.0001,5.247058824,0
1989-03-31 00:00:00,1.100121975,5.276470588,0,0.0001,5.276470588,0
1989-04-01 00:00:00,1.032417059,5.305882353,0,0.0001,5.305882353,0
1989-04-02 00:00:00,0.960919976,5.335294118,0,0.0001,5.335294118,0
1989-04-03 00:00:00,0.891691983,5.364705882,0,0.0001,5.364705882,0
1989-04-04 00:00:00,0.822548985,5.394117647,0,0.0001,5.394117647,0
1989-04-05 00:00:00,0.778536022,5.423529412,0,0.0001,5.423529412,0
1989-04-06 00:00:00,0.709437013,5.452941176,0,0.0001,5.452941176,0
1989-04-07 00:00:00,0.679516971,5.482352941,0,0.0001,5.482352941,0
1989-04-08 00:00:00,0.646942019,5.511764706,0,0.0001,5.511764706,0
1989-04-09 00:00:00,0.61165297,5.541176471,0,0.0001,5.541176471,0
1989-04-10 00:00:00,0.582916975,5.570588235,0,0.0001,5.570588235,0
1989-04-11 00:00:00,0.564593017,5.6,0,0.0001,5.6,0
1989-04-12 00:00:00,0.544418991,5.72,0,0.0001,5.72,0
1989-04-13 00:00:00,0.525563002,5.84,0,0.0001,5.84,0
1989-04-14 00:00:00,0.500048995,5.96,0,0.0001,5.96,0
1989-04-15 00:00:00,0.47944501,6.08,0,0.0001,6.08,0
1989-04-16 00:00:00,0.455345005,6.2,0,0.0001,6.2,0
1989-04-17 00:00:00,0.432419986,6.32,0,0.0001,6.32,0
1989-04-18 00:00:00,0.416110009,6.44,0,0.0001,6.44,0
1989-04-19 00:00:00,0.398369014,6.56,0,0.0001,6.56,0
1989-04-20 00:00:00,0.400970012,6.68,0,0.0001,6.68,0
1989-04-21 00:00:00,0.40358901,6.8,0,0.0001,6.8,0
1989-04-22 00:00:00,0.389301002,6.92,0,0.0001,6.92,0
1989-04-23 00:00:00,0.370653987,7.04,0,0.0001,7.04,0
1989-04-24 00:00:00,0.355313003,7.16,0,0.0001,7.16,0
1989-04-25 00:00:00,0.344080001,7.28,0,0.0001,7.28,0
1989-04-26 00:00:00,0.354777008,7.4,0,0.0001,7.4,0
1989-04-27 00:00:00,0.376592994,7.638235294,0,0.0001,7.638235294,0
1989-04-28 00:00:00,0.378174007,7.876470588,0,0.0001,7.876470588,0
1989-04-29 00:00:00,0.376246005,8.114705882,0,0.0001,8.114705882,0
1989-04-30 00:00:00,0.373984009,8.352941176,0,0.0001,8.352941176,0
1989-05-01 00:00:00,0.357811004,8.591176471,0,0.0001,8.591176471,0
1989-05-02 00:00:00,0.347721994,8.829411765,0,0.0001,8.829411765,0
1989-05-03 00:00:00,0.337251008,9.067647059,0,0.0001,9.067647059,0
1989-05-04 00:00:00,0.323949009,9.305882353,0,0.0001,9.305882353,0
1989-05-05 00:00:00,0.30885601,9.544117647,0,0.0001,9.544117647,0
1989-05-06 00:00:00,0.290807009,9.782352941,0,0.0001,9.782352941,0
1989-05-07 00:00:00,0.279489011,10.02058824,0,0.0001,10.02058824,0
1989-05-08 00:00:00,0.269479007,10.25882353,0,0.0001,10.25882353,0
1989-05-09 00:00:00,0.262555003,10.49705882,0,0.0001,10.49705882,0
1989-05-10 00:00:00,0.252530009,10.73529412,0,0.0001,10.73529412,0
1989-05-11 00:00:00,0.244790003,10.97352941,0,0.0001,10.97352941,0
1989-05-12 00:00:00,0.244159997,11.21176471,0,0.0001,11.21176471,0
1989-05-13 00:00:00,0.25948301,11.45,0,0.0001,11.45,0
1989-05-14 00:00:00,0.253021002,11.68823529,0,0.0001,11.68823529,0
1989-05-15 00:00:00,0.245213002,11.92647059,0,0.0001,11.92647059,0
1989-05-16 00:00:00,0.238004997,12.16470588,0,0.0001,12.16470588,0
1989-05-17 00:00:00,0.232586995,12.40294118,0,0.0001,12.40294118,0
1989-05-18 00:00:00,0.225287005,12.64117647,0,0.0001,12.64117647,0
1989-05-19 00:00:00,0.219435006,12.87941176,0,0.0001,12.87941176,0
1989-05-20 00:00:00,0.214289993,13.11764706,0,0.0001,13.11764706,0
1989-05-21 00:00:00,0.207054004,13.35588235,0,0.0001,13.35588235,0
1989-05-22 00:00:00,0.200110003,13.59411765,0,0.0001,13.59411765,0
1989-05-23 00:00:00,0.192258999,13.83235294,0,0.0001,13.83235294,0
1989-05-24 00:00:00,0.186453998,14.07058824,0,0.0001,14.07058824,0
1989-05-25 00:00:00,0.179303005,14.30882353,0,0.0001,14.30882353,0
1989-05-26 00:00:00,0.172521994,14.54705882,0,0.0001,14.54705882,0
1989-05-27 00:00:00,0.163801,14.78529412,0,0.0001,14.78529412,0
1989-05-28 00:00:00,0.157942995,15.02352941,0,0.0001,15.02352941,0
1989-05-29 00:00:00,0.148558006,15.26176471,0,0.0001,15.26176471,0
1989-05-30 00:00:00,0.154614002,15.5,0,0.0001,15.5,0
1989-05-31 00:00:00,0.175541997,15.84,0,0.0001,15.84,0
1989-06-01 00:00:00,0.178459004,16.18,0,0.0001,16.18,0
1989-06-02 00:00:00,0.180575997,16.52,0,0.0001,16.52,0
1989-06-03 00:00:00,0.180261001,16.86,0,0.0001,16.86,0
1989-06-04 00:00:00,0.177936003,17.2,0,0.0001,17.2,0
1989-06-05 00:00:00,0.186838999,17.54,0,0.0001,17.54,0
1989-06-06 00:00:00,0.201320007,17.88,0,0.0001,17.88,0
1989-06-07 00:00:00,0.204466999,18.22,0,0.0001,18.22,0
1989-06-08 00:00:00,0.203957006,18.56,0,0.0001,18.56,0
1989-06-09 00:00:00,0.202080995,18.9,0,0.0001,18.9,0
1989-06-10 00:00:00,0.211614996,19.24,0,0.0001,19.24,0
1989-06-11 00:00:00,0.209117994,19.58,0,0.0001,19.58,0
1989-06-12 00:00:00,0.202240005,19.92,0,0.0001,19.92,0
1989-06-13 00:00:00,0.196721002,20.26,0,0.0001,20.26,0
1989-06-14 00:00:00,0.189510003,20.6,0,0.0001,20.6,0
1989-06-15 00:00:00,0.182800993,20.61538462,0,0.0001,20.61538462,0
1989-06-16 00:00:00,0.173640996,20.63076923,0,0.0001,20.63076923,0
1989-06-17 00:00:00,0.159540996,20.64615385,0,0.0001,20.64615385,0
1989-06-18 00:00:00,0.153658003,20.66153846,0,0.0001,20.66153846,0
1989-06-19 00:00:00,0.145861998,20.67692308,0,0.0001,20.67692308,0
1989-06-20 00:00:00,0.134694993,20.69230769,0,0.0001,20.69230769,0
1989-06-21 00:00:00,0.128481001,20.70769231,0,0.0001,20.70769231,0
1989-06-22 00:00:00,0.125863001,20.72307692,0,0.0001,20.72307692,0
1989-06-23 00:00:00,0.118988,20.73846154,0,0.0001,20.73846154,0
1989-06-24 00:00:00,0.108202003,20.75384615,0,0.0001,20.75384615,0
1989-06-25 00:00:00,0.100555003,20.76923077,0,0.0001,20.76923077,0
1989-06-26 00:00:00,0.093930997,20.78461538,0,0.0001,20.78461538,0
1989-06-27 00:00:00,0.092151999,20.8,0,0.0001,20.8,0
1989-06-28 00:00:00,0.089732997,20.71333333,0,0.0001,20.71333333,0
1989-06-29 00:00:00,0.088175997,20.62666667,0,0.0001,20.62666667,0
1989-06-30 00:00:00,0.086345002,20.54,0,0.0001,20.54,0
1989-07-01 00:00:00,0.084417,20.45333333,0,0.0001,20.45333333,0
1989-07-02 00:00:00,0.091633998,20.36666667,0,0.0001,20.36666667,0
1989-07-03 00:00:00,0.091764003,20.28,0,0.0001,20.28,0
1989-07-04 00:00:00,0.090172999,20.19333333,0,0.0001,20.19333333,0
1989-07-05 00:00:00,0.087623999,20.10666667,0,0.0001,20.10666667,0
1989-07-06 00:00:00,0.084348001,20.02,0,0.0001,20.02,0
1989-07-07 00:00:00,0.083253004,19.93333333,0,0.0001,19.93333333,0
1989-07-08 00:00:00,0.081528001,19.84666667,0,0.0001,19.84666667,0
1989-07-09 00:00:00,0.077757001,19.76,0,0.0001,19.76,0
1989-07-10 00:00:00,0.072457001,19.67333333,0,0.0001,19.67333333,0
1989-07-11 00:00:00,0.064989001,19.58666667,0,0.0001,19.58666667,0
1989-07-12 00:00:00,0.062951997,19.5,0,0.0001,19.5,0
1989-07-13 00:00:00,0.065803997,19.53846154,0,0.0001,19.53846154,0
1989-07-14 00:00:00,0.065881997,19.57692308,0,0.0001,19.57692308,0
1989-07-15 00:00:00,0.061930001,19.61538462,0,0.0001,19.61538462,0
1989-07-16 00:00:00,0.056733999,19.65384615,0,0.0001,19.65384615,0
1989-07-17 00:00:00,0.051959999,19.69230769,0,0.0001,19.69230769,0
1989-07-18 00:00:00,0.0524,19.73076923,0,0.0001,19.73076923,0
1989-07-19 00:00:00,0.04944,19.76923077,0,0.0001,19.76923077,0
1989-07-20 00:00:00,0.044677999,19.80769231,0,0.0001,19.80769231,0
1989-07-21 00:00:00,0.043611001,19.84615385,0,0.0001,19.84615385,0
1989-07-22 00:00:00,0.042635001,19.88461538,0,0.0001,19.88461538,0
1989-07-23 00:00:00,0.04166,19.92307692,0,0.0001,19.92307692,0
1989-07-24 00:00:00,0.041432999,19.96153846,0,0.0001,19.96153846,0
1989-07-25 00:00:00,0.039354999,20,0,0.0001,20,0
1989-07-26 00:00:00,0.038352001,19.84285714,0,0.0001,19.84285714,0
1989-07-27 00:00:00,0.039023001,19.68571429,0,0.0001,19.68571429,0
1989-07-28 00:00:00,0.039694,19.52857143,0,0.0001,19.52857143,0
1989-07-29 00:00:00,0.040291,19.37142857,0,0.0001,19.37142857,0
1989-07-30 00:00:00,0.042096,19.21428571,0,0.0001,19.21428571,0
1989-07-31 00:00:00,0.051553,19.05714286,0,0.0001,19.05714286,0
1989-08-01 00:00:00,0.049467999,18.9,0,0.0001,18.9,0
1989-08-02 00:00:00,0.052212,18.74285714,0,0.0001,18.74285714,0
1989-08-03 00:00:00,0.052487999,18.58571429,0,0.0001,18.58571429,0
1989-08-04 00:00:00,0.050168,18.42857143,0,0.0001,18.42857143,0
1989-08-05 00:00:00,0.049548,18.27142857,0,0.0001,18.27142857,0
1989-08-06 00:00:00,0.049910001,18.11428571,0,0.0001,18.11428571,0
1989-08-07 00:00:00,0.051275998,17.95714286,0,0.0001,17.95714286,0
1989-08-08 00:00:00,0.053881999,17.8,0,0.0001,17.8,0
1989-08-09 00:00:00,0.054644998,17.77333333,0,0.0001,17.77333333,0
1989-08-10 00:00:00,0.058541,17.74666667,0,0.0001,17.74666667,0
1989-08-11 00:00:00,0.060396001,17.72,0,0.0001,17.72,0
1989-08-12 00:00:00,0.062913999,17.69333333,0,0.0001,17.69333333,0
1989-08-13 00:00:00,0.061365001,17.66666667,0,0.0001,17.66666667,0
1989-08-14 00:00:00,0.062114,17.64,0,0.0001,17.64,0
1989-08-15 00:00:00,0.063723996,17.61333333,0,0.0001,17.61333333,0
1989-08-16 00:00:00,0.064340003,17.58666667,0,0.0001,17.58666667,0
1989-08-17 00:00:00,0.068515003,17.56,0,0.0001,17.56,0
1989-08-18 00:00:00,0.067019001,17.53333333,0,0.0001,17.53333333,0
1989-08-19 00:00:00,0.066248,17.50666667,0,0.0001,17.50666667,0
1989-08-20 00:00:00,0.06543,17.48,0,0.0001,17.48,0
1989-08-21 00:00:00,0.063964002,17.45333333,0,0.0001,17.45333333,0
1989-08-22 00:00:00,0.062355001,17.42666667,0,0.0001,17.42666667,0
1989-08-23 00:00:00,0.059066001,17.4,0,0.0001,17.4,0
1989-08-24 00:00:00,0.056529,17.34666667,0,0.0001,17.34666667,0
1989-08-25 00:00:00,0.054985002,17.29333333,0,0.0001,17.29333333,0
1989-08-26 00:00:00,0.054021001,17.24,0,0.0001,17.24,0
1989-08-27 00:00:00,0.059014,17.18666667,0,0.0001,17.18666667,0
1989-08-28 00:00:00,0.066960998,17.13333333,0,0.0001,17.13333333,0
1989-08-29 00:00:00,0.065396003,17.08,0,0.0001,17.08,0
1989-08-30 00:00:00,0.064778998,17.02666667,0,0.0001,17.02666667,0
1989-08-31 00:00:00,0.068879001,16.97333333,0,0.0001,16.97333333,0
1989-09-01 00:00:00,0.082215004,16.92,0,0.0001,16.92,0
1989-09-02 00:00:00,0.089181997,16.86666667,0,0.0001,16.86666667,0
1989-09-03 00:00:00,0.093542002,16.81333333,0,0.0001,16.81333333,0
1989-09-04 00:00:00,0.092550002,16.76,0,0.0001,16.76,0
1989-09-05 00:00:00,0.089922003,16.70666667,0,0.0001,16.70666667,0
1989-09-06 00:00:00,0.086909004,16.65333333,0,0.0001,16.65333333,0
1989-09-07 00:00:00,0.084214002,16.6,0,0.0001,16.6,0
1989-09-08 00:00:00,0.086718,16.58333333,0,0.0001,16.58333333,0
1989-09-09 00:00:00,0.088722996,16.56666667,0,0.0001,16.56666667,0
1989-09-10 00:00:00,0.088771999,16.55,0,0.0001,16.55,0
1989-09-11 00:00:00,0.084835,16.53333333,0,0.0001,16.53333333,0
1989-09-12 00:00:00,0.080389999,16.51666667,0,0.0001,16.51666667,0
1989-09-13 00:00:00,0.078865997,16.5,0,0.0001,16.5,0
1989-09-14 00:00:00,0.080623001,16.48333333,0,0.0001,16.48333333,0
1989-09-15 00:00:00,0.080953002,16.46666667,0,0.0001,16.46666667,0
1989-09-16 00:00:00,0.084283002,16.45,0,0.0001,16.45,0
1989-09-17 00:00:00,0.095717996,16.43333333,0,0.0001,16.43333333,0
1989-09-18 00:00:00,0.101190001,16.41666667,0,0.0001,16.41666667,0
1989-09-19 00:00:00,0.103473,16.4,0,0.0001,16.4,0
1989-09-20 00:00:00,0.105226003,16.20909091,0,0.0001,16.20909091,0
1989-09-21 00:00:00,0.104263999,16.01818182,0,0.0001,16.01818182,0
1989-09-22 00:00:00,0.103600003,15.82727273,0,0.0001,15.82727273,0
1989-09-23 00:00:00,0.102624997,15.63636364,0,0.0001,15.63636364,0
1989-09-24 00:00:00,0.100308001,15.44545455,0,0.0001,15.44545455,0
1989-09-25 00:00:00,0.096552998,15.25454545,0,0.0001,15.25454545,0
1989-09-26 00:00:00,0.098706998,15.06363636,0,0.0001,15.06363636,0
1989-09-27 00:00:00,0.097338997,14.87272727,0,0.0001,14.87272727,0
1989-09-28 00:00:00,0.093699999,14.68181818,0,0.0001,14.68181818,0
1989-09-29 00:00:00,0.089653999,14.49090909,0,0.0001,14.49090909,0
1989-09-30 00:00:00,0.086149,14.3,0,0.0001,14.3,0
1989-10-01 00:00:00,0.084294997,14.10909091,0,0.0001,14.10909091,0
1989-10-02 00:00:00,0.076462999,13.91818182,0,0.0001,13.91818182,0
1989-10-03 00:00:00,0.073615998,13.72727273,0,0.0001,13.72727273,0
1989-10-04 00:00:00,0.072283,13.53636364,0,0.0001,13.53636364,0
1989-10-05 00:00:00,0.071523003,13.34545455,0,0.0001,13.34545455,0
1989-10-06 00:00:00,0.074693002,13.15454545,0,0.0001,13.15454545,0
1989-10-07 00:00:00,0.082521997,12.96363636,0,0.0001,12.96363636,0
1989-10-08 00:00:00,0.083525002,12.77272727,0,0.0001,12.77272727,0
1989-10-09 00:00:00,0.081941001,12.58181818,0,0.0001,12.58181818,0
1989-10-10 00:00:00,0.080608003,12.39090909,0,0.0001,12.39090909,0
1989-10-11 00:00:00,0.080807999,12.2,0,0.0001,12.2,0
1989-10-12 00:00:00,0.081471004,12.17142857,0,0.0001,12.17142857,0
1989-10-13 00:00:00,0.090410002,12.14285714,0,0.0001,12.14285714,0
1989-10-14 00:00:00,0.097685002,12.11428571,0,0.0001,12.11428571,0
1989-10-15 00:00:00,0.097496003,12.08571429,0,0.0001,12.08571429,0
1989-10-16 00:00:00,0.115765996,12.05714286,0,0.0001,12.05714286,0
1989-10-17 00:00:00,0.128718004,12.02857143,0,0.0001,12.02857143,0
1989-10-18 00:00:00,0.131845996,12,0,0.0001,12,0
1989-10-19 00:00:00,0.134372994,11.93571429,0,0.0001,11.93571429,0
1989-10-20 00:00:00,0.141001999,11.87142857,0,0.0001,11.87142857,0
1989-10-21 00:00:00,0.160916001,11.80714286,0,0.0001,11.80714286,0
1989-10-22 00:00:00,0.175487995,11.74285714,0,0.0001,11.74285714,0
1989-10-23 00:00:00,0.180577993,11.67857143,0,0.0001,11.67857143,0
1989-10-24 00:00:00,0.191551998,11.61428571,0,0.0001,11.61428571,0
1989-10-25 00:00:00,0.194617003,11.55,0,0.0001,11.55,0
1989-10-26 00:00:00,0.207283005,11.48571429,0,0.0001,11.48571429,0
1989-10-27 00:00:00,0.208342001,11.42142857,0,0.0001,11.42142857,0
1989-10-28 00:00:00,0.208269,11.35714286,0,0.0001,11.35714286,0
1989-10-29 00:00:00,0.211675003,11.29285714,0,0.0001,11.29285714,0
1989-10-30 00:00:00,0.225058004,11.22857143,0,0.0001,11.22857143,0
1989-10-31 00:00:00,0.225994006,11.16428571,0,0.0001,11.16428571,0
1989-11-01 00:00:00,0.222962007,11.1,0,0.0001,11.1,0
1989-11-02 00:00:00,0.21277,10.94857143,0,0.0001,10.94857143,0
1989-11-03 00:00:00,0.209272996,10.79714286,0,0.0001,10.79714286,0
1989-11-04 00:00:00,0.202722996,10.64571429,0,0.0001,10.64571429,0
1989-11-05 00:00:00,0.201637,10.49428571,0,0.0001,10.49428571,0
1989-11-06 00:00:00,0.207479,10.34285714,0,0.0001,10.34285714,0
1989-11-07 00:00:00,0.201229006,10.19142857,0,0.0001,10.19142857,0
1989-11-08 00:00:00,0.193215996,10.04,0,0.0001,10.04,0
1989-11-09 00:00:00,0.190709993,9.888571429,0,0.0001,9.888571429,0
1989-11-10 00:00:00,0.186761007,9.737142857,0,0.0001,9.737142857,0
1989-11-11 00:00:00,0.184880003,9.585714286,0,0.0001,9.585714286,0
1989-11-12 00:00:00,0.180446997,9.434285714,0,0.0001,9.434285714,0
1989-11-13 00:00:00,0.176383004,9.282857143,0,0.0001,9.282857143,0
1989-11-14 00:00:00,0.170266002,9.131428571,0,0.0001,9.131428571,0
1989-11-15 00:00:00,0.163574994,8.98,0,0.0001,8.98,0
1989-11-16 00:00:00,0.157815993,8.828571429,0,0.0001,8.828571429,0
1989-11-17 00:00:00,0.153502002,8.677142857,0,0.0001,8.677142857,0
1989-11-18 00:00:00,0.148000002,8.525714286,0,0.0001,8.525714286,0
1989-11-19 00:00:00,0.141516,8.374285714,0,0.0001,8.374285714,0
1989-11-20 00:00:00,0.138013005,8.222857143,0,0.0001,8.222857143,0
1989-11-21 00:00:00,0.133125007,8.071428571,0,0.0001,8.071428571,0
1989-11-22 00:00:00,0.129043996,7.92,0,0.0001,7.92,0
1989-11-23 00:00:00,0.127735004,7.768571429,0,0.0001,7.768571429,0
1989-11-24 00:00:00,0.127228007,7.617142857,0,0.0001,7.617142857,0
1989-11-25 00:00:00,0.122891001,7.465714286,0,0.0001,7.465714286,0
1989-11-26 00:00:00,0.126512006,7.314285714,0,0.0001,7.314285714,0
1989-11-27 00:00:00,0.124265,7.162857143,0,0.0001,7.162857143,0
1989-11-28 00:00:00,0.122745,7.011428571,0,0.0001,7.011428571,0
1989-11-29 00:00:00,0.121228002,6.86,0,0.0001,6.86,0
1989-11-30 00:00:00,0.120190002,6.708571429,0,0.0001,6.708571429,0
1989-12-01 00:00:00,0.119030997,6.557142857,0,0.0001,6.557142857,0
1989-12-02 00:00:00,0.116337001,6.405714286,0,0.0001,6.405714286,0
1989-12-03 00:00:00,0.113852002,6.254285714,0,0.0001,6.254285714,0
1989-12-04 00:00:00,0.113868997,6.102857143,0,0.0001,6.102857143,0
1989-12-05 00:00:00,0.114430003,5.951428571,0,0.0001,5.951428571,0
1989-12-06 00:00:00,0.110790998,5.8,0,0.0001,5.8,0
1989-12-07 00:00:00,0.112558998,5.741666667,0,0.0001,5.741666667,0
1989-12-08 00:00:00,0.112640001,5.683333333,0,0.0001,5.683333333,0
1989-12-09 00:00:00,0.113790996,5.625,0,0.0001,5.625,0
1989-12-10 00:00:00,0.114133999,5.566666667,0,0.0001,5.566666667,0
1989-12-11 00:00:00,0.116010003,5.508333333,0,0.0001,5.508333333,0
1989-12-12 00:00:00,0.118404999,5.45,0,0.0001,5.45,0
1989-12-13 00:00:00,0.121310003,5.391666667,0,0.0001,5.391666667,0
1989-12-14 00:00:00,0.124059997,5.333333333,0,0.0001,5.333333333,0
1989-12-15 00:00:00,0.128463,5.275,0,0.0001,5.275,0
1989-12-16 00:00:00,0.129189998,5.216666667,0,0.0001,5.216666667,0
1989-12-17 00:00:00,0.151451007,5.158333333,0,0.0001,5.158333333,0
1989-12-18 00:00:00,0.174625993,5.1,0,0.0001,5.1,0
1989-12-19 00:00:00,0.222929001,5.041666667,0,0.0001,5.041666667,0
1989-12-20 00:00:00,0.257654011,4.983333333,0,0.0001,4.983333333,0
1989-12-21 00:00:00,0.310254991,4.925,0,0.0001,4.925,0
1989-12-22 00:00:00,0.366351992,4.866666667,0,0.0001,4.866666667,0
1989-12-23 00:00:00,0.392809004,4.808333333,0,0.0001,4.808333333,0
1989-12-24 00:00:00,0.405813009,4.75,0,0.0001,4.75,0
1989-12-25 00:00:00,0.406085998,4.691666667,0,0.0001,4.691666667,0
1989-12-26 00:00:00,0.395936996,4.633333333,0,0.0001,4.633333333,0
1989-12-27 00:00:00,0.384941012,4.575,0,0.0001,4.575,0
1989-12-28 00:00:00,0.368708998,4.516666667,0,0.0001,4.516666667,0
1989-12-29 00:00:00,0.350001991,4.458333333,0,0.0001,4.458333333,0
1989-12-30 00:00:00,0.333032995,4.4,0,0.0001,4.4,0
1989-12-31 00:00:00,0.320977986,4.341666667,0,0.0001,4.341666667,0
1990-01-01 00:00:00,0.301627994,4.283333333,0,0.0001,4.283333333,0
1990-01-02 00:00:00,0.290868014,4.225,0,0.0001,4.225,0
1990-01-03 00:00:00,0.281251997,4.166666667,0,0.0001,4.166666667,0
1990-01-04 00:00:00,0.270731986,4.108333333,0,0.0001,4.108333333,0
1990-01-05 00:00:00,0.264905006,4.05,0,0.0001,4.05,0
1990-01-06 00:00:00,0.257066995,3.991666667,0,0.0001,3.991666667,0
1990-01-07 00:00:00,0.252142012,3.933333333,0,0.0001,3.933333333,0
1990-01-08 00:00:00,0.25068301,3.875,0,0.0001,3.875,0
1990-01-09 00:00:00,0.250616014,3.816666667,0,0.0001,3.816666667,0
1990-01-10 00:00:00,0.250593007,3.758333333,0,0.0001,3.758333333,0
1990-01-11 00:00:00,0.254601002,3.7,0,0.0001,3.7,0
1990-01-12 00:00:00,0.254227996,3.715384615,0,0.0001,3.715384615,0
1990-01-13 00:00:00,0.254889011,3.730769231,0,0.0001,3.730769231,0
1990-01-14 00:00:00,0.252698004,3.746153846,0,0.0001,3.746153846,0
1990-01-15 00:00:00,0.254729003,3.761538462,0,0.0001,3.761538462,0
1990-01-16 00:00:00,0.260179996,3.776923077,0,0.0001,3.776923077,0
1990-01-17 00:00:00,0.269908011,3.792307692,0,0.0001,3.792307692,0
1990-01-18 00:00:00,0.278456986,3.807692308,0,0.0001,3.807692308,0
1990-01-19 00:00:00,0.279428005,3.823076923,0,0.0001,3.823076923,0
1990-01-20 00:00:00,0.284985989,3.838461538,0,0.0001,3.838461538,0
1990-01-21 00:00:00,0.283515006,3.853846154,0,0.0001,3.853846154,0
1990-01-22 00:00:00,0.289498001,3.869230769,0,0.0001,3.869230769,0
1990-01-23 00:00:00,0.315692008,3.884615385,0,0.0001,3.884615385,0
1990-01-24 00:00:00,0.372025996,3.9,0,0.0001,3.9,0
1990-01-25 00:00:00,0.43847701,3.915384615,0,0.0001,3.915384615,0
1990-01-26 00:00:00,0.634818017,3.930769231,0,0.0001,3.930769231,0
1990-01-27 00:00:00,0.894765019,3.946153846,0,0.0001,3.946153846,0
1990-01-28 00:00:00,1.129858971,3.961538462,0,0.0001,3.961538462,0
1990-01-29 00:00:00,1.313581944,3.976923077,0,0.0001,3.976923077,0
1990-01-30 00:00:00,1.423156023,3.992307692,0,0.0001,3.992307692,0
1990-01-31 00:00:00,1.493875027,4.007692308,0,0.0001,4.007692308,0
1990-02-01 00:00:00,1.514336944,4.023076923,0,0.0001,4.023076923,0
1990-02-02 00:00:00,1.510032058,4.038461538,0,0.0001,4.038461538,0
1990-02-03 00:00:00,1.514855027,4.053846154,0,0.0001,4.053846154,0
1990-02-04 00:00:00,1.550938964,4.069230769,0,0.0001,4.069230769,0
1990-02-05 00:00:00,1.556792021,4.084615385,0,0.0001,4.084615385,0
1990-02-06 00:00:00,1.538442969,4.1,0,0.0001,4.1,0
1990-02-07 00:00:00,1.530809999,4.117241379,0,0.0001,4.117241379,0
1990-02-08 00:00:00,1.876320004,4.134482759,0,0.0001,4.134482759,0
1990-02-09 00:00:00,2.185316086,4.151724138,0,0.0001,4.151724138,0
1990-02-10 00:00:00,2.370083094,4.168965517,0,0.0001,4.168965517,0
1990-02-11 00:00:00,2.452656031,4.186206897,0,0.0001,4.186206897,0
1990-02-12 00:00:00,2.456609011,4.203448276,0,0.0001,4.203448276,0
1990-02-13 00:00:00,2.407943964,4.220689655,0,0.0001,4.220689655,0
1990-02-14 00:00:00,2.339842081,4.237931034,0,0.0001,4.237931034,0
1990-02-15 00:00:00,2.235935926,4.255172414,0,0.0001,4.255172414,0
1990-02-16 00:00:00,2.117645025,4.272413793,0,0.0001,4.272413793,0
1990-02-17 00:00:00,2.000561953,4.289655172,0,0.0001,4.289655172,0
1990-02-18 00:00:00,1.909175038,4.306896552,0,0.0001,4.306896552,0
1990-02-19 00:00:00,1.812001944,4.324137931,0,0.0001,4.324137931,0
1990-02-20 00:00:00,1.745834947,4.34137931,0,0.0001,4.34137931,0
1990-02-21 00:00:00,1.680521011,4.35862069,0,0.0001,4.35862069,0
1990-02-22 00:00:00,1.615985036,4.375862069,0,0.0001,4.375862069,0
1990-02-23 00:00:00,1.54708302,4.393103448,0,0.0001,4.393103448,0
1990-02-24 00:00:00,1.480913043,4.410344828,0,0.0001,4.410344828,0
1990-02-25 00:00:00,1.41415906,4.427586207,0,0.0001,4.427586207,0
1990-02-26 00:00:00,1.413128972,4.444827586,0,0.0001,4.444827586,0
1990-02-27 00:00:00,1.519873977,4.462068966,0,0.0001,4.462068966,0
1990-02-28 00:00:00,1.772938967,4.479310345,0,0.0001,4.479310345,0
1990-03-01 00:00:00,2.051177025,4.496551724,0,0.0001,4.496551724,0
1990-03-02 00:00:00,2.206453085,4.513793103,0,0.0001,4.513793103,0
1990-03-03 00:00:00,2.22683692,4.531034483,0,0.0001,4.531034483,0
1990-03-04 00:00:00,2.200484037,4.548275862,0,0.0001,4.548275862,0
1990-03-05 00:00:00,2.161375046,4.565517241,0,0.0001,4.565517241,0
1990-03-06 00:00:00,2.179403067,4.582758621,0,0.0001,4.582758621,0
1990-03-07 00:00:00,2.187437057,4.6,0,0.0001,4.6,0
1990-03-08 00:00:00,2.172408104,4.668965517,0,0.0001,4.668965517,0
1990-03-09 00:00:00,2.139004946,4.737931034,0,0.0001,4.737931034,0
1990-03-10 00:00:00,2.074470043,4.806896552,0,0.0001,4.806896552,0
1990-03-11 00:00:00,2.002511024,4.875862069,0,0.0001,4.875862069,0
1990-03-12 00:00:00,1.915853024,4.944827586,0,0.0001,4.944827586,0
1990-03-13 00:00:00,1.828078032,5.013793103,0,0.0001,5.013793103,0
1990-03-14 00:00:00,1.740313053,5.082758621,0,0.0001,5.082758621,0
1990-03-15 00:00:00,1.645203948,5.151724138,0,0.0001,5.151724138,0
1990-03-16 00:00:00,1.557158947,5.220689655,0,0.0001,5.220689655,0
1990-03-17 00:00:00,1.481045961,5.289655172,0,0.0001,5.289655172,0
1990-03-18 00:00:00,1.403347969,5.35862069,0,0.0001,5.35862069,0
1990-03-19 00:00:00,1.327204943,5.427586207,0,0.0001,5.427586207,0
1990-03-20 00:00:00,1.267243981,5.496551724,0,0.0001,5.496551724,0
1990-03-21 00:00:00,1.205279946,5.565517241,0,0.0001,5.565517241,0
1990-03-22 00:00:00,1.143046975,5.634482759,0,0.0001,5.634482759,0
1990-03-23 00:00:00,1.081544995,5.703448276,0,0.0001,5.703448276,0
1990-03-24 00:00:00,1.027853012,5.772413793,0,0.0001,5.772413793,0
1990-03-25 00:00:00,0.985925019,5.84137931,0,0.0001,5.84137931,0
1990-03-26 00:00:00,0.938059986,5.910344828,0,0.0001,5.910344828,0
1990-03-27 00:00:00,0.888607025,5.979310345,0,0.0001,5.979310345,0
1990-03-28 00:00:00,0.837275982,6.048275862,0,0.0001,6.048275862,0
1990-03-29 00:00:00,0.784942985,6.117241379,0,0.0001,6.117241379,0
1990-03-30 00:00:00,0.735556006,6.186206897,0,0.0001,6.186206897,0
1990-03-31 00:00:00,0.695649028,6.255172414,0,0.0001,6.255172414,0
1990-04-01 00:00:00,0.661269009,6.324137931,0,0.0001,6.324137931,0
1990-04-02 00:00:00,0.626734018,6.393103448,0,0.0001,6.393103448,0
1990-04-03 00:00:00,0.603109002,6.462068966,0,0.0001,6.462068966,0
1990-04-04 00:00:00,0.577054024,6.531034483,0,0.0001,6.531034483,0
1990-04-05 00:00:00,0.546263993,6.6,0,0.0001,6.6,0
1990-04-06 00:00:00,0.511114001,6.676923077,0,0.0001,6.676923077,0
1990-04-07 00:00:00,0.488113999,6.753846154,0,0.0001,6.753846154,0
1990-04-08 00:00:00,0.460788995,6.830769231,0,0.0001,6.830769231,0
1990-04-09 00:00:00,0.433743,6.907692308,0,0.0001,6.907692308,0
1990-04-10 00:00:00,0.411814004,6.984615385,0,0.0001,6.984615385,0
1990-04-11 00:00:00,0.405716985,7.061538462,0,0.0001,7.061538462,0
1990-04-12 00:00:00,0.390082985,7.138461538,0,0.0001,7.138461538,0
1990-04-13 00:00:00,0.37599501,7.215384615,0,0.0001,7.215384615,0
1990-04-14 00:00:00,0.365718991,7.292307692,0,0.0001,7.292307692,0
1990-04-15 00:00:00,0.366791993,7.369230769,0,0.0001,7.369230769,0
1990-04-16 00:00:00,0.384061992,7.446153846,0,0.0001,7.446153846,0
1990-04-17 00:00:00,0.386720002,7.523076923,0,0.0001,7.523076923,0
1990-04-18 00:00:00,0.384007007,7.6,0,0.0001,7.6,0
1990-04-19 00:00:00,0.374006003,8.092857143,0,0.0001,8.092857143,0
1990-04-20 00:00:00,0.361938,8.585714286,0,0.0001,8.585714286,0
1990-04-21 00:00:00,0.351346999,9.078571429,0,0.0001,9.078571429,0
1990-04-22 00:00:00,0.340245992,9.571428571,0,0.0001,9.571428571,0
1990-04-23 00:00:00,0.327259988,10.06428571,0,0.0001,10.06428571,0
1990-04-24 00:00:00,0.313894987,10.55714286,0,0.0001,10.55714286,0
1990-04-25 00:00:00,0.300457001,11.05,0,0.0001,11.05,0
1990-04-26 00:00:00,0.286195993,11.54285714,0,0.0001,11.54285714,0
1990-04-27 00:00:00,0.281614989,12.03571429,0,0.0001,12.03571429,0
1990-04-28 00:00:00,0.269829005,12.52857143,0,0.0001,12.52857143,0
1990-04-29 00:00:00,0.260154992,13.02142857,0,0.0001,13.02142857,0
1990-04-30 00:00:00,0.251949012,13.51428571,0,0.0001,13.51428571,0
1990-05-01 00:00:00,0.243405998,14.00714286,0,0.0001,14.00714286,0
1990-05-02 00:00:00,0.235927001,14.5,0,0.0001,14.5,0
1990-05-03 00:00:00,0.229908004,14.43846154,0,0.0001,14.43846154,0
1990-05-04 00:00:00,0.218055993,14.37692308,0,0.0001,14.37692308,0
1990-05-05 00:00:00,0.211879,14.31538462,0,0.0001,14.31538462,0
1990-05-06 00:00:00,0.202961996,14.25384615,0,0.0001,14.25384615,0
1990-05-07 00:00:00,0.194696993,14.19230769,0,0.0001,14.19230769,0
1990-05-08 00:00:00,0.185824007,14.13076923,0,0.0001,14.13076923,0
1990-05-09 00:00:00,0.179067999,14.06923077,0,0.0001,14.06923077,0
1990-05-10 00:00:00,0.174060002,14.00769231,0,0.0001,14.00769231,0
1990-05-11 00:00:00,0.170692995,13.94615385,0,0.0001,13.94615385,0
1990-05-12 00:00:00,0.170107007,13.88461538,0,0.0001,13.88461538,0
1990-05-13 00:00:00,0.168887004,13.82307692,0,0.0001,13.82307692,0
1990-05-14 00:00:00,0.170496002,13.76153846,0,0.0001,13.76153846,0
1990-05-15 00:00:00,0.165606007,13.7,0,0.0001,13.7,0
1990-05-16 00:00:00,0.163198993,13.72,0,0.0001,13.72,0
1990-05-17 00:00:00,0.164709002,13.74,0,0.0001,13.74,0
1990-05-18 00:00:00,0.164187998,13.76,0,0.0001,13.76,0
1990-05-19 00:00:00,0.161898002,13.78,0,0.0001,13.78,0
1990-05-20 00:00:00,0.157818004,13.8,0,0.0001,13.8,0
1990-05-21 00:00:00,0.150961995,13.82,0,0.0001,13.82,0
1990-05-22 00:00:00,0.148047999,13.84,0,0.0001,13.84,0
1990-05-23 00:00:00,0.150560006,13.86,0,0.0001,13.86,0
1990-05-24 00:00:00,0.146302,13.88,0,0.0001,13.88,0
1990-05-25 00:00:00,0.138876006,13.9,0,0.0001,13.9,0
1990-05-26 00:00:00,0.129104003,13.92,0,0.0001,13.92,0
1990-05-27 00:00:00,0.123102002,13.94,0,0.0001,13.94,0
1990-05-28 00:00:00,0.118949004,13.96,0,0.0001,13.96,0
1990-05-29 00:00:00,0.116673999,13.98,0,0.0001,13.98,0
1990-05-30 00:00:00,0.114720002,14,0,0.0001,14,0
1990-05-31 00:00:00,0.111938998,14.17142857,0,0.0001,14.17142857,0
1990-06-01 00:00:00,0.111241996,14.34285714,0,0.0001,14.34285714,0
1990-06-02 00:00:00,0.113600999,14.51428571,0,0.0001,14.51428571,0
1990-06-03 00:00:00,0.115392998,14.68571429,0,0.0001,14.68571429,0
1990-06-04 00:00:00,0.119616002,14.85714286,0,0.0001,14.85714286,0
1990-06-05 00:00:00,0.119732,15.02857143,0,0.0001,15.02857143,0
1990-06-06 00:00:00,0.119855002,15.2,0,0.0001,15.2,0
1990-06-07 00:00:00,0.117963001,15.37142857,0,0.0001,15.37142857,0
1990-06-08 00:00:00,0.142563,15.54285714,0,0.0001,15.54285714,0
1990-06-09 00:00:00,0.169095993,15.71428571,0,0.0001,15.71428571,0
1990-06-10 00:00:00,0.167826995,15.88571429,0,0.0001,15.88571429,0
1990-06-11 00:00:00,0.163605005,16.05714286,0,0.0001,16.05714286,0
1990-06-12 00:00:00,0.157877997,16.22857143,0,0.0001,16.22857143,0
1990-06-13 00:00:00,0.151224002,16.4,0,0.0001,16.4,0
1990-06-14 00:00:00,0.142859995,16.50769231,0,0.0001,16.50769231,0
1990-06-15 00:00:00,0.138689995,16.61538462,0,0.0001,16.61538462,0
1990-06-16 00:00:00,0.134232,16.72307692,0,0.0001,16.72307692,0
1990-06-17 00:00:00,0.128297001,16.83076923,0,0.0001,16.83076923,0
1990-06-18 00:00:00,0.127039,16.93846154,0,0.0001,16.93846154,0
1990-06-19 00:00:00,0.126289994,17.04615385,0,0.0001,17.04615385,0
1990-06-20 00:00:00,0.129168004,17.15384615,0,0.0001,17.15384615,0
1990-06-21 00:00:00,0.126138002,17.26153846,0,0.0001,17.26153846,0
1990-06-22 00:00:00,0.125385001,17.36923077,0,0.0001,17.36923077,0
1990-06-23 00:00:00,0.122368999,17.47692308,0,0.0001,17.47692308,0
1990-06-24 00:00:00,0.117012002,17.58461538,0,0.0001,17.58461538,0
1990-06-25 00:00:00,0.112345003,17.69230769,0,0.0001,17.69230769,0
1990-06-26 00:00:00,0.107831001,17.8,0,0.0001,17.8,0
1990-06-27 00:00:00,0.107478,17.72666667,0,0.0001,17.72666667,0
1990-06-28 00:00:00,0.111821003,17.65333333,0,0.0001,17.65333333,0
1990-06-29 00:00:00,0.107584,17.58,0,0.0001,17.58,0
1990-06-30 00:00:00,0.107023001,17.50666667,0,0.0001,17.50666667,0
1990-07-01 00:00:00,0.118216999,17.43333333,0,0.0001,17.43333333,0
1990-07-02 00:00:00,0.120192997,17.36,0,0.0001,17.36,0
1990-07-03 00:00:00,0.118066996,17.28666667,0,0.0001,17.28666667,0
1990-07-04 00:00:00,0.113260001,17.21333333,0,0.0001,17.21333333,0
1990-07-05 00:00:00,0.112480998,17.14,0,0.0001,17.14,0
1990-07-06 00:00:00,0.117504001,17.06666667,0,0.0001,17.06666667,0
1990-07-07 00:00:00,0.111419,16.99333333,0,0.0001,16.99333333,0
1990-07-08 00:00:00,0.109186999,16.92,0,0.0001,16.92,0
1990-07-09 00:00:00,0.108098999,16.84666667,0,0.0001,16.84666667,0
1990-07-10 00:00:00,0.104629003,16.77333333,0,0.0001,16.77333333,0
1990-07-11 00:00:00,0.097144,16.7,0,0.0001,16.7,0
1990-07-12 00:00:00,0.091719002,16.77142857,0,0.0001,16.77142857,0
1990-07-13 00:00:00,0.083825998,16.84285714,0,0.0001,16.84285714,0
1990-07-14 00:00:00,0.079126,16.91428571,0,0.0001,16.91428571,0
1990-07-15 00:00:00,0.075222999,16.98571429,0,0.0001,16.98571429,0
1990-07-16 00:00:00,0.069716997,17.05714286,0,0.0001,17.05714286,0
1990-07-17 00:00:00,0.068214998,17.12857143,0,0.0001,17.12857143,0
1990-07-18 00:00:00,0.066872001,17.2,0,0.0001,17.2,0
1990-07-19 00:00:00,0.065993004,17.27142857,0,0.0001,17.27142857,0
1990-07-20 00:00:00,0.062112,17.34285714,0,0.0001,17.34285714,0
1990-07-21 00:00:00,0.055867001,17.41428571,0,0.0001,17.41428571,0
1990-07-22 00:00:00,0.050787002,17.48571429,0,0.0001,17.48571429,0
1990-07-23 00:00:00,0.047430001,17.55714286,0,0.0001,17.55714286,0
1990-07-24 00:00:00,0.044853002,17.62857143,0,0.0001,17.62857143,0
1990-07-25 00:00:00,0.045384999,17.7,0,0.0001,17.7,0
1990-07-26 00:00:00,0.045809999,17.86153846,0,0.0001,17.86153846,0
1990-07-27 00:00:00,0.046496999,18.02307692,0,0.0001,18.02307692,0
1990-07-28 00:00:00,0.045736998,18.18461538,0,0.0001,18.18461538,0
1990-07-29 00:00:00,0.045557,18.34615385,0,0.0001,18.34615385,0
1990-07-30 00:00:00,0.044489998,18.50769231,0,0.0001,18.50769231,0
1990-07-31 00:00:00,0.043276001,18.66923077,0,0.0001,18.66923077,0
1990-08-01 00:00:00,0.041930001,18.83076923,0,0.0001,18.83076923,0
1990-08-02 00:00:00,0.041418001,18.99230769,0,0.0001,18.99230769,0
1990-08-03 00:00:00,0.040879998,19.15384615,0,0.0001,19.15384615,0
1990-08-04 00:00:00,0.039044999,19.31538462,0,0.0001,19.31538462,0
1990-08-05 00:00:00,0.035810001,19.47692308,0,0.0001,19.47692308,0
1990-08-06 00:00:00,0.033109002,19.63846154,0,0.0001,19.63846154,0
1990-08-07 00:00:00,0.030908,19.8,0,0.0001,19.8,0
1990-08-08 00:00:00,0.027731,19.70666667,0,0.0001,19.70666667,0
1990-08-09 00:00:00,0.025351999,19.61333333,0,0.0001,19.61333333,0
1990-08-10 00:00:00,0.027732,19.52,0,0.0001,19.52,0
1990-08-11 00:00:00,0.030726001,19.42666667,0,0.0001,19.42666667,0
1990-08-12 00:00:00,0.030435,19.33333333,0,0.0001,19.33333333,0
1990-08-13 00:00:00,0.029620999,19.24,0,0.0001,19.24,0
1990-08-14 00:00:00,0.027256999,19.14666667,0,0.0001,19.14666667,0
1990-08-15 00:00:00,0.026495,19.05333333,0,0.0001,19.05333333,0
1990-08-16 00:00:00,0.036132,18.96,0,0.0001,18.96,0
1990-08-17 00:00:00,0.039496999,18.86666667,0,0.0001,18.86666667,0
1990-08-18 00:00:00,0.039687999,18.77333333,0,0.0001,18.77333333,0
1990-08-19 00:00:00,0.039836001,18.68,0,0.0001,18.68,0
1990-08-20 00:00:00,0.055845998,18.58666667,0,0.0001,18.58666667,0
1990-08-21 00:00:00,0.087335996,18.49333333,0,0.0001,18.49333333,0
1990-08-22 00:00:00,0.087546997,18.4,0,0.0001,18.4,0
1990-08-23 00:00:00,0.084536999,18.32857143,0,0.0001,18.32857143,0
1990-08-24 00:00:00,0.080651999,18.25714286,0,0.0001,18.25714286,0
1990-08-25 00:00:00,0.077872001,18.18571429,0,0.0001,18.18571429,0
1990-08-26 00:00:00,0.073988996,18.11428571,0,0.0001,18.11428571,0
1990-08-27 00:00:00,0.073853999,18.04285714,0,0.0001,18.04285714,0
1990-08-28 00:00:00,0.071705997,17.97142857,0,0.0001,17.97142857,0
1990-08-29 00:00:00,0.069554999,17.9,0,0.0001,17.9,0
1990-08-30 00:00:00,0.067304999,17.82857143,0,0.0001,17.82857143,0
1990-08-31 00:00:00,0.065857001,17.75714286,0,0.0001,17.75714286,0
1990-09-01 00:00:00,0.068930998,17.68571429,0,0.0001,17.68571429,0
1990-09-02 00:00:00,0.071076997,17.61428571,0,0.0001,17.61428571,0
1990-09-03 00:00:00,0.071437001,17.54285714,0,0.0001,17.54285714,0
1990-09-04 00:00:00,0.093924999,17.47142857,0,0.0001,17.47142857,0
1990-09-05 00:00:00,0.121680997,17.4,0,0.0001,17.4,0
1990-09-06 00:00:00,0.127726004,17.23571429,0,0.0001,17.23571429,0
1990-09-07 00:00:00,0.136023998,17.07142857,0,0.0001,17.07142857,0
1990-09-08 00:00:00,0.134754002,16.90714286,0,0.0001,16.90714286,0
1990-09-09 00:00:00,0.128876999,16.74285714,0,0.0001,16.74285714,0
1990-09-10 00:00:00,0.124495998,16.57857143,0,0.0001,16.57857143,0
1990-09-11 00:00:00,0.123874001,16.41428571,0,0.0001,16.41428571,0
1990-09-12 00:00:00,0.120885,16.25,0,0.0001,16.25,0
1990-09-13 00:00:00,0.115975998,16.08571429,0,0.0001,16.08571429,0
1990-09-14 00:00:00,0.111414,15.92142857,0,0.0001,15.92142857,0
1990-09-15 00:00:00,0.106560998,15.75714286,0,0.0001,15.75714286,0
1990-09-16 00:00:00,0.102269001,15.59285714,0,0.0001,15.59285714,0
1990-09-17 00:00:00,0.102169998,15.42857143,0,0.0001,15.42857143,0
1990-09-18 00:00:00,0.109779,15.26428571,0,0.0001,15.26428571,0
1990-09-19 00:00:00,0.125474006,15.1,0,0.0001,15.1,0
1990-09-20 00:00:00,0.133962005,14.95,0,0.0001,14.95,0
1990-09-21 00:00:00,0.149865001,14.8,0,0.0001,14.8,0
1990-09-22 00:00:00,0.154183999,14.65,0,0.0001,14.65,0
1990-09-23 00:00:00,0.154358998,14.5,0,0.0001,14.5,0
1990-09-24 00:00:00,0.186821997,14.35,0,0.0001,14.35,0
1990-09-25 00:00:00,0.294519007,14.2,0,0.0001,14.2,0
1990-09-26 00:00:00,0.31900999,14.05,0,0.0001,14.05,0
1990-09-27 00:00:00,0.321372986,13.9,0,0.0001,13.9,0
1990-09-28 00:00:00,0.316020995,13.75,0,0.0001,13.75,0
1990-09-29 00:00:00,0.317229986,13.6,0,0.0001,13.6,0
1990-09-30 00:00:00,0.315658987,13.45,0,0.0001,13.45,0
1990-10-01 00:00:00,0.343102992,13.3,0,0.0001,13.3,0
1990-10-02 00:00:00,0.342774987,13.15,0,0.0001,13.15,0
1990-10-03 00:00:00,0.339650989,13,0,0.0001,13,0
1990-10-04 00:00:00,0.331786007,12.87142857,0,0.0001,12.87142857,0
1990-10-05 00:00:00,0.334369987,12.74285714,0,0.0001,12.74285714,0
1990-10-06 00:00:00,0.377739996,12.61428571,0,0.0001,12.61428571,0
1990-10-07 00:00:00,0.430215001,12.48571429,0,0.0001,12.48571429,0
1990-10-08 00:00:00,0.45637399,12.35714286,0,0.0001,12.35714286,0
1990-10-09 00:00:00,0.463928014,12.22857143,0,0.0001,12.22857143,0
1990-10-10 00:00:00,0.461778015,12.1,0,0.0001,12.1,0
1990-10-11 00:00:00,0.471161008,11.97142857,0,0.0001,11.97142857,0
1990-10-12 00:00:00,0.49810499,11.84285714,0,0.0001,11.84285714,0
1990-10-13 00:00:00,0.503727973,11.71428571,0,0.0001,11.71428571,0
1990-10-14 00:00:00,0.500032008,11.58571429,0,0.0001,11.58571429,0
1990-10-15 00:00:00,0.488043994,11.45714286,0,0.0001,11.45714286,0
1990-10-16 00:00:00,0.472631991,11.32857143,0,0.0001,11.32857143,0
1990-10-17 00:00:00,0.454825997,11.2,0,0.0001,11.2,0
1990-10-18 00:00:00,0.434787005,11.07142857,0,0.0001,11.07142857,0
1990-10-19 00:00:00,0.419892013,10.94285714,0,0.0001,10.94285714,0
1990-10-20 00:00:00,0.393507987,10.81428571,0,0.0001,10.81428571,0
1990-10-21 00:00:00,0.367291003,10.68571429,0,0.0001,10.68571429,0
1990-10-22 00:00:00,0.34682101,10.55714286,0,0.0001,10.55714286,0
1990-10-23 00:00:00,0.325017005,10.42857143,0,0.0001,10.42857143,0
1990-10-24 00:00:00,0.30707401,10.3,0,0.0001,10.3,0
1990-10-25 00:00:00,0.291316986,10.17142857,0,0.0001,10.17142857,0
1990-10-26 00:00:00,0.275954008,10.04285714,0,0.0001,10.04285714,0
1990-10-27 00:00:00,0.264319986,9.914285714,0,0.0001,9.914285714,0
1990-10-28 00:00:00,0.254662007,9.785714286,0,0.0001,9.785714286,0
1990-10-29 00:00:00,0.296685994,9.657142857,0,0.0001,9.657142857,0
1990-10-30 00:00:00,0.398479998,9.528571429,0,0.0001,9.528571429,0
1990-10-31 00:00:00,0.467992991,9.4,0,0.0001,9.4,0
1990-11-01 00:00:00,0.523509979,9.287804878,0,0.0001,9.287804878,0
1990-11-02 00:00:00,0.564473987,9.175609756,0,0.0001,9.175609756,0
1990-11-03 00:00:00,0.581314981,9.063414634,0,0.0001,9.063414634,0
1990-11-04 00:00:00,0.577605009,8.951219512,0,0.0001,8.951219512,0
1990-11-05 00:00:00,0.561353028,8.83902439,0,0.0001,8.83902439,0
1990-11-06 00:00:00,0.538484991,8.726829268,0,0.0001,8.726829268,0
1990-11-07 00:00:00,0.515465975,8.614634146,0,0.0001,8.614634146,0
1990-11-08 00:00:00,0.493075013,8.502439024,0,0.0001,8.502439024,0
1990-11-09 00:00:00,0.472256005,8.390243902,0,0.0001,8.390243902,0
1990-11-10 00:00:00,0.450031996,8.27804878,0,0.0001,8.27804878,0
1990-11-11 00:00:00,0.429049999,8.165853659,0,0.0001,8.165853659,0
1990-11-12 00:00:00,0.409099996,8.053658537,0,0.0001,8.053658537,0
1990-11-13 00:00:00,0.393813014,7.941463415,0,0.0001,7.941463415,0
1990-11-14 00:00:00,0.393079996,7.829268293,0,0.0001,7.829268293,0
1990-11-15 00:00:00,0.404424995,7.717073171,0,0.0001,7.717073171,0
1990-11-16 00:00:00,0.421467006,7.604878049,0,0.0001,7.604878049,0
1990-11-17 00:00:00,0.463735014,7.492682927,0,0.0001,7.492682927,0
1990-11-18 00:00:00,0.49850899,7.380487805,0,0.0001,7.380487805,0
1990-11-19 00:00:00,0.522002995,7.268292683,0,0.0001,7.268292683,0
1990-11-20 00:00:00,0.53738898,7.156097561,0,0.0001,7.156097561,0
1990-11-21 00:00:00,0.557530999,7.043902439,0,0.0001,7.043902439,0
1990-11-22 00:00:00,0.553804994,6.931707317,0,0.0001,6.931707317,0
1990-11-23 00:00:00,0.543524027,6.819512195,0,0.0001,6.819512195,0
1990-11-24 00:00:00,0.595785975,6.707317073,0,0.0001,6.707317073,0
1990-11-25 00:00:00,0.645135999,6.595121951,0,0.0001,6.595121951,0
1990-11-26 00:00:00,0.684987009,6.482926829,0,0.0001,6.482926829,0
1990-11-27 00:00:00,0.70027101,6.370731707,0,0.0001,6.370731707,0
1990-11-28 00:00:00,0.693651021,6.258536585,0,0.0001,6.258536585,0
1990-11-29 00:00:00,0.682021022,6.146341463,0,0.0001,6.146341463,0
1990-11-30 00:00:00,0.662580013,6.034146341,0,0.0001,6.034146341,0
1990-12-01 00:00:00,0.634616017,5.92195122,0,0.0001,5.92195122,0
1990-12-02 00:00:00,0.597397983,5.809756098,0,0.0001,5.809756098,0
1990-12-03 00:00:00,0.572677016,5.697560976,0,0.0001,5.697560976,0
1990-12-04 00:00:00,0.552910984,5.585365854,0,0.0001,5.585365854,0
1990-12-05 00:00:00,0.524640024,5.473170732,0,0.0001,5.473170732,0
1990-12-06 00:00:00,0.495406985,5.36097561,0,0.0001,5.36097561,0
1990-12-07 00:00:00,0.476099998,5.248780488,0,0.0001,5.248780488,0
1990-12-08 00:00:00,0.46331799,5.136585366,0,0.0001,5.136585366,0
1990-12-09 00:00:00,0.444335997,5.024390244,0,0.0001,5.024390244,0
1990-12-10 00:00:00,0.428240001,4.912195122,0,0.0001,4.912195122,0
1990-12-11 00:00:00,0.411291987,4.8,0,0.0001,4.8,0
1990-12-12 00:00:00,0.404648006,4.748837209,0,0.0001,4.748837209,0
1990-12-13 00:00:00,0.397323996,4.697674419,0,0.0001,4.697674419,0
1990-12-14 00:00:00,0.382755995,4.646511628,0,0.0001,4.646511628,0
1990-12-15 00:00:00,0.36936,4.595348837,0,0.0001,4.595348837,0
1990-12-16 00:00:00,0.359391004,4.544186047,0,0.0001,4.544186047,0
1990-12-17 00:00:00,0.346771985,4.493023256,0,0.0001,4.493023256,0
1990-12-18 00:00:00,0.336268008,4.441860465,0,0.0001,4.441860465,0
1990-12-19 00:00:00,0.329239011,4.390697674,0,0.0001,4.390697674,0
1990-12-20 00:00:00,0.326079011,4.339534884,0,0.0001,4.339534884,0
1990-12-21 00:00:00,0.324708015,4.288372093,0,0.0001,4.288372093,0
1990-12-22 00:00:00,0.319305003,4.237209302,0,0.0001,4.237209302,0
1990-12-23 00:00:00,0.324907005,4.186046512,0,0.0001,4.186046512,0
1990-12-24 00:00:00,0.330011994,4.134883721,0,0.0001,4.134883721,0
1990-12-25 00:00:00,0.335813999,4.08372093,0,0.0001,4.08372093,0
1990-12-26 00:00:00,0.35147801,4.03255814,0,0.0001,4.03255814,0
1990-12-27 00:00:00,0.41741401,3.981395349,0,0.0001,3.981395349,0
1990-12-28 00:00:00,0.489030987,3.930232558,0,0.0001,3.930232558,0
1990-12-29 00:00:00,0.601073027,3.879069767,0,0.0001,3.879069767,0
1990-12-30 00:00:00,0.712984025,3.827906977,0,0.0001,3.827906977,0
1990-12-31 00:00:00,0.805516005,3.776744186,0,0.0001,3.776744186,0
1991-01-01 00:00:00,0.633067012,3.725581395,0,0.0001,3.725581395,0
1991-01-02 00:00:00,0.703252971,3.674418605,0,0.0001,3.674418605,0
1991-01-03 00:00:00,0.793551028,3.623255814,0,0.0001,3.623255814,0
1991-01-04 00:00:00,0.889298975,3.572093023,0,0.0001,3.572093023,0
1991-01-05 00:00:00,0.965331018,3.520930233,0,0.0001,3.520930233,0
1991-01-06 00:00:00,1.033476949,3.469767442,0,0.0001,3.469767442,0
1991-01-07 00:00:00,1.13994503,3.418604651,0,0.0001,3.418604651,0
1991-01-08 00:00:00,1.242840052,3.36744186,0,0.0001,3.36744186,0
1991-01-09 00:00:00,1.399703026,3.31627907,0,0.0001,3.31627907,0
1991-01-10 00:00:00,1.66764605,3.265116279,0,0.0001,3.265116279,0
1991-01-11 00:00:00,1.892871976,3.213953488,0,0.0001,3.213953488,0
1991-01-12 00:00:00,1.996853948,3.162790698,0,0.0001,3.162790698,0
1991-01-13 00:00:00,1.975859046,3.111627907,0,0.0001,3.111627907,0
1991-01-14 00:00:00,1.883687973,3.060465116,0,0.0001,3.060465116,0
1991-01-15 00:00:00,1.773156047,3.009302326,0,0.0001,3.009302326,0
1991-01-16 00:00:00,1.648869038,2.958139535,0,0.0001,2.958139535,0
1991-01-17 00:00:00,1.52472198,2.906976744,0,0.0001,2.906976744,0
1991-01-18 00:00:00,1.401031971,2.855813953,0,0.0001,2.855813953,0
1991-01-19 00:00:00,1.277799964,2.804651163,0,0.0001,2.804651163,0
1991-01-20 00:00:00,1.16099596,2.753488372,0,0.0001,2.753488372,0
1991-01-21 00:00:00,1.087980986,2.702325581,0,0.0001,2.702325581,0
1991-01-22 00:00:00,1.008687019,2.651162791,0,0.0001,2.651162791,0
1991-01-23 00:00:00,0.931394994,2.6,0,0.0001,2.6,0
1991-01-24 00:00:00,0.87343502,2.539285714,0,0.0001,2.539285714,0
1991-01-25 00:00:00,0.826493025,2.478571429,0,0.0001,2.478571429,0
1991-01-26 00:00:00,0.786532998,2.417857143,0,0.0001,2.417857143,0
1991-01-27 00:00:00,0.752448976,2.357142857,0,0.0001,2.357142857,0
1991-01-28 00:00:00,0.713647008,2.296428571,0,0.0001,2.296428571,0
1991-01-29 00:00:00,0.678731024,2.235714286,0,0.0001,2.235714286,0
1991-01-30 00:00:00,0.642746985,2.175,0,0.0001,2.175,0
1991-01-31 00:00:00,0.604182005,2.114285714,0,0.0001,2.114285714,0
1991-02-01 00:00:00,0.565496027,2.053571429,0,0.0001,2.053571429,0
1991-02-02 00:00:00,0.523258984,1.992857143,0,0.0001,1.992857143,0
1991-02-03 00:00:00,0.482632995,1.932142857,0,0.0001,1.932142857,0
1991-02-04 00:00:00,0.446067989,1.871428571,0,0.0001,1.871428571,0
1991-02-05 00:00:00,0.415612012,1.810714286,0,0.0001,1.810714286,0
1991-02-06 00:00:00,0.388619989,1.75,0,0.0001,1.75,0
1991-02-07 00:00:00,0.362289995,1.689285714,0,0.0001,1.689285714,0
1991-02-08 00:00:00,0.380887985,1.628571429,0,0.0001,1.628571429,0
1991-02-09 00:00:00,0.405514002,1.567857143,0,0.0001,1.567857143,0
1991-02-10 00:00:00,0.446474999,1.507142857,0,0.0001,1.507142857,0
1991-02-11 00:00:00,0.423507005,1.446428571,0,0.0001,1.446428571,0
1991-02-12 00:00:00,0.401266009,1.385714286,0,0.0001,1.385714286,0
1991-02-13 00:00:00,0.374641001,1.325,0,0.0001,1.325,0
1991-02-14 00:00:00,0.352663994,1.264285714,0,0.0001,1.264285714,0
1991-02-15 00:00:00,0.346992999,1.203571429,0,0.0001,1.203571429,0
1991-02-16 00:00:00,0.339540988,1.142857143,0,0.0001,1.142857143,0
1991-02-17 00:00:00,0.327342004,1.082142857,0,0.0001,1.082142857,0
1991-02-18 00:00:00,0.315993994,1.021428571,0,0.0001,1.021428571,0
1991-02-19 00:00:00,0.301714987,0.960714286,0,0.0001,0.960714286,0
1991-02-20 00:00:00,0.292914987,0.9,0,0.0001,0.9,0
1991-02-21 00:00:00,0.293379992,0.966666667,0,0.0001,0.966666667,0
1991-02-22 00:00:00,0.30498901,1.033333333,0,0.0001,1.033333333,0
1991-02-23 00:00:00,0.398424,1.1,0,0.0001,1.1,0
1991-02-24 00:00:00,0.612218022,1.166666667,0,0.0001,1.166666667,0
1991-02-25 00:00:00,0.799224973,1.233333333,0,0.0001,1.233333333,0
1991-02-26 00:00:00,0.927788019,1.3,0,0.0001,1.3,0
1991-02-27 00:00:00,0.992237985,1.366666667,0,0.0001,1.366666667,0
1991-02-28 00:00:00,1.024541974,1.433333333,0,0.0001,1.433333333,0
1991-03-01 00:00:00,1.172567964,1.5,0,0.0001,1.5,0
1991-03-02 00:00:00,1.047281981,1.566666667,0,0.0001,1.566666667,0
1991-03-03 00:00:00,0.982584,1.633333333,0,0.0001,1.633333333,0
1991-03-04 00:00:00,0.936192989,1.7,0,0.0001,1.7,0
1991-03-05 00:00:00,0.897287011,1.766666667,0,0.0001,1.766666667,0
1991-03-06 00:00:00,0.877914011,1.833333333,0,0.0001,1.833333333,0
1991-03-07 00:00:00,0.871345997,1.9,0,0.0001,1.9,0
1991-03-08 00:00:00,0.863816023,1.966666667,0,0.0001,1.966666667,0
1991-03-09 00:00:00,0.837149978,2.033333333,0,0.0001,2.033333333,0
1991-03-10 00:00:00,0.800652981,2.1,0,0.0001,2.1,0
1991-03-11 00:00:00,0.759424984,2.166666667,0,0.0001,2.166666667,0
1991-03-12 00:00:00,0.722163975,2.233333333,0,0.0001,2.233333333,0
1991-03-13 00:00:00,0.685467005,2.3,0,0.0001,2.3,0
1991-03-14 00:00:00,0.659474015,2.366666667,0,0.0001,2.366666667,0
1991-03-15 00:00:00,0.643158019,2.433333333,0,0.0001,2.433333333,0
1991-03-16 00:00:00,0.621079028,2.5,0,0.0001,2.5,0
1991-03-17 00:00:00,0.594195008,2.566666667,0,0.0001,2.566666667,0
1991-03-18 00:00:00,0.571002007,2.633333333,0,0.0001,2.633333333,0
1991-03-19 00:00:00,0.567982018,2.7,0,0.0001,2.7,0
1991-03-20 00:00:00,0.601728022,2.766666667,0,0.0001,2.766666667,0
1991-03-21 00:00:00,0.631492019,2.833333333,0,0.0001,2.833333333,0
1991-03-22 00:00:00,0.652213991,2.9,0,0.0001,2.9,0
1991-03-23 00:00:00,0.649922013,2.966666667,0,0.0001,2.966666667,0
1991-03-24 00:00:00,0.638526976,3.033333333,0,0.0001,3.033333333,0
1991-03-25 00:00:00,0.612887025,3.1,0,0.0001,3.1,0
1991-03-26 00:00:00,0.584434986,3.211111111,0,0.0001,3.211111111,0
1991-03-27 00:00:00,0.558776021,3.322222222,0,0.0001,3.322222222,0
1991-03-28 00:00:00,0.535118997,3.433333333,0,0.0001,3.433333333,0
1991-03-29 00:00:00,0.511152983,3.544444444,0,0.0001,3.544444444,0
1991-03-30 00:00:00,0.482630014,3.655555556,0,0.0001,3.655555556,0
1991-03-31 00:00:00,0.460489988,3.766666667,0,0.0001,3.766666667,0
1991-04-01 00:00:00,0.44411701,3.877777778,0,0.0001,3.877777778,0
1991-04-02 00:00:00,0.446332991,3.988888889,0,0.0001,3.988888889,0
1991-04-03 00:00:00,0.442741007,4.1,0,0.0001,4.1,0
1991-04-04 00:00:00,0.433822006,4.266666667,0,0.0001,4.266666667,0
1991-04-05 00:00:00,0.422122985,4.433333333,0,0.0001,4.433333333,0
1991-04-06 00:00:00,0.407701999,4.6,0,0.0001,4.6,0
1991-04-07 00:00:00,0.395305991,4.766666667,0,0.0001,4.766666667,0
1991-04-08 00:00:00,0.386139989,4.933333333,0,0.0001,4.933333333,0
1991-04-09 00:00:00,0.407842994,5.1,0,0.0001,5.1,0
1991-04-10 00:00:00,0.402832001,5.266666667,0,0.0001,5.266666667,0
1991-04-11 00:00:00,0.39634499,5.433333333,0,0.0001,5.433333333,0
1991-04-12 00:00:00,0.38617301,5.6,0,0.0001,5.6,0
1991-04-13 00:00:00,0.376084,5.766666667,0,0.0001,5.766666667,0
1991-04-14 00:00:00,0.369854987,5.933333333,0,0.0001,5.933333333,0
1991-04-15 00:00:00,0.356357008,6.1,0,0.0001,6.1,0
1991-04-16 00:00:00,0.341567993,6.266666667,0,0.0001,6.266666667,0
1991-04-17 00:00:00,0.334304005,6.433333333,0,0.0001,6.433333333,0
1991-04-18 00:00:00,0.326593012,6.6,0,0.0001,6.6,0
1991-04-19 00:00:00,0.329041988,6.685714286,0,0.0001,6.685714286,0
1991-04-20 00:00:00,0.325625002,6.771428571,0,0.0001,6.771428571,0
1991-04-21 00:00:00,0.324999988,6.857142857,0,0.0001,6.857142857,0
1991-04-22 00:00:00,0.325625002,6.942857143,0,0.0001,6.942857143,0
1991-04-23 00:00:00,0.330624998,7.028571429,0,0.0001,7.028571429,0
1991-04-24 00:00:00,0.33812499,7.114285714,0,0.0001,7.114285714,0
1991-04-25 00:00:00,0.335000008,7.2,0,0.0001,7.2,0
1991-04-26 00:00:00,0.331874996,7.285714286,0,0.0001,7.285714286,0
1991-04-27 00:00:00,0.340000004,7.371428571,0,0.0001,7.371428571,0
1991-04-28 00:00:00,0.354999989,7.457142857,0,0.0001,7.457142857,0
1991-04-29 00:00:00,0.402500004,7.542857143,0,0.0001,7.542857143,0
1991-04-30 00:00:00,0.472499996,7.628571429,0,0.0001,7.628571429,0
1991-05-01 00:00:00,0.56161797,7.714285714,0,0.0001,7.714285714,0
1991-05-02 00:00:00,0.659860015,7.8,0,0.0001,7.8,0
1991-05-03 00:00:00,0.768522024,7.885714286,0,0.0001,7.885714286,0
1991-05-04 00:00:00,0.881842971,7.971428571,0,0.0001,7.971428571,0
1991-05-05 00:00:00,0.994722009,8.057142857,0,0.0001,8.057142857,0
1991-05-06 00:00:00,1.078219056,8.142857143,0,0.0001,8.142857143,0
1991-05-07 00:00:00,1.100679994,8.228571429,0,0.0001,8.228571429,0
1991-05-08 00:00:00,1.074455023,8.314285714,0,0.0001,8.314285714,0
1991-05-09 00:00:00,1.021289945,8.4,0,0.0001,8.4,0
1991-05-10 00:00:00,0.957212985,8.485714286,0,0.0001,8.485714286,0
1991-05-11 00:00:00,0.890296996,8.571428571,0,0.0001,8.571428571,0
1991-05-12 00:00:00,0.825074971,8.657142857,0,0.0001,8.657142857,0
1991-05-13 00:00:00,0.764274001,8.742857143,0,0.0001,8.742857143,0
1991-05-14 00:00:00,0.710686028,8.828571429,0,0.0001,8.828571429,0
1991-05-15 00:00:00,0.656014979,8.914285714,0,0.0001,8.914285714,0
1991-05-16 00:00:00,0.607522011,9,0,0.0001,9,0
1991-05-17 00:00:00,0.557479978,9.361538462,0,0.0001,9.361538462,0
1991-05-18 00:00:00,0.517464995,9.723076923,0,0.0001,9.723076923,0
1991-05-19 00:00:00,0.475059003,10.08461538,0,0.0001,10.08461538,0
1991-05-20 00:00:00,0.437229991,10.44615385,0,0.0001,10.44615385,0
1991-05-21 00:00:00,0.410133004,10.80769231,0,0.0001,10.80769231,0
1991-05-22 00:00:00,0.373026013,11.16923077,0,0.0001,11.16923077,0
1991-05-23 00:00:00,0.346574992,11.53076923,0,0.0001,11.53076923,0
1991-05-24 00:00:00,0.323309988,11.89230769,0,0.0001,11.89230769,0
1991-05-25 00:00:00,0.300639004,12.25384615,0,0.0001,12.25384615,0
1991-05-26 00:00:00,0.28264001,12.61538462,0,0.0001,12.61538462,0
1991-05-27 00:00:00,0.265401006,12.97692308,0,0.0001,12.97692308,0
1991-05-28 00:00:00,0.252187014,13.33846154,0,0.0001,13.33846154,0
1991-05-29 00:00:00,0.239556998,13.7,0,0.0001,13.7,0
1991-05-30 00:00:00,0.231795996,13.77586207,0,0.0001,13.77586207,0
1991-05-31 00:00:00,0.221750006,13.85172414,0,0.0001,13.85172414,0
1991-06-01 00:00:00,0.213007003,13.92758621,0,0.0001,13.92758621,0
1991-06-02 00:00:00,0.203946993,14.00344828,0,0.0001,14.00344828,0
1991-06-03 00:00:00,0.203014001,14.07931034,0,0.0001,14.07931034,0
1991-06-04 00:00:00,0.198746994,14.15517241,0,0.0001,14.15517241,0
1991-06-05 00:00:00,0.192762002,14.23103448,0,0.0001,14.23103448,0
1991-06-06 00:00:00,0.190397993,14.30689655,0,0.0001,14.30689655,0
1991-06-07 00:00:00,0.186257005,14.38275862,0,0.0001,14.38275862,0
1991-06-08 00:00:00,0.181544006,14.45862069,0,0.0001,14.45862069,0
1991-06-09 00:00:00,0.178895995,14.53448276,0,0.0001,14.53448276,0
1991-06-10 00:00:00,0.183293,14.61034483,0,0.0001,14.61034483,0
1991-06-11 00:00:00,0.182003006,14.6862069,0,0.0001,14.6862069,0
1991-06-12 00:00:00,0.189366996,14.76206897,0,0.0001,14.76206897,0
1991-06-13 00:00:00,0.207530007,14.83793103,0,0.0001,14.83793103,0
1991-06-14 00:00:00,0.210688993,14.9137931,0,0.0001,14.9137931,0
1991-06-15 00:00:00,0.211759001,14.98965517,0,0.0001,14.98965517,0
1991-06-16 00:00:00,0.231753007,15.06551724,0,0.0001,15.06551724,0
1991-06-17 00:00:00,0.247838005,15.14137931,0,0.0001,15.14137931,0
1991-06-18 00:00:00,0.25000301,15.21724138,0,0.0001,15.21724138,0
1991-06-19 00:00:00,0.248108998,15.29310345,0,0.0001,15.29310345,0
1991-06-20 00:00:00,0.245647997,15.36896552,0,0.0001,15.36896552,0
1991-06-21 00:00:00,0.236218005,15.44482759,0,0.0001,15.44482759,0
1991-06-22 00:00:00,0.233338997,15.52068966,0,0.0001,15.52068966,0
1991-06-23 00:00:00,0.224353999,15.59655172,0,0.0001,15.59655172,0
1991-06-24 00:00:00,0.219264001,15.67241379,0,0.0001,15.67241379,0
1991-06-25 00:00:00,0.211438999,15.74827586,0,0.0001,15.74827586,0
1991-06-26 00:00:00,0.217813998,15.82413793,0,0.0001,15.82413793,0
1991-06-27 00:00:00,0.222225994,15.9,0,0.0001,15.9,0
1991-06-28 00:00:00,0.221489996,16.11538462,0,0.0001,16.11538462,0
1991-06-29 00:00:00,0.230350003,16.33076923,0,0.0001,16.33076923,0
1991-06-30 00:00:00,0.227039993,16.54615385,0,0.0001,16.54615385,0
1991-07-01 00:00:00,0.226967007,16.76153846,0,0.0001,16.76153846,0
1991-07-02 00:00:00,0.225186005,16.97692308,0,0.0001,16.97692308,0
1991-07-03 00:00:00,0.221236005,17.19230769,0,0.0001,17.19230769,0
1991-07-04 00:00:00,0.215102002,17.40769231,0,0.0001,17.40769231,0
1991-07-05 00:00:00,0.210143,17.62307692,0,0.0001,17.62307692,0
1991-07-06 00:00:00,0.203996003,17.83846154,0,0.0001,17.83846154,0
1991-07-07 00:00:00,0.195993006,18.05384615,0,0.0001,18.05384615,0
1991-07-08 00:00:00,0.182931006,18.26923077,0,0.0001,18.26923077,0
1991-07-09 00:00:00,0.169678003,18.48461538,0,0.0001,18.48461538,0
1991-07-10 00:00:00,0.156133994,18.7,0,0.0001,18.7,0
1991-07-11 00:00:00,0.149750993,18.75714286,0,0.0001,18.75714286,0
1991-07-12 00:00:00,0.137899995,18.81428571,0,0.0001,18.81428571,0
1991-07-13 00:00:00,0.128030002,18.87142857,0,0.0001,18.87142857,0
1991-07-14 00:00:00,0.118772998,18.92857143,0,0.0001,18.92857143,0
1991-07-15 00:00:00,0.112470999,18.98571429,0,0.0001,18.98571429,0
1991-07-16 00:00:00,0.113155998,19.04285714,0,0.0001,19.04285714,0
1991-07-17 00:00:00,0.112309001,19.1,0,0.0001,19.1,0
1991-07-18 00:00:00,0.107546002,19.15714286,0,0.0001,19.15714286,0
1991-07-19 00:00:00,0.118064001,19.21428571,0,0.0001,19.21428571,0
1991-07-20 00:00:00,0.144068003,19.27142857,0,0.0001,19.27142857,0
1991-07-21 00:00:00,0.141439006,19.32857143,0,0.0001,19.32857143,0
1991-07-22 00:00:00,0.139387995,19.38571429,0,0.0001,19.38571429,0
1991-07-23 00:00:00,0.139140993,19.44285714,0,0.0001,19.44285714,0
1991-07-24 00:00:00,0.139572993,19.5,0,0.0001,19.5,0
1991-07-25 00:00:00,0.143379003,19.43703704,0,0.0001,19.43703704,0
1991-07-26 00:00:00,0.146923006,19.37407407,0,0.0001,19.37407407,0
1991-07-27 00:00:00,0.141904995,19.31111111,0,0.0001,19.31111111,0
1991-07-28 00:00:00,0.134973004,19.24814815,0,0.0001,19.24814815,0
1991-07-29 00:00:00,0.130404994,19.18518519,0,0.0001,19.18518519,0
1991-07-30 00:00:00,0.124998003,19.12222222,0,0.0001,19.12222222,0
1991-07-31 00:00:00,0.116778001,19.05925926,0,0.0001,19.05925926,0
1991-08-01 00:00:00,0.107648998,18.9962963,0,0.0001,18.9962963,0
1991-08-02 00:00:00,0.103021003,18.93333333,0,0.0001,18.93333333,0
1991-08-03 00:00:00,0.096144997,18.87037037,0,0.0001,18.87037037,0
1991-08-04 00:00:00,0.089097001,18.80740741,0,0.0001,18.80740741,0
1991-08-05 00:00:00,0.083425999,18.74444444,0,0.0001,18.74444444,0
1991-08-06 00:00:00,0.080149002,18.68148148,0,0.0001,18.68148148,0
1991-08-07 00:00:00,0.077499002,18.61851852,0,0.0001,18.61851852,0
1991-08-08 00:00:00,0.072411999,18.55555556,0,0.0001,18.55555556,0
1991-08-09 00:00:00,0.067842998,18.49259259,0,0.0001,18.49259259,0
1991-08-10 00:00:00,0.064221002,18.42962963,0,0.0001,18.42962963,0
1991-08-11 00:00:00,0.059900001,18.36666667,0,0.0001,18.36666667,0
1991-08-12 00:00:00,0.053511001,18.3037037,0,0.0001,18.3037037,0
1991-08-13 00:00:00,0.049401999,18.24074074,0,0.0001,18.24074074,0
1991-08-14 00:00:00,0.049371,18.17777778,0,0.0001,18.17777778,0
1991-08-15 00:00:00,0.049040001,18.11481481,0,0.0001,18.11481481,0
1991-08-16 00:00:00,0.049300998,18.05185185,0,0.0001,18.05185185,0
1991-08-17 00:00:00,0.059625998,17.98888889,0,0.0001,17.98888889,0
1991-08-18 00:00:00,0.069228001,17.92592593,0,0.0001,17.92592593,0
1991-08-19 00:00:00,0.070762999,17.86296296,0,0.0001,17.86296296,0
1991-08-20 00:00:00,0.072387002,17.8,0,0.0001,17.8,0
1991-08-21 00:00:00,0.070901997,17.74761905,0,0.0001,17.74761905,0
1991-08-22 00:00:00,0.070882,17.6952381,0,0.0001,17.6952381,0
1991-08-23 00:00:00,0.070082001,17.64285714,0,0.0001,17.64285714,0
1991-08-24 00:00:00,0.071836002,17.59047619,0,0.0001,17.59047619,0
1991-08-25 00:00:00,0.073095001,17.53809524,0,0.0001,17.53809524,0
1991-08-26 00:00:00,0.070827,17.48571429,0,0.0001,17.48571429,0
1991-08-27 00:00:00,0.069049001,17.43333333,0,0.0001,17.43333333,0
1991-08-28 00:00:00,0.068138003,17.38095238,0,0.0001,17.38095238,0
1991-08-29 00:00:00,0.066950999,17.32857143,0,0.0001,17.32857143,0
1991-08-30 00:00:00,0.066546001,17.27619048,0,0.0001,17.27619048,0
1991-08-31 00:00:00,0.066165999,17.22380952,0,0.0001,17.22380952,0
1991-09-01 00:00:00,0.067511,17.17142857,0,0.0001,17.17142857,0
1991-09-02 00:00:00,0.066647001,17.11904762,0,0.0001,17.11904762,0
1991-09-03 00:00:00,0.065678,17.06666667,0,0.0001,17.06666667,0
1991-09-04 00:00:00,0.062403999,17.01428571,0,0.0001,17.01428571,0
1991-09-05 00:00:00,0.057817001,16.96190476,0,0.0001,16.96190476,0
1991-09-06 00:00:00,0.055562999,16.90952381,0,0.0001,16.90952381,0
1991-09-07 00:00:00,0.052480001,16.85714286,0,0.0001,16.85714286,0
1991-09-08 00:00:00,0.051013999,16.8047619,0,0.0001,16.8047619,0
1991-09-09 00:00:00,0.051130001,16.75238095,0,0.0001,16.75238095,0
1991-09-10 00:00:00,0.052919999,16.7,0,0.0001,16.7,0
1991-09-11 00:00:00,0.050170999,16.6375,0,0.0001,16.6375,0
1991-09-12 00:00:00,0.046861999,16.575,0,0.0001,16.575,0
1991-09-13 00:00:00,0.045198001,16.5125,0,0.0001,16.5125,0
1991-09-14 00:00:00,0.044059999,16.45,0,0.0001,16.45,0
1991-09-15 00:00:00,0.044532999,16.3875,0,0.0001,16.3875,0
1991-09-16 00:00:00,0.046149001,16.325,0,0.0001,16.325,0
1991-09-17 00:00:00,0.059255,16.2625,0,0.0001,16.2625,0
1991-09-18 00:00:00,0.062353998,16.2,0,0.0001,16.2,0
1991-09-19 00:00:00,0.064658999,15.98,0,0.0001,15.98,0
1991-09-20 00:00:00,0.064676002,15.76,0,0.0001,15.76,0
1991-09-21 00:00:00,0.065018997,15.54,0,0.0001,15.54,0
1991-09-22 00:00:00,0.074938998,15.32,0,0.0001,15.32,0
1991-09-23 00:00:00,0.084097996,15.1,0,0.0001,15.1,0
1991-09-24 00:00:00,0.088352002,14.88,0,0.0001,14.88,0
1991-09-25 00:00:00,0.090228997,14.66,0,0.0001,14.66,0
1991-09-26 00:00:00,0.093800999,14.44,0,0.0001,14.44,0
1991-09-27 00:00:00,0.102645002,14.22,0,0.0001,14.22,0
1991-09-28 00:00:00,0.104704,14,0,0.0001,14,0
1991-09-29 00:00:00,0.109545,13.78,0,0.0001,13.78,0
1991-09-30 00:00:00,0.117620997,13.56,0,0.0001,13.56,0
1991-10-01 00:00:00,0.121637002,13.34,0,0.0001,13.34,0
1991-10-02 00:00:00,0.133047,13.12,0,0.0001,13.12,0
1991-10-03 00:00:00,0.134764999,12.9,0,0.0001,12.9,0
1991-10-04 00:00:00,0.140594006,12.7375,0,0.0001,12.7375,0
1991-10-05 00:00:00,0.139215007,12.575,0,0.0001,12.575,0
1991-10-06 00:00:00,0.136467993,12.4125,0,0.0001,12.4125,0
1991-10-07 00:00:00,0.134608001,12.25,0,0.0001,12.25,0
1991-10-08 00:00:00,0.134188995,12.0875,0,0.0001,12.0875,0
1991-10-09 00:00:00,0.131853998,11.925,0,0.0001,11.925,0
1991-10-10 00:00:00,0.130893007,11.7625,0,0.0001,11.7625,0
1991-10-11 00:00:00,0.129029006,11.6,0,0.0001,11.6,0
1991-10-12 00:00:00,0.130509004,11.4375,0,0.0001,11.4375,0
1991-10-13 00:00:00,0.128070995,11.275,0,0.0001,11.275,0
1991-10-14 00:00:00,0.132403001,11.1125,0,0.0001,11.1125,0
1991-10-15 00:00:00,0.139219999,10.95,0,0.0001,10.95,0
1991-10-16 00:00:00,0.140718997,10.7875,0,0.0001,10.7875,0
1991-10-17 00:00:00,0.156546995,10.625,0,0.0001,10.625,0
1991-10-18 00:00:00,0.175942004,10.4625,0,0.0001,10.4625,0
1991-10-19 00:00:00,0.180436,10.3,0,0.0001,10.3,0
1991-10-20 00:00:00,0.172845006,10.1375,0,0.0001,10.1375,0
1991-10-21 00:00:00,0.166514993,9.975,0,0.0001,9.975,0
1991-10-22 00:00:00,0.160078004,9.8125,0,0.0001,9.8125,0
1991-10-23 00:00:00,0.155307993,9.65,0,0.0001,9.65,0
1991-10-24 00:00:00,0.152511999,9.4875,0,0.0001,9.4875,0
1991-10-25 00:00:00,0.150261998,9.325,0,0.0001,9.325,0
1991-10-26 00:00:00,0.147717997,9.1625,0,0.0001,9.1625,0
1991-10-27 00:00:00,0.142778993,9,0,0.0001,9,0
1991-10-28 00:00:00,0.139408007,8.8375,0,0.0001,8.8375,0
1991-10-29 00:00:00,0.137658,8.675,0,0.0001,8.675,0
1991-10-30 00:00:00,0.134547994,8.5125,0,0.0001,8.5125,0
1991-10-31 00:00:00,0.128662005,8.35,0,0.0001,8.35,0
1991-11-01 00:00:00,0.122516997,8.1875,0,0.0001,8.1875,0
1991-11-02 00:00:00,0.151208997,8.025,0,0.0001,8.025,0
1991-11-03 00:00:00,0.168772995,7.8625,0,0.0001,7.8625,0
1991-11-04 00:00:00,0.179602996,7.7,0,0.0001,7.7,0
1991-11-05 00:00:00,0.180056006,7.631818182,0,0.0001,7.631818182,0
1991-11-06 00:00:00,0.181541994,7.563636364,0,0.0001,7.563636364,0
1991-11-07 00:00:00,0.208753005,7.495454545,0,0.0001,7.495454545,0
1991-11-08 00:00:00,0.231555998,7.427272727,0,0.0001,7.427272727,0
1991-11-09 00:00:00,0.244513005,7.359090909,0,0.0001,7.359090909,0
1991-11-10 00:00:00,0.245276004,7.290909091,0,0.0001,7.290909091,0
1991-11-11 00:00:00,0.257990986,7.222727273,0,0.0001,7.222727273,0
1991-11-12 00:00:00,0.264833003,7.154545455,0,0.0001,7.154545455,0
1991-11-13 00:00:00,0.286554009,7.086363636,0,0.0001,7.086363636,0
1991-11-14 00:00:00,0.319005996,7.018181818,0,0.0001,7.018181818,0
1991-11-15 00:00:00,0.334244996,6.95,0,0.0001,6.95,0
1991-11-16 00:00:00,0.354000002,6.881818182,0,0.0001,6.881818182,0
1991-11-17 00:00:00,0.358658999,6.813636364,0,0.0001,6.813636364,0
1991-11-18 00:00:00,0.355134994,6.745454545,0,0.0001,6.745454545,0
1991-11-19 00:00:00,0.347245008,6.677272727,0,0.0001,6.677272727,0
1991-11-20 00:00:00,0.337635994,6.609090909,0,0.0001,6.609090909,0
1991-11-21 00:00:00,0.323799998,6.540909091,0,0.0001,6.540909091,0
1991-11-22 00:00:00,0.309085011,6.472727273,0,0.0001,6.472727273,0
1991-11-23 00:00:00,0.299017996,6.404545455,0,0.0001,6.404545455,0
1991-11-24 00:00:00,0.29231599,6.336363636,0,0.0001,6.336363636,0
1991-11-25 00:00:00,0.283708006,6.268181818,0,0.0001,6.268181818,0
1991-11-26 00:00:00,0.275325,6.2,0,0.0001,6.2,0
1991-11-27 00:00:00,0.269897014,6.159090909,0,0.0001,6.159090909,0
1991-11-28 00:00:00,0.261440009,6.118181818,0,0.0001,6.118181818,0
1991-11-29 00:00:00,0.25554201,6.077272727,0,0.0001,6.077272727,0
1991-11-30 00:00:00,0.250968009,6.036363636,0,0.0001,6.036363636,0
1991-12-01 00:00:00,0.244014993,5.995454545,0,0.0001,5.995454545,0
1991-12-02 00:00:00,0.237215996,5.954545455,0,0.0001,5.954545455,0
1991-12-03 00:00:00,0.230589002,5.913636364,0,0.0001,5.913636364,0
1991-12-04 00:00:00,0.224355996,5.872727273,0,0.0001,5.872727273,0
1991-12-05 00:00:00,0.219954997,5.831818182,0,0.0001,5.831818182,0
1991-12-06 00:00:00,0.214886993,5.790909091,0,0.0001,5.790909091,0
1991-12-07 00:00:00,0.210330993,5.75,0,0.0001,5.75,0
1991-12-08 00:00:00,0.205736995,5.709090909,0,0.0001,5.709090909,0
1991-12-09 00:00:00,0.200916007,5.668181818,0,0.0001,5.668181818,0
1991-12-10 00:00:00,0.194358006,5.627272727,0,0.0001,5.627272727,0
1991-12-11 00:00:00,0.187345996,5.586363636,0,0.0001,5.586363636,0
1991-12-12 00:00:00,0.183287993,5.545454545,0,0.0001,5.545454545,0
1991-12-13 00:00:00,0.179399997,5.504545455,0,0.0001,5.504545455,0
1991-12-14 00:00:00,0.178910002,5.463636364,0,0.0001,5.463636364,0
1991-12-15 00:00:00,0.178404003,5.422727273,0,0.0001,5.422727273,0
1991-12-16 00:00:00,0.177734002,5.381818182,0,0.0001,5.381818182,0
1991-12-17 00:00:00,0.176710993,5.340909091,0,0.0001,5.340909091,0
1991-12-18 00:00:00,0.195857003,5.3,0,0.0001,5.3,0
1991-12-19 00:00:00,0.211026996,5.259090909,0,0.0001,5.259090909,0
1991-12-20 00:00:00,0.230767995,5.218181818,0,0.0001,5.218181818,0
1991-12-21 00:00:00,0.248721004,5.177272727,0,0.0001,5.177272727,0
1991-12-22 00:00:00,0.262109011,5.136363636,0,0.0001,5.136363636,0
1991-12-23 00:00:00,0.312225997,5.095454545,0,0.0001,5.095454545,0
1991-12-24 00:00:00,0.383349001,5.054545455,0,0.0001,5.054545455,0
1991-12-25 00:00:00,0.419048995,5.013636364,0,0.0001,5.013636364,0
1991-12-26 00:00:00,0.455008,4.972727273,0,0.0001,4.972727273,0
1991-12-27 00:00:00,0.475006014,4.931818182,0,0.0001,4.931818182,0
1991-12-28 00:00:00,0.473755985,4.890909091,0,0.0001,4.890909091,0
1991-12-29 00:00:00,0.470176995,4.85,0,0.0001,4.85,0
1991-12-30 00:00:00,0.457405001,4.809090909,0,0.0001,4.809090909,0
1991-12-31 00:00:00,0.440373987,4.768181818,0,0.0001,4.768181818,0
1992-01-01 00:00:00,0.43324399,4.727272727,0,0.0001,4.727272727,0
1992-01-02 00:00:00,0.431620002,4.686363636,0,0.0001,4.686363636,0
1992-01-03 00:00:00,0.432348013,4.645454545,0,0.0001,4.645454545,0
1992-01-04 00:00:00,0.480650991,4.604545455,0,0.0001,4.604545455,0
1992-01-05 00:00:00,0.499974996,4.563636364,0,0.0001,4.563636364,0
1992-01-06 00:00:00,0.509676993,4.522727273,0,0.0001,4.522727273,0
1992-01-07 00:00:00,0.506376982,4.481818182,0,0.0001,4.481818182,0
1992-01-08 00:00:00,0.504108012,4.440909091,0,0.0001,4.440909091,0
1992-01-09 00:00:00,0.533393979,4.4,0,0.0001,4.4,0
1992-01-10 00:00:00,0.540758014,4.403571429,0,0.0001,4.403571429,0
1992-01-11 00:00:00,0.535933018,4.407142857,0,0.0001,4.407142857,0
1992-01-12 00:00:00,0.53253001,4.410714286,0,0.0001,4.410714286,0
1992-01-13 00:00:00,0.518864989,4.414285714,0,0.0001,4.414285714,0
1992-01-14 00:00:00,0.507220984,4.417857143,0,0.0001,4.417857143,0
1992-01-15 00:00:00,0.491151005,4.421428571,0,0.0001,4.421428571,0
1992-01-16 00:00:00,0.474532992,4.425,0,0.0001,4.425,0
1992-01-17 00:00:00,0.457924008,4.428571429,0,0.0001,4.428571429,0
1992-01-18 00:00:00,0.438540012,4.432142857,0,0.0001,4.432142857,0
1992-01-19 00:00:00,0.487473994,4.435714286,0,0.0001,4.435714286,0
1992-01-20 00:00:00,0.538227022,4.439285714,0,0.0001,4.439285714,0
1992-01-21 00:00:00,0.571093023,4.442857143,0,0.0001,4.442857143,0
1992-01-22 00:00:00,0.584038973,4.446428571,0,0.0001,4.446428571,0
1992-01-23 00:00:00,0.573387027,4.45,0,0.0001,4.45,0
1992-01-24 00:00:00,0.546998024,4.453571429,0,0.0001,4.453571429,0
1992-01-25 00:00:00,0.514407992,4.457142857,0,0.0001,4.457142857,0
1992-01-26 00:00:00,0.487058014,4.460714286,0,0.0001,4.460714286,0
1992-01-27 00:00:00,0.457327008,4.464285714,0,0.0001,4.464285714,0
1992-01-28 00:00:00,0.432251006,4.467857143,0,0.0001,4.467857143,0
1992-01-29 00:00:00,0.415102005,4.471428571,0,0.0001,4.471428571,0
1992-01-30 00:00:00,0.400380999,4.475,0,0.0001,4.475,0
1992-01-31 00:00:00,0.386781991,4.478571429,0,0.0001,4.478571429,0
1992-02-01 00:00:00,0.374680996,4.482142857,0,0.0001,4.482142857,0
1992-02-02 00:00:00,0.365649015,4.485714286,0,0.0001,4.485714286,0
1992-02-03 00:00:00,0.389719009,4.489285714,0,0.0001,4.489285714,0
1992-02-04 00:00:00,0.413513988,4.492857143,0,0.0001,4.492857143,0
1992-02-05 00:00:00,0.429318994,4.496428571,0,0.0001,4.496428571,0
1992-02-06 00:00:00,0.433012009,4.5,0,0.0001,4.5,0
1992-02-07 00:00:00,0.432209015,4.488888889,0,0.0001,4.488888889,0
1992-02-08 00:00:00,0.421907991,4.477777778,0,0.0001,4.477777778,0
1992-02-09 00:00:00,0.414131999,4.466666667,0,0.0001,4.466666667,0
1992-02-10 00:00:00,0.408203006,4.455555556,0,0.0001,4.455555556,0
1992-02-11 00:00:00,0.402543992,4.444444444,0,0.0001,4.444444444,0
1992-02-12 00:00:00,0.39171201,4.433333333,0,0.0001,4.433333333,0
1992-02-13 00:00:00,0.389021009,4.422222222,0,0.0001,4.422222222,0
1992-02-14 00:00:00,0.388491988,4.411111111,0,0.0001,4.411111111,0
1992-02-15 00:00:00,0.390138,4.4,0,0.0001,4.4,0
1992-02-16 00:00:00,0.405265987,4.388888889,0,0.0001,4.388888889,0
1992-02-17 00:00:00,0.409060001,4.377777778,0,0.0001,4.377777778,0
1992-02-18 00:00:00,0.399289995,4.366666667,0,0.0001,4.366666667,0
1992-02-19 00:00:00,0.39219299,4.355555556,0,0.0001,4.355555556,0
1992-02-20 00:00:00,0.385477006,4.344444444,0,0.0001,4.344444444,0
1992-02-21 00:00:00,0.382241994,4.333333333,0,0.0001,4.333333333,0
1992-02-22 00:00:00,0.382144988,4.322222222,0,0.0001,4.322222222,0
1992-02-23 00:00:00,0.400148988,4.311111111,0,0.0001,4.311111111,0
1992-02-24 00:00:00,0.40624401,4.3,0,0.0001,4.3,0
1992-02-25 00:00:00,0.411107987,4.288888889,0,0.0001,4.288888889,0
1992-02-26 00:00:00,0.412791997,4.277777778,0,0.0001,4.277777778,0
1992-02-27 00:00:00,0.405699015,4.266666667,0,0.0001,4.266666667,0
1992-02-28 00:00:00,0.398023993,4.255555556,0,0.0001,4.255555556,0
1992-02-29 00:00:00,0.389257014,4.244444444,0,0.0001,4.244444444,0
1992-03-01 00:00:00,0.377126992,4.233333333,0,0.0001,4.233333333,0
1992-03-02 00:00:00,0.372307986,4.222222222,0,0.0001,4.222222222,0
1992-03-03 00:00:00,0.387975007,4.211111111,0,0.0001,4.211111111,0
1992-03-04 00:00:00,0.393510014,4.2,0,0.0001,4.2,0
1992-03-05 00:00:00,0.391112,4.203703704,0,0.0001,4.203703704,0
1992-03-06 00:00:00,0.387842,4.207407407,0,0.0001,4.207407407,0
1992-03-07 00:00:00,0.379653007,4.211111111,0,0.0001,4.211111111,0
1992-03-08 00:00:00,0.369401008,4.214814815,0,0.0001,4.214814815,0
1992-03-09 00:00:00,0.357414007,4.218518519,0,0.0001,4.218518519,0
1992-03-10 00:00:00,0.342173994,4.222222222,0,0.0001,4.222222222,0
1992-03-11 00:00:00,0.344709009,4.225925926,0,0.0001,4.225925926,0
1992-03-12 00:00:00,0.371253014,4.22962963,0,0.0001,4.22962963,0
1992-03-13 00:00:00,0.490034014,4.233333333,0,0.0001,4.233333333,0
1992-03-14 00:00:00,0.618690014,4.237037037,0,0.0001,4.237037037,0
1992-03-15 00:00:00,0.724205971,4.240740741,0,0.0001,4.240740741,0
1992-03-16 00:00:00,0.777020991,4.244444444,0,0.0001,4.244444444,0
1992-03-17 00:00:00,0.809794009,4.248148148,0,0.0001,4.248148148,0
1992-03-18 00:00:00,0.835012972,4.251851852,0,0.0001,4.251851852,0
1992-03-19 00:00:00,0.843797982,4.255555556,0,0.0001,4.255555556,0
1992-03-20 00:00:00,0.857923985,4.259259259,0,0.0001,4.259259259,0
1992-03-21 00:00:00,0.869722009,4.262962963,0,0.0001,4.262962963,0
1992-03-22 00:00:00,0.938446999,4.266666667,0,0.0001,4.266666667,0
1992-03-23 00:00:00,1.101858974,4.27037037,0,0.0001,4.27037037,0
1992-03-24 00:00:00,1.21074903,4.274074074,0,0.0001,4.274074074,0
1992-03-25 00:00:00,1.246862054,4.277777778,0,0.0001,4.277777778,0
1992-03-26 00:00:00,1.242985964,4.281481481,0,0.0001,4.281481481,0
1992-03-27 00:00:00,1.204676986,4.285185185,0,0.0001,4.285185185,0
1992-03-28 00:00:00,1.151695013,4.288888889,0,0.0001,4.288888889,0
1992-03-29 00:00:00,1.080675006,4.292592593,0,0.0001,4.292592593,0
1992-03-30 00:00:00,1.001551032,4.296296296,0,0.0001,4.296296296,0
1992-03-31 00:00:00,0.923431993,4.3,0,0.0001,4.3,0
1992-04-01 00:00:00,0.851530015,4.378571429,0,0.0001,4.378571429,0
1992-04-02 00:00:00,0.833220005,4.457142857,0,0.0001,4.457142857,0
1992-04-03 00:00:00,0.863642991,4.535714286,0,0.0001,4.535714286,0
1992-04-04 00:00:00,0.869805992,4.614285714,0,0.0001,4.614285714,0
1992-04-05 00:00:00,0.873655975,4.692857143,0,0.0001,4.692857143,0
1992-04-06 00:00:00,0.850162983,4.771428571,0,0.0001,4.771428571,0
1992-04-07 00:00:00,0.822853029,4.85,0,0.0001,4.85,0
1992-04-08 00:00:00,0.787554026,4.928571429,0,0.0001,4.928571429,0
1992-04-09 00:00:00,0.74101299,5.007142857,0,0.0001,5.007142857,0
1992-04-10 00:00:00,0.697458982,5.085714286,0,0.0001,5.085714286,0
1992-04-11 00:00:00,0.649271011,5.164285714,0,0.0001,5.164285714,0
1992-04-12 00:00:00,0.610449016,5.242857143,0,0.0001,5.242857143,0
1992-04-13 00:00:00,0.575230002,5.321428571,0,0.0001,5.321428571,0
1992-04-14 00:00:00,0.54658699,5.4,0,0.0001,5.4,0
1992-04-15 00:00:00,0.556285977,5.473333333,0,0.0001,5.473333333,0
1992-04-16 00:00:00,0.610872984,5.546666667,0,0.0001,5.546666667,0
1992-04-17 00:00:00,0.629231989,5.62,0,0.0001,5.62,0
1992-04-18 00:00:00,0.640388012,5.693333333,0,0.0001,5.693333333,0
1992-04-19 00:00:00,0.634406984,5.766666667,0,0.0001,5.766666667,0
1992-04-20 00:00:00,0.614962995,5.84,0,0.0001,5.84,0
1992-04-21 00:00:00,0.589313984,5.913333333,0,0.0001,5.913333333,0
1992-04-22 00:00:00,0.562605977,5.986666667,0,0.0001,5.986666667,0
1992-04-23 00:00:00,0.537141979,6.06,0,0.0001,6.06,0
1992-04-24 00:00:00,0.507098973,6.133333333,0,0.0001,6.133333333,0
1992-04-25 00:00:00,0.495819986,6.206666667,0,0.0001,6.206666667,0
1992-04-26 00:00:00,0.487695009,6.28,0,0.0001,6.28,0
1992-04-27 00:00:00,0.477508992,6.353333333,0,0.0001,6.353333333,0
1992-04-28 00:00:00,0.467586994,6.426666667,0,0.0001,6.426666667,0
1992-04-29 00:00:00,0.484557003,6.5,0,0.0001,6.5,0
1992-04-30 00:00:00,0.480632007,6.615384615,0,0.0001,6.615384615,0
1992-05-01 00:00:00,0.487856001,6.730769231,0,0.0001,6.730769231,0
1992-05-02 00:00:00,0.541202009,6.846153846,0,0.0001,6.846153846,0
1992-05-03 00:00:00,0.566926003,6.961538462,0,0.0001,6.961538462,0
1992-05-04 00:00:00,0.57415998,7.076923077,0,0.0001,7.076923077,0
1992-05-05 00:00:00,0.565878987,7.192307692,0,0.0001,7.192307692,0
1992-05-06 00:00:00,0.545009971,7.307692308,0,0.0001,7.307692308,0
1992-05-07 00:00:00,0.524439991,7.423076923,0,0.0001,7.423076923,0
1992-05-08 00:00:00,0.512139976,7.538461538,0,0.0001,7.538461538,0
1992-05-09 00:00:00,0.503979027,7.653846154,0,0.0001,7.653846154,0
1992-05-10 00:00:00,0.483631015,7.769230769,0,0.0001,7.769230769,0
1992-05-11 00:00:00,0.459692001,7.884615385,0,0.0001,7.884615385,0
1992-05-12 00:00:00,0.443067014,8,0,0.0001,8,0
1992-05-13 00:00:00,0.446534008,8.876923077,0,0.0001,8.876923077,0
1992-05-14 00:00:00,0.442820996,9.753846154,0,0.0001,9.753846154,0
1992-05-15 00:00:00,0.434038013,10.63076923,0,0.0001,10.63076923,0
1992-05-16 00:00:00,0.420632988,11.50769231,0,0.0001,11.50769231,0
1992-05-17 00:00:00,0.410604,12.38461538,0,0.0001,12.38461538,0
1992-05-18 00:00:00,0.397686988,13.26153846,0,0.0001,13.26153846,0
1992-05-19 00:00:00,0.379884005,14.13846154,0,0.0001,14.13846154,0
1992-05-20 00:00:00,0.360293001,15.01538462,0,0.0001,15.01538462,0
1992-05-21 00:00:00,0.346105993,15.89230769,0,0.0001,15.89230769,0
1992-05-22 00:00:00,0.330486,16.76923077,0,0.0001,16.76923077,0
1992-05-23 00:00:00,0.315072,17.64615385,0,0.0001,17.64615385,0
1992-05-24 00:00:00,0.296202987,18.52307692,0,0.0001,18.52307692,0
1992-05-25 00:00:00,0.278144002,19.4,0,0.0001,19.4,0
1992-05-26 00:00:00,0.260740012,19.52352941,0,0.0001,19.52352941,0
1992-05-27 00:00:00,0.243962005,19.64705882,0,0.0001,19.64705882,0
1992-05-28 00:00:00,0.231987,19.77058824,0,0.0001,19.77058824,0
1992-05-29 00:00:00,0.218686,19.89411765,0,0.0001,19.89411765,0
1992-05-30 00:00:00,0.207690999,20.01764706,0,0.0001,20.01764706,0
1992-05-31 00:00:00,0.198241994,20.14117647,0,0.0001,20.14117647,0
1992-06-01 00:00:00,0.186891004,20.26470588,0,0.0001,20.26470588,0
1992-06-02 00:00:00,0.176312998,20.38823529,0,0.0001,20.38823529,0
1992-06-03 00:00:00,0.162143007,20.51176471,0,0.0001,20.51176471,0
1992-06-04 00:00:00,0.153619006,20.63529412,0,0.0001,20.63529412,0
1992-06-05 00:00:00,0.146447003,20.75882353,0,0.0001,20.75882353,0
1992-06-06 00:00:00,0.138750002,20.88235294,0,0.0001,20.88235294,0
1992-06-07 00:00:00,0.131265,21.00588235,0,0.0001,21.00588235,0
1992-06-08 00:00:00,0.123396002,21.12941176,0,0.0001,21.12941176,0
1992-06-09 00:00:00,0.114993997,21.25294118,0,0.0001,21.25294118,0
1992-06-10 00:00:00,0.107198,21.37647059,0,0.0001,21.37647059,0
1992-06-11 00:00:00,0.099099003,21.5,0,0.0001,21.5,0
1992-06-12 00:00:00,0.094121002,21.375,0,0.0001,21.375,0
1992-06-13 00:00:00,0.092309996,21.25,0,0.0001,21.25,0
1992-06-14 00:00:00,0.08845,21.125,0,0.0001,21.125,0
1992-06-15 00:00:00,0.087719001,21,0,0.0001,21,0
1992-06-16 00:00:00,0.081643,20.875,0,0.0001,20.875,0
1992-06-17 00:00:00,0.075034998,20.75,0,0.0001,20.75,0
1992-06-18 00:00:00,0.068653002,20.625,0,0.0001,20.625,0
1992-06-19 00:00:00,0.067360997,20.5,0,0.0001,20.5,0
1992-06-20 00:00:00,0.063248999,20.375,0,0.0001,20.375,0
1992-06-21 00:00:00,0.056189001,20.25,0,0.0001,20.25,0
1992-06-22 00:00:00,0.050067998,20.125,0,0.0001,20.125,0
1992-06-23 00:00:00,0.047849,20,0,0.0001,20,0
1992-06-24 00:00:00,0.046790998,19.9,0,0.0001,19.9,0
1992-06-25 00:00:00,0.046934001,19.8,0,0.0001,19.8,0
1992-06-26 00:00:00,0.046362001,19.7,0,0.0001,19.7,0
1992-06-27 00:00:00,0.045028001,19.6,0,0.0001,19.6,0
1992-06-28 00:00:00,0.043781999,19.5,0,0.0001,19.5,0
1992-06-29 00:00:00,0.044144999,19.4,0,0.0001,19.4,0
1992-06-30 00:00:00,0.042514998,19.3,0,0.0001,19.3,0
1992-07-01 00:00:00,0.043138001,19.2,0,0.0001,19.2,0
1992-07-02 00:00:00,0.045366,19.1,0,0.0001,19.1,0
1992-07-03 00:00:00,0.043315001,19,0,0.0001,19,0
1992-07-04 00:00:00,0.042858999,18.9,0,0.0001,18.9,0
1992-07-05 00:00:00,0.039076999,18.8,0,0.0001,18.8,0
1992-07-06 00:00:00,0.035980001,18.7,0,0.0001,18.7,0
1992-07-07 00:00:00,0.033757001,18.6,0,0.0001,18.6,0
1992-07-08 00:00:00,0.031709999,18.5,0,0.0001,18.5,0
1992-07-09 00:00:00,0.029893,18.4,0,0.0001,18.4,0
1992-07-10 00:00:00,0.030427,18.3,0,0.0001,18.3,0
1992-07-11 00:00:00,0.02981,18.2,0,0.0001,18.2,0
1992-07-12 00:00:00,0.030497,18.1,0,0.0001,18.1,0
1992-07-13 00:00:00,0.031831,18,0,0.0001,18,0
1992-07-14 00:00:00,0.036532,17.9,0,0.0001,17.9,0
1992-07-15 00:00:00,0.033822998,17.8,0,0.0001,17.8,0
1992-07-16 00:00:00,0.029239001,17.95,0,0.0001,17.95,0
1992-07-17 00:00:00,0.029996,18.1,0,0.0001,18.1,0
1992-07-18 00:00:00,0.030773001,18.25,0,0.0001,18.25,0
1992-07-19 00:00:00,0.029866001,18.4,0,0.0001,18.4,0
1992-07-20 00:00:00,0.029866001,18.55,0,0.0001,18.55,0
1992-07-21 00:00:00,0.030469,18.7,0,0.0001,18.7,0
1992-07-22 00:00:00,0.027620001,18.85,0,0.0001,18.85,0
1992-07-23 00:00:00,0.026172999,19,0,0.0001,19,0
1992-07-24 00:00:00,0.025551001,19.15,0,0.0001,19.15,0
1992-07-25 00:00:00,0.025032001,19.3,0,0.0001,19.3,0
1992-07-26 00:00:00,0.023475001,19.45,0,0.0001,19.45,0
1992-07-27 00:00:00,0.025433,19.6,0,0.0001,19.6,0
1992-07-28 00:00:00,0.025438,19.75,0,0.0001,19.75,0
1992-07-29 00:00:00,0.023602,19.9,0,0.0001,19.9,0
1992-07-30 00:00:00,0.024316,19.87857143,0,0.0001,19.87857143,0
1992-07-31 00:00:00,0.023651,19.85714286,0,0.0001,19.85714286,0
1992-08-01 00:00:00,0.023855001,19.83571429,0,0.0001,19.83571429,0
1992-08-02 00:00:00,0.022654001,19.81428571,0,0.0001,19.81428571,0
1992-08-03 00:00:00,0.021594999,19.79285714,0,0.0001,19.79285714,0
1992-08-04 00:00:00,0.021557,19.77142857,0,0.0001,19.77142857,0
1992-08-05 00:00:00,0.022583,19.75,0,0.0001,19.75,0
1992-08-06 00:00:00,0.026957,19.72857143,0,0.0001,19.72857143,0
1992-08-07 00:00:00,0.027385,19.70714286,0,0.0001,19.70714286,0
1992-08-08 00:00:00,0.027573001,19.68571429,0,0.0001,19.68571429,0
1992-08-09 00:00:00,0.028572001,19.66428571,0,0.0001,19.66428571,0
1992-08-10 00:00:00,0.031114999,19.64285714,0,0.0001,19.64285714,0
1992-08-11 00:00:00,0.033325002,19.62142857,0,0.0001,19.62142857,0
1992-08-12 00:00:00,0.037225999,19.6,0,0.0001,19.6,0
1992-08-13 00:00:00,0.051422998,19.50769231,0,0.0001,19.50769231,0
1992-08-14 00:00:00,0.057640001,19.41538462,0,0.0001,19.41538462,0
1992-08-15 00:00:00,0.056745999,19.32307692,0,0.0001,19.32307692,0
1992-08-16 00:00:00,0.056024,19.23076923,0,0.0001,19.23076923,0
1992-08-17 00:00:00,0.058332,19.13846154,0,0.0001,19.13846154,0
1992-08-18 00:00:00,0.057742,19.04615385,0,0.0001,19.04615385,0
1992-08-19 00:00:00,0.056662001,18.95384615,0,0.0001,18.95384615,0
1992-08-20 00:00:00,0.056788001,18.86153846,0,0.0001,18.86153846,0
1992-08-21 00:00:00,0.075482003,18.76923077,0,0.0001,18.76923077,0
1992-08-22 00:00:00,0.082422003,18.67692308,0,0.0001,18.67692308,0
1992-08-23 00:00:00,0.087301001,18.58461538,0,0.0001,18.58461538,0
1992-08-24 00:00:00,0.091031998,18.49230769,0,0.0001,18.49230769,0
1992-08-25 00:00:00,0.096596003,18.4,0,0.0001,18.4,0
1992-08-26 00:00:00,0.103441998,18.17857143,0,0.0001,18.17857143,0
1992-08-27 00:00:00,0.111680999,17.95714286,0,0.0001,17.95714286,0
1992-08-28 00:00:00,0.123851001,17.73571429,0,0.0001,17.73571429,0
1992-08-29 00:00:00,0.137639999,17.51428571,0,0.0001,17.51428571,0
1992-08-30 00:00:00,0.164519995,17.29285714,0,0.0001,17.29285714,0
1992-08-31 00:00:00,0.172497004,17.07142857,0,0.0001,17.07142857,0
1992-09-01 00:00:00,0.169033006,16.85,0,0.0001,16.85,0
1992-09-02 00:00:00,0.163582996,16.62857143,0,0.0001,16.62857143,0
1992-09-03 00:00:00,0.161987007,16.40714286,0,0.0001,16.40714286,0
1992-09-04 00:00:00,0.158429995,16.18571429,0,0.0001,16.18571429,0
1992-09-05 00:00:00,0.157982007,15.96428571,0,0.0001,15.96428571,0
1992-09-06 00:00:00,0.154220998,15.74285714,0,0.0001,15.74285714,0
1992-09-07 00:00:00,0.148313999,15.52142857,0,0.0001,15.52142857,0
1992-09-08 00:00:00,0.143165007,15.3,0,0.0001,15.3,0
1992-09-09 00:00:00,0.137382001,15.29285714,0,0.0001,15.29285714,0
1992-09-10 00:00:00,0.134948,15.28571429,0,0.0001,15.28571429,0
1992-09-11 00:00:00,0.135536,15.27857143,0,0.0001,15.27857143,0
1992-09-12 00:00:00,0.134523004,15.27142857,0,0.0001,15.27142857,0
1992-09-13 00:00:00,0.132906005,15.26428571,0,0.0001,15.26428571,0
1992-09-14 00:00:00,0.138953,15.25714286,0,0.0001,15.25714286,0
1992-09-15 00:00:00,0.139057994,15.25,0,0.0001,15.25,0
1992-09-16 00:00:00,0.137998998,15.24285714,0,0.0001,15.24285714,0
1992-09-17 00:00:00,0.132302001,15.23571429,0,0.0001,15.23571429,0
1992-09-18 00:00:00,0.129192993,15.22857143,0,0.0001,15.22857143,0
1992-09-19 00:00:00,0.124670997,15.22142857,0,0.0001,15.22142857,0
1992-09-20 00:00:00,0.120569997,15.21428571,0,0.0001,15.21428571,0
1992-09-21 00:00:00,0.117375001,15.20714286,0,0.0001,15.20714286,0
1992-09-22 00:00:00,0.115189001,15.2,0,0.0001,15.2,0
1992-09-23 00:00:00,0.110839002,15.04666667,0,0.0001,15.04666667,0
1992-09-24 00:00:00,0.108824998,14.89333333,0,0.0001,14.89333333,0
1992-09-25 00:00:00,0.107763,14.74,0,0.0001,14.74,0
1992-09-26 00:00:00,0.106522001,14.58666667,0,0.0001,14.58666667,0
1992-09-27 00:00:00,0.105281003,14.43333333,0,0.0001,14.43333333,0
1992-09-28 00:00:00,0.104039997,14.28,0,0.0001,14.28,0
1992-09-29 00:00:00,0.102798998,14.12666667,0,0.0001,14.12666667,0
1992-09-30 00:00:00,0.101558,13.97333333,0,0.0001,13.97333333,0
1992-10-01 00:00:00,0.100317001,13.82,0,0.0001,13.82,0
1992-10-02 00:00:00,0.099076003,13.66666667,0,0.0001,13.66666667,0
1992-10-03 00:00:00,0.098724999,13.51333333,0,0.0001,13.51333333,0
1992-10-04 00:00:00,0.093708001,13.36,0,0.0001,13.36,0
1992-10-05 00:00:00,0.089642003,13.20666667,0,0.0001,13.20666667,0
1992-10-06 00:00:00,0.085680999,13.05333333,0,0.0001,13.05333333,0
1992-10-07 00:00:00,0.085297003,12.9,0,0.0001,12.9,0
1992-10-08 00:00:00,0.084232002,12.91441441,0,0.0001,12.91441441,0
1992-10-09 00:00:00,0.087406002,12.92882883,0,0.0001,12.92882883,0
1992-10-10 00:00:00,0.087359004,12.94324324,0,0.0001,12.94324324,0
1992-10-11 00:00:00,0.088779002,12.95765766,0,0.0001,12.95765766,0
1992-10-12 00:00:00,0.088338003,12.97207207,0,0.0001,12.97207207,0
1992-10-13 00:00:00,0.088601999,12.98648649,0,0.0001,12.98648649,0
1992-10-14 00:00:00,0.095164001,13.0009009,0,0.0001,13.0009009,0
1992-10-15 00:00:00,0.110518999,13.01531532,0,0.0001,13.01531532,0
1992-10-16 00:00:00,0.114681996,13.02972973,0,0.0001,13.02972973,0
1992-10-17 00:00:00,0.117188998,13.04414414,0,0.0001,13.04414414,0
1992-10-18 00:00:00,0.116189003,13.05855856,0,0.0001,13.05855856,0
1992-10-19 00:00:00,0.119469002,13.07297297,0,0.0001,13.07297297,0
1992-10-20 00:00:00,0.127770007,13.08738739,0,0.0001,13.08738739,0
1992-10-21 00:00:00,0.129544005,13.1018018,0,0.0001,13.1018018,0
1992-10-22 00:00:00,0.127922997,13.11621622,0,0.0001,13.11621622,0
1992-10-23 00:00:00,0.130652994,13.13063063,0,0.0001,13.13063063,0
1992-10-24 00:00:00,0.134101003,13.14504505,0,0.0001,13.14504505,0
1992-10-25 00:00:00,0.136886999,13.15945946,0,0.0001,13.15945946,0
1992-10-26 00:00:00,0.139468998,13.17387387,0,0.0001,13.17387387,0
1992-10-27 00:00:00,0.138099,13.18828829,0,0.0001,13.18828829,0
1992-10-28 00:00:00,0.160512,13.2027027,0,0.0001,13.2027027,0
1992-10-29 00:00:00,0.173241004,13.21711712,0,0.0001,13.21711712,0
1992-10-30 00:00:00,0.179426,13.23153153,0,0.0001,13.23153153,0
1992-10-31 00:00:00,0.191329002,13.24594595,0,0.0001,13.24594595,0
1992-11-01 00:00:00,0.197286993,13.26036036,0,0.0001,13.26036036,0
1992-11-02 00:00:00,0.216737002,13.27477477,0,0.0001,13.27477477,0
1992-11-03 00:00:00,0.253937006,13.28918919,0,0.0001,13.28918919,0
1992-11-04 00:00:00,0.277107,13.3036036,0,0.0001,13.3036036,0
1992-11-05 00:00:00,0.288421005,13.31801802,0,0.0001,13.31801802,0
1992-11-06 00:00:00,0.294124007,13.33243243,0,0.0001,13.33243243,0
1992-11-07 00:00:00,0.30637899,13.34684685,0,0.0001,13.34684685,0
1992-11-08 00:00:00,0.307752013,13.36126126,0,0.0001,13.36126126,0
1992-11-09 00:00:00,0.308925003,13.37567568,0,0.0001,13.37567568,0
1992-11-10 00:00:00,0.311170012,13.39009009,0,0.0001,13.39009009,0
1992-11-11 00:00:00,0.314532012,13.4045045,0,0.0001,13.4045045,0
1992-11-12 00:00:00,0.338389009,13.41891892,0,0.0001,13.41891892,0
1992-11-13 00:00:00,0.345687985,13.43333333,0,0.0001,13.43333333,0
1992-11-14 00:00:00,0.347124994,13.44774775,0,0.0001,13.44774775,0
1992-11-15 00:00:00,0.339828014,13.46216216,0,0.0001,13.46216216,0
1992-11-16 00:00:00,0.339251995,13.47657658,0,0.0001,13.47657658,0
1992-11-17 00:00:00,0.348215997,13.49099099,0,0.0001,13.49099099,0
1992-11-18 00:00:00,0.348753989,13.50540541,0,0.0001,13.50540541,0
1992-11-19 00:00:00,0.360098004,13.51981982,0,0.0001,13.51981982,0
1992-11-20 00:00:00,0.402478009,13.53423423,0,0.0001,13.53423423,0
1992-11-21 00:00:00,0.449714988,13.54864865,0,0.0001,13.54864865,0
1992-11-22 00:00:00,0.484589994,13.56306306,0,0.0001,13.56306306,0
1992-11-23 00:00:00,0.510264993,13.57747748,0,0.0001,13.57747748,0
1992-11-24 00:00:00,0.536581993,13.59189189,0,0.0001,13.59189189,0
1992-11-25 00:00:00,0.571606994,13.60630631,0,0.0001,13.60630631,0
1992-11-26 00:00:00,0.639424026,13.62072072,0,0.0001,13.62072072,0
1992-11-27 00:00:00,0.71340102,13.63513514,0,0.0001,13.63513514,0
1992-11-28 00:00:00,0.770548999,13.64954955,0,0.0001,13.64954955,0
1992-11-29 00:00:00,0.799070001,13.66396396,0,0.0001,13.66396396,0
1992-11-30 00:00:00,0.80755198,13.67837838,0,0.0001,13.67837838,0
1992-12-01 00:00:00,0.811371028,13.69279279,0,0.0001,13.69279279,0
1992-12-02 00:00:00,0.82287401,13.70720721,0,0.0001,13.70720721,0
1992-12-03 00:00:00,0.861797988,13.72162162,0,0.0001,13.72162162,0
1992-12-04 00:00:00,0.919770002,13.73603604,0,0.0001,13.73603604,0
1992-12-05 00:00:00,0.958576977,13.75045045,0,0.0001,13.75045045,0
1992-12-06 00:00:00,0.972440004,13.76486486,0,0.0001,13.76486486,0
1992-12-07 00:00:00,0.967976987,13.77927928,0,0.0001,13.77927928,0
1992-12-08 00:00:00,0.937251985,13.79369369,0,0.0001,13.79369369,0
1992-12-09 00:00:00,0.900734007,13.80810811,0,0.0001,13.80810811,0
1992-12-10 00:00:00,0.855570018,13.82252252,0,0.0001,13.82252252,0
1992-12-11 00:00:00,0.81834501,13.83693694,0,0.0001,13.83693694,0
1992-12-12 00:00:00,0.804812014,13.85135135,0,0.0001,13.85135135,0
1992-12-13 00:00:00,0.785394013,13.86576577,0,0.0001,13.86576577,0
1992-12-14 00:00:00,0.798624992,13.88018018,0,0.0001,13.88018018,0
1992-12-15 00:00:00,0.802974999,13.89459459,0,0.0001,13.89459459,0
1992-12-16 00:00:00,0.801582992,13.90900901,0,0.0001,13.90900901,0
1992-12-17 00:00:00,0.786392987,13.92342342,0,0.0001,13.92342342,0
1992-12-18 00:00:00,0.759472013,13.93783784,0,0.0001,13.93783784,0
1992-12-19 00:00:00,0.743811011,13.95225225,0,0.0001,13.95225225,0
1992-12-20 00:00:00,0.71776998,13.96666667,0,0.0001,13.96666667,0
1992-12-21 00:00:00,0.686595023,13.98108108,0,0.0001,13.98108108,0
1992-12-22 00:00:00,0.651823997,13.9954955,0,0.0001,13.9954955,0
1992-12-23 00:00:00,0.615920007,14.00990991,0,0.0001,14.00990991,0
1992-12-24 00:00:00,0.580273986,14.02432432,0,0.0001,14.02432432,0
1992-12-25 00:00:00,0.550598025,14.03873874,0,0.0001,14.03873874,0
1992-12-26 00:00:00,0.521206021,14.05315315,0,0.0001,14.05315315,0
1992-12-27 00:00:00,0.495011985,14.06756757,0,0.0001,14.06756757,0
1992-12-28 00:00:00,0.470005006,14.08198198,0,0.0001,14.08198198,0
1992-12-29 00:00:00,0.450103998,14.0963964,0,0.0001,14.0963964,0
1992-12-30 00:00:00,0.434284002,14.11081081,0,0.0001,14.11081081,0
1992-12-31 00:00:00,0.417760998,14.12522523,0,0.0001,14.12522523,0
1993-01-01 00:00:00,0.415798008,14.13963964,0,0.0001,14.13963964,0
1993-01-02 00:00:00,0.398029,14.15405405,0,0.0001,14.15405405,0
1993-01-03 00:00:00,0.384265989,14.16846847,0,0.0001,14.16846847,0
1993-01-04 00:00:00,0.367448986,14.18288288,0,0.0001,14.18288288,0
1993-01-05 00:00:00,0.348208994,14.1972973,0,0.0001,14.1972973,0
1993-01-06 00:00:00,0.336694986,14.21171171,0,0.0001,14.21171171,0
1993-01-07 00:00:00,0.326579988,14.22612613,0,0.0001,14.22612613,0
1993-01-08 00:00:00,0.323154986,14.24054054,0,0.0001,14.24054054,0
1993-01-09 00:00:00,0.325901985,14.25495495,0,0.0001,14.25495495,0
1993-01-10 00:00:00,0.33910799,14.26936937,0,0.0001,14.26936937,0
1993-01-11 00:00:00,0.425090998,14.28378378,0,0.0001,14.28378378,0
1993-01-12 00:00:00,0.502225995,14.2981982,0,0.0001,14.2981982,0
1993-01-13 00:00:00,0.550945997,14.31261261,0,0.0001,14.31261261,0
1993-01-14 00:00:00,0.651579022,14.32702703,0,0.0001,14.32702703,0
1993-01-15 00:00:00,0.745715022,14.34144144,0,0.0001,14.34144144,0
1993-01-16 00:00:00,0.832655013,14.35585586,0,0.0001,14.35585586,0
1993-01-17 00:00:00,0.893316984,14.37027027,0,0.0001,14.37027027,0
1993-01-18 00:00:00,0.918232977,14.38468468,0,0.0001,14.38468468,0
1993-01-19 00:00:00,0.92612797,14.3990991,0,0.0001,14.3990991,0
1993-01-20 00:00:00,0.923940003,14.41351351,0,0.0001,14.41351351,0
1993-01-21 00:00:00,0.911171019,14.42792793,0,0.0001,14.42792793,0
1993-01-22 00:00:00,0.914034009,14.44234234,0,0.0001,14.44234234,0
1993-01-23 00:00:00,0.913474977,14.45675676,0,0.0001,14.45675676,0
1993-01-24 00:00:00,0.989305019,14.47117117,0,0.0001,14.47117117,0
1993-01-25 00:00:00,1.114397049,14.48558559,0,0.0001,14.48558559,0
1993-01-26 00:00:00,1.252650976,14.5,0,0.0001,14.5,0
1993-01-27 00:00:00,1.351981997,14.51441441,0,0.0001,14.51441441,0
1993-01-28 00:00:00,1.383540988,14.52882883,0,0.0001,14.52882883,0
1993-01-29 00:00:00,1.361647964,14.54324324,0,0.0001,14.54324324,0
1993-01-30 00:00:00,1.302778006,14.55765766,0,0.0001,14.55765766,0
1993-01-31 00:00:00,1.23636198,14.57207207,0,0.0001,14.57207207,0
1993-02-01 00:00:00,1.163393974,14.58648649,0,0.0001,14.58648649,0
1993-02-02 00:00:00,1.090901971,14.6009009,0,0.0001,14.6009009,0
1993-02-03 00:00:00,1.034520984,14.61531532,0,0.0001,14.61531532,0
1993-02-04 00:00:00,1.000828028,14.62972973,0,0.0001,14.62972973,0
1993-02-05 00:00:00,0.984453022,14.64414414,0,0.0001,14.64414414,0
1993-02-06 00:00:00,0.982230008,14.65855856,0,0.0001,14.65855856,0
1993-02-07 00:00:00,0.975358009,14.67297297,0,0.0001,14.67297297,0
1993-02-08 00:00:00,0.960496008,14.68738739,0,0.0001,14.68738739,0
1993-02-09 00:00:00,0.944546998,14.7018018,0,0.0001,14.7018018,0
1993-02-10 00:00:00,0.921765983,14.71621622,0,0.0001,14.71621622,0
1993-02-11 00:00:00,0.892364979,14.73063063,0,0.0001,14.73063063,0
1993-02-12 00:00:00,0.859525979,14.74504505,0,0.0001,14.74504505,0
1993-02-13 00:00:00,0.829371989,14.75945946,0,0.0001,14.75945946,0
1993-02-14 00:00:00,0.801443994,14.77387387,0,0.0001,14.77387387,0
1993-02-15 00:00:00,0.770434976,14.78828829,0,0.0001,14.78828829,0
1993-02-16 00:00:00,0.743323028,14.8027027,0,0.0001,14.8027027,0
1993-02-17 00:00:00,0.728793025,14.81711712,0,0.0001,14.81711712,0
1993-02-18 00:00:00,0.706318021,14.83153153,0,0.0001,14.83153153,0
1993-02-19 00:00:00,0.695209026,14.84594595,0,0.0001,14.84594595,0
1993-02-20 00:00:00,0.682758987,14.86036036,0,0.0001,14.86036036,0
1993-02-21 00:00:00,0.695707023,14.87477477,0,0.0001,14.87477477,0
1993-02-22 00:00:00,0.688313007,14.88918919,0,0.0001,14.88918919,0
1993-02-23 00:00:00,0.671459019,14.9036036,0,0.0001,14.9036036,0
1993-02-24 00:00:00,0.648863018,14.91801802,0,0.0001,14.91801802,0
1993-02-25 00:00:00,0.625545979,14.93243243,0,0.0001,14.93243243,0
1993-02-26 00:00:00,0.603426993,14.94684685,0,0.0001,14.94684685,0
1993-02-27 00:00:00,0.585686028,14.96126126,0,0.0001,14.96126126,0
1993-02-28 00:00:00,0.569995999,14.97567568,0,0.0001,14.97567568,0
1993-03-01 00:00:00,0.550261974,14.99009009,0,0.0001,14.99009009,0
1993-03-02 00:00:00,0.530201018,15.0045045,0,0.0001,15.0045045,0
1993-03-03 00:00:00,0.509167016,15.01891892,0,0.0001,15.01891892,0
1993-03-04 00:00:00,0.492774993,15.03333333,0,0.0001,15.03333333,0
1993-03-05 00:00:00,0.473408014,15.04774775,0,0.0001,15.04774775,0
1993-03-06 00:00:00,0.460233003,15.06216216,0,0.0001,15.06216216,0
1993-03-07 00:00:00,0.447679013,15.07657658,0,0.0001,15.07657658,0
1993-03-08 00:00:00,0.435732991,15.09099099,0,0.0001,15.09099099,0
1993-03-09 00:00:00,0.420421004,15.10540541,0,0.0001,15.10540541,0
1993-03-10 00:00:00,0.410609007,15.11981982,0,0.0001,15.11981982,0
1993-03-11 00:00:00,0.401152015,15.13423423,0,0.0001,15.13423423,0
1993-03-12 00:00:00,0.391386002,15.14864865,0,0.0001,15.14864865,0
1993-03-13 00:00:00,0.386087,15.16306306,0,0.0001,15.16306306,0
1993-03-14 00:00:00,0.38447699,15.17747748,0,0.0001,15.17747748,0
1993-03-15 00:00:00,0.379002988,15.19189189,0,0.0001,15.19189189,0
1993-03-16 00:00:00,0.377701998,15.20630631,0,0.0001,15.20630631,0
1993-03-17 00:00:00,0.382236004,15.22072072,0,0.0001,15.22072072,0
1993-03-18 00:00:00,0.386875004,15.23513514,0,0.0001,15.23513514,0
1993-03-19 00:00:00,0.380436003,15.24954955,0,0.0001,15.24954955,0
1993-03-20 00:00:00,0.374686003,15.26396396,0,0.0001,15.26396396,0
1993-03-21 00:00:00,0.372869998,15.27837838,0,0.0001,15.27837838,0
1993-03-22 00:00:00,0.372608006,15.29279279,0,0.0001,15.29279279,0
1993-03-23 00:00:00,0.379933,15.30720721,0,0.0001,15.30720721,0
1993-03-24 00:00:00,0.38450101,15.32162162,0,0.0001,15.32162162,0
1993-03-25 00:00:00,0.384635001,15.33603604,0,0.0001,15.33603604,0
1993-03-26 00:00:00,0.378731996,15.35045045,0,0.0001,15.35045045,0
1993-03-27 00:00:00,0.369255006,15.36486486,0,0.0001,15.36486486,0
1993-03-28 00:00:00,0.360489994,15.37927928,0,0.0001,15.37927928,0
1993-03-29 00:00:00,0.350416988,15.39369369,0,0.0001,15.39369369,0
1993-03-30 00:00:00,0.342348993,15.40810811,0,0.0001,15.40810811,0
1993-03-31 00:00:00,0.332132012,15.42252252,0,0.0001,15.42252252,0
1993-04-01 00:00:00,0.325497001,15.43693694,0,0.0001,15.43693694,0
1993-04-02 00:00:00,0.318769991,15.45135135,0,0.0001,15.45135135,0
1993-04-03 00:00:00,0.308791995,15.46576577,0,0.0001,15.46576577,0
1993-04-04 00:00:00,0.305220991,15.48018018,0,0.0001,15.48018018,0
1993-04-05 00:00:00,0.305200011,15.49459459,0,0.0001,15.49459459,0
1993-04-06 00:00:00,0.315966994,15.50900901,0,0.0001,15.50900901,0
1993-04-07 00:00:00,0.325430989,15.52342342,0,0.0001,15.52342342,0
1993-04-08 00:00:00,0.326361001,15.53783784,0,0.0001,15.53783784,0
1993-04-09 00:00:00,0.320145011,15.55225225,0,0.0001,15.55225225,0
1993-04-10 00:00:00,0.316502005,15.56666667,0,0.0001,15.56666667,0
1993-04-11 00:00:00,0.310658991,15.58108108,0,0.0001,15.58108108,0
1993-04-12 00:00:00,0.301528007,15.5954955,0,0.0001,15.5954955,0
1993-04-13 00:00:00,0.294833988,15.60990991,0,0.0001,15.60990991,0
1993-04-14 00:00:00,0.288598001,15.62432432,0,0.0001,15.62432432,0
1993-04-15 00:00:00,0.280853987,15.63873874,0,0.0001,15.63873874,0
1993-04-16 00:00:00,0.273656994,15.65315315,0,0.0001,15.65315315,0
1993-04-17 00:00:00,0.267726988,15.66756757,0,0.0001,15.66756757,0
1993-04-18 00:00:00,0.265206993,15.68198198,0,0.0001,15.68198198,0
1993-04-19 00:00:00,0.256985009,15.6963964,0,0.0001,15.6963964,0
1993-04-20 00:00:00,0.25149399,15.71081081,0,0.0001,15.71081081,0
1993-04-21 00:00:00,0.25010401,15.72522523,0,0.0001,15.72522523,0
1993-04-22 00:00:00,0.249707997,15.73963964,0,0.0001,15.73963964,0
1993-04-23 00:00:00,0.251468003,15.75405405,0,0.0001,15.75405405,0
1993-04-24 00:00:00,0.252177,15.76846847,0,0.0001,15.76846847,0
1993-04-25 00:00:00,0.248934001,15.78288288,0,0.0001,15.78288288,0
1993-04-26 00:00:00,0.246077999,15.7972973,0,0.0001,15.7972973,0
1993-04-27 00:00:00,0.241483003,15.81171171,0,0.0001,15.81171171,0
1993-04-28 00:00:00,0.238885,15.82612613,0,0.0001,15.82612613,0
1993-04-29 00:00:00,0.235730007,15.84054054,0,0.0001,15.84054054,0
1993-04-30 00:00:00,0.229460999,15.85495495,0,0.0001,15.85495495,0
1993-05-01 00:00:00,0.226383999,15.86936937,0,0.0001,15.86936937,0
1993-05-02 00:00:00,0.220550999,15.88378378,0,0.0001,15.88378378,0
1993-05-03 00:00:00,0.210823998,15.8981982,0,0.0001,15.8981982,0
1993-05-04 00:00:00,0.198458999,15.91261261,0,0.0001,15.91261261,0
1993-05-05 00:00:00,0.191825002,15.92702703,0,0.0001,15.92702703,0
1993-05-06 00:00:00,0.185927004,15.94144144,0,0.0001,15.94144144,0
1993-05-07 00:00:00,0.177359998,15.95585586,0,0.0001,15.95585586,0
1993-05-08 00:00:00,0.170671001,15.97027027,0,0.0001,15.97027027,0
1993-05-09 00:00:00,0.165281996,15.98468468,0,0.0001,15.98468468,0
1993-05-10 00:00:00,0.161651999,15.9990991,0,0.0001,15.9990991,0
1993-05-11 00:00:00,0.155081004,16.01351351,0,0.0001,16.01351351,0
1993-05-12 00:00:00,0.149407998,16.02792793,0,0.0001,16.02792793,0
1993-05-13 00:00:00,0.146326005,16.04234234,0,0.0001,16.04234234,0
1993-05-14 00:00:00,0.144866005,16.05675676,0,0.0001,16.05675676,0
1993-05-15 00:00:00,0.142341003,16.07117117,0,0.0001,16.07117117,0
1993-05-16 00:00:00,0.140379995,16.08558559,0,0.0001,16.08558559,0
1993-05-17 00:00:00,0.136053994,16.1,0,0.0001,16.1,0
1993-05-18 00:00:00,0.132350996,15.90666667,0,0.0001,15.90666667,0
1993-05-19 00:00:00,0.127798006,15.71333333,0,0.0001,15.71333333,0
1993-05-20 00:00:00,0.124177001,15.52,0,0.0001,15.52,0
1993-05-21 00:00:00,0.123866998,15.32666667,0,0.0001,15.32666667,0
1993-05-22 00:00:00,0.126780003,15.13333333,0,0.0001,15.13333333,0
1993-05-23 00:00:00,0.129412994,14.94,0,0.0001,14.94,0
1993-05-24 00:00:00,0.125091001,14.74666667,0,0.0001,14.74666667,0
1993-05-25 00:00:00,0.120591998,14.55333333,0,0.0001,14.55333333,0
1993-05-26 00:00:00,0.117641002,14.36,0,0.0001,14.36,0
1993-05-27 00:00:00,0.114520997,14.16666667,0,0.0001,14.16666667,0
1993-05-28 00:00:00,0.111038998,13.97333333,0,0.0001,13.97333333,0
1993-05-29 00:00:00,0.113473997,13.78,0,0.0001,13.78,0
1993-05-30 00:00:00,0.112043999,13.58666667,0,0.0001,13.58666667,0
1993-05-31 00:00:00,0.117330998,13.39333333,0,0.0001,13.39333333,0
1993-06-01 00:00:00,0.117339998,13.2,0,0.0001,13.2,0
1993-06-02 00:00:00,0.111836001,13.42666667,0,0.0001,13.42666667,0
1993-06-03 00:00:00,0.109006003,13.65333333,0,0.0001,13.65333333,0
1993-06-04 00:00:00,0.106462002,13.88,0,0.0001,13.88,0
1993-06-05 00:00:00,0.101085998,14.10666667,0,0.0001,14.10666667,0
1993-06-06 00:00:00,0.095012002,14.33333333,0,0.0001,14.33333333,0
1993-06-07 00:00:00,0.090176001,14.56,0,0.0001,14.56,0
1993-06-08 00:00:00,0.088216998,14.78666667,0,0.0001,14.78666667,0
1993-06-09 00:00:00,0.086537004,15.01333333,0,0.0001,15.01333333,0
1993-06-10 00:00:00,0.084807999,15.24,0,0.0001,15.24,0
1993-06-11 00:00:00,0.081840001,15.46666667,0,0.0001,15.46666667,0
1993-06-12 00:00:00,0.081897996,15.69333333,0,0.0001,15.69333333,0
1993-06-13 00:00:00,0.082668997,15.92,0,0.0001,15.92,0
1993-06-14 00:00:00,0.079696998,16.14666667,0,0.0001,16.14666667,0
1993-06-15 00:00:00,0.071333997,16.37333333,0,0.0001,16.37333333,0
1993-06-16 00:00:00,0.068916999,16.6,0,0.0001,16.6,0
1993-06-17 00:00:00,0.064029001,16.53571429,0,0.0001,16.53571429,0
1993-06-18 00:00:00,0.060323998,16.47142857,0,0.0001,16.47142857,0
1993-06-19 00:00:00,0.059292998,16.40714286,0,0.0001,16.40714286,0
1993-06-20 00:00:00,0.053135,16.34285714,0,0.0001,16.34285714,0
1993-06-21 00:00:00,0.047573999,16.27857143,0,0.0001,16.27857143,0
1993-06-22 00:00:00,0.042376999,16.21428571,0,0.0001,16.21428571,0
1993-06-23 00:00:00,0.039365001,16.15,0,0.0001,16.15,0
1993-06-24 00:00:00,0.035868999,16.08571429,0,0.0001,16.08571429,0
1993-06-25 00:00:00,0.030609,16.02142857,0,0.0001,16.02142857,0
1993-06-26 00:00:00,0.027411999,15.95714286,0,0.0001,15.95714286,0
1993-06-27 00:00:00,0.026969999,15.89285714,0,0.0001,15.89285714,0
1993-06-28 00:00:00,0.026427001,15.82857143,0,0.0001,15.82857143,0
1993-06-29 00:00:00,0.024804,15.76428571,0,0.0001,15.76428571,0
1993-06-30 00:00:00,0.025086001,15.7,0,0.0001,15.7,0
1993-07-01 00:00:00,0.024302,15.63571429,0,0.0001,15.63571429,0
1993-07-02 00:00:00,0.022342,15.57142857,0,0.0001,15.57142857,0
1993-07-03 00:00:00,0.022632999,15.50714286,0,0.0001,15.50714286,0
1993-07-04 00:00:00,0.02166,15.44285714,0,0.0001,15.44285714,0
1993-07-05 00:00:00,0.020212,15.37857143,0,0.0001,15.37857143,0
1993-07-06 00:00:00,0.017603001,15.31428571,0,0.0001,15.31428571,0
1993-07-07 00:00:00,0.015973,15.25,0,0.0001,15.25,0
1993-07-08 00:00:00,0.015369,15.18571429,0,0.0001,15.18571429,0
1993-07-09 00:00:00,0.018712001,15.12142857,0,0.0001,15.12142857,0
1993-07-10 00:00:00,0.028766001,15.05714286,0,0.0001,15.05714286,0
1993-07-11 00:00:00,0.033714999,14.99285714,0,0.0001,14.99285714,0
1993-07-12 00:00:00,0.036630001,14.92857143,0,0.0001,14.92857143,0
1993-07-13 00:00:00,0.038497001,14.86428571,0,0.0001,14.86428571,0
1993-07-14 00:00:00,0.039492998,14.8,0,0.0001,14.8,0
1993-07-15 00:00:00,0.039857,14.80487805,0,0.0001,14.80487805,0
1993-07-16 00:00:00,0.039790001,14.8097561,0,0.0001,14.8097561,0
1993-07-17 00:00:00,0.039817002,14.81463415,0,0.0001,14.81463415,0
1993-07-18 00:00:00,0.038592,14.8195122,0,0.0001,14.8195122,0
1993-07-19 00:00:00,0.039349999,14.82439024,0,0.0001,14.82439024,0
1993-07-20 00:00:00,0.047614001,14.82926829,0,0.0001,14.82926829,0
1993-07-21 00:00:00,0.058013,14.83414634,0,0.0001,14.83414634,0
1993-07-22 00:00:00,0.066954002,14.83902439,0,0.0001,14.83902439,0
1993-07-23 00:00:00,0.064263001,14.84390244,0,0.0001,14.84390244,0
1993-07-24 00:00:00,0.064842999,14.84878049,0,0.0001,14.84878049,0
1993-07-25 00:00:00,0.067730002,14.85365854,0,0.0001,14.85365854,0
1993-07-26 00:00:00,0.072586,14.85853659,0,0.0001,14.85853659,0
1993-07-27 00:00:00,0.075258002,14.86341463,0,0.0001,14.86341463,0
1993-07-28 00:00:00,0.080885999,14.86829268,0,0.0001,14.86829268,0
1993-07-29 00:00:00,0.088377997,14.87317073,0,0.0001,14.87317073,0
1993-07-30 00:00:00,0.096086003,14.87804878,0,0.0001,14.87804878,0
1993-07-31 00:00:00,0.101115003,14.88292683,0,0.0001,14.88292683,0
1993-08-01 00:00:00,0.101599999,14.88780488,0,0.0001,14.88780488,0
1993-08-02 00:00:00,0.101249002,14.89268293,0,0.0001,14.89268293,0
1993-08-03 00:00:00,0.104056999,14.89756098,0,0.0001,14.89756098,0
1993-08-04 00:00:00,0.104943998,14.90243902,0,0.0001,14.90243902,0
1993-08-05 00:00:00,0.110321999,14.90731707,0,0.0001,14.90731707,0
1993-08-06 00:00:00,0.125138,14.91219512,0,0.0001,14.91219512,0
1993-08-07 00:00:00,0.127707005,14.91707317,0,0.0001,14.91707317,0
1993-08-08 00:00:00,0.125630006,14.92195122,0,0.0001,14.92195122,0
1993-08-09 00:00:00,0.132054999,14.92682927,0,0.0001,14.92682927,0
1993-08-10 00:00:00,0.156487003,14.93170732,0,0.0001,14.93170732,0
1993-08-11 00:00:00,0.153999001,14.93658537,0,0.0001,14.93658537,0
1993-08-12 00:00:00,0.161299005,14.94146341,0,0.0001,14.94146341,0
1993-08-13 00:00:00,0.173656002,14.94634146,0,0.0001,14.94634146,0
1993-08-14 00:00:00,0.166831002,14.95121951,0,0.0001,14.95121951,0
1993-08-15 00:00:00,0.166620001,14.95609756,0,0.0001,14.95609756,0
1993-08-16 00:00:00,0.163344994,14.96097561,0,0.0001,14.96097561,0
1993-08-17 00:00:00,0.149764001,14.96585366,0,0.0001,14.96585366,0
1993-08-18 00:00:00,0.136647999,14.97073171,0,0.0001,14.97073171,0
1993-08-19 00:00:00,0.127721995,14.97560976,0,0.0001,14.97560976,0
1993-08-20 00:00:00,0.12647,14.9804878,0,0.0001,14.9804878,0
1993-08-21 00:00:00,0.124554999,14.98536585,0,0.0001,14.98536585,0
1993-08-22 00:00:00,0.119174004,14.9902439,0,0.0001,14.9902439,0
1993-08-23 00:00:00,0.113972001,14.99512195,0,0.0001,14.99512195,0
1993-08-24 00:00:00,0.108162999,15,0,0.0001,15,0
1993-08-25 00:00:00,0.107827999,15.02857143,0,0.0001,15.02857143,0
1993-08-26 00:00:00,0.116485,15.05714286,0,0.0001,15.05714286,0
1993-08-27 00:00:00,0.114958003,15.08571429,0,0.0001,15.08571429,0
1993-08-28 00:00:00,0.111322999,15.11428571,0,0.0001,15.11428571,0
1993-08-29 00:00:00,0.106109999,15.14285714,0,0.0001,15.14285714,0
1993-08-30 00:00:00,0.105864003,15.17142857,0,0.0001,15.17142857,0
1993-08-31 00:00:00,0.104096003,15.2,0,0.0001,15.2,0
1993-09-01 00:00:00,0.101113997,15.22857143,0,0.0001,15.22857143,0
1993-09-02 00:00:00,0.095967002,15.25714286,0,0.0001,15.25714286,0
1993-09-03 00:00:00,0.093918003,15.28571429,0,0.0001,15.28571429,0
1993-09-04 00:00:00,0.093359999,15.31428571,0,0.0001,15.31428571,0
1993-09-05 00:00:00,0.091568001,15.34285714,0,0.0001,15.34285714,0
1993-09-06 00:00:00,0.084749997,15.37142857,0,0.0001,15.37142857,0
1993-09-07 00:00:00,0.084188998,15.4,0,0.0001,15.4,0
1993-09-08 00:00:00,0.084623002,15.21428571,0,0.0001,15.21428571,0
1993-09-09 00:00:00,0.085731,15.02857143,0,0.0001,15.02857143,0
1993-09-10 00:00:00,0.094631001,14.84285714,0,0.0001,14.84285714,0
1993-09-11 00:00:00,0.116311997,14.65714286,0,0.0001,14.65714286,0
1993-09-12 00:00:00,0.140837997,14.47142857,0,0.0001,14.47142857,0
1993-09-13 00:00:00,0.146966994,14.28571429,0,0.0001,14.28571429,0
1993-09-14 00:00:00,0.186943993,14.1,0,0.0001,14.1,0
1993-09-15 00:00:00,0.221275002,13.91428571,0,0.0001,13.91428571,0
1993-09-16 00:00:00,0.222764999,13.72857143,0,0.0001,13.72857143,0
1993-09-17 00:00:00,0.221244007,13.54285714,0,0.0001,13.54285714,0
1993-09-18 00:00:00,0.218357995,13.35714286,0,0.0001,13.35714286,0
1993-09-19 00:00:00,0.216819003,13.17142857,0,0.0001,13.17142857,0
1993-09-20 00:00:00,0.214286,12.98571429,0,0.0001,12.98571429,0
1993-09-21 00:00:00,0.215062007,12.8,0,0.0001,12.8,0
1993-09-22 00:00:00,0.215234995,12.80310005,0,0.0001,12.80310005,0
1993-09-23 00:00:00,0.213497996,12.80620009,0,0.0001,12.80620009,0
1993-09-24 00:00:00,0.209413007,12.80930014,0,0.0001,12.80930014,0
1993-09-25 00:00:00,0.215821996,12.81240019,0,0.0001,12.81240019,0
1993-09-26 00:00:00,0.264028996,12.81550023,0,0.0001,12.81550023,0
1993-09-27 00:00:00,0.298642993,12.81860028,0,0.0001,12.81860028,0
1993-09-28 00:00:00,0.317934006,12.82170033,0,0.0001,12.82170033,0
1993-09-29 00:00:00,0.331829995,12.82480038,0,0.0001,12.82480038,0
1993-09-30 00:00:00,0.335956007,12.82790042,0,0.0001,12.82790042,0
1993-10-01 00:00:00,0.336519003,12.83100047,0,0.0001,12.83100047,0
1993-10-02 00:00:00,0.337202996,12.83410052,0,0.0001,12.83410052,0
1993-10-03 00:00:00,0.345638007,12.83720056,0,0.0001,12.83720056,0
1993-10-04 00:00:00,0.37123701,12.84030061,0,0.0001,12.84030061,0
1993-10-05 00:00:00,0.385399014,12.84340066,0,0.0001,12.84340066,0
1993-10-06 00:00:00,0.393267989,12.8465007,0,0.0001,12.8465007,0
1993-10-07 00:00:00,0.407088012,12.84960075,0,0.0001,12.84960075,0
1993-10-08 00:00:00,0.40517199,12.8527008,0,0.0001,12.8527008,0
1993-10-09 00:00:00,0.472781003,12.85580085,0,0.0001,12.85580085,0
1993-10-10 00:00:00,0.553478003,12.85890089,0,0.0001,12.85890089,0
1993-10-11 00:00:00,0.615177989,12.86200094,0,0.0001,12.86200094,0
1993-10-12 00:00:00,0.673373997,12.86510099,0,0.0001,12.86510099,0
1993-10-13 00:00:00,0.768709004,12.86820103,0,0.0001,12.86820103,0
1993-10-14 00:00:00,0.859799981,12.87130108,0,0.0001,12.87130108,0
1993-10-15 00:00:00,0.909681976,12.87440113,0,0.0001,12.87440113,0
1993-10-16 00:00:00,0.929509997,12.87750117,0,0.0001,12.87750117,0
1993-10-17 00:00:00,0.928954005,12.88060122,0,0.0001,12.88060122,0
1993-10-18 00:00:00,0.904124975,12.88370127,0,0.0001,12.88370127,0
1993-10-19 00:00:00,0.868779004,12.88680132,0,0.0001,12.88680132,0
1993-10-20 00:00:00,0.828669012,12.88990136,0,0.0001,12.88990136,0
1993-10-21 00:00:00,0.803092003,12.89300141,0,0.0001,12.89300141,0
1993-10-22 00:00:00,0.773452997,12.89610146,0,0.0001,12.89610146,0
1993-10-23 00:00:00,0.738551974,12.8992015,0,0.0001,12.8992015,0
1993-10-24 00:00:00,0.705129981,12.90230155,0,0.0001,12.90230155,0
1993-10-25 00:00:00,0.674480021,12.9054016,0,0.0001,12.9054016,0
1993-10-26 00:00:00,0.643629014,12.90850164,0,0.0001,12.90850164,0
1993-10-27 00:00:00,0.61828202,12.91160169,0,0.0001,12.91160169,0
1993-10-28 00:00:00,0.588649988,12.91470174,0,0.0001,12.91470174,0
1993-10-29 00:00:00,0.561158001,12.91780178,0,0.0001,12.91780178,0
1993-10-30 00:00:00,0.53402698,12.92090183,0,0.0001,12.92090183,0
1993-10-31 00:00:00,0.508480012,12.92400188,0,0.0001,12.92400188,0
1993-11-01 00:00:00,0.485358,12.92710193,0,0.0001,12.92710193,0
1993-11-02 00:00:00,0.463402003,12.93020197,0,0.0001,12.93020197,0
1993-11-03 00:00:00,0.444703013,12.93330202,0,0.0001,12.93330202,0
1993-11-04 00:00:00,0.421705008,12.93640207,0,0.0001,12.93640207,0
1993-11-05 00:00:00,0.39664799,12.93950211,0,0.0001,12.93950211,0
1993-11-06 00:00:00,0.373504013,12.94260216,0,0.0001,12.94260216,0
1993-11-07 00:00:00,0.351918012,12.94570221,0,0.0001,12.94570221,0
1993-11-08 00:00:00,0.335817993,12.94880225,0,0.0001,12.94880225,0
1993-11-09 00:00:00,0.327118009,12.9519023,0,0.0001,12.9519023,0
1993-11-10 00:00:00,0.311140001,12.95500235,0,0.0001,12.95500235,0
1993-11-11 00:00:00,0.310822994,12.9581024,0,0.0001,12.9581024,0
1993-11-12 00:00:00,0.315782994,12.96120244,0,0.0001,12.96120244,0
1993-11-13 00:00:00,0.319301009,12.96430249,0,0.0001,12.96430249,0
1993-11-14 00:00:00,0.335225999,12.96740254,0,0.0001,12.96740254,0
1993-11-15 00:00:00,0.362269014,12.97050258,0,0.0001,12.97050258,0
1993-11-16 00:00:00,0.378033012,12.97360263,0,0.0001,12.97360263,0
1993-11-17 00:00:00,0.388478011,12.97670268,0,0.0001,12.97670268,0
1993-11-18 00:00:00,0.387418002,12.97980272,0,0.0001,12.97980272,0
1993-11-19 00:00:00,0.383608997,12.98290277,0,0.0001,12.98290277,0
1993-11-20 00:00:00,0.378257006,12.98600282,0,0.0001,12.98600282,0
1993-11-21 00:00:00,0.386628985,12.98910287,0,0.0001,12.98910287,0
1993-11-22 00:00:00,0.374155998,12.99220291,0,0.0001,12.99220291,0
1993-11-23 00:00:00,0.386992007,12.99530296,0,0.0001,12.99530296,0
1993-11-24 00:00:00,0.378919005,12.99840301,0,0.0001,12.99840301,0
1993-11-25 00:00:00,0.361422986,13.00150305,0,0.0001,13.00150305,0
1993-11-26 00:00:00,0.346089989,13.0046031,0,0.0001,13.0046031,0
1993-11-27 00:00:00,0.332464993,13.00770315,0,0.0001,13.00770315,0
1993-11-28 00:00:00,0.320663005,13.01080319,0,0.0001,13.01080319,0
1993-11-29 00:00:00,0.311188012,13.01390324,0,0.0001,13.01390324,0
1993-11-30 00:00:00,0.302908987,13.01700329,0,0.0001,13.01700329,0
1993-12-01 00:00:00,0.298307002,13.02010333,0,0.0001,13.02010333,0
1993-12-02 00:00:00,0.297277004,13.02320338,0,0.0001,13.02320338,0
1993-12-03 00:00:00,0.335841,13.02630343,0,0.0001,13.02630343,0
1993-12-04 00:00:00,0.442488015,13.02940348,0,0.0001,13.02940348,0
1993-12-05 00:00:00,0.539417028,13.03250352,0,0.0001,13.03250352,0
1993-12-06 00:00:00,0.609040022,13.03560357,0,0.0001,13.03560357,0
1993-12-07 00:00:00,0.665807009,13.03870362,0,0.0001,13.03870362,0
1993-12-08 00:00:00,0.720606983,13.04180366,0,0.0001,13.04180366,0
1993-12-09 00:00:00,0.798520029,13.04490371,0,0.0001,13.04490371,0
1993-12-10 00:00:00,0.871600986,13.04800376,0,0.0001,13.04800376,0
1993-12-11 00:00:00,0.961004019,13.0511038,0,0.0001,13.0511038,0
1993-12-12 00:00:00,1.022498965,13.05420385,0,0.0001,13.05420385,0
1993-12-13 00:00:00,1.053228974,13.0573039,0,0.0001,13.0573039,0
1993-12-14 00:00:00,1.045855045,13.06040395,0,0.0001,13.06040395,0
1993-12-15 00:00:00,1.019253969,13.06350399,0,0.0001,13.06350399,0
1993-12-16 00:00:00,0.99652499,13.06660404,0,0.0001,13.06660404,0
1993-12-17 00:00:00,0.964670002,13.06970409,0,0.0001,13.06970409,0
1993-12-18 00:00:00,0.927214026,13.07280413,0,0.0001,13.07280413,0
1993-12-19 00:00:00,0.968069971,13.07590418,0,0.0001,13.07590418,0
1993-12-20 00:00:00,1.091755033,13.07900423,0,0.0001,13.07900423,0
1993-12-21 00:00:00,1.17977798,13.08210427,0,0.0001,13.08210427,0
1993-12-22 00:00:00,1.224398017,13.08520432,0,0.0001,13.08520432,0
1993-12-23 00:00:00,1.243880033,13.08830437,0,0.0001,13.08830437,0
1993-12-24 00:00:00,1.234946966,13.09140442,0,0.0001,13.09140442,0
1993-12-25 00:00:00,1.211266994,13.09450446,0,0.0001,13.09450446,0
1993-12-26 00:00:00,1.222924948,13.09760451,0,0.0001,13.09760451,0
1993-12-27 00:00:00,1.18493104,13.10070456,0,0.0001,13.10070456,0
1993-12-28 00:00:00,1.154883981,13.1038046,0,0.0001,13.1038046,0
1993-12-29 00:00:00,1.122298956,13.10690465,0,0.0001,13.10690465,0
1993-12-30 00:00:00,1.117558956,13.1100047,0,0.0001,13.1100047,0
1993-12-31 00:00:00,1.155586958,13.11310474,0,0.0001,13.11310474,0
1994-01-01 00:00:00,1.180840969,13.11620479,0,0.0001,13.11620479,0
1994-01-02 00:00:00,1.21728003,13.11930484,0,0.0001,13.11930484,0
1994-01-03 00:00:00,1.226868033,13.12240488,0,0.0001,13.12240488,0
1994-01-04 00:00:00,1.241758943,13.12550493,0,0.0001,13.12550493,0
1994-01-05 00:00:00,1.289466977,13.12860498,0,0.0001,13.12860498,0
1994-01-06 00:00:00,1.414299011,13.13170503,0,0.0001,13.13170503,0
1994-01-07 00:00:00,1.557824016,13.13480507,0,0.0001,13.13480507,0
1994-01-08 00:00:00,1.71568799,13.13790512,0,0.0001,13.13790512,0
1994-01-09 00:00:00,1.813431025,13.14100517,0,0.0001,13.14100517,0
1994-01-10 00:00:00,1.832653046,13.14410521,0,0.0001,13.14410521,0
1994-01-11 00:00:00,1.814085007,13.14720526,0,0.0001,13.14720526,0
1994-01-12 00:00:00,1.777421951,13.15030531,0,0.0001,13.15030531,0
1994-01-13 00:00:00,1.809064031,13.15340535,0,0.0001,13.15340535,0
1994-01-14 00:00:00,1.859853029,13.1565054,0,0.0001,13.1565054,0
1994-01-15 00:00:00,1.871551991,13.15960545,0,0.0001,13.15960545,0
1994-01-16 00:00:00,1.831099987,13.1627055,0,0.0001,13.1627055,0
1994-01-17 00:00:00,1.742974997,13.16580554,0,0.0001,13.16580554,0
1994-01-18 00:00:00,1.689728022,13.16890559,0,0.0001,13.16890559,0
1994-01-19 00:00:00,1.706478953,13.17200564,0,0.0001,13.17200564,0
1994-01-20 00:00:00,1.709684014,13.17510568,0,0.0001,13.17510568,0
1994-01-21 00:00:00,1.685966969,13.17820573,0,0.0001,13.17820573,0
1994-01-22 00:00:00,1.652279019,13.18130578,0,0.0001,13.18130578,0
1994-01-23 00:00:00,1.639286041,13.18440582,0,0.0001,13.18440582,0
1994-01-24 00:00:00,1.644209027,13.18750587,0,0.0001,13.18750587,0
1994-01-25 00:00:00,1.633738041,13.19060592,0,0.0001,13.19060592,0
1994-01-26 00:00:00,1.62814796,13.19370597,0,0.0001,13.19370597,0
1994-01-27 00:00:00,1.645035982,13.19680601,0,0.0001,13.19680601,0
1994-01-28 00:00:00,1.711274981,13.19990606,0,0.0001,13.19990606,0
1994-01-29 00:00:00,1.75146699,13.20300611,0,0.0001,13.20300611,0
1994-01-30 00:00:00,1.758788943,13.20610615,0,0.0001,13.20610615,0
1994-01-31 00:00:00,1.755373955,13.2092062,0,0.0001,13.2092062,0
1994-02-01 00:00:00,1.714746952,13.21230625,0,0.0001,13.21230625,0
1994-02-02 00:00:00,1.719197989,13.21540629,0,0.0001,13.21540629,0
1994-02-03 00:00:00,1.780611038,13.21850634,0,0.0001,13.21850634,0
1994-02-04 00:00:00,1.78243804,13.22160639,0,0.0001,13.22160639,0
1994-02-05 00:00:00,1.729910016,13.22470643,0,0.0001,13.22470643,0
1994-02-06 00:00:00,1.645581007,13.22780648,0,0.0001,13.22780648,0
1994-02-07 00:00:00,1.569157958,13.23090653,0,0.0001,13.23090653,0
1994-02-08 00:00:00,1.482907057,13.23400658,0,0.0001,13.23400658,0
1994-02-09 00:00:00,1.404579997,13.23710662,0,0.0001,13.23710662,0
1994-02-10 00:00:00,1.36423099,13.24020667,0,0.0001,13.24020667,0
1994-02-11 00:00:00,1.324579954,13.24330672,0,0.0001,13.24330672,0
1994-02-12 00:00:00,1.27839601,13.24640676,0,0.0001,13.24640676,0
1994-02-13 00:00:00,1.224382997,13.24950681,0,0.0001,13.24950681,0
1994-02-14 00:00:00,1.154896975,13.25260686,0,0.0001,13.25260686,0
1994-02-15 00:00:00,1.086364031,13.2557069,0,0.0001,13.2557069,0
1994-02-16 00:00:00,1.020038962,13.25880695,0,0.0001,13.25880695,0
1994-02-17 00:00:00,0.959357977,13.261907,0,0.0001,13.261907,0
1994-02-18 00:00:00,0.901723981,13.26500705,0,0.0001,13.26500705,0
1994-02-19 00:00:00,0.84987402,13.26810709,0,0.0001,13.26810709,0
1994-02-20 00:00:00,0.804569006,13.27120714,0,0.0001,13.27120714,0
1994-02-21 00:00:00,0.762730002,13.27430719,0,0.0001,13.27430719,0
1994-02-22 00:00:00,0.739310026,13.27740723,0,0.0001,13.27740723,0
1994-02-23 00:00:00,0.707414985,13.28050728,0,0.0001,13.28050728,0
1994-02-24 00:00:00,0.671984971,13.28360733,0,0.0001,13.28360733,0
1994-02-25 00:00:00,0.642179012,13.28670737,0,0.0001,13.28670737,0
1994-02-26 00:00:00,0.624798,13.28980742,0,0.0001,13.28980742,0
1994-02-27 00:00:00,0.628506005,13.29290747,0,0.0001,13.29290747,0
1994-02-28 00:00:00,0.654892981,13.29600752,0,0.0001,13.29600752,0
1994-03-01 00:00:00,0.626922011,13.29910756,0,0.0001,13.29910756,0
1994-03-02 00:00:00,0.605690002,13.30220761,0,0.0001,13.30220761,0
1994-03-03 00:00:00,0.588837981,13.30530766,0,0.0001,13.30530766,0
1994-03-04 00:00:00,0.573405981,13.3084077,0,0.0001,13.3084077,0
1994-03-05 00:00:00,0.566906989,13.31150775,0,0.0001,13.31150775,0
1994-03-06 00:00:00,0.621393979,13.3146078,0,0.0001,13.3146078,0
1994-03-07 00:00:00,0.867152989,13.31770784,0,0.0001,13.31770784,0
1994-03-08 00:00:00,1.227875948,13.32080789,0,0.0001,13.32080789,0
1994-03-09 00:00:00,1.534849048,13.32390794,0,0.0001,13.32390794,0
1994-03-10 00:00:00,1.751644015,13.32700798,0,0.0001,13.32700798,0
1994-03-11 00:00:00,1.849923968,13.33010803,0,0.0001,13.33010803,0
1994-03-12 00:00:00,1.883681059,13.33320808,0,0.0001,13.33320808,0
1994-03-13 00:00:00,1.912242055,13.33630813,0,0.0001,13.33630813,0
1994-03-14 00:00:00,1.95569396,13.33940817,0,0.0001,13.33940817,0
1994-03-15 00:00:00,1.968906999,13.34250822,0,0.0001,13.34250822,0
1994-03-16 00:00:00,1.930297017,13.34560827,0,0.0001,13.34560827,0
1994-03-17 00:00:00,1.892204046,13.34870831,0,0.0001,13.34870831,0
1994-03-18 00:00:00,1.829485059,13.35180836,0,0.0001,13.35180836,0
1994-03-19 00:00:00,1.797222018,13.35490841,0,0.0001,13.35490841,0
1994-03-20 00:00:00,1.753648996,13.35800845,0,0.0001,13.35800845,0
1994-03-21 00:00:00,1.67403698,13.3611085,0,0.0001,13.3611085,0
1994-03-22 00:00:00,1.594521046,13.36420855,0,0.0001,13.36420855,0
1994-03-23 00:00:00,1.603801966,13.3673086,0,0.0001,13.3673086,0
1994-03-24 00:00:00,1.888286948,13.37040864,0,0.0001,13.37040864,0
1994-03-25 00:00:00,2.060936928,13.37350869,0,0.0001,13.37350869,0
1994-03-26 00:00:00,2.149677038,13.37660874,0,0.0001,13.37660874,0
1994-03-27 00:00:00,2.136989117,13.37970878,0,0.0001,13.37970878,0
1994-03-28 00:00:00,2.085688114,13.38280883,0,0.0001,13.38280883,0
1994-03-29 00:00:00,2.00655508,13.38590888,0,0.0001,13.38590888,0
1994-03-30 00:00:00,1.914926052,13.38900892,0,0.0001,13.38900892,0
1994-03-31 00:00:00,1.826488018,13.39210897,0,0.0001,13.39210897,0
1994-04-01 00:00:00,1.762897015,13.39520902,0,0.0001,13.39520902,0
1994-04-02 00:00:00,1.712116957,13.39830907,0,0.0001,13.39830907,0
1994-04-03 00:00:00,1.64547801,13.40140911,0,0.0001,13.40140911,0
1994-04-04 00:00:00,1.592102051,13.40450916,0,0.0001,13.40450916,0
1994-04-05 00:00:00,1.556779027,13.40760921,0,0.0001,13.40760921,0
1994-04-06 00:00:00,1.505506039,13.41070925,0,0.0001,13.41070925,0
1994-04-07 00:00:00,1.443838954,13.4138093,0,0.0001,13.4138093,0
1994-04-08 00:00:00,1.380668044,13.41690935,0,0.0001,13.41690935,0
1994-04-09 00:00:00,1.326822042,13.42000939,0,0.0001,13.42000939,0
1994-04-10 00:00:00,1.28728199,13.42310944,0,0.0001,13.42310944,0
1994-04-11 00:00:00,1.23536098,13.42620949,0,0.0001,13.42620949,0
1994-04-12 00:00:00,1.185771942,13.42930953,0,0.0001,13.42930953,0
1994-04-13 00:00:00,1.136463046,13.43240958,0,0.0001,13.43240958,0
1994-04-14 00:00:00,1.099334002,13.43550963,0,0.0001,13.43550963,0
1994-04-15 00:00:00,1.068096995,13.43860968,0,0.0001,13.43860968,0
1994-04-16 00:00:00,1.028517008,13.44170972,0,0.0001,13.44170972,0
1994-04-17 00:00:00,0.987217009,13.44480977,0,0.0001,13.44480977,0
1994-04-18 00:00:00,0.950003982,13.44790982,0,0.0001,13.44790982,0
1994-04-19 00:00:00,0.917590022,13.45100986,0,0.0001,13.45100986,0
1994-04-20 00:00:00,0.886829019,13.45410991,0,0.0001,13.45410991,0
1994-04-21 00:00:00,0.856675029,13.45720996,0,0.0001,13.45720996,0
1994-04-22 00:00:00,0.823697984,13.46031,0,0.0001,13.46031,0
1994-04-23 00:00:00,0.793711007,13.46341005,0,0.0001,13.46341005,0
1994-04-24 00:00:00,0.763796985,13.4665101,0,0.0001,13.4665101,0
1994-04-25 00:00:00,0.733533025,13.46961015,0,0.0001,13.46961015,0
1994-04-26 00:00:00,0.702642024,13.47271019,0,0.0001,13.47271019,0
1994-04-27 00:00:00,0.677587986,13.47581024,0,0.0001,13.47581024,0
1994-04-28 00:00:00,0.652523994,13.47891029,0,0.0001,13.47891029,0
1994-04-29 00:00:00,0.631102026,13.48201033,0,0.0001,13.48201033,0
1994-04-30 00:00:00,0.614054024,13.48511038,0,0.0001,13.48511038,0
1994-05-01 00:00:00,0.593125999,13.48821043,0,0.0001,13.48821043,0
1994-05-02 00:00:00,0.565912008,13.49131047,0,0.0001,13.49131047,0
1994-05-03 00:00:00,0.542617023,13.49441052,0,0.0001,13.49441052,0
1994-05-04 00:00:00,0.519195974,13.49751057,0,0.0001,13.49751057,0
1994-05-05 00:00:00,0.500011027,13.50061062,0,0.0001,13.50061062,0
1994-05-06 00:00:00,0.480531991,13.50371066,0,0.0001,13.50371066,0
1994-05-07 00:00:00,0.464774013,13.50681071,0,0.0001,13.50681071,0
1994-05-08 00:00:00,0.447030008,13.50991076,0,0.0001,13.50991076,0
1994-05-09 00:00:00,0.422955006,13.5130108,0,0.0001,13.5130108,0
1994-05-10 00:00:00,0.401843011,13.51611085,0,0.0001,13.51611085,0
1994-05-11 00:00:00,0.383769006,13.5192109,0,0.0001,13.5192109,0
1994-05-12 00:00:00,0.369444013,13.52231094,0,0.0001,13.52231094,0
1994-05-13 00:00:00,0.353951991,13.52541099,0,0.0001,13.52541099,0
1994-05-14 00:00:00,0.337525994,13.52851104,0,0.0001,13.52851104,0
1994-05-15 00:00:00,0.324701011,13.53161109,0,0.0001,13.53161109,0
1994-05-16 00:00:00,0.323917001,13.53471113,0,0.0001,13.53471113,0
1994-05-17 00:00:00,0.317687988,13.53781118,0,0.0001,13.53781118,0
1994-05-18 00:00:00,0.31278801,13.54091123,0,0.0001,13.54091123,0
1994-05-19 00:00:00,0.318679988,13.54401127,0,0.0001,13.54401127,0
1994-05-20 00:00:00,0.312337995,13.54711132,0,0.0001,13.54711132,0
1994-05-21 00:00:00,0.305370986,13.55021137,0,0.0001,13.55021137,0
1994-05-22 00:00:00,0.295123011,13.55331141,0,0.0001,13.55331141,0
1994-05-23 00:00:00,0.289613008,13.55641146,0,0.0001,13.55641146,0
1994-05-24 00:00:00,0.285127997,13.55951151,0,0.0001,13.55951151,0
1994-05-25 00:00:00,0.281387001,13.56261155,0,0.0001,13.56261155,0
1994-05-26 00:00:00,0.278701991,13.5657116,0,0.0001,13.5657116,0
1994-05-27 00:00:00,0.274475008,13.56881165,0,0.0001,13.56881165,0
1994-05-28 00:00:00,0.261628985,13.5719117,0,0.0001,13.5719117,0
1994-05-29 00:00:00,0.248631001,13.57501174,0,0.0001,13.57501174,0
1994-05-30 00:00:00,0.239223003,13.57811179,0,0.0001,13.57811179,0
1994-05-31 00:00:00,0.230221003,13.58121184,0,0.0001,13.58121184,0
1994-06-01 00:00:00,0.224759996,13.58431188,0,0.0001,13.58431188,0
1994-06-02 00:00:00,0.225847006,13.58741193,0,0.0001,13.58741193,0
1994-06-03 00:00:00,0.250362009,13.59051198,0,0.0001,13.59051198,0
1994-06-04 00:00:00,0.261049002,13.59361202,0,0.0001,13.59361202,0
1994-06-05 00:00:00,0.258671999,13.59671207,0,0.0001,13.59671207,0
1994-06-06 00:00:00,0.251571,13.59981212,0,0.0001,13.59981212,0
1994-06-07 00:00:00,0.244096994,13.60291217,0,0.0001,13.60291217,0
1994-06-08 00:00:00,0.236644,13.60601221,0,0.0001,13.60601221,0
1994-06-09 00:00:00,0.231985003,13.60911226,0,0.0001,13.60911226,0
1994-06-10 00:00:00,0.228084996,13.61221231,0,0.0001,13.61221231,0
1994-06-11 00:00:00,0.223847002,13.61531235,0,0.0001,13.61531235,0
1994-06-12 00:00:00,0.214839995,13.6184124,0,0.0001,13.6184124,0
1994-06-13 00:00:00,0.205792993,13.62151245,0,0.0001,13.62151245,0
1994-06-14 00:00:00,0.197863996,13.62461249,0,0.0001,13.62461249,0
1994-06-15 00:00:00,0.190234005,13.62771254,0,0.0001,13.62771254,0
1994-06-16 00:00:00,0.184003994,13.63081259,0,0.0001,13.63081259,0
1994-06-17 00:00:00,0.173364997,13.63391264,0,0.0001,13.63391264,0
1994-06-18 00:00:00,0.174089998,13.63701268,0,0.0001,13.63701268,0
1994-06-19 00:00:00,0.185206994,13.64011273,0,0.0001,13.64011273,0
1994-06-20 00:00:00,0.181786999,13.64321278,0,0.0001,13.64321278,0
1994-06-21 00:00:00,0.180154994,13.64631282,0,0.0001,13.64631282,0
1994-06-22 00:00:00,0.192883,13.64941287,0,0.0001,13.64941287,0
1994-06-23 00:00:00,0.188929006,13.65251292,0,0.0001,13.65251292,0
1994-06-24 00:00:00,0.182631001,13.65561296,0,0.0001,13.65561296,0
1994-06-25 00:00:00,0.181213006,13.65871301,0,0.0001,13.65871301,0
1994-06-26 00:00:00,0.175686002,13.66181306,0,0.0001,13.66181306,0
1994-06-27 00:00:00,0.169428006,13.6649131,0,0.0001,13.6649131,0
1994-06-28 00:00:00,0.166049004,13.66801315,0,0.0001,13.66801315,0
1994-06-29 00:00:00,0.172966003,13.6711132,0,0.0001,13.6711132,0
1994-06-30 00:00:00,0.176890001,13.67421325,0,0.0001,13.67421325,0
1994-07-01 00:00:00,0.171627,13.67731329,0,0.0001,13.67731329,0
1994-07-02 00:00:00,0.168430001,13.68041334,0,0.0001,13.68041334,0
1994-07-03 00:00:00,0.165601999,13.68351339,0,0.0001,13.68351339,0
1994-07-04 00:00:00,0.160569996,13.68661343,0,0.0001,13.68661343,0
1994-07-05 00:00:00,0.155197993,13.68971348,0,0.0001,13.68971348,0
1994-07-06 00:00:00,0.154911995,13.69281353,0,0.0001,13.69281353,0
1994-07-07 00:00:00,0.151322007,13.69591357,0,0.0001,13.69591357,0
1994-07-08 00:00:00,0.144312993,13.69901362,0,0.0001,13.69901362,0
1994-07-09 00:00:00,0.138237,13.70211367,0,0.0001,13.70211367,0
1994-07-10 00:00:00,0.133352995,13.70521372,0,0.0001,13.70521372,0
1994-07-11 00:00:00,0.132030994,13.70831376,0,0.0001,13.70831376,0
1994-07-12 00:00:00,0.130741,13.71141381,0,0.0001,13.71141381,0
1994-07-13 00:00:00,0.124906003,13.71451386,0,0.0001,13.71451386,0
1994-07-14 00:00:00,0.121464998,13.7176139,0,0.0001,13.7176139,0
1994-07-15 00:00:00,0.112694003,13.72071395,0,0.0001,13.72071395,0
1994-07-16 00:00:00,0.109637998,13.723814,0,0.0001,13.723814,0
1994-07-17 00:00:00,0.102715001,13.72691404,0,0.0001,13.72691404,0
1994-07-18 00:00:00,0.099536002,13.73001409,0,0.0001,13.73001409,0
1994-07-19 00:00:00,0.099109001,13.73311414,0,0.0001,13.73311414,0
1994-07-20 00:00:00,0.096331,13.73621419,0,0.0001,13.73621419,0
1994-07-21 00:00:00,0.093553998,13.73931423,0,0.0001,13.73931423,0
1994-07-22 00:00:00,0.090775996,13.74241428,0,0.0001,13.74241428,0
1994-07-23 00:00:00,0.087999001,13.74551433,0,0.0001,13.74551433,0
1994-07-24 00:00:00,0.085221,13.74861437,0,0.0001,13.74861437,0
1994-07-25 00:00:00,0.080770999,13.75171442,0,0.0001,13.75171442,0
1994-07-26 00:00:00,0.075926997,13.75481447,0,0.0001,13.75481447,0
1994-07-27 00:00:00,0.073486999,13.75791451,0,0.0001,13.75791451,0
1994-07-28 00:00:00,0.073652998,13.76101456,0,0.0001,13.76101456,0
1994-07-29 00:00:00,0.086015001,13.76411461,0,0.0001,13.76411461,0
1994-07-30 00:00:00,0.084813997,13.76721465,0,0.0001,13.76721465,0
1994-07-31 00:00:00,0.084292002,13.7703147,0,0.0001,13.7703147,0
1994-08-01 00:00:00,0.083260998,13.77341475,0,0.0001,13.77341475,0
1994-08-02 00:00:00,0.093206003,13.7765148,0,0.0001,13.7765148,0
1994-08-03 00:00:00,0.099003002,13.77961484,0,0.0001,13.77961484,0
1994-08-04 00:00:00,0.097236998,13.78271489,0,0.0001,13.78271489,0
1994-08-05 00:00:00,0.094618,13.78581494,0,0.0001,13.78581494,0
1994-08-06 00:00:00,0.088040002,13.78891498,0,0.0001,13.78891498,0
1994-08-07 00:00:00,0.081601001,13.79201503,0,0.0001,13.79201503,0
1994-08-08 00:00:00,0.08117,13.79511508,0,0.0001,13.79511508,0
1994-08-09 00:00:00,0.082929,13.79821512,0,0.0001,13.79821512,0
1994-08-10 00:00:00,0.085196003,13.80131517,0,0.0001,13.80131517,0
1994-08-11 00:00:00,0.086631998,13.80441522,0,0.0001,13.80441522,0
1994-08-12 00:00:00,0.087026998,13.80751527,0,0.0001,13.80751527,0
1994-08-13 00:00:00,0.108073004,13.81061531,0,0.0001,13.81061531,0
1994-08-14 00:00:00,0.108073004,13.81371536,0,0.0001,13.81371536,0
1994-08-15 00:00:00,0.109751999,13.81681541,0,0.0001,13.81681541,0
1994-08-16 00:00:00,0.107046001,13.81991545,0,0.0001,13.81991545,0
1994-08-17 00:00:00,0.107969001,13.8230155,0,0.0001,13.8230155,0
1994-08-18 00:00:00,0.126744002,13.82611555,0,0.0001,13.82611555,0
1994-08-19 00:00:00,0.136133,13.82921559,0,0.0001,13.82921559,0
1994-08-20 00:00:00,0.135793999,13.83231564,0,0.0001,13.83231564,0
1994-08-21 00:00:00,0.135397002,13.83541569,0,0.0001,13.83541569,0
1994-08-22 00:00:00,0.132939994,13.83851574,0,0.0001,13.83851574,0
1994-08-23 00:00:00,0.125962004,13.84161578,0,0.0001,13.84161578,0
1994-08-24 00:00:00,0.131799996,13.84471583,0,0.0001,13.84471583,0
1994-08-25 00:00:00,0.143980995,13.84781588,0,0.0001,13.84781588,0
1994-08-26 00:00:00,0.152770996,13.85091592,0,0.0001,13.85091592,0
1994-08-27 00:00:00,0.162656993,13.85401597,0,0.0001,13.85401597,0
1994-08-28 00:00:00,0.172542006,13.85711602,0,0.0001,13.85711602,0
1994-08-29 00:00:00,0.182427004,13.86021606,0,0.0001,13.86021606,0
1994-08-30 00:00:00,0.192313001,13.86331611,0,0.0001,13.86331611,0
1994-08-31 00:00:00,0.202197999,13.86641616,0,0.0001,13.86641616,0
1994-09-01 00:00:00,0.212082997,13.8695162,0,0.0001,13.8695162,0
1994-09-02 00:00:00,0.221967995,13.87261625,0,0.0001,13.87261625,0
1994-09-03 00:00:00,0.231854007,13.8757163,0,0.0001,13.8757163,0
1994-09-04 00:00:00,0.241739005,13.87881635,0,0.0001,13.87881635,0
1994-09-05 00:00:00,0.251623988,13.88191639,0,0.0001,13.88191639,0
1994-09-06 00:00:00,0.261510015,13.88501644,0,0.0001,13.88501644,0
1994-09-07 00:00:00,0.271394998,13.88811649,0,0.0001,13.88811649,0
1994-09-08 00:00:00,0.281280011,13.89121653,0,0.0001,13.89121653,0
1994-09-09 00:00:00,0.291164994,13.89431658,0,0.0001,13.89431658,0
1994-09-10 00:00:00,0.303534001,13.89741663,0,0.0001,13.89741663,0
1994-09-11 00:00:00,0.315775007,13.90051667,0,0.0001,13.90051667,0
1994-09-12 00:00:00,0.327924997,13.90361672,0,0.0001,13.90361672,0
1994-09-13 00:00:00,0.340074986,13.90671677,0,0.0001,13.90671677,0
1994-09-14 00:00:00,0.362513006,13.90981682,0,0.0001,13.90981682,0
1994-09-15 00:00:00,0.446853995,13.91291686,0,0.0001,13.91291686,0
1994-09-16 00:00:00,0.541540027,13.91601691,0,0.0001,13.91601691,0
1994-09-17 00:00:00,0.619418025,13.91911696,0,0.0001,13.91911696,0
1994-09-18 00:00:00,0.693094015,13.922217,0,0.0001,13.922217,0
1994-09-19 00:00:00,0.697808027,13.92531705,0,0.0001,13.92531705,0
1994-09-20 00:00:00,0.729942024,13.9284171,0,0.0001,13.9284171,0
1994-09-21 00:00:00,0.748130977,13.93151714,0,0.0001,13.93151714,0
1994-09-22 00:00:00,0.734620988,13.93461719,0,0.0001,13.93461719,0
1994-09-23 00:00:00,0.715848029,13.93771724,0,0.0001,13.93771724,0
1994-09-24 00:00:00,0.696533978,13.94081729,0,0.0001,13.94081729,0
1994-09-25 00:00:00,0.676141977,13.94391733,0,0.0001,13.94391733,0
1994-09-26 00:00:00,0.654134989,13.94701738,0,0.0001,13.94701738,0
1994-09-27 00:00:00,0.631807983,13.95011743,0,0.0001,13.95011743,0
1994-09-28 00:00:00,0.603640974,13.95321747,0,0.0001,13.95321747,0
1994-09-29 00:00:00,0.588187993,13.95631752,0,0.0001,13.95631752,0
1994-09-30 00:00:00,0.572308004,13.95941757,0,0.0001,13.95941757,0
1994-10-01 00:00:00,0.558794022,13.96251761,0,0.0001,13.96251761,0
1994-10-02 00:00:00,0.540454984,13.96561766,0,0.0001,13.96561766,0
1994-10-03 00:00:00,0.657706976,13.96871771,0,0.0001,13.96871771,0
1994-10-04 00:00:00,0.746357977,13.97181775,0,0.0001,13.97181775,0
1994-10-05 00:00:00,0.804977,13.9749178,0,0.0001,13.9749178,0
1994-10-06 00:00:00,0.836875975,13.97801785,0,0.0001,13.97801785,0
1994-10-07 00:00:00,0.83721298,13.9811179,0,0.0001,13.9811179,0
1994-10-08 00:00:00,0.832458019,13.98421794,0,0.0001,13.98421794,0
1994-10-09 00:00:00,0.815460026,13.98731799,0,0.0001,13.98731799,0
1994-10-10 00:00:00,0.787072003,13.99041804,0,0.0001,13.99041804,0
1994-10-11 00:00:00,0.753010988,13.99351808,0,0.0001,13.99351808,0
1994-10-12 00:00:00,0.713469028,13.99661813,0,0.0001,13.99661813,0
1994-10-13 00:00:00,0.673992991,13.99971818,0,0.0001,13.99971818,0
1994-10-14 00:00:00,0.640887976,14.00281822,0,0.0001,14.00281822,0
1994-10-15 00:00:00,0.606905997,14.00591827,0,0.0001,14.00591827,0
1994-10-16 00:00:00,0.575110018,14.00901832,0,0.0001,14.00901832,0
1994-10-17 00:00:00,0.547595024,14.01211837,0,0.0001,14.01211837,0
1994-10-18 00:00:00,0.520214021,14.01521841,0,0.0001,14.01521841,0
1994-10-19 00:00:00,0.496623993,14.01831846,0,0.0001,14.01831846,0
1994-10-20 00:00:00,0.471928,14.02141851,0,0.0001,14.02141851,0
1994-10-21 00:00:00,0.448929012,14.02451855,0,0.0001,14.02451855,0
1994-10-22 00:00:00,0.426795006,14.0276186,0,0.0001,14.0276186,0
1994-10-23 00:00:00,0.423999995,14.03071865,0,0.0001,14.03071865,0
1994-10-24 00:00:00,0.420884013,14.03381869,0,0.0001,14.03381869,0
1994-10-25 00:00:00,0.414000005,14.03691874,0,0.0001,14.03691874,0
1994-10-26 00:00:00,0.413578987,14.04001879,0,0.0001,14.04001879,0
1994-10-27 00:00:00,0.412321001,14.04311884,0,0.0001,14.04311884,0
1994-10-28 00:00:00,0.407887012,14.04621888,0,0.0001,14.04621888,0
1994-10-29 00:00:00,0.405831009,14.04931893,0,0.0001,14.04931893,0
1994-10-30 00:00:00,0.405313998,14.05241898,0,0.0001,14.05241898,0
1994-10-31 00:00:00,0.407900989,14.05551902,0,0.0001,14.05551902,0
1994-11-01 00:00:00,0.422939986,14.05861907,0,0.0001,14.05861907,0
1994-11-02 00:00:00,0.433964014,14.06171912,0,0.0001,14.06171912,0
1994-11-03 00:00:00,0.448578,14.06481916,0,0.0001,14.06481916,0
1994-11-04 00:00:00,0.449413002,14.06791921,0,0.0001,14.06791921,0
1994-11-05 00:00:00,0.447241992,14.07101926,0,0.0001,14.07101926,0
1994-11-06 00:00:00,0.446529001,14.0741193,0,0.0001,14.0741193,0
1994-11-07 00:00:00,0.445991993,14.07721935,0,0.0001,14.07721935,0
1994-11-08 00:00:00,0.440407991,14.0803194,0,0.0001,14.0803194,0
1994-11-09 00:00:00,0.429675013,14.08341945,0,0.0001,14.08341945,0
1994-11-10 00:00:00,0.421133995,14.08651949,0,0.0001,14.08651949,0
1994-11-11 00:00:00,0.413091004,14.08961954,0,0.0001,14.08961954,0
1994-11-12 00:00:00,0.410167992,14.09271959,0,0.0001,14.09271959,0
1994-11-13 00:00:00,0.399984002,14.09581963,0,0.0001,14.09581963,0
1994-11-14 00:00:00,0.426854014,14.09891968,0,0.0001,14.09891968,0
1994-11-15 00:00:00,0.477844,14.10201973,0,0.0001,14.10201973,0
1994-11-16 00:00:00,0.536752999,14.10511977,0,0.0001,14.10511977,0
1994-11-17 00:00:00,0.586017013,14.10821982,0,0.0001,14.10821982,0
1994-11-18 00:00:00,0.630078018,14.11131987,0,0.0001,14.11131987,0
1994-11-19 00:00:00,0.658638,14.11441992,0,0.0001,14.11441992,0
1994-11-20 00:00:00,0.695701003,14.11751996,0,0.0001,14.11751996,0
1994-11-21 00:00:00,0.760535002,14.12062001,0,0.0001,14.12062001,0
1994-11-22 00:00:00,0.799489975,14.12372006,0,0.0001,14.12372006,0
1994-11-23 00:00:00,0.825267017,14.1268201,0,0.0001,14.1268201,0
1994-11-24 00:00:00,0.835296988,14.12992015,0,0.0001,14.12992015,0
1994-11-25 00:00:00,0.829738975,14.1330202,0,0.0001,14.1330202,0
1994-11-26 00:00:00,0.812107027,14.13612024,0,0.0001,14.13612024,0
1994-11-27 00:00:00,0.793376029,14.13922029,0,0.0001,14.13922029,0
1994-11-28 00:00:00,0.766152978,14.14232034,0,0.0001,14.14232034,0
1994-11-29 00:00:00,0.740121007,14.14542039,0,0.0001,14.14542039,0
1994-11-30 00:00:00,0.715730011,14.14852043,0,0.0001,14.14852043,0
1994-12-01 00:00:00,0.690418005,14.15162048,0,0.0001,14.15162048,0
1994-12-02 00:00:00,0.665871024,14.15472053,0,0.0001,14.15472053,0
1994-12-03 00:00:00,0.641339004,14.15782057,0,0.0001,14.15782057,0
1994-12-04 00:00:00,0.624490976,14.16092062,0,0.0001,14.16092062,0
1994-12-05 00:00:00,0.622349977,14.16402067,0,0.0001,14.16402067,0
1994-12-06 00:00:00,0.624137998,14.16712071,0,0.0001,14.16712071,0
1994-12-07 00:00:00,0.627515018,14.17022076,0,0.0001,14.17022076,0
1994-12-08 00:00:00,0.636669993,14.17332081,0,0.0001,14.17332081,0
1994-12-09 00:00:00,0.673974991,14.17642085,0,0.0001,14.17642085,0
1994-12-10 00:00:00,0.702701986,14.1795209,0,0.0001,14.1795209,0
1994-12-11 00:00:00,0.730965972,14.18262095,0,0.0001,14.18262095,0
1994-12-12 00:00:00,0.763360023,14.185721,0,0.0001,14.185721,0
1994-12-13 00:00:00,0.791640997,14.18882104,0,0.0001,14.18882104,0
1994-12-14 00:00:00,0.80002898,14.19192109,0,0.0001,14.19192109,0
1994-12-15 00:00:00,0.794728994,14.19502114,0,0.0001,14.19502114,0
1994-12-16 00:00:00,0.780206978,14.19812118,0,0.0001,14.19812118,0
1994-12-17 00:00:00,0.763781011,14.20122123,0,0.0001,14.20122123,0
1994-12-18 00:00:00,0.743502975,14.20432128,0,0.0001,14.20432128,0
1994-12-19 00:00:00,0.730518997,14.20742132,0,0.0001,14.20742132,0
1994-12-20 00:00:00,0.739109993,14.21052137,0,0.0001,14.21052137,0
1994-12-21 00:00:00,0.739726007,14.21362142,0,0.0001,14.21362142,0
1994-12-22 00:00:00,0.732465029,14.21672147,0,0.0001,14.21672147,0
1994-12-23 00:00:00,0.71232301,14.21982151,0,0.0001,14.21982151,0
1994-12-24 00:00:00,0.688432992,14.22292156,0,0.0001,14.22292156,0
1994-12-25 00:00:00,0.665520012,14.22602161,0,0.0001,14.22602161,0
1994-12-26 00:00:00,0.648339987,14.22912165,0,0.0001,14.22912165,0
1994-12-27 00:00:00,0.655385017,14.2322217,0,0.0001,14.2322217,0
1994-12-28 00:00:00,0.66635102,14.23532175,0,0.0001,14.23532175,0
1994-12-29 00:00:00,0.72252202,14.23842179,0,0.0001,14.23842179,0
1994-12-30 00:00:00,0.819477975,14.24152184,0,0.0001,14.24152184,0
1994-12-31 00:00:00,0.930314004,14.24462189,0,0.0001,14.24462189,0
1995-01-01 00:00:00,1.003290057,14.24772194,0,0.0001,14.24772194,0
1995-01-02 00:00:00,1.044125676,14.25082198,0,0.0001,14.25082198,0
1995-01-03 00:00:00,1.037208676,14.25392203,0,0.0001,14.25392203,0
1995-01-04 00:00:00,1.011768579,14.25702208,0,0.0001,14.25702208,0
1995-01-05 00:00:00,0.965981841,14.26012212,0,0.0001,14.26012212,0
1995-01-06 00:00:00,0.909800231,14.26322217,0,0.0001,14.26322217,0
1995-01-07 00:00:00,0.854444027,14.26632222,0,0.0001,14.26632222,0
1995-01-08 00:00:00,0.810131729,14.26942226,0,0.0001,14.26942226,0
1995-01-09 00:00:00,0.789690316,14.27252231,0,0.0001,14.27252231,0
1995-01-10 00:00:00,0.836746275,14.27562236,0,0.0001,14.27562236,0
1995-01-11 00:00:00,0.882412016,14.2787224,0,0.0001,14.2787224,0
1995-01-12 00:00:00,0.888616741,14.28182245,0,0.0001,14.28182245,0
1995-01-13 00:00:00,0.861757457,14.2849225,0,0.0001,14.2849225,0
1995-01-14 00:00:00,0.82473135,14.28802255,0,0.0001,14.28802255,0
1995-01-15 00:00:00,0.805082381,14.29112259,0,0.0001,14.29112259,0
1995-01-16 00:00:00,0.78075254,14.29422264,0,0.0001,14.29422264,0
1995-01-17 00:00:00,0.758657396,14.29732269,0,0.0001,14.29732269,0
1995-01-18 00:00:00,0.743178785,14.30042273,0,0.0001,14.30042273,0
1995-01-19 00:00:00,0.788286328,14.30352278,0,0.0001,14.30352278,0
1995-01-20 00:00:00,0.850600719,14.30662283,0,0.0001,14.30662283,0
1995-01-21 00:00:00,0.966139793,14.30972287,0,0.0001,14.30972287,0
1995-01-22 00:00:00,1.102335453,14.31282292,0,0.0001,14.31282292,0
1995-01-23 00:00:00,1.266586065,14.31592297,0,0.0001,14.31592297,0
1995-01-24 00:00:00,1.448751569,14.31902302,0,0.0001,14.31902302,0
1995-01-25 00:00:00,1.598898172,14.32212306,0,0.0001,14.32212306,0
1995-01-26 00:00:00,1.664431095,14.32522311,0,0.0001,14.32522311,0
1995-01-27 00:00:00,1.651844382,14.32832316,0,0.0001,14.32832316,0
1995-01-28 00:00:00,1.611257553,14.3314232,0,0.0001,14.3314232,0
1995-01-29 00:00:00,1.569055796,14.33452325,0,0.0001,14.33452325,0
1995-01-30 00:00:00,1.50300467,14.3376233,0,0.0001,14.3376233,0
1995-01-31 00:00:00,1.426499605,14.34072334,0,0.0001,14.34072334,0
1995-02-01 00:00:00,1.490772009,14.34382339,0,0.0001,14.34382339,0
1995-02-02 00:00:00,1.677754402,14.34692344,0,0.0001,14.34692344,0
1995-02-03 00:00:00,1.794172525,14.35002349,0,0.0001,14.35002349,0
1995-02-04 00:00:00,1.839464426,14.35312353,0,0.0001,14.35312353,0
1995-02-05 00:00:00,1.837278485,14.35622358,0,0.0001,14.35622358,0
1995-02-06 00:00:00,1.795567513,14.35932363,0,0.0001,14.35932363,0
1995-02-07 00:00:00,1.762091398,14.36242367,0,0.0001,14.36242367,0
1995-02-08 00:00:00,1.704961538,14.36552372,0,0.0001,14.36552372,0
1995-02-09 00:00:00,1.620963216,14.36862377,0,0.0001,14.36862377,0
1995-02-10 00:00:00,1.525064707,14.37172381,0,0.0001,14.37172381,0
1995-02-11 00:00:00,1.440128565,14.37482386,0,0.0001,14.37482386,0
1995-02-12 00:00:00,1.393780589,14.37792391,0,0.0001,14.37792391,0
1995-02-13 00:00:00,1.365509033,14.38102395,0,0.0001,14.38102395,0
1995-02-14 00:00:00,1.34589982,14.384124,0,0.0001,14.384124,0
1995-02-15 00:00:00,1.337799072,14.38722405,0,0.0001,14.38722405,0
1995-02-16 00:00:00,1.354774475,14.3903241,0,0.0001,14.3903241,0
1995-02-17 00:00:00,1.409471512,14.39342414,0,0.0001,14.39342414,0
1995-02-18 00:00:00,1.465499878,14.39652419,0,0.0001,14.39652419,0
1995-02-19 00:00:00,1.489052534,14.39962424,0,0.0001,14.39962424,0
1995-02-20 00:00:00,1.507707715,14.40272428,0,0.0001,14.40272428,0
1995-02-21 00:00:00,1.530192733,14.40582433,0,0.0001,14.40582433,0
1995-02-22 00:00:00,1.545727015,14.40892438,0,0.0001,14.40892438,0
1995-02-23 00:00:00,1.556324959,14.41202442,0,0.0001,14.41202442,0
1995-02-24 00:00:00,1.574140668,14.41512447,0,0.0001,14.41512447,0
1995-02-25 00:00:00,1.559006572,14.41822452,0,0.0001,14.41822452,0
1995-02-26 00:00:00,1.51764822,14.42132457,0,0.0001,14.42132457,0
1995-02-27 00:00:00,1.484169006,14.42442461,0,0.0001,14.42442461,0
1995-02-28 00:00:00,1.477097392,14.42752466,0,0.0001,14.42752466,0
1995-03-01 00:00:00,1.506258607,14.43062471,0,0.0001,14.43062471,0
1995-03-02 00:00:00,1.667350173,14.43372475,0,0.0001,14.43372475,0
1995-03-03 00:00:00,1.835882306,14.4368248,0,0.0001,14.4368248,0
1995-03-04 00:00:00,1.948274612,14.43992485,0,0.0001,14.43992485,0
1995-03-05 00:00:00,1.996265411,14.44302489,0,0.0001,14.44302489,0
1995-03-06 00:00:00,2.000347376,14.44612494,0,0.0001,14.44612494,0
1995-03-07 00:00:00,1.957331657,14.44922499,0,0.0001,14.44922499,0
1995-03-08 00:00:00,1.892705441,14.45232504,0,0.0001,14.45232504,0
1995-03-09 00:00:00,1.835409522,14.45542508,0,0.0001,14.45542508,0
1995-03-10 00:00:00,1.760780454,14.45852513,0,0.0001,14.45852513,0
1995-03-11 00:00:00,1.683408141,14.46162518,0,0.0001,14.46162518,0
1995-03-12 00:00:00,1.601394415,14.46472522,0,0.0001,14.46472522,0
1995-03-13 00:00:00,1.519695282,14.46782527,0,0.0001,14.46782527,0
1995-03-14 00:00:00,1.438612103,14.47092532,0,0.0001,14.47092532,0
1995-03-15 00:00:00,1.363291979,14.47402536,0,0.0001,14.47402536,0
1995-03-16 00:00:00,1.296463847,14.47712541,0,0.0001,14.47712541,0
1995-03-17 00:00:00,1.251016617,14.48022546,0,0.0001,14.48022546,0
1995-03-18 00:00:00,1.239280462,14.4833255,0,0.0001,14.4833255,0
1995-03-19 00:00:00,1.225053906,14.48642555,0,0.0001,14.48642555,0
1995-03-20 00:00:00,1.208635926,14.4895256,0,0.0001,14.4895256,0
1995-03-21 00:00:00,1.183590889,14.49262565,0,0.0001,14.49262565,0
1995-03-22 00:00:00,1.140031338,14.49572569,0,0.0001,14.49572569,0
1995-03-23 00:00:00,1.101012468,14.49882574,0,0.0001,14.49882574,0
1995-03-24 00:00:00,1.066438317,14.50192579,0,0.0001,14.50192579,0
1995-03-25 00:00:00,1.068384409,14.50502583,0,0.0001,14.50502583,0
1995-03-26 00:00:00,1.045918107,14.50812588,0,0.0001,14.50812588,0
1995-03-27 00:00:00,1.02907455,14.51122593,0,0.0001,14.51122593,0
1995-03-28 00:00:00,0.998857439,14.51432597,0,0.0001,14.51432597,0
1995-03-29 00:00:00,0.968231201,14.51742602,0,0.0001,14.51742602,0
1995-03-30 00:00:00,0.932496011,14.52052607,0,0.0001,14.52052607,0
1995-03-31 00:00:00,0.913106263,14.52362612,0,0.0001,14.52362612,0
1995-04-01 00:00:00,0.90109247,14.52672616,0,0.0001,14.52672616,0
1995-04-02 00:00:00,0.878831446,14.52982621,0,0.0001,14.52982621,0
1995-04-03 00:00:00,0.86630255,14.53292626,0,0.0001,14.53292626,0
1995-04-04 00:00:00,0.849125266,14.5360263,0,0.0001,14.5360263,0
1995-04-05 00:00:00,0.832366645,14.53912635,0,0.0001,14.53912635,0
1995-04-06 00:00:00,0.839736879,14.5422264,0,0.0001,14.5422264,0
1995-04-07 00:00:00,0.853968263,14.54532644,0,0.0001,14.54532644,0
1995-04-08 00:00:00,0.868540227,14.54842649,0,0.0001,14.54842649,0
1995-04-09 00:00:00,0.862671852,14.55152654,0,0.0001,14.55152654,0
1995-04-10 00:00:00,0.844603896,14.55462659,0,0.0001,14.55462659,0
1995-04-11 00:00:00,0.818231881,14.55772663,0,0.0001,14.55772663,0
1995-04-12 00:00:00,0.788579702,14.56082668,0,0.0001,14.56082668,0
1995-04-13 00:00:00,0.758916259,14.56392673,0,0.0001,14.56392673,0
1995-04-14 00:00:00,0.723700047,14.56702677,0,0.0001,14.56702677,0
1995-04-15 00:00:00,0.700262845,14.57012682,0,0.0001,14.57012682,0
1995-04-16 00:00:00,0.680853486,14.57322687,0,0.0001,14.57322687,0
1995-04-17 00:00:00,0.659013271,14.57632691,0,0.0001,14.57632691,0
1995-04-18 00:00:00,0.648683667,14.57942696,0,0.0001,14.57942696,0
1995-04-19 00:00:00,0.642941833,14.58252701,0,0.0001,14.58252701,0
1995-04-20 00:00:00,0.628182471,14.58562705,0,0.0001,14.58562705,0
1995-04-21 00:00:00,0.608664513,14.5887271,0,0.0001,14.5887271,0
1995-04-22 00:00:00,0.594801664,14.59182715,0,0.0001,14.59182715,0
1995-04-23 00:00:00,0.568672419,14.5949272,0,0.0001,14.5949272,0
1995-04-24 00:00:00,0.550942242,14.59802724,0,0.0001,14.59802724,0
1995-04-25 00:00:00,0.534122407,14.60112729,0,0.0001,14.60112729,0
1995-04-26 00:00:00,0.518494964,14.60422734,0,0.0001,14.60422734,0
1995-04-27 00:00:00,0.503824532,14.60732738,0,0.0001,14.60732738,0
1995-04-28 00:00:00,0.488257349,14.61042743,0,0.0001,14.61042743,0
1995-04-29 00:00:00,0.473306328,14.61352748,0,0.0001,14.61352748,0
1995-04-30 00:00:00,0.461138636,14.61662752,0,0.0001,14.61662752,0
1995-05-01 00:00:00,0.447987616,14.61972757,0,0.0001,14.61972757,0
1995-05-02 00:00:00,0.43208763,14.62282762,0,0.0001,14.62282762,0
1995-05-03 00:00:00,0.415611506,14.62592767,0,0.0001,14.62592767,0
1995-05-04 00:00:00,0.401627928,14.62902771,0,0.0001,14.62902771,0
1995-05-05 00:00:00,0.385708094,14.63212776,0,0.0001,14.63212776,0
1995-05-06 00:00:00,0.367713928,14.63522781,0,0.0001,14.63522781,0
1995-05-07 00:00:00,0.355131924,14.63832785,0,0.0001,14.63832785,0
1995-05-08 00:00:00,0.369612515,14.6414279,0,0.0001,14.6414279,0
1995-05-09 00:00:00,0.374122232,14.64452795,0,0.0001,14.64452795,0
1995-05-10 00:00:00,0.369372725,14.64762799,0,0.0001,14.64762799,0
1995-05-11 00:00:00,0.355292141,14.65072804,0,0.0001,14.65072804,0
1995-05-12 00:00:00,0.345552742,14.65382809,0,0.0001,14.65382809,0
1995-05-13 00:00:00,0.331311613,14.65692814,0,0.0001,14.65692814,0
1995-05-14 00:00:00,0.318036437,14.66002818,0,0.0001,14.66002818,0
1995-05-15 00:00:00,0.304441124,14.66312823,0,0.0001,14.66312823,0
1995-05-16 00:00:00,0.294788778,14.66622828,0,0.0001,14.66622828,0
1995-05-17 00:00:00,0.292574376,14.66932832,0,0.0001,14.66932832,0
1995-05-18 00:00:00,0.295031965,14.67242837,0,0.0001,14.67242837,0
1995-05-19 00:00:00,0.294136167,14.67552842,0,0.0001,14.67552842,0
1995-05-20 00:00:00,0.29804045,14.67862846,0,0.0001,14.67862846,0
1995-05-21 00:00:00,0.293614298,14.68172851,0,0.0001,14.68172851,0
1995-05-22 00:00:00,0.285433203,14.68482856,0,0.0001,14.68482856,0
1995-05-23 00:00:00,0.282000571,14.6879286,0,0.0001,14.6879286,0
1995-05-24 00:00:00,0.27819714,14.69102865,0,0.0001,14.69102865,0
1995-05-25 00:00:00,0.269322604,14.6941287,0,0.0001,14.6941287,0
1995-05-26 00:00:00,0.262878925,14.69722875,0,0.0001,14.69722875,0
1995-05-27 00:00:00,0.261273146,14.70032879,0,0.0001,14.70032879,0
1995-05-28 00:00:00,0.273121417,14.70342884,0,0.0001,14.70342884,0
1995-05-29 00:00:00,0.284814566,14.70652889,0,0.0001,14.70652889,0
1995-05-30 00:00:00,0.316579431,14.70962893,0,0.0001,14.70962893,0
1995-05-31 00:00:00,0.316740364,14.71272898,0,0.0001,14.71272898,0
1995-06-01 00:00:00,0.320015371,14.71582903,0,0.0001,14.71582903,0
1995-06-02 00:00:00,0.324937642,14.71892907,0,0.0001,14.71892907,0
1995-06-03 00:00:00,0.321505219,14.72202912,0,0.0001,14.72202912,0
1995-06-04 00:00:00,0.318908006,14.72512917,0,0.0001,14.72512917,0
1995-06-05 00:00:00,0.308401734,14.72822922,0,0.0001,14.72822922,0
1995-06-06 00:00:00,0.296924382,14.73132926,0,0.0001,14.73132926,0
1995-06-07 00:00:00,0.291124374,14.73442931,0,0.0001,14.73442931,0
1995-06-08 00:00:00,0.312223554,14.73752936,0,0.0001,14.73752936,0
1995-06-09 00:00:00,0.324167132,14.7406294,0,0.0001,14.7406294,0
1995-06-10 00:00:00,0.322146803,14.74372945,0,0.0001,14.74372945,0
1995-06-11 00:00:00,0.320781827,14.7468295,0,0.0001,14.7468295,0
1995-06-12 00:00:00,0.318066061,14.74992954,0,0.0001,14.74992954,0
1995-06-13 00:00:00,0.319323361,14.75302959,0,0.0001,14.75302959,0
1995-06-14 00:00:00,0.353950113,14.75612964,0,0.0001,14.75612964,0
1995-06-15 00:00:00,0.376028806,14.75922969,0,0.0001,14.75922969,0
1995-06-16 00:00:00,0.370684981,14.76232973,0,0.0001,14.76232973,0
1995-06-17 00:00:00,0.36836943,14.76542978,0,0.0001,14.76542978,0
1995-06-18 00:00:00,0.362435192,14.76852983,0,0.0001,14.76852983,0
1995-06-19 00:00:00,0.345313728,14.77162987,0,0.0001,14.77162987,0
1995-06-20 00:00:00,0.33552295,14.77472992,0,0.0001,14.77472992,0
1995-06-21 00:00:00,0.334132999,14.77782997,0,0.0001,14.77782997,0
1995-06-22 00:00:00,0.325035244,14.78093001,0,0.0001,14.78093001,0
1995-06-23 00:00:00,0.311448276,14.78403006,0,0.0001,14.78403006,0
1995-06-24 00:00:00,0.301344901,14.78713011,0,0.0001,14.78713011,0
1995-06-25 00:00:00,0.290020794,14.79023016,0,0.0001,14.79023016,0
1995-06-26 00:00:00,0.276022792,14.7933302,0,0.0001,14.7933302,0
1995-06-27 00:00:00,0.265776932,14.79643025,0,0.0001,14.79643025,0
1995-06-28 00:00:00,0.246961802,14.7995303,0,0.0001,14.7995303,0
1995-06-29 00:00:00,0.22855106,14.80263034,0,0.0001,14.80263034,0
1995-06-30 00:00:00,0.211601213,14.80573039,0,0.0001,14.80573039,0
1995-07-01 00:00:00,0.199793875,14.80883044,0,0.0001,14.80883044,0
1995-07-02 00:00:00,0.190575033,14.81193048,0,0.0001,14.81193048,0
1995-07-03 00:00:00,0.18297109,14.81503053,0,0.0001,14.81503053,0
1995-07-04 00:00:00,0.176225469,14.81813058,0,0.0001,14.81813058,0
1995-07-05 00:00:00,0.167089581,14.82123062,0,0.0001,14.82123062,0
1995-07-06 00:00:00,0.160941705,14.82433067,0,0.0001,14.82433067,0
1995-07-07 00:00:00,0.158908725,14.82743072,0,0.0001,14.82743072,0
1995-07-08 00:00:00,0.15722324,14.83053077,0,0.0001,14.83053077,0
1995-07-09 00:00:00,0.156384438,14.83363081,0,0.0001,14.83363081,0
1995-07-10 00:00:00,0.164770067,14.83673086,0,0.0001,14.83673086,0
1995-07-11 00:00:00,0.159694254,14.83983091,0,0.0001,14.83983091,0
1995-07-12 00:00:00,0.154481813,14.84293095,0,0.0001,14.84293095,0
1995-07-13 00:00:00,0.148990273,14.846031,0,0.0001,14.846031,0
1995-07-14 00:00:00,0.148618594,14.84913105,0,0.0001,14.84913105,0
1995-07-15 00:00:00,0.146967888,14.85223109,0,0.0001,14.85223109,0
1995-07-16 00:00:00,0.146863058,14.85533114,0,0.0001,14.85533114,0
1995-07-17 00:00:00,0.151599556,14.85843119,0,0.0001,14.85843119,0
1995-07-18 00:00:00,0.147854507,14.86153124,0,0.0001,14.86153124,0
1995-07-19 00:00:00,0.139959022,14.86463128,0,0.0001,14.86463128,0
1995-07-20 00:00:00,0.134806424,14.86773133,0,0.0001,14.86773133,0
1995-07-21 00:00:00,0.132255018,14.87083138,0,0.0001,14.87083138,0
1995-07-22 00:00:00,0.125540048,14.87393142,0,0.0001,14.87393142,0
1995-07-23 00:00:00,0.115597986,14.87703147,0,0.0001,14.87703147,0
1995-07-24 00:00:00,0.110546626,14.88013152,0,0.0001,14.88013152,0
1995-07-25 00:00:00,0.1043915,14.88323156,0,0.0001,14.88323156,0
1995-07-26 00:00:00,0.102857687,14.88633161,0,0.0001,14.88633161,0
1995-07-27 00:00:00,0.101034604,14.88943166,0,0.0001,14.88943166,0
1995-07-28 00:00:00,0.097106844,14.89253171,0,0.0001,14.89253171,0
1995-07-29 00:00:00,0.09710969,14.89563175,0,0.0001,14.89563175,0
1995-07-30 00:00:00,0.096558586,14.8987318,0,0.0001,14.8987318,0
1995-07-31 00:00:00,0.094862945,14.90183185,0,0.0001,14.90183185,0
1995-08-01 00:00:00,0.091609657,14.90493189,0,0.0001,14.90493189,0
1995-08-02 00:00:00,0.08839158,14.90803194,0,0.0001,14.90803194,0
1995-08-03 00:00:00,0.080985643,14.91113199,0,0.0001,14.91113199,0
1995-08-04 00:00:00,0.077656753,14.91423203,0,0.0001,14.91423203,0
1995-08-05 00:00:00,0.077036448,14.91733208,0,0.0001,14.91733208,0
1995-08-06 00:00:00,0.073716208,14.92043213,0,0.0001,14.92043213,0
1995-08-07 00:00:00,0.067592822,14.92353217,0,0.0001,14.92353217,0
1995-08-08 00:00:00,0.064440496,14.92663222,0,0.0001,14.92663222,0
1995-08-09 00:00:00,0.060095798,14.92973227,0,0.0001,14.92973227,0
1995-08-10 00:00:00,0.054697603,14.93283232,0,0.0001,14.93283232,0
1995-08-11 00:00:00,0.05468512,14.93593236,0,0.0001,14.93593236,0
1995-08-12 00:00:00,0.054151088,14.93903241,0,0.0001,14.93903241,0
1995-08-13 00:00:00,0.052392222,14.94213246,0,0.0001,14.94213246,0
1995-08-14 00:00:00,0.047968879,14.9452325,0,0.0001,14.9452325,0
1995-08-15 00:00:00,0.043387458,14.94833255,0,0.0001,14.94833255,0
1995-08-16 00:00:00,0.042291973,14.9514326,0,0.0001,14.9514326,0
1995-08-17 00:00:00,0.04307862,14.95453264,0,0.0001,14.95453264,0
1995-08-18 00:00:00,0.043120366,14.95763269,0,0.0001,14.95763269,0
1995-08-19 00:00:00,0.042624947,14.96073274,0,0.0001,14.96073274,0
1995-08-20 00:00:00,0.042491183,14.96383279,0,0.0001,14.96383279,0
1995-08-21 00:00:00,0.043316957,14.96693283,0,0.0001,14.96693283,0
1995-08-22 00:00:00,0.043306623,14.97003288,0,0.0001,14.97003288,0
1995-08-23 00:00:00,0.048398487,14.97313293,0,0.0001,14.97313293,0
1995-08-24 00:00:00,0.05955644,14.97623297,0,0.0001,14.97623297,0
1995-08-25 00:00:00,0.07418023,14.97933302,0,0.0001,14.97933302,0
1995-08-26 00:00:00,0.102015324,14.98243307,0,0.0001,14.98243307,0
1995-08-27 00:00:00,0.097015508,14.98553311,0,0.0001,14.98553311,0
1995-08-28 00:00:00,0.09852238,14.98863316,0,0.0001,14.98863316,0
1995-08-29 00:00:00,0.094216779,14.99173321,0,0.0001,14.99173321,0
1995-08-30 00:00:00,0.088175423,14.99483326,0,0.0001,14.99483326,0
1995-08-31 00:00:00,0.08395233,14.9979333,0,0.0001,14.9979333,0
1995-09-01 00:00:00,0.078933872,15.00103335,0,0.0001,15.00103335,0
1995-09-02 00:00:00,0.079459183,15.0041334,0,0.0001,15.0041334,0
1995-09-03 00:00:00,0.08103545,15.00723344,0,0.0001,15.00723344,0
1995-09-04 00:00:00,0.10444472,15.01033349,0,0.0001,15.01033349,0
1995-09-05 00:00:00,0.108940005,15.01343354,0,0.0001,15.01343354,0
1995-09-06 00:00:00,0.111075863,15.01653358,0,0.0001,15.01653358,0
1995-09-07 00:00:00,0.114743762,15.01963363,0,0.0001,15.01963363,0
1995-09-08 00:00:00,0.117638782,15.02273368,0,0.0001,15.02273368,0
1995-09-09 00:00:00,0.117888063,15.02583372,0,0.0001,15.02583372,0
1995-09-10 00:00:00,0.129711926,15.02893377,0,0.0001,15.02893377,0
1995-09-11 00:00:00,0.13307564,15.03203382,0,0.0001,15.03203382,0
1995-09-12 00:00:00,0.152421966,15.03513387,0,0.0001,15.03513387,0
1995-09-13 00:00:00,0.156220555,15.03823391,0,0.0001,15.03823391,0
1995-09-14 00:00:00,0.172766313,15.04133396,0,0.0001,15.04133396,0
1995-09-15 00:00:00,0.189372525,15.04443401,0,0.0001,15.04443401,0
1995-09-16 00:00:00,0.189481735,15.04753405,0,0.0001,15.04753405,0
1995-09-17 00:00:00,0.204731584,15.0506341,0,0.0001,15.0506341,0
1995-09-18 00:00:00,0.211592749,15.05373415,0,0.0001,15.05373415,0
1995-09-19 00:00:00,0.214424148,15.05683419,0,0.0001,15.05683419,0
1995-09-20 00:00:00,0.211923942,15.05993424,0,0.0001,15.05993424,0
1995-09-21 00:00:00,0.208134502,15.06303429,0,0.0001,15.06303429,0
1995-09-22 00:00:00,0.207979664,15.06613434,0,0.0001,15.06613434,0
1995-09-23 00:00:00,0.203869879,15.06923438,0,0.0001,15.06923438,0
1995-09-24 00:00:00,0.196431965,15.07233443,0,0.0001,15.07233443,0
1995-09-25 00:00:00,0.190138727,15.07543448,0,0.0001,15.07543448,0
1995-09-26 00:00:00,0.191897497,15.07853452,0,0.0001,15.07853452,0
1995-09-27 00:00:00,0.193766445,15.08163457,0,0.0001,15.08163457,0
1995-09-28 00:00:00,0.19288595,15.08473462,0,0.0001,15.08473462,0
1995-09-29 00:00:00,0.19259499,15.08783466,0,0.0001,15.08783466,0
1995-09-30 00:00:00,0.193954766,15.09093471,0,0.0001,15.09093471,0
1995-10-01 00:00:00,0.19071123,15.09403476,0,0.0001,15.09403476,0
1995-10-02 00:00:00,0.191289812,15.09713481,0,0.0001,15.09713481,0
1995-10-03 00:00:00,0.189026251,15.10023485,0,0.0001,15.10023485,0
1995-10-04 00:00:00,0.189997107,15.1033349,0,0.0001,15.1033349,0
1995-10-05 00:00:00,0.195432708,15.10643495,0,0.0001,15.10643495,0
1995-10-06 00:00:00,0.200698584,15.10953499,0,0.0001,15.10953499,0
1995-10-07 00:00:00,0.201760918,15.11263504,0,0.0001,15.11263504,0
1995-10-08 00:00:00,0.202123031,15.11573509,0,0.0001,15.11573509,0
1995-10-09 00:00:00,0.201067284,15.11883513,0,0.0001,15.11883513,0
1995-10-10 00:00:00,0.199529931,15.12193518,0,0.0001,15.12193518,0
1995-10-11 00:00:00,0.198430791,15.12503523,0,0.0001,15.12503523,0
1995-10-12 00:00:00,0.196178347,15.12813527,0,0.0001,15.12813527,0
1995-10-13 00:00:00,0.193835586,15.13123532,0,0.0001,15.13123532,0
1995-10-14 00:00:00,0.192065403,15.13433537,0,0.0001,15.13433537,0
1995-10-15 00:00:00,0.192018911,15.13743542,0,0.0001,15.13743542,0
1995-10-16 00:00:00,0.187677994,15.14053546,0,0.0001,15.14053546,0
1995-10-17 00:00:00,0.184381232,15.14363551,0,0.0001,15.14363551,0
1995-10-18 00:00:00,0.181879729,15.14673556,0,0.0001,15.14673556,0
1995-10-19 00:00:00,0.177308843,15.1498356,0,0.0001,15.1498356,0
1995-10-20 00:00:00,0.172479481,15.15293565,0,0.0001,15.15293565,0
1995-10-21 00:00:00,0.165803477,15.1560357,0,0.0001,15.1560357,0
1995-10-22 00:00:00,0.161173105,15.15913574,0,0.0001,15.15913574,0
1995-10-23 00:00:00,0.156955943,15.16223579,0,0.0001,15.16223579,0
1995-10-24 00:00:00,0.154982522,15.16533584,0,0.0001,15.16533584,0
1995-10-25 00:00:00,0.155445084,15.16843589,0,0.0001,15.16843589,0
1995-10-26 00:00:00,0.154146403,15.17153593,0,0.0001,15.17153593,0
1995-10-27 00:00:00,0.160838068,15.17463598,0,0.0001,15.17463598,0
1995-10-28 00:00:00,0.166239724,15.17773603,0,0.0001,15.17773603,0
1995-10-29 00:00:00,0.167000934,15.18083607,0,0.0001,15.18083607,0
1995-10-30 00:00:00,0.166306794,15.18393612,0,0.0001,15.18393612,0
1995-10-31 00:00:00,0.175625071,15.18703617,0,0.0001,15.18703617,0
1995-11-01 00:00:00,0.192789599,15.19013621,0,0.0001,15.19013621,0
1995-11-02 00:00:00,0.196369499,15.19323626,0,0.0001,15.19323626,0
1995-11-03 00:00:00,0.19575499,15.19633631,0,0.0001,15.19633631,0
1995-11-04 00:00:00,0.188046381,15.19943636,0,0.0001,15.19943636,0
1995-11-05 00:00:00,0.18348594,15.2025364,0,0.0001,15.2025364,0
1995-11-06 00:00:00,0.182029635,15.20563645,0,0.0001,15.20563645,0
1995-11-07 00:00:00,0.185010508,15.2087365,0,0.0001,15.2087365,0
1995-11-08 00:00:00,0.184949175,15.21183654,0,0.0001,15.21183654,0
1995-11-09 00:00:00,0.188756213,15.21493659,0,0.0001,15.21493659,0
1995-11-10 00:00:00,0.216414213,15.21803664,0,0.0001,15.21803664,0
1995-11-11 00:00:00,0.236067951,15.22113668,0,0.0001,15.22113668,0
1995-11-12 00:00:00,0.242137223,15.22423673,0,0.0001,15.22423673,0
1995-11-13 00:00:00,0.243304864,15.22733678,0,0.0001,15.22733678,0
1995-11-14 00:00:00,0.24685888,15.23043682,0,0.0001,15.23043682,0
1995-11-15 00:00:00,0.251501888,15.23353687,0,0.0001,15.23353687,0
1995-11-16 00:00:00,0.268676013,15.23663692,0,0.0001,15.23663692,0
1995-11-17 00:00:00,0.311186761,15.23973697,0,0.0001,15.23973697,0
1995-11-18 00:00:00,0.318707108,15.24283701,0,0.0001,15.24283701,0
1995-11-19 00:00:00,0.322246134,15.24593706,0,0.0001,15.24593706,0
1995-11-20 00:00:00,0.320909888,15.24903711,0,0.0001,15.24903711,0
1995-11-21 00:00:00,0.315901875,15.25213715,0,0.0001,15.25213715,0
1995-11-22 00:00:00,0.310902536,15.2552372,0,0.0001,15.2552372,0
1995-11-23 00:00:00,0.307708204,15.25833725,0,0.0001,15.25833725,0
1995-11-24 00:00:00,0.320421606,15.26143729,0,0.0001,15.26143729,0
1995-11-25 00:00:00,0.332316369,15.26453734,0,0.0001,15.26453734,0
1995-11-26 00:00:00,0.336340934,15.26763739,0,0.0001,15.26763739,0
1995-11-27 00:00:00,0.338067114,15.27073744,0,0.0001,15.27073744,0
1995-11-28 00:00:00,0.333994925,15.27383748,0,0.0001,15.27383748,0
1995-11-29 00:00:00,0.326911181,15.27693753,0,0.0001,15.27693753,0
1995-11-30 00:00:00,0.318572074,15.28003758,0,0.0001,15.28003758,0
1995-12-01 00:00:00,0.310942113,15.28313762,0,0.0001,15.28313762,0
1995-12-02 00:00:00,0.303055078,15.28623767,0,0.0001,15.28623767,0
1995-12-03 00:00:00,0.294294059,15.28933772,0,0.0001,15.28933772,0
1995-12-04 00:00:00,0.286729813,15.29243776,0,0.0001,15.29243776,0
1995-12-05 00:00:00,0.285751522,15.29553781,0,0.0001,15.29553781,0
1995-12-06 00:00:00,0.271822691,15.29863786,0,0.0001,15.29863786,0
1995-12-07 00:00:00,0.265252382,15.30173791,0,0.0001,15.30173791,0
1995-12-08 00:00:00,0.270576417,15.30483795,0,0.0001,15.30483795,0
1995-12-09 00:00:00,0.263975471,15.307938,0,0.0001,15.307938,0
1995-12-10 00:00:00,0.256991714,15.31103805,0,0.0001,15.31103805,0
1995-12-11 00:00:00,0.257443577,15.31413809,0,0.0001,15.31413809,0
1995-12-12 00:00:00,0.259454697,15.31723814,0,0.0001,15.31723814,0
1995-12-13 00:00:00,0.267814159,15.32033819,0,0.0001,15.32033819,0
1995-12-14 00:00:00,0.267990857,15.32343823,0,0.0001,15.32343823,0
1995-12-15 00:00:00,0.265080571,15.32653828,0,0.0001,15.32653828,0
1995-12-16 00:00:00,0.261905253,15.32963833,0,0.0001,15.32963833,0
1995-12-17 00:00:00,0.259145528,15.33273837,0,0.0001,15.33273837,0
1995-12-18 00:00:00,0.254754454,15.33583842,0,0.0001,15.33583842,0
1995-12-19 00:00:00,0.251907915,15.33893847,0,0.0001,15.33893847,0
1995-12-20 00:00:00,0.249701172,15.34203852,0,0.0001,15.34203852,0
1995-12-21 00:00:00,0.24191612,15.34513856,0,0.0001,15.34513856,0
1995-12-22 00:00:00,0.244948491,15.34823861,0,0.0001,15.34823861,0
1995-12-23 00:00:00,0.283224881,15.35133866,0,0.0001,15.35133866,0
1995-12-24 00:00:00,0.2787233,15.3544387,0,0.0001,15.3544387,0
1995-12-25 00:00:00,0.26551798,15.35753875,0,0.0001,15.35753875,0
1995-12-26 00:00:00,0.258429796,15.3606388,0,0.0001,15.3606388,0
1995-12-27 00:00:00,0.250068665,15.36373884,0,0.0001,15.36373884,0
1995-12-28 00:00:00,0.244557381,15.36683889,0,0.0001,15.36683889,0
1995-12-29 00:00:00,0.238050595,15.36993894,0,0.0001,15.36993894,0
1995-12-30 00:00:00,0.230667979,15.37303899,0,0.0001,15.37303899,0
1995-12-31 00:00:00,0.230000004,15.37613903,0,0.0001,15.37613903,0
1996-01-01 00:00:00,0.217826426,15.37923908,0,0.0001,15.37923908,0
1996-01-02 00:00:00,0.211979985,15.38233913,0,0.0001,15.38233913,0
1996-01-03 00:00:00,0.20848088,15.38543917,0,0.0001,15.38543917,0
1996-01-04 00:00:00,0.204798564,15.38853922,0,0.0001,15.38853922,0
1996-01-05 00:00:00,0.201556161,15.39163927,0,0.0001,15.39163927,0
1996-01-06 00:00:00,0.198322386,15.39473931,0,0.0001,15.39473931,0
1996-01-07 00:00:00,0.196566373,15.39783936,0,0.0001,15.39783936,0
1996-01-08 00:00:00,0.20068112,15.40093941,0,0.0001,15.40093941,0
1996-01-09 00:00:00,0.205153465,15.40403946,0,0.0001,15.40403946,0
1996-01-10 00:00:00,0.205233365,15.4071395,0,0.0001,15.4071395,0
1996-01-11 00:00:00,0.210842893,15.41023955,0,0.0001,15.41023955,0
1996-01-12 00:00:00,0.21644631,15.4133396,0,0.0001,15.4133396,0
1996-01-13 00:00:00,0.22282508,15.41643964,0,0.0001,15.41643964,0
1996-01-14 00:00:00,0.229666695,15.41953969,0,0.0001,15.41953969,0
1996-01-15 00:00:00,0.239111766,15.42263974,0,0.0001,15.42263974,0
1996-01-16 00:00:00,0.245771036,15.42573978,0,0.0001,15.42573978,0
1996-01-17 00:00:00,0.250533789,15.42883983,0,0.0001,15.42883983,0
1996-01-18 00:00:00,0.252601534,15.43193988,0,0.0001,15.43193988,0
1996-01-19 00:00:00,0.254362941,15.43503992,0,0.0001,15.43503992,0
1996-01-20 00:00:00,0.257478714,15.43813997,0,0.0001,15.43813997,0
1996-01-21 00:00:00,0.259669989,15.44124002,0,0.0001,15.44124002,0
1996-01-22 00:00:00,0.258989096,15.44434007,0,0.0001,15.44434007,0
1996-01-23 00:00:00,0.255722135,15.44744011,0,0.0001,15.44744011,0
1996-01-24 00:00:00,0.250852048,15.45054016,0,0.0001,15.45054016,0
1996-01-25 00:00:00,0.246838883,15.45364021,0,0.0001,15.45364021,0
1996-01-26 00:00:00,0.246166021,15.45674025,0,0.0001,15.45674025,0
1996-01-27 00:00:00,0.240876257,15.4598403,0,0.0001,15.4598403,0
1996-01-28 00:00:00,0.234829456,15.46294035,0,0.0001,15.46294035,0
1996-01-29 00:00:00,0.229508907,15.46604039,0,0.0001,15.46604039,0
1996-01-30 00:00:00,0.224953637,15.46914044,0,0.0001,15.46914044,0
1996-01-31 00:00:00,0.220795304,15.47224049,0,0.0001,15.47224049,0
1996-02-01 00:00:00,0.218046054,15.47534054,0,0.0001,15.47534054,0
1996-02-02 00:00:00,0.215478987,15.47844058,0,0.0001,15.47844058,0
1996-02-03 00:00:00,0.211998418,15.48154063,0,0.0001,15.48154063,0
1996-02-04 00:00:00,0.208920255,15.48464068,0,0.0001,15.48464068,0
1996-02-05 00:00:00,0.206470698,15.48774072,0,0.0001,15.48774072,0
1996-02-06 00:00:00,0.201518103,15.49084077,0,0.0001,15.49084077,0
1996-02-07 00:00:00,0.196915135,15.49394082,0,0.0001,15.49394082,0
1996-02-08 00:00:00,0.192100599,15.49704086,0,0.0001,15.49704086,0
1996-02-09 00:00:00,0.1871984,15.50014091,0,0.0001,15.50014091,0
1996-02-10 00:00:00,0.180138335,15.50324096,0,0.0001,15.50324096,0
1996-02-11 00:00:00,0.179525733,15.50634101,0,0.0001,15.50634101,0
1996-02-12 00:00:00,0.185567304,15.50944105,0,0.0001,15.50944105,0
1996-02-13 00:00:00,0.182375625,15.5125411,0,0.0001,15.5125411,0
1996-02-14 00:00:00,0.180233419,15.51564115,0,0.0001,15.51564115,0
1996-02-15 00:00:00,0.179427251,15.51874119,0,0.0001,15.51874119,0
1996-02-16 00:00:00,0.20470573,15.52184124,0,0.0001,15.52184124,0
1996-02-17 00:00:00,0.275092393,15.52494129,0,0.0001,15.52494129,0
1996-02-18 00:00:00,0.346721113,15.52804133,0,0.0001,15.52804133,0
1996-02-19 00:00:00,0.404965132,15.53114138,0,0.0001,15.53114138,0
1996-02-20 00:00:00,0.377597779,15.53424143,0,0.0001,15.53424143,0
1996-02-21 00:00:00,0.352941513,15.53734147,0,0.0001,15.53734147,0
1996-02-22 00:00:00,0.341665059,15.54044152,0,0.0001,15.54044152,0
1996-02-23 00:00:00,0.33558628,15.54354157,0,0.0001,15.54354157,0
1996-02-24 00:00:00,0.328805387,15.54664162,0,0.0001,15.54664162,0
1996-02-25 00:00:00,0.325562388,15.54974166,0,0.0001,15.54974166,0
1996-02-26 00:00:00,0.331647545,15.55284171,0,0.0001,15.55284171,0
1996-02-27 00:00:00,0.365950227,15.55594176,0,0.0001,15.55594176,0
1996-02-28 00:00:00,0.410960615,15.5590418,0,0.0001,15.5590418,0
1996-02-29 00:00:00,0.458282381,15.56214185,0,0.0001,15.56214185,0
1996-03-01 00:00:00,0.489440411,15.5652419,0,0.0001,15.5652419,0
1996-03-02 00:00:00,0.504576087,15.56834194,0,0.0001,15.56834194,0
1996-03-03 00:00:00,0.511350214,15.57144199,0,0.0001,15.57144199,0
1996-03-04 00:00:00,0.508439064,15.57454204,0,0.0001,15.57454204,0
1996-03-05 00:00:00,0.500589192,15.57764209,0,0.0001,15.57764209,0
1996-03-06 00:00:00,0.491903484,15.58074213,0,0.0001,15.58074213,0
1996-03-07 00:00:00,0.490562588,15.58384218,0,0.0001,15.58384218,0
1996-03-08 00:00:00,0.49573639,15.58694223,0,0.0001,15.58694223,0
1996-03-09 00:00:00,0.497214198,15.59004227,0,0.0001,15.59004227,0
1996-03-10 00:00:00,0.490892529,15.59314232,0,0.0001,15.59314232,0
1996-03-11 00:00:00,0.481768608,15.59624237,0,0.0001,15.59624237,0
1996-03-12 00:00:00,0.471174359,15.59934241,0,0.0001,15.59934241,0
1996-03-13 00:00:00,0.454444408,15.60244246,0,0.0001,15.60244246,0
1996-03-14 00:00:00,0.440165758,15.60554251,0,0.0001,15.60554251,0
1996-03-15 00:00:00,0.422674477,15.60864256,0,0.0001,15.60864256,0
1996-03-16 00:00:00,0.40391919,15.6117426,0,0.0001,15.6117426,0
1996-03-17 00:00:00,0.386060059,15.61484265,0,0.0001,15.61484265,0
1996-03-18 00:00:00,0.372785777,15.6179427,0,0.0001,15.6179427,0
1996-03-19 00:00:00,0.361595869,15.62104274,0,0.0001,15.62104274,0
1996-03-20 00:00:00,0.353233308,15.62414279,0,0.0001,15.62414279,0
1996-03-21 00:00:00,0.346631855,15.62724284,0,0.0001,15.62724284,0
1996-03-22 00:00:00,0.336545765,15.63034288,0,0.0001,15.63034288,0
1996-03-23 00:00:00,0.336172163,15.63344293,0,0.0001,15.63344293,0
1996-03-24 00:00:00,0.344586223,15.63654298,0,0.0001,15.63654298,0
1996-03-25 00:00:00,0.353623688,15.63964302,0,0.0001,15.63964302,0
1996-03-26 00:00:00,0.36484158,15.64274307,0,0.0001,15.64274307,0
1996-03-27 00:00:00,0.376530886,15.64584312,0,0.0001,15.64584312,0
1996-03-28 00:00:00,0.392102212,15.64894317,0,0.0001,15.64894317,0
1996-03-29 00:00:00,0.402295679,15.65204321,0,0.0001,15.65204321,0
1996-03-30 00:00:00,0.409309834,15.65514326,0,0.0001,15.65514326,0
1996-03-31 00:00:00,0.408265978,15.65824331,0,0.0001,15.65824331,0
1996-04-01 00:00:00,0.410448283,15.66134335,0,0.0001,15.66134335,0
1996-04-02 00:00:00,0.407995462,15.6644434,0,0.0001,15.6644434,0
1996-04-03 00:00:00,0.401502579,15.66754345,0,0.0001,15.66754345,0
1996-04-04 00:00:00,0.39730224,15.67064349,0,0.0001,15.67064349,0
1996-04-05 00:00:00,0.39603889,15.67374354,0,0.0001,15.67374354,0
1996-04-06 00:00:00,0.400179952,15.67684359,0,0.0001,15.67684359,0
1996-04-07 00:00:00,0.407638133,15.67994364,0,0.0001,15.67994364,0
1996-04-08 00:00:00,0.413584143,15.68304368,0,0.0001,15.68304368,0
1996-04-09 00:00:00,0.413633674,15.68614373,0,0.0001,15.68614373,0
1996-04-10 00:00:00,0.413626015,15.68924378,0,0.0001,15.68924378,0
1996-04-11 00:00:00,0.40384835,15.69234382,0,0.0001,15.69234382,0
1996-04-12 00:00:00,0.387820691,15.69544387,0,0.0001,15.69544387,0
1996-04-13 00:00:00,0.366659671,15.69854392,0,0.0001,15.69854392,0
1996-04-14 00:00:00,0.353187025,15.70164396,0,0.0001,15.70164396,0
1996-04-15 00:00:00,0.340195954,15.70474401,0,0.0001,15.70474401,0
1996-04-16 00:00:00,0.326177627,15.70784406,0,0.0001,15.70784406,0
1996-04-17 00:00:00,0.30963099,15.71094411,0,0.0001,15.71094411,0
1996-04-18 00:00:00,0.296410084,15.71404415,0,0.0001,15.71404415,0
1996-04-19 00:00:00,0.286938339,15.7171442,0,0.0001,15.7171442,0
1996-04-20 00:00:00,0.280708253,15.72024425,0,0.0001,15.72024425,0
1996-04-21 00:00:00,0.270856559,15.72334429,0,0.0001,15.72334429,0
1996-04-22 00:00:00,0.262279719,15.72644434,0,0.0001,15.72644434,0
1996-04-23 00:00:00,0.254462004,15.72954439,0,0.0001,15.72954439,0
1996-04-24 00:00:00,0.248266503,15.73264443,0,0.0001,15.73264443,0
1996-04-25 00:00:00,0.239543557,15.73574448,0,0.0001,15.73574448,0
1996-04-26 00:00:00,0.237015396,15.73884453,0,0.0001,15.73884453,0
1996-04-27 00:00:00,0.233020127,15.74194457,0,0.0001,15.74194457,0
1996-04-28 00:00:00,0.225809425,15.74504462,0,0.0001,15.74504462,0
1996-04-29 00:00:00,0.217965439,15.74814467,0,0.0001,15.74814467,0
1996-04-30 00:00:00,0.214632332,15.75124472,0,0.0001,15.75124472,0
1996-05-01 00:00:00,0.208231702,15.75434476,0,0.0001,15.75434476,0
1996-05-02 00:00:00,0.201705679,15.75744481,0,0.0001,15.75744481,0
1996-05-03 00:00:00,0.204934254,15.76054486,0,0.0001,15.76054486,0
1996-05-04 00:00:00,0.20200865,15.7636449,0,0.0001,15.7636449,0
1996-05-05 00:00:00,0.190711781,15.76674495,0,0.0001,15.76674495,0
1996-05-06 00:00:00,0.18237406,15.769845,0,0.0001,15.769845,0
1996-05-07 00:00:00,0.179077521,15.77294504,0,0.0001,15.77294504,0
1996-05-08 00:00:00,0.17514734,15.77604509,0,0.0001,15.77604509,0
1996-05-09 00:00:00,0.16895017,15.77914514,0,0.0001,15.77914514,0
1996-05-10 00:00:00,0.163991079,15.78224519,0,0.0001,15.78224519,0
1996-05-11 00:00:00,0.163689584,15.78534523,0,0.0001,15.78534523,0
1996-05-12 00:00:00,0.164602533,15.78844528,0,0.0001,15.78844528,0
1996-05-13 00:00:00,0.16405572,15.79154533,0,0.0001,15.79154533,0
1996-05-14 00:00:00,0.162712306,15.79464537,0,0.0001,15.79464537,0
1996-05-15 00:00:00,0.157270357,15.79774542,0,0.0001,15.79774542,0
1996-05-16 00:00:00,0.153213352,15.80084547,0,0.0001,15.80084547,0
1996-05-17 00:00:00,0.158000052,15.80394551,0,0.0001,15.80394551,0
1996-05-18 00:00:00,0.176999331,15.80704556,0,0.0001,15.80704556,0
1996-05-19 00:00:00,0.188418731,15.81014561,0,0.0001,15.81014561,0
1996-05-20 00:00:00,0.2167238,15.81324566,0,0.0001,15.81324566,0
1996-05-21 00:00:00,0.247472793,15.8163457,0,0.0001,15.8163457,0
1996-05-22 00:00:00,0.253725886,15.81944575,0,0.0001,15.81944575,0
1996-05-23 00:00:00,0.255411059,15.8225458,0,0.0001,15.8225458,0
1996-05-24 00:00:00,0.257400423,15.82564584,0,0.0001,15.82564584,0
1996-05-25 00:00:00,0.268374979,15.82874589,0,0.0001,15.82874589,0
1996-05-26 00:00:00,0.264579982,15.83184594,0,0.0001,15.83184594,0
1996-05-27 00:00:00,0.259595811,15.83494598,0,0.0001,15.83494598,0
1996-05-28 00:00:00,0.245691061,15.83804603,0,0.0001,15.83804603,0
1996-05-29 00:00:00,0.243090242,15.84114608,0,0.0001,15.84114608,0
1996-05-30 00:00:00,0.242090255,15.84424612,0,0.0001,15.84424612,0
1996-05-31 00:00:00,0.236366704,15.84734617,0,0.0001,15.84734617,0
1996-06-01 00:00:00,0.229994714,15.85044622,0,0.0001,15.85044622,0
1996-06-02 00:00:00,0.223025441,15.85354627,0,0.0001,15.85354627,0
1996-06-03 00:00:00,0.221137941,15.85664631,0,0.0001,15.85664631,0
1996-06-04 00:00:00,0.2101188,15.85974636,0,0.0001,15.85974636,0
1996-06-05 00:00:00,0.204133302,15.86284641,0,0.0001,15.86284641,0
1996-06-06 00:00:00,0.196024016,15.86594645,0,0.0001,15.86594645,0
1996-06-07 00:00:00,0.191934109,15.8690465,0,0.0001,15.8690465,0
1996-06-08 00:00:00,0.184826672,15.87214655,0,0.0001,15.87214655,0
1996-06-09 00:00:00,0.18154043,15.87524659,0,0.0001,15.87524659,0
1996-06-10 00:00:00,0.179487675,15.87834664,0,0.0001,15.87834664,0
1996-06-11 00:00:00,0.170089275,15.88144669,0,0.0001,15.88144669,0
1996-06-12 00:00:00,0.15895319,15.88454674,0,0.0001,15.88454674,0
1996-06-13 00:00:00,0.141697913,15.88764678,0,0.0001,15.88764678,0
1996-06-14 00:00:00,0.134497106,15.89074683,0,0.0001,15.89074683,0
1996-06-15 00:00:00,0.124944389,15.89384688,0,0.0001,15.89384688,0
1996-06-16 00:00:00,0.121614039,15.89694692,0,0.0001,15.89694692,0
1996-06-17 00:00:00,0.114798345,15.90004697,0,0.0001,15.90004697,0
1996-06-18 00:00:00,0.109120727,15.90314702,0,0.0001,15.90314702,0
1996-06-19 00:00:00,0.10683243,15.90624706,0,0.0001,15.90624706,0
1996-06-20 00:00:00,0.102062434,15.90934711,0,0.0001,15.90934711,0
1996-06-21 00:00:00,0.098527737,15.91244716,0,0.0001,15.91244716,0
1996-06-22 00:00:00,0.095885478,15.91554721,0,0.0001,15.91554721,0
1996-06-23 00:00:00,0.091522038,15.91864725,0,0.0001,15.91864725,0
1996-06-24 00:00:00,0.090137124,15.9217473,0,0.0001,15.9217473,0
1996-06-25 00:00:00,0.088032059,15.92484735,0,0.0001,15.92484735,0
1996-06-26 00:00:00,0.084062241,15.92794739,0,0.0001,15.92794739,0
1996-06-27 00:00:00,0.078054816,15.93104744,0,0.0001,15.93104744,0
1996-06-28 00:00:00,0.072923668,15.93414749,0,0.0001,15.93414749,0
1996-06-29 00:00:00,0.077848032,15.93724753,0,0.0001,15.93724753,0
1996-06-30 00:00:00,0.082776815,15.94034758,0,0.0001,15.94034758,0
1996-07-01 00:00:00,0.08117786,15.94344763,0,0.0001,15.94344763,0
1996-07-02 00:00:00,0.078155637,15.94654767,0,0.0001,15.94654767,0
1996-07-03 00:00:00,0.074889839,15.94964772,0,0.0001,15.94964772,0
1996-07-04 00:00:00,0.087641329,15.95274777,0,0.0001,15.95274777,0
1996-07-05 00:00:00,0.096777014,15.95584782,0,0.0001,15.95584782,0
1996-07-06 00:00:00,0.096079543,15.95894786,0,0.0001,15.95894786,0
1996-07-07 00:00:00,0.093115933,15.96204791,0,0.0001,15.96204791,0
1996-07-08 00:00:00,0.093948528,15.96514796,0,0.0001,15.96514796,0
1996-07-09 00:00:00,0.092175514,15.968248,0,0.0001,15.968248,0
1996-07-10 00:00:00,0.087006614,15.97134805,0,0.0001,15.97134805,0
1996-07-11 00:00:00,0.083137989,15.9744481,0,0.0001,15.9744481,0
1996-07-12 00:00:00,0.079792619,15.97754814,0,0.0001,15.97754814,0
1996-07-13 00:00:00,0.073997714,15.98064819,0,0.0001,15.98064819,0
1996-07-14 00:00:00,0.07171838,15.98374824,0,0.0001,15.98374824,0
1996-07-15 00:00:00,0.065765277,15.98684829,0,0.0001,15.98684829,0
1996-07-16 00:00:00,0.062041909,15.98994833,0,0.0001,15.98994833,0
1996-07-17 00:00:00,0.058406554,15.99304838,0,0.0001,15.99304838,0
1996-07-18 00:00:00,0.057082113,15.99614843,0,0.0001,15.99614843,0
1996-07-19 00:00:00,0.055774413,15.99924847,0,0.0001,15.99924847,0
1996-07-20 00:00:00,0.054742295,16.00234852,0,0.0001,16.00234852,0
1996-07-21 00:00:00,0.053781696,16.00544857,0,0.0001,16.00544857,0
1996-07-22 00:00:00,0.052869849,16.00854861,0,0.0001,16.00854861,0
1996-07-23 00:00:00,0.05124291,16.01164866,0,0.0001,16.01164866,0
1996-07-24 00:00:00,0.049932696,16.01474871,0,0.0001,16.01474871,0
1996-07-25 00:00:00,0.048270717,16.01784876,0,0.0001,16.01784876,0
1996-07-26 00:00:00,0.04370065,16.0209488,0,0.0001,16.0209488,0
1996-07-27 00:00:00,0.045512281,16.02404885,0,0.0001,16.02404885,0
1996-07-28 00:00:00,0.045665246,16.0271489,0,0.0001,16.0271489,0
1996-07-29 00:00:00,0.044826485,16.03024894,0,0.0001,16.03024894,0
1996-07-30 00:00:00,0.045412399,16.03334899,0,0.0001,16.03334899,0
1996-07-31 00:00:00,0.046240062,16.03644904,0,0.0001,16.03644904,0
1996-08-01 00:00:00,0.048376162,16.03954908,0,0.0001,16.03954908,0
1996-08-02 00:00:00,0.047891673,16.04264913,0,0.0001,16.04264913,0
1996-08-03 00:00:00,0.04495405,16.04574918,0,0.0001,16.04574918,0
1996-08-04 00:00:00,0.04314949,16.04884922,0,0.0001,16.04884922,0
1996-08-05 00:00:00,0.044185024,16.05194927,0,0.0001,16.05194927,0
1996-08-06 00:00:00,0.044263188,16.05504932,0,0.0001,16.05504932,0
1996-08-07 00:00:00,0.043214101,16.05814937,0,0.0001,16.05814937,0
1996-08-08 00:00:00,0.067272723,16.06124941,0,0.0001,16.06124941,0
1996-08-09 00:00:00,0.069709912,16.06434946,0,0.0001,16.06434946,0
1996-08-10 00:00:00,0.069977276,16.06744951,0,0.0001,16.06744951,0
1996-08-11 00:00:00,0.068452731,16.07054955,0,0.0001,16.07054955,0
1996-08-12 00:00:00,0.062199552,16.0736496,0,0.0001,16.0736496,0
1996-08-13 00:00:00,0.061725777,16.07674965,0,0.0001,16.07674965,0
1996-08-14 00:00:00,0.056484651,16.07984969,0,0.0001,16.07984969,0
1996-08-15 00:00:00,0.056085788,16.08294974,0,0.0001,16.08294974,0
1996-08-16 00:00:00,0.05464847,16.08604979,0,0.0001,16.08604979,0
1996-08-17 00:00:00,0.053230319,16.08914984,0,0.0001,16.08914984,0
1996-08-18 00:00:00,0.052157149,16.09224988,0,0.0001,16.09224988,0
1996-08-19 00:00:00,0.051776167,16.09534993,0,0.0001,16.09534993,0
1996-08-20 00:00:00,0.050595786,16.09844998,0,0.0001,16.09844998,0
1996-08-21 00:00:00,0.048186634,16.10155002,0,0.0001,16.10155002,0
1996-08-22 00:00:00,0.046325661,16.10465007,0,0.0001,16.10465007,0
1996-08-23 00:00:00,0.044949945,16.10775012,0,0.0001,16.10775012,0
1996-08-24 00:00:00,0.054551166,16.11085016,0,0.0001,16.11085016,0
1996-08-25 00:00:00,0.064907663,16.11395021,0,0.0001,16.11395021,0
1996-08-26 00:00:00,0.063627124,16.11705026,0,0.0001,16.11705026,0
1996-08-27 00:00:00,0.063969426,16.12015031,0,0.0001,16.12015031,0
1996-08-28 00:00:00,0.06276194,16.12325035,0,0.0001,16.12325035,0
1996-08-29 00:00:00,0.075511597,16.1263504,0,0.0001,16.1263504,0
1996-08-30 00:00:00,0.07623367,16.12945045,0,0.0001,16.12945045,0
1996-08-31 00:00:00,0.073899888,16.13255049,0,0.0001,16.13255049,0
1996-09-01 00:00:00,0.068685539,16.13565054,0,0.0001,16.13565054,0
1996-09-02 00:00:00,0.067173362,16.13875059,0,0.0001,16.13875059,0
1996-09-03 00:00:00,0.065130338,16.14185063,0,0.0001,16.14185063,0
1996-09-04 00:00:00,0.064283326,16.14495068,0,0.0001,16.14495068,0
1996-09-05 00:00:00,0.061792951,16.14805073,0,0.0001,16.14805073,0
1996-09-06 00:00:00,0.057616804,16.15115078,0,0.0001,16.15115078,0
1996-09-07 00:00:00,0.053452734,16.15425082,0,0.0001,16.15425082,0
1996-09-08 00:00:00,0.051714614,16.15735087,0,0.0001,16.15735087,0
1996-09-09 00:00:00,0.049697209,16.16045092,0,0.0001,16.16045092,0
1996-09-10 00:00:00,0.047762625,16.16355096,0,0.0001,16.16355096,0
1996-09-11 00:00:00,0.045487318,16.16665101,0,0.0001,16.16665101,0
1996-09-12 00:00:00,0.046531886,16.16975106,0,0.0001,16.16975106,0
1996-09-13 00:00:00,0.04766896,16.1728511,0,0.0001,16.1728511,0
1996-09-14 00:00:00,0.048145898,16.17595115,0,0.0001,16.17595115,0
1996-09-15 00:00:00,0.048709784,16.1790512,0,0.0001,16.1790512,0
1996-09-16 00:00:00,0.048451021,16.18215124,0,0.0001,16.18215124,0
1996-09-17 00:00:00,0.047149472,16.18525129,0,0.0001,16.18525129,0
1996-09-18 00:00:00,0.044433232,16.18835134,0,0.0001,16.18835134,0
1996-09-19 00:00:00,0.043931648,16.19145139,0,0.0001,16.19145139,0
1996-09-20 00:00:00,0.043590426,16.19455143,0,0.0001,16.19455143,0
1996-09-21 00:00:00,0.04121938,16.19765148,0,0.0001,16.19765148,0
1996-09-22 00:00:00,0.038930666,16.20075153,0,0.0001,16.20075153,0
1996-09-23 00:00:00,0.037174463,16.20385157,0,0.0001,16.20385157,0
1996-09-24 00:00:00,0.037427936,16.20695162,0,0.0001,16.20695162,0
1996-09-25 00:00:00,0.037844241,16.21005167,0,0.0001,16.21005167,0
1996-09-26 00:00:00,0.039599311,16.21315171,0,0.0001,16.21315171,0
1996-09-27 00:00:00,0.043007009,16.21625176,0,0.0001,16.21625176,0
1996-09-28 00:00:00,0.046949353,16.21935181,0,0.0001,16.21935181,0
1996-09-29 00:00:00,0.058033388,16.22245186,0,0.0001,16.22245186,0
1996-09-30 00:00:00,0.070592709,16.2255519,0,0.0001,16.2255519,0
1996-10-01 00:00:00,0.074010536,16.22865195,0,0.0001,16.22865195,0
1996-10-02 00:00:00,0.076904945,16.231752,0,0.0001,16.231752,0
1996-10-03 00:00:00,0.076450683,16.23485204,0,0.0001,16.23485204,0
1996-10-04 00:00:00,0.079585783,16.23795209,0,0.0001,16.23795209,0
1996-10-05 00:00:00,0.079846852,16.24105214,0,0.0001,16.24105214,0
1996-10-06 00:00:00,0.080046684,16.24415218,0,0.0001,16.24415218,0
1996-10-07 00:00:00,0.07988812,16.24725223,0,0.0001,16.24725223,0
1996-10-08 00:00:00,0.08127287,16.25035228,0,0.0001,16.25035228,0
1996-10-09 00:00:00,0.085152298,16.25345233,0,0.0001,16.25345233,0
1996-10-10 00:00:00,0.086059429,16.25655237,0,0.0001,16.25655237,0
1996-10-11 00:00:00,0.085506633,16.25965242,0,0.0001,16.25965242,0
1996-10-12 00:00:00,0.0845652,16.26275247,0,0.0001,16.26275247,0
1996-10-13 00:00:00,0.084658653,16.26585251,0,0.0001,16.26585251,0
1996-10-14 00:00:00,0.087849297,16.26895256,0,0.0001,16.26895256,0
1996-10-15 00:00:00,0.089431174,16.27205261,0,0.0001,16.27205261,0
1996-10-16 00:00:00,0.089790307,16.27515265,0,0.0001,16.27515265,0
1996-10-17 00:00:00,0.105759479,16.2782527,0,0.0001,16.2782527,0
1996-10-18 00:00:00,0.110660546,16.28135275,0,0.0001,16.28135275,0
1996-10-19 00:00:00,0.112224378,16.28445279,0,0.0001,16.28445279,0
1996-10-20 00:00:00,0.113645792,16.28755284,0,0.0001,16.28755284,0
1996-10-21 00:00:00,0.116628468,16.29065289,0,0.0001,16.29065289,0
1996-10-22 00:00:00,0.121260606,16.29375294,0,0.0001,16.29375294,0
1996-10-23 00:00:00,0.121999696,16.29685298,0,0.0001,16.29685298,0
1996-10-24 00:00:00,0.120624118,16.29995303,0,0.0001,16.29995303,0
1996-10-25 00:00:00,0.119676411,16.30305308,0,0.0001,16.30305308,0
1996-10-26 00:00:00,0.118056946,16.30615312,0,0.0001,16.30615312,0
1996-10-27 00:00:00,0.124361455,16.30925317,0,0.0001,16.30925317,0
1996-10-28 00:00:00,0.148489773,16.31235322,0,0.0001,16.31235322,0
1996-10-29 00:00:00,0.171299666,16.31545326,0,0.0001,16.31545326,0
1996-10-30 00:00:00,0.178883165,16.31855331,0,0.0001,16.31855331,0
1996-10-31 00:00:00,0.182118088,16.32165336,0,0.0001,16.32165336,0
1996-11-01 00:00:00,0.187477872,16.32475341,0,0.0001,16.32475341,0
1996-11-02 00:00:00,0.190512165,16.32785345,0,0.0001,16.32785345,0
1996-11-03 00:00:00,0.192390904,16.3309535,0,0.0001,16.3309535,0
1996-11-04 00:00:00,0.198468775,16.33405355,0,0.0001,16.33405355,0
1996-11-05 00:00:00,0.212115183,16.33715359,0,0.0001,16.33715359,0
1996-11-06 00:00:00,0.230236232,16.34025364,0,0.0001,16.34025364,0
1996-11-07 00:00:00,0.25738281,16.34335369,0,0.0001,16.34335369,0
1996-11-08 00:00:00,0.266805023,16.34645373,0,0.0001,16.34645373,0
1996-11-09 00:00:00,0.277478635,16.34955378,0,0.0001,16.34955378,0
1996-11-10 00:00:00,0.285236031,16.35265383,0,0.0001,16.35265383,0
1996-11-11 00:00:00,0.296573013,16.35575388,0,0.0001,16.35575388,0
1996-11-12 00:00:00,0.336011827,16.35885392,0,0.0001,16.35885392,0
1996-11-13 00:00:00,0.378959388,16.36195397,0,0.0001,16.36195397,0
1996-11-14 00:00:00,0.396762788,16.36505402,0,0.0001,16.36505402,0
1996-11-15 00:00:00,0.405997843,16.36815406,0,0.0001,16.36815406,0
1996-11-16 00:00:00,0.40596211,16.37125411,0,0.0001,16.37125411,0
1996-11-17 00:00:00,0.402490079,16.37435416,0,0.0001,16.37435416,0
1996-11-18 00:00:00,0.418390572,16.3774542,0,0.0001,16.3774542,0
1996-11-19 00:00:00,0.427125603,16.38055425,0,0.0001,16.38055425,0
1996-11-20 00:00:00,0.426799625,16.3836543,0,0.0001,16.3836543,0
1996-11-21 00:00:00,0.432720095,16.38675434,0,0.0001,16.38675434,0
1996-11-22 00:00:00,0.43934539,16.38985439,0,0.0001,16.38985439,0
1996-11-23 00:00:00,0.453406215,16.39295444,0,0.0001,16.39295444,0
1996-11-24 00:00:00,0.476257592,16.39605449,0,0.0001,16.39605449,0
1996-11-25 00:00:00,0.488112807,16.39915453,0,0.0001,16.39915453,0
1996-11-26 00:00:00,0.496717185,16.40225458,0,0.0001,16.40225458,0
1996-11-27 00:00:00,0.4877415,16.40535463,0,0.0001,16.40535463,0
1996-11-28 00:00:00,0.469358236,16.40845467,0,0.0001,16.40845467,0
1996-11-29 00:00:00,0.447385281,16.41155472,0,0.0001,16.41155472,0
1996-11-30 00:00:00,0.432200819,16.41465477,0,0.0001,16.41465477,0
1996-12-01 00:00:00,0.403887838,16.41775481,0,0.0001,16.41775481,0
1996-12-02 00:00:00,0.415136188,16.42085486,0,0.0001,16.42085486,0
1996-12-03 00:00:00,0.434340745,16.42395491,0,0.0001,16.42395491,0
1996-12-04 00:00:00,0.475553244,16.42705496,0,0.0001,16.42705496,0
1996-12-05 00:00:00,0.536865473,16.430155,0,0.0001,16.430155,0
1996-12-06 00:00:00,0.565636456,16.43325505,0,0.0001,16.43325505,0
1996-12-07 00:00:00,0.563135684,16.4363551,0,0.0001,16.4363551,0
1996-12-08 00:00:00,0.547427893,16.43945514,0,0.0001,16.43945514,0
1996-12-09 00:00:00,0.531112432,16.44255519,0,0.0001,16.44255519,0
1996-12-10 00:00:00,0.513369799,16.44565524,0,0.0001,16.44565524,0
1996-12-11 00:00:00,0.492268056,16.44875528,0,0.0001,16.44875528,0
1996-12-12 00:00:00,0.468754292,16.45185533,0,0.0001,16.45185533,0
1996-12-13 00:00:00,0.455625445,16.45495538,0,0.0001,16.45495538,0
1996-12-14 00:00:00,0.445663303,16.45805543,0,0.0001,16.45805543,0
1996-12-15 00:00:00,0.493009061,16.46115547,0,0.0001,16.46115547,0
1996-12-16 00:00:00,0.510361612,16.46425552,0,0.0001,16.46425552,0
1996-12-17 00:00:00,0.525659859,16.46735557,0,0.0001,16.46735557,0
1996-12-18 00:00:00,0.529537737,16.47045561,0,0.0001,16.47045561,0
1996-12-19 00:00:00,0.538257539,16.47355566,0,0.0001,16.47355566,0
1996-12-20 00:00:00,0.521865606,16.47665571,0,0.0001,16.47665571,0
1996-12-21 00:00:00,0.505473733,16.47975575,0,0.0001,16.47975575,0
1996-12-22 00:00:00,0.4890818,16.4828558,0,0.0001,16.4828558,0
1996-12-23 00:00:00,0.479310513,16.48595585,0,0.0001,16.48595585,0
1996-12-24 00:00:00,0.442715794,16.48905589,0,0.0001,16.48905589,0
1996-12-25 00:00:00,0.42089954,16.49215594,0,0.0001,16.49215594,0
1996-12-26 00:00:00,0.383014888,16.49525599,0,0.0001,16.49525599,0
1996-12-27 00:00:00,0.345130265,16.49835604,0,0.0001,16.49835604,0
1996-12-28 00:00:00,0.328528792,16.50145608,0,0.0001,16.50145608,0
1996-12-29 00:00:00,0.312516421,16.50455613,0,0.0001,16.50455613,0
1996-12-30 00:00:00,0.302889794,16.50765618,0,0.0001,16.50765618,0
1996-12-31 00:00:00,0.284761608,16.51075622,0,0.0001,16.51075622,0
1997-01-01 00:00:00,0.270000011,16.51385627,0,0.0001,16.51385627,0
1997-01-02 00:00:00,0.254999995,16.51695632,0,0.0001,16.51695632,0
1997-01-03 00:00:00,0.239999995,16.52005636,0,0.0001,16.52005636,0
1997-01-04 00:00:00,0.224999994,16.52315641,0,0.0001,16.52315641,0
1997-01-05 00:00:00,0.209999993,16.52625646,0,0.0001,16.52625646,0
1997-01-06 00:00:00,0.194000006,16.52935651,0,0.0001,16.52935651,0
1997-01-07 00:00:00,0.179000005,16.53245655,0,0.0001,16.53245655,0
1997-01-08 00:00:00,0.164404526,16.5355566,0,0.0001,16.5355566,0
1997-01-09 00:00:00,0.162566736,16.53865665,0,0.0001,16.53865665,0
1997-01-10 00:00:00,0.16030775,16.54175669,0,0.0001,16.54175669,0
1997-01-11 00:00:00,0.155332953,16.54485674,0,0.0001,16.54485674,0
1997-01-12 00:00:00,0.153120667,16.54795679,0,0.0001,16.54795679,0
1997-01-13 00:00:00,0.155009806,16.55105683,0,0.0001,16.55105683,0
1997-01-14 00:00:00,0.164231911,16.55415688,0,0.0001,16.55415688,0
1997-01-15 00:00:00,0.167548478,16.55725693,0,0.0001,16.55725693,0
1997-01-16 00:00:00,0.168031275,16.56035698,0,0.0001,16.56035698,0
1997-01-17 00:00:00,0.167801231,16.56345702,0,0.0001,16.56345702,0
1997-01-18 00:00:00,0.166372702,16.56655707,0,0.0001,16.56655707,0
1997-01-19 00:00:00,0.166191548,16.56965712,0,0.0001,16.56965712,0
1997-01-20 00:00:00,0.16729328,16.57275716,0,0.0001,16.57275716,0
1997-01-21 00:00:00,0.165900901,16.57585721,0,0.0001,16.57585721,0
1997-01-22 00:00:00,0.164428219,16.57895726,0,0.0001,16.57895726,0
1997-01-23 00:00:00,0.16490294,16.5820573,0,0.0001,16.5820573,0
1997-01-24 00:00:00,0.164904326,16.58515735,0,0.0001,16.58515735,0
1997-01-25 00:00:00,0.163941056,16.5882574,0,0.0001,16.5882574,0
1997-01-26 00:00:00,0.161914483,16.59135744,0,0.0001,16.59135744,0
1997-01-27 00:00:00,0.160282359,16.59445749,0,0.0001,16.59445749,0
1997-01-28 00:00:00,0.158298433,16.59755754,0,0.0001,16.59755754,0
1997-01-29 00:00:00,0.157714024,16.60065759,0,0.0001,16.60065759,0
1997-01-30 00:00:00,0.157445341,16.60375763,0,0.0001,16.60375763,0
1997-01-31 00:00:00,0.159581348,16.60685768,0,0.0001,16.60685768,0
1997-02-01 00:00:00,0.159768701,16.60995773,0,0.0001,16.60995773,0
1997-02-02 00:00:00,0.157958359,16.61305777,0,0.0001,16.61305777,0
1997-02-03 00:00:00,0.157181129,16.61615782,0,0.0001,16.61615782,0
1997-02-04 00:00:00,0.167210579,16.61925787,0,0.0001,16.61925787,0
1997-02-05 00:00:00,0.203837037,16.62235791,0,0.0001,16.62235791,0
1997-02-06 00:00:00,0.22119537,16.62545796,0,0.0001,16.62545796,0
1997-02-07 00:00:00,0.250574589,16.62855801,0,0.0001,16.62855801,0
1997-02-08 00:00:00,0.276226878,16.63165806,0,0.0001,16.63165806,0
1997-02-09 00:00:00,0.294765711,16.6347581,0,0.0001,16.6347581,0
1997-02-10 00:00:00,0.31230098,16.63785815,0,0.0001,16.63785815,0
1997-02-11 00:00:00,0.345870495,16.6409582,0,0.0001,16.6409582,0
1997-02-12 00:00:00,0.378467709,16.64405824,0,0.0001,16.64405824,0
1997-02-13 00:00:00,0.449862748,16.64715829,0,0.0001,16.64715829,0
1997-02-14 00:00:00,0.518754542,16.65025834,0,0.0001,16.65025834,0
1997-02-15 00:00:00,0.560824454,16.65335838,0,0.0001,16.65335838,0
1997-02-16 00:00:00,0.569675863,16.65645843,0,0.0001,16.65645843,0
1997-02-17 00:00:00,0.559718549,16.65955848,0,0.0001,16.65955848,0
1997-02-18 00:00:00,0.561791062,16.66265853,0,0.0001,16.66265853,0
1997-02-19 00:00:00,0.589550138,16.66575857,0,0.0001,16.66575857,0
1997-02-20 00:00:00,0.650606096,16.66885862,0,0.0001,16.66885862,0
1997-02-21 00:00:00,0.716667771,16.67195867,0,0.0001,16.67195867,0
1997-02-22 00:00:00,0.766241252,16.67505871,0,0.0001,16.67505871,0
1997-02-23 00:00:00,0.78771013,16.67815876,0,0.0001,16.67815876,0
1997-02-24 00:00:00,0.804339647,16.68125881,0,0.0001,16.68125881,0
1997-02-25 00:00:00,0.838739514,16.68435885,0,0.0001,16.68435885,0
1997-02-26 00:00:00,0.867135286,16.6874589,0,0.0001,16.6874589,0
1997-02-27 00:00:00,0.87080276,16.69055895,0,0.0001,16.69055895,0
1997-02-28 00:00:00,0.855851531,16.69365899,0,0.0001,16.69365899,0
1997-03-01 00:00:00,0.830671787,16.69675904,0,0.0001,16.69675904,0
1997-03-02 00:00:00,0.809871495,16.69985909,0,0.0001,16.69985909,0
1997-03-03 00:00:00,0.796952605,16.70295914,0,0.0001,16.70295914,0
1997-03-04 00:00:00,0.775039375,16.70605918,0,0.0001,16.70605918,0
1997-03-05 00:00:00,0.747490346,16.70915923,0,0.0001,16.70915923,0
1997-03-06 00:00:00,0.719059169,16.71225928,0,0.0001,16.71225928,0
1997-03-07 00:00:00,0.68811357,16.71535932,0,0.0001,16.71535932,0
1997-03-08 00:00:00,0.656973362,16.71845937,0,0.0001,16.71845937,0
1997-03-09 00:00:00,0.627896845,16.72155942,0,0.0001,16.72155942,0
1997-03-10 00:00:00,0.599289894,16.72465946,0,0.0001,16.72465946,0
1997-03-11 00:00:00,0.57384342,16.72775951,0,0.0001,16.72775951,0
1997-03-12 00:00:00,0.545653999,16.73085956,0,0.0001,16.73085956,0
1997-03-13 00:00:00,0.511664391,16.73395961,0,0.0001,16.73395961,0
1997-03-14 00:00:00,0.4902969,16.73705965,0,0.0001,16.73705965,0
1997-03-15 00:00:00,0.477070242,16.7401597,0,0.0001,16.7401597,0
1997-03-16 00:00:00,0.455911785,16.74325975,0,0.0001,16.74325975,0
1997-03-17 00:00:00,0.430086106,16.74635979,0,0.0001,16.74635979,0
1997-03-18 00:00:00,0.41581893,16.74945984,0,0.0001,16.74945984,0
1997-03-19 00:00:00,0.425023109,16.75255989,0,0.0001,16.75255989,0
1997-03-20 00:00:00,0.408090532,16.75565993,0,0.0001,16.75565993,0
1997-03-21 00:00:00,0.392933667,16.75875998,0,0.0001,16.75875998,0
1997-03-22 00:00:00,0.38172254,16.76186003,0,0.0001,16.76186003,0
1997-03-23 00:00:00,0.365377486,16.76496008,0,0.0001,16.76496008,0
1997-03-24 00:00:00,0.353549272,16.76806012,0,0.0001,16.76806012,0
1997-03-25 00:00:00,0.345403492,16.77116017,0,0.0001,16.77116017,0
1997-03-26 00:00:00,0.347805679,16.77426022,0,0.0001,16.77426022,0
1997-03-27 00:00:00,0.379820913,16.77736026,0,0.0001,16.77736026,0
1997-03-28 00:00:00,0.399995685,16.78046031,0,0.0001,16.78046031,0
1997-03-29 00:00:00,0.407821566,16.78356036,0,0.0001,16.78356036,0
1997-03-30 00:00:00,0.403385937,16.7866604,0,0.0001,16.7866604,0
1997-03-31 00:00:00,0.393542469,16.78976045,0,0.0001,16.78976045,0
1997-04-01 00:00:00,0.381912827,16.7928605,0,0.0001,16.7928605,0
1997-04-02 00:00:00,0.370866328,16.79596054,0,0.0001,16.79596054,0
1997-04-03 00:00:00,0.376412958,16.79906059,0,0.0001,16.79906059,0
1997-04-04 00:00:00,0.378205597,16.80216064,0,0.0001,16.80216064,0
1997-04-05 00:00:00,0.385784149,16.80526069,0,0.0001,16.80526069,0
1997-04-06 00:00:00,0.397652537,16.80836073,0,0.0001,16.80836073,0
1997-04-07 00:00:00,0.397491544,16.81146078,0,0.0001,16.81146078,0
1997-04-08 00:00:00,0.396336883,16.81456083,0,0.0001,16.81456083,0
1997-04-09 00:00:00,0.391771913,16.81766087,0,0.0001,16.81766087,0
1997-04-10 00:00:00,0.38282153,16.82076092,0,0.0001,16.82076092,0
1997-04-11 00:00:00,0.37359345,16.82386097,0,0.0001,16.82386097,0
1997-04-12 00:00:00,0.363913208,16.82696101,0,0.0001,16.82696101,0
1997-04-13 00:00:00,0.351764321,16.83006106,0,0.0001,16.83006106,0
1997-04-14 00:00:00,0.340349436,16.83316111,0,0.0001,16.83316111,0
1997-04-15 00:00:00,0.323814332,16.83626116,0,0.0001,16.83626116,0
1997-04-16 00:00:00,0.310280293,16.8393612,0,0.0001,16.8393612,0
1997-04-17 00:00:00,0.298907608,16.84246125,0,0.0001,16.84246125,0
1997-04-18 00:00:00,0.286883712,16.8455613,0,0.0001,16.8455613,0
1997-04-19 00:00:00,0.277110904,16.84866134,0,0.0001,16.84866134,0
1997-04-20 00:00:00,0.266242892,16.85176139,0,0.0001,16.85176139,0
1997-04-21 00:00:00,0.257132381,16.85486144,0,0.0001,16.85486144,0
1997-04-22 00:00:00,0.246850744,16.85796148,0,0.0001,16.85796148,0
1997-04-23 00:00:00,0.236989886,16.86106153,0,0.0001,16.86106153,0
1997-04-24 00:00:00,0.264398903,16.86416158,0,0.0001,16.86416158,0
1997-04-25 00:00:00,0.299029022,16.86726163,0,0.0001,16.86726163,0
1997-04-26 00:00:00,0.301779509,16.87036167,0,0.0001,16.87036167,0
1997-04-27 00:00:00,0.300925881,16.87346172,0,0.0001,16.87346172,0
1997-04-28 00:00:00,0.298623979,16.87656177,0,0.0001,16.87656177,0
1997-04-29 00:00:00,0.313088417,16.87966181,0,0.0001,16.87966181,0
1997-04-30 00:00:00,0.314660639,16.88276186,0,0.0001,16.88276186,0
1997-05-01 00:00:00,0.27153191,16.88586191,0,0.0001,16.88586191,0
1997-05-02 00:00:00,0.247396797,16.88896195,0,0.0001,16.88896195,0
1997-05-03 00:00:00,0.228182912,16.892062,0,0.0001,16.892062,0
1997-05-04 00:00:00,0.229934722,16.89516205,0,0.0001,16.89516205,0
1997-05-05 00:00:00,0.281038195,16.89826209,0,0.0001,16.89826209,0
1997-05-06 00:00:00,0.278171152,16.90136214,0,0.0001,16.90136214,0
1997-05-07 00:00:00,0.269818097,16.90446219,0,0.0001,16.90446219,0
1997-05-08 00:00:00,0.270849466,16.90756224,0,0.0001,16.90756224,0
1997-05-09 00:00:00,0.273439586,16.91066228,0,0.0001,16.91066228,0
1997-05-10 00:00:00,0.256246865,16.91376233,0,0.0001,16.91376233,0
1997-05-11 00:00:00,0.247086197,16.91686238,0,0.0001,16.91686238,0
1997-05-12 00:00:00,0.242062703,16.91996242,0,0.0001,16.91996242,0
1997-05-13 00:00:00,0.231222004,16.92306247,0,0.0001,16.92306247,0
1997-05-14 00:00:00,0.216800824,16.92616252,0,0.0001,16.92616252,0
1997-05-15 00:00:00,0.212160915,16.92926256,0,0.0001,16.92926256,0
1997-05-16 00:00:00,0.213246346,16.93236261,0,0.0001,16.93236261,0
1997-05-17 00:00:00,0.189457044,16.93546266,0,0.0001,16.93546266,0
1997-05-18 00:00:00,0.350162327,16.93856271,0,0.0001,16.93856271,0
1997-05-19 00:00:00,0.382488638,16.94166275,0,0.0001,16.94166275,0
1997-05-20 00:00:00,0.467172176,16.9447628,0,0.0001,16.9447628,0
1997-05-21 00:00:00,0.556282759,16.94786285,0,0.0001,16.94786285,0
1997-05-22 00:00:00,0.559577286,16.95096289,0,0.0001,16.95096289,0
1997-05-23 00:00:00,0.531683862,16.95406294,0,0.0001,16.95406294,0
1997-05-24 00:00:00,0.46839115,16.95716299,0,0.0001,16.95716299,0
1997-05-25 00:00:00,0.405511588,16.96026303,0,0.0001,16.96026303,0
1997-05-26 00:00:00,0.373334587,16.96336308,0,0.0001,16.96336308,0
1997-05-27 00:00:00,0.398704112,16.96646313,0,0.0001,16.96646313,0
1997-05-28 00:00:00,0.441892803,16.96956318,0,0.0001,16.96956318,0
1997-05-29 00:00:00,0.436866015,16.97266322,0,0.0001,16.97266322,0
1997-05-30 00:00:00,0.407681495,16.97576327,0,0.0001,16.97576327,0
1997-05-31 00:00:00,0.357477665,16.97886332,0,0.0001,16.97886332,0
1997-06-01 00:00:00,0.314781636,16.98196336,0,0.0001,16.98196336,0
1997-06-02 00:00:00,0.279903859,16.98506341,0,0.0001,16.98506341,0
1997-06-03 00:00:00,0.255331486,16.98816346,0,0.0001,16.98816346,0
1997-06-04 00:00:00,0.23392199,16.9912635,0,0.0001,16.9912635,0
1997-06-05 00:00:00,0.219216064,16.99436355,0,0.0001,16.99436355,0
1997-06-06 00:00:00,0.199460164,16.9974636,0,0.0001,16.9974636,0
1997-06-07 00:00:00,0.175755903,17.00056364,0,0.0001,17.00056364,0
1997-06-08 00:00:00,0.161532611,17.00366369,0,0.0001,17.00366369,0
1997-06-09 00:00:00,0.160053045,17.00676374,0,0.0001,17.00676374,0
1997-06-10 00:00:00,0.14900282,17.00986379,0,0.0001,17.00986379,0
1997-06-11 00:00:00,0.140657753,17.01296383,0,0.0001,17.01296383,0
1997-06-12 00:00:00,0.137542874,17.01606388,0,0.0001,17.01606388,0
1997-06-13 00:00:00,0.150310636,17.01916393,0,0.0001,17.01916393,0
1997-06-14 00:00:00,0.166579366,17.02226397,0,0.0001,17.02226397,0
1997-06-15 00:00:00,0.152570292,17.02536402,0,0.0001,17.02536402,0
1997-06-16 00:00:00,0.133924782,17.02846407,0,0.0001,17.02846407,0
1997-06-17 00:00:00,0.171813086,17.03156411,0,0.0001,17.03156411,0
1997-06-18 00:00:00,0.166186079,17.03466416,0,0.0001,17.03466416,0
1997-06-19 00:00:00,0.161680892,17.03776421,0,0.0001,17.03776421,0
1997-06-20 00:00:00,0.156882584,17.04086426,0,0.0001,17.04086426,0
1997-06-21 00:00:00,0.160810649,17.0439643,0,0.0001,17.0439643,0
1997-06-22 00:00:00,0.169220373,17.04706435,0,0.0001,17.04706435,0
1997-06-23 00:00:00,0.175234854,17.0501644,0,0.0001,17.0501644,0
1997-06-24 00:00:00,0.174430236,17.05326444,0,0.0001,17.05326444,0
1997-06-25 00:00:00,0.162950963,17.05636449,0,0.0001,17.05636449,0
1997-06-26 00:00:00,0.15934132,17.05946454,0,0.0001,17.05946454,0
1997-06-27 00:00:00,0.192017719,17.06256458,0,0.0001,17.06256458,0
1997-06-28 00:00:00,0.240807638,17.06566463,0,0.0001,17.06566463,0
1997-06-29 00:00:00,0.256185412,17.06876468,0,0.0001,17.06876468,0
1997-06-30 00:00:00,0.266497821,17.07186473,0,0.0001,17.07186473,0
1997-07-01 00:00:00,0.267453194,17.07496477,0,0.0001,17.07496477,0
1997-07-02 00:00:00,0.267123699,17.07806482,0,0.0001,17.07806482,0
1997-07-03 00:00:00,0.270519972,17.08116487,0,0.0001,17.08116487,0
1997-07-04 00:00:00,0.273672253,17.08426491,0,0.0001,17.08426491,0
1997-07-05 00:00:00,0.273498148,17.08736496,0,0.0001,17.08736496,0
1997-07-06 00:00:00,0.260346234,17.09046501,0,0.0001,17.09046501,0
1997-07-07 00:00:00,0.245028704,17.09356505,0,0.0001,17.09356505,0
1997-07-08 00:00:00,0.224920765,17.0966651,0,0.0001,17.0966651,0
1997-07-09 00:00:00,0.213288739,17.09976515,0,0.0001,17.09976515,0
1997-07-10 00:00:00,0.203157008,17.10286519,0,0.0001,17.10286519,0
1997-07-11 00:00:00,0.191320583,17.10596524,0,0.0001,17.10596524,0
1997-07-12 00:00:00,0.182786271,17.10906529,0,0.0001,17.10906529,0
1997-07-13 00:00:00,0.173183933,17.11216534,0,0.0001,17.11216534,0
1997-07-14 00:00:00,0.161167428,17.11526538,0,0.0001,17.11526538,0
1997-07-15 00:00:00,0.152255237,17.11836543,0,0.0001,17.11836543,0
1997-07-16 00:00:00,0.14230071,17.12146548,0,0.0001,17.12146548,0
1997-07-17 00:00:00,0.134631246,17.12456552,0,0.0001,17.12456552,0
1997-07-18 00:00:00,0.125384241,17.12766557,0,0.0001,17.12766557,0
1997-07-19 00:00:00,0.117110319,17.13076562,0,0.0001,17.13076562,0
1997-07-20 00:00:00,0.111189969,17.13386566,0,0.0001,17.13386566,0
1997-07-21 00:00:00,0.106401533,17.13696571,0,0.0001,17.13696571,0
1997-07-22 00:00:00,0.103230998,17.14006576,0,0.0001,17.14006576,0
1997-07-23 00:00:00,0.100357279,17.14316581,0,0.0001,17.14316581,0
1997-07-24 00:00:00,0.105367824,17.14626585,0,0.0001,17.14626585,0
1997-07-25 00:00:00,0.116060294,17.1493659,0,0.0001,17.1493659,0
1997-07-26 00:00:00,0.123653546,17.15246595,0,0.0001,17.15246595,0
1997-07-27 00:00:00,0.150866285,17.15556599,0,0.0001,17.15556599,0
1997-07-28 00:00:00,0.162666008,17.15866604,0,0.0001,17.15866604,0
1997-07-29 00:00:00,0.159348249,17.16176609,0,0.0001,17.16176609,0
1997-07-30 00:00:00,0.156629041,17.16486613,0,0.0001,17.16486613,0
1997-07-31 00:00:00,0.171403065,17.16796618,0,0.0001,17.16796618,0
1997-08-01 00:00:00,0.181057528,17.17106623,0,0.0001,17.17106623,0
1997-08-02 00:00:00,0.18011865,17.17416628,0,0.0001,17.17416628,0
1997-08-03 00:00:00,0.175446823,17.17726632,0,0.0001,17.17726632,0
1997-08-04 00:00:00,0.168812096,17.18036637,0,0.0001,17.18036637,0
1997-08-05 00:00:00,0.163007006,17.18346642,0,0.0001,17.18346642,0
1997-08-06 00:00:00,0.157076031,17.18656646,0,0.0001,17.18656646,0
1997-08-07 00:00:00,0.148868605,17.18966651,0,0.0001,17.18966651,0
1997-08-08 00:00:00,0.14110218,17.19276656,0,0.0001,17.19276656,0
1997-08-09 00:00:00,0.134229392,17.1958666,0,0.0001,17.1958666,0
1997-08-10 00:00:00,0.128981292,17.19896665,0,0.0001,17.19896665,0
1997-08-11 00:00:00,0.122956395,17.2020667,0,0.0001,17.2020667,0
1997-08-12 00:00:00,0.116436802,17.20516674,0,0.0001,17.20516674,0
1997-08-13 00:00:00,0.110472284,17.20826679,0,0.0001,17.20826679,0
1997-08-14 00:00:00,0.101392627,17.21136684,0,0.0001,17.21136684,0
1997-08-15 00:00:00,0.093030535,17.21446689,0,0.0001,17.21446689,0
1997-08-16 00:00:00,0.087276891,17.21756693,0,0.0001,17.21756693,0
1997-08-17 00:00:00,0.083435908,17.22066698,0,0.0001,17.22066698,0
1997-08-18 00:00:00,0.081078239,17.22376703,0,0.0001,17.22376703,0
1997-08-19 00:00:00,0.078265928,17.22686707,0,0.0001,17.22686707,0
1997-08-20 00:00:00,0.075459786,17.22996712,0,0.0001,17.22996712,0
1997-08-21 00:00:00,0.070892118,17.23306717,0,0.0001,17.23306717,0
1997-08-22 00:00:00,0.06485264,17.23616721,0,0.0001,17.23616721,0
1997-08-23 00:00:00,0.062319342,17.23926726,0,0.0001,17.23926726,0
1997-08-24 00:00:00,0.060010087,17.24236731,0,0.0001,17.24236731,0
1997-08-25 00:00:00,0.061931007,17.24546736,0,0.0001,17.24546736,0
1997-08-26 00:00:00,0.073234327,17.2485674,0,0.0001,17.2485674,0
1997-08-27 00:00:00,0.07968425,17.25166745,0,0.0001,17.25166745,0
1997-08-28 00:00:00,0.083747528,17.2547675,0,0.0001,17.2547675,0
1997-08-29 00:00:00,0.085411131,17.25786754,0,0.0001,17.25786754,0
1997-08-30 00:00:00,0.087289318,17.26096759,0,0.0001,17.26096759,0
1997-08-31 00:00:00,0.090240404,17.26406764,0,0.0001,17.26406764,0
1997-09-01 00:00:00,0.091641814,17.26716768,0,0.0001,17.26716768,0
1997-09-02 00:00:00,0.092342086,17.27026773,0,0.0001,17.27026773,0
1997-09-03 00:00:00,0.094941922,17.27336778,0,0.0001,17.27336778,0
1997-09-04 00:00:00,0.093039416,17.27646783,0,0.0001,17.27646783,0
1997-09-05 00:00:00,0.09289562,17.27956787,0,0.0001,17.27956787,0
1997-09-06 00:00:00,0.089835539,17.28266792,0,0.0001,17.28266792,0
1997-09-07 00:00:00,0.090946928,17.28576797,0,0.0001,17.28576797,0
1997-09-08 00:00:00,0.086694576,17.28886801,0,0.0001,17.28886801,0
1997-09-09 00:00:00,0.077486865,17.29196806,0,0.0001,17.29196806,0
1997-09-10 00:00:00,0.068564706,17.29506811,0,0.0001,17.29506811,0
1997-09-11 00:00:00,0.065710351,17.29816815,0,0.0001,17.29816815,0
1997-09-12 00:00:00,0.067051739,17.3012682,0,0.0001,17.3012682,0
1997-09-13 00:00:00,0.070513241,17.30436825,0,0.0001,17.30436825,0
1997-09-14 00:00:00,0.068228215,17.30746829,0,0.0001,17.30746829,0
1997-09-15 00:00:00,0.068471529,17.31056834,0,0.0001,17.31056834,0
1997-09-16 00:00:00,0.072367474,17.31366839,0,0.0001,17.31366839,0
1997-09-17 00:00:00,0.07294029,17.31676844,0,0.0001,17.31676844,0
1997-09-18 00:00:00,0.072646938,17.31986848,0,0.0001,17.31986848,0
1997-09-19 00:00:00,0.072190844,17.32296853,0,0.0001,17.32296853,0
1997-09-20 00:00:00,0.07061217,17.32606858,0,0.0001,17.32606858,0
1997-09-21 00:00:00,0.068011224,17.32916862,0,0.0001,17.32916862,0
1997-09-22 00:00:00,0.06606213,17.33226867,0,0.0001,17.33226867,0
1997-09-23 00:00:00,0.064027488,17.33536872,0,0.0001,17.33536872,0
1997-09-24 00:00:00,0.065204635,17.33846876,0,0.0001,17.33846876,0
1997-09-25 00:00:00,0.065586098,17.34156881,0,0.0001,17.34156881,0
1997-09-26 00:00:00,0.067793652,17.34466886,0,0.0001,17.34466886,0
1997-09-27 00:00:00,0.069966264,17.34776891,0,0.0001,17.34776891,0
1997-09-28 00:00:00,0.071033008,17.35086895,0,0.0001,17.35086895,0
1997-09-29 00:00:00,0.071601719,17.353969,0,0.0001,17.353969,0
1997-09-30 00:00:00,0.072911747,17.35706905,0,0.0001,17.35706905,0
1997-10-01 00:00:00,0.074674822,17.36016909,0,0.0001,17.36016909,0
1997-10-02 00:00:00,0.075934038,17.36326914,0,0.0001,17.36326914,0
1997-10-03 00:00:00,0.076048329,17.36636919,0,0.0001,17.36636919,0
1997-10-04 00:00:00,0.077225491,17.36946923,0,0.0001,17.36946923,0
1997-10-05 00:00:00,0.083740056,17.37256928,0,0.0001,17.37256928,0
1997-10-06 00:00:00,0.087185167,17.37566933,0,0.0001,17.37566933,0
1997-10-07 00:00:00,0.09400063,17.37876938,0,0.0001,17.37876938,0
1997-10-08 00:00:00,0.104237355,17.38186942,0,0.0001,17.38186942,0
1997-10-09 00:00:00,0.135361686,17.38496947,0,0.0001,17.38496947,0
1997-10-10 00:00:00,0.196682543,17.38806952,0,0.0001,17.38806952,0
1997-10-11 00:00:00,0.264734119,17.39116956,0,0.0001,17.39116956,0
1997-10-12 00:00:00,0.302174956,17.39426961,0,0.0001,17.39426961,0
1997-10-13 00:00:00,0.320637196,17.39736966,0,0.0001,17.39736966,0
1997-10-14 00:00:00,0.331764907,17.4004697,0,0.0001,17.4004697,0
1997-10-15 00:00:00,0.34335053,17.40356975,0,0.0001,17.40356975,0
1997-10-16 00:00:00,0.339376718,17.4066698,0,0.0001,17.4066698,0
1997-10-17 00:00:00,0.341690779,17.40976984,0,0.0001,17.40976984,0
1997-10-18 00:00:00,0.3501724,17.41286989,0,0.0001,17.41286989,0
1997-10-19 00:00:00,0.348617733,17.41596994,0,0.0001,17.41596994,0
1997-10-20 00:00:00,0.343064964,17.41906999,0,0.0001,17.41906999,0
1997-10-21 00:00:00,0.331649989,17.42217003,0,0.0001,17.42217003,0
1997-10-22 00:00:00,0.320024848,17.42527008,0,0.0001,17.42527008,0
1997-10-23 00:00:00,0.311565816,17.42837013,0,0.0001,17.42837013,0
1997-10-24 00:00:00,0.306034595,17.43147017,0,0.0001,17.43147017,0
1997-10-25 00:00:00,0.294538736,17.43457022,0,0.0001,17.43457022,0
1997-10-26 00:00:00,0.285677582,17.43767027,0,0.0001,17.43767027,0
1997-10-27 00:00:00,0.275779009,17.44077031,0,0.0001,17.44077031,0
1997-10-28 00:00:00,0.264318168,17.44387036,0,0.0001,17.44387036,0
1997-10-29 00:00:00,0.256624639,17.44697041,0,0.0001,17.44697041,0
1997-10-30 00:00:00,0.25541383,17.45007046,0,0.0001,17.45007046,0
1997-10-31 00:00:00,0.250062466,17.4531705,0,0.0001,17.4531705,0
1997-11-01 00:00:00,0.242392823,17.45627055,0,0.0001,17.45627055,0
1997-11-02 00:00:00,0.239212066,17.4593706,0,0.0001,17.4593706,0
1997-11-03 00:00:00,0.23260884,17.46247064,0,0.0001,17.46247064,0
1997-11-04 00:00:00,0.22754094,17.46557069,0,0.0001,17.46557069,0
1997-11-05 00:00:00,0.220336348,17.46867074,0,0.0001,17.46867074,0
1997-11-06 00:00:00,0.225619167,17.47177078,0,0.0001,17.47177078,0
1997-11-07 00:00:00,0.23269029,17.47487083,0,0.0001,17.47487083,0
1997-11-08 00:00:00,0.243292302,17.47797088,0,0.0001,17.47797088,0
1997-11-09 00:00:00,0.245914623,17.48107093,0,0.0001,17.48107093,0
1997-11-10 00:00:00,0.246881217,17.48417097,0,0.0001,17.48417097,0
1997-11-11 00:00:00,0.24972339,17.48727102,0,0.0001,17.48727102,0
1997-11-12 00:00:00,0.249062777,17.49037107,0,0.0001,17.49037107,0
1997-11-13 00:00:00,0.252486438,17.49347111,0,0.0001,17.49347111,0
1997-11-14 00:00:00,0.251651555,17.49657116,0,0.0001,17.49657116,0
1997-11-15 00:00:00,0.268019259,17.49967121,0,0.0001,17.49967121,0
1997-11-16 00:00:00,0.278500795,17.50277125,0,0.0001,17.50277125,0
1997-11-17 00:00:00,0.281173617,17.5058713,0,0.0001,17.5058713,0
1997-11-18 00:00:00,0.279611677,17.50897135,0,0.0001,17.50897135,0
1997-11-19 00:00:00,0.275130183,17.5120714,0,0.0001,17.5120714,0
1997-11-20 00:00:00,0.270680219,17.51517144,0,0.0001,17.51517144,0
1997-11-21 00:00:00,0.263153017,17.51827149,0,0.0001,17.51827149,0
1997-11-22 00:00:00,0.267485857,17.52137154,0,0.0001,17.52137154,0
1997-11-23 00:00:00,0.271688908,17.52447158,0,0.0001,17.52447158,0
1997-11-24 00:00:00,0.270782232,17.52757163,0,0.0001,17.52757163,0
1997-11-25 00:00:00,0.262234539,17.53067168,0,0.0001,17.53067168,0
1997-11-26 00:00:00,0.255656034,17.53377172,0,0.0001,17.53377172,0
1997-11-27 00:00:00,0.247604385,17.53687177,0,0.0001,17.53687177,0
1997-11-28 00:00:00,0.240837887,17.53997182,0,0.0001,17.53997182,0
1997-11-29 00:00:00,0.241054118,17.54307186,0,0.0001,17.54307186,0
1997-11-30 00:00:00,0.25447768,17.54617191,0,0.0001,17.54617191,0
1997-12-01 00:00:00,0.268703759,17.54927196,0,0.0001,17.54927196,0
1997-12-02 00:00:00,0.272788078,17.55237201,0,0.0001,17.55237201,0
1997-12-03 00:00:00,0.272995144,17.55547205,0,0.0001,17.55547205,0
1997-12-04 00:00:00,0.271579266,17.5585721,0,0.0001,17.5585721,0
1997-12-05 00:00:00,0.267961621,17.56167215,0,0.0001,17.56167215,0
1997-12-06 00:00:00,0.267491013,17.56477219,0,0.0001,17.56477219,0
1997-12-07 00:00:00,0.274409831,17.56787224,0,0.0001,17.56787224,0
1997-12-08 00:00:00,0.278461426,17.57097229,0,0.0001,17.57097229,0
1997-12-09 00:00:00,0.283544809,17.57407233,0,0.0001,17.57407233,0
1997-12-10 00:00:00,0.301493198,17.57717238,0,0.0001,17.57717238,0
1997-12-11 00:00:00,0.335411102,17.58027243,0,0.0001,17.58027243,0
1997-12-12 00:00:00,0.358197331,17.58337248,0,0.0001,17.58337248,0
1997-12-13 00:00:00,0.374168426,17.58647252,0,0.0001,17.58647252,0
1997-12-14 00:00:00,0.382806093,17.58957257,0,0.0001,17.58957257,0
1997-12-15 00:00:00,0.381674916,17.59267262,0,0.0001,17.59267262,0
1997-12-16 00:00:00,0.373797625,17.59577266,0,0.0001,17.59577266,0
1997-12-17 00:00:00,0.367883295,17.59887271,0,0.0001,17.59887271,0
1997-12-18 00:00:00,0.353380203,17.60197276,0,0.0001,17.60197276,0
1997-12-19 00:00:00,0.342134148,17.6050728,0,0.0001,17.6050728,0
1997-12-20 00:00:00,0.334417224,17.60817285,0,0.0001,17.60817285,0
1997-12-21 00:00:00,0.323890001,17.6112729,0,0.0001,17.6112729,0
1997-12-22 00:00:00,0.316740006,17.61437295,0,0.0001,17.61437295,0
1997-12-23 00:00:00,0.312739521,17.61747299,0,0.0001,17.61747299,0
1997-12-24 00:00:00,0.306488156,17.62057304,0,0.0001,17.62057304,0
1997-12-25 00:00:00,0.331768513,17.62367309,0,0.0001,17.62367309,0
1997-12-26 00:00:00,0.384201765,17.62677313,0,0.0001,17.62677313,0
1997-12-27 00:00:00,0.43752417,17.62987318,0,0.0001,17.62987318,0
1997-12-28 00:00:00,0.475291461,17.63297323,0,0.0001,17.63297323,0
1997-12-29 00:00:00,0.492667556,17.63607327,0,0.0001,17.63607327,0
1997-12-30 00:00:00,0.500644207,17.63917332,0,0.0001,17.63917332,0
1997-12-31 00:00:00,0.504749477,17.64227337,0,0.0001,17.64227337,0
1998-01-01 00:00:00,0.499771476,17.64537341,0,0.0001,17.64537341,0
1998-01-02 00:00:00,0.49580422,17.64847346,0,0.0001,17.64847346,0
1998-01-03 00:00:00,0.498319089,17.65157351,0,0.0001,17.65157351,0
1998-01-04 00:00:00,0.571696281,17.65467356,0,0.0001,17.65467356,0
1998-01-05 00:00:00,0.617154598,17.6577736,0,0.0001,17.6577736,0
1998-01-06 00:00:00,0.649989486,17.66087365,0,0.0001,17.66087365,0
1998-01-07 00:00:00,0.68212682,17.6639737,0,0.0001,17.6639737,0
1998-01-08 00:00:00,0.718736887,17.66707374,0,0.0001,17.66707374,0
1998-01-09 00:00:00,0.74144429,17.67017379,0,0.0001,17.67017379,0
1998-01-10 00:00:00,0.759576082,17.67327384,0,0.0001,17.67327384,0
1998-01-11 00:00:00,0.766734898,17.67637388,0,0.0001,17.67637388,0
1998-01-12 00:00:00,0.762630999,17.67947393,0,0.0001,17.67947393,0
1998-01-13 00:00:00,0.74914366,17.68257398,0,0.0001,17.68257398,0
1998-01-14 00:00:00,0.730930448,17.68567403,0,0.0001,17.68567403,0
1998-01-15 00:00:00,0.716490984,17.68877407,0,0.0001,17.68877407,0
1998-01-16 00:00:00,0.709011793,17.69187412,0,0.0001,17.69187412,0
1998-01-17 00:00:00,0.705687642,17.69497417,0,0.0001,17.69497417,0
1998-01-18 00:00:00,0.702940881,17.69807421,0,0.0001,17.69807421,0
1998-01-19 00:00:00,0.710459769,17.70117426,0,0.0001,17.70117426,0
1998-01-20 00:00:00,0.731528163,17.70427431,0,0.0001,17.70427431,0
1998-01-21 00:00:00,0.733103037,17.70737435,0,0.0001,17.70737435,0
1998-01-22 00:00:00,0.720452368,17.7104744,0,0.0001,17.7104744,0
1998-01-23 00:00:00,0.698146641,17.71357445,0,0.0001,17.71357445,0
1998-01-24 00:00:00,0.67585659,17.7166745,0,0.0001,17.7166745,0
1998-01-25 00:00:00,0.649677932,17.71977454,0,0.0001,17.71977454,0
1998-01-26 00:00:00,0.621207833,17.72287459,0,0.0001,17.72287459,0
1998-01-27 00:00:00,0.595740557,17.72597464,0,0.0001,17.72597464,0
1998-01-28 00:00:00,0.578099549,17.72907468,0,0.0001,17.72907468,0
1998-01-29 00:00:00,0.556437373,17.73217473,0,0.0001,17.73217473,0
1998-01-30 00:00:00,0.531854391,17.73527478,0,0.0001,17.73527478,0
1998-01-31 00:00:00,0.506041944,17.73837482,0,0.0001,17.73837482,0
1998-02-01 00:00:00,0.472737193,17.74147487,0,0.0001,17.74147487,0
1998-02-02 00:00:00,0.448971093,17.74457492,0,0.0001,17.74457492,0
1998-02-03 00:00:00,0.437764406,17.74767496,0,0.0001,17.74767496,0
1998-02-04 00:00:00,0.433094174,17.75077501,0,0.0001,17.75077501,0
1998-02-05 00:00:00,0.441969007,17.75387506,0,0.0001,17.75387506,0
1998-02-06 00:00:00,0.445653439,17.75697511,0,0.0001,17.75697511,0
1998-02-07 00:00:00,0.448286891,17.76007515,0,0.0001,17.76007515,0
1998-02-08 00:00:00,0.448230237,17.7631752,0,0.0001,17.7631752,0
1998-02-09 00:00:00,0.448985159,17.76627525,0,0.0001,17.76627525,0
1998-02-10 00:00:00,0.457167834,17.76937529,0,0.0001,17.76937529,0
1998-02-11 00:00:00,0.478357315,17.77247534,0,0.0001,17.77247534,0
1998-02-12 00:00:00,0.544955373,17.77557539,0,0.0001,17.77557539,0
1998-02-13 00:00:00,0.6059286,17.77867543,0,0.0001,17.77867543,0
1998-02-14 00:00:00,0.655313611,17.78177548,0,0.0001,17.78177548,0
1998-02-15 00:00:00,0.704632759,17.78487553,0,0.0001,17.78487553,0
1998-02-16 00:00:00,0.747830331,17.78797558,0,0.0001,17.78797558,0
1998-02-17 00:00:00,0.786610186,17.79107562,0,0.0001,17.79107562,0
1998-02-18 00:00:00,0.801202834,17.79417567,0,0.0001,17.79417567,0
1998-02-19 00:00:00,0.803260744,17.79727572,0,0.0001,17.79727572,0
1998-02-20 00:00:00,0.789719582,17.80037576,0,0.0001,17.80037576,0
1998-02-21 00:00:00,0.769312918,17.80347581,0,0.0001,17.80347581,0
1998-02-22 00:00:00,0.757084966,17.80657586,0,0.0001,17.80657586,0
1998-02-23 00:00:00,0.735195518,17.8096759,0,0.0001,17.8096759,0
1998-02-24 00:00:00,0.720275879,17.81277595,0,0.0001,17.81277595,0
1998-02-25 00:00:00,0.701675236,17.815876,0,0.0001,17.815876,0
1998-02-26 00:00:00,0.676427782,17.81897605,0,0.0001,17.81897605,0
1998-02-27 00:00:00,0.657528341,17.82207609,0,0.0001,17.82207609,0
1998-02-28 00:00:00,0.650577486,17.82517614,0,0.0001,17.82517614,0
1998-03-01 00:00:00,0.638571382,17.82827619,0,0.0001,17.82827619,0
1998-03-02 00:00:00,0.638821006,17.83137623,0,0.0001,17.83137623,0
1998-03-03 00:00:00,0.66176182,17.83447628,0,0.0001,17.83447628,0
1998-03-04 00:00:00,0.772538126,17.83757633,0,0.0001,17.83757633,0
1998-03-05 00:00:00,0.93576628,17.84067637,0,0.0001,17.84067637,0
1998-03-06 00:00:00,1.091828942,17.84377642,0,0.0001,17.84377642,0
1998-03-07 00:00:00,1.209397554,17.84687647,0,0.0001,17.84687647,0
1998-03-08 00:00:00,1.275539398,17.84997651,0,0.0001,17.84997651,0
1998-03-09 00:00:00,1.283837199,17.85307656,0,0.0001,17.85307656,0
1998-03-10 00:00:00,1.259202838,17.85617661,0,0.0001,17.85617661,0
1998-03-11 00:00:00,1.223316669,17.85927666,0,0.0001,17.85927666,0
1998-03-12 00:00:00,1.195638061,17.8623767,0,0.0001,17.8623767,0
1998-03-13 00:00:00,1.159503698,17.86547675,0,0.0001,17.86547675,0
1998-03-14 00:00:00,1.128977656,17.8685768,0,0.0001,17.8685768,0
1998-03-15 00:00:00,1.094290733,17.87167684,0,0.0001,17.87167684,0
1998-03-16 00:00:00,1.053389907,17.87477689,0,0.0001,17.87477689,0
1998-03-17 00:00:00,1.012932062,17.87787694,0,0.0001,17.87787694,0
1998-03-18 00:00:00,0.969886363,17.88097698,0,0.0001,17.88097698,0
1998-03-19 00:00:00,0.923450947,17.88407703,0,0.0001,17.88407703,0
1998-03-20 00:00:00,0.88066864,17.88717708,0,0.0001,17.88717708,0
1998-03-21 00:00:00,0.836227775,17.89027713,0,0.0001,17.89027713,0
1998-03-22 00:00:00,0.79629463,17.89337717,0,0.0001,17.89337717,0
1998-03-23 00:00:00,0.755311072,17.89647722,0,0.0001,17.89647722,0
1998-03-24 00:00:00,0.719593644,17.89957727,0,0.0001,17.89957727,0
1998-03-25 00:00:00,0.685073435,17.90267731,0,0.0001,17.90267731,0
1998-03-26 00:00:00,0.653884172,17.90577736,0,0.0001,17.90577736,0
1998-03-27 00:00:00,0.637248933,17.90887741,0,0.0001,17.90887741,0
1998-03-28 00:00:00,0.618254602,17.91197745,0,0.0001,17.91197745,0
1998-03-29 00:00:00,0.601058722,17.9150775,0,0.0001,17.9150775,0
1998-03-30 00:00:00,0.584045172,17.91817755,0,0.0001,17.91817755,0
1998-03-31 00:00:00,0.566899419,17.9212776,0,0.0001,17.9212776,0
1998-04-01 00:00:00,0.549147666,17.92437764,0,0.0001,17.92437764,0
1998-04-02 00:00:00,0.526362896,17.92747769,0,0.0001,17.92747769,0
1998-04-03 00:00:00,0.547067761,17.93057774,0,0.0001,17.93057774,0
1998-04-04 00:00:00,0.609019876,17.93367778,0,0.0001,17.93367778,0
1998-04-05 00:00:00,0.694380522,17.93677783,0,0.0001,17.93677783,0
1998-04-06 00:00:00,0.784608006,17.93987788,0,0.0001,17.93987788,0
1998-04-07 00:00:00,0.852422595,17.94297792,0,0.0001,17.94297792,0
1998-04-08 00:00:00,0.884327412,17.94607797,0,0.0001,17.94607797,0
1998-04-09 00:00:00,0.890019119,17.94917802,0,0.0001,17.94917802,0
1998-04-10 00:00:00,0.877108276,17.95227806,0,0.0001,17.95227806,0
1998-04-11 00:00:00,0.852915764,17.95537811,0,0.0001,17.95537811,0
1998-04-12 00:00:00,0.827811182,17.95847816,0,0.0001,17.95847816,0
1998-04-13 00:00:00,0.80133605,17.96157821,0,0.0001,17.96157821,0
1998-04-14 00:00:00,0.77507627,17.96467825,0,0.0001,17.96467825,0
1998-04-15 00:00:00,0.756242275,17.9677783,0,0.0001,17.9677783,0
1998-04-16 00:00:00,0.755039036,17.97087835,0,0.0001,17.97087835,0
1998-04-17 00:00:00,0.757284224,17.97397839,0,0.0001,17.97397839,0
1998-04-18 00:00:00,0.748517334,17.97707844,0,0.0001,17.97707844,0
1998-04-19 00:00:00,0.73299408,17.98017849,0,0.0001,17.98017849,0
1998-04-20 00:00:00,0.712641239,17.98327853,0,0.0001,17.98327853,0
1998-04-21 00:00:00,0.695845783,17.98637858,0,0.0001,17.98637858,0
1998-04-22 00:00:00,0.674328864,17.98947863,0,0.0001,17.98947863,0
1998-04-23 00:00:00,0.652359188,17.99257868,0,0.0001,17.99257868,0
1998-04-24 00:00:00,0.634934366,17.99567872,0,0.0001,17.99567872,0
1998-04-25 00:00:00,0.630268216,17.99877877,0,0.0001,17.99877877,0
1998-04-26 00:00:00,0.616400898,18.00187882,0,0.0001,18.00187882,0
1998-04-27 00:00:00,0.606838763,18.00497886,0,0.0001,18.00497886,0
1998-04-28 00:00:00,0.600995302,18.00807891,0,0.0001,18.00807891,0
1998-04-29 00:00:00,0.592724264,18.01117896,0,0.0001,18.01117896,0
1998-04-30 00:00:00,0.583043218,18.014279,0,0.0001,18.014279,0
1998-05-01 00:00:00,0.570286155,18.01737905,0,0.0001,18.01737905,0
1998-05-02 00:00:00,0.553588808,18.0204791,0,0.0001,18.0204791,0
1998-05-03 00:00:00,0.530354917,18.02357915,0,0.0001,18.02357915,0
1998-05-04 00:00:00,0.509346247,18.02667919,0,0.0001,18.02667919,0
1998-05-05 00:00:00,0.484310836,18.02977924,0,0.0001,18.02977924,0
1998-05-06 00:00:00,0.475391746,18.03287929,0,0.0001,18.03287929,0
1998-05-07 00:00:00,0.466545284,18.03597933,0,0.0001,18.03597933,0
1998-05-08 00:00:00,0.448676348,18.03907938,0,0.0001,18.03907938,0
1998-05-09 00:00:00,0.434775263,18.04217943,0,0.0001,18.04217943,0
1998-05-10 00:00:00,0.41792959,18.04527947,0,0.0001,18.04527947,0
1998-05-11 00:00:00,0.422481865,18.04837952,0,0.0001,18.04837952,0
1998-05-12 00:00:00,0.428034455,18.05147957,0,0.0001,18.05147957,0
1998-05-13 00:00:00,0.412595779,18.05457961,0,0.0001,18.05457961,0
1998-05-14 00:00:00,0.396369696,18.05767966,0,0.0001,18.05767966,0
1998-05-15 00:00:00,0.378969491,18.06077971,0,0.0001,18.06077971,0
1998-05-16 00:00:00,0.362233549,18.06387976,0,0.0001,18.06387976,0
1998-05-17 00:00:00,0.34828189,18.0669798,0,0.0001,18.0669798,0
1998-05-18 00:00:00,0.330790907,18.07007985,0,0.0001,18.07007985,0
1998-05-19 00:00:00,0.309914559,18.0731799,0,0.0001,18.0731799,0
1998-05-20 00:00:00,0.291297406,18.07627994,0,0.0001,18.07627994,0
1998-05-21 00:00:00,0.277814448,18.07937999,0,0.0001,18.07937999,0
1998-05-22 00:00:00,0.270498693,18.08248004,0,0.0001,18.08248004,0
1998-05-23 00:00:00,0.256191522,18.08558008,0,0.0001,18.08558008,0
1998-05-24 00:00:00,0.24408114,18.08868013,0,0.0001,18.08868013,0
1998-05-25 00:00:00,0.234297439,18.09178018,0,0.0001,18.09178018,0
1998-05-26 00:00:00,0.230946243,18.09488023,0,0.0001,18.09488023,0
1998-05-27 00:00:00,0.229895487,18.09798027,0,0.0001,18.09798027,0
1998-05-28 00:00:00,0.227548331,18.10108032,0,0.0001,18.10108032,0
1998-05-29 00:00:00,0.223195136,18.10418037,0,0.0001,18.10418037,0
1998-05-30 00:00:00,0.218377233,18.10728041,0,0.0001,18.10728041,0
1998-05-31 00:00:00,0.209293306,18.11038046,0,0.0001,18.11038046,0
1998-06-01 00:00:00,0.203298628,18.11348051,0,0.0001,18.11348051,0
1998-06-02 00:00:00,0.197085425,18.11658055,0,0.0001,18.11658055,0
1998-06-03 00:00:00,0.190087914,18.1196806,0,0.0001,18.1196806,0
1998-06-04 00:00:00,0.186442345,18.12278065,0,0.0001,18.12278065,0
1998-06-05 00:00:00,0.178992912,18.1258807,0,0.0001,18.1258807,0
1998-06-06 00:00:00,0.175726935,18.12898074,0,0.0001,18.12898074,0
1998-06-07 00:00:00,0.181052119,18.13208079,0,0.0001,18.13208079,0
1998-06-08 00:00:00,0.185181379,18.13518084,0,0.0001,18.13518084,0
1998-06-09 00:00:00,0.187145039,18.13828088,0,0.0001,18.13828088,0
1998-06-10 00:00:00,0.201093227,18.14138093,0,0.0001,18.14138093,0
1998-06-11 00:00:00,0.201944157,18.14448098,0,0.0001,18.14448098,0
1998-06-12 00:00:00,0.194464773,18.14758102,0,0.0001,18.14758102,0
1998-06-13 00:00:00,0.179918766,18.15068107,0,0.0001,18.15068107,0
1998-06-14 00:00:00,0.17433469,18.15378112,0,0.0001,18.15378112,0
1998-06-15 00:00:00,0.169371054,18.15688116,0,0.0001,18.15688116,0
1998-06-16 00:00:00,0.160556167,18.15998121,0,0.0001,18.15998121,0
1998-06-17 00:00:00,0.144427389,18.16308126,0,0.0001,18.16308126,0
1998-06-18 00:00:00,0.137510017,18.16618131,0,0.0001,18.16618131,0
1998-06-19 00:00:00,0.13442494,18.16928135,0,0.0001,18.16928135,0
1998-06-20 00:00:00,0.130583152,18.1723814,0,0.0001,18.1723814,0
1998-06-21 00:00:00,0.132388338,18.17548145,0,0.0001,18.17548145,0
1998-06-22 00:00:00,0.132015467,18.17858149,0,0.0001,18.17858149,0
1998-06-23 00:00:00,0.126766697,18.18168154,0,0.0001,18.18168154,0
1998-06-24 00:00:00,0.126556456,18.18478159,0,0.0001,18.18478159,0
1998-06-25 00:00:00,0.125053108,18.18788163,0,0.0001,18.18788163,0
1998-06-26 00:00:00,0.121208116,18.19098168,0,0.0001,18.19098168,0
1998-06-27 00:00:00,0.122630909,18.19408173,0,0.0001,18.19408173,0
1998-06-28 00:00:00,0.149191603,18.19718178,0,0.0001,18.19718178,0
1998-06-29 00:00:00,0.172371298,18.20028182,0,0.0001,18.20028182,0
1998-06-30 00:00:00,0.195718884,18.20338187,0,0.0001,18.20338187,0
1998-07-01 00:00:00,0.23786135,18.20648192,0,0.0001,18.20648192,0
1998-07-02 00:00:00,0.24578096,18.20958196,0,0.0001,18.20958196,0
1998-07-03 00:00:00,0.241860613,18.21268201,0,0.0001,18.21268201,0
1998-07-04 00:00:00,0.236182258,18.21578206,0,0.0001,18.21578206,0
1998-07-05 00:00:00,0.230928466,18.2188821,0,0.0001,18.2188821,0
1998-07-06 00:00:00,0.221400797,18.22198215,0,0.0001,18.22198215,0
1998-07-07 00:00:00,0.206364587,18.2250822,0,0.0001,18.2250822,0
1998-07-08 00:00:00,0.197284803,18.22818225,0,0.0001,18.22818225,0
1998-07-09 00:00:00,0.197819039,18.23128229,0,0.0001,18.23128229,0
1998-07-10 00:00:00,0.196365252,18.23438234,0,0.0001,18.23438234,0
1998-07-11 00:00:00,0.19645071,18.23748239,0,0.0001,18.23748239,0
1998-07-12 00:00:00,0.200379625,18.24058243,0,0.0001,18.24058243,0
1998-07-13 00:00:00,0.199355438,18.24368248,0,0.0001,18.24368248,0
1998-07-14 00:00:00,0.204862252,18.24678253,0,0.0001,18.24678253,0
1998-07-15 00:00:00,0.214997664,18.24988257,0,0.0001,18.24988257,0
1998-07-16 00:00:00,0.207351267,18.25298262,0,0.0001,18.25298262,0
1998-07-17 00:00:00,0.201176643,18.25608267,0,0.0001,18.25608267,0
1998-07-18 00:00:00,0.199211329,18.25918271,0,0.0001,18.25918271,0
1998-07-19 00:00:00,0.221054167,18.26228276,0,0.0001,18.26228276,0
1998-07-20 00:00:00,0.22247003,18.26538281,0,0.0001,18.26538281,0
1998-07-21 00:00:00,0.219731078,18.26848286,0,0.0001,18.26848286,0
1998-07-22 00:00:00,0.214140952,18.2715829,0,0.0001,18.2715829,0
1998-07-23 00:00:00,0.208556592,18.27468295,0,0.0001,18.27468295,0
1998-07-24 00:00:00,0.199621901,18.277783,0,0.0001,18.277783,0
1998-07-25 00:00:00,0.188417003,18.28088304,0,0.0001,18.28088304,0
1998-07-26 00:00:00,0.178834781,18.28398309,0,0.0001,18.28398309,0
1998-07-27 00:00:00,0.175550029,18.28708314,0,0.0001,18.28708314,0
1998-07-28 00:00:00,0.171900377,18.29018318,0,0.0001,18.29018318,0
1998-07-29 00:00:00,0.16792433,18.29328323,0,0.0001,18.29328323,0
1998-07-30 00:00:00,0.190326557,18.29638328,0,0.0001,18.29638328,0
1998-07-31 00:00:00,0.186253488,18.29948333,0,0.0001,18.29948333,0
1998-08-01 00:00:00,0.177799955,18.30258337,0,0.0001,18.30258337,0
1998-08-02 00:00:00,0.171815991,18.30568342,0,0.0001,18.30568342,0
1998-08-03 00:00:00,0.165727839,18.30878347,0,0.0001,18.30878347,0
1998-08-04 00:00:00,0.16410552,18.31188351,0,0.0001,18.31188351,0
1998-08-05 00:00:00,0.159975499,18.31498356,0,0.0001,18.31498356,0
1998-08-06 00:00:00,0.155530095,18.31808361,0,0.0001,18.31808361,0
1998-08-07 00:00:00,0.153594926,18.32118365,0,0.0001,18.32118365,0
1998-08-08 00:00:00,0.165731832,18.3242837,0,0.0001,18.3242837,0
1998-08-09 00:00:00,0.181635663,18.32738375,0,0.0001,18.32738375,0
1998-08-10 00:00:00,0.180269286,18.3304838,0,0.0001,18.3304838,0
1998-08-11 00:00:00,0.180576771,18.33358384,0,0.0001,18.33358384,0
1998-08-12 00:00:00,0.176057234,18.33668389,0,0.0001,18.33668389,0
1998-08-13 00:00:00,0.167511344,18.33978394,0,0.0001,18.33978394,0
1998-08-14 00:00:00,0.162477553,18.34288398,0,0.0001,18.34288398,0
1998-08-15 00:00:00,0.160565749,18.34598403,0,0.0001,18.34598403,0
1998-08-16 00:00:00,0.158092603,18.34908408,0,0.0001,18.34908408,0
1998-08-17 00:00:00,0.150922731,18.35218412,0,0.0001,18.35218412,0
1998-08-18 00:00:00,0.144783333,18.35528417,0,0.0001,18.35528417,0
1998-08-19 00:00:00,0.134441391,18.35838422,0,0.0001,18.35838422,0
1998-08-20 00:00:00,0.130253524,18.36148426,0,0.0001,18.36148426,0
1998-08-21 00:00:00,0.143764928,18.36458431,0,0.0001,18.36458431,0
1998-08-22 00:00:00,0.144566104,18.36768436,0,0.0001,18.36768436,0
1998-08-23 00:00:00,0.138669699,18.37078441,0,0.0001,18.37078441,0
1998-08-24 00:00:00,0.13541621,18.37388445,0,0.0001,18.37388445,0
1998-08-25 00:00:00,0.128650904,18.3769845,0,0.0001,18.3769845,0
1998-08-26 00:00:00,0.123116471,18.38008455,0,0.0001,18.38008455,0
1998-08-27 00:00:00,0.117724441,18.38318459,0,0.0001,18.38318459,0
1998-08-28 00:00:00,0.113533482,18.38628464,0,0.0001,18.38628464,0
1998-08-29 00:00:00,0.111485243,18.38938469,0,0.0001,18.38938469,0
1998-08-30 00:00:00,0.115584195,18.39248473,0,0.0001,18.39248473,0
1998-08-31 00:00:00,0.130185619,18.39558478,0,0.0001,18.39558478,0
1998-09-01 00:00:00,0.134707004,18.39868483,0,0.0001,18.39868483,0
1998-09-02 00:00:00,0.134440735,18.40178488,0,0.0001,18.40178488,0
1998-09-03 00:00:00,0.129970744,18.40488492,0,0.0001,18.40488492,0
1998-09-04 00:00:00,0.124479391,18.40798497,0,0.0001,18.40798497,0
1998-09-05 00:00:00,0.118928246,18.41108502,0,0.0001,18.41108502,0
1998-09-06 00:00:00,0.115230344,18.41418506,0,0.0001,18.41418506,0
1998-09-07 00:00:00,0.114878349,18.41728511,0,0.0001,18.41728511,0
1998-09-08 00:00:00,0.114630252,18.42038516,0,0.0001,18.42038516,0
1998-09-09 00:00:00,0.122015528,18.4234852,0,0.0001,18.4234852,0
1998-09-10 00:00:00,0.15795581,18.42658525,0,0.0001,18.42658525,0
1998-09-11 00:00:00,0.18079114,18.4296853,0,0.0001,18.4296853,0
1998-09-12 00:00:00,0.186427072,18.43278535,0,0.0001,18.43278535,0
1998-09-13 00:00:00,0.185215995,18.43588539,0,0.0001,18.43588539,0
1998-09-14 00:00:00,0.194365263,18.43898544,0,0.0001,18.43898544,0
1998-09-15 00:00:00,0.194379225,18.44208549,0,0.0001,18.44208549,0
1998-09-16 00:00:00,0.196096718,18.44518553,0,0.0001,18.44518553,0
1998-09-17 00:00:00,0.211237535,18.44828558,0,0.0001,18.44828558,0
1998-09-18 00:00:00,0.217005298,18.45138563,0,0.0001,18.45138563,0
1998-09-19 00:00:00,0.215402231,18.45448567,0,0.0001,18.45448567,0
1998-09-20 00:00:00,0.211551517,18.45758572,0,0.0001,18.45758572,0
1998-09-21 00:00:00,0.204198912,18.46068577,0,0.0001,18.46068577,0
1998-09-22 00:00:00,0.196752936,18.46378581,0,0.0001,18.46378581,0
1998-09-23 00:00:00,0.190795705,18.46688586,0,0.0001,18.46688586,0
1998-09-24 00:00:00,0.185038373,18.46998591,0,0.0001,18.46998591,0
1998-09-25 00:00:00,0.178995222,18.47308596,0,0.0001,18.47308596,0
1998-09-26 00:00:00,0.174081311,18.476186,0,0.0001,18.476186,0
1998-09-27 00:00:00,0.169508487,18.47928605,0,0.0001,18.47928605,0
1998-09-28 00:00:00,0.166347057,18.4823861,0,0.0001,18.4823861,0
1998-09-29 00:00:00,0.16488497,18.48548614,0,0.0001,18.48548614,0
1998-09-30 00:00:00,0.162368909,18.48858619,0,0.0001,18.48858619,0
1998-10-01 00:00:00,0.14942418,18.49168624,0,0.0001,18.49168624,0
1998-10-02 00:00:00,0.135775059,18.49478628,0,0.0001,18.49478628,0
1998-10-03 00:00:00,0.124305047,18.49788633,0,0.0001,18.49788633,0
1998-10-04 00:00:00,0.120970711,18.50098638,0,0.0001,18.50098638,0
1998-10-05 00:00:00,0.12321797,18.50408643,0,0.0001,18.50408643,0
1998-10-06 00:00:00,0.122111559,18.50718647,0,0.0001,18.50718647,0
1998-10-07 00:00:00,0.120791852,18.51028652,0,0.0001,18.51028652,0
1998-10-08 00:00:00,0.122391894,18.51338657,0,0.0001,18.51338657,0
1998-10-09 00:00:00,0.12520735,18.51648661,0,0.0001,18.51648661,0
1998-10-10 00:00:00,0.136769727,18.51958666,0,0.0001,18.51958666,0
1998-10-11 00:00:00,0.150304914,18.52268671,0,0.0001,18.52268671,0
1998-10-12 00:00:00,0.161332846,18.52578675,0,0.0001,18.52578675,0
1998-10-13 00:00:00,0.162477776,18.5288868,0,0.0001,18.5288868,0
1998-10-14 00:00:00,0.18307361,18.53198685,0,0.0001,18.53198685,0
1998-10-15 00:00:00,0.201515004,18.5350869,0,0.0001,18.5350869,0
1998-10-16 00:00:00,0.217008457,18.53818694,0,0.0001,18.53818694,0
1998-10-17 00:00:00,0.31921199,18.54128699,0,0.0001,18.54128699,0
1998-10-18 00:00:00,0.42895183,18.54438704,0,0.0001,18.54438704,0
1998-10-19 00:00:00,0.502439678,18.54748708,0,0.0001,18.54748708,0
1998-10-20 00:00:00,0.561110258,18.55058713,0,0.0001,18.55058713,0
1998-10-21 00:00:00,0.587853849,18.55368718,0,0.0001,18.55368718,0
1998-10-22 00:00:00,0.625535429,18.55678722,0,0.0001,18.55678722,0
1998-10-23 00:00:00,0.676766455,18.55988727,0,0.0001,18.55988727,0
1998-10-24 00:00:00,0.720818758,18.56298732,0,0.0001,18.56298732,0
1998-10-25 00:00:00,0.80918473,18.56608736,0,0.0001,18.56608736,0
1998-10-26 00:00:00,0.924990773,18.56918741,0,0.0001,18.56918741,0
1998-10-27 00:00:00,1.026356339,18.57228746,0,0.0001,18.57228746,0
1998-10-28 00:00:00,1.152399421,18.57538751,0,0.0001,18.57538751,0
1998-10-29 00:00:00,1.262556791,18.57848755,0,0.0001,18.57848755,0
1998-10-30 00:00:00,1.338519454,18.5815876,0,0.0001,18.5815876,0
1998-10-31 00:00:00,1.363147259,18.58468765,0,0.0001,18.58468765,0
1998-11-01 00:00:00,1.356550097,18.58778769,0,0.0001,18.58778769,0
1998-11-02 00:00:00,1.319600821,18.59088774,0,0.0001,18.59088774,0
1998-11-03 00:00:00,1.264387488,18.59398779,0,0.0001,18.59398779,0
1998-11-04 00:00:00,1.208938718,18.59708783,0,0.0001,18.59708783,0
1998-11-05 00:00:00,1.151423573,18.60018788,0,0.0001,18.60018788,0
1998-11-06 00:00:00,1.104053378,18.60328793,0,0.0001,18.60328793,0
1998-11-07 00:00:00,1.050917745,18.60638798,0,0.0001,18.60638798,0
1998-11-08 00:00:00,1.0074476,18.60948802,0,0.0001,18.60948802,0
1998-11-09 00:00:00,0.973223031,18.61258807,0,0.0001,18.61258807,0
1998-11-10 00:00:00,0.959270656,18.61568812,0,0.0001,18.61568812,0
1998-11-11 00:00:00,0.941573441,18.61878816,0,0.0001,18.61878816,0
1998-11-12 00:00:00,0.921907544,18.62188821,0,0.0001,18.62188821,0
1998-11-13 00:00:00,0.893024385,18.62498826,0,0.0001,18.62498826,0
1998-11-14 00:00:00,0.86591053,18.6280883,0,0.0001,18.6280883,0
1998-11-15 00:00:00,0.85158062,18.63118835,0,0.0001,18.63118835,0
1998-11-16 00:00:00,0.82829982,18.6342884,0,0.0001,18.6342884,0
1998-11-17 00:00:00,0.804565907,18.63738845,0,0.0001,18.63738845,0
1998-11-18 00:00:00,0.774530351,18.64048849,0,0.0001,18.64048849,0
1998-11-19 00:00:00,0.741319656,18.64358854,0,0.0001,18.64358854,0
1998-11-20 00:00:00,0.716375768,18.64668859,0,0.0001,18.64668859,0
1998-11-21 00:00:00,0.688589454,18.64978863,0,0.0001,18.64978863,0
1998-11-22 00:00:00,0.660724044,18.65288868,0,0.0001,18.65288868,0
1998-11-23 00:00:00,0.637881577,18.65598873,0,0.0001,18.65598873,0
1998-11-24 00:00:00,0.619091868,18.65908877,0,0.0001,18.65908877,0
1998-11-25 00:00:00,0.605179548,18.66218882,0,0.0001,18.66218882,0
1998-11-26 00:00:00,0.587839484,18.66528887,0,0.0001,18.66528887,0
1998-11-27 00:00:00,0.568146467,18.66838891,0,0.0001,18.66838891,0
1998-11-28 00:00:00,0.541736126,18.67148896,0,0.0001,18.67148896,0
1998-11-29 00:00:00,0.515115976,18.67458901,0,0.0001,18.67458901,0
1998-11-30 00:00:00,0.492572397,18.67768906,0,0.0001,18.67768906,0
1998-12-01 00:00:00,0.471707255,18.6807891,0,0.0001,18.6807891,0
1998-12-02 00:00:00,0.450228721,18.68388915,0,0.0001,18.68388915,0
1998-12-03 00:00:00,0.430145383,18.6869892,0,0.0001,18.6869892,0
1998-12-04 00:00:00,0.419615805,18.69008924,0,0.0001,18.69008924,0
1998-12-05 00:00:00,0.408421665,18.69318929,0,0.0001,18.69318929,0
1998-12-06 00:00:00,0.39074102,18.69628934,0,0.0001,18.69628934,0
1998-12-07 00:00:00,0.369188577,18.69938938,0,0.0001,18.69938938,0
1998-12-08 00:00:00,0.349716306,18.70248943,0,0.0001,18.70248943,0
1998-12-09 00:00:00,0.330450773,18.70558948,0,0.0001,18.70558948,0
1998-12-10 00:00:00,0.31531474,18.70868953,0,0.0001,18.70868953,0
1998-12-11 00:00:00,0.301857919,18.71178957,0,0.0001,18.71178957,0
1998-12-12 00:00:00,0.291437685,18.71488962,0,0.0001,18.71488962,0
1998-12-13 00:00:00,0.318887919,18.71798967,0,0.0001,18.71798967,0
1998-12-14 00:00:00,0.356385052,18.72108971,0,0.0001,18.72108971,0
1998-12-15 00:00:00,0.409831136,18.72418976,0,0.0001,18.72418976,0
1998-12-16 00:00:00,0.461085826,18.72728981,0,0.0001,18.72728981,0
1998-12-17 00:00:00,0.501349628,18.73038985,0,0.0001,18.73038985,0
1998-12-18 00:00:00,0.530326247,18.7334899,0,0.0001,18.7334899,0
1998-12-19 00:00:00,0.551209152,18.73658995,0,0.0001,18.73658995,0
1998-12-20 00:00:00,0.560747206,18.73969,0,0.0001,18.73969,0
1998-12-21 00:00:00,0.558089972,18.74279004,0,0.0001,18.74279004,0
1998-12-22 00:00:00,0.541653991,18.74589009,0,0.0001,18.74589009,0
1998-12-23 00:00:00,0.520723581,18.74899014,0,0.0001,18.74899014,0
1998-12-24 00:00:00,0.529675484,18.75209018,0,0.0001,18.75209018,0
1998-12-25 00:00:00,0.548710585,18.75519023,0,0.0001,18.75519023,0
1998-12-26 00:00:00,0.606558323,18.75829028,0,0.0001,18.75829028,0
1998-12-27 00:00:00,0.688127816,18.76139032,0,0.0001,18.76139032,0
1998-12-28 00:00:00,0.755207419,18.76449037,0,0.0001,18.76449037,0
1998-12-29 00:00:00,0.795816183,18.76759042,0,0.0001,18.76759042,0
1998-12-30 00:00:00,0.806988657,18.77069047,0,0.0001,18.77069047,0
1998-12-31 00:00:00,0.796707988,18.77379051,0,0.0001,18.77379051,0
1999-01-01 00:00:00,0.77556777,18.77689056,0,0.0001,18.77689056,0
1999-01-02 00:00:00,0.749738574,18.77999061,0,0.0001,18.77999061,0
1999-01-03 00:00:00,0.73306787,18.78309065,0,0.0001,18.78309065,0
1999-01-04 00:00:00,0.719298005,18.7861907,0,0.0001,18.7861907,0
1999-01-05 00:00:00,0.714717388,18.78929075,0,0.0001,18.78929075,0
1999-01-06 00:00:00,0.724447727,18.79239079,0,0.0001,18.79239079,0
1999-01-07 00:00:00,0.743363082,18.79549084,0,0.0001,18.79549084,0
1999-01-08 00:00:00,0.75566715,18.79859089,0,0.0001,18.79859089,0
1999-01-09 00:00:00,0.755311966,18.80169093,0,0.0001,18.80169093,0
1999-01-10 00:00:00,0.744151473,18.80479098,0,0.0001,18.80479098,0
1999-01-11 00:00:00,0.727616072,18.80789103,0,0.0001,18.80789103,0
1999-01-12 00:00:00,0.71424818,18.81099108,0,0.0001,18.81099108,0
1999-01-13 00:00:00,0.688991547,18.81409112,0,0.0001,18.81409112,0
1999-01-14 00:00:00,0.676998436,18.81719117,0,0.0001,18.81719117,0
1999-01-15 00:00:00,0.696263433,18.82029122,0,0.0001,18.82029122,0
1999-01-16 00:00:00,0.773274839,18.82339126,0,0.0001,18.82339126,0
1999-01-17 00:00:00,0.886569619,18.82649131,0,0.0001,18.82649131,0
1999-01-18 00:00:00,0.973616719,18.82959136,0,0.0001,18.82959136,0
1999-01-19 00:00:00,1.027413726,18.8326914,0,0.0001,18.8326914,0
1999-01-20 00:00:00,1.089432955,18.83579145,0,0.0001,18.83579145,0
1999-01-21 00:00:00,1.147371769,18.8388915,0,0.0001,18.8388915,0
1999-01-22 00:00:00,1.181650162,18.84199155,0,0.0001,18.84199155,0
1999-01-23 00:00:00,1.188028574,18.84509159,0,0.0001,18.84509159,0
1999-01-24 00:00:00,1.177292466,18.84819164,0,0.0001,18.84819164,0
1999-01-25 00:00:00,1.191982985,18.85129169,0,0.0001,18.85129169,0
1999-01-26 00:00:00,1.234321952,18.85439173,0,0.0001,18.85439173,0
1999-01-27 00:00:00,1.260148644,18.85749178,0,0.0001,18.85749178,0
1999-01-28 00:00:00,1.258085251,18.86059183,0,0.0001,18.86059183,0
1999-01-29 00:00:00,1.210970998,18.86369187,0,0.0001,18.86369187,0
1999-01-30 00:00:00,1.146149278,18.86679192,0,0.0001,18.86679192,0
1999-01-31 00:00:00,1.083994627,18.86989197,0,0.0001,18.86989197,0
1999-02-01 00:00:00,1.037075877,18.87299202,0,0.0001,18.87299202,0
1999-02-02 00:00:00,0.99481833,18.87609206,0,0.0001,18.87609206,0
1999-02-03 00:00:00,0.959064424,18.87919211,0,0.0001,18.87919211,0
1999-02-04 00:00:00,0.932760775,18.88229216,0,0.0001,18.88229216,0
1999-02-05 00:00:00,0.933683157,18.8853922,0,0.0001,18.8853922,0
1999-02-06 00:00:00,0.925061166,18.88849225,0,0.0001,18.88849225,0
1999-02-07 00:00:00,0.915065885,18.8915923,0,0.0001,18.8915923,0
1999-02-08 00:00:00,0.889246643,18.89469234,0,0.0001,18.89469234,0
1999-02-09 00:00:00,0.85069567,18.89779239,0,0.0001,18.89779239,0
1999-02-10 00:00:00,0.825055182,18.90089244,0,0.0001,18.90089244,0
1999-02-11 00:00:00,0.796459138,18.90399248,0,0.0001,18.90399248,0
1999-02-12 00:00:00,0.755817056,18.90709253,0,0.0001,18.90709253,0
1999-02-13 00:00:00,0.7190184,18.91019258,0,0.0001,18.91019258,0
1999-02-14 00:00:00,0.683933973,18.91329263,0,0.0001,18.91329263,0
1999-02-15 00:00:00,0.659926474,18.91639267,0,0.0001,18.91639267,0
1999-02-16 00:00:00,0.681538045,18.91949272,0,0.0001,18.91949272,0
1999-02-17 00:00:00,0.717485905,18.92259277,0,0.0001,18.92259277,0
1999-02-18 00:00:00,0.732111096,18.92569281,0,0.0001,18.92569281,0
1999-02-19 00:00:00,0.730356514,18.92879286,0,0.0001,18.92879286,0
1999-02-20 00:00:00,0.723108649,18.93189291,0,0.0001,18.93189291,0
1999-02-21 00:00:00,0.731850564,18.93499295,0,0.0001,18.93499295,0
1999-02-22 00:00:00,0.757380426,18.938093,0,0.0001,18.938093,0
1999-02-23 00:00:00,0.514860928,18.94119305,0,0.0001,18.94119305,0
1999-02-24 00:00:00,0.431734413,18.9442931,0,0.0001,18.9442931,0
1999-02-25 00:00:00,0.392005295,18.94739314,0,0.0001,18.94739314,0
1999-02-26 00:00:00,0.427904248,18.95049319,0,0.0001,18.95049319,0
1999-02-27 00:00:00,0.522359252,18.95359324,0,0.0001,18.95359324,0
1999-02-28 00:00:00,0.592840672,18.95669328,0,0.0001,18.95669328,0
1999-03-01 00:00:00,0.667999804,18.95979333,0,0.0001,18.95979333,0
1999-03-02 00:00:00,0.615716934,18.96289338,0,0.0001,18.96289338,0
1999-03-03 00:00:00,0.724150836,18.96599342,0,0.0001,18.96599342,0
1999-03-04 00:00:00,0.811348736,18.96909347,0,0.0001,18.96909347,0
1999-03-05 00:00:00,0.725943148,18.97219352,0,0.0001,18.97219352,0
1999-03-06 00:00:00,0.759905696,18.97529357,0,0.0001,18.97529357,0
1999-03-07 00:00:00,1.033047438,18.97839361,0,0.0001,18.97839361,0
1999-03-08 00:00:00,1.030439138,18.98149366,0,0.0001,18.98149366,0
1999-03-09 00:00:00,0.896252513,18.98459371,0,0.0001,18.98459371,0
1999-03-10 00:00:00,1.459601879,18.98769375,0,0.0001,18.98769375,0
1999-03-11 00:00:00,1.556565642,18.9907938,0,0.0001,18.9907938,0
1999-03-12 00:00:00,1.600561976,18.99389385,0,0.0001,18.99389385,0
1999-03-13 00:00:00,1.582904577,18.99699389,0,0.0001,18.99699389,0
1999-03-14 00:00:00,1.539567828,19.00009394,0,0.0001,19.00009394,0
1999-03-15 00:00:00,1.483557224,19.00319399,0,0.0001,19.00319399,0
1999-03-16 00:00:00,1.419155478,19.00629403,0,0.0001,19.00629403,0
1999-03-17 00:00:00,1.363612056,19.00939408,0,0.0001,19.00939408,0
1999-03-18 00:00:00,1.310495138,19.01249413,0,0.0001,19.01249413,0
1999-03-19 00:00:00,1.287273049,19.01559418,0,0.0001,19.01559418,0
1999-03-20 00:00:00,1.254386067,19.01869422,0,0.0001,19.01869422,0
1999-03-21 00:00:00,1.21253264,19.02179427,0,0.0001,19.02179427,0
1999-03-22 00:00:00,1.177263379,19.02489432,0,0.0001,19.02489432,0
1999-03-23 00:00:00,1.146838427,19.02799436,0,0.0001,19.02799436,0
1999-03-24 00:00:00,1.113451123,19.03109441,0,0.0001,19.03109441,0
1999-03-25 00:00:00,1.081205606,19.03419446,0,0.0001,19.03419446,0
1999-03-26 00:00:00,1.051261067,19.0372945,0,0.0001,19.0372945,0
1999-03-27 00:00:00,1.052248359,19.04039455,0,0.0001,19.04039455,0
1999-03-28 00:00:00,1.064440846,19.0434946,0,0.0001,19.0434946,0
1999-03-29 00:00:00,1.062554598,19.04659465,0,0.0001,19.04659465,0
1999-03-30 00:00:00,1.047210097,19.04969469,0,0.0001,19.04969469,0
1999-03-31 00:00:00,1.028523207,19.05279474,0,0.0001,19.05279474,0
1999-04-01 00:00:00,0.996443331,19.05589479,0,0.0001,19.05589479,0
1999-04-02 00:00:00,0.957063735,19.05899483,0,0.0001,19.05899483,0
1999-04-03 00:00:00,0.918257892,19.06209488,0,0.0001,19.06209488,0
1999-04-04 00:00:00,0.877743304,19.06519493,0,0.0001,19.06519493,0
1999-04-05 00:00:00,0.835746944,19.06829497,0,0.0001,19.06829497,0
1999-04-06 00:00:00,0.810584009,19.07139502,0,0.0001,19.07139502,0
1999-04-07 00:00:00,0.801057339,19.07449507,0,0.0001,19.07449507,0
1999-04-08 00:00:00,0.787674546,19.07759512,0,0.0001,19.07759512,0
1999-04-09 00:00:00,0.762039721,19.08069516,0,0.0001,19.08069516,0
1999-04-10 00:00:00,0.741991997,19.08379521,0,0.0001,19.08379521,0
1999-04-11 00:00:00,0.71860069,19.08689526,0,0.0001,19.08689526,0
1999-04-12 00:00:00,0.706802368,19.0899953,0,0.0001,19.0899953,0
1999-04-13 00:00:00,0.705030203,19.09309535,0,0.0001,19.09309535,0
1999-04-14 00:00:00,0.720782816,19.0961954,0,0.0001,19.0961954,0
1999-04-15 00:00:00,0.764787257,19.09929544,0,0.0001,19.09929544,0
1999-04-16 00:00:00,0.817964315,19.10239549,0,0.0001,19.10239549,0
1999-04-17 00:00:00,0.854751289,19.10549554,0,0.0001,19.10549554,0
1999-04-18 00:00:00,0.863817751,19.10859558,0,0.0001,19.10859558,0
1999-04-19 00:00:00,0.852447331,19.11169563,0,0.0001,19.11169563,0
1999-04-20 00:00:00,0.832305551,19.11479568,0,0.0001,19.11479568,0
1999-04-21 00:00:00,0.804439962,19.11789573,0,0.0001,19.11789573,0
1999-04-22 00:00:00,0.781796753,19.12099577,0,0.0001,19.12099577,0
1999-04-23 00:00:00,0.758711457,19.12409582,0,0.0001,19.12409582,0
1999-04-24 00:00:00,0.736643672,19.12719587,0,0.0001,19.12719587,0
1999-04-25 00:00:00,0.71092695,19.13029591,0,0.0001,19.13029591,0
1999-04-26 00:00:00,0.684530556,19.13339596,0,0.0001,19.13339596,0
1999-04-27 00:00:00,0.658180296,19.13649601,0,0.0001,19.13649601,0
1999-04-28 00:00:00,0.634356558,19.13959605,0,0.0001,19.13959605,0
1999-04-29 00:00:00,0.612741292,19.1426961,0,0.0001,19.1426961,0
1999-04-30 00:00:00,0.584113538,19.14579615,0,0.0001,19.14579615,0
1999-05-01 00:00:00,0.563289464,19.1488962,0,0.0001,19.1488962,0
1999-05-02 00:00:00,0.536180377,19.15199624,0,0.0001,19.15199624,0
1999-05-03 00:00:00,0.504870474,19.15509629,0,0.0001,19.15509629,0
1999-05-04 00:00:00,0.480654448,19.15819634,0,0.0001,19.15819634,0
1999-05-05 00:00:00,0.454758495,19.16129638,0,0.0001,19.16129638,0
1999-05-06 00:00:00,0.436933428,19.16439643,0,0.0001,19.16439643,0
1999-05-07 00:00:00,0.416551441,19.16749648,0,0.0001,19.16749648,0
1999-05-08 00:00:00,0.397987127,19.17059652,0,0.0001,19.17059652,0
1999-05-09 00:00:00,0.389897048,19.17369657,0,0.0001,19.17369657,0
1999-05-10 00:00:00,0.38834995,19.17679662,0,0.0001,19.17679662,0
1999-05-11 00:00:00,0.39969635,19.17989667,0,0.0001,19.17989667,0
1999-05-12 00:00:00,0.445828736,19.18299671,0,0.0001,19.18299671,0
1999-05-13 00:00:00,0.506394804,19.18609676,0,0.0001,19.18609676,0
1999-05-14 00:00:00,0.538191497,19.18919681,0,0.0001,19.18919681,0
1999-05-15 00:00:00,0.541375577,19.19229685,0,0.0001,19.19229685,0
1999-05-16 00:00:00,0.529376626,19.1953969,0,0.0001,19.1953969,0
1999-05-17 00:00:00,0.517715514,19.19849695,0,0.0001,19.19849695,0
1999-05-18 00:00:00,0.496501297,19.20159699,0,0.0001,19.20159699,0
1999-05-19 00:00:00,0.47385788,19.20469704,0,0.0001,19.20469704,0
1999-05-20 00:00:00,0.449460864,19.20779709,0,0.0001,19.20779709,0
1999-05-21 00:00:00,0.42521134,19.21089713,0,0.0001,19.21089713,0
1999-05-22 00:00:00,0.402616888,19.21399718,0,0.0001,19.21399718,0
1999-05-23 00:00:00,0.384399861,19.21709723,0,0.0001,19.21709723,0
1999-05-24 00:00:00,0.370380431,19.22019728,0,0.0001,19.22019728,0
1999-05-25 00:00:00,0.358656883,19.22329732,0,0.0001,19.22329732,0
1999-05-26 00:00:00,0.341799438,19.22639737,0,0.0001,19.22639737,0
1999-05-27 00:00:00,0.327266484,19.22949742,0,0.0001,19.22949742,0
1999-05-28 00:00:00,0.315472305,19.23259746,0,0.0001,19.23259746,0
1999-05-29 00:00:00,0.29823947,19.23569751,0,0.0001,19.23569751,0
1999-05-30 00:00:00,0.294896781,19.23879756,0,0.0001,19.23879756,0
1999-05-31 00:00:00,0.288461626,19.2418976,0,0.0001,19.2418976,0
1999-06-01 00:00:00,0.273465604,19.24499765,0,0.0001,19.24499765,0
1999-06-02 00:00:00,0.263371646,19.2480977,0,0.0001,19.2480977,0
1999-06-03 00:00:00,0.265313566,19.25119775,0,0.0001,19.25119775,0
1999-06-04 00:00:00,0.272758067,19.25429779,0,0.0001,19.25429779,0
1999-06-05 00:00:00,0.284142673,19.25739784,0,0.0001,19.25739784,0
1999-06-06 00:00:00,0.299352974,19.26049789,0,0.0001,19.26049789,0
1999-06-07 00:00:00,0.308576286,19.26359793,0,0.0001,19.26359793,0
1999-06-08 00:00:00,0.31249705,19.26669798,0,0.0001,19.26669798,0
1999-06-09 00:00:00,0.347455829,19.26979803,0,0.0001,19.26979803,0
1999-06-10 00:00:00,0.369141608,19.27289807,0,0.0001,19.27289807,0
1999-06-11 00:00:00,0.392891109,19.27599812,0,0.0001,19.27599812,0
1999-06-12 00:00:00,0.429676265,19.27909817,0,0.0001,19.27909817,0
1999-06-13 00:00:00,0.443607062,19.28219822,0,0.0001,19.28219822,0
1999-06-14 00:00:00,0.446836382,19.28529826,0,0.0001,19.28529826,0
1999-06-15 00:00:00,0.432966173,19.28839831,0,0.0001,19.28839831,0
1999-06-16 00:00:00,0.41686216,19.29149836,0,0.0001,19.29149836,0
1999-06-17 00:00:00,0.396020979,19.2945984,0,0.0001,19.2945984,0
1999-06-18 00:00:00,0.375512421,19.29769845,0,0.0001,19.29769845,0
1999-06-19 00:00:00,0.352484167,19.3007985,0,0.0001,19.3007985,0
1999-06-20 00:00:00,0.343956053,19.30389854,0,0.0001,19.30389854,0
1999-06-21 00:00:00,0.344716012,19.30699859,0,0.0001,19.30699859,0
1999-06-22 00:00:00,0.326506823,19.31009864,0,0.0001,19.31009864,0
1999-06-23 00:00:00,0.312806427,19.31319868,0,0.0001,19.31319868,0
1999-06-24 00:00:00,0.307807475,19.31629873,0,0.0001,19.31629873,0
1999-06-25 00:00:00,0.30369103,19.31939878,0,0.0001,19.31939878,0
1999-06-26 00:00:00,0.336598516,19.32249883,0,0.0001,19.32249883,0
1999-06-27 00:00:00,0.400304705,19.32559887,0,0.0001,19.32559887,0
1999-06-28 00:00:00,0.429525495,19.32869892,0,0.0001,19.32869892,0
1999-06-29 00:00:00,0.44742769,19.33179897,0,0.0001,19.33179897,0
1999-06-30 00:00:00,0.459267944,19.33489901,0,0.0001,19.33489901,0
1999-07-01 00:00:00,0.461090744,19.33799906,0,0.0001,19.33799906,0
1999-07-02 00:00:00,0.453118354,19.34109911,0,0.0001,19.34109911,0
1999-07-03 00:00:00,0.443807095,19.34419915,0,0.0001,19.34419915,0
1999-07-04 00:00:00,0.435690135,19.3472992,0,0.0001,19.3472992,0
1999-07-05 00:00:00,0.451564521,19.35039925,0,0.0001,19.35039925,0
1999-07-06 00:00:00,0.483809263,19.3534993,0,0.0001,19.3534993,0
1999-07-07 00:00:00,0.48946318,19.35659934,0,0.0001,19.35659934,0
1999-07-08 00:00:00,0.37829408,19.35969939,0,0.0001,19.35969939,0
1999-07-09 00:00:00,0.353608817,19.36279944,0,0.0001,19.36279944,0
1999-07-10 00:00:00,0.341445833,19.36589948,0,0.0001,19.36589948,0
1999-07-11 00:00:00,0.333896607,19.36899953,0,0.0001,19.36899953,0
1999-07-12 00:00:00,0.327575207,19.37209958,0,0.0001,19.37209958,0
1999-07-13 00:00:00,0.320115358,19.37519962,0,0.0001,19.37519962,0
1999-07-14 00:00:00,0.412289828,19.37829967,0,0.0001,19.37829967,0
1999-07-15 00:00:00,0.35559991,19.38139972,0,0.0001,19.38139972,0
1999-07-16 00:00:00,0.335093051,19.38449977,0,0.0001,19.38449977,0
1999-07-17 00:00:00,0.329052538,19.38759981,0,0.0001,19.38759981,0
1999-07-18 00:00:00,0.324580371,19.39069986,0,0.0001,19.39069986,0
1999-07-19 00:00:00,0.318230301,19.39379991,0,0.0001,19.39379991,0
1999-07-20 00:00:00,0.316726685,19.39689995,0,0.0001,19.39689995,0
1999-07-21 00:00:00,0.325981319,19.4,0,0.0001,19.4,0
1999-07-22 00:00:00,0.31738764,19.30673077,0,0.0001,19.30673077,0
1999-07-23 00:00:00,0.305406541,19.21346154,0,0.0001,19.21346154,0
1999-07-24 00:00:00,0.304667145,19.12019231,0,0.0001,19.12019231,0
1999-07-25 00:00:00,0.290672332,19.02692308,0,0.0001,19.02692308,0
1999-07-26 00:00:00,0.284815699,18.93365385,0,0.0001,18.93365385,0
1999-07-27 00:00:00,0.281269461,18.84038462,0,0.0001,18.84038462,0
1999-07-28 00:00:00,0.275382489,18.74711538,0,0.0001,18.74711538,0
1999-07-29 00:00:00,0.271375448,18.65384615,0,0.0001,18.65384615,0
1999-07-30 00:00:00,0.26805234,18.56057692,0,0.0001,18.56057692,0
1999-07-31 00:00:00,0.262943059,18.46730769,0,0.0001,18.46730769,0
1999-08-01 00:00:00,0.25883022,18.37403846,0,0.0001,18.37403846,0
1999-08-02 00:00:00,0.255840212,18.28076923,0,0.0001,18.28076923,0
1999-08-03 00:00:00,0.251394153,18.1875,0,0.0001,18.1875,0
1999-08-04 00:00:00,0.248320669,18.09423077,0,0.0001,18.09423077,0
1999-08-05 00:00:00,0.245931104,18.00096154,0,0.0001,18.00096154,0
1999-08-06 00:00:00,0.243512258,17.90769231,0,0.0001,17.90769231,0
1999-08-07 00:00:00,0.241318285,17.81442308,0,0.0001,17.81442308,0
1999-08-08 00:00:00,0.26001212,17.72115385,0,0.0001,17.72115385,0
1999-08-09 00:00:00,0.269238889,17.62788462,0,0.0001,17.62788462,0
1999-08-10 00:00:00,0.261009246,17.53461538,0,0.0001,17.53461538,0
1999-08-11 00:00:00,0.276150793,17.44134615,0,0.0001,17.44134615,0
1999-08-12 00:00:00,0.260116071,17.34807692,0,0.0001,17.34807692,0
1999-08-13 00:00:00,0.253558338,17.25480769,0,0.0001,17.25480769,0
1999-08-14 00:00:00,0.253181696,17.16153846,0,0.0001,17.16153846,0
1999-08-15 00:00:00,0.286942422,17.06826923,0,0.0001,17.06826923,0
1999-08-16 00:00:00,0.317292839,16.975,0,0.0001,16.975,0
1999-08-17 00:00:00,0.302384794,16.88173077,0,0.0001,16.88173077,0
1999-08-18 00:00:00,0.27938965,16.78846154,0,0.0001,16.78846154,0
1999-08-19 00:00:00,0.387520701,16.69519231,0,0.0001,16.69519231,0
1999-08-20 00:00:00,0.474659532,16.60192308,0,0.0001,16.60192308,0
1999-08-21 00:00:00,0.407976896,16.50865385,0,0.0001,16.50865385,0
1999-08-22 00:00:00,0.361517996,16.41538462,0,0.0001,16.41538462,0
1999-08-23 00:00:00,0.275430411,16.32211538,0,0.0001,16.32211538,0
1999-08-24 00:00:00,0.273389846,16.22884615,0,0.0001,16.22884615,0
1999-08-25 00:00:00,0.27224195,16.13557692,0,0.0001,16.13557692,0
1999-08-26 00:00:00,0.270063818,16.04230769,0,0.0001,16.04230769,0
1999-08-27 00:00:00,0.266933262,15.94903846,0,0.0001,15.94903846,0
1999-08-28 00:00:00,0.256622165,15.85576923,0,0.0001,15.85576923,0
1999-08-29 00:00:00,0.249180466,15.7625,0,0.0001,15.7625,0
1999-08-30 00:00:00,0.25780043,15.66923077,0,0.0001,15.66923077,0
1999-08-31 00:00:00,0.289280683,15.57596154,0,0.0001,15.57596154,0
1999-09-01 00:00:00,0.289301097,15.48269231,0,0.0001,15.48269231,0
1999-09-02 00:00:00,0.287082314,15.38942308,0,0.0001,15.38942308,0
1999-09-03 00:00:00,0.281631052,15.29615385,0,0.0001,15.29615385,0
1999-09-04 00:00:00,0.255805641,15.20288462,0,0.0001,15.20288462,0
1999-09-05 00:00:00,0.229980215,15.10961538,0,0.0001,15.10961538,0
1999-09-06 00:00:00,0.204154804,15.01634615,0,0.0001,15.01634615,0
1999-09-07 00:00:00,0.178329393,14.92307692,0,0.0001,14.92307692,0
1999-09-08 00:00:00,0.175828874,14.82980769,0,0.0001,14.82980769,0
1999-09-09 00:00:00,0.171937093,14.73653846,0,0.0001,14.73653846,0
1999-09-10 00:00:00,0.16898419,14.64326923,0,0.0001,14.64326923,0
1999-09-11 00:00:00,0.167977825,14.55,0,0.0001,14.55,0
1999-09-12 00:00:00,0.16770643,14.45673077,0,0.0001,14.45673077,0
1999-09-13 00:00:00,0.166893944,14.36346154,0,0.0001,14.36346154,0
1999-09-14 00:00:00,0.165598109,14.27019231,0,0.0001,14.27019231,0
1999-09-15 00:00:00,0.163829207,14.17692308,0,0.0001,14.17692308,0
1999-09-16 00:00:00,0.162875041,14.08365385,0,0.0001,14.08365385,0
1999-09-17 00:00:00,0.163351387,13.99038462,0,0.0001,13.99038462,0
1999-09-18 00:00:00,0.16538018,13.89711538,0,0.0001,13.89711538,0
1999-09-19 00:00:00,0.166558892,13.80384615,0,0.0001,13.80384615,0
1999-09-20 00:00:00,0.164263338,13.71057692,0,0.0001,13.71057692,0
1999-09-21 00:00:00,0.165232286,13.61730769,0,0.0001,13.61730769,0
1999-09-22 00:00:00,0.170535192,13.52403846,0,0.0001,13.52403846,0
1999-09-23 00:00:00,0.180745468,13.43076923,0,0.0001,13.43076923,0
1999-09-24 00:00:00,0.208864778,13.3375,0,0.0001,13.3375,0
1999-09-25 00:00:00,0.24972932,13.24423077,0,0.0001,13.24423077,0
1999-09-26 00:00:00,0.285844058,13.15096154,0,0.0001,13.15096154,0
1999-09-27 00:00:00,0.333254397,13.05769231,0,0.0001,13.05769231,0
1999-09-28 00:00:00,0.457914859,12.96442308,0,0.0001,12.96442308,0
1999-09-29 00:00:00,0.592376888,12.87115385,0,0.0001,12.87115385,0
1999-09-30 00:00:00,0.682834923,12.77788462,0,0.0001,12.77788462,0
1999-10-01 00:00:00,0.741226614,12.68461538,0,0.0001,12.68461538,0
1999-10-02 00:00:00,0.862115622,12.59134615,0,0.0001,12.59134615,0
1999-10-03 00:00:00,1.036171556,12.49807692,0,0.0001,12.49807692,0
1999-10-04 00:00:00,1.164249182,12.40480769,0,0.0001,12.40480769,0
1999-10-05 00:00:00,1.241175652,12.31153846,0,0.0001,12.31153846,0
1999-10-06 00:00:00,1.26775074,12.21826923,0,0.0001,12.21826923,0
1999-10-07 00:00:00,1.255471349,12.125,0,0.0001,12.125,0
1999-10-08 00:00:00,1.238283157,12.03173077,0,0.0001,12.03173077,0
1999-10-09 00:00:00,1.207584381,11.93846154,0,0.0001,11.93846154,0
1999-10-10 00:00:00,1.17651844,11.84519231,0,0.0001,11.84519231,0
1999-10-11 00:00:00,1.14447391,11.75192308,0,0.0001,11.75192308,0
1999-10-12 00:00:00,1.105887175,11.65865385,0,0.0001,11.65865385,0
1999-10-13 00:00:00,1.062069535,11.56538462,0,0.0001,11.56538462,0
1999-10-14 00:00:00,1.026333928,11.47211538,0,0.0001,11.47211538,0
1999-10-15 00:00:00,0.981561184,11.37884615,0,0.0001,11.37884615,0
1999-10-16 00:00:00,0.931097209,11.28557692,0,0.0001,11.28557692,0
1999-10-17 00:00:00,0.884171665,11.19230769,0,0.0001,11.19230769,0
1999-10-18 00:00:00,0.842478693,11.09903846,0,0.0001,11.09903846,0
1999-10-19 00:00:00,0.814621866,11.00576923,0,0.0001,11.00576923,0
1999-10-20 00:00:00,0.786886811,10.9125,0,0.0001,10.9125,0
1999-10-21 00:00:00,0.756154478,10.81923077,0,0.0001,10.81923077,0
1999-10-22 00:00:00,0.726538479,10.72596154,0,0.0001,10.72596154,0
1999-10-23 00:00:00,0.703821838,10.63269231,0,0.0001,10.63269231,0
1999-10-24 00:00:00,0.686952293,10.53942308,0,0.0001,10.53942308,0
1999-10-25 00:00:00,0.670841634,10.44615385,0,0.0001,10.44615385,0
1999-10-26 00:00:00,0.673777461,10.35288462,0,0.0001,10.35288462,0
1999-10-27 00:00:00,0.68163842,10.25961538,0,0.0001,10.25961538,0
1999-10-28 00:00:00,0.677739441,10.16634615,0,0.0001,10.16634615,0
1999-10-29 00:00:00,0.670813441,10.07307692,0,0.0001,10.07307692,0
1999-10-30 00:00:00,0.654355466,9.979807692,0,0.0001,9.979807692,0
1999-10-31 00:00:00,0.636186004,9.886538462,0,0.0001,9.886538462,0
1999-11-01 00:00:00,0.615267396,9.793269231,0,0.0001,9.793269231,0
1999-11-02 00:00:00,0.601801157,9.7,0,0.0001,9.7,0
1999-11-03 00:00:00,0.582588434,9.615492958,0,0.0001,9.615492958,0
1999-11-04 00:00:00,0.565808773,9.530985915,0,0.0001,9.530985915,0
1999-11-05 00:00:00,0.542151451,9.446478873,0,0.0001,9.446478873,0
1999-11-06 00:00:00,0.517139256,9.361971831,0,0.0001,9.361971831,0
1999-11-07 00:00:00,0.496538758,9.277464789,0,0.0001,9.277464789,0
1999-11-08 00:00:00,0.474062085,9.192957746,0,0.0001,9.192957746,0
1999-11-09 00:00:00,0.454786569,9.108450704,0,0.0001,9.108450704,0
1999-11-10 00:00:00,0.435825616,9.023943662,0,0.0001,9.023943662,0
1999-11-11 00:00:00,0.416952282,8.93943662,0,0.0001,8.93943662,0
1999-11-12 00:00:00,0.397860795,8.854929577,0,0.0001,8.854929577,0
1999-11-13 00:00:00,0.385066509,8.770422535,0,0.0001,8.770422535,0
1999-11-14 00:00:00,0.371609569,8.685915493,0,0.0001,8.685915493,0
1999-11-15 00:00:00,0.356461167,8.601408451,0,0.0001,8.601408451,0
1999-11-16 00:00:00,0.342938572,8.516901408,0,0.0001,8.516901408,0
1999-11-17 00:00:00,0.336362094,8.432394366,0,0.0001,8.432394366,0
1999-11-18 00:00:00,0.336678267,8.347887324,0,0.0001,8.347887324,0
1999-11-19 00:00:00,0.34455955,8.263380282,0,0.0001,8.263380282,0
1999-11-20 00:00:00,0.344162971,8.178873239,0,0.0001,8.178873239,0
1999-11-21 00:00:00,0.34383601,8.094366197,0,0.0001,8.094366197,0
1999-11-22 00:00:00,0.341768295,8.009859155,0,0.0001,8.009859155,0
1999-11-23 00:00:00,0.344907641,7.925352113,0,0.0001,7.925352113,0
1999-11-24 00:00:00,0.342428505,7.84084507,0,0.0001,7.84084507,0
1999-11-25 00:00:00,0.351371855,7.756338028,0,0.0001,7.756338028,0
1999-11-26 00:00:00,0.3627792,7.671830986,0,0.0001,7.671830986,0
1999-11-27 00:00:00,0.371741086,7.587323944,0,0.0001,7.587323944,0
1999-11-28 00:00:00,0.375588417,7.502816901,0,0.0001,7.502816901,0
1999-11-29 00:00:00,0.37527293,7.418309859,0,0.0001,7.418309859,0
1999-11-30 00:00:00,0.379517913,7.333802817,0,0.0001,7.333802817,0
1999-12-01 00:00:00,0.415088743,7.249295775,0,0.0001,7.249295775,0
1999-12-02 00:00:00,0.435956001,7.164788732,0,0.0001,7.164788732,0
1999-12-03 00:00:00,0.491370142,7.08028169,0,0.0001,7.08028169,0
1999-12-04 00:00:00,0.621047974,6.995774648,0,0.0001,6.995774648,0
1999-12-05 00:00:00,0.707852185,6.911267606,0,0.0001,6.911267606,0
1999-12-06 00:00:00,0.780211091,6.826760563,0,0.0001,6.826760563,0
1999-12-07 00:00:00,0.844250381,6.742253521,0,0.0001,6.742253521,0
1999-12-08 00:00:00,0.898841202,6.657746479,0,0.0001,6.657746479,0
1999-12-09 00:00:00,0.967666507,6.573239437,0,0.0001,6.573239437,0
1999-12-10 00:00:00,1.036796808,6.488732394,0,0.0001,6.488732394,0
1999-12-11 00:00:00,1.101169109,6.404225352,0,0.0001,6.404225352,0
1999-12-12 00:00:00,1.228128672,6.31971831,0,0.0001,6.31971831,0
1999-12-13 00:00:00,1.311840892,6.235211268,0,0.0001,6.235211268,0
1999-12-14 00:00:00,1.360218048,6.150704225,0,0.0001,6.150704225,0
1999-12-15 00:00:00,1.343309283,6.066197183,0,0.0001,6.066197183,0
1999-12-16 00:00:00,1.29322505,5.981690141,0,0.0001,5.981690141,0
1999-12-17 00:00:00,1.281083345,5.897183099,0,0.0001,5.897183099,0
1999-12-18 00:00:00,1.327213407,5.812676056,0,0.0001,5.812676056,0
1999-12-19 00:00:00,1.347963214,5.728169014,0,0.0001,5.728169014,0
1999-12-20 00:00:00,1.331473589,5.643661972,0,0.0001,5.643661972,0
1999-12-21 00:00:00,1.283470392,5.55915493,0,0.0001,5.55915493,0
1999-12-22 00:00:00,1.219944239,5.474647887,0,0.0001,5.474647887,0
1999-12-23 00:00:00,1.190732956,5.390140845,0,0.0001,5.390140845,0
1999-12-24 00:00:00,1.213216543,5.305633803,0,0.0001,5.305633803,0
1999-12-25 00:00:00,1.366987586,5.221126761,0,0.0001,5.221126761,0
1999-12-26 00:00:00,1.579704881,5.136619718,0,0.0001,5.136619718,0
1999-12-27 00:00:00,1.747234583,5.052112676,0,0.0001,5.052112676,0
1999-12-28 00:00:00,1.823232174,4.967605634,0,0.0001,4.967605634,0
1999-12-29 00:00:00,1.826266408,4.883098592,0,0.0001,4.883098592,0
1999-12-30 00:00:00,1.77666378,4.798591549,0,0.0001,4.798591549,0
1999-12-31 00:00:00,1.700000048,4.714084507,0,0.0001,4.714084507,0
2000-01-01 00:00:00,1.462927699,4.629577465,0,0.0001,4.629577465,0
2000-01-02 00:00:00,1.415786386,4.545070423,0,0.0001,4.545070423,0
2000-01-03 00:00:00,1.375227094,4.46056338,0,0.0001,4.46056338,0
2000-01-04 00:00:00,1.340088964,4.376056338,0,0.0001,4.376056338,0
2000-01-05 00:00:00,1.309097528,4.291549296,0,0.0001,4.291549296,0
2000-01-06 00:00:00,1.277543783,4.207042254,0,0.0001,4.207042254,0
2000-01-07 00:00:00,1.254008889,4.122535211,0,0.0001,4.122535211,0
2000-01-08 00:00:00,1.226771355,4.038028169,0,0.0001,4.038028169,0
2000-01-09 00:00:00,1.197880149,3.953521127,0,0.0001,3.953521127,0
2000-01-10 00:00:00,1.163401008,3.869014085,0,0.0001,3.869014085,0
2000-01-11 00:00:00,1.125370264,3.784507042,0,0.0001,3.784507042,0
2000-01-12 00:00:00,1.096051931,3.7,0,0.0001,3.7,0
2000-01-13 00:00:00,1.066611767,3.698214286,0,0.0001,3.698214286,0
2000-01-14 00:00:00,1.034050822,3.696428571,0,0.0001,3.696428571,0
2000-01-15 00:00:00,0.997167051,3.694642857,0,0.0001,3.694642857,0
2000-01-16 00:00:00,0.960431993,3.692857143,0,0.0001,3.692857143,0
2000-01-17 00:00:00,0.929365456,3.691071429,0,0.0001,3.691071429,0
2000-01-18 00:00:00,0.901120961,3.689285714,0,0.0001,3.689285714,0
2000-01-19 00:00:00,0.869915426,3.6875,0,0.0001,3.6875,0
2000-01-20 00:00:00,0.837219715,3.685714286,0,0.0001,3.685714286,0
2000-01-21 00:00:00,0.812798679,3.683928571,0,0.0001,3.683928571,0
2000-01-22 00:00:00,0.789705813,3.682142857,0,0.0001,3.682142857,0
2000-01-23 00:00:00,0.765377879,3.680357143,0,0.0001,3.680357143,0
2000-01-24 00:00:00,0.738737583,3.678571429,0,0.0001,3.678571429,0
2000-01-25 00:00:00,0.71726495,3.676785714,0,0.0001,3.676785714,0
2000-01-26 00:00:00,0.696434855,3.675,0,0.0001,3.675,0
2000-01-27 00:00:00,0.683176041,3.673214286,0,0.0001,3.673214286,0
2000-01-28 00:00:00,0.683259428,3.671428571,0,0.0001,3.671428571,0
2000-01-29 00:00:00,0.711717188,3.669642857,0,0.0001,3.669642857,0
2000-01-30 00:00:00,0.748710811,3.667857143,0,0.0001,3.667857143,0
2000-01-31 00:00:00,0.817748189,3.666071429,0,0.0001,3.666071429,0
2000-02-01 00:00:00,0.89035356,3.664285714,0,0.0001,3.664285714,0
2000-02-02 00:00:00,0.955232024,3.6625,0,0.0001,3.6625,0
2000-02-03 00:00:00,0.994871557,3.660714286,0,0.0001,3.660714286,0
2000-02-04 00:00:00,1.011353254,3.658928571,0,0.0001,3.658928571,0
2000-02-05 00:00:00,1.020146847,3.657142857,0,0.0001,3.657142857,0
2000-02-06 00:00:00,1.017312527,3.655357143,0,0.0001,3.655357143,0
2000-02-07 00:00:00,1.014715075,3.653571429,0,0.0001,3.653571429,0
2000-02-08 00:00:00,1.030318499,3.651785714,0,0.0001,3.651785714,0
2000-02-09 00:00:00,1.062375784,3.65,0,0.0001,3.65,0
2000-02-10 00:00:00,1.096390963,3.648214286,0,0.0001,3.648214286,0
2000-02-11 00:00:00,1.127723575,3.646428571,0,0.0001,3.646428571,0
2000-02-12 00:00:00,1.140616298,3.644642857,0,0.0001,3.644642857,0
2000-02-13 00:00:00,1.151654959,3.642857143,0,0.0001,3.642857143,0
2000-02-14 00:00:00,1.152137041,3.641071429,0,0.0001,3.641071429,0
2000-02-15 00:00:00,1.144721031,3.639285714,0,0.0001,3.639285714,0
2000-02-16 00:00:00,1.13418746,3.6375,0,0.0001,3.6375,0
2000-02-17 00:00:00,1.122626543,3.635714286,0,0.0001,3.635714286,0
2000-02-18 00:00:00,1.099194765,3.633928571,0,0.0001,3.633928571,0
2000-02-19 00:00:00,1.092187405,3.632142857,0,0.0001,3.632142857,0
2000-02-20 00:00:00,1.083453417,3.630357143,0,0.0001,3.630357143,0
2000-02-21 00:00:00,1.065367222,3.628571429,0,0.0001,3.628571429,0
2000-02-22 00:00:00,1.04680407,3.626785714,0,0.0001,3.626785714,0
2000-02-23 00:00:00,1.036423087,3.625,0,0.0001,3.625,0
2000-02-24 00:00:00,1.030938983,3.623214286,0,0.0001,3.623214286,0
2000-02-25 00:00:00,1.048956275,3.621428571,0,0.0001,3.621428571,0
2000-02-26 00:00:00,1.057749152,3.619642857,0,0.0001,3.619642857,0
2000-02-27 00:00:00,1.051246047,3.617857143,0,0.0001,3.617857143,0
2000-02-28 00:00:00,1.045376539,3.616071429,0,0.0001,3.616071429,0
2000-02-29 00:00:00,1.041380763,3.614285714,0,0.0001,3.614285714,0
2000-03-01 00:00:00,1.047087431,3.6125,0,0.0001,3.6125,0
2000-03-02 00:00:00,1.047904611,3.610714286,0,0.0001,3.610714286,0
2000-03-03 00:00:00,1.069650888,3.608928571,0,0.0001,3.608928571,0
2000-03-04 00:00:00,1.084071159,3.607142857,0,0.0001,3.607142857,0
2000-03-05 00:00:00,1.079510093,3.605357143,0,0.0001,3.605357143,0
2000-03-06 00:00:00,1.06903553,3.603571429,0,0.0001,3.603571429,0
2000-03-07 00:00:00,1.083298564,3.601785714,0,0.0001,3.601785714,0
2000-03-08 00:00:00,1.112432122,3.6,0,0.0001,3.6,0
2000-03-09 00:00:00,1.128855109,3.677142857,0,0.0001,3.677142857,0
2000-03-10 00:00:00,1.13130796,3.754285714,0,0.0001,3.754285714,0
2000-03-11 00:00:00,1.142033577,3.831428571,0,0.0001,3.831428571,0
2000-03-12 00:00:00,1.145825624,3.908571429,0,0.0001,3.908571429,0
2000-03-13 00:00:00,1.141617894,3.985714286,0,0.0001,3.985714286,0
2000-03-14 00:00:00,1.136990547,4.062857143,0,0.0001,4.062857143,0
2000-03-15 00:00:00,1.126938343,4.14,0,0.0001,4.14,0
2000-03-16 00:00:00,1.107638597,4.217142857,0,0.0001,4.217142857,0
2000-03-17 00:00:00,1.090187073,4.294285714,0,0.0001,4.294285714,0
2000-03-18 00:00:00,1.062142015,4.371428571,0,0.0001,4.371428571,0
2000-03-19 00:00:00,1.032697678,4.448571429,0,0.0001,4.448571429,0
2000-03-20 00:00:00,1.002298832,4.525714286,0,0.0001,4.525714286,0
2000-03-21 00:00:00,0.975086808,4.602857143,0,0.0001,4.602857143,0
2000-03-22 00:00:00,0.946481407,4.68,0,0.0001,4.68,0
2000-03-23 00:00:00,0.917425394,4.757142857,0,0.0001,4.757142857,0
2000-03-24 00:00:00,0.886840641,4.834285714,0,0.0001,4.834285714,0
2000-03-25 00:00:00,0.862119317,4.911428571,0,0.0001,4.911428571,0
2000-03-26 00:00:00,0.851171255,4.988571429,0,0.0001,4.988571429,0
2000-03-27 00:00:00,0.878120601,5.065714286,0,0.0001,5.065714286,0
2000-03-28 00:00:00,0.88616997,5.142857143,0,0.0001,5.142857143,0
2000-03-29 00:00:00,0.880358934,5.22,0,0.0001,5.22,0
2000-03-30 00:00:00,0.866762936,5.297142857,0,0.0001,5.297142857,0
2000-03-31 00:00:00,0.850128293,5.374285714,0,0.0001,5.374285714,0
2000-04-01 00:00:00,0.830771506,5.451428571,0,0.0001,5.451428571,0
2000-04-02 00:00:00,0.81534481,5.528571429,0,0.0001,5.528571429,0
2000-04-03 00:00:00,0.800962508,5.605714286,0,0.0001,5.605714286,0
2000-04-04 00:00:00,0.784396172,5.682857143,0,0.0001,5.682857143,0
2000-04-05 00:00:00,0.765348852,5.76,0,0.0001,5.76,0
2000-04-06 00:00:00,0.740551353,5.837142857,0,0.0001,5.837142857,0
2000-04-07 00:00:00,0.71936053,5.914285714,0,0.0001,5.914285714,0
2000-04-08 00:00:00,0.702967286,5.991428571,0,0.0001,5.991428571,0
2000-04-09 00:00:00,0.681748748,6.068571429,0,0.0001,6.068571429,0
2000-04-10 00:00:00,0.665279269,6.145714286,0,0.0001,6.145714286,0
2000-04-11 00:00:00,0.651774228,6.222857143,0,0.0001,6.222857143,0
2000-04-12 00:00:00,0.625408828,6.3,0,0.0001,6.3,0
2000-04-13 00:00:00,0.600471914,6.742857143,0,0.0001,6.742857143,0
2000-04-14 00:00:00,0.583179712,7.185714286,0,0.0001,7.185714286,0
2000-04-15 00:00:00,0.56620127,7.628571429,0,0.0001,7.628571429,0
2000-04-16 00:00:00,0.548643112,8.071428571,0,0.0001,8.071428571,0
2000-04-17 00:00:00,0.529274702,8.514285714,0,0.0001,8.514285714,0
2000-04-18 00:00:00,0.508825183,8.957142857,0,0.0001,8.957142857,0
2000-04-19 00:00:00,0.496203512,9.4,0,0.0001,9.4,0
2000-04-20 00:00:00,0.488928467,9.842857143,0,0.0001,9.842857143,0
2000-04-21 00:00:00,0.472924471,10.28571429,0,0.0001,10.28571429,0
2000-04-22 00:00:00,0.461744815,10.72857143,0,0.0001,10.72857143,0
2000-04-23 00:00:00,0.479764789,11.17142857,0,0.0001,11.17142857,0
2000-04-24 00:00:00,0.50322032,11.61428571,0,0.0001,11.61428571,0
2000-04-25 00:00:00,0.540618241,12.05714286,0,0.0001,12.05714286,0
2000-04-26 00:00:00,0.560190141,12.5,0,0.0001,12.5,0
2000-04-27 00:00:00,0.561308444,12.94285714,0,0.0001,12.94285714,0
2000-04-28 00:00:00,0.552109659,13.38571429,0,0.0001,13.38571429,0
2000-04-29 00:00:00,0.539034128,13.82857143,0,0.0001,13.82857143,0
2000-04-30 00:00:00,0.520820558,14.27142857,0,0.0001,14.27142857,0
2000-05-01 00:00:00,0.502008259,14.71428571,0,0.0001,14.71428571,0
2000-05-02 00:00:00,0.47819382,15.15714286,0,0.0001,15.15714286,0
2000-05-03 00:00:00,0.450985938,15.6,0,0.0001,15.6,0
2000-05-04 00:00:00,0.431636453,16.04285714,0,0.0001,16.04285714,0
2000-05-05 00:00:00,0.409682155,16.48571429,0,0.0001,16.48571429,0
2000-05-06 00:00:00,0.38940379,16.92857143,0,0.0001,16.92857143,0
2000-05-07 00:00:00,0.364389837,17.37142857,0,0.0001,17.37142857,0
2000-05-08 00:00:00,0.342215806,17.81428571,0,0.0001,17.81428571,0
2000-05-09 00:00:00,0.32682994,18.25714286,0,0.0001,18.25714286,0
2000-05-10 00:00:00,0.311512113,18.7,0,0.0001,18.7,0
2000-05-11 00:00:00,0.292784572,18.58285714,0,0.0001,18.58285714,0
2000-05-12 00:00:00,0.277159512,18.46571429,0,0.0001,18.46571429,0
2000-05-13 00:00:00,0.264748007,18.34857143,0,0.0001,18.34857143,0
2000-05-14 00:00:00,0.256269693,18.23142857,0,0.0001,18.23142857,0
2000-05-15 00:00:00,0.244790778,18.11428571,0,0.0001,18.11428571,0
2000-05-16 00:00:00,0.236825243,17.99714286,0,0.0001,17.99714286,0
2000-05-17 00:00:00,0.22302027,17.88,0,0.0001,17.88,0
2000-05-18 00:00:00,0.215712801,17.76285714,0,0.0001,17.76285714,0
2000-05-19 00:00:00,0.208016649,17.64571429,0,0.0001,17.64571429,0
2000-05-20 00:00:00,0.2065963,17.52857143,0,0.0001,17.52857143,0
2000-05-21 00:00:00,0.204665884,17.41142857,0,0.0001,17.41142857,0
2000-05-22 00:00:00,0.195964694,17.29428571,0,0.0001,17.29428571,0
2000-05-23 00:00:00,0.186796412,17.17714286,0,0.0001,17.17714286,0
2000-05-24 00:00:00,0.189902946,17.06,0,0.0001,17.06,0
2000-05-25 00:00:00,0.20393379,16.94285714,0,0.0001,16.94285714,0
2000-05-26 00:00:00,0.218736619,16.82571429,0,0.0001,16.82571429,0
2000-05-27 00:00:00,0.227080941,16.70857143,0,0.0001,16.70857143,0
2000-05-28 00:00:00,0.231585324,16.59142857,0,0.0001,16.59142857,0
2000-05-29 00:00:00,0.24138923,16.47428571,0,0.0001,16.47428571,0
2000-05-30 00:00:00,0.237324938,16.35714286,0,0.0001,16.35714286,0
2000-05-31 00:00:00,0.229869694,16.24,0,0.0001,16.24,0
2000-06-01 00:00:00,0.226556093,16.12285714,0,0.0001,16.12285714,0
2000-06-02 00:00:00,0.237328604,16.00571429,0,0.0001,16.00571429,0
2000-06-03 00:00:00,0.234664068,15.88857143,0,0.0001,15.88857143,0
2000-06-04 00:00:00,0.232155651,15.77142857,0,0.0001,15.77142857,0
2000-06-05 00:00:00,0.231031537,15.65428571,0,0.0001,15.65428571,0
2000-06-06 00:00:00,0.230740726,15.53714286,0,0.0001,15.53714286,0
2000-06-07 00:00:00,0.243093789,15.42,0,0.0001,15.42,0
2000-06-08 00:00:00,0.241291285,15.30285714,0,0.0001,15.30285714,0
2000-06-09 00:00:00,0.237588614,15.18571429,0,0.0001,15.18571429,0
2000-06-10 00:00:00,0.235210508,15.06857143,0,0.0001,15.06857143,0
2000-06-11 00:00:00,0.236078426,14.95142857,0,0.0001,14.95142857,0
2000-06-12 00:00:00,0.225454181,14.83428571,0,0.0001,14.83428571,0
2000-06-13 00:00:00,0.215542659,14.71714286,0,0.0001,14.71714286,0
2000-06-14 00:00:00,0.207012579,14.6,0,0.0001,14.6,0
2000-06-15 00:00:00,0.199838161,14.72142857,0,0.0001,14.72142857,0
2000-06-16 00:00:00,0.189806536,14.84285714,0,0.0001,14.84285714,0
2000-06-17 00:00:00,0.181141675,14.96428571,0,0.0001,14.96428571,0
2000-06-18 00:00:00,0.174710736,15.08571429,0,0.0001,15.08571429,0
2000-06-19 00:00:00,0.171810538,15.20714286,0,0.0001,15.20714286,0
2000-06-20 00:00:00,0.168820992,15.32857143,0,0.0001,15.32857143,0
2000-06-21 00:00:00,0.165382311,15.45,0,0.0001,15.45,0
2000-06-22 00:00:00,0.165650368,15.57142857,0,0.0001,15.57142857,0
2000-06-23 00:00:00,0.166698635,15.69285714,0,0.0001,15.69285714,0
2000-06-24 00:00:00,0.173769251,15.81428571,0,0.0001,15.81428571,0
2000-06-25 00:00:00,0.198090926,15.93571429,0,0.0001,15.93571429,0
2000-06-26 00:00:00,0.216035724,16.05714286,0,0.0001,16.05714286,0
2000-06-27 00:00:00,0.201673061,16.17857143,0,0.0001,16.17857143,0
2000-06-28 00:00:00,0.194070965,16.3,0,0.0001,16.3,0
2000-06-29 00:00:00,0.196270451,16.42142857,0,0.0001,16.42142857,0
2000-06-30 00:00:00,0.188401848,16.54285714,0,0.0001,16.54285714,0
2000-07-01 00:00:00,0.188076988,16.66428571,0,0.0001,16.66428571,0
2000-07-02 00:00:00,0.188133553,16.78571429,0,0.0001,16.78571429,0
2000-07-03 00:00:00,0.187874213,16.90714286,0,0.0001,16.90714286,0
2000-07-04 00:00:00,0.18480815,17.02857143,0,0.0001,17.02857143,0
2000-07-05 00:00:00,0.175487503,17.15,0,0.0001,17.15,0
2000-07-06 00:00:00,0.163819969,17.27142857,0,0.0001,17.27142857,0
2000-07-07 00:00:00,0.150500625,17.39285714,0,0.0001,17.39285714,0
2000-07-08 00:00:00,0.137681425,17.51428571,0,0.0001,17.51428571,0
2000-07-09 00:00:00,0.1338339,17.63571429,0,0.0001,17.63571429,0
2000-07-10 00:00:00,0.158177793,17.75714286,0,0.0001,17.75714286,0
2000-07-11 00:00:00,0.183544546,17.87857143,0,0.0001,17.87857143,0
2000-07-12 00:00:00,0.18876636,18,0,0.0001,18,0
2000-07-13 00:00:00,0.184302151,18.02380952,0,0.0001,18.02380952,0
2000-07-14 00:00:00,0.179572746,18.04761905,0,0.0001,18.04761905,0
2000-07-15 00:00:00,0.174843326,18.07142857,0,0.0001,18.07142857,0
2000-07-16 00:00:00,0.178722456,18.0952381,0,0.0001,18.0952381,0
2000-07-17 00:00:00,0.2158048,18.11904762,0,0.0001,18.11904762,0
2000-07-18 00:00:00,0.208372936,18.14285714,0,0.0001,18.14285714,0
2000-07-19 00:00:00,0.2006661,18.16666667,0,0.0001,18.16666667,0
2000-07-20 00:00:00,0.189787835,18.19047619,0,0.0001,18.19047619,0
2000-07-21 00:00:00,0.184486017,18.21428571,0,0.0001,18.21428571,0
2000-07-22 00:00:00,0.188930139,18.23809524,0,0.0001,18.23809524,0
2000-07-23 00:00:00,0.197568834,18.26190476,0,0.0001,18.26190476,0
2000-07-24 00:00:00,0.197125703,18.28571429,0,0.0001,18.28571429,0
2000-07-25 00:00:00,0.195172027,18.30952381,0,0.0001,18.30952381,0
2000-07-26 00:00:00,0.188518435,18.33333333,0,0.0001,18.33333333,0
2000-07-27 00:00:00,0.180945471,18.35714286,0,0.0001,18.35714286,0
2000-07-28 00:00:00,0.179174513,18.38095238,0,0.0001,18.38095238,0
2000-07-29 00:00:00,0.175971314,18.4047619,0,0.0001,18.4047619,0
2000-07-30 00:00:00,0.169771314,18.42857143,0,0.0001,18.42857143,0
2000-07-31 00:00:00,0.159427226,18.45238095,0,0.0001,18.45238095,0
2000-08-01 00:00:00,0.158221036,18.47619048,0,0.0001,18.47619048,0
2000-08-02 00:00:00,0.158013195,18.5,0,0.0001,18.5,0
2000-08-03 00:00:00,0.154287457,18.41090909,0,0.0001,18.41090909,0
2000-08-04 00:00:00,0.151677236,18.32181818,0,0.0001,18.32181818,0
2000-08-05 00:00:00,0.145794824,18.23272727,0,0.0001,18.23272727,0
2000-08-06 00:00:00,0.140497893,18.14363636,0,0.0001,18.14363636,0
2000-08-07 00:00:00,0.132739097,18.05454545,0,0.0001,18.05454545,0
2000-08-08 00:00:00,0.122627199,17.96545455,0,0.0001,17.96545455,0
2000-08-09 00:00:00,0.117820509,17.87636364,0,0.0001,17.87636364,0
2000-08-10 00:00:00,0.123096325,17.78727273,0,0.0001,17.78727273,0
2000-08-11 00:00:00,0.136819795,17.69818182,0,0.0001,17.69818182,0
2000-08-12 00:00:00,0.135053292,17.60909091,0,0.0001,17.60909091,0
2000-08-13 00:00:00,0.133598551,17.52,0,0.0001,17.52,0
2000-08-14 00:00:00,0.132242844,17.43090909,0,0.0001,17.43090909,0
2000-08-15 00:00:00,0.131297559,17.34181818,0,0.0001,17.34181818,0
2000-08-16 00:00:00,0.130761638,17.25272727,0,0.0001,17.25272727,0
2000-08-17 00:00:00,0.148732841,17.16363636,0,0.0001,17.16363636,0
2000-08-18 00:00:00,0.171696156,17.07454545,0,0.0001,17.07454545,0
2000-08-19 00:00:00,0.174693018,16.98545455,0,0.0001,16.98545455,0
2000-08-20 00:00:00,0.172338024,16.89636364,0,0.0001,16.89636364,0
2000-08-21 00:00:00,0.167656675,16.80727273,0,0.0001,16.80727273,0
2000-08-22 00:00:00,0.160195991,16.71818182,0,0.0001,16.71818182,0
2000-08-23 00:00:00,0.150810122,16.62909091,0,0.0001,16.62909091,0
2000-08-24 00:00:00,0.145759359,16.54,0,0.0001,16.54,0
2000-08-25 00:00:00,0.14835161,16.45090909,0,0.0001,16.45090909,0
2000-08-26 00:00:00,0.14618741,16.36181818,0,0.0001,16.36181818,0
2000-08-27 00:00:00,0.141873553,16.27272727,0,0.0001,16.27272727,0
2000-08-28 00:00:00,0.139058992,16.18363636,0,0.0001,16.18363636,0
2000-08-29 00:00:00,0.144869775,16.09454545,0,0.0001,16.09454545,0
2000-08-30 00:00:00,0.156817064,16.00545455,0,0.0001,16.00545455,0
2000-08-31 00:00:00,0.153945372,15.91636364,0,0.0001,15.91636364,0
2000-09-01 00:00:00,0.145881251,15.82727273,0,0.0001,15.82727273,0
2000-09-02 00:00:00,0.167795911,15.73818182,0,0.0001,15.73818182,0
2000-09-03 00:00:00,0.19613488,15.64909091,0,0.0001,15.64909091,0
2000-09-04 00:00:00,0.194202781,15.56,0,0.0001,15.56,0
2000-09-05 00:00:00,0.19178018,15.47090909,0,0.0001,15.47090909,0
2000-09-06 00:00:00,0.195068628,15.38181818,0,0.0001,15.38181818,0
2000-09-07 00:00:00,0.204654753,15.29272727,0,0.0001,15.29272727,0
2000-09-08 00:00:00,0.200716421,15.20363636,0,0.0001,15.20363636,0
2000-09-09 00:00:00,0.194709122,15.11454545,0,0.0001,15.11454545,0
2000-09-10 00:00:00,0.188839629,15.02545455,0,0.0001,15.02545455,0
2000-09-11 00:00:00,0.183667615,14.93636364,0,0.0001,14.93636364,0
2000-09-12 00:00:00,0.209333569,14.84727273,0,0.0001,14.84727273,0
2000-09-13 00:00:00,0.455530256,14.75818182,0,0.0001,14.75818182,0
2000-09-14 00:00:00,0.573479354,14.66909091,0,0.0001,14.66909091,0
2000-09-15 00:00:00,0.66014123,14.58,0,0.0001,14.58,0
2000-09-16 00:00:00,0.684643388,14.49090909,0,0.0001,14.49090909,0
2000-09-17 00:00:00,0.689633429,14.40181818,0,0.0001,14.40181818,0
2000-09-18 00:00:00,0.683497787,14.31272727,0,0.0001,14.31272727,0
2000-09-19 00:00:00,0.668097317,14.22363636,0,0.0001,14.22363636,0
2000-09-20 00:00:00,0.647360325,14.13454545,0,0.0001,14.13454545,0
2000-09-21 00:00:00,0.619772017,14.04545455,0,0.0001,14.04545455,0
2000-09-22 00:00:00,0.595247924,13.95636364,0,0.0001,13.95636364,0
2000-09-23 00:00:00,0.57218343,13.86727273,0,0.0001,13.86727273,0
2000-09-24 00:00:00,0.548023403,13.77818182,0,0.0001,13.77818182,0
2000-09-25 00:00:00,0.518767118,13.68909091,0,0.0001,13.68909091,0
2000-09-26 00:00:00,0.497712046,13.6,0,0.0001,13.6,0
2000-09-27 00:00:00,0.508450747,13.55,0,0.0001,13.55,0
2000-09-28 00:00:00,0.531625688,13.5,0,0.0001,13.5,0
2000-09-29 00:00:00,0.538191557,13.45,0,0.0001,13.45,0
2000-09-30 00:00:00,0.530684233,13.4,0,0.0001,13.4,0
2000-10-01 00:00:00,0.512917936,13.35,0,0.0001,13.35,0
2000-10-02 00:00:00,0.509167671,13.3,0,0.0001,13.3,0
2000-10-03 00:00:00,0.510561287,13.25,0,0.0001,13.25,0
2000-10-04 00:00:00,0.49304536,13.2,0,0.0001,13.2,0
2000-10-05 00:00:00,0.479293555,13.15,0,0.0001,13.15,0
2000-10-06 00:00:00,0.463960499,13.1,0,0.0001,13.1,0
2000-10-07 00:00:00,0.443596572,13.05,0,0.0001,13.05,0
2000-10-08 00:00:00,0.42538625,13,0,0.0001,13,0
2000-10-09 00:00:00,0.414525926,12.95,0,0.0001,12.95,0
2000-10-10 00:00:00,0.411793292,12.9,0,0.0001,12.9,0
2000-10-11 00:00:00,0.408918917,12.85,0,0.0001,12.85,0
2000-10-12 00:00:00,0.399922848,12.8,0,0.0001,12.8,0
2000-10-13 00:00:00,0.390302509,12.75,0,0.0001,12.75,0
2000-10-14 00:00:00,0.376624167,12.7,0,0.0001,12.7,0
2000-10-15 00:00:00,0.368125439,12.65,0,0.0001,12.65,0
2000-10-16 00:00:00,0.35846591,12.6,0,0.0001,12.6,0
2000-10-17 00:00:00,0.349073976,12.55,0,0.0001,12.55,0
2000-10-18 00:00:00,0.33753559,12.5,0,0.0001,12.5,0
2000-10-19 00:00:00,0.328193158,12.37857143,0,0.0001,12.37857143,0
2000-10-20 00:00:00,0.322156668,12.25714286,0,0.0001,12.25714286,0
2000-10-21 00:00:00,0.31122157,12.13571429,0,0.0001,12.13571429,0
2000-10-22 00:00:00,0.304186165,12.01428571,0,0.0001,12.01428571,0
2000-10-23 00:00:00,0.297983766,11.89285714,0,0.0001,11.89285714,0
2000-10-24 00:00:00,0.30503267,11.77142857,0,0.0001,11.77142857,0
2000-10-25 00:00:00,0.322099119,11.65,0,0.0001,11.65,0
2000-10-26 00:00:00,0.346485794,11.52857143,0,0.0001,11.52857143,0
2000-10-27 00:00:00,0.356724828,11.40714286,0,0.0001,11.40714286,0
2000-10-28 00:00:00,0.372635394,11.28571429,0,0.0001,11.28571429,0
2000-10-29 00:00:00,0.388760179,11.16428571,0,0.0001,11.16428571,0
2000-10-30 00:00:00,0.460079551,11.04285714,0,0.0001,11.04285714,0
2000-10-31 00:00:00,0.598830104,10.92142857,0,0.0001,10.92142857,0
2000-11-01 00:00:00,0.691503108,10.8,0,0.0001,10.8,0
2000-11-02 00:00:00,0.748401821,10.69642857,0,0.0001,10.69642857,0
2000-11-03 00:00:00,0.788779259,10.59285714,0,0.0001,10.59285714,0
2000-11-04 00:00:00,0.805066228,10.48928571,0,0.0001,10.48928571,0
2000-11-05 00:00:00,0.807118356,10.38571429,0,0.0001,10.38571429,0
2000-11-06 00:00:00,0.80183959,10.28214286,0,0.0001,10.28214286,0
2000-11-07 00:00:00,0.811981142,10.17857143,0,0.0001,10.17857143,0
2000-11-08 00:00:00,0.838807702,10.075,0,0.0001,10.075,0
2000-11-09 00:00:00,0.853213668,9.971428571,0,0.0001,9.971428571,0
2000-11-10 00:00:00,0.858377099,9.867857143,0,0.0001,9.867857143,0
2000-11-11 00:00:00,0.859438479,9.764285714,0,0.0001,9.764285714,0
2000-11-12 00:00:00,0.860577106,9.660714286,0,0.0001,9.660714286,0
2000-11-13 00:00:00,0.865303814,9.557142857,0,0.0001,9.557142857,0
2000-11-14 00:00:00,0.863633454,9.453571429,0,0.0001,9.453571429,0
2000-11-15 00:00:00,0.856715262,9.35,0,0.0001,9.35,0
2000-11-16 00:00:00,0.846519649,9.246428571,0,0.0001,9.246428571,0
2000-11-17 00:00:00,0.83809793,9.142857143,0,0.0001,9.142857143,0
2000-11-18 00:00:00,0.827891529,9.039285714,0,0.0001,9.039285714,0
2000-11-19 00:00:00,0.841584861,8.935714286,0,0.0001,8.935714286,0
2000-11-20 00:00:00,0.875931799,8.832142857,0,0.0001,8.832142857,0
2000-11-21 00:00:00,0.909513295,8.728571429,0,0.0001,8.728571429,0
2000-11-22 00:00:00,0.938656986,8.625,0,0.0001,8.625,0
2000-11-23 00:00:00,0.952558935,8.521428571,0,0.0001,8.521428571,0
2000-11-24 00:00:00,0.955577731,8.417857143,0,0.0001,8.417857143,0
2000-11-25 00:00:00,0.950864971,8.314285714,0,0.0001,8.314285714,0
2000-11-26 00:00:00,0.935608089,8.210714286,0,0.0001,8.210714286,0
2000-11-27 00:00:00,0.91806531,8.107142857,0,0.0001,8.107142857,0
2000-11-28 00:00:00,0.892790377,8.003571429,0,0.0001,8.003571429,0
2000-11-29 00:00:00,0.878221929,7.9,0,0.0001,7.9,0
2000-11-30 00:00:00,0.860934973,7.813888889,0,0.0001,7.813888889,0
2000-12-01 00:00:00,0.84499526,7.727777778,0,0.0001,7.727777778,0
2000-12-02 00:00:00,0.827314794,7.641666667,0,0.0001,7.641666667,0
2000-12-03 00:00:00,0.813565254,7.555555556,0,0.0001,7.555555556,0
2000-12-04 00:00:00,0.803908646,7.469444444,0,0.0001,7.469444444,0
2000-12-05 00:00:00,0.790063977,7.383333333,0,0.0001,7.383333333,0
2000-12-06 00:00:00,0.776067555,7.297222222,0,0.0001,7.297222222,0
2000-12-07 00:00:00,0.801526487,7.211111111,0,0.0001,7.211111111,0
2000-12-08 00:00:00,0.835920095,7.125,0,0.0001,7.125,0
2000-12-09 00:00:00,0.87529844,7.038888889,0,0.0001,7.038888889,0
2000-12-10 00:00:00,0.89775604,6.952777778,0,0.0001,6.952777778,0
2000-12-11 00:00:00,0.906254709,6.866666667,0,0.0001,6.866666667,0
2000-12-12 00:00:00,0.906802535,6.780555556,0,0.0001,6.780555556,0
2000-12-13 00:00:00,0.928259134,6.694444444,0,0.0001,6.694444444,0
2000-12-14 00:00:00,0.96687448,6.608333333,0,0.0001,6.608333333,0
2000-12-15 00:00:00,1.031662226,6.522222222,0,0.0001,6.522222222,0
2000-12-16 00:00:00,1.101805329,6.436111111,0,0.0001,6.436111111,0
2000-12-17 00:00:00,1.145163298,6.35,0,0.0001,6.35,0
2000-12-18 00:00:00,1.154036164,6.263888889,0,0.0001,6.263888889,0
2000-12-19 00:00:00,1.14764142,6.177777778,0,0.0001,6.177777778,0
2000-12-20 00:00:00,1.122106314,6.091666667,0,0.0001,6.091666667,0
2000-12-21 00:00:00,1.08637917,6.005555556,0,0.0001,6.005555556,0
2000-12-22 00:00:00,1.045538783,5.919444444,0,0.0001,5.919444444,0
2000-12-23 00:00:00,1.005583048,5.833333333,0,0.0001,5.833333333,0
2000-12-24 00:00:00,0.967211843,5.747222222,0,0.0001,5.747222222,0
2000-12-25 00:00:00,0.926517248,5.661111111,0,0.0001,5.661111111,0
2000-12-26 00:00:00,0.883998334,5.575,0,0.0001,5.575,0
2000-12-27 00:00:00,0.840509832,5.488888889,0,0.0001,5.488888889,0
2000-12-28 00:00:00,0.810757518,5.402777778,0,0.0001,5.402777778,0
2000-12-29 00:00:00,0.78731519,5.316666667,0,0.0001,5.316666667,0
2000-12-30 00:00:00,0.764602482,5.230555556,0,0.0001,5.230555556,0
2000-12-31 00:00:00,0.738864124,5.144444444,0,0.0001,5.144444444,0
2001-01-01 00:00:00,0.714412212,5.058333333,0,0.0001,5.058333333,0
2001-01-02 00:00:00,0.702691019,4.972222222,0,0.0001,4.972222222,0
2001-01-03 00:00:00,0.712176502,4.886111111,0,0.0001,4.886111111,0
2001-01-04 00:00:00,0.732572019,4.8,0,0.0001,4.8,0
2001-01-05 00:00:00,0.762198329,4.75,0,0.0001,4.75,0
2001-01-06 00:00:00,0.822942793,4.7,0,0.0001,4.7,0
2001-01-07 00:00:00,0.869240224,4.65,0,0.0001,4.65,0
2001-01-08 00:00:00,0.897422254,4.6,0,0.0001,4.6,0
2001-01-09 00:00:00,0.905623674,4.55,0,0.0001,4.55,0
2001-01-10 00:00:00,0.898867309,4.5,0,0.0001,4.5,0
2001-01-11 00:00:00,0.874520719,4.45,0,0.0001,4.45,0
2001-01-12 00:00:00,0.847552657,4.4,0,0.0001,4.4,0
2001-01-13 00:00:00,0.815391779,4.35,0,0.0001,4.35,0
2001-01-14 00:00:00,0.786809146,4.3,0,0.0001,4.3,0
2001-01-15 00:00:00,0.760184467,4.25,0,0.0001,4.25,0
2001-01-16 00:00:00,0.73555845,4.2,0,0.0001,4.2,0
2001-01-17 00:00:00,0.711906731,4.15,0,0.0001,4.15,0
2001-01-18 00:00:00,0.686872542,4.1,0,0.0001,4.1,0
2001-01-19 00:00:00,0.666135192,4.05,0,0.0001,4.05,0
2001-01-20 00:00:00,0.646271288,4,0,0.0001,4,0
2001-01-21 00:00:00,0.611475825,3.95,0,0.0001,3.95,0
2001-01-22 00:00:00,0.579475403,3.9,0,0.0001,3.9,0
2001-01-23 00:00:00,0.558751106,3.85,0,0.0001,3.85,0
2001-01-24 00:00:00,0.584350765,3.8,0,0.0001,3.8,0
2001-01-25 00:00:00,0.64653039,3.75,0,0.0001,3.75,0
2001-01-26 00:00:00,0.691227317,3.7,0,0.0001,3.7,0
2001-01-27 00:00:00,0.714658856,3.65,0,0.0001,3.65,0
2001-01-28 00:00:00,0.723607361,3.6,0,0.0001,3.6,0
2001-01-29 00:00:00,0.722368777,3.55,0,0.0001,3.55,0
2001-01-30 00:00:00,0.713395476,3.5,0,0.0001,3.5,0
2001-01-31 00:00:00,0.700056911,3.45,0,0.0001,3.45,0
2001-02-01 00:00:00,0.685300827,3.4,0,0.0001,3.4,0
2001-02-02 00:00:00,0.670657873,3.35,0,0.0001,3.35,0
2001-02-03 00:00:00,0.65192771,3.3,0,0.0001,3.3,0
2001-02-04 00:00:00,0.634371459,3.25,0,0.0001,3.25,0
2001-02-05 00:00:00,0.623244464,3.2,0,0.0001,3.2,0
2001-02-06 00:00:00,0.610683143,3.15,0,0.0001,3.15,0
2001-02-07 00:00:00,0.646226764,3.1,0,0.0001,3.1,0
2001-02-08 00:00:00,0.737456501,3.05,0,0.0001,3.05,0
2001-02-09 00:00:00,0.839399576,3,0,0.0001,3,0
2001-02-10 00:00:00,0.901015222,2.95,0,0.0001,2.95,0
2001-02-11 00:00:00,0.946219206,2.9,0,0.0001,2.9,0
2001-02-12 00:00:00,1.027965665,2.85,0,0.0001,2.85,0
2001-02-13 00:00:00,1.103792667,2.8,0,0.0001,2.8,0
2001-02-14 00:00:00,1.145038009,2.75,0,0.0001,2.75,0
2001-02-15 00:00:00,1.148003936,2.7,0,0.0001,2.7,0
2001-02-16 00:00:00,1.127149105,2.721428571,0,0.0001,2.721428571,0
2001-02-17 00:00:00,1.092695832,2.742857143,0,0.0001,2.742857143,0
2001-02-18 00:00:00,1.053588986,2.764285714,0,0.0001,2.764285714,0
2001-02-19 00:00:00,1.016969562,2.785714286,0,0.0001,2.785714286,0
2001-02-20 00:00:00,0.980103612,2.807142857,0,0.0001,2.807142857,0
2001-02-21 00:00:00,0.942913175,2.828571429,0,0.0001,2.828571429,0
2001-02-22 00:00:00,0.910667539,2.85,0,0.0001,2.85,0
2001-02-23 00:00:00,0.877718866,2.871428571,0,0.0001,2.871428571,0
2001-02-24 00:00:00,0.839430094,2.892857143,0,0.0001,2.892857143,0
2001-02-25 00:00:00,0.807655275,2.914285714,0,0.0001,2.914285714,0
2001-02-26 00:00:00,0.782033861,2.935714286,0,0.0001,2.935714286,0
2001-02-27 00:00:00,0.75601387,2.957142857,0,0.0001,2.957142857,0
2001-02-28 00:00:00,0.736870885,2.978571429,0,0.0001,2.978571429,0
2001-03-01 00:00:00,0.722844124,3,0,0.0001,3,0
2001-03-02 00:00:00,0.713533938,3.021428571,0,0.0001,3.021428571,0
2001-03-03 00:00:00,0.697787404,3.042857143,0,0.0001,3.042857143,0
2001-03-04 00:00:00,0.671434999,3.064285714,0,0.0001,3.064285714,0
2001-03-05 00:00:00,0.639000773,3.085714286,0,0.0001,3.085714286,0
2001-03-06 00:00:00,0.594159901,3.107142857,0,0.0001,3.107142857,0
2001-03-07 00:00:00,0.561409056,3.128571429,0,0.0001,3.128571429,0
2001-03-08 00:00:00,0.542091787,3.15,0,0.0001,3.15,0
2001-03-09 00:00:00,0.544125915,3.171428571,0,0.0001,3.171428571,0
2001-03-10 00:00:00,0.561004996,3.192857143,0,0.0001,3.192857143,0
2001-03-11 00:00:00,0.587111235,3.214285714,0,0.0001,3.214285714,0
2001-03-12 00:00:00,0.641742885,3.235714286,0,0.0001,3.235714286,0
2001-03-13 00:00:00,0.683241487,3.257142857,0,0.0001,3.257142857,0
2001-03-14 00:00:00,0.722559154,3.278571429,0,0.0001,3.278571429,0
2001-03-15 00:00:00,0.754320085,3.3,0,0.0001,3.3,0
2001-03-16 00:00:00,0.772189736,3.374285714,0,0.0001,3.374285714,0
2001-03-17 00:00:00,0.777260959,3.448571429,0,0.0001,3.448571429,0
2001-03-18 00:00:00,0.781906247,3.522857143,0,0.0001,3.522857143,0
2001-03-19 00:00:00,0.778590202,3.597142857,0,0.0001,3.597142857,0
2001-03-20 00:00:00,0.766753495,3.671428571,0,0.0001,3.671428571,0
2001-03-21 00:00:00,0.753767073,3.745714286,0,0.0001,3.745714286,0
2001-03-22 00:00:00,0.740344584,3.82,0,0.0001,3.82,0
2001-03-23 00:00:00,0.722039461,3.894285714,0,0.0001,3.894285714,0
2001-03-24 00:00:00,0.704280257,3.968571429,0,0.0001,3.968571429,0
2001-03-25 00:00:00,0.687246203,4.042857143,0,0.0001,4.042857143,0
2001-03-26 00:00:00,0.672733963,4.117142857,0,0.0001,4.117142857,0
2001-03-27 00:00:00,0.651227772,4.191428571,0,0.0001,4.191428571,0
2001-03-28 00:00:00,0.620873153,4.265714286,0,0.0001,4.265714286,0
2001-03-29 00:00:00,0.601086438,4.34,0,0.0001,4.34,0
2001-03-30 00:00:00,0.587900996,4.414285714,0,0.0001,4.414285714,0
2001-03-31 00:00:00,0.569838643,4.488571429,0,0.0001,4.488571429,0
2001-04-01 00:00:00,0.567877114,4.562857143,0,0.0001,4.562857143,0
2001-04-02 00:00:00,0.555830657,4.637142857,0,0.0001,4.637142857,0
2001-04-03 00:00:00,0.540625095,4.711428571,0,0.0001,4.711428571,0
2001-04-04 00:00:00,0.530366242,4.785714286,0,0.0001,4.785714286,0
2001-04-05 00:00:00,0.531925857,4.86,0,0.0001,4.86,0
2001-04-06 00:00:00,0.529370904,4.934285714,0,0.0001,4.934285714,0
2001-04-07 00:00:00,0.533593833,5.008571429,0,0.0001,5.008571429,0
2001-04-08 00:00:00,0.601812243,5.082857143,0,0.0001,5.082857143,0
2001-04-09 00:00:00,0.656335115,5.157142857,0,0.0001,5.157142857,0
2001-04-10 00:00:00,0.675194621,5.231428571,0,0.0001,5.231428571,0
2001-04-11 00:00:00,0.674589097,5.305714286,0,0.0001,5.305714286,0
2001-04-12 00:00:00,0.666509867,5.38,0,0.0001,5.38,0
2001-04-13 00:00:00,0.648690403,5.454285714,0,0.0001,5.454285714,0
2001-04-14 00:00:00,0.61879611,5.528571429,0,0.0001,5.528571429,0
2001-04-15 00:00:00,0.59622246,5.602857143,0,0.0001,5.602857143,0
2001-04-16 00:00:00,0.580545664,5.677142857,0,0.0001,5.677142857,0
2001-04-17 00:00:00,0.552283704,5.751428571,0,0.0001,5.751428571,0
2001-04-18 00:00:00,0.539100528,5.825714286,0,0.0001,5.825714286,0
2001-04-19 00:00:00,0.51999706,5.9,0,0.0001,5.9,0
2001-04-20 00:00:00,0.498308331,6.088235294,0,0.0001,6.088235294,0
2001-04-21 00:00:00,0.474877566,6.276470588,0,0.0001,6.276470588,0
2001-04-22 00:00:00,0.453895688,6.464705882,0,0.0001,6.464705882,0
2001-04-23 00:00:00,0.438853204,6.652941176,0,0.0001,6.652941176,0
2001-04-24 00:00:00,0.434602946,6.841176471,0,0.0001,6.841176471,0
2001-04-25 00:00:00,0.442917138,7.029411765,0,0.0001,7.029411765,0
2001-04-26 00:00:00,0.503867567,7.217647059,0,0.0001,7.217647059,0
2001-04-27 00:00:00,0.550741494,7.405882353,0,0.0001,7.405882353,0
2001-04-28 00:00:00,0.580793798,7.594117647,0,0.0001,7.594117647,0
2001-04-29 00:00:00,0.605347455,7.782352941,0,0.0001,7.782352941,0
2001-04-30 00:00:00,0.620937288,7.970588235,0,0.0001,7.970588235,0
2001-05-01 00:00:00,0.617735744,8.158823529,0,0.0001,8.158823529,0
2001-05-02 00:00:00,0.605590224,8.347058824,0,0.0001,8.347058824,0
2001-05-03 00:00:00,0.586972475,8.535294118,0,0.0001,8.535294118,0
2001-05-04 00:00:00,0.563588202,8.723529412,0,0.0001,8.723529412,0
2001-05-05 00:00:00,0.540933132,8.911764706,0,0.0001,8.911764706,0
2001-05-06 00:00:00,0.50954771,9.1,0,0.0001,9.1,0
2001-05-07 00:00:00,0.478851736,9.288235294,0,0.0001,9.288235294,0
2001-05-08 00:00:00,0.459212393,9.476470588,0,0.0001,9.476470588,0
2001-05-09 00:00:00,0.441821218,9.664705882,0,0.0001,9.664705882,0
2001-05-10 00:00:00,0.419698596,9.852941176,0,0.0001,9.852941176,0
2001-05-11 00:00:00,0.401195586,10.04117647,0,0.0001,10.04117647,0
2001-05-12 00:00:00,0.383338839,10.22941176,0,0.0001,10.22941176,0
2001-05-13 00:00:00,0.358255744,10.41764706,0,0.0001,10.41764706,0
2001-05-14 00:00:00,0.341982692,10.60588235,0,0.0001,10.60588235,0
2001-05-15 00:00:00,0.33460027,10.79411765,0,0.0001,10.79411765,0
2001-05-16 00:00:00,0.329607099,10.98235294,0,0.0001,10.98235294,0
2001-05-17 00:00:00,0.324564874,11.17058824,0,0.0001,11.17058824,0
2001-05-18 00:00:00,0.345706344,11.35882353,0,0.0001,11.35882353,0
2001-05-19 00:00:00,0.340233684,11.54705882,0,0.0001,11.54705882,0
2001-05-20 00:00:00,0.329235077,11.73529412,0,0.0001,11.73529412,0
2001-05-21 00:00:00,0.318888158,11.92352941,0,0.0001,11.92352941,0
2001-05-22 00:00:00,0.309914678,12.11176471,0,0.0001,12.11176471,0
2001-05-23 00:00:00,0.296131164,12.3,0,0.0001,12.3,0
2001-05-24 00:00:00,0.281503618,12.42758621,0,0.0001,12.42758621,0
2001-05-25 00:00:00,0.26942417,12.55517241,0,0.0001,12.55517241,0
2001-05-26 00:00:00,0.25612551,12.68275862,0,0.0001,12.68275862,0
2001-05-27 00:00:00,0.244108438,12.81034483,0,0.0001,12.81034483,0
2001-05-28 00:00:00,0.234551653,12.93793103,0,0.0001,12.93793103,0
2001-05-29 00:00:00,0.235702515,13.06551724,0,0.0001,13.06551724,0
2001-05-30 00:00:00,0.235431537,13.19310345,0,0.0001,13.19310345,0
2001-05-31 00:00:00,0.247127578,13.32068966,0,0.0001,13.32068966,0
2001-06-01 00:00:00,0.25513798,13.44827586,0,0.0001,13.44827586,0
2001-06-02 00:00:00,0.269458145,13.57586207,0,0.0001,13.57586207,0
2001-06-03 00:00:00,0.304408818,13.70344828,0,0.0001,13.70344828,0
2001-06-04 00:00:00,0.314676762,13.83103448,0,0.0001,13.83103448,0
2001-06-05 00:00:00,0.316119015,13.95862069,0,0.0001,13.95862069,0
2001-06-06 00:00:00,0.310032815,14.0862069,0,0.0001,14.0862069,0
2001-06-07 00:00:00,0.310939968,14.2137931,0,0.0001,14.2137931,0
2001-06-08 00:00:00,0.305203348,14.34137931,0,0.0001,14.34137931,0
2001-06-09 00:00:00,0.296629041,14.46896552,0,0.0001,14.46896552,0
2001-06-10 00:00:00,0.285865992,14.59655172,0,0.0001,14.59655172,0
2001-06-11 00:00:00,0.27127561,14.72413793,0,0.0001,14.72413793,0
2001-06-12 00:00:00,0.259218156,14.85172414,0,0.0001,14.85172414,0
2001-06-13 00:00:00,0.246123314,14.97931034,0,0.0001,14.97931034,0
2001-06-14 00:00:00,0.237080395,15.10689655,0,0.0001,15.10689655,0
2001-06-15 00:00:00,0.230513364,15.23448276,0,0.0001,15.23448276,0
2001-06-16 00:00:00,0.227923647,15.36206897,0,0.0001,15.36206897,0
2001-06-17 00:00:00,0.223395556,15.48965517,0,0.0001,15.48965517,0
2001-06-18 00:00:00,0.214841038,15.61724138,0,0.0001,15.61724138,0
2001-06-19 00:00:00,0.207831621,15.74482759,0,0.0001,15.74482759,0
2001-06-20 00:00:00,0.20283103,15.87241379,0,0.0001,15.87241379,0
2001-06-21 00:00:00,0.198693693,16,0,0.0001,16,0
2001-06-22 00:00:00,0.210167184,16.18518519,0,0.0001,16.18518519,0
2001-06-23 00:00:00,0.220217034,16.37037037,0,0.0001,16.37037037,0
2001-06-24 00:00:00,0.212035298,16.55555556,0,0.0001,16.55555556,0
2001-06-25 00:00:00,0.203182906,16.74074074,0,0.0001,16.74074074,0
2001-06-26 00:00:00,0.194075659,16.92592593,0,0.0001,16.92592593,0
2001-06-27 00:00:00,0.1903027,17.11111111,0,0.0001,17.11111111,0
2001-06-28 00:00:00,0.191189826,17.2962963,0,0.0001,17.2962963,0
2001-06-29 00:00:00,0.186681554,17.48148148,0,0.0001,17.48148148,0
2001-06-30 00:00:00,0.17986387,17.66666667,0,0.0001,17.66666667,0
2001-07-01 00:00:00,0.169536859,17.85185185,0,0.0001,17.85185185,0
2001-07-02 00:00:00,0.158957615,18.03703704,0,0.0001,18.03703704,0
2001-07-03 00:00:00,0.153658211,18.22222222,0,0.0001,18.22222222,0
2001-07-04 00:00:00,0.150846928,18.40740741,0,0.0001,18.40740741,0
2001-07-05 00:00:00,0.145000115,18.59259259,0,0.0001,18.59259259,0
2001-07-06 00:00:00,0.139336452,18.77777778,0,0.0001,18.77777778,0
2001-07-07 00:00:00,0.134700239,18.96296296,0,0.0001,18.96296296,0
2001-07-08 00:00:00,0.128427193,19.14814815,0,0.0001,19.14814815,0
2001-07-09 00:00:00,0.120344654,19.33333333,0,0.0001,19.33333333,0
2001-07-10 00:00:00,0.11174567,19.51851852,0,0.0001,19.51851852,0
2001-07-11 00:00:00,0.124456257,19.7037037,0,0.0001,19.7037037,0
2001-07-12 00:00:00,0.129266739,19.88888889,0,0.0001,19.88888889,0
2001-07-13 00:00:00,0.128963038,20.07407407,0,0.0001,20.07407407,0
2001-07-14 00:00:00,0.131039441,20.25925926,0,0.0001,20.25925926,0
2001-07-15 00:00:00,0.126303345,20.44444444,0,0.0001,20.44444444,0
2001-07-16 00:00:00,0.122749671,20.62962963,0,0.0001,20.62962963,0
2001-07-17 00:00:00,0.119411737,20.81481481,0,0.0001,20.81481481,0
2001-07-18 00:00:00,0.116012901,21,0,0.0001,21,0
2001-07-19 00:00:00,0.112267524,21.03103448,0,0.0001,21.03103448,0
2001-07-20 00:00:00,0.114869595,21.06206897,0,0.0001,21.06206897,0
2001-07-21 00:00:00,0.114506006,21.09310345,0,0.0001,21.09310345,0
2001-07-22 00:00:00,0.110505536,21.12413793,0,0.0001,21.12413793,0
2001-07-23 00:00:00,0.107659705,21.15517241,0,0.0001,21.15517241,0
2001-07-24 00:00:00,0.105034158,21.1862069,0,0.0001,21.1862069,0
2001-07-25 00:00:00,0.102518409,21.21724138,0,0.0001,21.21724138,0
2001-07-26 00:00:00,0.096718326,21.24827586,0,0.0001,21.24827586,0
2001-07-27 00:00:00,0.09312994,21.27931034,0,0.0001,21.27931034,0
2001-07-28 00:00:00,0.089621857,21.31034483,0,0.0001,21.31034483,0
2001-07-29 00:00:00,0.085626386,21.34137931,0,0.0001,21.34137931,0
2001-07-30 00:00:00,0.079080105,21.37241379,0,0.0001,21.37241379,0
2001-07-31 00:00:00,0.074283667,21.40344828,0,0.0001,21.40344828,0
2001-08-01 00:00:00,0.067798018,21.43448276,0,0.0001,21.43448276,0
2001-08-02 00:00:00,0.06401898,21.46551724,0,0.0001,21.46551724,0
2001-08-03 00:00:00,0.0650056,21.49655172,0,0.0001,21.49655172,0
2001-08-04 00:00:00,0.065910995,21.52758621,0,0.0001,21.52758621,0
2001-08-05 00:00:00,0.074694768,21.55862069,0,0.0001,21.55862069,0
2001-08-06 00:00:00,0.087233327,21.58965517,0,0.0001,21.58965517,0
2001-08-07 00:00:00,0.092763014,21.62068966,0,0.0001,21.62068966,0
2001-08-08 00:00:00,0.117068879,21.65172414,0,0.0001,21.65172414,0
2001-08-09 00:00:00,0.130709603,21.68275862,0,0.0001,21.68275862,0
2001-08-10 00:00:00,0.127103522,21.7137931,0,0.0001,21.7137931,0
2001-08-11 00:00:00,0.119108662,21.74482759,0,0.0001,21.74482759,0
2001-08-12 00:00:00,0.127517045,21.77586207,0,0.0001,21.77586207,0
2001-08-13 00:00:00,0.136658698,21.80689655,0,0.0001,21.80689655,0
2001-08-14 00:00:00,0.136330858,21.83793103,0,0.0001,21.83793103,0
2001-08-15 00:00:00,0.138507128,21.86896552,0,0.0001,21.86896552,0
2001-08-16 00:00:00,0.138730541,21.9,0,0.0001,21.9,0
2001-08-17 00:00:00,0.150808617,21.675,0,0.0001,21.675,0
2001-08-18 00:00:00,0.162894472,21.45,0,0.0001,21.45,0
2001-08-19 00:00:00,0.164194524,21.225,0,0.0001,21.225,0
2001-08-20 00:00:00,0.165624276,21,0,0.0001,21,0
2001-08-21 00:00:00,0.162868455,20.775,0,0.0001,20.775,0
2001-08-22 00:00:00,0.156222835,20.55,0,0.0001,20.55,0
2001-08-23 00:00:00,0.150716633,20.325,0,0.0001,20.325,0
2001-08-24 00:00:00,0.14684175,20.1,0,0.0001,20.1,0
2001-08-25 00:00:00,0.1422012,19.875,0,0.0001,19.875,0
2001-08-26 00:00:00,0.144910201,19.65,0,0.0001,19.65,0
2001-08-27 00:00:00,0.148562834,19.425,0,0.0001,19.425,0
2001-08-28 00:00:00,0.13710697,19.2,0,0.0001,19.2,0
2001-08-29 00:00:00,0.13349779,18.975,0,0.0001,18.975,0
2001-08-30 00:00:00,0.13116248,18.75,0,0.0001,18.75,0
2001-08-31 00:00:00,0.128330395,18.525,0,0.0001,18.525,0
2001-09-01 00:00:00,0.12508665,18.3,0,0.0001,18.3,0
2001-09-02 00:00:00,0.124083944,18.075,0,0.0001,18.075,0
2001-09-03 00:00:00,0.129999995,17.85,0,0.0001,17.85,0
2001-09-04 00:00:00,0.119999997,17.625,0,0.0001,17.625,0
2001-09-05 00:00:00,0.115000002,17.4,0,0.0001,17.4,0
2001-09-06 00:00:00,0.112999998,17.175,0,0.0001,17.175,0
2001-09-07 00:00:00,0.112000003,16.95,0,0.0001,16.95,0
2001-09-08 00:00:00,0.123000003,16.725,0,0.0001,16.725,0
2001-09-09 00:00:00,0.123999998,16.5,0,0.0001,16.5,0
2001-09-10 00:00:00,0.134000003,16.275,0,0.0001,16.275,0
2001-09-11 00:00:00,0.120999999,16.05,0,0.0001,16.05,0
2001-09-12 00:00:00,0.119999997,15.825,0,0.0001,15.825,0
2001-09-13 00:00:00,0.143000007,15.6,0,0.0001,15.6,0
2001-09-14 00:00:00,0.176527336,15.51904762,0,0.0001,15.51904762,0
2001-09-15 00:00:00,0.175721079,15.43809524,0,0.0001,15.43809524,0
2001-09-16 00:00:00,0.170175895,15.35714286,0,0.0001,15.35714286,0
2001-09-17 00:00:00,0.209765106,15.27619048,0,0.0001,15.27619048,0
2001-09-18 00:00:00,0.304399729,15.1952381,0,0.0001,15.1952381,0
2001-09-19 00:00:00,0.312549055,15.11428571,0,0.0001,15.11428571,0
2001-09-20 00:00:00,0.245801792,15.03333333,0,0.0001,15.03333333,0
2001-09-21 00:00:00,0.29566884,14.95238095,0,0.0001,14.95238095,0
2001-09-22 00:00:00,0.352387846,14.87142857,0,0.0001,14.87142857,0
2001-09-23 00:00:00,0.379925847,14.79047619,0,0.0001,14.79047619,0
2001-09-24 00:00:00,0.51455003,14.70952381,0,0.0001,14.70952381,0
2001-09-25 00:00:00,0.544058442,14.62857143,0,0.0001,14.62857143,0
2001-09-26 00:00:00,0.56769073,14.54761905,0,0.0001,14.54761905,0
2001-09-27 00:00:00,0.587063789,14.46666667,0,0.0001,14.46666667,0
2001-09-28 00:00:00,0.594426036,14.38571429,0,0.0001,14.38571429,0
2001-09-29 00:00:00,0.616550207,14.3047619,0,0.0001,14.3047619,0
2001-09-30 00:00:00,0.674768448,14.22380952,0,0.0001,14.22380952,0
2001-10-01 00:00:00,0.803535342,14.14285714,0,0.0001,14.14285714,0
2001-10-02 00:00:00,0.825520933,14.06190476,0,0.0001,14.06190476,0
2001-10-03 00:00:00,0.825692773,13.98095238,0,0.0001,13.98095238,0
2001-10-04 00:00:00,0.833141029,13.9,0,0.0001,13.9,0
2001-10-05 00:00:00,0.821707189,13.76190476,0,0.0001,13.76190476,0
2001-10-06 00:00:00,0.80211097,13.62380952,0,0.0001,13.62380952,0
2001-10-07 00:00:00,0.782072365,13.48571429,0,0.0001,13.48571429,0
2001-10-08 00:00:00,0.760908723,13.34761905,0,0.0001,13.34761905,0
2001-10-09 00:00:00,0.750377834,13.20952381,0,0.0001,13.20952381,0
2001-10-10 00:00:00,0.764232755,13.07142857,0,0.0001,13.07142857,0
2001-10-11 00:00:00,0.785555124,12.93333333,0,0.0001,12.93333333,0
2001-10-12 00:00:00,0.794600606,12.7952381,0,0.0001,12.7952381,0
2001-10-13 00:00:00,0.79604429,12.65714286,0,0.0001,12.65714286,0
2001-10-14 00:00:00,0.788807929,12.51904762,0,0.0001,12.51904762,0
2001-10-15 00:00:00,0.775192142,12.38095238,0,0.0001,12.38095238,0
2001-10-16 00:00:00,0.755236983,12.24285714,0,0.0001,12.24285714,0
2001-10-17 00:00:00,0.73284471,12.1047619,0,0.0001,12.1047619,0
2001-10-18 00:00:00,0.709466517,11.96666667,0,0.0001,11.96666667,0
2001-10-19 00:00:00,0.686123908,11.82857143,0,0.0001,11.82857143,0
2001-10-20 00:00:00,0.664770067,11.69047619,0,0.0001,11.69047619,0
2001-10-21 00:00:00,0.631666183,11.55238095,0,0.0001,11.55238095,0
2001-10-22 00:00:00,0.590195894,11.41428571,0,0.0001,11.41428571,0
2001-10-23 00:00:00,0.549189448,11.27619048,0,0.0001,11.27619048,0
2001-10-24 00:00:00,0.510445058,11.13809524,0,0.0001,11.13809524,0
2001-10-25 00:00:00,0.477687687,11,0,0.0001,11,0
2001-10-26 00:00:00,0.453129441,10.86190476,0,0.0001,10.86190476,0
2001-10-27 00:00:00,0.433889508,10.72380952,0,0.0001,10.72380952,0
2001-10-28 00:00:00,0.411235541,10.58571429,0,0.0001,10.58571429,0
2001-10-29 00:00:00,0.396455705,10.44761905,0,0.0001,10.44761905,0
2001-10-30 00:00:00,0.398814499,10.30952381,0,0.0001,10.30952381,0
2001-10-31 00:00:00,0.403429031,10.17142857,0,0.0001,10.17142857,0
2001-11-01 00:00:00,0.399640858,10.03333333,0,0.0001,10.03333333,0
2001-11-02 00:00:00,0.391124249,9.895238095,0,0.0001,9.895238095,0
2001-11-03 00:00:00,0.383221298,9.757142857,0,0.0001,9.757142857,0
2001-11-04 00:00:00,0.376350045,9.619047619,0,0.0001,9.619047619,0
2001-11-05 00:00:00,0.370343506,9.480952381,0,0.0001,9.480952381,0
2001-11-06 00:00:00,0.370107889,9.342857143,0,0.0001,9.342857143,0
2001-11-07 00:00:00,0.37526834,9.204761905,0,0.0001,9.204761905,0
2001-11-08 00:00:00,0.39903751,9.066666667,0,0.0001,9.066666667,0
2001-11-09 00:00:00,0.416825652,8.928571429,0,0.0001,8.928571429,0
2001-11-10 00:00:00,0.421340466,8.79047619,0,0.0001,8.79047619,0
2001-11-11 00:00:00,0.423668027,8.652380952,0,0.0001,8.652380952,0
2001-11-12 00:00:00,0.427816272,8.514285714,0,0.0001,8.514285714,0
2001-11-13 00:00:00,0.429546177,8.376190476,0,0.0001,8.376190476,0
2001-11-14 00:00:00,0.422181994,8.238095238,0,0.0001,8.238095238,0
2001-11-15 00:00:00,0.404982448,8.1,0,0.0001,8.1,0
2001-11-16 00:00:00,0.396820337,8.007142857,0,0.0001,8.007142857,0
2001-11-17 00:00:00,0.386137664,7.914285714,0,0.0001,7.914285714,0
2001-11-18 00:00:00,0.377098382,7.821428571,0,0.0001,7.821428571,0
2001-11-19 00:00:00,0.371333301,7.728571429,0,0.0001,7.728571429,0
2001-11-20 00:00:00,0.359328479,7.635714286,0,0.0001,7.635714286,0
2001-11-21 00:00:00,0.355466694,7.542857143,0,0.0001,7.542857143,0
2001-11-22 00:00:00,0.372160316,7.45,0,0.0001,7.45,0
2001-11-23 00:00:00,0.372868031,7.357142857,0,0.0001,7.357142857,0
2001-11-24 00:00:00,0.369790167,7.264285714,0,0.0001,7.264285714,0
2001-11-25 00:00:00,0.369269609,7.171428571,0,0.0001,7.171428571,0
2001-11-26 00:00:00,0.385124803,7.078571429,0,0.0001,7.078571429,0
2001-11-27 00:00:00,0.399710476,6.985714286,0,0.0001,6.985714286,0
2001-11-28 00:00:00,0.42423293,6.892857143,0,0.0001,6.892857143,0
2001-11-29 00:00:00,0.437794417,6.8,0,0.0001,6.8,0
2001-11-30 00:00:00,0.445162028,6.707142857,0,0.0001,6.707142857,0
2001-12-01 00:00:00,0.443755299,6.614285714,0,0.0001,6.614285714,0
2001-12-02 00:00:00,0.452250868,6.521428571,0,0.0001,6.521428571,0
2001-12-03 00:00:00,0.457477391,6.428571429,0,0.0001,6.428571429,0
2001-12-04 00:00:00,0.465233803,6.335714286,0,0.0001,6.335714286,0
2001-12-05 00:00:00,0.479426563,6.242857143,0,0.0001,6.242857143,0
2001-12-06 00:00:00,0.487228185,6.15,0,0.0001,6.15,0
2001-12-07 00:00:00,0.491093606,6.057142857,0,0.0001,6.057142857,0
2001-12-08 00:00:00,0.484879166,5.964285714,0,0.0001,5.964285714,0
2001-12-09 00:00:00,0.471905768,5.871428571,0,0.0001,5.871428571,0
2001-12-10 00:00:00,0.459406435,5.778571429,0,0.0001,5.778571429,0
2001-12-11 00:00:00,0.449274182,5.685714286,0,0.0001,5.685714286,0
2001-12-12 00:00:00,0.437666804,5.592857143,0,0.0001,5.592857143,0
2001-12-13 00:00:00,0.426943362,5.5,0,0.0001,5.5,0
2001-12-14 00:00:00,0.412181318,5.38,0,0.0001,5.38,0
2001-12-15 00:00:00,0.398457527,5.26,0,0.0001,5.26,0
2001-12-16 00:00:00,0.385628462,5.14,0,0.0001,5.14,0
2001-12-17 00:00:00,0.373971194,5.02,0,0.0001,5.02,0
2001-12-18 00:00:00,0.362335473,4.9,0,0.0001,4.9,0
2001-12-19 00:00:00,0.351111442,4.78,0,0.0001,4.78,0
2001-12-20 00:00:00,0.345713794,4.66,0,0.0001,4.66,0
2001-12-21 00:00:00,0.357450366,4.54,0,0.0001,4.54,0
2001-12-22 00:00:00,0.359698296,4.42,0,0.0001,4.42,0
2001-12-23 00:00:00,0.359143227,4.3,0,0.0001,4.3,0
2001-12-24 00:00:00,0.374396592,4.18,0,0.0001,4.18,0
2001-12-25 00:00:00,0.430047214,4.06,0,0.0001,4.06,0
2001-12-26 00:00:00,0.497772217,3.94,0,0.0001,3.94,0
2001-12-27 00:00:00,0.538518965,3.82,0,0.0001,3.82,0
2001-12-28 00:00:00,0.558279157,3.7,0,0.0001,3.7,0
2001-12-29 00:00:00,0.558298111,3.58,0,0.0001,3.58,0
2001-12-30 00:00:00,0.537712872,3.46,0,0.0001,3.46,0
2001-12-31 00:00:00,0.508103728,3.34,0,0.0001,3.34,0
2002-01-01 00:00:00,0.483405232,3.22,0,0.0001,3.22,0
2002-01-02 00:00:00,0.562772453,3.1,0,0.0001,3.1,0
2002-01-03 00:00:00,0.657011032,2.98,0,0.0001,2.98,0
2002-01-04 00:00:00,0.686577559,2.86,0,0.0001,2.86,0
2002-01-05 00:00:00,0.681052923,2.74,0,0.0001,2.74,0
2002-01-06 00:00:00,0.670852482,2.62,0,0.0001,2.62,0
2002-01-07 00:00:00,0.676824808,2.5,0,0.0001,2.5,0
2002-01-08 00:00:00,0.678248525,2.563333333,0,0.0001,2.563333333,0
2002-01-09 00:00:00,0.676972806,2.626666667,0,0.0001,2.626666667,0
2002-01-10 00:00:00,0.669345438,2.69,0,0.0001,2.69,0
2002-01-11 00:00:00,0.657550216,2.753333333,0,0.0001,2.753333333,0
2002-01-12 00:00:00,0.632717133,2.816666667,0,0.0001,2.816666667,0
2002-01-13 00:00:00,0.606737733,2.88,0,0.0001,2.88,0
2002-01-14 00:00:00,0.582231104,2.943333333,0,0.0001,2.943333333,0
2002-01-15 00:00:00,0.564599931,3.006666667,0,0.0001,3.006666667,0
2002-01-16 00:00:00,0.557451487,3.07,0,0.0001,3.07,0
2002-01-17 00:00:00,0.555188835,3.133333333,0,0.0001,3.133333333,0
2002-01-18 00:00:00,0.567906857,3.196666667,0,0.0001,3.196666667,0
2002-01-19 00:00:00,0.592143416,3.26,0,0.0001,3.26,0
2002-01-20 00:00:00,0.629905343,3.323333333,0,0.0001,3.323333333,0
2002-01-21 00:00:00,0.689818919,3.386666667,0,0.0001,3.386666667,0
2002-01-22 00:00:00,0.728350163,3.45,0,0.0001,3.45,0
2002-01-23 00:00:00,0.761087894,3.513333333,0,0.0001,3.513333333,0
2002-01-24 00:00:00,0.807186306,3.576666667,0,0.0001,3.576666667,0
2002-01-25 00:00:00,0.872349799,3.64,0,0.0001,3.64,0
2002-01-26 00:00:00,0.946807444,3.703333333,0,0.0001,3.703333333,0
2002-01-27 00:00:00,1.054387331,3.766666667,0,0.0001,3.766666667,0
2002-01-28 00:00:00,1.150639296,3.83,0,0.0001,3.83,0
2002-01-29 00:00:00,1.224749088,3.893333333,0,0.0001,3.893333333,0
2002-01-30 00:00:00,1.260459781,3.956666667,0,0.0001,3.956666667,0
2002-01-31 00:00:00,1.290280461,4.02,0,0.0001,4.02,0
2002-02-01 00:00:00,1.344750524,4.083333333,0,0.0001,4.083333333,0
2002-02-02 00:00:00,1.418522954,4.146666667,0,0.0001,4.146666667,0
2002-02-03 00:00:00,1.444841743,4.21,0,0.0001,4.21,0
2002-02-04 00:00:00,1.433674693,4.273333333,0,0.0001,4.273333333,0
2002-02-05 00:00:00,1.438401937,4.336666667,0,0.0001,4.336666667,0
2002-02-06 00:00:00,1.458697557,4.4,0,0.0001,4.4,0
2002-02-07 00:00:00,1.472682476,4.397619048,0,0.0001,4.397619048,0
2002-02-08 00:00:00,1.466508985,4.395238095,0,0.0001,4.395238095,0
2002-02-09 00:00:00,1.465375066,4.392857143,0,0.0001,4.392857143,0
2002-02-10 00:00:00,1.456898928,4.39047619,0,0.0001,4.39047619,0
2002-02-11 00:00:00,1.456686616,4.388095238,0,0.0001,4.388095238,0
2002-02-12 00:00:00,1.488783956,4.385714286,0,0.0001,4.385714286,0
2002-02-13 00:00:00,1.513457179,4.383333333,0,0.0001,4.383333333,0
2002-02-14 00:00:00,1.496188283,4.380952381,0,0.0001,4.380952381,0
2002-02-15 00:00:00,1.448411584,4.378571429,0,0.0001,4.378571429,0
2002-02-16 00:00:00,1.395336628,4.376190476,0,0.0001,4.376190476,0
2002-02-17 00:00:00,1.340489626,4.373809524,0,0.0001,4.373809524,0
2002-02-18 00:00:00,1.288422465,4.371428571,0,0.0001,4.371428571,0
2002-02-19 00:00:00,1.277706981,4.369047619,0,0.0001,4.369047619,0
2002-02-20 00:00:00,1.276350617,4.366666667,0,0.0001,4.366666667,0
2002-02-21 00:00:00,1.270160317,4.364285714,0,0.0001,4.364285714,0
2002-02-22 00:00:00,1.251657724,4.361904762,0,0.0001,4.361904762,0
2002-02-23 00:00:00,1.287243962,4.35952381,0,0.0001,4.35952381,0
2002-02-24 00:00:00,1.340453506,4.357142857,0,0.0001,4.357142857,0
2002-02-25 00:00:00,1.374586105,4.354761905,0,0.0001,4.354761905,0
2002-02-26 00:00:00,1.414875627,4.352380952,0,0.0001,4.352380952,0
2002-02-27 00:00:00,1.573339343,4.35,0,0.0001,4.35,0
2002-02-28 00:00:00,1.773048997,4.347619048,0,0.0001,4.347619048,0
2002-03-01 00:00:00,1.886430025,4.345238095,0,0.0001,4.345238095,0
2002-03-02 00:00:00,1.919714212,4.342857143,0,0.0001,4.342857143,0
2002-03-03 00:00:00,1.907015443,4.34047619,0,0.0001,4.34047619,0
2002-03-04 00:00:00,1.882578254,4.338095238,0,0.0001,4.338095238,0
2002-03-05 00:00:00,1.868440509,4.335714286,0,0.0001,4.335714286,0
2002-03-06 00:00:00,1.876733422,4.333333333,0,0.0001,4.333333333,0
2002-03-07 00:00:00,1.964068413,4.330952381,0,0.0001,4.330952381,0
2002-03-08 00:00:00,2.005360365,4.328571429,0,0.0001,4.328571429,0
2002-03-09 00:00:00,1.993555665,4.326190476,0,0.0001,4.326190476,0
2002-03-10 00:00:00,1.948779464,4.323809524,0,0.0001,4.323809524,0
2002-03-11 00:00:00,1.905308723,4.321428571,0,0.0001,4.321428571,0
2002-03-12 00:00:00,1.839558601,4.319047619,0,0.0001,4.319047619,0
2002-03-13 00:00:00,1.767112613,4.316666667,0,0.0001,4.316666667,0
2002-03-14 00:00:00,1.697957754,4.314285714,0,0.0001,4.314285714,0
2002-03-15 00:00:00,1.622767568,4.311904762,0,0.0001,4.311904762,0
2002-03-16 00:00:00,1.548462629,4.30952381,0,0.0001,4.30952381,0
2002-03-17 00:00:00,1.489387512,4.307142857,0,0.0001,4.307142857,0
2002-03-18 00:00:00,1.440669537,4.304761905,0,0.0001,4.304761905,0
2002-03-19 00:00:00,1.431564569,4.302380952,0,0.0001,4.302380952,0
2002-03-20 00:00:00,1.405088425,4.3,0,0.0001,4.3,0
2002-03-21 00:00:00,1.366185904,4.471428571,0,0.0001,4.471428571,0
2002-03-22 00:00:00,1.320581555,4.642857143,0,0.0001,4.642857143,0
2002-03-23 00:00:00,1.270000339,4.814285714,0,0.0001,4.814285714,0
2002-03-24 00:00:00,1.222299933,4.985714286,0,0.0001,4.985714286,0
2002-03-25 00:00:00,1.17403388,5.157142857,0,0.0001,5.157142857,0
2002-03-26 00:00:00,1.131471395,5.328571429,0,0.0001,5.328571429,0
2002-03-27 00:00:00,1.090828538,5.5,0,0.0001,5.5,0
2002-03-28 00:00:00,1.052920699,5.671428571,0,0.0001,5.671428571,0
2002-03-29 00:00:00,1.016571164,5.842857143,0,0.0001,5.842857143,0
2002-03-30 00:00:00,0.984163523,6.014285714,0,0.0001,6.014285714,0
2002-03-31 00:00:00,0.952912569,6.185714286,0,0.0001,6.185714286,0
2002-04-01 00:00:00,0.927147865,6.357142857,0,0.0001,6.357142857,0
2002-04-02 00:00:00,0.900282085,6.528571429,0,0.0001,6.528571429,0
2002-04-03 00:00:00,0.872204244,6.7,0,0.0001,6.7,0
2002-04-04 00:00:00,0.844049811,6.871428571,0,0.0001,6.871428571,0
2002-04-05 00:00:00,0.816082895,7.042857143,0,0.0001,7.042857143,0
2002-04-06 00:00:00,0.79119575,7.214285714,0,0.0001,7.214285714,0
2002-04-07 00:00:00,0.770652652,7.385714286,0,0.0001,7.385714286,0
2002-04-08 00:00:00,0.749435425,7.557142857,0,0.0001,7.557142857,0
2002-04-09 00:00:00,0.728852332,7.728571429,0,0.0001,7.728571429,0
2002-04-10 00:00:00,0.707025647,7.9,0,0.0001,7.9,0
2002-04-11 00:00:00,0.683951676,8.015384615,0,0.0001,8.015384615,0
2002-04-12 00:00:00,0.663713217,8.130769231,0,0.0001,8.130769231,0
2002-04-13 00:00:00,0.639243901,8.246153846,0,0.0001,8.246153846,0
2002-04-14 00:00:00,0.607737839,8.361538462,0,0.0001,8.361538462,0
2002-04-15 00:00:00,0.577776074,8.476923077,0,0.0001,8.476923077,0
2002-04-16 00:00:00,0.549530566,8.592307692,0,0.0001,8.592307692,0
2002-04-17 00:00:00,0.526724398,8.707692308,0,0.0001,8.707692308,0
2002-04-18 00:00:00,0.506454825,8.823076923,0,0.0001,8.823076923,0
2002-04-19 00:00:00,0.487342596,8.938461538,0,0.0001,8.938461538,0
2002-04-20 00:00:00,0.468621522,9.053846154,0,0.0001,9.053846154,0
2002-04-21 00:00:00,0.451704443,9.169230769,0,0.0001,9.169230769,0
2002-04-22 00:00:00,0.431512415,9.284615385,0,0.0001,9.284615385,0
2002-04-23 00:00:00,0.415441304,9.4,0,0.0001,9.4,0
2002-04-24 00:00:00,0.40271914,9.515384615,0,0.0001,9.515384615,0
2002-04-25 00:00:00,0.391852826,9.630769231,0,0.0001,9.630769231,0
2002-04-26 00:00:00,0.382444084,9.746153846,0,0.0001,9.746153846,0
2002-04-27 00:00:00,0.40116936,9.861538462,0,0.0001,9.861538462,0
2002-04-28 00:00:00,0.405614108,9.976923077,0,0.0001,9.976923077,0
2002-04-29 00:00:00,0.409262121,10.09230769,0,0.0001,10.09230769,0
2002-04-30 00:00:00,0.416950643,10.20769231,0,0.0001,10.20769231,0
2002-05-01 00:00:00,0.432056963,10.32307692,0,0.0001,10.32307692,0
2002-05-02 00:00:00,0.441225857,10.43846154,0,0.0001,10.43846154,0
2002-05-03 00:00:00,0.436656356,10.55384615,0,0.0001,10.55384615,0
2002-05-04 00:00:00,0.426219702,10.66923077,0,0.0001,10.66923077,0
2002-05-05 00:00:00,0.412002742,10.78461538,0,0.0001,10.78461538,0
2002-05-06 00:00:00,0.398700118,10.9,0,0.0001,10.9,0
2002-05-07 00:00:00,0.384003311,11.20714286,0,0.0001,11.20714286,0
2002-05-08 00:00:00,0.372051895,11.51428571,0,0.0001,11.51428571,0
2002-05-09 00:00:00,0.356654227,11.82142857,0,0.0001,11.82142857,0
2002-05-10 00:00:00,0.349148005,12.12857143,0,0.0001,12.12857143,0
2002-05-11 00:00:00,0.332317114,12.43571429,0,0.0001,12.43571429,0
2002-05-12 00:00:00,0.321609259,12.74285714,0,0.0001,12.74285714,0
2002-05-13 00:00:00,0.313329488,13.05,0,0.0001,13.05,0
2002-05-14 00:00:00,0.303214639,13.35714286,0,0.0001,13.35714286,0
2002-05-15 00:00:00,0.291744769,13.66428571,0,0.0001,13.66428571,0
2002-05-16 00:00:00,0.284076482,13.97142857,0,0.0001,13.97142857,0
2002-05-17 00:00:00,0.27902782,14.27857143,0,0.0001,14.27857143,0
2002-05-18 00:00:00,0.272166252,14.58571429,0,0.0001,14.58571429,0
2002-05-19 00:00:00,0.265833884,14.89285714,0,0.0001,14.89285714,0
2002-05-20 00:00:00,0.265002817,15.2,0,0.0001,15.2,0
2002-05-21 00:00:00,0.25819549,15.50714286,0,0.0001,15.50714286,0
2002-05-22 00:00:00,0.2503075,15.81428571,0,0.0001,15.81428571,0
2002-05-23 00:00:00,0.247966662,16.12142857,0,0.0001,16.12142857,0
2002-05-24 00:00:00,0.253445596,16.42857143,0,0.0001,16.42857143,0
2002-05-25 00:00:00,0.25384894,16.73571429,0,0.0001,16.73571429,0
2002-05-26 00:00:00,0.249435499,17.04285714,0,0.0001,17.04285714,0
2002-05-27 00:00:00,0.239810154,17.35,0,0.0001,17.35,0
2002-05-28 00:00:00,0.234103903,17.65714286,0,0.0001,17.65714286,0
2002-05-29 00:00:00,0.233612925,17.96428571,0,0.0001,17.96428571,0
2002-05-30 00:00:00,0.237923995,18.27142857,0,0.0001,18.27142857,0
2002-05-31 00:00:00,0.274482518,18.57857143,0,0.0001,18.57857143,0
2002-06-01 00:00:00,0.315234572,18.88571429,0,0.0001,18.88571429,0
2002-06-02 00:00:00,0.316990316,19.19285714,0,0.0001,19.19285714,0
2002-06-03 00:00:00,0.311557978,19.5,0,0.0001,19.5,0
2002-06-04 00:00:00,0.294838816,19.48947368,0,0.0001,19.48947368,0
2002-06-05 00:00:00,0.281423241,19.47894737,0,0.0001,19.47894737,0
2002-06-06 00:00:00,0.264855713,19.46842105,0,0.0001,19.46842105,0
2002-06-07 00:00:00,0.242829055,19.45789474,0,0.0001,19.45789474,0
2002-06-08 00:00:00,0.224290296,19.44736842,0,0.0001,19.44736842,0
2002-06-09 00:00:00,0.214953065,19.43684211,0,0.0001,19.43684211,0
2002-06-10 00:00:00,0.214054719,19.42631579,0,0.0001,19.42631579,0
2002-06-11 00:00:00,0.235988289,19.41578947,0,0.0001,19.41578947,0
2002-06-12 00:00:00,0.248453587,19.40526316,0,0.0001,19.40526316,0
2002-06-13 00:00:00,0.26939109,19.39473684,0,0.0001,19.39473684,0
2002-06-14 00:00:00,0.26757282,19.38421053,0,0.0001,19.38421053,0
2002-06-15 00:00:00,0.288722336,19.37368421,0,0.0001,19.37368421,0
2002-06-16 00:00:00,0.299536467,19.36315789,0,0.0001,19.36315789,0
2002-06-17 00:00:00,0.295328736,19.35263158,0,0.0001,19.35263158,0
2002-06-18 00:00:00,0.299226522,19.34210526,0,0.0001,19.34210526,0
2002-06-19 00:00:00,0.336992592,19.33157895,0,0.0001,19.33157895,0
2002-06-20 00:00:00,0.37424919,19.32105263,0,0.0001,19.32105263,0
2002-06-21 00:00:00,0.561143935,19.31052632,0,0.0001,19.31052632,0
2002-06-22 00:00:00,0.639182329,19.3,0,0.0001,19.3,0
2002-06-23 00:00:00,0.662737668,19.28947368,0,0.0001,19.28947368,0
2002-06-24 00:00:00,0.65984863,19.27894737,0,0.0001,19.27894737,0
2002-06-25 00:00:00,0.643289745,19.26842105,0,0.0001,19.26842105,0
2002-06-26 00:00:00,0.609104037,19.25789474,0,0.0001,19.25789474,0
2002-06-27 00:00:00,0.569513202,19.24736842,0,0.0001,19.24736842,0
2002-06-28 00:00:00,0.532554984,19.23684211,0,0.0001,19.23684211,0
2002-06-29 00:00:00,0.484789819,19.22631579,0,0.0001,19.22631579,0
2002-06-30 00:00:00,0.45181784,19.21578947,0,0.0001,19.21578947,0
2002-07-01 00:00:00,0.432935178,19.20526316,0,0.0001,19.20526316,0
2002-07-02 00:00:00,0.420914471,19.19473684,0,0.0001,19.19473684,0
2002-07-03 00:00:00,0.404655963,19.18421053,0,0.0001,19.18421053,0
2002-07-04 00:00:00,0.418107092,19.17368421,0,0.0001,19.17368421,0
2002-07-05 00:00:00,0.426193088,19.16315789,0,0.0001,19.16315789,0
2002-07-06 00:00:00,0.423790574,19.15263158,0,0.0001,19.15263158,0
2002-07-07 00:00:00,0.433238089,19.14210526,0,0.0001,19.14210526,0
2002-07-08 00:00:00,0.426331669,19.13157895,0,0.0001,19.13157895,0
2002-07-09 00:00:00,0.426606387,19.12105263,0,0.0001,19.12105263,0
2002-07-10 00:00:00,0.496931136,19.11052632,0,0.0001,19.11052632,0
2002-07-11 00:00:00,0.688708127,19.1,0,0.0001,19.1,0
2002-07-12 00:00:00,0.763680518,19.14444444,0,0.0001,19.14444444,0
2002-07-13 00:00:00,0.801008105,19.18888889,0,0.0001,19.18888889,0
2002-07-14 00:00:00,0.814632237,19.23333333,0,0.0001,19.23333333,0
2002-07-15 00:00:00,0.807951093,19.27777778,0,0.0001,19.27777778,0
2002-07-16 00:00:00,0.789508283,19.32222222,0,0.0001,19.32222222,0
2002-07-17 00:00:00,0.763355076,19.36666667,0,0.0001,19.36666667,0
2002-07-18 00:00:00,0.740500629,19.41111111,0,0.0001,19.41111111,0
2002-07-19 00:00:00,0.734176397,19.45555556,0,0.0001,19.45555556,0
2002-07-20 00:00:00,0.715749681,19.5,0,0.0001,19.5,0
2002-07-21 00:00:00,0.69539243,19.54444444,0,0.0001,19.54444444,0
2002-07-22 00:00:00,0.664505422,19.58888889,0,0.0001,19.58888889,0
2002-07-23 00:00:00,0.624256015,19.63333333,0,0.0001,19.63333333,0
2002-07-24 00:00:00,0.599094212,19.67777778,0,0.0001,19.67777778,0
2002-07-25 00:00:00,0.551391423,19.72222222,0,0.0001,19.72222222,0
2002-07-26 00:00:00,0.518689275,19.76666667,0,0.0001,19.76666667,0
2002-07-27 00:00:00,0.490075707,19.81111111,0,0.0001,19.81111111,0
2002-07-28 00:00:00,0.461753726,19.85555556,0,0.0001,19.85555556,0
2002-07-29 00:00:00,0.435692757,19.9,0,0.0001,19.9,0
2002-07-30 00:00:00,0.40701139,19.94444444,0,0.0001,19.94444444,0
2002-07-31 00:00:00,0.381130606,19.98888889,0,0.0001,19.98888889,0
2002-08-01 00:00:00,0.356995434,20.03333333,0,0.0001,20.03333333,0
2002-08-02 00:00:00,0.357609838,20.07777778,0,0.0001,20.07777778,0
2002-08-03 00:00:00,0.369907349,20.12222222,0,0.0001,20.12222222,0
2002-08-04 00:00:00,0.367064357,20.16666667,0,0.0001,20.16666667,0
2002-08-05 00:00:00,0.354042768,20.21111111,0,0.0001,20.21111111,0
2002-08-06 00:00:00,0.335074216,20.25555556,0,0.0001,20.25555556,0
2002-08-07 00:00:00,0.316941321,20.3,0,0.0001,20.3,0
2002-08-08 00:00:00,0.298277766,20.29428571,0,0.0001,20.29428571,0
2002-08-09 00:00:00,0.281993359,20.28857143,0,0.0001,20.28857143,0
2002-08-10 00:00:00,0.26682654,20.28285714,0,0.0001,20.28285714,0
2002-08-11 00:00:00,0.261022627,20.27714286,0,0.0001,20.27714286,0
2002-08-12 00:00:00,0.288087964,20.27142857,0,0.0001,20.27142857,0
2002-08-13 00:00:00,0.287547708,20.26571429,0,0.0001,20.26571429,0
2002-08-14 00:00:00,0.270105273,20.26,0,0.0001,20.26,0
2002-08-15 00:00:00,0.259315729,20.25428571,0,0.0001,20.25428571,0
2002-08-16 00:00:00,0.250499457,20.24857143,0,0.0001,20.24857143,0
2002-08-17 00:00:00,0.237006202,20.24285714,0,0.0001,20.24285714,0
2002-08-18 00:00:00,0.22892791,20.23714286,0,0.0001,20.23714286,0
2002-08-19 00:00:00,0.214999646,20.23142857,0,0.0001,20.23142857,0
2002-08-20 00:00:00,0.273953736,20.22571429,0,0.0001,20.22571429,0
2002-08-21 00:00:00,0.291660368,20.22,0,0.0001,20.22,0
2002-08-22 00:00:00,0.287922412,20.21428571,0,0.0001,20.21428571,0
2002-08-23 00:00:00,0.283684641,20.20857143,0,0.0001,20.20857143,0
2002-08-24 00:00:00,0.273862183,20.20285714,0,0.0001,20.20285714,0
2002-08-25 00:00:00,0.259314269,20.19714286,0,0.0001,20.19714286,0
2002-08-26 00:00:00,0.251326025,20.19142857,0,0.0001,20.19142857,0
2002-08-27 00:00:00,0.25419721,20.18571429,0,0.0001,20.18571429,0
2002-08-28 00:00:00,0.250838339,20.18,0,0.0001,20.18,0
2002-08-29 00:00:00,0.238193989,20.17428571,0,0.0001,20.17428571,0
2002-08-30 00:00:00,0.225499883,20.16857143,0,0.0001,20.16857143,0
2002-08-31 00:00:00,0.2135216,20.16285714,0,0.0001,20.16285714,0
2002-09-01 00:00:00,0.197959885,20.15714286,0,0.0001,20.15714286,0
2002-09-02 00:00:00,0.188065156,20.15142857,0,0.0001,20.15142857,0
2002-09-03 00:00:00,0.182493612,20.14571429,0,0.0001,20.14571429,0
2002-09-04 00:00:00,0.175827459,20.14,0,0.0001,20.14,0
2002-09-05 00:00:00,0.16874288,20.13428571,0,0.0001,20.13428571,0
2002-09-06 00:00:00,0.1592177,20.12857143,0,0.0001,20.12857143,0
2002-09-07 00:00:00,0.152081162,20.12285714,0,0.0001,20.12285714,0
2002-09-08 00:00:00,0.14869149,20.11714286,0,0.0001,20.11714286,0
2002-09-09 00:00:00,0.145402715,20.11142857,0,0.0001,20.11142857,0
2002-09-10 00:00:00,0.141054764,20.10571429,0,0.0001,20.10571429,0
2002-09-11 00:00:00,0.138839975,20.1,0,0.0001,20.1,0
2002-09-12 00:00:00,0.136312678,19.88571429,0,0.0001,19.88571429,0
2002-09-13 00:00:00,0.129306659,19.67142857,0,0.0001,19.67142857,0
2002-09-14 00:00:00,0.124085285,19.45714286,0,0.0001,19.45714286,0
2002-09-15 00:00:00,0.116088018,19.24285714,0,0.0001,19.24285714,0
2002-09-16 00:00:00,0.109234616,19.02857143,0,0.0001,19.02857143,0
2002-09-17 00:00:00,0.10477405,18.81428571,0,0.0001,18.81428571,0
2002-09-18 00:00:00,0.10094662,18.6,0,0.0001,18.6,0
2002-09-19 00:00:00,0.099167347,18.38571429,0,0.0001,18.38571429,0
2002-09-20 00:00:00,0.095093764,18.17142857,0,0.0001,18.17142857,0
2002-09-21 00:00:00,0.093673386,17.95714286,0,0.0001,17.95714286,0
2002-09-22 00:00:00,0.105241179,17.74285714,0,0.0001,17.74285714,0
2002-09-23 00:00:00,0.113700062,17.52857143,0,0.0001,17.52857143,0
2002-09-24 00:00:00,0.112562425,17.31428571,0,0.0001,17.31428571,0
2002-09-25 00:00:00,0.111300543,17.1,0,0.0001,17.1,0
2002-09-26 00:00:00,0.113057755,16.88571429,0,0.0001,16.88571429,0
2002-09-27 00:00:00,0.114196002,16.67142857,0,0.0001,16.67142857,0
2002-09-28 00:00:00,0.111399949,16.45714286,0,0.0001,16.45714286,0
2002-09-29 00:00:00,0.110246874,16.24285714,0,0.0001,16.24285714,0
2002-09-30 00:00:00,0.1098326,16.02857143,0,0.0001,16.02857143,0
2002-10-01 00:00:00,0.109146439,15.81428571,0,0.0001,15.81428571,0
2002-10-02 00:00:00,0.110546514,15.6,0,0.0001,15.6,0
2002-10-03 00:00:00,0.113333508,15.38292683,0,0.0001,15.38292683,0
2002-10-04 00:00:00,0.115473256,15.16585366,0,0.0001,15.16585366,0
2002-10-05 00:00:00,0.122821204,14.94878049,0,0.0001,14.94878049,0
2002-10-06 00:00:00,0.145748451,14.73170732,0,0.0001,14.73170732,0
2002-10-07 00:00:00,0.142922252,14.51463415,0,0.0001,14.51463415,0
2002-10-08 00:00:00,0.139190227,14.29756098,0,0.0001,14.29756098,0
2002-10-09 00:00:00,0.139606223,14.0804878,0,0.0001,14.0804878,0
2002-10-10 00:00:00,0.137696311,13.86341463,0,0.0001,13.86341463,0
2002-10-11 00:00:00,0.134201705,13.64634146,0,0.0001,13.64634146,0
2002-10-12 00:00:00,0.135108426,13.42926829,0,0.0001,13.42926829,0
2002-10-13 00:00:00,0.136120901,13.21219512,0,0.0001,13.21219512,0
2002-10-14 00:00:00,0.141683236,12.99512195,0,0.0001,12.99512195,0
2002-10-15 00:00:00,0.154521286,12.77804878,0,0.0001,12.77804878,0
2002-10-16 00:00:00,0.158135682,12.56097561,0,0.0001,12.56097561,0
2002-10-17 00:00:00,0.19019866,12.34390244,0,0.0001,12.34390244,0
2002-10-18 00:00:00,0.227290139,12.12682927,0,0.0001,12.12682927,0
2002-10-19 00:00:00,0.246631712,11.9097561,0,0.0001,11.9097561,0
2002-10-20 00:00:00,0.261635423,11.69268293,0,0.0001,11.69268293,0
2002-10-21 00:00:00,0.271685213,11.47560976,0,0.0001,11.47560976,0
2002-10-22 00:00:00,0.293603539,11.25853659,0,0.0001,11.25853659,0
2002-10-23 00:00:00,0.333964795,11.04146341,0,0.0001,11.04146341,0
2002-10-24 00:00:00,0.36592418,10.82439024,0,0.0001,10.82439024,0
2002-10-25 00:00:00,0.403778732,10.60731707,0,0.0001,10.60731707,0
2002-10-26 00:00:00,0.446133316,10.3902439,0,0.0001,10.3902439,0
2002-10-27 00:00:00,0.503311753,10.17317073,0,0.0001,10.17317073,0
2002-10-28 00:00:00,0.611664057,9.956097561,0,0.0001,9.956097561,0
2002-10-29 00:00:00,0.670906484,9.73902439,0,0.0001,9.73902439,0
2002-10-30 00:00:00,0.695286214,9.52195122,0,0.0001,9.52195122,0
2002-10-31 00:00:00,0.705928743,9.304878049,0,0.0001,9.304878049,0
2002-11-01 00:00:00,0.704769671,9.087804878,0,0.0001,9.087804878,0
2002-11-02 00:00:00,0.694853246,8.870731707,0,0.0001,8.870731707,0
2002-11-03 00:00:00,0.676150143,8.653658537,0,0.0001,8.653658537,0
2002-11-04 00:00:00,0.649780929,8.436585366,0,0.0001,8.436585366,0
2002-11-05 00:00:00,0.609611213,8.219512195,0,0.0001,8.219512195,0
2002-11-06 00:00:00,0.566134274,8.002439024,0,0.0001,8.002439024,0
2002-11-07 00:00:00,0.54705888,7.785365854,0,0.0001,7.785365854,0
2002-11-08 00:00:00,0.541041076,7.568292683,0,0.0001,7.568292683,0
2002-11-09 00:00:00,0.575502276,7.351219512,0,0.0001,7.351219512,0
2002-11-10 00:00:00,0.620903671,7.134146341,0,0.0001,7.134146341,0
2002-11-11 00:00:00,0.644911945,6.917073171,0,0.0001,6.917073171,0
2002-11-12 00:00:00,0.651639342,6.7,0,0.0001,6.7,0
2002-11-13 00:00:00,0.658707798,6.613793103,0,0.0001,6.613793103,0
2002-11-14 00:00:00,0.674535513,6.527586207,0,0.0001,6.527586207,0
2002-11-15 00:00:00,0.723905504,6.44137931,0,0.0001,6.44137931,0
2002-11-16 00:00:00,0.761713505,6.355172414,0,0.0001,6.355172414,0
2002-11-17 00:00:00,0.786946654,6.268965517,0,0.0001,6.268965517,0
2002-11-18 00:00:00,0.800366044,6.182758621,0,0.0001,6.182758621,0
2002-11-19 00:00:00,0.811716616,6.096551724,0,0.0001,6.096551724,0
2002-11-20 00:00:00,0.811394513,6.010344828,0,0.0001,6.010344828,0
2002-11-21 00:00:00,0.800692797,5.924137931,0,0.0001,5.924137931,0
2002-11-22 00:00:00,0.781516254,5.837931034,0,0.0001,5.837931034,0
2002-11-23 00:00:00,0.774729729,5.751724138,0,0.0001,5.751724138,0
2002-11-24 00:00:00,0.786443472,5.665517241,0,0.0001,5.665517241,0
2002-11-25 00:00:00,0.792307019,5.579310345,0,0.0001,5.579310345,0
2002-11-26 00:00:00,0.84093523,5.493103448,0,0.0001,5.493103448,0
2002-11-27 00:00:00,0.878780544,5.406896552,0,0.0001,5.406896552,0
2002-11-28 00:00:00,0.899597704,5.320689655,0,0.0001,5.320689655,0
2002-11-29 00:00:00,0.913609207,5.234482759,0,0.0001,5.234482759,0
2002-11-30 00:00:00,0.958147883,5.148275862,0,0.0001,5.148275862,0
2002-12-01 00:00:00,0.994384646,5.062068966,0,0.0001,5.062068966,0
2002-12-02 00:00:00,1.014038801,4.975862069,0,0.0001,4.975862069,0
2002-12-03 00:00:00,1.011974216,4.889655172,0,0.0001,4.889655172,0
2002-12-04 00:00:00,0.996045113,4.803448276,0,0.0001,4.803448276,0
2002-12-05 00:00:00,0.969660521,4.717241379,0,0.0001,4.717241379,0
2002-12-06 00:00:00,0.935030162,4.631034483,0,0.0001,4.631034483,0
2002-12-07 00:00:00,0.8984254,4.544827586,0,0.0001,4.544827586,0
2002-12-08 00:00:00,0.861029446,4.45862069,0,0.0001,4.45862069,0
2002-12-09 00:00:00,0.825380445,4.372413793,0,0.0001,4.372413793,0
2002-12-10 00:00:00,0.791395068,4.286206897,0,0.0001,4.286206897,0
2002-12-11 00:00:00,0.760132432,4.2,0,0.0001,4.2,0
2002-12-12 00:00:00,0.731509328,4.15,0,0.0001,4.15,0
2002-12-13 00:00:00,0.703673601,4.1,0,0.0001,4.1,0
2002-12-14 00:00:00,0.678169489,4.05,0,0.0001,4.05,0
2002-12-15 00:00:00,0.648120046,4,0,0.0001,4,0
2002-12-16 00:00:00,0.605985045,3.95,0,0.0001,3.95,0
2002-12-17 00:00:00,0.567465007,3.9,0,0.0001,3.9,0
2002-12-18 00:00:00,0.531444728,3.85,0,0.0001,3.85,0
2002-12-19 00:00:00,0.502895415,3.8,0,0.0001,3.8,0
2002-12-20 00:00:00,0.474023193,3.75,0,0.0001,3.75,0
2002-12-21 00:00:00,0.45451057,3.7,0,0.0001,3.7,0
2002-12-22 00:00:00,0.433409512,3.65,0,0.0001,3.65,0
2002-12-23 00:00:00,0.408062041,3.6,0,0.0001,3.6,0
2002-12-24 00:00:00,0.385554194,3.55,0,0.0001,3.55,0
2002-12-25 00:00:00,0.361283511,3.5,0,0.0001,3.5,0
2002-12-26 00:00:00,0.365710795,3.45,0,0.0001,3.45,0
2002-12-27 00:00:00,0.399208754,3.4,0,0.0001,3.4,0
2002-12-28 00:00:00,0.451452941,3.35,0,0.0001,3.35,0
2002-12-29 00:00:00,0.502352357,3.3,0,0.0001,3.3,0
2002-12-30 00:00:00,0.528358459,3.25,0,0.0001,3.25,0
2002-12-31 00:00:00,0.52219373,3.2,0,0.0001,3.2,0
2003-01-01 00:00:00,0.499117255,3.15,0,0.0001,3.15,0
2003-01-02 00:00:00,0.488770425,3.1,0,0.0001,3.1,0
2003-01-03 00:00:00,0.478616029,3.05,0,0.0001,3.05,0
2003-01-04 00:00:00,0.457868993,3,0,0.0001,3,0
2003-01-05 00:00:00,0.433968395,2.95,0,0.0001,2.95,0
2003-01-06 00:00:00,0.425526172,2.9,0,0.0001,2.9,0
2003-01-07 00:00:00,0.403553128,2.85,0,0.0001,2.85,0
2003-01-08 00:00:00,0.388050288,2.8,0,0.0001,2.8,0
2003-01-09 00:00:00,0.368963659,2.75,0,0.0001,2.75,0
2003-01-10 00:00:00,0.3558653,2.7,0,0.0001,2.7,0
2003-01-11 00:00:00,0.345514625,2.65,0,0.0001,2.65,0
2003-01-12 00:00:00,0.350131273,2.6,0,0.0001,2.6,0
2003-01-13 00:00:00,0.424861759,2.55,0,0.0001,2.55,0
2003-01-14 00:00:00,0.513025582,2.5,0,0.0001,2.5,0
2003-01-15 00:00:00,0.617066145,2.45,0,0.0001,2.45,0
2003-01-16 00:00:00,0.677367032,2.4,0,0.0001,2.4,0
2003-01-17 00:00:00,0.703695059,2.4025,0,0.0001,2.4025,0
2003-01-18 00:00:00,0.712980509,2.405,0,0.0001,2.405,0
2003-01-19 00:00:00,0.716237605,2.4075,0,0.0001,2.4075,0
2003-01-20 00:00:00,0.722250581,2.41,0,0.0001,2.41,0
2003-01-21 00:00:00,0.739573061,2.4125,0,0.0001,2.4125,0
2003-01-22 00:00:00,0.767595232,2.415,0,0.0001,2.415,0
2003-01-23 00:00:00,0.788638353,2.4175,0,0.0001,2.4175,0
2003-01-24 00:00:00,0.795347452,2.42,0,0.0001,2.42,0
2003-01-25 00:00:00,0.794790447,2.4225,0,0.0001,2.4225,0
2003-01-26 00:00:00,0.799157083,2.425,0,0.0001,2.425,0
2003-01-27 00:00:00,0.80066818,2.4275,0,0.0001,2.4275,0
2003-01-28 00:00:00,0.826540887,2.43,0,0.0001,2.43,0
2003-01-29 00:00:00,0.883529067,2.4325,0,0.0001,2.4325,0
2003-01-30 00:00:00,0.924601495,2.435,0,0.0001,2.435,0
2003-01-31 00:00:00,0.934874415,2.4375,0,0.0001,2.4375,0
2003-02-01 00:00:00,0.921437919,2.44,0,0.0001,2.44,0
2003-02-02 00:00:00,0.900958776,2.4425,0,0.0001,2.4425,0
2003-02-03 00:00:00,0.896353066,2.445,0,0.0001,2.445,0
2003-02-04 00:00:00,0.8773399,2.4475,0,0.0001,2.4475,0
2003-02-05 00:00:00,0.849767447,2.45,0,0.0001,2.45,0
2003-02-06 00:00:00,0.817554474,2.4525,0,0.0001,2.4525,0
2003-02-07 00:00:00,0.790291071,2.455,0,0.0001,2.455,0
2003-02-08 00:00:00,0.76666075,2.4575,0,0.0001,2.4575,0
2003-02-09 00:00:00,0.758158863,2.46,0,0.0001,2.46,0
2003-02-10 00:00:00,0.764481664,2.4625,0,0.0001,2.4625,0
2003-02-11 00:00:00,0.761326373,2.465,0,0.0001,2.465,0
2003-02-12 00:00:00,0.748203337,2.4675,0,0.0001,2.4675,0
2003-02-13 00:00:00,0.728465617,2.47,0,0.0001,2.47,0
2003-02-14 00:00:00,0.703812063,2.4725,0,0.0001,2.4725,0
2003-02-15 00:00:00,0.680322647,2.475,0,0.0001,2.475,0
2003-02-16 00:00:00,0.659444749,2.4775,0,0.0001,2.4775,0
2003-02-17 00:00:00,0.621887028,2.48,0,0.0001,2.48,0
2003-02-18 00:00:00,0.585153878,2.4825,0,0.0001,2.4825,0
2003-02-19 00:00:00,0.555903018,2.485,0,0.0001,2.485,0
2003-02-20 00:00:00,0.532084048,2.4875,0,0.0001,2.4875,0
2003-02-21 00:00:00,0.50774157,2.49,0,0.0001,2.49,0
2003-02-22 00:00:00,0.485386461,2.4925,0,0.0001,2.4925,0
2003-02-23 00:00:00,0.464938134,2.495,0,0.0001,2.495,0
2003-02-24 00:00:00,0.444425374,2.4975,0,0.0001,2.4975,0
2003-02-25 00:00:00,0.430986255,2.5,0,0.0001,2.5,0
2003-02-26 00:00:00,0.416904747,2.616666667,0,0.0001,2.616666667,0
2003-02-27 00:00:00,0.402818918,2.733333333,0,0.0001,2.733333333,0
2003-02-28 00:00:00,0.388552666,2.85,0,0.0001,2.85,0
2003-03-01 00:00:00,0.374711901,2.966666667,0,0.0001,2.966666667,0
2003-03-02 00:00:00,0.367110103,3.083333333,0,0.0001,3.083333333,0
2003-03-03 00:00:00,0.355968505,3.2,0,0.0001,3.2,0
2003-03-04 00:00:00,0.34637785,3.316666667,0,0.0001,3.316666667,0
2003-03-05 00:00:00,0.33523351,3.433333333,0,0.0001,3.433333333,0
2003-03-06 00:00:00,0.332006633,3.55,0,0.0001,3.55,0
2003-03-07 00:00:00,0.334108412,3.666666667,0,0.0001,3.666666667,0
2003-03-08 00:00:00,0.343355417,3.783333333,0,0.0001,3.783333333,0
2003-03-09 00:00:00,0.361821115,3.9,0,0.0001,3.9,0
2003-03-10 00:00:00,0.378314137,4.016666667,0,0.0001,4.016666667,0
2003-03-11 00:00:00,0.406902075,4.133333333,0,0.0001,4.133333333,0
2003-03-12 00:00:00,0.463899225,4.25,0,0.0001,4.25,0
2003-03-13 00:00:00,0.502168119,4.366666667,0,0.0001,4.366666667,0
2003-03-14 00:00:00,0.515157819,4.483333333,0,0.0001,4.483333333,0
2003-03-15 00:00:00,0.516330719,4.6,0,0.0001,4.6,0
2003-03-16 00:00:00,0.510224998,4.716666667,0,0.0001,4.716666667,0
2003-03-17 00:00:00,0.499238431,4.833333333,0,0.0001,4.833333333,0
2003-03-18 00:00:00,0.489971429,4.95,0,0.0001,4.95,0
2003-03-19 00:00:00,0.476822853,5.066666667,0,0.0001,5.066666667,0
2003-03-20 00:00:00,0.461776435,5.183333333,0,0.0001,5.183333333,0
2003-03-21 00:00:00,0.44913432,5.3,0,0.0001,5.3,0
2003-03-22 00:00:00,0.434857458,5.416666667,0,0.0001,5.416666667,0
2003-03-23 00:00:00,0.420915186,5.533333333,0,0.0001,5.533333333,0
2003-03-24 00:00:00,0.412074208,5.65,0,0.0001,5.65,0
2003-03-25 00:00:00,0.413295478,5.766666667,0,0.0001,5.766666667,0
2003-03-26 00:00:00,0.41623807,5.883333333,0,0.0001,5.883333333,0
2003-03-27 00:00:00,0.416725218,6,0,0.0001,6,0
2003-03-28 00:00:00,0.419034362,5.916666667,0,0.0001,5.916666667,0
2003-03-29 00:00:00,0.417010188,5.833333333,0,0.0001,5.833333333,0
2003-03-30 00:00:00,0.410655171,5.75,0,0.0001,5.75,0
2003-03-31 00:00:00,0.407020062,5.666666667,0,0.0001,5.666666667,0
2003-04-01 00:00:00,0.405327857,5.583333333,0,0.0001,5.583333333,0
2003-04-02 00:00:00,0.415477693,5.5,0,0.0001,5.5,0
2003-04-03 00:00:00,0.409431726,5.416666667,0,0.0001,5.416666667,0
2003-04-04 00:00:00,0.399489343,5.333333333,0,0.0001,5.333333333,0
2003-04-05 00:00:00,0.386122227,5.25,0,0.0001,5.25,0
2003-04-06 00:00:00,0.363329202,5.166666667,0,0.0001,5.166666667,0
2003-04-07 00:00:00,0.347270936,5.083333333,0,0.0001,5.083333333,0
2003-04-08 00:00:00,0.332512438,5,0,0.0001,5,0
2003-04-09 00:00:00,0.314693779,5.271428571,0,0.0001,5.271428571,0
2003-04-10 00:00:00,0.314308971,5.542857143,0,0.0001,5.542857143,0
2003-04-11 00:00:00,0.316348523,5.814285714,0,0.0001,5.814285714,0
2003-04-12 00:00:00,0.317648351,6.085714286,0,0.0001,6.085714286,0
2003-04-13 00:00:00,0.315301776,6.357142857,0,0.0001,6.357142857,0
2003-04-14 00:00:00,0.305276841,6.628571429,0,0.0001,6.628571429,0
2003-04-15 00:00:00,0.295322627,6.9,0,0.0001,6.9,0
2003-04-16 00:00:00,0.287027389,7.171428571,0,0.0001,7.171428571,0
2003-04-17 00:00:00,0.279121548,7.442857143,0,0.0001,7.442857143,0
2003-04-18 00:00:00,0.267167389,7.714285714,0,0.0001,7.714285714,0
2003-04-19 00:00:00,0.256668985,7.985714286,0,0.0001,7.985714286,0
2003-04-20 00:00:00,0.251802087,8.257142857,0,0.0001,8.257142857,0
2003-04-21 00:00:00,0.237518132,8.528571429,0,0.0001,8.528571429,0
2003-04-22 00:00:00,0.234658986,8.8,0,0.0001,8.8,0
2003-04-23 00:00:00,0.229462892,9.071428571,0,0.0001,9.071428571,0
2003-04-24 00:00:00,0.223474368,9.342857143,0,0.0001,9.342857143,0
2003-04-25 00:00:00,0.220317543,9.614285714,0,0.0001,9.614285714,0
2003-04-26 00:00:00,0.218192965,9.885714286,0,0.0001,9.885714286,0
2003-04-27 00:00:00,0.252916276,10.15714286,0,0.0001,10.15714286,0
2003-04-28 00:00:00,0.277905077,10.42857143,0,0.0001,10.42857143,0
2003-04-29 00:00:00,0.359537929,10.7,0,0.0001,10.7,0
2003-04-30 00:00:00,0.39329505,10.97142857,0,0.0001,10.97142857,0
2003-05-01 00:00:00,0.428707093,11.24285714,0,0.0001,11.24285714,0
2003-05-02 00:00:00,0.437264889,11.51428571,0,0.0001,11.51428571,0
2003-05-03 00:00:00,0.462753028,11.78571429,0,0.0001,11.78571429,0
2003-05-04 00:00:00,0.47845757,12.05714286,0,0.0001,12.05714286,0
2003-05-05 00:00:00,0.481737018,12.32857143,0,0.0001,12.32857143,0
2003-05-06 00:00:00,0.473156154,12.6,0,0.0001,12.6,0
2003-05-07 00:00:00,0.454319507,12.86666667,0,0.0001,12.86666667,0
2003-05-08 00:00:00,0.43507126,13.13333333,0,0.0001,13.13333333,0
2003-05-09 00:00:00,0.417996138,13.4,0,0.0001,13.4,0
2003-05-10 00:00:00,0.398021489,13.66666667,0,0.0001,13.66666667,0
2003-05-11 00:00:00,0.382434964,13.93333333,0,0.0001,13.93333333,0
2003-05-12 00:00:00,0.363673806,14.2,0,0.0001,14.2,0
2003-05-13 00:00:00,0.352700263,14.46666667,0,0.0001,14.46666667,0
2003-05-14 00:00:00,0.350350082,14.73333333,0,0.0001,14.73333333,0
2003-05-15 00:00:00,0.35753721,15,0,0.0001,15,0
2003-05-16 00:00:00,0.349229872,15.26666667,0,0.0001,15.26666667,0
2003-05-17 00:00:00,0.338847876,15.53333333,0,0.0001,15.53333333,0
2003-05-18 00:00:00,0.3333067,15.8,0,0.0001,15.8,0
2003-05-19 00:00:00,0.337885976,16.06666667,0,0.0001,16.06666667,0
2003-05-20 00:00:00,0.352163047,16.33333333,0,0.0001,16.33333333,0
2003-05-21 00:00:00,0.362543881,16.6,0,0.0001,16.6,0
2003-05-22 00:00:00,0.356842279,16.86666667,0,0.0001,16.86666667,0
2003-05-23 00:00:00,0.395663738,17.13333333,0,0.0001,17.13333333,0
2003-05-24 00:00:00,0.440725386,17.4,0,0.0001,17.4,0
2003-05-25 00:00:00,0.4810839,17.66666667,0,0.0001,17.66666667,0
2003-05-26 00:00:00,0.488436848,17.93333333,0,0.0001,17.93333333,0
2003-05-27 00:00:00,0.484278977,18.2,0,0.0001,18.2,0
2003-05-28 00:00:00,0.465714008,18.46666667,0,0.0001,18.46666667,0
2003-05-29 00:00:00,0.443359852,18.73333333,0,0.0001,18.73333333,0
2003-05-30 00:00:00,0.416900158,19,0,0.0001,19,0
2003-05-31 00:00:00,0.389968961,19.26666667,0,0.0001,19.26666667,0
2003-06-01 00:00:00,0.368829578,19.53333333,0,0.0001,19.53333333,0
2003-06-02 00:00:00,0.346571505,19.8,0,0.0001,19.8,0
2003-06-03 00:00:00,0.330674648,19.78,0,0.0001,19.78,0
2003-06-04 00:00:00,0.321313024,19.76,0,0.0001,19.76,0
2003-06-05 00:00:00,0.30800432,19.74,0,0.0001,19.74,0
2003-06-06 00:00:00,0.292078257,19.72,0,0.0001,19.72,0
2003-06-07 00:00:00,0.278999388,19.7,0,0.0001,19.7,0
2003-06-08 00:00:00,0.282523036,19.68,0,0.0001,19.68,0
2003-06-09 00:00:00,0.298819184,19.66,0,0.0001,19.66,0
2003-06-10 00:00:00,0.296909392,19.64,0,0.0001,19.64,0
2003-06-11 00:00:00,0.291315734,19.62,0,0.0001,19.62,0
2003-06-12 00:00:00,0.276766777,19.6,0,0.0001,19.6,0
2003-06-13 00:00:00,0.259163767,19.58,0,0.0001,19.58,0
2003-06-14 00:00:00,0.245803028,19.56,0,0.0001,19.56,0
2003-06-15 00:00:00,0.234866455,19.54,0,0.0001,19.54,0
2003-06-16 00:00:00,0.233824477,19.52,0,0.0001,19.52,0
2003-06-17 00:00:00,0.226720423,19.5,0,0.0001,19.5,0
2003-06-18 00:00:00,0.217991844,19.48,0,0.0001,19.48,0
2003-06-19 00:00:00,0.207140684,19.46,0,0.0001,19.46,0
2003-06-20 00:00:00,0.194255203,19.44,0,0.0001,19.44,0
2003-06-21 00:00:00,0.18565993,19.42,0,0.0001,19.42,0
2003-06-22 00:00:00,0.177924648,19.4,0,0.0001,19.4,0
2003-06-23 00:00:00,0.185891956,19.38,0,0.0001,19.38,0
2003-06-24 00:00:00,0.205953926,19.36,0,0.0001,19.36,0
2003-06-25 00:00:00,0.203684717,19.34,0,0.0001,19.34,0
2003-06-26 00:00:00,0.206801593,19.32,0,0.0001,19.32,0
2003-06-27 00:00:00,0.208375305,19.3,0,0.0001,19.3,0
2003-06-28 00:00:00,0.204861835,19.28,0,0.0001,19.28,0
2003-06-29 00:00:00,0.224911839,19.26,0,0.0001,19.26,0
2003-06-30 00:00:00,0.258917987,19.24,0,0.0001,19.24,0
2003-07-01 00:00:00,0.288814127,19.22,0,0.0001,19.22,0
2003-07-02 00:00:00,0.324261963,19.2,0,0.0001,19.2,0
2003-07-03 00:00:00,0.334097385,19.31785714,0,0.0001,19.31785714,0
2003-07-04 00:00:00,0.394707441,19.43571429,0,0.0001,19.43571429,0
2003-07-05 00:00:00,0.41248098,19.55357143,0,0.0001,19.55357143,0
2003-07-06 00:00:00,0.404303133,19.67142857,0,0.0001,19.67142857,0
2003-07-07 00:00:00,0.389277428,19.78928571,0,0.0001,19.78928571,0
2003-07-08 00:00:00,0.365600705,19.90714286,0,0.0001,19.90714286,0
2003-07-09 00:00:00,0.338341892,20.025,0,0.0001,20.025,0
2003-07-10 00:00:00,0.31380102,20.14285714,0,0.0001,20.14285714,0
2003-07-11 00:00:00,0.292350471,20.26071429,0,0.0001,20.26071429,0
2003-07-12 00:00:00,0.270111591,20.37857143,0,0.0001,20.37857143,0
2003-07-13 00:00:00,0.253661454,20.49642857,0,0.0001,20.49642857,0
2003-07-14 00:00:00,0.240443513,20.61428571,0,0.0001,20.61428571,0
2003-07-15 00:00:00,0.227256536,20.73214286,0,0.0001,20.73214286,0
2003-07-16 00:00:00,0.216001317,20.85,0,0.0001,20.85,0
2003-07-17 00:00:00,0.202898711,20.96785714,0,0.0001,20.96785714,0
2003-07-18 00:00:00,0.190583676,21.08571429,0,0.0001,21.08571429,0
2003-07-19 00:00:00,0.181649715,21.20357143,0,0.0001,21.20357143,0
2003-07-20 00:00:00,0.17423673,21.32142857,0,0.0001,21.32142857,0
2003-07-21 00:00:00,0.161694586,21.43928571,0,0.0001,21.43928571,0
2003-07-22 00:00:00,0.15233697,21.55714286,0,0.0001,21.55714286,0
2003-07-23 00:00:00,0.144661918,21.675,0,0.0001,21.675,0
2003-07-24 00:00:00,0.138064876,21.79285714,0,0.0001,21.79285714,0
2003-07-25 00:00:00,0.136353642,21.91071429,0,0.0001,21.91071429,0
2003-07-26 00:00:00,0.132940948,22.02857143,0,0.0001,22.02857143,0
2003-07-27 00:00:00,0.150738135,22.14642857,0,0.0001,22.14642857,0
2003-07-28 00:00:00,0.165990755,22.26428571,0,0.0001,22.26428571,0
2003-07-29 00:00:00,0.164777428,22.38214286,0,0.0001,22.38214286,0
2003-07-30 00:00:00,0.159234434,22.5,0,0.0001,22.5,0
2003-07-31 00:00:00,0.150430351,22.38571429,0,0.0001,22.38571429,0
2003-08-01 00:00:00,0.14090918,22.27142857,0,0.0001,22.27142857,0
2003-08-02 00:00:00,0.147430196,22.15714286,0,0.0001,22.15714286,0
2003-08-03 00:00:00,0.14332734,22.04285714,0,0.0001,22.04285714,0
2003-08-04 00:00:00,0.135906219,21.92857143,0,0.0001,21.92857143,0
2003-08-05 00:00:00,0.125393316,21.81428571,0,0.0001,21.81428571,0
2003-08-06 00:00:00,0.11909432,21.7,0,0.0001,21.7,0
2003-08-07 00:00:00,0.111490548,21.58571429,0,0.0001,21.58571429,0
2003-08-08 00:00:00,0.105423525,21.47142857,0,0.0001,21.47142857,0
2003-08-09 00:00:00,0.101426594,21.35714286,0,0.0001,21.35714286,0
2003-08-10 00:00:00,0.097402051,21.24285714,0,0.0001,21.24285714,0
2003-08-11 00:00:00,0.090372205,21.12857143,0,0.0001,21.12857143,0
2003-08-12 00:00:00,0.085654728,21.01428571,0,0.0001,21.01428571,0
2003-08-13 00:00:00,0.079830542,20.9,0,0.0001,20.9,0
2003-08-14 00:00:00,0.071137071,20.78571429,0,0.0001,20.78571429,0
2003-08-15 00:00:00,0.061954275,20.67142857,0,0.0001,20.67142857,0
2003-08-16 00:00:00,0.057120986,20.55714286,0,0.0001,20.55714286,0
2003-08-17 00:00:00,0.055307325,20.44285714,0,0.0001,20.44285714,0
2003-08-18 00:00:00,0.055354536,20.32857143,0,0.0001,20.32857143,0
2003-08-19 00:00:00,0.053770289,20.21428571,0,0.0001,20.21428571,0
2003-08-20 00:00:00,0.051263347,20.1,0,0.0001,20.1,0
2003-08-21 00:00:00,0.049549464,19.98571429,0,0.0001,19.98571429,0
2003-08-22 00:00:00,0.051381227,19.87142857,0,0.0001,19.87142857,0
2003-08-23 00:00:00,0.049724612,19.75714286,0,0.0001,19.75714286,0
2003-08-24 00:00:00,0.048488528,19.64285714,0,0.0001,19.64285714,0
2003-08-25 00:00:00,0.048737045,19.52857143,0,0.0001,19.52857143,0
2003-08-26 00:00:00,0.04731245,19.41428571,0,0.0001,19.41428571,0
2003-08-27 00:00:00,0.042241268,19.3,0,0.0001,19.3,0
2003-08-28 00:00:00,0.040372405,19.18571429,0,0.0001,19.18571429,0
2003-08-29 00:00:00,0.044079345,19.07142857,0,0.0001,19.07142857,0
2003-08-30 00:00:00,0.053083256,18.95714286,0,0.0001,18.95714286,0
2003-08-31 00:00:00,0.054806333,18.84285714,0,0.0001,18.84285714,0
2003-09-01 00:00:00,0.057539653,18.72857143,0,0.0001,18.72857143,0
2003-09-02 00:00:00,0.057391539,18.61428571,0,0.0001,18.61428571,0
2003-09-03 00:00:00,0.056302007,18.5,0,0.0001,18.5,0
2003-09-04 00:00:00,0.055462651,18.38571429,0,0.0001,18.38571429,0
2003-09-05 00:00:00,0.056486569,18.27142857,0,0.0001,18.27142857,0
2003-09-06 00:00:00,0.059340566,18.15714286,0,0.0001,18.15714286,0
2003-09-07 00:00:00,0.059181705,18.04285714,0,0.0001,18.04285714,0
2003-09-08 00:00:00,0.062755086,17.92857143,0,0.0001,17.92857143,0
2003-09-09 00:00:00,0.064782955,17.81428571,0,0.0001,17.81428571,0
2003-09-10 00:00:00,0.065394081,17.7,0,0.0001,17.7,0
2003-09-11 00:00:00,0.084342934,17.58571429,0,0.0001,17.58571429,0
2003-09-12 00:00:00,0.083400004,17.47142857,0,0.0001,17.47142857,0
2003-09-13 00:00:00,0.083400004,17.35714286,0,0.0001,17.35714286,0
2003-09-14 00:00:00,0.083099999,17.24285714,0,0.0001,17.24285714,0
2003-09-15 00:00:00,0.08596427,17.12857143,0,0.0001,17.12857143,0
2003-09-16 00:00:00,0.087399997,17.01428571,0,0.0001,17.01428571,0
2003-09-17 00:00:00,0.090800002,16.9,0,0.0001,16.9,0
2003-09-18 00:00:00,0.089000002,16.78571429,0,0.0001,16.78571429,0
2003-09-19 00:00:00,0.085342653,16.67142857,0,0.0001,16.67142857,0
2003-09-20 00:00:00,0.085705526,16.55714286,0,0.0001,16.55714286,0
2003-09-21 00:00:00,0.086839393,16.44285714,0,0.0001,16.44285714,0
2003-09-22 00:00:00,0.086422853,16.32857143,0,0.0001,16.32857143,0
2003-09-23 00:00:00,0.090866186,16.21428571,0,0.0001,16.21428571,0
2003-09-24 00:00:00,0.088462576,16.1,0,0.0001,16.1,0
2003-09-25 00:00:00,0.084987178,15.88571429,0,0.0001,15.88571429,0
2003-09-26 00:00:00,0.085088342,15.67142857,0,0.0001,15.67142857,0
2003-09-27 00:00:00,0.082515031,15.45714286,0,0.0001,15.45714286,0
2003-09-28 00:00:00,0.081395663,15.24285714,0,0.0001,15.24285714,0
2003-09-29 00:00:00,0.081504658,15.02857143,0,0.0001,15.02857143,0
2003-09-30 00:00:00,0.080762498,14.81428571,0,0.0001,14.81428571,0
2003-10-01 00:00:00,0.079904728,14.6,0,0.0001,14.6,0
2003-10-02 00:00:00,0.079056062,14.38571429,0,0.0001,14.38571429,0
2003-10-03 00:00:00,0.078317985,14.17142857,0,0.0001,14.17142857,0
2003-10-04 00:00:00,0.079221182,13.95714286,0,0.0001,13.95714286,0
2003-10-05 00:00:00,0.078474484,13.74285714,0,0.0001,13.74285714,0
2003-10-06 00:00:00,0.078601122,13.52857143,0,0.0001,13.52857143,0
2003-10-07 00:00:00,0.08123792,13.31428571,0,0.0001,13.31428571,0
2003-10-08 00:00:00,0.084415644,13.1,0,0.0001,13.1,0
2003-10-09 00:00:00,0.086774431,12.88571429,0,0.0001,12.88571429,0
2003-10-10 00:00:00,0.090328142,12.67142857,0,0.0001,12.67142857,0
2003-10-11 00:00:00,0.093143299,12.45714286,0,0.0001,12.45714286,0
2003-10-12 00:00:00,0.092417382,12.24285714,0,0.0001,12.24285714,0
2003-10-13 00:00:00,0.092404567,12.02857143,0,0.0001,12.02857143,0
2003-10-14 00:00:00,0.092416257,11.81428571,0,0.0001,11.81428571,0
2003-10-15 00:00:00,0.092359558,11.6,0,0.0001,11.6,0
2003-10-16 00:00:00,0.093653105,11.38571429,0,0.0001,11.38571429,0
2003-10-17 00:00:00,0.096339397,11.17142857,0,0.0001,11.17142857,0
2003-10-18 00:00:00,0.098288879,10.95714286,0,0.0001,10.95714286,0
2003-10-19 00:00:00,0.119968086,10.74285714,0,0.0001,10.74285714,0
2003-10-20 00:00:00,0.11460916,10.52857143,0,0.0001,10.52857143,0
2003-10-21 00:00:00,0.126743168,10.31428571,0,0.0001,10.31428571,0
2003-10-22 00:00:00,0.141472787,10.1,0,0.0001,10.1,0
2003-10-23 00:00:00,0.141100764,9.885714286,0,0.0001,9.885714286,0
2003-10-24 00:00:00,0.142653748,9.671428571,0,0.0001,9.671428571,0
2003-10-25 00:00:00,0.145279273,9.457142857,0,0.0001,9.457142857,0
2003-10-26 00:00:00,0.14669475,9.242857143,0,0.0001,9.242857143,0
2003-10-27 00:00:00,0.142775893,9.028571429,0,0.0001,9.028571429,0
2003-10-28 00:00:00,0.141458228,8.814285714,0,0.0001,8.814285714,0
2003-10-29 00:00:00,0.142169878,8.6,0,0.0001,8.6,0
2003-10-30 00:00:00,0.196700007,8.514285714,0,0.0001,8.514285714,0
2003-10-31 00:00:00,0.194199994,8.428571429,0,0.0001,8.428571429,0
2003-11-01 00:00:00,0.25,8.342857143,0,0.0001,8.342857143,0
2003-11-02 00:00:00,0.18181555,8.257142857,0,0.0001,8.257142857,0
2003-11-03 00:00:00,0.195857704,8.171428571,0,0.0001,8.171428571,0
2003-11-04 00:00:00,0.200937793,8.085714286,0,0.0001,8.085714286,0
2003-11-05 00:00:00,0.202662215,8,0,0.0001,8,0
2003-11-06 00:00:00,0.204753652,7.914285714,0,0.0001,7.914285714,0
2003-11-07 00:00:00,0.20477435,7.828571429,0,0.0001,7.828571429,0
2003-11-08 00:00:00,0.205105379,7.742857143,0,0.0001,7.742857143,0
2003-11-09 00:00:00,0.203370392,7.657142857,0,0.0001,7.657142857,0
2003-11-10 00:00:00,0.201223552,7.571428571,0,0.0001,7.571428571,0
2003-11-11 00:00:00,0.198233873,7.485714286,0,0.0001,7.485714286,0
2003-11-12 00:00:00,0.196725681,7.4,0,0.0001,7.4,0
2003-11-13 00:00:00,0.193387076,7.353571429,0,0.0001,7.353571429,0
2003-11-14 00:00:00,0.193191975,7.307142857,0,0.0001,7.307142857,0
2003-11-15 00:00:00,0.19532311,7.260714286,0,0.0001,7.260714286,0
2003-11-16 00:00:00,0.199060902,7.214285714,0,0.0001,7.214285714,0
2003-11-17 00:00:00,0.200066537,7.167857143,0,0.0001,7.167857143,0
2003-11-18 00:00:00,0.201628327,7.121428571,0,0.0001,7.121428571,0
2003-11-19 00:00:00,0.207209796,7.075,0,0.0001,7.075,0
2003-11-20 00:00:00,0.207949147,7.028571429,0,0.0001,7.028571429,0
2003-11-21 00:00:00,0.2161998,6.982142857,0,0.0001,6.982142857,0
2003-11-22 00:00:00,0.229506165,6.935714286,0,0.0001,6.935714286,0
2003-11-23 00:00:00,0.244830489,6.889285714,0,0.0001,6.889285714,0
2003-11-24 00:00:00,0.249304652,6.842857143,0,0.0001,6.842857143,0
2003-11-25 00:00:00,0.247416347,6.796428571,0,0.0001,6.796428571,0
2003-11-26 00:00:00,0.243017629,6.75,0,0.0001,6.75,0
2003-11-27 00:00:00,0.23721467,6.703571429,0,0.0001,6.703571429,0
2003-11-28 00:00:00,0.231802776,6.657142857,0,0.0001,6.657142857,0
2003-11-29 00:00:00,0.220590293,6.610714286,0,0.0001,6.610714286,0
2003-11-30 00:00:00,0.210746109,6.564285714,0,0.0001,6.564285714,0
2003-12-01 00:00:00,0.206436276,6.517857143,0,0.0001,6.517857143,0
2003-12-02 00:00:00,0.199601427,6.471428571,0,0.0001,6.471428571,0
2003-12-03 00:00:00,0.192303047,6.425,0,0.0001,6.425,0
2003-12-04 00:00:00,0.184114635,6.378571429,0,0.0001,6.378571429,0
2003-12-05 00:00:00,0.17651011,6.332142857,0,0.0001,6.332142857,0
2003-12-06 00:00:00,0.171123758,6.285714286,0,0.0001,6.285714286,0
2003-12-07 00:00:00,0.163621038,6.239285714,0,0.0001,6.239285714,0
2003-12-08 00:00:00,0.156213641,6.192857143,0,0.0001,6.192857143,0
2003-12-09 00:00:00,0.153178439,6.146428571,0,0.0001,6.146428571,0
2003-12-10 00:00:00,0.148817912,6.1,0,0.0001,6.1,0
2003-12-11 00:00:00,0.150171608,6.011111111,0,0.0001,6.011111111,0
2003-12-12 00:00:00,0.17283605,5.922222222,0,0.0001,5.922222222,0
2003-12-13 00:00:00,0.279122055,5.833333333,0,0.0001,5.833333333,0
2003-12-14 00:00:00,0.32656312,5.744444444,0,0.0001,5.744444444,0
2003-12-15 00:00:00,0.350875109,5.655555556,0,0.0001,5.655555556,0
2003-12-16 00:00:00,0.361073941,5.566666667,0,0.0001,5.566666667,0
2003-12-17 00:00:00,0.372718483,5.477777778,0,0.0001,5.477777778,0
2003-12-18 00:00:00,0.374537975,5.388888889,0,0.0001,5.388888889,0
2003-12-19 00:00:00,0.369588733,5.3,0,0.0001,5.3,0
2003-12-20 00:00:00,0.367746979,5.211111111,0,0.0001,5.211111111,0
2003-12-21 00:00:00,0.401656061,5.122222222,0,0.0001,5.122222222,0
2003-12-22 00:00:00,0.424900115,5.033333333,0,0.0001,5.033333333,0
2003-12-23 00:00:00,0.430181473,4.944444444,0,0.0001,4.944444444,0
2003-12-24 00:00:00,0.42612946,4.855555556,0,0.0001,4.855555556,0
2003-12-25 00:00:00,0.436008543,4.766666667,0,0.0001,4.766666667,0
2003-12-26 00:00:00,0.454950124,4.677777778,0,0.0001,4.677777778,0
2003-12-27 00:00:00,0.487713277,4.588888889,0,0.0001,4.588888889,0
2003-12-28 00:00:00,0.554091156,4.5,0,0.0001,4.5,0
2003-12-29 00:00:00,0.685925305,4.411111111,0,0.0001,4.411111111,0
2003-12-30 00:00:00,0.747760415,4.322222222,0,0.0001,4.322222222,0
2003-12-31 00:00:00,0.77489835,4.233333333,0,0.0001,4.233333333,0
2004-01-01 00:00:00,0.718467414,4.144444444,0,0.0001,4.144444444,0
2004-01-02 00:00:00,0.704328775,4.055555556,0,0.0001,4.055555556,0
2004-01-03 00:00:00,0.679975688,3.966666667,0,0.0001,3.966666667,0
2004-01-04 00:00:00,0.652875781,3.877777778,0,0.0001,3.877777778,0
2004-01-05 00:00:00,0.626171649,3.788888889,0,0.0001,3.788888889,0
2004-01-06 00:00:00,0.599046528,3.7,0,0.0001,3.7,0
2004-01-07 00:00:00,0.589590192,3.611111111,0,0.0001,3.611111111,0
2004-01-08 00:00:00,0.579917789,3.522222222,0,0.0001,3.522222222,0
2004-01-09 00:00:00,0.572205305,3.433333333,0,0.0001,3.433333333,0
2004-01-10 00:00:00,0.562659621,3.344444444,0,0.0001,3.344444444,0
2004-01-11 00:00:00,0.561338127,3.255555556,0,0.0001,3.255555556,0
2004-01-12 00:00:00,0.598588645,3.166666667,0,0.0001,3.166666667,0
2004-01-13 00:00:00,0.650388181,3.077777778,0,0.0001,3.077777778,0
2004-01-14 00:00:00,0.709297001,2.988888889,0,0.0001,2.988888889,0
2004-01-15 00:00:00,0.74888587,2.9,0,0.0001,2.9,0
2004-01-16 00:00:00,0.784381568,2.919230769,0,0.0001,2.919230769,0
2004-01-17 00:00:00,0.820558965,2.938461538,0,0.0001,2.938461538,0
2004-01-18 00:00:00,0.830475867,2.957692308,0,0.0001,2.957692308,0
2004-01-19 00:00:00,0.852003694,2.976923077,0,0.0001,2.976923077,0
2004-01-20 00:00:00,0.846075594,2.996153846,0,0.0001,2.996153846,0
2004-01-21 00:00:00,0.824230254,3.015384615,0,0.0001,3.015384615,0
2004-01-22 00:00:00,0.789946377,3.034615385,0,0.0001,3.034615385,0
2004-01-23 00:00:00,0.754663289,3.053846154,0,0.0001,3.053846154,0
2004-01-24 00:00:00,0.724052906,3.073076923,0,0.0001,3.073076923,0
2004-01-25 00:00:00,0.700827718,3.092307692,0,0.0001,3.092307692,0
2004-01-26 00:00:00,0.668383241,3.111538462,0,0.0001,3.111538462,0
2004-01-27 00:00:00,0.63642019,3.130769231,0,0.0001,3.130769231,0
2004-01-28 00:00:00,0.607915461,3.15,0,0.0001,3.15,0
2004-01-29 00:00:00,0.587311745,3.169230769,0,0.0001,3.169230769,0
2004-01-30 00:00:00,0.567201018,3.188461538,0,0.0001,3.188461538,0
2004-01-31 00:00:00,0.577590644,3.207692308,0,0.0001,3.207692308,0
2004-02-01 00:00:00,0.681999326,3.226923077,0,0.0001,3.226923077,0
2004-02-02 00:00:00,0.7874946,3.246153846,0,0.0001,3.246153846,0
2004-02-03 00:00:00,0.905121207,3.265384615,0,0.0001,3.265384615,0
2004-02-04 00:00:00,1.03818047,3.284615385,0,0.0001,3.284615385,0
2004-02-05 00:00:00,1.134392858,3.303846154,0,0.0001,3.303846154,0
2004-02-06 00:00:00,1.176304817,3.323076923,0,0.0001,3.323076923,0
2004-02-07 00:00:00,1.1833148,3.342307692,0,0.0001,3.342307692,0
2004-02-08 00:00:00,1.199814796,3.361538462,0,0.0001,3.361538462,0
2004-02-09 00:00:00,1.193936706,3.380769231,0,0.0001,3.380769231,0
2004-02-10 00:00:00,1.161106586,3.4,0,0.0001,3.4,0
2004-02-11 00:00:00,1.131898165,3.426190476,0,0.0001,3.426190476,0
2004-02-12 00:00:00,1.096018791,3.452380952,0,0.0001,3.452380952,0
2004-02-13 00:00:00,1.066758633,3.478571429,0,0.0001,3.478571429,0
2004-02-14 00:00:00,1.066700935,3.504761905,0,0.0001,3.504761905,0
2004-02-15 00:00:00,1.058134198,3.530952381,0,0.0001,3.530952381,0
2004-02-16 00:00:00,1.03457427,3.557142857,0,0.0001,3.557142857,0
2004-02-17 00:00:00,1.003690958,3.583333333,0,0.0001,3.583333333,0
2004-02-18 00:00:00,0.96789372,3.60952381,0,0.0001,3.60952381,0
2004-02-19 00:00:00,0.930339813,3.635714286,0,0.0001,3.635714286,0
2004-02-20 00:00:00,0.887553632,3.661904762,0,0.0001,3.661904762,0
2004-02-21 00:00:00,0.846398115,3.688095238,0,0.0001,3.688095238,0
2004-02-22 00:00:00,0.810733557,3.714285714,0,0.0001,3.714285714,0
2004-02-23 00:00:00,0.777156591,3.74047619,0,0.0001,3.74047619,0
2004-02-24 00:00:00,0.746931672,3.766666667,0,0.0001,3.766666667,0
2004-02-25 00:00:00,0.720601141,3.792857143,0,0.0001,3.792857143,0
2004-02-26 00:00:00,0.705288708,3.819047619,0,0.0001,3.819047619,0
2004-02-27 00:00:00,0.688603938,3.845238095,0,0.0001,3.845238095,0
2004-02-28 00:00:00,0.666673005,3.871428571,0,0.0001,3.871428571,0
2004-02-29 00:00:00,0.641865313,3.897619048,0,0.0001,3.897619048,0
2004-03-01 00:00:00,0.614659965,3.923809524,0,0.0001,3.923809524,0
2004-03-02 00:00:00,0.59482193,3.95,0,0.0001,3.95,0
2004-03-03 00:00:00,0.580158055,3.976190476,0,0.0001,3.976190476,0
2004-03-04 00:00:00,0.559133351,4.002380952,0,0.0001,4.002380952,0
2004-03-05 00:00:00,0.538000464,4.028571429,0,0.0001,4.028571429,0
2004-03-06 00:00:00,0.523248553,4.054761905,0,0.0001,4.054761905,0
2004-03-07 00:00:00,0.508149922,4.080952381,0,0.0001,4.080952381,0
2004-03-08 00:00:00,0.481706917,4.107142857,0,0.0001,4.107142857,0
2004-03-09 00:00:00,0.460382283,4.133333333,0,0.0001,4.133333333,0
2004-03-10 00:00:00,0.43197757,4.15952381,0,0.0001,4.15952381,0
2004-03-11 00:00:00,0.412622631,4.185714286,0,0.0001,4.185714286,0
2004-03-12 00:00:00,0.394417584,4.211904762,0,0.0001,4.211904762,0
2004-03-13 00:00:00,0.392323881,4.238095238,0,0.0001,4.238095238,0
2004-03-14 00:00:00,0.398200274,4.264285714,0,0.0001,4.264285714,0
2004-03-15 00:00:00,0.41895932,4.29047619,0,0.0001,4.29047619,0
2004-03-16 00:00:00,0.440261126,4.316666667,0,0.0001,4.316666667,0
2004-03-17 00:00:00,0.453504235,4.342857143,0,0.0001,4.342857143,0
2004-03-18 00:00:00,0.461203068,4.369047619,0,0.0001,4.369047619,0
2004-03-19 00:00:00,0.479400635,4.395238095,0,0.0001,4.395238095,0
2004-03-20 00:00:00,0.53101629,4.421428571,0,0.0001,4.421428571,0
2004-03-21 00:00:00,0.653806806,4.447619048,0,0.0001,4.447619048,0
2004-03-22 00:00:00,0.781161904,4.473809524,0,0.0001,4.473809524,0
2004-03-23 00:00:00,0.893826544,4.5,0,0.0001,4.5,0
2004-03-24 00:00:00,0.96922332,4.71,0,0.0001,4.71,0
2004-03-25 00:00:00,1.00051713,4.92,0,0.0001,4.92,0
2004-03-26 00:00:00,1.002950311,5.13,0,0.0001,5.13,0
2004-03-27 00:00:00,0.983181298,5.34,0,0.0001,5.34,0
2004-03-28 00:00:00,0.957917452,5.55,0,0.0001,5.55,0
2004-03-29 00:00:00,0.929631293,5.76,0,0.0001,5.76,0
2004-03-30 00:00:00,0.897188067,5.97,0,0.0001,5.97,0
2004-03-31 00:00:00,0.86174655,6.18,0,0.0001,6.18,0
2004-04-01 00:00:00,0.819477677,6.39,0,0.0001,6.39,0
2004-04-02 00:00:00,0.782119811,6.6,0,0.0001,6.6,0
2004-04-03 00:00:00,0.74902004,6.81,0,0.0001,6.81,0
2004-04-04 00:00:00,0.727734208,7.02,0,0.0001,7.02,0
2004-04-05 00:00:00,0.711226344,7.23,0,0.0001,7.23,0
2004-04-06 00:00:00,0.698544323,7.44,0,0.0001,7.44,0
2004-04-07 00:00:00,0.691813231,7.65,0,0.0001,7.65,0
2004-04-08 00:00:00,0.675482333,7.86,0,0.0001,7.86,0
2004-04-09 00:00:00,0.65469557,8.07,0,0.0001,8.07,0
2004-04-10 00:00:00,0.633111835,8.28,0,0.0001,8.28,0
2004-04-11 00:00:00,0.604902864,8.49,0,0.0001,8.49,0
2004-04-12 00:00:00,0.579901874,8.7,0,0.0001,8.7,0
2004-04-13 00:00:00,0.556974053,8.91,0,0.0001,8.91,0
2004-04-14 00:00:00,0.544114411,9.12,0,0.0001,9.12,0
2004-04-15 00:00:00,0.524993956,9.33,0,0.0001,9.33,0
2004-04-16 00:00:00,0.498594731,9.54,0,0.0001,9.54,0
2004-04-17 00:00:00,0.471362919,9.75,0,0.0001,9.75,0
2004-04-18 00:00:00,0.446706116,9.96,0,0.0001,9.96,0
2004-04-19 00:00:00,0.432935357,10.17,0,0.0001,10.17,0
2004-04-20 00:00:00,0.472756982,10.38,0,0.0001,10.38,0
2004-04-21 00:00:00,0.479877889,10.59,0,0.0001,10.59,0
2004-04-22 00:00:00,0.469972759,10.8,0,0.0001,10.8,0
2004-04-23 00:00:00,0.450163215,10.888,0,0.0001,10.888,0
2004-04-24 00:00:00,0.433327675,10.976,0,0.0001,10.976,0
2004-04-25 00:00:00,0.415244758,11.064,0,0.0001,11.064,0
2004-04-26 00:00:00,0.405469149,11.152,0,0.0001,11.152,0
2004-04-27 00:00:00,0.401921391,11.24,0,0.0001,11.24,0
2004-04-28 00:00:00,0.385072291,11.328,0,0.0001,11.328,0
2004-04-29 00:00:00,0.362462342,11.416,0,0.0001,11.416,0
2004-04-30 00:00:00,0.342025876,11.504,0,0.0001,11.504,0
2004-05-01 00:00:00,0.329019278,11.592,0,0.0001,11.592,0
2004-05-02 00:00:00,0.355642051,11.68,0,0.0001,11.68,0
2004-05-03 00:00:00,0.378559172,11.768,0,0.0001,11.768,0
2004-05-04 00:00:00,0.386337817,11.856,0,0.0001,11.856,0
2004-05-05 00:00:00,0.415072858,11.944,0,0.0001,11.944,0
2004-05-06 00:00:00,0.49388656,12.032,0,0.0001,12.032,0
2004-05-07 00:00:00,0.523381352,12.12,0,0.0001,12.12,0
2004-05-08 00:00:00,0.53688091,12.208,0,0.0001,12.208,0
2004-05-09 00:00:00,0.541166246,12.296,0,0.0001,12.296,0
2004-05-10 00:00:00,0.534303904,12.384,0,0.0001,12.384,0
2004-05-11 00:00:00,0.528162599,12.472,0,0.0001,12.472,0
2004-05-12 00:00:00,0.519885123,12.56,0,0.0001,12.56,0
2004-05-13 00:00:00,0.507017374,12.648,0,0.0001,12.648,0
2004-05-14 00:00:00,0.475742221,12.736,0,0.0001,12.736,0
2004-05-15 00:00:00,0.448535115,12.824,0,0.0001,12.824,0
2004-05-16 00:00:00,0.427625537,12.912,0,0.0001,12.912,0
2004-05-17 00:00:00,0.404653043,13,0,0.0001,13,0
2004-05-18 00:00:00,0.380980045,13.12068966,0,0.0001,13.12068966,0
2004-05-19 00:00:00,0.354883671,13.24137931,0,0.0001,13.24137931,0
2004-05-20 00:00:00,0.332062811,13.36206897,0,0.0001,13.36206897,0
2004-05-21 00:00:00,0.308669627,13.48275862,0,0.0001,13.48275862,0
2004-05-22 00:00:00,0.292949528,13.60344828,0,0.0001,13.60344828,0
2004-05-23 00:00:00,0.280222565,13.72413793,0,0.0001,13.72413793,0
2004-05-24 00:00:00,0.262149543,13.84482759,0,0.0001,13.84482759,0
2004-05-25 00:00:00,0.248204485,13.96551724,0,0.0001,13.96551724,0
2004-05-26 00:00:00,0.240598962,14.0862069,0,0.0001,14.0862069,0
2004-05-27 00:00:00,0.236426726,14.20689655,0,0.0001,14.20689655,0
2004-05-28 00:00:00,0.225912005,14.32758621,0,0.0001,14.32758621,0
2004-05-29 00:00:00,0.215257183,14.44827586,0,0.0001,14.44827586,0
2004-05-30 00:00:00,0.211976558,14.56896552,0,0.0001,14.56896552,0
2004-05-31 00:00:00,0.207648039,14.68965517,0,0.0001,14.68965517,0
2004-06-01 00:00:00,0.19842416,14.81034483,0,0.0001,14.81034483,0
2004-06-02 00:00:00,0.190063402,14.93103448,0,0.0001,14.93103448,0
2004-06-03 00:00:00,0.183079958,15.05172414,0,0.0001,15.05172414,0
2004-06-04 00:00:00,0.180647343,15.17241379,0,0.0001,15.17241379,0
2004-06-05 00:00:00,0.182590619,15.29310345,0,0.0001,15.29310345,0
2004-06-06 00:00:00,0.176040143,15.4137931,0,0.0001,15.4137931,0
2004-06-07 00:00:00,0.177036703,15.53448276,0,0.0001,15.53448276,0
2004-06-08 00:00:00,0.180390343,15.65517241,0,0.0001,15.65517241,0
2004-06-09 00:00:00,0.180119023,15.77586207,0,0.0001,15.77586207,0
2004-06-10 00:00:00,0.174580872,15.89655172,0,0.0001,15.89655172,0
2004-06-11 00:00:00,0.178740516,16.01724138,0,0.0001,16.01724138,0
2004-06-12 00:00:00,0.181091949,16.13793103,0,0.0001,16.13793103,0
2004-06-13 00:00:00,0.177231625,16.25862069,0,0.0001,16.25862069,0
2004-06-14 00:00:00,0.167021111,16.37931034,0,0.0001,16.37931034,0
2004-06-15 00:00:00,0.161729053,16.5,0,0.0001,16.5,0
2004-06-16 00:00:00,0.15184851,16.48928571,0,0.0001,16.48928571,0
2004-06-17 00:00:00,0.148929596,16.47857143,0,0.0001,16.47857143,0
2004-06-18 00:00:00,0.152426884,16.46785714,0,0.0001,16.46785714,0
2004-06-19 00:00:00,0.149734512,16.45714286,0,0.0001,16.45714286,0
2004-06-20 00:00:00,0.152236313,16.44642857,0,0.0001,16.44642857,0
2004-06-21 00:00:00,0.158240154,16.43571429,0,0.0001,16.43571429,0
2004-06-22 00:00:00,0.159083337,16.425,0,0.0001,16.425,0
2004-06-23 00:00:00,0.167643398,16.41428571,0,0.0001,16.41428571,0
2004-06-24 00:00:00,0.185063183,16.40357143,0,0.0001,16.40357143,0
2004-06-25 00:00:00,0.202048138,16.39285714,0,0.0001,16.39285714,0
2004-06-26 00:00:00,0.206197426,16.38214286,0,0.0001,16.38214286,0
2004-06-27 00:00:00,0.20442149,16.37142857,0,0.0001,16.37142857,0
2004-06-28 00:00:00,0.200778008,16.36071429,0,0.0001,16.36071429,0
2004-06-29 00:00:00,0.191864237,16.35,0,0.0001,16.35,0
2004-06-30 00:00:00,0.186915144,16.33928571,0,0.0001,16.33928571,0
2004-07-01 00:00:00,0.18451035,16.32857143,0,0.0001,16.32857143,0
2004-07-02 00:00:00,0.182361498,16.31785714,0,0.0001,16.31785714,0
2004-07-03 00:00:00,0.194506198,16.30714286,0,0.0001,16.30714286,0
2004-07-04 00:00:00,0.222827926,16.29642857,0,0.0001,16.29642857,0
2004-07-05 00:00:00,0.230003551,16.28571429,0,0.0001,16.28571429,0
2004-07-06 00:00:00,0.223025963,16.275,0,0.0001,16.275,0
2004-07-07 00:00:00,0.213572666,16.26428571,0,0.0001,16.26428571,0
2004-07-08 00:00:00,0.213238537,16.25357143,0,0.0001,16.25357143,0
2004-07-09 00:00:00,0.284403145,16.24285714,0,0.0001,16.24285714,0
2004-07-10 00:00:00,0.336303353,16.23214286,0,0.0001,16.23214286,0
2004-07-11 00:00:00,0.424730778,16.22142857,0,0.0001,16.22142857,0
2004-07-12 00:00:00,0.457091957,16.21071429,0,0.0001,16.21071429,0
2004-07-13 00:00:00,0.459745258,16.2,0,0.0001,16.2,0
2004-07-14 00:00:00,0.45395726,16.46785714,0,0.0001,16.46785714,0
2004-07-15 00:00:00,0.449432075,16.73571429,0,0.0001,16.73571429,0
2004-07-16 00:00:00,0.431287289,17.00357143,0,0.0001,17.00357143,0
2004-07-17 00:00:00,0.410757095,17.27142857,0,0.0001,17.27142857,0
2004-07-18 00:00:00,0.411565125,17.53928571,0,0.0001,17.53928571,0
2004-07-19 00:00:00,0.39607653,17.80714286,0,0.0001,17.80714286,0
2004-07-20 00:00:00,0.380030185,18.075,0,0.0001,18.075,0
2004-07-21 00:00:00,0.35858503,18.34285714,0,0.0001,18.34285714,0
2004-07-22 00:00:00,0.337371439,18.61071429,0,0.0001,18.61071429,0
2004-07-23 00:00:00,0.320958525,18.87857143,0,0.0001,18.87857143,0
2004-07-24 00:00:00,0.300979257,19.14642857,0,0.0001,19.14642857,0
2004-07-25 00:00:00,0.286512792,19.41428571,0,0.0001,19.41428571,0
2004-07-26 00:00:00,0.276524782,19.68214286,0,0.0001,19.68214286,0
2004-07-27 00:00:00,0.259939909,19.95,0,0.0001,19.95,0
2004-07-28 00:00:00,0.248839408,20.21785714,0,0.0001,20.21785714,0
2004-07-29 00:00:00,0.23876062,20.48571429,0,0.0001,20.48571429,0
2004-07-30 00:00:00,0.228773609,20.75357143,0,0.0001,20.75357143,0
2004-07-31 00:00:00,0.217708126,21.02142857,0,0.0001,21.02142857,0
2004-08-01 00:00:00,0.206999913,21.28928571,0,0.0001,21.28928571,0
2004-08-02 00:00:00,0.197957307,21.55714286,0,0.0001,21.55714286,0
2004-08-03 00:00:00,0.189483836,21.825,0,0.0001,21.825,0
2004-08-04 00:00:00,0.182425544,22.09285714,0,0.0001,22.09285714,0
2004-08-05 00:00:00,0.175174043,22.36071429,0,0.0001,22.36071429,0
2004-08-06 00:00:00,0.166990146,22.62857143,0,0.0001,22.62857143,0
2004-08-07 00:00:00,0.159354791,22.89642857,0,0.0001,22.89642857,0
2004-08-08 00:00:00,0.149111331,23.16428571,0,0.0001,23.16428571,0
2004-08-09 00:00:00,0.140716091,23.43214286,0,0.0001,23.43214286,0
2004-08-10 00:00:00,0.133362263,23.7,0,0.0001,23.7,0
2004-08-11 00:00:00,0.12446259,23.50357143,0,0.0001,23.50357143,0
2004-08-12 00:00:00,0.119511388,23.30714286,0,0.0001,23.30714286,0
2004-08-13 00:00:00,0.114393272,23.11071429,0,0.0001,23.11071429,0
2004-08-14 00:00:00,0.116007425,22.91428571,0,0.0001,22.91428571,0
2004-08-15 00:00:00,0.103927955,22.71785714,0,0.0001,22.71785714,0
2004-08-16 00:00:00,0.101338357,22.52142857,0,0.0001,22.52142857,0
2004-08-17 00:00:00,0.115170397,22.325,0,0.0001,22.325,0
2004-08-18 00:00:00,0.126152396,22.12857143,0,0.0001,22.12857143,0
2004-08-19 00:00:00,0.165379077,21.93214286,0,0.0001,21.93214286,0
2004-08-20 00:00:00,0.208378419,21.73571429,0,0.0001,21.73571429,0
2004-08-21 00:00:00,0.20862475,21.53928571,0,0.0001,21.53928571,0
2004-08-22 00:00:00,0.198816314,21.34285714,0,0.0001,21.34285714,0
2004-08-23 00:00:00,0.192448318,21.14642857,0,0.0001,21.14642857,0
2004-08-24 00:00:00,0.195598692,20.95,0,0.0001,20.95,0
2004-08-25 00:00:00,0.22433567,20.75357143,0,0.0001,20.75357143,0
2004-08-26 00:00:00,0.236827865,20.55714286,0,0.0001,20.55714286,0
2004-08-27 00:00:00,0.251840323,20.36071429,0,0.0001,20.36071429,0
2004-08-28 00:00:00,0.25650692,20.16428571,0,0.0001,20.16428571,0
2004-08-29 00:00:00,0.253842086,19.96785714,0,0.0001,19.96785714,0
2004-08-30 00:00:00,0.255881876,19.77142857,0,0.0001,19.77142857,0
2004-08-31 00:00:00,0.263598651,19.575,0,0.0001,19.575,0
2004-09-01 00:00:00,0.285805434,19.37857143,0,0.0001,19.37857143,0
2004-09-02 00:00:00,0.29252097,19.18214286,0,0.0001,19.18214286,0
2004-09-03 00:00:00,0.292197347,18.98571429,0,0.0001,18.98571429,0
2004-09-04 00:00:00,0.28524372,18.78928571,0,0.0001,18.78928571,0
2004-09-05 00:00:00,0.270917892,18.59285714,0,0.0001,18.59285714,0
2004-09-06 00:00:00,0.259371251,18.39642857,0,0.0001,18.39642857,0
2004-09-07 00:00:00,0.245064929,18.2,0,0.0001,18.2,0
2004-09-08 00:00:00,0.231607899,18.03928571,0,0.0001,18.03928571,0
2004-09-09 00:00:00,0.218752474,17.87857143,0,0.0001,17.87857143,0
2004-09-10 00:00:00,0.20642969,17.71785714,0,0.0001,17.71785714,0
2004-09-11 00:00:00,0.19554548,17.55714286,0,0.0001,17.55714286,0
2004-09-12 00:00:00,0.193215668,17.39642857,0,0.0001,17.39642857,0
2004-09-13 00:00:00,0.194399849,17.23571429,0,0.0001,17.23571429,0
2004-09-14 00:00:00,0.210812718,17.075,0,0.0001,17.075,0
2004-09-15 00:00:00,0.223745018,16.91428571,0,0.0001,16.91428571,0
2004-09-16 00:00:00,0.224118501,16.75357143,0,0.0001,16.75357143,0
2004-09-17 00:00:00,0.225106075,16.59285714,0,0.0001,16.59285714,0
2004-09-18 00:00:00,0.227408379,16.43214286,0,0.0001,16.43214286,0
2004-09-19 00:00:00,0.227908656,16.27142857,0,0.0001,16.27142857,0
2004-09-20 00:00:00,0.23606354,16.11071429,0,0.0001,16.11071429,0
2004-09-21 00:00:00,0.269973695,15.95,0,0.0001,15.95,0
2004-09-22 00:00:00,0.300612122,15.78928571,0,0.0001,15.78928571,0
2004-09-23 00:00:00,0.330948591,15.62857143,0,0.0001,15.62857143,0
2004-09-24 00:00:00,0.331771761,15.46785714,0,0.0001,15.46785714,0
2004-09-25 00:00:00,0.331370354,15.30714286,0,0.0001,15.30714286,0
2004-09-26 00:00:00,0.330968976,15.14642857,0,0.0001,15.14642857,0
2004-09-27 00:00:00,0.330567598,14.98571429,0,0.0001,14.98571429,0
2004-09-28 00:00:00,0.330166221,14.825,0,0.0001,14.825,0
2004-09-29 00:00:00,0.324664623,14.66428571,0,0.0001,14.66428571,0
2004-09-30 00:00:00,0.313143849,14.50357143,0,0.0001,14.50357143,0
2004-10-01 00:00:00,0.299882114,14.34285714,0,0.0001,14.34285714,0
2004-10-02 00:00:00,0.287758261,14.18214286,0,0.0001,14.18214286,0
2004-10-03 00:00:00,0.279737025,14.02142857,0,0.0001,14.02142857,0
2004-10-04 00:00:00,0.281636357,13.86071429,0,0.0001,13.86071429,0
2004-10-05 00:00:00,0.278566688,13.7,0,0.0001,13.7,0
2004-10-06 00:00:00,0.269758672,13.57380952,0,0.0001,13.57380952,0
2004-10-07 00:00:00,0.272573382,13.44761905,0,0.0001,13.44761905,0
2004-10-08 00:00:00,0.276062906,13.32142857,0,0.0001,13.32142857,0
2004-10-09 00:00:00,0.274414361,13.1952381,0,0.0001,13.1952381,0
2004-10-10 00:00:00,0.268667072,13.06904762,0,0.0001,13.06904762,0
2004-10-11 00:00:00,0.262227654,12.94285714,0,0.0001,12.94285714,0
2004-10-12 00:00:00,0.253523529,12.81666667,0,0.0001,12.81666667,0
2004-10-13 00:00:00,0.242892906,12.69047619,0,0.0001,12.69047619,0
2004-10-14 00:00:00,0.234917819,12.56428571,0,0.0001,12.56428571,0
2004-10-15 00:00:00,0.228377044,12.43809524,0,0.0001,12.43809524,0
2004-10-16 00:00:00,0.229641587,12.31190476,0,0.0001,12.31190476,0
2004-10-17 00:00:00,0.259314477,12.18571429,0,0.0001,12.18571429,0
2004-10-18 00:00:00,0.340332896,12.05952381,0,0.0001,12.05952381,0
2004-10-19 00:00:00,0.387501299,11.93333333,0,0.0001,11.93333333,0
2004-10-20 00:00:00,0.425399482,11.80714286,0,0.0001,11.80714286,0
2004-10-21 00:00:00,0.491184652,11.68095238,0,0.0001,11.68095238,0
2004-10-22 00:00:00,0.538481236,11.5547619,0,0.0001,11.5547619,0
2004-10-23 00:00:00,0.612764776,11.42857143,0,0.0001,11.42857143,0
2004-10-24 00:00:00,0.687390625,11.30238095,0,0.0001,11.30238095,0
2004-10-25 00:00:00,0.746051848,11.17619048,0,0.0001,11.17619048,0
2004-10-26 00:00:00,0.784130931,11.05,0,0.0001,11.05,0
2004-10-27 00:00:00,0.799646497,10.92380952,0,0.0001,10.92380952,0
2004-10-28 00:00:00,0.803303063,10.79761905,0,0.0001,10.79761905,0
2004-10-29 00:00:00,0.802919924,10.67142857,0,0.0001,10.67142857,0
2004-10-30 00:00:00,0.863205791,10.5452381,0,0.0001,10.5452381,0
2004-10-31 00:00:00,0.916315794,10.41904762,0,0.0001,10.41904762,0
2004-11-01 00:00:00,0.947922111,10.29285714,0,0.0001,10.29285714,0
2004-11-02 00:00:00,0.955268979,10.16666667,0,0.0001,10.16666667,0
2004-11-03 00:00:00,0.947130084,10.04047619,0,0.0001,10.04047619,0
2004-11-04 00:00:00,0.929047346,9.914285714,0,0.0001,9.914285714,0
2004-11-05 00:00:00,0.91256237,9.788095238,0,0.0001,9.788095238,0
2004-11-06 00:00:00,0.893031478,9.661904762,0,0.0001,9.661904762,0
2004-11-07 00:00:00,0.867705882,9.535714286,0,0.0001,9.535714286,0
2004-11-08 00:00:00,0.839562953,9.40952381,0,0.0001,9.40952381,0
2004-11-09 00:00:00,0.807861745,9.283333333,0,0.0001,9.283333333,0
2004-11-10 00:00:00,0.798097312,9.157142857,0,0.0001,9.157142857,0
2004-11-11 00:00:00,0.801309049,9.030952381,0,0.0001,9.030952381,0
2004-11-12 00:00:00,0.808483064,8.904761905,0,0.0001,8.904761905,0
2004-11-13 00:00:00,0.837441683,8.778571429,0,0.0001,8.778571429,0
2004-11-14 00:00:00,0.841577888,8.652380952,0,0.0001,8.652380952,0
2004-11-15 00:00:00,0.839565694,8.526190476,0,0.0001,8.526190476,0
2004-11-16 00:00:00,0.836886346,8.4,0,0.0001,8.4,0
2004-11-17 00:00:00,0.828409135,8.317857143,0,0.0001,8.317857143,0
2004-11-18 00:00:00,0.852629125,8.235714286,0,0.0001,8.235714286,0
2004-11-19 00:00:00,0.863449275,8.153571429,0,0.0001,8.153571429,0
2004-11-20 00:00:00,0.859704018,8.071428571,0,0.0001,8.071428571,0
2004-11-21 00:00:00,0.846177042,7.989285714,0,0.0001,7.989285714,0
2004-11-22 00:00:00,0.859093428,7.907142857,0,0.0001,7.907142857,0
2004-11-23 00:00:00,0.893358469,7.825,0,0.0001,7.825,0
2004-11-24 00:00:00,0.907562852,7.742857143,0,0.0001,7.742857143,0
2004-11-25 00:00:00,0.912076235,7.660714286,0,0.0001,7.660714286,0
2004-11-26 00:00:00,0.918034852,7.578571429,0,0.0001,7.578571429,0
2004-11-27 00:00:00,0.941538751,7.496428571,0,0.0001,7.496428571,0
2004-11-28 00:00:00,0.953084052,7.414285714,0,0.0001,7.414285714,0
2004-11-29 00:00:00,0.95581913,7.332142857,0,0.0001,7.332142857,0
2004-11-30 00:00:00,0.94364512,7.25,0,0.0001,7.25,0
2004-12-01 00:00:00,0.921090484,7.167857143,0,0.0001,7.167857143,0
2004-12-02 00:00:00,0.894005239,7.085714286,0,0.0001,7.085714286,0
2004-12-03 00:00:00,0.865982533,7.003571429,0,0.0001,7.003571429,0
2004-12-04 00:00:00,0.839089036,6.921428571,0,0.0001,6.921428571,0
2004-12-05 00:00:00,0.812205613,6.839285714,0,0.0001,6.839285714,0
2004-12-06 00:00:00,0.787834048,6.757142857,0,0.0001,6.757142857,0
2004-12-07 00:00:00,0.762681007,6.675,0,0.0001,6.675,0
2004-12-08 00:00:00,0.737033546,6.592857143,0,0.0001,6.592857143,0
2004-12-09 00:00:00,0.711846173,6.510714286,0,0.0001,6.510714286,0
2004-12-10 00:00:00,0.685610235,6.428571429,0,0.0001,6.428571429,0
2004-12-11 00:00:00,0.660919726,6.346428571,0,0.0001,6.346428571,0
2004-12-12 00:00:00,0.637962043,6.264285714,0,0.0001,6.264285714,0
2004-12-13 00:00:00,0.616863072,6.182142857,0,0.0001,6.182142857,0
2004-12-14 00:00:00,0.595867932,6.1,0,0.0001,6.1,0
2004-12-15 00:00:00,0.5823102,6.031818182,0,0.0001,6.031818182,0
2004-12-16 00:00:00,0.574343503,5.963636364,0,0.0001,5.963636364,0
2004-12-17 00:00:00,0.567723453,5.895454545,0,0.0001,5.895454545,0
2004-12-18 00:00:00,0.561160028,5.827272727,0,0.0001,5.827272727,0
2004-12-19 00:00:00,0.550079584,5.759090909,0,0.0001,5.759090909,0
2004-12-20 00:00:00,0.560067475,5.690909091,0,0.0001,5.690909091,0
2004-12-21 00:00:00,0.588503003,5.622727273,0,0.0001,5.622727273,0
2004-12-22 00:00:00,0.625199795,5.554545455,0,0.0001,5.554545455,0
2004-12-23 00:00:00,0.699368596,5.486363636,0,0.0001,5.486363636,0
2004-12-24 00:00:00,0.828308344,5.418181818,0,0.0001,5.418181818,0
2004-12-25 00:00:00,0.981431663,5.35,0,0.0001,5.35,0
2004-12-26 00:00:00,1.082923293,5.281818182,0,0.0001,5.281818182,0
2004-12-27 00:00:00,1.122253776,5.213636364,0,0.0001,5.213636364,0
2004-12-28 00:00:00,1.1175102,5.145454545,0,0.0001,5.145454545,0
2004-12-29 00:00:00,1.094532967,5.077272727,0,0.0001,5.077272727,0
2004-12-30 00:00:00,1.057166934,5.009090909,0,0.0001,5.009090909,0
2004-12-31 00:00:00,1.058368564,4.940909091,0,0.0001,4.940909091,0
2005-01-01 00:00:00,1.051745057,4.872727273,0,0.0001,4.872727273,0
2005-01-02 00:00:00,1.062848449,4.804545455,0,0.0001,4.804545455,0
2005-01-03 00:00:00,1.09106946,4.736363636,0,0.0001,4.736363636,0
2005-01-04 00:00:00,1.11882627,4.668181818,0,0.0001,4.668181818,0
2005-01-05 00:00:00,1.134103775,4.6,0,0.0001,4.6,0
2005-01-06 00:00:00,1.134665251,4.531818182,0,0.0001,4.531818182,0
2005-01-07 00:00:00,1.12647903,4.463636364,0,0.0001,4.463636364,0
2005-01-08 00:00:00,1.207183719,4.395454545,0,0.0001,4.395454545,0
2005-01-09 00:00:00,1.341183901,4.327272727,0,0.0001,4.327272727,0
2005-01-10 00:00:00,1.469226599,4.259090909,0,0.0001,4.259090909,0
2005-01-11 00:00:00,1.543712854,4.190909091,0,0.0001,4.190909091,0
2005-01-12 00:00:00,1.575570345,4.122727273,0,0.0001,4.122727273,0
2005-01-13 00:00:00,1.573409915,4.054545455,0,0.0001,4.054545455,0
2005-01-14 00:00:00,1.543259501,3.986363636,0,0.0001,3.986363636,0
2005-01-15 00:00:00,1.495238304,3.918181818,0,0.0001,3.918181818,0
2005-01-16 00:00:00,1.436121702,3.85,0,0.0001,3.85,0
2005-01-17 00:00:00,1.381919742,3.781818182,0,0.0001,3.781818182,0
2005-01-18 00:00:00,1.357248068,3.713636364,0,0.0001,3.713636364,0
2005-01-19 00:00:00,1.337061167,3.645454545,0,0.0001,3.645454545,0
2005-01-20 00:00:00,1.349205256,3.577272727,0,0.0001,3.577272727,0
2005-01-21 00:00:00,1.394222498,3.509090909,0,0.0001,3.509090909,0
2005-01-22 00:00:00,1.406829238,3.440909091,0,0.0001,3.440909091,0
2005-01-23 00:00:00,1.385542274,3.372727273,0,0.0001,3.372727273,0
2005-01-24 00:00:00,1.342803955,3.304545455,0,0.0001,3.304545455,0
2005-01-25 00:00:00,1.292646766,3.236363636,0,0.0001,3.236363636,0
2005-01-26 00:00:00,1.236970782,3.168181818,0,0.0001,3.168181818,0
2005-01-27 00:00:00,1.182532787,3.1,0,0.0001,3.1,0
2005-01-28 00:00:00,1.130991697,3.047368421,0,0.0001,3.047368421,0
2005-01-29 00:00:00,1.078982949,2.994736842,0,0.0001,2.994736842,0
2005-01-30 00:00:00,1.029370904,2.942105263,0,0.0001,2.942105263,0
2005-01-31 00:00:00,0.996444106,2.889473684,0,0.0001,2.889473684,0
2005-02-01 00:00:00,0.963220119,2.836842105,0,0.0001,2.836842105,0
2005-02-02 00:00:00,0.927631676,2.784210526,0,0.0001,2.784210526,0
2005-02-03 00:00:00,0.896498144,2.731578947,0,0.0001,2.731578947,0
2005-02-04 00:00:00,0.868072808,2.678947368,0,0.0001,2.678947368,0
2005-02-05 00:00:00,0.84331423,2.626315789,0,0.0001,2.626315789,0
2005-02-06 00:00:00,0.817791164,2.573684211,0,0.0001,2.573684211,0
2005-02-07 00:00:00,0.79138422,2.521052632,0,0.0001,2.521052632,0
2005-02-08 00:00:00,0.764556468,2.468421053,0,0.0001,2.468421053,0
2005-02-09 00:00:00,0.739114881,2.415789474,0,0.0001,2.415789474,0
2005-02-10 00:00:00,0.735315681,2.363157895,0,0.0001,2.363157895,0
2005-02-11 00:00:00,0.745475173,2.310526316,0,0.0001,2.310526316,0
2005-02-12 00:00:00,0.775315762,2.257894737,0,0.0001,2.257894737,0
2005-02-13 00:00:00,0.828586817,2.205263158,0,0.0001,2.205263158,0
2005-02-14 00:00:00,0.827451766,2.152631579,0,0.0001,2.152631579,0
2005-02-15 00:00:00,0.820014,2.1,0,0.0001,2.1,0
2005-02-16 00:00:00,0.805796504,2.105714286,0,0.0001,2.105714286,0
2005-02-17 00:00:00,0.788457513,2.111428571,0,0.0001,2.111428571,0
2005-02-18 00:00:00,0.776504338,2.117142857,0,0.0001,2.117142857,0
2005-02-19 00:00:00,0.787829936,2.122857143,0,0.0001,2.122857143,0
2005-02-20 00:00:00,0.802892923,2.128571429,0,0.0001,2.128571429,0
2005-02-21 00:00:00,0.816111624,2.134285714,0,0.0001,2.134285714,0
2005-02-22 00:00:00,0.822393239,2.14,0,0.0001,2.14,0
2005-02-23 00:00:00,0.82386297,2.145714286,0,0.0001,2.145714286,0
2005-02-24 00:00:00,0.824249625,2.151428571,0,0.0001,2.151428571,0
2005-02-25 00:00:00,0.816918612,2.157142857,0,0.0001,2.157142857,0
2005-02-26 00:00:00,0.802740395,2.162857143,0,0.0001,2.162857143,0
2005-02-27 00:00:00,0.780660331,2.168571429,0,0.0001,2.168571429,0
2005-02-28 00:00:00,0.758800149,2.174285714,0,0.0001,2.174285714,0
2005-03-01 00:00:00,0.748007953,2.18,0,0.0001,2.18,0
2005-03-02 00:00:00,0.738184571,2.185714286,0,0.0001,2.185714286,0
2005-03-03 00:00:00,0.718059301,2.191428571,0,0.0001,2.191428571,0
2005-03-04 00:00:00,0.688917875,2.197142857,0,0.0001,2.197142857,0
2005-03-05 00:00:00,0.661836624,2.202857143,0,0.0001,2.202857143,0
2005-03-06 00:00:00,0.634149253,2.208571429,0,0.0001,2.208571429,0
2005-03-07 00:00:00,0.610470772,2.214285714,0,0.0001,2.214285714,0
2005-03-08 00:00:00,0.589615226,2.22,0,0.0001,2.22,0
2005-03-09 00:00:00,0.572250009,2.225714286,0,0.0001,2.225714286,0
2005-03-10 00:00:00,0.555207014,2.231428571,0,0.0001,2.231428571,0
2005-03-11 00:00:00,0.577609837,2.237142857,0,0.0001,2.237142857,0
2005-03-12 00:00:00,0.649062276,2.242857143,0,0.0001,2.242857143,0
2005-03-13 00:00:00,0.697803676,2.248571429,0,0.0001,2.248571429,0
2005-03-14 00:00:00,0.714624465,2.254285714,0,0.0001,2.254285714,0
2005-03-15 00:00:00,0.723402023,2.26,0,0.0001,2.26,0
2005-03-16 00:00:00,0.791608393,2.265714286,0,0.0001,2.265714286,0
2005-03-17 00:00:00,0.96214962,2.271428571,0,0.0001,2.271428571,0
2005-03-18 00:00:00,1.158337951,2.277142857,0,0.0001,2.277142857,0
2005-03-19 00:00:00,1.303999543,2.282857143,0,0.0001,2.282857143,0
2005-03-20 00:00:00,1.34683907,2.288571429,0,0.0001,2.288571429,0
2005-03-21 00:00:00,1.336461186,2.294285714,0,0.0001,2.294285714,0
2005-03-22 00:00:00,1.302730799,2.3,0,0.0001,2.3,0
2005-03-23 00:00:00,1.260871768,2.45,0,0.0001,2.45,0
2005-03-24 00:00:00,1.218509912,2.6,0,0.0001,2.6,0
2005-03-25 00:00:00,1.170793653,2.75,0,0.0001,2.75,0
2005-03-26 00:00:00,1.122347951,2.9,0,0.0001,2.9,0
2005-03-27 00:00:00,1.085127831,3.05,0,0.0001,3.05,0
2005-03-28 00:00:00,1.0387007,3.2,0,0.0001,3.2,0
2005-03-29 00:00:00,0.992671669,3.35,0,0.0001,3.35,0
2005-03-30 00:00:00,0.944343567,3.5,0,0.0001,3.5,0
2005-03-31 00:00:00,0.900703192,3.65,0,0.0001,3.65,0
2005-04-01 00:00:00,0.859713316,3.8,0,0.0001,3.8,0
2005-04-02 00:00:00,0.82204783,3.95,0,0.0001,3.95,0
2005-04-03 00:00:00,0.786523044,4.1,0,0.0001,4.1,0
2005-04-04 00:00:00,0.75400418,4.25,0,0.0001,4.25,0
2005-04-05 00:00:00,0.733893514,4.4,0,0.0001,4.4,0
2005-04-06 00:00:00,0.713223279,4.55,0,0.0001,4.55,0
2005-04-07 00:00:00,0.707006633,4.7,0,0.0001,4.7,0
2005-04-08 00:00:00,0.701586485,4.85,0,0.0001,4.85,0
2005-04-09 00:00:00,0.680971384,5,0,0.0001,5,0
2005-04-10 00:00:00,0.664073586,5.15,0,0.0001,5.15,0
2005-04-11 00:00:00,0.645396054,5.3,0,0.0001,5.3,0
2005-04-12 00:00:00,0.622394145,5.45,0,0.0001,5.45,0
2005-04-13 00:00:00,0.599799335,5.6,0,0.0001,5.6,0
2005-04-14 00:00:00,0.591320455,5.75,0,0.0001,5.75,0
2005-04-15 00:00:00,0.588979602,5.9,0,0.0001,5.9,0
2005-04-16 00:00:00,0.574976563,6.05,0,0.0001,6.05,0
2005-04-17 00:00:00,0.555411875,6.2,0,0.0001,6.2,0
2005-04-18 00:00:00,0.536231995,6.35,0,0.0001,6.35,0
2005-04-19 00:00:00,0.517199934,6.5,0,0.0001,6.5,0
2005-04-20 00:00:00,0.501408815,6.65,0,0.0001,6.65,0
2005-04-21 00:00:00,0.476055145,6.8,0,0.0001,6.8,0
2005-04-22 00:00:00,0.459786713,6.95,0,0.0001,6.95,0
2005-04-23 00:00:00,0.443130285,7.1,0,0.0001,7.1,0
2005-04-24 00:00:00,0.422511905,7.25,0,0.0001,7.25,0
2005-04-25 00:00:00,0.405980766,7.4,0,0.0001,7.4,0
2005-04-26 00:00:00,0.388098806,7.55,0,0.0001,7.55,0
2005-04-27 00:00:00,0.36964342,7.7,0,0.0001,7.7,0
2005-04-28 00:00:00,0.36709398,7.846153846,0,0.0001,7.846153846,0
2005-04-29 00:00:00,0.359389216,7.992307692,0,0.0001,7.992307692,0
2005-04-30 00:00:00,0.353375882,8.138461538,0,0.0001,8.138461538,0
2005-05-01 00:00:00,0.351553291,8.284615385,0,0.0001,8.284615385,0
2005-05-02 00:00:00,0.35485816,8.430769231,0,0.0001,8.430769231,0
2005-05-03 00:00:00,0.360836208,8.576923077,0,0.0001,8.576923077,0
2005-05-04 00:00:00,0.360319138,8.723076923,0,0.0001,8.723076923,0
2005-05-05 00:00:00,0.351630092,8.869230769,0,0.0001,8.869230769,0
2005-05-06 00:00:00,0.345592111,9.015384615,0,0.0001,9.015384615,0
2005-05-07 00:00:00,0.339054883,9.161538462,0,0.0001,9.161538462,0
2005-05-08 00:00:00,0.334171742,9.307692308,0,0.0001,9.307692308,0
2005-05-09 00:00:00,0.334617883,9.453846154,0,0.0001,9.453846154,0
2005-05-10 00:00:00,0.336005807,9.6,0,0.0001,9.6,0
2005-05-11 00:00:00,0.333483934,9.842857143,0,0.0001,9.842857143,0
2005-05-12 00:00:00,0.333412796,10.08571429,0,0.0001,10.08571429,0
2005-05-13 00:00:00,0.333501726,10.32857143,0,0.0001,10.32857143,0
2005-05-14 00:00:00,0.330657393,10.57142857,0,0.0001,10.57142857,0
2005-05-15 00:00:00,0.3231076,10.81428571,0,0.0001,10.81428571,0
2005-05-16 00:00:00,0.308273435,11.05714286,0,0.0001,11.05714286,0
2005-05-17 00:00:00,0.297958493,11.3,0,0.0001,11.3,0
2005-05-18 00:00:00,0.285575747,11.54285714,0,0.0001,11.54285714,0
2005-05-19 00:00:00,0.27777335,11.78571429,0,0.0001,11.78571429,0
2005-05-20 00:00:00,0.275263011,12.02857143,0,0.0001,12.02857143,0
2005-05-21 00:00:00,0.278935671,12.27142857,0,0.0001,12.27142857,0
2005-05-22 00:00:00,0.28008461,12.51428571,0,0.0001,12.51428571,0
2005-05-23 00:00:00,0.280830801,12.75714286,0,0.0001,12.75714286,0
2005-05-24 00:00:00,0.275075793,13,0,0.0001,13,0
2005-05-25 00:00:00,0.273521572,13.12,0,0.0001,13.12,0
2005-05-26 00:00:00,0.268630475,13.24,0,0.0001,13.24,0
2005-05-27 00:00:00,0.262520492,13.36,0,0.0001,13.36,0
2005-05-28 00:00:00,0.256960243,13.48,0,0.0001,13.48,0
2005-05-29 00:00:00,0.247562706,13.6,0,0.0001,13.6,0
2005-05-30 00:00:00,0.236806989,13.72,0,0.0001,13.72,0
2005-05-31 00:00:00,0.23995696,13.84,0,0.0001,13.84,0
2005-06-01 00:00:00,0.249492988,13.96,0,0.0001,13.96,0
2005-06-02 00:00:00,0.255842596,14.08,0,0.0001,14.08,0
2005-06-03 00:00:00,0.266700506,14.2,0,0.0001,14.2,0
2005-06-04 00:00:00,0.319981635,14.32,0,0.0001,14.32,0
2005-06-05 00:00:00,0.361142784,14.44,0,0.0001,14.44,0
2005-06-06 00:00:00,0.364896268,14.56,0,0.0001,14.56,0
2005-06-07 00:00:00,0.356056005,14.68,0,0.0001,14.68,0
2005-06-08 00:00:00,0.341497242,14.8,0,0.0001,14.8,0
2005-06-09 00:00:00,0.32449472,14.9,0,0.0001,14.9,0
2005-06-10 00:00:00,0.30692327,15,0,0.0001,15,0
2005-06-11 00:00:00,0.295758128,15.1,0,0.0001,15.1,0
2005-06-12 00:00:00,0.293459684,15.2,0,0.0001,15.2,0
2005-06-13 00:00:00,0.313070387,15.3,0,0.0001,15.3,0
2005-06-14 00:00:00,0.331192464,15.4,0,0.0001,15.4,0
2005-06-15 00:00:00,0.324842334,15.5,0,0.0001,15.5,0
2005-06-16 00:00:00,0.314416289,15.6,0,0.0001,15.6,0
2005-06-17 00:00:00,0.302289367,15.7,0,0.0001,15.7,0
2005-06-18 00:00:00,0.286121964,15.8,0,0.0001,15.8,0
2005-06-19 00:00:00,0.278193533,15.9,0,0.0001,15.9,0
2005-06-20 00:00:00,0.271220982,16,0,0.0001,16,0
2005-06-21 00:00:00,0.26062271,16.1,0,0.0001,16.1,0
2005-06-22 00:00:00,0.242369324,16.2,0,0.0001,16.2,0
2005-06-23 00:00:00,0.230186611,16.47333333,0,0.0001,16.47333333,0
2005-06-24 00:00:00,0.223817691,16.74666667,0,0.0001,16.74666667,0
2005-06-25 00:00:00,0.213570327,17.02,0,0.0001,17.02,0
2005-06-26 00:00:00,0.200146526,17.29333333,0,0.0001,17.29333333,0
2005-06-27 00:00:00,0.182061985,17.56666667,0,0.0001,17.56666667,0
2005-06-28 00:00:00,0.170320958,17.84,0,0.0001,17.84,0
2005-06-29 00:00:00,0.162746713,18.11333333,0,0.0001,18.11333333,0
2005-06-30 00:00:00,0.15141961,18.38666667,0,0.0001,18.38666667,0
2005-07-01 00:00:00,0.144708395,18.66,0,0.0001,18.66,0
2005-07-02 00:00:00,0.141066328,18.93333333,0,0.0001,18.93333333,0
2005-07-03 00:00:00,0.139371499,19.20666667,0,0.0001,19.20666667,0
2005-07-04 00:00:00,0.139650211,19.48,0,0.0001,19.48,0
2005-07-05 00:00:00,0.150020137,19.75333333,0,0.0001,19.75333333,0
2005-07-06 00:00:00,0.170700416,20.02666667,0,0.0001,20.02666667,0
2005-07-07 00:00:00,0.176595777,20.3,0,0.0001,20.3,0
2005-07-08 00:00:00,0.174012393,20.67142857,0,0.0001,20.67142857,0
2005-07-09 00:00:00,0.170064867,21.04285714,0,0.0001,21.04285714,0
2005-07-10 00:00:00,0.162431046,21.41428571,0,0.0001,21.41428571,0
2005-07-11 00:00:00,0.155647844,21.78571429,0,0.0001,21.78571429,0
2005-07-12 00:00:00,0.14801605,22.15714286,0,0.0001,22.15714286,0
2005-07-13 00:00:00,0.134527773,22.52857143,0,0.0001,22.52857143,0
2005-07-14 00:00:00,0.125416443,22.9,0,0.0001,22.9,0
2005-07-15 00:00:00,0.136284858,22.35714286,0,0.0001,22.35714286,0
2005-07-16 00:00:00,0.147256136,21.81428571,0,0.0001,21.81428571,0
2005-07-17 00:00:00,0.136193037,21.27142857,0,0.0001,21.27142857,0
2005-07-18 00:00:00,0.132787004,20.72857143,0,0.0001,20.72857143,0
2005-07-19 00:00:00,0.13485615,20.18571429,0,0.0001,20.18571429,0
2005-07-20 00:00:00,0.137712047,19.64285714,0,0.0001,19.64285714,0
2005-07-21 00:00:00,0.145746201,19.1,0,0.0001,19.1,0
2005-07-22 00:00:00,0.146671101,19.01538462,0,0.0001,19.01538462,0
2005-07-23 00:00:00,0.142303839,18.93076923,0,0.0001,18.93076923,0
2005-07-24 00:00:00,0.136259556,18.84615385,0,0.0001,18.84615385,0
2005-07-25 00:00:00,0.131932065,18.76153846,0,0.0001,18.76153846,0
2005-07-26 00:00:00,0.127826601,18.67692308,0,0.0001,18.67692308,0
2005-07-27 00:00:00,0.123437986,18.59230769,0,0.0001,18.59230769,0
2005-07-28 00:00:00,0.121060476,18.50769231,0,0.0001,18.50769231,0
2005-07-29 00:00:00,0.124180458,18.42307692,0,0.0001,18.42307692,0
2005-07-30 00:00:00,0.137993827,18.33846154,0,0.0001,18.33846154,0
2005-07-31 00:00:00,0.149698481,18.25384615,0,0.0001,18.25384615,0
2005-08-01 00:00:00,0.155354738,18.16923077,0,0.0001,18.16923077,0
2005-08-02 00:00:00,0.150902316,18.08461538,0,0.0001,18.08461538,0
2005-08-03 00:00:00,0.148269117,18,0,0.0001,18,0
2005-08-04 00:00:00,0.154904649,17.9,0,0.0001,17.9,0
2005-08-05 00:00:00,0.160824746,17.8,0,0.0001,17.8,0
2005-08-06 00:00:00,0.164111942,17.7,0,0.0001,17.7,0
2005-08-07 00:00:00,0.157204062,17.6,0,0.0001,17.6,0
2005-08-08 00:00:00,0.155442506,17.5,0,0.0001,17.5,0
2005-08-09 00:00:00,0.156676814,17.4,0,0.0001,17.4,0
2005-08-10 00:00:00,0.15064846,17.3,0,0.0001,17.3,0
2005-08-11 00:00:00,0.145172685,17.2,0,0.0001,17.2,0
2005-08-12 00:00:00,0.138649777,17.1,0,0.0001,17.1,0
2005-08-13 00:00:00,0.131533846,17,0,0.0001,17,0
2005-08-14 00:00:00,0.12884973,16.9,0,0.0001,16.9,0
2005-08-15 00:00:00,0.127052978,16.8,0,0.0001,16.8,0
2005-08-16 00:00:00,0.122525215,16.7,0,0.0001,16.7,0
2005-08-17 00:00:00,0.11985112,16.74666667,0,0.0001,16.74666667,0
2005-08-18 00:00:00,0.120057635,16.79333333,0,0.0001,16.79333333,0
2005-08-19 00:00:00,0.119861528,16.84,0,0.0001,16.84,0
2005-08-20 00:00:00,0.117951766,16.88666667,0,0.0001,16.88666667,0
2005-08-21 00:00:00,0.115792207,16.93333333,0,0.0001,16.93333333,0
2005-08-22 00:00:00,0.11584042,16.98,0,0.0001,16.98,0
2005-08-23 00:00:00,0.114102952,17.02666667,0,0.0001,17.02666667,0
2005-08-24 00:00:00,0.110826217,17.07333333,0,0.0001,17.07333333,0
2005-08-25 00:00:00,0.120533913,17.12,0,0.0001,17.12,0
2005-08-26 00:00:00,0.127076223,17.16666667,0,0.0001,17.16666667,0
2005-08-27 00:00:00,0.129087016,17.21333333,0,0.0001,17.21333333,0
2005-08-28 00:00:00,0.127002284,17.26,0,0.0001,17.26,0
2005-08-29 00:00:00,0.124702856,17.30666667,0,0.0001,17.30666667,0
2005-08-30 00:00:00,0.127068788,17.35333333,0,0.0001,17.35333333,0
2005-08-31 00:00:00,0.127060428,17.4,0,0.0001,17.4,0
2005-09-01 00:00:00,0.124716021,17.44615385,0,0.0001,17.44615385,0
2005-09-02 00:00:00,0.121075988,17.49230769,0,0.0001,17.49230769,0
2005-09-03 00:00:00,0.117281519,17.53846154,0,0.0001,17.53846154,0
2005-09-04 00:00:00,0.115451925,17.58461538,0,0.0001,17.58461538,0
2005-09-05 00:00:00,0.114014693,17.63076923,0,0.0001,17.63076923,0
2005-09-06 00:00:00,0.112409294,17.67692308,0,0.0001,17.67692308,0
2005-09-07 00:00:00,0.108983792,17.72307692,0,0.0001,17.72307692,0
2005-09-08 00:00:00,0.106133603,17.76923077,0,0.0001,17.76923077,0
2005-09-09 00:00:00,0.106250741,17.81538462,0,0.0001,17.81538462,0
2005-09-10 00:00:00,0.10424979,17.86153846,0,0.0001,17.86153846,0
2005-09-11 00:00:00,0.10169027,17.90769231,0,0.0001,17.90769231,0
2005-09-12 00:00:00,0.096989371,17.95384615,0,0.0001,17.95384615,0
2005-09-13 00:00:00,0.093062215,18,0,0.0001,18,0
2005-09-14 00:00:00,0.093002975,17.81333333,0,0.0001,17.81333333,0
2005-09-15 00:00:00,0.092100583,17.62666667,0,0.0001,17.62666667,0
2005-09-16 00:00:00,0.092249095,17.44,0,0.0001,17.44,0
2005-09-17 00:00:00,0.090745635,17.25333333,0,0.0001,17.25333333,0
2005-09-18 00:00:00,0.08658804,17.06666667,0,0.0001,17.06666667,0
2005-09-19 00:00:00,0.086819768,16.88,0,0.0001,16.88,0
2005-09-20 00:00:00,0.086732574,16.69333333,0,0.0001,16.69333333,0
2005-09-21 00:00:00,0.087149367,16.50666667,0,0.0001,16.50666667,0
2005-09-22 00:00:00,0.088041276,16.32,0,0.0001,16.32,0
2005-09-23 00:00:00,0.08899574,16.13333333,0,0.0001,16.13333333,0
2005-09-24 00:00:00,0.088854678,15.94666667,0,0.0001,15.94666667,0
2005-09-25 00:00:00,0.089198321,15.76,0,0.0001,15.76,0
2005-09-26 00:00:00,0.090352133,15.57333333,0,0.0001,15.57333333,0
2005-09-27 00:00:00,0.09245088,15.38666667,0,0.0001,15.38666667,0
2005-09-28 00:00:00,0.101429313,15.2,0,0.0001,15.2,0
2005-09-29 00:00:00,0.108397484,15.06428571,0,0.0001,15.06428571,0
2005-09-30 00:00:00,0.115037419,14.92857143,0,0.0001,14.92857143,0
2005-10-01 00:00:00,0.126599357,14.79285714,0,0.0001,14.79285714,0
2005-10-02 00:00:00,0.131489024,14.65714286,0,0.0001,14.65714286,0
2005-10-03 00:00:00,0.129193649,14.52142857,0,0.0001,14.52142857,0
2005-10-04 00:00:00,0.131618813,14.38571429,0,0.0001,14.38571429,0
2005-10-05 00:00:00,0.131728292,14.25,0,0.0001,14.25,0
2005-10-06 00:00:00,0.130680576,14.11428571,0,0.0001,14.11428571,0
2005-10-07 00:00:00,0.12908268,13.97857143,0,0.0001,13.97857143,0
2005-10-08 00:00:00,0.12774381,13.84285714,0,0.0001,13.84285714,0
2005-10-09 00:00:00,0.128220618,13.70714286,0,0.0001,13.70714286,0
2005-10-10 00:00:00,0.128819615,13.57142857,0,0.0001,13.57142857,0
2005-10-11 00:00:00,0.128780857,13.43571429,0,0.0001,13.43571429,0
2005-10-12 00:00:00,0.126229107,13.3,0,0.0001,13.3,0
2005-10-13 00:00:00,0.123615824,13.16428571,0,0.0001,13.16428571,0
2005-10-14 00:00:00,0.121011585,13.02857143,0,0.0001,13.02857143,0
2005-10-15 00:00:00,0.119008377,12.89285714,0,0.0001,12.89285714,0
2005-10-16 00:00:00,0.116531163,12.75714286,0,0.0001,12.75714286,0
2005-10-17 00:00:00,0.115171984,12.62142857,0,0.0001,12.62142857,0
2005-10-18 00:00:00,0.113492876,12.48571429,0,0.0001,12.48571429,0
2005-10-19 00:00:00,0.111388281,12.35,0,0.0001,12.35,0
2005-10-20 00:00:00,0.110462233,12.21428571,0,0.0001,12.21428571,0
2005-10-21 00:00:00,0.112410292,12.07857143,0,0.0001,12.07857143,0
2005-10-22 00:00:00,0.141148522,11.94285714,0,0.0001,11.94285714,0
2005-10-23 00:00:00,0.149116009,11.80714286,0,0.0001,11.80714286,0
2005-10-24 00:00:00,0.14945057,11.67142857,0,0.0001,11.67142857,0
2005-10-25 00:00:00,0.19816193,11.53571429,0,0.0001,11.53571429,0
2005-10-26 00:00:00,0.236341491,11.4,0,0.0001,11.4,0
2005-10-27 00:00:00,0.250974923,11.27037037,0,0.0001,11.27037037,0
2005-10-28 00:00:00,0.256411344,11.14074074,0,0.0001,11.14074074,0
2005-10-29 00:00:00,0.252873152,11.01111111,0,0.0001,11.01111111,0
2005-10-30 00:00:00,0.248382866,10.88148148,0,0.0001,10.88148148,0
2005-10-31 00:00:00,0.244608328,10.75185185,0,0.0001,10.75185185,0
2005-11-01 00:00:00,0.244073629,10.62222222,0,0.0001,10.62222222,0
2005-11-02 00:00:00,0.244517997,10.49259259,0,0.0001,10.49259259,0
2005-11-03 00:00:00,0.274003148,10.36296296,0,0.0001,10.36296296,0
2005-11-04 00:00:00,0.297387809,10.23333333,0,0.0001,10.23333333,0
2005-11-05 00:00:00,0.310735464,10.1037037,0,0.0001,10.1037037,0
2005-11-06 00:00:00,0.316876918,9.974074074,0,0.0001,9.974074074,0
2005-11-07 00:00:00,0.319735795,9.844444444,0,0.0001,9.844444444,0
2005-11-08 00:00:00,0.317502439,9.714814815,0,0.0001,9.714814815,0
2005-11-09 00:00:00,0.310853302,9.585185185,0,0.0001,9.585185185,0
2005-11-10 00:00:00,0.302037716,9.455555556,0,0.0001,9.455555556,0
2005-11-11 00:00:00,0.303514957,9.325925926,0,0.0001,9.325925926,0
2005-11-12 00:00:00,0.311421812,9.196296296,0,0.0001,9.196296296,0
2005-11-13 00:00:00,0.308937013,9.066666667,0,0.0001,9.066666667,0
2005-11-14 00:00:00,0.301048726,8.937037037,0,0.0001,8.937037037,0
2005-11-15 00:00:00,0.309487462,8.807407407,0,0.0001,8.807407407,0
2005-11-16 00:00:00,0.30600068,8.677777778,0,0.0001,8.677777778,0
2005-11-17 00:00:00,0.300772935,8.548148148,0,0.0001,8.548148148,0
2005-11-18 00:00:00,0.292141587,8.418518519,0,0.0001,8.418518519,0
2005-11-19 00:00:00,0.283089727,8.288888889,0,0.0001,8.288888889,0
2005-11-20 00:00:00,0.27375105,8.159259259,0,0.0001,8.159259259,0
2005-11-21 00:00:00,0.273350626,8.02962963,0,0.0001,8.02962963,0
2005-11-22 00:00:00,0.265514344,7.9,0,0.0001,7.9,0
2005-11-23 00:00:00,0.260330886,7.790909091,0,0.0001,7.790909091,0
2005-11-24 00:00:00,0.262800455,7.681818182,0,0.0001,7.681818182,0
2005-11-25 00:00:00,0.309381485,7.572727273,0,0.0001,7.572727273,0
2005-11-26 00:00:00,0.338733941,7.463636364,0,0.0001,7.463636364,0
2005-11-27 00:00:00,0.358247042,7.354545455,0,0.0001,7.354545455,0
2005-11-28 00:00:00,0.36761421,7.245454545,0,0.0001,7.245454545,0
2005-11-29 00:00:00,0.367140085,7.136363636,0,0.0001,7.136363636,0
2005-11-30 00:00:00,0.359845728,7.027272727,0,0.0001,7.027272727,0
2005-12-01 00:00:00,0.350771785,6.918181818,0,0.0001,6.918181818,0
2005-12-02 00:00:00,0.339446604,6.809090909,0,0.0001,6.809090909,0
2005-12-03 00:00:00,0.324772447,6.7,0,0.0001,6.7,0
2005-12-04 00:00:00,0.314056307,6.590909091,0,0.0001,6.590909091,0
2005-12-05 00:00:00,0.315325081,6.481818182,0,0.0001,6.481818182,0
2005-12-06 00:00:00,0.328535676,6.372727273,0,0.0001,6.372727273,0
2005-12-07 00:00:00,0.334342211,6.263636364,0,0.0001,6.263636364,0
2005-12-08 00:00:00,0.339537859,6.154545455,0,0.0001,6.154545455,0
2005-12-09 00:00:00,0.339681864,6.045454545,0,0.0001,6.045454545,0
2005-12-10 00:00:00,0.333942205,5.936363636,0,0.0001,5.936363636,0
2005-12-11 00:00:00,0.329137236,5.827272727,0,0.0001,5.827272727,0
2005-12-12 00:00:00,0.32557711,5.718181818,0,0.0001,5.718181818,0
2005-12-13 00:00:00,0.320731521,5.609090909,0,0.0001,5.609090909,0
2005-12-14 00:00:00,0.326645762,5.5,0,0.0001,5.5,0
2005-12-15 00:00:00,0.331475735,5.357142857,0,0.0001,5.357142857,0
2005-12-16 00:00:00,0.349282384,5.214285714,0,0.0001,5.214285714,0
2005-12-17 00:00:00,0.354813069,5.071428571,0,0.0001,5.071428571,0
2005-12-18 00:00:00,0.351163208,4.928571429,0,0.0001,4.928571429,0
2005-12-19 00:00:00,0.353649318,4.785714286,0,0.0001,4.785714286,0
2005-12-20 00:00:00,0.356718689,4.642857143,0,0.0001,4.642857143,0
2005-12-21 00:00:00,0.359033138,4.5,0,0.0001,4.5,0
2005-12-22 00:00:00,0.369352877,4.357142857,0,0.0001,4.357142857,0
2005-12-23 00:00:00,0.375724643,4.214285714,0,0.0001,4.214285714,0
2005-12-24 00:00:00,0.388927191,4.071428571,0,0.0001,4.071428571,0
2005-12-25 00:00:00,0.395243406,3.928571429,0,0.0001,3.928571429,0
2005-12-26 00:00:00,0.396479011,3.785714286,0,0.0001,3.785714286,0
2005-12-27 00:00:00,0.385992199,3.642857143,0,0.0001,3.642857143,0
2005-12-28 00:00:00,0.372340769,3.5,0,0.0001,3.5,0
2005-12-29 00:00:00,0.367287666,3.357142857,0,0.0001,3.357142857,0
2005-12-30 00:00:00,0.367113203,3.214285714,0,0.0001,3.214285714,0
2005-12-31 00:00:00,0.357331127,3.071428571,0,0.0001,3.071428571,0
2006-01-01 00:00:00,0.339675844,2.928571429,0,0.0001,2.928571429,0
2006-01-02 00:00:00,0.326851875,2.785714286,0,0.0001,2.785714286,0
2006-01-03 00:00:00,0.314262807,2.642857143,0,0.0001,2.642857143,0
2006-01-04 00:00:00,0.301353782,2.5,0,0.0001,2.5,0
2006-01-05 00:00:00,0.289453506,2.48125,0,0.0001,2.48125,0
2006-01-06 00:00:00,0.280646116,2.4625,0,0.0001,2.4625,0
2006-01-07 00:00:00,0.273760647,2.44375,0,0.0001,2.44375,0
2006-01-08 00:00:00,0.267280042,2.425,0,0.0001,2.425,0
2006-01-09 00:00:00,0.260514915,2.40625,0,0.0001,2.40625,0
2006-01-10 00:00:00,0.253653646,2.3875,0,0.0001,2.3875,0
2006-01-11 00:00:00,0.266708106,2.36875,0,0.0001,2.36875,0
2006-01-12 00:00:00,0.308685511,2.35,0,0.0001,2.35,0
2006-01-13 00:00:00,0.345267922,2.33125,0,0.0001,2.33125,0
2006-01-14 00:00:00,0.362094522,2.3125,0,0.0001,2.3125,0
2006-01-15 00:00:00,0.3674227,2.29375,0,0.0001,2.29375,0
2006-01-16 00:00:00,0.363822848,2.275,0,0.0001,2.275,0
2006-01-17 00:00:00,0.358443618,2.25625,0,0.0001,2.25625,0
2006-01-18 00:00:00,0.359172851,2.2375,0,0.0001,2.2375,0
2006-01-19 00:00:00,0.359788686,2.21875,0,0.0001,2.21875,0
2006-01-20 00:00:00,0.386796594,2.2,0,0.0001,2.2,0
2006-01-21 00:00:00,0.393550485,2.18125,0,0.0001,2.18125,0
2006-01-22 00:00:00,0.388543457,2.1625,0,0.0001,2.1625,0
2006-01-23 00:00:00,0.37416485,2.14375,0,0.0001,2.14375,0
2006-01-24 00:00:00,0.359438986,2.125,0,0.0001,2.125,0
2006-01-25 00:00:00,0.357416958,2.10625,0,0.0001,2.10625,0
2006-01-26 00:00:00,0.356176704,2.0875,0,0.0001,2.0875,0
2006-01-27 00:00:00,0.347529233,2.06875,0,0.0001,2.06875,0
2006-01-28 00:00:00,0.334496439,2.05,0,0.0001,2.05,0
2006-01-29 00:00:00,0.321932375,2.03125,0,0.0001,2.03125,0
2006-01-30 00:00:00,0.309468091,2.0125,0,0.0001,2.0125,0
2006-01-31 00:00:00,0.302923471,1.99375,0,0.0001,1.99375,0
2006-02-01 00:00:00,0.301918983,1.975,0,0.0001,1.975,0
2006-02-02 00:00:00,0.305827826,1.95625,0,0.0001,1.95625,0
2006-02-03 00:00:00,0.31987679,1.9375,0,0.0001,1.9375,0
2006-02-04 00:00:00,0.33552295,1.91875,0,0.0001,1.91875,0
2006-02-05 00:00:00,0.345493764,1.9,0,0.0001,1.9,0
2006-02-06 00:00:00,0.375980854,1.88125,0,0.0001,1.88125,0
2006-02-07 00:00:00,0.485098779,1.8625,0,0.0001,1.8625,0
2006-02-08 00:00:00,0.631418407,1.84375,0,0.0001,1.84375,0
2006-02-09 00:00:00,0.814930797,1.825,0,0.0001,1.825,0
2006-02-10 00:00:00,0.953595281,1.80625,0,0.0001,1.80625,0
2006-02-11 00:00:00,1.022819161,1.7875,0,0.0001,1.7875,0
2006-02-12 00:00:00,1.03955555,1.76875,0,0.0001,1.76875,0
2006-02-13 00:00:00,1.022439957,1.75,0,0.0001,1.75,0
2006-02-14 00:00:00,0.986157954,1.73125,0,0.0001,1.73125,0
2006-02-15 00:00:00,0.947546005,1.7125,0,0.0001,1.7125,0
2006-02-16 00:00:00,0.935874701,1.69375,0,0.0001,1.69375,0
2006-02-17 00:00:00,0.958424151,1.675,0,0.0001,1.675,0
2006-02-18 00:00:00,1.001994491,1.65625,0,0.0001,1.65625,0
2006-02-19 00:00:00,1.067116976,1.6375,0,0.0001,1.6375,0
2006-02-20 00:00:00,1.111940145,1.61875,0,0.0001,1.61875,0
2006-02-21 00:00:00,1.11800611,1.6,0,0.0001,1.6,0
2006-02-22 00:00:00,1.088718176,1.592857143,0,0.0001,1.592857143,0
2006-02-23 00:00:00,1.052162051,1.585714286,0,0.0001,1.585714286,0
2006-02-24 00:00:00,1.007221818,1.578571429,0,0.0001,1.578571429,0
2006-02-25 00:00:00,0.956854939,1.571428571,0,0.0001,1.571428571,0
2006-02-26 00:00:00,0.906811833,1.564285714,0,0.0001,1.564285714,0
2006-02-27 00:00:00,0.858644307,1.557142857,0,0.0001,1.557142857,0
2006-02-28 00:00:00,0.817264199,1.55,0,0.0001,1.55,0
2006-03-01 00:00:00,0.778182864,1.542857143,0,0.0001,1.542857143,0
2006-03-02 00:00:00,0.746554077,1.535714286,0,0.0001,1.535714286,0
2006-03-03 00:00:00,0.708273888,1.528571429,0,0.0001,1.528571429,0
2006-03-04 00:00:00,0.673802912,1.521428571,0,0.0001,1.521428571,0
2006-03-05 00:00:00,0.645165563,1.514285714,0,0.0001,1.514285714,0
2006-03-06 00:00:00,0.615531981,1.507142857,0,0.0001,1.507142857,0
2006-03-07 00:00:00,0.58805865,1.5,0,0.0001,1.5,0
2006-03-08 00:00:00,0.561043262,1.54375,0,0.0001,1.54375,0
2006-03-09 00:00:00,0.53884095,1.5875,0,0.0001,1.5875,0
2006-03-10 00:00:00,0.519465983,1.63125,0,0.0001,1.63125,0
2006-03-11 00:00:00,0.494584441,1.675,0,0.0001,1.675,0
2006-03-12 00:00:00,0.466449469,1.71875,0,0.0001,1.71875,0
2006-03-13 00:00:00,0.441645652,1.7625,0,0.0001,1.7625,0
2006-03-14 00:00:00,0.420279026,1.80625,0,0.0001,1.80625,0
2006-03-15 00:00:00,0.398387194,1.85,0,0.0001,1.85,0
2006-03-16 00:00:00,0.383155257,1.89375,0,0.0001,1.89375,0
2006-03-17 00:00:00,0.369995058,1.9375,0,0.0001,1.9375,0
2006-03-18 00:00:00,0.356722951,1.98125,0,0.0001,1.98125,0
2006-03-19 00:00:00,0.347827643,2.025,0,0.0001,2.025,0
2006-03-20 00:00:00,0.348319411,2.06875,0,0.0001,2.06875,0
2006-03-21 00:00:00,0.345430642,2.1125,0,0.0001,2.1125,0
2006-03-22 00:00:00,0.33947292,2.15625,0,0.0001,2.15625,0
2006-03-23 00:00:00,0.332845449,2.2,0,0.0001,2.2,0
2006-03-24 00:00:00,0.32475391,2.283333333,0,0.0001,2.283333333,0
2006-03-25 00:00:00,0.315567583,2.366666667,0,0.0001,2.366666667,0
2006-03-26 00:00:00,0.328856885,2.45,0,0.0001,2.45,0
2006-03-27 00:00:00,0.382942319,2.533333333,0,0.0001,2.533333333,0
2006-03-28 00:00:00,0.491604984,2.616666667,0,0.0001,2.616666667,0
2006-03-29 00:00:00,0.554055214,2.7,0,0.0001,2.7,0
2006-03-30 00:00:00,0.592786193,2.783333333,0,0.0001,2.783333333,0
2006-03-31 00:00:00,0.631651402,2.866666667,0,0.0001,2.866666667,0
2006-04-01 00:00:00,0.654647171,2.95,0,0.0001,2.95,0
2006-04-02 00:00:00,0.666926146,3.033333333,0,0.0001,3.033333333,0
2006-04-03 00:00:00,0.669340849,3.116666667,0,0.0001,3.116666667,0
2006-04-04 00:00:00,0.670778632,3.2,0,0.0001,3.2,0
2006-04-05 00:00:00,0.682111204,3.3,0,0.0001,3.3,0
2006-04-06 00:00:00,0.692291439,3.4,0,0.0001,3.4,0
2006-04-07 00:00:00,0.705442011,3.5,0,0.0001,3.5,0
2006-04-08 00:00:00,0.7177881,3.6,0,0.0001,3.6,0
2006-04-09 00:00:00,0.736176431,3.7,0,0.0001,3.7,0
2006-04-10 00:00:00,0.743084192,3.8,0,0.0001,3.8,0
2006-04-11 00:00:00,0.738250613,3.9,0,0.0001,3.9,0
2006-04-12 00:00:00,0.743963659,4,0,0.0001,4,0
2006-04-13 00:00:00,0.751910448,4.1,0,0.0001,4.1,0
2006-04-14 00:00:00,0.763390899,4.2,0,0.0001,4.2,0
2006-04-15 00:00:00,0.764721513,4.3,0,0.0001,4.3,0
2006-04-16 00:00:00,0.754870951,4.4,0,0.0001,4.4,0
2006-04-17 00:00:00,0.742083609,4.5,0,0.0001,4.5,0
2006-04-18 00:00:00,0.726830721,4.6,0,0.0001,4.6,0
2006-04-19 00:00:00,0.709268272,4.7,0,0.0001,4.7,0
2006-04-20 00:00:00,0.700078547,5.184615385,0,0.0001,5.184615385,0
2006-04-21 00:00:00,0.694205642,5.669230769,0,0.0001,5.669230769,0
2006-04-22 00:00:00,0.722997189,6.153846154,0,0.0001,6.153846154,0
2006-04-23 00:00:00,0.732810199,6.638461538,0,0.0001,6.638461538,0
2006-04-24 00:00:00,0.727367163,7.123076923,0,0.0001,7.123076923,0
2006-04-25 00:00:00,0.706656039,7.607692308,0,0.0001,7.607692308,0
2006-04-26 00:00:00,0.680478573,8.092307692,0,0.0001,8.092307692,0
2006-04-27 00:00:00,0.652682483,8.576923077,0,0.0001,8.576923077,0
2006-04-28 00:00:00,0.625464499,9.061538462,0,0.0001,9.061538462,0
2006-04-29 00:00:00,0.636777282,9.546153846,0,0.0001,9.546153846,0
2006-04-30 00:00:00,0.638558567,10.03076923,0,0.0001,10.03076923,0
2006-05-01 00:00:00,0.634237885,10.51538462,0,0.0001,10.51538462,0
2006-05-02 00:00:00,0.625249922,11,0,0.0001,11,0
2006-05-03 00:00:00,0.609038591,11.02857143,0,0.0001,11.02857143,0
2006-05-04 00:00:00,0.589893937,11.05714286,0,0.0001,11.05714286,0
2006-05-05 00:00:00,0.566027045,11.08571429,0,0.0001,11.08571429,0
2006-05-06 00:00:00,0.543632388,11.11428571,0,0.0001,11.11428571,0
2006-05-07 00:00:00,0.522432745,11.14285714,0,0.0001,11.14285714,0
2006-05-08 00:00:00,0.501270831,11.17142857,0,0.0001,11.17142857,0
2006-05-09 00:00:00,0.473450869,11.2,0,0.0001,11.2,0
2006-05-10 00:00:00,0.447034329,11.22857143,0,0.0001,11.22857143,0
2006-05-11 00:00:00,0.420872241,11.25714286,0,0.0001,11.25714286,0
2006-05-12 00:00:00,0.395629197,11.28571429,0,0.0001,11.28571429,0
2006-05-13 00:00:00,0.375297815,11.31428571,0,0.0001,11.31428571,0
2006-05-14 00:00:00,0.352233678,11.34285714,0,0.0001,11.34285714,0
2006-05-15 00:00:00,0.336254716,11.37142857,0,0.0001,11.37142857,0
2006-05-16 00:00:00,0.350323379,11.4,0,0.0001,11.4,0
2006-05-17 00:00:00,0.352472007,11.44666667,0,0.0001,11.44666667,0
2006-05-18 00:00:00,0.362504065,11.49333333,0,0.0001,11.49333333,0
2006-05-19 00:00:00,0.388048738,11.54,0,0.0001,11.54,0
2006-05-20 00:00:00,0.427505881,11.58666667,0,0.0001,11.58666667,0
2006-05-21 00:00:00,0.478324771,11.63333333,0,0.0001,11.63333333,0
2006-05-22 00:00:00,0.529854894,11.68,0,0.0001,11.68,0
2006-05-23 00:00:00,0.599685371,11.72666667,0,0.0001,11.72666667,0
2006-05-24 00:00:00,0.635873854,11.77333333,0,0.0001,11.77333333,0
2006-05-25 00:00:00,0.688701391,11.82,0,0.0001,11.82,0
2006-05-26 00:00:00,0.715995491,11.86666667,0,0.0001,11.86666667,0
2006-05-27 00:00:00,0.722223938,11.91333333,0,0.0001,11.91333333,0
2006-05-28 00:00:00,0.745254099,11.96,0,0.0001,11.96,0
2006-05-29 00:00:00,0.755788505,12.00666667,0,0.0001,12.00666667,0
2006-05-30 00:00:00,0.749974728,12.05333333,0,0.0001,12.05333333,0
2006-05-31 00:00:00,0.728919148,12.1,0,0.0001,12.1,0
2006-06-01 00:00:00,0.701436758,12.65333333,0,0.0001,12.65333333,0
2006-06-02 00:00:00,0.668924689,13.20666667,0,0.0001,13.20666667,0
2006-06-03 00:00:00,0.63526994,13.76,0,0.0001,13.76,0
2006-06-04 00:00:00,0.605025232,14.31333333,0,0.0001,14.31333333,0
2006-06-05 00:00:00,0.579001188,14.86666667,0,0.0001,14.86666667,0
2006-06-06 00:00:00,0.552735448,15.42,0,0.0001,15.42,0
2006-06-07 00:00:00,0.526262462,15.97333333,0,0.0001,15.97333333,0
2006-06-08 00:00:00,0.500829101,16.52666667,0,0.0001,16.52666667,0
2006-06-09 00:00:00,0.469046324,17.08,0,0.0001,17.08,0
2006-06-10 00:00:00,0.442494035,17.63333333,0,0.0001,17.63333333,0
2006-06-11 00:00:00,0.416085422,18.18666667,0,0.0001,18.18666667,0
2006-06-12 00:00:00,0.392408103,18.74,0,0.0001,18.74,0
2006-06-13 00:00:00,0.368054926,19.29333333,0,0.0001,19.29333333,0
2006-06-14 00:00:00,0.346538633,19.84666667,0,0.0001,19.84666667,0
2006-06-15 00:00:00,0.332671881,20.4,0,0.0001,20.4,0
2006-06-16 00:00:00,0.313842893,20.19230769,0,0.0001,20.19230769,0
2006-06-17 00:00:00,0.297916025,19.98461538,0,0.0001,19.98461538,0
2006-06-18 00:00:00,0.282937348,19.77692308,0,0.0001,19.77692308,0
2006-06-19 00:00:00,0.269418001,19.56923077,0,0.0001,19.56923077,0
2006-06-20 00:00:00,0.252325475,19.36153846,0,0.0001,19.36153846,0
2006-06-21 00:00:00,0.238124341,19.15384615,0,0.0001,19.15384615,0
2006-06-22 00:00:00,0.225396141,18.94615385,0,0.0001,18.94615385,0
2006-06-23 00:00:00,0.213731661,18.73846154,0,0.0001,18.73846154,0
2006-06-24 00:00:00,0.203571931,18.53076923,0,0.0001,18.53076923,0
2006-06-25 00:00:00,0.193412215,18.32307692,0,0.0001,18.32307692,0
2006-06-26 00:00:00,0.192905933,18.11538462,0,0.0001,18.11538462,0
2006-06-27 00:00:00,0.199101165,17.90769231,0,0.0001,17.90769231,0
2006-06-28 00:00:00,0.189535081,17.7,0,0.0001,17.7,0
2006-06-29 00:00:00,0.183366835,17.99230769,0,0.0001,17.99230769,0
2006-06-30 00:00:00,0.177718952,18.28461538,0,0.0001,18.28461538,0
2006-07-01 00:00:00,0.171306863,18.57692308,0,0.0001,18.57692308,0
2006-07-02 00:00:00,0.164536014,18.86923077,0,0.0001,18.86923077,0
2006-07-03 00:00:00,0.158535659,19.16153846,0,0.0001,19.16153846,0
2006-07-04 00:00:00,0.149871007,19.45384615,0,0.0001,19.45384615,0
2006-07-05 00:00:00,0.14075543,19.74615385,0,0.0001,19.74615385,0
2006-07-06 00:00:00,0.1340933,20.03846154,0,0.0001,20.03846154,0
2006-07-07 00:00:00,0.131146327,20.33076923,0,0.0001,20.33076923,0
2006-07-08 00:00:00,0.123583257,20.62307692,0,0.0001,20.62307692,0
2006-07-09 00:00:00,0.117698729,20.91538462,0,0.0001,20.91538462,0
2006-07-10 00:00:00,0.111807197,21.20769231,0,0.0001,21.20769231,0
2006-07-11 00:00:00,0.114334427,21.5,0,0.0001,21.5,0
2006-07-12 00:00:00,0.118426286,21.63571429,0,0.0001,21.63571429,0
2006-07-13 00:00:00,0.113154523,21.77142857,0,0.0001,21.77142857,0
2006-07-14 00:00:00,0.10565614,21.90714286,0,0.0001,21.90714286,0
2006-07-15 00:00:00,0.10112188,22.04285714,0,0.0001,22.04285714,0
2006-07-16 00:00:00,0.095900938,22.17857143,0,0.0001,22.17857143,0
2006-07-17 00:00:00,0.08894071,22.31428571,0,0.0001,22.31428571,0
2006-07-18 00:00:00,0.082412012,22.45,0,0.0001,22.45,0
2006-07-19 00:00:00,0.080491386,22.58571429,0,0.0001,22.58571429,0
2006-07-20 00:00:00,0.077983424,22.72142857,0,0.0001,22.72142857,0
2006-07-21 00:00:00,0.071251392,22.85714286,0,0.0001,22.85714286,0
2006-07-22 00:00:00,0.066615559,22.99285714,0,0.0001,22.99285714,0
2006-07-23 00:00:00,0.066163629,23.12857143,0,0.0001,23.12857143,0
2006-07-24 00:00:00,0.060760912,23.26428571,0,0.0001,23.26428571,0
2006-07-25 00:00:00,0.055274997,23.4,0,0.0001,23.4,0
2006-07-26 00:00:00,0.053555414,23.25333333,0,0.0001,23.25333333,0
2006-07-27 00:00:00,0.050854307,23.10666667,0,0.0001,23.10666667,0
2006-07-28 00:00:00,0.049511898,22.96,0,0.0001,22.96,0
2006-07-29 00:00:00,0.050020386,22.81333333,0,0.0001,22.81333333,0
2006-07-30 00:00:00,0.047468573,22.66666667,0,0.0001,22.66666667,0
2006-07-31 00:00:00,0.055053912,22.52,0,0.0001,22.52,0
2006-08-01 00:00:00,0.060009778,22.37333333,0,0.0001,22.37333333,0
2006-08-02 00:00:00,0.063571535,22.22666667,0,0.0001,22.22666667,0
2006-08-03 00:00:00,0.064297296,22.08,0,0.0001,22.08,0
2006-08-04 00:00:00,0.066170655,21.93333333,0,0.0001,21.93333333,0
2006-08-05 00:00:00,0.06362886,21.78666667,0,0.0001,21.78666667,0
2006-08-06 00:00:00,0.060393553,21.64,0,0.0001,21.64,0
2006-08-07 00:00:00,0.055853598,21.49333333,0,0.0001,21.49333333,0
2006-08-08 00:00:00,0.051278122,21.34666667,0,0.0001,21.34666667,0
2006-08-09 00:00:00,0.048691649,21.2,0,0.0001,21.2,0
2006-08-10 00:00:00,0.047577441,21.16923077,0,0.0001,21.16923077,0
2006-08-11 00:00:00,0.048272602,21.13846154,0,0.0001,21.13846154,0
2006-08-12 00:00:00,0.062790461,21.10769231,0,0.0001,21.10769231,0
2006-08-13 00:00:00,0.074518859,21.07692308,0,0.0001,21.07692308,0
2006-08-14 00:00:00,0.096565843,21.04615385,0,0.0001,21.04615385,0
2006-08-15 00:00:00,0.128562465,21.01538462,0,0.0001,21.01538462,0
2006-08-16 00:00:00,0.153921068,20.98461538,0,0.0001,20.98461538,0
2006-08-17 00:00:00,0.158164635,20.95384615,0,0.0001,20.95384615,0
2006-08-18 00:00:00,0.158640727,20.92307692,0,0.0001,20.92307692,0
2006-08-19 00:00:00,0.187047809,20.89230769,0,0.0001,20.89230769,0
2006-08-20 00:00:00,0.229669467,20.86153846,0,0.0001,20.86153846,0
2006-08-21 00:00:00,0.254208446,20.83076923,0,0.0001,20.83076923,0
2006-08-22 00:00:00,0.279523104,20.8,0,0.0001,20.8,0
2006-08-23 00:00:00,0.367521912,20.55,0,0.0001,20.55,0
2006-08-24 00:00:00,0.4403117,20.3,0,0.0001,20.3,0
2006-08-25 00:00:00,0.491237134,20.05,0,0.0001,20.05,0
2006-08-26 00:00:00,0.50880605,19.8,0,0.0001,19.8,0
2006-08-27 00:00:00,0.511144638,19.55,0,0.0001,19.55,0
2006-08-28 00:00:00,0.497588009,19.3,0,0.0001,19.3,0
2006-08-29 00:00:00,0.477688938,19.05,0,0.0001,19.05,0
2006-08-30 00:00:00,0.453490168,18.8,0,0.0001,18.8,0
2006-08-31 00:00:00,0.422237873,18.55,0,0.0001,18.55,0
2006-09-01 00:00:00,0.400215417,18.3,0,0.0001,18.3,0
2006-09-02 00:00:00,0.377346635,18.05,0,0.0001,18.05,0
2006-09-03 00:00:00,0.364966333,17.8,0,0.0001,17.8,0
2006-09-04 00:00:00,0.339989275,17.55,0,0.0001,17.55,0
2006-09-05 00:00:00,0.311120093,17.3,0,0.0001,17.3,0
2006-09-06 00:00:00,0.290272117,17.32857143,0,0.0001,17.32857143,0
2006-09-07 00:00:00,0.274014205,17.35714286,0,0.0001,17.35714286,0
2006-09-08 00:00:00,0.25289318,17.38571429,0,0.0001,17.38571429,0
2006-09-09 00:00:00,0.232893169,17.41428571,0,0.0001,17.41428571,0
2006-09-10 00:00:00,0.219170138,17.44285714,0,0.0001,17.44285714,0
2006-09-11 00:00:00,0.207496956,17.47142857,0,0.0001,17.47142857,0
2006-09-12 00:00:00,0.196117997,17.5,0,0.0001,17.5,0
2006-09-13 00:00:00,0.187127426,17.52857143,0,0.0001,17.52857143,0
2006-09-14 00:00:00,0.177149907,17.55714286,0,0.0001,17.55714286,0
2006-09-15 00:00:00,0.165621117,17.58571429,0,0.0001,17.58571429,0
2006-09-16 00:00:00,0.15618217,17.61428571,0,0.0001,17.61428571,0
2006-09-17 00:00:00,0.148658067,17.64285714,0,0.0001,17.64285714,0
2006-09-18 00:00:00,0.145106018,17.67142857,0,0.0001,17.67142857,0
2006-09-19 00:00:00,0.139580145,17.7,0,0.0001,17.7,0
2006-09-20 00:00:00,0.139379457,17.59090909,0,0.0001,17.59090909,0
2006-09-21 00:00:00,0.136620313,17.48181818,0,0.0001,17.48181818,0
2006-09-22 00:00:00,0.132465407,17.37272727,0,0.0001,17.37272727,0
2006-09-23 00:00:00,0.127083212,17.26363636,0,0.0001,17.26363636,0
2006-09-24 00:00:00,0.12317767,17.15454545,0,0.0001,17.15454545,0
2006-09-25 00:00:00,0.120538056,17.04545455,0,0.0001,17.04545455,0
2006-09-26 00:00:00,0.117967211,16.93636364,0,0.0001,16.93636364,0
2006-09-27 00:00:00,0.117050931,16.82727273,0,0.0001,16.82727273,0
2006-09-28 00:00:00,0.116721615,16.71818182,0,0.0001,16.71818182,0
2006-09-29 00:00:00,0.115872458,16.60909091,0,0.0001,16.60909091,0
2006-09-30 00:00:00,0.116424881,16.5,0,0.0001,16.5,0
2006-10-01 00:00:00,0.117360264,16.39090909,0,0.0001,16.39090909,0
2006-10-02 00:00:00,0.132665053,16.28181818,0,0.0001,16.28181818,0
2006-10-03 00:00:00,0.135100111,16.17272727,0,0.0001,16.17272727,0
2006-10-04 00:00:00,0.132958308,16.06363636,0,0.0001,16.06363636,0
2006-10-05 00:00:00,0.130941808,15.95454545,0,0.0001,15.95454545,0
2006-10-06 00:00:00,0.138257697,15.84545455,0,0.0001,15.84545455,0
2006-10-07 00:00:00,0.149643973,15.73636364,0,0.0001,15.73636364,0
2006-10-08 00:00:00,0.149439856,15.62727273,0,0.0001,15.62727273,0
2006-10-09 00:00:00,0.149759397,15.51818182,0,0.0001,15.51818182,0
2006-10-10 00:00:00,0.148464143,15.40909091,0,0.0001,15.40909091,0
2006-10-11 00:00:00,0.147560075,15.3,0,0.0001,15.3,0
2006-10-12 00:00:00,0.145009011,15.10740741,0,0.0001,15.10740741,0
2006-10-13 00:00:00,0.142620414,14.91481481,0,0.0001,14.91481481,0
2006-10-14 00:00:00,0.139102519,14.72222222,0,0.0001,14.72222222,0
2006-10-15 00:00:00,0.136052832,14.52962963,0,0.0001,14.52962963,0
2006-10-16 00:00:00,0.133678406,14.33703704,0,0.0001,14.33703704,0
2006-10-17 00:00:00,0.130753979,14.14444444,0,0.0001,14.14444444,0
2006-10-18 00:00:00,0.132939622,13.95185185,0,0.0001,13.95185185,0
2006-10-19 00:00:00,0.151838824,13.75925926,0,0.0001,13.75925926,0
2006-10-20 00:00:00,0.161280021,13.56666667,0,0.0001,13.56666667,0
2006-10-21 00:00:00,0.185339198,13.37407407,0,0.0001,13.37407407,0
2006-10-22 00:00:00,0.20600085,13.18148148,0,0.0001,13.18148148,0
2006-10-23 00:00:00,0.254561782,12.98888889,0,0.0001,12.98888889,0
2006-10-24 00:00:00,0.312661976,12.7962963,0,0.0001,12.7962963,0
2006-10-25 00:00:00,0.347868264,12.6037037,0,0.0001,12.6037037,0
2006-10-26 00:00:00,0.383685172,12.41111111,0,0.0001,12.41111111,0
2006-10-27 00:00:00,0.410628557,12.21851852,0,0.0001,12.21851852,0
2006-10-28 00:00:00,0.425891906,12.02592593,0,0.0001,12.02592593,0
2006-10-29 00:00:00,0.454582572,11.83333333,0,0.0001,11.83333333,0
2006-10-30 00:00:00,0.467590898,11.64074074,0,0.0001,11.64074074,0
2006-10-31 00:00:00,0.506942272,11.44814815,0,0.0001,11.44814815,0
2006-11-01 00:00:00,0.540494442,11.25555556,0,0.0001,11.25555556,0
2006-11-02 00:00:00,0.552686036,11.06296296,0,0.0001,11.06296296,0
2006-11-03 00:00:00,0.559624434,10.87037037,0,0.0001,10.87037037,0
2006-11-04 00:00:00,0.553844333,10.67777778,0,0.0001,10.67777778,0
2006-11-05 00:00:00,0.550464749,10.48518519,0,0.0001,10.48518519,0
2006-11-06 00:00:00,0.543808758,10.29259259,0,0.0001,10.29259259,0
2006-11-07 00:00:00,0.532470047,10.1,0,0.0001,10.1,0
2006-11-08 00:00:00,0.530619085,10.02068966,0,0.0001,10.02068966,0
2006-11-09 00:00:00,0.558993697,9.94137931,0,0.0001,9.94137931,0
2006-11-10 00:00:00,0.574800968,9.862068966,0,0.0001,9.862068966,0
2006-11-11 00:00:00,0.594445884,9.782758621,0,0.0001,9.782758621,0
2006-11-12 00:00:00,0.61420089,9.703448276,0,0.0001,9.703448276,0
2006-11-13 00:00:00,0.628725111,9.624137931,0,0.0001,9.624137931,0
2006-11-14 00:00:00,0.648412168,9.544827586,0,0.0001,9.544827586,0
2006-11-15 00:00:00,0.663852751,9.465517241,0,0.0001,9.465517241,0
2006-11-16 00:00:00,0.669146895,9.386206897,0,0.0001,9.386206897,0
2006-11-17 00:00:00,0.672296584,9.306896552,0,0.0001,9.306896552,0
2006-11-18 00:00:00,0.669205666,9.227586207,0,0.0001,9.227586207,0
2006-11-19 00:00:00,0.660857499,9.148275862,0,0.0001,9.148275862,0
2006-11-20 00:00:00,0.646892905,9.068965517,0,0.0001,9.068965517,0
2006-11-21 00:00:00,0.643493891,8.989655172,0,0.0001,8.989655172,0
2006-11-22 00:00:00,0.638925493,8.910344828,0,0.0001,8.910344828,0
2006-11-23 00:00:00,0.637378991,8.831034483,0,0.0001,8.831034483,0
2006-11-24 00:00:00,0.641284585,8.751724138,0,0.0001,8.751724138,0
2006-11-25 00:00:00,0.652530491,8.672413793,0,0.0001,8.672413793,0
2006-11-26 00:00:00,0.665449262,8.593103448,0,0.0001,8.593103448,0
2006-11-27 00:00:00,0.668806136,8.513793103,0,0.0001,8.513793103,0
2006-11-28 00:00:00,0.664071977,8.434482759,0,0.0001,8.434482759,0
2006-11-29 00:00:00,0.65103811,8.355172414,0,0.0001,8.355172414,0
2006-11-30 00:00:00,0.632868111,8.275862069,0,0.0001,8.275862069,0
2006-12-01 00:00:00,0.613829136,8.196551724,0,0.0001,8.196551724,0
2006-12-02 00:00:00,0.614012003,8.117241379,0,0.0001,8.117241379,0
2006-12-03 00:00:00,0.640928566,8.037931034,0,0.0001,8.037931034,0
2006-12-04 00:00:00,0.689305961,7.95862069,0,0.0001,7.95862069,0
2006-12-05 00:00:00,0.74267596,7.879310345,0,0.0001,7.879310345,0
2006-12-06 00:00:00,0.801921964,7.8,0,0.0001,7.8,0
2006-12-07 00:00:00,0.851267219,7.75,0,0.0001,7.75,0
2006-12-08 00:00:00,0.941992879,7.7,0,0.0001,7.7,0
2006-12-09 00:00:00,1.041754007,7.65,0,0.0001,7.65,0
2006-12-10 00:00:00,1.109682441,7.6,0,0.0001,7.6,0
2006-12-11 00:00:00,1.144633651,7.55,0,0.0001,7.55,0
2006-12-12 00:00:00,1.183884025,7.5,0,0.0001,7.5,0
2006-12-13 00:00:00,1.219912648,7.45,0,0.0001,7.45,0
2006-12-14 00:00:00,1.309452891,7.4,0,0.0001,7.4,0
2006-12-15 00:00:00,1.390851378,7.35,0,0.0001,7.35,0
2006-12-16 00:00:00,1.481301427,7.3,0,0.0001,7.3,0
2006-12-17 00:00:00,1.543017507,7.25,0,0.0001,7.25,0
2006-12-18 00:00:00,1.556992531,7.2,0,0.0001,7.2,0
2006-12-19 00:00:00,1.522420883,7.15,0,0.0001,7.15,0
2006-12-20 00:00:00,1.468035698,7.1,0,0.0001,7.1,0
2006-12-21 00:00:00,1.406324625,7.05,0,0.0001,7.05,0
2006-12-22 00:00:00,1.336558461,7,0,0.0001,7,0
2006-12-23 00:00:00,1.270910978,6.95,0,0.0001,6.95,0
2006-12-24 00:00:00,1.205549955,6.9,0,0.0001,6.9,0
2006-12-25 00:00:00,1.147439957,6.85,0,0.0001,6.85,0
2006-12-26 00:00:00,1.089691758,6.8,0,0.0001,6.8,0
2006-12-27 00:00:00,1.033327579,6.75,0,0.0001,6.75,0
2006-12-28 00:00:00,0.989959896,6.7,0,0.0001,6.7,0
2006-12-29 00:00:00,0.947511017,6.65,0,0.0001,6.65,0
2006-12-30 00:00:00,0.915765643,6.6,0,0.0001,6.6,0
2006-12-31 00:00:00,0.956318378,6.55,0,0.0001,6.55,0
2007-01-01 00:00:00,1.042340517,6.5,0,0.0001,6.5,0
2007-01-02 00:00:00,1.159243464,6.45,0,0.0001,6.45,0
2007-01-03 00:00:00,1.222373128,6.4,0,0.0001,6.4,0
2007-01-04 00:00:00,1.17561388,6.35,0,0.0001,6.35,0
2007-01-05 00:00:00,1.175588489,6.3,0,0.0001,6.3,0
2007-01-06 00:00:00,1.162759304,6.25,0,0.0001,6.25,0
2007-01-07 00:00:00,1.13853538,6.2,0,0.0001,6.2,0
2007-01-08 00:00:00,1.134606838,6.15,0,0.0001,6.15,0
2007-01-09 00:00:00,1.155479074,6.1,0,0.0001,6.1,0
2007-01-10 00:00:00,1.170806646,6.05,0,0.0001,6.05,0
2007-01-11 00:00:00,1.213994265,6,0,0.0001,6,0
2007-01-12 00:00:00,1.357232332,5.924242424,0,0.0001,5.924242424,0
2007-01-13 00:00:00,1.425165176,5.848484848,0,0.0001,5.848484848,0
2007-01-14 00:00:00,1.415213704,5.772727273,0,0.0001,5.772727273,0
2007-01-15 00:00:00,1.401010752,5.696969697,0,0.0001,5.696969697,0
2007-01-16 00:00:00,1.387268186,5.621212121,0,0.0001,5.621212121,0
2007-01-17 00:00:00,1.383037567,5.545454545,0,0.0001,5.545454545,0
2007-01-18 00:00:00,1.448590517,5.46969697,0,0.0001,5.46969697,0
2007-01-19 00:00:00,1.997729421,5.393939394,0,0.0001,5.393939394,0
2007-01-20 00:00:00,2.181913137,5.318181818,0,0.0001,5.318181818,0
2007-01-21 00:00:00,2.399634123,5.242424242,0,0.0001,5.242424242,0
2007-01-22 00:00:00,2.46673727,5.166666667,0,0.0001,5.166666667,0
2007-01-23 00:00:00,2.434247732,5.090909091,0,0.0001,5.090909091,0
2007-01-24 00:00:00,2.349592209,5.015151515,0,0.0001,5.015151515,0
2007-01-25 00:00:00,2.232045412,4.939393939,0,0.0001,4.939393939,0
2007-01-26 00:00:00,2.119153976,4.863636364,0,0.0001,4.863636364,0
2007-01-27 00:00:00,2.014027119,4.787878788,0,0.0001,4.787878788,0
2007-01-28 00:00:00,1.916911244,4.712121212,0,0.0001,4.712121212,0
2007-01-29 00:00:00,1.864398718,4.636363636,0,0.0001,4.636363636,0
2007-01-30 00:00:00,1.798622847,4.560606061,0,0.0001,4.560606061,0
2007-01-31 00:00:00,1.737308979,4.484848485,0,0.0001,4.484848485,0
2007-02-01 00:00:00,1.687499642,4.409090909,0,0.0001,4.409090909,0
2007-02-02 00:00:00,1.626237869,4.333333333,0,0.0001,4.333333333,0
2007-02-03 00:00:00,1.572851658,4.257575758,0,0.0001,4.257575758,0
2007-02-04 00:00:00,1.512892604,4.181818182,0,0.0001,4.181818182,0
2007-02-05 00:00:00,1.460289598,4.106060606,0,0.0001,4.106060606,0
2007-02-06 00:00:00,1.408231378,4.03030303,0,0.0001,4.03030303,0
2007-02-07 00:00:00,1.354601264,3.954545455,0,0.0001,3.954545455,0
2007-02-08 00:00:00,1.30089879,3.878787879,0,0.0001,3.878787879,0
2007-02-09 00:00:00,1.249878049,3.803030303,0,0.0001,3.803030303,0
2007-02-10 00:00:00,1.191465616,3.727272727,0,0.0001,3.727272727,0
2007-02-11 00:00:00,1.132636666,3.651515152,0,0.0001,3.651515152,0
2007-02-12 00:00:00,1.087668777,3.575757576,0,0.0001,3.575757576,0
2007-02-13 00:00:00,1.052797794,3.5,0,0.0001,3.5,0
2007-02-14 00:00:00,1.017064452,3.521621622,0,0.0001,3.521621622,0
2007-02-15 00:00:00,1.006352186,3.543243243,0,0.0001,3.543243243,0
2007-02-16 00:00:00,0.993003666,3.564864865,0,0.0001,3.564864865,0
2007-02-17 00:00:00,0.972512484,3.586486486,0,0.0001,3.586486486,0
2007-02-18 00:00:00,0.946421862,3.608108108,0,0.0001,3.608108108,0
2007-02-19 00:00:00,0.920026004,3.62972973,0,0.0001,3.62972973,0
2007-02-20 00:00:00,0.89526999,3.651351351,0,0.0001,3.651351351,0
2007-02-21 00:00:00,0.905473411,3.672972973,0,0.0001,3.672972973,0
2007-02-22 00:00:00,0.966288209,3.694594595,0,0.0001,3.694594595,0
2007-02-23 00:00:00,0.976120532,3.716216216,0,0.0001,3.716216216,0
2007-02-24 00:00:00,0.978489101,3.737837838,0,0.0001,3.737837838,0
2007-02-25 00:00:00,0.997235537,3.759459459,0,0.0001,3.759459459,0
2007-02-26 00:00:00,1.07754457,3.781081081,0,0.0001,3.781081081,0
2007-02-27 00:00:00,1.217437983,3.802702703,0,0.0001,3.802702703,0
2007-02-28 00:00:00,1.395565271,3.824324324,0,0.0001,3.824324324,0
2007-03-01 00:00:00,1.598847985,3.845945946,0,0.0001,3.845945946,0
2007-03-02 00:00:00,1.758561611,3.867567568,0,0.0001,3.867567568,0
2007-03-03 00:00:00,1.827072859,3.889189189,0,0.0001,3.889189189,0
2007-03-04 00:00:00,1.833480597,3.910810811,0,0.0001,3.910810811,0
2007-03-05 00:00:00,1.806181788,3.932432432,0,0.0001,3.932432432,0
2007-03-06 00:00:00,1.781585693,3.954054054,0,0.0001,3.954054054,0
2007-03-07 00:00:00,1.788054347,3.975675676,0,0.0001,3.975675676,0
2007-03-08 00:00:00,1.775281191,3.997297297,0,0.0001,3.997297297,0
2007-03-09 00:00:00,1.736734033,4.018918919,0,0.0001,4.018918919,0
2007-03-10 00:00:00,1.681736469,4.040540541,0,0.0001,4.040540541,0
2007-03-11 00:00:00,1.616319656,4.062162162,0,0.0001,4.062162162,0
2007-03-12 00:00:00,1.547964931,4.083783784,0,0.0001,4.083783784,0
2007-03-13 00:00:00,1.476698041,4.105405405,0,0.0001,4.105405405,0
2007-03-14 00:00:00,1.404507637,4.127027027,0,0.0001,4.127027027,0
2007-03-15 00:00:00,1.334414959,4.148648649,0,0.0001,4.148648649,0
2007-03-16 00:00:00,1.270941973,4.17027027,0,0.0001,4.17027027,0
2007-03-17 00:00:00,1.235502839,4.191891892,0,0.0001,4.191891892,0
2007-03-18 00:00:00,1.232264757,4.213513514,0,0.0001,4.213513514,0
2007-03-19 00:00:00,1.26258707,4.235135135,0,0.0001,4.235135135,0
2007-03-20 00:00:00,1.273358703,4.256756757,0,0.0001,4.256756757,0
2007-03-21 00:00:00,1.254325747,4.278378378,0,0.0001,4.278378378,0
2007-03-22 00:00:00,1.217564106,4.3,0,0.0001,4.3,0
2007-03-23 00:00:00,1.183015466,4.438095238,0,0.0001,4.438095238,0
2007-03-24 00:00:00,1.156204343,4.576190476,0,0.0001,4.576190476,0
2007-03-25 00:00:00,1.11621809,4.714285714,0,0.0001,4.714285714,0
2007-03-26 00:00:00,1.076397061,4.852380952,0,0.0001,4.852380952,0
2007-03-27 00:00:00,1.036518812,4.99047619,0,0.0001,4.99047619,0
2007-03-28 00:00:00,0.997432411,5.128571429,0,0.0001,5.128571429,0
2007-03-29 00:00:00,0.961526036,5.266666667,0,0.0001,5.266666667,0
2007-03-30 00:00:00,0.923082352,5.404761905,0,0.0001,5.404761905,0
2007-03-31 00:00:00,0.886711419,5.542857143,0,0.0001,5.542857143,0
2007-04-01 00:00:00,0.85104996,5.680952381,0,0.0001,5.680952381,0
2007-04-02 00:00:00,0.816268384,5.819047619,0,0.0001,5.819047619,0
2007-04-03 00:00:00,0.785511792,5.957142857,0,0.0001,5.957142857,0
2007-04-04 00:00:00,0.755760372,6.095238095,0,0.0001,6.095238095,0
2007-04-05 00:00:00,0.727090299,6.233333333,0,0.0001,6.233333333,0
2007-04-06 00:00:00,0.701298237,6.371428571,0,0.0001,6.371428571,0
2007-04-07 00:00:00,0.673834205,6.50952381,0,0.0001,6.50952381,0
2007-04-08 00:00:00,0.65795368,6.647619048,0,0.0001,6.647619048,0
2007-04-09 00:00:00,0.652064323,6.785714286,0,0.0001,6.785714286,0
2007-04-10 00:00:00,0.64315927,6.923809524,0,0.0001,6.923809524,0
2007-04-11 00:00:00,0.626613736,7.061904762,0,0.0001,7.061904762,0
2007-04-12 00:00:00,0.610330284,7.2,0,0.0001,7.2,0
2007-04-13 00:00:00,0.595330954,7.45,0,0.0001,7.45,0
2007-04-14 00:00:00,0.579678476,7.7,0,0.0001,7.7,0
2007-04-15 00:00:00,0.560385168,7.95,0,0.0001,7.95,0
2007-04-16 00:00:00,0.539295197,8.2,0,0.0001,8.2,0
2007-04-17 00:00:00,0.516886294,8.45,0,0.0001,8.45,0
2007-04-18 00:00:00,0.490612209,8.7,0,0.0001,8.7,0
2007-04-19 00:00:00,0.464677393,8.95,0,0.0001,8.95,0
2007-04-20 00:00:00,0.440502405,9.2,0,0.0001,9.2,0
2007-04-21 00:00:00,0.416608006,9.45,0,0.0001,9.45,0
2007-04-22 00:00:00,0.400066644,9.7,0,0.0001,9.7,0
2007-04-23 00:00:00,0.381756991,9.95,0,0.0001,9.95,0
2007-04-24 00:00:00,0.369634122,10.2,0,0.0001,10.2,0
2007-04-25 00:00:00,0.360517025,10.32068966,0,0.0001,10.32068966,0
2007-04-26 00:00:00,0.347605288,10.44137931,0,0.0001,10.44137931,0
2007-04-27 00:00:00,0.336172998,10.56206897,0,0.0001,10.56206897,0
2007-04-28 00:00:00,0.32684049,10.68275862,0,0.0001,10.68275862,0
2007-04-29 00:00:00,0.312132627,10.80344828,0,0.0001,10.80344828,0
2007-04-30 00:00:00,0.298361003,10.92413793,0,0.0001,10.92413793,0
2007-05-01 00:00:00,0.284419626,11.04482759,0,0.0001,11.04482759,0
2007-05-02 00:00:00,0.274946332,11.16551724,0,0.0001,11.16551724,0
2007-05-03 00:00:00,0.265195817,11.2862069,0,0.0001,11.2862069,0
2007-05-04 00:00:00,0.253842324,11.40689655,0,0.0001,11.40689655,0
2007-05-05 00:00:00,0.245073035,11.52758621,0,0.0001,11.52758621,0
2007-05-06 00:00:00,0.236802667,11.64827586,0,0.0001,11.64827586,0
2007-05-07 00:00:00,0.243744478,11.76896552,0,0.0001,11.76896552,0
2007-05-08 00:00:00,0.242862657,11.88965517,0,0.0001,11.88965517,0
2007-05-09 00:00:00,0.242601186,12.01034483,0,0.0001,12.01034483,0
2007-05-10 00:00:00,0.244000003,12.13103448,0,0.0001,12.13103448,0
2007-05-11 00:00:00,0.256080002,12.25172414,0,0.0001,12.25172414,0
2007-05-12 00:00:00,0.251931995,12.37241379,0,0.0001,12.37241379,0
2007-05-13 00:00:00,0.258520007,12.49310345,0,0.0001,12.49310345,0
2007-05-14 00:00:00,0.261411041,12.6137931,0,0.0001,12.6137931,0
2007-05-15 00:00:00,0.264574885,12.73448276,0,0.0001,12.73448276,0
2007-05-16 00:00:00,0.257787615,12.85517241,0,0.0001,12.85517241,0
2007-05-17 00:00:00,0.259338647,12.97586207,0,0.0001,12.97586207,0
2007-05-18 00:00:00,0.250865579,13.09655172,0,0.0001,13.09655172,0
2007-05-19 00:00:00,0.255079538,13.21724138,0,0.0001,13.21724138,0
2007-05-20 00:00:00,0.232219502,13.33793103,0,0.0001,13.33793103,0
2007-05-21 00:00:00,0.246924475,13.45862069,0,0.0001,13.45862069,0
2007-05-22 00:00:00,0.245655835,13.57931034,0,0.0001,13.57931034,0
2007-05-23 00:00:00,0.237671569,13.7,0,0.0001,13.7,0
2007-05-24 00:00:00,0.228913859,13.90714286,0,0.0001,13.90714286,0
2007-05-25 00:00:00,0.223676264,14.11428571,0,0.0001,14.11428571,0
2007-05-26 00:00:00,0.218975306,14.32142857,0,0.0001,14.32142857,0
2007-05-27 00:00:00,0.213615,14.52857143,0,0.0001,14.52857143,0
2007-05-28 00:00:00,0.210288644,14.73571429,0,0.0001,14.73571429,0
2007-05-29 00:00:00,0.210522562,14.94285714,0,0.0001,14.94285714,0
2007-05-30 00:00:00,0.210858181,15.15,0,0.0001,15.15,0
2007-05-31 00:00:00,0.206641495,15.35714286,0,0.0001,15.35714286,0
2007-06-01 00:00:00,0.200481132,15.56428571,0,0.0001,15.56428571,0
2007-06-02 00:00:00,0.19366248,15.77142857,0,0.0001,15.77142857,0
2007-06-03 00:00:00,0.187656552,15.97857143,0,0.0001,15.97857143,0
2007-06-04 00:00:00,0.181963563,16.18571429,0,0.0001,16.18571429,0
2007-06-05 00:00:00,0.179077134,16.39285714,0,0.0001,16.39285714,0
2007-06-06 00:00:00,0.179010049,16.6,0,0.0001,16.6,0
2007-06-07 00:00:00,0.175249696,16.80714286,0,0.0001,16.80714286,0
2007-06-08 00:00:00,0.168947846,17.01428571,0,0.0001,17.01428571,0
2007-06-09 00:00:00,0.162390172,17.22142857,0,0.0001,17.22142857,0
2007-06-10 00:00:00,0.157603621,17.42857143,0,0.0001,17.42857143,0
2007-06-11 00:00:00,0.150441185,17.63571429,0,0.0001,17.63571429,0
2007-06-12 00:00:00,0.137726903,17.84285714,0,0.0001,17.84285714,0
2007-06-13 00:00:00,0.125573352,18.05,0,0.0001,18.05,0
2007-06-14 00:00:00,0.119905606,18.25714286,0,0.0001,18.25714286,0
2007-06-15 00:00:00,0.114247166,18.46428571,0,0.0001,18.46428571,0
2007-06-16 00:00:00,0.126424044,18.67142857,0,0.0001,18.67142857,0
2007-06-17 00:00:00,0.149850428,18.87857143,0,0.0001,18.87857143,0
2007-06-18 00:00:00,0.157377616,19.08571429,0,0.0001,19.08571429,0
2007-06-19 00:00:00,0.166107982,19.29285714,0,0.0001,19.29285714,0
2007-06-20 00:00:00,0.166527033,19.5,0,0.0001,19.5,0
2007-06-21 00:00:00,0.164551944,19.36923077,0,0.0001,19.36923077,0
2007-06-22 00:00:00,0.156710356,19.23846154,0,0.0001,19.23846154,0
2007-06-23 00:00:00,0.149247795,19.10769231,0,0.0001,19.10769231,0
2007-06-24 00:00:00,0.157060817,18.97692308,0,0.0001,18.97692308,0
2007-06-25 00:00:00,0.180529878,18.84615385,0,0.0001,18.84615385,0
2007-06-26 00:00:00,0.214208588,18.71538462,0,0.0001,18.71538462,0
2007-06-27 00:00:00,0.237554312,18.58461538,0,0.0001,18.58461538,0
2007-06-28 00:00:00,0.266103595,18.45384615,0,0.0001,18.45384615,0
2007-06-29 00:00:00,0.262637168,18.32307692,0,0.0001,18.32307692,0
2007-06-30 00:00:00,0.269699186,18.19230769,0,0.0001,18.19230769,0
2007-07-01 00:00:00,0.26748997,18.06153846,0,0.0001,18.06153846,0
2007-07-02 00:00:00,0.269787014,17.93076923,0,0.0001,17.93076923,0
2007-07-03 00:00:00,0.270391673,17.8,0,0.0001,17.8,0
2007-07-04 00:00:00,0.330617428,17.83571429,0,0.0001,17.83571429,0
2007-07-05 00:00:00,0.368864208,17.87142857,0,0.0001,17.87142857,0
2007-07-06 00:00:00,0.3893556,17.90714286,0,0.0001,17.90714286,0
2007-07-07 00:00:00,0.39008233,17.94285714,0,0.0001,17.94285714,0
2007-07-08 00:00:00,0.374571025,17.97857143,0,0.0001,17.97857143,0
2007-07-09 00:00:00,0.355298936,18.01428571,0,0.0001,18.01428571,0
2007-07-10 00:00:00,0.335883528,18.05,0,0.0001,18.05,0
2007-07-11 00:00:00,0.338030517,18.08571429,0,0.0001,18.08571429,0
2007-07-12 00:00:00,0.340353996,18.12142857,0,0.0001,18.12142857,0
2007-07-13 00:00:00,0.326212347,18.15714286,0,0.0001,18.15714286,0
2007-07-14 00:00:00,0.320153296,18.19285714,0,0.0001,18.19285714,0
2007-07-15 00:00:00,0.303328991,18.22857143,0,0.0001,18.22857143,0
2007-07-16 00:00:00,0.293600678,18.26428571,0,0.0001,18.26428571,0
2007-07-17 00:00:00,0.27528891,18.3,0,0.0001,18.3,0
2007-07-18 00:00:00,0.255672485,18.23571429,0,0.0001,18.23571429,0
2007-07-19 00:00:00,0.236433297,18.17142857,0,0.0001,18.17142857,0
2007-07-20 00:00:00,0.223146453,18.10714286,0,0.0001,18.10714286,0
2007-07-21 00:00:00,0.220669597,18.04285714,0,0.0001,18.04285714,0
2007-07-22 00:00:00,0.21974209,17.97857143,0,0.0001,17.97857143,0
2007-07-23 00:00:00,0.225735426,17.91428571,0,0.0001,17.91428571,0
2007-07-24 00:00:00,0.239971817,17.85,0,0.0001,17.85,0
2007-07-25 00:00:00,0.255399913,17.78571429,0,0.0001,17.78571429,0
2007-07-26 00:00:00,0.254957736,17.72142857,0,0.0001,17.72142857,0
2007-07-27 00:00:00,0.26039046,17.65714286,0,0.0001,17.65714286,0
2007-07-28 00:00:00,0.2540254,17.59285714,0,0.0001,17.59285714,0
2007-07-29 00:00:00,0.244204447,17.52857143,0,0.0001,17.52857143,0
2007-07-30 00:00:00,0.234109491,17.46428571,0,0.0001,17.46428571,0
2007-07-31 00:00:00,0.220377564,17.4,0,0.0001,17.4,0
2007-08-01 00:00:00,0.206492439,17.58666667,0,0.0001,17.58666667,0
2007-08-02 00:00:00,0.199026942,17.77333333,0,0.0001,17.77333333,0
2007-08-03 00:00:00,0.18630676,17.96,0,0.0001,17.96,0
2007-08-04 00:00:00,0.17597954,18.14666667,0,0.0001,18.14666667,0
2007-08-05 00:00:00,0.170408845,18.33333333,0,0.0001,18.33333333,0
2007-08-06 00:00:00,0.166384012,18.52,0,0.0001,18.52,0
2007-08-07 00:00:00,0.158158958,18.70666667,0,0.0001,18.70666667,0
2007-08-08 00:00:00,0.151153773,18.89333333,0,0.0001,18.89333333,0
2007-08-09 00:00:00,0.145837381,19.08,0,0.0001,19.08,0
2007-08-10 00:00:00,0.139324009,19.26666667,0,0.0001,19.26666667,0
2007-08-11 00:00:00,0.13786222,19.45333333,0,0.0001,19.45333333,0
2007-08-12 00:00:00,0.129633084,19.64,0,0.0001,19.64,0
2007-08-13 00:00:00,0.125878081,19.82666667,0,0.0001,19.82666667,0
2007-08-14 00:00:00,0.121990114,20.01333333,0,0.0001,20.01333333,0
2007-08-15 00:00:00,0.11933092,20.2,0,0.0001,20.2,0
2007-08-16 00:00:00,0.138124704,19.94,0,0.0001,19.94,0
2007-08-17 00:00:00,0.137011558,19.68,0,0.0001,19.68,0
2007-08-18 00:00:00,0.133537397,19.42,0,0.0001,19.42,0
2007-08-19 00:00:00,0.131829605,19.16,0,0.0001,19.16,0
2007-08-20 00:00:00,0.139588207,18.9,0,0.0001,18.9,0
2007-08-21 00:00:00,0.143281683,18.64,0,0.0001,18.64,0
2007-08-22 00:00:00,0.145608693,18.38,0,0.0001,18.38,0
2007-08-23 00:00:00,0.158570096,18.12,0,0.0001,18.12,0
2007-08-24 00:00:00,0.165050179,17.86,0,0.0001,17.86,0
2007-08-25 00:00:00,0.169462115,17.6,0,0.0001,17.6,0
2007-08-26 00:00:00,0.166647762,17.34,0,0.0001,17.34,0
2007-08-27 00:00:00,0.159888729,17.08,0,0.0001,17.08,0
2007-08-28 00:00:00,0.151940838,16.82,0,0.0001,16.82,0
2007-08-29 00:00:00,0.141427398,16.56,0,0.0001,16.56,0
2007-08-30 00:00:00,0.137786478,16.3,0,0.0001,16.3,0
2007-08-31 00:00:00,0.13854143,16.19473684,0,0.0001,16.19473684,0
2007-09-01 00:00:00,0.137160808,16.08947368,0,0.0001,16.08947368,0
2007-09-02 00:00:00,0.139539674,15.98421053,0,0.0001,15.98421053,0
2007-09-03 00:00:00,0.145570323,15.87894737,0,0.0001,15.87894737,0
2007-09-04 00:00:00,0.137326106,15.77368421,0,0.0001,15.77368421,0
2007-09-05 00:00:00,0.131195247,15.66842105,0,0.0001,15.66842105,0
2007-09-06 00:00:00,0.126912385,15.56315789,0,0.0001,15.56315789,0
2007-09-07 00:00:00,0.122001402,15.45789474,0,0.0001,15.45789474,0
2007-09-08 00:00:00,0.118215464,15.35263158,0,0.0001,15.35263158,0
2007-09-09 00:00:00,0.114026181,15.24736842,0,0.0001,15.24736842,0
2007-09-10 00:00:00,0.121087812,15.14210526,0,0.0001,15.14210526,0
2007-09-11 00:00:00,0.125050575,15.03684211,0,0.0001,15.03684211,0
2007-09-12 00:00:00,0.121482156,14.93157895,0,0.0001,14.93157895,0
2007-09-13 00:00:00,0.117074013,14.82631579,0,0.0001,14.82631579,0
2007-09-14 00:00:00,0.117468856,14.72105263,0,0.0001,14.72105263,0
2007-09-15 00:00:00,0.110332124,14.61578947,0,0.0001,14.61578947,0
2007-09-16 00:00:00,0.107201137,14.51052632,0,0.0001,14.51052632,0
2007-09-17 00:00:00,0.106697537,14.40526316,0,0.0001,14.40526316,0
2007-09-18 00:00:00,0.104168981,14.3,0,0.0001,14.3,0
2007-09-19 00:00:00,0.103699774,14.23125,0,0.0001,14.23125,0
2007-09-20 00:00:00,0.119449809,14.1625,0,0.0001,14.1625,0
2007-09-21 00:00:00,0.129880965,14.09375,0,0.0001,14.09375,0
2007-09-22 00:00:00,0.143494338,14.025,0,0.0001,14.025,0
2007-09-23 00:00:00,0.144636229,13.95625,0,0.0001,13.95625,0
2007-09-24 00:00:00,0.146505073,13.8875,0,0.0001,13.8875,0
2007-09-25 00:00:00,0.151446775,13.81875,0,0.0001,13.81875,0
2007-09-26 00:00:00,0.161311105,13.75,0,0.0001,13.75,0
2007-09-27 00:00:00,0.164594039,13.68125,0,0.0001,13.68125,0
2007-09-28 00:00:00,0.164226905,13.6125,0,0.0001,13.6125,0
2007-09-29 00:00:00,0.212258637,13.54375,0,0.0001,13.54375,0
2007-09-30 00:00:00,0.291223526,13.475,0,0.0001,13.475,0
2007-10-01 00:00:00,0.341765434,13.40625,0,0.0001,13.40625,0
2007-10-02 00:00:00,0.372197837,13.3375,0,0.0001,13.3375,0
2007-10-03 00:00:00,0.39255619,13.26875,0,0.0001,13.26875,0
2007-10-04 00:00:00,0.42290175,13.2,0,0.0001,13.2,0
2007-10-05 00:00:00,0.500437558,13.07,0,0.0001,13.07,0
2007-10-06 00:00:00,0.524354279,12.94,0,0.0001,12.94,0
2007-10-07 00:00:00,0.537674129,12.81,0,0.0001,12.81,0
2007-10-08 00:00:00,0.541420281,12.68,0,0.0001,12.68,0
2007-10-09 00:00:00,0.535718739,12.55,0,0.0001,12.55,0
2007-10-10 00:00:00,0.524608791,12.42,0,0.0001,12.42,0
2007-10-11 00:00:00,0.51072371,12.29,0,0.0001,12.29,0
2007-10-12 00:00:00,0.495507091,12.16,0,0.0001,12.16,0
2007-10-13 00:00:00,0.466875583,12.03,0,0.0001,12.03,0
2007-10-14 00:00:00,0.437626094,11.9,0,0.0001,11.9,0
2007-10-15 00:00:00,0.413193226,11.77,0,0.0001,11.77,0
2007-10-16 00:00:00,0.394650668,11.64,0,0.0001,11.64,0
2007-10-17 00:00:00,0.392035365,11.51,0,0.0001,11.51,0
2007-10-18 00:00:00,0.3759574,11.38,0,0.0001,11.38,0
2007-10-19 00:00:00,0.359216481,11.25,0,0.0001,11.25,0
2007-10-20 00:00:00,0.34121713,11.12,0,0.0001,11.12,0
2007-10-21 00:00:00,0.326023519,10.99,0,0.0001,10.99,0
2007-10-22 00:00:00,0.311299205,10.86,0,0.0001,10.86,0
2007-10-23 00:00:00,0.297435462,10.73,0,0.0001,10.73,0
2007-10-24 00:00:00,0.284949422,10.6,0,0.0001,10.6,0
2007-10-25 00:00:00,0.275038362,10.44285714,0,0.0001,10.44285714,0
2007-10-26 00:00:00,0.267399371,10.28571429,0,0.0001,10.28571429,0
2007-10-27 00:00:00,0.259709001,10.12857143,0,0.0001,10.12857143,0
2007-10-28 00:00:00,0.254350811,9.971428571,0,0.0001,9.971428571,0
2007-10-29 00:00:00,0.261495829,9.814285714,0,0.0001,9.814285714,0
2007-10-30 00:00:00,0.260305524,9.657142857,0,0.0001,9.657142857,0
2007-10-31 00:00:00,0.256057352,9.5,0,0.0001,9.5,0
2007-11-01 00:00:00,0.253698796,9.342857143,0,0.0001,9.342857143,0
2007-11-02 00:00:00,0.24963133,9.185714286,0,0.0001,9.185714286,0
2007-11-03 00:00:00,0.244495153,9.028571429,0,0.0001,9.028571429,0
2007-11-04 00:00:00,0.239751071,8.871428571,0,0.0001,8.871428571,0
2007-11-05 00:00:00,0.237247482,8.714285714,0,0.0001,8.714285714,0
2007-11-06 00:00:00,0.252711654,8.557142857,0,0.0001,8.557142857,0
2007-11-07 00:00:00,0.265987486,8.4,0,0.0001,8.4,0
2007-11-08 00:00:00,0.275735557,8.242857143,0,0.0001,8.242857143,0
2007-11-09 00:00:00,0.295159101,8.085714286,0,0.0001,8.085714286,0
2007-11-10 00:00:00,0.300642729,7.928571429,0,0.0001,7.928571429,0
2007-11-11 00:00:00,0.30193314,7.771428571,0,0.0001,7.771428571,0
2007-11-12 00:00:00,0.300601959,7.614285714,0,0.0001,7.614285714,0
2007-11-13 00:00:00,0.295370281,7.457142857,0,0.0001,7.457142857,0
2007-11-14 00:00:00,0.287331611,7.3,0,0.0001,7.3,0
2007-11-15 00:00:00,0.277665198,7.244444444,0,0.0001,7.244444444,0
2007-11-16 00:00:00,0.268878579,7.188888889,0,0.0001,7.188888889,0
2007-11-17 00:00:00,0.262802273,7.133333333,0,0.0001,7.133333333,0
2007-11-18 00:00:00,0.259635597,7.077777778,0,0.0001,7.077777778,0
2007-11-19 00:00:00,0.258385003,7.022222222,0,0.0001,7.022222222,0
2007-11-20 00:00:00,0.250246018,6.966666667,0,0.0001,6.966666667,0
2007-11-21 00:00:00,0.24596189,6.911111111,0,0.0001,6.911111111,0
2007-11-22 00:00:00,0.241943717,6.855555556,0,0.0001,6.855555556,0
2007-11-23 00:00:00,0.239814311,6.8,0,0.0001,6.8,0
2007-11-24 00:00:00,0.237696841,6.744444444,0,0.0001,6.744444444,0
2007-11-25 00:00:00,0.252225101,6.688888889,0,0.0001,6.688888889,0
2007-11-26 00:00:00,0.256163061,6.633333333,0,0.0001,6.633333333,0
2007-11-27 00:00:00,0.254666418,6.577777778,0,0.0001,6.577777778,0
2007-11-28 00:00:00,0.253850937,6.522222222,0,0.0001,6.522222222,0
2007-11-29 00:00:00,0.261790782,6.466666667,0,0.0001,6.466666667,0
2007-11-30 00:00:00,0.272180855,6.411111111,0,0.0001,6.411111111,0
2007-12-01 00:00:00,0.292831063,6.355555556,0,0.0001,6.355555556,0
2007-12-02 00:00:00,0.334922791,6.3,0,0.0001,6.3,0
2007-12-03 00:00:00,0.390749961,6.244444444,0,0.0001,6.244444444,0
2007-12-04 00:00:00,0.430620909,6.188888889,0,0.0001,6.188888889,0
2007-12-05 00:00:00,0.463313043,6.133333333,0,0.0001,6.133333333,0
2007-12-06 00:00:00,0.506877244,6.077777778,0,0.0001,6.077777778,0
2007-12-07 00:00:00,0.560744286,6.022222222,0,0.0001,6.022222222,0
2007-12-08 00:00:00,0.629942179,5.966666667,0,0.0001,5.966666667,0
2007-12-09 00:00:00,0.691934347,5.911111111,0,0.0001,5.911111111,0
2007-12-10 00:00:00,0.734676659,5.855555556,0,0.0001,5.855555556,0
2007-12-11 00:00:00,0.756880581,5.8,0,0.0001,5.8,0
2007-12-12 00:00:00,0.762392759,5.741666667,0,0.0001,5.741666667,0
2007-12-13 00:00:00,0.753842533,5.683333333,0,0.0001,5.683333333,0
2007-12-14 00:00:00,0.734243453,5.625,0,0.0001,5.625,0
2007-12-15 00:00:00,0.712069213,5.566666667,0,0.0001,5.566666667,0
2007-12-16 00:00:00,0.685793579,5.508333333,0,0.0001,5.508333333,0
2007-12-17 00:00:00,0.657763541,5.45,0,0.0001,5.45,0
2007-12-18 00:00:00,0.631104708,5.391666667,0,0.0001,5.391666667,0
2007-12-19 00:00:00,0.606568456,5.333333333,0,0.0001,5.333333333,0
2007-12-20 00:00:00,0.58324188,5.275,0,0.0001,5.275,0
2007-12-21 00:00:00,0.564418912,5.216666667,0,0.0001,5.216666667,0
2007-12-22 00:00:00,0.533999979,5.158333333,0,0.0001,5.158333333,0
2007-12-23 00:00:00,0.513000011,5.1,0,0.0001,5.1,0
2007-12-24 00:00:00,0.488000005,5.041666667,0,0.0001,5.041666667,0
2007-12-25 00:00:00,0.486000001,4.983333333,0,0.0001,4.983333333,0
2007-12-26 00:00:00,0.479999989,4.925,0,0.0001,4.925,0
2007-12-27 00:00:00,0.477999985,4.866666667,0,0.0001,4.866666667,0
2007-12-28 00:00:00,0.479999989,4.808333333,0,0.0001,4.808333333,0
2007-12-29 00:00:00,0.504999995,4.75,0,0.0001,4.75,0
2007-12-30 00:00:00,0.574999988,4.691666667,0,0.0001,4.691666667,0
2007-12-31 00:00:00,0.600000024,4.633333333,0,0.0001,4.633333333,0
2008-01-01 00:00:00,0.545000017,4.575,0,0.0001,4.575,0
2008-01-02 00:00:00,0.471317708,4.516666667,0,0.0001,4.516666667,0
2008-01-03 00:00:00,0.484277219,4.458333333,0,0.0001,4.458333333,0
2008-01-04 00:00:00,0.476988882,4.4,0,0.0001,4.4,0
2008-01-05 00:00:00,0.467267424,4.341666667,0,0.0001,4.341666667,0
2008-01-06 00:00:00,0.475854188,4.283333333,0,0.0001,4.283333333,0
2008-01-07 00:00:00,0.495577514,4.225,0,0.0001,4.225,0
2008-01-08 00:00:00,0.531377077,4.166666667,0,0.0001,4.166666667,0
2008-01-09 00:00:00,0.574275434,4.108333333,0,0.0001,4.108333333,0
2008-01-10 00:00:00,0.628217936,4.05,0,0.0001,4.05,0
2008-01-11 00:00:00,0.697823763,3.991666667,0,0.0001,3.991666667,0
2008-01-12 00:00:00,0.777190268,3.933333333,0,0.0001,3.933333333,0
2008-01-13 00:00:00,0.835456252,3.875,0,0.0001,3.875,0
2008-01-14 00:00:00,0.864126921,3.816666667,0,0.0001,3.816666667,0
2008-01-15 00:00:00,0.881317258,3.758333333,0,0.0001,3.758333333,0
2008-01-16 00:00:00,0.969377697,3.7,0,0.0001,3.7,0
2008-01-17 00:00:00,1.039933324,3.7,0,0.0001,3.7,0
2008-01-18 00:00:00,1.082963228,3.7,0,0.0001,3.7,0
2008-01-19 00:00:00,1.119267941,3.7,0,0.0001,3.7,0
2008-01-20 00:00:00,1.12787652,3.7,0,0.0001,3.7,0
2008-01-21 00:00:00,1.119413257,3.7,0,0.0001,3.7,0
2008-01-22 00:00:00,1.095036507,3.7,0,0.0001,3.7,0
2008-01-23 00:00:00,1.067004204,3.7,0,0.0001,3.7,0
2008-01-24 00:00:00,1.062850714,3.7,0,0.0001,3.7,0
2008-01-25 00:00:00,1.072072268,3.7,0,0.0001,3.7,0
2008-01-26 00:00:00,1.145441771,3.7,0,0.0001,3.7,0
2008-01-27 00:00:00,1.229536414,3.7,0,0.0001,3.7,0
2008-01-28 00:00:00,1.260563135,3.7,0,0.0001,3.7,0
2008-01-29 00:00:00,1.251863718,3.7,0,0.0001,3.7,0
2008-01-30 00:00:00,1.23410511,3.7,0,0.0001,3.7,0
2008-01-31 00:00:00,1.222774982,3.7,0,0.0001,3.7,0
2008-02-01 00:00:00,1.291229725,3.7,0,0.0001,3.7,0
2008-02-02 00:00:00,1.355119944,3.7,0,0.0001,3.7,0
2008-02-03 00:00:00,1.368538737,3.7,0,0.0001,3.7,0
2008-02-04 00:00:00,1.349528432,3.7,0,0.0001,3.7,0
2008-02-05 00:00:00,1.334179401,3.7,0,0.0001,3.7,0
2008-02-06 00:00:00,1.330464363,3.7,0,0.0001,3.7,0
2008-02-07 00:00:00,1.310358644,3.7,0,0.0001,3.7,0
2008-02-08 00:00:00,1.278897285,3.7,0,0.0001,3.7,0
2008-02-09 00:00:00,1.236991525,3.7,0,0.0001,3.7,0
2008-02-10 00:00:00,1.185618758,3.7,0,0.0001,3.7,0
2008-02-11 00:00:00,1.137027621,3.7,0,0.0001,3.7,0
2008-02-12 00:00:00,1.087194562,3.7,0,0.0001,3.7,0
2008-02-13 00:00:00,1.033505917,3.7,0,0.0001,3.7,0
2008-02-14 00:00:00,0.984317064,3.7,0,0.0001,3.7,0
2008-02-15 00:00:00,0.931780875,3.7,0,0.0001,3.7,0
2008-02-16 00:00:00,0.876219571,3.7,0,0.0001,3.7,0
2008-02-17 00:00:00,0.825248122,3.7,0,0.0001,3.7,0
2008-02-18 00:00:00,0.786467314,3.7,0,0.0001,3.7,0
2008-02-19 00:00:00,0.74949199,3.7,0,0.0001,3.7,0
2008-02-20 00:00:00,0.713058949,3.7,0,0.0001,3.7,0
2008-02-21 00:00:00,0.679148912,3.738095238,0,0.0001,3.738095238,0
2008-02-22 00:00:00,0.656779468,3.776190476,0,0.0001,3.776190476,0
2008-02-23 00:00:00,0.631982327,3.814285714,0,0.0001,3.814285714,0
2008-02-24 00:00:00,0.612036109,3.852380952,0,0.0001,3.852380952,0
2008-02-25 00:00:00,0.591003299,3.89047619,0,0.0001,3.89047619,0
2008-02-26 00:00:00,0.582883537,3.928571429,0,0.0001,3.928571429,0
2008-02-27 00:00:00,0.583686888,3.966666667,0,0.0001,3.966666667,0
2008-02-28 00:00:00,0.570962727,4.004761905,0,0.0001,4.004761905,0
2008-02-29 00:00:00,0.559366822,4.042857143,0,0.0001,4.042857143,0
2008-03-01 00:00:00,0.603063524,4.080952381,0,0.0001,4.080952381,0
2008-03-02 00:00:00,0.631196141,4.119047619,0,0.0001,4.119047619,0
2008-03-03 00:00:00,0.645210981,4.157142857,0,0.0001,4.157142857,0
2008-03-04 00:00:00,0.644317448,4.195238095,0,0.0001,4.195238095,0
2008-03-05 00:00:00,0.627114832,4.233333333,0,0.0001,4.233333333,0
2008-03-06 00:00:00,0.636712968,4.271428571,0,0.0001,4.271428571,0
2008-03-07 00:00:00,0.644574523,4.30952381,0,0.0001,4.30952381,0
2008-03-08 00:00:00,0.647258103,4.347619048,0,0.0001,4.347619048,0
2008-03-09 00:00:00,0.655564368,4.385714286,0,0.0001,4.385714286,0
2008-03-10 00:00:00,0.687920988,4.423809524,0,0.0001,4.423809524,0
2008-03-11 00:00:00,0.712894678,4.461904762,0,0.0001,4.461904762,0
2008-03-12 00:00:00,0.771868289,4.5,0,0.0001,4.5,0
2008-03-13 00:00:00,0.860318184,4.533333333,0,0.0001,4.533333333,0
2008-03-14 00:00:00,0.974791586,4.566666667,0,0.0001,4.566666667,0
2008-03-15 00:00:00,1.064282656,4.6,0,0.0001,4.6,0
2008-03-16 00:00:00,1.104755521,4.633333333,0,0.0001,4.633333333,0
2008-03-17 00:00:00,1.110460997,4.666666667,0,0.0001,4.666666667,0
2008-03-18 00:00:00,1.092265964,4.7,0,0.0001,4.7,0
2008-03-19 00:00:00,1.061022401,4.733333333,0,0.0001,4.733333333,0
2008-03-20 00:00:00,1.026130319,4.766666667,0,0.0001,4.766666667,0
2008-03-21 00:00:00,1.031160712,4.8,0,0.0001,4.8,0
2008-03-22 00:00:00,1.065409422,4.833333333,0,0.0001,4.833333333,0
2008-03-23 00:00:00,1.044620275,4.866666667,0,0.0001,4.866666667,0
2008-03-24 00:00:00,1.024444103,4.9,0,0.0001,4.9,0
2008-03-25 00:00:00,1.003411412,4.933333333,0,0.0001,4.933333333,0
2008-03-26 00:00:00,0.986921787,4.966666667,0,0.0001,4.966666667,0
2008-03-27 00:00:00,0.967193007,5,0,0.0001,5,0
2008-03-28 00:00:00,0.941730082,5.033333333,0,0.0001,5.033333333,0
2008-03-29 00:00:00,0.928777814,5.066666667,0,0.0001,5.066666667,0
2008-03-30 00:00:00,0.923877835,5.1,0,0.0001,5.1,0
2008-03-31 00:00:00,0.931375086,5.133333333,0,0.0001,5.133333333,0
2008-04-01 00:00:00,0.934435785,5.166666667,0,0.0001,5.166666667,0
2008-04-02 00:00:00,0.939343214,5.2,0,0.0001,5.2,0
2008-04-03 00:00:00,0.940410197,5.233333333,0,0.0001,5.233333333,0
2008-04-04 00:00:00,0.928439617,5.266666667,0,0.0001,5.266666667,0
2008-04-05 00:00:00,0.918629587,5.3,0,0.0001,5.3,0
2008-04-06 00:00:00,0.901241004,5.333333333,0,0.0001,5.333333333,0
2008-04-07 00:00:00,0.878588021,5.366666667,0,0.0001,5.366666667,0
2008-04-08 00:00:00,0.848822534,5.4,0,0.0001,5.4,0
2008-04-09 00:00:00,0.817090094,5.607142857,0,0.0001,5.607142857,0
2008-04-10 00:00:00,0.786005735,5.814285714,0,0.0001,5.814285714,0
2008-04-11 00:00:00,0.758592069,6.021428571,0,0.0001,6.021428571,0
2008-04-12 00:00:00,0.759822726,6.228571429,0,0.0001,6.228571429,0
2008-04-13 00:00:00,0.741441667,6.435714286,0,0.0001,6.435714286,0
2008-04-14 00:00:00,0.720413923,6.642857143,0,0.0001,6.642857143,0
2008-04-15 00:00:00,0.694848418,6.85,0,0.0001,6.85,0
2008-04-16 00:00:00,0.669978321,7.057142857,0,0.0001,7.057142857,0
2008-04-17 00:00:00,0.65331161,7.264285714,0,0.0001,7.264285714,0
2008-04-18 00:00:00,0.633857608,7.471428571,0,0.0001,7.471428571,0
2008-04-19 00:00:00,0.609500766,7.678571429,0,0.0001,7.678571429,0
2008-04-20 00:00:00,0.585580409,7.885714286,0,0.0001,7.885714286,0
2008-04-21 00:00:00,0.56117332,8.092857143,0,0.0001,8.092857143,0
2008-04-22 00:00:00,0.537393808,8.3,0,0.0001,8.3,0
2008-04-23 00:00:00,0.514811695,8.635714286,0,0.0001,8.635714286,0
2008-04-24 00:00:00,0.49290055,8.971428571,0,0.0001,8.971428571,0
2008-04-25 00:00:00,0.475257188,9.307142857,0,0.0001,9.307142857,0
2008-04-26 00:00:00,0.457764834,9.642857143,0,0.0001,9.642857143,0
2008-04-27 00:00:00,0.444499373,9.978571429,0,0.0001,9.978571429,0
2008-04-28 00:00:00,0.43438229,10.31428571,0,0.0001,10.31428571,0
2008-04-29 00:00:00,0.460181981,10.65,0,0.0001,10.65,0
2008-04-30 00:00:00,0.510675132,10.98571429,0,0.0001,10.98571429,0
2008-05-01 00:00:00,0.523400843,11.32142857,0,0.0001,11.32142857,0
2008-05-02 00:00:00,0.527218223,11.65714286,0,0.0001,11.65714286,0
2008-05-03 00:00:00,0.520299494,11.99285714,0,0.0001,11.99285714,0
2008-05-04 00:00:00,0.502463996,12.32857143,0,0.0001,12.32857143,0
2008-05-05 00:00:00,0.477472275,12.66428571,0,0.0001,12.66428571,0
2008-05-06 00:00:00,0.451881915,13,0,0.0001,13,0
2008-05-07 00:00:00,0.429567486,13.17142857,0,0.0001,13.17142857,0
2008-05-08 00:00:00,0.408627868,13.34285714,0,0.0001,13.34285714,0
2008-05-09 00:00:00,0.386713743,13.51428571,0,0.0001,13.51428571,0
2008-05-10 00:00:00,0.365629941,13.68571429,0,0.0001,13.68571429,0
2008-05-11 00:00:00,0.344850212,13.85714286,0,0.0001,13.85714286,0
2008-05-12 00:00:00,0.329193115,14.02857143,0,0.0001,14.02857143,0
2008-05-13 00:00:00,0.312081546,14.2,0,0.0001,14.2,0
2008-05-14 00:00:00,0.297155201,14.37142857,0,0.0001,14.37142857,0
2008-05-15 00:00:00,0.282559961,14.54285714,0,0.0001,14.54285714,0
2008-05-16 00:00:00,0.269731224,14.71428571,0,0.0001,14.71428571,0
2008-05-17 00:00:00,0.256471276,14.88571429,0,0.0001,14.88571429,0
2008-05-18 00:00:00,0.246701643,15.05714286,0,0.0001,15.05714286,0
2008-05-19 00:00:00,0.24520044,15.22857143,0,0.0001,15.22857143,0
2008-05-20 00:00:00,0.224498779,15.4,0,0.0001,15.4,0
2008-05-21 00:00:00,0.220355257,15.72142857,0,0.0001,15.72142857,0
2008-05-22 00:00:00,0.218445942,16.04285714,0,0.0001,16.04285714,0
2008-05-23 00:00:00,0.219255075,16.36428571,0,0.0001,16.36428571,0
2008-05-24 00:00:00,0.212907806,16.68571429,0,0.0001,16.68571429,0
2008-05-25 00:00:00,0.197534457,17.00714286,0,0.0001,17.00714286,0
2008-05-26 00:00:00,0.193735018,17.32857143,0,0.0001,17.32857143,0
2008-05-27 00:00:00,0.193045855,17.65,0,0.0001,17.65,0
2008-05-28 00:00:00,0.186948404,17.97142857,0,0.0001,17.97142857,0
2008-05-29 00:00:00,0.178727612,18.29285714,0,0.0001,18.29285714,0
2008-05-30 00:00:00,0.178349674,18.61428571,0,0.0001,18.61428571,0
2008-05-31 00:00:00,0.164000005,18.93571429,0,0.0001,18.93571429,0
2008-06-01 00:00:00,0.159999996,19.25714286,0,0.0001,19.25714286,0
2008-06-02 00:00:00,0.14424926,19.57857143,0,0.0001,19.57857143,0
2008-06-03 00:00:00,0.140701488,19.9,0,0.0001,19.9,0
2008-06-04 00:00:00,0.132750481,19.71875,0,0.0001,19.71875,0
2008-06-05 00:00:00,0.126482904,19.5375,0,0.0001,19.5375,0
2008-06-06 00:00:00,0.121040486,19.35625,0,0.0001,19.35625,0
2008-06-07 00:00:00,0.117175199,19.175,0,0.0001,19.175,0
2008-06-08 00:00:00,0.112453081,18.99375,0,0.0001,18.99375,0
2008-06-09 00:00:00,0.103536986,18.8125,0,0.0001,18.8125,0
2008-06-10 00:00:00,0.092464596,18.63125,0,0.0001,18.63125,0
2008-06-11 00:00:00,0.082617007,18.45,0,0.0001,18.45,0
2008-06-12 00:00:00,0.079225294,18.26875,0,0.0001,18.26875,0
2008-06-13 00:00:00,0.075940996,18.0875,0,0.0001,18.0875,0
2008-06-14 00:00:00,0.073127553,17.90625,0,0.0001,17.90625,0
2008-06-15 00:00:00,0.07922519,17.725,0,0.0001,17.725,0
2008-06-16 00:00:00,0.082227729,17.54375,0,0.0001,17.54375,0
2008-06-17 00:00:00,0.081326902,17.3625,0,0.0001,17.3625,0
2008-06-18 00:00:00,0.081013776,17.18125,0,0.0001,17.18125,0
2008-06-19 00:00:00,0.081761457,17,0,0.0001,17,0
2008-06-20 00:00:00,0.080295049,17.15384615,0,0.0001,17.15384615,0
2008-06-21 00:00:00,0.078474388,17.30769231,0,0.0001,17.30769231,0
2008-06-22 00:00:00,0.083476454,17.46153846,0,0.0001,17.46153846,0
2008-06-23 00:00:00,0.085301422,17.61538462,0,0.0001,17.61538462,0
2008-06-24 00:00:00,0.081973508,17.76923077,0,0.0001,17.76923077,0
2008-06-25 00:00:00,0.081702538,17.92307692,0,0.0001,17.92307692,0
2008-06-26 00:00:00,0.080126688,18.07692308,0,0.0001,18.07692308,0
2008-06-27 00:00:00,0.084631413,18.23076923,0,0.0001,18.23076923,0
2008-06-28 00:00:00,0.087573044,18.38461538,0,0.0001,18.38461538,0
2008-06-29 00:00:00,0.086923167,18.53846154,0,0.0001,18.53846154,0
2008-06-30 00:00:00,0.091581121,18.69230769,0,0.0001,18.69230769,0
2008-07-01 00:00:00,0.091303214,18.84615385,0,0.0001,18.84615385,0
2008-07-02 00:00:00,0.093201466,19,0,0.0001,19,0
2008-07-03 00:00:00,0.094747864,18.94615385,0,0.0001,18.94615385,0
2008-07-04 00:00:00,0.092326351,18.89230769,0,0.0001,18.89230769,0
2008-07-05 00:00:00,0.089887068,18.83846154,0,0.0001,18.83846154,0
2008-07-06 00:00:00,0.088121556,18.78461538,0,0.0001,18.78461538,0
2008-07-07 00:00:00,0.093531936,18.73076923,0,0.0001,18.73076923,0
2008-07-08 00:00:00,0.10919676,18.67692308,0,0.0001,18.67692308,0
2008-07-09 00:00:00,0.113808528,18.62307692,0,0.0001,18.62307692,0
2008-07-10 00:00:00,0.114213087,18.56923077,0,0.0001,18.56923077,0
2008-07-11 00:00:00,0.11684829,18.51538462,0,0.0001,18.51538462,0
2008-07-12 00:00:00,0.11824847,18.46153846,0,0.0001,18.46153846,0
2008-07-13 00:00:00,0.118033923,18.40769231,0,0.0001,18.40769231,0
2008-07-14 00:00:00,0.112961389,18.35384615,0,0.0001,18.35384615,0
2008-07-15 00:00:00,0.107349478,18.3,0,0.0001,18.3,0
2008-07-16 00:00:00,0.105830587,18.3826087,0,0.0001,18.3826087,0
2008-07-17 00:00:00,0.10101185,18.46521739,0,0.0001,18.46521739,0
2008-07-18 00:00:00,0.098103389,18.54782609,0,0.0001,18.54782609,0
2008-07-19 00:00:00,0.100071073,18.63043478,0,0.0001,18.63043478,0
2008-07-20 00:00:00,0.102636009,18.71304348,0,0.0001,18.71304348,0
2008-07-21 00:00:00,0.10680332,18.79565217,0,0.0001,18.79565217,0
2008-07-22 00:00:00,0.101724841,18.87826087,0,0.0001,18.87826087,0
2008-07-23 00:00:00,0.097651765,18.96086957,0,0.0001,18.96086957,0
2008-07-24 00:00:00,0.098295748,19.04347826,0,0.0001,19.04347826,0
2008-07-25 00:00:00,0.096445054,19.12608696,0,0.0001,19.12608696,0
2008-07-26 00:00:00,0.092834502,19.20869565,0,0.0001,19.20869565,0
2008-07-27 00:00:00,0.08939974,19.29130435,0,0.0001,19.29130435,0
2008-07-28 00:00:00,0.086075813,19.37391304,0,0.0001,19.37391304,0
2008-07-29 00:00:00,0.081805363,19.45652174,0,0.0001,19.45652174,0
2008-07-30 00:00:00,0.075410403,19.53913043,0,0.0001,19.53913043,0
2008-07-31 00:00:00,0.070000984,19.62173913,0,0.0001,19.62173913,0
2008-08-01 00:00:00,0.064858377,19.70434783,0,0.0001,19.70434783,0
2008-08-02 00:00:00,0.064013332,19.78695652,0,0.0001,19.78695652,0
2008-08-03 00:00:00,0.0694222,19.86956522,0,0.0001,19.86956522,0
2008-08-04 00:00:00,0.085792437,19.95217391,0,0.0001,19.95217391,0
2008-08-05 00:00:00,0.096489184,20.03478261,0,0.0001,20.03478261,0
2008-08-06 00:00:00,0.097630687,20.1173913,0,0.0001,20.1173913,0
2008-08-07 00:00:00,0.104584597,20.2,0,0.0001,20.2,0
2008-08-08 00:00:00,0.151612207,20.04285714,0,0.0001,20.04285714,0
2008-08-09 00:00:00,0.143616796,19.88571429,0,0.0001,19.88571429,0
2008-08-10 00:00:00,0.151071534,19.72857143,0,0.0001,19.72857143,0
2008-08-11 00:00:00,0.160980985,19.57142857,0,0.0001,19.57142857,0
2008-08-12 00:00:00,0.166727349,19.41428571,0,0.0001,19.41428571,0
2008-08-13 00:00:00,0.182875678,19.25714286,0,0.0001,19.25714286,0
2008-08-14 00:00:00,0.201820701,19.1,0,0.0001,19.1,0
2008-08-15 00:00:00,0.197867736,18.94285714,0,0.0001,18.94285714,0
2008-08-16 00:00:00,0.197008491,18.78571429,0,0.0001,18.78571429,0
2008-08-17 00:00:00,0.193623707,18.62857143,0,0.0001,18.62857143,0
2008-08-18 00:00:00,0.1891734,18.47142857,0,0.0001,18.47142857,0
2008-08-19 00:00:00,0.185593158,18.31428571,0,0.0001,18.31428571,0
2008-08-20 00:00:00,0.194767088,18.15714286,0,0.0001,18.15714286,0
2008-08-21 00:00:00,0.200567514,18,0,0.0001,18,0
2008-08-22 00:00:00,0.208403975,17.9,0,0.0001,17.9,0
2008-08-23 00:00:00,0.216971695,17.8,0,0.0001,17.8,0
2008-08-24 00:00:00,0.225176245,17.7,0,0.0001,17.7,0
2008-08-25 00:00:00,0.241142392,17.6,0,0.0001,17.6,0
2008-08-26 00:00:00,0.234494135,17.5,0,0.0001,17.5,0
2008-08-27 00:00:00,0.235240489,17.4,0,0.0001,17.4,0
2008-08-28 00:00:00,0.233949751,17.3,0,0.0001,17.3,0
2008-08-29 00:00:00,0.230514064,17.2,0,0.0001,17.2,0
2008-08-30 00:00:00,0.224682078,17.1,0,0.0001,17.1,0
2008-08-31 00:00:00,0.217949808,17,0,0.0001,17,0
2008-09-01 00:00:00,0.20994471,16.9,0,0.0001,16.9,0
2008-09-02 00:00:00,0.206312209,16.8,0,0.0001,16.8,0
2008-09-03 00:00:00,0.222579956,16.7,0,0.0001,16.7,0
2008-09-04 00:00:00,0.223089546,16.6,0,0.0001,16.6,0
2008-09-05 00:00:00,0.221134752,16.5,0,0.0001,16.5,0
2008-09-06 00:00:00,0.232839286,16.4,0,0.0001,16.4,0
2008-09-07 00:00:00,0.234180257,16.3,0,0.0001,16.3,0
2008-09-08 00:00:00,0.234132066,16.2,0,0.0001,16.2,0
2008-09-09 00:00:00,0.243203431,16.1,0,0.0001,16.1,0
2008-09-10 00:00:00,0.246118039,16,0,0.0001,16,0
2008-09-11 00:00:00,0.245883584,15.9,0,0.0001,15.9,0
2008-09-12 00:00:00,0.240877107,15.8,0,0.0001,15.8,0
2008-09-13 00:00:00,0.228115752,15.7,0,0.0001,15.7,0
2008-09-14 00:00:00,0.220003754,15.6,0,0.0001,15.6,0
2008-09-15 00:00:00,0.21286495,15.5,0,0.0001,15.5,0
2008-09-16 00:00:00,0.206506714,15.4,0,0.0001,15.4,0
2008-09-17 00:00:00,0.212324068,15.3,0,0.0001,15.3,0
2008-09-18 00:00:00,0.210002363,15.2,0,0.0001,15.2,0
2008-09-19 00:00:00,0.208028123,15.06585366,0,0.0001,15.06585366,0
2008-09-20 00:00:00,0.20536074,14.93170732,0,0.0001,14.93170732,0
2008-09-21 00:00:00,0.204545185,14.79756098,0,0.0001,14.79756098,0
2008-09-22 00:00:00,0.204045266,14.66341463,0,0.0001,14.66341463,0
2008-09-23 00:00:00,0.203272447,14.52926829,0,0.0001,14.52926829,0
2008-09-24 00:00:00,0.202491671,14.39512195,0,0.0001,14.39512195,0
2008-09-25 00:00:00,0.201936617,14.26097561,0,0.0001,14.26097561,0
2008-09-26 00:00:00,0.201611713,14.12682927,0,0.0001,14.12682927,0
2008-09-27 00:00:00,0.199884474,13.99268293,0,0.0001,13.99268293,0
2008-09-28 00:00:00,0.200500622,13.85853659,0,0.0001,13.85853659,0
2008-09-29 00:00:00,0.200762168,13.72439024,0,0.0001,13.72439024,0
2008-09-30 00:00:00,0.204378664,13.5902439,0,0.0001,13.5902439,0
2008-10-01 00:00:00,0.207064435,13.45609756,0,0.0001,13.45609756,0
2008-10-02 00:00:00,0.208485752,13.32195122,0,0.0001,13.32195122,0
2008-10-03 00:00:00,0.207945213,13.18780488,0,0.0001,13.18780488,0
2008-10-04 00:00:00,0.206329405,13.05365854,0,0.0001,13.05365854,0
2008-10-05 00:00:00,0.215689063,12.9195122,0,0.0001,12.9195122,0
2008-10-06 00:00:00,0.218279436,12.78536585,0,0.0001,12.78536585,0
2008-10-07 00:00:00,0.217504576,12.65121951,0,0.0001,12.65121951,0
2008-10-08 00:00:00,0.214429393,12.51707317,0,0.0001,12.51707317,0
2008-10-09 00:00:00,0.211606175,12.38292683,0,0.0001,12.38292683,0
2008-10-10 00:00:00,0.208343655,12.24878049,0,0.0001,12.24878049,0
2008-10-11 00:00:00,0.206357881,12.11463415,0,0.0001,12.11463415,0
2008-10-12 00:00:00,0.205606252,11.9804878,0,0.0001,11.9804878,0
2008-10-13 00:00:00,0.203723475,11.84634146,0,0.0001,11.84634146,0
2008-10-14 00:00:00,0.202666745,11.71219512,0,0.0001,11.71219512,0
2008-10-15 00:00:00,0.205497161,11.57804878,0,0.0001,11.57804878,0
2008-10-16 00:00:00,0.210735008,11.44390244,0,0.0001,11.44390244,0
2008-10-17 00:00:00,0.212654263,11.3097561,0,0.0001,11.3097561,0
2008-10-18 00:00:00,0.213748991,11.17560976,0,0.0001,11.17560976,0
2008-10-19 00:00:00,0.216080517,11.04146341,0,0.0001,11.04146341,0
2008-10-20 00:00:00,0.216639742,10.90731707,0,0.0001,10.90731707,0
2008-10-21 00:00:00,0.222572476,10.77317073,0,0.0001,10.77317073,0
2008-10-22 00:00:00,0.224151537,10.63902439,0,0.0001,10.63902439,0
2008-10-23 00:00:00,0.223983496,10.50487805,0,0.0001,10.50487805,0
2008-10-24 00:00:00,0.222905234,10.37073171,0,0.0001,10.37073171,0
2008-10-25 00:00:00,0.221642241,10.23658537,0,0.0001,10.23658537,0
2008-10-26 00:00:00,0.244529545,10.10243902,0,0.0001,10.10243902,0
2008-10-27 00:00:00,0.268944412,9.968292683,0,0.0001,9.968292683,0
2008-10-28 00:00:00,0.280698061,9.834146341,0,0.0001,9.834146341,0
2008-10-29 00:00:00,0.284459323,9.7,0,0.0001,9.7,0
2008-10-30 00:00:00,0.285385281,9.621698113,0,0.0001,9.621698113,0
2008-10-31 00:00:00,0.282844901,9.543396226,0,0.0001,9.543396226,0
2008-11-01 00:00:00,0.279785603,9.46509434,0,0.0001,9.46509434,0
2008-11-02 00:00:00,0.274472088,9.386792453,0,0.0001,9.386792453,0
2008-11-03 00:00:00,0.271728486,9.308490566,0,0.0001,9.308490566,0
2008-11-04 00:00:00,0.267270327,9.230188679,0,0.0001,9.230188679,0
2008-11-05 00:00:00,0.264936447,9.151886792,0,0.0001,9.151886792,0
2008-11-06 00:00:00,0.263063133,9.073584906,0,0.0001,9.073584906,0
2008-11-07 00:00:00,0.263614804,8.995283019,0,0.0001,8.995283019,0
2008-11-08 00:00:00,0.263275266,8.916981132,0,0.0001,8.916981132,0
2008-11-09 00:00:00,0.268056959,8.838679245,0,0.0001,8.838679245,0
2008-11-10 00:00:00,0.283392191,8.760377358,0,0.0001,8.760377358,0
2008-11-11 00:00:00,0.337459654,8.682075472,0,0.0001,8.682075472,0
2008-11-12 00:00:00,0.410370022,8.603773585,0,0.0001,8.603773585,0
2008-11-13 00:00:00,0.463817805,8.525471698,0,0.0001,8.525471698,0
2008-11-14 00:00:00,0.507392168,8.447169811,0,0.0001,8.447169811,0
2008-11-15 00:00:00,0.534902453,8.368867925,0,0.0001,8.368867925,0
2008-11-16 00:00:00,0.546556234,8.290566038,0,0.0001,8.290566038,0
2008-11-17 00:00:00,0.549258888,8.212264151,0,0.0001,8.212264151,0
2008-11-18 00:00:00,0.549494147,8.133962264,0,0.0001,8.133962264,0
2008-11-19 00:00:00,0.552765846,8.055660377,0,0.0001,8.055660377,0
2008-11-20 00:00:00,0.563401282,7.977358491,0,0.0001,7.977358491,0
2008-11-21 00:00:00,0.563885629,7.899056604,0,0.0001,7.899056604,0
2008-11-22 00:00:00,0.555085897,7.820754717,0,0.0001,7.820754717,0
2008-11-23 00:00:00,0.541451931,7.74245283,0,0.0001,7.74245283,0
2008-11-24 00:00:00,0.523753822,7.664150943,0,0.0001,7.664150943,0
2008-11-25 00:00:00,0.502692223,7.585849057,0,0.0001,7.585849057,0
2008-11-26 00:00:00,0.480857164,7.50754717,0,0.0001,7.50754717,0
2008-11-27 00:00:00,0.462130457,7.429245283,0,0.0001,7.429245283,0
2008-11-28 00:00:00,0.461228162,7.350943396,0,0.0001,7.350943396,0
2008-11-29 00:00:00,0.458981097,7.272641509,0,0.0001,7.272641509,0
2008-11-30 00:00:00,0.455084383,7.194339623,0,0.0001,7.194339623,0
2008-12-01 00:00:00,0.453348935,7.116037736,0,0.0001,7.116037736,0
2008-12-02 00:00:00,0.447214365,7.037735849,0,0.0001,7.037735849,0
2008-12-03 00:00:00,0.439116389,6.959433962,0,0.0001,6.959433962,0
2008-12-04 00:00:00,0.433312953,6.881132075,0,0.0001,6.881132075,0
2008-12-05 00:00:00,0.434321493,6.802830189,0,0.0001,6.802830189,0
2008-12-06 00:00:00,0.4345586,6.724528302,0,0.0001,6.724528302,0
2008-12-07 00:00:00,0.433004916,6.646226415,0,0.0001,6.646226415,0
2008-12-08 00:00:00,0.429526597,6.567924528,0,0.0001,6.567924528,0
2008-12-09 00:00:00,0.426562786,6.489622642,0,0.0001,6.489622642,0
2008-12-10 00:00:00,0.420335382,6.411320755,0,0.0001,6.411320755,0
2008-12-11 00:00:00,0.411648035,6.333018868,0,0.0001,6.333018868,0
2008-12-12 00:00:00,0.395821452,6.254716981,0,0.0001,6.254716981,0
2008-12-13 00:00:00,0.386063516,6.176415094,0,0.0001,6.176415094,0
2008-12-14 00:00:00,0.379742026,6.098113208,0,0.0001,6.098113208,0
2008-12-15 00:00:00,0.370018989,6.019811321,0,0.0001,6.019811321,0
2008-12-16 00:00:00,0.360589445,5.941509434,0,0.0001,5.941509434,0
2008-12-17 00:00:00,0.35124442,5.863207547,0,0.0001,5.863207547,0
2008-12-18 00:00:00,0.341880739,5.78490566,0,0.0001,5.78490566,0
2008-12-19 00:00:00,0.342848361,5.706603774,0,0.0001,5.706603774,0
2008-12-20 00:00:00,0.344285548,5.628301887,0,0.0001,5.628301887,0
2008-12-21 00:00:00,0.343165845,5.55,0,0.0001,5.55,0
2008-12-22 00:00:00,0.345966756,5.471698113,0,0.0001,5.471698113,0
2008-12-23 00:00:00,0.343581408,5.393396226,0,0.0001,5.393396226,0
2008-12-24 00:00:00,0.339770764,5.31509434,0,0.0001,5.31509434,0
2008-12-25 00:00:00,0.33618328,5.236792453,0,0.0001,5.236792453,0
2008-12-26 00:00:00,0.329782724,5.158490566,0,0.0001,5.158490566,0
2008-12-27 00:00:00,0.32155785,5.080188679,0,0.0001,5.080188679,0
2008-12-28 00:00:00,0.31560716,5.001886792,0,0.0001,5.001886792,0
2008-12-29 00:00:00,0.309687287,4.923584906,0,0.0001,4.923584906,0
2008-12-30 00:00:00,0.303562939,4.845283019,0,0.0001,4.845283019,0
2008-12-31 00:00:00,0.296487153,4.766981132,0,0.0001,4.766981132,0
2009-01-01 00:00:00,0.289696008,4.688679245,0,0.0001,4.688679245,0
2009-01-02 00:00:00,0.283468395,4.610377358,0,0.0001,4.610377358,0
2009-01-03 00:00:00,0.276595742,4.532075472,0,0.0001,4.532075472,0
2009-01-04 00:00:00,0.275497764,4.453773585,0,0.0001,4.453773585,0
2009-01-05 00:00:00,0.268824816,4.375471698,0,0.0001,4.375471698,0
2009-01-06 00:00:00,0.260047048,4.297169811,0,0.0001,4.297169811,0
2009-01-07 00:00:00,0.254621208,4.218867925,0,0.0001,4.218867925,0
2009-01-08 00:00:00,0.248707399,4.140566038,0,0.0001,4.140566038,0
2009-01-09 00:00:00,0.244101614,4.062264151,0,0.0001,4.062264151,0
2009-01-10 00:00:00,0.242168322,3.983962264,0,0.0001,3.983962264,0
2009-01-11 00:00:00,0.239140287,3.905660377,0,0.0001,3.905660377,0
2009-01-12 00:00:00,0.237305641,3.827358491,0,0.0001,3.827358491,0
2009-01-13 00:00:00,0.246930733,3.749056604,0,0.0001,3.749056604,0
2009-01-14 00:00:00,0.253633291,3.670754717,0,0.0001,3.670754717,0
2009-01-15 00:00:00,0.258681267,3.59245283,0,0.0001,3.59245283,0
2009-01-16 00:00:00,0.261284739,3.514150943,0,0.0001,3.514150943,0
2009-01-17 00:00:00,0.261927456,3.435849057,0,0.0001,3.435849057,0
2009-01-18 00:00:00,0.270594627,3.35754717,0,0.0001,3.35754717,0
2009-01-19 00:00:00,0.306917936,3.279245283,0,0.0001,3.279245283,0
2009-01-20 00:00:00,0.349413931,3.200943396,0,0.0001,3.200943396,0
2009-01-21 00:00:00,0.38308394,3.122641509,0,0.0001,3.122641509,0
2009-01-22 00:00:00,0.405150592,3.044339623,0,0.0001,3.044339623,0
2009-01-23 00:00:00,0.431355953,2.966037736,0,0.0001,2.966037736,0
2009-01-24 00:00:00,0.460784018,2.887735849,0,0.0001,2.887735849,0
2009-01-25 00:00:00,0.484609455,2.809433962,0,0.0001,2.809433962,0
2009-01-26 00:00:00,0.494824082,2.731132075,0,0.0001,2.731132075,0
2009-01-27 00:00:00,0.494215876,2.652830189,0,0.0001,2.652830189,0
2009-01-28 00:00:00,0.486776203,2.574528302,0,0.0001,2.574528302,0
2009-01-29 00:00:00,0.475059956,2.496226415,0,0.0001,2.496226415,0
2009-01-30 00:00:00,0.459237337,2.417924528,0,0.0001,2.417924528,0
2009-01-31 00:00:00,0.443393707,2.339622642,0,0.0001,2.339622642,0
2009-02-01 00:00:00,0.431663662,2.261320755,0,0.0001,2.261320755,0
2009-02-02 00:00:00,0.414292336,2.183018868,0,0.0001,2.183018868,0
2009-02-03 00:00:00,0.395683557,2.104716981,0,0.0001,2.104716981,0
2009-02-04 00:00:00,0.381763309,2.026415094,0,0.0001,2.026415094,0
2009-02-05 00:00:00,0.372547776,1.948113208,0,0.0001,1.948113208,0
2009-02-06 00:00:00,0.366547704,1.869811321,0,0.0001,1.869811321,0
2009-02-07 00:00:00,0.36070323,1.791509434,0,0.0001,1.791509434,0
2009-02-08 00:00:00,0.355065346,1.713207547,0,0.0001,1.713207547,0
2009-02-09 00:00:00,0.348939687,1.63490566,0,0.0001,1.63490566,0
2009-02-10 00:00:00,0.344189763,1.556603774,0,0.0001,1.556603774,0
2009-02-11 00:00:00,0.338940054,1.478301887,0,0.0001,1.478301887,0
2009-02-12 00:00:00,0.332147926,1.4,0,0.0001,1.4,0
2009-02-13 00:00:00,0.324398875,1.447058824,0,0.0001,1.447058824,0
2009-02-14 00:00:00,0.315694034,1.494117647,0,0.0001,1.494117647,0
2009-02-15 00:00:00,0.312752366,1.541176471,0,0.0001,1.541176471,0
2009-02-16 00:00:00,0.311276704,1.588235294,0,0.0001,1.588235294,0
2009-02-17 00:00:00,0.307181478,1.635294118,0,0.0001,1.635294118,0
2009-02-18 00:00:00,0.301580131,1.682352941,0,0.0001,1.682352941,0
2009-02-19 00:00:00,0.30129981,1.729411765,0,0.0001,1.729411765,0
2009-02-20 00:00:00,0.304650456,1.776470588,0,0.0001,1.776470588,0
2009-02-21 00:00:00,0.309157073,1.823529412,0,0.0001,1.823529412,0
2009-02-22 00:00:00,0.327845484,1.870588235,0,0.0001,1.870588235,0
2009-02-23 00:00:00,0.350382656,1.917647059,0,0.0001,1.917647059,0
2009-02-24 00:00:00,0.367446035,1.964705882,0,0.0001,1.964705882,0
2009-02-25 00:00:00,0.378125697,2.011764706,0,0.0001,2.011764706,0
2009-02-26 00:00:00,0.388791382,2.058823529,0,0.0001,2.058823529,0
2009-02-27 00:00:00,0.394135743,2.105882353,0,0.0001,2.105882353,0
2009-02-28 00:00:00,0.393091977,2.152941176,0,0.0001,2.152941176,0
2009-03-01 00:00:00,0.387989998,2.2,0,0.0001,2.2,0
2009-03-02 00:00:00,0.394879252,2.247058824,0,0.0001,2.247058824,0
2009-03-03 00:00:00,0.405231684,2.294117647,0,0.0001,2.294117647,0
2009-03-04 00:00:00,0.414575964,2.341176471,0,0.0001,2.341176471,0
2009-03-05 00:00:00,0.414426088,2.388235294,0,0.0001,2.388235294,0
2009-03-06 00:00:00,0.407230616,2.435294118,0,0.0001,2.435294118,0
2009-03-07 00:00:00,0.404179305,2.482352941,0,0.0001,2.482352941,0
2009-03-08 00:00:00,0.409888238,2.529411765,0,0.0001,2.529411765,0
2009-03-09 00:00:00,0.4174923,2.576470588,0,0.0001,2.576470588,0
2009-03-10 00:00:00,0.420234591,2.623529412,0,0.0001,2.623529412,0
2009-03-11 00:00:00,0.419146508,2.670588235,0,0.0001,2.670588235,0
2009-03-12 00:00:00,0.420619994,2.717647059,0,0.0001,2.717647059,0
2009-03-13 00:00:00,0.425048888,2.764705882,0,0.0001,2.764705882,0
2009-03-14 00:00:00,0.425991803,2.811764706,0,0.0001,2.811764706,0
2009-03-15 00:00:00,0.430530518,2.858823529,0,0.0001,2.858823529,0
2009-03-16 00:00:00,0.430143207,2.905882353,0,0.0001,2.905882353,0
2009-03-17 00:00:00,0.433101982,2.952941176,0,0.0001,2.952941176,0
2009-03-18 00:00:00,0.432875007,3,0,0.0001,3,0
2009-03-19 00:00:00,0.431150317,3.333333333,0,0.0001,3.333333333,0
2009-03-20 00:00:00,0.426778466,3.666666667,0,0.0001,3.666666667,0
2009-03-21 00:00:00,0.417549014,4,0,0.0001,4,0
2009-03-22 00:00:00,0.4038257,4.333333333,0,0.0001,4.333333333,0
2009-03-23 00:00:00,0.401773602,4.666666667,0,0.0001,4.666666667,0
2009-03-24 00:00:00,0.398238629,5,0,0.0001,5,0
2009-03-25 00:00:00,0.385337383,5.333333333,0,0.0001,5.333333333,0
2009-03-26 00:00:00,0.371613383,5.666666667,0,0.0001,5.666666667,0
2009-03-27 00:00:00,0.371320814,6,0,0.0001,6,0
2009-03-28 00:00:00,0.3693721,6.333333333,0,0.0001,6.333333333,0
2009-03-29 00:00:00,0.363466203,6.666666667,0,0.0001,6.666666667,0
2009-03-30 00:00:00,0.353219569,7,0,0.0001,7,0
2009-03-31 00:00:00,0.341687381,7.333333333,0,0.0001,7.333333333,0
2009-04-01 00:00:00,0.335206449,7.666666667,0,0.0001,7.666666667,0
2009-04-02 00:00:00,0.333245724,8,0,0.0001,8,0
2009-04-03 00:00:00,0.332146525,8.1,0,0.0001,8.1,0
2009-04-04 00:00:00,0.330342412,8.2,0,0.0001,8.2,0
2009-04-05 00:00:00,0.328057617,8.3,0,0.0001,8.3,0
2009-04-06 00:00:00,0.325671464,8.4,0,0.0001,8.4,0
2009-04-07 00:00:00,0.325256526,8.5,0,0.0001,8.5,0
2009-04-08 00:00:00,0.336503685,8.6,0,0.0001,8.6,0
2009-04-09 00:00:00,0.340502411,8.7,0,0.0001,8.7,0
2009-04-10 00:00:00,0.340491951,8.8,0,0.0001,8.8,0
2009-04-11 00:00:00,0.338032275,8.9,0,0.0001,8.9,0
2009-04-12 00:00:00,0.330358177,9,0,0.0001,9,0
2009-04-13 00:00:00,0.326193035,9.1,0,0.0001,9.1,0
2009-04-14 00:00:00,0.320828199,9.2,0,0.0001,9.2,0
2009-04-15 00:00:00,0.316084832,9.3,0,0.0001,9.3,0
2009-04-16 00:00:00,0.311496943,9.4,0,0.0001,9.4,0
2009-04-17 00:00:00,0.301021427,9.5,0,0.0001,9.5,0
2009-04-18 00:00:00,0.291874647,9.6,0,0.0001,9.6,0
2009-04-19 00:00:00,0.279487371,9.7,0,0.0001,9.7,0
2009-04-20 00:00:00,0.268393755,9.8,0,0.0001,9.8,0
2009-04-21 00:00:00,0.258067727,9.9,0,0.0001,9.9,0
2009-04-22 00:00:00,0.247769877,10,0,0.0001,10,0
2009-04-23 00:00:00,0.239741042,10.1,0,0.0001,10.1,0
2009-04-24 00:00:00,0.231954709,10.2,0,0.0001,10.2,0
2009-04-25 00:00:00,0.224965602,10.3,0,0.0001,10.3,0
2009-04-26 00:00:00,0.215710819,10.4,0,0.0001,10.4,0
2009-04-27 00:00:00,0.210615203,10.5,0,0.0001,10.5,0
2009-04-28 00:00:00,0.20698683,10.6,0,0.0001,10.6,0
2009-04-29 00:00:00,0.199571311,10.7,0,0.0001,10.7,0
2009-04-30 00:00:00,0.193889827,10.8,0,0.0001,10.8,0
2009-05-01 00:00:00,0.185396045,10.9,0,0.0001,10.9,0
2009-05-02 00:00:00,0.176276699,11,0,0.0001,11,0
2009-05-03 00:00:00,0.172917113,11.1,0,0.0001,11.1,0
2009-05-04 00:00:00,0.180922344,11.2,0,0.0001,11.2,0
2009-05-05 00:00:00,0.180087462,11.3,0,0.0001,11.3,0
2009-05-06 00:00:00,0.18382147,11.4,0,0.0001,11.4,0
2009-05-07 00:00:00,0.181006432,11.55862069,0,0.0001,11.55862069,0
2009-05-08 00:00:00,0.183653757,11.71724138,0,0.0001,11.71724138,0
2009-05-09 00:00:00,0.182487369,11.87586207,0,0.0001,11.87586207,0
2009-05-10 00:00:00,0.176724106,12.03448276,0,0.0001,12.03448276,0
2009-05-11 00:00:00,0.171156585,12.19310345,0,0.0001,12.19310345,0
2009-05-12 00:00:00,0.166046426,12.35172414,0,0.0001,12.35172414,0
2009-05-13 00:00:00,0.161713257,12.51034483,0,0.0001,12.51034483,0
2009-05-14 00:00:00,0.157981202,12.66896552,0,0.0001,12.66896552,0
2009-05-15 00:00:00,0.153735787,12.82758621,0,0.0001,12.82758621,0
2009-05-16 00:00:00,0.152457684,12.9862069,0,0.0001,12.9862069,0
2009-05-17 00:00:00,0.159864098,13.14482759,0,0.0001,13.14482759,0
2009-05-18 00:00:00,0.176892906,13.30344828,0,0.0001,13.30344828,0
2009-05-19 00:00:00,0.189322844,13.46206897,0,0.0001,13.46206897,0
2009-05-20 00:00:00,0.190668091,13.62068966,0,0.0001,13.62068966,0
2009-05-21 00:00:00,0.190189764,13.77931034,0,0.0001,13.77931034,0
2009-05-22 00:00:00,0.192286074,13.93793103,0,0.0001,13.93793103,0
2009-05-23 00:00:00,0.187296987,14.09655172,0,0.0001,14.09655172,0
2009-05-24 00:00:00,0.183635235,14.25517241,0,0.0001,14.25517241,0
2009-05-25 00:00:00,0.177208796,14.4137931,0,0.0001,14.4137931,0
2009-05-26 00:00:00,0.179058507,14.57241379,0,0.0001,14.57241379,0
2009-05-27 00:00:00,0.173387975,14.73103448,0,0.0001,14.73103448,0
2009-05-28 00:00:00,0.166064471,14.88965517,0,0.0001,14.88965517,0
2009-05-29 00:00:00,0.160235912,15.04827586,0,0.0001,15.04827586,0
2009-05-30 00:00:00,0.154972017,15.20689655,0,0.0001,15.20689655,0
2009-05-31 00:00:00,0.14861986,15.36551724,0,0.0001,15.36551724,0
2009-06-01 00:00:00,0.143478289,15.52413793,0,0.0001,15.52413793,0
2009-06-02 00:00:00,0.135386139,15.68275862,0,0.0001,15.68275862,0
2009-06-03 00:00:00,0.12829043,15.84137931,0,0.0001,15.84137931,0
2009-06-04 00:00:00,0.126026332,16,0,0.0001,16,0
2009-06-05 00:00:00,0.1251169,15.98363095,0,0.0001,15.98363095,0
2009-06-06 00:00:00,0.122280747,15.9672619,0,0.0001,15.9672619,0
2009-06-07 00:00:00,0.117463842,15.95089286,0,0.0001,15.95089286,0
2009-06-08 00:00:00,0.112591833,15.93452381,0,0.0001,15.93452381,0
2009-06-09 00:00:00,0.109988421,15.91815476,0,0.0001,15.91815476,0
2009-06-10 00:00:00,0.114440963,15.90178571,0,0.0001,15.90178571,0
2009-06-11 00:00:00,0.123489507,15.88541667,0,0.0001,15.88541667,0
2009-06-12 00:00:00,0.149559736,15.86904762,0,0.0001,15.86904762,0
2009-06-13 00:00:00,0.162067264,15.85267857,0,0.0001,15.85267857,0
2009-06-14 00:00:00,0.15715684,15.83630952,0,0.0001,15.83630952,0
2009-06-15 00:00:00,0.149341896,15.81994048,0,0.0001,15.81994048,0
2009-06-16 00:00:00,0.140078962,15.80357143,0,0.0001,15.80357143,0
2009-06-17 00:00:00,0.132928237,15.78720238,0,0.0001,15.78720238,0
2009-06-18 00:00:00,0.128746495,15.77083333,0,0.0001,15.77083333,0
2009-06-19 00:00:00,0.130172297,15.75446429,0,0.0001,15.75446429,0
2009-06-20 00:00:00,0.129792631,15.73809524,0,0.0001,15.73809524,0
2009-06-21 00:00:00,0.12641862,15.72172619,0,0.0001,15.72172619,0
2009-06-22 00:00:00,0.124069996,15.70535714,0,0.0001,15.70535714,0
2009-06-23 00:00:00,0.118713133,15.6889881,0,0.0001,15.6889881,0
2009-06-24 00:00:00,0.115535095,15.67261905,0,0.0001,15.67261905,0
2009-06-25 00:00:00,0.111776277,15.65625,0,0.0001,15.65625,0
2009-06-26 00:00:00,0.108178154,15.63988095,0,0.0001,15.63988095,0
2009-06-27 00:00:00,0.101157568,15.6235119,0,0.0001,15.6235119,0
2009-06-28 00:00:00,0.095738828,15.60714286,0,0.0001,15.60714286,0
2009-06-29 00:00:00,0.091744326,15.59077381,0,0.0001,15.59077381,0
2009-06-30 00:00:00,0.090094186,15.57440476,0,0.0001,15.57440476,0
2009-07-01 00:00:00,0.085534133,15.55803571,0,0.0001,15.55803571,0
2009-07-02 00:00:00,0.080820233,15.54166667,0,0.0001,15.54166667,0
2009-07-03 00:00:00,0.078041136,15.52529762,0,0.0001,15.52529762,0
2009-07-04 00:00:00,0.073215067,15.50892857,0,0.0001,15.50892857,0
2009-07-05 00:00:00,0.06545788,15.49255952,0,0.0001,15.49255952,0
2009-07-06 00:00:00,0.065046422,15.47619048,0,0.0001,15.47619048,0
2009-07-07 00:00:00,0.070349045,15.45982143,0,0.0001,15.45982143,0
2009-07-08 00:00:00,0.069101118,15.44345238,0,0.0001,15.44345238,0
2009-07-09 00:00:00,0.064170934,15.42708333,0,0.0001,15.42708333,0
2009-07-10 00:00:00,0.061045494,15.41071429,0,0.0001,15.41071429,0
2009-07-11 00:00:00,0.058284108,15.39434524,0,0.0001,15.39434524,0
2009-07-12 00:00:00,0.056218304,15.37797619,0,0.0001,15.37797619,0
2009-07-13 00:00:00,0.057301778,15.36160714,0,0.0001,15.36160714,0
2009-07-14 00:00:00,0.056055129,15.3452381,0,0.0001,15.3452381,0
2009-07-15 00:00:00,0.056886751,15.32886905,0,0.0001,15.32886905,0
2009-07-16 00:00:00,0.054690551,15.3125,0,0.0001,15.3125,0
2009-07-17 00:00:00,0.055540975,15.29613095,0,0.0001,15.29613095,0
2009-07-18 00:00:00,0.062086787,15.2797619,0,0.0001,15.2797619,0
2009-07-19 00:00:00,0.064017996,15.26339286,0,0.0001,15.26339286,0
2009-07-20 00:00:00,0.063106894,15.24702381,0,0.0001,15.24702381,0
2009-07-21 00:00:00,0.062832564,15.23065476,0,0.0001,15.23065476,0
2009-07-22 00:00:00,0.061237726,15.21428571,0,0.0001,15.21428571,0
2009-07-23 00:00:00,0.067497142,15.19791667,0,0.0001,15.19791667,0
2009-07-24 00:00:00,0.080147989,15.18154762,0,0.0001,15.18154762,0
2009-07-25 00:00:00,0.092946969,15.16517857,0,0.0001,15.16517857,0
2009-07-26 00:00:00,0.091150247,15.14880952,0,0.0001,15.14880952,0
2009-07-27 00:00:00,0.092731841,15.13244048,0,0.0001,15.13244048,0
2009-07-28 00:00:00,0.105263852,15.11607143,0,0.0001,15.11607143,0
2009-07-29 00:00:00,0.103476554,15.09970238,0,0.0001,15.09970238,0
2009-07-30 00:00:00,0.106463529,15.08333333,0,0.0001,15.08333333,0
2009-07-31 00:00:00,0.102865174,15.06696429,0,0.0001,15.06696429,0
2009-08-01 00:00:00,0.100785635,15.05059524,0,0.0001,15.05059524,0
2009-08-02 00:00:00,0.100947276,15.03422619,0,0.0001,15.03422619,0
2009-08-03 00:00:00,0.109764323,15.01785714,0,0.0001,15.01785714,0
2009-08-04 00:00:00,0.108992748,15.0014881,0,0.0001,15.0014881,0
2009-08-05 00:00:00,0.106468268,14.98511905,0,0.0001,14.98511905,0
2009-08-06 00:00:00,0.105665229,14.96875,0,0.0001,14.96875,0
2009-08-07 00:00:00,0.104675435,14.95238095,0,0.0001,14.95238095,0
2009-08-08 00:00:00,0.102433473,14.9360119,0,0.0001,14.9360119,0
2009-08-09 00:00:00,0.11067237,14.91964286,0,0.0001,14.91964286,0
2009-08-10 00:00:00,0.116826043,14.90327381,0,0.0001,14.90327381,0
2009-08-11 00:00:00,0.114533626,14.88690476,0,0.0001,14.88690476,0
2009-08-12 00:00:00,0.108451642,14.87053571,0,0.0001,14.87053571,0
2009-08-13 00:00:00,0.103527077,14.85416667,0,0.0001,14.85416667,0
2009-08-14 00:00:00,0.09423741,14.83779762,0,0.0001,14.83779762,0
2009-08-15 00:00:00,0.101243764,14.82142857,0,0.0001,14.82142857,0
2009-08-16 00:00:00,0.102278717,14.80505952,0,0.0001,14.80505952,0
2009-08-17 00:00:00,0.099303067,14.78869048,0,0.0001,14.78869048,0
2009-08-18 00:00:00,0.097888812,14.77232143,0,0.0001,14.77232143,0
2009-08-19 00:00:00,0.095064327,14.75595238,0,0.0001,14.75595238,0
2009-08-20 00:00:00,0.09451846,14.73958333,0,0.0001,14.73958333,0
2009-08-21 00:00:00,0.111117005,14.72321429,0,0.0001,14.72321429,0
2009-08-22 00:00:00,0.107392967,14.70684524,0,0.0001,14.70684524,0
2009-08-23 00:00:00,0.103441365,14.69047619,0,0.0001,14.69047619,0
2009-08-24 00:00:00,0.101863168,14.67410714,0,0.0001,14.67410714,0
2009-08-25 00:00:00,0.099372275,14.6577381,0,0.0001,14.6577381,0
2009-08-26 00:00:00,0.118027478,14.64136905,0,0.0001,14.64136905,0
2009-08-27 00:00:00,0.115893662,14.625,0,0.0001,14.625,0
2009-08-28 00:00:00,0.116966188,14.60863095,0,0.0001,14.60863095,0
2009-08-29 00:00:00,0.120009243,14.5922619,0,0.0001,14.5922619,0
2009-08-30 00:00:00,0.12211106,14.57589286,0,0.0001,14.57589286,0
2009-08-31 00:00:00,0.121706367,14.55952381,0,0.0001,14.55952381,0
2009-09-01 00:00:00,0.121309713,14.54315476,0,0.0001,14.54315476,0
2009-09-02 00:00:00,0.120878175,14.52678571,0,0.0001,14.52678571,0
2009-09-03 00:00:00,0.13421692,14.51041667,0,0.0001,14.51041667,0
2009-09-04 00:00:00,0.166430429,14.49404762,0,0.0001,14.49404762,0
2009-09-05 00:00:00,0.18398869,14.47767857,0,0.0001,14.47767857,0
2009-09-06 00:00:00,0.187803164,14.46130952,0,0.0001,14.46130952,0
2009-09-07 00:00:00,0.185828343,14.44494048,0,0.0001,14.44494048,0
2009-09-08 00:00:00,0.185355648,14.42857143,0,0.0001,14.42857143,0
2009-09-09 00:00:00,0.18238835,14.41220238,0,0.0001,14.41220238,0
2009-09-10 00:00:00,0.177560166,14.39583333,0,0.0001,14.39583333,0
2009-09-11 00:00:00,0.173212916,14.37946429,0,0.0001,14.37946429,0
2009-09-12 00:00:00,0.166142181,14.36309524,0,0.0001,14.36309524,0
2009-09-13 00:00:00,0.159656435,14.34672619,0,0.0001,14.34672619,0
2009-09-14 00:00:00,0.156160802,14.33035714,0,0.0001,14.33035714,0
2009-09-15 00:00:00,0.152329162,14.3139881,0,0.0001,14.3139881,0
2009-09-16 00:00:00,0.146004438,14.29761905,0,0.0001,14.29761905,0
2009-09-17 00:00:00,0.140308499,14.28125,0,0.0001,14.28125,0
2009-09-18 00:00:00,0.137027994,14.26488095,0,0.0001,14.26488095,0
2009-09-19 00:00:00,0.133935168,14.2485119,0,0.0001,14.2485119,0
2009-09-20 00:00:00,0.131054506,14.23214286,0,0.0001,14.23214286,0
2009-09-21 00:00:00,0.127667204,14.21577381,0,0.0001,14.21577381,0
2009-09-22 00:00:00,0.125157446,14.19940476,0,0.0001,14.19940476,0
2009-09-23 00:00:00,0.121812351,14.18303571,0,0.0001,14.18303571,0
2009-09-24 00:00:00,0.118386813,14.16666667,0,0.0001,14.16666667,0
2009-09-25 00:00:00,0.115003623,14.15029762,0,0.0001,14.15029762,0
2009-09-26 00:00:00,0.111182705,14.13392857,0,0.0001,14.13392857,0
2009-09-27 00:00:00,0.108038463,14.11755952,0,0.0001,14.11755952,0
2009-09-28 00:00:00,0.105912477,14.10119048,0,0.0001,14.10119048,0
2009-09-29 00:00:00,0.102784902,14.08482143,0,0.0001,14.08482143,0
2009-09-30 00:00:00,0.09886086,14.06845238,0,0.0001,14.06845238,0
2009-10-01 00:00:00,0.098027155,14.05208333,0,0.0001,14.05208333,0
2009-10-02 00:00:00,0.09636654,14.03571429,0,0.0001,14.03571429,0
2009-10-03 00:00:00,0.117376611,14.01934524,0,0.0001,14.01934524,0
2009-10-04 00:00:00,0.139676109,14.00297619,0,0.0001,14.00297619,0
2009-10-05 00:00:00,0.140564144,13.98660714,0,0.0001,13.98660714,0
2009-10-06 00:00:00,0.146450192,13.9702381,0,0.0001,13.9702381,0
2009-10-07 00:00:00,0.168163002,13.95386905,0,0.0001,13.95386905,0
2009-10-08 00:00:00,0.171212807,13.9375,0,0.0001,13.9375,0
2009-10-09 00:00:00,0.170033813,13.92113095,0,0.0001,13.92113095,0
2009-10-10 00:00:00,0.171328008,13.9047619,0,0.0001,13.9047619,0
2009-10-11 00:00:00,0.170441777,13.88839286,0,0.0001,13.88839286,0
2009-10-12 00:00:00,0.171104133,13.87202381,0,0.0001,13.87202381,0
2009-10-13 00:00:00,0.167457432,13.85565476,0,0.0001,13.85565476,0
2009-10-14 00:00:00,0.163333297,13.83928571,0,0.0001,13.83928571,0
2009-10-15 00:00:00,0.158831507,13.82291667,0,0.0001,13.82291667,0
2009-10-16 00:00:00,0.164015576,13.80654762,0,0.0001,13.80654762,0
2009-10-17 00:00:00,0.165823281,13.79017857,0,0.0001,13.79017857,0
2009-10-18 00:00:00,0.163781777,13.77380952,0,0.0001,13.77380952,0
2009-10-19 00:00:00,0.161575139,13.75744048,0,0.0001,13.75744048,0
2009-10-20 00:00:00,0.162073389,13.74107143,0,0.0001,13.74107143,0
2009-10-21 00:00:00,0.161610737,13.72470238,0,0.0001,13.72470238,0
2009-10-22 00:00:00,0.161931992,13.70833333,0,0.0001,13.70833333,0
2009-10-23 00:00:00,0.15982911,13.69196429,0,0.0001,13.69196429,0
2009-10-24 00:00:00,0.164068758,13.67559524,0,0.0001,13.67559524,0
2009-10-25 00:00:00,0.17793192,13.65922619,0,0.0001,13.65922619,0
2009-10-26 00:00:00,0.194239169,13.64285714,0,0.0001,13.64285714,0
2009-10-27 00:00:00,0.201328486,13.6264881,0,0.0001,13.6264881,0
2009-10-28 00:00:00,0.216059387,13.61011905,0,0.0001,13.61011905,0
2009-10-29 00:00:00,0.248362839,13.59375,0,0.0001,13.59375,0
2009-10-30 00:00:00,0.257415533,13.57738095,0,0.0001,13.57738095,0
2009-10-31 00:00:00,0.262729794,13.5610119,0,0.0001,13.5610119,0
2009-11-01 00:00:00,0.264629304,13.54464286,0,0.0001,13.54464286,0
2009-11-02 00:00:00,0.29169482,13.52827381,0,0.0001,13.52827381,0
2009-11-03 00:00:00,0.307173461,13.51190476,0,0.0001,13.51190476,0
2009-11-04 00:00:00,0.32128185,13.49553571,0,0.0001,13.49553571,0
2009-11-05 00:00:00,0.335437536,13.47916667,0,0.0001,13.47916667,0
2009-11-06 00:00:00,0.348951072,13.46279762,0,0.0001,13.46279762,0
2009-11-07 00:00:00,0.366477013,13.44642857,0,0.0001,13.44642857,0
2009-11-08 00:00:00,0.374870807,13.43005952,0,0.0001,13.43005952,0
2009-11-09 00:00:00,0.37562871,13.41369048,0,0.0001,13.41369048,0
2009-11-10 00:00:00,0.37848556,13.39732143,0,0.0001,13.39732143,0
2009-11-11 00:00:00,0.386790305,13.38095238,0,0.0001,13.38095238,0
2009-11-12 00:00:00,0.40286836,13.36458333,0,0.0001,13.36458333,0
2009-11-13 00:00:00,0.41515401,13.34821429,0,0.0001,13.34821429,0
2009-11-14 00:00:00,0.433029592,13.33184524,0,0.0001,13.33184524,0
2009-11-15 00:00:00,0.443298906,13.31547619,0,0.0001,13.31547619,0
2009-11-16 00:00:00,0.462643951,13.29910714,0,0.0001,13.29910714,0
2009-11-17 00:00:00,0.473729014,13.2827381,0,0.0001,13.2827381,0
2009-11-18 00:00:00,0.527148128,13.26636905,0,0.0001,13.26636905,0
2009-11-19 00:00:00,0.622696757,13.25,0,0.0001,13.25,0
2009-11-20 00:00:00,0.685965478,13.23363095,0,0.0001,13.23363095,0
2009-11-21 00:00:00,0.733416736,13.2172619,0,0.0001,13.2172619,0
2009-11-22 00:00:00,0.76218915,13.20089286,0,0.0001,13.20089286,0
2009-11-23 00:00:00,0.818193972,13.18452381,0,0.0001,13.18452381,0
2009-11-24 00:00:00,0.87993139,13.16815476,0,0.0001,13.16815476,0
2009-11-25 00:00:00,0.938774049,13.15178571,0,0.0001,13.15178571,0
2009-11-26 00:00:00,0.992353082,13.13541667,0,0.0001,13.13541667,0
2009-11-27 00:00:00,1.067922592,13.11904762,0,0.0001,13.11904762,0
2009-11-28 00:00:00,1.153720975,13.10267857,0,0.0001,13.10267857,0
2009-11-29 00:00:00,1.250034928,13.08630952,0,0.0001,13.08630952,0
2009-11-30 00:00:00,1.303448319,13.06994048,0,0.0001,13.06994048,0
2009-12-01 00:00:00,1.311316252,13.05357143,0,0.0001,13.05357143,0
2009-12-02 00:00:00,1.280246854,13.03720238,0,0.0001,13.03720238,0
2009-12-03 00:00:00,1.24054122,13.02083333,0,0.0001,13.02083333,0
2009-12-04 00:00:00,1.204120755,13.00446429,0,0.0001,13.00446429,0
2009-12-05 00:00:00,1.177466869,12.98809524,0,0.0001,12.98809524,0
2009-12-06 00:00:00,1.154046059,12.97172619,0,0.0001,12.97172619,0
2009-12-07 00:00:00,1.151400805,12.95535714,0,0.0001,12.95535714,0
2009-12-08 00:00:00,1.139100909,12.9389881,0,0.0001,12.9389881,0
2009-12-09 00:00:00,1.108995914,12.92261905,0,0.0001,12.92261905,0
2009-12-10 00:00:00,1.084976435,12.90625,0,0.0001,12.90625,0
2009-12-11 00:00:00,1.071154237,12.88988095,0,0.0001,12.88988095,0
2009-12-12 00:00:00,1.045720696,12.8735119,0,0.0001,12.8735119,0
2009-12-13 00:00:00,1.014718056,12.85714286,0,0.0001,12.85714286,0
2009-12-14 00:00:00,0.979305506,12.84077381,0,0.0001,12.84077381,0
2009-12-15 00:00:00,0.936450899,12.82440476,0,0.0001,12.82440476,0
2009-12-16 00:00:00,0.919096887,12.80803571,0,0.0001,12.80803571,0
2009-12-17 00:00:00,0.899759233,12.79166667,0,0.0001,12.79166667,0
2009-12-18 00:00:00,0.856041968,12.77529762,0,0.0001,12.77529762,0
2009-12-19 00:00:00,0.81618917,12.75892857,0,0.0001,12.75892857,0
2009-12-20 00:00:00,0.778161705,12.74255952,0,0.0001,12.74255952,0
2009-12-21 00:00:00,0.741283596,12.72619048,0,0.0001,12.72619048,0
2009-12-22 00:00:00,0.720529795,12.70982143,0,0.0001,12.70982143,0
2009-12-23 00:00:00,0.703073859,12.69345238,0,0.0001,12.69345238,0
2009-12-24 00:00:00,0.672976673,12.67708333,0,0.0001,12.67708333,0
2009-12-25 00:00:00,0.66726619,12.66071429,0,0.0001,12.66071429,0
2009-12-26 00:00:00,0.707538605,12.64434524,0,0.0001,12.64434524,0
2009-12-27 00:00:00,0.752011895,12.62797619,0,0.0001,12.62797619,0
2009-12-28 00:00:00,0.842573464,12.61160714,0,0.0001,12.61160714,0
2009-12-29 00:00:00,0.936682105,12.5952381,0,0.0001,12.5952381,0
2009-12-30 00:00:00,0.984990776,12.57886905,0,0.0001,12.57886905,0
2009-12-31 00:00:00,0.989856958,12.5625,0,0.0001,12.5625,0
2010-01-01 00:00:00,0.967557549,12.54613095,0,0.0001,12.54613095,0
2010-01-02 00:00:00,0.932360947,12.5297619,0,0.0001,12.5297619,0
2010-01-03 00:00:00,0.884012461,12.51339286,0,0.0001,12.51339286,0
2010-01-04 00:00:00,0.834619999,12.49702381,0,0.0001,12.49702381,0
2010-01-05 00:00:00,0.795959711,12.48065476,0,0.0001,12.48065476,0
2010-01-06 00:00:00,0.763768673,12.46428571,0,0.0001,12.46428571,0
2010-01-07 00:00:00,0.719191074,12.44791667,0,0.0001,12.44791667,0
2010-01-08 00:00:00,0.677992702,12.43154762,0,0.0001,12.43154762,0
2010-01-09 00:00:00,0.636503279,12.41517857,0,0.0001,12.41517857,0
2010-01-10 00:00:00,0.600747824,12.39880952,0,0.0001,12.39880952,0
2010-01-11 00:00:00,0.565531969,12.38244048,0,0.0001,12.38244048,0
2010-01-12 00:00:00,0.535113811,12.36607143,0,0.0001,12.36607143,0
2010-01-13 00:00:00,0.512607574,12.34970238,0,0.0001,12.34970238,0
2010-01-14 00:00:00,0.489535064,12.33333333,0,0.0001,12.33333333,0
2010-01-15 00:00:00,0.464827836,12.31696429,0,0.0001,12.31696429,0
2010-01-16 00:00:00,0.444310218,12.30059524,0,0.0001,12.30059524,0
2010-01-17 00:00:00,0.42554903,12.28422619,0,0.0001,12.28422619,0
2010-01-18 00:00:00,0.408345878,12.26785714,0,0.0001,12.26785714,0
2010-01-19 00:00:00,0.393239856,12.2514881,0,0.0001,12.2514881,0
2010-01-20 00:00:00,0.382190406,12.23511905,0,0.0001,12.23511905,0
2010-01-21 00:00:00,0.369020104,12.21875,0,0.0001,12.21875,0
2010-01-22 00:00:00,0.356006801,12.20238095,0,0.0001,12.20238095,0
2010-01-23 00:00:00,0.344749391,12.1860119,0,0.0001,12.1860119,0
2010-01-24 00:00:00,0.331392109,12.16964286,0,0.0001,12.16964286,0
2010-01-25 00:00:00,0.321863443,12.15327381,0,0.0001,12.15327381,0
2010-01-26 00:00:00,0.310148329,12.13690476,0,0.0001,12.13690476,0
2010-01-27 00:00:00,0.304367661,12.12053571,0,0.0001,12.12053571,0
2010-01-28 00:00:00,0.305741072,12.10416667,0,0.0001,12.10416667,0
2010-01-29 00:00:00,0.303147405,12.08779762,0,0.0001,12.08779762,0
2010-01-30 00:00:00,0.29934752,12.07142857,0,0.0001,12.07142857,0
2010-01-31 00:00:00,0.29628399,12.05505952,0,0.0001,12.05505952,0
2010-02-01 00:00:00,0.291197598,12.03869048,0,0.0001,12.03869048,0
2010-02-02 00:00:00,0.290773481,12.02232143,0,0.0001,12.02232143,0
2010-02-03 00:00:00,0.293038756,12.00595238,0,0.0001,12.00595238,0
2010-02-04 00:00:00,0.287760466,11.98958333,0,0.0001,11.98958333,0
2010-02-05 00:00:00,0.28000176,11.97321429,0,0.0001,11.97321429,0
2010-02-06 00:00:00,0.273977309,11.95684524,0,0.0001,11.95684524,0
2010-02-07 00:00:00,0.269152552,11.94047619,0,0.0001,11.94047619,0
2010-02-08 00:00:00,0.265109628,11.92410714,0,0.0001,11.92410714,0
2010-02-09 00:00:00,0.260859996,11.9077381,0,0.0001,11.9077381,0
2010-02-10 00:00:00,0.256100565,11.89136905,0,0.0001,11.89136905,0
2010-02-11 00:00:00,0.252028823,11.875,0,0.0001,11.875,0
2010-02-12 00:00:00,0.246760294,11.85863095,0,0.0001,11.85863095,0
2010-02-13 00:00:00,0.241938531,11.8422619,0,0.0001,11.8422619,0
2010-02-14 00:00:00,0.239664897,11.82589286,0,0.0001,11.82589286,0
2010-02-15 00:00:00,0.236145213,11.80952381,0,0.0001,11.80952381,0
2010-02-16 00:00:00,0.233798251,11.79315476,0,0.0001,11.79315476,0
2010-02-17 00:00:00,0.232113287,11.77678571,0,0.0001,11.77678571,0
2010-02-18 00:00:00,0.231699869,11.76041667,0,0.0001,11.76041667,0
2010-02-19 00:00:00,0.235409275,11.74404762,0,0.0001,11.74404762,0
2010-02-20 00:00:00,0.247251526,11.72767857,0,0.0001,11.72767857,0
2010-02-21 00:00:00,0.248250902,11.71130952,0,0.0001,11.71130952,0
2010-02-22 00:00:00,0.249466345,11.69494048,0,0.0001,11.69494048,0
2010-02-23 00:00:00,0.246780276,11.67857143,0,0.0001,11.67857143,0
2010-02-24 00:00:00,0.243677944,11.66220238,0,0.0001,11.66220238,0
2010-02-25 00:00:00,0.245757371,11.64583333,0,0.0001,11.64583333,0
2010-02-26 00:00:00,0.250381052,11.62946429,0,0.0001,11.62946429,0
2010-02-27 00:00:00,0.271664441,11.61309524,0,0.0001,11.61309524,0
2010-02-28 00:00:00,0.327041954,11.59672619,0,0.0001,11.59672619,0
2010-03-01 00:00:00,0.437965602,11.58035714,0,0.0001,11.58035714,0
2010-03-02 00:00:00,0.534592271,11.5639881,0,0.0001,11.5639881,0
2010-03-03 00:00:00,0.592220306,11.54761905,0,0.0001,11.54761905,0
2010-03-04 00:00:00,0.611063719,11.53125,0,0.0001,11.53125,0
2010-03-05 00:00:00,0.605468512,11.51488095,0,0.0001,11.51488095,0
2010-03-06 00:00:00,0.585944951,11.4985119,0,0.0001,11.4985119,0
2010-03-07 00:00:00,0.558273792,11.48214286,0,0.0001,11.48214286,0
2010-03-08 00:00:00,0.535021722,11.46577381,0,0.0001,11.46577381,0
2010-03-09 00:00:00,0.512409389,11.44940476,0,0.0001,11.44940476,0
2010-03-10 00:00:00,0.488117665,11.43303571,0,0.0001,11.43303571,0
2010-03-11 00:00:00,0.47353062,11.41666667,0,0.0001,11.41666667,0
2010-03-12 00:00:00,0.524757683,11.40029762,0,0.0001,11.40029762,0
2010-03-13 00:00:00,0.627729535,11.38392857,0,0.0001,11.38392857,0
2010-03-14 00:00:00,0.72612232,11.36755952,0,0.0001,11.36755952,0
2010-03-15 00:00:00,0.778204978,11.35119048,0,0.0001,11.35119048,0
2010-03-16 00:00:00,0.788295805,11.33482143,0,0.0001,11.33482143,0
2010-03-17 00:00:00,0.778517246,11.31845238,0,0.0001,11.31845238,0
2010-03-18 00:00:00,0.773399293,11.30208333,0,0.0001,11.30208333,0
2010-03-19 00:00:00,0.775761485,11.28571429,0,0.0001,11.28571429,0
2010-03-20 00:00:00,0.780341566,11.26934524,0,0.0001,11.26934524,0
2010-03-21 00:00:00,0.785423398,11.25297619,0,0.0001,11.25297619,0
2010-03-22 00:00:00,0.777633369,11.23660714,0,0.0001,11.23660714,0
2010-03-23 00:00:00,0.761606872,11.2202381,0,0.0001,11.2202381,0
2010-03-24 00:00:00,0.736311436,11.20386905,0,0.0001,11.20386905,0
2010-03-25 00:00:00,0.708476841,11.1875,0,0.0001,11.1875,0
2010-03-26 00:00:00,0.683348358,11.17113095,0,0.0001,11.17113095,0
2010-03-27 00:00:00,0.714971483,11.1547619,0,0.0001,11.1547619,0
2010-03-28 00:00:00,0.736725986,11.13839286,0,0.0001,11.13839286,0
2010-03-29 00:00:00,0.750237703,11.12202381,0,0.0001,11.12202381,0
2010-03-30 00:00:00,0.744989514,11.10565476,0,0.0001,11.10565476,0
2010-03-31 00:00:00,0.746400237,11.08928571,0,0.0001,11.08928571,0
2010-04-01 00:00:00,0.73467809,11.07291667,0,0.0001,11.07291667,0
2010-04-02 00:00:00,0.723023832,11.05654762,0,0.0001,11.05654762,0
2010-04-03 00:00:00,0.702917874,11.04017857,0,0.0001,11.04017857,0
2010-04-04 00:00:00,0.685200572,11.02380952,0,0.0001,11.02380952,0
2010-04-05 00:00:00,0.669977248,11.00744048,0,0.0001,11.00744048,0
2010-04-06 00:00:00,0.651589751,10.99107143,0,0.0001,10.99107143,0
2010-04-07 00:00:00,0.635113776,10.97470238,0,0.0001,10.97470238,0
2010-04-08 00:00:00,0.61502111,10.95833333,0,0.0001,10.95833333,0
2010-04-09 00:00:00,0.594375312,10.94196429,0,0.0001,10.94196429,0
2010-04-10 00:00:00,0.575330138,10.92559524,0,0.0001,10.92559524,0
2010-04-11 00:00:00,0.55423522,10.90922619,0,0.0001,10.90922619,0
2010-04-12 00:00:00,0.535560966,10.89285714,0,0.0001,10.89285714,0
2010-04-13 00:00:00,0.517306924,10.8764881,0,0.0001,10.8764881,0
2010-04-14 00:00:00,0.500367522,10.86011905,0,0.0001,10.86011905,0
2010-04-15 00:00:00,0.480933487,10.84375,0,0.0001,10.84375,0
2010-04-16 00:00:00,0.462807029,10.82738095,0,0.0001,10.82738095,0
2010-04-17 00:00:00,0.445265263,10.8110119,0,0.0001,10.8110119,0
2010-04-18 00:00:00,0.432994455,10.79464286,0,0.0001,10.79464286,0
2010-04-19 00:00:00,0.420430124,10.77827381,0,0.0001,10.77827381,0
2010-04-20 00:00:00,0.413348734,10.76190476,0,0.0001,10.76190476,0
2010-04-21 00:00:00,0.413784117,10.74553571,0,0.0001,10.74553571,0
2010-04-22 00:00:00,0.403856903,10.72916667,0,0.0001,10.72916667,0
2010-04-23 00:00:00,0.395374388,10.71279762,0,0.0001,10.71279762,0
2010-04-24 00:00:00,0.388542891,10.69642857,0,0.0001,10.69642857,0
2010-04-25 00:00:00,0.379085958,10.68005952,0,0.0001,10.68005952,0
2010-04-26 00:00:00,0.370387167,10.66369048,0,0.0001,10.66369048,0
2010-04-27 00:00:00,0.364454091,10.64732143,0,0.0001,10.64732143,0
2010-04-28 00:00:00,0.354006261,10.63095238,0,0.0001,10.63095238,0
2010-04-29 00:00:00,0.341264635,10.61458333,0,0.0001,10.61458333,0
2010-04-30 00:00:00,0.338856041,10.59821429,0,0.0001,10.59821429,0
2010-05-01 00:00:00,0.337257385,10.58184524,0,0.0001,10.58184524,0
2010-05-02 00:00:00,0.329183638,10.56547619,0,0.0001,10.56547619,0
2010-05-03 00:00:00,0.317718446,10.54910714,0,0.0001,10.54910714,0
2010-05-04 00:00:00,0.305236965,10.5327381,0,0.0001,10.5327381,0
2010-05-05 00:00:00,0.31445843,10.51636905,0,0.0001,10.51636905,0
2010-05-06 00:00:00,0.304972827,10.5,0,0.0001,10.5,0
2010-05-07 00:00:00,0.294731855,10.48363095,0,0.0001,10.48363095,0
2010-05-08 00:00:00,0.300082862,10.4672619,0,0.0001,10.4672619,0
2010-05-09 00:00:00,0.306290507,10.45089286,0,0.0001,10.45089286,0
2010-05-10 00:00:00,0.298864782,10.43452381,0,0.0001,10.43452381,0
2010-05-11 00:00:00,0.29060176,10.41815476,0,0.0001,10.41815476,0
2010-05-12 00:00:00,0.310563385,10.40178571,0,0.0001,10.40178571,0
2010-05-13 00:00:00,0.33369416,10.38541667,0,0.0001,10.38541667,0
2010-05-14 00:00:00,0.324982077,10.36904762,0,0.0001,10.36904762,0
2010-05-15 00:00:00,0.335425854,10.35267857,0,0.0001,10.35267857,0
2010-05-16 00:00:00,0.470340371,10.33630952,0,0.0001,10.33630952,0
2010-05-17 00:00:00,0.509539723,10.31994048,0,0.0001,10.31994048,0
2010-05-18 00:00:00,0.495328665,10.30357143,0,0.0001,10.30357143,0
2010-05-19 00:00:00,0.466745824,10.28720238,0,0.0001,10.28720238,0
2010-05-20 00:00:00,0.441005856,10.27083333,0,0.0001,10.27083333,0
2010-05-21 00:00:00,0.416129321,10.25446429,0,0.0001,10.25446429,0
2010-05-22 00:00:00,0.393252105,10.23809524,0,0.0001,10.23809524,0
2010-05-23 00:00:00,0.369273275,10.22172619,0,0.0001,10.22172619,0
2010-05-24 00:00:00,0.358199984,10.20535714,0,0.0001,10.20535714,0
2010-05-25 00:00:00,0.336022943,10.1889881,0,0.0001,10.1889881,0
2010-05-26 00:00:00,0.317594707,10.17261905,0,0.0001,10.17261905,0
2010-05-27 00:00:00,0.304582894,10.15625,0,0.0001,10.15625,0
2010-05-28 00:00:00,0.301030397,10.13988095,0,0.0001,10.13988095,0
2010-05-29 00:00:00,0.296015322,10.1235119,0,0.0001,10.1235119,0
2010-05-30 00:00:00,0.312197387,10.10714286,0,0.0001,10.10714286,0
2010-05-31 00:00:00,0.355000079,10.09077381,0,0.0001,10.09077381,0
2010-06-01 00:00:00,0.343865544,10.07440476,0,0.0001,10.07440476,0
2010-06-02 00:00:00,0.321475923,10.05803571,0,0.0001,10.05803571,0
2010-06-03 00:00:00,0.293576509,10.04166667,0,0.0001,10.04166667,0
2010-06-04 00:00:00,0.276933044,10.02529762,0,0.0001,10.02529762,0
2010-06-05 00:00:00,0.258238822,10.00892857,0,0.0001,10.00892857,0
2010-06-06 00:00:00,0.244975209,9.992559524,0,0.0001,9.992559524,0
2010-06-07 00:00:00,0.25999999,9.976190476,0,0.0001,9.976190476,0
2010-06-08 00:00:00,0.237939641,9.959821429,0,0.0001,9.959821429,0
2010-06-09 00:00:00,0.251372993,9.943452381,0,0.0001,9.943452381,0
2010-06-10 00:00:00,0.273074299,9.927083333,0,0.0001,9.927083333,0
2010-06-11 00:00:00,0.306601971,9.910714286,0,0.0001,9.910714286,0
2010-06-12 00:00:00,0.339864701,9.894345238,0,0.0001,9.894345238,0
2010-06-13 00:00:00,0.358382314,9.87797619,0,0.0001,9.87797619,0
2010-06-14 00:00:00,0.363766849,9.861607143,0,0.0001,9.861607143,0
2010-06-15 00:00:00,0.36088571,9.845238095,0,0.0001,9.845238095,0
2010-06-16 00:00:00,0.354407132,9.828869048,0,0.0001,9.828869048,0
2010-06-17 00:00:00,0.339523345,9.8125,0,0.0001,9.8125,0
2010-06-18 00:00:00,0.322672814,9.796130952,0,0.0001,9.796130952,0
2010-06-19 00:00:00,0.31493175,9.779761905,0,0.0001,9.779761905,0
2010-06-20 00:00:00,0.323475689,9.763392857,0,0.0001,9.763392857,0
2010-06-21 00:00:00,0.324261308,9.74702381,0,0.0001,9.74702381,0
2010-06-22 00:00:00,0.312147707,9.730654762,0,0.0001,9.730654762,0
2010-06-23 00:00:00,0.301419914,9.714285714,0,0.0001,9.714285714,0
2010-06-24 00:00:00,0.292655408,9.697916667,0,0.0001,9.697916667,0
2010-06-25 00:00:00,0.279515356,9.681547619,0,0.0001,9.681547619,0
2010-06-26 00:00:00,0.266204029,9.665178571,0,0.0001,9.665178571,0
2010-06-27 00:00:00,0.256841868,9.648809524,0,0.0001,9.648809524,0
2010-06-28 00:00:00,0.24825184,9.632440476,0,0.0001,9.632440476,0
2010-06-29 00:00:00,0.239927784,9.616071429,0,0.0001,9.616071429,0
2010-06-30 00:00:00,0.228975058,9.599702381,0,0.0001,9.599702381,0
2010-07-01 00:00:00,0.220211908,9.583333333,0,0.0001,9.583333333,0
2010-07-02 00:00:00,0.21496284,9.566964286,0,0.0001,9.566964286,0
2010-07-03 00:00:00,0.209591448,9.550595238,0,0.0001,9.550595238,0
2010-07-04 00:00:00,0.217337832,9.53422619,0,0.0001,9.53422619,0
2010-07-05 00:00:00,0.209880844,9.517857143,0,0.0001,9.517857143,0
2010-07-06 00:00:00,0.197387427,9.501488095,0,0.0001,9.501488095,0
2010-07-07 00:00:00,0.183987424,9.485119048,0,0.0001,9.485119048,0
2010-07-08 00:00:00,0.176391125,9.46875,0,0.0001,9.46875,0
2010-07-09 00:00:00,0.174223259,9.452380952,0,0.0001,9.452380952,0
2010-07-10 00:00:00,0.168879911,9.436011905,0,0.0001,9.436011905,0
2010-07-11 00:00:00,0.163406253,9.419642857,0,0.0001,9.419642857,0
2010-07-12 00:00:00,0.171797469,9.40327381,0,0.0001,9.40327381,0
2010-07-13 00:00:00,0.197575837,9.386904762,0,0.0001,9.386904762,0
2010-07-14 00:00:00,0.19744803,9.370535714,0,0.0001,9.370535714,0
2010-07-15 00:00:00,0.186842576,9.354166667,0,0.0001,9.354166667,0
2010-07-16 00:00:00,0.176482737,9.337797619,0,0.0001,9.337797619,0
2010-07-17 00:00:00,0.171954349,9.321428571,0,0.0001,9.321428571,0
2010-07-18 00:00:00,0.161146417,9.305059524,0,0.0001,9.305059524,0
2010-07-19 00:00:00,0.149650067,9.288690476,0,0.0001,9.288690476,0
2010-07-20 00:00:00,0.14254272,9.272321429,0,0.0001,9.272321429,0
2010-07-21 00:00:00,0.136788428,9.255952381,0,0.0001,9.255952381,0
2010-07-22 00:00:00,0.130604744,9.239583333,0,0.0001,9.239583333,0
2010-07-23 00:00:00,0.124976717,9.223214286,0,0.0001,9.223214286,0
2010-07-24 00:00:00,0.12470369,9.206845238,0,0.0001,9.206845238,0
2010-07-25 00:00:00,0.11612685,9.19047619,0,0.0001,9.19047619,0
2010-07-26 00:00:00,0.110656612,9.174107143,0,0.0001,9.174107143,0
2010-07-27 00:00:00,0.106254287,9.157738095,0,0.0001,9.157738095,0
2010-07-28 00:00:00,0.104035884,9.141369048,0,0.0001,9.141369048,0
2010-07-29 00:00:00,0.146945789,9.125,0,0.0001,9.125,0
2010-07-30 00:00:00,0.166004971,9.108630952,0,0.0001,9.108630952,0
2010-07-31 00:00:00,0.172712758,9.092261905,0,0.0001,9.092261905,0
2010-08-01 00:00:00,0.189226002,9.075892857,0,0.0001,9.075892857,0
2010-08-02 00:00:00,0.190665171,9.05952381,0,0.0001,9.05952381,0
2010-08-03 00:00:00,0.185219184,9.043154762,0,0.0001,9.043154762,0
2010-08-04 00:00:00,0.180465385,9.026785714,0,0.0001,9.026785714,0
2010-08-05 00:00:00,0.183778316,9.010416667,0,0.0001,9.010416667,0
2010-08-06 00:00:00,0.179007784,8.994047619,0,0.0001,8.994047619,0
2010-08-07 00:00:00,0.174031138,8.977678571,0,0.0001,8.977678571,0
2010-08-08 00:00:00,0.166168973,8.961309524,0,0.0001,8.961309524,0
2010-08-09 00:00:00,0.156211644,8.944940476,0,0.0001,8.944940476,0
2010-08-10 00:00:00,0.148193657,8.928571429,0,0.0001,8.928571429,0
2010-08-11 00:00:00,0.155738249,8.912202381,0,0.0001,8.912202381,0
2010-08-12 00:00:00,0.16107133,8.895833333,0,0.0001,8.895833333,0
2010-08-13 00:00:00,0.172753036,8.879464286,0,0.0001,8.879464286,0
2010-08-14 00:00:00,0.172846779,8.863095238,0,0.0001,8.863095238,0
2010-08-15 00:00:00,0.171666905,8.84672619,0,0.0001,8.84672619,0
2010-08-16 00:00:00,0.197295323,8.830357143,0,0.0001,8.830357143,0
2010-08-17 00:00:00,0.236112133,8.813988095,0,0.0001,8.813988095,0
2010-08-18 00:00:00,0.326646179,8.797619048,0,0.0001,8.797619048,0
2010-08-19 00:00:00,0.380193859,8.78125,0,0.0001,8.78125,0
2010-08-20 00:00:00,0.411742568,8.764880952,0,0.0001,8.764880952,0
2010-08-21 00:00:00,0.445159256,8.748511905,0,0.0001,8.748511905,0
2010-08-22 00:00:00,0.485548437,8.732142857,0,0.0001,8.732142857,0
2010-08-23 00:00:00,0.510710061,8.71577381,0,0.0001,8.71577381,0
2010-08-24 00:00:00,0.551746726,8.699404762,0,0.0001,8.699404762,0
2010-08-25 00:00:00,0.563886106,8.683035714,0,0.0001,8.683035714,0
2010-08-26 00:00:00,0.563296854,8.666666667,0,0.0001,8.666666667,0
2010-08-27 00:00:00,0.559544146,8.650297619,0,0.0001,8.650297619,0
2010-08-28 00:00:00,0.545999527,8.633928571,0,0.0001,8.633928571,0
2010-08-29 00:00:00,0.53136152,8.617559524,0,0.0001,8.617559524,0
2010-08-30 00:00:00,0.512484968,8.601190476,0,0.0001,8.601190476,0
2010-08-31 00:00:00,0.487972081,8.584821429,0,0.0001,8.584821429,0
2010-09-01 00:00:00,0.460000008,8.568452381,0,0.0001,8.568452381,0
2010-09-02 00:00:00,0.439999998,8.552083333,0,0.0001,8.552083333,0
2010-09-03 00:00:00,0.421999991,8.535714286,0,0.0001,8.535714286,0
2010-09-04 00:00:00,0.405999988,8.519345238,0,0.0001,8.519345238,0
2010-09-05 00:00:00,0.393000007,8.50297619,0,0.0001,8.50297619,0
2010-09-06 00:00:00,0.377000004,8.486607143,0,0.0001,8.486607143,0
2010-09-07 00:00:00,0.345460743,8.470238095,0,0.0001,8.470238095,0
2010-09-08 00:00:00,0.328769267,8.453869048,0,0.0001,8.453869048,0
2010-09-09 00:00:00,0.313278139,8.4375,0,0.0001,8.4375,0
2010-09-10 00:00:00,0.314583272,8.421130952,0,0.0001,8.421130952,0
2010-09-11 00:00:00,0.3169052,8.404761905,0,0.0001,8.404761905,0
2010-09-12 00:00:00,0.320882171,8.388392857,0,0.0001,8.388392857,0
2010-09-13 00:00:00,0.339611351,8.37202381,0,0.0001,8.37202381,0
2010-09-14 00:00:00,0.360680789,8.355654762,0,0.0001,8.355654762,0
2010-09-15 00:00:00,0.382895589,8.339285714,0,0.0001,8.339285714,0
2010-09-16 00:00:00,0.407908976,8.322916667,0,0.0001,8.322916667,0
2010-09-17 00:00:00,0.429539144,8.306547619,0,0.0001,8.306547619,0
2010-09-18 00:00:00,0.446631759,8.290178571,0,0.0001,8.290178571,0
2010-09-19 00:00:00,0.452966392,8.273809524,0,0.0001,8.273809524,0
2010-09-20 00:00:00,0.467775643,8.257440476,0,0.0001,8.257440476,0
2010-09-21 00:00:00,0.484842449,8.241071429,0,0.0001,8.241071429,0
2010-09-22 00:00:00,0.489367247,8.224702381,0,0.0001,8.224702381,0
2010-09-23 00:00:00,0.491762191,8.208333333,0,0.0001,8.208333333,0
2010-09-24 00:00:00,0.490238339,8.191964286,0,0.0001,8.191964286,0
2010-09-25 00:00:00,0.48396945,8.175595238,0,0.0001,8.175595238,0
2010-09-26 00:00:00,0.475232065,8.15922619,0,0.0001,8.15922619,0
2010-09-27 00:00:00,0.459685653,8.142857143,0,0.0001,8.142857143,0
2010-09-28 00:00:00,0.43859756,8.126488095,0,0.0001,8.126488095,0
2010-09-29 00:00:00,0.41973266,8.110119048,0,0.0001,8.110119048,0
2010-09-30 00:00:00,0.401616096,8.09375,0,0.0001,8.09375,0
2010-10-01 00:00:00,0.382240981,8.077380952,0,0.0001,8.077380952,0
2010-10-02 00:00:00,0.364023596,8.061011905,0,0.0001,8.061011905,0
2010-10-03 00:00:00,0.349396139,8.044642857,0,0.0001,8.044642857,0
2010-10-04 00:00:00,0.335311621,8.02827381,0,0.0001,8.02827381,0
2010-10-05 00:00:00,0.323592454,8.011904762,0,0.0001,8.011904762,0
2010-10-06 00:00:00,0.313385904,7.995535714,0,0.0001,7.995535714,0
2010-10-07 00:00:00,0.321266562,7.979166667,0,0.0001,7.979166667,0
2010-10-08 00:00:00,0.317713052,7.962797619,0,0.0001,7.962797619,0
2010-10-09 00:00:00,0.308121175,7.946428571,0,0.0001,7.946428571,0
2010-10-10 00:00:00,0.299867749,7.930059524,0,0.0001,7.930059524,0
2010-10-11 00:00:00,0.292773485,7.913690476,0,0.0001,7.913690476,0
2010-10-12 00:00:00,0.285509348,7.897321429,0,0.0001,7.897321429,0
2010-10-13 00:00:00,0.27644375,7.880952381,0,0.0001,7.880952381,0
2010-10-14 00:00:00,0.267689675,7.864583333,0,0.0001,7.864583333,0
2010-10-15 00:00:00,0.265130669,7.848214286,0,0.0001,7.848214286,0
2010-10-16 00:00:00,0.266001254,7.831845238,0,0.0001,7.831845238,0
2010-10-17 00:00:00,0.25868699,7.81547619,0,0.0001,7.81547619,0
2010-10-18 00:00:00,0.250938833,7.799107143,0,0.0001,7.799107143,0
2010-10-19 00:00:00,0.25900346,7.782738095,0,0.0001,7.782738095,0
2010-10-20 00:00:00,0.260437578,7.766369048,0,0.0001,7.766369048,0
2010-10-21 00:00:00,0.261494517,7.75,0,0.0001,7.75,0
2010-10-22 00:00:00,0.267923117,7.733630952,0,0.0001,7.733630952,0
2010-10-23 00:00:00,0.282225519,7.717261905,0,0.0001,7.717261905,0
2010-10-24 00:00:00,0.3518143,7.700892857,0,0.0001,7.700892857,0
2010-10-25 00:00:00,0.414952338,7.68452381,0,0.0001,7.68452381,0
2010-10-26 00:00:00,0.467056453,7.668154762,0,0.0001,7.668154762,0
2010-10-27 00:00:00,0.517460346,7.651785714,0,0.0001,7.651785714,0
2010-10-28 00:00:00,0.575163245,7.635416667,0,0.0001,7.635416667,0
2010-10-29 00:00:00,0.630784392,7.619047619,0,0.0001,7.619047619,0
2010-10-30 00:00:00,0.660182714,7.602678571,0,0.0001,7.602678571,0
2010-10-31 00:00:00,0.67637372,7.586309524,0,0.0001,7.586309524,0
2010-11-01 00:00:00,0.681338668,7.569940476,0,0.0001,7.569940476,0
2010-11-02 00:00:00,0.678969979,7.553571429,0,0.0001,7.553571429,0
2010-11-03 00:00:00,0.70938009,7.537202381,0,0.0001,7.537202381,0
2010-11-04 00:00:00,0.752404332,7.520833333,0,0.0001,7.520833333,0
2010-11-05 00:00:00,0.813638687,7.504464286,0,0.0001,7.504464286,0
2010-11-06 00:00:00,0.879273415,7.488095238,0,0.0001,7.488095238,0
2010-11-07 00:00:00,0.922632515,7.47172619,0,0.0001,7.47172619,0
2010-11-08 00:00:00,0.946159184,7.455357143,0,0.0001,7.455357143,0
2010-11-09 00:00:00,0.945614398,7.438988095,0,0.0001,7.438988095,0
2010-11-10 00:00:00,0.928034425,7.422619048,0,0.0001,7.422619048,0
2010-11-11 00:00:00,0.901042998,7.40625,0,0.0001,7.40625,0
2010-11-12 00:00:00,0.951964617,7.389880952,0,0.0001,7.389880952,0
2010-11-13 00:00:00,1.03580749,7.373511905,0,0.0001,7.373511905,0
2010-11-14 00:00:00,1.096253991,7.357142857,0,0.0001,7.357142857,0
2010-11-15 00:00:00,1.170404792,7.34077381,0,0.0001,7.34077381,0
2010-11-16 00:00:00,1.200657487,7.324404762,0,0.0001,7.324404762,0
2010-11-17 00:00:00,1.205581307,7.308035714,0,0.0001,7.308035714,0
2010-11-18 00:00:00,1.187817216,7.291666667,0,0.0001,7.291666667,0
2010-11-19 00:00:00,1.152434826,7.275297619,0,0.0001,7.275297619,0
2010-11-20 00:00:00,1.1224401,7.258928571,0,0.0001,7.258928571,0
2010-11-21 00:00:00,1.08923614,7.242559524,0,0.0001,7.242559524,0
2010-11-22 00:00:00,1.052812815,7.226190476,0,0.0001,7.226190476,0
2010-11-23 00:00:00,1.03361094,7.209821429,0,0.0001,7.209821429,0
2010-11-24 00:00:00,1.01250124,7.193452381,0,0.0001,7.193452381,0
2010-11-25 00:00:00,0.982698679,7.177083333,0,0.0001,7.177083333,0
2010-11-26 00:00:00,0.950660706,7.160714286,0,0.0001,7.160714286,0
2010-11-27 00:00:00,0.926683605,7.144345238,0,0.0001,7.144345238,0
2010-11-28 00:00:00,0.894366324,7.12797619,0,0.0001,7.12797619,0
2010-11-29 00:00:00,0.864600003,7.111607143,0,0.0001,7.111607143,0
2010-11-30 00:00:00,0.819212019,7.095238095,0,0.0001,7.095238095,0
2010-12-01 00:00:00,0.783509433,7.078869048,0,0.0001,7.078869048,0
2010-12-02 00:00:00,0.754523754,7.0625,0,0.0001,7.0625,0
2010-12-03 00:00:00,0.723214626,7.046130952,0,0.0001,7.046130952,0
2010-12-04 00:00:00,0.692705035,7.029761905,0,0.0001,7.029761905,0
2010-12-05 00:00:00,0.672517598,7.013392857,0,0.0001,7.013392857,0
2010-12-06 00:00:00,0.648965776,6.99702381,0,0.0001,6.99702381,0
2010-12-07 00:00:00,0.637717247,6.980654762,0,0.0001,6.980654762,0
2010-12-08 00:00:00,0.615580022,6.964285714,0,0.0001,6.964285714,0
2010-12-09 00:00:00,0.592123508,6.947916667,0,0.0001,6.947916667,0
2010-12-10 00:00:00,0.568569541,6.931547619,0,0.0001,6.931547619,0
2010-12-11 00:00:00,0.604827046,6.915178571,0,0.0001,6.915178571,0
2010-12-12 00:00:00,0.728592157,6.898809524,0,0.0001,6.898809524,0
2010-12-13 00:00:00,0.847170532,6.882440476,0,0.0001,6.882440476,0
2010-12-14 00:00:00,0.915199637,6.866071429,0,0.0001,6.866071429,0
2010-12-15 00:00:00,0.935159862,6.849702381,0,0.0001,6.849702381,0
2010-12-16 00:00:00,0.942643642,6.833333333,0,0.0001,6.833333333,0
2010-12-17 00:00:00,0.93683809,6.816964286,0,0.0001,6.816964286,0
2010-12-18 00:00:00,0.908161402,6.800595238,0,0.0001,6.800595238,0
2010-12-19 00:00:00,0.869883418,6.78422619,0,0.0001,6.78422619,0
2010-12-20 00:00:00,0.824753463,6.767857143,0,0.0001,6.767857143,0
2010-12-21 00:00:00,0.77758348,6.751488095,0,0.0001,6.751488095,0
2010-12-22 00:00:00,0.729278326,6.735119048,0,0.0001,6.735119048,0
2010-12-23 00:00:00,0.686438382,6.71875,0,0.0001,6.71875,0
2010-12-24 00:00:00,0.649698496,6.702380952,0,0.0001,6.702380952,0
2010-12-25 00:00:00,0.611952245,6.686011905,0,0.0001,6.686011905,0
2010-12-26 00:00:00,0.576494157,6.669642857,0,0.0001,6.669642857,0
2010-12-27 00:00:00,0.542733848,6.65327381,0,0.0001,6.65327381,0
2010-12-28 00:00:00,0.513690948,6.636904762,0,0.0001,6.636904762,0
2010-12-29 00:00:00,0.487941444,6.620535714,0,0.0001,6.620535714,0
2010-12-30 00:00:00,0.463357866,6.604166667,0,0.0001,6.604166667,0
2010-12-31 00:00:00,0.444237351,6.587797619,0,0.0001,6.587797619,0
2011-01-01 00:00:00,0.448623121,6.571428571,0,0.0001,6.571428571,0
2011-01-02 00:00:00,0.456965715,6.555059524,0,0.0001,6.555059524,0
2011-01-03 00:00:00,0.450626135,6.538690476,0,0.0001,6.538690476,0
2011-01-04 00:00:00,0.437696278,6.522321429,0,0.0001,6.522321429,0
2011-01-05 00:00:00,0.42704463,6.505952381,0,0.0001,6.505952381,0
2011-01-06 00:00:00,0.41578418,6.489583333,0,0.0001,6.489583333,0
2011-01-07 00:00:00,0.402286977,6.473214286,0,0.0001,6.473214286,0
2011-01-08 00:00:00,0.403789192,6.456845238,0,0.0001,6.456845238,0
2011-01-09 00:00:00,0.491520345,6.44047619,0,0.0001,6.44047619,0
2011-01-10 00:00:00,0.564680338,6.424107143,0,0.0001,6.424107143,0
2011-01-11 00:00:00,0.596645951,6.407738095,0,0.0001,6.407738095,0
2011-01-12 00:00:00,0.598653972,6.391369048,0,0.0001,6.391369048,0
2011-01-13 00:00:00,0.583100915,6.375,0,0.0001,6.375,0
2011-01-14 00:00:00,0.599494517,6.358630952,0,0.0001,6.358630952,0
2011-01-15 00:00:00,0.769739389,6.342261905,0,0.0001,6.342261905,0
2011-01-16 00:00:00,1.073313355,6.325892857,0,0.0001,6.325892857,0
2011-01-17 00:00:00,1.283842444,6.30952381,0,0.0001,6.30952381,0
2011-01-18 00:00:00,1.39869225,6.293154762,0,0.0001,6.293154762,0
2011-01-19 00:00:00,1.435573936,6.276785714,0,0.0001,6.276785714,0
2011-01-20 00:00:00,1.422064185,6.260416667,0,0.0001,6.260416667,0
2011-01-21 00:00:00,1.371569872,6.244047619,0,0.0001,6.244047619,0
2011-01-22 00:00:00,1.305981874,6.227678571,0,0.0001,6.227678571,0
2011-01-23 00:00:00,1.237534285,6.211309524,0,0.0001,6.211309524,0
2011-01-24 00:00:00,1.167895079,6.194940476,0,0.0001,6.194940476,0
2011-01-25 00:00:00,1.11109376,6.178571429,0,0.0001,6.178571429,0
2011-01-26 00:00:00,1.055575252,6.162202381,0,0.0001,6.162202381,0
2011-01-27 00:00:00,0.989791989,6.145833333,0,0.0001,6.145833333,0
2011-01-28 00:00:00,0.922317982,6.129464286,0,0.0001,6.129464286,0
2011-01-29 00:00:00,0.859858096,6.113095238,0,0.0001,6.113095238,0
2011-01-30 00:00:00,0.803216755,6.09672619,0,0.0001,6.09672619,0
2011-01-31 00:00:00,0.749813914,6.080357143,0,0.0001,6.080357143,0
2011-02-01 00:00:00,0.701777756,6.063988095,0,0.0001,6.063988095,0
2011-02-02 00:00:00,0.664714277,6.047619048,0,0.0001,6.047619048,0
2011-02-03 00:00:00,0.648033142,6.03125,0,0.0001,6.03125,0
2011-02-04 00:00:00,0.684464157,6.014880952,0,0.0001,6.014880952,0
2011-02-05 00:00:00,0.77713728,5.998511905,0,0.0001,5.998511905,0
2011-02-06 00:00:00,0.842772603,5.982142857,0,0.0001,5.982142857,0
2011-02-07 00:00:00,0.932486057,5.96577381,0,0.0001,5.96577381,0
2011-02-08 00:00:00,0.991084754,5.949404762,0,0.0001,5.949404762,0
2011-02-09 00:00:00,1.021263719,5.933035714,0,0.0001,5.933035714,0
2011-02-10 00:00:00,1.026533484,5.916666667,0,0.0001,5.916666667,0
2011-02-11 00:00:00,1.028833389,5.900297619,0,0.0001,5.900297619,0
2011-02-12 00:00:00,1.03360343,5.883928571,0,0.0001,5.883928571,0
2011-02-13 00:00:00,0.976089001,5.867559524,0,0.0001,5.867559524,0
2011-02-14 00:00:00,0.929418504,5.851190476,0,0.0001,5.851190476,0
2011-02-15 00:00:00,0.874846756,5.834821429,0,0.0001,5.834821429,0
2011-02-16 00:00:00,0.829284906,5.818452381,0,0.0001,5.818452381,0
2011-02-17 00:00:00,0.783741355,5.802083333,0,0.0001,5.802083333,0
2011-02-18 00:00:00,0.736498237,5.785714286,0,0.0001,5.785714286,0
2011-02-19 00:00:00,0.690400779,5.769345238,0,0.0001,5.769345238,0
2011-02-20 00:00:00,0.647125661,5.75297619,0,0.0001,5.75297619,0
2011-02-21 00:00:00,0.606408298,5.736607143,0,0.0001,5.736607143,0
2011-02-22 00:00:00,0.57024616,5.720238095,0,0.0001,5.720238095,0
2011-02-23 00:00:00,0.538982809,5.703869048,0,0.0001,5.703869048,0
2011-02-24 00:00:00,0.510399878,5.6875,0,0.0001,5.6875,0
2011-02-25 00:00:00,0.48336038,5.671130952,0,0.0001,5.671130952,0
2011-02-26 00:00:00,0.462056726,5.654761905,0,0.0001,5.654761905,0
2011-02-27 00:00:00,0.44432807,5.638392857,0,0.0001,5.638392857,0
2011-02-28 00:00:00,0.427364916,5.62202381,0,0.0001,5.62202381,0
2011-03-01 00:00:00,0.410888195,5.605654762,0,0.0001,5.605654762,0
2011-03-02 00:00:00,0.397215039,5.589285714,0,0.0001,5.589285714,0
2011-03-03 00:00:00,0.384314358,5.572916667,0,0.0001,5.572916667,0
2011-03-04 00:00:00,0.374396145,5.556547619,0,0.0001,5.556547619,0
2011-03-05 00:00:00,0.371872634,5.540178571,0,0.0001,5.540178571,0
2011-03-06 00:00:00,0.372568607,5.523809524,0,0.0001,5.523809524,0
2011-03-07 00:00:00,0.368279308,5.507440476,0,0.0001,5.507440476,0
2011-03-08 00:00:00,0.36120683,5.491071429,0,0.0001,5.491071429,0
2011-03-09 00:00:00,0.36152637,5.474702381,0,0.0001,5.474702381,0
2011-03-10 00:00:00,0.383416742,5.458333333,0,0.0001,5.458333333,0
2011-03-11 00:00:00,0.415246487,5.441964286,0,0.0001,5.441964286,0
2011-03-12 00:00:00,0.439815849,5.425595238,0,0.0001,5.425595238,0
2011-03-13 00:00:00,0.454071432,5.40922619,0,0.0001,5.40922619,0
2011-03-14 00:00:00,0.461026013,5.392857143,0,0.0001,5.392857143,0
2011-03-15 00:00:00,0.465508521,5.376488095,0,0.0001,5.376488095,0
2011-03-16 00:00:00,0.476548344,5.360119048,0,0.0001,5.360119048,0
2011-03-17 00:00:00,0.502888322,5.34375,0,0.0001,5.34375,0
2011-03-18 00:00:00,0.481129527,5.327380952,0,0.0001,5.327380952,0
2011-03-19 00:00:00,0.463762403,5.311011905,0,0.0001,5.311011905,0
2011-03-20 00:00:00,0.447529405,5.294642857,0,0.0001,5.294642857,0
2011-03-21 00:00:00,0.434256583,5.27827381,0,0.0001,5.27827381,0
2011-03-22 00:00:00,0.427124947,5.261904762,0,0.0001,5.261904762,0
2011-03-23 00:00:00,0.419486582,5.245535714,0,0.0001,5.245535714,0
2011-03-24 00:00:00,0.414087445,5.229166667,0,0.0001,5.229166667,0
2011-03-25 00:00:00,0.405356228,5.212797619,0,0.0001,5.212797619,0
2011-03-26 00:00:00,0.399781048,5.196428571,0,0.0001,5.196428571,0
2011-03-27 00:00:00,0.391482979,5.180059524,0,0.0001,5.180059524,0
2011-03-28 00:00:00,0.384091765,5.163690476,0,0.0001,5.163690476,0
2011-03-29 00:00:00,0.377095759,5.147321429,0,0.0001,5.147321429,0
2011-03-30 00:00:00,0.37295863,5.130952381,0,0.0001,5.130952381,0
2011-03-31 00:00:00,0.379933059,5.114583333,0,0.0001,5.114583333,0
2011-04-01 00:00:00,0.399083823,5.098214286,0,0.0001,5.098214286,0
2011-04-02 00:00:00,0.403133154,5.081845238,0,0.0001,5.081845238,0
2011-04-03 00:00:00,0.404018104,5.06547619,0,0.0001,5.06547619,0
2011-04-04 00:00:00,0.400188476,5.049107143,0,0.0001,5.049107143,0
2011-04-05 00:00:00,0.39911744,5.032738095,0,0.0001,5.032738095,0
2011-04-06 00:00:00,0.402384818,5.016369048,0,0.0001,5.016369048,0
2011-04-07 00:00:00,0.397243202,5,0,0.0001,5,0
2011-04-08 00:00:00,0.387967765,5.175824176,0,0.0001,5.175824176,0
2011-04-09 00:00:00,0.381311595,5.351648352,0,0.0001,5.351648352,0
2011-04-10 00:00:00,0.369514436,5.527472527,0,0.0001,5.527472527,0
2011-04-11 00:00:00,0.35476926,5.703296703,0,0.0001,5.703296703,0
2011-04-12 00:00:00,0.348080724,5.879120879,0,0.0001,5.879120879,0
2011-04-13 00:00:00,0.341201216,6.054945055,0,0.0001,6.054945055,0
2011-04-14 00:00:00,0.33281076,6.230769231,0,0.0001,6.230769231,0
2011-04-15 00:00:00,0.324102342,6.406593407,0,0.0001,6.406593407,0
2011-04-16 00:00:00,0.315693289,6.582417582,0,0.0001,6.582417582,0
2011-04-17 00:00:00,0.30801791,6.758241758,0,0.0001,6.758241758,0
2011-04-18 00:00:00,0.300566524,6.934065934,0,0.0001,6.934065934,0
2011-04-19 00:00:00,0.295956701,7.10989011,0,0.0001,7.10989011,0
2011-04-20 00:00:00,0.289290994,7.285714286,0,0.0001,7.285714286,0
2011-04-21 00:00:00,0.281471163,7.461538462,0,0.0001,7.461538462,0
2011-04-22 00:00:00,0.274050474,7.637362637,0,0.0001,7.637362637,0
2011-04-23 00:00:00,0.267954797,7.813186813,0,0.0001,7.813186813,0
2011-04-24 00:00:00,0.259803295,7.989010989,0,0.0001,7.989010989,0
2011-04-25 00:00:00,0.252424687,8.164835165,0,0.0001,8.164835165,0
2011-04-26 00:00:00,0.24529621,8.340659341,0,0.0001,8.340659341,0
2011-04-27 00:00:00,0.240447372,8.516483516,0,0.0001,8.516483516,0
2011-04-28 00:00:00,0.235389531,8.692307692,0,0.0001,8.692307692,0
2011-04-29 00:00:00,0.230735272,8.868131868,0,0.0001,8.868131868,0
2011-04-30 00:00:00,0.219931215,9.043956044,0,0.0001,9.043956044,0
2011-05-01 00:00:00,0.21543546,9.21978022,0,0.0001,9.21978022,0
2011-05-02 00:00:00,0.21193628,9.395604396,0,0.0001,9.395604396,0
2011-05-03 00:00:00,0.209415182,9.571428571,0,0.0001,9.571428571,0
2011-05-04 00:00:00,0.211151838,9.747252747,0,0.0001,9.747252747,0
2011-05-05 00:00:00,0.205927715,9.923076923,0,0.0001,9.923076923,0
2011-05-06 00:00:00,0.203350902,10.0989011,0,0.0001,10.0989011,0
2011-05-07 00:00:00,0.202652097,10.27472527,0,0.0001,10.27472527,0
2011-05-08 00:00:00,0.194452271,10.45054945,0,0.0001,10.45054945,0
2011-05-09 00:00:00,0.18727763,10.62637363,0,0.0001,10.62637363,0
2011-05-10 00:00:00,0.18161732,10.8021978,0,0.0001,10.8021978,0
2011-05-11 00:00:00,0.1789511,10.97802198,0,0.0001,10.97802198,0
2011-05-12 00:00:00,0.178600341,11.15384615,0,0.0001,11.15384615,0
2011-05-13 00:00:00,0.175871104,11.32967033,0,0.0001,11.32967033,0
2011-05-14 00:00:00,0.173597753,11.50549451,0,0.0001,11.50549451,0
2011-05-15 00:00:00,0.173489824,11.68131868,0,0.0001,11.68131868,0
2011-05-16 00:00:00,0.178233773,11.85714286,0,0.0001,11.85714286,0
2011-05-17 00:00:00,0.188672692,12.03296703,0,0.0001,12.03296703,0
2011-05-18 00:00:00,0.189687878,12.20879121,0,0.0001,12.20879121,0
2011-05-19 00:00:00,0.188827783,12.38461538,0,0.0001,12.38461538,0
2011-05-20 00:00:00,0.187079087,12.56043956,0,0.0001,12.56043956,0
2011-05-21 00:00:00,0.18084453,12.73626374,0,0.0001,12.73626374,0
2011-05-22 00:00:00,0.1857512,12.91208791,0,0.0001,12.91208791,0
2011-05-23 00:00:00,0.19086431,13.08791209,0,0.0001,13.08791209,0
2011-05-24 00:00:00,0.189529508,13.26373626,0,0.0001,13.26373626,0
2011-05-25 00:00:00,0.182363823,13.43956044,0,0.0001,13.43956044,0
2011-05-26 00:00:00,0.18065244,13.61538462,0,0.0001,13.61538462,0
2011-05-27 00:00:00,0.183142275,13.79120879,0,0.0001,13.79120879,0
2011-05-28 00:00:00,0.183471233,13.96703297,0,0.0001,13.96703297,0
2011-05-29 00:00:00,0.188472301,14.14285714,0,0.0001,14.14285714,0
2011-05-30 00:00:00,0.196639463,14.31868132,0,0.0001,14.31868132,0
2011-05-31 00:00:00,0.194480881,14.49450549,0,0.0001,14.49450549,0
2011-06-01 00:00:00,0.187935621,14.67032967,0,0.0001,14.67032967,0
2011-06-02 00:00:00,0.181771383,14.84615385,0,0.0001,14.84615385,0
2011-06-03 00:00:00,0.178269312,15.02197802,0,0.0001,15.02197802,0
2011-06-04 00:00:00,0.174872562,15.1978022,0,0.0001,15.1978022,0
2011-06-05 00:00:00,0.170599759,15.37362637,0,0.0001,15.37362637,0
2011-06-06 00:00:00,0.167954445,15.54945055,0,0.0001,15.54945055,0
2011-06-07 00:00:00,0.165735677,15.72527473,0,0.0001,15.72527473,0
2011-06-08 00:00:00,0.166251808,15.9010989,0,0.0001,15.9010989,0
2011-06-09 00:00:00,0.209234178,16.07692308,0,0.0001,16.07692308,0
2011-06-10 00:00:00,0.210992903,16.25274725,0,0.0001,16.25274725,0
2011-06-11 00:00:00,0.208936974,16.42857143,0,0.0001,16.42857143,0
2011-06-12 00:00:00,0.20562911,16.6043956,0,0.0001,16.6043956,0
2011-06-13 00:00:00,0.198153138,16.78021978,0,0.0001,16.78021978,0
2011-06-14 00:00:00,0.192963228,16.95604396,0,0.0001,16.95604396,0
2011-06-15 00:00:00,0.183071882,17.13186813,0,0.0001,17.13186813,0
2011-06-16 00:00:00,0.178760588,17.30769231,0,0.0001,17.30769231,0
2011-06-17 00:00:00,0.191740528,17.48351648,0,0.0001,17.48351648,0
2011-06-18 00:00:00,0.198158562,17.65934066,0,0.0001,17.65934066,0
2011-06-19 00:00:00,0.203872204,17.83516484,0,0.0001,17.83516484,0
2011-06-20 00:00:00,0.193992347,18.01098901,0,0.0001,18.01098901,0
2011-06-21 00:00:00,0.186866701,18.18681319,0,0.0001,18.18681319,0
2011-06-22 00:00:00,0.182399258,18.36263736,0,0.0001,18.36263736,0
2011-06-23 00:00:00,0.17900826,18.53846154,0,0.0001,18.53846154,0
2011-06-24 00:00:00,0.167793781,18.71428571,0,0.0001,18.71428571,0
2011-06-25 00:00:00,0.156602904,18.89010989,0,0.0001,18.89010989,0
2011-06-26 00:00:00,0.151560262,19.06593407,0,0.0001,19.06593407,0
2011-06-27 00:00:00,0.149657518,19.24175824,0,0.0001,19.24175824,0
2011-06-28 00:00:00,0.146793738,19.41758242,0,0.0001,19.41758242,0
2011-06-29 00:00:00,0.138883039,19.59340659,0,0.0001,19.59340659,0
2011-06-30 00:00:00,0.153391361,19.76923077,0,0.0001,19.76923077,0
2011-07-01 00:00:00,0.149331018,19.94505495,0,0.0001,19.94505495,0
2011-07-02 00:00:00,0.154790089,20.12087912,0,0.0001,20.12087912,0
2011-07-03 00:00:00,0.162063122,20.2967033,0,0.0001,20.2967033,0
2011-07-04 00:00:00,0.161135912,20.47252747,0,0.0001,20.47252747,0
2011-07-05 00:00:00,0.160202309,20.64835165,0,0.0001,20.64835165,0
2011-07-06 00:00:00,0.159804136,20.82417582,0,0.0001,20.82417582,0
2011-07-07 00:00:00,0.15935944,21,0,0.0001,21,0
2011-07-08 00:00:00,0.159102187,20.95102041,0,0.0001,20.95102041,0
2011-07-09 00:00:00,0.158178329,20.90204082,0,0.0001,20.90204082,0
2011-07-10 00:00:00,0.15266028,20.85306122,0,0.0001,20.85306122,0
2011-07-11 00:00:00,0.145884082,20.80408163,0,0.0001,20.80408163,0
2011-07-12 00:00:00,0.13740088,20.75510204,0,0.0001,20.75510204,0
2011-07-13 00:00:00,0.134630784,20.70612245,0,0.0001,20.70612245,0
2011-07-14 00:00:00,0.160300627,20.65714286,0,0.0001,20.65714286,0
2011-07-15 00:00:00,0.186381266,20.60816327,0,0.0001,20.60816327,0
2011-07-16 00:00:00,0.188239351,20.55918367,0,0.0001,20.55918367,0
2011-07-17 00:00:00,0.196655661,20.51020408,0,0.0001,20.51020408,0
2011-07-18 00:00:00,0.204024673,20.46122449,0,0.0001,20.46122449,0
2011-07-19 00:00:00,0.202096298,20.4122449,0,0.0001,20.4122449,0
2011-07-20 00:00:00,0.200674459,20.36326531,0,0.0001,20.36326531,0
2011-07-21 00:00:00,0.19228217,20.31428571,0,0.0001,20.31428571,0
2011-07-22 00:00:00,0.193019986,20.26530612,0,0.0001,20.26530612,0
2011-07-23 00:00:00,0.208672807,20.21632653,0,0.0001,20.21632653,0
2011-07-24 00:00:00,0.210486159,20.16734694,0,0.0001,20.16734694,0
2011-07-25 00:00:00,0.210298404,20.11836735,0,0.0001,20.11836735,0
2011-07-26 00:00:00,0.209221914,20.06938776,0,0.0001,20.06938776,0
2011-07-27 00:00:00,0.205419719,20.02040816,0,0.0001,20.02040816,0
2011-07-28 00:00:00,0.197534055,19.97142857,0,0.0001,19.97142857,0
2011-07-29 00:00:00,0.189702064,19.92244898,0,0.0001,19.92244898,0
2011-07-30 00:00:00,0.18824777,19.87346939,0,0.0001,19.87346939,0
2011-07-31 00:00:00,0.183904633,19.8244898,0,0.0001,19.8244898,0
2011-08-01 00:00:00,0.18385601,19.7755102,0,0.0001,19.7755102,0
2011-08-02 00:00:00,0.185207173,19.72653061,0,0.0001,19.72653061,0
2011-08-03 00:00:00,0.180302277,19.67755102,0,0.0001,19.67755102,0
2011-08-04 00:00:00,0.169294313,19.62857143,0,0.0001,19.62857143,0
2011-08-05 00:00:00,0.165449083,19.57959184,0,0.0001,19.57959184,0
2011-08-06 00:00:00,0.161027774,19.53061224,0,0.0001,19.53061224,0
2011-08-07 00:00:00,0.157760903,19.48163265,0,0.0001,19.48163265,0
2011-08-08 00:00:00,0.15973866,19.43265306,0,0.0001,19.43265306,0
2011-08-09 00:00:00,0.172228485,19.38367347,0,0.0001,19.38367347,0
2011-08-10 00:00:00,0.161768422,19.33469388,0,0.0001,19.33469388,0
2011-08-11 00:00:00,0.182051376,19.28571429,0,0.0001,19.28571429,0
2011-08-12 00:00:00,0.194678962,19.23673469,0,0.0001,19.23673469,0
2011-08-13 00:00:00,0.193960637,19.1877551,0,0.0001,19.1877551,0
2011-08-14 00:00:00,0.195527762,19.13877551,0,0.0001,19.13877551,0
2011-08-15 00:00:00,0.2073524,19.08979592,0,0.0001,19.08979592,0
2011-08-16 00:00:00,0.208891377,19.04081633,0,0.0001,19.04081633,0
2011-08-17 00:00:00,0.207842514,18.99183673,0,0.0001,18.99183673,0
2011-08-18 00:00:00,0.204539895,18.94285714,0,0.0001,18.94285714,0
2011-08-19 00:00:00,0.232961357,18.89387755,0,0.0001,18.89387755,0
2011-08-20 00:00:00,0.243366167,18.84489796,0,0.0001,18.84489796,0
2011-08-21 00:00:00,0.246063337,18.79591837,0,0.0001,18.79591837,0
2011-08-22 00:00:00,0.246047989,18.74693878,0,0.0001,18.74693878,0
2011-08-23 00:00:00,0.246752232,18.69795918,0,0.0001,18.69795918,0
2011-08-24 00:00:00,0.24592647,18.64897959,0,0.0001,18.64897959,0
2011-08-25 00:00:00,0.254816473,18.6,0,0.0001,18.6,0
2011-08-26 00:00:00,0.273533106,18.56363636,0,0.0001,18.56363636,0
2011-08-27 00:00:00,0.28911382,18.52727273,0,0.0001,18.52727273,0
2011-08-28 00:00:00,0.286514103,18.49090909,0,0.0001,18.49090909,0
2011-08-29 00:00:00,0.281892478,18.45454545,0,0.0001,18.45454545,0
2011-08-30 00:00:00,0.280617505,18.41818182,0,0.0001,18.41818182,0
2011-08-31 00:00:00,0.273587674,18.38181818,0,0.0001,18.38181818,0
2011-09-01 00:00:00,0.26699999,18.34545455,0,0.0001,18.34545455,0
2011-09-02 00:00:00,0.263000011,18.30909091,0,0.0001,18.30909091,0
2011-09-03 00:00:00,0.25999999,18.27272727,0,0.0001,18.27272727,0
2011-09-04 00:00:00,0.270000011,18.23636364,0,0.0001,18.23636364,0
2011-09-05 00:00:00,0.275000006,18.2,0,0.0001,18.2,0
2011-09-06 00:00:00,0.324999988,18,0,0.0001,18,0
2011-09-07 00:00:00,0.321999997,17.8,0,0.0001,17.8,0
2011-09-08 00:00:00,0.31126675,17.6,0,0.0001,17.6,0
2011-09-09 00:00:00,0.331537068,17.4,0,0.0001,17.4,0
2011-09-10 00:00:00,0.341053754,17.2,0,0.0001,17.2,0
2011-09-11 00:00:00,0.356805831,17,0,0.0001,17,0
2011-09-12 00:00:00,0.370940655,16.8,0,0.0001,16.8,0
2011-09-13 00:00:00,0.383329988,16.6,0,0.0001,16.6,0
2011-09-14 00:00:00,0.383552819,16.4,0,0.0001,16.4,0
2011-09-15 00:00:00,0.38808614,16.2,0,0.0001,16.2,0
2011-09-16 00:00:00,0.383204192,16,0,0.0001,16,0
2011-09-17 00:00:00,0.380198896,15.8,0,0.0001,15.8,0
2011-09-18 00:00:00,0.389694124,15.6,0,0.0001,15.6,0
2011-09-19 00:00:00,0.396274954,15.4,0,0.0001,15.4,0
2011-09-20 00:00:00,0.395359904,15.2,0,0.0001,15.2,0
2011-09-21 00:00:00,0.414899588,15,0,0.0001,15,0
2011-09-22 00:00:00,0.430777192,14.8,0,0.0001,14.8,0
2011-09-23 00:00:00,0.435850471,14.68363636,0,0.0001,14.68363636,0
2011-09-24 00:00:00,0.43719551,14.56727273,0,0.0001,14.56727273,0
2011-09-25 00:00:00,0.43689841,14.45090909,0,0.0001,14.45090909,0
2011-09-26 00:00:00,0.434436738,14.33454545,0,0.0001,14.33454545,0
2011-09-27 00:00:00,0.43357864,14.21818182,0,0.0001,14.21818182,0
2011-09-28 00:00:00,0.427084833,14.10181818,0,0.0001,14.10181818,0
2011-09-29 00:00:00,0.423424989,13.98545455,0,0.0001,13.98545455,0
2011-09-30 00:00:00,0.417035401,13.86909091,0,0.0001,13.86909091,0
2011-10-01 00:00:00,0.406908542,13.75272727,0,0.0001,13.75272727,0
2011-10-02 00:00:00,0.393653512,13.63636364,0,0.0001,13.63636364,0
2011-10-03 00:00:00,0.379408509,13.52,0,0.0001,13.52,0
2011-10-04 00:00:00,0.36487475,13.40363636,0,0.0001,13.40363636,0
2011-10-05 00:00:00,0.349247634,13.28727273,0,0.0001,13.28727273,0
2011-10-06 00:00:00,0.354842067,13.17090909,0,0.0001,13.17090909,0
2011-10-07 00:00:00,0.349626571,13.05454545,0,0.0001,13.05454545,0
2011-10-08 00:00:00,0.336686581,12.93818182,0,0.0001,12.93818182,0
2011-10-09 00:00:00,0.328737438,12.82181818,0,0.0001,12.82181818,0
2011-10-10 00:00:00,0.330914736,12.70545455,0,0.0001,12.70545455,0
2011-10-11 00:00:00,0.332755417,12.58909091,0,0.0001,12.58909091,0
2011-10-12 00:00:00,0.331308305,12.47272727,0,0.0001,12.47272727,0
2011-10-13 00:00:00,0.327581078,12.35636364,0,0.0001,12.35636364,0
2011-10-14 00:00:00,0.322839886,12.24,0,0.0001,12.24,0
2011-10-15 00:00:00,0.316028059,12.12363636,0,0.0001,12.12363636,0
2011-10-16 00:00:00,0.308915526,12.00727273,0,0.0001,12.00727273,0
2011-10-17 00:00:00,0.301115006,11.89090909,0,0.0001,11.89090909,0
2011-10-18 00:00:00,0.324953109,11.77454545,0,0.0001,11.77454545,0
2011-10-19 00:00:00,0.361796647,11.65818182,0,0.0001,11.65818182,0
2011-10-20 00:00:00,0.378352612,11.54181818,0,0.0001,11.54181818,0
2011-10-21 00:00:00,0.391062468,11.42545455,0,0.0001,11.42545455,0
2011-10-22 00:00:00,0.399196386,11.30909091,0,0.0001,11.30909091,0
2011-10-23 00:00:00,0.403334081,11.19272727,0,0.0001,11.19272727,0
2011-10-24 00:00:00,0.40513584,11.07636364,0,0.0001,11.07636364,0
2011-10-25 00:00:00,0.403182149,10.96,0,0.0001,10.96,0
2011-10-26 00:00:00,0.396172494,10.84363636,0,0.0001,10.84363636,0
2011-10-27 00:00:00,0.388993919,10.72727273,0,0.0001,10.72727273,0
2011-10-28 00:00:00,0.380911976,10.61090909,0,0.0001,10.61090909,0
2011-10-29 00:00:00,0.37123099,10.49454545,0,0.0001,10.49454545,0
2011-10-30 00:00:00,0.361917734,10.37818182,0,0.0001,10.37818182,0
2011-10-31 00:00:00,0.354799718,10.26181818,0,0.0001,10.26181818,0
2011-11-01 00:00:00,0.345444947,10.14545455,0,0.0001,10.14545455,0
2011-11-02 00:00:00,0.337830484,10.02909091,0,0.0001,10.02909091,0
2011-11-03 00:00:00,0.334063381,9.912727273,0,0.0001,9.912727273,0
2011-11-04 00:00:00,0.328071058,9.796363636,0,0.0001,9.796363636,0
2011-11-05 00:00:00,0.320885152,9.68,0,0.0001,9.68,0
2011-11-06 00:00:00,0.313699245,9.563636364,0,0.0001,9.563636364,0
2011-11-07 00:00:00,0.306513339,9.447272727,0,0.0001,9.447272727,0
2011-11-08 00:00:00,0.298915774,9.330909091,0,0.0001,9.330909091,0
2011-11-09 00:00:00,0.293116242,9.214545455,0,0.0001,9.214545455,0
2011-11-10 00:00:00,0.286945462,9.098181818,0,0.0001,9.098181818,0
2011-11-11 00:00:00,0.278841436,8.981818182,0,0.0001,8.981818182,0
2011-11-12 00:00:00,0.271328598,8.865454545,0,0.0001,8.865454545,0
2011-11-13 00:00:00,0.265912265,8.749090909,0,0.0001,8.749090909,0
2011-11-14 00:00:00,0.261457324,8.632727273,0,0.0001,8.632727273,0
2011-11-15 00:00:00,0.25750488,8.516363636,0,0.0001,8.516363636,0
2011-11-16 00:00:00,0.252995074,8.4,0,0.0001,8.4,0
2011-11-17 00:00:00,0.24889715,8.292857143,0,0.0001,8.292857143,0
2011-11-18 00:00:00,0.24508816,8.185714286,0,0.0001,8.185714286,0
2011-11-19 00:00:00,0.242418751,8.078571429,0,0.0001,8.078571429,0
2011-11-20 00:00:00,0.241429329,7.971428571,0,0.0001,7.971428571,0
2011-11-21 00:00:00,0.23959291,7.864285714,0,0.0001,7.864285714,0
2011-11-22 00:00:00,0.23618266,7.757142857,0,0.0001,7.757142857,0
2011-11-23 00:00:00,0.233950675,7.65,0,0.0001,7.65,0
2011-11-24 00:00:00,0.231944606,7.542857143,0,0.0001,7.542857143,0
2011-11-25 00:00:00,0.234208286,7.435714286,0,0.0001,7.435714286,0
2011-11-26 00:00:00,0.241437361,7.328571429,0,0.0001,7.328571429,0
2011-11-27 00:00:00,0.254487932,7.221428571,0,0.0001,7.221428571,0
2011-11-28 00:00:00,0.265851021,7.114285714,0,0.0001,7.114285714,0
2011-11-29 00:00:00,0.269700348,7.007142857,0,0.0001,7.007142857,0
2011-11-30 00:00:00,0.272728235,6.9,0,0.0001,6.9,0
2011-12-01 00:00:00,0.274514288,6.792857143,0,0.0001,6.792857143,0
2011-12-02 00:00:00,0.279494435,6.685714286,0,0.0001,6.685714286,0
2011-12-03 00:00:00,0.293788582,6.578571429,0,0.0001,6.578571429,0
2011-12-04 00:00:00,0.340361536,6.471428571,0,0.0001,6.471428571,0
2011-12-05 00:00:00,0.388722807,6.364285714,0,0.0001,6.364285714,0
2011-12-06 00:00:00,0.428077638,6.257142857,0,0.0001,6.257142857,0
2011-12-07 00:00:00,0.4712767,6.15,0,0.0001,6.15,0
2011-12-08 00:00:00,0.505189061,6.042857143,0,0.0001,6.042857143,0
2011-12-09 00:00:00,0.597722113,5.935714286,0,0.0001,5.935714286,0
2011-12-10 00:00:00,0.676944017,5.828571429,0,0.0001,5.828571429,0
2011-12-11 00:00:00,0.740234137,5.721428571,0,0.0001,5.721428571,0
2011-12-12 00:00:00,0.781808734,5.614285714,0,0.0001,5.614285714,0
2011-12-13 00:00:00,0.821238518,5.507142857,0,0.0001,5.507142857,0
2011-12-14 00:00:00,0.883136094,5.4,0,0.0001,5.4,0
2011-12-15 00:00:00,0.940778077,5.357377049,0,0.0001,5.357377049,0
2011-12-16 00:00:00,0.980953276,5.314754098,0,0.0001,5.314754098,0
2011-12-17 00:00:00,1.006924748,5.272131148,0,0.0001,5.272131148,0
2011-12-18 00:00:00,1.003489971,5.229508197,0,0.0001,5.229508197,0
2011-12-19 00:00:00,0.979809701,5.186885246,0,0.0001,5.186885246,0
2011-12-20 00:00:00,0.953689337,5.144262295,0,0.0001,5.144262295,0
2011-12-21 00:00:00,0.920384228,5.101639344,0,0.0001,5.101639344,0
2011-12-22 00:00:00,0.882148206,5.059016393,0,0.0001,5.059016393,0
2011-12-23 00:00:00,0.846861541,5.016393443,0,0.0001,5.016393443,0
2011-12-24 00:00:00,0.84589994,4.973770492,0,0.0001,4.973770492,0
2011-12-25 00:00:00,0.834577203,4.931147541,0,0.0001,4.931147541,0
2011-12-26 00:00:00,0.823945999,4.88852459,0,0.0001,4.88852459,0
2011-12-27 00:00:00,0.809194207,4.845901639,0,0.0001,4.845901639,0
2011-12-28 00:00:00,0.787180305,4.803278689,0,0.0001,4.803278689,0
2011-12-29 00:00:00,0.769663692,4.760655738,0,0.0001,4.760655738,0
2011-12-30 00:00:00,0.748223782,4.718032787,0,0.0001,4.718032787,0
2011-12-31 00:00:00,0.719540954,4.675409836,0,0.0001,4.675409836,0
2012-01-01 00:00:00,0.702640116,4.632786885,0,0.0001,4.632786885,0
2012-01-02 00:00:00,0.700723708,4.590163934,0,0.0001,4.590163934,0
2012-01-03 00:00:00,0.714789152,4.547540984,0,0.0001,4.547540984,0
2012-01-04 00:00:00,0.779727876,4.504918033,0,0.0001,4.504918033,0
2012-01-05 00:00:00,0.863101959,4.462295082,0,0.0001,4.462295082,0
2012-01-06 00:00:00,0.953395724,4.419672131,0,0.0001,4.419672131,0
2012-01-07 00:00:00,1.043689489,4.37704918,0,0.0001,4.37704918,0
2012-01-08 00:00:00,1.133983254,4.33442623,0,0.0001,4.33442623,0
2012-01-09 00:00:00,1.186432719,4.291803279,0,0.0001,4.291803279,0
2012-01-10 00:00:00,1.185167789,4.249180328,0,0.0001,4.249180328,0
2012-01-11 00:00:00,1.165849328,4.206557377,0,0.0001,4.206557377,0
2012-01-12 00:00:00,1.150020599,4.163934426,0,0.0001,4.163934426,0
2012-01-13 00:00:00,1.131524682,4.121311475,0,0.0001,4.121311475,0
2012-01-14 00:00:00,1.095923305,4.078688525,0,0.0001,4.078688525,0
2012-01-15 00:00:00,1.05223906,4.036065574,0,0.0001,4.036065574,0
2012-01-16 00:00:00,1.003498673,3.993442623,0,0.0001,3.993442623,0
2012-01-17 00:00:00,0.956252873,3.950819672,0,0.0001,3.950819672,0
2012-01-18 00:00:00,0.912452102,3.908196721,0,0.0001,3.908196721,0
2012-01-19 00:00:00,0.893015981,3.86557377,0,0.0001,3.86557377,0
2012-01-20 00:00:00,0.883789003,3.82295082,0,0.0001,3.82295082,0
2012-01-21 00:00:00,0.877337873,3.780327869,0,0.0001,3.780327869,0
2012-01-22 00:00:00,0.910922527,3.737704918,0,0.0001,3.737704918,0
2012-01-23 00:00:00,0.921920478,3.695081967,0,0.0001,3.695081967,0
2012-01-24 00:00:00,0.920428276,3.652459016,0,0.0001,3.652459016,0
2012-01-25 00:00:00,0.893215716,3.609836066,0,0.0001,3.609836066,0
2012-01-26 00:00:00,0.854571939,3.567213115,0,0.0001,3.567213115,0
2012-01-27 00:00:00,0.816280186,3.524590164,0,0.0001,3.524590164,0
2012-01-28 00:00:00,0.779427886,3.481967213,0,0.0001,3.481967213,0
2012-01-29 00:00:00,0.742683291,3.439344262,0,0.0001,3.439344262,0
2012-01-30 00:00:00,0.705913067,3.396721311,0,0.0001,3.396721311,0
2012-01-31 00:00:00,0.662666678,3.354098361,0,0.0001,3.354098361,0
2012-02-01 00:00:00,0.63032639,3.31147541,0,0.0001,3.31147541,0
2012-02-02 00:00:00,0.594067752,3.268852459,0,0.0001,3.268852459,0
2012-02-03 00:00:00,0.558264852,3.226229508,0,0.0001,3.226229508,0
2012-02-04 00:00:00,0.527958095,3.183606557,0,0.0001,3.183606557,0
2012-02-05 00:00:00,0.498984039,3.140983607,0,0.0001,3.140983607,0
2012-02-06 00:00:00,0.471343517,3.098360656,0,0.0001,3.098360656,0
2012-02-07 00:00:00,0.447452039,3.055737705,0,0.0001,3.055737705,0
2012-02-08 00:00:00,0.424775809,3.013114754,0,0.0001,3.013114754,0
2012-02-09 00:00:00,0.404735863,2.970491803,0,0.0001,2.970491803,0
2012-02-10 00:00:00,0.388350159,2.927868852,0,0.0001,2.927868852,0
2012-02-11 00:00:00,0.373172194,2.885245902,0,0.0001,2.885245902,0
2012-02-12 00:00:00,0.362849861,2.842622951,0,0.0001,2.842622951,0
2012-02-13 00:00:00,0.354510158,2.8,0,0.0001,2.8,0
2012-02-14 00:00:00,0.345976204,2.86,0,0.0001,2.86,0
2012-02-15 00:00:00,0.343397111,2.92,0,0.0001,2.92,0
2012-02-16 00:00:00,0.344765335,2.98,0,0.0001,2.98,0
2012-02-17 00:00:00,0.363992959,3.04,0,0.0001,3.04,0
2012-02-18 00:00:00,0.393018842,3.1,0,0.0001,3.1,0
2012-02-19 00:00:00,0.42716071,3.16,0,0.0001,3.16,0
2012-02-20 00:00:00,0.442102909,3.22,0,0.0001,3.22,0
2012-02-21 00:00:00,0.46699214,3.28,0,0.0001,3.28,0
2012-02-22 00:00:00,0.494901925,3.34,0,0.0001,3.34,0
2012-02-23 00:00:00,0.548056483,3.4,0,0.0001,3.4,0
2012-02-24 00:00:00,0.591744244,3.46,0,0.0001,3.46,0
2012-02-25 00:00:00,0.619795501,3.52,0,0.0001,3.52,0
2012-02-26 00:00:00,0.630553305,3.58,0,0.0001,3.58,0
2012-02-27 00:00:00,0.627414644,3.64,0,0.0001,3.64,0
2012-02-28 00:00:00,0.618623734,3.7,0,0.0001,3.7,0
2012-02-29 00:00:00,0.605185866,3.76,0,0.0001,3.76,0
2012-03-01 00:00:00,0.586707115,3.82,0,0.0001,3.82,0
2012-03-02 00:00:00,0.567620695,3.88,0,0.0001,3.88,0
2012-03-03 00:00:00,0.546402693,3.94,0,0.0001,3.94,0
2012-03-04 00:00:00,0.52371186,4,0,0.0001,4,0
2012-03-05 00:00:00,0.501410961,4.06,0,0.0001,4.06,0
2012-03-06 00:00:00,0.479261249,4.12,0,0.0001,4.12,0
2012-03-07 00:00:00,0.465897173,4.18,0,0.0001,4.18,0
2012-03-08 00:00:00,0.484788924,4.24,0,0.0001,4.24,0
2012-03-09 00:00:00,0.482053787,4.3,0,0.0001,4.3,0
2012-03-10 00:00:00,0.485270351,4.36,0,0.0001,4.36,0
2012-03-11 00:00:00,0.482434988,4.42,0,0.0001,4.42,0
2012-03-12 00:00:00,0.475136191,4.48,0,0.0001,4.48,0
2012-03-13 00:00:00,0.465396971,4.54,0,0.0001,4.54,0
2012-03-14 00:00:00,0.454061091,4.6,0,0.0001,4.6,0
2012-03-15 00:00:00,0.442699134,4.66,0,0.0001,4.66,0
2012-03-16 00:00:00,0.430563718,4.72,0,0.0001,4.72,0
2012-03-17 00:00:00,0.421126276,4.78,0,0.0001,4.78,0
2012-03-18 00:00:00,0.441281766,4.84,0,0.0001,4.84,0
2012-03-19 00:00:00,0.483671904,4.9,0,0.0001,4.9,0
2012-03-20 00:00:00,0.502566636,4.96,0,0.0001,4.96,0
2012-03-21 00:00:00,0.5120188,5.02,0,0.0001,5.02,0
2012-03-22 00:00:00,0.508960009,5.08,0,0.0001,5.08,0
2012-03-23 00:00:00,0.497915775,5.14,0,0.0001,5.14,0
2012-03-24 00:00:00,0.484838545,5.2,0,0.0001,5.2,0
2012-03-25 00:00:00,0.470472544,5.26,0,0.0001,5.26,0
2012-03-26 00:00:00,0.460364789,5.32,0,0.0001,5.32,0
2012-03-27 00:00:00,0.452707499,5.38,0,0.0001,5.38,0
2012-03-28 00:00:00,0.444649369,5.44,0,0.0001,5.44,0
2012-03-29 00:00:00,0.436604559,5.5,0,0.0001,5.5,0
2012-03-30 00:00:00,0.429001659,5.575,0,0.0001,5.575,0
2012-03-31 00:00:00,0.420497209,5.65,0,0.0001,5.65,0
2012-04-01 00:00:00,0.41311723,5.725,0,0.0001,5.725,0
2012-04-02 00:00:00,0.404817492,5.8,0,0.0001,5.8,0
2012-04-03 00:00:00,0.398871154,5.875,0,0.0001,5.875,0
2012-04-04 00:00:00,0.390588015,5.95,0,0.0001,5.95,0
2012-04-05 00:00:00,0.386520624,6.025,0,0.0001,6.025,0
2012-04-06 00:00:00,0.382110655,6.1,0,0.0001,6.1,0
2012-04-07 00:00:00,0.378764123,6.175,0,0.0001,6.175,0
2012-04-08 00:00:00,0.371659309,6.25,0,0.0001,6.25,0
2012-04-09 00:00:00,0.369327962,6.325,0,0.0001,6.325,0
2012-04-10 00:00:00,0.374081552,6.4,0,0.0001,6.4,0
2012-04-11 00:00:00,0.373689115,6.5875,0,0.0001,6.5875,0
2012-04-12 00:00:00,0.375651658,6.775,0,0.0001,6.775,0
2012-04-13 00:00:00,0.426054776,6.9625,0,0.0001,6.9625,0
2012-04-14 00:00:00,0.45094794,7.15,0,0.0001,7.15,0
2012-04-15 00:00:00,0.458435625,7.3375,0,0.0001,7.3375,0
2012-04-16 00:00:00,0.450263202,7.525,0,0.0001,7.525,0
2012-04-17 00:00:00,0.436366022,7.7125,0,0.0001,7.7125,0
2012-04-18 00:00:00,0.422499299,7.9,0,0.0001,7.9,0
2012-04-19 00:00:00,0.406834573,8.0875,0,0.0001,8.0875,0
2012-04-20 00:00:00,0.391728461,8.275,0,0.0001,8.275,0
2012-04-21 00:00:00,0.381048083,8.4625,0,0.0001,8.4625,0
2012-04-22 00:00:00,0.388060153,8.65,0,0.0001,8.65,0
2012-04-23 00:00:00,0.382360637,8.8375,0,0.0001,8.8375,0
2012-04-24 00:00:00,0.375867873,9.025,0,0.0001,9.025,0
2012-04-25 00:00:00,0.386562049,9.2125,0,0.0001,9.2125,0
2012-04-26 00:00:00,0.394319594,9.4,0,0.0001,9.4,0
2012-04-27 00:00:00,0.405768275,9.533333333,0,0.0001,9.533333333,0
2012-04-28 00:00:00,0.405916184,9.666666667,0,0.0001,9.666666667,0
2012-04-29 00:00:00,0.409169436,9.8,0,0.0001,9.8,0
2012-04-30 00:00:00,0.406189919,9.933333333,0,0.0001,9.933333333,0
2012-05-01 00:00:00,0.39699319,10.06666667,0,0.0001,10.06666667,0
2012-05-02 00:00:00,0.387489349,10.2,0,0.0001,10.2,0
2012-05-03 00:00:00,0.375459671,10.33333333,0,0.0001,10.33333333,0
2012-05-04 00:00:00,0.358369023,10.46666667,0,0.0001,10.46666667,0
2012-05-05 00:00:00,0.341478944,10.6,0,0.0001,10.6,0
2012-05-06 00:00:00,0.331936121,10.73333333,0,0.0001,10.73333333,0
2012-05-07 00:00:00,0.320480943,10.86666667,0,0.0001,10.86666667,0
2012-05-08 00:00:00,0.312878579,11,0,0.0001,11,0
2012-05-09 00:00:00,0.311752141,11.11,0,0.0001,11.11,0
2012-05-10 00:00:00,0.31925714,11.22,0,0.0001,11.22,0
2012-05-11 00:00:00,0.328413069,11.33,0,0.0001,11.33,0
2012-05-12 00:00:00,0.319929242,11.44,0,0.0001,11.44,0
2012-05-13 00:00:00,0.312217116,11.55,0,0.0001,11.55,0
2012-05-14 00:00:00,0.304563224,11.66,0,0.0001,11.66,0
2012-05-15 00:00:00,0.304997414,11.77,0,0.0001,11.77,0
2012-05-16 00:00:00,0.307345659,11.88,0,0.0001,11.88,0
2012-05-17 00:00:00,0.303511381,11.99,0,0.0001,11.99,0
2012-05-18 00:00:00,0.298321724,12.1,0,0.0001,12.1,0
2012-05-19 00:00:00,0.292902708,12.21,0,0.0001,12.21,0
2012-05-20 00:00:00,0.287124038,12.32,0,0.0001,12.32,0
2012-05-21 00:00:00,0.282364756,12.43,0,0.0001,12.43,0
2012-05-22 00:00:00,0.278006464,12.54,0,0.0001,12.54,0
2012-05-23 00:00:00,0.272307575,12.65,0,0.0001,12.65,0
2012-05-24 00:00:00,0.265621662,12.76,0,0.0001,12.76,0
2012-05-25 00:00:00,0.257411122,12.87,0,0.0001,12.87,0
2012-05-26 00:00:00,0.248431042,12.98,0,0.0001,12.98,0
2012-05-27 00:00:00,0.241609871,13.09,0,0.0001,13.09,0
2012-05-28 00:00:00,0.228196651,13.2,0,0.0001,13.2,0
2012-05-29 00:00:00,0.216654822,13.31,0,0.0001,13.31,0
2012-05-30 00:00:00,0.205869973,13.42,0,0.0001,13.42,0
2012-05-31 00:00:00,0.191456959,13.53,0,0.0001,13.53,0
2012-06-01 00:00:00,0.17333816,13.64,0,0.0001,13.64,0
2012-06-02 00:00:00,0.161836892,13.75,0,0.0001,13.75,0
2012-06-03 00:00:00,0.150437668,13.86,0,0.0001,13.86,0
2012-06-04 00:00:00,0.143767089,13.97,0,0.0001,13.97,0
2012-06-05 00:00:00,0.136879995,14.08,0,0.0001,14.08,0
2012-06-06 00:00:00,0.134566888,14.19,0,0.0001,14.19,0
2012-06-07 00:00:00,0.134582043,14.3,0,0.0001,14.3,0
2012-06-08 00:00:00,0.15419668,14.43076923,0,0.0001,14.43076923,0
2012-06-09 00:00:00,0.183641717,14.56153846,0,0.0001,14.56153846,0
2012-06-10 00:00:00,0.198110461,14.69230769,0,0.0001,14.69230769,0
2012-06-11 00:00:00,0.202506021,14.82307692,0,0.0001,14.82307692,0
2012-06-12 00:00:00,0.205001548,14.95384615,0,0.0001,14.95384615,0
2012-06-13 00:00:00,0.201849461,15.08461538,0,0.0001,15.08461538,0
2012-06-14 00:00:00,0.197450191,15.21538462,0,0.0001,15.21538462,0
2012-06-15 00:00:00,0.196297064,15.34615385,0,0.0001,15.34615385,0
2012-06-16 00:00:00,0.202431515,15.47692308,0,0.0001,15.47692308,0
2012-06-17 00:00:00,0.19976306,15.60769231,0,0.0001,15.60769231,0
2012-06-18 00:00:00,0.211837903,15.73846154,0,0.0001,15.73846154,0
2012-06-19 00:00:00,0.23754397,15.86923077,0,0.0001,15.86923077,0
2012-06-20 00:00:00,0.242045507,16,0,0.0001,16,0
2012-06-21 00:00:00,0.243950948,16.3,0,0.0001,16.3,0
2012-06-22 00:00:00,0.261301339,16.6,0,0.0001,16.6,0
2012-06-23 00:00:00,0.26936239,16.9,0,0.0001,16.9,0
2012-06-24 00:00:00,0.281109124,17.2,0,0.0001,17.2,0
2012-06-25 00:00:00,0.301232606,17.5,0,0.0001,17.5,0
2012-06-26 00:00:00,0.300578982,17.8,0,0.0001,17.8,0
2012-06-27 00:00:00,0.297399044,18.1,0,0.0001,18.1,0
2012-06-28 00:00:00,0.295527339,18.4,0,0.0001,18.4,0
2012-06-29 00:00:00,0.303558558,18.7,0,0.0001,18.7,0
2012-06-30 00:00:00,0.304423839,19,0,0.0001,19,0
2012-07-01 00:00:00,0.299069524,19.3,0,0.0001,19.3,0
2012-07-02 00:00:00,0.288480818,19.6,0,0.0001,19.6,0
2012-07-03 00:00:00,0.280575961,19.9,0,0.0001,19.9,0
2012-07-04 00:00:00,0.270227462,20.2,0,0.0001,20.2,0
2012-07-05 00:00:00,0.259496033,20.5,0,0.0001,20.5,0
2012-07-06 00:00:00,0.252994865,20.25833333,0,0.0001,20.25833333,0
2012-07-07 00:00:00,0.251033604,20.01666667,0,0.0001,20.01666667,0
2012-07-08 00:00:00,0.246045619,19.775,0,0.0001,19.775,0
2012-07-09 00:00:00,0.241364554,19.53333333,0,0.0001,19.53333333,0
2012-07-10 00:00:00,0.250268459,19.29166667,0,0.0001,19.29166667,0
2012-07-11 00:00:00,0.252327353,19.05,0,0.0001,19.05,0
2012-07-12 00:00:00,0.260873228,18.80833333,0,0.0001,18.80833333,0
2012-07-13 00:00:00,0.260364592,18.56666667,0,0.0001,18.56666667,0
2012-07-14 00:00:00,0.26390931,18.325,0,0.0001,18.325,0
2012-07-15 00:00:00,0.267015636,18.08333333,0,0.0001,18.08333333,0
2012-07-16 00:00:00,0.266818911,17.84166667,0,0.0001,17.84166667,0
2012-07-17 00:00:00,0.268476158,17.6,0,0.0001,17.6,0
2012-07-18 00:00:00,0.262753636,17.645,0,0.0001,17.645,0
2012-07-19 00:00:00,0.26780194,17.69,0,0.0001,17.69,0
2012-07-20 00:00:00,0.260919183,17.735,0,0.0001,17.735,0
2012-07-21 00:00:00,0.252123952,17.78,0,0.0001,17.78,0
2012-07-22 00:00:00,0.245237619,17.825,0,0.0001,17.825,0
2012-07-23 00:00:00,0.235762104,17.87,0,0.0001,17.87,0
2012-07-24 00:00:00,0.228044257,17.915,0,0.0001,17.915,0
2012-07-25 00:00:00,0.223117217,17.96,0,0.0001,17.96,0
2012-07-26 00:00:00,0.215173289,18.005,0,0.0001,18.005,0
2012-07-27 00:00:00,0.208023757,18.05,0,0.0001,18.05,0
2012-07-28 00:00:00,0.20623298,18.095,0,0.0001,18.095,0
2012-07-29 00:00:00,0.202377945,18.14,0,0.0001,18.14,0
2012-07-30 00:00:00,0.209168494,18.185,0,0.0001,18.185,0
2012-07-31 00:00:00,0.217821762,18.23,0,0.0001,18.23,0
2012-08-01 00:00:00,0.218492314,18.275,0,0.0001,18.275,0
2012-08-02 00:00:00,0.216719598,18.32,0,0.0001,18.32,0
2012-08-03 00:00:00,0.21421963,18.365,0,0.0001,18.365,0
2012-08-04 00:00:00,0.209830329,18.41,0,0.0001,18.41,0
2012-08-05 00:00:00,0.206067935,18.455,0,0.0001,18.455,0
2012-08-06 00:00:00,0.238311723,18.5,0,0.0001,18.5,0
2012-08-07 00:00:00,0.25515309,18.49166667,0,0.0001,18.49166667,0
2012-08-08 00:00:00,0.246257171,18.48333333,0,0.0001,18.48333333,0
2012-08-09 00:00:00,0.237445891,18.475,0,0.0001,18.475,0
2012-08-10 00:00:00,0.230044693,18.46666667,0,0.0001,18.46666667,0
2012-08-11 00:00:00,0.226788014,18.45833333,0,0.0001,18.45833333,0
2012-08-12 00:00:00,0.222463474,18.45,0,0.0001,18.45,0
2012-08-13 00:00:00,0.217272982,18.44166667,0,0.0001,18.44166667,0
2012-08-14 00:00:00,0.210525975,18.43333333,0,0.0001,18.43333333,0
2012-08-15 00:00:00,0.203946099,18.425,0,0.0001,18.425,0
2012-08-16 00:00:00,0.20007278,18.41666667,0,0.0001,18.41666667,0
2012-08-17 00:00:00,0.200501859,18.40833333,0,0.0001,18.40833333,0
2012-08-18 00:00:00,0.194187075,18.4,0,0.0001,18.4,0
2012-08-19 00:00:00,0.189151451,18.39166667,0,0.0001,18.39166667,0
2012-08-20 00:00:00,0.182631105,18.38333333,0,0.0001,18.38333333,0
2012-08-21 00:00:00,0.175858706,18.375,0,0.0001,18.375,0
2012-08-22 00:00:00,0.20370087,18.36666667,0,0.0001,18.36666667,0
2012-08-23 00:00:00,0.212029919,18.35833333,0,0.0001,18.35833333,0
2012-08-24 00:00:00,0.212629244,18.35,0,0.0001,18.35,0
2012-08-25 00:00:00,0.214897305,18.34166667,0,0.0001,18.34166667,0
2012-08-26 00:00:00,0.250349671,18.33333333,0,0.0001,18.33333333,0
2012-08-27 00:00:00,0.266574174,18.325,0,0.0001,18.325,0
2012-08-28 00:00:00,0.27762565,18.31666667,0,0.0001,18.31666667,0
2012-08-29 00:00:00,0.284994155,18.30833333,0,0.0001,18.30833333,0
2012-08-30 00:00:00,0.288300306,18.3,0,0.0001,18.3,0
2012-08-31 00:00:00,0.288452953,18.16923077,0,0.0001,18.16923077,0
2012-09-01 00:00:00,0.286662668,18.03846154,0,0.0001,18.03846154,0
2012-09-02 00:00:00,0.282147944,17.90769231,0,0.0001,17.90769231,0
2012-09-03 00:00:00,0.280749351,17.77692308,0,0.0001,17.77692308,0
2012-09-04 00:00:00,0.273195595,17.64615385,0,0.0001,17.64615385,0
2012-09-05 00:00:00,0.264393866,17.51538462,0,0.0001,17.51538462,0
2012-09-06 00:00:00,0.253211588,17.38461538,0,0.0001,17.38461538,0
2012-09-07 00:00:00,0.247679353,17.25384615,0,0.0001,17.25384615,0
2012-09-08 00:00:00,0.238975734,17.12307692,0,0.0001,17.12307692,0
2012-09-09 00:00:00,0.233743772,16.99230769,0,0.0001,16.99230769,0
2012-09-10 00:00:00,0.229675874,16.86153846,0,0.0001,16.86153846,0
2012-09-11 00:00:00,0.229486451,16.73076923,0,0.0001,16.73076923,0
2012-09-12 00:00:00,0.230109364,16.6,0,0.0001,16.6,0
2012-09-13 00:00:00,0.224996954,16.39166667,0,0.0001,16.39166667,0
2012-09-14 00:00:00,0.227982759,16.18333333,0,0.0001,16.18333333,0
2012-09-15 00:00:00,0.232890174,15.975,0,0.0001,15.975,0
2012-09-16 00:00:00,0.230725467,15.76666667,0,0.0001,15.76666667,0
2012-09-17 00:00:00,0.227553576,15.55833333,0,0.0001,15.55833333,0
2012-09-18 00:00:00,0.228907436,15.35,0,0.0001,15.35,0
2012-09-19 00:00:00,0.227820352,15.14166667,0,0.0001,15.14166667,0
2012-09-20 00:00:00,0.229588479,14.93333333,0,0.0001,14.93333333,0
2012-09-21 00:00:00,0.272844821,14.725,0,0.0001,14.725,0
2012-09-22 00:00:00,0.356802493,14.51666667,0,0.0001,14.51666667,0
2012-09-23 00:00:00,0.397152722,14.30833333,0,0.0001,14.30833333,0
2012-09-24 00:00:00,0.439259768,14.1,0,0.0001,14.1,0
2012-09-25 00:00:00,0.515186965,13.96875,0,0.0001,13.96875,0
2012-09-26 00:00:00,0.573211014,13.8375,0,0.0001,13.8375,0
2012-09-27 00:00:00,0.62921536,13.70625,0,0.0001,13.70625,0
2012-09-28 00:00:00,0.692386329,13.575,0,0.0001,13.575,0
2012-09-29 00:00:00,0.742406607,13.44375,0,0.0001,13.44375,0
2012-09-30 00:00:00,0.783788085,13.3125,0,0.0001,13.3125,0
2012-10-01 00:00:00,0.803348243,13.18125,0,0.0001,13.18125,0
2012-10-02 00:00:00,0.812586665,13.05,0,0.0001,13.05,0
2012-10-03 00:00:00,0.81353277,12.91875,0,0.0001,12.91875,0
2012-10-04 00:00:00,0.807780445,12.7875,0,0.0001,12.7875,0
2012-10-05 00:00:00,0.80372715,12.65625,0,0.0001,12.65625,0
2012-10-06 00:00:00,0.81663841,12.525,0,0.0001,12.525,0
2012-10-07 00:00:00,0.815659523,12.39375,0,0.0001,12.39375,0
2012-10-08 00:00:00,0.80654496,12.2625,0,0.0001,12.2625,0
2012-10-09 00:00:00,0.793200195,12.13125,0,0.0001,12.13125,0
2012-10-10 00:00:00,0.76990819,12,0,0.0001,12,0
2012-10-11 00:00:00,0.744985342,11.86875,0,0.0001,11.86875,0
2012-10-12 00:00:00,0.715702236,11.7375,0,0.0001,11.7375,0
2012-10-13 00:00:00,0.743733883,11.60625,0,0.0001,11.60625,0
2012-10-14 00:00:00,0.784069479,11.475,0,0.0001,11.475,0
2012-10-15 00:00:00,0.812819958,11.34375,0,0.0001,11.34375,0
2012-10-16 00:00:00,0.838060439,11.2125,0,0.0001,11.2125,0
2012-10-17 00:00:00,0.857019782,11.08125,0,0.0001,11.08125,0
2012-10-18 00:00:00,0.869302452,10.95,0,0.0001,10.95,0
2012-10-19 00:00:00,0.906122446,10.81875,0,0.0001,10.81875,0
2012-10-20 00:00:00,0.949334383,10.6875,0,0.0001,10.6875,0
2012-10-21 00:00:00,0.97436744,10.55625,0,0.0001,10.55625,0
2012-10-22 00:00:00,1.004992008,10.425,0,0.0001,10.425,0
2012-10-23 00:00:00,1.036406636,10.29375,0,0.0001,10.29375,0
2012-10-24 00:00:00,1.049431443,10.1625,0,0.0001,10.1625,0
2012-10-25 00:00:00,1.045144439,10.03125,0,0.0001,10.03125,0
2012-10-26 00:00:00,1.029829621,9.9,0,0.0001,9.9,0
2012-10-27 00:00:00,1.006897688,9.76875,0,0.0001,9.76875,0
2012-10-28 00:00:00,0.97425884,9.6375,0,0.0001,9.6375,0
2012-10-29 00:00:00,0.939517021,9.50625,0,0.0001,9.50625,0
2012-10-30 00:00:00,0.912509382,9.375,0,0.0001,9.375,0
2012-10-31 00:00:00,0.873676658,9.24375,0,0.0001,9.24375,0
2012-11-01 00:00:00,0.836706698,9.1125,0,0.0001,9.1125,0
2012-11-02 00:00:00,0.823144674,8.98125,0,0.0001,8.98125,0
2012-11-03 00:00:00,0.805465043,8.85,0,0.0001,8.85,0
2012-11-04 00:00:00,0.790021539,8.71875,0,0.0001,8.71875,0
2012-11-05 00:00:00,0.773098171,8.5875,0,0.0001,8.5875,0
2012-11-06 00:00:00,0.751704395,8.45625,0,0.0001,8.45625,0
2012-11-07 00:00:00,0.732245684,8.325,0,0.0001,8.325,0
2012-11-08 00:00:00,0.727644205,8.19375,0,0.0001,8.19375,0
2012-11-09 00:00:00,0.730722964,8.0625,0,0.0001,8.0625,0
2012-11-10 00:00:00,0.72854799,7.93125,0,0.0001,7.93125,0
2012-11-11 00:00:00,0.730578661,7.8,0,0.0001,7.8,0
2012-11-12 00:00:00,0.726016343,7.66875,0,0.0001,7.66875,0
2012-11-13 00:00:00,0.716703653,7.5375,0,0.0001,7.5375,0
2012-11-14 00:00:00,0.70384419,7.40625,0,0.0001,7.40625,0
2012-11-15 00:00:00,0.690564096,7.275,0,0.0001,7.275,0
2012-11-16 00:00:00,0.676621616,7.14375,0,0.0001,7.14375,0
2012-11-17 00:00:00,0.657681227,7.0125,0,0.0001,7.0125,0
2012-11-18 00:00:00,0.637675822,6.88125,0,0.0001,6.88125,0
2012-11-19 00:00:00,0.618628383,6.75,0,0.0001,6.75,0
2012-11-20 00:00:00,0.594467402,6.61875,0,0.0001,6.61875,0
2012-11-21 00:00:00,0.572206616,6.4875,0,0.0001,6.4875,0
2012-11-22 00:00:00,0.550312161,6.35625,0,0.0001,6.35625,0
2012-11-23 00:00:00,0.533412516,6.225,0,0.0001,6.225,0
2012-11-24 00:00:00,0.523117363,6.09375,0,0.0001,6.09375,0
2012-11-25 00:00:00,0.524800658,5.9625,0,0.0001,5.9625,0
2012-11-26 00:00:00,0.566082716,5.83125,0,0.0001,5.83125,0
2012-11-27 00:00:00,0.596937895,5.7,0,0.0001,5.7,0
2012-11-28 00:00:00,0.624059141,5.56875,0,0.0001,5.56875,0
2012-11-29 00:00:00,0.639946103,5.4375,0,0.0001,5.4375,0
2012-11-30 00:00:00,0.642867386,5.30625,0,0.0001,5.30625,0
2012-12-01 00:00:00,0.637340069,5.175,0,0.0001,5.175,0
2012-12-02 00:00:00,0.625149786,5.04375,0,0.0001,5.04375,0
2012-12-03 00:00:00,0.60836482,4.9125,0,0.0001,4.9125,0
2012-12-04 00:00:00,0.593112469,4.78125,0,0.0001,4.78125,0
2012-12-05 00:00:00,0.569705606,4.65,0,0.0001,4.65,0
2012-12-06 00:00:00,0.543477356,4.51875,0,0.0001,4.51875,0
2012-12-07 00:00:00,0.520038903,4.3875,0,0.0001,4.3875,0
2012-12-08 00:00:00,0.494144648,4.25625,0,0.0001,4.25625,0
2012-12-09 00:00:00,0.490881383,4.125,0,0.0001,4.125,0
2012-12-10 00:00:00,0.49342978,3.99375,0,0.0001,3.99375,0
2012-12-11 00:00:00,0.471998751,3.8625,0,0.0001,3.8625,0
2012-12-12 00:00:00,0.454760581,3.73125,0,0.0001,3.73125,0
2012-12-13 00:00:00,0.436449528,3.6,0,0.0001,3.6,0
2012-12-14 00:00:00,0.420015424,3.585714286,0,0.0001,3.585714286,0
2012-12-15 00:00:00,0.426822364,3.571428571,0,0.0001,3.571428571,0
2012-12-16 00:00:00,0.448287308,3.557142857,0,0.0001,3.557142857,0
2012-12-17 00:00:00,0.503704965,3.542857143,0,0.0001,3.542857143,0
2012-12-18 00:00:00,0.592616379,3.528571429,0,0.0001,3.528571429,0
2012-12-19 00:00:00,0.679860473,3.514285714,0,0.0001,3.514285714,0
2012-12-20 00:00:00,0.747139275,3.5,0,0.0001,3.5,0
2012-12-21 00:00:00,0.786896348,3.485714286,0,0.0001,3.485714286,0
2012-12-22 00:00:00,0.799018979,3.471428571,0,0.0001,3.471428571,0
2012-12-23 00:00:00,0.816940486,3.457142857,0,0.0001,3.457142857,0
2012-12-24 00:00:00,0.839700639,3.442857143,0,0.0001,3.442857143,0
2012-12-25 00:00:00,0.936258435,3.428571429,0,0.0001,3.428571429,0
2012-12-26 00:00:00,1.06132853,3.414285714,0,0.0001,3.414285714,0
2012-12-27 00:00:00,1.210094452,3.4,0,0.0001,3.4,0
2012-12-28 00:00:00,1.313756227,3.385714286,0,0.0001,3.385714286,0
2012-12-29 00:00:00,1.369169235,3.371428571,0,0.0001,3.371428571,0
2012-12-30 00:00:00,1.397288084,3.357142857,0,0.0001,3.357142857,0
2012-12-31 00:00:00,1.430400729,3.342857143,0,0.0001,3.342857143,0
2013-01-01 00:00:00,1.477284193,3.328571429,0,0.0001,3.328571429,0
2013-01-02 00:00:00,1.4946661,3.314285714,0,0.0001,3.314285714,0
2013-01-03 00:00:00,1.504612803,3.3,0,0.0001,3.3,0
2013-01-04 00:00:00,1.49479413,3.285714286,0,0.0001,3.285714286,0
2013-01-05 00:00:00,1.471267462,3.271428571,0,0.0001,3.271428571,0
2013-01-06 00:00:00,1.434342742,3.257142857,0,0.0001,3.257142857,0
2013-01-07 00:00:00,1.386883855,3.242857143,0,0.0001,3.242857143,0
2013-01-08 00:00:00,1.35703969,3.228571429,0,0.0001,3.228571429,0
2013-01-09 00:00:00,1.339411259,3.214285714,0,0.0001,3.214285714,0
2013-01-10 00:00:00,1.337749243,3.2,0,0.0001,3.2,0
2013-01-11 00:00:00,1.318358421,3.185714286,0,0.0001,3.185714286,0
2013-01-12 00:00:00,1.285509586,3.171428571,0,0.0001,3.171428571,0
2013-01-13 00:00:00,1.238940477,3.157142857,0,0.0001,3.157142857,0
2013-01-14 00:00:00,1.191562653,3.142857143,0,0.0001,3.142857143,0
2013-01-15 00:00:00,1.15914917,3.128571429,0,0.0001,3.128571429,0
2013-01-16 00:00:00,1.105221987,3.114285714,0,0.0001,3.114285714,0
2013-01-17 00:00:00,1.049158335,3.1,0,0.0001,3.1,0
2013-01-18 00:00:00,0.993995667,3.085714286,0,0.0001,3.085714286,0
2013-01-19 00:00:00,0.94354254,3.071428571,0,0.0001,3.071428571,0
2013-01-20 00:00:00,0.895013094,3.057142857,0,0.0001,3.057142857,0
2013-01-21 00:00:00,0.845821381,3.042857143,0,0.0001,3.042857143,0
2013-01-22 00:00:00,0.80320096,3.028571429,0,0.0001,3.028571429,0
2013-01-23 00:00:00,0.761618972,3.014285714,0,0.0001,3.014285714,0
2013-01-24 00:00:00,0.720084846,3,0,0.0001,3,0
2013-01-25 00:00:00,0.681085944,2.985714286,0,0.0001,2.985714286,0
2013-01-26 00:00:00,0.647328794,2.971428571,0,0.0001,2.971428571,0
2013-01-27 00:00:00,0.631480873,2.957142857,0,0.0001,2.957142857,0
2013-01-28 00:00:00,0.620671093,2.942857143,0,0.0001,2.942857143,0
2013-01-29 00:00:00,0.635337651,2.928571429,0,0.0001,2.928571429,0
2013-01-30 00:00:00,0.723220944,2.914285714,0,0.0001,2.914285714,0
2013-01-31 00:00:00,0.830264449,2.9,0,0.0001,2.9,0
2013-02-01 00:00:00,0.924882114,2.838095238,0,0.0001,2.838095238,0
2013-02-02 00:00:00,1.009094954,2.776190476,0,0.0001,2.776190476,0
2013-02-03 00:00:00,1.05472374,2.714285714,0,0.0001,2.714285714,0
2013-02-04 00:00:00,1.088917732,2.652380952,0,0.0001,2.652380952,0
2013-02-05 00:00:00,1.128220797,2.59047619,0,0.0001,2.59047619,0
2013-02-06 00:00:00,1.153018355,2.528571429,0,0.0001,2.528571429,0
2013-02-07 00:00:00,1.156154752,2.466666667,0,0.0001,2.466666667,0
2013-02-08 00:00:00,1.142300487,2.404761905,0,0.0001,2.404761905,0
2013-02-09 00:00:00,1.115060568,2.342857143,0,0.0001,2.342857143,0
2013-02-10 00:00:00,1.082297325,2.280952381,0,0.0001,2.280952381,0
2013-02-11 00:00:00,1.037239194,2.219047619,0,0.0001,2.219047619,0
2013-02-12 00:00:00,0.989273012,2.157142857,0,0.0001,2.157142857,0
2013-02-13 00:00:00,0.942293942,2.095238095,0,0.0001,2.095238095,0
2013-02-14 00:00:00,0.893911123,2.033333333,0,0.0001,2.033333333,0
2013-02-15 00:00:00,0.846635699,1.971428571,0,0.0001,1.971428571,0
2013-02-16 00:00:00,0.806812525,1.90952381,0,0.0001,1.90952381,0
2013-02-17 00:00:00,0.767981589,1.847619048,0,0.0001,1.847619048,0
2013-02-18 00:00:00,0.731915593,1.785714286,0,0.0001,1.785714286,0
2013-02-19 00:00:00,0.721357942,1.723809524,0,0.0001,1.723809524,0
2013-02-20 00:00:00,0.691628814,1.661904762,0,0.0001,1.661904762,0
2013-02-21 00:00:00,0.663382232,1.6,0,0.0001,1.6,0
2013-02-22 00:00:00,0.634699821,1.630769231,0,0.0001,1.630769231,0
2013-02-23 00:00:00,0.604099333,1.661538462,0,0.0001,1.661538462,0
2013-02-24 00:00:00,0.576936901,1.692307692,0,0.0001,1.692307692,0
2013-02-25 00:00:00,0.555492401,1.723076923,0,0.0001,1.723076923,0
2013-02-26 00:00:00,0.533172369,1.753846154,0,0.0001,1.753846154,0
2013-02-27 00:00:00,0.512926757,1.784615385,0,0.0001,1.784615385,0
2013-02-28 00:00:00,0.495174319,1.815384615,0,0.0001,1.815384615,0
2013-03-01 00:00:00,0.482639581,1.846153846,0,0.0001,1.846153846,0
2013-03-02 00:00:00,0.470107764,1.876923077,0,0.0001,1.876923077,0
2013-03-03 00:00:00,0.460455924,1.907692308,0,0.0001,1.907692308,0
2013-03-04 00:00:00,0.450722367,1.938461538,0,0.0001,1.938461538,0
2013-03-05 00:00:00,0.440918833,1.969230769,0,0.0001,1.969230769,0
2013-03-06 00:00:00,0.431663007,2,0,0.0001,2,0
2013-03-07 00:00:00,0.422784477,1.961538462,0,0.0001,1.961538462,0
2013-03-08 00:00:00,0.443753153,1.923076923,0,0.0001,1.923076923,0
2013-03-09 00:00:00,0.440271825,1.884615385,0,0.0001,1.884615385,0
2013-03-10 00:00:00,0.418192267,1.846153846,0,0.0001,1.846153846,0
2013-03-11 00:00:00,0.396354765,1.807692308,0,0.0001,1.807692308,0
2013-03-12 00:00:00,0.381562769,1.769230769,0,0.0001,1.769230769,0
2013-03-13 00:00:00,0.371578395,1.730769231,0,0.0001,1.730769231,0
2013-03-14 00:00:00,0.360373467,1.692307692,0,0.0001,1.692307692,0
2013-03-15 00:00:00,0.350642353,1.653846154,0,0.0001,1.653846154,0
2013-03-16 00:00:00,0.343808889,1.615384615,0,0.0001,1.615384615,0
2013-03-17 00:00:00,0.339072913,1.576923077,0,0.0001,1.576923077,0
2013-03-18 00:00:00,0.330638587,1.538461538,0,0.0001,1.538461538,0
2013-03-19 00:00:00,0.322742492,1.5,0,0.0001,1.5,0
2013-03-20 00:00:00,0.321216732,1.55625,0,0.0001,1.55625,0
2013-03-21 00:00:00,0.321230233,1.6125,0,0.0001,1.6125,0
2013-03-22 00:00:00,0.316054881,1.66875,0,0.0001,1.66875,0
2013-03-23 00:00:00,0.30905813,1.725,0,0.0001,1.725,0
2013-03-24 00:00:00,0.300458848,1.78125,0,0.0001,1.78125,0
2013-03-25 00:00:00,0.295251429,1.8375,0,0.0001,1.8375,0
2013-03-26 00:00:00,0.291948855,1.89375,0,0.0001,1.89375,0
2013-03-27 00:00:00,0.288006246,1.95,0,0.0001,1.95,0
2013-03-28 00:00:00,0.285606831,2.00625,0,0.0001,2.00625,0
2013-03-29 00:00:00,0.285051733,2.0625,0,0.0001,2.0625,0
2013-03-30 00:00:00,0.284473836,2.11875,0,0.0001,2.11875,0
2013-03-31 00:00:00,0.283124477,2.175,0,0.0001,2.175,0
2013-04-01 00:00:00,0.281223178,2.23125,0,0.0001,2.23125,0
2013-04-02 00:00:00,0.278871864,2.2875,0,0.0001,2.2875,0
2013-04-03 00:00:00,0.276259333,2.34375,0,0.0001,2.34375,0
2013-04-04 00:00:00,0.275831461,2.4,0,0.0001,2.4,0
2013-04-05 00:00:00,0.27510643,2.552631579,0,0.0001,2.552631579,0
2013-04-06 00:00:00,0.274703592,2.705263158,0,0.0001,2.705263158,0
2013-04-07 00:00:00,0.275259435,2.857894737,0,0.0001,2.857894737,0
2013-04-08 00:00:00,0.277359724,3.010526316,0,0.0001,3.010526316,0
2013-04-09 00:00:00,0.279386461,3.163157895,0,0.0001,3.163157895,0
2013-04-10 00:00:00,0.280051082,3.315789474,0,0.0001,3.315789474,0
2013-04-11 00:00:00,0.296200275,3.468421053,0,0.0001,3.468421053,0
2013-04-12 00:00:00,0.303137422,3.621052632,0,0.0001,3.621052632,0
2013-04-13 00:00:00,0.307627618,3.773684211,0,0.0001,3.773684211,0
2013-04-14 00:00:00,0.309706122,3.926315789,0,0.0001,3.926315789,0
2013-04-15 00:00:00,0.312678665,4.078947368,0,0.0001,4.078947368,0
2013-04-16 00:00:00,0.31358397,4.231578947,0,0.0001,4.231578947,0
2013-04-17 00:00:00,0.312364906,4.384210526,0,0.0001,4.384210526,0
2013-04-18 00:00:00,0.308260709,4.536842105,0,0.0001,4.536842105,0
2013-04-19 00:00:00,0.302401423,4.689473684,0,0.0001,4.689473684,0
2013-04-20 00:00:00,0.297540724,4.842105263,0,0.0001,4.842105263,0
2013-04-21 00:00:00,0.291903555,4.994736842,0,0.0001,4.994736842,0
2013-04-22 00:00:00,0.286699802,5.147368421,0,0.0001,5.147368421,0
2013-04-23 00:00:00,0.282738447,5.3,0,0.0001,5.3,0
2013-04-24 00:00:00,0.279588878,5.575,0,0.0001,5.575,0
2013-04-25 00:00:00,0.281431347,5.85,0,0.0001,5.85,0
2013-04-26 00:00:00,0.288347781,6.125,0,0.0001,6.125,0
2013-04-27 00:00:00,0.285249919,6.4,0,0.0001,6.4,0
2013-04-28 00:00:00,0.279679865,6.675,0,0.0001,6.675,0
2013-04-29 00:00:00,0.272831321,6.95,0,0.0001,6.95,0
2013-04-30 00:00:00,0.266310781,7.225,0,0.0001,7.225,0
2013-05-01 00:00:00,0.262147635,7.5,0,0.0001,7.5,0
2013-05-02 00:00:00,0.256782264,7.759090909,0,0.0001,7.759090909,0
2013-05-03 00:00:00,0.253214657,8.018181818,0,0.0001,8.018181818,0
2013-05-04 00:00:00,0.249930188,8.277272727,0,0.0001,8.277272727,0
2013-05-05 00:00:00,0.251082242,8.536363636,0,0.0001,8.536363636,0
2013-05-06 00:00:00,0.252737284,8.795454545,0,0.0001,8.795454545,0
2013-05-07 00:00:00,0.255060852,9.054545455,0,0.0001,9.054545455,0
2013-05-08 00:00:00,0.268125117,9.313636364,0,0.0001,9.313636364,0
2013-05-09 00:00:00,0.275764853,9.572727273,0,0.0001,9.572727273,0
2013-05-10 00:00:00,0.278414577,9.831818182,0,0.0001,9.831818182,0
2013-05-11 00:00:00,0.279928297,10.09090909,0,0.0001,10.09090909,0
2013-05-12 00:00:00,0.286684811,10.35,0,0.0001,10.35,0
2013-05-13 00:00:00,0.28833279,10.60909091,0,0.0001,10.60909091,0
2013-05-14 00:00:00,0.289499283,10.86818182,0,0.0001,10.86818182,0
2013-05-15 00:00:00,0.283031821,11.12727273,0,0.0001,11.12727273,0
2013-05-16 00:00:00,0.395372629,11.38636364,0,0.0001,11.38636364,0
2013-05-17 00:00:00,0.402394474,11.64545455,0,0.0001,11.64545455,0
2013-05-18 00:00:00,0.376098692,11.90454545,0,0.0001,11.90454545,0
2013-05-19 00:00:00,0.344952673,12.16363636,0,0.0001,12.16363636,0
2013-05-20 00:00:00,0.334267437,12.42272727,0,0.0001,12.42272727,0
2013-05-21 00:00:00,0.308663428,12.68181818,0,0.0001,12.68181818,0
2013-05-22 00:00:00,0.316068828,12.94090909,0,0.0001,12.94090909,0
2013-05-23 00:00:00,0.319084615,13.2,0,0.0001,13.2,0
2013-05-24 00:00:00,0.298285335,13.56428571,0,0.0001,13.56428571,0
2013-05-25 00:00:00,0.278898239,13.92857143,0,0.0001,13.92857143,0
2013-05-26 00:00:00,0.262824118,14.29285714,0,0.0001,14.29285714,0
2013-05-27 00:00:00,0.25872308,14.65714286,0,0.0001,14.65714286,0
2013-05-28 00:00:00,0.251599789,15.02142857,0,0.0001,15.02142857,0
2013-05-29 00:00:00,0.256547242,15.38571429,0,0.0001,15.38571429,0
2013-05-30 00:00:00,0.246398076,15.75,0,0.0001,15.75,0
2013-05-31 00:00:00,0.233417362,16.11428571,0,0.0001,16.11428571,0
2013-06-01 00:00:00,0.219945878,16.47857143,0,0.0001,16.47857143,0
2013-06-02 00:00:00,0.198486507,16.84285714,0,0.0001,16.84285714,0
2013-06-03 00:00:00,0.186985478,17.20714286,0,0.0001,17.20714286,0
2013-06-04 00:00:00,0.178588137,17.57142857,0,0.0001,17.57142857,0
2013-06-05 00:00:00,0.172116324,17.93571429,0,0.0001,17.93571429,0
2013-06-06 00:00:00,0.1738711,18.3,0,0.0001,18.3,0
2013-06-07 00:00:00,0.174851432,18.38571429,0,0.0001,18.38571429,0
2013-06-08 00:00:00,0.169362321,18.47142857,0,0.0001,18.47142857,0
2013-06-09 00:00:00,0.163855284,18.55714286,0,0.0001,18.55714286,0
2013-06-10 00:00:00,0.160816222,18.64285714,0,0.0001,18.64285714,0
2013-06-11 00:00:00,0.157497883,18.72857143,0,0.0001,18.72857143,0
2013-06-12 00:00:00,0.159080923,18.81428571,0,0.0001,18.81428571,0
2013-06-13 00:00:00,0.199947312,18.9,0,0.0001,18.9,0
2013-06-14 00:00:00,0.207516447,18.98571429,0,0.0001,18.98571429,0
2013-06-15 00:00:00,0.202977598,19.07142857,0,0.0001,19.07142857,0
2013-06-16 00:00:00,0.202405944,19.15714286,0,0.0001,19.15714286,0
2013-06-17 00:00:00,0.193104073,19.24285714,0,0.0001,19.24285714,0
2013-06-18 00:00:00,0.249502942,19.32857143,0,0.0001,19.32857143,0
2013-06-19 00:00:00,0.249900609,19.41428571,0,0.0001,19.41428571,0
2013-06-20 00:00:00,0.250688344,19.5,0,0.0001,19.5,0
2013-06-21 00:00:00,0.250316113,19.31428571,0,0.0001,19.31428571,0
2013-06-22 00:00:00,0.252259195,19.12857143,0,0.0001,19.12857143,0
2013-06-23 00:00:00,0.262464821,18.94285714,0,0.0001,18.94285714,0
2013-06-24 00:00:00,0.264092982,18.75714286,0,0.0001,18.75714286,0
2013-06-25 00:00:00,0.256900549,18.57142857,0,0.0001,18.57142857,0
2013-06-26 00:00:00,0.247456342,18.38571429,0,0.0001,18.38571429,0
2013-06-27 00:00:00,0.251638293,18.2,0,0.0001,18.2,0
2013-06-28 00:00:00,0.246153563,18.01428571,0,0.0001,18.01428571,0
2013-06-29 00:00:00,0.240616262,17.82857143,0,0.0001,17.82857143,0
2013-06-30 00:00:00,0.230396777,17.64285714,0,0.0001,17.64285714,0
2013-07-01 00:00:00,0.227923557,17.45714286,0,0.0001,17.45714286,0
2013-07-02 00:00:00,0.226216584,17.27142857,0,0.0001,17.27142857,0
2013-07-03 00:00:00,0.223098949,17.08571429,0,0.0001,17.08571429,0
2013-07-04 00:00:00,0.220381752,16.9,0,0.0001,16.9,0
2013-07-05 00:00:00,0.21444571,17.12307692,0,0.0001,17.12307692,0
2013-07-06 00:00:00,0.210388571,17.34615385,0,0.0001,17.34615385,0
2013-07-07 00:00:00,0.205491513,17.56923077,0,0.0001,17.56923077,0
2013-07-08 00:00:00,0.196515575,17.79230769,0,0.0001,17.79230769,0
2013-07-09 00:00:00,0.186975613,18.01538462,0,0.0001,18.01538462,0
2013-07-10 00:00:00,0.176594958,18.23846154,0,0.0001,18.23846154,0
2013-07-11 00:00:00,0.168347016,18.46153846,0,0.0001,18.46153846,0
2013-07-12 00:00:00,0.163327515,18.68461538,0,0.0001,18.68461538,0
2013-07-13 00:00:00,0.15397726,18.90769231,0,0.0001,18.90769231,0
2013-07-14 00:00:00,0.141712978,19.13076923,0,0.0001,19.13076923,0
2013-07-15 00:00:00,0.133926645,19.35384615,0,0.0001,19.35384615,0
2013-07-16 00:00:00,0.129380569,19.57692308,0,0.0001,19.57692308,0
2013-07-17 00:00:00,0.126211375,19.8,0,0.0001,19.8,0
2013-07-18 00:00:00,0.121941283,19.90952381,0,0.0001,19.90952381,0
2013-07-19 00:00:00,0.11749839,20.01904762,0,0.0001,20.01904762,0
2013-07-20 00:00:00,0.116229743,20.12857143,0,0.0001,20.12857143,0
2013-07-21 00:00:00,0.110830627,20.23809524,0,0.0001,20.23809524,0
2013-07-22 00:00:00,0.109338619,20.34761905,0,0.0001,20.34761905,0
2013-07-23 00:00:00,0.10798157,20.45714286,0,0.0001,20.45714286,0
2013-07-24 00:00:00,0.104081295,20.56666667,0,0.0001,20.56666667,0
2013-07-25 00:00:00,0.100528806,20.67619048,0,0.0001,20.67619048,0
2013-07-26 00:00:00,0.09885928,20.78571429,0,0.0001,20.78571429,0
2013-07-27 00:00:00,0.107721277,20.8952381,0,0.0001,20.8952381,0
2013-07-28 00:00:00,0.115096457,21.0047619,0,0.0001,21.0047619,0
2013-07-29 00:00:00,0.113153994,21.11428571,0,0.0001,21.11428571,0
2013-07-30 00:00:00,0.111480087,21.22380952,0,0.0001,21.22380952,0
2013-07-31 00:00:00,0.108867489,21.33333333,0,0.0001,21.33333333,0
2013-08-01 00:00:00,0.106791161,21.44285714,0,0.0001,21.44285714,0
2013-08-02 00:00:00,0.109112225,21.55238095,0,0.0001,21.55238095,0
2013-08-03 00:00:00,0.105153292,21.66190476,0,0.0001,21.66190476,0
2013-08-04 00:00:00,0.100222543,21.77142857,0,0.0001,21.77142857,0
2013-08-05 00:00:00,0.097089611,21.88095238,0,0.0001,21.88095238,0
2013-08-06 00:00:00,0.097031467,21.99047619,0,0.0001,21.99047619,0
2013-08-07 00:00:00,0.092993759,22.1,0,0.0001,22.1,0
2013-08-08 00:00:00,0.100086242,22.01333333,0,0.0001,22.01333333,0
2013-08-09 00:00:00,0.099681258,21.92666667,0,0.0001,21.92666667,0
2013-08-10 00:00:00,0.102576748,21.84,0,0.0001,21.84,0
2013-08-11 00:00:00,0.104622714,21.75333333,0,0.0001,21.75333333,0
2013-08-12 00:00:00,0.108244844,21.66666667,0,0.0001,21.66666667,0
2013-08-13 00:00:00,0.107765608,21.58,0,0.0001,21.58,0
2013-08-14 00:00:00,0.105886072,21.49333333,0,0.0001,21.49333333,0
2013-08-15 00:00:00,0.102380954,21.40666667,0,0.0001,21.40666667,0
2013-08-16 00:00:00,0.101465181,21.32,0,0.0001,21.32,0
2013-08-17 00:00:00,0.103090592,21.23333333,0,0.0001,21.23333333,0
2013-08-18 00:00:00,0.102550298,21.14666667,0,0.0001,21.14666667,0
2013-08-19 00:00:00,0.100957155,21.06,0,0.0001,21.06,0
2013-08-20 00:00:00,0.098305166,20.97333333,0,0.0001,20.97333333,0
2013-08-21 00:00:00,0.096265435,20.88666667,0,0.0001,20.88666667,0
2013-08-22 00:00:00,0.096915513,20.8,0,0.0001,20.8,0
2013-08-23 00:00:00,0.096874163,20.6375,0,0.0001,20.6375,0
2013-08-24 00:00:00,0.095555536,20.475,0,0.0001,20.475,0
2013-08-25 00:00:00,0.091926731,20.3125,0,0.0001,20.3125,0
2013-08-26 00:00:00,0.088906787,20.15,0,0.0001,20.15,0
2013-08-27 00:00:00,0.087253056,19.9875,0,0.0001,19.9875,0
2013-08-28 00:00:00,0.085502401,19.825,0,0.0001,19.825,0
2013-08-29 00:00:00,0.0825831,19.6625,0,0.0001,19.6625,0
2013-08-30 00:00:00,0.082171321,19.5,0,0.0001,19.5,0
2013-08-31 00:00:00,0.085043296,19.3375,0,0.0001,19.3375,0
2013-09-01 00:00:00,0.087485731,19.175,0,0.0001,19.175,0
2013-09-02 00:00:00,0.103908189,19.0125,0,0.0001,19.0125,0
2013-09-03 00:00:00,0.114088453,18.85,0,0.0001,18.85,0
2013-09-04 00:00:00,0.118471868,18.6875,0,0.0001,18.6875,0
2013-09-05 00:00:00,0.124175027,18.525,0,0.0001,18.525,0
2013-09-06 00:00:00,0.126492321,18.3625,0,0.0001,18.3625,0
2013-09-07 00:00:00,0.125523239,18.2,0,0.0001,18.2,0
2013-09-08 00:00:00,0.124531105,18.0375,0,0.0001,18.0375,0
2013-09-09 00:00:00,0.143905163,17.875,0,0.0001,17.875,0
2013-09-10 00:00:00,0.177275911,17.7125,0,0.0001,17.7125,0
2013-09-11 00:00:00,0.19256258,17.55,0,0.0001,17.55,0
2013-09-12 00:00:00,0.196031034,17.3875,0,0.0001,17.3875,0
2013-09-13 00:00:00,0.197171941,17.225,0,0.0001,17.225,0
2013-09-14 00:00:00,0.203248993,17.0625,0,0.0001,17.0625,0
2013-09-15 00:00:00,0.216194868,16.9,0,0.0001,16.9,0
2013-09-16 00:00:00,0.227052808,16.7375,0,0.0001,16.7375,0
2013-09-17 00:00:00,0.225178257,16.575,0,0.0001,16.575,0
2013-09-18 00:00:00,0.222590148,16.4125,0,0.0001,16.4125,0
2013-09-19 00:00:00,0.219594136,16.25,0,0.0001,16.25,0
2013-09-20 00:00:00,0.21676518,16.0875,0,0.0001,16.0875,0
2013-09-21 00:00:00,0.211899772,15.925,0,0.0001,15.925,0
2013-09-22 00:00:00,0.206760049,15.7625,0,0.0001,15.7625,0
2013-09-23 00:00:00,0.202015832,15.6,0,0.0001,15.6,0
2013-09-24 00:00:00,0.198054805,15.4375,0,0.0001,15.4375,0
2013-09-25 00:00:00,0.19168736,15.275,0,0.0001,15.275,0
2013-09-26 00:00:00,0.184254751,15.1125,0,0.0001,15.1125,0
2013-09-27 00:00:00,0.179253012,14.95,0,0.0001,14.95,0
2013-09-28 00:00:00,0.174007729,14.7875,0,0.0001,14.7875,0
2013-09-29 00:00:00,0.169236809,14.625,0,0.0001,14.625,0
2013-09-30 00:00:00,0.164697409,14.4625,0,0.0001,14.4625,0
2013-10-01 00:00:00,0.16046682,14.3,0,0.0001,14.3,0
2013-10-02 00:00:00,0.15650329,14.1375,0,0.0001,14.1375,0
2013-10-03 00:00:00,0.150327519,13.975,0,0.0001,13.975,0
2013-10-04 00:00:00,0.144029886,13.8125,0,0.0001,13.8125,0
2013-10-05 00:00:00,0.143012747,13.65,0,0.0001,13.65,0
2013-10-06 00:00:00,0.142619595,13.4875,0,0.0001,13.4875,0
2013-10-07 00:00:00,0.142060652,13.325,0,0.0001,13.325,0
2013-10-08 00:00:00,0.142497256,13.1625,0,0.0001,13.1625,0
2013-10-09 00:00:00,0.144084856,13,0,0.0001,13,0
2013-10-10 00:00:00,0.147862926,12.89310345,0,0.0001,12.89310345,0
2013-10-11 00:00:00,0.146904707,12.7862069,0,0.0001,12.7862069,0
2013-10-12 00:00:00,0.146491095,12.67931034,0,0.0001,12.67931034,0
2013-10-13 00:00:00,0.145087734,12.57241379,0,0.0001,12.57241379,0
2013-10-14 00:00:00,0.155954435,12.46551724,0,0.0001,12.46551724,0
2013-10-15 00:00:00,0.158377454,12.35862069,0,0.0001,12.35862069,0
2013-10-16 00:00:00,0.158329934,12.25172414,0,0.0001,12.25172414,0
2013-10-17 00:00:00,0.160300821,12.14482759,0,0.0001,12.14482759,0
2013-10-18 00:00:00,0.159700125,12.03793103,0,0.0001,12.03793103,0
2013-10-19 00:00:00,0.159722641,11.93103448,0,0.0001,11.93103448,0
2013-10-20 00:00:00,0.18663913,11.82413793,0,0.0001,11.82413793,0
2013-10-21 00:00:00,0.210857987,11.71724138,0,0.0001,11.71724138,0
2013-10-22 00:00:00,0.230239883,11.61034483,0,0.0001,11.61034483,0
2013-10-23 00:00:00,0.237991944,11.50344828,0,0.0001,11.50344828,0
2013-10-24 00:00:00,0.244495302,11.39655172,0,0.0001,11.39655172,0
2013-10-25 00:00:00,0.245938256,11.28965517,0,0.0001,11.28965517,0
2013-10-26 00:00:00,0.252364993,11.18275862,0,0.0001,11.18275862,0
2013-10-27 00:00:00,0.269585848,11.07586207,0,0.0001,11.07586207,0
2013-10-28 00:00:00,0.29860732,10.96896552,0,0.0001,10.96896552,0
2013-10-29 00:00:00,0.332737565,10.86206897,0,0.0001,10.86206897,0
2013-10-30 00:00:00,0.354269117,10.75517241,0,0.0001,10.75517241,0
2013-10-31 00:00:00,0.371410191,10.64827586,0,0.0001,10.64827586,0
2013-11-01 00:00:00,0.395771116,10.54137931,0,0.0001,10.54137931,0
2013-11-02 00:00:00,0.412951261,10.43448276,0,0.0001,10.43448276,0
2013-11-03 00:00:00,0.43201834,10.32758621,0,0.0001,10.32758621,0
2013-11-04 00:00:00,0.447659671,10.22068966,0,0.0001,10.22068966,0
2013-11-05 00:00:00,0.45576337,10.1137931,0,0.0001,10.1137931,0
2013-11-06 00:00:00,0.4640356,10.00689655,0,0.0001,10.00689655,0
2013-11-07 00:00:00,0.470938623,9.9,0,0.0001,9.9,0
2013-11-08 00:00:00,0.469580054,9.774285714,0,0.0001,9.774285714,0
2013-11-09 00:00:00,0.484080732,9.648571429,0,0.0001,9.648571429,0
2013-11-10 00:00:00,0.497050256,9.522857143,0,0.0001,9.522857143,0
2013-11-11 00:00:00,0.50151825,9.397142857,0,0.0001,9.397142857,0
2013-11-12 00:00:00,0.510350466,9.271428571,0,0.0001,9.271428571,0
2013-11-13 00:00:00,0.474999994,9.145714286,0,0.0001,9.145714286,0
2013-11-14 00:00:00,0.470999986,9.02,0,0.0001,9.02,0
2013-11-15 00:00:00,0.465999991,8.894285714,0,0.0001,8.894285714,0
2013-11-16 00:00:00,0.462000012,8.768571429,0,0.0001,8.768571429,0
2013-11-17 00:00:00,0.458000004,8.642857143,0,0.0001,8.642857143,0
2013-11-18 00:00:00,0.453000009,8.517142857,0,0.0001,8.517142857,0
2013-11-19 00:00:00,0.451000005,8.391428571,0,0.0001,8.391428571,0
2013-11-20 00:00:00,0.448000014,8.265714286,0,0.0001,8.265714286,0
2013-11-21 00:00:00,0.442999989,8.14,0,0.0001,8.14,0
2013-11-22 00:00:00,0.43900001,8.014285714,0,0.0001,8.014285714,0
2013-11-23 00:00:00,0.435000002,7.888571429,0,0.0001,7.888571429,0
2013-11-24 00:00:00,0.42899999,7.762857143,0,0.0001,7.762857143,0
2013-11-25 00:00:00,0.425000012,7.637142857,0,0.0001,7.637142857,0
2013-11-26 00:00:00,0.419999987,7.511428571,0,0.0001,7.511428571,0
2013-11-27 00:00:00,0.439173341,7.385714286,0,0.0001,7.385714286,0
2013-11-28 00:00:00,0.431510031,7.26,0,0.0001,7.26,0
2013-11-29 00:00:00,0.427240938,7.134285714,0,0.0001,7.134285714,0
2013-11-30 00:00:00,0.428840399,7.008571429,0,0.0001,7.008571429,0
2013-12-01 00:00:00,0.421637833,6.882857143,0,0.0001,6.882857143,0
2013-12-02 00:00:00,0.414400995,6.757142857,0,0.0001,6.757142857,0
2013-12-03 00:00:00,0.40741536,6.631428571,0,0.0001,6.631428571,0
2013-12-04 00:00:00,0.405050278,6.505714286,0,0.0001,6.505714286,0
2013-12-05 00:00:00,0.416937023,6.38,0,0.0001,6.38,0
2013-12-06 00:00:00,0.464271933,6.254285714,0,0.0001,6.254285714,0
2013-12-07 00:00:00,0.478612244,6.128571429,0,0.0001,6.128571429,0
2013-12-08 00:00:00,0.503672779,6.002857143,0,0.0001,6.002857143,0
2013-12-09 00:00:00,0.558831275,5.877142857,0,0.0001,5.877142857,0
2013-12-10 00:00:00,0.598370016,5.751428571,0,0.0001,5.751428571,0
2013-12-11 00:00:00,0.628295004,5.625714286,0,0.0001,5.625714286,0
2013-12-12 00:00:00,0.646220386,5.5,0,0.0001,5.5,0
2013-12-13 00:00:00,0.65376544,5.455,0,0.0001,5.455,0
2013-12-14 00:00:00,0.660992563,5.41,0,0.0001,5.41,0
2013-12-15 00:00:00,0.666294754,5.365,0,0.0001,5.365,0
2013-12-16 00:00:00,0.673165798,5.32,0,0.0001,5.32,0
2013-12-17 00:00:00,0.684590399,5.275,0,0.0001,5.275,0
2013-12-18 00:00:00,0.690099657,5.23,0,0.0001,5.23,0
2013-12-19 00:00:00,0.699293613,5.185,0,0.0001,5.185,0
2013-12-20 00:00:00,0.706626415,5.14,0,0.0001,5.14,0
2013-12-21 00:00:00,0.71772176,5.095,0,0.0001,5.095,0
2013-12-22 00:00:00,0.742393017,5.05,0,0.0001,5.05,0
2013-12-23 00:00:00,0.775271773,5.005,0,0.0001,5.005,0
2013-12-24 00:00:00,0.876078129,4.96,0,0.0001,4.96,0
2013-12-25 00:00:00,1.056720614,4.915,0,0.0001,4.915,0
2013-12-26 00:00:00,1.192268848,4.87,0,0.0001,4.87,0
2013-12-27 00:00:00,1.293591976,4.825,0,0.0001,4.825,0
2013-12-28 00:00:00,1.366781712,4.78,0,0.0001,4.78,0
2013-12-29 00:00:00,1.38933301,4.735,0,0.0001,4.735,0
2013-12-30 00:00:00,1.381035566,4.69,0,0.0001,4.69,0
2013-12-31 00:00:00,1.34928751,4.645,0,0.0001,4.645,0
2014-01-01 00:00:00,1.162240624,4.6,0,0.0001,4.6,0
2014-01-02 00:00:00,1.12020874,4.555,0,0.0001,4.555,0
2014-01-03 00:00:00,1.081215382,4.51,0,0.0001,4.51,0
2014-01-04 00:00:00,1.045860291,4.465,0,0.0001,4.465,0
2014-01-05 00:00:00,1.007303238,4.42,0,0.0001,4.42,0
2014-01-06 00:00:00,0.977024734,4.375,0,0.0001,4.375,0
2014-01-07 00:00:00,0.95772022,4.33,0,0.0001,4.33,0
2014-01-08 00:00:00,0.943496168,4.285,0,0.0001,4.285,0
2014-01-09 00:00:00,0.961353123,4.24,0,0.0001,4.24,0
2014-01-10 00:00:00,1.025069475,4.195,0,0.0001,4.195,0
2014-01-11 00:00:00,1.07335639,4.15,0,0.0001,4.15,0
2014-01-12 00:00:00,1.105036736,4.105,0,0.0001,4.105,0
2014-01-13 00:00:00,1.11305809,4.06,0,0.0001,4.06,0
2014-01-14 00:00:00,1.107326269,4.015,0,0.0001,4.015,0
2014-01-15 00:00:00,1.100018978,3.97,0,0.0001,3.97,0
2014-01-16 00:00:00,1.108866453,3.925,0,0.0001,3.925,0
2014-01-17 00:00:00,1.210734367,3.88,0,0.0001,3.88,0
2014-01-18 00:00:00,1.381590128,3.835,0,0.0001,3.835,0
2014-01-19 00:00:00,1.591815948,3.79,0,0.0001,3.79,0
2014-01-20 00:00:00,1.699871063,3.745,0,0.0001,3.745,0
2014-01-21 00:00:00,1.724690676,3.7,0,0.0001,3.7,0
2014-01-22 00:00:00,1.705444336,3.673333333,0,0.0001,3.673333333,0
2014-01-23 00:00:00,1.651525021,3.646666667,0,0.0001,3.646666667,0
2014-01-24 00:00:00,1.567817092,3.62,0,0.0001,3.62,0
2014-01-25 00:00:00,1.480640531,3.593333333,0,0.0001,3.593333333,0
2014-01-26 00:00:00,1.388215899,3.566666667,0,0.0001,3.566666667,0
2014-01-27 00:00:00,1.31129539,3.54,0,0.0001,3.54,0
2014-01-28 00:00:00,1.240098715,3.513333333,0,0.0001,3.513333333,0
2014-01-29 00:00:00,1.17004323,3.486666667,0,0.0001,3.486666667,0
2014-01-30 00:00:00,1.101767898,3.46,0,0.0001,3.46,0
2014-01-31 00:00:00,1.03798008,3.433333333,0,0.0001,3.433333333,0
2014-02-01 00:00:00,0.983300328,3.406666667,0,0.0001,3.406666667,0
2014-02-02 00:00:00,0.936308622,3.38,0,0.0001,3.38,0
2014-02-03 00:00:00,0.899113953,3.353333333,0,0.0001,3.353333333,0
2014-02-04 00:00:00,0.865167558,3.326666667,0,0.0001,3.326666667,0
2014-02-05 00:00:00,0.832474291,3.3,0,0.0001,3.3,0
2014-02-06 00:00:00,0.807197452,3.273333333,0,0.0001,3.273333333,0
2014-02-07 00:00:00,0.80970192,3.246666667,0,0.0001,3.246666667,0
2014-02-08 00:00:00,0.830966473,3.22,0,0.0001,3.22,0
2014-02-09 00:00:00,0.856233954,3.193333333,0,0.0001,3.193333333,0
2014-02-10 00:00:00,0.901236892,3.166666667,0,0.0001,3.166666667,0
2014-02-11 00:00:00,0.925486922,3.14,0,0.0001,3.14,0
2014-02-12 00:00:00,0.933795452,3.113333333,0,0.0001,3.113333333,0
2014-02-13 00:00:00,0.948062539,3.086666667,0,0.0001,3.086666667,0
2014-02-14 00:00:00,0.952187359,3.06,0,0.0001,3.06,0
2014-02-15 00:00:00,0.957778573,3.033333333,0,0.0001,3.033333333,0
2014-02-16 00:00:00,0.967404246,3.006666667,0,0.0001,3.006666667,0
2014-02-17 00:00:00,0.966809869,2.98,0,0.0001,2.98,0
2014-02-18 00:00:00,0.956778884,2.953333333,0,0.0001,2.953333333,0
2014-02-19 00:00:00,0.942822635,2.926666667,0,0.0001,2.926666667,0
2014-02-20 00:00:00,0.924525082,2.9,0,0.0001,2.9,0
2014-02-21 00:00:00,0.909701109,3.054545455,0,0.0001,3.054545455,0
2014-02-22 00:00:00,0.889093518,3.209090909,0,0.0001,3.209090909,0
2014-02-23 00:00:00,0.866864741,3.363636364,0,0.0001,3.363636364,0
2014-02-24 00:00:00,0.839681149,3.518181818,0,0.0001,3.518181818,0
2014-02-25 00:00:00,0.810704887,3.672727273,0,0.0001,3.672727273,0
2014-02-26 00:00:00,0.779295862,3.827272727,0,0.0001,3.827272727,0
2014-02-27 00:00:00,0.748151779,3.981818182,0,0.0001,3.981818182,0
2014-02-28 00:00:00,0.719276965,4.136363636,0,0.0001,4.136363636,0
2014-03-01 00:00:00,0.692668438,4.290909091,0,0.0001,4.290909091,0
2014-03-02 00:00:00,0.684009075,4.445454545,0,0.0001,4.445454545,0
2014-03-03 00:00:00,0.670443892,4.6,0,0.0001,4.6,0
2014-03-04 00:00:00,0.649902105,4.754545455,0,0.0001,4.754545455,0
2014-03-05 00:00:00,0.626376927,4.909090909,0,0.0001,4.909090909,0
2014-03-06 00:00:00,0.600935221,5.063636364,0,0.0001,5.063636364,0
2014-03-07 00:00:00,0.575942516,5.218181818,0,0.0001,5.218181818,0
2014-03-08 00:00:00,0.561865091,5.372727273,0,0.0001,5.372727273,0
2014-03-09 00:00:00,0.538423419,5.527272727,0,0.0001,5.527272727,0
2014-03-10 00:00:00,0.517484486,5.681818182,0,0.0001,5.681818182,0
2014-03-11 00:00:00,0.497871101,5.836363636,0,0.0001,5.836363636,0
2014-03-12 00:00:00,0.47619769,5.990909091,0,0.0001,5.990909091,0
2014-03-13 00:00:00,0.455762148,6.145454545,0,0.0001,6.145454545,0
2014-03-14 00:00:00,0.437557012,6.3,0,0.0001,6.3,0
2014-03-15 00:00:00,0.432822973,6.454545455,0,0.0001,6.454545455,0
2014-03-16 00:00:00,0.425566196,6.609090909,0,0.0001,6.609090909,0
2014-03-17 00:00:00,0.417655885,6.763636364,0,0.0001,6.763636364,0
2014-03-18 00:00:00,0.410518318,6.918181818,0,0.0001,6.918181818,0
2014-03-19 00:00:00,0.402853966,7.072727273,0,0.0001,7.072727273,0
2014-03-20 00:00:00,0.391180485,7.227272727,0,0.0001,7.227272727,0
2014-03-21 00:00:00,0.383971006,7.381818182,0,0.0001,7.381818182,0
2014-03-22 00:00:00,0.375003964,7.536363636,0,0.0001,7.536363636,0
2014-03-23 00:00:00,0.371105492,7.690909091,0,0.0001,7.690909091,0
2014-03-24 00:00:00,0.368656725,7.845454545,0,0.0001,7.845454545,0
2014-03-25 00:00:00,0.364138484,8,0,0.0001,8,0
2014-03-26 00:00:00,0.369152725,7.96875,0,0.0001,7.96875,0
2014-03-27 00:00:00,0.371101558,7.9375,0,0.0001,7.9375,0
2014-03-28 00:00:00,0.368371397,7.90625,0,0.0001,7.90625,0
2014-03-29 00:00:00,0.36532256,7.875,0,0.0001,7.875,0
2014-03-30 00:00:00,0.361530125,7.84375,0,0.0001,7.84375,0
2014-03-31 00:00:00,0.355223179,7.8125,0,0.0001,7.8125,0
2014-04-01 00:00:00,0.352159321,7.78125,0,0.0001,7.78125,0
2014-04-02 00:00:00,0.354429871,7.75,0,0.0001,7.75,0
2014-04-03 00:00:00,0.360274702,7.71875,0,0.0001,7.71875,0
2014-04-04 00:00:00,0.355974406,7.6875,0,0.0001,7.6875,0
2014-04-05 00:00:00,0.349171698,7.65625,0,0.0001,7.65625,0
2014-04-06 00:00:00,0.344737887,7.625,0,0.0001,7.625,0
2014-04-07 00:00:00,0.342792302,7.59375,0,0.0001,7.59375,0
2014-04-08 00:00:00,0.360492229,7.5625,0,0.0001,7.5625,0
2014-04-09 00:00:00,0.370144963,7.53125,0,0.0001,7.53125,0
2014-04-10 00:00:00,0.373000622,7.5,0,0.0001,7.5,0
2014-04-11 00:00:00,0.373084396,7.689473684,0,0.0001,7.689473684,0
2014-04-12 00:00:00,0.368749201,7.878947368,0,0.0001,7.878947368,0
2014-04-13 00:00:00,0.363601059,8.068421053,0,0.0001,8.068421053,0
2014-04-14 00:00:00,0.359571427,8.257894737,0,0.0001,8.257894737,0
2014-04-15 00:00:00,0.346803337,8.447368421,0,0.0001,8.447368421,0
2014-04-16 00:00:00,0.333130419,8.636842105,0,0.0001,8.636842105,0
2014-04-17 00:00:00,0.317230195,8.826315789,0,0.0001,8.826315789,0
2014-04-18 00:00:00,0.318166822,9.015789474,0,0.0001,9.015789474,0
2014-04-19 00:00:00,0.311423749,9.205263158,0,0.0001,9.205263158,0
2014-04-20 00:00:00,0.299375385,9.394736842,0,0.0001,9.394736842,0
2014-04-21 00:00:00,0.288761675,9.584210526,0,0.0001,9.584210526,0
2014-04-22 00:00:00,0.284208387,9.773684211,0,0.0001,9.773684211,0
2014-04-23 00:00:00,0.27573663,9.963157895,0,0.0001,9.963157895,0
2014-04-24 00:00:00,0.26915735,10.15263158,0,0.0001,10.15263158,0
2014-04-25 00:00:00,0.261663616,10.34210526,0,0.0001,10.34210526,0
2014-04-26 00:00:00,0.253568828,10.53157895,0,0.0001,10.53157895,0
2014-04-27 00:00:00,0.245787799,10.72105263,0,0.0001,10.72105263,0
2014-04-28 00:00:00,0.240017816,10.91052632,0,0.0001,10.91052632,0
2014-04-29 00:00:00,0.23155342,11.1,0,0.0001,11.1,0
2014-04-30 00:00:00,0.221997514,11.18125,0,0.0001,11.18125,0
2014-05-01 00:00:00,0.21311529,11.2625,0,0.0001,11.2625,0
2014-05-02 00:00:00,0.205769777,11.34375,0,0.0001,11.34375,0
2014-05-03 00:00:00,0.195530102,11.425,0,0.0001,11.425,0
2014-05-04 00:00:00,0.188131481,11.50625,0,0.0001,11.50625,0
2014-05-05 00:00:00,0.185717627,11.5875,0,0.0001,11.5875,0
2014-05-06 00:00:00,0.183627769,11.66875,0,0.0001,11.66875,0
2014-05-07 00:00:00,0.184,11.75,0,0.0001,11.75,0
2014-05-08 00:00:00,0.194000006,11.83125,0,0.0001,11.83125,0
2014-05-09 00:00:00,0.186000004,11.9125,0,0.0001,11.9125,0
2014-05-10 00:00:00,0.185000002,11.99375,0,0.0001,11.99375,0
2014-05-11 00:00:00,0.230000004,12.075,0,0.0001,12.075,0
2014-05-12 00:00:00,0.249763653,12.15625,0,0.0001,12.15625,0
2014-05-13 00:00:00,0.260117084,12.2375,0,0.0001,12.2375,0
2014-05-14 00:00:00,0.257639766,12.31875,0,0.0001,12.31875,0
2014-05-15 00:00:00,0.252571285,12.4,0,0.0001,12.4,0
2014-05-16 00:00:00,0.245335251,13.08181818,0,0.0001,13.08181818,0
2014-05-17 00:00:00,0.239825577,13.76363636,0,0.0001,13.76363636,0
2014-05-18 00:00:00,0.233918354,14.44545455,0,0.0001,14.44545455,0
2014-05-19 00:00:00,0.231533155,15.12727273,0,0.0001,15.12727273,0
2014-05-20 00:00:00,0.225385457,15.80909091,0,0.0001,15.80909091,0
2014-05-21 00:00:00,0.217509657,16.49090909,0,0.0001,16.49090909,0
2014-05-22 00:00:00,0.212009564,17.17272727,0,0.0001,17.17272727,0
2014-05-23 00:00:00,0.265641272,17.85454545,0,0.0001,17.85454545,0
2014-05-24 00:00:00,0.302917063,18.53636364,0,0.0001,18.53636364,0
2014-05-25 00:00:00,0.312325865,19.21818182,0,0.0001,19.21818182,0
2014-05-26 00:00:00,0.314612836,19.9,0,0.0001,19.9,0
2014-05-27 00:00:00,0.31369105,19.93529412,0,0.0001,19.93529412,0
2014-05-28 00:00:00,0.299763441,19.97058824,0,0.0001,19.97058824,0
2014-05-29 00:00:00,0.284522206,20.00588235,0,0.0001,20.00588235,0
2014-05-30 00:00:00,0.268571824,20.04117647,0,0.0001,20.04117647,0
2014-05-31 00:00:00,0.25259617,20.07647059,0,0.0001,20.07647059,0
2014-06-01 00:00:00,0.243524581,20.11176471,0,0.0001,20.11176471,0
2014-06-02 00:00:00,0.234583452,20.14705882,0,0.0001,20.14705882,0
2014-06-03 00:00:00,0.224362165,20.18235294,0,0.0001,20.18235294,0
2014-06-04 00:00:00,0.217799082,20.21764706,0,0.0001,20.21764706,0
2014-06-05 00:00:00,0.210057139,20.25294118,0,0.0001,20.25294118,0
2014-06-06 00:00:00,0.216750026,20.28823529,0,0.0001,20.28823529,0
2014-06-07 00:00:00,0.21990782,20.32352941,0,0.0001,20.32352941,0
2014-06-08 00:00:00,0.213400945,20.35882353,0,0.0001,20.35882353,0
2014-06-09 00:00:00,0.208803907,20.39411765,0,0.0001,20.39411765,0
2014-06-10 00:00:00,0.200923398,20.42941176,0,0.0001,20.42941176,0
2014-06-11 00:00:00,0.191730693,20.46470588,0,0.0001,20.46470588,0
2014-06-12 00:00:00,0.180400088,20.5,0,0.0001,20.5,0
2014-06-13 00:00:00,0.17030336,20.51428571,0,0.0001,20.51428571,0
2014-06-14 00:00:00,0.163467705,20.52857143,0,0.0001,20.52857143,0
2014-06-15 00:00:00,0.155676275,20.54285714,0,0.0001,20.54285714,0
2014-06-16 00:00:00,0.149271056,20.55714286,0,0.0001,20.55714286,0
2014-06-17 00:00:00,0.144770846,20.57142857,0,0.0001,20.57142857,0
2014-06-18 00:00:00,0.139245495,20.58571429,0,0.0001,20.58571429,0
2014-06-19 00:00:00,0.129814267,20.6,0,0.0001,20.6,0
2014-06-20 00:00:00,0.124107853,20.61428571,0,0.0001,20.61428571,0
2014-06-21 00:00:00,0.116190597,20.62857143,0,0.0001,20.62857143,0
2014-06-22 00:00:00,0.107081041,20.64285714,0,0.0001,20.64285714,0
2014-06-23 00:00:00,0.100812644,20.65714286,0,0.0001,20.65714286,0
2014-06-24 00:00:00,0.098740786,20.67142857,0,0.0001,20.67142857,0
2014-06-25 00:00:00,0.097340271,20.68571429,0,0.0001,20.68571429,0
2014-06-26 00:00:00,0.096134789,20.7,0,0.0001,20.7,0
2014-06-27 00:00:00,0.099013522,20.79230769,0,0.0001,20.79230769,0
2014-06-28 00:00:00,0.116122216,20.88461538,0,0.0001,20.88461538,0
2014-06-29 00:00:00,0.11629606,20.97692308,0,0.0001,20.97692308,0
2014-06-30 00:00:00,0.114242882,21.06923077,0,0.0001,21.06923077,0
2014-07-01 00:00:00,0.110934235,21.16153846,0,0.0001,21.16153846,0
2014-07-02 00:00:00,0.108016983,21.25384615,0,0.0001,21.25384615,0
2014-07-03 00:00:00,0.103914455,21.34615385,0,0.0001,21.34615385,0
2014-07-04 00:00:00,0.104014061,21.43846154,0,0.0001,21.43846154,0
2014-07-05 00:00:00,0.104224481,21.53076923,0,0.0001,21.53076923,0
2014-07-06 00:00:00,0.107424267,21.62307692,0,0.0001,21.62307692,0
2014-07-07 00:00:00,0.113892362,21.71538462,0,0.0001,21.71538462,0
2014-07-08 00:00:00,0.113258369,21.80769231,0,0.0001,21.80769231,0
2014-07-09 00:00:00,0.116992101,21.9,0,0.0001,21.9,0
2014-07-10 00:00:00,0.113349445,22.07857143,0,0.0001,22.07857143,0
2014-07-11 00:00:00,0.109549515,22.25714286,0,0.0001,22.25714286,0
2014-07-12 00:00:00,0.106059775,22.43571429,0,0.0001,22.43571429,0
2014-07-13 00:00:00,0.110559978,22.61428571,0,0.0001,22.61428571,0
2014-07-14 00:00:00,0.163179785,22.79285714,0,0.0001,22.79285714,0
2014-07-15 00:00:00,0.174245834,22.97142857,0,0.0001,22.97142857,0
2014-07-16 00:00:00,0.175848663,23.15,0,0.0001,23.15,0
2014-07-17 00:00:00,0.173203528,23.32857143,0,0.0001,23.32857143,0
2014-07-18 00:00:00,0.172089979,23.50714286,0,0.0001,23.50714286,0
2014-07-19 00:00:00,0.170431644,23.68571429,0,0.0001,23.68571429,0
2014-07-20 00:00:00,0.165149003,23.86428571,0,0.0001,23.86428571,0
2014-07-21 00:00:00,0.157261789,24.04285714,0,0.0001,24.04285714,0
2014-07-22 00:00:00,0.149503246,24.22142857,0,0.0001,24.22142857,0
2014-07-23 00:00:00,0.143065855,24.4,0,0.0001,24.4,0
2014-07-24 00:00:00,0.136861578,24.23809524,0,0.0001,24.23809524,0
2014-07-25 00:00:00,0.130874246,24.07619048,0,0.0001,24.07619048,0
2014-07-26 00:00:00,0.12426129,23.91428571,0,0.0001,23.91428571,0
2014-07-27 00:00:00,0.1204689,23.75238095,0,0.0001,23.75238095,0
2014-07-28 00:00:00,0.118575759,23.59047619,0,0.0001,23.59047619,0
2014-07-29 00:00:00,0.113016576,23.42857143,0,0.0001,23.42857143,0
2014-07-30 00:00:00,0.106407411,23.26666667,0,0.0001,23.26666667,0
2014-07-31 00:00:00,0.098308302,23.1047619,0,0.0001,23.1047619,0
2014-08-01 00:00:00,0.09282206,22.94285714,0,0.0001,22.94285714,0
2014-08-02 00:00:00,0.090596944,22.78095238,0,0.0001,22.78095238,0
2014-08-03 00:00:00,0.092977546,22.61904762,0,0.0001,22.61904762,0
2014-08-04 00:00:00,0.105624691,22.45714286,0,0.0001,22.45714286,0
2014-08-05 00:00:00,0.102981783,22.2952381,0,0.0001,22.2952381,0
2014-08-06 00:00:00,0.096000001,22.13333333,0,0.0001,22.13333333,0
2014-08-07 00:00:00,0.093999997,21.97142857,0,0.0001,21.97142857,0
2014-08-08 00:00:00,0.092,21.80952381,0,0.0001,21.80952381,0
2014-08-09 00:00:00,0.093000002,21.64761905,0,0.0001,21.64761905,0
2014-08-10 00:00:00,0.093999997,21.48571429,0,0.0001,21.48571429,0
2014-08-11 00:00:00,0.100809641,21.32380952,0,0.0001,21.32380952,0
2014-08-12 00:00:00,0.099417493,21.16190476,0,0.0001,21.16190476,0
2014-08-13 00:00:00,0.099484481,21,0,0.0001,21,0
2014-08-14 00:00:00,0.100690417,20.73846154,0,0.0001,20.73846154,0
2014-08-15 00:00:00,0.098626465,20.47692308,0,0.0001,20.47692308,0
2014-08-16 00:00:00,0.093560398,20.21538462,0,0.0001,20.21538462,0
2014-08-17 00:00:00,0.10087084,19.95384615,0,0.0001,19.95384615,0
2014-08-18 00:00:00,0.114900194,19.69230769,0,0.0001,19.69230769,0
2014-08-19 00:00:00,0.117237903,19.43076923,0,0.0001,19.43076923,0
2014-08-20 00:00:00,0.115885884,19.16923077,0,0.0001,19.16923077,0
2014-08-21 00:00:00,0.1162901,18.90769231,0,0.0001,18.90769231,0
2014-08-22 00:00:00,0.117673002,18.64615385,0,0.0001,18.64615385,0
2014-08-23 00:00:00,0.120494366,18.38461538,0,0.0001,18.38461538,0
2014-08-24 00:00:00,0.127392575,18.12307692,0,0.0001,18.12307692,0
2014-08-25 00:00:00,0.127254471,17.86153846,0,0.0001,17.86153846,0
2014-08-26 00:00:00,0.125350803,17.6,0,0.0001,17.6,0
2014-08-27 00:00:00,0.123663612,17.6,0,0.0001,17.6,0
2014-08-28 00:00:00,0.122018695,17.6,0,0.0001,17.6,0
2014-08-29 00:00:00,0.125537887,17.6,0,0.0001,17.6,0
2014-08-30 00:00:00,0.130225047,17.6,0,0.0001,17.6,0
2014-08-31 00:00:00,0.134924412,17.6,0,0.0001,17.6,0
2014-09-01 00:00:00,0.136095449,17.6,0,0.0001,17.6,0
2014-09-02 00:00:00,0.133965179,17.6,0,0.0001,17.6,0
2014-09-03 00:00:00,0.132134095,17.6,0,0.0001,17.6,0
2014-09-04 00:00:00,0.129514903,17.6,0,0.0001,17.6,0
2014-09-05 00:00:00,0.127594993,17.6,0,0.0001,17.6,0
2014-09-06 00:00:00,0.126979619,17.6,0,0.0001,17.6,0
2014-09-07 00:00:00,0.132002488,17.6,0,0.0001,17.6,0
2014-09-08 00:00:00,0.137592405,17.6,0,0.0001,17.6,0
2014-09-09 00:00:00,0.140828118,17.6,0,0.0001,17.6,0
2014-09-10 00:00:00,0.141873688,17.6,0,0.0001,17.6,0
2014-09-11 00:00:00,0.142276764,17.50769231,0,0.0001,17.50769231,0
2014-09-12 00:00:00,0.141660407,17.41538462,0,0.0001,17.41538462,0
2014-09-13 00:00:00,0.138859987,17.32307692,0,0.0001,17.32307692,0
2014-09-14 00:00:00,0.137092218,17.23076923,0,0.0001,17.23076923,0
2014-09-15 00:00:00,0.135718629,17.13846154,0,0.0001,17.13846154,0
2014-09-16 00:00:00,0.133324966,17.04615385,0,0.0001,17.04615385,0
2014-09-17 00:00:00,0.130715802,16.95384615,0,0.0001,16.95384615,0
2014-09-18 00:00:00,0.129078999,16.86153846,0,0.0001,16.86153846,0
2014-09-19 00:00:00,0.128115684,16.76923077,0,0.0001,16.76923077,0
2014-09-20 00:00:00,0.125706941,16.67692308,0,0.0001,16.67692308,0
2014-09-21 00:00:00,0.129156396,16.58461538,0,0.0001,16.58461538,0
2014-09-22 00:00:00,0.135841057,16.49230769,0,0.0001,16.49230769,0
2014-09-23 00:00:00,0.133455709,16.4,0,0.0001,16.4,0
2014-09-24 00:00:00,0.137103736,16.26956522,0,0.0001,16.26956522,0
2014-09-25 00:00:00,0.146485388,16.13913043,0,0.0001,16.13913043,0
2014-09-26 00:00:00,0.149040267,16.00869565,0,0.0001,16.00869565,0
2014-09-27 00:00:00,0.146724612,15.87826087,0,0.0001,15.87826087,0
2014-09-28 00:00:00,0.143528193,15.74782609,0,0.0001,15.74782609,0
2014-09-29 00:00:00,0.142524436,15.6173913,0,0.0001,15.6173913,0
2014-09-30 00:00:00,0.145774364,15.48695652,0,0.0001,15.48695652,0
2014-10-01 00:00:00,0.150825247,15.35652174,0,0.0001,15.35652174,0
2014-10-02 00:00:00,0.15134421,15.22608696,0,0.0001,15.22608696,0
2014-10-03 00:00:00,0.150110781,15.09565217,0,0.0001,15.09565217,0
2014-10-04 00:00:00,0.150262594,14.96521739,0,0.0001,14.96521739,0
2014-10-05 00:00:00,0.147906989,14.83478261,0,0.0001,14.83478261,0
2014-10-06 00:00:00,0.144346997,14.70434783,0,0.0001,14.70434783,0
2014-10-07 00:00:00,0.145748481,14.57391304,0,0.0001,14.57391304,0
2014-10-08 00:00:00,0.155629128,14.44347826,0,0.0001,14.44347826,0
2014-10-09 00:00:00,0.157521442,14.31304348,0,0.0001,14.31304348,0
2014-10-10 00:00:00,0.161464423,14.1826087,0,0.0001,14.1826087,0
2014-10-11 00:00:00,0.163587749,14.05217391,0,0.0001,14.05217391,0
2014-10-12 00:00:00,0.175553665,13.92173913,0,0.0001,13.92173913,0
2014-10-13 00:00:00,0.178278342,13.79130435,0,0.0001,13.79130435,0
2014-10-14 00:00:00,0.185795218,13.66086957,0,0.0001,13.66086957,0
2014-10-15 00:00:00,0.220984042,13.53043478,0,0.0001,13.53043478,0
2014-10-16 00:00:00,0.249451324,13.4,0,0.0001,13.4,0
2014-10-17 00:00:00,0.278496027,13.28780488,0,0.0001,13.28780488,0
2014-10-18 00:00:00,0.306476116,13.17560976,0,0.0001,13.17560976,0
2014-10-19 00:00:00,0.329203367,13.06341463,0,0.0001,13.06341463,0
2014-10-20 00:00:00,0.351352185,12.95121951,0,0.0001,12.95121951,0
2014-10-21 00:00:00,0.364462733,12.83902439,0,0.0001,12.83902439,0
2014-10-22 00:00:00,0.38580671,12.72682927,0,0.0001,12.72682927,0
2014-10-23 00:00:00,0.399423659,12.61463415,0,0.0001,12.61463415,0
2014-10-24 00:00:00,0.410752594,12.50243902,0,0.0001,12.50243902,0
2014-10-25 00:00:00,0.441277951,12.3902439,0,0.0001,12.3902439,0
2014-10-26 00:00:00,0.462055236,12.27804878,0,0.0001,12.27804878,0
2014-10-27 00:00:00,0.475889146,12.16585366,0,0.0001,12.16585366,0
2014-10-28 00:00:00,0.482644528,12.05365854,0,0.0001,12.05365854,0
2014-10-29 00:00:00,0.48027128,11.94146341,0,0.0001,11.94146341,0
2014-10-30 00:00:00,0.468264699,11.82926829,0,0.0001,11.82926829,0
2014-10-31 00:00:00,0.455716699,11.71707317,0,0.0001,11.71707317,0
2014-11-01 00:00:00,0.446483016,11.60487805,0,0.0001,11.60487805,0
2014-11-02 00:00:00,0.437997252,11.49268293,0,0.0001,11.49268293,0
2014-11-03 00:00:00,0.434859812,11.3804878,0,0.0001,11.3804878,0
2014-11-04 00:00:00,0.434693933,11.26829268,0,0.0001,11.26829268,0
2014-11-05 00:00:00,0.431225747,11.15609756,0,0.0001,11.15609756,0
2014-11-06 00:00:00,0.423876613,11.04390244,0,0.0001,11.04390244,0
2014-11-07 00:00:00,0.411089957,10.93170732,0,0.0001,10.93170732,0
2014-11-08 00:00:00,0.398110449,10.8195122,0,0.0001,10.8195122,0
2014-11-09 00:00:00,0.393192679,10.70731707,0,0.0001,10.70731707,0
2014-11-10 00:00:00,0.383365184,10.59512195,0,0.0001,10.59512195,0
2014-11-11 00:00:00,0.375000417,10.48292683,0,0.0001,10.48292683,0
2014-11-12 00:00:00,0.364607185,10.37073171,0,0.0001,10.37073171,0
2014-11-13 00:00:00,0.361939251,10.25853659,0,0.0001,10.25853659,0
2014-11-14 00:00:00,0.363606006,10.14634146,0,0.0001,10.14634146,0
2014-11-15 00:00:00,0.362036824,10.03414634,0,0.0001,10.03414634,0
2014-11-16 00:00:00,0.364515424,9.92195122,0,0.0001,9.92195122,0
2014-11-17 00:00:00,0.424038559,9.809756098,0,0.0001,9.809756098,0
2014-11-18 00:00:00,0.473690718,9.697560976,0,0.0001,9.697560976,0
2014-11-19 00:00:00,0.528096199,9.585365854,0,0.0001,9.585365854,0
2014-11-20 00:00:00,0.561131597,9.473170732,0,0.0001,9.473170732,0
2014-11-21 00:00:00,0.578414142,9.36097561,0,0.0001,9.36097561,0
2014-11-22 00:00:00,0.587216973,9.248780488,0,0.0001,9.248780488,0
2014-11-23 00:00:00,0.601134777,9.136585366,0,0.0001,9.136585366,0
2014-11-24 00:00:00,0.632068455,9.024390244,0,0.0001,9.024390244,0
2014-11-25 00:00:00,0.666671276,8.912195122,0,0.0001,8.912195122,0
2014-11-26 00:00:00,0.6881634,8.8,0,0.0001,8.8,0
2014-11-27 00:00:00,0.695912778,8.630769231,0,0.0001,8.630769231,0
2014-11-28 00:00:00,0.689519227,8.461538462,0,0.0001,8.461538462,0
2014-11-29 00:00:00,0.665347874,8.292307692,0,0.0001,8.292307692,0
2014-11-30 00:00:00,0.633155227,8.123076923,0,0.0001,8.123076923,0
2014-12-01 00:00:00,0.600935817,7.953846154,0,0.0001,7.953846154,0
2014-12-02 00:00:00,0.566331029,7.784615385,0,0.0001,7.784615385,0
2014-12-03 00:00:00,0.53498441,7.615384615,0,0.0001,7.615384615,0
2014-12-04 00:00:00,0.504338324,7.446153846,0,0.0001,7.446153846,0
2014-12-05 00:00:00,0.496674269,7.276923077,0,0.0001,7.276923077,0
2014-12-06 00:00:00,0.483223796,7.107692308,0,0.0001,7.107692308,0
2014-12-07 00:00:00,0.473349094,6.938461538,0,0.0001,6.938461538,0
2014-12-08 00:00:00,0.478899896,6.769230769,0,0.0001,6.769230769,0
2014-12-09 00:00:00,0.475488961,6.6,0,0.0001,6.6,0
2014-12-10 00:00:00,0.477189064,6.529411765,0,0.0001,6.529411765,0
2014-12-11 00:00:00,0.497813433,6.458823529,0,0.0001,6.458823529,0
2014-12-12 00:00:00,0.545061946,6.388235294,0,0.0001,6.388235294,0
2014-12-13 00:00:00,0.608417094,6.317647059,0,0.0001,6.317647059,0
2014-12-14 00:00:00,0.652283728,6.247058824,0,0.0001,6.247058824,0
2014-12-15 00:00:00,0.691476345,6.176470588,0,0.0001,6.176470588,0
2014-12-16 00:00:00,0.7183218,6.105882353,0,0.0001,6.105882353,0
2014-12-17 00:00:00,0.73742801,6.035294118,0,0.0001,6.035294118,0
2014-12-18 00:00:00,0.751317859,5.964705882,0,0.0001,5.964705882,0
2014-12-19 00:00:00,0.775103152,5.894117647,0,0.0001,5.894117647,0
2014-12-20 00:00:00,0.814673066,5.823529412,0,0.0001,5.823529412,0
2014-12-21 00:00:00,0.85812372,5.752941176,0,0.0001,5.752941176,0
2014-12-22 00:00:00,0.945130289,5.682352941,0,0.0001,5.682352941,0
2014-12-23 00:00:00,1.012572289,5.611764706,0,0.0001,5.611764706,0
2014-12-24 00:00:00,1.065497398,5.541176471,0,0.0001,5.541176471,0
2014-12-25 00:00:00,1.136685491,5.470588235,0,0.0001,5.470588235,0
2014-12-26 00:00:00,1.164406538,5.4,0,0.0001,5.4,0
2014-12-27 00:00:00,1.161073327,5.329411765,0,0.0001,5.329411765,0
2014-12-28 00:00:00,1.130422711,5.258823529,0,0.0001,5.258823529,0
2014-12-29 00:00:00,1.083364367,5.188235294,0,0.0001,5.188235294,0
2014-12-30 00:00:00,1.030456901,5.117647059,0,0.0001,5.117647059,0
2014-12-31 00:00:00,0.998254538,5.047058824,0,0.0001,5.047058824,0
2015-01-01 00:00:00,0.976282239,4.976470588,0,0.0001,4.976470588,0
2015-01-02 00:00:00,0.989314198,4.905882353,0,0.0001,4.905882353,0
2015-01-03 00:00:00,1.030437708,4.835294118,0,0.0001,4.835294118,0
2015-01-04 00:00:00,1.062647581,4.764705882,0,0.0001,4.764705882,0
2015-01-05 00:00:00,1.084801435,4.694117647,0,0.0001,4.694117647,0
2015-01-06 00:00:00,1.086598754,4.623529412,0,0.0001,4.623529412,0
2015-01-07 00:00:00,1.078674197,4.552941176,0,0.0001,4.552941176,0
2015-01-08 00:00:00,1.067875504,4.482352941,0,0.0001,4.482352941,0
2015-01-09 00:00:00,1.092169046,4.411764706,0,0.0001,4.411764706,0
2015-01-10 00:00:00,1.181073666,4.341176471,0,0.0001,4.341176471,0
2015-01-11 00:00:00,1.315303326,4.270588235,0,0.0001,4.270588235,0
2015-01-12 00:00:00,1.418529391,4.2,0,0.0001,4.2,0
2015-01-13 00:00:00,1.482006192,4.175,0,0.0001,4.175,0
2015-01-14 00:00:00,1.501560688,4.15,0,0.0001,4.15,0
2015-01-15 00:00:00,1.507519722,4.125,0,0.0001,4.125,0
2015-01-16 00:00:00,1.520376801,4.1,0,0.0001,4.1,0
2015-01-17 00:00:00,1.520399213,4.075,0,0.0001,4.075,0
2015-01-18 00:00:00,1.497200966,4.05,0,0.0001,4.05,0
2015-01-19 00:00:00,1.458904982,4.025,0,0.0001,4.025,0
2015-01-20 00:00:00,1.429285407,4,0,0.0001,4,0
2015-01-21 00:00:00,1.389875889,3.975,0,0.0001,3.975,0
2015-01-22 00:00:00,1.333828211,3.95,0,0.0001,3.95,0
2015-01-23 00:00:00,1.278710485,3.925,0,0.0001,3.925,0
2015-01-24 00:00:00,1.231460929,3.9,0,0.0001,3.9,0
2015-01-25 00:00:00,1.179419398,3.875,0,0.0001,3.875,0
2015-01-26 00:00:00,1.134600878,3.85,0,0.0001,3.85,0
2015-01-27 00:00:00,1.120721579,3.825,0,0.0001,3.825,0
2015-01-28 00:00:00,1.114776134,3.8,0,0.0001,3.8,0
2015-01-29 00:00:00,1.161409259,3.64,0,0.0001,3.64,0
2015-01-30 00:00:00,1.192022204,3.48,0,0.0001,3.48,0
2015-01-31 00:00:00,1.197130203,3.32,0,0.0001,3.32,0
2015-02-01 00:00:00,1.173892736,3.16,0,0.0001,3.16,0
2015-02-02 00:00:00,1.141514659,3,0,0.0001,3,0
2015-02-03 00:00:00,1.097804189,2.9875,0,0.0001,2.9875,0
2015-02-04 00:00:00,1.046469927,2.975,0,0.0001,2.975,0
2015-02-05 00:00:00,0.994196534,2.9625,0,0.0001,2.9625,0
2015-02-06 00:00:00,0.943540812,2.95,0,0.0001,2.95,0
2015-02-07 00:00:00,0.906110704,2.9375,0,0.0001,2.9375,0
2015-02-08 00:00:00,0.87794584,2.925,0,0.0001,2.925,0
2015-02-09 00:00:00,0.85253495,2.9125,0,0.0001,2.9125,0
2015-02-10 00:00:00,0.824504137,2.9,0,0.0001,2.9,0
2015-02-11 00:00:00,0.795854151,2.8875,0,0.0001,2.8875,0
2015-02-12 00:00:00,0.764142931,2.875,0,0.0001,2.875,0
2015-02-13 00:00:00,0.735115349,2.8625,0,0.0001,2.8625,0
2015-02-14 00:00:00,0.710062742,2.85,0,0.0001,2.85,0
2015-02-15 00:00:00,0.687013626,2.8375,0,0.0001,2.8375,0
2015-02-16 00:00:00,0.659067452,2.825,0,0.0001,2.825,0
2015-02-17 00:00:00,0.628446996,2.8125,0,0.0001,2.8125,0
2015-02-18 00:00:00,0.603318155,2.8,0,0.0001,2.8,0
2015-02-19 00:00:00,0.58005029,2.835,0,0.0001,2.835,0
2015-02-20 00:00:00,0.572753191,2.87,0,0.0001,2.87,0
2015-02-21 00:00:00,0.568431377,2.905,0,0.0001,2.905,0
2015-02-22 00:00:00,0.55705142,2.94,0,0.0001,2.94,0
2015-02-23 00:00:00,0.55807668,2.975,0,0.0001,2.975,0
2015-02-24 00:00:00,0.572413504,3.01,0,0.0001,3.01,0
2015-02-25 00:00:00,0.577717245,3.045,0,0.0001,3.045,0
2015-02-26 00:00:00,0.578669548,3.08,0,0.0001,3.08,0
2015-02-27 00:00:00,0.593442857,3.115,0,0.0001,3.115,0
2015-02-28 00:00:00,0.605782926,3.15,0,0.0001,3.15,0
2015-03-01 00:00:00,0.620838046,3.185,0,0.0001,3.185,0
2015-03-02 00:00:00,0.65209949,3.22,0,0.0001,3.22,0
2015-03-03 00:00:00,0.689786434,3.255,0,0.0001,3.255,0
2015-03-04 00:00:00,0.717765629,3.29,0,0.0001,3.29,0
2015-03-05 00:00:00,0.743736386,3.325,0,0.0001,3.325,0
2015-03-06 00:00:00,0.765897512,3.36,0,0.0001,3.36,0
2015-03-07 00:00:00,0.774842739,3.395,0,0.0001,3.395,0
2015-03-08 00:00:00,0.770119548,3.43,0,0.0001,3.43,0
2015-03-09 00:00:00,0.759825885,3.465,0,0.0001,3.465,0
2015-03-10 00:00:00,0.740629852,3.5,0,0.0001,3.5,0
2015-03-11 00:00:00,0.718469143,3.575675676,0,0.0001,3.575675676,0
2015-03-12 00:00:00,0.695671499,3.651351351,0,0.0001,3.651351351,0
2015-03-13 00:00:00,0.673667312,3.727027027,0,0.0001,3.727027027,0
2015-03-14 00:00:00,0.653394759,3.802702703,0,0.0001,3.802702703,0
2015-03-15 00:00:00,0.634768903,3.878378378,0,0.0001,3.878378378,0
2015-03-16 00:00:00,0.617172539,3.954054054,0,0.0001,3.954054054,0
2015-03-17 00:00:00,0.60017699,4.02972973,0,0.0001,4.02972973,0
2015-03-18 00:00:00,0.583806396,4.105405405,0,0.0001,4.105405405,0
2015-03-19 00:00:00,0.56917876,4.181081081,0,0.0001,4.181081081,0
2015-03-20 00:00:00,0.553917229,4.256756757,0,0.0001,4.256756757,0
2015-03-21 00:00:00,0.5455001,4.332432432,0,0.0001,4.332432432,0
2015-03-22 00:00:00,0.531238914,4.408108108,0,0.0001,4.408108108,0
2015-03-23 00:00:00,0.514021814,4.483783784,0,0.0001,4.483783784,0
2015-03-24 00:00:00,0.503005922,4.559459459,0,0.0001,4.559459459,0
2015-03-25 00:00:00,0.49680075,4.635135135,0,0.0001,4.635135135,0
2015-03-26 00:00:00,0.514288664,4.710810811,0,0.0001,4.710810811,0
2015-03-27 00:00:00,0.518282056,4.786486486,0,0.0001,4.786486486,0
2015-03-28 00:00:00,0.513173163,4.862162162,0,0.0001,4.862162162,0
2015-03-29 00:00:00,0.524977684,4.937837838,0,0.0001,4.937837838,0
2015-03-30 00:00:00,0.531563461,5.013513514,0,0.0001,5.013513514,0
2015-03-31 00:00:00,0.549887657,5.089189189,0,0.0001,5.089189189,0
2015-04-01 00:00:00,0.577081442,5.164864865,0,0.0001,5.164864865,0
2015-04-02 00:00:00,0.587101102,5.240540541,0,0.0001,5.240540541,0
2015-04-03 00:00:00,0.590622485,5.316216216,0,0.0001,5.316216216,0
2015-04-04 00:00:00,0.582257926,5.391891892,0,0.0001,5.391891892,0
2015-04-05 00:00:00,0.568885326,5.467567568,0,0.0001,5.467567568,0
2015-04-06 00:00:00,0.552319169,5.543243243,0,0.0001,5.543243243,0
2015-04-07 00:00:00,0.532191277,5.618918919,0,0.0001,5.618918919,0
2015-04-08 00:00:00,0.512217999,5.694594595,0,0.0001,5.694594595,0
2015-04-09 00:00:00,0.49241215,5.77027027,0,0.0001,5.77027027,0
2015-04-10 00:00:00,0.473162085,5.845945946,0,0.0001,5.845945946,0
2015-04-11 00:00:00,0.456245929,5.921621622,0,0.0001,5.921621622,0
2015-04-12 00:00:00,0.441010386,5.997297297,0,0.0001,5.997297297,0
2015-04-13 00:00:00,0.443938494,6.072972973,0,0.0001,6.072972973,0
2015-04-14 00:00:00,0.432633251,6.148648649,0,0.0001,6.148648649,0
2015-04-15 00:00:00,0.421605021,6.224324324,0,0.0001,6.224324324,0
2015-04-16 00:00:00,0.410050541,6.3,0,0.0001,6.3,0
2015-04-17 00:00:00,0.396464676,6.444444444,0,0.0001,6.444444444,0
2015-04-18 00:00:00,0.381845444,6.588888889,0,0.0001,6.588888889,0
2015-04-19 00:00:00,0.370249897,6.733333333,0,0.0001,6.733333333,0
2015-04-20 00:00:00,0.3580181,6.877777778,0,0.0001,6.877777778,0
2015-04-21 00:00:00,0.343456537,7.022222222,0,0.0001,7.022222222,0
2015-04-22 00:00:00,0.332765073,7.166666667,0,0.0001,7.166666667,0
2015-04-23 00:00:00,0.3224729,7.311111111,0,0.0001,7.311111111,0
2015-04-24 00:00:00,0.317306131,7.455555556,0,0.0001,7.455555556,0
2015-04-25 00:00:00,0.309718043,7.6,0,0.0001,7.6,0
2015-04-26 00:00:00,0.307462722,7.744444444,0,0.0001,7.744444444,0
2015-04-27 00:00:00,0.300513983,7.888888889,0,0.0001,7.888888889,0
2015-04-28 00:00:00,0.292693913,8.033333333,0,0.0001,8.033333333,0
2015-04-29 00:00:00,0.283733457,8.177777778,0,0.0001,8.177777778,0
2015-04-30 00:00:00,0.287092179,8.322222222,0,0.0001,8.322222222,0
2015-05-01 00:00:00,0.291892022,8.466666667,0,0.0001,8.466666667,0
2015-05-02 00:00:00,0.292578369,8.611111111,0,0.0001,8.611111111,0
2015-05-03 00:00:00,0.289365888,8.755555556,0,0.0001,8.755555556,0
2015-05-04 00:00:00,0.306073517,8.9,0,0.0001,8.9,0
2015-05-05 00:00:00,0.32904467,9.044444444,0,0.0001,9.044444444,0
2015-05-06 00:00:00,0.362705439,9.188888889,0,0.0001,9.188888889,0
2015-05-07 00:00:00,0.374685317,9.333333333,0,0.0001,9.333333333,0
2015-05-08 00:00:00,0.378065705,9.477777778,0,0.0001,9.477777778,0
2015-05-09 00:00:00,0.376747459,9.622222222,0,0.0001,9.622222222,0
2015-05-10 00:00:00,0.376187921,9.766666667,0,0.0001,9.766666667,0
2015-05-11 00:00:00,0.367321551,9.911111111,0,0.0001,9.911111111,0
2015-05-12 00:00:00,0.366556913,10.05555556,0,0.0001,10.05555556,0
2015-05-13 00:00:00,0.365329236,10.2,0,0.0001,10.2,0
2015-05-14 00:00:00,0.361222088,10.32058824,0,0.0001,10.32058824,0
2015-05-15 00:00:00,0.351751775,10.44117647,0,0.0001,10.44117647,0
2015-05-16 00:00:00,0.340429485,10.56176471,0,0.0001,10.56176471,0
2015-05-17 00:00:00,0.33018145,10.68235294,0,0.0001,10.68235294,0
2015-05-18 00:00:00,0.328315854,10.80294118,0,0.0001,10.80294118,0
2015-05-19 00:00:00,0.3511751,10.92352941,0,0.0001,10.92352941,0
2015-05-20 00:00:00,0.352245241,11.04411765,0,0.0001,11.04411765,0
2015-05-21 00:00:00,0.348599225,11.16470588,0,0.0001,11.16470588,0
2015-05-22 00:00:00,0.339952558,11.28529412,0,0.0001,11.28529412,0
2015-05-23 00:00:00,0.333345026,11.40588235,0,0.0001,11.40588235,0
2015-05-24 00:00:00,0.323298842,11.52647059,0,0.0001,11.52647059,0
2015-05-25 00:00:00,0.31547147,11.64705882,0,0.0001,11.64705882,0
2015-05-26 00:00:00,0.305908561,11.76764706,0,0.0001,11.76764706,0
2015-05-27 00:00:00,0.297471255,11.88823529,0,0.0001,11.88823529,0
2015-05-28 00:00:00,0.296547502,12.00882353,0,0.0001,12.00882353,0
2015-05-29 00:00:00,0.299492478,12.12941176,0,0.0001,12.12941176,0
2015-05-30 00:00:00,0.313175231,12.25,0,0.0001,12.25,0
2015-05-31 00:00:00,0.321472347,12.37058824,0,0.0001,12.37058824,0
2015-06-01 00:00:00,0.333957225,12.49117647,0,0.0001,12.49117647,0
2015-06-02 00:00:00,0.343596786,12.61176471,0,0.0001,12.61176471,0
2015-06-03 00:00:00,0.363424689,12.73235294,0,0.0001,12.73235294,0
2015-06-04 00:00:00,0.364142954,12.85294118,0,0.0001,12.85294118,0
2015-06-05 00:00:00,0.361004978,12.97352941,0,0.0001,12.97352941,0
2015-06-06 00:00:00,0.353783458,13.09411765,0,0.0001,13.09411765,0
2015-06-07 00:00:00,0.341222763,13.21470588,0,0.0001,13.21470588,0
2015-06-08 00:00:00,0.329705745,13.33529412,0,0.0001,13.33529412,0
2015-06-09 00:00:00,0.322363973,13.45588235,0,0.0001,13.45588235,0
2015-06-10 00:00:00,0.310488164,13.57647059,0,0.0001,13.57647059,0
2015-06-11 00:00:00,0.299428165,13.69705882,0,0.0001,13.69705882,0
2015-06-12 00:00:00,0.293252796,13.81764706,0,0.0001,13.81764706,0
2015-06-13 00:00:00,0.288497239,13.93823529,0,0.0001,13.93823529,0
2015-06-14 00:00:00,0.293740779,14.05882353,0,0.0001,14.05882353,0
2015-06-15 00:00:00,0.282196492,14.17941176,0,0.0001,14.17941176,0
2015-06-16 00:00:00,0.272072434,14.3,0,0.0001,14.3,0
2015-06-17 00:00:00,0.268994987,14.56666667,0,0.0001,14.56666667,0
2015-06-18 00:00:00,0.272719443,14.83333333,0,0.0001,14.83333333,0
2015-06-19 00:00:00,0.269379586,15.1,0,0.0001,15.1,0
2015-06-20 00:00:00,0.263999552,15.36666667,0,0.0001,15.36666667,0
2015-06-21 00:00:00,0.258398414,15.63333333,0,0.0001,15.63333333,0
2015-06-22 00:00:00,0.286183387,15.9,0,0.0001,15.9,0
2015-06-23 00:00:00,0.297837615,16.16666667,0,0.0001,16.16666667,0
2015-06-24 00:00:00,0.298612863,16.43333333,0,0.0001,16.43333333,0
2015-06-25 00:00:00,0.294210315,16.7,0,0.0001,16.7,0
2015-06-26 00:00:00,0.289202809,16.96666667,0,0.0001,16.96666667,0
2015-06-27 00:00:00,0.287519664,17.23333333,0,0.0001,17.23333333,0
2015-06-28 00:00:00,0.280699283,17.5,0,0.0001,17.5,0
2015-06-29 00:00:00,0.279091358,17.76666667,0,0.0001,17.76666667,0
2015-06-30 00:00:00,0.27233395,18.03333333,0,0.0001,18.03333333,0
2015-07-01 00:00:00,0.265851527,18.3,0,0.0001,18.3,0
2015-07-02 00:00:00,0.25720033,18.56666667,0,0.0001,18.56666667,0
2015-07-03 00:00:00,0.247185349,18.83333333,0,0.0001,18.83333333,0
2015-07-04 00:00:00,0.244454056,19.1,0,0.0001,19.1,0
2015-07-05 00:00:00,0.238028899,19.36666667,0,0.0001,19.36666667,0
2015-07-06 00:00:00,0.225849092,19.63333333,0,0.0001,19.63333333,0
2015-07-07 00:00:00,0.219062552,19.9,0,0.0001,19.9,0
2015-07-08 00:00:00,0.219134077,19.69230769,0,0.0001,19.69230769,0
2015-07-09 00:00:00,0.213817567,19.48461538,0,0.0001,19.48461538,0
2015-07-10 00:00:00,0.202399686,19.27692308,0,0.0001,19.27692308,0
2015-07-11 00:00:00,0.196696162,19.06923077,0,0.0001,19.06923077,0
2015-07-12 00:00:00,0.196662769,18.86153846,0,0.0001,18.86153846,0
2015-07-13 00:00:00,0.193609118,18.65384615,0,0.0001,18.65384615,0
2015-07-14 00:00:00,0.189855009,18.44615385,0,0.0001,18.44615385,0
2015-07-15 00:00:00,0.18357788,18.23846154,0,0.0001,18.23846154,0
2015-07-16 00:00:00,0.177982017,18.03076923,0,0.0001,18.03076923,0
2015-07-17 00:00:00,0.175239176,17.82307692,0,0.0001,17.82307692,0
2015-07-18 00:00:00,0.170135006,17.61538462,0,0.0001,17.61538462,0
2015-07-19 00:00:00,0.170085803,17.40769231,0,0.0001,17.40769231,0
2015-07-20 00:00:00,0.179660812,17.2,0,0.0001,17.2,0
2015-07-21 00:00:00,0.180539221,17.28333333,0,0.0001,17.28333333,0
2015-07-22 00:00:00,0.179184034,17.36666667,0,0.0001,17.36666667,0
2015-07-23 00:00:00,0.174279571,17.45,0,0.0001,17.45,0
2015-07-24 00:00:00,0.171134099,17.53333333,0,0.0001,17.53333333,0
2015-07-25 00:00:00,0.203048334,17.61666667,0,0.0001,17.61666667,0
2015-07-26 00:00:00,0.238783166,17.7,0,0.0001,17.7,0
2015-07-27 00:00:00,0.245515317,17.78333333,0,0.0001,17.78333333,0
2015-07-28 00:00:00,0.266099036,17.86666667,0,0.0001,17.86666667,0
2015-07-29 00:00:00,0.28707251,17.95,0,0.0001,17.95,0
2015-07-30 00:00:00,0.289183795,18.03333333,0,0.0001,18.03333333,0
2015-07-31 00:00:00,0.283212602,18.11666667,0,0.0001,18.11666667,0
2015-08-01 00:00:00,0.276861936,18.2,0,0.0001,18.2,0
2015-08-02 00:00:00,0.270158648,18.28333333,0,0.0001,18.28333333,0
2015-08-03 00:00:00,0.263985455,18.36666667,0,0.0001,18.36666667,0
2015-08-04 00:00:00,0.257681012,18.45,0,0.0001,18.45,0
2015-08-05 00:00:00,0.255036741,18.53333333,0,0.0001,18.53333333,0
2015-08-06 00:00:00,0.249912873,18.61666667,0,0.0001,18.61666667,0
2015-08-07 00:00:00,0.242163956,18.7,0,0.0001,18.7,0
2015-08-08 00:00:00,0.235133231,18.78333333,0,0.0001,18.78333333,0
2015-08-09 00:00:00,0.227028176,18.86666667,0,0.0001,18.86666667,0
2015-08-10 00:00:00,0.220024914,18.95,0,0.0001,18.95,0
2015-08-11 00:00:00,0.216145292,19.03333333,0,0.0001,19.03333333,0
2015-08-12 00:00:00,0.209154144,19.11666667,0,0.0001,19.11666667,0
2015-08-13 00:00:00,0.202336863,19.2,0,0.0001,19.2,0
2015-08-14 00:00:00,0.197247759,19.12692308,0,0.0001,19.12692308,0
2015-08-15 00:00:00,0.207386881,19.05384615,0,0.0001,19.05384615,0
2015-08-16 00:00:00,0.217703164,18.98076923,0,0.0001,18.98076923,0
2015-08-17 00:00:00,0.219394699,18.90769231,0,0.0001,18.90769231,0
2015-08-18 00:00:00,0.214347497,18.83461538,0,0.0001,18.83461538,0
2015-08-19 00:00:00,0.209346533,18.76153846,0,0.0001,18.76153846,0
2015-08-20 00:00:00,0.207404166,18.68846154,0,0.0001,18.68846154,0
2015-08-21 00:00:00,0.203571618,18.61538462,0,0.0001,18.61538462,0
2015-08-22 00:00:00,0.198490292,18.54230769,0,0.0001,18.54230769,0
2015-08-23 00:00:00,0.192482159,18.46923077,0,0.0001,18.46923077,0
2015-08-24 00:00:00,0.190757975,18.39615385,0,0.0001,18.39615385,0
2015-08-25 00:00:00,0.19562766,18.32307692,0,0.0001,18.32307692,0
2015-08-26 00:00:00,0.195812792,18.25,0,0.0001,18.25,0
2015-08-27 00:00:00,0.20215863,18.17692308,0,0.0001,18.17692308,0
2015-08-28 00:00:00,0.203592807,18.10384615,0,0.0001,18.10384615,0
2015-08-29 00:00:00,0.199992463,18.03076923,0,0.0001,18.03076923,0
2015-08-30 00:00:00,0.19671239,17.95769231,0,0.0001,17.95769231,0
2015-08-31 00:00:00,0.199514821,17.88461538,0,0.0001,17.88461538,0
2015-09-01 00:00:00,0.230535269,17.81153846,0,0.0001,17.81153846,0
2015-09-02 00:00:00,0.238511249,17.73846154,0,0.0001,17.73846154,0
2015-09-03 00:00:00,0.245790288,17.66538462,0,0.0001,17.66538462,0
2015-09-04 00:00:00,0.267500818,17.59230769,0,0.0001,17.59230769,0
2015-09-05 00:00:00,0.357058018,17.51923077,0,0.0001,17.51923077,0
2015-09-06 00:00:00,0.408232033,17.44615385,0,0.0001,17.44615385,0
2015-09-07 00:00:00,0.452870578,17.37307692,0,0.0001,17.37307692,0
2015-09-08 00:00:00,0.486457974,17.3,0,0.0001,17.3,0
2015-09-09 00:00:00,0.502630591,17.185,0,0.0001,17.185,0
2015-09-10 00:00:00,0.502778947,17.07,0,0.0001,17.07,0
2015-09-11 00:00:00,0.495131314,16.955,0,0.0001,16.955,0
2015-09-12 00:00:00,0.49186492,16.84,0,0.0001,16.84,0
2015-09-13 00:00:00,0.507541955,16.725,0,0.0001,16.725,0
2015-09-14 00:00:00,0.530883729,16.61,0,0.0001,16.61,0
2015-09-15 00:00:00,0.592269301,16.495,0,0.0001,16.495,0
2015-09-16 00:00:00,0.633711755,16.38,0,0.0001,16.38,0
2015-09-17 00:00:00,0.659336984,16.265,0,0.0001,16.265,0
2015-09-18 00:00:00,0.664258659,16.15,0,0.0001,16.15,0
2015-09-19 00:00:00,0.655363262,16.035,0,0.0001,16.035,0
2015-09-20 00:00:00,0.635164976,15.92,0,0.0001,15.92,0
2015-09-21 00:00:00,0.615369916,15.805,0,0.0001,15.805,0
2015-09-22 00:00:00,0.610029697,15.69,0,0.0001,15.69,0
2015-09-23 00:00:00,0.59599632,15.575,0,0.0001,15.575,0
2015-09-24 00:00:00,0.579312563,15.46,0,0.0001,15.46,0
2015-09-25 00:00:00,0.574552476,15.345,0,0.0001,15.345,0
2015-09-26 00:00:00,0.560805619,15.23,0,0.0001,15.23,0
2015-09-27 00:00:00,0.54068625,15.115,0,0.0001,15.115,0
2015-09-28 00:00:00,0.518847406,15,0,0.0001,15,0
2015-09-29 00:00:00,0.494557053,14.86666667,0,0.0001,14.86666667,0
2015-09-30 00:00:00,0.469159991,14.73333333,0,0.0001,14.73333333,0
2015-10-01 00:00:00,0.444803417,14.6,0,0.0001,14.6,0
2015-10-02 00:00:00,0.421751738,14.46666667,0,0.0001,14.46666667,0
2015-10-03 00:00:00,0.401763201,14.33333333,0,0.0001,14.33333333,0
2015-10-04 00:00:00,0.383176148,14.2,0,0.0001,14.2,0
2015-10-05 00:00:00,0.367681146,14.06666667,0,0.0001,14.06666667,0
2015-10-06 00:00:00,0.355000436,13.93333333,0,0.0001,13.93333333,0
2015-10-07 00:00:00,0.355224371,13.8,0,0.0001,13.8,0
2015-10-08 00:00:00,0.36228618,13.66666667,0,0.0001,13.66666667,0
2015-10-09 00:00:00,0.362204403,13.53333333,0,0.0001,13.53333333,0
2015-10-10 00:00:00,0.358804941,13.4,0,0.0001,13.4,0
2015-10-11 00:00:00,0.353631198,13.26666667,0,0.0001,13.26666667,0
2015-10-12 00:00:00,0.345466882,13.13333333,0,0.0001,13.13333333,0
2015-10-13 00:00:00,0.336696535,13,0,0.0001,13,0
2015-10-14 00:00:00,0.332238764,12.86666667,0,0.0001,12.86666667,0
2015-10-15 00:00:00,0.323285639,12.73333333,0,0.0001,12.73333333,0
2015-10-16 00:00:00,0.314764529,12.6,0,0.0001,12.6,0
2015-10-17 00:00:00,0.311025918,12.46666667,0,0.0001,12.46666667,0
2015-10-18 00:00:00,0.305233479,12.33333333,0,0.0001,12.33333333,0
2015-10-19 00:00:00,0.298706293,12.2,0,0.0001,12.2,0
2015-10-20 00:00:00,0.293458462,12.13043478,0,0.0001,12.13043478,0
2015-10-21 00:00:00,0.288331181,12.06086957,0,0.0001,12.06086957,0
2015-10-22 00:00:00,0.287108958,11.99130435,0,0.0001,11.99130435,0
2015-10-23 00:00:00,0.282112181,11.92173913,0,0.0001,11.92173913,0
2015-10-24 00:00:00,0.277516842,11.85217391,0,0.0001,11.85217391,0
2015-10-25 00:00:00,0.272355974,11.7826087,0,0.0001,11.7826087,0
2015-10-26 00:00:00,0.266932487,11.71304348,0,0.0001,11.71304348,0
2015-10-27 00:00:00,0.263229728,11.64347826,0,0.0001,11.64347826,0
2015-10-28 00:00:00,0.259254962,11.57391304,0,0.0001,11.57391304,0
2015-10-29 00:00:00,0.255242199,11.50434783,0,0.0001,11.50434783,0
2015-10-30 00:00:00,0.251970589,11.43478261,0,0.0001,11.43478261,0
2015-10-31 00:00:00,0.248169035,11.36521739,0,0.0001,11.36521739,0
2015-11-01 00:00:00,0.245003462,11.29565217,0,0.0001,11.29565217,0
2015-11-02 00:00:00,0.24332419,11.22608696,0,0.0001,11.22608696,0
2015-11-03 00:00:00,0.241993278,11.15652174,0,0.0001,11.15652174,0
2015-11-04 00:00:00,0.23971428,11.08695652,0,0.0001,11.08695652,0
2015-11-05 00:00:00,0.237568751,11.0173913,0,0.0001,11.0173913,0
2015-11-06 00:00:00,0.2432127,10.94782609,0,0.0001,10.94782609,0
2015-11-07 00:00:00,0.257448167,10.87826087,0,0.0001,10.87826087,0
2015-11-08 00:00:00,0.285383999,10.80869565,0,0.0001,10.80869565,0
2015-11-09 00:00:00,0.330641866,10.73913043,0,0.0001,10.73913043,0
2015-11-10 00:00:00,0.372940511,10.66956522,0,0.0001,10.66956522,0
2015-11-11 00:00:00,0.414645821,10.6,0,0.0001,10.6,0
2015-11-12 00:00:00,0.455430448,10.45,0,0.0001,10.45,0
2015-11-13 00:00:00,0.484247625,10.3,0,0.0001,10.3,0
2015-11-14 00:00:00,0.545135021,10.15,0,0.0001,10.15,0
2015-11-15 00:00:00,0.593494475,10,0,0.0001,10,0
2015-11-16 00:00:00,0.65981549,9.85,0,0.0001,9.85,0
2015-11-17 00:00:00,0.722303629,9.7,0,0.0001,9.7,0
2015-11-18 00:00:00,0.808553934,9.55,0,0.0001,9.55,0
2015-11-19 00:00:00,0.925228775,9.4,0,0.0001,9.4,0
2015-11-20 00:00:00,1.049388766,9.25,0,0.0001,9.25,0
2015-11-21 00:00:00,1.117085934,9.1,0,0.0001,9.1,0
2015-11-22 00:00:00,1.138650894,8.95,0,0.0001,8.95,0
2015-11-23 00:00:00,1.118240595,8.8,0,0.0001,8.8,0
2015-11-24 00:00:00,1.081307411,8.65,0,0.0001,8.65,0
2015-11-25 00:00:00,1.064023733,8.5,0,0.0001,8.5,0
2015-11-26 00:00:00,1.036361933,8.430769231,0,0.0001,8.430769231,0
2015-11-27 00:00:00,0.995672166,8.361538462,0,0.0001,8.361538462,0
2015-11-28 00:00:00,0.961482763,8.292307692,0,0.0001,8.292307692,0
2015-11-29 00:00:00,0.963375151,8.223076923,0,0.0001,8.223076923,0
2015-11-30 00:00:00,1.025788665,8.153846154,0,0.0001,8.153846154,0
2015-12-01 00:00:00,1.060195923,8.084615385,0,0.0001,8.084615385,0
2015-12-02 00:00:00,1.073225021,8.015384615,0,0.0001,8.015384615,0
2015-12-03 00:00:00,1.064949751,7.946153846,0,0.0001,7.946153846,0
2015-12-04 00:00:00,1.056122661,7.876923077,0,0.0001,7.876923077,0
2015-12-05 00:00:00,1.056371212,7.807692308,0,0.0001,7.807692308,0
2015-12-06 00:00:00,1.114825964,7.738461538,0,0.0001,7.738461538,0
2015-12-07 00:00:00,1.142387748,7.669230769,0,0.0001,7.669230769,0
2015-12-08 00:00:00,1.145152926,7.6,0,0.0001,7.6,0
2015-12-09 00:00:00,1.132808685,7.488888889,0,0.0001,7.488888889,0
2015-12-10 00:00:00,1.114123464,7.377777778,0,0.0001,7.377777778,0
2015-12-11 00:00:00,1.133981228,7.266666667,0,0.0001,7.266666667,0
2015-12-12 00:00:00,1.176394343,7.155555556,0,0.0001,7.155555556,0
2015-12-13 00:00:00,1.216525316,7.044444444,0,0.0001,7.044444444,0
2015-12-14 00:00:00,1.234853268,6.933333333,0,0.0001,6.933333333,0
2015-12-15 00:00:00,1.319954991,6.822222222,0,0.0001,6.822222222,0
2015-12-16 00:00:00,1.363243222,6.711111111,0,0.0001,6.711111111,0
2015-12-17 00:00:00,1.376139641,6.6,0,0.0001,6.6,0
2015-12-18 00:00:00,1.362979412,6.488888889,0,0.0001,6.488888889,0
2015-12-19 00:00:00,1.331563115,6.377777778,0,0.0001,6.377777778,0
2015-12-20 00:00:00,1.289162755,6.266666667,0,0.0001,6.266666667,0
2015-12-21 00:00:00,1.242732406,6.155555556,0,0.0001,6.155555556,0
2015-12-22 00:00:00,1.227751374,6.044444444,0,0.0001,6.044444444,0
2015-12-23 00:00:00,1.309352517,5.933333333,0,0.0001,5.933333333,0
2015-12-24 00:00:00,1.393644094,5.822222222,0,0.0001,5.822222222,0
2015-12-25 00:00:00,1.437140346,5.711111111,0,0.0001,5.711111111,0
2015-12-26 00:00:00,1.496667027,5.6,0,0.0001,5.6,0
2015-12-27 00:00:00,1.731191158,5.488888889,0,0.0001,5.488888889,0
2015-12-28 00:00:00,1.925017118,5.377777778,0,0.0001,5.377777778,0
2015-12-29 00:00:00,1.989995003,5.266666667,0,0.0001,5.266666667,0
2015-12-30 00:00:00,1.976280212,5.155555556,0,0.0001,5.155555556,0
2015-12-31 00:00:00,1.929241061,5.044444444,0,0.0001,5.044444444,0
2016-01-01 00:00:00,1.96380353,4.933333333,0,0.0001,4.933333333,0
2016-01-02 00:00:00,1.880599141,4.822222222,0,0.0001,4.822222222,0
2016-01-03 00:00:00,1.769650459,4.711111111,0,0.0001,4.711111111,0
2016-01-04 00:00:00,1.651572824,4.6,0,0.0001,4.6,0
2016-01-05 00:00:00,1.544255972,4.488888889,0,0.0001,4.488888889,0
2016-01-06 00:00:00,1.447140932,4.377777778,0,0.0001,4.377777778,0
2016-01-07 00:00:00,1.353973389,4.266666667,0,0.0001,4.266666667,0
2016-01-08 00:00:00,1.289717078,4.155555556,0,0.0001,4.155555556,0
2016-01-09 00:00:00,1.238337994,4.044444444,0,0.0001,4.044444444,0
2016-01-10 00:00:00,1.202587843,3.933333333,0,0.0001,3.933333333,0
2016-01-11 00:00:00,1.173876882,3.822222222,0,0.0001,3.822222222,0
2016-01-12 00:00:00,1.160876751,3.711111111,0,0.0001,3.711111111,0
2016-01-13 00:00:00,1.190996885,3.6,0,0.0001,3.6,0
2016-01-14 00:00:00,1.20357573,3.585714286,0,0.0001,3.585714286,0
2016-01-15 00:00:00,1.182773232,3.571428571,0,0.0001,3.571428571,0
2016-01-16 00:00:00,1.141821861,3.557142857,0,0.0001,3.557142857,0
2016-01-17 00:00:00,1.092470169,3.542857143,0,0.0001,3.542857143,0
2016-01-18 00:00:00,1.03934443,3.528571429,0,0.0001,3.528571429,0
2016-01-19 00:00:00,0.99438262,3.514285714,0,0.0001,3.514285714,0
2016-01-20 00:00:00,0.732797444,3.5,0,0.0001,3.5,0
2016-01-21 00:00:00,0.689850211,3.485714286,0,0.0001,3.485714286,0
2016-01-22 00:00:00,0.655252695,3.471428571,0,0.0001,3.471428571,0
2016-01-23 00:00:00,0.646576345,3.457142857,0,0.0001,3.457142857,0
2016-01-24 00:00:00,0.678169549,3.442857143,0,0.0001,3.442857143,0
2016-01-25 00:00:00,0.977104664,3.428571429,0,0.0001,3.428571429,0
2016-01-26 00:00:00,1.110474586,3.414285714,0,0.0001,3.414285714,0
2016-01-27 00:00:00,1.203348994,3.4,0,0.0001,3.4,0
2016-01-28 00:00:00,1.254043579,3.4125,0,0.0001,3.4125,0
2016-01-29 00:00:00,1.222581148,3.425,0,0.0001,3.425,0
2016-01-30 00:00:00,1.189308167,3.4375,0,0.0001,3.4375,0
2016-01-31 00:00:00,1.167094946,3.45,0,0.0001,3.45,0
2016-02-01 00:00:00,1.138440967,3.4625,0,0.0001,3.4625,0
2016-02-02 00:00:00,1.173895359,3.475,0,0.0001,3.475,0
2016-02-03 00:00:00,1.202869415,3.4875,0,0.0001,3.4875,0
2016-02-04 00:00:00,1.159698606,3.5,0,0.0001,3.5,0
2016-02-05 00:00:00,1.083209515,3.5125,0,0.0001,3.5125,0
2016-02-06 00:00:00,1.036502719,3.525,0,0.0001,3.525,0
2016-02-07 00:00:00,1.016342998,3.5375,0,0.0001,3.5375,0
2016-02-08 00:00:00,1.03403759,3.55,0,0.0001,3.55,0
2016-02-09 00:00:00,1.205027699,3.5625,0,0.0001,3.5625,0
2016-02-10 00:00:00,1.261089206,3.575,0,0.0001,3.575,0
2016-02-11 00:00:00,1.243254185,3.5875,0,0.0001,3.5875,0
2016-02-12 00:00:00,1.1700598,3.6,0,0.0001,3.6,0
2016-02-13 00:00:00,1.077168226,3.573684211,0,0.0001,3.573684211,0
2016-02-14 00:00:00,0.984767079,3.547368421,0,0.0001,3.547368421,0
2016-02-15 00:00:00,0.902425289,3.521052632,0,0.0001,3.521052632,0
2016-02-16 00:00:00,0.827421546,3.494736842,0,0.0001,3.494736842,0
2016-02-17 00:00:00,0.764999092,3.468421053,0,0.0001,3.468421053,0
2016-02-18 00:00:00,0.728771031,3.442105263,0,0.0001,3.442105263,0
2016-02-19 00:00:00,0.694519639,3.415789474,0,0.0001,3.415789474,0
2016-02-20 00:00:00,0.729702771,3.389473684,0,0.0001,3.389473684,0
2016-02-21 00:00:00,0.851816118,3.363157895,0,0.0001,3.363157895,0
2016-02-22 00:00:00,1.03689146,3.336842105,0,0.0001,3.336842105,0
2016-02-23 00:00:00,1.102781534,3.310526316,0,0.0001,3.310526316,0
2016-02-24 00:00:00,1.065314651,3.284210526,0,0.0001,3.284210526,0
2016-02-25 00:00:00,0.994654417,3.257894737,0,0.0001,3.257894737,0
2016-02-26 00:00:00,0.920034945,3.231578947,0,0.0001,3.231578947,0
2016-02-27 00:00:00,0.851210058,3.205263158,0,0.0001,3.205263158,0
2016-02-28 00:00:00,0.789286673,3.178947368,0,0.0001,3.178947368,0
2016-02-29 00:00:00,0.740957856,3.152631579,0,0.0001,3.152631579,0
2016-03-01 00:00:00,0.694818556,3.126315789,0,0.0001,3.126315789,0
2016-03-02 00:00:00,0.724940956,3.1,0,0.0001,3.1,0
2016-03-03 00:00:00,0.811129212,3.14,0,0.0001,3.14,0
2016-03-04 00:00:00,0.826387048,3.18,0,0.0001,3.18,0
2016-03-05 00:00:00,0.818744123,3.22,0,0.0001,3.22,0
2016-03-06 00:00:00,0.850932419,3.26,0,0.0001,3.26,0
2016-03-07 00:00:00,0.84693861,3.3,0,0.0001,3.3,0
2016-03-08 00:00:00,0.820260823,3.34,0,0.0001,3.34,0
2016-03-09 00:00:00,0.783342659,3.38,0,0.0001,3.38,0
2016-03-10 00:00:00,1.056564212,3.42,0,0.0001,3.42,0
2016-03-11 00:00:00,1.022302866,3.46,0,0.0001,3.46,0
2016-03-12 00:00:00,0.98422569,3.5,0,0.0001,3.5,0
2016-03-13 00:00:00,0.946101665,3.54,0,0.0001,3.54,0
2016-03-14 00:00:00,0.908977687,3.58,0,0.0001,3.58,0
2016-03-15 00:00:00,0.873102665,3.62,0,0.0001,3.62,0
2016-03-16 00:00:00,0.835910439,3.66,0,0.0001,3.66,0
2016-03-17 00:00:00,0.805403233,3.7,0,0.0001,3.7,0
2016-03-18 00:00:00,0.779118598,3.870149254,0,0.0001,3.870149254,0
2016-03-19 00:00:00,0.748893201,4.040298507,0,0.0001,4.040298507,0
2016-03-20 00:00:00,0.717920005,4.210447761,0,0.0001,4.210447761,0
2016-03-21 00:00:00,0.692033589,4.380597015,0,0.0001,4.380597015,0
2016-03-22 00:00:00,0.671983242,4.550746269,0,0.0001,4.550746269,0
2016-03-23 00:00:00,0.652905941,4.720895522,0,0.0001,4.720895522,0
2016-03-24 00:00:00,0.63439101,4.891044776,0,0.0001,4.891044776,0
2016-03-25 00:00:00,0.620543778,5.06119403,0,0.0001,5.06119403,0
2016-03-26 00:00:00,0.6053105,5.231343284,0,0.0001,5.231343284,0
2016-03-27 00:00:00,0.596898317,5.401492537,0,0.0001,5.401492537,0
2016-03-28 00:00:00,0.597113788,5.571641791,0,0.0001,5.571641791,0
2016-03-29 00:00:00,0.592564285,5.741791045,0,0.0001,5.741791045,0
2016-03-30 00:00:00,0.587606251,5.911940299,0,0.0001,5.911940299,0
2016-03-31 00:00:00,0.59732002,6.082089552,0,0.0001,6.082089552,0
2016-04-01 00:00:00,0.587759972,6.252238806,0,0.0001,6.252238806,0
2016-04-02 00:00:00,0.568059981,6.42238806,0,0.0001,6.42238806,0
2016-04-03 00:00:00,0.548887908,6.592537313,0,0.0001,6.592537313,0
2016-04-04 00:00:00,0.551270008,6.762686567,0,0.0001,6.762686567,0
2016-04-05 00:00:00,0.561374843,6.932835821,0,0.0001,6.932835821,0
2016-04-06 00:00:00,0.623565495,7.102985075,0,0.0001,7.102985075,0
2016-04-07 00:00:00,0.706570268,7.273134328,0,0.0001,7.273134328,0
2016-04-08 00:00:00,0.859128654,7.443283582,0,0.0001,7.443283582,0
2016-04-09 00:00:00,0.958461642,7.613432836,0,0.0001,7.613432836,0
2016-04-10 00:00:00,1.004967928,7.78358209,0,0.0001,7.78358209,0
2016-04-11 00:00:00,1.006181836,7.953731343,0,0.0001,7.953731343,0
2016-04-12 00:00:00,0.984334826,8.123880597,0,0.0001,8.123880597,0
2016-04-13 00:00:00,0.95282644,8.294029851,0,0.0001,8.294029851,0
2016-04-14 00:00:00,0.917499185,8.464179104,0,0.0001,8.464179104,0
2016-04-15 00:00:00,0.91382736,8.634328358,0,0.0001,8.634328358,0
2016-04-16 00:00:00,0.925034583,8.804477612,0,0.0001,8.804477612,0
2016-04-17 00:00:00,0.919320583,8.974626866,0,0.0001,8.974626866,0
2016-04-18 00:00:00,0.900022209,9.144776119,0,0.0001,9.144776119,0
2016-04-19 00:00:00,0.875266016,9.314925373,0,0.0001,9.314925373,0
2016-04-20 00:00:00,0.846435905,9.485074627,0,0.0001,9.485074627,0
2016-04-21 00:00:00,0.821767569,9.655223881,0,0.0001,9.655223881,0
2016-04-22 00:00:00,0.794647396,9.825373134,0,0.0001,9.825373134,0
2016-04-23 00:00:00,0.762295604,9.995522388,0,0.0001,9.995522388,0
2016-04-24 00:00:00,0.735174596,10.16567164,0,0.0001,10.16567164,0
2016-04-25 00:00:00,0.709604263,10.3358209,0,0.0001,10.3358209,0
2016-04-26 00:00:00,0.70520407,10.50597015,0,0.0001,10.50597015,0
2016-04-27 00:00:00,0.758160889,10.6761194,0,0.0001,10.6761194,0
2016-04-28 00:00:00,0.849144816,10.84626866,0,0.0001,10.84626866,0
2016-04-29 00:00:00,0.952408612,11.01641791,0,0.0001,11.01641791,0
2016-04-30 00:00:00,1.03219533,11.18656716,0,0.0001,11.18656716,0
2016-05-01 00:00:00,1.063740849,11.35671642,0,0.0001,11.35671642,0
2016-05-02 00:00:00,1.056950808,11.52686567,0,0.0001,11.52686567,0
2016-05-03 00:00:00,1.045659661,11.69701493,0,0.0001,11.69701493,0
2016-05-04 00:00:00,1.017563105,11.86716418,0,0.0001,11.86716418,0
2016-05-05 00:00:00,0.976622939,12.03731343,0,0.0001,12.03731343,0
2016-05-06 00:00:00,0.932853162,12.20746269,0,0.0001,12.20746269,0
2016-05-07 00:00:00,0.885595083,12.37761194,0,0.0001,12.37761194,0
2016-05-08 00:00:00,0.836812794,12.54776119,0,0.0001,12.54776119,0
2016-05-09 00:00:00,0.784586728,12.71791045,0,0.0001,12.71791045,0
2016-05-10 00:00:00,0.737200975,12.8880597,0,0.0001,12.8880597,0
2016-05-11 00:00:00,0.697025239,13.05820896,0,0.0001,13.05820896,0
2016-05-12 00:00:00,0.656017482,13.22835821,0,0.0001,13.22835821,0
2016-05-13 00:00:00,0.615359783,13.39850746,0,0.0001,13.39850746,0
2016-05-14 00:00:00,0.580792725,13.56865672,0,0.0001,13.56865672,0
2016-05-15 00:00:00,0.548769534,13.73880597,0,0.0001,13.73880597,0
2016-05-16 00:00:00,0.518963218,13.90895522,0,0.0001,13.90895522,0
2016-05-17 00:00:00,0.492173791,14.07910448,0,0.0001,14.07910448,0
2016-05-18 00:00:00,0.473219395,14.24925373,0,0.0001,14.24925373,0
2016-05-19 00:00:00,0.460638732,14.41940299,0,0.0001,14.41940299,0
2016-05-20 00:00:00,0.454128206,14.58955224,0,0.0001,14.58955224,0
2016-05-21 00:00:00,0.445616096,14.75970149,0,0.0001,14.75970149,0
2016-05-22 00:00:00,0.456791073,14.92985075,0,0.0001,14.92985075,0
2016-05-23 00:00:00,0.474315226,15.1,0,0.0001,15.1,0
2016-05-24 00:00:00,0.478892326,15.26,0,0.0001,15.26,0
2016-05-25 00:00:00,0.4784154,15.42,0,0.0001,15.42,0
2016-05-26 00:00:00,0.468481749,15.58,0,0.0001,15.58,0
2016-05-27 00:00:00,0.456664443,15.74,0,0.0001,15.74,0
2016-05-28 00:00:00,0.442593098,15.9,0,0.0001,15.9,0
2016-05-29 00:00:00,0.430847675,16.06,0,0.0001,16.06,0
2016-05-30 00:00:00,0.455228478,16.22,0,0.0001,16.22,0
2016-05-31 00:00:00,0.452209294,16.38,0,0.0001,16.38,0
2016-06-01 00:00:00,0.444217533,16.54,0,0.0001,16.54,0
2016-06-02 00:00:00,0.433267206,16.7,0,0.0001,16.7,0
2016-06-03 00:00:00,0.418713123,16.86,0,0.0001,16.86,0
2016-06-04 00:00:00,0.405338973,17.02,0,0.0001,17.02,0
2016-06-05 00:00:00,0.393788606,17.18,0,0.0001,17.18,0
2016-06-06 00:00:00,0.378615677,17.34,0,0.0001,17.34,0
2016-06-07 00:00:00,0.360518426,17.5,0,0.0001,17.5,0
2016-06-08 00:00:00,0.344546795,17.66,0,0.0001,17.66,0
2016-06-09 00:00:00,0.332792729,17.82,0,0.0001,17.82,0
2016-06-10 00:00:00,0.319949299,17.98,0,0.0001,17.98,0
2016-06-11 00:00:00,0.312850684,18.14,0,0.0001,18.14,0
2016-06-12 00:00:00,0.305622637,18.3,0,0.0001,18.3,0
2016-06-13 00:00:00,0.297539413,18.46,0,0.0001,18.46,0
2016-06-14 00:00:00,0.291373372,18.62,0,0.0001,18.62,0
2016-06-15 00:00:00,0.297547013,18.78,0,0.0001,18.78,0
2016-06-16 00:00:00,0.310151517,18.94,0,0.0001,18.94,0
2016-06-17 00:00:00,0.3125,19.1,0,0.0001,19.1,0
2016-06-18 00:00:00,0.302512228,19.05625,0,0.0001,19.05625,0
2016-06-19 00:00:00,0.294098705,19.0125,0,0.0001,19.0125,0
2016-06-20 00:00:00,0.294150293,18.96875,0,0.0001,18.96875,0
2016-06-21 00:00:00,0.326001227,18.925,0,0.0001,18.925,0
2016-06-22 00:00:00,0.333087891,18.88125,0,0.0001,18.88125,0
2016-06-23 00:00:00,0.34199962,18.8375,0,0.0001,18.8375,0
2016-06-24 00:00:00,0.360810369,18.79375,0,0.0001,18.79375,0
2016-06-25 00:00:00,0.367799491,18.75,0,0.0001,18.75,0
2016-06-26 00:00:00,0.392917573,18.70625,0,0.0001,18.70625,0
2016-06-27 00:00:00,0.392538965,18.6625,0,0.0001,18.6625,0
2016-06-28 00:00:00,0.395254791,18.61875,0,0.0001,18.61875,0
2016-06-29 00:00:00,0.393862993,18.575,0,0.0001,18.575,0
2016-06-30 00:00:00,0.395666391,18.53125,0,0.0001,18.53125,0
2016-07-01 00:00:00,0.399885386,18.4875,0,0.0001,18.4875,0
2016-07-02 00:00:00,0.409766942,18.44375,0,0.0001,18.44375,0
2016-07-03 00:00:00,0.419304013,18.4,0,0.0001,18.4,0
2016-07-04 00:00:00,0.431939006,18.35625,0,0.0001,18.35625,0
2016-07-05 00:00:00,0.446498603,18.3125,0,0.0001,18.3125,0
2016-07-06 00:00:00,0.486679763,18.26875,0,0.0001,18.26875,0
2016-07-07 00:00:00,0.494126767,18.225,0,0.0001,18.225,0
2016-07-08 00:00:00,0.510923803,18.18125,0,0.0001,18.18125,0
2016-07-09 00:00:00,0.580123007,18.1375,0,0.0001,18.1375,0
2016-07-10 00:00:00,0.616932809,18.09375,0,0.0001,18.09375,0
2016-07-11 00:00:00,0.678841293,18.05,0,0.0001,18.05,0
2016-07-12 00:00:00,0.720382094,18.00625,0,0.0001,18.00625,0
2016-07-13 00:00:00,0.73011899,17.9625,0,0.0001,17.9625,0
2016-07-14 00:00:00,0.718136489,17.91875,0,0.0001,17.91875,0
2016-07-15 00:00:00,0.697039962,17.875,0,0.0001,17.875,0
2016-07-16 00:00:00,0.67323029,17.83125,0,0.0001,17.83125,0
2016-07-17 00:00:00,0.649897158,17.7875,0,0.0001,17.7875,0
2016-07-18 00:00:00,0.624936223,17.74375,0,0.0001,17.74375,0
2016-07-19 00:00:00,0.600984395,17.7,0,0.0001,17.7,0
2016-07-20 00:00:00,0.5828951,17.67931034,0,0.0001,17.67931034,0
2016-07-21 00:00:00,0.562856793,17.65862069,0,0.0001,17.65862069,0
2016-07-22 00:00:00,0.54324162,17.63793103,0,0.0001,17.63793103,0
2016-07-23 00:00:00,0.531852961,17.61724138,0,0.0001,17.61724138,0
2016-07-24 00:00:00,0.513819575,17.59655172,0,0.0001,17.59655172,0
2016-07-25 00:00:00,0.495974541,17.57586207,0,0.0001,17.57586207,0
2016-07-26 00:00:00,0.488737375,17.55517241,0,0.0001,17.55517241,0
2016-07-27 00:00:00,0.47730121,17.53448276,0,0.0001,17.53448276,0
2016-07-28 00:00:00,0.47014302,17.5137931,0,0.0001,17.5137931,0
2016-07-29 00:00:00,0.46339184,17.49310345,0,0.0001,17.49310345,0
2016-07-30 00:00:00,0.463939667,17.47241379,0,0.0001,17.47241379,0
2016-07-31 00:00:00,0.456240803,17.45172414,0,0.0001,17.45172414,0
2016-08-01 00:00:00,0.444364667,17.43103448,0,0.0001,17.43103448,0
2016-08-02 00:00:00,0.434257925,17.41034483,0,0.0001,17.41034483,0
2016-08-03 00:00:00,0.434997499,17.38965517,0,0.0001,17.38965517,0
2016-08-04 00:00:00,0.457297981,17.36896552,0,0.0001,17.36896552,0
2016-08-05 00:00:00,0.461747646,17.34827586,0,0.0001,17.34827586,0
2016-08-06 00:00:00,0.452570915,17.32758621,0,0.0001,17.32758621,0
2016-08-07 00:00:00,0.444838673,17.30689655,0,0.0001,17.30689655,0
2016-08-08 00:00:00,0.441808969,17.2862069,0,0.0001,17.2862069,0
2016-08-09 00:00:00,0.431506366,17.26551724,0,0.0001,17.26551724,0
2016-08-10 00:00:00,0.417353034,17.24482759,0,0.0001,17.24482759,0
2016-08-11 00:00:00,0.405479908,17.22413793,0,0.0001,17.22413793,0
2016-08-12 00:00:00,0.397777498,17.20344828,0,0.0001,17.20344828,0
2016-08-13 00:00:00,0.391725957,17.18275862,0,0.0001,17.18275862,0
2016-08-14 00:00:00,0.385075867,17.16206897,0,0.0001,17.16206897,0
2016-08-15 00:00:00,0.37729302,17.14137931,0,0.0001,17.14137931,0
2016-08-16 00:00:00,0.370518684,17.12068966,0,0.0001,17.12068966,0
2016-08-17 00:00:00,0.365695357,17.1,0,0.0001,17.1,0
2016-08-18 00:00:00,0.358941883,17.15714286,0,0.0001,17.15714286,0
2016-08-19 00:00:00,0.353567392,17.21428571,0,0.0001,17.21428571,0
2016-08-20 00:00:00,0.350769371,17.27142857,0,0.0001,17.27142857,0
2016-08-21 00:00:00,0.346060902,17.32857143,0,0.0001,17.32857143,0
2016-08-22 00:00:00,0.342571378,17.38571429,0,0.0001,17.38571429,0
2016-08-23 00:00:00,0.346474946,17.44285714,0,0.0001,17.44285714,0
2016-08-24 00:00:00,0.343454331,17.5,0,0.0001,17.5,0
2016-08-25 00:00:00,0.339883089,17.55714286,0,0.0001,17.55714286,0
2016-08-26 00:00:00,0.333575547,17.61428571,0,0.0001,17.61428571,0
2016-08-27 00:00:00,0.328913033,17.67142857,0,0.0001,17.67142857,0
2016-08-28 00:00:00,0.33837837,17.72857143,0,0.0001,17.72857143,0
2016-08-29 00:00:00,0.337472886,17.78571429,0,0.0001,17.78571429,0
2016-08-30 00:00:00,0.329849094,17.84285714,0,0.0001,17.84285714,0
2016-08-31 00:00:00,0.325421333,17.9,0,0.0001,17.9,0
2016-09-01 00:00:00,0.320349067,17.95714286,0,0.0001,17.95714286,0
2016-09-02 00:00:00,0.317266583,18.01428571,0,0.0001,18.01428571,0
2016-09-03 00:00:00,0.315431446,18.07142857,0,0.0001,18.07142857,0
2016-09-04 00:00:00,0.333981752,18.12857143,0,0.0001,18.12857143,0
2016-09-05 00:00:00,0.342388749,18.18571429,0,0.0001,18.18571429,0
2016-09-06 00:00:00,0.338866204,18.24285714,0,0.0001,18.24285714,0
2016-09-07 00:00:00,0.33809492,18.3,0,0.0001,18.3,0
2016-09-08 00:00:00,0.341222316,18.1962963,0,0.0001,18.1962963,0
2016-09-09 00:00:00,0.337635487,18.09259259,0,0.0001,18.09259259,0
2016-09-10 00:00:00,0.33445099,17.98888889,0,0.0001,17.98888889,0
2016-09-11 00:00:00,0.327352762,17.88518519,0,0.0001,17.88518519,0
2016-09-12 00:00:00,0.322526544,17.78148148,0,0.0001,17.78148148,0
2016-09-13 00:00:00,0.319970906,17.67777778,0,0.0001,17.67777778,0
2016-09-14 00:00:00,0.317367256,17.57407407,0,0.0001,17.57407407,0
2016-09-15 00:00:00,0.315378159,17.47037037,0,0.0001,17.47037037,0
2016-09-16 00:00:00,0.312280148,17.36666667,0,0.0001,17.36666667,0
2016-09-17 00:00:00,0.304593742,17.26296296,0,0.0001,17.26296296,0
2016-09-18 00:00:00,0.298106194,17.15925926,0,0.0001,17.15925926,0
2016-09-19 00:00:00,0.293273509,17.05555556,0,0.0001,17.05555556,0
2016-09-20 00:00:00,0.290685952,16.95185185,0,0.0001,16.95185185,0
2016-09-21 00:00:00,0.286777437,16.84814815,0,0.0001,16.84814815,0
2016-09-22 00:00:00,0.284504503,16.74444444,0,0.0001,16.74444444,0
2016-09-23 00:00:00,0.281261355,16.64074074,0,0.0001,16.64074074,0
2016-09-24 00:00:00,0.277080894,16.53703704,0,0.0001,16.53703704,0
2016-09-25 00:00:00,0.274242759,16.43333333,0,0.0001,16.43333333,0
2016-09-26 00:00:00,0.265560359,16.32962963,0,0.0001,16.32962963,0
2016-09-27 00:00:00,0.259310365,16.22592593,0,0.0001,16.22592593,0
2016-09-28 00:00:00,0.258985877,16.12222222,0,0.0001,16.12222222,0
2016-09-29 00:00:00,0.287376553,16.01851852,0,0.0001,16.01851852,0
2016-09-30 00:00:00,0.307671189,15.91481481,0,0.0001,15.91481481,0
2016-10-01 00:00:00,0.320024759,15.81111111,0,0.0001,15.81111111,0
2016-10-02 00:00:00,0.379480004,15.70740741,0,0.0001,15.70740741,0
2016-10-03 00:00:00,0.430869997,15.6037037,0,0.0001,15.6037037,0
2016-10-04 00:00:00,0.480120003,15.5,0,0.0001,15.5,0
2016-10-05 00:00:00,0.378306031,15.24761905,0,0.0001,15.24761905,0
2016-10-06 00:00:00,0.378277153,14.9952381,0,0.0001,14.9952381,0
2016-10-07 00:00:00,0.373801887,14.74285714,0,0.0001,14.74285714,0
2016-10-08 00:00:00,0.368059039,14.49047619,0,0.0001,14.49047619,0
2016-10-09 00:00:00,0.363942891,14.23809524,0,0.0001,14.23809524,0
2016-10-10 00:00:00,0.383856148,13.98571429,0,0.0001,13.98571429,0
2016-10-11 00:00:00,0.39204216,13.73333333,0,0.0001,13.73333333,0
2016-10-12 00:00:00,0.392115444,13.48095238,0,0.0001,13.48095238,0
2016-10-13 00:00:00,0.389303267,13.22857143,0,0.0001,13.22857143,0
2016-10-14 00:00:00,0.383547276,12.97619048,0,0.0001,12.97619048,0
2016-10-15 00:00:00,0.378585935,12.72380952,0,0.0001,12.72380952,0
2016-10-16 00:00:00,0.38034451,12.47142857,0,0.0001,12.47142857,0
2016-10-17 00:00:00,0.376956552,12.21904762,0,0.0001,12.21904762,0
2016-10-18 00:00:00,0.376177728,11.96666667,0,0.0001,11.96666667,0
2016-10-19 00:00:00,0.385157913,11.71428571,0,0.0001,11.71428571,0
2016-10-20 00:00:00,0.409719795,11.46190476,0,0.0001,11.46190476,0
2016-10-21 00:00:00,0.439349562,11.20952381,0,0.0001,11.20952381,0
2016-10-22 00:00:00,0.473325312,10.95714286,0,0.0001,10.95714286,0
2016-10-23 00:00:00,0.512467444,10.7047619,0,0.0001,10.7047619,0
2016-10-24 00:00:00,0.548963845,10.45238095,0,0.0001,10.45238095,0
2016-10-25 00:00:00,0.569196999,10.2,0,0.0001,10.2,0
2016-10-26 00:00:00,0.575321972,10.07241379,0,0.0001,10.07241379,0
2016-10-27 00:00:00,0.573193491,9.944827586,0,0.0001,9.944827586,0
2016-10-28 00:00:00,0.565421164,9.817241379,0,0.0001,9.817241379,0
2016-10-29 00:00:00,0.550680697,9.689655172,0,0.0001,9.689655172,0
2016-10-30 00:00:00,0.537090302,9.562068966,0,0.0001,9.562068966,0
2016-10-31 00:00:00,0.52186054,9.434482759,0,0.0001,9.434482759,0
2016-11-01 00:00:00,0.504959166,9.306896552,0,0.0001,9.306896552,0
2016-11-02 00:00:00,0.490951747,9.179310345,0,0.0001,9.179310345,0
2016-11-03 00:00:00,0.477754653,9.051724138,0,0.0001,9.051724138,0
2016-11-04 00:00:00,0.467078537,8.924137931,0,0.0001,8.924137931,0
2016-11-05 00:00:00,0.470921516,8.796551724,0,0.0001,8.796551724,0
2016-11-06 00:00:00,0.524106562,8.668965517,0,0.0001,8.668965517,0
2016-11-07 00:00:00,0.576449275,8.54137931,0,0.0001,8.54137931,0
2016-11-08 00:00:00,0.612906992,8.413793103,0,0.0001,8.413793103,0
2016-11-09 00:00:00,0.646088779,8.286206897,0,0.0001,8.286206897,0
2016-11-10 00:00:00,0.665674746,8.15862069,0,0.0001,8.15862069,0
2016-11-11 00:00:00,0.667730868,8.031034483,0,0.0001,8.031034483,0
2016-11-12 00:00:00,0.658163011,7.903448276,0,0.0001,7.903448276,0
2016-11-13 00:00:00,0.639000475,7.775862069,0,0.0001,7.775862069,0
2016-11-14 00:00:00,0.622099698,7.648275862,0,0.0001,7.648275862,0
2016-11-15 00:00:00,0.648643732,7.520689655,0,0.0001,7.520689655,0
2016-11-16 00:00:00,0.679775655,7.393103448,0,0.0001,7.393103448,0
2016-11-17 00:00:00,0.701567948,7.265517241,0,0.0001,7.265517241,0
2016-11-18 00:00:00,0.726144731,7.137931034,0,0.0001,7.137931034,0
2016-11-19 00:00:00,0.761909366,7.010344828,0,0.0001,7.010344828,0
2016-11-20 00:00:00,0.817132413,6.882758621,0,0.0001,6.882758621,0
2016-11-21 00:00:00,0.89349401,6.755172414,0,0.0001,6.755172414,0
2016-11-22 00:00:00,0.949787378,6.627586207,0,0.0001,6.627586207,0
2016-11-23 00:00:00,0.974481285,6.5,0,0.0001,6.5,0
2016-11-24 00:00:00,0.965738595,6.414285714,0,0.0001,6.414285714,0
2016-11-25 00:00:00,0.935939193,6.328571429,0,0.0001,6.328571429,0
2016-11-26 00:00:00,0.896688819,6.242857143,0,0.0001,6.242857143,0
2016-11-27 00:00:00,0.854340613,6.157142857,0,0.0001,6.157142857,0
2016-11-28 00:00:00,0.807923377,6.071428571,0,0.0001,6.071428571,0
2016-11-29 00:00:00,0.759531379,5.985714286,0,0.0001,5.985714286,0
2016-11-30 00:00:00,0.729110777,5.9,0,0.0001,5.9,0
2016-12-01 00:00:00,0.734356344,5.868181818,0,0.0001,5.868181818,0
2016-12-02 00:00:00,0.735713482,5.836363636,0,0.0001,5.836363636,0
2016-12-03 00:00:00,0.725322604,5.804545455,0,0.0001,5.804545455,0
2016-12-04 00:00:00,0.70251292,5.772727273,0,0.0001,5.772727273,0
2016-12-05 00:00:00,0.677993536,5.740909091,0,0.0001,5.740909091,0
2016-12-06 00:00:00,0.653430998,5.709090909,0,0.0001,5.709090909,0
2016-12-07 00:00:00,0.632699728,5.677272727,0,0.0001,5.677272727,0
2016-12-08 00:00:00,0.620890379,5.645454545,0,0.0001,5.645454545,0
2016-12-09 00:00:00,0.610512018,5.613636364,0,0.0001,5.613636364,0
2016-12-10 00:00:00,0.615317822,5.581818182,0,0.0001,5.581818182,0
2016-12-11 00:00:00,0.617262304,5.55,0,0.0001,5.55,0
2016-12-12 00:00:00,0.61339736,5.518181818,0,0.0001,5.518181818,0
2016-12-13 00:00:00,0.602864325,5.486363636,0,0.0001,5.486363636,0
2016-12-14 00:00:00,0.590197265,5.454545455,0,0.0001,5.454545455,0
2016-12-15 00:00:00,0.574196279,5.422727273,0,0.0001,5.422727273,0
2016-12-16 00:00:00,0.555720329,5.390909091,0,0.0001,5.390909091,0
2016-12-17 00:00:00,0.540331423,5.359090909,0,0.0001,5.359090909,0
2016-12-18 00:00:00,0.531477392,5.327272727,0,0.0001,5.327272727,0
2016-12-19 00:00:00,0.519313693,5.295454545,0,0.0001,5.295454545,0
2016-12-20 00:00:00,0.507407725,5.263636364,0,0.0001,5.263636364,0
2016-12-21 00:00:00,0.496221066,5.231818182,0,0.0001,5.231818182,0
2016-12-22 00:00:00,0.488049507,5.2,0,0.0001,5.2,0
2016-12-23 00:00:00,0.493701279,5.128571429,0,0.0001,5.128571429,0
2016-12-24 00:00:00,0.51621753,5.057142857,0,0.0001,5.057142857,0
2016-12-25 00:00:00,0.554568768,4.985714286,0,0.0001,4.985714286,0
2016-12-26 00:00:00,0.591915905,4.914285714,0,0.0001,4.914285714,0
2016-12-27 00:00:00,0.620895326,4.842857143,0,0.0001,4.842857143,0
2016-12-28 00:00:00,0.63167882,4.771428571,0,0.0001,4.771428571,0
2016-12-29 00:00:00,0.626614153,4.7,0,0.0001,4.7,0
2016-12-30 00:00:00,0.614423871,4.628571429,0,0.0001,4.628571429,0
2016-12-31 00:00:00,0.601226151,4.557142857,0,0.0001,4.557142857,0
2017-01-01 00:00:00,0.561411023,4.485714286,0,0.0001,4.485714286,0
2017-01-02 00:00:00,0.554487228,4.414285714,0,0.0001,4.414285714,0
2017-01-03 00:00:00,0.540054023,4.342857143,0,0.0001,4.342857143,0
2017-01-04 00:00:00,0.53478986,4.271428571,0,0.0001,4.271428571,0
2017-01-05 00:00:00,0.516500652,4.2,0,0.0001,4.2,0
2017-01-06 00:00:00,0.494833887,4.157142857,0,0.0001,4.157142857,0
2017-01-07 00:00:00,0.480939567,4.114285714,0,0.0001,4.114285714,0
2017-01-08 00:00:00,0.464625418,4.071428571,0,0.0001,4.071428571,0
2017-01-09 00:00:00,0.449442178,4.028571429,0,0.0001,4.028571429,0
2017-01-10 00:00:00,0.442374915,3.985714286,0,0.0001,3.985714286,0
2017-01-11 00:00:00,0.476076424,3.942857143,0,0.0001,3.942857143,0
2017-01-12 00:00:00,0.557008445,3.9,0,0.0001,3.9,0
2017-01-13 00:00:00,0.621951044,3.857142857,0,0.0001,3.857142857,0
2017-01-14 00:00:00,0.646647692,3.814285714,0,0.0001,3.814285714,0
2017-01-15 00:00:00,0.640439093,3.771428571,0,0.0001,3.771428571,0
2017-01-16 00:00:00,0.613327563,3.728571429,0,0.0001,3.728571429,0
2017-01-17 00:00:00,0.57782346,3.685714286,0,0.0001,3.685714286,0
2017-01-18 00:00:00,0.545621455,3.642857143,0,0.0001,3.642857143,0
2017-01-19 00:00:00,0.527868569,3.6,0,0.0001,3.6,0
2017-01-20 00:00:00,0.516302168,3.557142857,0,0.0001,3.557142857,0
2017-01-21 00:00:00,0.506527185,3.514285714,0,0.0001,3.514285714,0
2017-01-22 00:00:00,0.494982183,3.471428571,0,0.0001,3.471428571,0
2017-01-23 00:00:00,0.48071149,3.428571429,0,0.0001,3.428571429,0
2017-01-24 00:00:00,0.464597106,3.385714286,0,0.0001,3.385714286,0
2017-01-25 00:00:00,0.447625905,3.342857143,0,0.0001,3.342857143,0
2017-01-26 00:00:00,0.430961341,3.3,0,0.0001,3.3,0
2017-01-27 00:00:00,0.41675663,3.257142857,0,0.0001,3.257142857,0
2017-01-28 00:00:00,0.403337002,3.214285714,0,0.0001,3.214285714,0
2017-01-29 00:00:00,0.396075696,3.171428571,0,0.0001,3.171428571,0
2017-01-30 00:00:00,0.393154711,3.128571429,0,0.0001,3.128571429,0
2017-01-31 00:00:00,0.383660018,3.085714286,0,0.0001,3.085714286,0
2017-02-01 00:00:00,0.371320963,3.042857143,0,0.0001,3.042857143,0
2017-02-02 00:00:00,0.363330394,3,0,0.0001,3,0
2017-02-03 00:00:00,0.35973829,2.995,0,0.0001,2.995,0
2017-02-04 00:00:00,0.357833117,2.99,0,0.0001,2.99,0
2017-02-05 00:00:00,0.35692662,2.985,0,0.0001,2.985,0
2017-02-06 00:00:00,0.361908525,2.98,0,0.0001,2.98,0
2017-02-07 00:00:00,0.361650854,2.975,0,0.0001,2.975,0
2017-02-08 00:00:00,0.362229586,2.97,0,0.0001,2.97,0
2017-02-09 00:00:00,0.371342242,2.965,0,0.0001,2.965,0
2017-02-10 00:00:00,0.366467237,2.96,0,0.0001,2.96,0
2017-02-11 00:00:00,0.35676232,2.955,0,0.0001,2.955,0
2017-02-12 00:00:00,0.346574992,2.95,0,0.0001,2.95,0
2017-02-13 00:00:00,0.339818656,2.945,0,0.0001,2.945,0
2017-02-14 00:00:00,0.331689417,2.94,0,0.0001,2.94,0
2017-02-15 00:00:00,0.324908108,2.935,0,0.0001,2.935,0
2017-02-16 00:00:00,0.321067542,2.93,0,0.0001,2.93,0
2017-02-17 00:00:00,0.330202043,2.925,0,0.0001,2.925,0
2017-02-18 00:00:00,0.341220349,2.92,0,0.0001,2.92,0
2017-02-19 00:00:00,0.352833003,2.915,0,0.0001,2.915,0
2017-02-20 00:00:00,0.363425821,2.91,0,0.0001,2.91,0
2017-02-21 00:00:00,0.371254325,2.905,0,0.0001,2.905,0
2017-02-22 00:00:00,0.40007177,2.9,0,0.0001,2.9,0
2017-02-23 00:00:00,0.443307906,2.986111111,0,0.0001,2.986111111,0
2017-02-24 00:00:00,0.495830059,3.072222222,0,0.0001,3.072222222,0
2017-02-25 00:00:00,0.534467578,3.158333333,0,0.0001,3.158333333,0
2017-02-26 00:00:00,0.612387955,3.244444444,0,0.0001,3.244444444,0
2017-02-27 00:00:00,0.70714581,3.330555556,0,0.0001,3.330555556,0
2017-02-28 00:00:00,0.815178633,3.416666667,0,0.0001,3.416666667,0
2017-03-01 00:00:00,0.900483191,3.502777778,0,0.0001,3.502777778,0
2017-03-02 00:00:00,0.94991231,3.588888889,0,0.0001,3.588888889,0
2017-03-03 00:00:00,0.958453655,3.675,0,0.0001,3.675,0
2017-03-04 00:00:00,0.950419962,3.761111111,0,0.0001,3.761111111,0
2017-03-05 00:00:00,0.937055051,3.847222222,0,0.0001,3.847222222,0
2017-03-06 00:00:00,0.931364417,3.933333333,0,0.0001,3.933333333,0
2017-03-07 00:00:00,0.904789209,4.019444444,0,0.0001,4.019444444,0
2017-03-08 00:00:00,0.865707219,4.105555556,0,0.0001,4.105555556,0
2017-03-09 00:00:00,0.833142817,4.191666667,0,0.0001,4.191666667,0
2017-03-10 00:00:00,0.803631306,4.277777778,0,0.0001,4.277777778,0
2017-03-11 00:00:00,0.764352024,4.363888889,0,0.0001,4.363888889,0
2017-03-12 00:00:00,0.730155289,4.45,0,0.0001,4.45,0
2017-03-13 00:00:00,0.699850261,4.536111111,0,0.0001,4.536111111,0
2017-03-14 00:00:00,0.672962129,4.622222222,0,0.0001,4.622222222,0
2017-03-15 00:00:00,0.648089647,4.708333333,0,0.0001,4.708333333,0
2017-03-16 00:00:00,0.62480551,4.794444444,0,0.0001,4.794444444,0
2017-03-17 00:00:00,0.614005148,4.880555556,0,0.0001,4.880555556,0
2017-03-18 00:00:00,0.638199687,4.966666667,0,0.0001,4.966666667,0
2017-03-19 00:00:00,0.64815557,5.052777778,0,0.0001,5.052777778,0
2017-03-20 00:00:00,0.672921717,5.138888889,0,0.0001,5.138888889,0
2017-03-21 00:00:00,0.734874368,5.225,0,0.0001,5.225,0
2017-03-22 00:00:00,0.773483574,5.311111111,0,0.0001,5.311111111,0
2017-03-23 00:00:00,0.781767249,5.397222222,0,0.0001,5.397222222,0
2017-03-24 00:00:00,0.770195484,5.483333333,0,0.0001,5.483333333,0
2017-03-25 00:00:00,0.748177171,5.569444444,0,0.0001,5.569444444,0
2017-03-26 00:00:00,0.722304881,5.655555556,0,0.0001,5.655555556,0
2017-03-27 00:00:00,0.694204986,5.741666667,0,0.0001,5.741666667,0
2017-03-28 00:00:00,0.667845309,5.827777778,0,0.0001,5.827777778,0
2017-03-29 00:00:00,0.646346092,5.913888889,0,0.0001,5.913888889,0
2017-03-30 00:00:00,0.631314039,6,0,0.0001,6,0
2017-03-31 00:00:00,0.61410886,6.057142857,0,0.0001,6.057142857,0
2017-04-01 00:00:00,0.597776949,6.114285714,0,0.0001,6.114285714,0
2017-04-02 00:00:00,0.574650466,6.171428571,0,0.0001,6.171428571,0
2017-04-03 00:00:00,0.551296055,6.228571429,0,0.0001,6.228571429,0
2017-04-04 00:00:00,0.524568319,6.285714286,0,0.0001,6.285714286,0
2017-04-05 00:00:00,0.494778395,6.342857143,0,0.0001,6.342857143,0
2017-04-06 00:00:00,0.468417376,6.4,0,0.0001,6.4,0
2017-04-07 00:00:00,0.446421057,6.457142857,0,0.0001,6.457142857,0
2017-04-08 00:00:00,0.427098393,6.514285714,0,0.0001,6.514285714,0
2017-04-09 00:00:00,0.408260047,6.571428571,0,0.0001,6.571428571,0
2017-04-10 00:00:00,0.391679436,6.628571429,0,0.0001,6.628571429,0
2017-04-11 00:00:00,0.375454515,6.685714286,0,0.0001,6.685714286,0
2017-04-12 00:00:00,0.377156794,6.742857143,0,0.0001,6.742857143,0
2017-04-13 00:00:00,0.374221802,6.8,0,0.0001,6.8,0
2017-04-14 00:00:00,0.369712174,6.857142857,0,0.0001,6.857142857,0
2017-04-15 00:00:00,0.384115428,6.914285714,0,0.0001,6.914285714,0
2017-04-16 00:00:00,0.421890676,6.971428571,0,0.0001,6.971428571,0
2017-04-17 00:00:00,0.476870388,7.028571429,0,0.0001,7.028571429,0
2017-04-18 00:00:00,0.518847644,7.085714286,0,0.0001,7.085714286,0
2017-04-19 00:00:00,0.532615483,7.142857143,0,0.0001,7.142857143,0
2017-04-20 00:00:00,0.52932781,7.2,0,0.0001,7.2,0
2017-04-21 00:00:00,0.520086348,7.257142857,0,0.0001,7.257142857,0
2017-04-22 00:00:00,0.504492044,7.314285714,0,0.0001,7.314285714,0
2017-04-23 00:00:00,0.481916457,7.371428571,0,0.0001,7.371428571,0
2017-04-24 00:00:00,0.4730694,7.428571429,0,0.0001,7.428571429,0
2017-04-25 00:00:00,0.461967617,7.485714286,0,0.0001,7.485714286,0
2017-04-26 00:00:00,0.459546953,7.542857143,0,0.0001,7.542857143,0
2017-04-27 00:00:00,0.457700968,7.6,0,0.0001,7.6,0
2017-04-28 00:00:00,0.450703144,7.811764706,0,0.0001,7.811764706,0
2017-04-29 00:00:00,0.466086954,8.023529412,0,0.0001,8.023529412,0
2017-04-30 00:00:00,0.475040942,8.235294118,0,0.0001,8.235294118,0
2017-05-01 00:00:00,0.461988539,8.447058824,0,0.0001,8.447058824,0
2017-05-02 00:00:00,0.445014775,8.658823529,0,0.0001,8.658823529,0
2017-05-03 00:00:00,0.431066632,8.870588235,0,0.0001,8.870588235,0
2017-05-04 00:00:00,0.411838144,9.082352941,0,0.0001,9.082352941,0
2017-05-05 00:00:00,0.394641459,9.294117647,0,0.0001,9.294117647,0
2017-05-06 00:00:00,0.380289882,9.505882353,0,0.0001,9.505882353,0
2017-05-07 00:00:00,0.36727345,9.717647059,0,0.0001,9.717647059,0
2017-05-08 00:00:00,0.354417354,9.929411765,0,0.0001,9.929411765,0
2017-05-09 00:00:00,0.339528561,10.14117647,0,0.0001,10.14117647,0
2017-05-10 00:00:00,0.343699396,10.35294118,0,0.0001,10.35294118,0
2017-05-11 00:00:00,0.349445373,10.56470588,0,0.0001,10.56470588,0
2017-05-12 00:00:00,0.340419322,10.77647059,0,0.0001,10.77647059,0
2017-05-13 00:00:00,0.330159783,10.98823529,0,0.0001,10.98823529,0
2017-05-14 00:00:00,0.322190583,11.2,0,0.0001,11.2,0
2017-05-15 00:00:00,0.314326406,11.41176471,0,0.0001,11.41176471,0
2017-05-16 00:00:00,0.326876611,11.62352941,0,0.0001,11.62352941,0
2017-05-17 00:00:00,0.333073139,11.83529412,0,0.0001,11.83529412,0
2017-05-18 00:00:00,0.328466594,12.04705882,0,0.0001,12.04705882,0
2017-05-19 00:00:00,0.322720617,12.25882353,0,0.0001,12.25882353,0
2017-05-20 00:00:00,0.309347749,12.47058824,0,0.0001,12.47058824,0
2017-05-21 00:00:00,0.297069281,12.68235294,0,0.0001,12.68235294,0
2017-05-22 00:00:00,0.286958218,12.89411765,0,0.0001,12.89411765,0
2017-05-23 00:00:00,0.278229773,13.10588235,0,0.0001,13.10588235,0
2017-05-24 00:00:00,0.263964176,13.31764706,0,0.0001,13.31764706,0
2017-05-25 00:00:00,0.251243472,13.52941176,0,0.0001,13.52941176,0
2017-05-26 00:00:00,0.243747398,13.74117647,0,0.0001,13.74117647,0
2017-05-27 00:00:00,0.239010438,13.95294118,0,0.0001,13.95294118,0
2017-05-28 00:00:00,0.229295895,14.16470588,0,0.0001,14.16470588,0
2017-05-29 00:00:00,0.221067175,14.37647059,0,0.0001,14.37647059,0
2017-05-30 00:00:00,0.215550423,14.58823529,0,0.0001,14.58823529,0
2017-05-31 00:00:00,0.203552425,14.8,0,0.0001,14.8,0
2017-06-01 00:00:00,0.193679944,14.90357143,0,0.0001,14.90357143,0
2017-06-02 00:00:00,0.190021381,15.00714286,0,0.0001,15.00714286,0
2017-06-03 00:00:00,0.189949796,15.11071429,0,0.0001,15.11071429,0
2017-06-04 00:00:00,0.186510354,15.21428571,0,0.0001,15.21428571,0
2017-06-05 00:00:00,0.182035983,15.31785714,0,0.0001,15.31785714,0
2017-06-06 00:00:00,0.183376387,15.42142857,0,0.0001,15.42142857,0
2017-06-07 00:00:00,0.19545421,15.525,0,0.0001,15.525,0
2017-06-08 00:00:00,0.213602439,15.62857143,0,0.0001,15.62857143,0
2017-06-09 00:00:00,0.234906763,15.73214286,0,0.0001,15.73214286,0
2017-06-10 00:00:00,0.262234151,15.83571429,0,0.0001,15.83571429,0
2017-06-11 00:00:00,0.26392898,15.93928571,0,0.0001,15.93928571,0
2017-06-12 00:00:00,0.279636353,16.04285714,0,0.0001,16.04285714,0
2017-06-13 00:00:00,0.271384895,16.14642857,0,0.0001,16.14642857,0
2017-06-14 00:00:00,0.264115125,16.25,0,0.0001,16.25,0
2017-06-15 00:00:00,0.258613318,16.35357143,0,0.0001,16.35357143,0
2017-06-16 00:00:00,0.247925222,16.45714286,0,0.0001,16.45714286,0
2017-06-17 00:00:00,0.23683086,16.56071429,0,0.0001,16.56071429,0
2017-06-18 00:00:00,0.230222717,16.66428571,0,0.0001,16.66428571,0
2017-06-19 00:00:00,0.224357069,16.76785714,0,0.0001,16.76785714,0
2017-06-20 00:00:00,0.214598253,16.87142857,0,0.0001,16.87142857,0
2017-06-21 00:00:00,0.206849054,16.975,0,0.0001,16.975,0
2017-06-22 00:00:00,0.202458665,17.07857143,0,0.0001,17.07857143,0
2017-06-23 00:00:00,0.200105473,17.18214286,0,0.0001,17.18214286,0
2017-06-24 00:00:00,0.196927294,17.28571429,0,0.0001,17.28571429,0
2017-06-25 00:00:00,0.187733173,17.38928571,0,0.0001,17.38928571,0
2017-06-26 00:00:00,0.176081985,17.49285714,0,0.0001,17.49285714,0
2017-06-27 00:00:00,0.168117628,17.59642857,0,0.0001,17.59642857,0
2017-06-28 00:00:00,0.166938588,17.7,0,0.0001,17.7,0
2017-06-29 00:00:00,0.17788066,17.74,0,0.0001,17.74,0
2017-06-30 00:00:00,0.194115594,17.78,0,0.0001,17.78,0
2017-07-01 00:00:00,0.196709111,17.82,0,0.0001,17.82,0
2017-07-02 00:00:00,0.18845579,17.86,0,0.0001,17.86,0
2017-07-03 00:00:00,0.181501523,17.9,0,0.0001,17.9,0
2017-07-04 00:00:00,0.175894842,17.94,0,0.0001,17.94,0
2017-07-05 00:00:00,0.168941066,17.98,0,0.0001,17.98,0
2017-07-06 00:00:00,0.163954169,18.02,0,0.0001,18.02,0
2017-07-07 00:00:00,0.161658451,18.06,0,0.0001,18.06,0
2017-07-08 00:00:00,0.163612664,18.1,0,0.0001,18.1,0
2017-07-09 00:00:00,0.160788566,18.14,0,0.0001,18.14,0
2017-07-10 00:00:00,0.15855363,18.18,0,0.0001,18.18,0
2017-07-11 00:00:00,0.161426887,18.22,0,0.0001,18.22,0
2017-07-12 00:00:00,0.161343649,18.26,0,0.0001,18.26,0
2017-07-13 00:00:00,0.151643842,18.3,0,0.0001,18.3,0
2017-07-14 00:00:00,0.149985403,18.34,0,0.0001,18.34,0
2017-07-15 00:00:00,0.149394929,18.38,0,0.0001,18.38,0
2017-07-16 00:00:00,0.148187041,18.42,0,0.0001,18.42,0
2017-07-17 00:00:00,0.143641025,18.46,0,0.0001,18.46,0
2017-07-18 00:00:00,0.13916035,18.5,0,0.0001,18.5,0
2017-07-19 00:00:00,0.13917838,18.54,0,0.0001,18.54,0
2017-07-20 00:00:00,0.141108468,18.58,0,0.0001,18.58,0
2017-07-21 00:00:00,0.149749249,18.62,0,0.0001,18.62,0
2017-07-22 00:00:00,0.150917858,18.66,0,0.0001,18.66,0
2017-07-23 00:00:00,0.164545208,18.7,0,0.0001,18.7,0
2017-07-24 00:00:00,0.18451564,18.74,0,0.0001,18.74,0
2017-07-25 00:00:00,0.1849778,18.78,0,0.0001,18.78,0
2017-07-26 00:00:00,0.182317793,18.82,0,0.0001,18.82,0
2017-07-27 00:00:00,0.181269512,18.86,0,0.0001,18.86,0
2017-07-28 00:00:00,0.177596956,18.9,0,0.0001,18.9,0
2017-07-29 00:00:00,0.196073756,18.94,0,0.0001,18.94,0
2017-07-30 00:00:00,0.213782087,18.98,0,0.0001,18.98,0
2017-07-31 00:00:00,0.221857145,19.02,0,0.0001,19.02,0
2017-08-01 00:00:00,0.219893977,19.06,0,0.0001,19.06,0
2017-08-02 00:00:00,0.22135435,19.1,0,0.0001,19.1,0
2017-08-03 00:00:00,0.241659448,19.08571429,0,0.0001,19.08571429,0
2017-08-04 00:00:00,0.257251382,19.07142857,0,0.0001,19.07142857,0
2017-08-05 00:00:00,0.25737828,19.05714286,0,0.0001,19.05714286,0
2017-08-06 00:00:00,0.247231737,19.04285714,0,0.0001,19.04285714,0
2017-08-07 00:00:00,0.237459838,19.02857143,0,0.0001,19.02857143,0
2017-08-08 00:00:00,0.231076688,19.01428571,0,0.0001,19.01428571,0
2017-08-09 00:00:00,0.228091553,19,0,0.0001,19,0
2017-08-10 00:00:00,0.216111913,18.98571429,0,0.0001,18.98571429,0
2017-08-11 00:00:00,0.208952397,18.97142857,0,0.0001,18.97142857,0
2017-08-12 00:00:00,0.20811817,18.95714286,0,0.0001,18.95714286,0
2017-08-13 00:00:00,0.202751219,18.94285714,0,0.0001,18.94285714,0
2017-08-14 00:00:00,0.194943815,18.92857143,0,0.0001,18.92857143,0
2017-08-15 00:00:00,0.189692587,18.91428571,0,0.0001,18.91428571,0
2017-08-16 00:00:00,0.187282473,18.9,0,0.0001,18.9,0
2017-08-17 00:00:00,0.191178903,18.88571429,0,0.0001,18.88571429,0
2017-08-18 00:00:00,0.207389966,18.87142857,0,0.0001,18.87142857,0
2017-08-19 00:00:00,0.218360603,18.85714286,0,0.0001,18.85714286,0
2017-08-20 00:00:00,0.225129485,18.84285714,0,0.0001,18.84285714,0
2017-08-21 00:00:00,0.231284127,18.82857143,0,0.0001,18.82857143,0
2017-08-22 00:00:00,0.225293398,18.81428571,0,0.0001,18.81428571,0
2017-08-23 00:00:00,0.220840618,18.8,0,0.0001,18.8,0
2017-08-24 00:00:00,0.214009792,18.78571429,0,0.0001,18.78571429,0
2017-08-25 00:00:00,0.203314036,18.77142857,0,0.0001,18.77142857,0
2017-08-26 00:00:00,0.198278636,18.75714286,0,0.0001,18.75714286,0
2017-08-27 00:00:00,0.197480515,18.74285714,0,0.0001,18.74285714,0
2017-08-28 00:00:00,0.192343488,18.72857143,0,0.0001,18.72857143,0
2017-08-29 00:00:00,0.18618612,18.71428571,0,0.0001,18.71428571,0
2017-08-30 00:00:00,0.18766135,18.7,0,0.0001,18.7,0
2017-08-31 00:00:00,0.197151408,18.6,0,0.0001,18.6,0
2017-09-01 00:00:00,0.192730561,18.5,0,0.0001,18.5,0
2017-09-02 00:00:00,0.18843849,18.4,0,0.0001,18.4,0
2017-09-03 00:00:00,0.184348226,18.3,0,0.0001,18.3,0
2017-09-04 00:00:00,0.17823942,18.2,0,0.0001,18.2,0
2017-09-05 00:00:00,0.174080312,18.1,0,0.0001,18.1,0
2017-09-06 00:00:00,0.219044358,18,0,0.0001,18,0
2017-09-07 00:00:00,0.344297588,17.9,0,0.0001,17.9,0
2017-09-08 00:00:00,0.424957544,17.8,0,0.0001,17.8,0
2017-09-09 00:00:00,0.49648419,17.7,0,0.0001,17.7,0
2017-09-10 00:00:00,0.532431483,17.6,0,0.0001,17.6,0
2017-09-11 00:00:00,0.556175649,17.5,0,0.0001,17.5,0
2017-09-12 00:00:00,0.582737148,17.4,0,0.0001,17.4,0
2017-09-13 00:00:00,0.598822236,17.3,0,0.0001,17.3,0
2017-09-14 00:00:00,0.647189498,17.2,0,0.0001,17.2,0
2017-09-15 00:00:00,0.752123296,17.1,0,0.0001,17.1,0
2017-09-16 00:00:00,0.818653405,17,0,0.0001,17,0
2017-09-17 00:00:00,0.845503628,16.9,0,0.0001,16.9,0
2017-09-18 00:00:00,0.837099612,16.8,0,0.0001,16.8,0
2017-09-19 00:00:00,0.809025288,16.7,0,0.0001,16.7,0
2017-09-20 00:00:00,0.773942053,16.6,0,0.0001,16.6,0
2017-09-21 00:00:00,0.738319278,16.5,0,0.0001,16.5,0
2017-09-22 00:00:00,0.689424694,16.4,0,0.0001,16.4,0
2017-09-23 00:00:00,0.638029873,16.3,0,0.0001,16.3,0
2017-09-24 00:00:00,0.594272673,16.2,0,0.0001,16.2,0
2017-09-25 00:00:00,0.556503892,16.1,0,0.0001,16.1,0
2017-09-26 00:00:00,0.522831738,16,0,0.0001,16,0
2017-09-27 00:00:00,0.49165839,15.9,0,0.0001,15.9,0
2017-09-28 00:00:00,0.462570488,15.76571429,0,0.0001,15.76571429,0
2017-09-29 00:00:00,0.440392435,15.63142857,0,0.0001,15.63142857,0
2017-09-30 00:00:00,0.420101315,15.49714286,0,0.0001,15.49714286,0
2017-10-01 00:00:00,0.425193459,15.36285714,0,0.0001,15.36285714,0
2017-10-02 00:00:00,0.452204883,15.22857143,0,0.0001,15.22857143,0
2017-10-03 00:00:00,0.490146816,15.09428571,0,0.0001,15.09428571,0
2017-10-04 00:00:00,0.526508391,14.96,0,0.0001,14.96,0
2017-10-05 00:00:00,0.568837404,14.82571429,0,0.0001,14.82571429,0
2017-10-06 00:00:00,0.58473748,14.69142857,0,0.0001,14.69142857,0
2017-10-07 00:00:00,0.593551397,14.55714286,0,0.0001,14.55714286,0
2017-10-08 00:00:00,0.59634465,14.42285714,0,0.0001,14.42285714,0
2017-10-09 00:00:00,0.580200851,14.28857143,0,0.0001,14.28857143,0
2017-10-10 00:00:00,0.563040257,14.15428571,0,0.0001,14.15428571,0
2017-10-11 00:00:00,0.550507963,14.02,0,0.0001,14.02,0
2017-10-12 00:00:00,0.601447821,13.88571429,0,0.0001,13.88571429,0
2017-10-13 00:00:00,0.648415446,13.75142857,0,0.0001,13.75142857,0
2017-10-14 00:00:00,0.685296118,13.61714286,0,0.0001,13.61714286,0
2017-10-15 00:00:00,0.707284033,13.48285714,0,0.0001,13.48285714,0
2017-10-16 00:00:00,0.704137862,13.34857143,0,0.0001,13.34857143,0
2017-10-17 00:00:00,0.686289907,13.21428571,0,0.0001,13.21428571,0
2017-10-18 00:00:00,0.660281599,13.08,0,0.0001,13.08,0
2017-10-19 00:00:00,0.64182502,12.94571429,0,0.0001,12.94571429,0
2017-10-20 00:00:00,0.623360872,12.81142857,0,0.0001,12.81142857,0
2017-10-21 00:00:00,0.640378833,12.67714286,0,0.0001,12.67714286,0
2017-10-22 00:00:00,0.659649074,12.54285714,0,0.0001,12.54285714,0
2017-10-23 00:00:00,0.664868772,12.40857143,0,0.0001,12.40857143,0
2017-10-24 00:00:00,0.674669981,12.27428571,0,0.0001,12.27428571,0
2017-10-25 00:00:00,0.737132907,12.14,0,0.0001,12.14,0
2017-10-26 00:00:00,0.809869945,12.00571429,0,0.0001,12.00571429,0
2017-10-27 00:00:00,0.845835805,11.87142857,0,0.0001,11.87142857,0
2017-10-28 00:00:00,0.852456093,11.73714286,0,0.0001,11.73714286,0
2017-10-29 00:00:00,0.842776716,11.60285714,0,0.0001,11.60285714,0
2017-10-30 00:00:00,0.803325534,11.46857143,0,0.0001,11.46857143,0
2017-10-31 00:00:00,0.758224547,11.33428571,0,0.0001,11.33428571,0
2017-11-01 00:00:00,0.718944728,11.2,0,0.0001,11.2,0
2017-11-02 00:00:00,0.727383018,11.075,0,0.0001,11.075,0
2017-11-03 00:00:00,0.711055338,10.95,0,0.0001,10.95,0
2017-11-04 00:00:00,0.687516928,10.825,0,0.0001,10.825,0
2017-11-05 00:00:00,0.658525765,10.7,0,0.0001,10.7,0
2017-11-06 00:00:00,0.624574482,10.575,0,0.0001,10.575,0
2017-11-07 00:00:00,0.588719547,10.45,0,0.0001,10.45,0
2017-11-08 00:00:00,0.555992663,10.325,0,0.0001,10.325,0
2017-11-09 00:00:00,0.527563989,10.2,0,0.0001,10.2,0
2017-11-10 00:00:00,0.523378015,10.03846154,0,0.0001,10.03846154,0
2017-11-11 00:00:00,0.535201192,9.876923077,0,0.0001,9.876923077,0
2017-11-12 00:00:00,0.54155618,9.715384615,0,0.0001,9.715384615,0
2017-11-13 00:00:00,0.535141766,9.553846154,0,0.0001,9.553846154,0
2017-11-14 00:00:00,0.532832086,9.392307692,0,0.0001,9.392307692,0
2017-11-15 00:00:00,0.53180176,9.230769231,0,0.0001,9.230769231,0
2017-11-16 00:00:00,0.5251894,9.069230769,0,0.0001,9.069230769,0
2017-11-17 00:00:00,0.5241732,8.907692308,0,0.0001,8.907692308,0
2017-11-18 00:00:00,0.540215909,8.746153846,0,0.0001,8.746153846,0
2017-11-19 00:00:00,0.598338962,8.584615385,0,0.0001,8.584615385,0
2017-11-20 00:00:00,0.636764884,8.423076923,0,0.0001,8.423076923,0
2017-11-21 00:00:00,0.651564777,8.261538462,0,0.0001,8.261538462,0
2017-11-22 00:00:00,0.688965082,8.1,0,0.0001,8.1,0
2017-11-23 00:00:00,0.737836659,7.992857143,0,0.0001,7.992857143,0
2017-11-24 00:00:00,0.771742642,7.885714286,0,0.0001,7.885714286,0
2017-11-25 00:00:00,0.77976501,7.778571429,0,0.0001,7.778571429,0
2017-11-26 00:00:00,0.769148946,7.671428571,0,0.0001,7.671428571,0
2017-11-27 00:00:00,0.765208244,7.564285714,0,0.0001,7.564285714,0
2017-11-28 00:00:00,0.778965056,7.457142857,0,0.0001,7.457142857,0
2017-11-29 00:00:00,0.779840708,7.35,0,0.0001,7.35,0
2017-11-30 00:00:00,0.763947785,7.242857143,0,0.0001,7.242857143,0
2017-12-01 00:00:00,0.73422879,7.135714286,0,0.0001,7.135714286,0
2017-12-02 00:00:00,0.697315693,7.028571429,0,0.0001,7.028571429,0
2017-12-03 00:00:00,0.678568065,6.921428571,0,0.0001,6.921428571,0
2017-12-04 00:00:00,0.656818807,6.814285714,0,0.0001,6.814285714,0
2017-12-05 00:00:00,0.634131789,6.707142857,0,0.0001,6.707142857,0
2017-12-06 00:00:00,0.62063843,6.6,0,0.0001,6.6,0
2017-12-07 00:00:00,0.624198198,6.485714286,0,0.0001,6.485714286,0
2017-12-08 00:00:00,0.663277864,6.371428571,0,0.0001,6.371428571,0
2017-12-09 00:00:00,0.695373774,6.257142857,0,0.0001,6.257142857,0
2017-12-10 00:00:00,0.707824171,6.142857143,0,0.0001,6.142857143,0
2017-12-11 00:00:00,0.709318399,6.028571429,0,0.0001,6.028571429,0
2017-12-12 00:00:00,0.689844668,5.914285714,0,0.0001,5.914285714,0
2017-12-13 00:00:00,0.667996705,5.8,0,0.0001,5.8,0
2017-12-14 00:00:00,0.699103177,5.685714286,0,0.0001,5.685714286,0
2017-12-15 00:00:00,0.751069725,5.571428571,0,0.0001,5.571428571,0
2017-12-16 00:00:00,0.766773343,5.457142857,0,0.0001,5.457142857,0
2017-12-17 00:00:00,0.746414423,5.342857143,0,0.0001,5.342857143,0
2017-12-18 00:00:00,0.711833179,5.228571429,0,0.0001,5.228571429,0
2017-12-19 00:00:00,0.676361918,5.114285714,0,0.0001,5.114285714,0
2017-12-20 00:00:00,0.647988737,5,0,0.0001,5,0
2017-12-21 00:00:00,0.626776576,4.947619048,0,0.0001,4.947619048,0
2017-12-22 00:00:00,0.60641849,4.895238095,0,0.0001,4.895238095,0
2017-12-23 00:00:00,0.587915182,4.842857143,0,0.0001,4.842857143,0
2017-12-24 00:00:00,0.578987479,4.79047619,0,0.0001,4.79047619,0
2017-12-25 00:00:00,0.585291266,4.738095238,0,0.0001,4.738095238,0
2017-12-26 00:00:00,0.600307941,4.685714286,0,0.0001,4.685714286,0
2017-12-27 00:00:00,0.642594457,4.633333333,0,0.0001,4.633333333,0
2017-12-28 00:00:00,0.701424897,4.580952381,0,0.0001,4.580952381,0
2017-12-29 00:00:00,0.743768275,4.528571429,0,0.0001,4.528571429,0
2017-12-30 00:00:00,0.758628368,4.476190476,0,0.0001,4.476190476,0
2017-12-31 00:00:00,0.76952666,4.423809524,0,0.0001,4.423809524,0
2018-01-01 00:00:00,0.917414665,4.371428571,0,0.0001,4.371428571,0
2018-01-02 00:00:00,1.079836726,4.319047619,0,0.0001,4.319047619,0
2018-01-03 00:00:00,1.278355002,4.266666667,0,0.0001,4.266666667,0
2018-01-04 00:00:00,1.520197988,4.214285714,0,0.0001,4.214285714,0
2018-01-05 00:00:00,1.665660501,4.161904762,0,0.0001,4.161904762,0
2018-01-06 00:00:00,1.679983854,4.10952381,0,0.0001,4.10952381,0
2018-01-07 00:00:00,1.59929347,4.057142857,0,0.0001,4.057142857,0
2018-01-08 00:00:00,1.472768903,4.004761905,0,0.0001,4.004761905,0
2018-01-09 00:00:00,1.348424792,3.952380952,0,0.0001,3.952380952,0
2018-01-10 00:00:00,1.237514853,3.9,0,0.0001,3.9,0
2018-01-11 00:00:00,1.161270142,3.90625,0,0.0001,3.90625,0
2018-01-12 00:00:00,1.083775043,3.9125,0,0.0001,3.9125,0
2018-01-13 00:00:00,1.015904188,3.91875,0,0.0001,3.91875,0
2018-01-14 00:00:00,0.948806942,3.925,0,0.0001,3.925,0
2018-01-15 00:00:00,0.888514817,3.93125,0,0.0001,3.93125,0
2018-01-16 00:00:00,0.914718568,3.9375,0,0.0001,3.9375,0
2018-01-17 00:00:00,0.94396621,3.94375,0,0.0001,3.94375,0
2018-01-18 00:00:00,0.944513619,3.95,0,0.0001,3.95,0
2018-01-19 00:00:00,0.913473964,3.95625,0,0.0001,3.95625,0
2018-01-20 00:00:00,0.876154423,3.9625,0,0.0001,3.9625,0
2018-01-21 00:00:00,0.844551802,3.96875,0,0.0001,3.96875,0
2018-01-22 00:00:00,0.80886668,3.975,0,0.0001,3.975,0
2018-01-23 00:00:00,0.772960722,3.98125,0,0.0001,3.98125,0
2018-01-24 00:00:00,0.814928234,3.9875,0,0.0001,3.9875,0
2018-01-25 00:00:00,0.870088935,3.99375,0,0.0001,3.99375,0
2018-01-26 00:00:00,0.883365214,4,0,0.0001,4,0
2018-01-27 00:00:00,0.867011607,3.9,0,0.0001,3.9,0
2018-01-28 00:00:00,0.893767953,3.8,0,0.0001,3.8,0
2018-01-29 00:00:00,0.921922624,3.7,0,0.0001,3.7,0
2018-01-30 00:00:00,0.936950266,3.6,0,0.0001,3.6,0
2018-01-31 00:00:00,0.940224469,3.5,0,0.0001,3.5,0
2018-02-01 00:00:00,0.958392024,3.4,0,0.0001,3.4,0
2018-02-02 00:00:00,0.99502492,3.3,0,0.0001,3.3,0
2018-02-03 00:00:00,0.994247079,3.2,0,0.0001,3.2,0
2018-02-04 00:00:00,0.95895189,3.1,0,0.0001,3.1,0
2018-02-05 00:00:00,0.899672449,3,0,0.0001,3,0
2018-02-06 00:00:00,0.840586543,2.9,0,0.0001,2.9,0
2018-02-07 00:00:00,0.783436477,2.876470588,0,0.0001,2.876470588,0
2018-02-08 00:00:00,0.734661281,2.852941176,0,0.0001,2.852941176,0
2018-02-09 00:00:00,0.690945864,2.829411765,0,0.0001,2.829411765,0
2018-02-10 00:00:00,0.649189174,2.805882353,0,0.0001,2.805882353,0
2018-02-11 00:00:00,0.632003486,2.782352941,0,0.0001,2.782352941,0
2018-02-12 00:00:00,0.645795405,2.758823529,0,0.0001,2.758823529,0
2018-02-13 00:00:00,0.642323792,2.735294118,0,0.0001,2.735294118,0
2018-02-14 00:00:00,0.619163334,2.711764706,0,0.0001,2.711764706,0
2018-02-15 00:00:00,0.593769252,2.688235294,0,0.0001,2.688235294,0
2018-02-16 00:00:00,0.579973459,2.664705882,0,0.0001,2.664705882,0
2018-02-17 00:00:00,0.579011619,2.641176471,0,0.0001,2.641176471,0
2018-02-18 00:00:00,0.575443149,2.617647059,0,0.0001,2.617647059,0
2018-02-19 00:00:00,0.576621294,2.594117647,0,0.0001,2.594117647,0
2018-02-20 00:00:00,0.600414693,2.570588235,0,0.0001,2.570588235,0
2018-02-21 00:00:00,0.619156897,2.547058824,0,0.0001,2.547058824,0
2018-02-22 00:00:00,0.625373006,2.523529412,0,0.0001,2.523529412,0
2018-02-23 00:00:00,0.613701284,2.5,0,0.0001,2.5,0
2018-02-24 00:00:00,0.596891165,2.484210526,0,0.0001,2.484210526,0
2018-02-25 00:00:00,0.569884241,2.468421053,0,0.0001,2.468421053,0
2018-02-26 00:00:00,0.534777343,2.452631579,0,0.0001,2.452631579,0
2018-02-27 00:00:00,0.509889185,2.436842105,0,0.0001,2.436842105,0
2018-02-28 00:00:00,0.51865226,2.421052632,0,0.0001,2.421052632,0
2018-03-01 00:00:00,0.487133652,2.405263158,0,0.0001,2.405263158,0
2018-03-02 00:00:00,0.454495668,2.389473684,0,0.0001,2.389473684,0
2018-03-03 00:00:00,0.43447572,2.373684211,0,0.0001,2.373684211,0
2018-03-04 00:00:00,0.413345456,2.357894737,0,0.0001,2.357894737,0
2018-03-05 00:00:00,0.403286755,2.342105263,0,0.0001,2.342105263,0
2018-03-06 00:00:00,0.396943152,2.326315789,0,0.0001,2.326315789,0
2018-03-07 00:00:00,0.389216959,2.310526316,0,0.0001,2.310526316,0
2018-03-08 00:00:00,0.390170664,2.294736842,0,0.0001,2.294736842,0
2018-03-09 00:00:00,0.394184589,2.278947368,0,0.0001,2.278947368,0
2018-03-10 00:00:00,0.39247933,2.263157895,0,0.0001,2.263157895,0
2018-03-11 00:00:00,0.445418447,2.247368421,0,0.0001,2.247368421,0
2018-03-12 00:00:00,0.586549282,2.231578947,0,0.0001,2.231578947,0
2018-03-13 00:00:00,0.743898094,2.215789474,0,0.0001,2.215789474,0
2018-03-14 00:00:00,0.838447094,2.2,0,0.0001,2.2,0
2018-03-15 00:00:00,0.871678233,2.309756098,0,0.0001,2.309756098,0
2018-03-16 00:00:00,0.83900553,2.419512195,0,0.0001,2.419512195,0
2018-03-17 00:00:00,0.783892632,2.529268293,0,0.0001,2.529268293,0
2018-03-18 00:00:00,0.727991104,2.63902439,0,0.0001,2.63902439,0
2018-03-19 00:00:00,0.675517023,2.748780488,0,0.0001,2.748780488,0
2018-03-20 00:00:00,0.632561445,2.858536585,0,0.0001,2.858536585,0
2018-03-21 00:00:00,0.59746629,2.968292683,0,0.0001,2.968292683,0
2018-03-22 00:00:00,0.596284568,3.07804878,0,0.0001,3.07804878,0
2018-03-23 00:00:00,0.586607933,3.187804878,0,0.0001,3.187804878,0
2018-03-24 00:00:00,0.574958742,3.297560976,0,0.0001,3.297560976,0
2018-03-25 00:00:00,0.560868621,3.407317073,0,0.0001,3.407317073,0
2018-03-26 00:00:00,0.550410211,3.517073171,0,0.0001,3.517073171,0
2018-03-27 00:00:00,0.544537485,3.626829268,0,0.0001,3.626829268,0
2018-03-28 00:00:00,0.528334081,3.736585366,0,0.0001,3.736585366,0
2018-03-29 00:00:00,0.503935337,3.846341463,0,0.0001,3.846341463,0
2018-03-30 00:00:00,0.481843293,3.956097561,0,0.0001,3.956097561,0
2018-03-31 00:00:00,0.459658295,4.065853659,0,0.0001,4.065853659,0
2018-04-01 00:00:00,0.444987595,4.175609756,0,0.0001,4.175609756,0
2018-04-02 00:00:00,0.435744315,4.285365854,0,0.0001,4.285365854,0
2018-04-03 00:00:00,0.451878965,4.395121951,0,0.0001,4.395121951,0
2018-04-04 00:00:00,0.46869573,4.504878049,0,0.0001,4.504878049,0
2018-04-05 00:00:00,0.502701461,4.614634146,0,0.0001,4.614634146,0
2018-04-06 00:00:00,0.515710652,4.724390244,0,0.0001,4.724390244,0
2018-04-07 00:00:00,0.516644061,4.834146341,0,0.0001,4.834146341,0
2018-04-08 00:00:00,0.508274496,4.943902439,0,0.0001,4.943902439,0
2018-04-09 00:00:00,0.498936146,5.053658537,0,0.0001,5.053658537,0
2018-04-10 00:00:00,0.490141153,5.163414634,0,0.0001,5.163414634,0
2018-04-11 00:00:00,0.473221868,5.273170732,0,0.0001,5.273170732,0
2018-04-12 00:00:00,0.456442922,5.382926829,0,0.0001,5.382926829,0
2018-04-13 00:00:00,0.443074554,5.492682927,0,0.0001,5.492682927,0
2018-04-14 00:00:00,0.430178314,5.602439024,0,0.0001,5.602439024,0
2018-04-15 00:00:00,0.419092476,5.712195122,0,0.0001,5.712195122,0
2018-04-16 00:00:00,0.407845318,5.82195122,0,0.0001,5.82195122,0
2018-04-17 00:00:00,0.395721972,5.931707317,0,0.0001,5.931707317,0
2018-04-18 00:00:00,0.382764697,6.041463415,0,0.0001,6.041463415,0
2018-04-19 00:00:00,0.369799376,6.151219512,0,0.0001,6.151219512,0
2018-04-20 00:00:00,0.350847334,6.26097561,0,0.0001,6.26097561,0
2018-04-21 00:00:00,0.334082752,6.370731707,0,0.0001,6.370731707,0
2018-04-22 00:00:00,0.319851518,6.480487805,0,0.0001,6.480487805,0
2018-04-23 00:00:00,0.302363038,6.590243902,0,0.0001,6.590243902,0
2018-04-24 00:00:00,0.293448776,6.7,0,0.0001,6.7,0
2018-04-25 00:00:00,0.287824601,7.404761905,0,0.0001,7.404761905,0
2018-04-26 00:00:00,0.279353887,8.10952381,0,0.0001,8.10952381,0
2018-04-27 00:00:00,0.269479334,8.814285714,0,0.0001,8.814285714,0
2018-04-28 00:00:00,0.267258704,9.519047619,0,0.0001,9.519047619,0
2018-04-29 00:00:00,0.262583435,10.22380952,0,0.0001,10.22380952,0
2018-04-30 00:00:00,0.306147933,10.92857143,0,0.0001,10.92857143,0
2018-05-01 00:00:00,0.402712822,11.63333333,0,0.0001,11.63333333,0
2018-05-02 00:00:00,0.439010382,12.33809524,0,0.0001,12.33809524,0
2018-05-03 00:00:00,0.441860259,13.04285714,0,0.0001,13.04285714,0
2018-05-04 00:00:00,0.42679745,13.74761905,0,0.0001,13.74761905,0
2018-05-05 00:00:00,0.404954791,14.45238095,0,0.0001,14.45238095,0
2018-05-06 00:00:00,0.383294851,15.15714286,0,0.0001,15.15714286,0
2018-05-07 00:00:00,0.363278002,15.86190476,0,0.0001,15.86190476,0
2018-05-08 00:00:00,0.346622139,16.56666667,0,0.0001,16.56666667,0
2018-05-09 00:00:00,0.329048693,17.27142857,0,0.0001,17.27142857,0
2018-05-10 00:00:00,0.310907066,17.97619048,0,0.0001,17.97619048,0
2018-05-11 00:00:00,0.292172581,18.68095238,0,0.0001,18.68095238,0
2018-05-12 00:00:00,0.28093183,19.38571429,0,0.0001,19.38571429,0
2018-05-13 00:00:00,0.269125909,20.09047619,0,0.0001,20.09047619,0
2018-05-14 00:00:00,0.256734818,20.7952381,0,0.0001,20.7952381,0
2018-05-15 00:00:00,0.246305883,21.5,0,0.0001,21.5,0
2018-05-16 00:00:00,0.233735919,21.47142857,0,0.0001,21.47142857,0
2018-05-17 00:00:00,0.222024664,21.44285714,0,0.0001,21.44285714,0
2018-05-18 00:00:00,0.212411672,21.41428571,0,0.0001,21.41428571,0
2018-05-19 00:00:00,0.206451058,21.38571429,0,0.0001,21.38571429,0
2018-05-20 00:00:00,0.199420691,21.35714286,0,0.0001,21.35714286,0
2018-05-21 00:00:00,0.193023369,21.32857143,0,0.0001,21.32857143,0
2018-05-22 00:00:00,0.184729591,21.3,0,0.0001,21.3,0
2018-05-23 00:00:00,0.177901298,21.27142857,0,0.0001,21.27142857,0
2018-05-24 00:00:00,0.171649978,21.24285714,0,0.0001,21.24285714,0
2018-05-25 00:00:00,0.163083702,21.21428571,0,0.0001,21.21428571,0
2018-05-26 00:00:00,0.156471133,21.18571429,0,0.0001,21.18571429,0
2018-05-27 00:00:00,0.151213601,21.15714286,0,0.0001,21.15714286,0
2018-05-28 00:00:00,0.145362481,21.12857143,0,0.0001,21.12857143,0
2018-05-29 00:00:00,0.143359169,21.1,0,0.0001,21.1,0
2018-05-30 00:00:00,0.138868555,21.07142857,0,0.0001,21.07142857,0
2018-05-31 00:00:00,0.132220954,21.04285714,0,0.0001,21.04285714,0
2018-06-01 00:00:00,0.125202641,21.01428571,0,0.0001,21.01428571,0
2018-06-02 00:00:00,0.120026372,20.98571429,0,0.0001,20.98571429,0
2018-06-03 00:00:00,0.114168085,20.95714286,0,0.0001,20.95714286,0
2018-06-04 00:00:00,0.10571675,20.92857143,0,0.0001,20.92857143,0
2018-06-05 00:00:00,0.102081344,20.9,0,0.0001,20.9,0
2018-06-06 00:00:00,0.096267402,20.87142857,0,0.0001,20.87142857,0
2018-06-07 00:00:00,0.091784239,20.84285714,0,0.0001,20.84285714,0
2018-06-08 00:00:00,0.088609375,20.81428571,0,0.0001,20.81428571,0
2018-06-09 00:00:00,0.085299462,20.78571429,0,0.0001,20.78571429,0
2018-06-10 00:00:00,0.089040399,20.75714286,0,0.0001,20.75714286,0
2018-06-11 00:00:00,0.0873041,20.72857143,0,0.0001,20.72857143,0
2018-06-12 00:00:00,0.081481092,20.7,0,0.0001,20.7,0
2018-06-13 00:00:00,0.076506205,20.73333333,0,0.0001,20.73333333,0
2018-06-14 00:00:00,0.073699102,20.76666667,0,0.0001,20.76666667,0
2018-06-15 00:00:00,0.075481601,20.8,0,0.0001,20.8,0
2018-06-16 00:00:00,0.085967034,20.83333333,0,0.0001,20.83333333,0
2018-06-17 00:00:00,0.107953422,20.86666667,0,0.0001,20.86666667,0
2018-06-18 00:00:00,0.109330066,20.9,0,0.0001,20.9,0
2018-06-19 00:00:00,0.1065147,20.93333333,0,0.0001,20.93333333,0
2018-06-20 00:00:00,0.104116112,20.96666667,0,0.0001,20.96666667,0
2018-06-21 00:00:00,0.101470836,21,0,0.0001,21,0
2018-06-22 00:00:00,0.094424546,21.03333333,0,0.0001,21.03333333,0
2018-06-23 00:00:00,0.089151703,21.06666667,0,0.0001,21.06666667,0
2018-06-24 00:00:00,0.087312378,21.1,0,0.0001,21.1,0
2018-06-25 00:00:00,0.087729774,21.13333333,0,0.0001,21.13333333,0
2018-06-26 00:00:00,0.091150925,21.16666667,0,0.0001,21.16666667,0
2018-06-27 00:00:00,0.09248329,21.2,0,0.0001,21.2,0
2018-06-28 00:00:00,0.088441588,21.23333333,0,0.0001,21.23333333,0
2018-06-29 00:00:00,0.084489241,21.26666667,0,0.0001,21.26666667,0
2018-06-30 00:00:00,0.079425171,21.3,0,0.0001,21.3,0
2018-07-01 00:00:00,0.075045668,21.33333333,0,0.0001,21.33333333,0
2018-07-02 00:00:00,0.070431352,21.36666667,0,0.0001,21.36666667,0
2018-07-03 00:00:00,0.065116398,21.4,0,0.0001,21.4,0
2018-07-04 00:00:00,0.062053557,21.53181818,0,0.0001,21.53181818,0
2018-07-05 00:00:00,0.057987485,21.66363636,0,0.0001,21.66363636,0
2018-07-06 00:00:00,0.051046994,21.79545455,0,0.0001,21.79545455,0
2018-07-07 00:00:00,0.045651767,21.92727273,0,0.0001,21.92727273,0
2018-07-08 00:00:00,0.044055514,22.05909091,0,0.0001,22.05909091,0
2018-07-09 00:00:00,0.038988162,22.19090909,0,0.0001,22.19090909,0
2018-07-10 00:00:00,0.039365008,22.32272727,0,0.0001,22.32272727,0
2018-07-11 00:00:00,0.040299222,22.45454545,0,0.0001,22.45454545,0
2018-07-12 00:00:00,0.040458195,22.58636364,0,0.0001,22.58636364,0
2018-07-13 00:00:00,0.0383467,22.71818182,0,0.0001,22.71818182,0
2018-07-14 00:00:00,0.034875352,22.85,0,0.0001,22.85,0
2018-07-15 00:00:00,0.033681434,22.98181818,0,0.0001,22.98181818,0
2018-07-16 00:00:00,0.034679897,23.11363636,0,0.0001,23.11363636,0
2018-07-17 00:00:00,0.034592476,23.24545455,0,0.0001,23.24545455,0
2018-07-18 00:00:00,0.032771487,23.37727273,0,0.0001,23.37727273,0
2018-07-19 00:00:00,0.030224478,23.50909091,0,0.0001,23.50909091,0
2018-07-20 00:00:00,0.02753113,23.64090909,0,0.0001,23.64090909,0
2018-07-21 00:00:00,0.025619034,23.77272727,0,0.0001,23.77272727,0
2018-07-22 00:00:00,0.024507422,23.90454545,0,0.0001,23.90454545,0
2018-07-23 00:00:00,0.022990704,24.03636364,0,0.0001,24.03636364,0
2018-07-24 00:00:00,0.024237644,24.16818182,0,0.0001,24.16818182,0
2018-07-25 00:00:00,0.024128547,24.3,0,0.0001,24.3,0
2018-07-26 00:00:00,0.024121569,24.21428571,0,0.0001,24.21428571,0
2018-07-27 00:00:00,0.023852484,24.12857143,0,0.0001,24.12857143,0
2018-07-28 00:00:00,0.025680348,24.04285714,0,0.0001,24.04285714,0
2018-07-29 00:00:00,0.032870274,23.95714286,0,0.0001,23.95714286,0
2018-07-30 00:00:00,0.03165077,23.87142857,0,0.0001,23.87142857,0
2018-07-31 00:00:00,0.032002278,23.78571429,0,0.0001,23.78571429,0
2018-08-01 00:00:00,0.030051336,23.7,0,0.0001,23.7,0
2018-08-02 00:00:00,0.028246518,23.61428571,0,0.0001,23.61428571,0
2018-08-03 00:00:00,0.026609607,23.52857143,0,0.0001,23.52857143,0
2018-08-04 00:00:00,0.023548074,23.44285714,0,0.0001,23.44285714,0
2018-08-05 00:00:00,0.018516218,23.35714286,0,0.0001,23.35714286,0
2018-08-06 00:00:00,0.016695105,23.27142857,0,0.0001,23.27142857,0
2018-08-07 00:00:00,0.017812692,23.18571429,0,0.0001,23.18571429,0
2018-08-08 00:00:00,0.017476533,23.1,0,0.0001,23.1,0
2018-08-09 00:00:00,0.019832596,23.01428571,0,0.0001,23.01428571,0
2018-08-10 00:00:00,0.022816768,22.92857143,0,0.0001,22.92857143,0
2018-08-11 00:00:00,0.025256984,22.84285714,0,0.0001,22.84285714,0
2018-08-12 00:00:00,0.03188394,22.75714286,0,0.0001,22.75714286,0
2018-08-13 00:00:00,0.061246827,22.67142857,0,0.0001,22.67142857,0
2018-08-14 00:00:00,0.09659119,22.58571429,0,0.0001,22.58571429,0
2018-08-15 00:00:00,0.105381802,22.5,0,0.0001,22.5,0
2018-08-16 00:00:00,0.107624561,22.41428571,0,0.0001,22.41428571,0
2018-08-17 00:00:00,0.10638468,22.32857143,0,0.0001,22.32857143,0
2018-08-18 00:00:00,0.103537939,22.24285714,0,0.0001,22.24285714,0
2018-08-19 00:00:00,0.103457108,22.15714286,0,0.0001,22.15714286,0
2018-08-20 00:00:00,0.103178509,22.07142857,0,0.0001,22.07142857,0
2018-08-21 00:00:00,0.098714724,21.98571429,0,0.0001,21.98571429,0
2018-08-22 00:00:00,0.09576951,21.9,0,0.0001,21.9,0
2018-08-23 00:00:00,0.094642535,21.81428571,0,0.0001,21.81428571,0
2018-08-24 00:00:00,0.100844972,21.72857143,0,0.0001,21.72857143,0
2018-08-25 00:00:00,0.100403138,21.64285714,0,0.0001,21.64285714,0
2018-08-26 00:00:00,0.098197497,21.55714286,0,0.0001,21.55714286,0
2018-08-27 00:00:00,0.101782344,21.47142857,0,0.0001,21.47142857,0
2018-08-28 00:00:00,0.102751598,21.38571429,0,0.0001,21.38571429,0
2018-08-29 00:00:00,0.101824909,21.3,0,0.0001,21.3,0
2018-08-30 00:00:00,0.10287372,21.21428571,0,0.0001,21.21428571,0
2018-08-31 00:00:00,0.101303041,21.12857143,0,0.0001,21.12857143,0
2018-09-01 00:00:00,0.098239653,21.04285714,0,0.0001,21.04285714,0
2018-09-02 00:00:00,0.09673515,20.95714286,0,0.0001,20.95714286,0
2018-09-03 00:00:00,0.095470034,20.87142857,0,0.0001,20.87142857,0
2018-09-04 00:00:00,0.09375602,20.78571429,0,0.0001,20.78571429,0
2018-09-05 00:00:00,0.091849409,20.7,0,0.0001,20.7,0
2018-09-06 00:00:00,0.091120347,20.44705882,0,0.0001,20.44705882,0
2018-09-07 00:00:00,0.174183175,20.19411765,0,0.0001,20.19411765,0
2018-09-08 00:00:00,0.238600418,19.94117647,0,0.0001,19.94117647,0
2018-09-09 00:00:00,0.251289397,19.68823529,0,0.0001,19.68823529,0
2018-09-10 00:00:00,0.242334962,19.43529412,0,0.0001,19.43529412,0
2018-09-11 00:00:00,0.243786126,19.18235294,0,0.0001,19.18235294,0
2018-09-12 00:00:00,0.24365811,18.92941176,0,0.0001,18.92941176,0
2018-09-13 00:00:00,0.23327218,18.67647059,0,0.0001,18.67647059,0
2018-09-14 00:00:00,0.220826328,18.42352941,0,0.0001,18.42352941,0
2018-09-15 00:00:00,0.210534513,18.17058824,0,0.0001,18.17058824,0
2018-09-16 00:00:00,0.198516741,17.91764706,0,0.0001,17.91764706,0
2018-09-17 00:00:00,0.188933372,17.66470588,0,0.0001,17.66470588,0
2018-09-18 00:00:00,0.180133954,17.41176471,0,0.0001,17.41176471,0
2018-09-19 00:00:00,0.171292394,17.15882353,0,0.0001,17.15882353,0
2018-09-20 00:00:00,0.164628372,16.90588235,0,0.0001,16.90588235,0
2018-09-21 00:00:00,0.15968968,16.65294118,0,0.0001,16.65294118,0
2018-09-22 00:00:00,0.152711123,16.4,0,0.0001,16.4,0
2018-09-23 00:00:00,0.144722283,16.14705882,0,0.0001,16.14705882,0
2018-09-24 00:00:00,0.132727727,15.89411765,0,0.0001,15.89411765,0
2018-09-25 00:00:00,0.12347775,15.64117647,0,0.0001,15.64117647,0
2018-09-26 00:00:00,0.118290141,15.38823529,0,0.0001,15.38823529,0
2018-09-27 00:00:00,0.117378451,15.13529412,0,0.0001,15.13529412,0
2018-09-28 00:00:00,0.112311549,14.88235294,0,0.0001,14.88235294,0
2018-09-29 00:00:00,0.107356325,14.62941176,0,0.0001,14.62941176,0
2018-09-30 00:00:00,0.10307721,14.37647059,0,0.0001,14.37647059,0
2018-10-01 00:00:00,0.10128554,14.12352941,0,0.0001,14.12352941,0
2018-10-02 00:00:00,0.10015367,13.87058824,0,0.0001,13.87058824,0
2018-10-03 00:00:00,0.096937671,13.61764706,0,0.0001,13.61764706,0
2018-10-04 00:00:00,0.095720701,13.36470588,0,0.0001,13.36470588,0
2018-10-05 00:00:00,0.09784089,13.11176471,0,0.0001,13.11176471,0
2018-10-06 00:00:00,0.098519959,12.85882353,0,0.0001,12.85882353,0
2018-10-07 00:00:00,0.100513309,12.60588235,0,0.0001,12.60588235,0
2018-10-08 00:00:00,0.097257137,12.35294118,0,0.0001,12.35294118,0
2018-10-09 00:00:00,0.095556974,12.1,0,0.0001,12.1,0
2018-10-10 00:00:00,0.096267417,12,0,0.0001,12,0
2018-10-11 00:00:00,0.09775953,11.9,0,0.0001,11.9,0
2018-10-12 00:00:00,0.09651529,11.8,0,0.0001,11.8,0
2018-10-13 00:00:00,0.096153632,11.7,0,0.0001,11.7,0
2018-10-14 00:00:00,0.096675128,11.6,0,0.0001,11.6,0
2018-10-15 00:00:00,0.095557496,11.5,0,0.0001,11.5,0
2018-10-16 00:00:00,0.095109306,11.4,0,0.0001,11.4,0
2018-10-17 00:00:00,0.094505563,11.3,0,0.0001,11.3,0
2018-10-18 00:00:00,0.093486123,11.2,0,0.0001,11.2,0
2018-10-19 00:00:00,0.091695525,11.1,0,0.0001,11.1,0
2018-10-20 00:00:00,0.090000965,11,0,0.0001,11,0
2018-10-21 00:00:00,0.088656217,10.9,0,0.0001,10.9,0
2018-10-22 00:00:00,0.087137699,10.8,0,0.0001,10.8,0
2018-10-23 00:00:00,0.102625318,10.7,0,0.0001,10.7,0
2018-10-24 00:00:00,0.105341241,10.6,0,0.0001,10.6,0
2018-10-25 00:00:00,0.104310706,10.5,0,0.0001,10.5,0
2018-10-26 00:00:00,0.107897572,10.4,0,0.0001,10.4,0
2018-10-27 00:00:00,0.110031113,10.3,0,0.0001,10.3,0
2018-10-28 00:00:00,0.109398164,10.2,0,0.0001,10.2,0
2018-10-29 00:00:00,0.117837682,10.1,0,0.0001,10.1,0
2018-10-30 00:00:00,0.132790834,10,0,0.0001,10,0
2018-10-31 00:00:00,0.141528323,9.9,0,0.0001,9.9,0
2018-11-01 00:00:00,0.142614588,9.8,0,0.0001,9.8,0
2018-11-02 00:00:00,0.141832456,9.7,0,0.0001,9.7,0
2018-11-03 00:00:00,0.139492974,9.6,0,0.0001,9.6,0
2018-11-04 00:00:00,0.13722159,9.5,0,0.0001,9.5,0
2018-11-05 00:00:00,0.135869592,9.4,0,0.0001,9.4,0
2018-11-06 00:00:00,0.134600952,9.3,0,0.0001,9.3,0
2018-11-07 00:00:00,0.133287326,9.17826087,0,0.0001,9.17826087,0
2018-11-08 00:00:00,0.131530181,9.056521739,0,0.0001,9.056521739,0
2018-11-09 00:00:00,0.131135613,8.934782609,0,0.0001,8.934782609,0
2018-11-10 00:00:00,0.132566765,8.813043478,0,0.0001,8.813043478,0
2018-11-11 00:00:00,0.139244601,8.691304348,0,0.0001,8.691304348,0
2018-11-12 00:00:00,0.143096387,8.569565217,0,0.0001,8.569565217,0
2018-11-13 00:00:00,0.148541436,8.447826087,0,0.0001,8.447826087,0
2018-11-14 00:00:00,0.153165609,8.326086957,0,0.0001,8.326086957,0
2018-11-15 00:00:00,0.156964675,8.204347826,0,0.0001,8.204347826,0
2018-11-16 00:00:00,0.155758753,8.082608696,0,0.0001,8.082608696,0
2018-11-17 00:00:00,0.154136285,7.960869565,0,0.0001,7.960869565,0
2018-11-18 00:00:00,0.151534319,7.839130435,0,0.0001,7.839130435,0
2018-11-19 00:00:00,0.148323312,7.717391304,0,0.0001,7.717391304,0
2018-11-20 00:00:00,0.148781523,7.595652174,0,0.0001,7.595652174,0
2018-11-21 00:00:00,0.140131965,7.473913043,0,0.0001,7.473913043,0
2018-11-22 00:00:00,0.134409308,7.352173913,0,0.0001,7.352173913,0
2018-11-23 00:00:00,0.130909964,7.230434783,0,0.0001,7.230434783,0
2018-11-24 00:00:00,0.128316015,7.108695652,0,0.0001,7.108695652,0
2018-11-25 00:00:00,0.128141284,6.986956522,0,0.0001,6.986956522,0
2018-11-26 00:00:00,0.12750648,6.865217391,0,0.0001,6.865217391,0
2018-11-27 00:00:00,0.124903724,6.743478261,0,0.0001,6.743478261,0
2018-11-28 00:00:00,0.122376062,6.62173913,0,0.0001,6.62173913,0
2018-11-29 00:00:00,0.125937268,6.5,0,0.0001,6.5,0
2018-11-30 00:00:00,0.136084035,6.457142857,0,0.0001,6.457142857,0
2018-12-01 00:00:00,0.1426505,6.414285714,0,0.0001,6.414285714,0
2018-12-02 00:00:00,0.154575065,6.371428571,0,0.0001,6.371428571,0
2018-12-03 00:00:00,0.174917772,6.328571429,0,0.0001,6.328571429,0
2018-12-04 00:00:00,0.184179649,6.285714286,0,0.0001,6.285714286,0
2018-12-05 00:00:00,0.186135948,6.242857143,0,0.0001,6.242857143,0
2018-12-06 00:00:00,0.19451201,6.2,0,0.0001,6.2,0
2018-12-07 00:00:00,0.210502118,6.109090909,0,0.0001,6.109090909,0
2018-12-08 00:00:00,0.248845533,6.018181818,0,0.0001,6.018181818,0
2018-12-09 00:00:00,0.291766584,5.927272727,0,0.0001,5.927272727,0
2018-12-10 00:00:00,0.313180089,5.836363636,0,0.0001,5.836363636,0
2018-12-11 00:00:00,0.318469733,5.745454545,0,0.0001,5.745454545,0
2018-12-12 00:00:00,0.31149435,5.654545455,0,0.0001,5.654545455,0
2018-12-13 00:00:00,0.300449848,5.563636364,0,0.0001,5.563636364,0
2018-12-14 00:00:00,0.295012087,5.472727273,0,0.0001,5.472727273,0
2018-12-15 00:00:00,0.291073233,5.381818182,0,0.0001,5.381818182,0
2018-12-16 00:00:00,0.280677766,5.290909091,0,0.0001,5.290909091,0
2018-12-17 00:00:00,0.272414684,5.2,0,0.0001,5.2,0
2018-12-18 00:00:00,0.263249815,5.172222222,0,0.0001,5.172222222,0
2018-12-19 00:00:00,0.255207002,5.144444444,0,0.0001,5.144444444,0
2018-12-20 00:00:00,0.250746399,5.116666667,0,0.0001,5.116666667,0
2018-12-21 00:00:00,0.260734737,5.088888889,0,0.0001,5.088888889,0
2018-12-22 00:00:00,0.305167377,5.061111111,0,0.0001,5.061111111,0
2018-12-23 00:00:00,0.351479203,5.033333333,0,0.0001,5.033333333,0
2018-12-24 00:00:00,0.385120809,5.005555556,0,0.0001,5.005555556,0
2018-12-25 00:00:00,0.399221212,4.977777778,0,0.0001,4.977777778,0
2018-12-26 00:00:00,0.399690062,4.95,0,0.0001,4.95,0
2018-12-27 00:00:00,0.390851885,4.922222222,0,0.0001,4.922222222,0
2018-12-28 00:00:00,0.377499133,4.894444444,0,0.0001,4.894444444,0
2018-12-29 00:00:00,0.367509216,4.866666667,0,0.0001,4.866666667,0
2018-12-30 00:00:00,0.368071109,4.838888889,0,0.0001,4.838888889,0
2018-12-31 00:00:00,0.367039531,4.811111111,0,0.0001,4.811111111,0
2019-01-01 00:00:00,0.415721595,4.783333333,0,0.0001,4.783333333,0
2019-01-02 00:00:00,0.409361064,4.755555556,0,0.0001,4.755555556,0
2019-01-03 00:00:00,0.399564892,4.727777778,0,0.0001,4.727777778,0
2019-01-04 00:00:00,0.388132364,4.7,0,0.0001,4.7,0
2019-01-05 00:00:00,0.381469339,4.658333333,0,0.0001,4.658333333,0
2019-01-06 00:00:00,0.372346282,4.616666667,0,0.0001,4.616666667,0
2019-01-07 00:00:00,0.36581257,4.575,0,0.0001,4.575,0
2019-01-08 00:00:00,0.378165513,4.533333333,0,0.0001,4.533333333,0
2019-01-09 00:00:00,0.378502518,4.491666667,0,0.0001,4.491666667,0
2019-01-10 00:00:00,0.37619549,4.45,0,0.0001,4.45,0
2019-01-11 00:00:00,0.372992665,4.408333333,0,0.0001,4.408333333,0
2019-01-12 00:00:00,0.372525722,4.366666667,0,0.0001,4.366666667,0
2019-01-13 00:00:00,0.381768703,4.325,0,0.0001,4.325,0
2019-01-14 00:00:00,0.383646846,4.283333333,0,0.0001,4.283333333,0
2019-01-15 00:00:00,0.384613961,4.241666667,0,0.0001,4.241666667,0
2019-01-16 00:00:00,0.393369555,4.2,0,0.0001,4.2,0
2019-01-17 00:00:00,0.418482542,4.075,0,0.0001,4.075,0
2019-01-18 00:00:00,0.438261479,3.95,0,0.0001,3.95,0
2019-01-19 00:00:00,0.446064651,3.825,0,0.0001,3.825,0
2019-01-20 00:00:00,0.442725271,3.7,0,0.0001,3.7,0
2019-01-21 00:00:00,0.432196409,3.575,0,0.0001,3.575,0
2019-01-22 00:00:00,0.421237797,3.45,0,0.0001,3.45,0
2019-01-23 00:00:00,0.411140829,3.325,0,0.0001,3.325,0
2019-01-24 00:00:00,0.398194969,3.2,0,0.0001,3.2,0
2019-01-25 00:00:00,0.384135991,3.075,0,0.0001,3.075,0
2019-01-26 00:00:00,0.379052907,2.95,0,0.0001,2.95,0
2019-01-27 00:00:00,0.397176892,2.825,0,0.0001,2.825,0
2019-01-28 00:00:00,0.431028962,2.7,0,0.0001,2.7,0
2019-01-29 00:00:00,0.455311149,2.575,0,0.0001,2.575,0
2019-01-30 00:00:00,0.464879572,2.45,0,0.0001,2.45,0
2019-01-31 00:00:00,0.464921474,2.325,0,0.0001,2.325,0
2019-02-01 00:00:00,0.459088981,2.2,0,0.0001,2.2,0
2019-02-02 00:00:00,0.449872106,2.268421053,0,0.0001,2.268421053,0
2019-02-03 00:00:00,0.439291447,2.336842105,0,0.0001,2.336842105,0
2019-02-04 00:00:00,0.4323515,2.405263158,0,0.0001,2.405263158,0
2019-02-05 00:00:00,0.447083563,2.473684211,0,0.0001,2.473684211,0
2019-02-06 00:00:00,0.472540528,2.542105263,0,0.0001,2.542105263,0
2019-02-07 00:00:00,0.508176923,2.610526316,0,0.0001,2.610526316,0
2019-02-08 00:00:00,0.562883139,2.678947368,0,0.0001,2.678947368,0
2019-02-09 00:00:00,0.698505819,2.747368421,0,0.0001,2.747368421,0
2019-02-10 00:00:00,0.821290195,2.815789474,0,0.0001,2.815789474,0
2019-02-11 00:00:00,0.910399973,2.884210526,0,0.0001,2.884210526,0
2019-02-12 00:00:00,0.94555527,2.952631579,0,0.0001,2.952631579,0
2019-02-13 00:00:00,0.940956712,3.021052632,0,0.0001,3.021052632,0
2019-02-14 00:00:00,0.912765384,3.089473684,0,0.0001,3.089473684,0
2019-02-15 00:00:00,0.872670114,3.157894737,0,0.0001,3.157894737,0
2019-02-16 00:00:00,0.829156041,3.226315789,0,0.0001,3.226315789,0
2019-02-17 00:00:00,0.78778708,3.294736842,0,0.0001,3.294736842,0
2019-02-18 00:00:00,0.748928368,3.363157895,0,0.0001,3.363157895,0
2019-02-19 00:00:00,0.71265769,3.431578947,0,0.0001,3.431578947,0
2019-02-20 00:00:00,0.681865036,3.5,0,0.0001,3.5,0
2019-02-21 00:00:00,0.65699929,3.56,0,0.0001,3.56,0
2019-02-22 00:00:00,0.626472831,3.62,0,0.0001,3.62,0
2019-02-23 00:00:00,0.594528079,3.68,0,0.0001,3.68,0
2019-02-24 00:00:00,0.566414893,3.74,0,0.0001,3.74,0
2019-02-25 00:00:00,0.541278899,3.8,0,0.0001,3.8,0
2019-02-26 00:00:00,0.519263864,3.86,0,0.0001,3.86,0
2019-02-27 00:00:00,0.49725166,3.92,0,0.0001,3.92,0
2019-02-28 00:00:00,0.477708369,3.98,0,0.0001,3.98,0
2019-03-01 00:00:00,0.45957619,4.04,0,0.0001,4.04,0
2019-03-02 00:00:00,0.44153136,4.1,0,0.0001,4.1,0
2019-03-03 00:00:00,0.431138545,4.16,0,0.0001,4.16,0
2019-03-04 00:00:00,0.443942189,4.22,0,0.0001,4.22,0
2019-03-05 00:00:00,0.477333307,4.28,0,0.0001,4.28,0
2019-03-06 00:00:00,0.509953797,4.34,0,0.0001,4.34,0
2019-03-07 00:00:00,0.581154764,4.4,0,0.0001,4.4,0
2019-03-08 00:00:00,0.64963448,4.425,0,0.0001,4.425,0
2019-03-09 00:00:00,0.714059055,4.45,0,0.0001,4.45,0
2019-03-10 00:00:00,0.780139267,4.475,0,0.0001,4.475,0
2019-03-11 00:00:00,0.810784459,4.5,0,0.0001,4.5,0
2019-03-12 00:00:00,0.822870433,4.525,0,0.0001,4.525,0
2019-03-13 00:00:00,0.890313029,4.55,0,0.0001,4.55,0
2019-03-14 00:00:00,0.961800277,4.575,0,0.0001,4.575,0
2019-03-15 00:00:00,1.046869278,4.6,0,0.0001,4.6,0
2019-03-16 00:00:00,1.170139313,4.625,0,0.0001,4.625,0
2019-03-17 00:00:00,1.325924039,4.65,0,0.0001,4.65,0
2019-03-18 00:00:00,1.441598773,4.675,0,0.0001,4.675,0
2019-03-19 00:00:00,1.477039814,4.7,0,0.0001,4.7,0
2019-03-20 00:00:00,1.453747392,4.88,0,0.0001,4.88,0
2019-03-21 00:00:00,1.399739742,5.06,0,0.0001,5.06,0
2019-03-22 00:00:00,1.331873655,5.24,0,0.0001,5.24,0
2019-03-23 00:00:00,1.256734133,5.42,0,0.0001,5.42,0
2019-03-24 00:00:00,1.179748654,5.6,0,0.0001,5.6,0
2019-03-25 00:00:00,1.122424006,5.78,0,0.0001,5.78,0
2019-03-26 00:00:00,1.051234007,5.96,0,0.0001,5.96,0
2019-03-27 00:00:00,0.984410465,6.14,0,0.0001,6.14,0
2019-03-28 00:00:00,0.921612263,6.32,0,0.0001,6.32,0
2019-03-29 00:00:00,0.861069441,6.5,0,0.0001,6.5,0
2019-03-30 00:00:00,0.807866454,6.68,0,0.0001,6.68,0
2019-03-31 00:00:00,0.760050476,6.86,0,0.0001,6.86,0
2019-04-01 00:00:00,0.717459857,7.04,0,0.0001,7.04,0
2019-04-02 00:00:00,0.678406417,7.22,0,0.0001,7.22,0
2019-04-03 00:00:00,0.647202432,7.4,0,0.0001,7.4,0
2019-04-04 00:00:00,0.619958043,7.472413793,0,0.0001,7.472413793,0
2019-04-05 00:00:00,0.590145588,7.544827586,0,0.0001,7.544827586,0
2019-04-06 00:00:00,0.562127769,7.617241379,0,0.0001,7.617241379,0
2019-04-07 00:00:00,0.536893666,7.689655172,0,0.0001,7.689655172,0
2019-04-08 00:00:00,0.512315929,7.762068966,0,0.0001,7.762068966,0
2019-04-09 00:00:00,0.488187075,7.834482759,0,0.0001,7.834482759,0
2019-04-10 00:00:00,0.464831412,7.906896552,0,0.0001,7.906896552,0
2019-04-11 00:00:00,0.445348769,7.979310345,0,0.0001,7.979310345,0
2019-04-12 00:00:00,0.428048968,8.051724138,0,0.0001,8.051724138,0
2019-04-13 00:00:00,0.411985785,8.124137931,0,0.0001,8.124137931,0
2019-04-14 00:00:00,0.396805346,8.196551724,0,0.0001,8.196551724,0
2019-04-15 00:00:00,0.385106534,8.268965517,0,0.0001,8.268965517,0
2019-04-16 00:00:00,0.375262052,8.34137931,0,0.0001,8.34137931,0
2019-04-17 00:00:00,0.365926921,8.413793103,0,0.0001,8.413793103,0
2019-04-18 00:00:00,0.357008785,8.486206897,0,0.0001,8.486206897,0
2019-04-19 00:00:00,0.347327411,8.55862069,0,0.0001,8.55862069,0
2019-04-20 00:00:00,0.337276727,8.631034483,0,0.0001,8.631034483,0
2019-04-21 00:00:00,0.328876108,8.703448276,0,0.0001,8.703448276,0
2019-04-22 00:00:00,0.318235904,8.775862069,0,0.0001,8.775862069,0
2019-04-23 00:00:00,0.30462724,8.848275862,0,0.0001,8.848275862,0
2019-04-24 00:00:00,0.292951763,8.920689655,0,0.0001,8.920689655,0
2019-04-25 00:00:00,0.283446908,8.993103448,0,0.0001,8.993103448,0
2019-04-26 00:00:00,0.280714691,9.065517241,0,0.0001,9.065517241,0
2019-04-27 00:00:00,0.287100524,9.137931034,0,0.0001,9.137931034,0
2019-04-28 00:00:00,0.28439334,9.210344828,0,0.0001,9.210344828,0
2019-04-29 00:00:00,0.278543621,9.282758621,0,0.0001,9.282758621,0
2019-04-30 00:00:00,0.269077867,9.355172414,0,0.0001,9.355172414,0
2019-05-01 00:00:00,0.257340103,9.427586207,0,0.0001,9.427586207,0
2019-05-02 00:00:00,0.246561721,9.5,0,0.0001,9.5,0
2019-05-03 00:00:00,0.242120281,9.640740741,0,0.0001,9.640740741,0
2019-05-04 00:00:00,0.242754161,9.781481481,0,0.0001,9.781481481,0
2019-05-05 00:00:00,0.235838294,9.922222222,0,0.0001,9.922222222,0
2019-05-06 00:00:00,0.232616484,10.06296296,0,0.0001,10.06296296,0
2019-05-07 00:00:00,0.228624851,10.2037037,0,0.0001,10.2037037,0
2019-05-08 00:00:00,0.226223201,10.34444444,0,0.0001,10.34444444,0
2019-05-09 00:00:00,0.24234347,10.48518519,0,0.0001,10.48518519,0
2019-05-10 00:00:00,0.25534901,10.62592593,0,0.0001,10.62592593,0
2019-05-11 00:00:00,0.253460556,10.76666667,0,0.0001,10.76666667,0
2019-05-12 00:00:00,0.246260092,10.90740741,0,0.0001,10.90740741,0
2019-05-13 00:00:00,0.237405777,11.04814815,0,0.0001,11.04814815,0
2019-05-14 00:00:00,0.233379871,11.18888889,0,0.0001,11.18888889,0
2019-05-15 00:00:00,0.227785558,11.32962963,0,0.0001,11.32962963,0
2019-05-16 00:00:00,0.222183332,11.47037037,0,0.0001,11.47037037,0
2019-05-17 00:00:00,0.23289676,11.61111111,0,0.0001,11.61111111,0
2019-05-18 00:00:00,0.244193703,11.75185185,0,0.0001,11.75185185,0
2019-05-19 00:00:00,0.244523242,11.89259259,0,0.0001,11.89259259,0
2019-05-20 00:00:00,0.242221981,12.03333333,0,0.0001,12.03333333,0
2019-05-21 00:00:00,0.24282518,12.17407407,0,0.0001,12.17407407,0
2019-05-22 00:00:00,0.245065257,12.31481481,0,0.0001,12.31481481,0
2019-05-23 00:00:00,0.240981609,12.45555556,0,0.0001,12.45555556,0
2019-05-24 00:00:00,0.238544688,12.5962963,0,0.0001,12.5962963,0
2019-05-25 00:00:00,0.23140642,12.73703704,0,0.0001,12.73703704,0
2019-05-26 00:00:00,0.227409288,12.87777778,0,0.0001,12.87777778,0
2019-05-27 00:00:00,0.229158044,13.01851852,0,0.0001,13.01851852,0
2019-05-28 00:00:00,0.221637294,13.15925926,0,0.0001,13.15925926,0
2019-05-29 00:00:00,0.213480592,13.3,0,0.0001,13.3,0
2019-05-30 00:00:00,0.213277236,13.45294118,0,0.0001,13.45294118,0
2019-05-31 00:00:00,0.216554999,13.60588235,0,0.0001,13.60588235,0
2019-06-01 00:00:00,0.211850002,13.75882353,0,0.0001,13.75882353,0
2019-06-02 00:00:00,0.209052369,13.91176471,0,0.0001,13.91176471,0
2019-06-03 00:00:00,0.203734219,14.06470588,0,0.0001,14.06470588,0
2019-06-04 00:00:00,0.200702012,14.21764706,0,0.0001,14.21764706,0
2019-06-05 00:00:00,0.197771564,14.37058824,0,0.0001,14.37058824,0
2019-06-06 00:00:00,0.195692509,14.52352941,0,0.0001,14.52352941,0
2019-06-07 00:00:00,0.191902369,14.67647059,0,0.0001,14.67647059,0
2019-06-08 00:00:00,0.184961379,14.82941176,0,0.0001,14.82941176,0
2019-06-09 00:00:00,0.178676561,14.98235294,0,0.0001,14.98235294,0
2019-06-10 00:00:00,0.175216869,15.13529412,0,0.0001,15.13529412,0
2019-06-11 00:00:00,0.172672749,15.28823529,0,0.0001,15.28823529,0
2019-06-12 00:00:00,0.183214128,15.44117647,0,0.0001,15.44117647,0
2019-06-13 00:00:00,0.206680715,15.59411765,0,0.0001,15.59411765,0
2019-06-14 00:00:00,0.214633897,15.74705882,0,0.0001,15.74705882,0
2019-06-15 00:00:00,0.231162831,15.9,0,0.0001,15.9,0
2019-06-16 00:00:00,0.232761666,16.05294118,0,0.0001,16.05294118,0
2019-06-17 00:00:00,0.227399975,16.20588235,0,0.0001,16.20588235,0
2019-06-18 00:00:00,0.222997844,16.35882353,0,0.0001,16.35882353,0
2019-06-19 00:00:00,0.220052227,16.51176471,0,0.0001,16.51176471,0
2019-06-20 00:00:00,0.212944716,16.66470588,0,0.0001,16.66470588,0
2019-06-21 00:00:00,0.207269281,16.81764706,0,0.0001,16.81764706,0
2019-06-22 00:00:00,0.200553954,16.97058824,0,0.0001,16.97058824,0
2019-06-23 00:00:00,0.193246037,17.12352941,0,0.0001,17.12352941,0
2019-06-24 00:00:00,0.185775012,17.27647059,0,0.0001,17.27647059,0
2019-06-25 00:00:00,0.180083424,17.42941176,0,0.0001,17.42941176,0
2019-06-26 00:00:00,0.17260097,17.58235294,0,0.0001,17.58235294,0
2019-06-27 00:00:00,0.159628302,17.73529412,0,0.0001,17.73529412,0
2019-06-28 00:00:00,0.15257223,17.88823529,0,0.0001,17.88823529,0
2019-06-29 00:00:00,0.145584002,18.04117647,0,0.0001,18.04117647,0
2019-06-30 00:00:00,0.140150815,18.19411765,0,0.0001,18.19411765,0
2019-07-01 00:00:00,0.132641912,18.34705882,0,0.0001,18.34705882,0
2019-07-02 00:00:00,0.122899666,18.5,0,0.0001,18.5,0
2019-07-03 00:00:00,0.115008414,18.54761905,0,0.0001,18.54761905,0
2019-07-04 00:00:00,0.111188322,18.5952381,0,0.0001,18.5952381,0
2019-07-05 00:00:00,0.110491782,18.64285714,0,0.0001,18.64285714,0
2019-07-06 00:00:00,0.112695955,18.69047619,0,0.0001,18.69047619,0
2019-07-07 00:00:00,0.109734856,18.73809524,0,0.0001,18.73809524,0
2019-07-08 00:00:00,0.106782727,18.78571429,0,0.0001,18.78571429,0
2019-07-09 00:00:00,0.104092598,18.83333333,0,0.0001,18.83333333,0
2019-07-10 00:00:00,0.101804413,18.88095238,0,0.0001,18.88095238,0
2019-07-11 00:00:00,0.102196321,18.92857143,0,0.0001,18.92857143,0
2019-07-12 00:00:00,0.105794415,18.97619048,0,0.0001,18.97619048,0
2019-07-13 00:00:00,0.105043247,19.02380952,0,0.0001,19.02380952,0
2019-07-14 00:00:00,0.103497706,19.07142857,0,0.0001,19.07142857,0
2019-07-15 00:00:00,0.10042537,19.11904762,0,0.0001,19.11904762,0
2019-07-16 00:00:00,0.099293821,19.16666667,0,0.0001,19.16666667,0
2019-07-17 00:00:00,0.097753726,19.21428571,0,0.0001,19.21428571,0
2019-07-18 00:00:00,0.097348116,19.26190476,0,0.0001,19.26190476,0
2019-07-19 00:00:00,0.099307753,19.30952381,0,0.0001,19.30952381,0
2019-07-20 00:00:00,0.101817049,19.35714286,0,0.0001,19.35714286,0
2019-07-21 00:00:00,0.101224244,19.4047619,0,0.0001,19.4047619,0
2019-07-22 00:00:00,0.103612095,19.45238095,0,0.0001,19.45238095,0
2019-07-23 00:00:00,0.107215539,19.5,0,0.0001,19.5,0
2019-07-24 00:00:00,0.110771537,19.57714286,0,0.0001,19.57714286,0
2019-07-25 00:00:00,0.111568846,19.65428571,0,0.0001,19.65428571,0
2019-07-26 00:00:00,0.111292347,19.73142857,0,0.0001,19.73142857,0
2019-07-27 00:00:00,0.111618958,19.80857143,0,0.0001,19.80857143,0
2019-07-28 00:00:00,0.107283391,19.88571429,0,0.0001,19.88571429,0
2019-07-29 00:00:00,0.106204957,19.96285714,0,0.0001,19.96285714,0
2019-07-30 00:00:00,0.128959343,20.04,0,0.0001,20.04,0
2019-07-31 00:00:00,0.187229767,20.11714286,0,0.0001,20.11714286,0
2019-08-01 00:00:00,0.201451957,20.19428571,0,0.0001,20.19428571,0
2019-08-02 00:00:00,0.197423235,20.27142857,0,0.0001,20.27142857,0
2019-08-03 00:00:00,0.193144768,20.34857143,0,0.0001,20.34857143,0
2019-08-04 00:00:00,0.187529132,20.42571429,0,0.0001,20.42571429,0
2019-08-05 00:00:00,0.191773415,20.50285714,0,0.0001,20.50285714,0
2019-08-06 00:00:00,0.207408488,20.58,0,0.0001,20.58,0
2019-08-07 00:00:00,0.204421476,20.65714286,0,0.0001,20.65714286,0
2019-08-08 00:00:00,0.207954332,20.73428571,0,0.0001,20.73428571,0
2019-08-09 00:00:00,0.212035537,20.81142857,0,0.0001,20.81142857,0
2019-08-10 00:00:00,0.248007834,20.88857143,0,0.0001,20.88857143,0
2019-08-11 00:00:00,0.27942422,20.96571429,0,0.0001,20.96571429,0
2019-08-12 00:00:00,0.291123003,21.04285714,0,0.0001,21.04285714,0
2019-08-13 00:00:00,0.288443923,21.12,0,0.0001,21.12,0
2019-08-14 00:00:00,0.282347351,21.19714286,0,0.0001,21.19714286,0
2019-08-15 00:00:00,0.27913329,21.27428571,0,0.0001,21.27428571,0
2019-08-16 00:00:00,0.275878072,21.35142857,0,0.0001,21.35142857,0
2019-08-17 00:00:00,0.276860356,21.42857143,0,0.0001,21.42857143,0
2019-08-18 00:00:00,0.278988779,21.50571429,0,0.0001,21.50571429,0
2019-08-19 00:00:00,0.279770851,21.58285714,0,0.0001,21.58285714,0
2019-08-20 00:00:00,0.27240175,21.66,0,0.0001,21.66,0
2019-08-21 00:00:00,0.263698101,21.73714286,0,0.0001,21.73714286,0
2019-08-22 00:00:00,0.252916396,21.81428571,0,0.0001,21.81428571,0
2019-08-23 00:00:00,0.243742153,21.89142857,0,0.0001,21.89142857,0
2019-08-24 00:00:00,0.237604558,21.96857143,0,0.0001,21.96857143,0
2019-08-25 00:00:00,0.229678005,22.04571429,0,0.0001,22.04571429,0
2019-08-26 00:00:00,0.221511826,22.12285714,0,0.0001,22.12285714,0
2019-08-27 00:00:00,0.218993545,22.2,0,0.0001,22.2,0
2019-08-28 00:00:00,0.231125385,21.94642857,0,0.0001,21.94642857,0
2019-08-29 00:00:00,0.223566875,21.69285714,0,0.0001,21.69285714,0
2019-08-30 00:00:00,0.214454487,21.43928571,0,0.0001,21.43928571,0
2019-08-31 00:00:00,0.20575127,21.18571429,0,0.0001,21.18571429,0
2019-09-01 00:00:00,0.205094367,20.93214286,0,0.0001,20.93214286,0
2019-09-02 00:00:00,0.194646701,20.67857143,0,0.0001,20.67857143,0
2019-09-03 00:00:00,0.189264715,20.425,0,0.0001,20.425,0
2019-09-04 00:00:00,0.188017875,20.17142857,0,0.0001,20.17142857,0
2019-09-05 00:00:00,0.192692176,19.91785714,0,0.0001,19.91785714,0
2019-09-06 00:00:00,0.197695509,19.66428571,0,0.0001,19.66428571,0
2019-09-07 00:00:00,0.209825248,19.41071429,0,0.0001,19.41071429,0
2019-09-08 00:00:00,0.213718146,19.15714286,0,0.0001,19.15714286,0
2019-09-09 00:00:00,0.221485287,18.90357143,0,0.0001,18.90357143,0
2019-09-10 00:00:00,0.277800083,18.65,0,0.0001,18.65,0
2019-09-11 00:00:00,0.333575457,18.39642857,0,0.0001,18.39642857,0
2019-09-12 00:00:00,0.383840263,18.14285714,0,0.0001,18.14285714,0
2019-09-13 00:00:00,0.420063466,17.88928571,0,0.0001,17.88928571,0
2019-09-14 00:00:00,0.429134488,17.63571429,0,0.0001,17.63571429,0
2019-09-15 00:00:00,0.425459415,17.38214286,0,0.0001,17.38214286,0
2019-09-16 00:00:00,0.409115732,17.12857143,0,0.0001,17.12857143,0
2019-09-17 00:00:00,0.392368227,16.875,0,0.0001,16.875,0
2019-09-18 00:00:00,0.370286494,16.62142857,0,0.0001,16.62142857,0
2019-09-19 00:00:00,0.346776783,16.36785714,0,0.0001,16.36785714,0
2019-09-20 00:00:00,0.325263023,16.11428571,0,0.0001,16.11428571,0
2019-09-21 00:00:00,0.307405174,15.86071429,0,0.0001,15.86071429,0
2019-09-22 00:00:00,0.293662012,15.60714286,0,0.0001,15.60714286,0
2019-09-23 00:00:00,0.283906668,15.35357143,0,0.0001,15.35357143,0
2019-09-24 00:00:00,0.269221395,15.1,0,0.0001,15.1,0
2019-09-25 00:00:00,0.258982599,14.98571429,0,0.0001,14.98571429,0
2019-09-26 00:00:00,0.250166208,14.87142857,0,0.0001,14.87142857,0
2019-09-27 00:00:00,0.280275822,14.75714286,0,0.0001,14.75714286,0
2019-09-28 00:00:00,0.314293325,14.64285714,0,0.0001,14.64285714,0
2019-09-29 00:00:00,0.371515095,14.52857143,0,0.0001,14.52857143,0
2019-09-30 00:00:00,0.423664123,14.41428571,0,0.0001,14.41428571,0
2019-10-01 00:00:00,0.448607266,14.3,0,0.0001,14.3,0
2019-10-02 00:00:00,0.456106126,14.18571429,0,0.0001,14.18571429,0
2019-10-03 00:00:00,0.451339811,14.07142857,0,0.0001,14.07142857,0
2019-10-04 00:00:00,0.4465442,13.95714286,0,0.0001,13.95714286,0
2019-10-05 00:00:00,0.440800965,13.84285714,0,0.0001,13.84285714,0
2019-10-06 00:00:00,0.421677977,13.72857143,0,0.0001,13.72857143,0
2019-10-07 00:00:00,0.399784684,13.61428571,0,0.0001,13.61428571,0
2019-10-08 00:00:00,0.389786631,13.5,0,0.0001,13.5,0
2019-10-09 00:00:00,0.384134322,13.38571429,0,0.0001,13.38571429,0
2019-10-10 00:00:00,0.381863475,13.27142857,0,0.0001,13.27142857,0
2019-10-11 00:00:00,0.415776402,13.15714286,0,0.0001,13.15714286,0
2019-10-12 00:00:00,0.467975289,13.04285714,0,0.0001,13.04285714,0
2019-10-13 00:00:00,0.519806862,12.92857143,0,0.0001,12.92857143,0
2019-10-14 00:00:00,0.612617254,12.81428571,0,0.0001,12.81428571,0
2019-10-15 00:00:00,0.671379745,12.7,0,0.0001,12.7,0
2019-10-16 00:00:00,0.73030746,12.58571429,0,0.0001,12.58571429,0
2019-10-17 00:00:00,0.791900039,12.47142857,0,0.0001,12.47142857,0
2019-10-18 00:00:00,0.844359994,12.35714286,0,0.0001,12.35714286,0
2019-10-19 00:00:00,0.907419026,12.24285714,0,0.0001,12.24285714,0
2019-10-20 00:00:00,0.994272053,12.12857143,0,0.0001,12.12857143,0
2019-10-21 00:00:00,1.053221583,12.01428571,0,0.0001,12.01428571,0
2019-10-22 00:00:00,1.089451909,11.9,0,0.0001,11.9,0
2019-10-23 00:00:00,1.08663559,11.775,0,0.0001,11.775,0
2019-10-24 00:00:00,1.068231106,11.65,0,0.0001,11.65,0
2019-10-25 00:00:00,1.035341024,11.525,0,0.0001,11.525,0
2019-10-26 00:00:00,1.070059538,11.4,0,0.0001,11.4,0
2019-10-27 00:00:00,1.215670705,11.275,0,0.0001,11.275,0
2019-10-28 00:00:00,1.316985846,11.15,0,0.0001,11.15,0
2019-10-29 00:00:00,1.352470875,11.025,0,0.0001,11.025,0
2019-10-30 00:00:00,1.33218646,10.9,0,0.0001,10.9,0
2019-10-31 00:00:00,1.2803303,10.775,0,0.0001,10.775,0
2019-11-01 00:00:00,1.213740706,10.65,0,0.0001,10.65,0
2019-11-02 00:00:00,1.16019702,10.525,0,0.0001,10.525,0
2019-11-03 00:00:00,1.150462627,10.4,0,0.0001,10.4,0
2019-11-04 00:00:00,1.175013423,10.275,0,0.0001,10.275,0
2019-11-05 00:00:00,1.199525356,10.15,0,0.0001,10.15,0
2019-11-06 00:00:00,1.193215966,10.025,0,0.0001,10.025,0
2019-11-07 00:00:00,1.162925124,9.9,0,0.0001,9.9,0
2019-11-08 00:00:00,1.143123388,9.775,0,0.0001,9.775,0
2019-11-09 00:00:00,1.120796204,9.65,0,0.0001,9.65,0
2019-11-10 00:00:00,1.097519755,9.525,0,0.0001,9.525,0
2019-11-11 00:00:00,1.063225269,9.4,0,0.0001,9.4,0
2019-11-12 00:00:00,1.022194982,9.275,0,0.0001,9.275,0
2019-11-13 00:00:00,0.976003468,9.15,0,0.0001,9.15,0
2019-11-14 00:00:00,0.926823676,9.025,0,0.0001,9.025,0
2019-11-15 00:00:00,0.879901171,8.9,0,0.0001,8.9,0
2019-11-16 00:00:00,0.866017282,8.775,0,0.0001,8.775,0
2019-11-17 00:00:00,0.92436558,8.65,0,0.0001,8.65,0
2019-11-18 00:00:00,0.974849105,8.525,0,0.0001,8.525,0
2019-11-19 00:00:00,1.004849195,8.4,0,0.0001,8.4,0
2019-11-20 00:00:00,1.006650329,8.327586207,0,0.0001,8.327586207,0
2019-11-21 00:00:00,1.002526522,8.255172414,0,0.0001,8.255172414,0
2019-11-22 00:00:00,1.002951503,8.182758621,0,0.0001,8.182758621,0
2019-11-23 00:00:00,1.003720045,8.110344828,0,0.0001,8.110344828,0
2019-11-24 00:00:00,0.989466429,8.037931034,0,0.0001,8.037931034,0
2019-11-25 00:00:00,0.958931327,7.965517241,0,0.0001,7.965517241,0
2019-11-26 00:00:00,0.929395497,7.893103448,0,0.0001,7.893103448,0
2019-11-27 00:00:00,0.906710088,7.820689655,0,0.0001,7.820689655,0
2019-11-28 00:00:00,0.948990166,7.748275862,0,0.0001,7.748275862,0
2019-11-29 00:00:00,0.999939442,7.675862069,0,0.0001,7.675862069,0
2019-11-30 00:00:00,1.01964438,7.603448276,0,0.0001,7.603448276,0
2019-12-01 00:00:00,1.006443143,7.531034483,0,0.0001,7.531034483,0
2019-12-02 00:00:00,0.97100687,7.45862069,0,0.0001,7.45862069,0
2019-12-03 00:00:00,0.926261604,7.386206897,0,0.0001,7.386206897,0
2019-12-04 00:00:00,0.886649787,7.313793103,0,0.0001,7.313793103,0
2019-12-05 00:00:00,0.847976565,7.24137931,0,0.0001,7.24137931,0
2019-12-06 00:00:00,0.838679075,7.168965517,0,0.0001,7.168965517,0
2019-12-07 00:00:00,0.837855518,7.096551724,0,0.0001,7.096551724,0
2019-12-08 00:00:00,0.85158056,7.024137931,0,0.0001,7.024137931,0
2019-12-09 00:00:00,0.90573585,6.951724138,0,0.0001,6.951724138,0
2019-12-10 00:00:00,0.944936812,6.879310345,0,0.0001,6.879310345,0
2019-12-11 00:00:00,0.96619904,6.806896552,0,0.0001,6.806896552,0
2019-12-12 00:00:00,0.965619028,6.734482759,0,0.0001,6.734482759,0
2019-12-13 00:00:00,0.946975648,6.662068966,0,0.0001,6.662068966,0
2019-12-14 00:00:00,0.924969375,6.589655172,0,0.0001,6.589655172,0
2019-12-15 00:00:00,0.946668625,6.517241379,0,0.0001,6.517241379,0
2019-12-16 00:00:00,0.977232158,6.444827586,0,0.0001,6.444827586,0
2019-12-17 00:00:00,1.012775421,6.372413793,0,0.0001,6.372413793,0
2019-12-18 00:00:00,1.075841427,6.3,0,0.0001,6.3,0
2019-12-19 00:00:00,1.106389403,6.268965517,0,0.0001,6.268965517,0
2019-12-20 00:00:00,1.110177755,6.237931034,0,0.0001,6.237931034,0
2019-12-21 00:00:00,1.12390399,6.206896552,0,0.0001,6.206896552,0
2019-12-22 00:00:00,1.118499517,6.175862069,0,0.0001,6.175862069,0
2019-12-23 00:00:00,1.096261859,6.144827586,0,0.0001,6.144827586,0
2019-12-24 00:00:00,1.06388104,6.113793103,0,0.0001,6.113793103,0
2019-12-25 00:00:00,1.023747921,6.082758621,0,0.0001,6.082758621,0
2019-12-26 00:00:00,0.979031026,6.051724138,0,0.0001,6.051724138,0
2019-12-27 00:00:00,0.932183921,6.020689655,0,0.0001,6.020689655,0
2019-12-28 00:00:00,0.883356154,5.989655172,0,0.0001,5.989655172,0
2019-12-29 00:00:00,0.836903393,5.95862069,0,0.0001,5.95862069,0
2019-12-30 00:00:00,0.798309684,5.927586207,0,0.0001,5.927586207,0
2019-12-31 00:00:00,0.764228106,5.896551724,0,0.0001,5.896551724,0
2020-01-01 00:00:00,0.727801383,5.865517241,0,0.0001,5.865517241,0
2020-01-02 00:00:00,0.693501532,5.834482759,0,0.0001,5.834482759,0
2020-01-03 00:00:00,0.670341372,5.803448276,0,0.0001,5.803448276,0
2020-01-04 00:00:00,0.656331539,5.772413793,0,0.0001,5.772413793,0
2020-01-05 00:00:00,0.641300261,5.74137931,0,0.0001,5.74137931,0
2020-01-06 00:00:00,0.625212669,5.710344828,0,0.0001,5.710344828,0
2020-01-07 00:00:00,0.610180616,5.679310345,0,0.0001,5.679310345,0
2020-01-08 00:00:00,0.600611567,5.648275862,0,0.0001,5.648275862,0
2020-01-09 00:00:00,0.614442348,5.617241379,0,0.0001,5.617241379,0
2020-01-10 00:00:00,0.671617985,5.586206897,0,0.0001,5.586206897,0
2020-01-11 00:00:00,0.706848681,5.555172414,0,0.0001,5.555172414,0
2020-01-12 00:00:00,0.763196886,5.524137931,0,0.0001,5.524137931,0
2020-01-13 00:00:00,0.819358706,5.493103448,0,0.0001,5.493103448,0
2020-01-14 00:00:00,0.882277012,5.462068966,0,0.0001,5.462068966,0
2020-01-15 00:00:00,0.986002743,5.431034483,0,0.0001,5.431034483,0
2020-01-16 00:00:00,1.074340343,5.4,0,0.0001,5.4,0
2020-01-17 00:00:00,1.111152768,5.383333333,0,0.0001,5.383333333,0
2020-01-18 00:00:00,1.112482905,5.366666667,0,0.0001,5.366666667,0
2020-01-19 00:00:00,1.08610785,5.35,0,0.0001,5.35,0
2020-01-20 00:00:00,1.038973927,5.333333333,0,0.0001,5.333333333,0
2020-01-21 00:00:00,0.99064064,5.316666667,0,0.0001,5.316666667,0
2020-01-22 00:00:00,0.940802634,5.3,0,0.0001,5.3,0
2020-01-23 00:00:00,0.888307631,5.283333333,0,0.0001,5.283333333,0
2020-01-24 00:00:00,0.842063546,5.266666667,0,0.0001,5.266666667,0
2020-01-25 00:00:00,0.79817313,5.25,0,0.0001,5.25,0
2020-01-26 00:00:00,0.755482197,5.233333333,0,0.0001,5.233333333,0
2020-01-27 00:00:00,0.716029167,5.216666667,0,0.0001,5.216666667,0
2020-01-28 00:00:00,0.688742697,5.2,0,0.0001,5.2,0
2020-01-29 00:00:00,0.659558177,5.170588235,0,0.0001,5.170588235,0
2020-01-30 00:00:00,0.649962187,5.141176471,0,0.0001,5.141176471,0
2020-01-31 00:00:00,0.676584661,5.111764706,0,0.0001,5.111764706,0
2020-02-01 00:00:00,0.702236533,5.082352941,0,0.0001,5.082352941,0
2020-02-02 00:00:00,0.712386787,5.052941176,0,0.0001,5.052941176,0
2020-02-03 00:00:00,0.702793002,5.023529412,0,0.0001,5.023529412,0
2020-02-04 00:00:00,0.687421203,4.994117647,0,0.0001,4.994117647,0
2020-02-05 00:00:00,0.659239054,4.964705882,0,0.0001,4.964705882,0
2020-02-06 00:00:00,0.628893375,4.935294118,0,0.0001,4.935294118,0
2020-02-07 00:00:00,0.597532451,4.905882353,0,0.0001,4.905882353,0
2020-02-08 00:00:00,0.565975666,4.876470588,0,0.0001,4.876470588,0
2020-02-09 00:00:00,0.585998535,4.847058824,0,0.0001,4.847058824,0
2020-02-10 00:00:00,0.742792368,4.817647059,0,0.0001,4.817647059,0
2020-02-11 00:00:00,0.949250221,4.788235294,0,0.0001,4.788235294,0
2020-02-12 00:00:00,1.183888316,4.758823529,0,0.0001,4.758823529,0
2020-02-13 00:00:00,1.349702597,4.729411765,0,0.0001,4.729411765,0
2020-02-14 00:00:00,1.410938501,4.7,0,0.0001,4.7,0
2020-02-15 00:00:00,1.421792984,4.708333333,0,0.0001,4.708333333,0
2020-02-16 00:00:00,1.543397903,4.716666667,0,0.0001,4.716666667,0
2020-02-17 00:00:00,1.794979811,4.725,0,0.0001,4.725,0
2020-02-18 00:00:00,1.933389783,4.733333333,0,0.0001,4.733333333,0
2020-02-19 00:00:00,2.007633209,4.741666667,0,0.0001,4.741666667,0
2020-02-20 00:00:00,2.021395445,4.75,0,0.0001,4.75,0
2020-02-21 00:00:00,2.089917421,4.758333333,0,0.0001,4.758333333,0
2020-02-22 00:00:00,2.182442665,4.766666667,0,0.0001,4.766666667,0
2020-02-23 00:00:00,2.303619146,4.775,0,0.0001,4.775,0
2020-02-24 00:00:00,2.313655138,4.783333333,0,0.0001,4.783333333,0
2020-02-25 00:00:00,2.337507963,4.791666667,0,0.0001,4.791666667,0
2020-02-26 00:00:00,2.383918762,4.8,0,0.0001,4.8,0
2020-02-27 00:00:00,2.335932732,4.813333333,0,0.0001,4.813333333,0
2020-02-28 00:00:00,2.243113518,4.826666667,0,0.0001,4.826666667,0
2020-02-29 00:00:00,2.150025368,4.84,0,0.0001,4.84,0
2020-03-01 00:00:00,2.126813889,4.853333333,0,0.0001,4.853333333,0
2020-03-02 00:00:00,2.091083288,4.866666667,0,0.0001,4.866666667,0
2020-03-03 00:00:00,2.031795025,4.88,0,0.0001,4.88,0
2020-03-04 00:00:00,1.960583806,4.893333333,0,0.0001,4.893333333,0
2020-03-05 00:00:00,1.867090583,4.906666667,0,0.0001,4.906666667,0
2020-03-06 00:00:00,1.778293729,4.92,0,0.0001,4.92,0
2020-03-07 00:00:00,1.673567772,4.933333333,0,0.0001,4.933333333,0
2020-03-08 00:00:00,1.575552225,4.946666667,0,0.0001,4.946666667,0
2020-03-09 00:00:00,1.498171449,4.96,0,0.0001,4.96,0
2020-03-10 00:00:00,1.428458929,4.973333333,0,0.0001,4.973333333,0
2020-03-11 00:00:00,1.382122159,4.986666667,0,0.0001,4.986666667,0
2020-03-12 00:00:00,1.337732792,5,0,0.0001,5,0
2020-03-13 00:00:00,1.316116571,5.071428571,0,0.0001,5.071428571,0
2020-03-14 00:00:00,1.274220109,5.142857143,0,0.0001,5.142857143,0
2020-03-15 00:00:00,1.224463224,5.214285714,0,0.0001,5.214285714,0
2020-03-16 00:00:00,1.181951404,5.285714286,0,0.0001,5.285714286,0
2020-03-17 00:00:00,1.126838088,5.357142857,0,0.0001,5.357142857,0
2020-03-18 00:00:00,1.08534348,5.428571429,0,0.0001,5.428571429,0
2020-03-19 00:00:00,1.037459493,5.5,0,0.0001,5.5,0
2020-03-20 00:00:00,0.985757649,5.571428571,0,0.0001,5.571428571,0
2020-03-21 00:00:00,0.93307656,5.642857143,0,0.0001,5.642857143,0
2020-03-22 00:00:00,0.87952143,5.714285714,0,0.0001,5.714285714,0
2020-03-23 00:00:00,0.828849912,5.785714286,0,0.0001,5.785714286,0
2020-03-24 00:00:00,0.782904744,5.857142857,0,0.0001,5.857142857,0
2020-03-25 00:00:00,0.742194295,5.928571429,0,0.0001,5.928571429,0
2020-03-26 00:00:00,0.705673397,6,0,0.0001,6,0
2020-03-27 00:00:00,0.672822356,6.047619048,0,0.0001,6.047619048,0
2020-03-28 00:00:00,0.641352832,6.095238095,0,0.0001,6.095238095,0
2020-03-29 00:00:00,0.609236658,6.142857143,0,0.0001,6.142857143,0
2020-03-30 00:00:00,0.580721915,6.19047619,0,0.0001,6.19047619,0
2020-03-31 00:00:00,0.554006875,6.238095238,0,0.0001,6.238095238,0
2020-04-01 00:00:00,0.534826458,6.285714286,0,0.0001,6.285714286,0
2020-04-02 00:00:00,0.523488283,6.333333333,0,0.0001,6.333333333,0
2020-04-03 00:00:00,0.516028225,6.380952381,0,0.0001,6.380952381,0
2020-04-04 00:00:00,0.506664753,6.428571429,0,0.0001,6.428571429,0
2020-04-05 00:00:00,0.498423517,6.476190476,0,0.0001,6.476190476,0
2020-04-06 00:00:00,0.488392264,6.523809524,0,0.0001,6.523809524,0
2020-04-07 00:00:00,0.479256958,6.571428571,0,0.0001,6.571428571,0
2020-04-08 00:00:00,0.471391141,6.619047619,0,0.0001,6.619047619,0
2020-04-09 00:00:00,0.463633567,6.666666667,0,0.0001,6.666666667,0
2020-04-10 00:00:00,0.455770671,6.714285714,0,0.0001,6.714285714,0
2020-04-11 00:00:00,0.450276077,6.761904762,0,0.0001,6.761904762,0
2020-04-12 00:00:00,0.446854562,6.80952381,0,0.0001,6.80952381,0
2020-04-13 00:00:00,0.439158112,6.857142857,0,0.0001,6.857142857,0
2020-04-14 00:00:00,0.43187201,6.904761905,0,0.0001,6.904761905,0
2020-04-15 00:00:00,0.424650252,6.952380952,0,0.0001,6.952380952,0
2020-04-16 00:00:00,0.42035073,7,0,0.0001,7,0
2020-04-17 00:00:00,0.412240148,7.165,0,0.0001,7.165,0
2020-04-18 00:00:00,0.401471645,7.33,0,0.0001,7.33,0
2020-04-19 00:00:00,0.389604539,7.495,0,0.0001,7.495,0
2020-04-20 00:00:00,0.375481576,7.66,0,0.0001,7.66,0
2020-04-21 00:00:00,0.359334677,7.825,0,0.0001,7.825,0
2020-04-22 00:00:00,0.343879789,7.99,0,0.0001,7.99,0
2020-04-23 00:00:00,0.327898353,8.155,0,0.0001,8.155,0
2020-04-24 00:00:00,0.313153177,8.32,0,0.0001,8.32,0
2020-04-25 00:00:00,0.30104357,8.485,0,0.0001,8.485,0
2020-04-26 00:00:00,0.290199608,8.65,0,0.0001,8.65,0
2020-04-27 00:00:00,0.287908137,8.815,0,0.0001,8.815,0
2020-04-28 00:00:00,0.292043567,8.98,0,0.0001,8.98,0
2020-04-29 00:00:00,0.28739807,9.145,0,0.0001,9.145,0
2020-04-30 00:00:00,0.299993962,9.31,0,0.0001,9.31,0
2020-05-01 00:00:00,0.3163625,9.475,0,0.0001,9.475,0
2020-05-02 00:00:00,0.322739333,9.64,0,0.0001,9.64,0
2020-05-03 00:00:00,0.326539725,9.805,0,0.0001,9.805,0
2020-05-04 00:00:00,0.318174154,9.97,0,0.0001,9.97,0
2020-05-05 00:00:00,0.30703795,10.135,0,0.0001,10.135,0
2020-05-06 00:00:00,0.293682128,10.3,0,0.0001,10.3,0
2020-05-07 00:00:00,0.284052849,10.56521739,0,0.0001,10.56521739,0
2020-05-08 00:00:00,0.276374102,10.83043478,0,0.0001,10.83043478,0
2020-05-09 00:00:00,0.271033913,11.09565217,0,0.0001,11.09565217,0
2020-05-10 00:00:00,0.26558125,11.36086957,0,0.0001,11.36086957,0
2020-05-11 00:00:00,0.257074863,11.62608696,0,0.0001,11.62608696,0
2020-05-12 00:00:00,0.2476179,11.89130435,0,0.0001,11.89130435,0
2020-05-13 00:00:00,0.242720515,12.15652174,0,0.0001,12.15652174,0
2020-05-14 00:00:00,0.234124705,12.42173913,0,0.0001,12.42173913,0
2020-05-15 00:00:00,0.227393344,12.68695652,0,0.0001,12.68695652,0
2020-05-16 00:00:00,0.226975948,12.95217391,0,0.0001,12.95217391,0
2020-05-17 00:00:00,0.229723558,13.2173913,0,0.0001,13.2173913,0
2020-05-18 00:00:00,0.232160822,13.4826087,0,0.0001,13.4826087,0
2020-05-19 00:00:00,0.233493879,13.74782609,0,0.0001,13.74782609,0
2020-05-20 00:00:00,0.228847697,14.01304348,0,0.0001,14.01304348,0
2020-05-21 00:00:00,0.224641934,14.27826087,0,0.0001,14.27826087,0
2020-05-22 00:00:00,0.230200276,14.54347826,0,0.0001,14.54347826,0
2020-05-23 00:00:00,0.247317433,14.80869565,0,0.0001,14.80869565,0
2020-05-24 00:00:00,0.24777697,15.07391304,0,0.0001,15.07391304,0
2020-05-25 00:00:00,0.246474892,15.33913043,0,0.0001,15.33913043,0
2020-05-26 00:00:00,0.246115535,15.60434783,0,0.0001,15.60434783,0
2020-05-27 00:00:00,0.241845801,15.86956522,0,0.0001,15.86956522,0
2020-05-28 00:00:00,0.235775158,16.13478261,0,0.0001,16.13478261,0
2020-05-29 00:00:00,0.231766254,16.4,0,0.0001,16.4,0
2020-05-30 00:00:00,0.225512281,16.7,0,0.0001,16.7,0
2020-05-31 00:00:00,0.218223795,17,0,0.0001,17,0
2020-06-01 00:00:00,0.211481437,17.3,0,0.0001,17.3,0
2020-06-02 00:00:00,0.204350144,17.6,0,0.0001,17.6,0
2020-06-03 00:00:00,0.199722618,17.9,0,0.0001,17.9,0
2020-06-04 00:00:00,0.197376606,18.2,0,0.0001,18.2,0
2020-06-05 00:00:00,0.222063962,18.5,0,0.0001,18.5,0
2020-06-06 00:00:00,0.229263928,18.8,0,0.0001,18.8,0
2020-06-07 00:00:00,0.227973788,19.1,0,0.0001,19.1,0
2020-06-08 00:00:00,0.226752091,19.4,0,0.0001,19.4,0
2020-06-09 00:00:00,0.219974066,19.7,0,0.0001,19.7,0
2020-06-10 00:00:00,0.212381266,20,0,0.0001,20,0
2020-06-11 00:00:00,0.204234762,20.3,0,0.0001,20.3,0
2020-06-12 00:00:00,0.196175058,20.6,0,0.0001,20.6,0
2020-06-13 00:00:00,0.190662329,20.9,0,0.0001,20.9,0
2020-06-14 00:00:00,0.185465599,21.2,0,0.0001,21.2,0
2020-06-15 00:00:00,0.179052868,21.5,0,0.0001,21.5,0
2020-06-16 00:00:00,0.171438624,21.8,0,0.0001,21.8,0
2020-06-17 00:00:00,0.165533721,22.1,0,0.0001,22.1,0
2020-06-18 00:00:00,0.160031721,22.4,0,0.0001,22.4,0
2020-06-19 00:00:00,0.159194201,22.7,0,0.0001,22.7,0
2020-06-20 00:00:00,0.160021201,23,0,0.0001,23,0
2020-06-21 00:00:00,0.155207425,23.3,0,0.0001,23.3,0
2020-06-22 00:00:00,0.153237045,23.6,0,0.0001,23.6,0
2020-06-23 00:00:00,0.14689447,23.9,0,0.0001,23.9,0
2020-06-24 00:00:00,0.142498508,24.2,0,0.0001,24.2,0
2020-06-25 00:00:00,0.137347877,24.5,0,0.0001,24.5,0
2020-06-26 00:00:00,0.131458759,24.8,0,0.0001,24.8,0
2020-06-27 00:00:00,0.126713753,24.596875,0,0.0001,24.596875,0
2020-06-28 00:00:00,0.121308446,24.39375,0,0.0001,24.39375,0
2020-06-29 00:00:00,0.114676408,24.190625,0,0.0001,24.190625,0
2020-06-30 00:00:00,0.122447684,23.9875,0,0.0001,23.9875,0
2020-07-01 00:00:00,0.124581464,23.784375,0,0.0001,23.784375,0
2020-07-02 00:00:00,0.121586695,23.58125,0,0.0001,23.58125,0
2020-07-03 00:00:00,0.116881274,23.378125,0,0.0001,23.378125,0
2020-07-04 00:00:00,0.126603052,23.175,0,0.0001,23.175,0
2020-07-05 00:00:00,0.136554554,22.971875,0,0.0001,22.971875,0
2020-07-06 00:00:00,0.138329372,22.76875,0,0.0001,22.76875,0
2020-07-07 00:00:00,0.142508015,22.565625,0,0.0001,22.565625,0
2020-07-08 00:00:00,0.145379573,22.3625,0,0.0001,22.3625,0
2020-07-09 00:00:00,0.14245902,22.159375,0,0.0001,22.159375,0
2020-07-10 00:00:00,0.138297096,21.95625,0,0.0001,21.95625,0
2020-07-11 00:00:00,0.130891249,21.753125,0,0.0001,21.753125,0
2020-07-12 00:00:00,0.127201289,21.55,0,0.0001,21.55,0
2020-07-13 00:00:00,0.123630442,21.346875,0,0.0001,21.346875,0
2020-07-14 00:00:00,0.130298734,21.14375,0,0.0001,21.14375,0
2020-07-15 00:00:00,0.136114806,20.940625,0,0.0001,20.940625,0
2020-07-16 00:00:00,0.135949299,20.7375,0,0.0001,20.7375,0
2020-07-17 00:00:00,0.134213924,20.534375,0,0.0001,20.534375,0
2020-07-18 00:00:00,0.133561224,20.33125,0,0.0001,20.33125,0
2020-07-19 00:00:00,0.132266015,20.128125,0,0.0001,20.128125,0
2020-07-20 00:00:00,0.127604574,19.925,0,0.0001,19.925,0
2020-07-21 00:00:00,0.121605672,19.721875,0,0.0001,19.721875,0
2020-07-22 00:00:00,0.115347005,19.51875,0,0.0001,19.51875,0
2020-07-23 00:00:00,0.112277575,19.315625,0,0.0001,19.315625,0
2020-07-24 00:00:00,0.117222443,19.1125,0,0.0001,19.1125,0
2020-07-25 00:00:00,0.116210267,18.909375,0,0.0001,18.909375,0
2020-07-26 00:00:00,0.123834521,18.70625,0,0.0001,18.70625,0
2020-07-27 00:00:00,0.126691818,18.503125,0,0.0001,18.503125,0
2020-07-28 00:00:00,0.136690319,18.3,0,0.0001,18.3,0
2020-07-29 00:00:00,0.13488993,18.32285714,0,0.0001,18.32285714,0
2020-07-30 00:00:00,0.130596891,18.34571429,0,0.0001,18.34571429,0
2020-07-31 00:00:00,0.126590058,18.36857143,0,0.0001,18.36857143,0
2020-08-01 00:00:00,0.126833737,18.39142857,0,0.0001,18.39142857,0
2020-08-02 00:00:00,0.12289349,18.41428571,0,0.0001,18.41428571,0
2020-08-03 00:00:00,0.12023139,18.43714286,0,0.0001,18.43714286,0
2020-08-04 00:00:00,0.116422646,18.46,0,0.0001,18.46,0
2020-08-05 00:00:00,0.114718631,18.48285714,0,0.0001,18.48285714,0
2020-08-06 00:00:00,0.113408588,18.50571429,0,0.0001,18.50571429,0
2020-08-07 00:00:00,0.112362102,18.52857143,0,0.0001,18.52857143,0
2020-08-08 00:00:00,0.110483915,18.55142857,0,0.0001,18.55142857,0
2020-08-09 00:00:00,0.108339317,18.57428571,0,0.0001,18.57428571,0
2020-08-10 00:00:00,0.107442677,18.59714286,0,0.0001,18.59714286,0
2020-08-11 00:00:00,0.106383897,18.62,0,0.0001,18.62,0
2020-08-12 00:00:00,0.103806056,18.64285714,0,0.0001,18.64285714,0
2020-08-13 00:00:00,0.100921333,18.66571429,0,0.0001,18.66571429,0
2020-08-14 00:00:00,0.097772315,18.68857143,0,0.0001,18.68857143,0
2020-08-15 00:00:00,0.095083281,18.71142857,0,0.0001,18.71142857,0
2020-08-16 00:00:00,0.092949882,18.73428571,0,0.0001,18.73428571,0
2020-08-17 00:00:00,0.090239681,18.75714286,0,0.0001,18.75714286,0
2020-08-18 00:00:00,0.089782804,18.78,0,0.0001,18.78,0
2020-08-19 00:00:00,0.091360919,18.80285714,0,0.0001,18.80285714,0
2020-08-20 00:00:00,0.093695708,18.82571429,0,0.0001,18.82571429,0
2020-08-21 00:00:00,0.10328874,18.84857143,0,0.0001,18.84857143,0
2020-08-22 00:00:00,0.102973938,18.87142857,0,0.0001,18.87142857,0
2020-08-23 00:00:00,0.106169738,18.89428571,0,0.0001,18.89428571,0
2020-08-24 00:00:00,0.109315038,18.91714286,0,0.0001,18.91714286,0
2020-08-25 00:00:00,0.107320242,18.94,0,0.0001,18.94,0
2020-08-26 00:00:00,0.120422184,18.96285714,0,0.0001,18.96285714,0
2020-08-27 00:00:00,0.144943848,18.98571429,0,0.0001,18.98571429,0
2020-08-28 00:00:00,0.154338673,19.00857143,0,0.0001,19.00857143,0
2020-08-29 00:00:00,0.198616236,19.03142857,0,0.0001,19.03142857,0
2020-08-30 00:00:00,0.198177293,19.05428571,0,0.0001,19.05428571,0
2020-08-31 00:00:00,0.191283166,19.07714286,0,0.0001,19.07714286,0
2020-09-01 00:00:00,0.18389523,19.1,0,0.0001,19.1,0
2020-09-02 00:00:00,0.176637456,18.97666667,0,0.0001,18.97666667,0
2020-09-03 00:00:00,0.170339942,18.85333333,0,0.0001,18.85333333,0
2020-09-04 00:00:00,0.166574255,18.73,0,0.0001,18.73,0
2020-09-05 00:00:00,0.158506826,18.60666667,0,0.0001,18.60666667,0
2020-09-06 00:00:00,0.151107013,18.48333333,0,0.0001,18.48333333,0
2020-09-07 00:00:00,0.142887503,18.36,0,0.0001,18.36,0
2020-09-08 00:00:00,0.137287155,18.23666667,0,0.0001,18.23666667,0
2020-09-09 00:00:00,0.133561105,18.11333333,0,0.0001,18.11333333,0
2020-09-10 00:00:00,0.126766562,17.99,0,0.0001,17.99,0
2020-09-11 00:00:00,0.120863132,17.86666667,0,0.0001,17.86666667,0
2020-09-12 00:00:00,0.117988572,17.74333333,0,0.0001,17.74333333,0
2020-09-13 00:00:00,0.115533948,17.62,0,0.0001,17.62,0
2020-09-14 00:00:00,0.112781063,17.49666667,0,0.0001,17.49666667,0
2020-09-15 00:00:00,0.111302957,17.37333333,0,0.0001,17.37333333,0
2020-09-16 00:00:00,0.108056135,17.25,0,0.0001,17.25,0
2020-09-17 00:00:00,0.103770301,17.12666667,0,0.0001,17.12666667,0
2020-09-18 00:00:00,0.099500008,17.00333333,0,0.0001,17.00333333,0
2020-09-19 00:00:00,0.097006068,16.88,0,0.0001,16.88,0
2020-09-20 00:00:00,0.096229307,16.75666667,0,0.0001,16.75666667,0
2020-09-21 00:00:00,0.094811179,16.63333333,0,0.0001,16.63333333,0
2020-09-22 00:00:00,0.093873985,16.51,0,0.0001,16.51,0
2020-09-23 00:00:00,0.093795829,16.38666667,0,0.0001,16.38666667,0
2020-09-24 00:00:00,0.095447101,16.26333333,0,0.0001,16.26333333,0
2020-09-25 00:00:00,0.098040543,16.14,0,0.0001,16.14,0
2020-09-26 00:00:00,0.102128699,16.01666667,0,0.0001,16.01666667,0
2020-09-27 00:00:00,0.102569111,15.89333333,0,0.0001,15.89333333,0
2020-09-28 00:00:00,0.102617182,15.77,0,0.0001,15.77,0
2020-09-29 00:00:00,0.100590818,15.64666667,0,0.0001,15.64666667,0
2020-09-30 00:00:00,0.09859632,15.52333333,0,0.0001,15.52333333,0
2020-10-01 00:00:00,0.098178364,15.4,0,0.0001,15.4,0
2020-10-02 00:00:00,0.105923861,15.27142857,0,0.0001,15.27142857,0
2020-10-03 00:00:00,0.111538298,15.14285714,0,0.0001,15.14285714,0
2020-10-04 00:00:00,0.130494833,15.01428571,0,0.0001,15.01428571,0
2020-10-05 00:00:00,0.138271645,14.88571429,0,0.0001,14.88571429,0
2020-10-06 00:00:00,0.14453052,14.75714286,0,0.0001,14.75714286,0
2020-10-07 00:00:00,0.144753903,14.62857143,0,0.0001,14.62857143,0
2020-10-08 00:00:00,0.14505747,14.5,0,0.0001,14.5,0
2020-10-09 00:00:00,0.144809887,14.32307692,0,0.0001,14.32307692,0
2020-10-10 00:00:00,0.144511729,14.14615385,0,0.0001,14.14615385,0
2020-10-11 00:00:00,0.141720667,13.96923077,0,0.0001,13.96923077,0
2020-10-12 00:00:00,0.139770597,13.79230769,0,0.0001,13.79230769,0
2020-10-13 00:00:00,0.138332933,13.61538462,0,0.0001,13.61538462,0
2020-10-14 00:00:00,0.135236502,13.43846154,0,0.0001,13.43846154,0
2020-10-15 00:00:00,0.130382523,13.26153846,0,0.0001,13.26153846,0
2020-10-16 00:00:00,0.127915144,13.08461538,0,0.0001,13.08461538,0
2020-10-17 00:00:00,0.126462206,12.90769231,0,0.0001,12.90769231,0
2020-10-18 00:00:00,0.123880498,12.73076923,0,0.0001,12.73076923,0
2020-10-19 00:00:00,0.121996604,12.55384615,0,0.0001,12.55384615,0
2020-10-20 00:00:00,0.121436961,12.37692308,0,0.0001,12.37692308,0
2020-10-21 00:00:00,0.128516302,12.2,0,0.0001,12.2,0
2020-10-22 00:00:00,0.153702468,12.13076923,0,0.0001,12.13076923,0
2020-10-23 00:00:00,0.164643645,12.06153846,0,0.0001,12.06153846,0
2020-10-24 00:00:00,0.173058718,11.99230769,0,0.0001,11.99230769,0
2020-10-25 00:00:00,0.177181885,11.92307692,0,0.0001,11.92307692,0
2020-10-26 00:00:00,0.178638816,11.85384615,0,0.0001,11.85384615,0
2020-10-27 00:00:00,0.18040061,11.78461538,0,0.0001,11.78461538,0
2020-10-28 00:00:00,0.192737296,11.71538462,0,0.0001,11.71538462,0
2020-10-29 00:00:00,0.203718737,11.64615385,0,0.0001,11.64615385,0
2020-10-30 00:00:00,0.218531027,11.57692308,0,0.0001,11.57692308,0
2020-10-31 00:00:00,0.234720454,11.50769231,0,0.0001,11.50769231,0
2020-11-01 00:00:00,0.245181754,11.43846154,0,0.0001,11.43846154,0
2020-11-02 00:00:00,0.260397673,11.36923077,0,0.0001,11.36923077,0
2020-11-03 00:00:00,0.273221195,11.3,0,0.0001,11.3,0
2020-11-04 00:00:00,0.273762137,11.19090909,0,0.0001,11.19090909,0
2020-11-05 00:00:00,0.268251806,11.08181818,0,0.0001,11.08181818,0
2020-11-06 00:00:00,0.263443172,10.97272727,0,0.0001,10.97272727,0
2020-11-07 00:00:00,0.257944137,10.86363636,0,0.0001,10.86363636,0
2020-11-08 00:00:00,0.251238137,10.75454545,0,0.0001,10.75454545,0
2020-11-09 00:00:00,0.245492369,10.64545455,0,0.0001,10.64545455,0
2020-11-10 00:00:00,0.238564,10.53636364,0,0.0001,10.53636364,0
2020-11-11 00:00:00,0.232191145,10.42727273,0,0.0001,10.42727273,0
2020-11-12 00:00:00,0.22769545,10.31818182,0,0.0001,10.31818182,0
2020-11-13 00:00:00,0.225825548,10.20909091,0,0.0001,10.20909091,0
2020-11-14 00:00:00,0.223993912,10.1,0,0.0001,10.1,0
2020-11-15 00:00:00,0.223010331,9.990909091,0,0.0001,9.990909091,0
2020-11-16 00:00:00,0.223768935,9.881818182,0,0.0001,9.881818182,0
2020-11-17 00:00:00,0.2215067,9.772727273,0,0.0001,9.772727273,0
2020-11-18 00:00:00,0.222697288,9.663636364,0,0.0001,9.663636364,0
2020-11-19 00:00:00,0.224325746,9.554545455,0,0.0001,9.554545455,0
2020-11-20 00:00:00,0.220757455,9.445454545,0,0.0001,9.445454545,0
2020-11-21 00:00:00,0.22203216,9.336363636,0,0.0001,9.336363636,0
2020-11-22 00:00:00,0.22833848,9.227272727,0,0.0001,9.227272727,0
2020-11-23 00:00:00,0.229768708,9.118181818,0,0.0001,9.118181818,0
2020-11-24 00:00:00,0.230832994,9.009090909,0,0.0001,9.009090909,0
2020-11-25 00:00:00,0.23346734,8.9,0,0.0001,8.9,0
2020-11-26 00:00:00,0.231728137,8.76,0,0.0001,8.76,0
2020-11-27 00:00:00,0.22709842,8.62,0,0.0001,8.62,0
2020-11-28 00:00:00,0.223843753,8.48,0,0.0001,8.48,0
2020-11-29 00:00:00,0.218524292,8.34,0,0.0001,8.34,0
2020-11-30 00:00:00,0.214846402,8.2,0,0.0001,8.2,0
2020-12-01 00:00:00,0.220632747,8.128571429,0,0.0001,8.128571429,0
2020-12-02 00:00:00,0.220372841,8.057142857,0,0.0001,8.057142857,0
2020-12-03 00:00:00,0.218552485,7.985714286,0,0.0001,7.985714286,0
2020-12-04 00:00:00,0.218724787,7.914285714,0,0.0001,7.914285714,0
2020-12-05 00:00:00,0.215183899,7.842857143,0,0.0001,7.842857143,0
2020-12-06 00:00:00,0.210793644,7.771428571,0,0.0001,7.771428571,0
2020-12-07 00:00:00,0.209321693,7.7,0,0.0001,7.7,0
2020-12-08 00:00:00,0.207610294,7.628571429,0,0.0001,7.628571429,0
2020-12-09 00:00:00,0.204524472,7.557142857,0,0.0001,7.557142857,0
2020-12-10 00:00:00,0.206071749,7.485714286,0,0.0001,7.485714286,0
2020-12-11 00:00:00,0.206944168,7.414285714,0,0.0001,7.414285714,0
2020-12-12 00:00:00,0.204195201,7.342857143,0,0.0001,7.342857143,0
2020-12-13 00:00:00,0.201498061,7.271428571,0,0.0001,7.271428571,0
2020-12-14 00:00:00,0.199554548,7.2,0,0.0001,7.2,0
2020-12-15 00:00:00,0.202970549,7.128571429,0,0.0001,7.128571429,0
2020-12-16 00:00:00,0.206030905,7.057142857,0,0.0001,7.057142857,0
2020-12-17 00:00:00,0.210470721,6.985714286,0,0.0001,6.985714286,0
2020-12-18 00:00:00,0.219464928,6.914285714,0,0.0001,6.914285714,0
2020-12-19 00:00:00,0.223573521,6.842857143,0,0.0001,6.842857143,0
2020-12-20 00:00:00,0.225954637,6.771428571,0,0.0001,6.771428571,0
2020-12-21 00:00:00,0.226964667,6.7,0,0.0001,6.7,0
2020-12-22 00:00:00,0.232105687,6.593333333,0,0.0001,6.593333333,0
2020-12-23 00:00:00,0.232734784,6.486666667,0,0.0001,6.486666667,0
2020-12-24 00:00:00,0.231186301,6.38,0,0.0001,6.38,0
2020-12-25 00:00:00,0.227694079,6.273333333,0,0.0001,6.273333333,0
2020-12-26 00:00:00,0.225700751,6.166666667,0,0.0001,6.166666667,0
2020-12-27 00:00:00,0.247383043,6.06,0,0.0001,6.06,0
2020-12-28 00:00:00,0.294607788,5.953333333,0,0.0001,5.953333333,0
2020-12-29 00:00:00,0.337579906,5.846666667,0,0.0001,5.846666667,0
2020-12-30 00:00:00,0.371173769,5.74,0,0.0001,5.74,0
2020-12-31 00:00:00,0.400270432,5.633333333,0,0.0001,5.633333333,0
2021-01-01 00:00:00,0.443946958,5.526666667,0,0.0001,5.526666667,0
2021-01-02 00:00:00,0.475221485,5.42,0,0.0001,5.42,0
2021-01-03 00:00:00,0.490514964,5.313333333,0,0.0001,5.313333333,0
2021-01-04 00:00:00,0.493520528,5.206666667,0,0.0001,5.206666667,0
2021-01-05 00:00:00,0.484909832,5.1,0,0.0001,5.1,0
2021-01-06 00:00:00,0.473700672,5.013333333,0,0.0001,5.013333333,0
2021-01-07 00:00:00,0.468194276,4.926666667,0,0.0001,4.926666667,0
2021-01-08 00:00:00,0.456375867,4.84,0,0.0001,4.84,0
2021-01-09 00:00:00,0.443063527,4.753333333,0,0.0001,4.753333333,0
2021-01-10 00:00:00,0.429740161,4.666666667,0,0.0001,4.666666667,0
2021-01-11 00:00:00,0.428117126,4.58,0,0.0001,4.58,0
2021-01-12 00:00:00,0.466197371,4.493333333,0,0.0001,4.493333333,0
2021-01-13 00:00:00,0.495893419,4.406666667,0,0.0001,4.406666667,0
2021-01-14 00:00:00,0.507540882,4.32,0,0.0001,4.32,0
2021-01-15 00:00:00,0.500803232,4.233333333,0,0.0001,4.233333333,0
2021-01-16 00:00:00,0.484689534,4.146666667,0,0.0001,4.146666667,0
2021-01-17 00:00:00,0.465393394,4.06,0,0.0001,4.06,0
2021-01-18 00:00:00,0.44972223,3.973333333,0,0.0001,3.973333333,0
2021-01-19 00:00:00,0.442181975,3.886666667,0,0.0001,3.886666667,0
2021-01-20 00:00:00,0.484486699,3.8,0,0.0001,3.8,0
2021-01-21 00:00:00,0.577162027,3.7,0,0.0001,3.7,0
2021-01-22 00:00:00,0.659091294,3.6,0,0.0001,3.6,0
2021-01-23 00:00:00,0.71889931,3.5,0,0.0001,3.5,0
2021-01-24 00:00:00,0.745158076,3.4,0,0.0001,3.4,0
2021-01-25 00:00:00,0.745996237,3.3,0,0.0001,3.3,0
2021-01-26 00:00:00,0.727801502,3.2,0,0.0001,3.2,0
2021-01-27 00:00:00,0.707380831,3.1,0,0.0001,3.1,0
2021-01-28 00:00:00,0.697432935,3,0,0.0001,3,0
2021-01-29 00:00:00,0.671610057,2.9,0,0.0001,2.9,0
2021-01-30 00:00:00,0.639866292,2.8,0,0.0001,2.8,0
2021-01-31 00:00:00,0.607431054,2.7,0,0.0001,2.7,0
2021-02-01 00:00:00,0.575988412,2.6,0,0.0001,2.6,0
2021-02-02 00:00:00,0.542902052,2.5,0,0.0001,2.5,0
2021-02-03 00:00:00,0.556505561,2.495454545,0,0.0001,2.495454545,0
2021-02-04 00:00:00,0.533317268,2.490909091,0,0.0001,2.490909091,0
2021-02-05 00:00:00,0.477409542,2.486363636,0,0.0001,2.486363636,0
2021-02-06 00:00:00,0.438241422,2.481818182,0,0.0001,2.481818182,0
2021-02-07 00:00:00,0.407975256,2.477272727,0,0.0001,2.477272727,0
2021-02-08 00:00:00,0.388088882,2.472727273,0,0.0001,2.472727273,0
2021-02-09 00:00:00,0.371051729,2.468181818,0,0.0001,2.468181818,0
2021-02-10 00:00:00,0.361581743,2.463636364,0,0.0001,2.463636364,0
2021-02-11 00:00:00,0.351056755,2.459090909,0,0.0001,2.459090909,0
2021-02-12 00:00:00,0.334774613,2.454545455,0,0.0001,2.454545455,0
2021-02-13 00:00:00,0.321166635,2.45,0,0.0001,2.45,0
2021-02-14 00:00:00,0.309549361,2.445454545,0,0.0001,2.445454545,0
2021-02-15 00:00:00,0.30076775,2.440909091,0,0.0001,2.440909091,0
2021-02-16 00:00:00,0.299956918,2.436363636,0,0.0001,2.436363636,0
2021-02-17 00:00:00,0.342969328,2.431818182,0,0.0001,2.431818182,0
2021-02-18 00:00:00,0.422413379,2.427272727,0,0.0001,2.427272727,0
2021-02-19 00:00:00,0.532955825,2.422727273,0,0.0001,2.422727273,0
2021-02-20 00:00:00,0.616289675,2.418181818,0,0.0001,2.418181818,0
2021-02-21 00:00:00,0.658020914,2.413636364,0,0.0001,2.413636364,0
2021-02-22 00:00:00,0.671196282,2.409090909,0,0.0001,2.409090909,0
2021-02-23 00:00:00,0.668338478,2.404545455,0,0.0001,2.404545455,0
2021-02-24 00:00:00,0.660167396,2.4,0,0.0001,2.4,0
2021-02-25 00:00:00,0.647940218,2.471428571,0,0.0001,2.471428571,0
2021-02-26 00:00:00,0.630861998,2.542857143,0,0.0001,2.542857143,0
2021-02-27 00:00:00,0.608494163,2.614285714,0,0.0001,2.614285714,0
2021-02-28 00:00:00,0.584101021,2.685714286,0,0.0001,2.685714286,0
2021-03-01 00:00:00,0.559750319,2.757142857,0,0.0001,2.757142857,0
2021-03-02 00:00:00,0.537475526,2.828571429,0,0.0001,2.828571429,0
2021-03-03 00:00:00,0.517807066,2.9,0,0.0001,2.9,0
2021-03-04 00:00:00,0.498668432,2.953846154,0,0.0001,2.953846154,0
2021-03-05 00:00:00,0.477166593,3.007692308,0,0.0001,3.007692308,0
2021-03-06 00:00:00,0.45598188,3.061538462,0,0.0001,3.061538462,0
2021-03-07 00:00:00,0.438078851,3.115384615,0,0.0001,3.115384615,0
2021-03-08 00:00:00,0.422692597,3.169230769,0,0.0001,3.169230769,0
2021-03-09 00:00:00,0.407067716,3.223076923,0,0.0001,3.223076923,0
2021-03-10 00:00:00,0.395597041,3.276923077,0,0.0001,3.276923077,0
2021-03-11 00:00:00,0.444573432,3.330769231,0,0.0001,3.330769231,0
2021-03-12 00:00:00,0.513724625,3.384615385,0,0.0001,3.384615385,0
2021-03-13 00:00:00,0.571395934,3.438461538,0,0.0001,3.438461538,0
2021-03-14 00:00:00,0.622461557,3.492307692,0,0.0001,3.492307692,0
2021-03-15 00:00:00,0.663090527,3.546153846,0,0.0001,3.546153846,0
2021-03-16 00:00:00,0.678540945,3.6,0,0.0001,3.6,0
2021-03-17 00:00:00,0.675412595,3.675862069,0,0.0001,3.675862069,0
2021-03-18 00:00:00,0.659381807,3.751724138,0,0.0001,3.751724138,0
2021-03-19 00:00:00,0.636513412,3.827586207,0,0.0001,3.827586207,0
2021-03-20 00:00:00,0.608836889,3.903448276,0,0.0001,3.903448276,0
2021-03-21 00:00:00,0.584335387,3.979310345,0,0.0001,3.979310345,0
2021-03-22 00:00:00,0.558607578,4.055172414,0,0.0001,4.055172414,0
2021-03-23 00:00:00,0.533458889,4.131034483,0,0.0001,4.131034483,0
2021-03-24 00:00:00,0.510024786,4.206896552,0,0.0001,4.206896552,0
2021-03-25 00:00:00,0.488992602,4.282758621,0,0.0001,4.282758621,0
2021-03-26 00:00:00,0.469881505,4.35862069,0,0.0001,4.35862069,0
2021-03-27 00:00:00,0.464292109,4.434482759,0,0.0001,4.434482759,0
2021-03-28 00:00:00,0.457582116,4.510344828,0,0.0001,4.510344828,0
2021-03-29 00:00:00,0.460848391,4.586206897,0,0.0001,4.586206897,0
2021-03-30 00:00:00,0.455392748,4.662068966,0,0.0001,4.662068966,0
2021-03-31 00:00:00,0.448637277,4.737931034,0,0.0001,4.737931034,0
2021-04-01 00:00:00,0.438337147,4.813793103,0,0.0001,4.813793103,0
2021-04-02 00:00:00,0.430028677,4.889655172,0,0.0001,4.889655172,0
2021-04-03 00:00:00,0.425343037,4.965517241,0,0.0001,4.965517241,0
2021-04-04 00:00:00,0.419216901,5.04137931,0,0.0001,5.04137931,0
2021-04-05 00:00:00,0.41954419,5.117241379,0,0.0001,5.117241379,0
2021-04-06 00:00:00,0.412804663,5.193103448,0,0.0001,5.193103448,0
2021-04-07 00:00:00,0.406827211,5.268965517,0,0.0001,5.268965517,0
2021-04-08 00:00:00,0.400999695,5.344827586,0,0.0001,5.344827586,0
2021-04-09 00:00:00,0.403774112,5.420689655,0,0.0001,5.420689655,0
2021-04-10 00:00:00,0.399298251,5.496551724,0,0.0001,5.496551724,0
2021-04-11 00:00:00,0.409592867,5.572413793,0,0.0001,5.572413793,0
2021-04-12 00:00:00,0.42030111,5.648275862,0,0.0001,5.648275862,0
2021-04-13 00:00:00,0.428514302,5.724137931,0,0.0001,5.724137931,0
2021-04-14 00:00:00,0.430751354,5.8,0,0.0001,5.8,0
2021-04-15 00:00:00,0.425504088,5.955,0,0.0001,5.955,0
2021-04-16 00:00:00,0.413528711,6.11,0,0.0001,6.11,0
2021-04-17 00:00:00,0.399109185,6.265,0,0.0001,6.265,0
2021-04-18 00:00:00,0.385339022,6.42,0,0.0001,6.42,0
2021-04-19 00:00:00,0.371117085,6.575,0,0.0001,6.575,0
2021-04-20 00:00:00,0.35914892,6.73,0,0.0001,6.73,0
2021-04-21 00:00:00,0.34425354,6.885,0,0.0001,6.885,0
2021-04-22 00:00:00,0.330561757,7.04,0,0.0001,7.04,0
2021-04-23 00:00:00,0.318773568,7.195,0,0.0001,7.195,0
2021-04-24 00:00:00,0.3085711,7.35,0,0.0001,7.35,0
2021-04-25 00:00:00,0.298839897,7.505,0,0.0001,7.505,0
2021-04-26 00:00:00,0.290863842,7.66,0,0.0001,7.66,0
2021-04-27 00:00:00,0.283577561,7.815,0,0.0001,7.815,0
2021-04-28 00:00:00,0.276717335,7.97,0,0.0001,7.97,0
2021-04-29 00:00:00,0.270530283,8.125,0,0.0001,8.125,0
2021-04-30 00:00:00,0.268291622,8.28,0,0.0001,8.28,0
2021-05-01 00:00:00,0.266115814,8.435,0,0.0001,8.435,0
2021-05-02 00:00:00,0.260421336,8.59,0,0.0001,8.59,0
2021-05-03 00:00:00,0.256385475,8.745,0,0.0001,8.745,0
2021-05-04 00:00:00,0.270454675,8.9,0,0.0001,8.9,0
2021-05-05 00:00:00,0.291160375,9.176470588,0,0.0001,9.176470588,0
2021-05-06 00:00:00,0.299482018,9.452941176,0,0.0001,9.452941176,0
2021-05-07 00:00:00,0.308698595,9.729411765,0,0.0001,9.729411765,0
2021-05-08 00:00:00,0.313738793,10.00588235,0,0.0001,10.00588235,0
2021-05-09 00:00:00,0.324648649,10.28235294,0,0.0001,10.28235294,0
2021-05-10 00:00:00,0.352033883,10.55882353,0,0.0001,10.55882353,0
2021-05-11 00:00:00,0.368190706,10.83529412,0,0.0001,10.83529412,0
2021-05-12 00:00:00,0.373603433,11.11176471,0,0.0001,11.11176471,0
2021-05-13 00:00:00,0.374461502,11.38823529,0,0.0001,11.38823529,0
2021-05-14 00:00:00,0.382456422,11.66470588,0,0.0001,11.66470588,0
2021-05-15 00:00:00,0.385871172,11.94117647,0,0.0001,11.94117647,0
2021-05-16 00:00:00,0.383639842,12.21764706,0,0.0001,12.21764706,0
2021-05-17 00:00:00,0.377556294,12.49411765,0,0.0001,12.49411765,0
2021-05-18 00:00:00,0.370986521,12.77058824,0,0.0001,12.77058824,0
2021-05-19 00:00:00,0.365421474,13.04705882,0,0.0001,13.04705882,0
2021-05-20 00:00:00,0.35557586,13.32352941,0,0.0001,13.32352941,0
2021-05-21 00:00:00,0.350754231,13.6,0,0.0001,13.6,0
2021-05-22 00:00:00,0.347893208,13.87647059,0,0.0001,13.87647059,0
2021-05-23 00:00:00,0.344007224,14.15294118,0,0.0001,14.15294118,0
2021-05-24 00:00:00,0.337934107,14.42941176,0,0.0001,14.42941176,0
2021-05-25 00:00:00,0.365883261,14.70588235,0,0.0001,14.70588235,0
2021-05-26 00:00:00,0.474132657,14.98235294,0,0.0001,14.98235294,0
2021-05-27 00:00:00,0.583438635,15.25882353,0,0.0001,15.25882353,0
2021-05-28 00:00:00,0.654797792,15.53529412,0,0.0001,15.53529412,0
2021-05-29 00:00:00,0.690759242,15.81176471,0,0.0001,15.81176471,0
2021-05-30 00:00:00,0.697311342,16.08823529,0,0.0001,16.08823529,0
2021-05-31 00:00:00,0.676746726,16.36470588,0,0.0001,16.36470588,0
2021-06-01 00:00:00,0.649457812,16.64117647,0,0.0001,16.64117647,0
2021-06-02 00:00:00,0.618622065,16.91764706,0,0.0001,16.91764706,0
2021-06-03 00:00:00,0.611666858,17.19411765,0,0.0001,17.19411765,0
2021-06-04 00:00:00,0.587678254,17.47058824,0,0.0001,17.47058824,0
2021-06-05 00:00:00,0.553494096,17.74705882,0,0.0001,17.74705882,0
2021-06-06 00:00:00,0.518595695,18.02352941,0,0.0001,18.02352941,0
2021-06-07 00:00:00,0.498901904,18.3,0,0.0001,18.3,0
2021-06-08 00:00:00,0.464322358,18.43571429,0,0.0001,18.43571429,0
2021-06-09 00:00:00,0.433137536,18.57142857,0,0.0001,18.57142857,0
2021-06-10 00:00:00,0.406116098,18.70714286,0,0.0001,18.70714286,0
2021-06-11 00:00:00,0.381100297,18.84285714,0,0.0001,18.84285714,0
2021-06-12 00:00:00,0.353867203,18.97857143,0,0.0001,18.97857143,0
2021-06-13 00:00:00,0.324973464,19.11428571,0,0.0001,19.11428571,0
2021-06-14 00:00:00,0.3074027,19.25,0,0.0001,19.25,0
2021-06-15 00:00:00,0.29225421,19.38571429,0,0.0001,19.38571429,0
2021-06-16 00:00:00,0.281970918,19.52142857,0,0.0001,19.52142857,0
2021-06-17 00:00:00,0.27419275,19.65714286,0,0.0001,19.65714286,0
2021-06-18 00:00:00,0.262237698,19.79285714,0,0.0001,19.79285714,0
2021-06-19 00:00:00,0.254217863,19.92857143,0,0.0001,19.92857143,0
2021-06-20 00:00:00,0.255846739,20.06428571,0,0.0001,20.06428571,0
2021-06-21 00:00:00,0.255608797,20.2,0,0.0001,20.2,0
2021-06-22 00:00:00,0.245275944,20.33571429,0,0.0001,20.33571429,0
2021-06-23 00:00:00,0.234402314,20.47142857,0,0.0001,20.47142857,0
2021-06-24 00:00:00,0.223384216,20.60714286,0,0.0001,20.60714286,0
2021-06-25 00:00:00,0.212283432,20.74285714,0,0.0001,20.74285714,0
2021-06-26 00:00:00,0.20345521,20.87857143,0,0.0001,20.87857143,0
2021-06-27 00:00:00,0.194197938,21.01428571,0,0.0001,21.01428571,0
2021-06-28 00:00:00,0.185326159,21.15,0,0.0001,21.15,0
2021-06-29 00:00:00,0.179242507,21.28571429,0,0.0001,21.28571429,0
2021-06-30 00:00:00,0.176821336,21.42142857,0,0.0001,21.42142857,0
2021-07-01 00:00:00,0.175052837,21.55714286,0,0.0001,21.55714286,0
2021-07-02 00:00:00,0.17939502,21.69285714,0,0.0001,21.69285714,0
2021-07-03 00:00:00,0.196877062,21.82857143,0,0.0001,21.82857143,0
2021-07-04 00:00:00,0.196807384,21.96428571,0,0.0001,21.96428571,0
2021-07-05 00:00:00,0.194515392,22.1,0,0.0001,22.1,0
2021-07-06 00:00:00,0.194592297,22.075,0,0.0001,22.075,0
2021-07-07 00:00:00,0.194453567,22.05,0,0.0001,22.05,0
2021-07-08 00:00:00,0.189312711,22.025,0,0.0001,22.025,0
2021-07-09 00:00:00,0.185160711,22,0,0.0001,22,0
2021-07-10 00:00:00,0.185217381,21.975,0,0.0001,21.975,0
2021-07-11 00:00:00,0.179409772,21.95,0,0.0001,21.95,0
2021-07-12 00:00:00,0.173127294,21.925,0,0.0001,21.925,0
2021-07-13 00:00:00,0.165484175,21.9,0,0.0001,21.9,0
2021-07-14 00:00:00,0.159179702,21.875,0,0.0001,21.875,0
2021-07-15 00:00:00,0.150804907,21.85,0,0.0001,21.85,0
2021-07-16 00:00:00,0.142636999,21.825,0,0.0001,21.825,0
2021-07-17 00:00:00,0.130328879,21.8,0,0.0001,21.8,0
2021-07-18 00:00:00,0.115790971,21.775,0,0.0001,21.775,0
2021-07-19 00:00:00,0.105352931,21.75,0,0.0001,21.75,0
2021-07-20 00:00:00,0.096391961,21.725,0,0.0001,21.725,0
2021-07-21 00:00:00,0.089676224,21.7,0,0.0001,21.7,0
2021-07-22 00:00:00,0.08593747,21.675,0,0.0001,21.675,0
2021-07-23 00:00:00,0.08283142,21.65,0,0.0001,21.65,0
2021-07-24 00:00:00,0.080572873,21.625,0,0.0001,21.625,0
2021-07-25 00:00:00,0.077934429,21.6,0,0.0001,21.6,0
2021-07-26 00:00:00,0.077697359,21.575,0,0.0001,21.575,0
2021-07-27 00:00:00,0.09121684,21.55,0,0.0001,21.55,0
2021-07-28 00:00:00,0.100683056,21.525,0,0.0001,21.525,0
2021-07-29 00:00:00,0.102320649,21.5,0,0.0001,21.5,0
2021-07-30 00:00:00,0.106426157,21.35384615,0,0.0001,21.35384615,0
2021-07-31 00:00:00,0.108334914,21.20769231,0,0.0001,21.20769231,0
2021-08-01 00:00:00,0.107796133,21.06153846,0,0.0001,21.06153846,0
2021-08-02 00:00:00,0.104144648,20.91538462,0,0.0001,20.91538462,0
2021-08-03 00:00:00,0.10021469,20.76923077,0,0.0001,20.76923077,0
2021-08-04 00:00:00,0.097358935,20.62307692,0,0.0001,20.62307692,0
2021-08-05 00:00:00,0.09573973,20.47692308,0,0.0001,20.47692308,0
2021-08-06 00:00:00,0.094473124,20.33076923,0,0.0001,20.33076923,0
2021-08-07 00:00:00,0.118990406,20.18461538,0,0.0001,20.18461538,0
2021-08-08 00:00:00,0.133876786,20.03846154,0,0.0001,20.03846154,0
2021-08-09 00:00:00,0.14824301,19.89230769,0,0.0001,19.89230769,0
2021-08-10 00:00:00,0.163043529,19.74615385,0,0.0001,19.74615385,0
2021-08-11 00:00:00,0.167621523,19.6,0,0.0001,19.6,0
2021-08-12 00:00:00,0.168273136,19.518,0,0.0001,19.518,0
2021-08-13 00:00:00,0.16588296,19.436,0,0.0001,19.436,0
2021-08-14 00:00:00,0.159653828,19.354,0,0.0001,19.354,0
2021-08-15 00:00:00,0.154748231,19.272,0,0.0001,19.272,0
2021-08-16 00:00:00,0.170521274,19.19,0,0.0001,19.19,0
2021-08-17 00:00:00,0.180196941,19.108,0,0.0001,19.108,0
2021-08-18 00:00:00,0.177043006,19.026,0,0.0001,19.026,0
2021-08-19 00:00:00,0.175219133,18.944,0,0.0001,18.944,0
2021-08-20 00:00:00,0.169960395,18.862,0,0.0001,18.862,0
2021-08-21 00:00:00,0.164989606,18.78,0,0.0001,18.78,0
2021-08-22 00:00:00,0.16117622,18.698,0,0.0001,18.698,0
2021-08-23 00:00:00,0.156035736,18.616,0,0.0001,18.616,0
2021-08-24 00:00:00,0.149566412,18.534,0,0.0001,18.534,0
2021-08-25 00:00:00,0.141371638,18.452,0,0.0001,18.452,0
2021-08-26 00:00:00,0.136066094,18.37,0,0.0001,18.37,0
2021-08-27 00:00:00,0.133072868,18.288,0,0.0001,18.288,0
2021-08-28 00:00:00,0.130904213,18.206,0,0.0001,18.206,0
2021-08-29 00:00:00,0.1282603,18.124,0,0.0001,18.124,0
2021-08-30 00:00:00,0.126343071,18.042,0,0.0001,18.042,0
2021-08-31 00:00:00,0.123411976,17.96,0,0.0001,17.96,0
2021-09-01 00:00:00,0.11990308,17.878,0,0.0001,17.878,0
2021-09-02 00:00:00,0.117281705,17.796,0,0.0001,17.796,0
2021-09-03 00:00:00,0.113108054,17.714,0,0.0001,17.714,0
2021-09-04 00:00:00,0.110755049,17.632,0,0.0001,17.632,0
2021-09-05 00:00:00,0.106447585,17.55,0,0.0001,17.55,0
2021-09-06 00:00:00,0.102871209,17.468,0,0.0001,17.468,0
2021-09-07 00:00:00,0.101311475,17.386,0,0.0001,17.386,0
2021-09-08 00:00:00,0.100901552,17.304,0,0.0001,17.304,0
2021-09-09 00:00:00,0.100906916,17.222,0,0.0001,17.222,0
2021-09-10 00:00:00,0.099983908,17.14,0,0.0001,17.14,0
2021-09-11 00:00:00,0.114705987,17.058,0,0.0001,17.058,0
2021-09-12 00:00:00,0.117903642,16.976,0,0.0001,16.976,0
2021-09-13 00:00:00,0.116154917,16.894,0,0.0001,16.894,0
2021-09-14 00:00:00,0.115695484,16.812,0,0.0001,16.812,0
2021-09-15 00:00:00,0.12625739,16.73,0,0.0001,16.73,0
2021-09-16 00:00:00,0.161843091,16.648,0,0.0001,16.648,0
2021-09-17 00:00:00,0.171910122,16.566,0,0.0001,16.566,0
2021-09-18 00:00:00,0.180560678,16.484,0,0.0001,16.484,0
2021-09-19 00:00:00,0.181176633,16.402,0,0.0001,16.402,0
2021-09-20 00:00:00,0.178530529,16.32,0,0.0001,16.32,0
2021-09-21 00:00:00,0.175887555,16.238,0,0.0001,16.238,0
2021-09-22 00:00:00,0.172511473,16.156,0,0.0001,16.156,0
2021-09-23 00:00:00,0.171047017,16.074,0,0.0001,16.074,0
2021-09-24 00:00:00,0.168626085,15.992,0,0.0001,15.992,0
2021-09-25 00:00:00,0.164799303,15.91,0,0.0001,15.91,0
2021-09-26 00:00:00,0.162220165,15.828,0,0.0001,15.828,0
2021-09-27 00:00:00,0.163413823,15.746,0,0.0001,15.746,0
2021-09-28 00:00:00,0.166071773,15.664,0,0.0001,15.664,0
2021-09-29 00:00:00,0.163881823,15.582,0,0.0001,15.582,0
2021-09-30 00:00:00,0.169986501,15.5,0,0.0001,15.5,0
2021-10-01 00:00:00,0.195547089,15.36363636,0,0.0001,15.36363636,0
2021-10-02 00:00:00,0.220719337,15.22727273,0,0.0001,15.22727273,0
2021-10-03 00:00:00,0.251696318,15.09090909,0,0.0001,15.09090909,0
2021-10-04 00:00:00,0.290045649,14.95454545,0,0.0001,14.95454545,0
2021-10-05 00:00:00,0.314715743,14.81818182,0,0.0001,14.81818182,0
2021-10-06 00:00:00,0.327758223,14.68181818,0,0.0001,14.68181818,0
2021-10-07 00:00:00,0.331523985,14.54545455,0,0.0001,14.54545455,0
2021-10-08 00:00:00,0.325698704,14.40909091,0,0.0001,14.40909091,0
2021-10-09 00:00:00,0.316292286,14.27272727,0,0.0001,14.27272727,0
2021-10-10 00:00:00,0.304729819,14.13636364,0,0.0001,14.13636364,0
2021-10-11 00:00:00,0.294801056,14,0,0.0001,14,0
2021-10-12 00:00:00,0.295087576,13.83333333,0,0.0001,13.83333333,0
2021-10-13 00:00:00,0.284806758,13.66666667,0,0.0001,13.66666667,0
2021-10-14 00:00:00,0.273571432,13.5,0,0.0001,13.5,0
2021-10-15 00:00:00,0.266261518,13.33333333,0,0.0001,13.33333333,0
2021-10-16 00:00:00,0.254121661,13.16666667,0,0.0001,13.16666667,0
2021-10-17 00:00:00,0.246583328,13,0,0.0001,13,0
2021-10-18 00:00:00,0.242206708,12.83333333,0,0.0001,12.83333333,0
2021-10-19 00:00:00,0.242429122,12.66666667,0,0.0001,12.66666667,0
2021-10-20 00:00:00,0.268629164,12.5,0,0.0001,12.5,0
2021-10-21 00:00:00,0.29497543,12.33333333,0,0.0001,12.33333333,0
2021-10-22 00:00:00,0.318734974,12.16666667,0,0.0001,12.16666667,0
2021-10-23 00:00:00,0.331543386,12,0,0.0001,12,0
2021-10-24 00:00:00,0.33661589,11.83333333,0,0.0001,11.83333333,0
2021-10-25 00:00:00,0.332223833,11.66666667,0,0.0001,11.66666667,0
2021-10-26 00:00:00,0.327574313,11.5,0,0.0001,11.5,0
2021-10-27 00:00:00,0.324193895,11.40666667,0,0.0001,11.40666667,0
2021-10-28 00:00:00,0.322943777,11.31333333,0,0.0001,11.31333333,0
2021-10-29 00:00:00,0.316464037,11.22,0,0.0001,11.22,0
2021-10-30 00:00:00,0.310429096,11.12666667,0,0.0001,11.12666667,0
2021-10-31 00:00:00,0.307962239,11.03333333,0,0.0001,11.03333333,0
2021-11-01 00:00:00,0.310316235,10.94,0,0.0001,10.94,0
2021-11-02 00:00:00,0.306734383,10.84666667,0,0.0001,10.84666667,0
2021-11-03 00:00:00,0.301331669,10.75333333,0,0.0001,10.75333333,0
2021-11-04 00:00:00,0.294124663,10.66,0,0.0001,10.66,0
2021-11-05 00:00:00,0.285758853,10.56666667,0,0.0001,10.56666667,0
2021-11-06 00:00:00,0.278210998,10.47333333,0,0.0001,10.47333333,0
2021-11-07 00:00:00,0.290739655,10.38,0,0.0001,10.38,0
2021-11-08 00:00:00,0.308427423,10.28666667,0,0.0001,10.28666667,0
2021-11-09 00:00:00,0.316872686,10.19333333,0,0.0001,10.19333333,0
2021-11-10 00:00:00,0.319732577,10.1,0,0.0001,10.1,0
2021-11-11 00:00:00,0.320466101,10,0,0.0001,10,0
2021-11-12 00:00:00,0.319459379,9.9,0,0.0001,9.9,0
2021-11-13 00:00:00,0.317720622,9.8,0,0.0001,9.8,0
2021-11-14 00:00:00,0.313825548,9.7,0,0.0001,9.7,0
2021-11-15 00:00:00,0.308543295,9.6,0,0.0001,9.6,0
2021-11-16 00:00:00,0.304320157,9.5,0,0.0001,9.5,0
2021-11-17 00:00:00,0.302139699,9.4,0,0.0001,9.4,0
2021-11-18 00:00:00,0.30114311,9.3,0,0.0001,9.3,0
2021-11-19 00:00:00,0.302324444,9.2,0,0.0001,9.2,0
2021-11-20 00:00:00,0.301750034,9.1,0,0.0001,9.1,0
2021-11-21 00:00:00,0.302142054,9,0,0.0001,9,0
2021-11-22 00:00:00,0.298535347,8.9,0,0.0001,8.9,0
2021-11-23 00:00:00,0.293569922,8.8,0,0.0001,8.8,0
2021-11-24 00:00:00,0.288625389,8.635,0,0.0001,8.635,0
2021-11-25 00:00:00,0.286775619,8.47,0,0.0001,8.47,0
2021-11-26 00:00:00,0.283911705,8.305,0,0.0001,8.305,0
2021-11-27 00:00:00,0.305744708,8.14,0,0.0001,8.14,0
2021-11-28 00:00:00,0.35297519,7.975,0,0.0001,7.975,0
2021-11-29 00:00:00,0.40066731,7.81,0,0.0001,7.81,0
2021-11-30 00:00:00,0.435974419,7.645,0,0.0001,7.645,0
2021-12-01 00:00:00,0.498309225,7.48,0,0.0001,7.48,0
2021-12-02 00:00:00,0.604792535,7.315,0,0.0001,7.315,0
2021-12-03 00:00:00,0.682680964,7.15,0,0.0001,7.15,0
2021-12-04 00:00:00,0.750469327,6.985,0,0.0001,6.985,0
2021-12-05 00:00:00,0.805628955,6.82,0,0.0001,6.82,0
2021-12-06 00:00:00,0.832006335,6.655,0,0.0001,6.655,0
2021-12-07 00:00:00,0.830640495,6.49,0,0.0001,6.49,0
2021-12-08 00:00:00,0.823150039,6.325,0,0.0001,6.325,0
2021-12-09 00:00:00,0.802958429,6.16,0,0.0001,6.16,0
2021-12-10 00:00:00,0.776730061,5.995,0,0.0001,5.995,0
2021-12-11 00:00:00,0.761196434,5.83,0,0.0001,5.83,0
2021-12-12 00:00:00,0.75131166,5.665,0,0.0001,5.665,0
2021-12-13 00:00:00,0.761443377,5.5,0,0.0001,5.5,0
2021-12-14 00:00:00,0.784429967,5.45,0,0.0001,5.45,0
2021-12-15 00:00:00,0.795178771,5.4,0,0.0001,5.4,0
2021-12-16 00:00:00,0.787950218,5.35,0,0.0001,5.35,0
2021-12-17 00:00:00,0.765508294,5.3,0,0.0001,5.3,0
2021-12-18 00:00:00,0.737423122,5.25,0,0.0001,5.25,0
2021-12-19 00:00:00,0.707564831,5.2,0,0.0001,5.2,0
2021-12-20 00:00:00,0.673425615,5.15,0,0.0001,5.15,0
2021-12-21 00:00:00,0.638347983,5.1,0,0.0001,5.1,0
2021-12-22 00:00:00,0.606835485,5.0375,0,0.0001,5.0375,0
2021-12-23 00:00:00,0.582068324,4.975,0,0.0001,4.975,0
2021-12-24 00:00:00,0.560066462,4.9125,0,0.0001,4.9125,0
2021-12-25 00:00:00,0.528674543,4.85,0,0.0001,4.85,0
2021-12-26 00:00:00,0.49845612,4.7875,0,0.0001,4.7875,0
2021-12-27 00:00:00,0.471197069,4.725,0,0.0001,4.725,0
2021-12-28 00:00:00,0.453529775,4.6625,0,0.0001,4.6625,0
2021-12-29 00:00:00,0.438359857,4.6,0,0.0001,4.6,0
2021-12-30 00:00:00,0.432321876,4.5375,0,0.0001,4.5375,0
2021-12-31 00:00:00,0.467322797,4.475,0,0.0001,4.475,0
2022-01-01 00:00:00,0.5370875,4.4125,0,0.0001,4.4125,0
2022-01-02 00:00:00,0.595663071,4.35,0,0.0001,4.35,0
2022-01-03 00:00:00,0.639984846,4.2875,0,0.0001,4.2875,0
2022-01-04 00:00:00,0.684797764,4.225,0,0.0001,4.225,0
2022-01-05 00:00:00,0.720205128,4.1625,0,0.0001,4.1625,0
2022-01-06 00:00:00,0.734774649,4.1,0,0.0001,4.1,0
2022-01-07 00:00:00,0.734000564,4.073684211,0,0.0001,4.073684211,0
2022-01-08 00:00:00,0.742488921,4.047368421,0,0.0001,4.047368421,0
2022-01-09 00:00:00,0.78047961,4.021052632,0,0.0001,4.021052632,0
2022-01-10 00:00:00,0.846667528,3.994736842,0,0.0001,3.994736842,0
2022-01-11 00:00:00,0.8902421,3.968421053,0,0.0001,3.968421053,0
2022-01-12 00:00:00,0.905052781,3.942105263,0,0.0001,3.942105263,0
2022-01-13 00:00:00,0.895439982,3.915789474,0,0.0001,3.915789474,0
2022-01-14 00:00:00,0.873247981,3.889473684,0,0.0001,3.889473684,0
2022-01-15 00:00:00,0.838882446,3.863157895,0,0.0001,3.863157895,0
2022-01-16 00:00:00,0.802977204,3.836842105,0,0.0001,3.836842105,0
2022-01-17 00:00:00,0.772332728,3.810526316,0,0.0001,3.810526316,0
2022-01-18 00:00:00,0.735200167,3.784210526,0,0.0001,3.784210526,0
2022-01-19 00:00:00,0.704462171,3.757894737,0,0.0001,3.757894737,0
2022-01-20 00:00:00,0.680027425,3.731578947,0,0.0001,3.731578947,0
2022-01-21 00:00:00,0.645520329,3.705263158,0,0.0001,3.705263158,0
2022-01-22 00:00:00,0.618088603,3.678947368,0,0.0001,3.678947368,0
2022-01-23 00:00:00,0.593321204,3.652631579,0,0.0001,3.652631579,0
2022-01-24 00:00:00,0.571321309,3.626315789,0,0.0001,3.626315789,0
2022-01-25 00:00:00,0.552151203,3.6,0,0.0001,3.6,0
2022-01-26 00:00:00,0.536604345,3.633333333,0,0.0001,3.633333333,0
2022-01-27 00:00:00,0.532089472,3.666666667,0,0.0001,3.666666667,0
2022-01-28 00:00:00,0.522348702,3.7,0,0.0001,3.7,0
2022-01-29 00:00:00,0.51900202,3.733333333,0,0.0001,3.733333333,0
2022-01-30 00:00:00,0.513588488,3.766666667,0,0.0001,3.766666667,0
2022-01-31 00:00:00,0.505146384,3.8,0,0.0001,3.8,0
2022-02-01 00:00:00,0.501719773,3.833333333,0,0.0001,3.833333333,0
2022-02-02 00:00:00,0.499046922,3.866666667,0,0.0001,3.866666667,0
2022-02-03 00:00:00,0.500741959,3.9,0,0.0001,3.9,0
2022-02-04 00:00:00,0.523044229,3.886666667,0,0.0001,3.886666667,0
2022-02-05 00:00:00,0.556216359,3.873333333,0,0.0001,3.873333333,0
2022-02-06 00:00:00,0.6238603,3.86,0,0.0001,3.86,0
2022-02-07 00:00:00,0.688335419,3.846666667,0,0.0001,3.846666667,0
2022-02-08 00:00:00,0.733930409,3.833333333,0,0.0001,3.833333333,0
2022-02-09 00:00:00,0.75757736,3.82,0,0.0001,3.82,0
2022-02-10 00:00:00,0.763186455,3.806666667,0,0.0001,3.806666667,0
2022-02-11 00:00:00,0.751458347,3.793333333,0,0.0001,3.793333333,0
2022-02-12 00:00:00,0.730400026,3.78,0,0.0001,3.78,0
2022-02-13 00:00:00,0.708870649,3.766666667,0,0.0001,3.766666667,0
2022-02-14 00:00:00,0.696497083,3.753333333,0,0.0001,3.753333333,0
2022-02-15 00:00:00,0.682992816,3.74,0,0.0001,3.74,0
2022-02-16 00:00:00,0.706728101,3.726666667,0,0.0001,3.726666667,0
2022-02-17 00:00:00,0.815771997,3.713333333,0,0.0001,3.713333333,0
2022-02-18 00:00:00,0.940143287,3.7,0,0.0001,3.7,0
2022-02-19 00:00:00,1.089888334,3.7,0,0.0001,3.7,0
2022-02-20 00:00:00,1.217580914,3.7,0,0.0001,3.7,0
2022-02-21 00:00:00,1.419724345,3.7,0,0.0001,3.7,0
2022-02-22 00:00:00,1.566161036,3.7,0,0.0001,3.7,0
2022-02-23 00:00:00,1.629337788,3.7,0,0.0001,3.7,0
2022-02-24 00:00:00,1.647707582,3.7,0,0.0001,3.7,0
2022-02-25 00:00:00,1.694302082,3.7,0,0.0001,3.7,0
2022-02-26 00:00:00,1.69170773,3.7,0,0.0001,3.7,0
2022-02-27 00:00:00,1.651978612,3.7,0,0.0001,3.7,0
2022-02-28 00:00:00,1.590913057,3.7,0,0.0001,3.7,0
2022-03-01 00:00:00,1.519168496,3.7,0,0.0001,3.7,0
2022-03-02 00:00:00,1.444097042,3.7,0,0.0001,3.7,0
2022-03-03 00:00:00,1.370684624,3.73125,0,0.0001,3.73125,0
2022-03-04 00:00:00,1.297555208,3.7625,0,0.0001,3.7625,0
2022-03-05 00:00:00,1.225980997,3.79375,0,0.0001,3.79375,0
2022-03-06 00:00:00,1.158033609,3.825,0,0.0001,3.825,0
2022-03-07 00:00:00,1.093453407,3.85625,0,0.0001,3.85625,0
2022-03-08 00:00:00,1.033256292,3.8875,0,0.0001,3.8875,0
2022-03-09 00:00:00,0.977569401,3.91875,0,0.0001,3.91875,0
2022-03-10 00:00:00,0.924643099,3.95,0,0.0001,3.95,0
2022-03-11 00:00:00,0.876097381,3.98125,0,0.0001,3.98125,0
2022-03-12 00:00:00,0.824333012,4.0125,0,0.0001,4.0125,0
2022-03-13 00:00:00,0.778508246,4.04375,0,0.0001,4.04375,0
2022-03-14 00:00:00,0.734359264,4.075,0,0.0001,4.075,0
2022-03-15 00:00:00,0.696731508,4.10625,0,0.0001,4.10625,0
2022-03-16 00:00:00,0.663330615,4.1375,0,0.0001,4.1375,0
2022-03-17 00:00:00,0.635482192,4.16875,0,0.0001,4.16875,0
2022-03-18 00:00:00,0.60557431,4.2,0,0.0001,4.2,0
2022-03-19 00:00:00,0.573004901,4.292307692,0,0.0001,4.292307692,0
2022-03-20 00:00:00,0.543321311,4.384615385,0,0.0001,4.384615385,0
2022-03-21 00:00:00,0.514820874,4.476923077,0,0.0001,4.476923077,0
2022-03-22 00:00:00,0.492146611,4.569230769,0,0.0001,4.569230769,0
2022-03-23 00:00:00,0.472039551,4.661538462,0,0.0001,4.661538462,0
2022-03-24 00:00:00,0.452884108,4.753846154,0,0.0001,4.753846154,0
2022-03-25 00:00:00,0.434868962,4.846153846,0,0.0001,4.846153846,0
2022-03-26 00:00:00,0.420254201,4.938461538,0,0.0001,4.938461538,0
2022-03-27 00:00:00,0.406799704,5.030769231,0,0.0001,5.030769231,0
2022-03-28 00:00:00,0.393903524,5.123076923,0,0.0001,5.123076923,0
2022-03-29 00:00:00,0.383294553,5.215384615,0,0.0001,5.215384615,0
2022-03-30 00:00:00,0.373553276,5.307692308,0,0.0001,5.307692308,0
2022-03-31 00:00:00,0.362327546,5.4,0,0.0001,5.4,0
2022-04-01 00:00:00,0.350856662,5.576923077,0,0.0001,5.576923077,0
2022-04-02 00:00:00,0.339844704,5.753846154,0,0.0001,5.753846154,0
2022-04-03 00:00:00,0.331234604,5.930769231,0,0.0001,5.930769231,0
2022-04-04 00:00:00,0.342464864,6.107692308,0,0.0001,6.107692308,0
2022-04-05 00:00:00,0.352321744,6.284615385,0,0.0001,6.284615385,0
2022-04-06 00:00:00,0.367843002,6.461538462,0,0.0001,6.461538462,0
2022-04-07 00:00:00,0.398706585,6.638461538,0,0.0001,6.638461538,0
2022-04-08 00:00:00,0.422985792,6.815384615,0,0.0001,6.815384615,0
2022-04-09 00:00:00,0.428732187,6.992307692,0,0.0001,6.992307692,0
2022-04-10 00:00:00,0.422188312,7.169230769,0,0.0001,7.169230769,0
2022-04-11 00:00:00,0.412491173,7.346153846,0,0.0001,7.346153846,0
2022-04-12 00:00:00,0.402900279,7.523076923,0,0.0001,7.523076923,0
2022-04-13 00:00:00,0.394958675,7.7,0,0.0001,7.7,0
2022-04-14 00:00:00,0.388033152,7.876923077,0,0.0001,7.876923077,0
2022-04-15 00:00:00,0.382165909,8.053846154,0,0.0001,8.053846154,0
2022-04-16 00:00:00,0.373666257,8.230769231,0,0.0001,8.230769231,0
2022-04-17 00:00:00,0.366158903,8.407692308,0,0.0001,8.407692308,0
2022-04-18 00:00:00,0.359086901,8.584615385,0,0.0001,8.584615385,0
2022-04-19 00:00:00,0.35031566,8.761538462,0,0.0001,8.761538462,0
2022-04-20 00:00:00,0.342247695,8.938461538,0,0.0001,8.938461538,0
2022-04-21 00:00:00,0.329635024,9.115384615,0,0.0001,9.115384615,0
2022-04-22 00:00:00,0.317136168,9.292307692,0,0.0001,9.292307692,0
2022-04-23 00:00:00,0.30399859,9.469230769,0,0.0001,9.469230769,0
2022-04-24 00:00:00,0.291550487,9.646153846,0,0.0001,9.646153846,0
2022-04-25 00:00:00,0.279666036,9.823076923,0,0.0001,9.823076923,0
2022-04-26 00:00:00,0.269066721,10,0,0.0001,10,0
2022-04-27 00:00:00,0.260674179,9.9,0,0.0001,9.9,0
2022-04-28 00:00:00,0.250525355,10.13928571,0,0.0001,10.13928571,0
2022-04-29 00:00:00,0.241429567,10.37857143,0,0.0001,10.37857143,0
2022-04-30 00:00:00,0.234816492,10.61785714,0,0.0001,10.61785714,0
2022-05-01 00:00:00,0.228460222,10.85714286,0,0.0001,10.85714286,0
2022-05-02 00:00:00,0.221177176,11.09642857,0,0.0001,11.09642857,0
2022-05-03 00:00:00,0.216636166,11.33571429,0,0.0001,11.33571429,0
2022-05-04 00:00:00,0.21103701,11.575,0,0.0001,11.575,0
2022-05-05 00:00:00,0.204970852,11.81428571,0,0.0001,11.81428571,0
2022-05-06 00:00:00,0.200255975,12.05357143,0,0.0001,12.05357143,0
2022-05-07 00:00:00,0.195517778,12.29285714,0,0.0001,12.29285714,0
2022-05-08 00:00:00,0.190509304,12.53214286,0,0.0001,12.53214286,0
2022-05-09 00:00:00,0.186066568,12.77142857,0,0.0001,12.77142857,0
2022-05-10 00:00:00,0.184513733,13.01071429,0,0.0001,13.01071429,0
2022-05-11 00:00:00,0.185571551,13.25,0,0.0001,13.25,0
2022-05-12 00:00:00,0.181692138,13.48928571,0,0.0001,13.48928571,0
2022-05-13 00:00:00,0.177118823,13.72857143,0,0.0001,13.72857143,0
2022-05-14 00:00:00,0.172317535,13.96785714,0,0.0001,13.96785714,0
2022-05-15 00:00:00,0.16813685,14.20714286,0,0.0001,14.20714286,0
2022-05-16 00:00:00,0.165136293,14.44642857,0,0.0001,14.44642857,0
2022-05-17 00:00:00,0.160999656,14.68571429,0,0.0001,14.68571429,0
2022-05-18 00:00:00,0.156888783,14.925,0,0.0001,14.925,0
2022-05-19 00:00:00,0.153606802,15.16428571,0,0.0001,15.16428571,0
2022-05-20 00:00:00,0.154301062,15.40357143,0,0.0001,15.40357143,0
2022-05-21 00:00:00,0.172830388,15.64285714,0,0.0001,15.64285714,0
2022-05-22 00:00:00,0.171481982,15.88214286,0,0.0001,15.88214286,0
2022-05-23 00:00:00,0.169162467,16.12142857,0,0.0001,16.12142857,0
2022-05-24 00:00:00,0.170328289,16.36071429,0,0.0001,16.36071429,0
2022-05-25 00:00:00,0.168716714,16.6,0,0.0001,16.6,0
2022-05-26 00:00:00,0.166272506,16.73714286,0,0.0001,16.73714286,0
2022-05-27 00:00:00,0.168858409,16.87428571,0,0.0001,16.87428571,0
2022-05-28 00:00:00,0.167211428,17.01142857,0,0.0001,17.01142857,0
2022-05-29 00:00:00,0.165616617,17.14857143,0,0.0001,17.14857143,0
2022-05-30 00:00:00,0.165194213,17.28571429,0,0.0001,17.28571429,0
2022-05-31 00:00:00,0.165350974,17.42285714,0,0.0001,17.42285714,0
2022-06-01 00:00:00,0.176307112,17.56,0,0.0001,17.56,0
2022-06-02 00:00:00,0.171237588,17.69714286,0,0.0001,17.69714286,0
2022-06-03 00:00:00,0.165756702,17.83428571,0,0.0001,17.83428571,0
2022-06-04 00:00:00,0.161883548,17.97142857,0,0.0001,17.97142857,0
2022-06-05 00:00:00,0.158803478,18.10857143,0,0.0001,18.10857143,0
2022-06-06 00:00:00,0.165883303,18.24571429,0,0.0001,18.24571429,0
2022-06-07 00:00:00,0.187318578,18.38285714,0,0.0001,18.38285714,0
2022-06-08 00:00:00,0.19075352,18.52,0,0.0001,18.52,0
2022-06-09 00:00:00,0.194911584,18.65714286,0,0.0001,18.65714286,0
2022-06-10 00:00:00,0.195841268,18.79428571,0,0.0001,18.79428571,0
2022-06-11 00:00:00,0.190798447,18.93142857,0,0.0001,18.93142857,0
2022-06-12 00:00:00,0.184987351,19.06857143,0,0.0001,19.06857143,0
2022-06-13 00:00:00,0.179467678,19.20571429,0,0.0001,19.20571429,0
2022-06-14 00:00:00,0.172020525,19.34285714,0,0.0001,19.34285714,0
2022-06-15 00:00:00,0.166365698,19.48,0,0.0001,19.48,0
2022-06-16 00:00:00,0.159162641,19.61714286,0,0.0001,19.61714286,0
2022-06-17 00:00:00,0.154663965,19.75428571,0,0.0001,19.75428571,0
2022-06-18 00:00:00,0.150112823,19.89142857,0,0.0001,19.89142857,0
2022-06-19 00:00:00,0.150703192,20.02857143,0,0.0001,20.02857143,0
2022-06-20 00:00:00,0.149503261,20.16571429,0,0.0001,20.16571429,0
2022-06-21 00:00:00,0.145812288,20.30285714,0,0.0001,20.30285714,0
2022-06-22 00:00:00,0.141351506,20.44,0,0.0001,20.44,0
2022-06-23 00:00:00,0.138140917,20.57714286,0,0.0001,20.57714286,0
2022-06-24 00:00:00,0.13676329,20.71428571,0,0.0001,20.71428571,0
2022-06-25 00:00:00,0.130679727,20.85142857,0,0.0001,20.85142857,0
2022-06-26 00:00:00,0.128971577,20.98857143,0,0.0001,20.98857143,0
2022-06-27 00:00:00,0.148243606,21.12571429,0,0.0001,21.12571429,0
2022-06-28 00:00:00,0.174858615,21.26285714,0,0.0001,21.26285714,0
2022-06-29 00:00:00,0.174753398,21.4,0,0.0001,21.4,0
2022-06-30 00:00:00,0.170869946,21.21333333,0,0.0001,21.21333333,0
2022-07-01 00:00:00,0.164316669,21.02666667,0,0.0001,21.02666667,0
2022-07-02 00:00:00,0.156666175,20.84,0,0.0001,20.84,0
2022-07-03 00:00:00,0.149780929,20.65333333,0,0.0001,20.65333333,0
2022-07-04 00:00:00,0.143544078,20.46666667,0,0.0001,20.46666667,0
2022-07-05 00:00:00,0.138702363,20.28,0,0.0001,20.28,0
2022-07-06 00:00:00,0.131768823,20.09333333,0,0.0001,20.09333333,0
2022-07-07 00:00:00,0.133241251,19.90666667,0,0.0001,19.90666667,0
2022-07-08 00:00:00,0.126078025,19.72,0,0.0001,19.72,0
2022-07-09 00:00:00,0.117360651,19.53333333,0,0.0001,19.53333333,0
2022-07-10 00:00:00,0.109755203,19.34666667,0,0.0001,19.34666667,0
2022-07-11 00:00:00,0.106535815,19.16,0,0.0001,19.16,0
2022-07-12 00:00:00,0.102078117,18.97333333,0,0.0001,18.97333333,0
2022-07-13 00:00:00,0.098267071,18.78666667,0,0.0001,18.78666667,0
2022-07-14 00:00:00,0.092491493,18.6,0,0.0001,18.6,0
2022-07-15 00:00:00,0.086050943,18.74242424,0,0.0001,18.74242424,0
2022-07-16 00:00:00,0.080301248,18.88484848,0,0.0001,18.88484848,0
2022-07-17 00:00:00,0.0761353,19.02727273,0,0.0001,19.02727273,0
2022-07-18 00:00:00,0.075121567,19.16969697,0,0.0001,19.16969697,0
2022-07-19 00:00:00,0.075950831,19.31212121,0,0.0001,19.31212121,0
2022-07-20 00:00:00,0.076611318,19.45454545,0,0.0001,19.45454545,0
2022-07-21 00:00:00,0.075437583,19.5969697,0,0.0001,19.5969697,0
2022-07-22 00:00:00,0.071553282,19.73939394,0,0.0001,19.73939394,0
2022-07-23 00:00:00,0.071047872,19.88181818,0,0.0001,19.88181818,0
2022-07-24 00:00:00,0.070841312,20.02424242,0,0.0001,20.02424242,0
2022-07-25 00:00:00,0.092393905,20.16666667,0,0.0001,20.16666667,0
2022-07-26 00:00:00,0.098884434,20.30909091,0,0.0001,20.30909091,0
2022-07-27 00:00:00,0.093999997,20.45151515,0,0.0001,20.45151515,0
2022-07-28 00:00:00,0.090865403,20.59393939,0,0.0001,20.59393939,0
2022-07-29 00:00:00,0.090495408,20.73636364,0,0.0001,20.73636364,0
2022-07-30 00:00:00,0.0900895,20.87878788,0,0.0001,20.87878788,0
2022-07-31 00:00:00,0.091776267,21.02121212,0,0.0001,21.02121212,0
2022-08-01 00:00:00,0.096837118,21.16363636,0,0.0001,21.16363636,0
2022-08-02 00:00:00,0.096604727,21.30606061,0,0.0001,21.30606061,0
2022-08-03 00:00:00,0.099639542,21.44848485,0,0.0001,21.44848485,0
2022-08-04 00:00:00,0.100847013,21.59090909,0,0.0001,21.59090909,0
2022-08-05 00:00:00,0.101192243,21.73333333,0,0.0001,21.73333333,0
2022-08-06 00:00:00,0.094831884,21.87575758,0,0.0001,21.87575758,0
2022-08-07 00:00:00,0.092446066,22.01818182,0,0.0001,22.01818182,0
2022-08-08 00:00:00,0.091145746,22.16060606,0,0.0001,22.16060606,0
2022-08-09 00:00:00,0.090025872,22.3030303,0,0.0001,22.3030303,0
2022-08-10 00:00:00,0.089385264,22.44545455,0,0.0001,22.44545455,0
2022-08-11 00:00:00,0.088427402,22.58787879,0,0.0001,22.58787879,0
2022-08-12 00:00:00,0.088281929,22.73030303,0,0.0001,22.73030303,0
2022-08-13 00:00:00,0.087921724,22.87272727,0,0.0001,22.87272727,0
2022-08-14 00:00:00,0.0869295,23.01515152,0,0.0001,23.01515152,0
2022-08-15 00:00:00,0.087412722,23.15757576,0,0.0001,23.15757576,0
2022-08-16 00:00:00,0.102215976,23.3,0,0.0001,23.3,0
2022-08-17 00:00:00,0.108471066,23.09655172,0,0.0001,23.09655172,0
2022-08-18 00:00:00,0.111051135,22.89310345,0,0.0001,22.89310345,0
2022-08-19 00:00:00,0.110802643,22.68965517,0,0.0001,22.68965517,0
2022-08-20 00:00:00,0.106866151,22.4862069,0,0.0001,22.4862069,0
2022-08-21 00:00:00,0.103511304,22.28275862,0,0.0001,22.28275862,0
2022-08-22 00:00:00,0.101977356,22.07931034,0,0.0001,22.07931034,0
2022-08-23 00:00:00,0.099702694,21.87586207,0,0.0001,21.87586207,0
2022-08-24 00:00:00,0.09771058,21.67241379,0,0.0001,21.67241379,0
2022-08-25 00:00:00,0.096551239,21.46896552,0,0.0001,21.46896552,0
2022-08-26 00:00:00,0.101379395,21.26551724,0,0.0001,21.26551724,0
2022-08-27 00:00:00,0.117199115,21.06206897,0,0.0001,21.06206897,0
2022-08-28 00:00:00,0.114235826,20.85862069,0,0.0001,20.85862069,0
2022-08-29 00:00:00,0.109317541,20.65517241,0,0.0001,20.65517241,0
2022-08-30 00:00:00,0.105648205,20.45172414,0,0.0001,20.45172414,0
2022-08-31 00:00:00,0.101510294,20.24827586,0,0.0001,20.24827586,0
2022-09-01 00:00:00,0.098626986,20.04482759,0,0.0001,20.04482759,0
2022-09-02 00:00:00,0.096072257,19.84137931,0,0.0001,19.84137931,0
2022-09-03 00:00:00,0.091777049,19.63793103,0,0.0001,19.63793103,0
2022-09-04 00:00:00,0.087938137,19.43448276,0,0.0001,19.43448276,0
2022-09-05 00:00:00,0.083903797,19.23103448,0,0.0001,19.23103448,0
2022-09-06 00:00:00,0.079828687,19.02758621,0,0.0001,19.02758621,0
2022-09-07 00:00:00,0.075651452,18.82413793,0,0.0001,18.82413793,0
2022-09-08 00:00:00,0.08256913,18.62068966,0,0.0001,18.62068966,0
2022-09-09 00:00:00,0.10972698,18.41724138,0,0.0001,18.41724138,0
2022-09-10 00:00:00,0.113616087,18.2137931,0,0.0001,18.2137931,0
2022-09-11 00:00:00,0.113068357,18.01034483,0,0.0001,18.01034483,0
2022-09-12 00:00:00,0.112313196,17.80689655,0,0.0001,17.80689655,0
2022-09-13 00:00:00,0.128678203,17.60344828,0,0.0001,17.60344828,0
2022-09-14 00:00:00,0.125547335,17.4,0,0.0001,17.4,0
2022-09-15 00:00:00,0.119819142,17.25833333,0,0.0001,17.25833333,0
2022-09-16 00:00:00,0.117096759,17.11666667,0,0.0001,17.11666667,0
2022-09-17 00:00:00,0.115088739,16.975,0,0.0001,16.975,0
2022-09-18 00:00:00,0.111842804,16.83333333,0,0.0001,16.83333333,0
2022-09-19 00:00:00,0.107687421,16.69166667,0,0.0001,16.69166667,0
2022-09-20 00:00:00,0.103763893,16.55,0,0.0001,16.55,0
2022-09-21 00:00:00,0.100571476,16.40833333,0,0.0001,16.40833333,0
2022-09-22 00:00:00,0.097702436,16.26666667,0,0.0001,16.26666667,0
2022-09-23 00:00:00,0.095770217,16.125,0,0.0001,16.125,0
2022-09-24 00:00:00,0.093948387,15.98333333,0,0.0001,15.98333333,0
2022-09-25 00:00:00,0.0918478,15.84166667,0,0.0001,15.84166667,0
2022-09-26 00:00:00,0.095244139,15.7,0,0.0001,15.7,0
2022-09-27 00:00:00,0.112590812,15.55833333,0,0.0001,15.55833333,0
2022-09-28 00:00:00,0.12122646,15.41666667,0,0.0001,15.41666667,0
2022-09-29 00:00:00,0.124505617,15.275,0,0.0001,15.275,0
2022-09-30 00:00:00,0.123862192,15.13333333,0,0.0001,15.13333333,0
2022-10-01 00:00:00,0.124902271,14.99166667,0,0.0001,14.99166667,0
2022-10-02 00:00:00,0.124397777,14.85,0,0.0001,14.85,0
2022-10-03 00:00:00,0.120593362,14.70833333,0,0.0001,14.70833333,0
2022-10-04 00:00:00,0.117432363,14.56666667,0,0.0001,14.56666667,0
2022-10-05 00:00:00,0.115099512,14.425,0,0.0001,14.425,0
2022-10-06 00:00:00,0.115247913,14.28333333,0,0.0001,14.28333333,0
2022-10-07 00:00:00,0.112311199,14.14166667,0,0.0001,14.14166667,0
2022-10-08 00:00:00,0.116679862,14,0,0.0001,14,0
2022-10-09 00:00:00,0.115140684,13.85833333,0,0.0001,13.85833333,0
2022-10-10 00:00:00,0.114380464,13.71666667,0,0.0001,13.71666667,0
2022-10-11 00:00:00,0.113383375,13.575,0,0.0001,13.575,0
2022-10-12 00:00:00,0.111064732,13.43333333,0,0.0001,13.43333333,0
2022-10-13 00:00:00,0.10880354,13.29166667,0,0.0001,13.29166667,0
2022-10-14 00:00:00,0.107072331,13.15,0,0.0001,13.15,0
2022-10-15 00:00:00,0.106598794,13.00833333,0,0.0001,13.00833333,0
2022-10-16 00:00:00,0.104679964,12.86666667,0,0.0001,12.86666667,0
2022-10-17 00:00:00,0.103941038,12.725,0,0.0001,12.725,0
2022-10-18 00:00:00,0.102555498,12.58333333,0,0.0001,12.58333333,0
2022-10-19 00:00:00,0.100382112,12.44166667,0,0.0001,12.44166667,0
2022-10-20 00:00:00,0.09851484,12.3,0,0.0001,12.3,0
2022-10-21 00:00:00,0.117965236,12.28333333,0,0.0001,12.28333333,0
2022-10-22 00:00:00,0.135152057,12.26666667,0,0.0001,12.26666667,0
2022-10-23 00:00:00,0.140457883,12.25,0,0.0001,12.25,0
2022-10-24 00:00:00,0.155556172,12.23333333,0,0.0001,12.23333333,0
2022-10-25 00:00:00,0.166587085,12.21666667,0,0.0001,12.21666667,0
2022-10-26 00:00:00,0.173168197,12.2,0,0.0001,12.2,0
2022-10-27 00:00:00,0.174792722,12.08636364,0,0.0001,12.08636364,0
2022-10-28 00:00:00,0.176013306,11.97272727,0,0.0001,11.97272727,0
2022-10-29 00:00:00,0.17367433,11.85909091,0,0.0001,11.85909091,0
2022-10-30 00:00:00,0.171568707,11.74545455,0,0.0001,11.74545455,0
2022-10-31 00:00:00,0.170495749,11.63181818,0,0.0001,11.63181818,0
2022-11-01 00:00:00,0.169382423,11.51818182,0,0.0001,11.51818182,0
2022-11-02 00:00:00,0.168858871,11.40454545,0,0.0001,11.40454545,0
2022-11-03 00:00:00,0.166357219,11.29090909,0,0.0001,11.29090909,0
2022-11-04 00:00:00,0.1635921,11.17727273,0,0.0001,11.17727273,0
2022-11-05 00:00:00,0.161018223,11.06363636,0,0.0001,11.06363636,0
2022-11-06 00:00:00,0.1612629,10.95,0,0.0001,10.95,0
2022-11-07 00:00:00,0.165420309,10.83636364,0,0.0001,10.83636364,0
2022-11-08 00:00:00,0.169648618,10.72272727,0,0.0001,10.72272727,0
2022-11-09 00:00:00,0.172491923,10.60909091,0,0.0001,10.60909091,0
2022-11-10 00:00:00,0.182394743,10.49545455,0,0.0001,10.49545455,0
2022-11-11 00:00:00,0.18382515,10.38181818,0,0.0001,10.38181818,0
2022-11-12 00:00:00,0.186344162,10.26818182,0,0.0001,10.26818182,0
2022-11-13 00:00:00,0.186151579,10.15454545,0,0.0001,10.15454545,0
2022-11-14 00:00:00,0.183161139,10.04090909,0,0.0001,10.04090909,0
2022-11-15 00:00:00,0.178865612,9.927272727,0,0.0001,9.927272727,0
2022-11-16 00:00:00,0.175128564,9.813636364,0,0.0001,9.813636364,0
2022-11-17 00:00:00,0.1700477,9.7,0,0.0001,9.7,0
2022-11-18 00:00:00,0.156822234,9.55,0,0.0001,9.55,0
2022-11-19 00:00:00,0.146985829,9.4,0,0.0001,9.4,0
2022-11-20 00:00:00,0.143377528,9.25,0,0.0001,9.25,0
2022-11-21 00:00:00,0.14175579,9.1,0,0.0001,9.1,0
2022-11-22 00:00:00,0.141311571,8.95,0,0.0001,8.95,0
2022-11-23 00:00:00,0.144999996,8.8,0,0.0001,8.8,0
2022-11-24 00:00:00,0.150678456,8.65,0,0.0001,8.65,0
2022-11-25 00:00:00,0.152901977,8.5,0,0.0001,8.5,0
2022-11-26 00:00:00,0.156056151,8.35,0,0.0001,8.35,0
2022-11-27 00:00:00,0.157931432,8.2,0,0.0001,8.2,0
2022-11-28 00:00:00,0.161246806,8.05,0,0.0001,8.05,0
2022-11-29 00:00:00,0.170318618,7.9,0,0.0001,7.9,0
2022-11-30 00:00:00,0.177536458,7.75,0,0.0001,7.75,0
2022-12-01 00:00:00,0.182512909,7.6,0,0.0001,7.6,0
2022-12-02 00:00:00,0.183341786,7.45,0,0.0001,7.45,0
2022-12-03 00:00:00,0.183702826,7.3,0,0.0001,7.3,0
2022-12-04 00:00:00,0.183615968,7.15,0,0.0001,7.15,0
2022-12-05 00:00:00,0.180813774,7,0,0.0001,7,0
2022-12-06 00:00:00,0.178678885,6.85,0,0.0001,6.85,0
2022-12-07 00:00:00,0.1761989,6.7,0,0.0001,6.7,0
2022-12-08 00:00:00,0.174060717,6.516666667,0,0.0001,6.516666667,0
2022-12-09 00:00:00,0.1720687,6.333333333,0,0.0001,6.333333333,0
2022-12-10 00:00:00,0.172992527,6.15,0,0.0001,6.15,0
2022-12-11 00:00:00,0.170074567,5.966666667,0,0.0001,5.966666667,0
2022-12-12 00:00:00,0.167118877,5.783333333,0,0.0001,5.783333333,0
2022-12-13 00:00:00,0.163015395,5.6,0,0.0001,5.6,0
2022-12-14 00:00:00,0.167608887,5.416666667,0,0.0001,5.416666667,0
2022-12-15 00:00:00,0.165742114,5.233333333,0,0.0001,5.233333333,0
2022-12-16 00:00:00,0.160915896,5.05,0,0.0001,5.05,0
2022-12-17 00:00:00,0.155775592,4.866666667,0,0.0001,4.866666667,0
2022-12-18 00:00:00,0.164143234,4.683333333,0,0.0001,4.683333333,0
2022-12-19 00:00:00,0.166060939,4.5,0,0.0001,4.5,0
2022-12-20 00:00:00,0.184872568,4.5125,0,0.0001,4.5125,0
2022-12-21 00:00:00,0.224490896,4.525,0,0.0001,4.525,0
2022-12-22 00:00:00,0.258557051,4.5375,0,0.0001,4.5375,0
2022-12-23 00:00:00,0.282242298,4.55,0,0.0001,4.55,0
2022-12-24 00:00:00,0.291625619,4.5625,0,0.0001,4.5625,0
2022-12-25 00:00:00,0.297179878,4.575,0,0.0001,4.575,0
2022-12-26 00:00:00,0.304291636,4.5875,0,0.0001,4.5875,0
2022-12-27 00:00:00,0.311355382,4.6,0,0.0001,4.6,0
2022-12-28 00:00:00,0.336706817,4.6125,0,0.0001,4.6125,0
2022-12-29 00:00:00,0.393027037,4.625,0,0.0001,4.625,0
2022-12-30 00:00:00,0.462350905,4.6375,0,0.0001,4.6375,0
2022-12-31 00:00:00,0.514803149,4.65,0,0.0001,4.65,0
2023-01-01 00:00:00,0.645888457,4.6625,0,0.0001,4.6625,0
2023-01-02 00:00:00,0.727334357,4.675,0,0.0001,4.675,0
2023-01-03 00:00:00,0.792542744,4.6875,0,0.0001,4.6875,0
2023-01-04 00:00:00,0.873899003,4.7,0,0.0001,4.7,0
2023-01-05 00:00:00,0.97158904,4.692307692,0,0.0001,4.692307692,0
2023-01-06 00:00:00,1.066375717,4.684615385,0,0.0001,4.684615385,0
2023-01-07 00:00:00,1.166419455,4.676923077,0,0.0001,4.676923077,0
2023-01-08 00:00:00,1.218701654,4.669230769,0,0.0001,4.669230769,0
2023-01-09 00:00:00,1.233513205,4.661538462,0,0.0001,4.661538462,0
2023-01-10 00:00:00,1.22734305,4.653846154,0,0.0001,4.653846154,0
2023-01-11 00:00:00,1.241514783,4.646153846,0,0.0001,4.646153846,0
2023-01-12 00:00:00,1.259845159,4.638461538,0,0.0001,4.638461538,0
2023-01-13 00:00:00,1.279537787,4.630769231,0,0.0001,4.630769231,0
2023-01-14 00:00:00,1.309941958,4.623076923,0,0.0001,4.623076923,0
2023-01-15 00:00:00,1.363491746,4.615384615,0,0.0001,4.615384615,0
2023-01-16 00:00:00,1.412230666,4.607692308,0,0.0001,4.607692308,0
2023-01-17 00:00:00,1.469306213,4.6,0,0.0001,4.6,0
2023-01-18 00:00:00,1.510108243,4.535714286,0,0.0001,4.535714286,0
2023-01-19 00:00:00,1.514403135,4.471428571,0,0.0001,4.471428571,0
2023-01-20 00:00:00,1.500023795,4.407142857,0,0.0001,4.407142857,0
2023-01-21 00:00:00,1.462679561,4.342857143,0,0.0001,4.342857143,0
2023-01-22 00:00:00,1.410683349,4.278571429,0,0.0001,4.278571429,0
2023-01-23 00:00:00,1.351308626,4.214285714,0,0.0001,4.214285714,0
2023-01-24 00:00:00,1.290407163,4.15,0,0.0001,4.15,0
2023-01-25 00:00:00,1.228946485,4.085714286,0,0.0001,4.085714286,0
2023-01-26 00:00:00,1.18170545,4.021428571,0,0.0001,4.021428571,0
2023-01-27 00:00:00,1.126509139,3.957142857,0,0.0001,3.957142857,0
2023-01-28 00:00:00,1.07089912,3.892857143,0,0.0001,3.892857143,0
2023-01-29 00:00:00,1.020451244,3.828571429,0,0.0001,3.828571429,0
2023-01-30 00:00:00,0.994560699,3.764285714,0,0.0001,3.764285714,0
2023-01-31 00:00:00,0.966749396,3.7,0,0.0001,3.7,0
2023-02-01 00:00:00,0.959777946,3.7,0,0.0001,3.7,0
2023-02-02 00:00:00,0.957031234,3.7,0,0.0001,3.7,0
2023-02-03 00:00:00,0.996516192,3.7,0,0.0001,3.7,0
2023-02-04 00:00:00,1.025449916,3.7,0,0.0001,3.7,0
2023-02-05 00:00:00,1.031245116,3.7,0,0.0001,3.7,0
2023-02-06 00:00:00,1.018860824,3.7,0,0.0001,3.7,0
2023-02-07 00:00:00,0.995074202,3.7,0,0.0001,3.7,0
2023-02-08 00:00:00,0.965668506,3.7,0,0.0001,3.7,0
2023-02-09 00:00:00,0.933482867,3.7,0,0.0001,3.7,0
2023-02-10 00:00:00,0.90095692,3.7,0,0.0001,3.7,0
2023-02-11 00:00:00,0.869032211,3.7,0,0.0001,3.7,0
2023-02-12 00:00:00,0.835454468,3.7,0,0.0001,3.7,0
2023-02-13 00:00:00,0.800623554,3.7,0,0.0001,3.7,0
2023-02-14 00:00:00,0.766524351,3.7,0,0.0001,3.7,0
2023-02-15 00:00:00,0.734692691,3.707142857,0,0.0001,3.707142857,0
2023-02-16 00:00:00,0.705637434,3.714285714,0,0.0001,3.714285714,0
2023-02-17 00:00:00,0.696215311,3.721428571,0,0.0001,3.721428571,0
2023-02-18 00:00:00,0.692359711,3.728571429,0,0.0001,3.728571429,0
2023-02-19 00:00:00,0.674591197,3.735714286,0,0.0001,3.735714286,0
2023-02-20 00:00:00,0.664784044,3.742857143,0,0.0001,3.742857143,0
2023-02-21 00:00:00,0.652824919,3.75,0,0.0001,3.75,0
2023-02-22 00:00:00,0.636557063,3.757142857,0,0.0001,3.757142857,0
2023-02-23 00:00:00,0.619510656,3.764285714,0,0.0001,3.764285714,0
2023-02-24 00:00:00,0.613205396,3.771428571,0,0.0001,3.771428571,0
2023-02-25 00:00:00,0.604463627,3.778571429,0,0.0001,3.778571429,0
2023-02-26 00:00:00,0.587254776,3.785714286,0,0.0001,3.785714286,0
2023-02-27 00:00:00,0.569000307,3.792857143,0,0.0001,3.792857143,0
2023-02-28 00:00:00,0.551399447,3.8,0,0.0001,3.8,0
2023-03-01 00:00:00,0.53450892,3.807142857,0,0.0001,3.807142857,0
2023-03-02 00:00:00,0.518481772,3.814285714,0,0.0001,3.814285714,0
2023-03-03 00:00:00,0.502925331,3.821428571,0,0.0001,3.821428571,0
2023-03-04 00:00:00,0.488527799,3.828571429,0,0.0001,3.828571429,0
2023-03-05 00:00:00,0.474438729,3.835714286,0,0.0001,3.835714286,0
2023-03-06 00:00:00,0.460259933,3.842857143,0,0.0001,3.842857143,0
2023-03-07 00:00:00,0.458348926,3.85,0,0.0001,3.85,0
2023-03-08 00:00:00,0.451271112,3.857142857,0,0.0001,3.857142857,0
2023-03-09 00:00:00,0.440190667,3.864285714,0,0.0001,3.864285714,0
2023-03-10 00:00:00,0.4295438,3.871428571,0,0.0001,3.871428571,0
2023-03-11 00:00:00,0.419276011,3.878571429,0,0.0001,3.878571429,0
2023-03-12 00:00:00,0.410855769,3.885714286,0,0.0001,3.885714286,0
2023-03-13 00:00:00,0.424226852,3.892857143,0,0.0001,3.892857143,0
2023-03-14 00:00:00,0.478594174,3.9,0,0.0001,3.9,0
2023-03-15 00:00:00,0.516066953,3.992857143,0,0.0001,3.992857143,0
2023-03-16 00:00:00,0.539702994,4.085714286,0,0.0001,4.085714286,0
2023-03-17 00:00:00,0.550370417,4.178571429,0,0.0001,4.178571429,0
2023-03-18 00:00:00,0.563544357,4.271428571,0,0.0001,4.271428571,0
2023-03-19 00:00:00,0.571352847,4.364285714,0,0.0001,4.364285714,0
2023-03-20 00:00:00,0.574190106,4.457142857,0,0.0001,4.457142857,0
2023-03-21 00:00:00,0.572110651,4.55,0,0.0001,4.55,0
2023-03-22 00:00:00,0.576163989,4.642857143,0,0.0001,4.642857143,0
2023-03-23 00:00:00,0.590947631,4.735714286,0,0.0001,4.735714286,0
2023-03-24 00:00:00,0.618875499,4.828571429,0,0.0001,4.828571429,0
2023-03-25 00:00:00,0.647501164,4.921428571,0,0.0001,4.921428571,0
2023-03-26 00:00:00,0.662956621,5.014285714,0,0.0001,5.014285714,0
2023-03-27 00:00:00,0.658404249,5.107142857,0,0.0001,5.107142857,0
2023-03-28 00:00:00,0.643609082,5.2,0,0.0001,5.2,0
2023-03-29 00:00:00,0.626403716,5.303225806,0,0.0001,5.303225806,0
2023-03-30 00:00:00,0.643806484,5.406451613,0,0.0001,5.406451613,0
2023-03-31 00:00:00,0.681272481,5.509677419,0,0.0001,5.509677419,0
2023-04-01 00:00:00,0.708206563,5.612903226,0,0.0001,5.612903226,0
2023-04-02 00:00:00,0.703766257,5.716129032,0,0.0001,5.716129032,0
2023-04-03 00:00:00,0.688344316,5.819354839,0,0.0001,5.819354839,0
2023-04-04 00:00:00,0.66943674,5.922580645,0,0.0001,5.922580645,0
2023-04-05 00:00:00,0.650629749,6.025806452,0,0.0001,6.025806452,0
2023-04-06 00:00:00,0.631442704,6.129032258,0,0.0001,6.129032258,0
2023-04-07 00:00:00,0.605649046,6.232258065,0,0.0001,6.232258065,0
2023-04-08 00:00:00,0.583062361,6.335483871,0,0.0001,6.335483871,0
2023-04-09 00:00:00,0.561291693,6.438709677,0,0.0001,6.438709677,0
2023-04-10 00:00:00,0.540588594,6.541935484,0,0.0001,6.541935484,0
2023-04-11 00:00:00,0.54226056,6.64516129,0,0.0001,6.64516129,0
2023-04-12 00:00:00,0.534026698,6.748387097,0,0.0001,6.748387097,0
2023-04-13 00:00:00,0.553666718,6.851612903,0,0.0001,6.851612903,0
2023-04-14 00:00:00,0.55838364,6.95483871,0,0.0001,6.95483871,0
2023-04-15 00:00:00,0.579337627,7.058064516,0,0.0001,7.058064516,0
2023-04-16 00:00:00,0.58701557,7.161290323,0,0.0001,7.161290323,0
2023-04-17 00:00:00,0.585985378,7.264516129,0,0.0001,7.264516129,0
2023-04-18 00:00:00,0.574239235,7.367741935,0,0.0001,7.367741935,0
2023-04-19 00:00:00,0.555705884,7.470967742,0,0.0001,7.470967742,0
2023-04-20 00:00:00,0.535501427,7.574193548,0,0.0001,7.574193548,0
2023-04-21 00:00:00,0.516206828,7.677419355,0,0.0001,7.677419355,0
2023-04-22 00:00:00,0.497272973,7.780645161,0,0.0001,7.780645161,0
2023-04-23 00:00:00,0.48338895,7.883870968,0,0.0001,7.883870968,0
2023-04-24 00:00:00,0.486297616,7.987096774,0,0.0001,7.987096774,0
2023-04-25 00:00:00,0.51470125,8.090322581,0,0.0001,8.090322581,0
2023-04-26 00:00:00,0.509617845,8.193548387,0,0.0001,8.193548387,0
2023-04-27 00:00:00,0.498137005,8.296774194,0,0.0001,8.296774194,0
2023-04-28 00:00:00,0.484587268,8.4,0,0.0001,8.4,0
2023-04-29 00:00:00,0.466520171,8.637037037,0,0.0001,8.637037037,0
2023-04-30 00:00:00,0.447081407,8.874074074,0,0.0001,8.874074074,0
2023-05-01 00:00:00,0.429974498,9.111111111,0,0.0001,9.111111111,0
2023-05-02 00:00:00,0.416589553,9.348148148,0,0.0001,9.348148148,0
2023-05-03 00:00:00,0.398502272,9.585185185,0,0.0001,9.585185185,0
2023-05-04 00:00:00,0.381930876,9.822222222,0,0.0001,9.822222222,0
2023-05-05 00:00:00,0.364231821,10.05925926,0,0.0001,10.05925926,0
2023-05-06 00:00:00,0.346575951,10.2962963,0,0.0001,10.2962963,0
2023-05-07 00:00:00,0.330212689,10.53333333,0,0.0001,10.53333333,0
2023-05-08 00:00:00,0.318392817,10.77037037,0,0.0001,10.77037037,0
2023-05-09 00:00:00,0.306645653,11.00740741,0,0.0001,11.00740741,0
2023-05-10 00:00:00,0.294257829,11.24444444,0,0.0001,11.24444444,0
2023-05-11 00:00:00,0.286773969,11.48148148,0,0.0001,11.48148148,0
2023-05-12 00:00:00,0.279545572,11.71851852,0,0.0001,11.71851852,0
2023-05-13 00:00:00,0.27079916,11.95555556,0,0.0001,11.95555556,0
2023-05-14 00:00:00,0.262093466,12.19259259,0,0.0001,12.19259259,0
2023-05-15 00:00:00,0.254202587,12.42962963,0,0.0001,12.42962963,0
2023-05-16 00:00:00,0.245932036,12.66666667,0,0.0001,12.66666667,0
2023-05-17 00:00:00,0.233439102,12.9037037,0,0.0001,12.9037037,0
2023-05-18 00:00:00,0.224828983,13.14074074,0,0.0001,13.14074074,0
2023-05-19 00:00:00,0.219416363,13.37777778,0,0.0001,13.37777778,0
2023-05-20 00:00:00,0.213779742,13.61481481,0,0.0001,13.61481481,0
2023-05-21 00:00:00,0.208638715,13.85185185,0,0.0001,13.85185185,0
2023-05-22 00:00:00,0.203938615,14.08888889,0,0.0001,14.08888889,0
2023-05-23 00:00:00,0.207791273,14.32592593,0,0.0001,14.32592593,0
2023-05-24 00:00:00,0.20655956,14.56296296,0,0.0001,14.56296296,0
2023-05-25 00:00:00,0.198747848,14.8,0,0.0001,14.8,0
2023-05-26 00:00:00,0.189591859,15.06071429,0,0.0001,15.06071429,0
2023-05-27 00:00:00,0.183059411,15.32142857,0,0.0001,15.32142857,0
2023-05-28 00:00:00,0.176716212,15.58214286,0,0.0001,15.58214286,0
2023-05-29 00:00:00,0.16978349,15.84285714,0,0.0001,15.84285714,0
2023-05-30 00:00:00,0.164848848,16.10357143,0,0.0001,16.10357143,0
2023-05-31 00:00:00,0.158415414,16.36428571,0,0.0001,16.36428571,0
2023-06-01 00:00:00,0.15294931,16.625,0,0.0001,16.625,0
2023-06-02 00:00:00,0.148902209,16.88571429,0,0.0001,16.88571429,0
2023-06-03 00:00:00,0.143239848,17.14642857,0,0.0001,17.14642857,0
2023-06-04 00:00:00,0.138573154,17.40714286,0,0.0001,17.40714286,0
2023-06-05 00:00:00,0.135293871,17.66785714,0,0.0001,17.66785714,0
2023-06-06 00:00:00,0.130689807,17.92857143,0,0.0001,17.92857143,0
2023-06-07 00:00:00,0.127928075,18.18928571,0,0.0001,18.18928571,0
2023-06-08 00:00:00,0.123166958,18.45,0,0.0001,18.45,0
2023-06-09 00:00:00,0.120634938,18.71071429,0,0.0001,18.71071429,0
2023-06-10 00:00:00,0.116901075,18.97142857,0,0.0001,18.97142857,0
2023-06-11 00:00:00,0.111134299,19.23214286,0,0.0001,19.23214286,0
2023-06-12 00:00:00,0.106197984,19.49285714,0,0.0001,19.49285714,0
2023-06-13 00:00:00,0.102303428,19.75357143,0,0.0001,19.75357143,0
2023-06-14 00:00:00,0.098801085,20.01428571,0,0.0001,20.01428571,0
2023-06-15 00:00:00,0.095844245,20.275,0,0.0001,20.275,0
2023-06-16 00:00:00,0.094688354,20.53571429,0,0.0001,20.53571429,0
2023-06-17 00:00:00,0.092960056,20.79642857,0,0.0001,20.79642857,0
2023-06-18 00:00:00,0.090472389,21.05714286,0,0.0001,21.05714286,0
2023-06-19 00:00:00,0.089165465,21.31785714,0,0.0001,21.31785714,0
2023-06-20 00:00:00,0.089066627,21.57857143,0,0.0001,21.57857143,0
2023-06-21 00:00:00,0.092261711,21.83928571,0,0.0001,21.83928571,0
2023-06-22 00:00:00,0.092522923,22.1,0,0.0001,22.1,0
2023-06-23 00:00:00,0.089190857,22.01454545,0,0.0001,22.01454545,0
2023-06-24 00:00:00,0.084531474,21.92909091,0,0.0001,21.92909091,0
2023-06-25 00:00:00,0.083282293,21.84363636,0,0.0001,21.84363636,0
2023-06-26 00:00:00,0.085565847,21.75818182,0,0.0001,21.75818182,0
2023-06-27 00:00:00,0.082631676,21.67272727,0,0.0001,21.67272727,0
2023-06-28 00:00:00,0.077486418,21.58727273,0,0.0001,21.58727273,0
2023-06-29 00:00:00,0.076280454,21.50181818,0,0.0001,21.50181818,0
2023-06-30 00:00:00,0.074125581,21.41636364,0,0.0001,21.41636364,0
2023-07-01 00:00:00,0.075318396,21.33090909,0,0.0001,21.33090909,0
2023-07-02 00:00:00,0.078912084,21.24545455,0,0.0001,21.24545455,0
2023-07-03 00:00:00,0.077588822,21.16,0,0.0001,21.16,0
2023-07-04 00:00:00,0.083621241,21.07454545,0,0.0001,21.07454545,0
2023-07-05 00:00:00,0.091934935,20.98909091,0,0.0001,20.98909091,0
2023-07-06 00:00:00,0.09968735,20.90363636,0,0.0001,20.90363636,0
2023-07-07 00:00:00,0.098394027,20.81818182,0,0.0001,20.81818182,0
2023-07-08 00:00:00,0.097358873,20.73272727,0,0.0001,20.73272727,0
2023-07-09 00:00:00,0.095792219,20.64727273,0,0.0001,20.64727273,0
2023-07-10 00:00:00,0.098354968,20.56181818,0,0.0001,20.56181818,0
2023-07-11 00:00:00,0.102018954,20.47636364,0,0.0001,20.47636364,0
2023-07-12 00:00:00,0.102755774,20.39090909,0,0.0001,20.39090909,0
2023-07-13 00:00:00,0.103335764,20.30545455,0,0.0001,20.30545455,0
2023-07-14 00:00:00,0.106057854,20.22,0,0.0001,20.22,0
2023-07-15 00:00:00,0.108979462,20.13454545,0,0.0001,20.13454545,0
2023-07-16 00:00:00,0.12223069,20.04909091,0,0.0001,20.04909091,0
2023-07-17 00:00:00,0.122953371,19.96363636,0,0.0001,19.96363636,0
2023-07-18 00:00:00,0.122119873,19.87818182,0,0.0001,19.87818182,0
2023-07-19 00:00:00,0.118550886,19.79272727,0,0.0001,19.79272727,0
2023-07-20 00:00:00,0.114279826,19.70727273,0,0.0001,19.70727273,0
2023-07-21 00:00:00,0.110412007,19.62181818,0,0.0001,19.62181818,0
2023-07-22 00:00:00,0.106614709,19.53636364,0,0.0001,19.53636364,0
2023-07-23 00:00:00,0.117205166,19.45090909,0,0.0001,19.45090909,0
2023-07-24 00:00:00,0.140446338,19.36545455,0,0.0001,19.36545455,0
2023-07-25 00:00:00,0.141128916,19.28,0,0.0001,19.28,0
2023-07-26 00:00:00,0.140324831,19.19454545,0,0.0001,19.19454545,0
2023-07-27 00:00:00,0.139599002,19.10909091,0,0.0001,19.10909091,0
2023-07-28 00:00:00,0.137314276,19.02363636,0,0.0001,19.02363636,0
2023-07-29 00:00:00,0.136098005,18.93818182,0,0.0001,18.93818182,0
2023-07-30 00:00:00,0.140637731,18.85272727,0,0.0001,18.85272727,0
2023-07-31 00:00:00,0.146992103,18.76727273,0,0.0001,18.76727273,0
2023-08-01 00:00:00,0.158358092,18.68181818,0,0.0001,18.68181818,0
2023-08-02 00:00:00,0.175272207,18.59636364,0,0.0001,18.59636364,0
2023-08-03 00:00:00,0.182830443,18.51090909,0,0.0001,18.51090909,0
2023-08-04 00:00:00,0.179868266,18.42545455,0,0.0001,18.42545455,0
2023-08-05 00:00:00,0.173198461,18.34,0,0.0001,18.34,0
2023-08-06 00:00:00,0.168031709,18.25454545,0,0.0001,18.25454545,0
2023-08-07 00:00:00,0.161220438,18.16909091,0,0.0001,18.16909091,0
2023-08-08 00:00:00,0.151929228,18.08363636,0,0.0001,18.08363636,0
2023-08-09 00:00:00,0.153920694,17.99818182,0,0.0001,17.99818182,0
2023-08-10 00:00:00,0.150727119,17.91272727,0,0.0001,17.91272727,0
2023-08-11 00:00:00,0.147207718,17.82727273,0,0.0001,17.82727273,0
2023-08-12 00:00:00,0.147320071,17.74181818,0,0.0001,17.74181818,0
2023-08-13 00:00:00,0.149234852,17.65636364,0,0.0001,17.65636364,0
2023-08-14 00:00:00,0.14829725,17.57090909,0,0.0001,17.57090909,0
2023-08-15 00:00:00,0.145663554,17.48545455,0,0.0001,17.48545455,0
2023-08-16 00:00:00,0.142108572,17.4,0,0.0001,17.4,0
2023-08-17 00:00:00,0.139698224,17.50740741,0,0.0001,17.50740741,0
2023-08-18 00:00:00,0.137716598,17.61481481,0,0.0001,17.61481481,0
2023-08-19 00:00:00,0.139562304,17.72222222,0,0.0001,17.72222222,0
2023-08-20 00:00:00,0.151889473,17.82962963,0,0.0001,17.82962963,0
2023-08-21 00:00:00,0.149608563,17.93703704,0,0.0001,17.93703704,0
2023-08-22 00:00:00,0.147290418,18.04444444,0,0.0001,18.04444444,0
2023-08-23 00:00:00,0.145015285,18.15185185,0,0.0001,18.15185185,0
2023-08-24 00:00:00,0.142102236,18.25925926,0,0.0001,18.25925926,0
2023-08-25 00:00:00,0.169217594,18.36666667,0,0.0001,18.36666667,0
2023-08-26 00:00:00,0.177969241,18.47407407,0,0.0001,18.47407407,0
2023-08-27 00:00:00,0.182512297,18.58148148,0,0.0001,18.58148148,0
2023-08-28 00:00:00,0.188455698,18.68888889,0,0.0001,18.68888889,0
2023-08-29 00:00:00,0.186048825,18.7962963,0,0.0001,18.7962963,0
2023-08-30 00:00:00,0.184473553,18.9037037,0,0.0001,18.9037037,0
2023-08-31 00:00:00,0.210892422,19.01111111,0,0.0001,19.01111111,0
2023-09-01 00:00:00,0.219724895,19.11851852,0,0.0001,19.11851852,0
2023-09-02 00:00:00,0.217873383,19.22592593,0,0.0001,19.22592593,0
2023-09-03 00:00:00,0.21331866,19.33333333,0,0.0001,19.33333333,0
2023-09-04 00:00:00,0.209818059,19.44074074,0,0.0001,19.44074074,0
2023-09-05 00:00:00,0.205975391,19.54814815,0,0.0001,19.54814815,0
2023-09-06 00:00:00,0.201880262,19.65555556,0,0.0001,19.65555556,0
2023-09-07 00:00:00,0.197582787,19.76296296,0,0.0001,19.76296296,0
2023-09-08 00:00:00,0.193419652,19.87037037,0,0.0001,19.87037037,0
2023-09-09 00:00:00,0.187612064,19.97777778,0,0.0001,19.97777778,0
2023-09-10 00:00:00,0.182462071,20.08518519,0,0.0001,20.08518519,0
2023-09-11 00:00:00,0.179288474,20.19259259,0,0.0001,20.19259259,0
2023-09-12 00:00:00,0.176555349,20.3,0,0.0001,20.3,0
2023-09-13 00:00:00,0.172308299,20.12083333,0,0.0001,20.12083333,0
2023-09-14 00:00:00,0.166305797,19.94166667,0,0.0001,19.94166667,0
2023-09-15 00:00:00,0.161296156,19.7625,0,0.0001,19.7625,0
2023-09-16 00:00:00,0.158036562,19.58333333,0,0.0001,19.58333333,0
2023-09-17 00:00:00,0.155976286,19.40416667,0,0.0001,19.40416667,0
2023-09-18 00:00:00,0.155881512,19.225,0,0.0001,19.225,0
2023-09-19 00:00:00,0.160222803,19.04583333,0,0.0001,19.04583333,0
2023-09-20 00:00:00,0.175609398,18.86666667,0,0.0001,18.86666667,0
2023-09-21 00:00:00,0.176429954,18.6875,0,0.0001,18.6875,0
2023-09-22 00:00:00,0.184703814,18.50833333,0,0.0001,18.50833333,0
2023-09-23 00:00:00,0.194913338,18.32916667,0,0.0001,18.32916667,0
2023-09-24 00:00:00,0.202441596,18.15,0,0.0001,18.15,0
2023-09-25 00:00:00,0.207291079,17.97083333,0,0.0001,17.97083333,0
2023-09-26 00:00:00,0.213340955,17.79166667,0,0.0001,17.79166667,0
2023-09-27 00:00:00,0.219567852,17.6125,0,0.0001,17.6125,0
2023-09-28 00:00:00,0.226445475,17.43333333,0,0.0001,17.43333333,0
2023-09-29 00:00:00,0.232967558,17.25416667,0,0.0001,17.25416667,0
2023-09-30 00:00:00,0.237666495,17.075,0,0.0001,17.075,0
2023-10-01 00:00:00,0.24258933,16.89583333,0,0.0001,16.89583333,0
2023-10-02 00:00:00,0.252650298,16.71666667,0,0.0001,16.71666667,0
2023-10-03 00:00:00,0.379831744,16.5375,0,0.0001,16.5375,0
2023-10-04 00:00:00,0.552743997,16.35833333,0,0.0001,16.35833333,0
2023-10-05 00:00:00,0.690088759,16.17916667,0,0.0001,16.17916667,0
2023-10-06 00:00:00,0.779176799,16,0,0.0001,16,0
2023-10-07 00:00:00,0.811479401,15.69230769,0,0.0001,15.69230769,0
2023-10-08 00:00:00,0.809304791,15.38461538,0,0.0001,15.38461538,0
2023-10-09 00:00:00,0.7825928,15.07692308,0,0.0001,15.07692308,0
2023-10-10 00:00:00,0.745463518,14.76923077,0,0.0001,14.76923077,0
2023-10-11 00:00:00,0.711351106,14.46153846,0,0.0001,14.46153846,0
2023-10-12 00:00:00,0.666985563,14.15384615,0,0.0001,14.15384615,0
2023-10-13 00:00:00,0.637517176,13.84615385,0,0.0001,13.84615385,0
2023-10-14 00:00:00,0.636356894,13.53846154,0,0.0001,13.53846154,0
2023-10-15 00:00:00,0.612868492,13.23076923,0,0.0001,13.23076923,0
2023-10-16 00:00:00,0.583335356,12.92307692,0,0.0001,12.92307692,0
2023-10-17 00:00:00,0.552114382,12.61538462,0,0.0001,12.61538462,0
2023-10-18 00:00:00,0.521317869,12.30769231,0,0.0001,12.30769231,0
2023-10-19 00:00:00,0.496991361,12,0,0.0001,12,0
2023-10-20 00:00:00,0.488692302,11.84545455,0,0.0001,11.84545455,0
2023-10-21 00:00:00,0.540213368,11.69090909,0,0.0001,11.69090909,0
2023-10-22 00:00:00,0.621947032,11.53636364,0,0.0001,11.53636364,0
2023-10-23 00:00:00,0.684797055,11.38181818,0,0.0001,11.38181818,0
2023-10-24 00:00:00,0.736588594,11.22727273,0,0.0001,11.22727273,0
2023-10-25 00:00:00,0.894873972,11.07272727,0,0.0001,11.07272727,0
2023-10-26 00:00:00,1.056406824,10.91818182,0,0.0001,10.91818182,0
2023-10-27 00:00:00,1.188030188,10.76363636,0,0.0001,10.76363636,0
2023-10-28 00:00:00,1.256100635,10.60909091,0,0.0001,10.60909091,0
2023-10-29 00:00:00,1.336110023,10.45454545,0,0.0001,10.45454545,0
2023-10-30 00:00:00,1.478901119,10.3,0,0.0001,10.3,0
2023-10-31 00:00:00,1.616249134,10.2,0,0.0001,10.2,0
2023-11-01 00:00:00,1.706011075,10.1,0,0.0001,10.1,0
2023-11-02 00:00:00,1.767733106,10,0,0.0001,10,0
2023-11-03 00:00:00,1.770690325,9.9,0,0.0001,9.9,0
2023-11-04 00:00:00,1.734115353,9.8,0,0.0001,9.8,0
2023-11-05 00:00:00,1.703067958,9.7,0,0.0001,9.7,0
2023-11-06 00:00:00,1.670562051,9.6,0,0.0001,9.6,0
2023-11-07 00:00:00,1.625547059,9.5,0,0.0001,9.5,0
2023-11-08 00:00:00,1.579857421,9.4,0,0.0001,9.4,0
2023-11-09 00:00:00,1.533848609,9.3,0,0.0001,9.3,0
2023-11-10 00:00:00,1.495515069,9.2,0,0.0001,9.2,0
2023-11-11 00:00:00,1.462315431,9.1,0,0.0001,9.1,0
2023-11-12 00:00:00,1.423874998,9,0,0.0001,9,0
2023-11-13 00:00:00,1.380307701,8.9,0,0.0001,8.9,0
2023-11-14 00:00:00,1.407594858,8.8,0,0.0001,8.8,0
2023-11-15 00:00:00,1.456922421,8.7,0,0.0001,8.7,0
2023-11-16 00:00:00,1.581086411,8.6,0,0.0001,8.6,0
2023-11-17 00:00:00,1.675526274,8.5,0,0.0001,8.5,0
2023-11-18 00:00:00,1.699075914,8.4,0,0.0001,8.4,0
2023-11-19 00:00:00,1.699111885,8.3,0,0.0001,8.3,0
2023-11-20 00:00:00,1.705837365,8.2,0,0.0001,8.2,0
2023-11-21 00:00:00,1.689391298,8.1,0,0.0001,8.1,0
2023-11-22 00:00:00,1.643712848,7.85,0,0.0001,7.85,0
2023-11-23 00:00:00,1.615799853,7.6,0,0.0001,7.6,0
2023-11-24 00:00:00,1.589939041,7.35,0,0.0001,7.35,0
2023-11-25 00:00:00,1.544677808,7.1,0,0.0001,7.1,0
2023-11-26 00:00:00,1.484451232,6.85,0,0.0001,6.85,0
2023-11-27 00:00:00,1.421462191,6.6,0,0.0001,6.6,0
2023-11-28 00:00:00,1.350802891,6.35,0,0.0001,6.35,0
2023-11-29 00:00:00,1.276405549,6.1,0,0.0001,6.1,0
2023-11-30 00:00:00,1.227502518,6.021428571,0,0.0001,6.021428571,0
2023-12-01 00:00:00,1.172743616,5.942857143,0,0.0001,5.942857143,0
2023-12-02 00:00:00,1.112325661,5.864285714,0,0.0001,5.864285714,0
2023-12-03 00:00:00,1.062822142,5.785714286,0,0.0001,5.785714286,0
2023-12-04 00:00:00,1.016720725,5.707142857,0,0.0001,5.707142857,0
2023-12-05 00:00:00,0.973254181,5.628571429,0,0.0001,5.628571429,0
2023-12-06 00:00:00,0.947745665,5.55,0,0.0001,5.55,0
2023-12-07 00:00:00,0.922216266,5.471428571,0,0.0001,5.471428571,0
2023-12-08 00:00:00,0.89769163,5.392857143,0,0.0001,5.392857143,0
2023-12-09 00:00:00,0.886661509,5.314285714,0,0.0001,5.314285714,0
2023-12-10 00:00:00,0.946166663,5.235714286,0,0.0001,5.235714286,0
2023-12-11 00:00:00,1.121216781,5.157142857,0,0.0001,5.157142857,0
2023-12-12 00:00:00,1.28985635,5.078571429,0,0.0001,5.078571429,0
2023-12-13 00:00:00,1.38100143,5,0,0.0001,5,0
2023-12-14 00:00:00,1.402043926,4.921428571,0,0.0001,4.921428571,0
2023-12-15 00:00:00,1.378842834,4.842857143,0,0.0001,4.842857143,0
2023-12-16 00:00:00,1.338426293,4.764285714,0,0.0001,4.764285714,0
2023-12-17 00:00:00,1.293662275,4.685714286,0,0.0001,4.685714286,0
2023-12-18 00:00:00,1.25171859,4.607142857,0,0.0001,4.607142857,0
2023-12-19 00:00:00,1.210015412,4.528571429,0,0.0001,4.528571429,0
2023-12-20 00:00:00,1.174214963,4.45,0,0.0001,4.45,0
2023-12-21 00:00:00,1.186666624,4.371428571,0,0.0001,4.371428571,0
2023-12-22 00:00:00,1.254062114,4.292857143,0,0.0001,4.292857143,0
2023-12-23 00:00:00,1.276609747,4.214285714,0,0.0001,4.214285714,0
2023-12-24 00:00:00,1.277596734,4.135714286,0,0.0001,4.135714286,0
2023-12-25 00:00:00,1.291299577,4.057142857,0,0.0001,4.057142857,0
2023-12-26 00:00:00,1.297219172,3.978571429,0,0.0001,3.978571429,0
2023-12-27 00:00:00,1.284669327,3.9,0,0.0001,3.9,0
2023-12-28 00:00:00,1.340055389,3.821428571,0,0.0001,3.821428571,0
2023-12-29 00:00:00,1.46865277,3.742857143,0,0.0001,3.742857143,0
2023-12-30 00:00:00,1.584926846,3.664285714,0,0.0001,3.664285714,0
2023-12-31 00:00:00,1.626242639,3.585714286,0,0.0001,3.585714286,0
2024-01-01 00:00:00,1.675088616,3.507142857,0,0.0001,3.507142857,0
2024-01-02 00:00:00,1.704492117,3.428571429,0,0.0001,3.428571429,0
2024-01-03 00:00:00,1.77745991,3.35,0,0.0001,3.35,0
2024-01-04 00:00:00,1.774193104,3.271428571,0,0.0001,3.271428571,0
2024-01-05 00:00:00,1.713654643,3.192857143,0,0.0001,3.192857143,0
2024-01-06 00:00:00,1.644906537,3.114285714,0,0.0001,3.114285714,0
2024-01-07 00:00:00,1.566701943,3.035714286,0,0.0001,3.035714286,0
2024-01-08 00:00:00,1.485838785,2.957142857,0,0.0001,2.957142857,0
2024-01-09 00:00:00,1.407445584,2.878571429,0,0.0001,2.878571429,0
2024-01-10 00:00:00,1.335221352,2.8,0,0.0001,2.8,0
2024-01-11 00:00:00,1.271380653,2.8,0,0.0001,2.8,0
2024-01-12 00:00:00,1.210258886,2.8,0,0.0001,2.8,0
2024-01-13 00:00:00,1.167436092,2.8,0,0.0001,2.8,0
2024-01-14 00:00:00,1.174573619,2.8,0,0.0001,2.8,0
2024-01-15 00:00:00,1.196456071,2.8,0,0.0001,2.8,0
2024-01-16 00:00:00,1.187085843,2.8,0,0.0001,2.8,0
2024-01-17 00:00:00,1.166867768,2.8,0,0.0001,2.8,0
2024-01-18 00:00:00,1.124543666,2.8,0,0.0001,2.8,0
2024-01-19 00:00:00,1.081090627,2.8,0,0.0001,2.8,0
2024-01-20 00:00:00,1.100344795,2.85,0,0.0001,2.85,0
2024-01-21 00:00:00,1.221768414,2.9,0,0.0001,2.9,0
2024-01-22 00:00:00,1.44530771,2.95,0,0.0001,2.95,0
2024-01-23 00:00:00,1.689892159,3,0,0.0001,3,0
2024-01-24 00:00:00,1.876658024,3.05,0,0.0001,3.05,0
2024-01-25 00:00:00,1.98302416,3.1,0,0.0001,3.1,0
2024-01-26 00:00:00,2.004170774,3.15,0,0.0001,3.15,0
2024-01-27 00:00:00,1.993994782,3.2,0,0.0001,3.2,0
2024-01-28 00:00:00,1.936831066,3.25,0,0.0001,3.25,0
2024-01-29 00:00:00,1.856203012,3.3,0,0.0001,3.3,0
2024-01-30 00:00:00,1.769706187,3.35,0,0.0001,3.35,0
2024-01-31 00:00:00,1.682360381,3.4,0,0.0001,3.4,0
2024-02-01 00:00:00,1.612800852,3.4,0,0.0001,3.4,0
2024-02-02 00:00:00,1.539314395,3.4,0,0.0001,3.4,0
2024-02-03 00:00:00,1.472940477,3.4,0,0.0001,3.4,0
2024-02-04 00:00:00,1.407473826,3.4,0,0.0001,3.4,0
2024-02-05 00:00:00,1.359601571,3.4,0,0.0001,3.4,0
2024-02-06 00:00:00,1.495627855,3.4,0,0.0001,3.4,0
2024-02-07 00:00:00,1.673528306,3.4,0,0.0001,3.4,0
2024-02-08 00:00:00,1.739480816,3.4,0,0.0001,3.4,0
2024-02-09 00:00:00,1.737525147,3.4,0,0.0001,3.4,0
2024-02-10 00:00:00,1.72983523,3.4,0,0.0001,3.4,0
2024-02-11 00:00:00,1.702292489,3.4,0,0.0001,3.4,0
2024-02-12 00:00:00,1.750405377,3.4,0,0.0001,3.4,0
2024-02-13 00:00:00,1.827069257,3.4,0,0.0001,3.4,0
2024-02-14 00:00:00,1.845512874,3.4,0,0.0001,3.4,0
2024-02-15 00:00:00,1.821941984,3.507692308,0,0.0001,3.507692308,0
2024-02-16 00:00:00,1.777282818,3.615384615,0,0.0001,3.615384615,0
2024-02-17 00:00:00,1.719551972,3.723076923,0,0.0001,3.723076923,0
2024-02-18 00:00:00,1.66111574,3.830769231,0,0.0001,3.830769231,0
2024-02-19 00:00:00,1.619554334,3.938461538,0,0.0001,3.938461538,0
2024-02-20 00:00:00,1.56917135,4.046153846,0,0.0001,4.046153846,0
2024-02-21 00:00:00,1.518365757,4.153846154,0,0.0001,4.153846154,0
2024-02-22 00:00:00,1.47258224,4.261538462,0,0.0001,4.261538462,0
2024-02-23 00:00:00,1.462935191,4.369230769,0,0.0001,4.369230769,0
2024-02-24 00:00:00,1.450828059,4.476923077,0,0.0001,4.476923077,0
2024-02-25 00:00:00,1.446780707,4.584615385,0,0.0001,4.584615385,0
2024-02-26 00:00:00,1.433949358,4.692307692,0,0.0001,4.692307692,0
2024-02-27 00:00:00,1.401199793,4.8,0,0.0001,4.8,0
2024-02-28 00:00:00,1.358519376,4.80625,0,0.0001,4.80625,0
2024-02-29 00:00:00,1.315081594,4.8125,0,0.0001,4.8125,0
2024-03-01 00:00:00,1.275151427,4.81875,0,0.0001,4.81875,0
2024-03-02 00:00:00,1.239451056,4.825,0,0.0001,4.825,0
2024-03-03 00:00:00,1.2019416,4.83125,0,0.0001,4.83125,0
2024-03-04 00:00:00,1.163893014,4.8375,0,0.0001,4.8375,0
2024-03-05 00:00:00,1.122480507,4.84375,0,0.0001,4.84375,0
2024-03-06 00:00:00,1.087030835,4.85,0,0.0001,4.85,0
2024-03-07 00:00:00,1.050819058,4.85625,0,0.0001,4.85625,0
2024-03-08 00:00:00,1.015867808,4.8625,0,0.0001,4.8625,0
2024-03-09 00:00:00,0.982976113,4.86875,0,0.0001,4.86875,0
2024-03-10 00:00:00,0.954765619,4.875,0,0.0001,4.875,0
2024-03-11 00:00:00,0.927156563,4.88125,0,0.0001,4.88125,0
2024-03-12 00:00:00,0.896088829,4.8875,0,0.0001,4.8875,0
2024-03-13 00:00:00,0.867090671,4.89375,0,0.0001,4.89375,0
2024-03-14 00:00:00,0.844015365,4.9,0,0.0001,4.9,0
2024-03-15 00:00:00,0.826079544,4.993103448,0,0.0001,4.993103448,0
2024-03-16 00:00:00,0.808864403,5.086206897,0,0.0001,5.086206897,0
2024-03-17 00:00:00,0.786357871,5.179310345,0,0.0001,5.179310345,0
2024-03-18 00:00:00,0.762105327,5.272413793,0,0.0001,5.272413793,0
2024-03-19 00:00:00,0.737501563,5.365517241,0,0.0001,5.365517241,0
2024-03-20 00:00:00,0.717289227,5.45862069,0,0.0001,5.45862069,0
2024-03-21 00:00:00,0.713636311,5.551724138,0,0.0001,5.551724138,0
2024-03-22 00:00:00,0.703861444,5.644827586,0,0.0001,5.644827586,0
2024-03-23 00:00:00,0.69035872,5.737931034,0,0.0001,5.737931034,0
2024-03-24 00:00:00,0.685571405,5.831034483,0,0.0001,5.831034483,0
2024-03-25 00:00:00,0.685324504,5.924137931,0,0.0001,5.924137931,0
2024-03-26 00:00:00,0.673218408,6.017241379,0,0.0001,6.017241379,0
2024-03-27 00:00:00,0.657014403,6.110344828,0,0.0001,6.110344828,0
2024-03-28 00:00:00,0.642898576,6.203448276,0,0.0001,6.203448276,0
2024-03-29 00:00:00,0.634027829,6.296551724,0,0.0001,6.296551724,0
2024-03-30 00:00:00,0.621351586,6.389655172,0,0.0001,6.389655172,0
2024-03-31 00:00:00,0.605695663,6.482758621,0,0.0001,6.482758621,0
2024-04-01 00:00:00,0.593650821,6.575862069,0,0.0001,6.575862069,0
2024-04-02 00:00:00,0.717942558,6.668965517,0,0.0001,6.668965517,0
2024-04-03 00:00:00,0.878778577,6.762068966,0,0.0001,6.762068966,0
2024-04-04 00:00:00,0.996327,6.855172414,0,0.0001,6.855172414,0
2024-04-05 00:00:00,1.087018699,6.948275862,0,0.0001,6.948275862,0
2024-04-06 00:00:00,1.183116225,7.04137931,0,0.0001,7.04137931,0
2024-04-07 00:00:00,1.250624697,7.134482759,0,0.0001,7.134482759,0
2024-04-08 00:00:00,1.284455634,7.227586207,0,0.0001,7.227586207,0
2024-04-09 00:00:00,1.284093843,7.320689655,0,0.0001,7.320689655,0
2024-04-10 00:00:00,1.261921199,7.413793103,0,0.0001,7.413793103,0
2024-04-11 00:00:00,1.227146291,7.506896552,0,0.0001,7.506896552,0
2024-04-12 00:00:00,1.191592866,7.6,0,0.0001,7.6,0
2024-04-13 00:00:00,1.152986147,7.82,0,0.0001,7.82,0
2024-04-14 00:00:00,1.111421995,8.04,0,0.0001,8.04,0
2024-04-15 00:00:00,1.070161144,8.26,0,0.0001,8.26,0
2024-04-16 00:00:00,1.027413957,8.48,0,0.0001,8.48,0
2024-04-17 00:00:00,0.980817259,8.7,0,0.0001,8.7,0
2024-04-18 00:00:00,0.934536791,8.92,0,0.0001,8.92,0
2024-04-19 00:00:00,0.903839207,9.14,0,0.0001,9.14,0
2024-04-20 00:00:00,0.882134942,9.36,0,0.0001,9.36,0
2024-04-21 00:00:00,0.89406889,9.58,0,0.0001,9.58,0
2024-04-22 00:00:00,0.874733614,9.8,0,0.0001,9.8,0
2024-04-23 00:00:00,0.855278631,10.02,0,0.0001,10.02,0
2024-04-24 00:00:00,0.850129723,10.24,0,0.0001,10.24,0
2024-04-25 00:00:00,0.832159015,10.46,0,0.0001,10.46,0
2024-04-26 00:00:00,0.832138145,10.68,0,0.0001,10.68,0
2024-04-27 00:00:00,0.862480227,10.9,0,0.0001,10.9,0
2024-04-28 00:00:00,0.873952629,11.12,0,0.0001,11.12,0
2024-04-29 00:00:00,0.868374233,11.34,0,0.0001,11.34,0
2024-04-30 00:00:00,0.847653626,11.56,0,0.0001,11.56,0
2024-05-01 00:00:00,0.818779113,11.78,0,0.0001,11.78,0
2024-05-02 00:00:00,0.788868835,12,0,0.0001,12,0
2024-05-03 00:00:00,0.754965862,12.22,0,0.0001,12.22,0
2024-05-04 00:00:00,0.721832226,12.44,0,0.0001,12.44,0
2024-05-05 00:00:00,0.698181193,12.66,0,0.0001,12.66,0
2024-05-06 00:00:00,0.686691734,12.88,0,0.0001,12.88,0
2024-05-07 00:00:00,0.661825854,13.1,0,0.0001,13.1,0
2024-05-08 00:00:00,0.631256605,13.8,0,0.0001,13.8,0
2024-05-09 00:00:00,0.601207328,14.05,0,0.0001,14.05,0
2024-05-10 00:00:00,0.573970521,14.3,0,0.0001,14.3,0
2024-05-11 00:00:00,0.549127424,14.55,0,0.0001,14.55,0
2024-05-12 00:00:00,0.524770171,14.8,0,0.0001,14.8,0
2024-05-13 00:00:00,0.49738388,15.05,0,0.0001,15.05,0
2024-05-14 00:00:00,0.470692429,15.3,0,0.0001,15.3,0
2024-05-15 00:00:00,0.446213867,15.55,0,0.0001,15.55,0
2024-05-16 00:00:00,0.422199369,15.8,0,0.0001,15.8,0
2024-05-17 00:00:00,0.398921672,16.05,0,0.0001,16.05,0
2024-05-18 00:00:00,0.379527779,16.3,0,0.0001,16.3,0
2024-05-19 00:00:00,0.363323328,16.55,0,0.0001,16.55,0
2024-05-20 00:00:00,0.348276692,16.8,0,0.0001,16.8,0
2024-05-21 00:00:00,0.333092259,17.05,0,0.0001,17.05,0
2024-05-22 00:00:00,0.31659728,17.3,0,0.0001,17.3,0
2024-05-23 00:00:00,0.311957412,17.55,0,0.0001,17.55,0
2024-05-24 00:00:00,0.312376068,17.8,0,0.0001,17.8,0
2024-05-25 00:00:00,0.304089494,18.05,0,0.0001,18.05,0
2024-05-26 00:00:00,0.296295941,18.3,0,0.0001,18.3,0
2024-05-27 00:00:00,0.288082832,18.55,0,0.0001,18.55,0
2024-05-28 00:00:00,0.298592489,18.8,0,0.0001,18.8,0
2024-05-29 00:00:00,0.311240872,19.05,0,0.0001,19.05,0
2024-05-30 00:00:00,0.315783785,19.3,0,0.0001,19.3,0
2024-05-31 00:00:00,0.338461659,19.36896552,0,0.0001,19.36896552,0
2024-06-01 00:00:00,0.352182126,19.43793103,0,0.0001,19.43793103,0
2024-06-02 00:00:00,0.347294909,19.50689655,0,0.0001,19.50689655,0
2024-06-03 00:00:00,0.336572181,19.57586207,0,0.0001,19.57586207,0
2024-06-04 00:00:00,0.328740733,19.64482759,0,0.0001,19.64482759,0
2024-06-05 00:00:00,0.33653744,19.7137931,0,0.0001,19.7137931,0
2024-06-06 00:00:00,0.336949207,19.78275862,0,0.0001,19.78275862,0
2024-06-07 00:00:00,0.334930281,19.85172414,0,0.0001,19.85172414,0
2024-06-08 00:00:00,0.362423632,19.92068966,0,0.0001,19.92068966,0
2024-06-09 00:00:00,0.408530583,19.98965517,0,0.0001,19.98965517,0
2024-06-10 00:00:00,0.421225191,20.05862069,0,0.0001,20.05862069,0
2024-06-11 00:00:00,0.425856974,20.12758621,0,0.0001,20.12758621,0
2024-06-12 00:00:00,0.422227047,20.19655172,0,0.0001,20.19655172,0
2024-06-13 00:00:00,0.415280078,20.26551724,0,0.0001,20.26551724,0
2024-06-14 00:00:00,0.409679403,20.33448276,0,0.0001,20.33448276,0
2024-06-15 00:00:00,0.429893736,20.40344828,0,0.0001,20.40344828,0
2024-06-16 00:00:00,0.472530848,20.47241379,0,0.0001,20.47241379,0
2024-06-17 00:00:00,0.487310047,20.54137931,0,0.0001,20.54137931,0
2024-06-18 00:00:00,0.487763055,20.61034483,0,0.0001,20.61034483,0
2024-06-19 00:00:00,0.47768771,20.67931034,0,0.0001,20.67931034,0
2024-06-20 00:00:00,0.4619576,20.74827586,0,0.0001,20.74827586,0
2024-06-21 00:00:00,0.456009304,20.81724138,0,0.0001,20.81724138,0
2024-06-22 00:00:00,0.562626478,20.8862069,0,0.0001,20.8862069,0
2024-06-23 00:00:00,0.604429598,20.95517241,0,0.0001,20.95517241,0
2024-06-24 00:00:00,0.620940174,21.02413793,0,0.0001,21.02413793,0
2024-06-25 00:00:00,0.622684771,21.09310345,0,0.0001,21.09310345,0
2024-06-26 00:00:00,0.61098544,21.16206897,0,0.0001,21.16206897,0
2024-06-27 00:00:00,0.592312794,21.23103448,0,0.0001,21.23103448,0
2024-06-28 00:00:00,0.573137077,21.3,0,0.0001,21.3,0
2024-06-29 00:00:00,0.546340227,21.25806452,0,0.0001,21.25806452,0
2024-06-30 00:00:00,0.520950187,21.21612903,0,0.0001,21.21612903,0
2024-07-01 00:00:00,0.493310868,21.17419355,0,0.0001,21.17419355,0
2024-07-02 00:00:00,0.466594249,21.13225806,0,0.0001,21.13225806,0
2024-07-03 00:00:00,0.44075401,21.09032258,0,0.0001,21.09032258,0
2024-07-04 00:00:00,0.433874238,21.0483871,0,0.0001,21.0483871,0
2024-07-05 00:00:00,0.429368834,21.00645161,0,0.0001,21.00645161,0
2024-07-06 00:00:00,0.427003668,20.96451613,0,0.0001,20.96451613,0
2024-07-07 00:00:00,0.424329771,20.92258065,0,0.0001,20.92258065,0
2024-07-08 00:00:00,0.418189727,20.88064516,0,0.0001,20.88064516,0
2024-07-09 00:00:00,0.409308034,20.83870968,0,0.0001,20.83870968,0
2024-07-10 00:00:00,0.397752956,20.79677419,0,0.0001,20.79677419,0
2024-07-11 00:00:00,0.385630949,20.75483871,0,0.0001,20.75483871,0
2024-07-12 00:00:00,0.373159458,20.71290323,0,0.0001,20.71290323,0
2024-07-13 00:00:00,0.391248274,20.67096774,0,0.0001,20.67096774,0
2024-07-14 00:00:00,0.397395772,20.62903226,0,0.0001,20.62903226,0
2024-07-15 00:00:00,0.410186735,20.58709677,0,0.0001,20.58709677,0
2024-07-16 00:00:00,0.428913043,20.54516129,0,0.0001,20.54516129,0
2024-07-17 00:00:00,0.452136465,20.50322581,0,0.0001,20.50322581,0
2024-07-18 00:00:00,0.452812517,20.46129032,0,0.0001,20.46129032,0
2024-07-19 00:00:00,0.449178142,20.41935484,0,0.0001,20.41935484,0
2024-07-20 00:00:00,0.442079113,20.37741935,0,0.0001,20.37741935,0
2024-07-21 00:00:00,0.431308754,20.33548387,0,0.0001,20.33548387,0
2024-07-22 00:00:00,0.474282772,20.29354839,0,0.0001,20.29354839,0
2024-07-23 00:00:00,0.517192458,20.2516129,0,0.0001,20.2516129,0
2024-07-24 00:00:00,0.540618947,20.20967742,0,0.0001,20.20967742,0
2024-07-25 00:00:00,0.546866842,20.16774194,0,0.0001,20.16774194,0
2024-07-26 00:00:00,0.563750917,20.12580645,0,0.0001,20.12580645,0
2024-07-27 00:00:00,0.575553718,20.08387097,0,0.0001,20.08387097,0
2024-07-28 00:00:00,0.567220608,20.04193548,0,0.0001,20.04193548,0
2024-07-29 00:00:00,0.553092344,20,0,0.0001,20,0
2024-07-30 00:00:00,0.539706905,20.00512821,0,0.0001,20.00512821,0
2024-07-31 00:00:00,0.521909499,20.01025641,0,0.0001,20.01025641,0
2024-08-01 00:00:00,0.501866386,20.01538462,0,0.0001,20.01538462,0
2024-08-02 00:00:00,0.481663824,20.02051282,0,0.0001,20.02051282,0
2024-08-03 00:00:00,0.460422321,20.02564103,0,0.0001,20.02564103,0
2024-08-04 00:00:00,0.441729538,20.03076923,0,0.0001,20.03076923,0
2024-08-05 00:00:00,0.422097157,20.03589744,0,0.0001,20.03589744,0
2024-08-06 00:00:00,0.404338722,20.04102564,0,0.0001,20.04102564,0
2024-08-07 00:00:00,0.389182903,20.04615385,0,0.0001,20.04615385,0
2024-08-08 00:00:00,0.378019672,20.05128205,0,0.0001,20.05128205,0
2024-08-09 00:00:00,0.380384693,20.05641026,0,0.0001,20.05641026,0
2024-08-10 00:00:00,0.373777927,20.06153846,0,0.0001,20.06153846,0
2024-08-11 00:00:00,0.356643299,20.06666667,0,0.0001,20.06666667,0
2024-08-12 00:00:00,0.34207997,20.07179487,0,0.0001,20.07179487,0
2024-08-13 00:00:00,0.330202646,20.07692308,0,0.0001,20.07692308,0
2024-08-14 00:00:00,0.335667056,20.08205128,0,0.0001,20.08205128,0
2024-08-15 00:00:00,0.332749114,20.08717949,0,0.0001,20.08717949,0
2024-08-16 00:00:00,0.335182488,20.09230769,0,0.0001,20.09230769,0
2024-08-17 00:00:00,0.334223211,20.0974359,0,0.0001,20.0974359,0
2024-08-18 00:00:00,0.323987147,20.1025641,0,0.0001,20.1025641,0
2024-08-19 00:00:00,0.313552607,20.10769231,0,0.0001,20.10769231,0
2024-08-20 00:00:00,0.303943903,20.11282051,0,0.0001,20.11282051,0
2024-08-21 00:00:00,0.307133972,20.11794872,0,0.0001,20.11794872,0
2024-08-22 00:00:00,0.303889723,20.12307692,0,0.0001,20.12307692,0
2024-08-23 00:00:00,0.318517363,20.12820513,0,0.0001,20.12820513,0
2024-08-24 00:00:00,0.324467874,20.13333333,0,0.0001,20.13333333,0
2024-08-25 00:00:00,0.352807502,20.13846154,0,0.0001,20.13846154,0
2024-08-26 00:00:00,0.365469098,20.14358974,0,0.0001,20.14358974,0
2024-08-27 00:00:00,0.378052524,20.14871795,0,0.0001,20.14871795,0
2024-08-28 00:00:00,0.38516961,20.15384615,0,0.0001,20.15384615,0
2024-08-29 00:00:00,0.384763037,20.15897436,0,0.0001,20.15897436,0
2024-08-30 00:00:00,0.381051426,20.16410256,0,0.0001,20.16410256,0
2024-08-31 00:00:00,0.372181119,20.16923077,0,0.0001,20.16923077,0
2024-09-01 00:00:00,0.362846783,20.17435897,0,0.0001,20.17435897,0
2024-09-02 00:00:00,0.352257517,20.17948718,0,0.0001,20.17948718,0
2024-09-03 00:00:00,0.341400923,20.18461538,0,0.0001,20.18461538,0
2024-09-04 00:00:00,0.333108967,20.18974359,0,0.0001,20.18974359,0
2024-09-05 00:00:00,0.325085772,20.19487179,0,0.0001,20.19487179,0
2024-09-06 00:00:00,0.314436754,20.2,0,0.0001,20.2,0
2024-09-07 00:00:00,0.302165786,19.97857143,0,0.0001,19.97857143,0
2024-09-08 00:00:00,0.29191287,19.75714286,0,0.0001,19.75714286,0
2024-09-09 00:00:00,0.289414267,19.53571429,0,0.0001,19.53571429,0
2024-09-10 00:00:00,0.288756665,19.31428571,0,0.0001,19.31428571,0
2024-09-11 00:00:00,0.302103717,19.09285714,0,0.0001,19.09285714,0
2024-09-12 00:00:00,0.302555042,18.87142857,0,0.0001,18.87142857,0
2024-09-13 00:00:00,0.297916994,18.65,0,0.0001,18.65,0
2024-09-14 00:00:00,0.28840588,18.42857143,0,0.0001,18.42857143,0
2024-09-15 00:00:00,0.279828839,18.20714286,0,0.0001,18.20714286,0
2024-09-16 00:00:00,0.272319716,17.98571429,0,0.0001,17.98571429,0
2024-09-17 00:00:00,0.264826828,17.76428571,0,0.0001,17.76428571,0
2024-09-18 00:00:00,0.257496162,17.54285714,0,0.0001,17.54285714,0
2024-09-19 00:00:00,0.250103184,17.32142857,0,0.0001,17.32142857,0
2024-09-20 00:00:00,0.242133501,17.1,0,0.0001,17.1,0
2024-09-21 00:00:00,0.234880317,16.87857143,0,0.0001,16.87857143,0
2024-09-22 00:00:00,0.228254514,16.65714286,0,0.0001,16.65714286,0
2024-09-23 00:00:00,0.221757393,16.43571429,0,0.0001,16.43571429,0
2024-09-24 00:00:00,0.216875551,16.21428571,0,0.0001,16.21428571,0
2024-09-25 00:00:00,0.212164811,15.99285714,0,0.0001,15.99285714,0
2024-09-26 00:00:00,0.21848255,15.77142857,0,0.0001,15.77142857,0
2024-09-27 00:00:00,0.261154034,15.55,0,0.0001,15.55,0
2024-09-28 00:00:00,0.322624249,15.32857143,0,0.0001,15.32857143,0
2024-09-29 00:00:00,0.350525811,15.10714286,0,0.0001,15.10714286,0
2024-09-30 00:00:00,0.37013345,14.88571429,0,0.0001,14.88571429,0
2024-10-01 00:00:00,0.3744872,14.66428571,0,0.0001,14.66428571,0
2024-10-02 00:00:00,0.369351094,14.44285714,0,0.0001,14.44285714,0
2024-10-03 00:00:00,0.362692632,14.22142857,0,0.0001,14.22142857,0
2024-10-04 00:00:00,0.354053728,14,0,0.0001,14,0
2024-10-05 00:00:00,0.344168831,13.85384615,0,0.0001,13.85384615,0
2024-10-06 00:00:00,0.334575829,13.70769231,0,0.0001,13.70769231,0
2024-10-07 00:00:00,0.329059335,13.56153846,0,0.0001,13.56153846,0
2024-10-08 00:00:00,0.329670289,13.41538462,0,0.0001,13.41538462,0
2024-10-09 00:00:00,0.331728853,13.26923077,0,0.0001,13.26923077,0
2024-10-10 00:00:00,0.331406538,13.12307692,0,0.0001,13.12307692,0
2024-10-11 00:00:00,0.331200077,12.97692308,0,0.0001,12.97692308,0
2024-10-12 00:00:00,0.336803286,12.83076923,0,0.0001,12.83076923,0
2024-10-13 00:00:00,0.335614742,12.68461538,0,0.0001,12.68461538,0
2024-10-14 00:00:00,0.332238106,12.53846154,0,0.0001,12.53846154,0
2024-10-15 00:00:00,0.325139371,12.39230769,0,0.0001,12.39230769,0
2024-10-16 00:00:00,0.317162987,12.24615385,0,0.0001,12.24615385,0
2024-10-17 00:00:00,0.308226418,12.1,0,0.0001,12.1,0
2024-10-18 00:00:00,0.30463381,12.0375,0,0.0001,12.0375,0
2024-10-19 00:00:00,0.301442254,11.975,0,0.0001,11.975,0
2024-10-20 00:00:00,0.298490257,11.9125,0,0.0001,11.9125,0
2024-10-21 00:00:00,0.300125031,11.85,0,0.0001,11.85,0
2024-10-22 00:00:00,0.297726671,11.7875,0,0.0001,11.7875,0
2024-10-23 00:00:00,0.293104208,11.725,0,0.0001,11.725,0
2024-10-24 00:00:00,0.288467877,11.6625,0,0.0001,11.6625,0
2024-10-25 00:00:00,0.284527943,11.6,0,0.0001,11.6,0
2024-10-26 00:00:00,0.280909576,11.52105263,0,0.0001,11.52105263,0
2024-10-27 00:00:00,0.28053658,11.44210526,0,0.0001,11.44210526,0
2024-10-28 00:00:00,0.278745334,11.36315789,0,0.0001,11.36315789,0
2024-10-29 00:00:00,0.277139326,11.28421053,0,0.0001,11.28421053,0
2024-10-30 00:00:00,0.273696404,11.20526316,0,0.0001,11.20526316,0
2024-10-31 00:00:00,0.267656532,11.12631579,0,0.0001,11.12631579,0
2024-11-01 00:00:00,0.264603134,11.04736842,0,0.0001,11.04736842,0
2024-11-02 00:00:00,0.259223289,10.96842105,0,0.0001,10.96842105,0
2024-11-03 00:00:00,0.252920326,10.88947368,0,0.0001,10.88947368,0
2024-11-04 00:00:00,0.249714082,10.81052632,0,0.0001,10.81052632,0
2024-11-05 00:00:00,0.247283527,10.73157895,0,0.0001,10.73157895,0
2024-11-06 00:00:00,0.244255774,10.65263158,0,0.0001,10.65263158,0
2024-11-07 00:00:00,0.24089465,10.57368421,0,0.0001,10.57368421,0
2024-11-08 00:00:00,0.239082845,10.49473684,0,0.0001,10.49473684,0
2024-11-09 00:00:00,0.236173148,10.41578947,0,0.0001,10.41578947,0
2024-11-10 00:00:00,0.23292223,10.33684211,0,0.0001,10.33684211,0
2024-11-11 00:00:00,0.232221607,10.25789474,0,0.0001,10.25789474,0
2024-11-12 00:00:00,0.230376974,10.17894737,0,0.0001,10.17894737,0
2024-11-13 00:00:00,0.228812547,10.1,0,0.0001,10.1,0
2024-11-14 00:00:00,0.227242245,9.946666667,0,0.0001,9.946666667,0
2024-11-15 00:00:00,0.225662033,9.793333333,0,0.0001,9.793333333,0
2024-11-16 00:00:00,0.228900387,9.64,0,0.0001,9.64,0
2024-11-17 00:00:00,0.231105002,9.486666667,0,0.0001,9.486666667,0
2024-11-18 00:00:00,0.232885766,9.333333333,0,0.0001,9.333333333,0
2024-11-19 00:00:00,0.232048845,9.18,0,0.0001,9.18,0
2024-11-20 00:00:00,0.231659464,9.026666667,0,0.0001,9.026666667,0
2024-11-21 00:00:00,0.230448103,8.873333333,0,0.0001,8.873333333,0
2024-11-22 00:00:00,0.229125197,8.72,0,0.0001,8.72,0
2024-11-23 00:00:00,0.226451614,8.566666667,0,0.0001,8.566666667,0
2024-11-24 00:00:00,0.241434548,8.413333333,0,0.0001,8.413333333,0
2024-11-25 00:00:00,0.257795619,8.26,0,0.0001,8.26,0
2024-11-26 00:00:00,0.268580065,8.106666667,0,0.0001,8.106666667,0
2024-11-27 00:00:00,0.274588979,7.953333333,0,0.0001,7.953333333,0
2024-11-28 00:00:00,0.300926687,7.8,0,0.0001,7.8,0
2024-11-29 00:00:00,0.31898042,7.7,0,0.0001,7.7,0
2024-11-30 00:00:00,0.330319645,7.6,0,0.0001,7.6,0
2024-12-01 00:00:00,0.33775064,7.5,0,0.0001,7.5,0
2024-12-02 00:00:00,0.34887292,7.4,0,0.0001,7.4,0
2024-12-03 00:00:00,0.36022239,7.3,0,0.0001,7.3,0
2024-12-04 00:00:00,0.369059015,7.2,0,0.0001,7.2,0
2024-12-05 00:00:00,0.376521779,7.1,0,0.0001,7.1,0
2024-12-06 00:00:00,0.395113743,7,0,0.0001,7,0
2024-12-07 00:00:00,0.414890455,6.9,0,0.0001,6.9,0
2024-12-08 00:00:00,0.448548692,6.8,0,0.0001,6.8,0
2024-12-09 00:00:00,0.475812353,6.7,0,0.0001,6.7,0
2024-12-10 00:00:00,0.493678225,6.6,0,0.0001,6.6,0
2024-12-11 00:00:00,0.501253422,6.5,0,0.0001,6.5,0
2024-12-12 00:00:00,0.496949503,6.4,0,0.0001,6.4,0
2024-12-13 00:00:00,0.487137189,6.3,0,0.0001,6.3,0
2024-12-14 00:00:00,0.478216059,6.2,0,0.0001,6.2,0
2024-12-15 00:00:00,0.469450007,6.1,0,0.0001,6.1,0
2024-12-16 00:00:00,0.467732663,6,0,0.0001,6,0
2024-12-17 00:00:00,0.46674857,5.9,0,0.0001,5.9,0
2024-12-18 00:00:00,0.466246183,5.8,0,0.0001,5.8,0
2024-12-19 00:00:00,0.488004712,5.7,0,0.0001,5.7,0
2024-12-20 00:00:00,0.510433427,5.6,0,0.0001,5.6,0
2024-12-21 00:00:00,0.526350172,5.5,0,0.0001,5.5,0
2024-12-22 00:00:00,0.542611289,5.4,0,0.0001,5.4,0
2024-12-23 00:00:00,0.552431679,5.3,0,0.0001,5.3,0
2024-12-24 00:00:00,0.552586914,5.2,0,0.0001,5.2,0
2024-12-25 00:00:00,0.546965153,5.1,0,0.0001,5.1,0
2024-12-26 00:00:00,0.538020752,5,0,0.0001,5,0
2024-12-27 00:00:00,0.526139894,4.9,0,0.0001,4.9,0
2024-12-28 00:00:00,0.513365565,4.8,0,0.0001,4.8,0
2024-12-29 00:00:00,0.499481484,4.7,0,0.0001,4.7,0
2024-12-30 00:00:00,0.499866841,4.6,0,0.0001,4.6,0
2024-12-31 00:00:00,0.538763785,4.5,0,0.0001,4.5,0
