datetime,wq_po4_gramsPerMeterCubed_1,wq_pop_gramsPerMeterCubed_1,wq_nh4_gramsPerMeterCubed_1,wq_no3_gramsPerMeterCubed_1,wq_sio2_gramsPerMeterCubed_1,wq_po4_gramsPerMeterCubed_2,wq_pop_gramsPerMeterCubed_2,wq_nh4_gramsPerMeterCubed_2,wq_no3_gramsPerMeterCubed_2,wq_sio2_gramsPerMeterCubed_2
1990-01-01 00:00:00,0.02648611,0.010611803,0.082835399,7.053503269,2.701130177,0,0,0,0,0
1990-01-02 00:00:00,0.028422765,0.014146495,0.180319674,7.021867419,3.522398812,0,0,0,0,0
1990-01-03 00:00:00,0.026278617,0.010370189,0.077962724,7.112288291,2.687265397,0,0,0,0,0
1990-01-04 00:00:00,0.026016317,0.009952033,0.06705131,7.149660512,2.608218683,0,0,0,0,0
1990-01-05 00:00:00,0.025652424,0.009388299,0.052687115,7.199769762,2.502382765,0,0,0,0,0
1990-01-06 00:00:00,0.025756442,0.009575388,0.057680639,7.227050008,2.549725684,0,0,0,0,0
1990-01-07 00:00:00,0.025774023,0.009554764,0.056722083,7.240253819,2.548422584,0,0,0,0,0
1990-01-08 00:00:00,0.025717006,0.009442089,0.053635957,7.272063176,2.529338402,0,0,0,0,0
1990-01-09 00:00:00,0.025542524,0.009142995,0.045450079,7.320201305,2.467527102,0,0,0,0,0
1990-01-10 00:00:00,0.025730226,0.009386973,0.051495812,7.3250515,2.520263838,0,0,0,0,0
1990-01-11 00:00:00,0.025706404,0.009301601,0.048926654,7.356857795,2.502522798,0,0,0,0,0
1990-01-12 00:00:00,0.025863913,0.009469852,0.052721461,7.365215249,2.534608054,0,0,0,0,0
1990-01-13 00:00:00,0.025839431,0.00932793,0.048051337,7.387990574,2.497264971,0,0,0,0,0
1990-01-14 00:00:00,0.026091801,0.009554725,0.052599933,7.366024816,2.532689877,0,0,0,0,0
1990-01-15 00:00:00,0.02624016,0.009632714,0.053561665,7.35351535,2.541235304,0,0,0,0,0
1990-01-16 00:00:00,0.026304417,0.009641829,0.053228812,7.374254496,2.538412988,0,0,0,0,0
1990-01-17 00:00:00,0.026820148,0.010220856,0.066441899,7.325147129,2.636557048,0,0,0,0,0
1990-01-18 00:00:00,0.026523957,0.009565635,0.047845942,7.350918154,2.489643517,0,0,0,0,0
1990-01-19 00:00:00,0.02641663,0.009347485,0.041600022,7.422889039,2.434692015,0,0,0,0,0
1990-01-20 00:00:00,0.027025981,0.010100789,0.060324199,7.359646428,2.579652809,0,0,0,0,0
1990-01-21 00:00:00,0.027045794,0.010012731,0.057657887,7.385165438,2.556917864,0,0,0,0,0
1990-01-22 00:00:00,0.02720876,0.010138198,0.060403831,7.394502055,2.575343017,0,0,0,0,0
1990-01-23 00:00:00,0.027381971,0.010261737,0.063094928,7.398153496,2.593318351,0,0,0,0,0
1990-01-24 00:00:00,0.02748197,0.010282628,0.063372458,7.412312099,2.592978703,0,0,0,0,0
1990-01-25 00:00:00,0.027576944,0.010294322,0.063408896,7.427673651,2.590632597,0,0,0,0,0
1990-01-26 00:00:00,0.027669302,0.01029627,0.063238753,7.443359238,2.586370309,0,0,0,0,0
1990-01-27 00:00:00,0.027777016,0.01030898,0.063386471,7.457304729,2.584104293,0,0,0,0,0
1990-01-28 00:00:00,0.027891324,0.01033298,0.063703589,7.470134736,2.582618592,0,0,0,0,0
1990-01-29 00:00:00,0.028010097,0.010349512,0.063899055,7.482346182,2.579618169,0,0,0,0,0
1990-01-30 00:00:00,0.02815552,0.010397095,0.064797241,7.490968089,2.581448895,0,0,0,0,0
1990-01-31 00:00:00,0.028305268,0.010446693,0.065773405,7.499454845,2.583351994,0,0,0,0,0
1990-02-01 00:00:00,0.028465861,0.010507169,0.067010256,7.506998024,2.586781889,0,0,0,0,0
1990-02-02 00:00:00,0.028764132,0.010882127,0.078208169,7.499484765,2.673210244,0,0,0,0,0
1990-02-03 00:00:00,0.028747072,0.010545989,0.067291431,7.528194199,2.575374551,0,0,0,0,0
1990-02-04 00:00:00,0.028982508,0.010689362,0.070575836,7.523044868,2.592713285,0,0,0,0,0
1990-02-05 00:00:00,0.029170136,0.010755111,0.071782992,7.526087953,2.593838405,0,0,0,0,0
1990-02-06 00:00:00,0.029381123,0.010846602,0.07371158,7.524909547,2.599937325,0,0,0,0,0
1990-02-07 00:00:00,0.029593894,0.01093299,0.075444997,7.523781464,2.604072909,0,0,0,0,0
1990-02-08 00:00:00,0.030036369,0.011546499,0.093574555,7.491246785,2.742784192,0,0,0,0,0
1990-02-09 00:00:00,0.030053564,0.011136479,0.079707223,7.516493026,2.61712445,0,0,0,0,0
1990-02-10 00:00:00,0.030308157,0.011273034,0.082703081,7.509301394,2.629658419,0,0,0,0,0
1990-02-11 00:00:00,0.030505017,0.011311855,0.083262801,7.511849703,2.623661509,0,0,0,0,0
1990-02-12 00:00:00,0.030764511,0.01142676,0.085646292,7.502794772,2.6308258,0,0,0,0,0
1990-02-13 00:00:00,0.031023104,0.01154003,0.088021938,7.493444966,2.63756057,0,0,0,0,0
1990-02-14 00:00:00,0.031251569,0.011596659,0.08892773,7.489890713,2.633133318,0,0,0,0,0
1990-02-15 00:00:00,0.031885564,0.012584274,0.118211007,7.420982895,2.856490224,0,0,0,0,0
1990-02-16 00:00:00,0.031824704,0.011863074,0.09473521,7.464339025,2.652744036,0,0,0,0,0
1990-02-17 00:00:00,0.032105171,0.011986615,0.097363962,7.452785134,2.660230274,0,0,0,0,0
1990-02-18 00:00:00,0.033747616,0.013847632,0.139110761,7.200855428,2.93352378,0,0,0,0,0
1990-02-19 00:00:00,0.034265315,0.013808499,0.132324638,7.082913246,2.862225057,0,0,0,0,0
1990-02-20 00:00:00,0.042214684,0.026100937,0.420502733,6.473439151,4.759931685,0,0,0,0,0
1990-02-21 00:00:00,0.041954214,0.024773189,0.379948257,6.472038926,4.440215145,0,0,0,0,0
1990-02-22 00:00:00,0.04685781,0.030955355,0.494202546,6.289592383,5.028966943,0,0,0,0,0
1990-02-23 00:00:00,0.049223489,0.032622337,0.503262271,6.102748011,4.962451751,0,0,0,0,0
1990-02-24 00:00:00,0.049731936,0.032472675,0.488252026,6.074425686,4.807394213,0,0,0,0,0
1990-02-25 00:00:00,0.04874092,0.030711057,0.454483188,6.044127079,4.61478776,0,0,0,0,0
1990-02-26 00:00:00,0.047004543,0.027877284,0.401880806,5.997345871,4.334431109,0,0,0,0,0
1990-02-27 00:00:00,0.045223115,0.024903144,0.345554487,5.957202962,4.031159711,0,0,0,0,0
1990-02-28 00:00:00,0.043436412,0.02157734,0.275945193,5.936697557,3.622803028,0,0,0,0,0
1990-03-01 00:00:00,0.043004464,0.020644409,0.260673971,5.889367631,3.553807376,0,0,0,0,0
1990-03-02 00:00:00,0.042496461,0.019386328,0.234579785,5.87017655,3.398784716,0,0,0,0,0
1990-03-03 00:00:00,0.041150016,0.015746121,0.140515021,5.955287752,2.744557808,0,0,0,0,0
1990-03-04 00:00:00,0.040915611,0.014627163,0.112318653,5.978925,2.544633344,0,0,0,0,0
1990-03-05 00:00:00,0.04161989,0.015190914,0.124889473,5.911531269,2.617887987,0,0,0,0,0
1990-03-06 00:00:00,0.042358873,0.016725024,0.170699976,5.819582258,2.955978048,0,0,0,0,0
1990-03-07 00:00:00,0.043282773,0.017988583,0.202249317,5.7426245,3.159360888,0,0,0,0,0
1990-03-08 00:00:00,0.04350103,0.017821918,0.197935892,5.740151403,3.118157625,0,0,0,0,0
1990-03-09 00:00:00,0.043049193,0.015292348,0.124560486,5.867840541,2.559021838,0,0,0,0,0
1990-03-10 00:00:00,0.045611686,0.018358674,0.188020314,5.596972794,2.939025565,0,0,0,0,0
1990-03-11 00:00:00,0.046194826,0.018037754,0.174273522,5.529746646,2.823207786,0,0,0,0,0
1990-03-12 00:00:00,0.046626854,0.018297993,0.178741679,5.562577168,2.822833816,0,0,0,0,0
1990-03-13 00:00:00,0.046980989,0.018333833,0.179041677,5.564926321,2.807718182,0,0,0,0,0
1990-03-14 00:00:00,0.04755532,0.018934798,0.194208436,5.536282296,2.896666896,0,0,0,0,0
1990-03-15 00:00:00,0.047614471,0.018464238,0.184194552,5.549820219,2.824028675,0,0,0,0,0
1990-03-16 00:00:00,0.048273866,0.019833188,0.223328757,5.480720392,3.095386337,0,0,0,0,0
1990-03-17 00:00:00,0.047658007,0.01739325,0.161393492,5.599202689,2.660002956,0,0,0,0,0
1990-03-18 00:00:00,0.047790774,0.016967616,0.151520813,5.625052429,2.581925222,0,0,0,0,0
1990-03-19 00:00:00,0.048323393,0.01730155,0.15930574,5.597862855,2.620103203,0,0,0,0,0
1990-03-20 00:00:00,0.053200177,0.024499257,0.311496983,5.070966912,3.55112908,0,0,0,0,0
1990-03-21 00:00:00,0.052491702,0.021310223,0.228387058,5.241417902,2.960799225,0,0,0,0,0
1990-03-22 00:00:00,0.055355066,0.027031297,0.357946562,5.058761278,3.747562228,0,0,0,0,0
1990-03-23 00:00:00,0.05585902,0.02712867,0.358111811,5.037366256,3.728300474,0,0,0,0,0
1990-03-24 00:00:00,0.055734168,0.026244769,0.340671356,5.038808918,3.621399378,0,0,0,0,0
1990-03-25 00:00:00,0.053782611,0.020698219,0.213534833,5.246960191,2.80840226,0,0,0,0,0
1990-03-26 00:00:00,0.054954031,0.021368848,0.223337798,5.132775144,2.850131873,0,0,0,0,0
1990-03-27 00:00:00,0.059574612,0.026532358,0.309712189,4.758166582,3.291140448,0,0,0,0,0
1990-03-28 00:00:00,0.062189707,0.03056086,0.386259593,4.65940846,3.688564121,0,0,0,0,0
1990-03-29 00:00:00,0.061377221,0.027515863,0.318865101,4.73385991,3.268542282,0,0,0,0,0
1990-03-30 00:00:00,0.063559246,0.031451036,0.403269559,4.571218005,3.764201156,0,0,0,0,0
1990-03-31 00:00:00,0.062584062,0.029042948,0.360355022,4.589327305,3.539403086,0,0,0,0,0
1990-04-01 00:00:00,0.060353724,0.022946728,0.231887156,4.768827105,2.771435953,0,0,0,0,0
1990-04-02 00:00:00,0.061103318,0.024969154,0.285657451,4.661811246,3.130355108,0,0,0,0,0
1990-04-03 00:00:00,0.060962429,0.02420615,0.273821235,4.672090459,3.069458551,0,0,0,0,0
1990-04-04 00:00:00,0.060712704,0.022561477,0.237957831,4.741606587,2.837200302,0,0,0,0,0
1990-04-05 00:00:00,0.060753566,0.020463929,0.184139583,4.861355513,2.451946196,0,0,0,0,0
1990-04-06 00:00:00,0.061651658,0.021064375,0.195360302,4.806236778,2.50494741,0,0,0,0,0
1990-04-07 00:00:00,0.063236868,0.023365321,0.242636288,4.684849141,2.771850772,0,0,0,0,0
1990-04-08 00:00:00,0.065967665,0.02699575,0.308568784,4.490032212,3.119339685,0,0,0,0,0
1990-04-09 00:00:00,0.067796297,0.028101491,0.315622379,4.465085544,3.080642694,0,0,0,0,0
1990-04-10 00:00:00,0.070894278,0.03181159,0.372950719,4.328735911,3.334567197,0,0,0,0,0
1990-04-11 00:00:00,0.077091736,0.038452958,0.459755278,4.048819642,3.676870412,0,0,0,0,0
1990-04-12 00:00:00,0.082968937,0.047470083,0.602497214,3.866470964,4.336312982,0,0,0,0,0
1990-04-13 00:00:00,0.080796556,0.043170741,0.535084075,3.929390685,4.011963948,0,0,0,0,0
1990-04-14 00:00:00,0.075393624,0.032576979,0.360071044,4.12463528,3.147304989,0,0,0,0,0
1990-04-15 00:00:00,0.07381923,0.029096865,0.305301819,4.178552983,2.882916895,0,0,0,0,0
1990-04-16 00:00:00,0.073294271,0.027181105,0.273505187,4.206713245,2.718121924,0,0,0,0,0
1990-04-17 00:00:00,0.073715285,0.02651763,0.26045545,4.182911722,2.64201621,0,0,0,0,0
1990-04-18 00:00:00,0.077398928,0.031027911,0.334170951,3.926090162,3.022819246,0,0,0,0,0
1990-04-19 00:00:00,0.077582595,0.029532931,0.300807096,3.98582535,2.800520332,0,0,0,0,0
1990-04-20 00:00:00,0.078400649,0.029807426,0.303527595,3.970196548,2.79429177,0,0,0,0,0
1990-04-21 00:00:00,0.07970824,0.030717911,0.316622502,3.90823144,2.847365111,0,0,0,0,0
1990-04-22 00:00:00,0.079567084,0.02954728,0.297061652,3.94664544,2.733112007,0,0,0,0,0
1990-04-23 00:00:00,0.07937645,0.028321079,0.276941025,3.987765494,2.617565608,0,0,0,0,0
1990-04-24 00:00:00,0.079389352,0.02749161,0.263307456,4.023823819,2.532575969,0,0,0,0,0
1990-04-25 00:00:00,0.079577737,0.027148461,0.258757089,4.049851996,2.496046574,0,0,0,0,0
1990-04-26 00:00:00,0.081820664,0.030260272,0.312723335,3.896201366,2.781156395,0,0,0,0,0
1990-04-27 00:00:00,0.083824111,0.031628482,0.327086719,3.824969282,2.813781199,0,0,0,0,0
1990-04-28 00:00:00,0.08421295,0.031426789,0.322235897,3.860699413,2.759613058,0,0,0,0,0
1990-04-29 00:00:00,0.084325203,0.030829576,0.313047625,3.889430664,2.698051516,0,0,0,0,0
1990-04-30 00:00:00,0.084258874,0.030007757,0.301034789,3.924595115,2.625990458,0,0,0,0,0
1990-05-01 00:00:00,0.084032727,0.029001314,0.286159193,3.977630349,2.536860093,0,0,0,0,0
1990-05-02 00:00:00,0.083893517,0.028260226,0.27580592,4.03076435,2.469187087,0,0,0,0,0
1990-05-03 00:00:00,0.08381094,0.027692262,0.268310439,4.085440769,2.41402781,0,0,0,0,0
1990-05-04 00:00:00,0.083806627,0.027288407,0.263426374,4.138187785,2.37067336,0,0,0,0,0
1990-05-05 00:00:00,0.083817875,0.027086284,0.262797155,4.185439237,2.352871474,0,0,0,0,0
1990-05-06 00:00:00,0.083776509,0.026866794,0.262044122,4.240532117,2.332663436,0,0,0,0,0
1990-05-07 00:00:00,0.083923966,0.02685515,0.264260182,4.277574629,2.328520693,0,0,0,0,0
1990-05-08 00:00:00,0.087602225,0.031989551,0.349735113,3.915685638,2.815937765,0,0,0,0,0
1990-05-09 00:00:00,0.091571086,0.036544862,0.409641233,3.739068047,3.061857143,0,0,0,0,0
1990-05-10 00:00:00,0.094987321,0.039883637,0.445715693,3.645965302,3.166778539,0,0,0,0,0
1990-05-11 00:00:00,0.095502458,0.039520745,0.437476217,3.653915485,3.102855747,0,0,0,0,0
1990-05-12 00:00:00,0.094693513,0.036962457,0.400684021,3.691850975,2.924523352,0,0,0,0,0
1990-05-13 00:00:00,0.094873348,0.035578806,0.378186181,3.68054268,2.809230692,0,0,0,0,0
1990-05-14 00:00:00,0.094483018,0.033842187,0.352267067,3.723542869,2.67078959,0,0,0,0,0
1990-05-15 00:00:00,0.094307784,0.032435079,0.330494937,3.761944796,2.548554728,0,0,0,0,0
1990-05-16 00:00:00,0.094724285,0.031549405,0.314057313,3.769092383,2.447046615,0,0,0,0,0
1990-05-17 00:00:00,0.095260433,0.031196388,0.307013095,3.766843993,2.395170985,0,0,0,0,0
1990-05-18 00:00:00,0.095324186,0.030831733,0.302715937,3.799647936,2.357607152,0,0,0,0,0
1990-05-19 00:00:00,0.095142618,0.031149628,0.315301011,3.795132974,2.441665485,0,0,0,0,0
1990-05-20 00:00:00,0.095098901,0.030778539,0.311328112,3.837438277,2.40449283,0,0,0,0,0
1990-05-21 00:00:00,0.095298425,0.030057708,0.296937814,3.916906539,2.278849415,0,0,0,0,0
1990-05-22 00:00:00,0.095264778,0.029935798,0.297736271,3.956820337,2.266586984,0,0,0,0,0
1990-05-23 00:00:00,0.095643847,0.03053178,0.310762892,3.93005958,2.337707205,0,0,0,0,0
1990-05-24 00:00:00,0.095514565,0.030459108,0.313177649,3.970623768,2.337020526,0,0,0,0,0
1990-05-25 00:00:00,0.095290359,0.030172542,0.311495192,4.036130209,2.304303577,0,0,0,0,0
1990-05-26 00:00:00,0.096713053,0.031720701,0.335695802,3.91612951,2.438295555,0,0,0,0,0
1990-05-27 00:00:00,0.09885631,0.036051831,0.405816362,3.727315232,2.821606528,0,0,0,0,0
1990-05-28 00:00:00,0.101952369,0.03962725,0.449237764,3.594225492,2.997678518,0,0,0,0,0
1990-05-29 00:00:00,0.10222449,0.04013788,0.45797467,3.613782003,3.022692294,0,0,0,0,0
1990-05-30 00:00:00,0.101932263,0.039925261,0.460648108,3.611268976,3.050947914,0,0,0,0,0
1990-05-31 00:00:00,0.100874971,0.037238216,0.42335355,3.68974653,2.85535698,0,0,0,0,0
1990-06-01 00:00:00,0.100182681,0.034197382,0.374520756,3.806736695,2.562277341,0,0,0,0,0
1990-06-02 00:00:00,0.09986738,0.033474723,0.366700962,3.835644602,2.519095616,0,0,0,0,0
1990-06-03 00:00:00,0.099678084,0.032857407,0.35934338,3.868053378,2.470549553,0,0,0,0,0
1990-06-04 00:00:00,0.099570567,0.031972181,0.345186478,3.932566957,2.363152323,0,0,0,0,0
1990-06-05 00:00:00,0.099445129,0.031607017,0.341404309,3.970179104,2.326125766,0,0,0,0,0
1990-06-06 00:00:00,0.099807244,0.031821204,0.345586446,3.953399177,2.340176322,0,0,0,0,0
1990-06-07 00:00:00,0.099577013,0.033213061,0.378998767,3.833170166,2.596879907,0,0,0,0,0
1990-06-08 00:00:00,0.100156705,0.031730469,0.345960062,3.970017418,2.31220617,0,0,0,0,0
1990-06-09 00:00:00,0.099285006,0.032182722,0.364026605,3.962851805,2.448325053,0,0,0,0,0
1990-06-10 00:00:00,0.098723221,0.032170255,0.369961736,3.992743278,2.484184069,0,0,0,0,0
1990-06-11 00:00:00,0.098710573,0.031234169,0.352481942,4.105869684,2.320861896,0,0,0,0,0
1990-06-12 00:00:00,0.098120067,0.03095585,0.353014571,4.162628764,2.313446898,0,0,0,0,0
1990-06-13 00:00:00,0.097420924,0.030678141,0.354305584,4.22385979,2.312550018,0,0,0,0,0
1990-06-14 00:00:00,0.096658007,0.030337815,0.354608503,4.296289291,2.303350417,0,0,0,0,0
1990-06-15 00:00:00,0.09585759,0.029988929,0.35492905,4.37300295,2.293890226,0,0,0,0,0
1990-06-16 00:00:00,0.09502841,0.02965716,0.355692105,4.450716949,2.288041573,0,0,0,0,0
1990-06-17 00:00:00,0.094210587,0.029299541,0.355694997,4.535036206,2.274469938,0,0,0,0,0
1990-06-18 00:00:00,0.093288673,0.029049306,0.358710389,4.608119907,2.289174544,0,0,0,0,0
1990-06-19 00:00:00,0.092322615,0.02874944,0.360901765,4.690978517,2.297099008,0,0,0,0,0
1990-06-20 00:00:00,0.091334535,0.028396139,0.362047705,4.785222127,2.295217041,0,0,0,0,0
1990-06-21 00:00:00,0.090337344,0.028035802,0.362968107,4.884856337,2.290543361,0,0,0,0,0
1990-06-22 00:00:00,0.089310722,0.027729707,0.365231428,4.979115488,2.298748576,0,0,0,0,0
1990-06-23 00:00:00,0.087666825,0.027618078,0.376476484,5.017059996,2.423622565,0,0,0,0,0
1990-06-24 00:00:00,0.087247538,0.027087635,0.368877679,5.182129665,2.306478907,0,0,0,0,0
1990-06-25 00:00:00,0.086616656,0.026862296,0.369837229,5.252201983,2.300094059,0,0,0,0,0
1990-06-26 00:00:00,0.086939894,0.027779531,0.387747318,5.094382237,2.448550957,0,0,0,0,0
1990-06-27 00:00:00,0.087072112,0.027689998,0.385807953,5.113365912,2.407088566,0,0,0,0,0
1990-06-28 00:00:00,0.086091822,0.02718008,0.383151112,5.241674218,2.369159335,0,0,0,0,0
1990-06-29 00:00:00,0.082432703,0.029021735,0.449400784,4.942014874,3.101349754,0,0,0,0,0
1990-06-30 00:00:00,0.081573384,0.029238728,0.460607643,4.933213582,3.208341027,0,0,0,0,0
1990-07-01 00:00:00,0.082306339,0.027410026,0.417708142,5.291157939,2.725011542,0,0,0,0,0
1990-07-02 00:00:00,0.082237647,0.026497092,0.399485062,5.517355045,2.496655037,0,0,0,0,0
1990-07-03 00:00:00,0.081484089,0.026025337,0.395572653,5.654921384,2.437441838,0,0,0,0,0
1990-07-04 00:00:00,0.083978936,0.030574811,0.465530456,5.044495406,2.981264117,0,0,0,0,0
1990-07-05 00:00:00,0.087265905,0.03316899,0.490556143,4.65746195,3.12531071,0,0,0,0,0
1990-07-06 00:00:00,0.085869618,0.036576786,0.562136629,4.493483541,3.699919753,0,0,0,0,0
1990-07-07 00:00:00,0.085299772,0.032269669,0.485479831,4.924353057,3.042150061,0,0,0,0,0
1990-07-08 00:00:00,0.084586464,0.032586177,0.49565851,4.954514197,3.115206783,0,0,0,0,0
1990-07-09 00:00:00,0.08494735,0.032870685,0.498258895,4.890469888,3.126433734,0,0,0,0,0
1990-07-10 00:00:00,0.083517635,0.031196939,0.478574597,5.036498082,2.998272493,0,0,0,0,0
1990-07-11 00:00:00,0.081927167,0.029462926,0.458601356,5.204127193,2.868484735,0,0,0,0,0
1990-07-12 00:00:00,0.080509963,0.027970329,0.441217309,5.36457889,2.75007767,0,0,0,0,0
1990-07-13 00:00:00,0.078737339,0.027855719,0.45231895,5.362426499,2.911333731,0,0,0,0,0
1990-07-14 00:00:00,0.078085025,0.025999234,0.420863118,5.638274383,2.605852307,0,0,0,0,0
1990-07-15 00:00:00,0.077330526,0.026118482,0.428079927,5.646047582,2.675444428,0,0,0,0,0
1990-07-16 00:00:00,0.076953027,0.031394848,0.532772573,4.77799343,3.754690248,0,0,0,0,0
1990-07-17 00:00:00,0.078142233,0.025942542,0.41900758,5.503704674,2.590474642,0,0,0,0,0
1990-07-18 00:00:00,0.077353241,0.025685737,0.41896528,5.56841945,2.587937186,0,0,0,0,0
1990-07-19 00:00:00,0.076172533,0.026117346,0.435498519,5.479445199,2.79150732,0,0,0,0,0
1990-07-20 00:00:00,0.076481819,0.025475034,0.419876018,5.58009297,2.599644398,0,0,0,0,0
1990-07-21 00:00:00,0.075464516,0.025011531,0.417412431,5.67059435,2.585040901,0,0,0,0,0
1990-07-22 00:00:00,0.075504029,0.026777002,0.449140883,5.47151465,2.860495618,0,0,0,0,0
1990-07-23 00:00:00,0.076143795,0.026491875,0.438790934,5.409496323,2.757012162,0,0,0,0,0
1990-07-24 00:00:00,0.075001863,0.026039028,0.437059536,5.520942678,2.744762065,0,0,0,0,0
1990-07-25 00:00:00,0.072561706,0.031042902,0.54809688,4.914128395,3.914666745,0,0,0,0,0
1990-07-26 00:00:00,0.073615239,0.026667811,0.455364847,5.550548111,2.901218465,0,0,0,0,0
1990-07-27 00:00:00,0.073274466,0.035634649,0.622229369,4.572768033,4.498440785,0,0,0,0,0
1990-07-28 00:00:00,0.073316189,0.033112451,0.574059188,4.804264409,4.039938179,0,0,0,0,0
1990-07-29 00:00:00,0.072116574,0.026476469,0.458616002,5.563002453,2.950677795,0,0,0,0,0
1990-07-30 00:00:00,0.071316124,0.025285239,0.441448439,5.653436771,2.820597434,0,0,0,0,0
1990-07-31 00:00:00,0.070526265,0.025253819,0.445526336,5.622385734,2.894374087,0,0,0,0,0
1990-08-01 00:00:00,0.070715315,0.024737238,0.433086179,5.628803522,2.765999322,0,0,0,0,0
1990-08-02 00:00:00,0.069949746,0.024895659,0.439955983,5.617914649,2.848905986,0,0,0,0,0
1990-08-03 00:00:00,0.070962616,0.025877669,0.449826358,5.368508781,2.939070496,0,0,0,0,0
1990-08-04 00:00:00,0.069958228,0.030476044,0.540915745,4.87180822,3.868966401,0,0,0,0,0
1990-08-05 00:00:00,0.068939973,0.026342049,0.4682961,5.472131473,3.119472507,0,0,0,0,0
1990-08-06 00:00:00,0.067057985,0.029402712,0.538630538,5.08124106,3.923323205,0,0,0,0,0
1990-08-07 00:00:00,0.066836075,0.024587093,0.447484087,5.690562072,2.972762141,0,0,0,0,0
1990-08-08 00:00:00,0.066476607,0.023366856,0.425368798,5.804650587,2.759342795,0,0,0,0,0
1990-08-09 00:00:00,0.065325271,0.026170854,0.486835557,5.264615734,3.521603223,0,0,0,0,0
1990-08-10 00:00:00,0.064537308,0.025259398,0.474163248,5.292751036,3.451948728,0,0,0,0,0
1990-08-11 00:00:00,0.063231156,0.024013791,0.458202607,5.436216731,3.34579123,0,0,0,0,0
1990-08-12 00:00:00,0.061975977,0.022967842,0.445339275,5.574412257,3.263082842,0,0,0,0,0
1990-08-13 00:00:00,0.061034635,0.022115524,0.433605241,5.686404693,3.176834284,0,0,0,0,0
1990-08-14 00:00:00,0.061392011,0.020722341,0.400879562,5.961275144,2.748132302,0,0,0,0,0
1990-08-15 00:00:00,0.06255094,0.021307225,0.401302898,5.843827066,2.679258321,0,0,0,0,0
1990-08-16 00:00:00,0.065419924,0.02571961,0.46286307,5.001935263,3.296647796,0,0,0,0,0
1990-08-17 00:00:00,0.065832466,0.023097865,0.408036191,5.197520763,2.729866481,0,0,0,0,0
1990-08-18 00:00:00,0.06475548,0.022915143,0.409313804,5.2948332,2.746948951,0,0,0,0,0
1990-08-19 00:00:00,0.068002052,0.029010975,0.496893128,4.478221707,3.564226672,0,0,0,0,0
1990-08-20 00:00:00,0.066963589,0.028365531,0.490042813,4.556856363,3.524863003,0,0,0,0,0
1990-08-21 00:00:00,0.065449608,0.026862665,0.47157056,4.678573207,3.408632574,0,0,0,0,0
1990-08-22 00:00:00,0.064019222,0.024811257,0.442172781,4.821210835,3.192339253,0,0,0,0,0
1990-08-23 00:00:00,0.062869768,0.023194524,0.418079443,4.935945645,3.011317694,0,0,0,0,0
1990-08-24 00:00:00,0.06194295,0.021771464,0.395144035,5.061268757,2.817323314,0,0,0,0,0
1990-08-25 00:00:00,0.061080189,0.021039692,0.384788772,5.121417965,2.749581031,0,0,0,0,0
1990-08-26 00:00:00,0.060697383,0.01955318,0.354760611,5.349372099,2.402069166,0,0,0,0,0
1990-08-27 00:00:00,0.059922973,0.019187579,0.350378388,5.397497454,2.379483073,0,0,0,0,0
1990-08-28 00:00:00,0.061669863,0.023166963,0.413615208,4.69090005,3.076165037,0,0,0,0,0
1990-08-29 00:00:00,0.061294308,0.021681261,0.384782556,4.792513879,2.799997642,0,0,0,0,0
1990-08-30 00:00:00,0.060139129,0.021531868,0.387437776,4.850240028,2.858265835,0,0,0,0,0
1990-08-31 00:00:00,0.05912565,0.021032014,0.382160248,4.927752528,2.833819965,0,0,0,0,0
1990-09-01 00:00:00,0.058187132,0.020495541,0.375734254,4.991599977,2.802708122,0,0,0,0,0
1990-09-02 00:00:00,0.057209917,0.01980793,0.366448996,5.076550101,2.741874553,0,0,0,0,0
1990-09-03 00:00:00,0.056255516,0.019031836,0.354891975,5.189322732,2.64763261,0,0,0,0,0
1990-09-04 00:00:00,0.055166285,0.018711391,0.353716665,5.245262385,2.681350012,0,0,0,0,0
1990-09-05 00:00:00,0.054108848,0.017978121,0.343492288,5.381968564,2.599414192,0,0,0,0,0
1990-09-06 00:00:00,0.053162609,0.017888385,0.345841776,5.417219655,2.663764876,0,0,0,0,0
1990-09-07 00:00:00,0.052523174,0.018010164,0.34998561,5.434684993,2.724729489,0,0,0,0,0
1990-09-08 00:00:00,0.051638231,0.017723113,0.347785828,5.483175029,2.742765559,0,0,0,0,0
1990-09-09 00:00:00,0.050542689,0.017244971,0.343117862,5.596822211,2.731292699,0,0,0,0,0
1990-09-10 00:00:00,0.049493387,0.016736879,0.337282402,5.728486984,2.699502486,0,0,0,0,0
1990-09-11 00:00:00,0.048409965,0.016477452,0.337196356,5.810988274,2.747748203,0,0,0,0,0
1990-09-12 00:00:00,0.047531071,0.015659122,0.322808484,6.024618984,2.591672713,0,0,0,0,0
1990-09-13 00:00:00,0.046355887,0.016092179,0.339115953,5.952209472,2.871732408,0,0,0,0,0
1990-09-14 00:00:00,0.045739837,0.0149751,0.31524688,6.298442394,2.54738779,0,0,0,0,0
1990-09-15 00:00:00,0.044757779,0.014584441,0.311029658,6.452745016,2.528735604,0,0,0,0,0
1990-09-16 00:00:00,0.043687678,0.015960903,0.348595683,6.137518029,3.108678991,0,0,0,0,0
1990-09-17 00:00:00,0.043876886,0.014343268,0.305614767,6.598316123,2.46957405,0,0,0,0,0
1990-09-18 00:00:00,0.043143296,0.014049914,0.301518217,6.703697585,2.450359416,0,0,0,0,0
1990-09-19 00:00:00,0.045180755,0.017802002,0.36347141,5.839285148,3.158425663,0,0,0,0,0
1990-09-20 00:00:00,0.045424741,0.019277828,0.390324348,5.569209661,3.489424205,0,0,0,0,0
1990-09-21 00:00:00,0.044629985,0.019106282,0.38936128,5.723938606,3.488292861,0,0,0,0,0
1990-09-22 00:00:00,0.043684103,0.017327725,0.353713981,6.104348055,3.076035968,0,0,0,0,0
1990-09-23 00:00:00,0.042944837,0.017142746,0.35246806,6.198709115,3.094576879,0,0,0,0,0
1990-09-24 00:00:00,0.04225324,0.016806967,0.347680411,6.28306868,3.078246083,0,0,0,0,0
1990-09-25 00:00:00,0.041458398,0.015471512,0.321124111,6.484878658,2.809794731,0,0,0,0,0
1990-09-26 00:00:00,0.040566096,0.014921464,0.313339381,6.615060344,2.770297085,0,0,0,0,0
1990-09-27 00:00:00,0.040009874,0.017426491,0.37482392,6.183662727,3.612876217,0,0,0,0,0
1990-09-28 00:00:00,0.03860498,0.013690253,0.295946629,6.958678818,2.671485916,0,0,0,0,0
1990-09-29 00:00:00,0.037811113,0.013156186,0.287013598,7.114410374,2.607949483,0,0,0,0,0
1990-09-30 00:00:00,0.038700806,0.018075454,0.392902039,6.150270388,3.945270524,0,0,0,0,0
1990-10-01 00:00:00,0.038359047,0.014283101,0.300635235,6.727369874,2.805076361,0,0,0,0,0
1990-10-02 00:00:00,0.037751066,0.013818132,0.291705929,6.827795114,2.739591629,0,0,0,0,0
1990-10-03 00:00:00,0.037607939,0.014044189,0.294456667,6.781722539,2.795170556,0,0,0,0,0
1990-10-04 00:00:00,0.037136557,0.013966298,0.293070942,6.852581047,2.80597616,0,0,0,0,0
1990-10-05 00:00:00,0.042000592,0.021037505,0.400422998,5.852652858,3.75703494,0,0,0,0,0
1990-10-06 00:00:00,0.054790167,0.036001914,0.581144419,4.479019028,4.928895137,0,0,0,0,0
1990-10-07 00:00:00,0.053569825,0.033968465,0.538404586,4.843790351,4.494045084,0,0,0,0,0
1990-10-08 00:00:00,0.055525887,0.038615511,0.623510457,4.476905555,5.301481689,0,0,0,0,0
1990-10-09 00:00:00,0.049467271,0.030403809,0.512610824,4.769362066,4.596771488,0,0,0,0,0
1990-10-10 00:00:00,0.045054496,0.024408519,0.427559567,5.022272557,4.037289253,0,0,0,0,0
1990-10-11 00:00:00,0.042076226,0.020364408,0.366694918,5.224315247,3.621648151,0,0,0,0,0
1990-10-12 00:00:00,0.040095058,0.017677107,0.323416545,5.375261861,3.316071707,0,0,0,0,0
1990-10-13 00:00:00,0.038667836,0.015712017,0.28910746,5.504413606,3.059707709,0,0,0,0,0
1990-10-14 00:00:00,0.037625892,0.014212797,0.260273844,5.621942516,2.826502207,0,0,0,0,0
1990-10-15 00:00:00,0.036966621,0.01355533,0.247522536,5.672915086,2.746320171,0,0,0,0,0
1990-10-16 00:00:00,0.036327551,0.013040702,0.237608578,5.736599793,2.689342389,0,0,0,0,0
1990-10-17 00:00:00,0.035698005,0.012639286,0.230313565,5.80665783,2.658009859,0,0,0,0,0
1990-10-18 00:00:00,0.035118099,0.011523115,0.202232699,6.011905932,2.348074885,0,0,0,0,0
1990-10-19 00:00:00,0.035294881,0.012894272,0.233558041,5.765943698,2.755081508,0,0,0,0,0
1990-10-20 00:00:00,0.034940895,0.012581565,0.225171188,5.808482763,2.691910846,0,0,0,0,0
1990-10-21 00:00:00,0.034392864,0.01224292,0.218267321,5.893367382,2.652450175,0,0,0,0,0
1990-10-22 00:00:00,0.034082185,0.011587144,0.198796459,6.022748508,2.432805136,0,0,0,0,0
1990-10-23 00:00:00,0.034652248,0.013760416,0.247275311,5.742638566,2.99389991,0,0,0,0,0
1990-10-24 00:00:00,0.034262924,0.013189495,0.231844654,5.837301932,2.842423484,0,0,0,0,0
1990-10-25 00:00:00,0.033472471,0.011990279,0.203446316,6.060338672,2.551621472,0,0,0,0,0
1990-10-26 00:00:00,0.033945155,0.013305368,0.228344999,5.957807489,2.809277678,0,0,0,0,0
1990-10-27 00:00:00,0.041019582,0.023541467,0.400938637,4.97441874,4.263753416,0,0,0,0,0
1990-10-28 00:00:00,0.040734519,0.023003129,0.383271543,5.124209775,4.066843703,0,0,0,0,0
1990-10-29 00:00:00,0.039395665,0.021193963,0.349040588,5.295940674,3.789239953,0,0,0,0,0
1990-10-30 00:00:00,0.036323428,0.016498542,0.262767117,5.577290009,3.09459073,0,0,0,0,0
1990-10-31 00:00:00,0.037196807,0.017613217,0.277273958,5.411116904,3.228098652,0,0,0,0,0
1990-11-01 00:00:00,0.043417661,0.025280218,0.385155945,4.877190514,3.973548986,0,0,0,0,0
1990-11-02 00:00:00,0.048987255,0.032892633,0.49397982,4.699440196,4.684885575,0,0,0,0,0
1990-11-03 00:00:00,0.047545819,0.031105284,0.465920706,4.766547873,4.51016851,0,0,0,0,0
1990-11-04 00:00:00,0.04347809,0.025847515,0.389535783,4.853730699,4.056319646,0,0,0,0,0
1990-11-05 00:00:00,0.036994958,0.01658881,0.2361302,5.109286946,2.976468169,0,0,0,0,0
1990-11-06 00:00:00,0.036938382,0.01734055,0.257872883,5.037055079,3.242544102,0,0,0,0,0
1990-11-07 00:00:00,0.035192439,0.015058207,0.218428927,5.105935255,2.985442065,0,0,0,0,0
1990-11-08 00:00:00,0.033208821,0.011899433,0.153865595,5.257162173,2.46083298,0,0,0,0,0
1990-11-09 00:00:00,0.032782628,0.011536445,0.14591324,5.276102636,2.425008597,0,0,0,0,0
1990-11-10 00:00:00,0.033617922,0.01346734,0.187123195,5.154985927,2.832198679,0,0,0,0,0
1990-11-11 00:00:00,0.032924669,0.012410431,0.161806884,5.231994671,2.618857164,0,0,0,0,0
1990-11-12 00:00:00,0.0324016,0.011965681,0.15213615,5.303379795,2.556982593,0,0,0,0,0
1990-11-13 00:00:00,0.031916169,0.011621467,0.144958093,5.370145116,2.519823506,0,0,0,0,0
1990-11-14 00:00:00,0.03141395,0.011266615,0.137763636,5.443553653,2.48337733,0,0,0,0,0
1990-11-15 00:00:00,0.030900544,0.010917095,0.130740353,5.524615874,2.447990691,0,0,0,0,0
1990-11-16 00:00:00,0.03030689,0.010376041,0.118788341,5.625126191,2.362487729,0,0,0,0,0
1990-11-17 00:00:00,0.030251697,0.010990298,0.135230339,5.64914287,2.552413525,0,0,0,0,0
1990-11-18 00:00:00,0.02967157,0.01025845,0.116649202,5.754345355,2.393265291,0,0,0,0,0
1990-11-19 00:00:00,0.029431016,0.010525605,0.125344745,5.810590558,2.511080405,0,0,0,0,0
1990-11-20 00:00:00,0.029338766,0.011128837,0.14289839,5.845731317,2.716728217,0,0,0,0,0
1990-11-21 00:00:00,0.028422654,0.009626887,0.103693817,6.037284989,2.345123697,0,0,0,0,0
1990-11-22 00:00:00,0.028517281,0.010706488,0.134980363,6.027836718,2.696947533,0,0,0,0,0
1990-11-23 00:00:00,0.027726862,0.009407566,0.09981603,6.213180224,2.358579238,0,0,0,0,0
1990-11-24 00:00:00,0.027364456,0.009210005,0.095134469,6.310889143,2.335405629,0,0,0,0,0
1990-11-25 00:00:00,0.027035323,0.009084496,0.092507375,6.403743559,2.333301423,0,0,0,0,0
1990-11-26 00:00:00,0.026960882,0.009231052,0.095241957,6.433125289,2.379218406,0,0,0,0,0
1990-11-27 00:00:00,0.027758171,0.01004062,0.106587761,6.230073501,2.484852946,0,0,0,0,0
1990-11-28 00:00:00,0.027890811,0.010420927,0.113279967,6.244634981,2.554047572,0,0,0,0,0
1990-11-29 00:00:00,0.027809625,0.010550244,0.115048773,6.312934144,2.578679598,0,0,0,0,0
1990-11-30 00:00:00,0.028125191,0.011156338,0.126312786,6.309854692,2.683199626,0,0,0,0,0
1990-12-01 00:00:00,0.027898139,0.010919262,0.119743473,6.331409105,2.646994182,0,0,0,0,0
1990-12-02 00:00:00,0.028150559,0.011423187,0.129026189,6.33260893,2.735517886,0,0,0,0,0
1990-12-03 00:00:00,0.027800846,0.011025945,0.119435359,6.370312882,2.675966893,0,0,0,0,0
1990-12-04 00:00:00,0.027404828,0.010681217,0.11175186,6.453442916,2.630110077,0,0,0,0,0
1990-12-05 00:00:00,0.027881595,0.011821644,0.140718891,6.444679923,2.910520444,0,0,0,0,0
1990-12-06 00:00:00,0.026769937,0.010143069,0.099577134,6.573554238,2.56964513,0,0,0,0,0
1990-12-07 00:00:00,0.026393777,0.009787167,0.091520031,6.643502629,2.522773273,0,0,0,0,0
1990-12-08 00:00:00,0.027421627,0.012150453,0.156245743,6.573354054,3.14725955,0,0,0,0,0
1990-12-09 00:00:00,0.025977508,0.009570208,0.086969262,6.745861119,2.52786408,0,0,0,0,0
1990-12-10 00:00:00,0.025643531,0.009198311,0.077254419,6.813588298,2.459838363,0,0,0,0,0
1990-12-11 00:00:00,0.025331584,0.008887401,0.069444163,6.88608844,2.409665179,0,0,0,0,0
1990-12-12 00:00:00,0.025136789,0.008751596,0.065792274,6.943573962,2.394763867,0,0,0,0,0
1990-12-13 00:00:00,0.025038454,0.008739329,0.065011674,6.985068766,2.404300269,0,0,0,0,0
1990-12-14 00:00:00,0.025055831,0.008833682,0.066229252,6.991476125,2.430539827,0,0,0,0,0
1990-12-15 00:00:00,0.02491418,0.008743214,0.063509954,7.040695236,2.422151493,0,0,0,0,0
1990-12-16 00:00:00,0.024783084,0.008679444,0.061539138,7.096901861,2.418945454,0,0,0,0,0
1990-12-17 00:00:00,0.024670039,0.008633776,0.059981849,7.150393499,2.418876894,0,0,0,0,0
1990-12-18 00:00:00,0.024561531,0.008592419,0.058472092,7.203692798,2.418610798,0,0,0,0,0
1990-12-19 00:00:00,0.024473265,0.008570558,0.057507153,7.255042609,2.422613686,0,0,0,0,0
1990-12-20 00:00:00,0.024388811,0.008546324,0.056426001,7.30772434,2.424985744,0,0,0,0,0
1990-12-21 00:00:00,0.024312577,0.008531,0.055619684,7.359672478,2.429261918,0,0,0,0,0
1990-12-22 00:00:00,0.024235102,0.008510086,0.054611288,7.412425791,2.431211247,0,0,0,0,0
1990-12-23 00:00:00,0.024175461,0.008504659,0.054052935,7.462688372,2.436623436,0,0,0,0,0
1990-12-24 00:00:00,0.024125574,0.008508434,0.053702413,7.511616084,2.443367364,0,0,0,0,0
1990-12-25 00:00:00,0.024073833,0.008505966,0.053139416,7.561126282,2.447749902,0,0,0,0,0
1990-12-26 00:00:00,0.02403005,0.008500289,0.052507877,7.60987428,2.450960715,0,0,0,0,0
1990-12-27 00:00:00,0.02401507,0.008533534,0.052902341,7.652318832,2.462692217,0,0,0,0,0
1990-12-28 00:00:00,0.023990042,0.008542585,0.052675308,7.697505889,2.468484462,0,0,0,0,0
1990-12-29 00:00:00,0.023962972,0.008544649,0.052206865,7.742912761,2.471666429,0,0,0,0,0
1990-12-30 00:00:00,0.02378159,0.008302727,0.045129863,7.819776402,2.416171885,0,0,0,0,0
1990-12-31 00:00:00,0.023980337,0.00861656,0.052893062,7.819280661,2.48999014,0,0,0,0,0
1991-01-01 00:00:00,0.023997754,0.008647406,0.053061586,7.851143467,2.497369236,0,0,0,0,0
1991-01-02 00:00:00,0.024013789,0.008681188,0.053373588,7.88609507,2.505419208,0,0,0,0,0
1991-01-03 00:00:00,0.024029525,0.008703729,0.053416278,7.921664547,2.510669179,0,0,0,0,0
1991-01-04 00:00:00,0.024051809,0.008729588,0.053495227,7.954533801,2.515746688,0,0,0,0,0
1991-01-05 00:00:00,0.02409387,0.008772141,0.05399227,7.983061163,2.523932153,0,0,0,0,0
1991-01-06 00:00:00,0.024136366,0.0088097,0.054382573,8.010575954,2.530724555,0,0,0,0,0
1991-01-07 00:00:00,0.024181992,0.008847127,0.054773438,8.037136652,2.537308937,0,0,0,0,0
1991-01-08 00:00:00,0.024246878,0.008899451,0.055368474,8.058754736,2.54467353,0,0,0,0,0
1991-01-09 00:00:00,0.024318848,0.008953013,0.056158676,8.078549765,2.553480365,0,0,0,0,0
1991-01-10 00:00:00,0.0240588,0.008496374,0.042846474,8.158775783,2.442516849,0,0,0,0,0
1991-01-11 00:00:00,0.024444961,0.009048688,0.057573737,8.129690502,2.568331515,0,0,0,0,0
1991-01-12 00:00:00,0.024563298,0.009114134,0.058218451,8.1274298,2.574070969,0,0,0,0,0
1991-01-13 00:00:00,0.024716033,0.009302182,0.063251943,8.133180636,2.619547815,0,0,0,0,0
1991-01-14 00:00:00,0.024740437,0.009215646,0.059553766,8.155465679,2.58624355,0,0,0,0,0
1991-01-15 00:00:00,0.024821931,0.009248277,0.059751356,8.169428145,2.587911336,0,0,0,0,0
1991-01-16 00:00:00,0.02527847,0.009702881,0.0694754,8.09478949,2.660547955,0,0,0,0,0
1991-01-17 00:00:00,0.02824917,0.013114737,0.141336791,7.637194571,3.157324715,0,0,0,0,0
1991-01-18 00:00:00,0.034101673,0.018542481,0.222979537,6.735214875,3.585417562,0,0,0,0,0
1991-01-19 00:00:00,0.03508531,0.019587764,0.235020535,6.824458805,3.598695304,0,0,0,0,0
1991-01-20 00:00:00,0.035115105,0.019378586,0.22783613,6.798596701,3.540255674,0,0,0,0,0
1991-01-21 00:00:00,0.03415006,0.017824074,0.197058298,6.698891213,3.364381578,0,0,0,0,0
1991-01-22 00:00:00,0.032759124,0.015715468,0.15557512,6.604175656,3.127056776,0,0,0,0,0
1991-01-23 00:00:00,0.031612741,0.013946507,0.11968195,6.54325996,2.915714592,0,0,0,0,0
1991-01-24 00:00:00,0.031027755,0.012872825,0.096644295,6.479175632,2.777671426,0,0,0,0,0
1991-01-25 00:00:00,0.030592024,0.012011597,0.077227927,6.439436993,2.655723039,0,0,0,0,0
1991-01-26 00:00:00,0.030054854,0.010894117,0.049748675,6.402094472,2.468385947,0,0,0,0,0
1991-01-27 00:00:00,0.030659815,0.011516706,0.064227265,6.335558314,2.575296307,0,0,0,0,0
1991-01-28 00:00:00,0.031076749,0.012118938,0.082530999,6.304416997,2.726887694,0,0,0,0,0
1991-01-29 00:00:00,0.030732961,0.011071821,0.051913665,6.280524964,2.489615786,0,0,0,0,0
1991-01-30 00:00:00,0.030879424,0.01108787,0.052414782,6.269987787,2.49462984,0,0,0,0,0
1991-01-31 00:00:00,0.030980711,0.01101804,0.05024446,6.268986541,2.475882094,0,0,0,0,0
1991-02-01 00:00:00,0.03109595,0.010985853,0.049120543,6.275984852,2.463540855,0,0,0,0,0
1991-02-02 00:00:00,0.031214253,0.01096632,0.048371783,6.289497057,2.452747104,0,0,0,0,0
1991-02-03 00:00:00,0.031342843,0.010979963,0.048544374,6.30741483,2.447937468,0,0,0,0,0
1991-02-04 00:00:00,0.031450741,0.010931633,0.046883196,6.3301331,2.427015478,0,0,0,0,0
1991-02-05 00:00:00,0.031890779,0.011764374,0.072871131,6.34306877,2.630298044,0,0,0,0,0
1991-02-06 00:00:00,0.031739419,0.011041414,0.049965439,6.382732341,2.43484639,0,0,0,0,0
1991-02-07 00:00:00,0.031877051,0.011093151,0.051546939,6.412833965,2.438383856,0,0,0,0,0
1991-02-08 00:00:00,0.03227264,0.011505077,0.061953054,6.414722528,2.504310768,0,0,0,0,0
1991-02-09 00:00:00,0.032408503,0.01145327,0.060104379,6.427646656,2.48175161,0,0,0,0,0
1991-02-10 00:00:00,0.03308651,0.012132405,0.075562341,6.37695905,2.579293178,0,0,0,0,0
1991-02-11 00:00:00,0.033130305,0.011866748,0.067858241,6.390953111,2.513205919,0,0,0,0,0
1991-02-12 00:00:00,0.033317628,0.011969832,0.070640092,6.424115538,2.52129454,0,0,0,0,0
1991-02-13 00:00:00,0.033514349,0.012062446,0.073036694,6.448524536,2.527295895,0,0,0,0,0
1991-02-14 00:00:00,0.033692605,0.01214174,0.075665597,6.471988193,2.53780674,0,0,0,0,0
1991-02-15 00:00:00,0.033926087,0.012269585,0.07900024,6.487492724,2.551054622,0,0,0,0,0
1991-02-16 00:00:00,0.034173874,0.01242869,0.083424336,6.500596015,2.573002592,0,0,0,0,0
1991-02-17 00:00:00,0.034345667,0.012454117,0.084360425,6.522510968,2.569269725,0,0,0,0,0
1991-02-18 00:00:00,0.034528323,0.012495646,0.085745297,6.543631595,2.568761515,0,0,0,0,0
1991-02-19 00:00:00,0.035202331,0.013121947,0.099403839,6.498022852,2.645608821,0,0,0,0,0
1991-02-20 00:00:00,0.036690621,0.014560721,0.128261263,6.303523278,2.819761172,0,0,0,0,0
1991-02-21 00:00:00,0.036830964,0.014230706,0.118200326,6.28672511,2.73631419,0,0,0,0,0
1991-02-22 00:00:00,0.037606711,0.015029427,0.134750306,6.266872083,2.821108481,0,0,0,0,0
1991-02-23 00:00:00,0.041519502,0.019366572,0.215667842,5.912390116,3.272767747,0,0,0,0,0
1991-02-24 00:00:00,0.043556973,0.020838111,0.23010271,5.734665765,3.289543237,0,0,0,0,0
1991-02-25 00:00:00,0.047640411,0.025926932,0.313936607,5.763313224,3.658331321,0,0,0,0,0
1991-02-26 00:00:00,0.049011265,0.02718712,0.332100737,5.703424483,3.724183313,0,0,0,0,0
1991-02-27 00:00:00,0.048925579,0.026114206,0.308812634,5.538937456,3.595934846,0,0,0,0,0
1991-02-28 00:00:00,0.047551464,0.023883748,0.273198393,5.475886272,3.433296191,0,0,0,0,0
1991-03-01 00:00:00,0.046967108,0.022835152,0.260695331,5.402545764,3.402011396,0,0,0,0,0
1991-03-02 00:00:00,0.045701003,0.020261569,0.209907088,5.340533461,3.123172838,0,0,0,0,0
1991-03-03 00:00:00,0.045075686,0.018552602,0.17419907,5.283735127,2.917940753,0,0,0,0,0
1991-03-04 00:00:00,0.044854445,0.01744021,0.149678829,5.237243333,2.769732368,0,0,0,0,0
1991-03-05 00:00:00,0.044574234,0.015970661,0.113171355,5.217077929,2.526885082,0,0,0,0,0
1991-03-06 00:00:00,0.045229923,0.016947796,0.141038388,5.164553653,2.721998672,0,0,0,0,0
1991-03-07 00:00:00,0.045372462,0.016490268,0.129560805,5.154525054,2.638551486,0,0,0,0,0
1991-03-08 00:00:00,0.045480796,0.015728276,0.107903569,5.167986683,2.472630468,0,0,0,0,0
1991-03-09 00:00:00,0.04591036,0.016271348,0.124221255,5.153522525,2.581747473,0,0,0,0,0
1991-03-10 00:00:00,0.04604418,0.015622282,0.105238478,5.189235458,2.427693995,0,0,0,0,0
1991-03-11 00:00:00,0.046608427,0.016265005,0.121645044,5.181980111,2.52283894,0,0,0,0,0
1991-03-12 00:00:00,0.046873003,0.015767253,0.106497144,5.196064332,2.398102651,0,0,0,0,0
1991-03-13 00:00:00,0.047151777,0.015876505,0.109895371,5.227506511,2.403622811,0,0,0,0,0
1991-03-14 00:00:00,0.047473011,0.016260045,0.121694985,5.248032919,2.472069912,0,0,0,0,0
1991-03-15 00:00:00,0.047639703,0.016005477,0.115234525,5.298431275,2.406868858,0,0,0,0,0
1991-03-16 00:00:00,0.047900517,0.016234902,0.123158355,5.324393129,2.449243317,0,0,0,0,0
1991-03-17 00:00:00,0.048054854,0.015949423,0.115991127,5.381652914,2.378288082,0,0,0,0,0
1991-03-18 00:00:00,0.04854878,0.016526339,0.131576552,5.37421942,2.470346077,0,0,0,0,0
1991-03-19 00:00:00,0.048789601,0.016395266,0.128099602,5.423152357,2.422825227,0,0,0,0,0
1991-03-20 00:00:00,0.049153656,0.017339748,0.157206615,5.41068891,2.622539861,0,0,0,0,0
1991-03-21 00:00:00,0.049443278,0.017530635,0.163244979,5.440435316,2.645977267,0,0,0,0,0
1991-03-22 00:00:00,0.04962234,0.016856823,0.143317163,5.529285301,2.471834383,0,0,0,0,0
1991-03-23 00:00:00,0.049912814,0.016904596,0.14491872,5.567910732,2.461364131,0,0,0,0,0
1991-03-24 00:00:00,0.05048545,0.017430874,0.157350846,5.560785733,2.522299152,0,0,0,0,0
1991-03-25 00:00:00,0.051907148,0.018389741,0.172555682,5.410579945,2.593240136,0,0,0,0,0
1991-03-26 00:00:00,0.053150701,0.019714499,0.19887454,5.32425655,2.731436967,0,0,0,0,0
1991-03-27 00:00:00,0.053610624,0.019989801,0.203474121,5.374220341,2.724595327,0,0,0,0,0
1991-03-28 00:00:00,0.05421944,0.020769297,0.222163382,5.364117452,2.825956059,0,0,0,0,0
1991-03-29 00:00:00,0.054580699,0.020835435,0.224065395,5.375546709,2.82153912,0,0,0,0,0
1991-03-30 00:00:00,0.054750511,0.020306045,0.211687122,5.412768543,2.724321995,0,0,0,0,0
1991-03-31 00:00:00,0.055081017,0.020443112,0.216888856,5.408781575,2.750412107,0,0,0,0,0
1991-04-01 00:00:00,0.055547993,0.020535905,0.219094869,5.390809875,2.752555559,0,0,0,0,0
1991-04-02 00:00:00,0.055616136,0.019794438,0.202166142,5.453242932,2.624517832,0,0,0,0,0
1991-04-03 00:00:00,0.055861527,0.01961644,0.199112202,5.480006987,2.590982766,0,0,0,0,0
1991-04-04 00:00:00,0.056398044,0.021245362,0.245440638,5.357419802,2.920461184,0,0,0,0,0
1991-04-05 00:00:00,0.056803296,0.019782454,0.202958623,5.456861711,2.588599577,0,0,0,0,0
1991-04-06 00:00:00,0.057370127,0.019750469,0.200042884,5.455634733,2.545393369,0,0,0,0,0
1991-04-07 00:00:00,0.058051657,0.020430261,0.215982169,5.403413235,2.636976268,0,0,0,0,0
1991-04-08 00:00:00,0.058693576,0.020918595,0.226408809,5.378764625,2.684343267,0,0,0,0,0
1991-04-09 00:00:00,0.059089057,0.021151687,0.232423107,5.397916728,2.70273087,0,0,0,0,0
1991-04-10 00:00:00,0.059446665,0.020788488,0.222404086,5.451104008,2.607450577,0,0,0,0,0
1991-04-11 00:00:00,0.059823822,0.020870844,0.225051993,5.463780743,2.608340807,0,0,0,0,0
1991-04-12 00:00:00,0.060163729,0.024132969,0.318362498,5.188731363,3.300096279,0,0,0,0,0
1991-04-13 00:00:00,0.06034027,0.020558452,0.22015,5.536992495,2.543123446,0,0,0,0,0
1991-04-14 00:00:00,0.060696241,0.020567692,0.221093431,5.556412681,2.532193662,0,0,0,0,0
1991-04-15 00:00:00,0.061248831,0.02115294,0.235101666,5.532655947,2.60668679,0,0,0,0,0
1991-04-16 00:00:00,0.063304488,0.026142147,0.351156882,5.058655693,3.396264455,0,0,0,0,0
1991-04-17 00:00:00,0.063574709,0.022851866,0.262593712,5.365694247,2.718713153,0,0,0,0,0
1991-04-18 00:00:00,0.064349445,0.023447958,0.273577398,5.335629936,2.762196366,0,0,0,0,0
1991-04-19 00:00:00,0.065278272,0.024238486,0.287846575,5.278716622,2.82702081,0,0,0,0,0
1991-04-20 00:00:00,0.067471618,0.026682523,0.329891197,5.051441304,3.05379341,0,0,0,0,0
1991-04-21 00:00:00,0.069991523,0.029085072,0.36546491,4.837605567,3.220286961,0,0,0,0,0
1991-04-22 00:00:00,0.071024271,0.03152503,0.41839584,4.719477666,3.538561206,0,0,0,0,0
1991-04-23 00:00:00,0.071834643,0.034114161,0.478681808,4.560641387,3.928308147,0,0,0,0,0
1991-04-24 00:00:00,0.070546293,0.027236622,0.328988261,4.949942351,2.952941714,0,0,0,0,0
1991-04-25 00:00:00,0.070996487,0.02863778,0.365361467,4.828440835,3.204856329,0,0,0,0,0
1991-04-26 00:00:00,0.071127952,0.029904999,0.402479327,4.699347377,3.482290819,0,0,0,0,0
1991-04-27 00:00:00,0.070975676,0.026394172,0.322502889,4.930332586,2.930632739,0,0,0,0,0
1991-04-28 00:00:00,0.071267026,0.024669048,0.281451152,5.058291927,2.628921186,0,0,0,0,0
1991-04-29 00:00:00,0.071846899,0.024665892,0.280453654,5.046930574,2.606316776,0,0,0,0,0
1991-04-30 00:00:00,0.076350416,0.035788215,0.504298912,4.245269441,4.017736607,0,0,0,0,0
1991-05-01 00:00:00,0.077619011,0.032237131,0.405589628,4.521990666,3.26496647,0,0,0,0,0
1991-05-02 00:00:00,0.079066034,0.035890054,0.476365565,4.392225237,3.663507507,0,0,0,0,0
1991-05-03 00:00:00,0.078168772,0.031836897,0.397889256,4.598604923,3.174995255,0,0,0,0,0
1991-05-04 00:00:00,0.078274157,0.03269322,0.423224534,4.518780455,3.358167077,0,0,0,0,0
1991-05-05 00:00:00,0.07815652,0.033579261,0.452209347,4.413853191,3.585205749,0,0,0,0,0
1991-05-06 00:00:00,0.077678615,0.029114725,0.358811408,4.68219688,2.965896892,0,0,0,0,0
1991-05-07 00:00:00,0.07774436,0.027148036,0.316929979,4.822417908,2.670146907,0,0,0,0,0
1991-05-08 00:00:00,0.078074724,0.026835365,0.311188674,4.840289783,2.621303853,0,0,0,0,0
1991-05-09 00:00:00,0.078835694,0.027451499,0.322546113,4.788361054,2.67737947,0,0,0,0,0
1991-05-10 00:00:00,0.082725323,0.033552857,0.425514912,4.341855123,3.268497397,0,0,0,0,0
1991-05-11 00:00:00,0.091976932,0.047979996,0.640454807,3.684491766,4.342043672,0,0,0,0,0
1991-05-12 00:00:00,0.092025485,0.044871514,0.570158184,3.931688218,3.842382004,0,0,0,0,0
1991-05-13 00:00:00,0.094800075,0.052164587,0.699377777,3.635008076,4.575204849,0,0,0,0,0
1991-05-14 00:00:00,0.089841396,0.037850544,0.459852991,4.087947504,3.26516485,0,0,0,0,0
1991-05-15 00:00:00,0.089315959,0.035490359,0.423710663,4.109887596,3.084786668,0,0,0,0,0
1991-05-16 00:00:00,0.089257927,0.033811072,0.395352963,4.138082586,2.924162655,0,0,0,0,0
1991-05-17 00:00:00,0.088987787,0.032219962,0.369855632,4.193546196,2.776051501,0,0,0,0,0
1991-05-18 00:00:00,0.089073159,0.031264175,0.354100253,4.219157306,2.679969991,0,0,0,0,0
1991-05-19 00:00:00,0.089062183,0.030343088,0.339186397,4.264838371,2.582696427,0,0,0,0,0
1991-05-20 00:00:00,0.089404489,0.029960063,0.332270004,4.279103773,2.52786959,0,0,0,0,0
1991-05-21 00:00:00,0.09025272,0.032377276,0.381145009,4.096921142,2.851823686,0,0,0,0,0
1991-05-22 00:00:00,0.090933735,0.03070466,0.342651779,4.207951824,2.558655373,0,0,0,0,0
1991-05-23 00:00:00,0.090311797,0.032792068,0.396984652,4.075785304,2.95563631,0,0,0,0,0
1991-05-24 00:00:00,0.091257076,0.033725054,0.411652938,4.010598571,3.02787323,0,0,0,0,0
1991-05-25 00:00:00,0.091661383,0.032305155,0.3807423,4.124682566,2.78579422,0,0,0,0,0
1991-05-26 00:00:00,0.091456375,0.033493516,0.410802055,4.059776514,2.994755733,0,0,0,0,0
1991-05-27 00:00:00,0.09210249,0.030972722,0.354523567,4.255662158,2.560821746,0,0,0,0,0
1991-05-28 00:00:00,0.09209763,0.032240611,0.384126617,4.185763796,2.759420244,0,0,0,0,0
1991-05-29 00:00:00,0.092745044,0.039914181,0.53614545,3.792096736,3.753794158,0,0,0,0,0
1991-05-30 00:00:00,0.093116227,0.038203701,0.499561993,3.922818392,3.472430395,0,0,0,0,0
1991-05-31 00:00:00,0.092779224,0.034875158,0.437332287,4.146016332,3.037266289,0,0,0,0,0
1991-06-01 00:00:00,0.093290784,0.033113769,0.400161077,4.250915337,2.75878411,0,0,0,0,0
1991-06-02 00:00:00,0.096134796,0.03807653,0.476321159,3.951061075,3.196835655,0,0,0,0,0
1991-06-03 00:00:00,0.099638736,0.044981309,0.579888936,3.637124723,3.766700244,0,0,0,0,0
1991-06-04 00:00:00,0.099360851,0.043552698,0.555581659,3.741803533,3.592492632,0,0,0,0,0
1991-06-05 00:00:00,0.098397898,0.038530089,0.47135976,3.947811196,3.070749646,0,0,0,0,0
1991-06-06 00:00:00,0.098995757,0.039019329,0.47907058,3.894254398,3.113619714,0,0,0,0,0
1991-06-07 00:00:00,0.106477525,0.049127717,0.605030003,3.41211207,3.739586783,0,0,0,0,0
1991-06-08 00:00:00,0.112320348,0.052599026,0.617680443,3.246412609,3.675794303,0,0,0,0,0
1991-06-09 00:00:00,0.112331981,0.050477847,0.582707774,3.277625834,3.47262136,0,0,0,0,0
1991-06-10 00:00:00,0.110743361,0.04594093,0.523787134,3.307591888,3.202734714,0,0,0,0,0
1991-06-11 00:00:00,0.109082662,0.041206673,0.459740043,3.379510198,2.885607199,0,0,0,0,0
1991-06-12 00:00:00,0.108083175,0.038114524,0.417042245,3.438802542,2.662807387,0,0,0,0,0
1991-06-13 00:00:00,0.107424175,0.036864274,0.403287642,3.459306437,2.601605922,0,0,0,0,0
1991-06-14 00:00:00,0.106785445,0.035869527,0.392814539,3.489263098,2.550704599,0,0,0,0,0
1991-06-15 00:00:00,0.106382872,0.034388757,0.370066691,3.569029512,2.393222709,0,0,0,0,0
1991-06-16 00:00:00,0.10615266,0.033640631,0.35921761,3.622270945,2.306089282,0,0,0,0,0
1991-06-17 00:00:00,0.110752666,0.043754596,0.508717369,3.160951445,3.188630585,0,0,0,0,0
1991-06-18 00:00:00,0.128349164,0.071893567,0.805542745,2.919635809,4.273411472,0,0,0,0,0
1991-06-19 00:00:00,0.132099265,0.071839325,0.770416704,2.873573685,3.997602557,0,0,0,0,0
1991-06-20 00:00:00,0.122169303,0.054525505,0.588345845,2.99911299,3.284313274,0,0,0,0,0
1991-06-21 00:00:00,0.116451061,0.043955649,0.469971059,3.117188463,2.78002448,0,0,0,0,0
1991-06-22 00:00:00,0.114485697,0.039217628,0.410991632,3.176948628,2.497362731,0,0,0,0,0
1991-06-23 00:00:00,0.113456852,0.03708562,0.384534823,3.228015923,2.355315919,0,0,0,0,0
1991-06-24 00:00:00,0.112527788,0.036164454,0.376172171,3.278048462,2.303064385,0,0,0,0,0
1991-06-25 00:00:00,0.110871768,0.035353887,0.373466608,3.366018663,2.281752401,0,0,0,0,0
1991-06-26 00:00:00,0.108724804,0.034308063,0.369273552,3.49264183,2.248009273,0,0,0,0,0
1991-06-27 00:00:00,0.106252825,0.033320682,0.367809399,3.643694663,2.229796583,0,0,0,0,0
1991-06-28 00:00:00,0.103397039,0.032293715,0.367725006,3.830267787,2.218600758,0,0,0,0,0
1991-06-29 00:00:00,0.100138267,0.031194782,0.368637197,4.061713172,2.212009256,0,0,0,0,0
1991-06-30 00:00:00,0.111339414,0.034411019,0.36098198,3.304231641,2.185153157,0,0,0,0,0
1991-07-01 00:00:00,0.110028562,0.034158424,0.365224313,3.361058053,2.205259456,0,0,0,0,0
1991-07-02 00:00:00,0.10826682,0.033561289,0.365854427,3.454611539,2.200379813,0,0,0,0,0
1991-07-03 00:00:00,0.107068621,0.033353777,0.370116545,3.50644726,2.222182654,0,0,0,0,0
1991-07-04 00:00:00,0.105340524,0.032747994,0.370355796,3.602557003,2.215978614,0,0,0,0,0
1991-07-05 00:00:00,0.103655708,0.032202158,0.371322049,3.696478652,2.215818756,0,0,0,0,0
1991-07-06 00:00:00,0.101991486,0.031654623,0.372175006,3.790526379,2.216298866,0,0,0,0,0
1991-07-07 00:00:00,0.100606697,0.031083101,0.37064734,3.879657585,2.196290714,0,0,0,0,0
1991-07-08 00:00:00,0.099239755,0.03071189,0.372849281,3.949176242,2.21032516,0,0,0,0,0
1991-07-09 00:00:00,0.097734716,0.030130629,0.371735417,4.05179361,2.192636473,0,0,0,0,0
1991-07-10 00:00:00,0.096264266,0.029683687,0.372883401,4.142351319,2.195620496,0,0,0,0,0
1991-07-11 00:00:00,0.094706925,0.029331683,0.376498075,4.225369513,2.223675252,0,0,0,0,0
1991-07-12 00:00:00,0.093358331,0.028824989,0.375607901,4.322582384,2.208641764,0,0,0,0,0
1991-07-13 00:00:00,0.093000686,0.029082135,0.382801418,4.293279581,2.265512466,0,0,0,0,0
1991-07-14 00:00:00,0.091709301,0.028666729,0.383243126,4.377194657,2.264590626,0,0,0,0,0
1991-07-15 00:00:00,0.090338628,0.028269421,0.384429509,4.467999817,2.269817671,0,0,0,0,0
1991-07-16 00:00:00,0.08893302,0.027839633,0.385190925,4.565069874,2.272556988,0,0,0,0,0
1991-07-17 00:00:00,0.087548885,0.027511679,0.387738729,4.646724362,2.295784811,0,0,0,0,0
1991-07-18 00:00:00,0.087867182,0.031835344,0.463272591,4.293855303,2.9125213,0,0,0,0,0
1991-07-19 00:00:00,0.098969353,0.043265748,0.574233387,3.555803272,3.452912075,0,0,0,0,0
1991-07-20 00:00:00,0.098330511,0.044102073,0.584442259,3.716864479,3.442455634,0,0,0,0,0
1991-07-21 00:00:00,0.095390595,0.039866261,0.537346593,3.844745118,3.196339268,0,0,0,0,0
1991-07-22 00:00:00,0.092796138,0.035587828,0.486684707,3.958236624,2.920804423,0,0,0,0,0
1991-07-23 00:00:00,0.091163303,0.033114965,0.456985219,4.034375703,2.75232726,0,0,0,0,0
1991-07-24 00:00:00,0.089639343,0.031334574,0.436748151,4.119531766,2.63309835,0,0,0,0,0
1991-07-25 00:00:00,0.088303039,0.030073648,0.423468543,4.18849934,2.557766441,0,0,0,0,0
1991-07-26 00:00:00,0.087050826,0.028912333,0.410720298,4.267743592,2.476103962,0,0,0,0,0
1991-07-27 00:00:00,0.085917252,0.027916285,0.399538988,4.349174158,2.396829467,0,0,0,0,0
1991-07-28 00:00:00,0.084995621,0.027291947,0.393422375,4.398969011,2.356553289,0,0,0,0,0
1991-07-29 00:00:00,0.083780248,0.028424368,0.421736177,4.279766266,2.651677957,0,0,0,0,0
1991-07-30 00:00:00,0.082889162,0.028470464,0.426928299,4.299820934,2.700047074,0,0,0,0,0
1991-07-31 00:00:00,0.081660759,0.02745521,0.414730205,4.448448474,2.582702665,0,0,0,0,0
1991-08-01 00:00:00,0.080358087,0.026837525,0.410696168,4.536672141,2.559099583,0,0,0,0,0
1991-08-02 00:00:00,0.078584195,0.027522662,0.434548457,4.476965737,2.833585392,0,0,0,0,0
1991-08-03 00:00:00,0.077103498,0.027102088,0.435664201,4.532096983,2.87866815,0,0,0,0,0
1991-08-04 00:00:00,0.076872731,0.024572018,0.387270503,4.871849132,2.355934171,0,0,0,0,0
1991-08-05 00:00:00,0.076227877,0.024539822,0.389448706,4.866852875,2.387696771,0,0,0,0,0
1991-08-06 00:00:00,0.077480418,0.02737209,0.430523246,4.536221386,2.742265531,0,0,0,0,0
1991-08-07 00:00:00,0.080892029,0.032946878,0.499350418,4.157879064,3.200432702,0,0,0,0,0
1991-08-08 00:00:00,0.080929514,0.035357647,0.53474376,4.170740937,3.421971338,0,0,0,0,0
1991-08-09 00:00:00,0.08042257,0.037194156,0.568063648,4.091590763,3.708900731,0,0,0,0,0
1991-08-10 00:00:00,0.077096755,0.03023107,0.470898457,4.463822392,2.998131414,0,0,0,0,0
1991-08-11 00:00:00,0.075124676,0.027702334,0.439963217,4.596583855,2.803778144,0,0,0,0,0
1991-08-12 00:00:00,0.073479177,0.026588992,0.430804693,4.656992459,2.785839255,0,0,0,0,0
1991-08-13 00:00:00,0.071908102,0.025097543,0.413344538,4.775653691,2.675512357,0,0,0,0,0
1991-08-14 00:00:00,0.069978852,0.026292101,0.448586415,4.622733557,3.1176489,0,0,0,0,0
1991-08-15 00:00:00,0.068558419,0.025049485,0.43382974,4.733539728,3.027637824,0,0,0,0,0
1991-08-16 00:00:00,0.067243956,0.023992406,0.421330555,4.845909559,2.947686797,0,0,0,0,0
1991-08-17 00:00:00,0.065956254,0.02321134,0.413485098,4.941513172,2.910094807,0,0,0,0,0
1991-08-18 00:00:00,0.065066445,0.021974178,0.393308418,5.135584157,2.701522814,0,0,0,0,0
1991-08-19 00:00:00,0.064858448,0.020519013,0.36303009,5.418205176,2.317296474,0,0,0,0,0
1991-08-20 00:00:00,0.064318705,0.020818466,0.370266742,5.369059871,2.40928004,0,0,0,0,0
1991-08-21 00:00:00,0.064259877,0.02112352,0.374392666,5.251141073,2.476881262,0,0,0,0,0
1991-08-22 00:00:00,0.063140803,0.020337652,0.364435661,5.388607864,2.390720369,0,0,0,0,0
1991-08-23 00:00:00,0.060986438,0.021706844,0.405630059,5.165847081,2.967111475,0,0,0,0,0
1991-08-24 00:00:00,0.060769087,0.019749507,0.364674293,5.556334281,2.44483343,0,0,0,0,0
1991-08-25 00:00:00,0.059579986,0.019333718,0.36240651,5.661003167,2.447608614,0,0,0,0,0
1991-08-26 00:00:00,0.057346019,0.020435277,0.399592546,5.428377135,3.021322939,0,0,0,0,0
1991-08-27 00:00:00,0.05662045,0.019323266,0.37934548,5.679153297,2.777606029,0,0,0,0,0
1991-08-28 00:00:00,0.05616896,0.018218991,0.356801199,5.968909226,2.471815832,0,0,0,0,0
1991-08-29 00:00:00,0.054060071,0.019065822,0.388323674,5.747905188,3.000140011,0,0,0,0,0
1991-08-30 00:00:00,0.053905653,0.017639701,0.356237856,6.156287017,2.536038801,0,0,0,0,0
1991-08-31 00:00:00,0.051685107,0.018518185,0.389738678,5.898096012,3.120342288,0,0,0,0,0
1991-09-01 00:00:00,0.050541716,0.018192553,0.388991865,5.995699294,3.159244256,0,0,0,0,0
1991-09-02 00:00:00,0.050345137,0.016958138,0.3607626,6.416614439,2.729253967,0,0,0,0,0
1991-09-03 00:00:00,0.049111136,0.016853168,0.365389231,6.473077516,2.846379963,0,0,0,0,0
1991-09-04 00:00:00,0.047847171,0.01680762,0.371558459,6.51067439,2.992691319,0,0,0,0,0
1991-09-05 00:00:00,0.046174198,0.017299357,0.393161879,6.353798977,3.404608437,0,0,0,0,0
1991-09-06 00:00:00,0.045138693,0.016951179,0.391025587,6.485422293,3.424641686,0,0,0,0,0
1991-09-07 00:00:00,0.044142001,0.016713893,0.391090282,6.593671829,3.472883551,0,0,0,0,0
1991-09-08 00:00:00,0.043226961,0.016640206,0.394036825,6.666427515,3.55501817,0,0,0,0,0
1991-09-09 00:00:00,0.042568462,0.016152728,0.385649944,6.850057831,3.46369183,0,0,0,0,0
1991-09-10 00:00:00,0.04329776,0.014820283,0.345840391,7.461810222,2.749930384,0,0,0,0,0
1991-09-11 00:00:00,0.041178775,0.016468208,0.398559753,6.813248352,3.723219292,0,0,0,0,0
1991-09-12 00:00:00,0.040262622,0.015992033,0.392645226,6.986840531,3.697488428,0,0,0,0,0
1991-09-13 00:00:00,0.039401906,0.015528456,0.386542422,7.171500267,3.662694784,0,0,0,0,0
1991-09-14 00:00:00,0.038652822,0.015541186,0.390306416,7.221327266,3.759188441,0,0,0,0,0
1991-09-15 00:00:00,0.037862775,0.014975086,0.381150577,7.444698166,3.678407645,0,0,0,0,0
1991-09-16 00:00:00,0.037232819,0.015186852,0.388569913,7.42812548,3.823741647,0,0,0,0,0
1991-09-17 00:00:00,0.036561366,0.015047766,0.388310349,7.51585498,3.866208183,0,0,0,0,0
1991-09-18 00:00:00,0.035953551,0.015210055,0.394605425,7.514791393,3.99830858,0,0,0,0,0
1991-09-19 00:00:00,0.035395322,0.015584837,0.405517158,7.456087353,4.19280245,0,0,0,0,0
1991-09-20 00:00:00,0.035926193,0.012084772,0.312524648,9.155331419,2.592947726,0,0,0,0,0
1991-09-21 00:00:00,0.034477608,0.015122701,0.39662138,7.815465546,4.090440888,0,0,0,0,0
1991-09-22 00:00:00,0.034219629,0.015848496,0.413656072,7.514172855,4.389330762,0,0,0,0,0
1991-09-23 00:00:00,0.034377222,0.011919759,0.312270084,9.328618214,2.711116199,0,0,0,0,0
1991-09-24 00:00:00,0.032440515,0.014707935,0.397256071,8.05890386,4.291341052,0,0,0,0,0
1991-09-25 00:00:00,0.03351318,0.011754796,0.308925939,9.560756031,2.705987615,0,0,0,0,0
1991-09-26 00:00:00,0.033217876,0.012154291,0.317590762,9.516334045,2.847853599,0,0,0,0,0
1991-09-27 00:00:00,0.037164638,0.020575055,0.479085827,6.404233952,5.000445388,0,0,0,0,0
1991-09-28 00:00:00,0.036112792,0.016858096,0.399778679,6.856156069,4.124537107,0,0,0,0,0
1991-09-29 00:00:00,0.035438203,0.016406364,0.391956748,7.08927142,4.047768698,0,0,0,0,0
1991-09-30 00:00:00,0.034912323,0.016541097,0.3972687,7.130189168,4.157653873,0,0,0,0,0
1991-10-01 00:00:00,0.034255115,0.013352537,0.319769167,8.210423173,3.053977815,0,0,0,0,0
1991-10-02 00:00:00,0.035099014,0.018663825,0.438864084,6.975960341,4.636645526,0,0,0,0,0
1991-10-03 00:00:00,0.034777405,0.018777942,0.441584207,7.063939471,4.684365329,0,0,0,0,0
1991-10-04 00:00:00,0.034258798,0.018481592,0.437026132,7.148050169,4.677396674,0,0,0,0,0
1991-10-05 00:00:00,0.032205915,0.012241249,0.296952263,8.87424278,2.867358264,0,0,0,0,0
1991-10-06 00:00:00,0.031714801,0.01201964,0.292952919,8.946143895,2.867190724,0,0,0,0,0
1991-10-07 00:00:00,0.033195573,0.018244349,0.434618606,7.163164737,4.790097571,0,0,0,0,0
1991-10-08 00:00:00,0.031956633,0.012352327,0.291764618,8.555749558,2.92090209,0,0,0,0,0
1991-10-09 00:00:00,0.032563293,0.016730053,0.397390184,7.317357284,4.402233346,0,0,0,0,0
1991-10-10 00:00:00,0.031754826,0.015919388,0.382510226,7.559570172,4.277343548,0,0,0,0,0
1991-10-11 00:00:00,0.030701604,0.012860129,0.308742179,8.509080273,3.307080557,0,0,0,0,0
1991-10-12 00:00:00,0.030313945,0.012861717,0.309807323,8.527789703,3.371505675,0,0,0,0,0
1991-10-13 00:00:00,0.029819627,0.012685652,0.307428024,8.614627374,3.394559409,0,0,0,0,0
1991-10-14 00:00:00,0.028950343,0.010855395,0.2632551,9.263780134,2.830157226,0,0,0,0,0
1991-10-15 00:00:00,0.028628256,0.01186391,0.292030229,8.973837667,3.301145832,0,0,0,0,0
1991-10-16 00:00:00,0.028038379,0.010406723,0.253964911,9.510817835,2.799189359,0,0,0,0,0
1991-10-17 00:00:00,0.029140891,0.012945535,0.304810545,9.010468596,3.3786047,0,0,0,0,0
1991-10-18 00:00:00,0.035285331,0.021955971,0.468707217,6.393937869,5.149734546,0,0,0,0,0
1991-10-19 00:00:00,0.033142373,0.018576704,0.404180001,6.875995388,4.552096953,0,0,0,0,0
1991-10-20 00:00:00,0.030321499,0.012975557,0.280803526,8.188650823,3.14375141,0,0,0,0,0
1991-10-21 00:00:00,0.029720093,0.012583361,0.273834685,8.345124662,3.109142356,0,0,0,0,0
1991-10-22 00:00:00,0.029803995,0.012843229,0.276204496,8.236609004,3.160090437,0,0,0,0,0
1991-10-23 00:00:00,0.031661346,0.015246101,0.313505667,7.629817346,3.518726564,0,0,0,0,0
1991-10-24 00:00:00,0.035812235,0.020782066,0.408863541,6.238604105,4.483465329,0,0,0,0,0
1991-10-25 00:00:00,0.034759771,0.019788092,0.392713612,6.469569233,4.36943586,0,0,0,0,0
1991-10-26 00:00:00,0.031426509,0.014234509,0.279100521,7.377572325,3.239150205,0,0,0,0,0
1991-10-27 00:00:00,0.033385053,0.018984318,0.384021838,6.706773371,4.39094675,0,0,0,0,0
1991-10-28 00:00:00,0.030185374,0.01314304,0.258730955,7.576226636,3.124431767,0,0,0,0,0
1991-10-29 00:00:00,0.030265385,0.013326643,0.259728881,7.456585276,3.166800799,0,0,0,0,0
1991-10-30 00:00:00,0.043039697,0.029548247,0.517909454,5.261152728,5.24528276,0,0,0,0,0
1991-10-31 00:00:00,0.047734712,0.034961882,0.578867695,5.166642404,5.494210059,0,0,0,0,0
1991-11-01 00:00:00,0.047804952,0.035547674,0.588987767,5.294256769,5.573632644,0,0,0,0,0
1991-11-02 00:00:00,0.043209861,0.029713014,0.503887755,5.512589232,5.045766971,0,0,0,0,0
1991-11-03 00:00:00,0.038859824,0.023950948,0.413877057,5.729836722,4.451327099,0,0,0,0,0
1991-11-04 00:00:00,0.035250965,0.01897998,0.329256576,5.992725348,3.838353012,0,0,0,0,0
1991-11-05 00:00:00,0.033254616,0.016232317,0.279429252,6.156385819,3.470275183,0,0,0,0,0
1991-11-06 00:00:00,0.032042145,0.014588889,0.2478515,6.251608733,3.240129761,0,0,0,0,0
1991-11-07 00:00:00,0.032427793,0.015608949,0.270450438,6.08837787,3.506418015,0,0,0,0,0
1991-11-08 00:00:00,0.031594179,0.014609064,0.250961127,6.169185617,3.373991611,0,0,0,0,0
1991-11-09 00:00:00,0.030806911,0.013714763,0.233268591,6.262985368,3.2535649,0,0,0,0,0
1991-11-10 00:00:00,0.030116458,0.012935115,0.217196842,6.345561326,3.144155672,0,0,0,0,0
1991-11-11 00:00:00,0.029556216,0.01235765,0.204970052,6.417485754,3.066434367,0,0,0,0,0
1991-11-12 00:00:00,0.029111962,0.011998022,0.197397471,6.478058002,3.031059556,0,0,0,0,0
1991-11-13 00:00:00,0.028656383,0.011628311,0.189602983,6.551014116,2.991615824,0,0,0,0,0
1991-11-14 00:00:00,0.02820634,0.011272697,0.181940791,6.63147802,2.951532424,0,0,0,0,0
1991-11-15 00:00:00,0.027781465,0.010958909,0.175117069,6.713101975,2.918329028,0,0,0,0,0
1991-11-16 00:00:00,0.026940959,0.009321367,0.129835095,6.995895397,2.444120365,0,0,0,0,0
1991-11-17 00:00:00,0.027844811,0.01176482,0.193429012,6.686676276,3.151737414,0,0,0,0,0
1991-11-18 00:00:00,0.028024684,0.012133803,0.198822576,6.66063984,3.210131826,0,0,0,0,0
1991-11-19 00:00:00,0.027722869,0.012017871,0.196162231,6.76284581,3.203485276,0,0,0,0,0
1991-11-20 00:00:00,0.026533258,0.009777613,0.135842424,7.118930412,2.586418877,0,0,0,0,0
1991-11-21 00:00:00,0.027794592,0.012784975,0.212980478,6.831249722,3.394645067,0,0,0,0,0
1991-11-22 00:00:00,0.027729181,0.012633821,0.205133983,6.875366301,3.316496299,0,0,0,0,0
1991-11-23 00:00:00,0.026272344,0.010083634,0.13919788,7.234206146,2.672475598,0,0,0,0,0
1991-11-24 00:00:00,0.028184533,0.014010925,0.237059651,6.874664406,3.650602796,0,0,0,0,0
1991-11-25 00:00:00,0.026984414,0.01204876,0.187826304,7.121776819,3.195046471,0,0,0,0,0
1991-11-26 00:00:00,0.027443029,0.013357626,0.222666066,7.043677598,3.567761726,0,0,0,0,0
1991-11-27 00:00:00,0.027054749,0.013033183,0.216101955,7.126986943,3.537161924,0,0,0,0,0
1991-11-28 00:00:00,0.02646133,0.012369663,0.201461771,7.247047252,3.432875929,0,0,0,0,0
1991-11-29 00:00:00,0.024867588,0.009374129,0.119653705,7.643852948,2.624631875,0,0,0,0,0
1991-11-30 00:00:00,0.026823971,0.012174057,0.178141961,7.294548867,3.140387255,0,0,0,0,0
1991-12-01 00:00:00,0.030236564,0.017234718,0.29062941,6.674602663,4.154659107,0,0,0,0,0
1991-12-02 00:00:00,0.031172584,0.018578967,0.311835249,6.785687651,4.269371935,0,0,0,0,0
1991-12-03 00:00:00,0.031447902,0.019079505,0.319882333,6.863247742,4.323192763,0,0,0,0,0
1991-12-04 00:00:00,0.027587518,0.013056864,0.180957067,7.269901387,3.151220529,0,0,0,0,0
1991-12-05 00:00:00,0.026722613,0.011958728,0.157263797,7.373674063,2.980874822,0,0,0,0,0
1991-12-06 00:00:00,0.027892428,0.014069198,0.208412888,7.250952642,3.454444601,0,0,0,0,0
1991-12-07 00:00:00,0.027136734,0.013070407,0.187062142,7.298934821,3.310952698,0,0,0,0,0
1991-12-08 00:00:00,0.027989119,0.014916594,0.23783239,7.171596088,3.817624539,0,0,0,0,0
1991-12-09 00:00:00,0.02713149,0.013821439,0.214847811,7.251195862,3.66282732,0,0,0,0,0
1991-12-10 00:00:00,0.025303275,0.010759284,0.135683668,7.495816941,2.964025713,0,0,0,0,0
1991-12-11 00:00:00,0.024985791,0.010385494,0.126709373,7.535024111,2.91111312,0,0,0,0,0
1991-12-12 00:00:00,0.026354692,0.01300525,0.197705922,7.31116094,3.599336254,0,0,0,0,0
1991-12-13 00:00:00,0.02596179,0.012330362,0.179679578,7.317575007,3.461819848,0,0,0,0,0
1991-12-14 00:00:00,0.02443139,0.009280337,0.091064984,7.550840235,2.628324169,0,0,0,0,0
1991-12-15 00:00:00,0.028258602,0.01566704,0.253920268,7.074618268,4.083283496,0,0,0,0,0
1991-12-16 00:00:00,0.027039759,0.012048016,0.140706926,6.947878154,3.034170842,0,0,0,0,0
1991-12-17 00:00:00,0.026878347,0.011891577,0.134578319,7.061009238,2.974318864,0,0,0,0,0
1991-12-18 00:00:00,0.029487845,0.016222412,0.239497657,6.974040385,3.845008434,0,0,0,0,0
1991-12-19 00:00:00,0.028059774,0.013902726,0.181395351,7.063854326,3.373771409,0,0,0,0,0
1991-12-20 00:00:00,0.027685698,0.013365867,0.168649959,7.081444224,3.288802375,0,0,0,0,0
1991-12-21 00:00:00,0.026193711,0.01096496,0.108777493,7.16086303,2.811205342,0,0,0,0,0
1991-12-22 00:00:00,0.025862079,0.010541574,0.099062587,7.191064611,2.752964528,0,0,0,0,0
1991-12-23 00:00:00,0.025566909,0.01013142,0.089010492,7.212528408,2.689324201,0,0,0,0,0
1991-12-24 00:00:00,0.025560448,0.009984556,0.083504567,7.162173822,2.658270575,0,0,0,0,0
1991-12-25 00:00:00,0.025522792,0.00993649,0.081571302,7.171846088,2.654771749,0,0,0,0,0
1991-12-26 00:00:00,0.025024606,0.009241839,0.06395791,7.253778882,2.520558581,0,0,0,0,0
1991-12-27 00:00:00,0.025184074,0.009520596,0.070641799,7.254966414,2.588151199,0,0,0,0,0
1991-12-28 00:00:00,0.025370674,0.009948591,0.083109335,7.259805596,2.713537222,0,0,0,0,0
1991-12-29 00:00:00,0.025096137,0.00941551,0.06688536,7.298342883,2.578366328,0,0,0,0,0
1991-12-30 00:00:00,0.025309013,0.009907662,0.081538518,7.305771721,2.722528691,0,0,0,0,0
1991-12-31 00:00:00,0.024950221,0.009231153,0.061318133,7.362145967,2.551163306,0,0,0,0,0
1992-01-01 00:00:00,0.024892491,0.009160874,0.05915871,7.397385551,2.541885226,0,0,0,0,0
1992-01-02 00:00:00,0.024838934,0.009102256,0.057341847,7.434292908,2.534924034,0,0,0,0,0
1992-01-03 00:00:00,0.026006847,0.010640312,0.092685617,7.305447209,2.813424548,0,0,0,0,0
1992-01-04 00:00:00,0.026724579,0.011258216,0.102419589,7.141463755,2.884649908,0,0,0,0,0
1992-01-05 00:00:00,0.029780906,0.014457463,0.159039336,6.754186883,3.243904467,0,0,0,0,0
1992-01-06 00:00:00,0.031615279,0.016605338,0.191966552,6.828282583,3.388813186,0,0,0,0,0
1992-01-07 00:00:00,0.03234069,0.017496868,0.206447014,6.888847921,3.460779552,0,0,0,0,0
1992-01-08 00:00:00,0.031895251,0.016811824,0.192486212,6.873117902,3.377180731,0,0,0,0,0
1992-01-09 00:00:00,0.030791474,0.015253321,0.162087611,6.833351463,3.199117029,0,0,0,0,0
1992-01-10 00:00:00,0.029511742,0.013444557,0.12568597,6.802933791,2.978946094,0,0,0,0,0
1992-01-11 00:00:00,0.029679452,0.013829269,0.139677119,6.79889222,3.113059368,0,0,0,0,0
1992-01-12 00:00:00,0.028353568,0.011719318,0.090168679,6.777297443,2.76930746,0,0,0,0,0
1992-01-13 00:00:00,0.028346589,0.011754367,0.094051914,6.771682288,2.822381165,0,0,0,0,0
1992-01-14 00:00:00,0.027745435,0.010654223,0.065767457,6.767924078,2.615310696,0,0,0,0,0
1992-01-15 00:00:00,0.027674516,0.01052021,0.063732432,6.771408675,2.614453745,0,0,0,0,0
1992-01-16 00:00:00,0.027581894,0.010262044,0.056943565,6.777044984,2.567854886,0,0,0,0,0
1992-01-17 00:00:00,0.027517265,0.009988597,0.048597305,6.779922878,2.503041782,0,0,0,0,0
1992-01-18 00:00:00,0.027645908,0.010162532,0.054130474,6.790052704,2.554640772,0,0,0,0,0
1992-01-19 00:00:00,0.027549962,0.009832239,0.044075084,6.810766035,2.472342027,0,0,0,0,0
1992-01-20 00:00:00,0.027701231,0.01005641,0.050982831,6.828976993,2.532577811,0,0,0,0,0
1992-01-21 00:00:00,0.027642832,0.009799452,0.042909958,6.859187894,2.463465401,0,0,0,0,0
1992-01-22 00:00:00,0.028846072,0.011385997,0.080980525,6.78162518,2.739301031,0,0,0,0,0
1992-01-23 00:00:00,0.029951521,0.012259071,0.094675592,6.579011335,2.820630697,0,0,0,0,0
1992-01-24 00:00:00,0.029560551,0.011627494,0.078489342,6.670635238,2.690419925,0,0,0,0,0
1992-01-25 00:00:00,0.029740506,0.011782566,0.080996515,6.715811806,2.694976021,0,0,0,0,0
1992-01-26 00:00:00,0.03000623,0.01202549,0.086168555,6.725462299,2.725417523,0,0,0,0,0
1992-01-27 00:00:00,0.029993807,0.011858395,0.081999459,6.739307345,2.693495896,0,0,0,0,0
1992-01-28 00:00:00,0.030052523,0.011798661,0.080666324,6.746004861,2.683287742,0,0,0,0,0
1992-01-29 00:00:00,0.030213272,0.011986029,0.086895656,6.758923387,2.733244725,0,0,0,0,0
1992-01-30 00:00:00,0.030138102,0.011747221,0.081595557,6.77907411,2.695616401,0,0,0,0,0
1992-01-31 00:00:00,0.029952724,0.011262012,0.068959168,6.804547443,2.599042155,0,0,0,0,0
1992-02-01 00:00:00,0.030287481,0.01155744,0.07594566,6.788962809,2.645156699,0,0,0,0,0
1992-02-02 00:00:00,0.030219303,0.011221513,0.067158775,6.793810524,2.579221128,0,0,0,0,0
1992-02-03 00:00:00,0.030241086,0.011099069,0.064363559,6.820714961,2.554710685,0,0,0,0,0
1992-02-04 00:00:00,0.029863182,0.010268318,0.04200461,6.884222481,2.379893946,0,0,0,0,0
1992-02-05 00:00:00,0.030599023,0.011263489,0.067997462,6.846890844,2.566482001,0,0,0,0,0
1992-02-06 00:00:00,0.030865151,0.011357716,0.069359024,6.81950849,2.569928098,0,0,0,0,0
1992-02-07 00:00:00,0.031047102,0.011490409,0.073303035,6.838102204,2.593692175,0,0,0,0,0
1992-02-08 00:00:00,0.03110816,0.011346171,0.069034264,6.862784768,2.552263714,0,0,0,0,0
1992-02-09 00:00:00,0.031347736,0.011564768,0.075488492,6.873310716,2.595018711,0,0,0,0,0
1992-02-10 00:00:00,0.031423327,0.011424253,0.071274421,6.898769846,2.553064688,0,0,0,0,0
1992-02-11 00:00:00,0.031546814,0.011403699,0.070867001,6.921721716,2.541741638,0,0,0,0,0
1992-02-12 00:00:00,0.031619975,0.011316801,0.069003562,6.952641592,2.520522498,0,0,0,0,0
1992-02-13 00:00:00,0.031907583,0.011528448,0.074342164,6.957043475,2.549102016,0,0,0,0,0
1992-02-14 00:00:00,0.032128538,0.011705858,0.079884444,6.96961314,2.583984101,0,0,0,0,0
1992-02-15 00:00:00,0.032258844,0.011612262,0.076757915,6.99514964,2.547026652,0,0,0,0,0
1992-02-16 00:00:00,0.032308368,0.01146014,0.073099533,7.03353904,2.510624901,0,0,0,0,0
1992-02-17 00:00:00,0.032663291,0.011763749,0.080904439,7.031622046,2.555388387,0,0,0,0,0
1992-02-18 00:00:00,0.033091367,0.01221223,0.092588604,7.023284338,2.62790422,0,0,0,0,0
1992-02-19 00:00:00,0.036339896,0.015974133,0.171434546,6.609389447,3.120401356,0,0,0,0,0
1992-02-20 00:00:00,0.036250451,0.015058313,0.146094488,6.531825884,2.939753724,0,0,0,0,0
1992-02-21 00:00:00,0.040317364,0.020025715,0.242208306,6.289675822,3.471894485,0,0,0,0,0
1992-02-22 00:00:00,0.047453386,0.027728624,0.359665887,5.939057365,3.985895371,0,0,0,0,0
1992-02-23 00:00:00,0.047800789,0.027436519,0.342784132,5.933458138,3.829472645,0,0,0,0,0
1992-02-24 00:00:00,0.047442821,0.026621642,0.32964404,5.882997618,3.76264446,0,0,0,0,0
1992-02-25 00:00:00,0.045148391,0.022988739,0.264572976,5.811359527,3.428168824,0,0,0,0,0
1992-02-26 00:00:00,0.043262439,0.019893595,0.207814338,5.763166237,3.130169323,0,0,0,0,0
1992-02-27 00:00:00,0.042938589,0.018845349,0.187549049,5.684925317,3.021114135,0,0,0,0,0
1992-02-28 00:00:00,0.042564957,0.017769119,0.166035812,5.643242549,2.897409448,0,0,0,0,0
1992-02-29 00:00:00,0.043584166,0.018710749,0.184807234,5.560372038,3.001506257,0,0,0,0,0
1992-03-01 00:00:00,0.045776383,0.020407501,0.207867048,5.338293103,3.097894858,0,0,0,0,0
1992-03-02 00:00:00,0.048758992,0.024252293,0.27206905,5.399520071,3.371911859,0,0,0,0,0
1992-03-03 00:00:00,0.049742684,0.025250067,0.288403319,5.402314487,3.432772139,0,0,0,0,0
1992-03-04 00:00:00,0.05064476,0.026490672,0.318524757,5.358803929,3.615360597,0,0,0,0,0
1992-03-05 00:00:00,0.048904485,0.023531068,0.265422126,5.343706074,3.338066467,0,0,0,0,0
1992-03-06 00:00:00,0.048531047,0.022986659,0.264251591,5.308140874,3.370031146,0,0,0,0,0
1992-03-07 00:00:00,0.046267742,0.018500971,0.168914432,5.349301523,2.801719714,0,0,0,0,0
1992-03-08 00:00:00,0.04616116,0.017821315,0.155795386,5.341259962,2.72204785,0,0,0,0,0
1992-03-09 00:00:00,0.048921805,0.020469818,0.200851891,5.093074834,2.958017325,0,0,0,0,0
1992-03-10 00:00:00,0.049003059,0.020016666,0.189706973,5.116588212,2.869430355,0,0,0,0,0
1992-03-11 00:00:00,0.050488203,0.022358534,0.242262858,5.079282559,3.175318609,0,0,0,0,0
1992-03-12 00:00:00,0.049618378,0.019901181,0.186326318,5.117237815,2.818587739,0,0,0,0,0
1992-03-13 00:00:00,0.051470887,0.023405168,0.27030121,5.032664442,3.342271245,0,0,0,0,0
1992-03-14 00:00:00,0.051515445,0.023035537,0.265131042,5.011647213,3.315718978,0,0,0,0,0
1992-03-15 00:00:00,0.050065173,0.01929063,0.179861798,5.098042508,2.775924844,0,0,0,0,0
1992-03-16 00:00:00,0.050437134,0.019875493,0.19863327,5.074323789,2.904470893,0,0,0,0,0
1992-03-17 00:00:00,0.052316742,0.022521786,0.256540703,4.923600373,3.254146177,0,0,0,0,0
1992-03-18 00:00:00,0.052329438,0.021315694,0.225598742,4.931315445,3.038898795,0,0,0,0,0
1992-03-19 00:00:00,0.052294018,0.019792222,0.185645948,4.960010392,2.757808415,0,0,0,0,0
1992-03-20 00:00:00,0.053055236,0.020294751,0.194442759,4.931925564,2.789711,0,0,0,0,0
1992-03-21 00:00:00,0.053817104,0.021756767,0.231433639,4.910087248,3.015494607,0,0,0,0,0
1992-03-22 00:00:00,0.053472961,0.020043632,0.190712231,4.987136951,2.736432352,0,0,0,0,0
1992-03-23 00:00:00,0.053464054,0.0190835,0.167360296,5.041562961,2.566044657,0,0,0,0,0
1992-03-24 00:00:00,0.054910129,0.021276932,0.216330271,4.938599807,2.857856828,0,0,0,0,0
1992-03-25 00:00:00,0.056988243,0.02347033,0.254620978,4.803478021,3.046630346,0,0,0,0,0
1992-03-26 00:00:00,0.057328283,0.023479137,0.253344639,4.8481127,3.00837435,0,0,0,0,0
1992-03-27 00:00:00,0.057249353,0.022313974,0.226581457,4.895681644,2.824561245,0,0,0,0,0
1992-03-28 00:00:00,0.058368484,0.023702999,0.256244997,4.819691794,2.992560451,0,0,0,0,0
1992-03-29 00:00:00,0.058995693,0.024806311,0.284617961,4.779535911,3.16772137,0,0,0,0,0
1992-03-30 00:00:00,0.059586847,0.02574862,0.309704375,4.723662257,3.32855132,0,0,0,0,0
1992-03-31 00:00:00,0.059395372,0.024826814,0.293179981,4.747911522,3.231461496,0,0,0,0,0
1992-04-01 00:00:00,0.058967696,0.02290005,0.250743787,4.836690419,2.954714725,0,0,0,0,0
1992-04-02 00:00:00,0.059121471,0.023307159,0.266763853,4.815405571,3.070638306,0,0,0,0,0
1992-04-03 00:00:00,0.058738136,0.020020313,0.183401101,5.016562369,2.482034322,0,0,0,0,0
1992-04-04 00:00:00,0.059006248,0.01992549,0.182535859,5.04471917,2.461988403,0,0,0,0,0
1992-04-05 00:00:00,0.060077419,0.023163419,0.266619412,4.830046564,3.038316576,0,0,0,0,0
1992-04-06 00:00:00,0.060449525,0.023072475,0.264157551,4.848057332,3.00322162,0,0,0,0,0
1992-04-07 00:00:00,0.060759807,0.023340492,0.272051724,4.86760149,3.038036849,0,0,0,0,0
1992-04-08 00:00:00,0.061030782,0.023416664,0.275216503,4.893537548,3.042409191,0,0,0,0,0
1992-04-09 00:00:00,0.061228954,0.021352864,0.219061471,5.072992386,2.611577329,0,0,0,0,0
1992-04-10 00:00:00,0.061560666,0.020954657,0.208255762,5.139339755,2.50844667,0,0,0,0,0
1992-04-11 00:00:00,0.062886212,0.023357151,0.261846625,4.987555223,2.837195824,0,0,0,0,0
1992-04-12 00:00:00,0.064899766,0.027254076,0.343878726,4.783050315,3.321730148,0,0,0,0,0
1992-04-13 00:00:00,0.067214878,0.032304606,0.448940942,4.56949628,3.933893548,0,0,0,0,0
1992-04-14 00:00:00,0.065438551,0.025115113,0.287120896,4.997326324,2.870736979,0,0,0,0,0
1992-04-15 00:00:00,0.067077182,0.031092721,0.428167613,4.675114683,3.786958788,0,0,0,0,0
1992-04-16 00:00:00,0.066593223,0.029738011,0.405113902,4.745773001,3.653719286,0,0,0,0,0
1992-04-17 00:00:00,0.065495439,0.023615732,0.263805581,5.147570197,2.697760793,0,0,0,0,0
1992-04-18 00:00:00,0.065849208,0.024514047,0.288595407,5.09682283,2.861346168,0,0,0,0,0
1992-04-19 00:00:00,0.066765526,0.024591406,0.284163166,5.095157669,2.791289886,0,0,0,0,0
1992-04-20 00:00:00,0.067763742,0.026040281,0.316268212,4.951170217,2.997723477,0,0,0,0,0
1992-04-21 00:00:00,0.067821824,0.024512701,0.280505116,5.094844058,2.729997978,0,0,0,0,0
1992-04-22 00:00:00,0.067947365,0.024318781,0.278514037,5.15154635,2.699118198,0,0,0,0,0
1992-04-23 00:00:00,0.068260084,0.024283096,0.278855135,5.175097487,2.684759378,0,0,0,0,0
1992-04-24 00:00:00,0.06877675,0.025547441,0.310583042,5.080649547,2.895376648,0,0,0,0,0
1992-04-25 00:00:00,0.068948168,0.024442969,0.284942983,5.197426424,2.694968445,0,0,0,0,0
1992-04-26 00:00:00,0.069006567,0.024164221,0.281970347,5.25275632,2.662981361,0,0,0,0,0
1992-04-27 00:00:00,0.068986087,0.024995806,0.308555647,5.197997402,2.857463226,0,0,0,0,0
1992-04-28 00:00:00,0.069304013,0.023607541,0.273912638,5.356485786,2.578726876,0,0,0,0,0
1992-04-29 00:00:00,0.069470887,0.023431627,0.272172637,5.402820189,2.551645757,0,0,0,0,0
1992-04-30 00:00:00,0.075766778,0.032867008,0.436505422,4.582623679,3.511147926,0,0,0,0,0
1992-05-01 00:00:00,0.081962862,0.038077779,0.486499319,4.300161277,3.613598147,0,0,0,0,0
1992-05-02 00:00:00,0.095446239,0.061771071,0.850964625,3.577329899,5.38854124,0,0,0,0,0
1992-05-03 00:00:00,0.088717255,0.045834378,0.581017073,4.108727409,3.936448084,0,0,0,0,0
1992-05-04 00:00:00,0.091140509,0.052890725,0.719639831,3.762776465,4.762054209,0,0,0,0,0
1992-05-05 00:00:00,0.086065218,0.042080166,0.550633099,4.04480147,3.918362917,0,0,0,0,0
1992-05-06 00:00:00,0.082627322,0.032709795,0.389348681,4.378587944,3.026271555,0,0,0,0,0
1992-05-07 00:00:00,0.083615015,0.032827979,0.389069728,4.29694063,3.021942438,0,0,0,0,0
1992-05-08 00:00:00,0.085722044,0.038194542,0.493575432,3.960853158,3.670628475,0,0,0,0,0
1992-05-09 00:00:00,0.084591309,0.031897379,0.371255926,4.257358249,2.909622773,0,0,0,0,0
1992-05-10 00:00:00,0.084660466,0.031007185,0.356607168,4.283424708,2.820480709,0,0,0,0,0
1992-05-11 00:00:00,0.084704366,0.033052964,0.407928834,4.139234347,3.181318993,0,0,0,0,0
1992-05-12 00:00:00,0.084851677,0.029218846,0.325500045,4.364241776,2.616472758,0,0,0,0,0
1992-05-13 00:00:00,0.085047289,0.028421992,0.310335915,4.420192619,2.5039265,0,0,0,0,0
1992-05-14 00:00:00,0.084887237,0.030458201,0.36323531,4.25681586,2.893290817,0,0,0,0,0
1992-05-15 00:00:00,0.085471266,0.028879735,0.325708367,4.388846659,2.599378548,0,0,0,0,0
1992-05-16 00:00:00,0.085718686,0.028064696,0.308255903,4.484799319,2.450132973,0,0,0,0,0
1992-05-17 00:00:00,0.085755917,0.027850824,0.30662103,4.533757214,2.421900524,0,0,0,0,0
1992-05-18 00:00:00,0.085206589,0.030041426,0.365750654,4.349494706,2.87333148,0,0,0,0,0
1992-05-19 00:00:00,0.085137785,0.029592401,0.35981324,4.404608048,2.823763296,0,0,0,0,0
1992-05-20 00:00:00,0.08566554,0.028363389,0.329640679,4.564235424,2.5569051,0,0,0,0,0
1992-05-21 00:00:00,0.085503512,0.028325845,0.333355115,4.603854963,2.571608309,0,0,0,0,0
1992-05-22 00:00:00,0.085727452,0.027632266,0.318238865,4.722676659,2.422778029,0,0,0,0,0
1992-05-23 00:00:00,0.085659171,0.027530325,0.319377575,4.778244537,2.409776216,0,0,0,0,0
1992-05-24 00:00:00,0.084318107,0.029600197,0.38174852,4.574434736,2.92775137,0,0,0,0,0
1992-05-25 00:00:00,0.084543403,0.030192834,0.395575373,4.546427087,3.008429733,0,0,0,0,0
1992-05-26 00:00:00,0.085070647,0.028641092,0.358257772,4.764077282,2.67250392,0,0,0,0,0
1992-05-27 00:00:00,0.085358079,0.027684183,0.336230559,4.935079715,2.455275689,0,0,0,0,0
1992-05-28 00:00:00,0.085452538,0.028829247,0.362544568,4.878110527,2.623388288,0,0,0,0,0
1992-05-29 00:00:00,0.088454956,0.030603541,0.379125789,4.606015054,2.694474236,0,0,0,0,0
1992-05-30 00:00:00,0.087882958,0.030486101,0.382797206,4.702638686,2.696693554,0,0,0,0,0
1992-05-31 00:00:00,0.08753706,0.031919816,0.416660627,4.677266667,2.913524841,0,0,0,0,0
1992-06-01 00:00:00,0.087095812,0.030747249,0.398228788,4.81499972,2.768772532,0,0,0,0,0
1992-06-02 00:00:00,0.086625783,0.029986317,0.389198471,4.899563193,2.703301051,0,0,0,0,0
1992-06-03 00:00:00,0.086232951,0.029259139,0.380018854,4.982593388,2.633751479,0,0,0,0,0
1992-06-04 00:00:00,0.085909282,0.028759789,0.374795369,5.050288363,2.589607688,0,0,0,0,0
1992-06-05 00:00:00,0.086416941,0.029379915,0.386241679,4.980076185,2.658240841,0,0,0,0,0
1992-06-06 00:00:00,0.087492282,0.029669835,0.386580291,4.901916746,2.639596553,0,0,0,0,0
1992-06-07 00:00:00,0.088965399,0.032638793,0.43627024,4.66332895,2.952188176,0,0,0,0,0
1992-06-08 00:00:00,0.089344432,0.033213123,0.445324529,4.670374463,2.977484027,0,0,0,0,0
1992-06-09 00:00:00,0.088559944,0.033238031,0.452281565,4.775012112,3.003169005,0,0,0,0,0
1992-06-10 00:00:00,0.087784228,0.032300814,0.442214442,4.871422303,2.937501431,0,0,0,0,0
1992-06-11 00:00:00,0.087390035,0.031018919,0.422770292,4.955307392,2.805064592,0,0,0,0,0
1992-06-12 00:00:00,0.085709635,0.034826056,0.517158178,4.551594769,3.614061136,0,0,0,0,0
1992-06-13 00:00:00,0.086409609,0.029507005,0.404825086,5.09694229,2.680382578,0,0,0,0,0
1992-06-14 00:00:00,0.085811514,0.028911091,0.399266501,5.180225826,2.636868755,0,0,0,0,0
1992-06-15 00:00:00,0.094115252,0.043096661,0.605407389,4.053162539,3.920215989,0,0,0,0,0
1992-06-16 00:00:00,0.105620002,0.058698999,0.784032359,3.447690558,4.71318545,0,0,0,0,0
1992-06-17 00:00:00,0.107960513,0.066050404,0.889864701,3.314871094,5.275179052,0,0,0,0,0
1992-06-18 00:00:00,0.100029841,0.047407426,0.629520874,3.96943066,3.820278047,0,0,0,0,0
1992-06-19 00:00:00,0.096805129,0.040943139,0.54617034,4.147313227,3.395675284,0,0,0,0,0
1992-06-20 00:00:00,0.095379729,0.038384615,0.515182976,4.206381411,3.248549025,0,0,0,0,0
1992-06-21 00:00:00,0.107349216,0.060090093,0.80470605,3.165389297,4.884644028,0,0,0,0,0
1992-06-22 00:00:00,0.105666384,0.050774891,0.654225028,3.514814338,3.928924387,0,0,0,0,0
1992-06-23 00:00:00,0.10337239,0.0440925,0.559702657,3.697538902,3.393279285,0,0,0,0,0
1992-06-24 00:00:00,0.102999595,0.042540575,0.540222568,3.658968764,3.314397593,0,0,0,0,0
1992-06-25 00:00:00,0.102288264,0.04181677,0.53650278,3.626554497,3.334357139,0,0,0,0,0
1992-06-26 00:00:00,0.100603517,0.037790739,0.480659509,3.77055509,3.007810163,0,0,0,0,0
1992-06-27 00:00:00,0.099426822,0.035152708,0.444002246,3.882486357,2.783187333,0,0,0,0,0
1992-06-28 00:00:00,0.098860034,0.033004649,0.410004248,4.004923761,2.53825368,0,0,0,0,0
1992-06-29 00:00:00,0.098491483,0.032743787,0.408660268,4.02172195,2.525542849,0,0,0,0,0
1992-06-30 00:00:00,0.099313179,0.033035181,0.409627355,3.949445041,2.523503005,0,0,0,0,0
1992-07-01 00:00:00,0.097836547,0.03360181,0.431553784,3.920259211,2.718965652,0,0,0,0,0
1992-07-02 00:00:00,0.097291022,0.033841018,0.440810291,3.889031054,2.80222073,0,0,0,0,0
1992-07-03 00:00:00,0.096574624,0.032258039,0.416294426,4.039529803,2.594824329,0,0,0,0,0
1992-07-04 00:00:00,0.096237918,0.030791171,0.391110416,4.182316782,2.368887662,0,0,0,0,0
1992-07-05 00:00:00,0.095478499,0.032282414,0.424467818,4.073240014,2.642943764,0,0,0,0,0
1992-07-06 00:00:00,0.096855297,0.032903295,0.42653658,3.979536407,2.627984989,0,0,0,0,0
1992-07-07 00:00:00,0.096152322,0.034325722,0.455951188,3.94319569,2.834120393,0,0,0,0,0
1992-07-08 00:00:00,0.105659341,0.053790025,0.715497003,3.068154886,4.403917038,0,0,0,0,0
1992-07-09 00:00:00,0.103632767,0.046580731,0.603574753,3.452893279,3.610782871,0,0,0,0,0
1992-07-10 00:00:00,0.102257677,0.045827942,0.60201855,3.464820253,3.640967568,0,0,0,0,0
1992-07-11 00:00:00,0.099232885,0.040187529,0.53165272,3.636353094,3.249836744,0,0,0,0,0
1992-07-12 00:00:00,0.096788597,0.034334131,0.449852357,3.887194178,2.720016999,0,0,0,0,0
1992-07-13 00:00:00,0.095352725,0.032505985,0.428508291,3.973950964,2.594273925,0,0,0,0,0
1992-07-14 00:00:00,0.094582174,0.032172644,0.428433289,3.964807812,2.619156468,0,0,0,0,0
1992-07-15 00:00:00,0.093260219,0.030411497,0.405087796,4.119809039,2.434643158,0,0,0,0,0
1992-07-16 00:00:00,0.092766784,0.030229252,0.404900778,4.120321001,2.437998465,0,0,0,0,0
1992-07-17 00:00:00,0.093935067,0.03146855,0.41988329,3.929347362,2.564840482,0,0,0,0,0
1992-07-18 00:00:00,0.092928472,0.030907643,0.414681674,4.034588984,2.497815577,0,0,0,0,0
1992-07-19 00:00:00,0.092819594,0.031480814,0.424416701,3.9996955,2.561569535,0,0,0,0,0
1992-07-20 00:00:00,0.092752124,0.03280874,0.446749286,3.924864868,2.724237822,0,0,0,0,0
1992-07-21 00:00:00,0.094619863,0.035672549,0.481720687,3.719052886,2.950623727,0,0,0,0,0
1992-07-22 00:00:00,0.093945867,0.035418971,0.47984612,3.766139751,2.92411234,0,0,0,0,0
1992-07-23 00:00:00,0.093887146,0.035859216,0.486119273,3.740472264,2.961948444,0,0,0,0,0
1992-07-24 00:00:00,0.092881463,0.034314968,0.466416501,3.791613445,2.8386431,0,0,0,0,0
1992-07-25 00:00:00,0.09290166,0.034175295,0.463528946,3.743247753,2.829149195,0,0,0,0,0
1992-07-26 00:00:00,0.092925195,0.033429082,0.45065295,3.707655577,2.750016614,0,0,0,0,0
1992-07-27 00:00:00,0.094282058,0.039548107,0.540739946,3.473690924,3.369661445,0,0,0,0,0
1992-07-28 00:00:00,0.092904385,0.036603957,0.498549129,3.625204661,3.06041147,0,0,0,0,0
1992-07-29 00:00:00,0.091960329,0.036848041,0.507817602,3.620151583,3.148368476,0,0,0,0,0
1992-07-30 00:00:00,0.089546032,0.032357946,0.447734155,3.833049555,2.736648349,0,0,0,0,0
1992-07-31 00:00:00,0.087614527,0.030598904,0.430162391,3.924568803,2.645741339,0,0,0,0,0
1992-08-01 00:00:00,0.086054505,0.028546003,0.403658689,4.053810586,2.456652332,0,0,0,0,0
1992-08-02 00:00:00,0.084606053,0.027550087,0.394273806,4.138051078,2.40003664,0,0,0,0,0
1992-08-03 00:00:00,0.084223104,0.027806533,0.399952348,4.094947329,2.459148764,0,0,0,0,0
1992-08-04 00:00:00,0.083361366,0.027263481,0.394151113,4.142915361,2.41512828,0,0,0,0,0
1992-08-05 00:00:00,0.081768628,0.027290827,0.403293207,4.194031489,2.509942191,0,0,0,0,0
1992-08-06 00:00:00,0.080281999,0.02663951,0.399479225,4.289791246,2.489096817,0,0,0,0,0
1992-08-07 00:00:00,0.078836497,0.026009105,0.395910714,4.376189899,2.475352961,0,0,0,0,0
1992-08-08 00:00:00,0.077472963,0.024923138,0.383076421,4.515571809,2.36481436,0,0,0,0,0
1992-08-09 00:00:00,0.076029694,0.024163966,0.376711136,4.63177409,2.318903655,0,0,0,0,0
1992-08-10 00:00:00,0.074624077,0.023581051,0.373217454,4.73584477,2.299321631,0,0,0,0,0
1992-08-11 00:00:00,0.073659372,0.023790645,0.381605128,4.735793551,2.39286544,0,0,0,0,0
1992-08-12 00:00:00,0.075931911,0.027238086,0.426929615,4.283239696,2.793013304,0,0,0,0,0
1992-08-13 00:00:00,0.074843561,0.026724841,0.421051741,4.436963049,2.708900267,0,0,0,0,0
1992-08-14 00:00:00,0.073722371,0.026857732,0.427887672,4.508090462,2.766432719,0,0,0,0,0
1992-08-15 00:00:00,0.073772856,0.027983241,0.444694083,4.421713894,2.909263804,0,0,0,0,0
1992-08-16 00:00:00,0.072479714,0.026469218,0.424831624,4.52149487,2.769121304,0,0,0,0,0
1992-08-17 00:00:00,0.072320483,0.02680421,0.429601573,4.458323778,2.824953951,0,0,0,0,0
1992-08-18 00:00:00,0.071149779,0.02563344,0.414494113,4.54811524,2.717243597,0,0,0,0,0
1992-08-19 00:00:00,0.069946771,0.024682061,0.403395032,4.630210501,2.645984552,0,0,0,0,0
1992-08-20 00:00:00,0.069139599,0.025062108,0.414038947,4.585785334,2.779991311,0,0,0,0,0
1992-08-21 00:00:00,0.067913919,0.023470163,0.390730227,4.737008738,2.583146697,0,0,0,0,0
1992-08-22 00:00:00,0.066760949,0.022882383,0.385532132,4.803616443,2.564277927,0,0,0,0,0
1992-08-23 00:00:00,0.065589265,0.021898065,0.372874101,4.907665125,2.471365879,0,0,0,0,0
1992-08-24 00:00:00,0.064838143,0.021479328,0.367957331,4.916602277,2.45822979,0,0,0,0,0
1992-08-25 00:00:00,0.063877456,0.020737164,0.357962188,4.997636935,2.384038132,0,0,0,0,0
1992-08-26 00:00:00,0.062757341,0.020328594,0.355412205,5.058928399,2.391473527,0,0,0,0,0
1992-08-27 00:00:00,0.061486434,0.020206527,0.359783316,5.077627372,2.489936305,0,0,0,0,0
1992-08-28 00:00:00,0.060605304,0.019375765,0.346576981,5.223472631,2.353826741,0,0,0,0,0
1992-08-29 00:00:00,0.059618878,0.018813493,0.339418465,5.338150104,2.29168849,0,0,0,0,0
1992-08-30 00:00:00,0.059036664,0.019076192,0.346178755,5.282376243,2.395234327,0,0,0,0,0
1992-08-31 00:00:00,0.058098455,0.018545804,0.339314774,5.386399879,2.339189702,0,0,0,0,0
1992-09-01 00:00:00,0.056076625,0.019411145,0.370366756,5.231041476,2.821287643,0,0,0,0,0
1992-09-02 00:00:00,0.055693345,0.017869002,0.337501952,5.570595727,2.38998955,0,0,0,0,0
1992-09-03 00:00:00,0.054174361,0.018050242,0.350296683,5.542106076,2.623126185,0,0,0,0,0
1992-09-04 00:00:00,0.053722229,0.016962175,0.327062418,5.82567833,2.30607843,0,0,0,0,0
1992-09-05 00:00:00,0.052544648,0.01675939,0.328837789,5.886681121,2.378035612,0,0,0,0,0
1992-09-06 00:00:00,0.051691103,0.016361248,0.323560751,6.024871395,2.3238979,0,0,0,0,0
1992-09-07 00:00:00,0.050629504,0.015922767,0.31917838,6.172579036,2.297297194,0,0,0,0,0
1992-09-08 00:00:00,0.049858799,0.015829797,0.31991088,6.221934554,2.332360955,0,0,0,0,0
1992-09-09 00:00:00,0.04891531,0.016151762,0.331510884,6.141811364,2.54181973,0,0,0,0,0
1992-09-10 00:00:00,0.047889222,0.015923945,0.331564413,6.23131908,2.585316283,0,0,0,0,0
1992-09-11 00:00:00,0.046799565,0.015704593,0.332378964,6.3325712,2.640821567,0,0,0,0,0
1992-09-12 00:00:00,0.04616394,0.01478303,0.313260234,6.650659463,2.376413506,0,0,0,0,0
1992-09-13 00:00:00,0.044769264,0.015080097,0.328592703,6.581074865,2.679124275,0,0,0,0,0
1992-09-14 00:00:00,0.04429474,0.014359855,0.31236581,6.871627974,2.439351606,0,0,0,0,0
1992-09-15 00:00:00,0.043433807,0.013864006,0.304732783,7.077740865,2.361344182,0,0,0,0,0
1992-09-16 00:00:00,0.043265807,0.019149297,0.422186418,5.852852723,3.968246199,0,0,0,0,0
1992-09-17 00:00:00,0.044595067,0.015789379,0.331205616,6.335822336,2.739697896,0,0,0,0,0
1992-09-18 00:00:00,0.043568241,0.014598733,0.309719627,6.64433457,2.503184691,0,0,0,0,0
1992-09-19 00:00:00,0.042610143,0.017388269,0.378310797,6.138217819,3.46053353,0,0,0,0,0
1992-09-20 00:00:00,0.042224484,0.014828243,0.31918129,6.707156585,2.686976889,0,0,0,0,0
1992-09-21 00:00:00,0.041502049,0.014060248,0.304105299,6.923715368,2.521396251,0,0,0,0,0
1992-09-22 00:00:00,0.041626148,0.017949202,0.388939467,6.133480011,3.640092132,0,0,0,0,0
1992-09-23 00:00:00,0.041484371,0.015571952,0.331242122,6.559133,2.904352901,0,0,0,0,0
1992-09-24 00:00:00,0.04095358,0.017978196,0.388836,6.149214488,3.68854138,0,0,0,0,0
1992-09-25 00:00:00,0.040122657,0.017719999,0.38748284,6.246176933,3.725456831,0,0,0,0,0
1992-09-26 00:00:00,0.038983287,0.0146443,0.322211967,6.925392298,2.932548097,0,0,0,0,0
1992-09-27 00:00:00,0.038228114,0.013253908,0.292447443,7.260849372,2.584314579,0,0,0,0,0
1992-09-28 00:00:00,0.038068656,0.016390957,0.366815239,6.497820685,3.639698034,0,0,0,0,0
1992-09-29 00:00:00,0.03733226,0.016041506,0.362468633,6.595752143,3.64243451,0,0,0,0,0
1992-09-30 00:00:00,0.036464301,0.013946385,0.315896542,7.151879288,3.058376744,0,0,0,0,0
1992-10-01 00:00:00,0.035739316,0.01222759,0.276298056,7.65459108,2.548960595,0,0,0,0,0
1992-10-02 00:00:00,0.035097629,0.012007379,0.273288037,7.766014598,2.554604548,0,0,0,0,0
1992-10-03 00:00:00,0.034427245,0.011810075,0.271240717,7.880388509,2.575694084,0,0,0,0,0
1992-10-04 00:00:00,0.033728867,0.011586426,0.268775517,8.013545117,2.592735644,0,0,0,0,0
1992-10-05 00:00:00,0.03302564,0.011294204,0.264577446,8.175736607,2.585423897,0,0,0,0,0
1992-10-06 00:00:00,0.032357453,0.011044066,0.26119746,8.323532778,2.589937088,0,0,0,0,0
1992-10-07 00:00:00,0.031713038,0.010637742,0.253164973,8.550184863,2.517356895,0,0,0,0,0
1992-10-08 00:00:00,0.03080888,0.012983116,0.324069198,7.651426621,3.721199087,0,0,0,0,0
1992-10-09 00:00:00,0.030703008,0.013268218,0.329311014,7.585494328,3.811491532,0,0,0,0,0
1992-10-10 00:00:00,0.030236761,0.012936115,0.322238561,7.695218611,3.765731861,0,0,0,0,0
1992-10-11 00:00:00,0.030144535,0.010528138,0.251227729,8.778938412,2.641690072,0,0,0,0,0
1992-10-12 00:00:00,0.031057998,0.014167869,0.337808558,7.400851044,3.90271823,0,0,0,0,0
1992-10-13 00:00:00,0.033006689,0.015356186,0.342432364,6.833008857,3.853213201,0,0,0,0,0
1992-10-14 00:00:00,0.03179228,0.012256922,0.268043187,7.683243978,2.91645366,0,0,0,0,0
1992-10-15 00:00:00,0.031383397,0.012601865,0.277120939,7.820956931,3.037303147,0,0,0,0,0
1992-10-16 00:00:00,0.032083466,0.016231701,0.363907716,7.136006655,4.142412254,0,0,0,0,0
1992-10-17 00:00:00,0.030564135,0.012629897,0.279183748,8.032365893,3.12058699,0,0,0,0,0
1992-10-18 00:00:00,0.031415286,0.016192726,0.36443279,7.241742614,4.219721113,0,0,0,0,0
1992-10-19 00:00:00,0.029630587,0.012117924,0.26901705,8.229321461,3.086487092,0,0,0,0,0
1992-10-20 00:00:00,0.030247174,0.015201523,0.346165622,7.474107578,4.116405821,0,0,0,0,0
1992-10-21 00:00:00,0.028689495,0.011651738,0.260681688,8.404612296,3.086385893,0,0,0,0,0
1992-10-22 00:00:00,0.027854331,0.010331342,0.229102941,8.824142418,2.728781732,0,0,0,0,0
1992-10-23 00:00:00,0.029772833,0.015417214,0.348791265,7.450388453,4.239322996,0,0,0,0,0
1992-10-24 00:00:00,0.028271585,0.011396389,0.24799147,8.310595913,3.038997819,0,0,0,0,0
1992-10-25 00:00:00,0.027526212,0.010291745,0.220990366,8.675513118,2.738120918,0,0,0,0,0
1992-10-26 00:00:00,0.031632397,0.018031688,0.386374705,6.90830456,4.589182014,0,0,0,0,0
1992-10-27 00:00:00,0.031165914,0.016826698,0.354782847,7.044701201,4.253338411,0,0,0,0,0
1992-10-28 00:00:00,0.031136468,0.017392597,0.366972345,7.145157928,4.384912043,0,0,0,0,0
1992-10-29 00:00:00,0.031109452,0.017803677,0.37574441,7.16886015,4.496381009,0,0,0,0,0
1992-10-30 00:00:00,0.02833557,0.012332114,0.24858698,8.224570298,3.114357436,0,0,0,0,0
1992-10-31 00:00:00,0.031679036,0.018905498,0.392931314,7.016735026,4.681226316,0,0,0,0,0
1992-11-01 00:00:00,0.032649795,0.019660555,0.396380702,6.794379102,4.661587289,0,0,0,0,0
1992-11-02 00:00:00,0.03215045,0.019138801,0.385293478,6.925247686,4.574350464,0,0,0,0,0
1992-11-03 00:00:00,0.031920655,0.019058522,0.383184078,6.992522622,4.57387627,0,0,0,0,0
1992-11-04 00:00:00,0.02844579,0.012804819,0.242918176,7.926575121,3.163826541,0,0,0,0,0
1992-11-05 00:00:00,0.030383295,0.016047469,0.307628764,7.416330716,3.808780124,0,0,0,0,0
1992-11-06 00:00:00,0.032366019,0.01928171,0.374177205,6.781194314,4.498439846,0,0,0,0,0
1992-11-07 00:00:00,0.032153143,0.019292341,0.374669299,6.858405154,4.523856096,0,0,0,0,0
1992-11-08 00:00:00,0.031429386,0.018580116,0.36247855,6.968558808,4.45793107,0,0,0,0,0
1992-11-09 00:00:00,0.03067538,0.017683259,0.34523258,7.06092682,4.342619129,0,0,0,0,0
1992-11-10 00:00:00,0.029998853,0.016825005,0.327833132,7.12069752,4.224346681,0,0,0,0,0
1992-11-11 00:00:00,0.029183371,0.015875589,0.309405943,7.239470357,4.099136041,0,0,0,0,0
1992-11-12 00:00:00,0.028428131,0.0150201,0.292635417,7.349291254,3.988957484,0,0,0,0,0
1992-11-13 00:00:00,0.026331619,0.011267597,0.201289019,7.938876509,3.071273225,0,0,0,0,0
1992-11-14 00:00:00,0.026425459,0.012179935,0.229122275,7.730402715,3.450825467,0,0,0,0,0
1992-11-15 00:00:00,0.027128392,0.013681324,0.264514394,7.492626585,3.840797508,0,0,0,0,0
1992-11-16 00:00:00,0.026516379,0.012819535,0.244020237,7.592470347,3.674523602,0,0,0,0,0
1992-11-17 00:00:00,0.026503524,0.013054669,0.249384283,7.576079802,3.757068726,0,0,0,0,0
1992-11-18 00:00:00,0.026400104,0.013099368,0.249951041,7.593292139,3.788036838,0,0,0,0,0
1992-11-19 00:00:00,0.025725408,0.012172724,0.227404767,7.762466928,3.591895517,0,0,0,0,0
1992-11-20 00:00:00,0.026970416,0.014296916,0.27465857,7.482541275,4.052930988,0,0,0,0,0
1992-11-21 00:00:00,0.026260886,0.013124134,0.244338819,7.644651619,3.771763596,0,0,0,0,0
1992-11-22 00:00:00,0.026512927,0.013701095,0.256443281,7.629328312,3.896521512,0,0,0,0,0
1992-11-23 00:00:00,0.026333377,0.013592041,0.253092518,7.691061027,3.88231269,0,0,0,0,0
1992-11-24 00:00:00,0.024294042,0.009691079,0.147578437,8.332076981,2.797589455,0,0,0,0,0
1992-11-25 00:00:00,0.025846073,0.013258547,0.245735913,7.811777711,3.865987891,0,0,0,0,0
1992-11-26 00:00:00,0.023851673,0.009380859,0.138728502,8.443882748,2.763406371,0,0,0,0,0
1992-11-27 00:00:00,0.025295478,0.012754648,0.233847916,7.923984915,3.808478812,0,0,0,0,0
1992-11-28 00:00:00,0.023536737,0.00922905,0.133354858,8.524239212,2.760113256,0,0,0,0,0
1992-11-29 00:00:00,0.026528221,0.014888276,0.281481968,7.739989128,4.262909901,0,0,0,0,0
1992-11-30 00:00:00,0.02668182,0.01480075,0.272356998,7.711953964,4.155601198,0,0,0,0,0
1992-12-01 00:00:00,0.024150843,0.0100967,0.14470134,8.345609338,2.895889308,0,0,0,0,0
1992-12-02 00:00:00,0.02416734,0.010269692,0.14753636,8.382783353,2.935155594,0,0,0,0,0
1992-12-03 00:00:00,0.026782077,0.013085612,0.195912075,7.698908494,3.316538328,0,0,0,0,0
1992-12-04 00:00:00,0.030011323,0.018243269,0.316474957,7.240867445,4.394393459,0,0,0,0,0
1992-12-05 00:00:00,0.030303594,0.018776836,0.326463614,7.305466011,4.471093278,0,0,0,0,0
1992-12-06 00:00:00,0.029906218,0.01833506,0.317584384,7.364418155,4.419771157,0,0,0,0,0
1992-12-07 00:00:00,0.02589761,0.011989842,0.165413688,7.838387726,3.114815583,0,0,0,0,0
1992-12-08 00:00:00,0.025298776,0.011227865,0.14846081,7.901207432,3.000250342,0,0,0,0,0
1992-12-09 00:00:00,0.025813581,0.012102728,0.169281605,7.799460357,3.207808546,0,0,0,0,0
1992-12-10 00:00:00,0.026280377,0.012660254,0.180328777,7.62894925,3.325794221,0,0,0,0,0
1992-12-11 00:00:00,0.025431091,0.011446682,0.151397713,7.729760238,3.101417954,0,0,0,0,0
1992-12-12 00:00:00,0.024963394,0.010885606,0.138091325,7.827007842,3.005685863,0,0,0,0,0
1992-12-13 00:00:00,0.026329999,0.013636055,0.21493817,7.630840347,3.750639316,0,0,0,0,0
1992-12-14 00:00:00,0.024127634,0.009717978,0.1075631,7.970438729,2.771101109,0,0,0,0,0
1992-12-15 00:00:00,0.024216728,0.009963399,0.114098611,7.942488246,2.855143835,0,0,0,0,0
1992-12-16 00:00:00,0.024220791,0.010027853,0.114644625,7.971216936,2.870016081,0,0,0,0,0
1992-12-17 00:00:00,0.024026617,0.009719161,0.104393355,8.042329329,2.780883743,0,0,0,0,0
1992-12-18 00:00:00,0.024030536,0.009788129,0.105103804,8.077716639,2.796548687,0,0,0,0,0
1992-12-19 00:00:00,0.026061465,0.01359834,0.211737947,7.807444739,3.793577003,0,0,0,0,0
1992-12-20 00:00:00,0.024019402,0.009804933,0.103250757,8.106135524,2.802607009,0,0,0,0,0
1992-12-21 00:00:00,0.023837708,0.009576442,0.096916266,8.156502858,2.760712649,0,0,0,0,0
1992-12-22 00:00:00,0.0237865,0.009553489,0.095753509,8.191544806,2.762530105,0,0,0,0,0
1992-12-23 00:00:00,0.023806489,0.009583535,0.095507342,8.194724334,2.771635206,0,0,0,0,0
1992-12-24 00:00:00,0.023491674,0.009131728,0.08315158,8.274088931,2.674948695,0,0,0,0,0
1992-12-25 00:00:00,0.023919903,0.009758899,0.098447318,8.194142022,2.819912474,0,0,0,0,0
1992-12-26 00:00:00,0.025455574,0.012778761,0.187867843,7.98309132,3.662104817,0,0,0,0,0
1992-12-27 00:00:00,0.02365462,0.009339672,0.085690076,8.267546778,2.728498105,0,0,0,0,0
1992-12-28 00:00:00,0.023663113,0.00939902,0.087331038,8.285729739,2.756425103,0,0,0,0,0
1992-12-29 00:00:00,0.023624928,0.009334538,0.08508851,8.310927066,2.746729699,0,0,0,0,0
1992-12-30 00:00:00,0.023531821,0.009186929,0.080390366,8.34710512,2.714437605,0,0,0,0,0
1992-12-31 00:00:00,0.023305493,0.008808341,0.069235551,8.41437736,2.623462033,0,0,0,0,0
1993-01-01 00:00:00,0.023297402,0.008780935,0.067776812,8.443056983,2.61749336,0,0,0,0,0
1993-01-02 00:00:00,0.025783161,0.011848077,0.136160484,8.002076585,3.145660416,0,0,0,0,0
1993-01-03 00:00:00,0.025977986,0.011561812,0.121557338,7.827800821,3.0169526,0,0,0,0,0
1993-01-04 00:00:00,0.029902035,0.016617327,0.224556136,7.672100454,3.69839916,0,0,0,0,0
1993-01-05 00:00:00,0.033067756,0.019635292,0.265008142,7.29898644,3.876539034,0,0,0,0,0
1993-01-06 00:00:00,0.034545505,0.021289515,0.28842408,7.342603141,3.970545778,0,0,0,0,0
1993-01-07 00:00:00,0.034168734,0.020721562,0.276279598,7.355427146,3.890401564,0,0,0,0,0
1993-01-08 00:00:00,0.034620341,0.021338226,0.292995943,7.299222234,4.029853713,0,0,0,0,0
1993-01-09 00:00:00,0.037414143,0.025485056,0.391871282,7.251031554,4.752974705,0,0,0,0,0
1993-01-10 00:00:00,0.030576724,0.015702968,0.179871602,7.220398186,3.32939787,0,0,0,0,0
1993-01-11 00:00:00,0.029782821,0.014651416,0.161419157,7.201140463,3.237211054,0,0,0,0,0
1993-01-12 00:00:00,0.028667409,0.012963956,0.124574565,7.177588922,2.998079616,0,0,0,0,0
1993-01-13 00:00:00,0.02799685,0.011899046,0.100960397,7.157935721,2.847018271,0,0,0,0,0
1993-01-14 00:00:00,0.027459228,0.011028821,0.080948033,7.163845052,2.71358213,0,0,0,0,0
1993-01-15 00:00:00,0.027550068,0.011011991,0.080398433,7.124233719,2.719297036,0,0,0,0,0
1993-01-16 00:00:00,0.027393841,0.010657618,0.071767189,7.11926565,2.662884617,0,0,0,0,0
1993-01-17 00:00:00,0.027319179,0.010421628,0.065714573,7.117133967,2.623134814,0,0,0,0,0
1993-01-18 00:00:00,0.027280572,0.010234469,0.060763112,7.119634574,2.589625827,0,0,0,0,0
1993-01-19 00:00:00,0.027271463,0.010091188,0.056793741,7.126688271,2.561795981,0,0,0,0,0
1993-01-20 00:00:00,0.027045407,0.009568865,0.042142808,7.15243557,2.447414871,0,0,0,0,0
1993-01-21 00:00:00,0.027233629,0.009819372,0.049322275,7.175471405,2.504589234,0,0,0,0,0
1993-01-22 00:00:00,0.027361432,0.009829315,0.04861318,7.169251354,2.497143193,0,0,0,0,0
1993-01-23 00:00:00,0.027556708,0.009978177,0.0519768,7.167455518,2.521027147,0,0,0,0,0
1993-01-24 00:00:00,0.027679201,0.010068959,0.054208671,7.192310425,2.534989296,0,0,0,0,0
1993-01-25 00:00:00,0.027746254,0.010053796,0.053626263,7.222575963,2.526565602,0,0,0,0,0
1993-01-26 00:00:00,0.027890501,0.010157587,0.056306216,7.2439603,2.54317263,0,0,0,0,0
1993-01-27 00:00:00,0.028008863,0.010223272,0.057932942,7.269177441,2.551304152,0,0,0,0,0
1993-01-28 00:00:00,0.028095641,0.010242825,0.05839931,7.300668655,2.549799858,0,0,0,0,0
1993-01-29 00:00:00,0.028265801,0.010359873,0.061360911,7.317278112,2.566993295,0,0,0,0,0
1993-01-30 00:00:00,0.028361483,0.010384295,0.062019079,7.349240977,2.566366633,0,0,0,0,0
1993-01-31 00:00:00,0.028867846,0.010917489,0.074588793,7.310930883,2.651022489,0,0,0,0,0
1993-02-01 00:00:00,0.030621755,0.012763989,0.112830285,7.050587855,2.900793062,0,0,0,0,0
1993-02-02 00:00:00,0.03087781,0.012571575,0.103227572,6.968227426,2.814301549,0,0,0,0,0
1993-02-03 00:00:00,0.031284694,0.013105428,0.115540051,7.035491331,2.880322032,0,0,0,0,0
1993-02-04 00:00:00,0.031512084,0.013262828,0.118652375,7.058345046,2.889484981,0,0,0,0,0
1993-02-05 00:00:00,0.031576523,0.013161172,0.11615508,7.066776242,2.866267019,0,0,0,0,0
1993-02-06 00:00:00,0.031583209,0.012960988,0.111683461,7.069370339,2.832389283,0,0,0,0,0
1993-02-07 00:00:00,0.031554916,0.012718482,0.106378134,7.077186154,2.793522783,0,0,0,0,0
1993-02-08 00:00:00,0.031598779,0.012570385,0.103313091,7.081059509,2.769276165,0,0,0,0,0
1993-02-09 00:00:00,0.031954823,0.01276641,0.107132431,7.03470179,2.78911684,0,0,0,0,0
1993-02-10 00:00:00,0.033404243,0.014528648,0.146554536,6.909348509,3.042374741,0,0,0,0,0
1993-02-11 00:00:00,0.036913563,0.018342478,0.218541002,6.53884839,3.457657269,0,0,0,0,0
1993-02-12 00:00:00,0.036750239,0.017366688,0.189327572,6.493639797,3.233603134,0,0,0,0,0
1993-02-13 00:00:00,0.037705998,0.018364625,0.206654348,6.49454636,3.307008114,0,0,0,0,0
1993-02-14 00:00:00,0.037934439,0.018044866,0.195625622,6.397994226,3.222252858,0,0,0,0,0
1993-02-15 00:00:00,0.038927869,0.018769789,0.204716733,6.304676854,3.24705004,0,0,0,0,0
1993-02-16 00:00:00,0.041944797,0.022566343,0.274008344,6.295790243,3.59776709,0,0,0,0,0
1993-02-17 00:00:00,0.042950068,0.023304079,0.282961984,6.203581978,3.620959853,0,0,0,0,0
1993-02-18 00:00:00,0.042400423,0.022325672,0.264996192,6.207605144,3.514709108,0,0,0,0,0
1993-02-19 00:00:00,0.041295734,0.020508711,0.232035474,6.176971696,3.337424798,0,0,0,0,0
1993-02-20 00:00:00,0.040182313,0.018597795,0.196250136,6.137673702,3.142911293,0,0,0,0,0
1993-02-21 00:00:00,0.039327265,0.016995105,0.165096144,6.107131912,2.967490054,0,0,0,0,0
1993-02-22 00:00:00,0.038849476,0.015886997,0.142770734,6.08008378,2.836627128,0,0,0,0,0
1993-02-23 00:00:00,0.038733949,0.015277747,0.129838338,6.053480829,2.755401425,0,0,0,0,0
1993-02-24 00:00:00,0.039078099,0.015146151,0.12520307,5.978424869,2.719732136,0,0,0,0,0
1993-02-25 00:00:00,0.039064633,0.014747072,0.116614588,5.982962392,2.658682395,0,0,0,0,0
1993-02-26 00:00:00,0.040295537,0.016053725,0.144145828,5.880564225,2.820603101,0,0,0,0,0
1993-02-27 00:00:00,0.043111389,0.018884826,0.193653652,5.629686601,3.079277961,0,0,0,0,0
1993-02-28 00:00:00,0.043805963,0.019424892,0.199614943,5.670680113,3.067764676,0,0,0,0,0
1993-03-01 00:00:00,0.044400169,0.019855862,0.206542515,5.665208426,3.085610814,0,0,0,0,0
1993-03-02 00:00:00,0.044756523,0.019893081,0.206459018,5.640083124,3.072088224,0,0,0,0,0
1993-03-03 00:00:00,0.04470854,0.019310614,0.194817019,5.611833025,2.999780893,0,0,0,0,0
1993-03-04 00:00:00,0.044304718,0.018308221,0.17590296,5.615785613,2.888743113,0,0,0,0,0
1993-03-05 00:00:00,0.043938112,0.017335993,0.156997085,5.627868011,2.774397506,0,0,0,0,0
1993-03-06 00:00:00,0.044229749,0.017198787,0.153791513,5.590660828,2.748579106,0,0,0,0,0
1993-03-07 00:00:00,0.044248265,0.016659754,0.141707333,5.592876841,2.663439561,0,0,0,0,0
1993-03-08 00:00:00,0.051495868,0.027949994,0.382821955,5.166133764,4.107798807,0,0,0,0,0
1993-03-09 00:00:00,0.050096476,0.024046103,0.28550876,5.244685242,3.454890291,0,0,0,0,0
1993-03-10 00:00:00,0.052185377,0.027410033,0.357595065,5.208863948,3.861978662,0,0,0,0,0
1993-03-11 00:00:00,0.049235488,0.021286589,0.223248832,5.31148431,3.042037466,0,0,0,0,0
1993-03-12 00:00:00,0.051145443,0.024860315,0.309451554,5.206629523,3.585530826,0,0,0,0,0
1993-03-13 00:00:00,0.049097121,0.020473153,0.214392966,5.298680719,3.005602171,0,0,0,0,0
1993-03-14 00:00:00,0.048722487,0.019445912,0.195124247,5.324955434,2.890640687,0,0,0,0,0
1993-03-15 00:00:00,0.048086404,0.017528746,0.151413155,5.397690733,2.602139046,0,0,0,0,0
1993-03-16 00:00:00,0.04820707,0.017184481,0.144490395,5.4144142,2.549031921,0,0,0,0,0
1993-03-17 00:00:00,0.049110168,0.017936518,0.159767295,5.347060785,2.629750639,0,0,0,0,0
1993-03-18 00:00:00,0.051803319,0.020930819,0.215164064,5.122374723,2.929102395,0,0,0,0,0
1993-03-19 00:00:00,0.052371914,0.020999535,0.212044433,5.137163423,2.872353101,0,0,0,0,0
1993-03-20 00:00:00,0.052813966,0.021180228,0.214644412,5.160958545,2.862024424,0,0,0,0,0
1993-03-21 00:00:00,0.054078354,0.022432479,0.237324901,5.09507523,2.970399832,0,0,0,0,0
1993-03-22 00:00:00,0.055170495,0.02316096,0.248446909,5.014800154,3.014551429,0,0,0,0,0
1993-03-23 00:00:00,0.056479303,0.023768983,0.253685863,4.899944696,3.018360339,0,0,0,0,0
1993-03-24 00:00:00,0.057561457,0.024988582,0.274056808,4.922847797,3.09058554,0,0,0,0,0
1993-03-25 00:00:00,0.057938483,0.025238417,0.279526588,4.952243141,3.101532443,0,0,0,0,0
1993-03-26 00:00:00,0.057730647,0.024462504,0.267321891,4.97520878,3.030743818,0,0,0,0,0
1993-03-27 00:00:00,0.058007782,0.025044531,0.287299626,4.946302745,3.166655273,0,0,0,0,0
1993-03-28 00:00:00,0.056666804,0.021800692,0.222285982,5.05604189,2.781828911,0,0,0,0,0
1993-03-29 00:00:00,0.05646832,0.020883942,0.20602819,5.088413387,2.684360594,0,0,0,0,0
1993-03-30 00:00:00,0.070572499,0.037986083,0.474009838,4.210511463,3.97748138,0,0,0,0,0
1993-03-31 00:00:00,0.089503884,0.056956333,0.656544041,3.841885834,4.392251913,0,0,0,0,0
1993-04-01 00:00:00,0.098450135,0.068245198,0.801576697,3.741577381,4.934365076,0,0,0,0,0
1993-04-02 00:00:00,0.083724573,0.047642302,0.542045131,3.714017416,3.990400262,0,0,0,0,0
1993-04-03 00:00:00,0.075539844,0.034795481,0.361368425,3.714979548,3.258892506,0,0,0,0,0
1993-04-04 00:00:00,0.072460703,0.028613862,0.263540351,3.710607761,2.817022878,0,0,0,0,0
1993-04-05 00:00:00,0.071572431,0.025797898,0.214914513,3.707589729,2.57657132,0,0,0,0,0
1993-04-06 00:00:00,0.071365292,0.023939732,0.17824847,3.725903574,2.367238634,0,0,0,0,0
1993-04-07 00:00:00,0.072539376,0.025108126,0.200068855,3.684865085,2.474585096,0,0,0,0,0
1993-04-08 00:00:00,0.075440901,0.028588433,0.256145051,3.581618475,2.734159654,0,0,0,0,0
1993-04-09 00:00:00,0.077314878,0.03057329,0.283743928,3.569740604,2.825677165,0,0,0,0,0
1993-04-10 00:00:00,0.078235891,0.031816678,0.306764493,3.574202642,2.925711633,0,0,0,0,0
1993-04-11 00:00:00,0.07681969,0.028402469,0.248997308,3.644989701,2.624254903,0,0,0,0,0
1993-04-12 00:00:00,0.076351764,0.027264156,0.233547504,3.689671367,2.543084381,0,0,0,0,0
1993-04-13 00:00:00,0.077530958,0.028269587,0.250110324,3.654837305,2.613641717,0,0,0,0,0
1993-04-14 00:00:00,0.077922325,0.02843672,0.254087421,3.680497957,2.615586375,0,0,0,0,0
1993-04-15 00:00:00,0.084828637,0.036422908,0.363014954,3.430820644,3.075161947,0,0,0,0,0
1993-04-16 00:00:00,0.088174495,0.039691684,0.396186771,3.404826823,3.146496533,0,0,0,0,0
1993-04-17 00:00:00,0.087878067,0.038509689,0.381179776,3.406389382,3.079090913,0,0,0,0,0
1993-04-18 00:00:00,0.084997008,0.033331875,0.310449625,3.45741697,2.780098903,0,0,0,0,0
1993-04-19 00:00:00,0.083333128,0.029947742,0.262038943,3.511276131,2.559415679,0,0,0,0,0
1993-04-20 00:00:00,0.08314634,0.028793466,0.245045169,3.531840761,2.471851749,0,0,0,0,0
1993-04-21 00:00:00,0.08362218,0.028772542,0.245803094,3.530018251,2.467375548,0,0,0,0,0
1993-04-22 00:00:00,0.083450119,0.027930707,0.233474713,3.58050664,2.38954952,0,0,0,0,0
1993-04-23 00:00:00,0.083375106,0.027423304,0.227437241,3.629019149,2.344170423,0,0,0,0,0
1993-04-24 00:00:00,0.083322724,0.02696282,0.221829988,3.681980043,2.297900982,0,0,0,0,0
1993-04-25 00:00:00,0.083372085,0.026864543,0.223273233,3.72787197,2.290147253,0,0,0,0,0
1993-04-26 00:00:00,0.084042236,0.027639377,0.238897993,3.722679492,2.360107786,0,0,0,0,0
1993-04-27 00:00:00,0.083918587,0.027498236,0.240281341,3.789238046,2.347826521,0,0,0,0,0
1993-04-28 00:00:00,0.083773757,0.02728772,0.240587964,3.853606533,2.33240868,0,0,0,0,0
1993-04-29 00:00:00,0.083646325,0.027046387,0.240099466,3.917906951,2.312299826,0,0,0,0,0
1993-04-30 00:00:00,0.083560638,0.026951266,0.242510652,3.975165107,2.310186631,0,0,0,0,0
1993-05-01 00:00:00,0.083977453,0.027113926,0.246711053,3.989355684,2.317142636,0,0,0,0,0
1993-05-02 00:00:00,0.085266227,0.028834175,0.277996091,3.906934657,2.482751847,0,0,0,0,0
1993-05-03 00:00:00,0.086344075,0.029870003,0.293853772,3.889180422,2.538280666,0,0,0,0,0
1993-05-04 00:00:00,0.086475271,0.030175218,0.301706105,3.944838617,2.554640758,0,0,0,0,0
1993-05-05 00:00:00,0.086462552,0.03000909,0.301996688,3.99208795,2.540980372,0,0,0,0,0
1993-05-06 00:00:00,0.087213495,0.031074441,0.322047311,3.967073887,2.63797695,0,0,0,0,0
1993-05-07 00:00:00,0.090250629,0.03462545,0.373844992,3.777423062,2.891436335,0,0,0,0,0
1993-05-08 00:00:00,0.090772499,0.034751296,0.37472854,3.797321654,2.870106769,0,0,0,0,0
1993-05-09 00:00:00,0.090571139,0.03380793,0.361084563,3.850698628,2.784173399,0,0,0,0,0
1993-05-10 00:00:00,0.090208919,0.032567692,0.343699224,3.900559369,2.687132866,0,0,0,0,0
1993-05-11 00:00:00,0.089703918,0.030837409,0.316836577,3.98020961,2.530187232,0,0,0,0,0
1993-05-12 00:00:00,0.089413235,0.029956818,0.305252766,4.040014101,2.457189349,0,0,0,0,0
1993-05-13 00:00:00,0.089379397,0.029381044,0.297675605,4.081007323,2.404262532,0,0,0,0,0
1993-05-14 00:00:00,0.089241186,0.028855638,0.291449025,4.137336553,2.355251248,0,0,0,0,0
1993-05-15 00:00:00,0.089442034,0.028722818,0.290815297,4.161297636,2.337461824,0,0,0,0,0
1993-05-16 00:00:00,0.089862451,0.028704242,0.290908638,4.165028629,2.323840947,0,0,0,0,0
1993-05-17 00:00:00,0.089631465,0.02840249,0.289515285,4.230545278,2.299359384,0,0,0,0,0
1993-05-18 00:00:00,0.089487676,0.028221526,0.289987994,4.28666106,2.285565413,0,0,0,0,0
1993-05-19 00:00:00,0.089629256,0.028375741,0.295598051,4.303448841,2.306059383,0,0,0,0,0
1993-05-20 00:00:00,0.089173352,0.02831065,0.301107769,4.360789699,2.333665627,0,0,0,0,0
1993-05-21 00:00:00,0.08906871,0.027938991,0.296308647,4.449328874,2.271341716,0,0,0,0,0
1993-05-22 00:00:00,0.088836067,0.027850128,0.29914412,4.509096689,2.271845065,0,0,0,0,0
1993-05-23 00:00:00,0.088634293,0.028576761,0.319668265,4.500937074,2.400440982,0,0,0,0,0
1993-05-24 00:00:00,0.092215035,0.03299457,0.385155555,4.147384423,2.767210687,0,0,0,0,0
1993-05-25 00:00:00,0.092726421,0.034605656,0.412394402,4.179874625,2.875926257,0,0,0,0,0
1993-05-26 00:00:00,0.092488736,0.035135092,0.425623198,4.243438247,2.929018267,0,0,0,0,0
1993-05-27 00:00:00,0.091690011,0.033766371,0.408888713,4.329246422,2.833863007,0,0,0,0,0
1993-05-28 00:00:00,0.09732648,0.039955305,0.488423716,3.847273076,3.260177483,0,0,0,0,0
1993-05-29 00:00:00,0.096400708,0.037443852,0.449199653,4.001099364,3.010593066,0,0,0,0,0
1993-05-30 00:00:00,0.096176918,0.037996109,0.464622252,3.999602018,3.105092577,0,0,0,0,0
1993-05-31 00:00:00,0.097602113,0.037433072,0.446204508,3.948900332,2.971302109,0,0,0,0,0
1993-06-01 00:00:00,0.09712097,0.038417178,0.473315285,3.901974019,3.162942698,0,0,0,0,0
1993-06-02 00:00:00,0.096155522,0.034995865,0.418538236,4.060838884,2.827439586,0,0,0,0,0
1993-06-03 00:00:00,0.095582376,0.033353239,0.394641578,4.14372061,2.680838469,0,0,0,0,0
1993-06-04 00:00:00,0.095301016,0.031884994,0.370765561,4.235118364,2.516068103,0,0,0,0,0
1993-06-05 00:00:00,0.094903347,0.031573827,0.370766641,4.261087391,2.520033215,0,0,0,0,0
1993-06-06 00:00:00,0.094580018,0.031015525,0.36467913,4.314302152,2.472723566,0,0,0,0,0
1993-06-07 00:00:00,0.094358302,0.030346975,0.354978288,4.390908509,2.387737094,0,0,0,0,0
1993-06-08 00:00:00,0.094033961,0.029996718,0.352491709,4.446266282,2.357605281,0,0,0,0,0
1993-06-09 00:00:00,0.094699674,0.030319974,0.356605276,4.397302455,2.371147866,0,0,0,0,0
1993-06-10 00:00:00,0.094330864,0.031729358,0.389553851,4.320044992,2.604016189,0,0,0,0,0
1993-06-11 00:00:00,0.101338408,0.041572381,0.52163431,3.690115794,3.340566301,0,0,0,0,0
1993-06-12 00:00:00,0.103759649,0.045006983,0.559671798,3.666223309,3.454595991,0,0,0,0,0
1993-06-13 00:00:00,0.103632113,0.043926663,0.541314297,3.737627636,3.318584321,0,0,0,0,0
1993-06-14 00:00:00,0.102095848,0.040745025,0.50075366,3.820394185,3.112238252,0,0,0,0,0
1993-06-15 00:00:00,0.100515133,0.03792411,0.466643465,3.896394699,2.947321922,0,0,0,0,0
1993-06-16 00:00:00,0.09920317,0.034815703,0.422861135,4.026548208,2.689394498,0,0,0,0,0
1993-06-17 00:00:00,0.09976427,0.035223805,0.429285224,3.950589381,2.736200914,0,0,0,0,0
1993-06-18 00:00:00,0.108426158,0.046271283,0.562149757,3.338983697,3.439001754,0,0,0,0,0
1993-06-19 00:00:00,0.115293923,0.055187212,0.65005194,3.20112842,3.726834992,0,0,0,0,0
1993-06-20 00:00:00,0.115327566,0.054436337,0.638349914,3.204304065,3.656097074,0,0,0,0,0
1993-06-21 00:00:00,0.111872513,0.047985046,0.565110129,3.270832543,3.345364246,0,0,0,0,0
1993-06-22 00:00:00,0.10828347,0.040406722,0.468391715,3.451188084,2.849784693,0,0,0,0,0
1993-06-23 00:00:00,0.106806378,0.0372642,0.427995784,3.533229944,2.634110871,0,0,0,0,0
1993-06-24 00:00:00,0.107187409,0.036708302,0.418309342,3.500597296,2.57913235,0,0,0,0,0
1993-06-25 00:00:00,0.106184431,0.035291844,0.401445279,3.576820367,2.47169814,0,0,0,0,0
1993-06-26 00:00:00,0.105791916,0.034917109,0.398832656,3.590336616,2.454975653,0,0,0,0,0
1993-06-27 00:00:00,0.111161087,0.045443047,0.54268767,3.118953586,3.302017201,0,0,0,0,0
1993-06-28 00:00:00,0.121402973,0.057679751,0.657897038,2.84377836,3.712564505,0,0,0,0,0
1993-06-29 00:00:00,0.124683798,0.062240564,0.699818662,2.803878365,3.843400897,0,0,0,0,0
1993-06-30 00:00:00,0.118421175,0.050739837,0.571249854,2.953856731,3.267862221,0,0,0,0,0
1993-07-01 00:00:00,0.113971475,0.04231507,0.47229501,3.105683225,2.788618358,0,0,0,0,0
1993-07-02 00:00:00,0.111979234,0.038666427,0.428677459,3.185326154,2.564917721,0,0,0,0,0
1993-07-03 00:00:00,0.101340106,0.036959867,0.460484777,3.838299989,2.741883195,0,0,0,0,0
1993-07-04 00:00:00,0.111797803,0.03839232,0.426721952,3.16456429,2.549356373,0,0,0,0,0
1993-07-05 00:00:00,0.110534817,0.03724643,0.416021444,3.224912291,2.484501067,0,0,0,0,0
1993-07-06 00:00:00,0.109801634,0.037119504,0.418806592,3.241147559,2.502348127,0,0,0,0,0
1993-07-07 00:00:00,0.108494474,0.036795467,0.422379461,3.269305557,2.539656862,0,0,0,0,0
1993-07-08 00:00:00,0.106951143,0.034875125,0.399356226,3.383360352,2.38205559,0,0,0,0,0
1993-07-09 00:00:00,0.105163967,0.034149029,0.39855237,3.451835822,2.389534842,0,0,0,0,0
1993-07-10 00:00:00,0.103594947,0.032865495,0.385798992,3.560371935,2.295352333,0,0,0,0,0
1993-07-11 00:00:00,0.101817456,0.032208747,0.385488181,3.641135547,2.300300651,0,0,0,0,0
1993-07-12 00:00:00,0.100199661,0.031291555,0.378935042,3.751749282,2.24450647,0,0,0,0,0
1993-07-13 00:00:00,0.09847219,0.030607207,0.377193235,3.852801372,2.229546239,0,0,0,0,0
1993-07-14 00:00:00,0.096589537,0.030085499,0.37956546,3.942604725,2.256029023,0,0,0,0,0
1993-07-15 00:00:00,0.094905503,0.029436081,0.377989453,4.050622947,2.240712379,0,0,0,0,0
1993-07-16 00:00:00,0.093119826,0.028941198,0.380025201,4.145844837,2.262636603,0,0,0,0,0
1993-07-17 00:00:00,0.091705575,0.02820168,0.374444452,4.284389418,2.195042233,0,0,0,0,0
1993-07-18 00:00:00,0.089972844,0.028006971,0.381751498,4.354411401,2.265435549,0,0,0,0,0
1993-07-19 00:00:00,0.090359123,0.029078066,0.398346676,4.237246663,2.389457845,0,0,0,0,0
1993-07-20 00:00:00,0.090182731,0.029163239,0.400384113,4.213259718,2.402906079,0,0,0,0,0
1993-07-21 00:00:00,0.089385429,0.02912821,0.403831089,4.248125848,2.422016253,0,0,0,0,0
1993-07-22 00:00:00,0.087258809,0.029672498,0.426808517,4.279689702,2.636569773,0,0,0,0,0
1993-07-23 00:00:00,0.086190242,0.028603103,0.412720055,4.437277071,2.493966564,0,0,0,0,0
1993-07-24 00:00:00,0.084796497,0.028147706,0.412684278,4.518554393,2.502618899,0,0,0,0,0
1993-07-25 00:00:00,0.083485837,0.02714666,0.402128127,4.645050658,2.41654031,0,0,0,0,0
1993-07-26 00:00:00,0.082032467,0.026394784,0.396973189,4.756991009,2.38296023,0,0,0,0,0
1993-07-27 00:00:00,0.080351919,0.02607919,0.401496724,4.827256001,2.450604392,0,0,0,0,0
1993-07-28 00:00:00,0.07905853,0.025165028,0.391674466,4.983853102,2.357032735,0,0,0,0,0
1993-07-29 00:00:00,0.077266845,0.024842591,0.396807684,5.056093225,2.441264126,0,0,0,0,0
1993-07-30 00:00:00,0.07614099,0.024029868,0.387308451,5.224558233,2.336929989,0,0,0,0,0
1993-07-31 00:00:00,0.074671715,0.023587106,0.38755012,5.331209061,2.355105043,0,0,0,0,0
1993-08-01 00:00:00,0.073192646,0.023116052,0.387183301,5.449012799,2.367015552,0,0,0,0,0
1993-08-02 00:00:00,0.07204929,0.022463357,0.380646533,5.61999716,2.289195849,0,0,0,0,0
1993-08-03 00:00:00,0.071368362,0.022638397,0.387428714,5.590183204,2.369526581,0,0,0,0,0
1993-08-04 00:00:00,0.076070661,0.02609019,0.418992452,4.802979409,2.642882202,0,0,0,0,0
1993-08-05 00:00:00,0.075691882,0.026568273,0.427531475,4.811360603,2.696337551,0,0,0,0,0
1993-08-06 00:00:00,0.07678844,0.030264423,0.480735773,4.622374736,3.077567043,0,0,0,0,0
1993-08-07 00:00:00,0.077704918,0.032445746,0.508011589,4.522287414,3.248510773,0,0,0,0,0
1993-08-08 00:00:00,0.076119197,0.030494987,0.4844361,4.623249011,3.103083305,0,0,0,0,0
1993-08-09 00:00:00,0.074294206,0.028708156,0.465562236,4.712392738,3.012341387,0,0,0,0,0
1993-08-10 00:00:00,0.072511578,0.026706512,0.441475152,4.84860192,2.860371712,0,0,0,0,0
1993-08-11 00:00:00,0.070914174,0.025005715,0.420520304,4.990507882,2.718303803,0,0,0,0,0
1993-08-12 00:00:00,0.069643052,0.02344753,0.398844534,5.147478412,2.543105186,0,0,0,0,0
1993-08-13 00:00:00,0.06885119,0.022784424,0.390094295,5.196179631,2.483873399,0,0,0,0,0
1993-08-14 00:00:00,0.067939516,0.024042393,0.419098398,4.983038469,2.844153831,0,0,0,0,0
1993-08-15 00:00:00,0.067952541,0.022335552,0.383948731,5.166320485,2.463981095,0,0,0,0,0
1993-08-16 00:00:00,0.067021925,0.021937775,0.380591239,5.228149525,2.447999403,0,0,0,0,0
1993-08-17 00:00:00,0.066961421,0.022810738,0.39565405,5.049109766,2.628816307,0,0,0,0,0
1993-08-18 00:00:00,0.065858508,0.021752132,0.380403388,5.239816698,2.471441285,0,0,0,0,0
1993-08-19 00:00:00,0.064581458,0.021387497,0.379815072,5.349831322,2.48083772,0,0,0,0,0
1993-08-20 00:00:00,0.063450776,0.021006809,0.377959323,5.442254297,2.480941885,0,0,0,0,0
1993-08-21 00:00:00,0.062586756,0.02099686,0.381241912,5.472972254,2.531851472,0,0,0,0,0
1993-08-22 00:00:00,0.061972554,0.020772355,0.378851125,5.485745426,2.528750786,0,0,0,0,0
1993-08-23 00:00:00,0.063112963,0.023058973,0.410915015,5.150334903,2.830510317,0,0,0,0,0
1993-08-24 00:00:00,0.062071316,0.023118851,0.416127535,5.24248732,2.884949809,0,0,0,0,0
1993-08-25 00:00:00,0.06162716,0.025009989,0.452424703,5.082319619,3.266239401,0,0,0,0,0
1993-08-26 00:00:00,0.059934419,0.021871327,0.402222252,5.474061615,2.785977161,0,0,0,0,0
1993-08-27 00:00:00,0.059312348,0.022287159,0.411564532,5.469621514,2.892784928,0,0,0,0,0
1993-08-28 00:00:00,0.060119877,0.025710361,0.468130732,5.050001908,3.469246253,0,0,0,0,0
1993-08-29 00:00:00,0.059183183,0.027993908,0.517513138,4.834999603,4.036309646,0,0,0,0,0
1993-08-30 00:00:00,0.056755465,0.020981375,0.397241801,5.648365323,2.836233582,0,0,0,0,0
1993-08-31 00:00:00,0.055411599,0.021671022,0.419327309,5.566975462,3.153522913,0,0,0,0,0
1993-09-01 00:00:00,0.053856653,0.022516219,0.447137523,5.405758446,3.580103597,0,0,0,0,0
1993-09-02 00:00:00,0.052694337,0.019681717,0.396053113,5.833994489,3.036616361,0,0,0,0,0
1993-09-03 00:00:00,0.051460564,0.019039326,0.390033945,5.936958604,3.033857813,0,0,0,0,0
1993-09-04 00:00:00,0.050641537,0.017135309,0.353396573,6.341900138,2.595281119,0,0,0,0,0
1993-09-05 00:00:00,0.049475575,0.016576531,0.347801056,6.500555501,2.57126436,0,0,0,0,0
1993-09-06 00:00:00,0.047419463,0.017928884,0.391296657,6.156110583,3.293339262,0,0,0,0,0
1993-09-07 00:00:00,0.046363427,0.017662702,0.391312061,6.234703453,3.352011468,0,0,0,0,0
1993-09-08 00:00:00,0.045259636,0.017052882,0.384242697,6.388166707,3.32553908,0,0,0,0,0
1993-09-09 00:00:00,0.044208698,0.016610597,0.380236925,6.517573742,3.333972579,0,0,0,0,0
1993-09-10 00:00:00,0.044222311,0.014807857,0.335960139,7.186244689,2.637200824,0,0,0,0,0
1993-09-11 00:00:00,0.043555323,0.014122455,0.32251786,7.498229311,2.445179139,0,0,0,0,0
1993-09-12 00:00:00,0.042578686,0.013845151,0.321068898,7.670593697,2.460095146,0,0,0,0,0
1993-09-13 00:00:00,0.041734517,0.014625329,0.342014554,7.64559642,2.751624013,0,0,0,0,0
1993-09-14 00:00:00,0.052632639,0.024704451,0.453914112,5.116305912,3.678262807,0,0,0,0,0
1993-09-15 00:00:00,0.055525664,0.028060917,0.485297342,4.96265708,3.791294145,0,0,0,0,0
1993-09-16 00:00:00,0.05980092,0.036557163,0.602663431,4.7415309,4.64264561,0,0,0,0,0
1993-09-17 00:00:00,0.056163441,0.031825035,0.542811974,5.007362317,4.257800428,0,0,0,0,0
1993-09-18 00:00:00,0.051273178,0.024550845,0.442603377,5.437379112,3.533251649,0,0,0,0,0
1993-09-19 00:00:00,0.050358456,0.025510066,0.471890329,5.246892288,3.954520231,0,0,0,0,0
1993-09-20 00:00:00,0.048347064,0.024078527,0.461174878,5.275671451,4.012686796,0,0,0,0,0
1993-09-21 00:00:00,0.046102496,0.021070928,0.416703949,5.519675419,3.689002208,0,0,0,0,0
1993-09-22 00:00:00,0.043984111,0.015889343,0.319408489,6.156840423,2.685299498,0,0,0,0,0
1993-09-23 00:00:00,0.043314877,0.015451626,0.312377684,6.194159798,2.657935431,0,0,0,0,0
1993-09-24 00:00:00,0.043197423,0.015264017,0.30585071,6.119941783,2.622996594,0,0,0,0,0
1993-09-25 00:00:00,0.042407277,0.014647665,0.295513017,6.217901148,2.552700152,0,0,0,0,0
1993-09-26 00:00:00,0.041647802,0.01542252,0.317397623,6.097702024,2.889186516,0,0,0,0,0
1993-09-27 00:00:00,0.040785009,0.013822433,0.283923248,6.423198209,2.509220737,0,0,0,0,0
1993-09-28 00:00:00,0.040003068,0.013348065,0.276155771,6.550704121,2.458076209,0,0,0,0,0
1993-09-29 00:00:00,0.039957482,0.014945184,0.311343932,6.190496871,2.948718507,0,0,0,0,0
1993-09-30 00:00:00,0.03962848,0.015481854,0.323780467,6.091081878,3.141912021,0,0,0,0,0
1993-10-01 00:00:00,0.038985311,0.013254481,0.27175911,6.5315353,2.504743288,0,0,0,0,0
1993-10-02 00:00:00,0.038728952,0.013739303,0.281335462,6.510396276,2.631986397,0,0,0,0,0
1993-10-03 00:00:00,0.038999621,0.014154492,0.284406362,6.365872349,2.679816102,0,0,0,0,0
1993-10-04 00:00:00,0.039738617,0.016347531,0.323245712,6.147773145,3.078735496,0,0,0,0,0
1993-10-05 00:00:00,0.046924141,0.025044817,0.436632009,5.077103492,3.932078298,0,0,0,0,0
1993-10-06 00:00:00,0.053135014,0.035005534,0.583349348,4.490899865,5.078592787,0,0,0,0,0
1993-10-07 00:00:00,0.052162276,0.033918508,0.5658145,4.618956063,4.946319149,0,0,0,0,0
1993-10-08 00:00:00,0.049522685,0.030581192,0.519802698,4.789009015,4.653505678,0,0,0,0,0
1993-10-09 00:00:00,0.046194327,0.026241597,0.458958793,4.996557108,4.260511169,0,0,0,0,0
1993-10-10 00:00:00,0.043257922,0.022431015,0.403687978,5.201741957,3.895757498,0,0,0,0,0
1993-10-11 00:00:00,0.040965316,0.019497832,0.359029473,5.38943651,3.591452466,0,0,0,0,0
1993-10-12 00:00:00,0.039271356,0.017392197,0.325306074,5.546217715,3.357047883,0,0,0,0,0
1993-10-13 00:00:00,0.037970254,0.015825369,0.298726625,5.683850848,3.166991856,0,0,0,0,0
1993-10-14 00:00:00,0.036959139,0.01472146,0.279289936,5.799261849,3.031253788,0,0,0,0,0
1993-10-15 00:00:00,0.035791199,0.012354844,0.226990951,6.144623881,2.480976733,0,0,0,0,0
1993-10-16 00:00:00,0.03540857,0.012456029,0.22960461,6.165750539,2.544930081,0,0,0,0,0
1993-10-17 00:00:00,0.041647629,0.022695117,0.4091862,4.958591893,4.221069086,0,0,0,0,0
1993-10-18 00:00:00,0.044698205,0.026360859,0.450894962,4.836557286,4.414044648,0,0,0,0,0
1993-10-19 00:00:00,0.045848113,0.02816777,0.472165672,4.892699679,4.519833527,0,0,0,0,0
1993-10-20 00:00:00,0.044573067,0.026739367,0.450390862,5.002023753,4.381308416,0,0,0,0,0
1993-10-21 00:00:00,0.042060609,0.023557845,0.402885996,5.155809711,4.075281313,0,0,0,0,0
1993-10-22 00:00:00,0.03956602,0.020421075,0.355163066,5.324414543,3.76464708,0,0,0,0,0
1993-10-23 00:00:00,0.037536186,0.017970867,0.316761048,5.487911104,3.513390338,0,0,0,0,0
1993-10-24 00:00:00,0.035733556,0.015649182,0.276501815,5.686125624,3.211914871,0,0,0,0,0
1993-10-25 00:00:00,0.033928734,0.012825277,0.219889918,5.987546277,2.702801925,0,0,0,0,0
1993-10-26 00:00:00,0.033052899,0.01181651,0.199332929,6.135221152,2.534638221,0,0,0,0,0
1993-10-27 00:00:00,0.034388395,0.014848317,0.262710675,5.731945066,3.216380295,0,0,0,0,0
1993-10-28 00:00:00,0.033440741,0.013566615,0.235597148,5.904759549,2.977694552,0,0,0,0,0
1993-10-29 00:00:00,0.033179673,0.014050109,0.248607924,5.928643454,3.149135883,0,0,0,0,0
1993-10-30 00:00:00,0.03277332,0.013972228,0.247873499,5.990685282,3.175680917,0,0,0,0,0
1993-10-31 00:00:00,0.03221739,0.013612004,0.241440769,6.078655043,3.150246424,0,0,0,0,0
1993-11-01 00:00:00,0.031648473,0.0132254,0.234506481,6.166073754,3.12199438,0,0,0,0,0
1993-11-02 00:00:00,0.03110879,0.012895194,0.228820967,6.249471385,3.107195242,0,0,0,0,0
1993-11-03 00:00:00,0.030538673,0.012513127,0.221863168,6.34558245,3.078785807,0,0,0,0,0
1993-11-04 00:00:00,0.030030662,0.012223587,0.216879257,6.433009187,3.069348857,0,0,0,0,0
1993-11-05 00:00:00,0.02953024,0.011935434,0.211762949,6.524238444,3.057747599,0,0,0,0,0
1993-11-06 00:00:00,0.02905343,0.011683554,0.207293065,6.615661364,3.051455156,0,0,0,0,0
1993-11-07 00:00:00,0.028613531,0.011477241,0.203702738,6.702687621,3.052839889,0,0,0,0,0
1993-11-08 00:00:00,0.027926104,0.0096667,0.151210813,7.040957916,2.454578556,0,0,0,0,0
1993-11-09 00:00:00,0.030335659,0.013443024,0.226158551,6.510063036,3.167887102,0,0,0,0,0
1993-11-10 00:00:00,0.039351038,0.02372119,0.375558056,5.441072463,4.173541445,0,0,0,0,0
1993-11-11 00:00:00,0.039639628,0.023825504,0.360113953,5.695197592,3.934254419,0,0,0,0,0
1993-11-12 00:00:00,0.0385823,0.022504769,0.335828468,5.778696302,3.767463789,0,0,0,0,0
1993-11-13 00:00:00,0.037769163,0.02187764,0.332826269,5.744591544,3.829671073,0,0,0,0,0
1993-11-14 00:00:00,0.033534475,0.016195194,0.236255635,5.934359458,3.168643464,0,0,0,0,0
1993-11-15 00:00:00,0.032186671,0.014738076,0.214241957,5.988901589,3.064864991,0,0,0,0,0
1993-11-16 00:00:00,0.030770235,0.012896437,0.180071842,6.057984037,2.837178332,0,0,0,0,0
1993-11-17 00:00:00,0.029740053,0.011551663,0.152943833,6.128279136,2.646937866,0,0,0,0,0
1993-11-18 00:00:00,0.029704977,0.011971461,0.164751021,6.09254116,2.805581613,0,0,0,0,0
1993-11-19 00:00:00,0.029710742,0.012528649,0.180762349,6.045517495,3.009836631,0,0,0,0,0
1993-11-20 00:00:00,0.028402359,0.010166842,0.122174989,6.218853736,2.477856052,0,0,0,0,0
1993-11-21 00:00:00,0.028039587,0.009812819,0.113313729,6.263586794,2.423929766,0,0,0,0,0
1993-11-22 00:00:00,0.027987731,0.0102185,0.124759376,6.259590957,2.573728072,0,0,0,0,0
1993-11-23 00:00:00,0.027470029,0.009489791,0.105287899,6.358159626,2.405068699,0,0,0,0,0
1993-11-24 00:00:00,0.027163869,0.009276205,0.099664505,6.42087662,2.376141533,0,0,0,0,0
1993-11-25 00:00:00,0.02690101,0.00917377,0.097126367,6.480216152,2.378163823,0,0,0,0,0
1993-11-26 00:00:00,0.026626058,0.009031381,0.093345206,6.54900981,2.364983057,0,0,0,0,0
1993-11-27 00:00:00,0.026349956,0.008905868,0.090134908,6.623398036,2.35752498,0,0,0,0,0
1993-11-28 00:00:00,0.026084202,0.00878721,0.087141864,6.701078481,2.351085013,0,0,0,0,0
1993-11-29 00:00:00,0.026340408,0.010182997,0.13063836,6.6211303,2.846783167,0,0,0,0,0
1993-11-30 00:00:00,0.025835095,0.008908886,0.089082489,6.796258753,2.408694946,0,0,0,0,0
1993-12-01 00:00:00,0.02556965,0.008758104,0.085119471,6.875495652,2.392155968,0,0,0,0,0
1993-12-02 00:00:00,0.025321338,0.008664092,0.082791837,6.965148882,2.389433806,0,0,0,0,0
1993-12-03 00:00:00,0.025109919,0.00861868,0.081608959,7.048040513,2.397247037,0,0,0,0,0
1993-12-04 00:00:00,0.024896601,0.008549978,0.079817145,7.133309697,2.398700133,0,0,0,0,0
1993-12-05 00:00:00,0.024736794,0.008573436,0.080493764,7.20867041,2.423552042,0,0,0,0,0
1993-12-06 00:00:00,0.025185828,0.009348626,0.097442284,7.149761405,2.586592016,0,0,0,0,0
1993-12-07 00:00:00,0.025173589,0.009321299,0.094105195,7.156119846,2.565698234,0,0,0,0,0
1993-12-08 00:00:00,0.025057216,0.009353412,0.09397351,7.25102579,2.571107192,0,0,0,0,0
1993-12-09 00:00:00,0.025691171,0.010835593,0.133869166,7.230106911,2.958014635,0,0,0,0,0
1993-12-10 00:00:00,0.024941352,0.00960067,0.099368898,7.393840174,2.643732773,0,0,0,0,0
1993-12-11 00:00:00,0.024729747,0.009438696,0.094882742,7.472088298,2.61799031,0,0,0,0,0
1993-12-12 00:00:00,0.024615817,0.009474203,0.096238731,7.532777071,2.649449995,0,0,0,0,0
1993-12-13 00:00:00,0.024416995,0.009351119,0.093305031,7.606268193,2.641210017,0,0,0,0,0
1993-12-14 00:00:00,0.024144437,0.009070824,0.085938418,7.693506885,2.590027842,0,0,0,0,0
1993-12-15 00:00:00,0.024028492,0.009106209,0.087560874,7.758015402,2.624819672,0,0,0,0,0
1993-12-16 00:00:00,0.023823313,0.008942003,0.083413508,7.837469535,2.60328203,0,0,0,0,0
1993-12-17 00:00:00,0.023625516,0.008735753,0.077321428,7.915316317,2.559920223,0,0,0,0,0
1993-12-18 00:00:00,0.023585006,0.008853348,0.08102121,7.965478423,2.611679666,0,0,0,0,0
1993-12-19 00:00:00,0.023382346,0.008605173,0.073436368,8.047777788,2.551877867,0,0,0,0,0
1993-12-20 00:00:00,0.024782599,0.011783973,0.171773825,7.801733895,3.533603575,0,0,0,0,0
1993-12-21 00:00:00,0.024170194,0.010529757,0.131892819,7.965669818,3.148206431,0,0,0,0,0
1993-12-22 00:00:00,0.023220912,0.008599074,0.07152261,8.196999293,2.567460311,0,0,0,0,0
1993-12-23 00:00:00,0.024279789,0.010920584,0.142678528,8.037104821,3.26703664,0,0,0,0,0
1993-12-24 00:00:00,0.023169232,0.008656429,0.071805108,8.294030879,2.588121012,0,0,0,0,0
1993-12-25 00:00:00,0.023143065,0.008674119,0.071625073,8.342355568,2.594888052,0,0,0,0,0
1993-12-26 00:00:00,0.02332297,0.009089177,0.083717304,8.350466058,2.718373027,0,0,0,0,0
1993-12-27 00:00:00,0.02313963,0.008747669,0.072236517,8.424520201,2.615641201,0,0,0,0,0
1993-12-28 00:00:00,0.024870261,0.012307501,0.181672054,8.15114551,3.661669619,0,0,0,0,0
1993-12-29 00:00:00,0.02340626,0.009318014,0.08821868,8.450651003,2.780591022,0,0,0,0,0
1993-12-30 00:00:00,0.023163179,0.008825498,0.072151059,8.528970052,2.635031737,0,0,0,0,0
1993-12-31 00:00:00,0.023188758,0.008864098,0.072340928,8.560303128,2.642286917,0,0,0,0,0
1994-01-01 00:00:00,0.023056965,0.008651562,0.06595357,8.617834609,2.59300411,0,0,0,0,0
1994-01-02 00:00:00,0.022614083,0.008048295,0.049285503,8.798560392,2.448787511,0,0,0,0,0
1994-01-03 00:00:00,0.023327537,0.009001501,0.0732577,8.632377688,2.662377221,0,0,0,0,0
1994-01-04 00:00:00,0.023386832,0.009050195,0.07361331,8.648645376,2.669352194,0,0,0,0,0
1994-01-05 00:00:00,0.023330149,0.008928256,0.069692615,8.689922937,2.640325626,0,0,0,0,0
1994-01-06 00:00:00,0.023514651,0.009159708,0.074898221,8.687989311,2.686389975,0,0,0,0,0
1994-01-07 00:00:00,0.023565748,0.00916392,0.074076842,8.698779622,2.682407393,0,0,0,0,0
1994-01-08 00:00:00,0.023451987,0.008970119,0.068385054,8.761792859,2.637314027,0,0,0,0,0
1994-01-09 00:00:00,0.023699354,0.009233063,0.074073483,8.725094685,2.686237298,0,0,0,0,0
1994-01-10 00:00:00,0.023806045,0.009311063,0.075248124,8.730678303,2.697286706,0,0,0,0,0
1994-01-11 00:00:00,0.023819991,0.009254131,0.073005923,8.753417236,2.680067101,0,0,0,0,0
1994-01-12 00:00:00,0.023868673,0.009238481,0.071650016,8.766554964,2.669708189,0,0,0,0,0
1994-01-13 00:00:00,0.024127703,0.009493596,0.077221065,8.731534759,2.714963921,0,0,0,0,0
1994-01-14 00:00:00,0.024212234,0.009513388,0.07686541,8.735431006,2.71218929,0,0,0,0,0
1994-01-15 00:00:00,0.024386116,0.009646422,0.079389441,8.719120484,2.731995662,0,0,0,0,0
1994-01-16 00:00:00,0.02464536,0.009854114,0.083218621,8.669775104,2.760912525,0,0,0,0,0
1994-01-17 00:00:00,0.026758686,0.012231302,0.13493185,8.22497859,3.137686742,0,0,0,0,0
1994-01-18 00:00:00,0.028632744,0.014525806,0.190508607,7.816286681,3.578278857,0,0,0,0,0
1994-01-19 00:00:00,0.02853914,0.014182341,0.178411399,7.878542265,3.462683184,0,0,0,0,0
1994-01-20 00:00:00,0.027411141,0.012017354,0.11727541,7.955506251,2.9706098,0,0,0,0,0
1994-01-21 00:00:00,0.028127012,0.012841784,0.134934614,7.904140198,3.087537793,0,0,0,0,0
1994-01-22 00:00:00,0.031426907,0.016124235,0.19343012,7.334784643,3.44599733,0,0,0,0,0
1994-01-23 00:00:00,0.032134345,0.016432419,0.191235424,7.18340313,3.396159612,0,0,0,0,0
1994-01-24 00:00:00,0.037099402,0.023738646,0.360857461,7.125027652,4.551120222,0,0,0,0,0
1994-01-25 00:00:00,0.036956111,0.023268135,0.348666575,7.079936605,4.461215413,0,0,0,0,0
1994-01-26 00:00:00,0.036074722,0.02184789,0.318918138,7.02995176,4.27709908,0,0,0,0,0
1994-01-27 00:00:00,0.036155211,0.021593375,0.312155198,6.914510908,4.23514134,0,0,0,0,0
1994-01-28 00:00:00,0.034629364,0.019203065,0.261356891,6.846005445,3.922870957,0,0,0,0,0
1994-01-29 00:00:00,0.033817595,0.017862711,0.232999919,6.807670478,3.749052965,0,0,0,0,0
1994-01-30 00:00:00,0.033188156,0.016752943,0.209036408,6.772066638,3.600250617,0,0,0,0,0
1994-01-31 00:00:00,0.031521315,0.013572821,0.12628299,6.761104353,3.000084606,0,0,0,0,0
1994-02-01 00:00:00,0.031231294,0.012538057,0.095934465,6.712091533,2.767006797,0,0,0,0,0
1994-02-02 00:00:00,0.032836442,0.014828461,0.154321216,6.579661347,3.194195404,0,0,0,0,0
1994-02-03 00:00:00,0.033981437,0.015653493,0.163738036,6.438600657,3.215427038,0,0,0,0,0
1994-02-04 00:00:00,0.034531935,0.016143703,0.175146279,6.359630802,3.295949743,0,0,0,0,0
1994-02-05 00:00:00,0.035920735,0.018148155,0.223033547,6.341694747,3.611913775,0,0,0,0,0
1994-02-06 00:00:00,0.035961283,0.017807187,0.212909206,6.302915325,3.532260875,0,0,0,0,0
1994-02-07 00:00:00,0.034910325,0.015560257,0.15458205,6.285341815,3.115385276,0,0,0,0,0
1994-02-08 00:00:00,0.038329913,0.020341244,0.261504313,6.175098408,3.796740012,0,0,0,0,0
1994-02-09 00:00:00,0.036594576,0.016217831,0.151951041,6.021651271,3.030229084,0,0,0,0,0
1994-02-10 00:00:00,0.037588489,0.016971103,0.160507765,5.968524241,3.042741386,0,0,0,0,0
1994-02-11 00:00:00,0.046337056,0.027941525,0.354438058,5.924433712,4.036386744,0,0,0,0,0
1994-02-12 00:00:00,0.054640721,0.038514034,0.536818944,5.974579859,4.946075225,0,0,0,0,0
1994-02-13 00:00:00,0.053726178,0.037014859,0.509694438,5.921021127,4.79517287,0,0,0,0,0
1994-02-14 00:00:00,0.049350047,0.031020967,0.41118885,5.76765264,4.327814156,0,0,0,0,0
1994-02-15 00:00:00,0.044046671,0.023241151,0.268283973,5.597234833,3.57914327,0,0,0,0,0
1994-02-16 00:00:00,0.042654311,0.021134966,0.235278086,5.504460406,3.439692159,0,0,0,0,0
1994-02-17 00:00:00,0.041269494,0.018665828,0.186658893,5.420462349,3.173223437,0,0,0,0,0
1994-02-18 00:00:00,0.040574209,0.017161795,0.155629899,5.363655314,2.995220576,0,0,0,0,0
1994-02-19 00:00:00,0.040235856,0.016211773,0.135415902,5.330391142,2.873637031,0,0,0,0,0
1994-02-20 00:00:00,0.040106911,0.015623019,0.122777709,5.315107136,2.793540133,0,0,0,0,0
1994-02-21 00:00:00,0.039943237,0.01484302,0.103312579,5.316380506,2.655395239,0,0,0,0,0
1994-02-22 00:00:00,0.039993239,0.01457215,0.097310754,5.328465195,2.608384743,0,0,0,0,0
1994-02-23 00:00:00,0.040061708,0.014350673,0.092424389,5.349760004,2.566098479,0,0,0,0,0
1994-02-24 00:00:00,0.040956401,0.015761148,0.129685252,5.322836077,2.816559479,0,0,0,0,0
1994-02-25 00:00:00,0.04078156,0.01442781,0.0898604,5.351394236,2.506726175,0,0,0,0,0
1994-02-26 00:00:00,0.0414022,0.015402543,0.11611051,5.361605829,2.6754461,0,0,0,0,0
1994-02-27 00:00:00,0.041906945,0.01579956,0.124372001,5.365635366,2.709456091,0,0,0,0,0
1994-02-28 00:00:00,0.041917677,0.015198958,0.106941854,5.409853617,2.564096235,0,0,0,0,0
1994-03-01 00:00:00,0.042072186,0.015126888,0.105393829,5.448770638,2.536773579,0,0,0,0,0
1994-03-02 00:00:00,0.042247298,0.015143696,0.106773979,5.4861763,2.532068345,0,0,0,0,0
1994-03-03 00:00:00,0.042405773,0.015127023,0.107544045,5.522993102,2.524161632,0,0,0,0,0
1994-03-04 00:00:00,0.04251875,0.015014967,0.105982213,5.56241512,2.501089203,0,0,0,0,0
1994-03-05 00:00:00,0.043000671,0.015410523,0.115374376,5.561043295,2.547675248,0,0,0,0,0
1994-03-06 00:00:00,0.043255776,0.015453419,0.116888104,5.581404014,2.543519909,0,0,0,0,0
1994-03-07 00:00:00,0.043434536,0.015445886,0.117709465,5.6208196,2.534034966,0,0,0,0,0
1994-03-08 00:00:00,0.043099954,0.014354988,0.091212761,5.717476363,2.336991198,0,0,0,0,0
1994-03-09 00:00:00,0.043794623,0.015379447,0.118062459,5.696442312,2.506404991,0,0,0,0,0
1994-03-10 00:00:00,0.044097634,0.015489644,0.121259758,5.715439582,2.512613055,0,0,0,0,0
1994-03-11 00:00:00,0.044317869,0.015516293,0.12286374,5.749144722,2.508300975,0,0,0,0,0
1994-03-12 00:00:00,0.044657513,0.015685091,0.127478622,5.764584227,2.523386967,0,0,0,0,0
1994-03-13 00:00:00,0.045827643,0.017018182,0.156857019,5.665861347,2.696688317,0,0,0,0,0
1994-03-14 00:00:00,0.047569617,0.018904528,0.193738557,5.517070017,2.898716409,0,0,0,0,0
1994-03-15 00:00:00,0.047894837,0.018773784,0.188031313,5.5524698,2.830326813,0,0,0,0,0
1994-03-16 00:00:00,0.048364328,0.019147554,0.195101405,5.596219506,2.842969851,0,0,0,0,0
1994-03-17 00:00:00,0.048740125,0.019317252,0.198800219,5.614138348,2.846280668,0,0,0,0,0
1994-03-18 00:00:00,0.048953271,0.019197693,0.197003301,5.631828509,2.821932616,0,0,0,0,0
1994-03-19 00:00:00,0.0490755,0.018935451,0.192593136,5.650444981,2.785148262,0,0,0,0,0
1994-03-20 00:00:00,0.049109183,0.018548136,0.185950324,5.678724857,2.736248034,0,0,0,0,0
1994-03-21 00:00:00,0.049109684,0.018095211,0.177705857,5.715766266,2.67624153,0,0,0,0,0
1994-03-22 00:00:00,0.049223084,0.01780266,0.172612243,5.744372978,2.634053435,0,0,0,0,0
1994-03-23 00:00:00,0.04938419,0.017594418,0.169235247,5.772988819,2.601200386,0,0,0,0,0
1994-03-24 00:00:00,0.04955213,0.017376081,0.165373161,5.807799995,2.562732554,0,0,0,0,0
1994-03-25 00:00:00,0.049826705,0.017449069,0.168951342,5.820123089,2.576781645,0,0,0,0,0
1994-03-26 00:00:00,0.050129828,0.017502611,0.171364147,5.835623137,2.579400374,0,0,0,0,0
1994-03-27 00:00:00,0.050391114,0.017295458,0.16608105,5.879495045,2.521652913,0,0,0,0,0
1994-03-28 00:00:00,0.050798081,0.018806509,0.2126676,5.768908653,2.867328702,0,0,0,0,0
1994-03-29 00:00:00,0.05140358,0.020769426,0.270040256,5.599335133,3.289933631,0,0,0,0,0
1994-03-30 00:00:00,0.051403218,0.017591392,0.17557793,5.93936209,2.53374421,0,0,0,0,0
1994-03-31 00:00:00,0.051614341,0.01754874,0.175961372,5.988679754,2.517913175,0,0,0,0,0
1994-04-01 00:00:00,0.051883803,0.01758972,0.178172097,6.02666428,2.514314697,0,0,0,0,0
1994-04-02 00:00:00,0.05216442,0.017659293,0.18112526,6.062538282,2.515745486,0,0,0,0,0
1994-04-03 00:00:00,0.059375163,0.026548715,0.343690805,5.111244002,3.454012613,0,0,0,0,0
1994-04-04 00:00:00,0.062341139,0.028393214,0.354246272,4.981546997,3.395973669,0,0,0,0,0
1994-04-05 00:00:00,0.06825784,0.038223735,0.531019565,4.710534651,4.302487972,0,0,0,0,0
1994-04-06 00:00:00,0.06698993,0.033335684,0.424599668,4.819055214,3.656438701,0,0,0,0,0
1994-04-07 00:00:00,0.065913527,0.030852624,0.383183708,4.856482343,3.443449517,0,0,0,0,0
1994-04-08 00:00:00,0.070440212,0.03594921,0.461722337,4.511313892,3.826237445,0,0,0,0,0
1994-04-09 00:00:00,0.07844622,0.042229987,0.515986215,4.078607355,3.933057672,0,0,0,0,0
1994-04-10 00:00:00,0.079473801,0.042204299,0.503974507,4.077264148,3.817568813,0,0,0,0,0
1994-04-11 00:00:00,0.079682257,0.041521502,0.49849155,3.957587409,3.826016954,0,0,0,0,0
1994-04-12 00:00:00,0.075997816,0.034234447,0.384802788,3.994677684,3.308292855,0,0,0,0,0
1994-04-13 00:00:00,0.07466669,0.031092286,0.337762746,3.982040583,3.106086639,0,0,0,0,0
1994-04-14 00:00:00,0.073553998,0.027083492,0.263108394,4.032196343,2.704761997,0,0,0,0,0
1994-04-15 00:00:00,0.073919307,0.026576762,0.254405165,4.010100139,2.657839831,0,0,0,0,0
1994-04-16 00:00:00,0.074312477,0.026569127,0.256939522,3.989683663,2.675658087,0,0,0,0,0
1994-04-17 00:00:00,0.074444512,0.02473948,0.215589465,4.064020797,2.401665408,0,0,0,0,0
1994-04-18 00:00:00,0.074886344,0.025000292,0.222844184,4.060992632,2.43644551,0,0,0,0,0
1994-04-19 00:00:00,0.075126674,0.024519102,0.213002418,4.110153396,2.354924196,0,0,0,0,0
1994-04-20 00:00:00,0.075833586,0.025266217,0.228920136,4.087051973,2.435428592,0,0,0,0,0
1994-04-21 00:00:00,0.077503533,0.028157279,0.285415855,3.969160376,2.747089771,0,0,0,0,0
1994-04-22 00:00:00,0.087272411,0.040497744,0.460544229,3.517874434,3.525174372,0,0,0,0,0
1994-04-23 00:00:00,0.101492381,0.05520454,0.605125085,3.229297779,3.911784199,0,0,0,0,0
1994-04-24 00:00:00,0.102878142,0.05569963,0.604165139,3.198802573,3.874797455,0,0,0,0,0
1994-04-25 00:00:00,0.095340534,0.043211069,0.446562959,3.255896755,3.274287555,0,0,0,0,0
1994-04-26 00:00:00,0.083335325,0.034850112,0.380503584,4.078169162,3.007886101,0,0,0,0,0
1994-04-27 00:00:00,0.083146982,0.032742636,0.347838987,4.021493503,2.863907425,0,0,0,0,0
1994-04-28 00:00:00,0.083275489,0.031600559,0.328874659,4.014223178,2.762818231,0,0,0,0,0
1994-04-29 00:00:00,0.082432225,0.029707977,0.30122226,4.101456173,2.612680617,0,0,0,0,0
1994-04-30 00:00:00,0.09116234,0.030175371,0.254896255,3.385759177,2.374031137,0,0,0,0,0
1994-05-01 00:00:00,0.090952446,0.029549908,0.24776983,3.437772425,2.324505029,0,0,0,0,0
1994-05-02 00:00:00,0.090687411,0.028962451,0.241268424,3.502134836,2.273503518,0,0,0,0,0
1994-05-03 00:00:00,0.090400919,0.028549164,0.238321912,3.570031851,2.240724284,0,0,0,0,0
1994-05-04 00:00:00,0.090109677,0.028287582,0.238584225,3.638062628,2.225381856,0,0,0,0,0
1994-05-05 00:00:00,0.089825092,0.028090169,0.239985531,3.70797135,2.215102581,0,0,0,0,0
1994-05-06 00:00:00,0.091731234,0.0306264,0.28405628,3.565856164,2.458381254,0,0,0,0,0
1994-05-07 00:00:00,0.091645491,0.030387906,0.281946581,3.640961922,2.415002858,0,0,0,0,0
1994-05-08 00:00:00,0.091674714,0.030703329,0.290931572,3.690373991,2.441275126,0,0,0,0,0
1994-05-09 00:00:00,0.091527105,0.030543118,0.292189369,3.744955717,2.43173587,0,0,0,0,0
1994-05-10 00:00:00,0.091250986,0.03016624,0.29017083,3.806281161,2.407025977,0,0,0,0,0
1994-05-11 00:00:00,0.090981693,0.029842197,0.289095503,3.868155589,2.387015201,0,0,0,0,0
1994-05-12 00:00:00,0.091148537,0.030382168,0.303069855,3.871999561,2.460057023,0,0,0,0,0
1994-05-13 00:00:00,0.090931549,0.030139658,0.302967644,3.931709149,2.443740724,0,0,0,0,0
1994-05-14 00:00:00,0.090677955,0.029583062,0.296278104,4.012239301,2.382602315,0,0,0,0,0
1994-05-15 00:00:00,0.090425211,0.029207287,0.293607213,4.08118361,2.349609134,0,0,0,0,0
1994-05-16 00:00:00,0.094981923,0.038270001,0.444536197,3.644879097,3.194327351,0,0,0,0,0
1994-05-17 00:00:00,0.107463726,0.052786723,0.607987559,3.196018265,3.809673126,0,0,0,0,0
1994-05-18 00:00:00,0.113660739,0.060996581,0.698573023,3.091550935,4.118725678,0,0,0,0,0
1994-05-19 00:00:00,0.108481023,0.050619185,0.56410039,3.213595273,3.541098238,0,0,0,0,0
1994-05-20 00:00:00,0.103565473,0.040209782,0.42234016,3.390750754,2.890708368,0,0,0,0,0
1994-05-21 00:00:00,0.102208057,0.036679575,0.373722125,3.453417678,2.658783289,0,0,0,0,0
1994-05-22 00:00:00,0.101919118,0.034990568,0.349141464,3.483286908,2.530086257,0,0,0,0,0
1994-05-23 00:00:00,0.102380098,0.034602835,0.343002217,3.467587032,2.494433197,0,0,0,0,0
1994-05-24 00:00:00,0.102152072,0.034147791,0.340114888,3.489695716,2.47975038,0,0,0,0,0
1994-05-25 00:00:00,0.102078024,0.032880996,0.318601266,3.561530881,2.331356999,0,0,0,0,0
1994-05-26 00:00:00,0.101818297,0.032434725,0.314832051,3.608673664,2.297067302,0,0,0,0,0
1994-05-27 00:00:00,0.101422258,0.03202761,0.3125157,3.664786749,2.270043667,0,0,0,0,0
1994-05-28 00:00:00,0.100890916,0.03172306,0.313065679,3.723200461,2.262148814,0,0,0,0,0
1994-05-29 00:00:00,0.100347761,0.031345811,0.311925534,3.794093808,2.238395645,0,0,0,0,0
1994-05-30 00:00:00,0.099713049,0.031021574,0.312486296,3.866902187,2.226503271,0,0,0,0,0
1994-05-31 00:00:00,0.099349423,0.030753335,0.312038084,3.928237781,2.204379479,0,0,0,0,0
1994-06-01 00:00:00,0.099566456,0.031866662,0.335951557,3.872037553,2.352443785,0,0,0,0,0
1994-06-02 00:00:00,0.100388487,0.032648813,0.347985014,3.821475507,2.408829178,0,0,0,0,0
1994-06-03 00:00:00,0.099525937,0.032501689,0.352624732,3.913336036,2.414685372,0,0,0,0,0
1994-06-04 00:00:00,0.099871708,0.034094777,0.382416845,3.86982751,2.579328768,0,0,0,0,0
1994-06-05 00:00:00,0.099658121,0.03406269,0.384935966,3.913226545,2.575126632,0,0,0,0,0
1994-06-06 00:00:00,0.101328639,0.036820728,0.426749711,3.759312896,2.810691955,0,0,0,0,0
1994-06-07 00:00:00,0.102124713,0.037090756,0.427145392,3.750675046,2.782069746,0,0,0,0,0
1994-06-08 00:00:00,0.102146394,0.036498916,0.418337007,3.776827089,2.71705337,0,0,0,0,0
1994-06-09 00:00:00,0.102848669,0.037808744,0.438175431,3.741162124,2.810127706,0,0,0,0,0
1994-06-10 00:00:00,0.103272276,0.03909399,0.459437486,3.713845873,2.917661478,0,0,0,0,0
1994-06-11 00:00:00,0.103941348,0.039464418,0.463161003,3.683455285,2.923878413,0,0,0,0,0
1994-06-12 00:00:00,0.104068204,0.039583933,0.466398535,3.676190876,2.936042492,0,0,0,0,0
1994-06-13 00:00:00,0.108213129,0.046934169,0.566433277,3.370568268,3.474497693,0,0,0,0,0
1994-06-14 00:00:00,0.106911513,0.041498368,0.482684266,3.537689505,2.979993876,0,0,0,0,0
1994-06-15 00:00:00,0.105928208,0.039603114,0.460216822,3.581097652,2.869261375,0,0,0,0,0
1994-06-16 00:00:00,0.10484605,0.036877316,0.422926201,3.666227179,2.659089483,0,0,0,0,0
1994-06-17 00:00:00,0.103920392,0.035368525,0.405122059,3.726335304,2.56093045,0,0,0,0,0
1994-06-18 00:00:00,0.103009339,0.033902024,0.386778217,3.809993956,2.444988892,0,0,0,0,0
1994-06-19 00:00:00,0.102191742,0.032904087,0.375718326,3.884147004,2.369362585,0,0,0,0,0
1994-06-20 00:00:00,0.101405406,0.032205474,0.369487048,3.952061721,2.321642769,0,0,0,0,0
1994-06-21 00:00:00,0.100576544,0.031635444,0.365688129,4.022492874,2.287345027,0,0,0,0,0
1994-06-22 00:00:00,0.100113542,0.031842617,0.374115706,4.026084817,2.341434955,0,0,0,0,0
1994-06-23 00:00:00,0.100172329,0.032254076,0.382691843,3.999396307,2.390488373,0,0,0,0,0
1994-06-24 00:00:00,0.099507353,0.032395114,0.390846924,4.021527931,2.440843388,0,0,0,0,0
1994-06-25 00:00:00,0.098489508,0.03192906,0.389516594,4.110603109,2.416211958,0,0,0,0,0
1994-06-26 00:00:00,0.097421272,0.031360739,0.386996864,4.195112547,2.391597933,0,0,0,0,0
1994-06-27 00:00:00,0.096350901,0.030804781,0.384653472,4.278564364,2.369624653,0,0,0,0,0
1994-06-28 00:00:00,0.095960281,0.031879751,0.40905557,4.182070721,2.56713356,0,0,0,0,0
1994-06-29 00:00:00,0.095834398,0.030931101,0.392344025,4.274164411,2.413806995,0,0,0,0,0
1994-06-30 00:00:00,0.095147247,0.031795999,0.413776032,4.238801192,2.573307497,0,0,0,0,0
1994-07-01 00:00:00,0.096789723,0.03354702,0.435078274,4.06007335,2.702707922,0,0,0,0,0
1994-07-02 00:00:00,0.095574975,0.032843619,0.429703556,4.19392069,2.639051093,0,0,0,0,0
1994-07-03 00:00:00,0.094805095,0.032569428,0.430003573,4.247753189,2.633211035,0,0,0,0,0
1994-07-04 00:00:00,0.093729939,0.031845463,0.42467106,4.323892168,2.598064798,0,0,0,0,0
1994-07-05 00:00:00,0.092504965,0.031686937,0.431070362,4.348103196,2.667883405,0,0,0,0,0
1994-07-06 00:00:00,0.091497043,0.032135564,0.447662251,4.286432286,2.835022707,0,0,0,0,0
1994-07-07 00:00:00,0.091021074,0.02962536,0.403749638,4.535041535,2.450167295,0,0,0,0,0
1994-07-08 00:00:00,0.089400732,0.030431583,0.431252785,4.446728325,2.729271516,0,0,0,0,0
1994-07-09 00:00:00,0.089636179,0.029772719,0.417119644,4.496537004,2.588958519,0,0,0,0,0
1994-07-10 00:00:00,0.088974176,0.028605474,0.399263982,4.644640668,2.41924082,0,0,0,0,0
1994-07-11 00:00:00,0.087372527,0.028636937,0.411287279,4.649522395,2.557706569,0,0,0,0,0
1994-07-12 00:00:00,0.085018021,0.029125134,0.437989948,4.564723453,2.879085253,0,0,0,0,0
1994-07-13 00:00:00,0.085714814,0.027136293,0.3931629,4.888606363,2.373937369,0,0,0,0,0
1994-07-14 00:00:00,0.084906022,0.02672109,0.390328379,4.968814572,2.33946797,0,0,0,0,0
1994-07-15 00:00:00,0.083757132,0.026239489,0.388531077,5.064593243,2.324141543,0,0,0,0,0
1994-07-16 00:00:00,0.083274324,0.027297934,0.411968913,4.93043284,2.543006599,0,0,0,0,0
1994-07-17 00:00:00,0.087405763,0.030119827,0.435982208,4.441075852,2.698118778,0,0,0,0,0
1994-07-18 00:00:00,0.086848488,0.030017045,0.436671011,4.48245744,2.68898341,0,0,0,0,0
1994-07-19 00:00:00,0.087505243,0.032309533,0.470490001,4.359301696,2.910287779,0,0,0,0,0
1994-07-20 00:00:00,0.09110239,0.038798876,0.553831852,3.967609444,3.442589378,0,0,0,0,0
1994-07-21 00:00:00,0.096060927,0.047318173,0.655792637,3.600370147,4.029083808,0,0,0,0,0
1994-07-22 00:00:00,0.093177803,0.041957194,0.58477012,3.885506932,3.55182394,0,0,0,0,0
1994-07-23 00:00:00,0.093495386,0.044766407,0.631520918,3.663123051,3.935505406,0,0,0,0,0
1994-07-24 00:00:00,0.090016517,0.035570478,0.502873976,4.010116425,3.082121357,0,0,0,0,0
1994-07-25 00:00:00,0.088145004,0.033446479,0.480666957,4.071964681,2.981878197,0,0,0,0,0
1994-07-26 00:00:00,0.088307374,0.033939008,0.489068166,3.925962996,3.090394345,0,0,0,0,0
1994-07-27 00:00:00,0.086950496,0.030878282,0.444011102,4.110657216,2.747951018,0,0,0,0,0
1994-07-28 00:00:00,0.085548277,0.030174265,0.440837593,4.136462449,2.766826576,0,0,0,0,0
1994-07-29 00:00:00,0.084659024,0.027847246,0.403996798,4.305829711,2.458499396,0,0,0,0,0
1994-07-30 00:00:00,0.083629836,0.028021199,0.413017825,4.286037111,2.562132066,0,0,0,0,0
1994-07-31 00:00:00,0.084600793,0.032549146,0.486145123,3.880822576,3.194720692,0,0,0,0,0
1994-08-01 00:00:00,0.083077353,0.03088093,0.464891998,4.045043775,3.023117015,0,0,0,0,0
1994-08-02 00:00:00,0.082124063,0.027960275,0.416795756,4.300185352,2.590363291,0,0,0,0,0
1994-08-03 00:00:00,0.08062822,0.029297459,0.450200397,4.189522785,2.938402546,0,0,0,0,0
1994-08-04 00:00:00,0.079818793,0.028680961,0.443217424,4.223283816,2.897167184,0,0,0,0,0
1994-08-05 00:00:00,0.078859664,0.025881759,0.396327936,4.509087569,2.452153635,0,0,0,0,0
1994-08-06 00:00:00,0.07750068,0.025056397,0.388525375,4.616191247,2.396547184,0,0,0,0,0
1994-08-07 00:00:00,0.077783348,0.0278661,0.437571588,4.239613388,2.900873042,0,0,0,0,0
1994-08-08 00:00:00,0.076939774,0.02509213,0.389622676,4.539447349,2.428994532,0,0,0,0,0
1994-08-09 00:00:00,0.075800489,0.025654167,0.405870136,4.507158431,2.604200449,0,0,0,0,0
1994-08-10 00:00:00,0.075174071,0.025070561,0.397059281,4.571549105,2.520274124,0,0,0,0,0
1994-08-11 00:00:00,0.073875034,0.02435931,0.390449862,4.691153422,2.4648247,0,0,0,0,0
1994-08-12 00:00:00,0.073131398,0.028268754,0.465985489,4.319898671,3.226497818,0,0,0,0,0
1994-08-13 00:00:00,0.072107216,0.026554249,0.439041013,4.508509449,2.974984539,0,0,0,0,0
1994-08-14 00:00:00,0.071046809,0.024789439,0.411029249,4.718686794,2.70585746,0,0,0,0,0
1994-08-15 00:00:00,0.069836615,0.023229223,0.387977071,4.91081393,2.492809369,0,0,0,0,0
1994-08-16 00:00:00,0.068573011,0.023113516,0.392675561,4.928265467,2.580324834,0,0,0,0,0
1994-08-17 00:00:00,0.0675052,0.021995285,0.376450871,5.087723519,2.426691442,0,0,0,0,0
1994-08-18 00:00:00,0.067248168,0.022059694,0.377126711,5.04026241,2.447399111,0,0,0,0,0
1994-08-19 00:00:00,0.066908938,0.022040883,0.376781244,5.007695237,2.459080054,0,0,0,0,0
1994-08-20 00:00:00,0.065303906,0.022413151,0.392845806,5.0248809,2.663235492,0,0,0,0,0
1994-08-21 00:00:00,0.064219349,0.021097642,0.372270877,5.245897793,2.448353307,0,0,0,0,0
1994-08-22 00:00:00,0.063179023,0.020552661,0.366523928,5.343770848,2.407872514,0,0,0,0,0
1994-08-23 00:00:00,0.065416209,0.025269522,0.436789174,4.701078304,3.085790259,0,0,0,0,0
1994-08-24 00:00:00,0.066301809,0.025909399,0.438003155,4.617914973,3.053516459,0,0,0,0,0
1994-08-25 00:00:00,0.065128725,0.024983154,0.425207485,4.797811469,2.925000328,0,0,0,0,0
1994-08-26 00:00:00,0.064020514,0.02480148,0.427425667,4.837329935,2.981462115,0,0,0,0,0
1994-08-27 00:00:00,0.063287622,0.027579428,0.483845882,4.573528547,3.597232484,0,0,0,0,0
1994-08-28 00:00:00,0.061585549,0.02559386,0.4577995,4.713254791,3.426392769,0,0,0,0,0
1994-08-29 00:00:00,0.059929267,0.022151047,0.401732706,5.049242674,2.913242542,0,0,0,0,0
1994-08-30 00:00:00,0.058731107,0.019967817,0.365116606,5.310938255,2.558933556,0,0,0,0,0
1994-08-31 00:00:00,0.057389209,0.020176597,0.377155145,5.281809523,2.760233867,0,0,0,0,0
1994-09-01 00:00:00,0.056416545,0.018684918,0.351215815,5.522097976,2.487805108,0,0,0,0,0
1994-09-02 00:00:00,0.054932176,0.018923098,0.365045493,5.484068877,2.728440146,0,0,0,0,0
1994-09-03 00:00:00,0.054258598,0.017376165,0.33457283,5.80028664,2.357715407,0,0,0,0,0
1994-09-04 00:00:00,0.052596569,0.017953648,0.357221754,5.675045653,2.739178716,0,0,0,0,0
1994-09-05 00:00:00,0.051202393,0.017693545,0.359935215,5.718731976,2.852738388,0,0,0,0,0
1994-09-06 00:00:00,0.050932928,0.016342479,0.329152198,6.10026895,2.412703159,0,0,0,0,0
1994-09-07 00:00:00,0.049013011,0.017041513,0.357271913,5.899871925,2.918202666,0,0,0,0,0
1994-09-08 00:00:00,0.048308805,0.017161389,0.362398501,5.900821291,3.010199123,0,0,0,0,0
1994-09-09 00:00:00,0.04735603,0.016261255,0.347188709,6.124403261,2.855044357,0,0,0,0,0
1994-09-10 00:00:00,0.047191224,0.015283794,0.322898543,6.491315335,2.469887299,0,0,0,0,0
1994-09-11 00:00:00,0.046135478,0.015138362,0.324995286,6.578712277,2.542138795,0,0,0,0,0
1994-09-12 00:00:00,0.044334519,0.015398738,0.343239619,6.453876481,2.941872884,0,0,0,0,0
1994-09-13 00:00:00,0.043389219,0.015435446,0.348853688,6.489145079,3.064725393,0,0,0,0,0
1994-09-14 00:00:00,0.042447399,0.015380099,0.352397937,6.553576541,3.160241466,0,0,0,0,0
1994-09-15 00:00:00,0.042336986,0.014071421,0.319154691,7.097506711,2.621615,0,0,0,0,0
1994-09-16 00:00:00,0.04062295,0.015112256,0.355498977,6.737086009,3.296897134,0,0,0,0,0
1994-09-17 00:00:00,0.040948461,0.013272482,0.305149001,7.542090608,2.441696666,0,0,0,0,0
1994-09-18 00:00:00,0.039405515,0.01396885,0.332220446,7.313513665,2.966939489,0,0,0,0,0
1994-09-19 00:00:00,0.037869846,0.01404715,0.345031346,7.241079531,3.303398752,0,0,0,0,0
1994-09-20 00:00:00,0.037804256,0.013498664,0.32858781,7.581582589,3.005900125,0,0,0,0,0
1994-09-21 00:00:00,0.037008814,0.013513916,0.332874932,7.612033778,3.127743716,0,0,0,0,0
1994-09-22 00:00:00,0.037042603,0.01223771,0.29733679,8.264050417,2.516590011,0,0,0,0,0
1994-09-23 00:00:00,0.035087055,0.014289418,0.363517867,7.393140194,3.7516859,0,0,0,0,0
1994-09-24 00:00:00,0.034265911,0.013981374,0.360540072,7.566775509,3.766679966,0,0,0,0,0
1994-09-25 00:00:00,0.034719128,0.011576538,0.29157723,8.836436084,2.545173705,0,0,0,0,0
1994-09-26 00:00:00,0.034333564,0.011992463,0.301535252,8.804257192,2.704153312,0,0,0,0,0
1994-09-27 00:00:00,0.037850127,0.01538407,0.344438247,7.28952856,3.172283278,0,0,0,0,0
1994-09-28 00:00:00,0.041755585,0.02146231,0.444551218,5.72933851,4.297107252,0,0,0,0,0
1994-09-29 00:00:00,0.042435152,0.022323602,0.451848643,5.693159121,4.309768994,0,0,0,0,0
1994-09-30 00:00:00,0.04007318,0.017164509,0.350194764,6.63093272,3.179151065,0,0,0,0,0
1994-10-01 00:00:00,0.040846092,0.019358217,0.388117807,6.395633206,3.573369378,0,0,0,0,0
1994-10-02 00:00:00,0.041367175,0.019636578,0.386388381,6.136742408,3.581664136,0,0,0,0,0
1994-10-03 00:00:00,0.041569799,0.02003015,0.388949958,6.071370596,3.608575694,0,0,0,0,0
1994-10-04 00:00:00,0.040296545,0.017794373,0.347272636,6.270977675,3.233183601,0,0,0,0,0
1994-10-05 00:00:00,0.041935011,0.023091215,0.452070157,5.664957306,4.369371248,0,0,0,0,0
1994-10-06 00:00:00,0.038124115,0.015830056,0.317519879,6.565816347,3.047268055,0,0,0,0,0
1994-10-07 00:00:00,0.037473565,0.01566064,0.317700589,6.558332896,3.121819625,0,0,0,0,0
1994-10-08 00:00:00,0.036431274,0.013971305,0.284452025,6.744861472,2.818616604,0,0,0,0,0
1994-10-09 00:00:00,0.036072503,0.014241284,0.29197538,6.666571449,2.965811535,0,0,0,0,0
1994-10-10 00:00:00,0.035900287,0.016028011,0.336855599,6.35058332,3.578215407,0,0,0,0,0
1994-10-11 00:00:00,0.03437121,0.012353457,0.255340688,7.021819581,2.650880589,0,0,0,0,0
1994-10-12 00:00:00,0.034109867,0.01420543,0.304326147,6.631668819,3.35003592,0,0,0,0,0
1994-10-13 00:00:00,0.033576418,0.012119937,0.250852668,7.012824584,2.702188122,0,0,0,0,0
1994-10-14 00:00:00,0.033026147,0.01141879,0.234368718,7.158416135,2.541977472,0,0,0,0,0
1994-10-15 00:00:00,0.032789694,0.012141573,0.252498936,7.051895649,2.807541601,0,0,0,0,0
1994-10-16 00:00:00,0.034664351,0.015911297,0.326848959,6.259543587,3.653935083,0,0,0,0,0
1994-10-17 00:00:00,0.033138161,0.012709783,0.255363597,6.828076158,2.86915144,0,0,0,0,0
1994-10-18 00:00:00,0.032846122,0.012970793,0.260846465,6.910213632,2.942973432,0,0,0,0,0
1994-10-19 00:00:00,0.033538212,0.015846925,0.326256165,6.517823381,3.714517735,0,0,0,0,0
1994-10-20 00:00:00,0.031831669,0.012151503,0.241933062,7.190399136,2.779231233,0,0,0,0,0
1994-10-21 00:00:00,0.032532748,0.015311566,0.317634548,6.658628073,3.711154908,0,0,0,0,0
1994-10-22 00:00:00,0.03169302,0.014436442,0.301189904,6.818404239,3.590634333,0,0,0,0,0
1994-10-23 00:00:00,0.030988015,0.013806255,0.289554615,6.94258692,3.51954031,0,0,0,0,0
1994-10-24 00:00:00,0.029672176,0.010753483,0.214334894,7.600638517,2.645709938,0,0,0,0,0
1994-10-25 00:00:00,0.029828605,0.013078557,0.277635929,7.123055458,3.49949255,0,0,0,0,0
1994-10-26 00:00:00,0.028791359,0.010788366,0.219422302,7.69099969,2.812531499,0,0,0,0,0
1994-10-27 00:00:00,0.028675244,0.012324875,0.264344715,7.353997462,3.455331451,0,0,0,0,0
1994-10-28 00:00:00,0.028107847,0.011870441,0.255120487,7.490011866,3.398697683,0,0,0,0,0
1994-10-29 00:00:00,0.028032702,0.011533347,0.242853998,7.457241607,3.283062395,0,0,0,0,0
1994-10-30 00:00:00,0.027421859,0.010247239,0.206600235,7.898033935,2.830536231,0,0,0,0,0
1994-10-31 00:00:00,0.027224342,0.011636286,0.249791723,7.639790444,3.448502046,0,0,0,0,0
1994-11-01 00:00:00,0.026821787,0.011588333,0.250362172,7.742060948,3.496678938,0,0,0,0,0
1994-11-02 00:00:00,0.026316096,0.011203956,0.242058522,7.912693669,3.438983773,0,0,0,0,0
1994-11-03 00:00:00,0.026060479,0.011283293,0.244836888,7.954841199,3.509734751,0,0,0,0,0
1994-11-04 00:00:00,0.025779877,0.011288148,0.245776104,8.011561299,3.559891612,0,0,0,0,0
1994-11-05 00:00:00,0.025464585,0.011226669,0.245071419,8.09678872,3.589381215,0,0,0,0,0
1994-11-06 00:00:00,0.025232206,0.011302755,0.247712421,8.151300903,3.65491615,0,0,0,0,0
1994-11-07 00:00:00,0.024918447,0.011211376,0.246204257,8.253078672,3.672636473,0,0,0,0,0
1994-11-08 00:00:00,0.024049028,0.008620762,0.166605897,9.175282927,2.631720005,0,0,0,0,0
1994-11-09 00:00:00,0.023741111,0.008539942,0.164745229,9.297660018,2.642589036,0,0,0,0,0
1994-11-10 00:00:00,0.025731611,0.013337404,0.292401732,7.982858621,4.202158741,0,0,0,0,0
1994-11-11 00:00:00,0.025838389,0.012668978,0.265855672,7.89523197,3.896648925,0,0,0,0,0
1994-11-12 00:00:00,0.024772464,0.010567042,0.208213798,8.451164436,3.245215516,0,0,0,0,0
1994-11-13 00:00:00,0.025119187,0.012271582,0.258257023,8.143508797,3.882168113,0,0,0,0,0
1994-11-14 00:00:00,0.024750353,0.012027447,0.252942107,8.295170639,3.853276488,0,0,0,0,0
1994-11-15 00:00:00,0.024602013,0.012089625,0.254556377,8.344965219,3.897984743,0,0,0,0,0
1994-11-16 00:00:00,0.024421635,0.012039757,0.253008546,8.402177832,3.908044741,0,0,0,0,0
1994-11-17 00:00:00,0.02360504,0.010223182,0.198589496,8.928601289,3.270924457,0,0,0,0,0
1994-11-18 00:00:00,0.02420613,0.012194001,0.256635171,8.469955141,3.998649481,0,0,0,0,0
1994-11-19 00:00:00,0.024012966,0.012086514,0.253273728,8.563931515,3.981781353,0,0,0,0,0
1994-11-20 00:00:00,0.023964674,0.0121744,0.254536558,8.578100786,4.015648197,0,0,0,0,0
1994-11-21 00:00:00,0.022392637,0.008644497,0.149063212,9.571093648,2.782646872,0,0,0,0,0
1994-11-22 00:00:00,0.022792117,0.009427158,0.166400935,9.432926664,2.975772416,0,0,0,0,0
1994-11-23 00:00:00,0.031343352,0.020094726,0.37732486,6.945495236,4.838680454,0,0,0,0,0
1994-11-24 00:00:00,0.03082159,0.019077785,0.347895944,7.113279809,4.543339576,0,0,0,0,0
1994-11-25 00:00:00,0.034258966,0.02398293,0.438338651,7.047544645,5.193233022,0,0,0,0,0
1994-11-26 00:00:00,0.034019626,0.023743393,0.433176582,7.105383006,5.163391874,0,0,0,0,0
1994-11-27 00:00:00,0.032453035,0.021635888,0.392710091,7.191520955,4.882625061,0,0,0,0,0
1994-11-28 00:00:00,0.030639466,0.019269954,0.347677559,7.328854488,4.571639691,0,0,0,0,0
1994-11-29 00:00:00,0.029121935,0.017340806,0.310872355,7.456341078,4.324545185,0,0,0,0,0
1994-11-30 00:00:00,0.027272389,0.014716833,0.253472914,7.69098377,3.864857937,0,0,0,0,0
1994-12-01 00:00:00,0.024817607,0.010751488,0.156160551,8.112366273,2.989817806,0,0,0,0,0
1994-12-02 00:00:00,0.024301882,0.010125871,0.141805503,8.184283719,2.893588843,0,0,0,0,0
1994-12-03 00:00:00,0.025473663,0.011443021,0.165796622,7.805319241,3.114755469,0,0,0,0,0
1994-12-04 00:00:00,0.02881982,0.016638395,0.28837363,7.165610897,4.239390543,0,0,0,0,0
1994-12-05 00:00:00,0.029505036,0.017279036,0.293463303,7.130524115,4.235332135,0,0,0,0,0
1994-12-06 00:00:00,0.028888612,0.016187876,0.262656721,7.263685521,3.950149506,0,0,0,0,0
1994-12-07 00:00:00,0.026562528,0.012407012,0.169696589,7.524819714,3.150282361,0,0,0,0,0
1994-12-08 00:00:00,0.027977449,0.014902259,0.231765748,7.354672963,3.723706442,0,0,0,0,0
1994-12-09 00:00:00,0.029957383,0.017756782,0.294132032,7.113767283,4.247564638,0,0,0,0,0
1994-12-10 00:00:00,0.028744785,0.015621215,0.240483497,7.137397561,3.807030534,0,0,0,0,0
1994-12-11 00:00:00,0.028743138,0.015872181,0.249323383,7.150581137,3.915282201,0,0,0,0,0
1994-12-12 00:00:00,0.027116664,0.013355222,0.188713376,7.293345508,3.422519249,0,0,0,0,0
1994-12-13 00:00:00,0.026505658,0.012514758,0.169319922,7.341082955,3.286251661,0,0,0,0,0
1994-12-14 00:00:00,0.025905659,0.01165628,0.148700528,7.394235166,3.134830329,0,0,0,0,0
1994-12-15 00:00:00,0.026360902,0.01270342,0.179199137,7.326800033,3.446382979,0,0,0,0,0
1994-12-16 00:00:00,0.026162387,0.012464065,0.173703375,7.335610132,3.4234031,0,0,0,0,0
1994-12-17 00:00:00,0.025824227,0.012044707,0.163920584,7.378531993,3.36273397,0,0,0,0,0
1994-12-18 00:00:00,0.024392507,0.009361599,0.087014536,7.583341892,2.661090075,0,0,0,0,0
1994-12-19 00:00:00,0.025239652,0.011261982,0.144318909,7.453600217,3.232894963,0,0,0,0,0
1994-12-20 00:00:00,0.025226427,0.011223066,0.142550549,7.435882745,3.234214885,0,0,0,0,0
1994-12-21 00:00:00,0.025005716,0.01094483,0.135288074,7.484460838,3.186372633,0,0,0,0,0
1994-12-22 00:00:00,0.024226631,0.009353968,0.085956159,7.638280279,2.722337281,0,0,0,0,0
1994-12-23 00:00:00,0.024680296,0.01057803,0.125492586,7.581889309,3.127783532,0,0,0,0,0
1994-12-24 00:00:00,0.024054317,0.009173615,0.079748449,7.720583332,2.688362811,0,0,0,0,0
1994-12-25 00:00:00,0.024781912,0.010903145,0.134509249,7.626300101,3.232018215,0,0,0,0,0
1994-12-26 00:00:00,0.02461919,0.010691839,0.128541514,7.681500533,3.189432028,0,0,0,0,0
1994-12-27 00:00:00,0.023896044,0.009058898,0.075000248,7.849685502,2.673235141,0,0,0,0,0
1994-12-28 00:00:00,0.023850677,0.009017103,0.073287474,7.894632494,2.665746143,0,0,0,0,0
1994-12-29 00:00:00,0.024475304,0.009987905,0.098372064,7.821205528,2.888534171,0,0,0,0,0
1994-12-30 00:00:00,0.024199818,0.009420498,0.080846062,7.857171564,2.740433714,0,0,0,0,0
1994-12-31 00:00:00,0.024003378,0.009048245,0.068644221,7.936512923,2.630178277,0,0,0,0,0
1995-01-01 00:00:00,0.02648611,0.010611803,0.082835399,7.053503269,2.701130177,0,0,0,0,0
1995-01-02 00:00:00,0.028422765,0.014146495,0.180319674,7.021867419,3.522398812,0,0,0,0,0
1995-01-03 00:00:00,0.026278617,0.010370189,0.077962724,7.112288291,2.687265397,0,0,0,0,0
1995-01-04 00:00:00,0.026016317,0.009952033,0.06705131,7.149660512,2.608218683,0,0,0,0,0
1995-01-05 00:00:00,0.025652424,0.009388299,0.052687115,7.199769762,2.502382765,0,0,0,0,0
1995-01-06 00:00:00,0.025756442,0.009575388,0.057680639,7.227050008,2.549725684,0,0,0,0,0
1995-01-07 00:00:00,0.025774023,0.009554764,0.056722083,7.240253819,2.548422584,0,0,0,0,0
1995-01-08 00:00:00,0.025717006,0.009442089,0.053635957,7.272063176,2.529338402,0,0,0,0,0
1995-01-09 00:00:00,0.025542524,0.009142995,0.045450079,7.320201305,2.467527102,0,0,0,0,0
1995-01-10 00:00:00,0.025730226,0.009386973,0.051495812,7.3250515,2.520263838,0,0,0,0,0
1995-01-11 00:00:00,0.025706404,0.009301601,0.048926654,7.356857795,2.502522798,0,0,0,0,0
1995-01-12 00:00:00,0.025863913,0.009469852,0.052721461,7.365215249,2.534608054,0,0,0,0,0
1995-01-13 00:00:00,0.025839431,0.00932793,0.048051337,7.387990574,2.497264971,0,0,0,0,0
1995-01-14 00:00:00,0.026091801,0.009554725,0.052599933,7.366024816,2.532689877,0,0,0,0,0
1995-01-15 00:00:00,0.02624016,0.009632714,0.053561665,7.35351535,2.541235304,0,0,0,0,0
1995-01-16 00:00:00,0.026304417,0.009641829,0.053228812,7.374254496,2.538412988,0,0,0,0,0
1995-01-17 00:00:00,0.026820148,0.010220856,0.066441899,7.325147129,2.636557048,0,0,0,0,0
1995-01-18 00:00:00,0.026523957,0.009565635,0.047845942,7.350918154,2.489643517,0,0,0,0,0
1995-01-19 00:00:00,0.02641663,0.009347485,0.041600022,7.422889039,2.434692015,0,0,0,0,0
1995-01-20 00:00:00,0.027025981,0.010100789,0.060324199,7.359646428,2.579652809,0,0,0,0,0
1995-01-21 00:00:00,0.027045794,0.010012731,0.057657887,7.385165438,2.556917864,0,0,0,0,0
1995-01-22 00:00:00,0.02720876,0.010138198,0.060403831,7.394502055,2.575343017,0,0,0,0,0
1995-01-23 00:00:00,0.027381971,0.010261737,0.063094928,7.398153496,2.593318351,0,0,0,0,0
1995-01-24 00:00:00,0.02748197,0.010282628,0.063372458,7.412312099,2.592978703,0,0,0,0,0
1995-01-25 00:00:00,0.027576944,0.010294322,0.063408896,7.427673651,2.590632597,0,0,0,0,0
1995-01-26 00:00:00,0.027669302,0.01029627,0.063238753,7.443359238,2.586370309,0,0,0,0,0
1995-01-27 00:00:00,0.027777016,0.01030898,0.063386471,7.457304729,2.584104293,0,0,0,0,0
1995-01-28 00:00:00,0.027891324,0.01033298,0.063703589,7.470134736,2.582618592,0,0,0,0,0
1995-01-29 00:00:00,0.028010097,0.010349512,0.063899055,7.482346182,2.579618169,0,0,0,0,0
1995-01-30 00:00:00,0.02815552,0.010397095,0.064797241,7.490968089,2.581448895,0,0,0,0,0
1995-01-31 00:00:00,0.028305268,0.010446693,0.065773405,7.499454845,2.583351994,0,0,0,0,0
1995-02-01 00:00:00,0.028465861,0.010507169,0.067010256,7.506998024,2.586781889,0,0,0,0,0
1995-02-02 00:00:00,0.028764132,0.010882127,0.078208169,7.499484765,2.673210244,0,0,0,0,0
1995-02-03 00:00:00,0.028747072,0.010545989,0.067291431,7.528194199,2.575374551,0,0,0,0,0
1995-02-04 00:00:00,0.028982508,0.010689362,0.070575836,7.523044868,2.592713285,0,0,0,0,0
1995-02-05 00:00:00,0.029170136,0.010755111,0.071782992,7.526087953,2.593838405,0,0,0,0,0
1995-02-06 00:00:00,0.029381123,0.010846602,0.07371158,7.524909547,2.599937325,0,0,0,0,0
1995-02-07 00:00:00,0.029593894,0.01093299,0.075444997,7.523781464,2.604072909,0,0,0,0,0
1995-02-08 00:00:00,0.030036369,0.011546499,0.093574555,7.491246785,2.742784192,0,0,0,0,0
1995-02-09 00:00:00,0.030053564,0.011136479,0.079707223,7.516493026,2.61712445,0,0,0,0,0
1995-02-10 00:00:00,0.030308157,0.011273034,0.082703081,7.509301394,2.629658419,0,0,0,0,0
1995-02-11 00:00:00,0.030505017,0.011311855,0.083262801,7.511849703,2.623661509,0,0,0,0,0
1995-02-12 00:00:00,0.030764511,0.01142676,0.085646292,7.502794772,2.6308258,0,0,0,0,0
1995-02-13 00:00:00,0.031023104,0.01154003,0.088021938,7.493444966,2.63756057,0,0,0,0,0
1995-02-14 00:00:00,0.031251569,0.011596659,0.08892773,7.489890713,2.633133318,0,0,0,0,0
1995-02-15 00:00:00,0.031885564,0.012584274,0.118211007,7.420982895,2.856490224,0,0,0,0,0
1995-02-16 00:00:00,0.031824704,0.011863074,0.09473521,7.464339025,2.652744036,0,0,0,0,0
1995-02-17 00:00:00,0.032105171,0.011986615,0.097363962,7.452785134,2.660230274,0,0,0,0,0
1995-02-18 00:00:00,0.033747616,0.013847632,0.139110761,7.200855428,2.93352378,0,0,0,0,0
1995-02-19 00:00:00,0.034265315,0.013808499,0.132324638,7.082913246,2.862225057,0,0,0,0,0
1995-02-20 00:00:00,0.042214684,0.026100937,0.420502733,6.473439151,4.759931685,0,0,0,0,0
1995-02-21 00:00:00,0.041954214,0.024773189,0.379948257,6.472038926,4.440215145,0,0,0,0,0
1995-02-22 00:00:00,0.04685781,0.030955355,0.494202546,6.289592383,5.028966943,0,0,0,0,0
1995-02-23 00:00:00,0.049223489,0.032622337,0.503262271,6.102748011,4.962451751,0,0,0,0,0
1995-02-24 00:00:00,0.049731936,0.032472675,0.488252026,6.074425686,4.807394213,0,0,0,0,0
1995-02-25 00:00:00,0.04874092,0.030711057,0.454483188,6.044127079,4.61478776,0,0,0,0,0
1995-02-26 00:00:00,0.047004543,0.027877284,0.401880806,5.997345871,4.334431109,0,0,0,0,0
1995-02-27 00:00:00,0.045223115,0.024903144,0.345554487,5.957202962,4.031159711,0,0,0,0,0
1995-02-28 00:00:00,0.043436412,0.02157734,0.275945193,5.936697557,3.622803028,0,0,0,0,0
1995-03-01 00:00:00,0.043004464,0.020644409,0.260673971,5.889367631,3.553807376,0,0,0,0,0
1995-03-02 00:00:00,0.042496461,0.019386328,0.234579785,5.87017655,3.398784716,0,0,0,0,0
1995-03-03 00:00:00,0.041150016,0.015746121,0.140515021,5.955287752,2.744557808,0,0,0,0,0
1995-03-04 00:00:00,0.040915611,0.014627163,0.112318653,5.978925,2.544633344,0,0,0,0,0
1995-03-05 00:00:00,0.04161989,0.015190914,0.124889473,5.911531269,2.617887987,0,0,0,0,0
1995-03-06 00:00:00,0.042358873,0.016725024,0.170699976,5.819582258,2.955978048,0,0,0,0,0
1995-03-07 00:00:00,0.043282773,0.017988583,0.202249317,5.7426245,3.159360888,0,0,0,0,0
1995-03-08 00:00:00,0.04350103,0.017821918,0.197935892,5.740151403,3.118157625,0,0,0,0,0
1995-03-09 00:00:00,0.043049193,0.015292348,0.124560486,5.867840541,2.559021838,0,0,0,0,0
1995-03-10 00:00:00,0.045611686,0.018358674,0.188020314,5.596972794,2.939025565,0,0,0,0,0
1995-03-11 00:00:00,0.046194826,0.018037754,0.174273522,5.529746646,2.823207786,0,0,0,0,0
1995-03-12 00:00:00,0.046626854,0.018297993,0.178741679,5.562577168,2.822833816,0,0,0,0,0
1995-03-13 00:00:00,0.046980989,0.018333833,0.179041677,5.564926321,2.807718182,0,0,0,0,0
1995-03-14 00:00:00,0.04755532,0.018934798,0.194208436,5.536282296,2.896666896,0,0,0,0,0
1995-03-15 00:00:00,0.047614471,0.018464238,0.184194552,5.549820219,2.824028675,0,0,0,0,0
1995-03-16 00:00:00,0.048273866,0.019833188,0.223328757,5.480720392,3.095386337,0,0,0,0,0
1995-03-17 00:00:00,0.047658007,0.01739325,0.161393492,5.599202689,2.660002956,0,0,0,0,0
1995-03-18 00:00:00,0.047790774,0.016967616,0.151520813,5.625052429,2.581925222,0,0,0,0,0
1995-03-19 00:00:00,0.048323393,0.01730155,0.15930574,5.597862855,2.620103203,0,0,0,0,0
1995-03-20 00:00:00,0.053200177,0.024499257,0.311496983,5.070966912,3.55112908,0,0,0,0,0
1995-03-21 00:00:00,0.052491702,0.021310223,0.228387058,5.241417902,2.960799225,0,0,0,0,0
1995-03-22 00:00:00,0.055355066,0.027031297,0.357946562,5.058761278,3.747562228,0,0,0,0,0
1995-03-23 00:00:00,0.05585902,0.02712867,0.358111811,5.037366256,3.728300474,0,0,0,0,0
1995-03-24 00:00:00,0.055734168,0.026244769,0.340671356,5.038808918,3.621399378,0,0,0,0,0
1995-03-25 00:00:00,0.053782611,0.020698219,0.213534833,5.246960191,2.80840226,0,0,0,0,0
1995-03-26 00:00:00,0.054954031,0.021368848,0.223337798,5.132775144,2.850131873,0,0,0,0,0
1995-03-27 00:00:00,0.059574612,0.026532358,0.309712189,4.758166582,3.291140448,0,0,0,0,0
1995-03-28 00:00:00,0.062189707,0.03056086,0.386259593,4.65940846,3.688564121,0,0,0,0,0
1995-03-29 00:00:00,0.061377221,0.027515863,0.318865101,4.73385991,3.268542282,0,0,0,0,0
1995-03-30 00:00:00,0.063559246,0.031451036,0.403269559,4.571218005,3.764201156,0,0,0,0,0
1995-03-31 00:00:00,0.062584062,0.029042948,0.360355022,4.589327305,3.539403086,0,0,0,0,0
1995-04-01 00:00:00,0.060353724,0.022946728,0.231887156,4.768827105,2.771435953,0,0,0,0,0
1995-04-02 00:00:00,0.061103318,0.024969154,0.285657451,4.661811246,3.130355108,0,0,0,0,0
1995-04-03 00:00:00,0.060962429,0.02420615,0.273821235,4.672090459,3.069458551,0,0,0,0,0
1995-04-04 00:00:00,0.060712704,0.022561477,0.237957831,4.741606587,2.837200302,0,0,0,0,0
1995-04-05 00:00:00,0.060753566,0.020463929,0.184139583,4.861355513,2.451946196,0,0,0,0,0
1995-04-06 00:00:00,0.061651658,0.021064375,0.195360302,4.806236778,2.50494741,0,0,0,0,0
1995-04-07 00:00:00,0.063236868,0.023365321,0.242636288,4.684849141,2.771850772,0,0,0,0,0
1995-04-08 00:00:00,0.065967665,0.02699575,0.308568784,4.490032212,3.119339685,0,0,0,0,0
1995-04-09 00:00:00,0.067796297,0.028101491,0.315622379,4.465085544,3.080642694,0,0,0,0,0
1995-04-10 00:00:00,0.070894278,0.03181159,0.372950719,4.328735911,3.334567197,0,0,0,0,0
1995-04-11 00:00:00,0.077091736,0.038452958,0.459755278,4.048819642,3.676870412,0,0,0,0,0
1995-04-12 00:00:00,0.082968937,0.047470083,0.602497214,3.866470964,4.336312982,0,0,0,0,0
1995-04-13 00:00:00,0.080796556,0.043170741,0.535084075,3.929390685,4.011963948,0,0,0,0,0
1995-04-14 00:00:00,0.075393624,0.032576979,0.360071044,4.12463528,3.147304989,0,0,0,0,0
1995-04-15 00:00:00,0.07381923,0.029096865,0.305301819,4.178552983,2.882916895,0,0,0,0,0
1995-04-16 00:00:00,0.073294271,0.027181105,0.273505187,4.206713245,2.718121924,0,0,0,0,0
1995-04-17 00:00:00,0.073715285,0.02651763,0.26045545,4.182911722,2.64201621,0,0,0,0,0
1995-04-18 00:00:00,0.077398928,0.031027911,0.334170951,3.926090162,3.022819246,0,0,0,0,0
1995-04-19 00:00:00,0.077582595,0.029532931,0.300807096,3.98582535,2.800520332,0,0,0,0,0
1995-04-20 00:00:00,0.078400649,0.029807426,0.303527595,3.970196548,2.79429177,0,0,0,0,0
1995-04-21 00:00:00,0.07970824,0.030717911,0.316622502,3.90823144,2.847365111,0,0,0,0,0
1995-04-22 00:00:00,0.079567084,0.02954728,0.297061652,3.94664544,2.733112007,0,0,0,0,0
1995-04-23 00:00:00,0.07937645,0.028321079,0.276941025,3.987765494,2.617565608,0,0,0,0,0
1995-04-24 00:00:00,0.079389352,0.02749161,0.263307456,4.023823819,2.532575969,0,0,0,0,0
1995-04-25 00:00:00,0.079577737,0.027148461,0.258757089,4.049851996,2.496046574,0,0,0,0,0
1995-04-26 00:00:00,0.081820664,0.030260272,0.312723335,3.896201366,2.781156395,0,0,0,0,0
1995-04-27 00:00:00,0.083824111,0.031628482,0.327086719,3.824969282,2.813781199,0,0,0,0,0
1995-04-28 00:00:00,0.08421295,0.031426789,0.322235897,3.860699413,2.759613058,0,0,0,0,0
1995-04-29 00:00:00,0.084325203,0.030829576,0.313047625,3.889430664,2.698051516,0,0,0,0,0
1995-04-30 00:00:00,0.084258874,0.030007757,0.301034789,3.924595115,2.625990458,0,0,0,0,0
1995-05-01 00:00:00,0.084032727,0.029001314,0.286159193,3.977630349,2.536860093,0,0,0,0,0
1995-05-02 00:00:00,0.083893517,0.028260226,0.27580592,4.03076435,2.469187087,0,0,0,0,0
1995-05-03 00:00:00,0.08381094,0.027692262,0.268310439,4.085440769,2.41402781,0,0,0,0,0
1995-05-04 00:00:00,0.083806627,0.027288407,0.263426374,4.138187785,2.37067336,0,0,0,0,0
1995-05-05 00:00:00,0.083817875,0.027086284,0.262797155,4.185439237,2.352871474,0,0,0,0,0
1995-05-06 00:00:00,0.083776509,0.026866794,0.262044122,4.240532117,2.332663436,0,0,0,0,0
1995-05-07 00:00:00,0.083923966,0.02685515,0.264260182,4.277574629,2.328520693,0,0,0,0,0
1995-05-08 00:00:00,0.087602225,0.031989551,0.349735113,3.915685638,2.815937765,0,0,0,0,0
1995-05-09 00:00:00,0.091571086,0.036544862,0.409641233,3.739068047,3.061857143,0,0,0,0,0
1995-05-10 00:00:00,0.094987321,0.039883637,0.445715693,3.645965302,3.166778539,0,0,0,0,0
1995-05-11 00:00:00,0.095502458,0.039520745,0.437476217,3.653915485,3.102855747,0,0,0,0,0
1995-05-12 00:00:00,0.094693513,0.036962457,0.400684021,3.691850975,2.924523352,0,0,0,0,0
1995-05-13 00:00:00,0.094873348,0.035578806,0.378186181,3.68054268,2.809230692,0,0,0,0,0
1995-05-14 00:00:00,0.094483018,0.033842187,0.352267067,3.723542869,2.67078959,0,0,0,0,0
1995-05-15 00:00:00,0.094307784,0.032435079,0.330494937,3.761944796,2.548554728,0,0,0,0,0
1995-05-16 00:00:00,0.094724285,0.031549405,0.314057313,3.769092383,2.447046615,0,0,0,0,0
1995-05-17 00:00:00,0.095260433,0.031196388,0.307013095,3.766843993,2.395170985,0,0,0,0,0
1995-05-18 00:00:00,0.095324186,0.030831733,0.302715937,3.799647936,2.357607152,0,0,0,0,0
1995-05-19 00:00:00,0.095142618,0.031149628,0.315301011,3.795132974,2.441665485,0,0,0,0,0
1995-05-20 00:00:00,0.095098901,0.030778539,0.311328112,3.837438277,2.40449283,0,0,0,0,0
1995-05-21 00:00:00,0.095298425,0.030057708,0.296937814,3.916906539,2.278849415,0,0,0,0,0
1995-05-22 00:00:00,0.095264778,0.029935798,0.297736271,3.956820337,2.266586984,0,0,0,0,0
1995-05-23 00:00:00,0.095643847,0.03053178,0.310762892,3.93005958,2.337707205,0,0,0,0,0
1995-05-24 00:00:00,0.095514565,0.030459108,0.313177649,3.970623768,2.337020526,0,0,0,0,0
1995-05-25 00:00:00,0.095290359,0.030172542,0.311495192,4.036130209,2.304303577,0,0,0,0,0
1995-05-26 00:00:00,0.096713053,0.031720701,0.335695802,3.91612951,2.438295555,0,0,0,0,0
1995-05-27 00:00:00,0.09885631,0.036051831,0.405816362,3.727315232,2.821606528,0,0,0,0,0
1995-05-28 00:00:00,0.101952369,0.03962725,0.449237764,3.594225492,2.997678518,0,0,0,0,0
1995-05-29 00:00:00,0.10222449,0.04013788,0.45797467,3.613782003,3.022692294,0,0,0,0,0
1995-05-30 00:00:00,0.101932263,0.039925261,0.460648108,3.611268976,3.050947914,0,0,0,0,0
1995-05-31 00:00:00,0.100874971,0.037238216,0.42335355,3.68974653,2.85535698,0,0,0,0,0
1995-06-01 00:00:00,0.100182681,0.034197382,0.374520756,3.806736695,2.562277341,0,0,0,0,0
1995-06-02 00:00:00,0.09986738,0.033474723,0.366700962,3.835644602,2.519095616,0,0,0,0,0
1995-06-03 00:00:00,0.099678084,0.032857407,0.35934338,3.868053378,2.470549553,0,0,0,0,0
1995-06-04 00:00:00,0.099570567,0.031972181,0.345186478,3.932566957,2.363152323,0,0,0,0,0
1995-06-05 00:00:00,0.099445129,0.031607017,0.341404309,3.970179104,2.326125766,0,0,0,0,0
1995-06-06 00:00:00,0.099807244,0.031821204,0.345586446,3.953399177,2.340176322,0,0,0,0,0
1995-06-07 00:00:00,0.099577013,0.033213061,0.378998767,3.833170166,2.596879907,0,0,0,0,0
1995-06-08 00:00:00,0.100156705,0.031730469,0.345960062,3.970017418,2.31220617,0,0,0,0,0
1995-06-09 00:00:00,0.099285006,0.032182722,0.364026605,3.962851805,2.448325053,0,0,0,0,0
1995-06-10 00:00:00,0.098723221,0.032170255,0.369961736,3.992743278,2.484184069,0,0,0,0,0
1995-06-11 00:00:00,0.098710573,0.031234169,0.352481942,4.105869684,2.320861896,0,0,0,0,0
1995-06-12 00:00:00,0.098120067,0.03095585,0.353014571,4.162628764,2.313446898,0,0,0,0,0
1995-06-13 00:00:00,0.097420924,0.030678141,0.354305584,4.22385979,2.312550018,0,0,0,0,0
1995-06-14 00:00:00,0.096658007,0.030337815,0.354608503,4.296289291,2.303350417,0,0,0,0,0
1995-06-15 00:00:00,0.09585759,0.029988929,0.35492905,4.37300295,2.293890226,0,0,0,0,0
1995-06-16 00:00:00,0.09502841,0.02965716,0.355692105,4.450716949,2.288041573,0,0,0,0,0
1995-06-17 00:00:00,0.094210587,0.029299541,0.355694997,4.535036206,2.274469938,0,0,0,0,0
1995-06-18 00:00:00,0.093288673,0.029049306,0.358710389,4.608119907,2.289174544,0,0,0,0,0
1995-06-19 00:00:00,0.092322615,0.02874944,0.360901765,4.690978517,2.297099008,0,0,0,0,0
1995-06-20 00:00:00,0.091334535,0.028396139,0.362047705,4.785222127,2.295217041,0,0,0,0,0
1995-06-21 00:00:00,0.090337344,0.028035802,0.362968107,4.884856337,2.290543361,0,0,0,0,0
1995-06-22 00:00:00,0.089310722,0.027729707,0.365231428,4.979115488,2.298748576,0,0,0,0,0
1995-06-23 00:00:00,0.087666825,0.027618078,0.376476484,5.017059996,2.423622565,0,0,0,0,0
1995-06-24 00:00:00,0.087247538,0.027087635,0.368877679,5.182129665,2.306478907,0,0,0,0,0
1995-06-25 00:00:00,0.086616656,0.026862296,0.369837229,5.252201983,2.300094059,0,0,0,0,0
1995-06-26 00:00:00,0.086939894,0.027779531,0.387747318,5.094382237,2.448550957,0,0,0,0,0
1995-06-27 00:00:00,0.087072112,0.027689998,0.385807953,5.113365912,2.407088566,0,0,0,0,0
1995-06-28 00:00:00,0.086091822,0.02718008,0.383151112,5.241674218,2.369159335,0,0,0,0,0
1995-06-29 00:00:00,0.082432703,0.029021735,0.449400784,4.942014874,3.101349754,0,0,0,0,0
1995-06-30 00:00:00,0.081573384,0.029238728,0.460607643,4.933213582,3.208341027,0,0,0,0,0
1995-07-01 00:00:00,0.082306339,0.027410026,0.417708142,5.291157939,2.725011542,0,0,0,0,0
1995-07-02 00:00:00,0.082237647,0.026497092,0.399485062,5.517355045,2.496655037,0,0,0,0,0
1995-07-03 00:00:00,0.081484089,0.026025337,0.395572653,5.654921384,2.437441838,0,0,0,0,0
1995-07-04 00:00:00,0.083978936,0.030574811,0.465530456,5.044495406,2.981264117,0,0,0,0,0
1995-07-05 00:00:00,0.087265905,0.03316899,0.490556143,4.65746195,3.12531071,0,0,0,0,0
1995-07-06 00:00:00,0.085869618,0.036576786,0.562136629,4.493483541,3.699919753,0,0,0,0,0
1995-07-07 00:00:00,0.085299772,0.032269669,0.485479831,4.924353057,3.042150061,0,0,0,0,0
1995-07-08 00:00:00,0.084586464,0.032586177,0.49565851,4.954514197,3.115206783,0,0,0,0,0
1995-07-09 00:00:00,0.08494735,0.032870685,0.498258895,4.890469888,3.126433734,0,0,0,0,0
1995-07-10 00:00:00,0.083517635,0.031196939,0.478574597,5.036498082,2.998272493,0,0,0,0,0
1995-07-11 00:00:00,0.081927167,0.029462926,0.458601356,5.204127193,2.868484735,0,0,0,0,0
1995-07-12 00:00:00,0.080509963,0.027970329,0.441217309,5.36457889,2.75007767,0,0,0,0,0
1995-07-13 00:00:00,0.078737339,0.027855719,0.45231895,5.362426499,2.911333731,0,0,0,0,0
1995-07-14 00:00:00,0.078085025,0.025999234,0.420863118,5.638274383,2.605852307,0,0,0,0,0
1995-07-15 00:00:00,0.077330526,0.026118482,0.428079927,5.646047582,2.675444428,0,0,0,0,0
1995-07-16 00:00:00,0.076953027,0.031394848,0.532772573,4.77799343,3.754690248,0,0,0,0,0
1995-07-17 00:00:00,0.078142233,0.025942542,0.41900758,5.503704674,2.590474642,0,0,0,0,0
1995-07-18 00:00:00,0.077353241,0.025685737,0.41896528,5.56841945,2.587937186,0,0,0,0,0
1995-07-19 00:00:00,0.076172533,0.026117346,0.435498519,5.479445199,2.79150732,0,0,0,0,0
1995-07-20 00:00:00,0.076481819,0.025475034,0.419876018,5.58009297,2.599644398,0,0,0,0,0
1995-07-21 00:00:00,0.075464516,0.025011531,0.417412431,5.67059435,2.585040901,0,0,0,0,0
1995-07-22 00:00:00,0.075504029,0.026777002,0.449140883,5.47151465,2.860495618,0,0,0,0,0
1995-07-23 00:00:00,0.076143795,0.026491875,0.438790934,5.409496323,2.757012162,0,0,0,0,0
1995-07-24 00:00:00,0.075001863,0.026039028,0.437059536,5.520942678,2.744762065,0,0,0,0,0
1995-07-25 00:00:00,0.072561706,0.031042902,0.54809688,4.914128395,3.914666745,0,0,0,0,0
1995-07-26 00:00:00,0.073615239,0.026667811,0.455364847,5.550548111,2.901218465,0,0,0,0,0
1995-07-27 00:00:00,0.073274466,0.035634649,0.622229369,4.572768033,4.498440785,0,0,0,0,0
1995-07-28 00:00:00,0.073316189,0.033112451,0.574059188,4.804264409,4.039938179,0,0,0,0,0
1995-07-29 00:00:00,0.072116574,0.026476469,0.458616002,5.563002453,2.950677795,0,0,0,0,0
1995-07-30 00:00:00,0.071316124,0.025285239,0.441448439,5.653436771,2.820597434,0,0,0,0,0
1995-07-31 00:00:00,0.070526265,0.025253819,0.445526336,5.622385734,2.894374087,0,0,0,0,0
1995-08-01 00:00:00,0.070715315,0.024737238,0.433086179,5.628803522,2.765999322,0,0,0,0,0
1995-08-02 00:00:00,0.069949746,0.024895659,0.439955983,5.617914649,2.848905986,0,0,0,0,0
1995-08-03 00:00:00,0.070962616,0.025877669,0.449826358,5.368508781,2.939070496,0,0,0,0,0
1995-08-04 00:00:00,0.069958228,0.030476044,0.540915745,4.87180822,3.868966401,0,0,0,0,0
1995-08-05 00:00:00,0.068939973,0.026342049,0.4682961,5.472131473,3.119472507,0,0,0,0,0
1995-08-06 00:00:00,0.067057985,0.029402712,0.538630538,5.08124106,3.923323205,0,0,0,0,0
1995-08-07 00:00:00,0.066836075,0.024587093,0.447484087,5.690562072,2.972762141,0,0,0,0,0
1995-08-08 00:00:00,0.066476607,0.023366856,0.425368798,5.804650587,2.759342795,0,0,0,0,0
1995-08-09 00:00:00,0.065325271,0.026170854,0.486835557,5.264615734,3.521603223,0,0,0,0,0
1995-08-10 00:00:00,0.064537308,0.025259398,0.474163248,5.292751036,3.451948728,0,0,0,0,0
1995-08-11 00:00:00,0.063231156,0.024013791,0.458202607,5.436216731,3.34579123,0,0,0,0,0
1995-08-12 00:00:00,0.061975977,0.022967842,0.445339275,5.574412257,3.263082842,0,0,0,0,0
1995-08-13 00:00:00,0.061034635,0.022115524,0.433605241,5.686404693,3.176834284,0,0,0,0,0
1995-08-14 00:00:00,0.061392011,0.020722341,0.400879562,5.961275144,2.748132302,0,0,0,0,0
1995-08-15 00:00:00,0.06255094,0.021307225,0.401302898,5.843827066,2.679258321,0,0,0,0,0
1995-08-16 00:00:00,0.065419924,0.02571961,0.46286307,5.001935263,3.296647796,0,0,0,0,0
1995-08-17 00:00:00,0.065832466,0.023097865,0.408036191,5.197520763,2.729866481,0,0,0,0,0
1995-08-18 00:00:00,0.06475548,0.022915143,0.409313804,5.2948332,2.746948951,0,0,0,0,0
1995-08-19 00:00:00,0.068002052,0.029010975,0.496893128,4.478221707,3.564226672,0,0,0,0,0
1995-08-20 00:00:00,0.066963589,0.028365531,0.490042813,4.556856363,3.524863003,0,0,0,0,0
1995-08-21 00:00:00,0.065449608,0.026862665,0.47157056,4.678573207,3.408632574,0,0,0,0,0
1995-08-22 00:00:00,0.064019222,0.024811257,0.442172781,4.821210835,3.192339253,0,0,0,0,0
1995-08-23 00:00:00,0.062869768,0.023194524,0.418079443,4.935945645,3.011317694,0,0,0,0,0
1995-08-24 00:00:00,0.06194295,0.021771464,0.395144035,5.061268757,2.817323314,0,0,0,0,0
1995-08-25 00:00:00,0.061080189,0.021039692,0.384788772,5.121417965,2.749581031,0,0,0,0,0
1995-08-26 00:00:00,0.060697383,0.01955318,0.354760611,5.349372099,2.402069166,0,0,0,0,0
1995-08-27 00:00:00,0.059922973,0.019187579,0.350378388,5.397497454,2.379483073,0,0,0,0,0
1995-08-28 00:00:00,0.061669863,0.023166963,0.413615208,4.69090005,3.076165037,0,0,0,0,0
1995-08-29 00:00:00,0.061294308,0.021681261,0.384782556,4.792513879,2.799997642,0,0,0,0,0
1995-08-30 00:00:00,0.060139129,0.021531868,0.387437776,4.850240028,2.858265835,0,0,0,0,0
1995-08-31 00:00:00,0.05912565,0.021032014,0.382160248,4.927752528,2.833819965,0,0,0,0,0
1995-09-01 00:00:00,0.058187132,0.020495541,0.375734254,4.991599977,2.802708122,0,0,0,0,0
1995-09-02 00:00:00,0.057209917,0.01980793,0.366448996,5.076550101,2.741874553,0,0,0,0,0
1995-09-03 00:00:00,0.056255516,0.019031836,0.354891975,5.189322732,2.64763261,0,0,0,0,0
1995-09-04 00:00:00,0.055166285,0.018711391,0.353716665,5.245262385,2.681350012,0,0,0,0,0
1995-09-05 00:00:00,0.054108848,0.017978121,0.343492288,5.381968564,2.599414192,0,0,0,0,0
1995-09-06 00:00:00,0.053162609,0.017888385,0.345841776,5.417219655,2.663764876,0,0,0,0,0
1995-09-07 00:00:00,0.052523174,0.018010164,0.34998561,5.434684993,2.724729489,0,0,0,0,0
1995-09-08 00:00:00,0.051638231,0.017723113,0.347785828,5.483175029,2.742765559,0,0,0,0,0
1995-09-09 00:00:00,0.050542689,0.017244971,0.343117862,5.596822211,2.731292699,0,0,0,0,0
1995-09-10 00:00:00,0.049493387,0.016736879,0.337282402,5.728486984,2.699502486,0,0,0,0,0
1995-09-11 00:00:00,0.048409965,0.016477452,0.337196356,5.810988274,2.747748203,0,0,0,0,0
1995-09-12 00:00:00,0.047531071,0.015659122,0.322808484,6.024618984,2.591672713,0,0,0,0,0
1995-09-13 00:00:00,0.046355887,0.016092179,0.339115953,5.952209472,2.871732408,0,0,0,0,0
1995-09-14 00:00:00,0.045739837,0.0149751,0.31524688,6.298442394,2.54738779,0,0,0,0,0
1995-09-15 00:00:00,0.044757779,0.014584441,0.311029658,6.452745016,2.528735604,0,0,0,0,0
1995-09-16 00:00:00,0.043687678,0.015960903,0.348595683,6.137518029,3.108678991,0,0,0,0,0
1995-09-17 00:00:00,0.043876886,0.014343268,0.305614767,6.598316123,2.46957405,0,0,0,0,0
1995-09-18 00:00:00,0.043143296,0.014049914,0.301518217,6.703697585,2.450359416,0,0,0,0,0
1995-09-19 00:00:00,0.045180755,0.017802002,0.36347141,5.839285148,3.158425663,0,0,0,0,0
1995-09-20 00:00:00,0.045424741,0.019277828,0.390324348,5.569209661,3.489424205,0,0,0,0,0
1995-09-21 00:00:00,0.044629985,0.019106282,0.38936128,5.723938606,3.488292861,0,0,0,0,0
1995-09-22 00:00:00,0.043684103,0.017327725,0.353713981,6.104348055,3.076035968,0,0,0,0,0
1995-09-23 00:00:00,0.042944837,0.017142746,0.35246806,6.198709115,3.094576879,0,0,0,0,0
1995-09-24 00:00:00,0.04225324,0.016806967,0.347680411,6.28306868,3.078246083,0,0,0,0,0
1995-09-25 00:00:00,0.041458398,0.015471512,0.321124111,6.484878658,2.809794731,0,0,0,0,0
1995-09-26 00:00:00,0.040566096,0.014921464,0.313339381,6.615060344,2.770297085,0,0,0,0,0
1995-09-27 00:00:00,0.040009874,0.017426491,0.37482392,6.183662727,3.612876217,0,0,0,0,0
1995-09-28 00:00:00,0.03860498,0.013690253,0.295946629,6.958678818,2.671485916,0,0,0,0,0
1995-09-29 00:00:00,0.037811113,0.013156186,0.287013598,7.114410374,2.607949483,0,0,0,0,0
1995-09-30 00:00:00,0.038700806,0.018075454,0.392902039,6.150270388,3.945270524,0,0,0,0,0
1995-10-01 00:00:00,0.038359047,0.014283101,0.300635235,6.727369874,2.805076361,0,0,0,0,0
1995-10-02 00:00:00,0.037751066,0.013818132,0.291705929,6.827795114,2.739591629,0,0,0,0,0
1995-10-03 00:00:00,0.037607939,0.014044189,0.294456667,6.781722539,2.795170556,0,0,0,0,0
1995-10-04 00:00:00,0.037136557,0.013966298,0.293070942,6.852581047,2.80597616,0,0,0,0,0
1995-10-05 00:00:00,0.042000592,0.021037505,0.400422998,5.852652858,3.75703494,0,0,0,0,0
1995-10-06 00:00:00,0.054790167,0.036001914,0.581144419,4.479019028,4.928895137,0,0,0,0,0
1995-10-07 00:00:00,0.053569825,0.033968465,0.538404586,4.843790351,4.494045084,0,0,0,0,0
1995-10-08 00:00:00,0.055525887,0.038615511,0.623510457,4.476905555,5.301481689,0,0,0,0,0
1995-10-09 00:00:00,0.049467271,0.030403809,0.512610824,4.769362066,4.596771488,0,0,0,0,0
1995-10-10 00:00:00,0.045054496,0.024408519,0.427559567,5.022272557,4.037289253,0,0,0,0,0
1995-10-11 00:00:00,0.042076226,0.020364408,0.366694918,5.224315247,3.621648151,0,0,0,0,0
1995-10-12 00:00:00,0.040095058,0.017677107,0.323416545,5.375261861,3.316071707,0,0,0,0,0
1995-10-13 00:00:00,0.038667836,0.015712017,0.28910746,5.504413606,3.059707709,0,0,0,0,0
1995-10-14 00:00:00,0.037625892,0.014212797,0.260273844,5.621942516,2.826502207,0,0,0,0,0
1995-10-15 00:00:00,0.036966621,0.01355533,0.247522536,5.672915086,2.746320171,0,0,0,0,0
1995-10-16 00:00:00,0.036327551,0.013040702,0.237608578,5.736599793,2.689342389,0,0,0,0,0
1995-10-17 00:00:00,0.035698005,0.012639286,0.230313565,5.80665783,2.658009859,0,0,0,0,0
1995-10-18 00:00:00,0.035118099,0.011523115,0.202232699,6.011905932,2.348074885,0,0,0,0,0
1995-10-19 00:00:00,0.035294881,0.012894272,0.233558041,5.765943698,2.755081508,0,0,0,0,0
1995-10-20 00:00:00,0.034940895,0.012581565,0.225171188,5.808482763,2.691910846,0,0,0,0,0
1995-10-21 00:00:00,0.034392864,0.01224292,0.218267321,5.893367382,2.652450175,0,0,0,0,0
1995-10-22 00:00:00,0.034082185,0.011587144,0.198796459,6.022748508,2.432805136,0,0,0,0,0
1995-10-23 00:00:00,0.034652248,0.013760416,0.247275311,5.742638566,2.99389991,0,0,0,0,0
1995-10-24 00:00:00,0.034262924,0.013189495,0.231844654,5.837301932,2.842423484,0,0,0,0,0
1995-10-25 00:00:00,0.033472471,0.011990279,0.203446316,6.060338672,2.551621472,0,0,0,0,0
1995-10-26 00:00:00,0.033945155,0.013305368,0.228344999,5.957807489,2.809277678,0,0,0,0,0
1995-10-27 00:00:00,0.041019582,0.023541467,0.400938637,4.97441874,4.263753416,0,0,0,0,0
1995-10-28 00:00:00,0.040734519,0.023003129,0.383271543,5.124209775,4.066843703,0,0,0,0,0
1995-10-29 00:00:00,0.039395665,0.021193963,0.349040588,5.295940674,3.789239953,0,0,0,0,0
1995-10-30 00:00:00,0.036323428,0.016498542,0.262767117,5.577290009,3.09459073,0,0,0,0,0
1995-10-31 00:00:00,0.037196807,0.017613217,0.277273958,5.411116904,3.228098652,0,0,0,0,0
1995-11-01 00:00:00,0.043417661,0.025280218,0.385155945,4.877190514,3.973548986,0,0,0,0,0
1995-11-02 00:00:00,0.048987255,0.032892633,0.49397982,4.699440196,4.684885575,0,0,0,0,0
1995-11-03 00:00:00,0.047545819,0.031105284,0.465920706,4.766547873,4.51016851,0,0,0,0,0
1995-11-04 00:00:00,0.04347809,0.025847515,0.389535783,4.853730699,4.056319646,0,0,0,0,0
1995-11-05 00:00:00,0.036994958,0.01658881,0.2361302,5.109286946,2.976468169,0,0,0,0,0
1995-11-06 00:00:00,0.036938382,0.01734055,0.257872883,5.037055079,3.242544102,0,0,0,0,0
1995-11-07 00:00:00,0.035192439,0.015058207,0.218428927,5.105935255,2.985442065,0,0,0,0,0
1995-11-08 00:00:00,0.033208821,0.011899433,0.153865595,5.257162173,2.46083298,0,0,0,0,0
1995-11-09 00:00:00,0.032782628,0.011536445,0.14591324,5.276102636,2.425008597,0,0,0,0,0
1995-11-10 00:00:00,0.033617922,0.01346734,0.187123195,5.154985927,2.832198679,0,0,0,0,0
1995-11-11 00:00:00,0.032924669,0.012410431,0.161806884,5.231994671,2.618857164,0,0,0,0,0
1995-11-12 00:00:00,0.0324016,0.011965681,0.15213615,5.303379795,2.556982593,0,0,0,0,0
1995-11-13 00:00:00,0.031916169,0.011621467,0.144958093,5.370145116,2.519823506,0,0,0,0,0
1995-11-14 00:00:00,0.03141395,0.011266615,0.137763636,5.443553653,2.48337733,0,0,0,0,0
1995-11-15 00:00:00,0.030900544,0.010917095,0.130740353,5.524615874,2.447990691,0,0,0,0,0
1995-11-16 00:00:00,0.03030689,0.010376041,0.118788341,5.625126191,2.362487729,0,0,0,0,0
1995-11-17 00:00:00,0.030251697,0.010990298,0.135230339,5.64914287,2.552413525,0,0,0,0,0
1995-11-18 00:00:00,0.02967157,0.01025845,0.116649202,5.754345355,2.393265291,0,0,0,0,0
1995-11-19 00:00:00,0.029431016,0.010525605,0.125344745,5.810590558,2.511080405,0,0,0,0,0
1995-11-20 00:00:00,0.029338766,0.011128837,0.14289839,5.845731317,2.716728217,0,0,0,0,0
1995-11-21 00:00:00,0.028422654,0.009626887,0.103693817,6.037284989,2.345123697,0,0,0,0,0
1995-11-22 00:00:00,0.028517281,0.010706488,0.134980363,6.027836718,2.696947533,0,0,0,0,0
1995-11-23 00:00:00,0.027726862,0.009407566,0.09981603,6.213180224,2.358579238,0,0,0,0,0
1995-11-24 00:00:00,0.027364456,0.009210005,0.095134469,6.310889143,2.335405629,0,0,0,0,0
1995-11-25 00:00:00,0.027035323,0.009084496,0.092507375,6.403743559,2.333301423,0,0,0,0,0
1995-11-26 00:00:00,0.026960882,0.009231052,0.095241957,6.433125289,2.379218406,0,0,0,0,0
1995-11-27 00:00:00,0.027758171,0.01004062,0.106587761,6.230073501,2.484852946,0,0,0,0,0
1995-11-28 00:00:00,0.027890811,0.010420927,0.113279967,6.244634981,2.554047572,0,0,0,0,0
1995-11-29 00:00:00,0.027809625,0.010550244,0.115048773,6.312934144,2.578679598,0,0,0,0,0
1995-11-30 00:00:00,0.028125191,0.011156338,0.126312786,6.309854692,2.683199626,0,0,0,0,0
1995-12-01 00:00:00,0.027898139,0.010919262,0.119743473,6.331409105,2.646994182,0,0,0,0,0
1995-12-02 00:00:00,0.028150559,0.011423187,0.129026189,6.33260893,2.735517886,0,0,0,0,0
1995-12-03 00:00:00,0.027800846,0.011025945,0.119435359,6.370312882,2.675966893,0,0,0,0,0
1995-12-04 00:00:00,0.027404828,0.010681217,0.11175186,6.453442916,2.630110077,0,0,0,0,0
1995-12-05 00:00:00,0.027881595,0.011821644,0.140718891,6.444679923,2.910520444,0,0,0,0,0
1995-12-06 00:00:00,0.026769937,0.010143069,0.099577134,6.573554238,2.56964513,0,0,0,0,0
1995-12-07 00:00:00,0.026393777,0.009787167,0.091520031,6.643502629,2.522773273,0,0,0,0,0
1995-12-08 00:00:00,0.027421627,0.012150453,0.156245743,6.573354054,3.14725955,0,0,0,0,0
1995-12-09 00:00:00,0.025977508,0.009570208,0.086969262,6.745861119,2.52786408,0,0,0,0,0
1995-12-10 00:00:00,0.025643531,0.009198311,0.077254419,6.813588298,2.459838363,0,0,0,0,0
1995-12-11 00:00:00,0.025331584,0.008887401,0.069444163,6.88608844,2.409665179,0,0,0,0,0
1995-12-12 00:00:00,0.025136789,0.008751596,0.065792274,6.943573962,2.394763867,0,0,0,0,0
1995-12-13 00:00:00,0.025038454,0.008739329,0.065011674,6.985068766,2.404300269,0,0,0,0,0
1995-12-14 00:00:00,0.025055831,0.008833682,0.066229252,6.991476125,2.430539827,0,0,0,0,0
1995-12-15 00:00:00,0.02491418,0.008743214,0.063509954,7.040695236,2.422151493,0,0,0,0,0
1995-12-16 00:00:00,0.024783084,0.008679444,0.061539138,7.096901861,2.418945454,0,0,0,0,0
1995-12-17 00:00:00,0.024670039,0.008633776,0.059981849,7.150393499,2.418876894,0,0,0,0,0
1995-12-18 00:00:00,0.024561531,0.008592419,0.058472092,7.203692798,2.418610798,0,0,0,0,0
1995-12-19 00:00:00,0.024473265,0.008570558,0.057507153,7.255042609,2.422613686,0,0,0,0,0
1995-12-20 00:00:00,0.024388811,0.008546324,0.056426001,7.30772434,2.424985744,0,0,0,0,0
1995-12-21 00:00:00,0.024312577,0.008531,0.055619684,7.359672478,2.429261918,0,0,0,0,0
1995-12-22 00:00:00,0.024235102,0.008510086,0.054611288,7.412425791,2.431211247,0,0,0,0,0
1995-12-23 00:00:00,0.024175461,0.008504659,0.054052935,7.462688372,2.436623436,0,0,0,0,0
1995-12-24 00:00:00,0.024125574,0.008508434,0.053702413,7.511616084,2.443367364,0,0,0,0,0
1995-12-25 00:00:00,0.024073833,0.008505966,0.053139416,7.561126282,2.447749902,0,0,0,0,0
1995-12-26 00:00:00,0.02403005,0.008500289,0.052507877,7.60987428,2.450960715,0,0,0,0,0
1995-12-27 00:00:00,0.02401507,0.008533534,0.052902341,7.652318832,2.462692217,0,0,0,0,0
1995-12-28 00:00:00,0.023990042,0.008542585,0.052675308,7.697505889,2.468484462,0,0,0,0,0
1995-12-29 00:00:00,0.023962972,0.008544649,0.052206865,7.742912761,2.471666429,0,0,0,0,0
1995-12-30 00:00:00,0.02378159,0.008302727,0.045129863,7.819776402,2.416171885,0,0,0,0,0
1995-12-31 00:00:00,0.023980337,0.00861656,0.052893062,7.819280661,2.48999014,0,0,0,0,0
1996-01-01 00:00:00,0.023997754,0.008647406,0.053061586,7.851143467,2.497369236,0,0,0,0,0
1996-01-02 00:00:00,0.024013789,0.008681188,0.053373588,7.88609507,2.505419208,0,0,0,0,0
1996-01-03 00:00:00,0.024029525,0.008703729,0.053416278,7.921664547,2.510669179,0,0,0,0,0
1996-01-04 00:00:00,0.024051809,0.008729588,0.053495227,7.954533801,2.515746688,0,0,0,0,0
1996-01-05 00:00:00,0.02409387,0.008772141,0.05399227,7.983061163,2.523932153,0,0,0,0,0
1996-01-06 00:00:00,0.024136366,0.0088097,0.054382573,8.010575954,2.530724555,0,0,0,0,0
1996-01-07 00:00:00,0.024181992,0.008847127,0.054773438,8.037136652,2.537308937,0,0,0,0,0
1996-01-08 00:00:00,0.024246878,0.008899451,0.055368474,8.058754736,2.54467353,0,0,0,0,0
1996-01-09 00:00:00,0.024318848,0.008953013,0.056158676,8.078549765,2.553480365,0,0,0,0,0
1996-01-10 00:00:00,0.0240588,0.008496374,0.042846474,8.158775783,2.442516849,0,0,0,0,0
1996-01-11 00:00:00,0.024444961,0.009048688,0.057573737,8.129690502,2.568331515,0,0,0,0,0
1996-01-12 00:00:00,0.024563298,0.009114134,0.058218451,8.1274298,2.574070969,0,0,0,0,0
1996-01-13 00:00:00,0.024716033,0.009302182,0.063251943,8.133180636,2.619547815,0,0,0,0,0
1996-01-14 00:00:00,0.024740437,0.009215646,0.059553766,8.155465679,2.58624355,0,0,0,0,0
1996-01-15 00:00:00,0.024821931,0.009248277,0.059751356,8.169428145,2.587911336,0,0,0,0,0
1996-01-16 00:00:00,0.02527847,0.009702881,0.0694754,8.09478949,2.660547955,0,0,0,0,0
1996-01-17 00:00:00,0.02824917,0.013114737,0.141336791,7.637194571,3.157324715,0,0,0,0,0
1996-01-18 00:00:00,0.034101673,0.018542481,0.222979537,6.735214875,3.585417562,0,0,0,0,0
1996-01-19 00:00:00,0.03508531,0.019587764,0.235020535,6.824458805,3.598695304,0,0,0,0,0
1996-01-20 00:00:00,0.035115105,0.019378586,0.22783613,6.798596701,3.540255674,0,0,0,0,0
1996-01-21 00:00:00,0.03415006,0.017824074,0.197058298,6.698891213,3.364381578,0,0,0,0,0
1996-01-22 00:00:00,0.032759124,0.015715468,0.15557512,6.604175656,3.127056776,0,0,0,0,0
1996-01-23 00:00:00,0.031612741,0.013946507,0.11968195,6.54325996,2.915714592,0,0,0,0,0
1996-01-24 00:00:00,0.031027755,0.012872825,0.096644295,6.479175632,2.777671426,0,0,0,0,0
1996-01-25 00:00:00,0.030592024,0.012011597,0.077227927,6.439436993,2.655723039,0,0,0,0,0
1996-01-26 00:00:00,0.030054854,0.010894117,0.049748675,6.402094472,2.468385947,0,0,0,0,0
1996-01-27 00:00:00,0.030659815,0.011516706,0.064227265,6.335558314,2.575296307,0,0,0,0,0
1996-01-28 00:00:00,0.031076749,0.012118938,0.082530999,6.304416997,2.726887694,0,0,0,0,0
1996-01-29 00:00:00,0.030732961,0.011071821,0.051913665,6.280524964,2.489615786,0,0,0,0,0
1996-01-30 00:00:00,0.030879424,0.01108787,0.052414782,6.269987787,2.49462984,0,0,0,0,0
1996-01-31 00:00:00,0.030980711,0.01101804,0.05024446,6.268986541,2.475882094,0,0,0,0,0
1996-02-01 00:00:00,0.03109595,0.010985853,0.049120543,6.275984852,2.463540855,0,0,0,0,0
1996-02-02 00:00:00,0.031214253,0.01096632,0.048371783,6.289497057,2.452747104,0,0,0,0,0
1996-02-03 00:00:00,0.031342843,0.010979963,0.048544374,6.30741483,2.447937468,0,0,0,0,0
1996-02-04 00:00:00,0.031450741,0.010931633,0.046883196,6.3301331,2.427015478,0,0,0,0,0
1996-02-05 00:00:00,0.031890779,0.011764374,0.072871131,6.34306877,2.630298044,0,0,0,0,0
1996-02-06 00:00:00,0.031739419,0.011041414,0.049965439,6.382732341,2.43484639,0,0,0,0,0
1996-02-07 00:00:00,0.031877051,0.011093151,0.051546939,6.412833965,2.438383856,0,0,0,0,0
1996-02-08 00:00:00,0.03227264,0.011505077,0.061953054,6.414722528,2.504310768,0,0,0,0,0
1996-02-09 00:00:00,0.032408503,0.01145327,0.060104379,6.427646656,2.48175161,0,0,0,0,0
1996-02-10 00:00:00,0.03308651,0.012132405,0.075562341,6.37695905,2.579293178,0,0,0,0,0
1996-02-11 00:00:00,0.033130305,0.011866748,0.067858241,6.390953111,2.513205919,0,0,0,0,0
1996-02-12 00:00:00,0.033317628,0.011969832,0.070640092,6.424115538,2.52129454,0,0,0,0,0
1996-02-13 00:00:00,0.033514349,0.012062446,0.073036694,6.448524536,2.527295895,0,0,0,0,0
1996-02-14 00:00:00,0.033692605,0.01214174,0.075665597,6.471988193,2.53780674,0,0,0,0,0
1996-02-15 00:00:00,0.033926087,0.012269585,0.07900024,6.487492724,2.551054622,0,0,0,0,0
1996-02-16 00:00:00,0.034173874,0.01242869,0.083424336,6.500596015,2.573002592,0,0,0,0,0
1996-02-17 00:00:00,0.034345667,0.012454117,0.084360425,6.522510968,2.569269725,0,0,0,0,0
1996-02-18 00:00:00,0.034528323,0.012495646,0.085745297,6.543631595,2.568761515,0,0,0,0,0
1996-02-19 00:00:00,0.035202331,0.013121947,0.099403839,6.498022852,2.645608821,0,0,0,0,0
1996-02-20 00:00:00,0.036690621,0.014560721,0.128261263,6.303523278,2.819761172,0,0,0,0,0
1996-02-21 00:00:00,0.036830964,0.014230706,0.118200326,6.28672511,2.73631419,0,0,0,0,0
1996-02-22 00:00:00,0.037606711,0.015029427,0.134750306,6.266872083,2.821108481,0,0,0,0,0
1996-02-23 00:00:00,0.041519502,0.019366572,0.215667842,5.912390116,3.272767747,0,0,0,0,0
1996-02-24 00:00:00,0.043556973,0.020838111,0.23010271,5.734665765,3.289543237,0,0,0,0,0
1996-02-25 00:00:00,0.047640411,0.025926932,0.313936607,5.763313224,3.658331321,0,0,0,0,0
1996-02-26 00:00:00,0.049011265,0.02718712,0.332100737,5.703424483,3.724183313,0,0,0,0,0
1996-02-27 00:00:00,0.048925579,0.026114206,0.308812634,5.538937456,3.595934846,0,0,0,0,0
1996-02-28 00:00:00,0.047551464,0.023883748,0.273198393,5.475886272,3.433296191,0,0,0,0,0
1996-02-29 00:00:00,0.046967108,0.022835152,0.260695331,5.402545764,3.402011396,0,0,0,0,0
1996-03-01 00:00:00,0.045701003,0.020261569,0.209907088,5.340533461,3.123172838,0,0,0,0,0
1996-03-02 00:00:00,0.045075686,0.018552602,0.17419907,5.283735127,2.917940753,0,0,0,0,0
1996-03-03 00:00:00,0.044854445,0.01744021,0.149678829,5.237243333,2.769732368,0,0,0,0,0
1996-03-04 00:00:00,0.044574234,0.015970661,0.113171355,5.217077929,2.526885082,0,0,0,0,0
1996-03-05 00:00:00,0.045229923,0.016947796,0.141038388,5.164553653,2.721998672,0,0,0,0,0
1996-03-06 00:00:00,0.045372462,0.016490268,0.129560805,5.154525054,2.638551486,0,0,0,0,0
1996-03-07 00:00:00,0.045480796,0.015728276,0.107903569,5.167986683,2.472630468,0,0,0,0,0
1996-03-08 00:00:00,0.04591036,0.016271348,0.124221255,5.153522525,2.581747473,0,0,0,0,0
1996-03-09 00:00:00,0.04604418,0.015622282,0.105238478,5.189235458,2.427693995,0,0,0,0,0
1996-03-10 00:00:00,0.046608427,0.016265005,0.121645044,5.181980111,2.52283894,0,0,0,0,0
1996-03-11 00:00:00,0.046873003,0.015767253,0.106497144,5.196064332,2.398102651,0,0,0,0,0
1996-03-12 00:00:00,0.047151777,0.015876505,0.109895371,5.227506511,2.403622811,0,0,0,0,0
1996-03-13 00:00:00,0.047473011,0.016260045,0.121694985,5.248032919,2.472069912,0,0,0,0,0
1996-03-14 00:00:00,0.047639703,0.016005477,0.115234525,5.298431275,2.406868858,0,0,0,0,0
1996-03-15 00:00:00,0.047900517,0.016234902,0.123158355,5.324393129,2.449243317,0,0,0,0,0
1996-03-16 00:00:00,0.048054854,0.015949423,0.115991127,5.381652914,2.378288082,0,0,0,0,0
1996-03-17 00:00:00,0.04854878,0.016526339,0.131576552,5.37421942,2.470346077,0,0,0,0,0
1996-03-18 00:00:00,0.048789601,0.016395266,0.128099602,5.423152357,2.422825227,0,0,0,0,0
1996-03-19 00:00:00,0.049153656,0.017339748,0.157206615,5.41068891,2.622539861,0,0,0,0,0
1996-03-20 00:00:00,0.049443278,0.017530635,0.163244979,5.440435316,2.645977267,0,0,0,0,0
1996-03-21 00:00:00,0.04962234,0.016856823,0.143317163,5.529285301,2.471834383,0,0,0,0,0
1996-03-22 00:00:00,0.049912814,0.016904596,0.14491872,5.567910732,2.461364131,0,0,0,0,0
1996-03-23 00:00:00,0.05048545,0.017430874,0.157350846,5.560785733,2.522299152,0,0,0,0,0
1996-03-24 00:00:00,0.051907148,0.018389741,0.172555682,5.410579945,2.593240136,0,0,0,0,0
1996-03-25 00:00:00,0.053150701,0.019714499,0.19887454,5.32425655,2.731436967,0,0,0,0,0
1996-03-26 00:00:00,0.053610624,0.019989801,0.203474121,5.374220341,2.724595327,0,0,0,0,0
1996-03-27 00:00:00,0.05421944,0.020769297,0.222163382,5.364117452,2.825956059,0,0,0,0,0
1996-03-28 00:00:00,0.054580699,0.020835435,0.224065395,5.375546709,2.82153912,0,0,0,0,0
1996-03-29 00:00:00,0.054750511,0.020306045,0.211687122,5.412768543,2.724321995,0,0,0,0,0
1996-03-30 00:00:00,0.055081017,0.020443112,0.216888856,5.408781575,2.750412107,0,0,0,0,0
1996-03-31 00:00:00,0.055547993,0.020535905,0.219094869,5.390809875,2.752555559,0,0,0,0,0
1996-04-01 00:00:00,0.055616136,0.019794438,0.202166142,5.453242932,2.624517832,0,0,0,0,0
1996-04-02 00:00:00,0.055861527,0.01961644,0.199112202,5.480006987,2.590982766,0,0,0,0,0
1996-04-03 00:00:00,0.056398044,0.021245362,0.245440638,5.357419802,2.920461184,0,0,0,0,0
1996-04-04 00:00:00,0.056803296,0.019782454,0.202958623,5.456861711,2.588599577,0,0,0,0,0
1996-04-05 00:00:00,0.057370127,0.019750469,0.200042884,5.455634733,2.545393369,0,0,0,0,0
1996-04-06 00:00:00,0.058051657,0.020430261,0.215982169,5.403413235,2.636976268,0,0,0,0,0
1996-04-07 00:00:00,0.058693576,0.020918595,0.226408809,5.378764625,2.684343267,0,0,0,0,0
1996-04-08 00:00:00,0.059089057,0.021151687,0.232423107,5.397916728,2.70273087,0,0,0,0,0
1996-04-09 00:00:00,0.059446665,0.020788488,0.222404086,5.451104008,2.607450577,0,0,0,0,0
1996-04-10 00:00:00,0.059823822,0.020870844,0.225051993,5.463780743,2.608340807,0,0,0,0,0
1996-04-11 00:00:00,0.060163729,0.024132969,0.318362498,5.188731363,3.300096279,0,0,0,0,0
1996-04-12 00:00:00,0.06034027,0.020558452,0.22015,5.536992495,2.543123446,0,0,0,0,0
1996-04-13 00:00:00,0.060696241,0.020567692,0.221093431,5.556412681,2.532193662,0,0,0,0,0
1996-04-14 00:00:00,0.061248831,0.02115294,0.235101666,5.532655947,2.60668679,0,0,0,0,0
1996-04-15 00:00:00,0.063304488,0.026142147,0.351156882,5.058655693,3.396264455,0,0,0,0,0
1996-04-16 00:00:00,0.063574709,0.022851866,0.262593712,5.365694247,2.718713153,0,0,0,0,0
1996-04-17 00:00:00,0.064349445,0.023447958,0.273577398,5.335629936,2.762196366,0,0,0,0,0
1996-04-18 00:00:00,0.065278272,0.024238486,0.287846575,5.278716622,2.82702081,0,0,0,0,0
1996-04-19 00:00:00,0.067471618,0.026682523,0.329891197,5.051441304,3.05379341,0,0,0,0,0
1996-04-20 00:00:00,0.069991523,0.029085072,0.36546491,4.837605567,3.220286961,0,0,0,0,0
1996-04-21 00:00:00,0.071024271,0.03152503,0.41839584,4.719477666,3.538561206,0,0,0,0,0
1996-04-22 00:00:00,0.071834643,0.034114161,0.478681808,4.560641387,3.928308147,0,0,0,0,0
1996-04-23 00:00:00,0.070546293,0.027236622,0.328988261,4.949942351,2.952941714,0,0,0,0,0
1996-04-24 00:00:00,0.070996487,0.02863778,0.365361467,4.828440835,3.204856329,0,0,0,0,0
1996-04-25 00:00:00,0.071127952,0.029904999,0.402479327,4.699347377,3.482290819,0,0,0,0,0
1996-04-26 00:00:00,0.070975676,0.026394172,0.322502889,4.930332586,2.930632739,0,0,0,0,0
1996-04-27 00:00:00,0.071267026,0.024669048,0.281451152,5.058291927,2.628921186,0,0,0,0,0
1996-04-28 00:00:00,0.071846899,0.024665892,0.280453654,5.046930574,2.606316776,0,0,0,0,0
1996-04-29 00:00:00,0.076350416,0.035788215,0.504298912,4.245269441,4.017736607,0,0,0,0,0
1996-04-30 00:00:00,0.077619011,0.032237131,0.405589628,4.521990666,3.26496647,0,0,0,0,0
1996-05-01 00:00:00,0.079066034,0.035890054,0.476365565,4.392225237,3.663507507,0,0,0,0,0
1996-05-02 00:00:00,0.078168772,0.031836897,0.397889256,4.598604923,3.174995255,0,0,0,0,0
1996-05-03 00:00:00,0.078274157,0.03269322,0.423224534,4.518780455,3.358167077,0,0,0,0,0
1996-05-04 00:00:00,0.07815652,0.033579261,0.452209347,4.413853191,3.585205749,0,0,0,0,0
1996-05-05 00:00:00,0.077678615,0.029114725,0.358811408,4.68219688,2.965896892,0,0,0,0,0
1996-05-06 00:00:00,0.07774436,0.027148036,0.316929979,4.822417908,2.670146907,0,0,0,0,0
1996-05-07 00:00:00,0.078074724,0.026835365,0.311188674,4.840289783,2.621303853,0,0,0,0,0
1996-05-08 00:00:00,0.078835694,0.027451499,0.322546113,4.788361054,2.67737947,0,0,0,0,0
1996-05-09 00:00:00,0.082725323,0.033552857,0.425514912,4.341855123,3.268497397,0,0,0,0,0
1996-05-10 00:00:00,0.091976932,0.047979996,0.640454807,3.684491766,4.342043672,0,0,0,0,0
1996-05-11 00:00:00,0.092025485,0.044871514,0.570158184,3.931688218,3.842382004,0,0,0,0,0
1996-05-12 00:00:00,0.094800075,0.052164587,0.699377777,3.635008076,4.575204849,0,0,0,0,0
1996-05-13 00:00:00,0.089841396,0.037850544,0.459852991,4.087947504,3.26516485,0,0,0,0,0
1996-05-14 00:00:00,0.089315959,0.035490359,0.423710663,4.109887596,3.084786668,0,0,0,0,0
1996-05-15 00:00:00,0.089257927,0.033811072,0.395352963,4.138082586,2.924162655,0,0,0,0,0
1996-05-16 00:00:00,0.088987787,0.032219962,0.369855632,4.193546196,2.776051501,0,0,0,0,0
1996-05-17 00:00:00,0.089073159,0.031264175,0.354100253,4.219157306,2.679969991,0,0,0,0,0
1996-05-18 00:00:00,0.089062183,0.030343088,0.339186397,4.264838371,2.582696427,0,0,0,0,0
1996-05-19 00:00:00,0.089404489,0.029960063,0.332270004,4.279103773,2.52786959,0,0,0,0,0
1996-05-20 00:00:00,0.09025272,0.032377276,0.381145009,4.096921142,2.851823686,0,0,0,0,0
1996-05-21 00:00:00,0.090933735,0.03070466,0.342651779,4.207951824,2.558655373,0,0,0,0,0
1996-05-22 00:00:00,0.090311797,0.032792068,0.396984652,4.075785304,2.95563631,0,0,0,0,0
1996-05-23 00:00:00,0.091257076,0.033725054,0.411652938,4.010598571,3.02787323,0,0,0,0,0
1996-05-24 00:00:00,0.091661383,0.032305155,0.3807423,4.124682566,2.78579422,0,0,0,0,0
1996-05-25 00:00:00,0.091456375,0.033493516,0.410802055,4.059776514,2.994755733,0,0,0,0,0
1996-05-26 00:00:00,0.09210249,0.030972722,0.354523567,4.255662158,2.560821746,0,0,0,0,0
1996-05-27 00:00:00,0.09209763,0.032240611,0.384126617,4.185763796,2.759420244,0,0,0,0,0
1996-05-28 00:00:00,0.092745044,0.039914181,0.53614545,3.792096736,3.753794158,0,0,0,0,0
1996-05-29 00:00:00,0.093116227,0.038203701,0.499561993,3.922818392,3.472430395,0,0,0,0,0
1996-05-30 00:00:00,0.092779224,0.034875158,0.437332287,4.146016332,3.037266289,0,0,0,0,0
1996-05-31 00:00:00,0.093290784,0.033113769,0.400161077,4.250915337,2.75878411,0,0,0,0,0
1996-06-01 00:00:00,0.096134796,0.03807653,0.476321159,3.951061075,3.196835655,0,0,0,0,0
1996-06-02 00:00:00,0.099638736,0.044981309,0.579888936,3.637124723,3.766700244,0,0,0,0,0
1996-06-03 00:00:00,0.099360851,0.043552698,0.555581659,3.741803533,3.592492632,0,0,0,0,0
1996-06-04 00:00:00,0.098397898,0.038530089,0.47135976,3.947811196,3.070749646,0,0,0,0,0
1996-06-05 00:00:00,0.098995757,0.039019329,0.47907058,3.894254398,3.113619714,0,0,0,0,0
1996-06-06 00:00:00,0.106477525,0.049127717,0.605030003,3.41211207,3.739586783,0,0,0,0,0
1996-06-07 00:00:00,0.112320348,0.052599026,0.617680443,3.246412609,3.675794303,0,0,0,0,0
1996-06-08 00:00:00,0.112331981,0.050477847,0.582707774,3.277625834,3.47262136,0,0,0,0,0
1996-06-09 00:00:00,0.110743361,0.04594093,0.523787134,3.307591888,3.202734714,0,0,0,0,0
1996-06-10 00:00:00,0.109082662,0.041206673,0.459740043,3.379510198,2.885607199,0,0,0,0,0
1996-06-11 00:00:00,0.108083175,0.038114524,0.417042245,3.438802542,2.662807387,0,0,0,0,0
1996-06-12 00:00:00,0.107424175,0.036864274,0.403287642,3.459306437,2.601605922,0,0,0,0,0
1996-06-13 00:00:00,0.106785445,0.035869527,0.392814539,3.489263098,2.550704599,0,0,0,0,0
1996-06-14 00:00:00,0.106382872,0.034388757,0.370066691,3.569029512,2.393222709,0,0,0,0,0
1996-06-15 00:00:00,0.10615266,0.033640631,0.35921761,3.622270945,2.306089282,0,0,0,0,0
1996-06-16 00:00:00,0.110752666,0.043754596,0.508717369,3.160951445,3.188630585,0,0,0,0,0
1996-06-17 00:00:00,0.128349164,0.071893567,0.805542745,2.919635809,4.273411472,0,0,0,0,0
1996-06-18 00:00:00,0.132099265,0.071839325,0.770416704,2.873573685,3.997602557,0,0,0,0,0
1996-06-19 00:00:00,0.122169303,0.054525505,0.588345845,2.99911299,3.284313274,0,0,0,0,0
1996-06-20 00:00:00,0.116451061,0.043955649,0.469971059,3.117188463,2.78002448,0,0,0,0,0
1996-06-21 00:00:00,0.114485697,0.039217628,0.410991632,3.176948628,2.497362731,0,0,0,0,0
1996-06-22 00:00:00,0.113456852,0.03708562,0.384534823,3.228015923,2.355315919,0,0,0,0,0
1996-06-23 00:00:00,0.112527788,0.036164454,0.376172171,3.278048462,2.303064385,0,0,0,0,0
1996-06-24 00:00:00,0.110871768,0.035353887,0.373466608,3.366018663,2.281752401,0,0,0,0,0
1996-06-25 00:00:00,0.108724804,0.034308063,0.369273552,3.49264183,2.248009273,0,0,0,0,0
1996-06-26 00:00:00,0.106252825,0.033320682,0.367809399,3.643694663,2.229796583,0,0,0,0,0
1996-06-27 00:00:00,0.103397039,0.032293715,0.367725006,3.830267787,2.218600758,0,0,0,0,0
1996-06-28 00:00:00,0.100138267,0.031194782,0.368637197,4.061713172,2.212009256,0,0,0,0,0
1996-06-29 00:00:00,0.111339414,0.034411019,0.36098198,3.304231641,2.185153157,0,0,0,0,0
1996-06-30 00:00:00,0.110028562,0.034158424,0.365224313,3.361058053,2.205259456,0,0,0,0,0
1996-07-01 00:00:00,0.10826682,0.033561289,0.365854427,3.454611539,2.200379813,0,0,0,0,0
1996-07-02 00:00:00,0.107068621,0.033353777,0.370116545,3.50644726,2.222182654,0,0,0,0,0
1996-07-03 00:00:00,0.105340524,0.032747994,0.370355796,3.602557003,2.215978614,0,0,0,0,0
1996-07-04 00:00:00,0.103655708,0.032202158,0.371322049,3.696478652,2.215818756,0,0,0,0,0
1996-07-05 00:00:00,0.101991486,0.031654623,0.372175006,3.790526379,2.216298866,0,0,0,0,0
1996-07-06 00:00:00,0.100606697,0.031083101,0.37064734,3.879657585,2.196290714,0,0,0,0,0
1996-07-07 00:00:00,0.099239755,0.03071189,0.372849281,3.949176242,2.21032516,0,0,0,0,0
1996-07-08 00:00:00,0.097734716,0.030130629,0.371735417,4.05179361,2.192636473,0,0,0,0,0
1996-07-09 00:00:00,0.096264266,0.029683687,0.372883401,4.142351319,2.195620496,0,0,0,0,0
1996-07-10 00:00:00,0.094706925,0.029331683,0.376498075,4.225369513,2.223675252,0,0,0,0,0
1996-07-11 00:00:00,0.093358331,0.028824989,0.375607901,4.322582384,2.208641764,0,0,0,0,0
1996-07-12 00:00:00,0.093000686,0.029082135,0.382801418,4.293279581,2.265512466,0,0,0,0,0
1996-07-13 00:00:00,0.091709301,0.028666729,0.383243126,4.377194657,2.264590626,0,0,0,0,0
1996-07-14 00:00:00,0.090338628,0.028269421,0.384429509,4.467999817,2.269817671,0,0,0,0,0
1996-07-15 00:00:00,0.08893302,0.027839633,0.385190925,4.565069874,2.272556988,0,0,0,0,0
1996-07-16 00:00:00,0.087548885,0.027511679,0.387738729,4.646724362,2.295784811,0,0,0,0,0
1996-07-17 00:00:00,0.087867182,0.031835344,0.463272591,4.293855303,2.9125213,0,0,0,0,0
1996-07-18 00:00:00,0.098969353,0.043265748,0.574233387,3.555803272,3.452912075,0,0,0,0,0
1996-07-19 00:00:00,0.098330511,0.044102073,0.584442259,3.716864479,3.442455634,0,0,0,0,0
1996-07-20 00:00:00,0.095390595,0.039866261,0.537346593,3.844745118,3.196339268,0,0,0,0,0
1996-07-21 00:00:00,0.092796138,0.035587828,0.486684707,3.958236624,2.920804423,0,0,0,0,0
1996-07-22 00:00:00,0.091163303,0.033114965,0.456985219,4.034375703,2.75232726,0,0,0,0,0
1996-07-23 00:00:00,0.089639343,0.031334574,0.436748151,4.119531766,2.63309835,0,0,0,0,0
1996-07-24 00:00:00,0.088303039,0.030073648,0.423468543,4.18849934,2.557766441,0,0,0,0,0
1996-07-25 00:00:00,0.087050826,0.028912333,0.410720298,4.267743592,2.476103962,0,0,0,0,0
1996-07-26 00:00:00,0.085917252,0.027916285,0.399538988,4.349174158,2.396829467,0,0,0,0,0
1996-07-27 00:00:00,0.084995621,0.027291947,0.393422375,4.398969011,2.356553289,0,0,0,0,0
1996-07-28 00:00:00,0.083780248,0.028424368,0.421736177,4.279766266,2.651677957,0,0,0,0,0
1996-07-29 00:00:00,0.082889162,0.028470464,0.426928299,4.299820934,2.700047074,0,0,0,0,0
1996-07-30 00:00:00,0.081660759,0.02745521,0.414730205,4.448448474,2.582702665,0,0,0,0,0
1996-07-31 00:00:00,0.080358087,0.026837525,0.410696168,4.536672141,2.559099583,0,0,0,0,0
1996-08-01 00:00:00,0.078584195,0.027522662,0.434548457,4.476965737,2.833585392,0,0,0,0,0
1996-08-02 00:00:00,0.077103498,0.027102088,0.435664201,4.532096983,2.87866815,0,0,0,0,0
1996-08-03 00:00:00,0.076872731,0.024572018,0.387270503,4.871849132,2.355934171,0,0,0,0,0
1996-08-04 00:00:00,0.076227877,0.024539822,0.389448706,4.866852875,2.387696771,0,0,0,0,0
1996-08-05 00:00:00,0.077480418,0.02737209,0.430523246,4.536221386,2.742265531,0,0,0,0,0
1996-08-06 00:00:00,0.080892029,0.032946878,0.499350418,4.157879064,3.200432702,0,0,0,0,0
1996-08-07 00:00:00,0.080929514,0.035357647,0.53474376,4.170740937,3.421971338,0,0,0,0,0
1996-08-08 00:00:00,0.08042257,0.037194156,0.568063648,4.091590763,3.708900731,0,0,0,0,0
1996-08-09 00:00:00,0.077096755,0.03023107,0.470898457,4.463822392,2.998131414,0,0,0,0,0
1996-08-10 00:00:00,0.075124676,0.027702334,0.439963217,4.596583855,2.803778144,0,0,0,0,0
1996-08-11 00:00:00,0.073479177,0.026588992,0.430804693,4.656992459,2.785839255,0,0,0,0,0
1996-08-12 00:00:00,0.071908102,0.025097543,0.413344538,4.775653691,2.675512357,0,0,0,0,0
1996-08-13 00:00:00,0.069978852,0.026292101,0.448586415,4.622733557,3.1176489,0,0,0,0,0
1996-08-14 00:00:00,0.068558419,0.025049485,0.43382974,4.733539728,3.027637824,0,0,0,0,0
1996-08-15 00:00:00,0.067243956,0.023992406,0.421330555,4.845909559,2.947686797,0,0,0,0,0
1996-08-16 00:00:00,0.065956254,0.02321134,0.413485098,4.941513172,2.910094807,0,0,0,0,0
1996-08-17 00:00:00,0.065066445,0.021974178,0.393308418,5.135584157,2.701522814,0,0,0,0,0
1996-08-18 00:00:00,0.064858448,0.020519013,0.36303009,5.418205176,2.317296474,0,0,0,0,0
1996-08-19 00:00:00,0.064318705,0.020818466,0.370266742,5.369059871,2.40928004,0,0,0,0,0
1996-08-20 00:00:00,0.064259877,0.02112352,0.374392666,5.251141073,2.476881262,0,0,0,0,0
1996-08-21 00:00:00,0.063140803,0.020337652,0.364435661,5.388607864,2.390720369,0,0,0,0,0
1996-08-22 00:00:00,0.060986438,0.021706844,0.405630059,5.165847081,2.967111475,0,0,0,0,0
1996-08-23 00:00:00,0.060769087,0.019749507,0.364674293,5.556334281,2.44483343,0,0,0,0,0
1996-08-24 00:00:00,0.059579986,0.019333718,0.36240651,5.661003167,2.447608614,0,0,0,0,0
1996-08-25 00:00:00,0.057346019,0.020435277,0.399592546,5.428377135,3.021322939,0,0,0,0,0
1996-08-26 00:00:00,0.05662045,0.019323266,0.37934548,5.679153297,2.777606029,0,0,0,0,0
1996-08-27 00:00:00,0.05616896,0.018218991,0.356801199,5.968909226,2.471815832,0,0,0,0,0
1996-08-28 00:00:00,0.054060071,0.019065822,0.388323674,5.747905188,3.000140011,0,0,0,0,0
1996-08-29 00:00:00,0.053905653,0.017639701,0.356237856,6.156287017,2.536038801,0,0,0,0,0
1996-08-30 00:00:00,0.051685107,0.018518185,0.389738678,5.898096012,3.120342288,0,0,0,0,0
1996-08-31 00:00:00,0.050541716,0.018192553,0.388991865,5.995699294,3.159244256,0,0,0,0,0
1996-09-01 00:00:00,0.050345137,0.016958138,0.3607626,6.416614439,2.729253967,0,0,0,0,0
1996-09-02 00:00:00,0.049111136,0.016853168,0.365389231,6.473077516,2.846379963,0,0,0,0,0
1996-09-03 00:00:00,0.047847171,0.01680762,0.371558459,6.51067439,2.992691319,0,0,0,0,0
1996-09-04 00:00:00,0.046174198,0.017299357,0.393161879,6.353798977,3.404608437,0,0,0,0,0
1996-09-05 00:00:00,0.045138693,0.016951179,0.391025587,6.485422293,3.424641686,0,0,0,0,0
1996-09-06 00:00:00,0.044142001,0.016713893,0.391090282,6.593671829,3.472883551,0,0,0,0,0
1996-09-07 00:00:00,0.043226961,0.016640206,0.394036825,6.666427515,3.55501817,0,0,0,0,0
1996-09-08 00:00:00,0.042568462,0.016152728,0.385649944,6.850057831,3.46369183,0,0,0,0,0
1996-09-09 00:00:00,0.04329776,0.014820283,0.345840391,7.461810222,2.749930384,0,0,0,0,0
1996-09-10 00:00:00,0.041178775,0.016468208,0.398559753,6.813248352,3.723219292,0,0,0,0,0
1996-09-11 00:00:00,0.040262622,0.015992033,0.392645226,6.986840531,3.697488428,0,0,0,0,0
1996-09-12 00:00:00,0.039401906,0.015528456,0.386542422,7.171500267,3.662694784,0,0,0,0,0
1996-09-13 00:00:00,0.038652822,0.015541186,0.390306416,7.221327266,3.759188441,0,0,0,0,0
1996-09-14 00:00:00,0.037862775,0.014975086,0.381150577,7.444698166,3.678407645,0,0,0,0,0
1996-09-15 00:00:00,0.037232819,0.015186852,0.388569913,7.42812548,3.823741647,0,0,0,0,0
1996-09-16 00:00:00,0.036561366,0.015047766,0.388310349,7.51585498,3.866208183,0,0,0,0,0
1996-09-17 00:00:00,0.035953551,0.015210055,0.394605425,7.514791393,3.99830858,0,0,0,0,0
1996-09-18 00:00:00,0.035395322,0.015584837,0.405517158,7.456087353,4.19280245,0,0,0,0,0
1996-09-19 00:00:00,0.035926193,0.012084772,0.312524648,9.155331419,2.592947726,0,0,0,0,0
1996-09-20 00:00:00,0.034477608,0.015122701,0.39662138,7.815465546,4.090440888,0,0,0,0,0
1996-09-21 00:00:00,0.034219629,0.015848496,0.413656072,7.514172855,4.389330762,0,0,0,0,0
1996-09-22 00:00:00,0.034377222,0.011919759,0.312270084,9.328618214,2.711116199,0,0,0,0,0
1996-09-23 00:00:00,0.032440515,0.014707935,0.397256071,8.05890386,4.291341052,0,0,0,0,0
1996-09-24 00:00:00,0.03351318,0.011754796,0.308925939,9.560756031,2.705987615,0,0,0,0,0
1996-09-25 00:00:00,0.033217876,0.012154291,0.317590762,9.516334045,2.847853599,0,0,0,0,0
1996-09-26 00:00:00,0.037164638,0.020575055,0.479085827,6.404233952,5.000445388,0,0,0,0,0
1996-09-27 00:00:00,0.036112792,0.016858096,0.399778679,6.856156069,4.124537107,0,0,0,0,0
1996-09-28 00:00:00,0.035438203,0.016406364,0.391956748,7.08927142,4.047768698,0,0,0,0,0
1996-09-29 00:00:00,0.034912323,0.016541097,0.3972687,7.130189168,4.157653873,0,0,0,0,0
1996-09-30 00:00:00,0.034255115,0.013352537,0.319769167,8.210423173,3.053977815,0,0,0,0,0
1996-10-01 00:00:00,0.035099014,0.018663825,0.438864084,6.975960341,4.636645526,0,0,0,0,0
1996-10-02 00:00:00,0.034777405,0.018777942,0.441584207,7.063939471,4.684365329,0,0,0,0,0
1996-10-03 00:00:00,0.034258798,0.018481592,0.437026132,7.148050169,4.677396674,0,0,0,0,0
1996-10-04 00:00:00,0.032205915,0.012241249,0.296952263,8.87424278,2.867358264,0,0,0,0,0
1996-10-05 00:00:00,0.031714801,0.01201964,0.292952919,8.946143895,2.867190724,0,0,0,0,0
1996-10-06 00:00:00,0.033195573,0.018244349,0.434618606,7.163164737,4.790097571,0,0,0,0,0
1996-10-07 00:00:00,0.031956633,0.012352327,0.291764618,8.555749558,2.92090209,0,0,0,0,0
1996-10-08 00:00:00,0.032563293,0.016730053,0.397390184,7.317357284,4.402233346,0,0,0,0,0
1996-10-09 00:00:00,0.031754826,0.015919388,0.382510226,7.559570172,4.277343548,0,0,0,0,0
1996-10-10 00:00:00,0.030701604,0.012860129,0.308742179,8.509080273,3.307080557,0,0,0,0,0
1996-10-11 00:00:00,0.030313945,0.012861717,0.309807323,8.527789703,3.371505675,0,0,0,0,0
1996-10-12 00:00:00,0.029819627,0.012685652,0.307428024,8.614627374,3.394559409,0,0,0,0,0
1996-10-13 00:00:00,0.028950343,0.010855395,0.2632551,9.263780134,2.830157226,0,0,0,0,0
1996-10-14 00:00:00,0.028628256,0.01186391,0.292030229,8.973837667,3.301145832,0,0,0,0,0
1996-10-15 00:00:00,0.028038379,0.010406723,0.253964911,9.510817835,2.799189359,0,0,0,0,0
1996-10-16 00:00:00,0.029140891,0.012945535,0.304810545,9.010468596,3.3786047,0,0,0,0,0
1996-10-17 00:00:00,0.035285331,0.021955971,0.468707217,6.393937869,5.149734546,0,0,0,0,0
1996-10-18 00:00:00,0.033142373,0.018576704,0.404180001,6.875995388,4.552096953,0,0,0,0,0
1996-10-19 00:00:00,0.030321499,0.012975557,0.280803526,8.188650823,3.14375141,0,0,0,0,0
1996-10-20 00:00:00,0.029720093,0.012583361,0.273834685,8.345124662,3.109142356,0,0,0,0,0
1996-10-21 00:00:00,0.029803995,0.012843229,0.276204496,8.236609004,3.160090437,0,0,0,0,0
1996-10-22 00:00:00,0.031661346,0.015246101,0.313505667,7.629817346,3.518726564,0,0,0,0,0
1996-10-23 00:00:00,0.035812235,0.020782066,0.408863541,6.238604105,4.483465329,0,0,0,0,0
1996-10-24 00:00:00,0.034759771,0.019788092,0.392713612,6.469569233,4.36943586,0,0,0,0,0
1996-10-25 00:00:00,0.031426509,0.014234509,0.279100521,7.377572325,3.239150205,0,0,0,0,0
1996-10-26 00:00:00,0.033385053,0.018984318,0.384021838,6.706773371,4.39094675,0,0,0,0,0
1996-10-27 00:00:00,0.030185374,0.01314304,0.258730955,7.576226636,3.124431767,0,0,0,0,0
1996-10-28 00:00:00,0.030265385,0.013326643,0.259728881,7.456585276,3.166800799,0,0,0,0,0
1996-10-29 00:00:00,0.043039697,0.029548247,0.517909454,5.261152728,5.24528276,0,0,0,0,0
1996-10-30 00:00:00,0.047734712,0.034961882,0.578867695,5.166642404,5.494210059,0,0,0,0,0
1996-10-31 00:00:00,0.047804952,0.035547674,0.588987767,5.294256769,5.573632644,0,0,0,0,0
1996-11-01 00:00:00,0.043209861,0.029713014,0.503887755,5.512589232,5.045766971,0,0,0,0,0
1996-11-02 00:00:00,0.038859824,0.023950948,0.413877057,5.729836722,4.451327099,0,0,0,0,0
1996-11-03 00:00:00,0.035250965,0.01897998,0.329256576,5.992725348,3.838353012,0,0,0,0,0
1996-11-04 00:00:00,0.033254616,0.016232317,0.279429252,6.156385819,3.470275183,0,0,0,0,0
1996-11-05 00:00:00,0.032042145,0.014588889,0.2478515,6.251608733,3.240129761,0,0,0,0,0
1996-11-06 00:00:00,0.032427793,0.015608949,0.270450438,6.08837787,3.506418015,0,0,0,0,0
1996-11-07 00:00:00,0.031594179,0.014609064,0.250961127,6.169185617,3.373991611,0,0,0,0,0
1996-11-08 00:00:00,0.030806911,0.013714763,0.233268591,6.262985368,3.2535649,0,0,0,0,0
1996-11-09 00:00:00,0.030116458,0.012935115,0.217196842,6.345561326,3.144155672,0,0,0,0,0
1996-11-10 00:00:00,0.029556216,0.01235765,0.204970052,6.417485754,3.066434367,0,0,0,0,0
1996-11-11 00:00:00,0.029111962,0.011998022,0.197397471,6.478058002,3.031059556,0,0,0,0,0
1996-11-12 00:00:00,0.028656383,0.011628311,0.189602983,6.551014116,2.991615824,0,0,0,0,0
1996-11-13 00:00:00,0.02820634,0.011272697,0.181940791,6.63147802,2.951532424,0,0,0,0,0
1996-11-14 00:00:00,0.027781465,0.010958909,0.175117069,6.713101975,2.918329028,0,0,0,0,0
1996-11-15 00:00:00,0.026940959,0.009321367,0.129835095,6.995895397,2.444120365,0,0,0,0,0
1996-11-16 00:00:00,0.027844811,0.01176482,0.193429012,6.686676276,3.151737414,0,0,0,0,0
1996-11-17 00:00:00,0.028024684,0.012133803,0.198822576,6.66063984,3.210131826,0,0,0,0,0
1996-11-18 00:00:00,0.027722869,0.012017871,0.196162231,6.76284581,3.203485276,0,0,0,0,0
1996-11-19 00:00:00,0.026533258,0.009777613,0.135842424,7.118930412,2.586418877,0,0,0,0,0
1996-11-20 00:00:00,0.027794592,0.012784975,0.212980478,6.831249722,3.394645067,0,0,0,0,0
1996-11-21 00:00:00,0.027729181,0.012633821,0.205133983,6.875366301,3.316496299,0,0,0,0,0
1996-11-22 00:00:00,0.026272344,0.010083634,0.13919788,7.234206146,2.672475598,0,0,0,0,0
1996-11-23 00:00:00,0.028184533,0.014010925,0.237059651,6.874664406,3.650602796,0,0,0,0,0
1996-11-24 00:00:00,0.026984414,0.01204876,0.187826304,7.121776819,3.195046471,0,0,0,0,0
1996-11-25 00:00:00,0.027443029,0.013357626,0.222666066,7.043677598,3.567761726,0,0,0,0,0
1996-11-26 00:00:00,0.027054749,0.013033183,0.216101955,7.126986943,3.537161924,0,0,0,0,0
1996-11-27 00:00:00,0.02646133,0.012369663,0.201461771,7.247047252,3.432875929,0,0,0,0,0
1996-11-28 00:00:00,0.024867588,0.009374129,0.119653705,7.643852948,2.624631875,0,0,0,0,0
1996-11-29 00:00:00,0.026823971,0.012174057,0.178141961,7.294548867,3.140387255,0,0,0,0,0
1996-11-30 00:00:00,0.030236564,0.017234718,0.29062941,6.674602663,4.154659107,0,0,0,0,0
1996-12-01 00:00:00,0.031172584,0.018578967,0.311835249,6.785687651,4.269371935,0,0,0,0,0
1996-12-02 00:00:00,0.031447902,0.019079505,0.319882333,6.863247742,4.323192763,0,0,0,0,0
1996-12-03 00:00:00,0.027587518,0.013056864,0.180957067,7.269901387,3.151220529,0,0,0,0,0
1996-12-04 00:00:00,0.026722613,0.011958728,0.157263797,7.373674063,2.980874822,0,0,0,0,0
1996-12-05 00:00:00,0.027892428,0.014069198,0.208412888,7.250952642,3.454444601,0,0,0,0,0
1996-12-06 00:00:00,0.027136734,0.013070407,0.187062142,7.298934821,3.310952698,0,0,0,0,0
1996-12-07 00:00:00,0.027989119,0.014916594,0.23783239,7.171596088,3.817624539,0,0,0,0,0
1996-12-08 00:00:00,0.02713149,0.013821439,0.214847811,7.251195862,3.66282732,0,0,0,0,0
1996-12-09 00:00:00,0.025303275,0.010759284,0.135683668,7.495816941,2.964025713,0,0,0,0,0
1996-12-10 00:00:00,0.024985791,0.010385494,0.126709373,7.535024111,2.91111312,0,0,0,0,0
1996-12-11 00:00:00,0.026354692,0.01300525,0.197705922,7.31116094,3.599336254,0,0,0,0,0
1996-12-12 00:00:00,0.02596179,0.012330362,0.179679578,7.317575007,3.461819848,0,0,0,0,0
1996-12-13 00:00:00,0.02443139,0.009280337,0.091064984,7.550840235,2.628324169,0,0,0,0,0
1996-12-14 00:00:00,0.028258602,0.01566704,0.253920268,7.074618268,4.083283496,0,0,0,0,0
1996-12-15 00:00:00,0.027039759,0.012048016,0.140706926,6.947878154,3.034170842,0,0,0,0,0
1996-12-16 00:00:00,0.026878347,0.011891577,0.134578319,7.061009238,2.974318864,0,0,0,0,0
1996-12-17 00:00:00,0.029487845,0.016222412,0.239497657,6.974040385,3.845008434,0,0,0,0,0
1996-12-18 00:00:00,0.028059774,0.013902726,0.181395351,7.063854326,3.373771409,0,0,0,0,0
1996-12-19 00:00:00,0.027685698,0.013365867,0.168649959,7.081444224,3.288802375,0,0,0,0,0
1996-12-20 00:00:00,0.026193711,0.01096496,0.108777493,7.16086303,2.811205342,0,0,0,0,0
1996-12-21 00:00:00,0.025862079,0.010541574,0.099062587,7.191064611,2.752964528,0,0,0,0,0
1996-12-22 00:00:00,0.025566909,0.01013142,0.089010492,7.212528408,2.689324201,0,0,0,0,0
1996-12-23 00:00:00,0.025560448,0.009984556,0.083504567,7.162173822,2.658270575,0,0,0,0,0
1996-12-24 00:00:00,0.025522792,0.00993649,0.081571302,7.171846088,2.654771749,0,0,0,0,0
1996-12-25 00:00:00,0.025024606,0.009241839,0.06395791,7.253778882,2.520558581,0,0,0,0,0
1996-12-26 00:00:00,0.025184074,0.009520596,0.070641799,7.254966414,2.588151199,0,0,0,0,0
1996-12-27 00:00:00,0.025370674,0.009948591,0.083109335,7.259805596,2.713537222,0,0,0,0,0
1996-12-28 00:00:00,0.025096137,0.00941551,0.06688536,7.298342883,2.578366328,0,0,0,0,0
1996-12-29 00:00:00,0.025309013,0.009907662,0.081538518,7.305771721,2.722528691,0,0,0,0,0
1996-12-30 00:00:00,0.024950221,0.009231153,0.061318133,7.362145967,2.551163306,0,0,0,0,0
1996-12-31 00:00:00,0.024892491,0.009160874,0.05915871,7.397385551,2.541885226,0,0,0,0,0
1997-01-01 00:00:00,0.024838934,0.009102256,0.057341847,7.434292908,2.534924034,0,0,0,0,0
1997-01-02 00:00:00,0.026006847,0.010640312,0.092685617,7.305447209,2.813424548,0,0,0,0,0
1997-01-03 00:00:00,0.026724579,0.011258216,0.102419589,7.141463755,2.884649908,0,0,0,0,0
1997-01-04 00:00:00,0.029780906,0.014457463,0.159039336,6.754186883,3.243904467,0,0,0,0,0
1997-01-05 00:00:00,0.031615279,0.016605338,0.191966552,6.828282583,3.388813186,0,0,0,0,0
1997-01-06 00:00:00,0.03234069,0.017496868,0.206447014,6.888847921,3.460779552,0,0,0,0,0
1997-01-07 00:00:00,0.031895251,0.016811824,0.192486212,6.873117902,3.377180731,0,0,0,0,0
1997-01-08 00:00:00,0.030791474,0.015253321,0.162087611,6.833351463,3.199117029,0,0,0,0,0
1997-01-09 00:00:00,0.029511742,0.013444557,0.12568597,6.802933791,2.978946094,0,0,0,0,0
1997-01-10 00:00:00,0.029679452,0.013829269,0.139677119,6.79889222,3.113059368,0,0,0,0,0
1997-01-11 00:00:00,0.028353568,0.011719318,0.090168679,6.777297443,2.76930746,0,0,0,0,0
1997-01-12 00:00:00,0.028346589,0.011754367,0.094051914,6.771682288,2.822381165,0,0,0,0,0
1997-01-13 00:00:00,0.027745435,0.010654223,0.065767457,6.767924078,2.615310696,0,0,0,0,0
1997-01-14 00:00:00,0.027674516,0.01052021,0.063732432,6.771408675,2.614453745,0,0,0,0,0
1997-01-15 00:00:00,0.027581894,0.010262044,0.056943565,6.777044984,2.567854886,0,0,0,0,0
1997-01-16 00:00:00,0.027517265,0.009988597,0.048597305,6.779922878,2.503041782,0,0,0,0,0
1997-01-17 00:00:00,0.027645908,0.010162532,0.054130474,6.790052704,2.554640772,0,0,0,0,0
1997-01-18 00:00:00,0.027549962,0.009832239,0.044075084,6.810766035,2.472342027,0,0,0,0,0
1997-01-19 00:00:00,0.027701231,0.01005641,0.050982831,6.828976993,2.532577811,0,0,0,0,0
1997-01-20 00:00:00,0.027642832,0.009799452,0.042909958,6.859187894,2.463465401,0,0,0,0,0
1997-01-21 00:00:00,0.028846072,0.011385997,0.080980525,6.78162518,2.739301031,0,0,0,0,0
1997-01-22 00:00:00,0.029951521,0.012259071,0.094675592,6.579011335,2.820630697,0,0,0,0,0
1997-01-23 00:00:00,0.029560551,0.011627494,0.078489342,6.670635238,2.690419925,0,0,0,0,0
1997-01-24 00:00:00,0.029740506,0.011782566,0.080996515,6.715811806,2.694976021,0,0,0,0,0
1997-01-25 00:00:00,0.03000623,0.01202549,0.086168555,6.725462299,2.725417523,0,0,0,0,0
1997-01-26 00:00:00,0.029993807,0.011858395,0.081999459,6.739307345,2.693495896,0,0,0,0,0
1997-01-27 00:00:00,0.030052523,0.011798661,0.080666324,6.746004861,2.683287742,0,0,0,0,0
1997-01-28 00:00:00,0.030213272,0.011986029,0.086895656,6.758923387,2.733244725,0,0,0,0,0
1997-01-29 00:00:00,0.030138102,0.011747221,0.081595557,6.77907411,2.695616401,0,0,0,0,0
1997-01-30 00:00:00,0.029952724,0.011262012,0.068959168,6.804547443,2.599042155,0,0,0,0,0
1997-01-31 00:00:00,0.030287481,0.01155744,0.07594566,6.788962809,2.645156699,0,0,0,0,0
1997-02-01 00:00:00,0.030219303,0.011221513,0.067158775,6.793810524,2.579221128,0,0,0,0,0
1997-02-02 00:00:00,0.030241086,0.011099069,0.064363559,6.820714961,2.554710685,0,0,0,0,0
1997-02-03 00:00:00,0.029863182,0.010268318,0.04200461,6.884222481,2.379893946,0,0,0,0,0
1997-02-04 00:00:00,0.030599023,0.011263489,0.067997462,6.846890844,2.566482001,0,0,0,0,0
1997-02-05 00:00:00,0.030865151,0.011357716,0.069359024,6.81950849,2.569928098,0,0,0,0,0
1997-02-06 00:00:00,0.031047102,0.011490409,0.073303035,6.838102204,2.593692175,0,0,0,0,0
1997-02-07 00:00:00,0.03110816,0.011346171,0.069034264,6.862784768,2.552263714,0,0,0,0,0
1997-02-08 00:00:00,0.031347736,0.011564768,0.075488492,6.873310716,2.595018711,0,0,0,0,0
1997-02-09 00:00:00,0.031423327,0.011424253,0.071274421,6.898769846,2.553064688,0,0,0,0,0
1997-02-10 00:00:00,0.031546814,0.011403699,0.070867001,6.921721716,2.541741638,0,0,0,0,0
1997-02-11 00:00:00,0.031619975,0.011316801,0.069003562,6.952641592,2.520522498,0,0,0,0,0
1997-02-12 00:00:00,0.031907583,0.011528448,0.074342164,6.957043475,2.549102016,0,0,0,0,0
1997-02-13 00:00:00,0.032128538,0.011705858,0.079884444,6.96961314,2.583984101,0,0,0,0,0
1997-02-14 00:00:00,0.032258844,0.011612262,0.076757915,6.99514964,2.547026652,0,0,0,0,0
1997-02-15 00:00:00,0.032308368,0.01146014,0.073099533,7.03353904,2.510624901,0,0,0,0,0
1997-02-16 00:00:00,0.032663291,0.011763749,0.080904439,7.031622046,2.555388387,0,0,0,0,0
1997-02-17 00:00:00,0.033091367,0.01221223,0.092588604,7.023284338,2.62790422,0,0,0,0,0
1997-02-18 00:00:00,0.036339896,0.015974133,0.171434546,6.609389447,3.120401356,0,0,0,0,0
1997-02-19 00:00:00,0.036250451,0.015058313,0.146094488,6.531825884,2.939753724,0,0,0,0,0
1997-02-20 00:00:00,0.040317364,0.020025715,0.242208306,6.289675822,3.471894485,0,0,0,0,0
1997-02-21 00:00:00,0.047453386,0.027728624,0.359665887,5.939057365,3.985895371,0,0,0,0,0
1997-02-22 00:00:00,0.047800789,0.027436519,0.342784132,5.933458138,3.829472645,0,0,0,0,0
1997-02-23 00:00:00,0.047442821,0.026621642,0.32964404,5.882997618,3.76264446,0,0,0,0,0
1997-02-24 00:00:00,0.045148391,0.022988739,0.264572976,5.811359527,3.428168824,0,0,0,0,0
1997-02-25 00:00:00,0.043262439,0.019893595,0.207814338,5.763166237,3.130169323,0,0,0,0,0
1997-02-26 00:00:00,0.042938589,0.018845349,0.187549049,5.684925317,3.021114135,0,0,0,0,0
1997-02-27 00:00:00,0.042564957,0.017769119,0.166035812,5.643242549,2.897409448,0,0,0,0,0
1997-02-28 00:00:00,0.043584166,0.018710749,0.184807234,5.560372038,3.001506257,0,0,0,0,0
1997-03-01 00:00:00,0.045776383,0.020407501,0.207867048,5.338293103,3.097894858,0,0,0,0,0
1997-03-02 00:00:00,0.048758992,0.024252293,0.27206905,5.399520071,3.371911859,0,0,0,0,0
1997-03-03 00:00:00,0.049742684,0.025250067,0.288403319,5.402314487,3.432772139,0,0,0,0,0
1997-03-04 00:00:00,0.05064476,0.026490672,0.318524757,5.358803929,3.615360597,0,0,0,0,0
1997-03-05 00:00:00,0.048904485,0.023531068,0.265422126,5.343706074,3.338066467,0,0,0,0,0
1997-03-06 00:00:00,0.048531047,0.022986659,0.264251591,5.308140874,3.370031146,0,0,0,0,0
1997-03-07 00:00:00,0.046267742,0.018500971,0.168914432,5.349301523,2.801719714,0,0,0,0,0
1997-03-08 00:00:00,0.04616116,0.017821315,0.155795386,5.341259962,2.72204785,0,0,0,0,0
1997-03-09 00:00:00,0.048921805,0.020469818,0.200851891,5.093074834,2.958017325,0,0,0,0,0
1997-03-10 00:00:00,0.049003059,0.020016666,0.189706973,5.116588212,2.869430355,0,0,0,0,0
1997-03-11 00:00:00,0.050488203,0.022358534,0.242262858,5.079282559,3.175318609,0,0,0,0,0
1997-03-12 00:00:00,0.049618378,0.019901181,0.186326318,5.117237815,2.818587739,0,0,0,0,0
1997-03-13 00:00:00,0.051470887,0.023405168,0.27030121,5.032664442,3.342271245,0,0,0,0,0
1997-03-14 00:00:00,0.051515445,0.023035537,0.265131042,5.011647213,3.315718978,0,0,0,0,0
1997-03-15 00:00:00,0.050065173,0.01929063,0.179861798,5.098042508,2.775924844,0,0,0,0,0
1997-03-16 00:00:00,0.050437134,0.019875493,0.19863327,5.074323789,2.904470893,0,0,0,0,0
1997-03-17 00:00:00,0.052316742,0.022521786,0.256540703,4.923600373,3.254146177,0,0,0,0,0
1997-03-18 00:00:00,0.052329438,0.021315694,0.225598742,4.931315445,3.038898795,0,0,0,0,0
1997-03-19 00:00:00,0.052294018,0.019792222,0.185645948,4.960010392,2.757808415,0,0,0,0,0
1997-03-20 00:00:00,0.053055236,0.020294751,0.194442759,4.931925564,2.789711,0,0,0,0,0
1997-03-21 00:00:00,0.053817104,0.021756767,0.231433639,4.910087248,3.015494607,0,0,0,0,0
1997-03-22 00:00:00,0.053472961,0.020043632,0.190712231,4.987136951,2.736432352,0,0,0,0,0
1997-03-23 00:00:00,0.053464054,0.0190835,0.167360296,5.041562961,2.566044657,0,0,0,0,0
1997-03-24 00:00:00,0.054910129,0.021276932,0.216330271,4.938599807,2.857856828,0,0,0,0,0
1997-03-25 00:00:00,0.056988243,0.02347033,0.254620978,4.803478021,3.046630346,0,0,0,0,0
1997-03-26 00:00:00,0.057328283,0.023479137,0.253344639,4.8481127,3.00837435,0,0,0,0,0
1997-03-27 00:00:00,0.057249353,0.022313974,0.226581457,4.895681644,2.824561245,0,0,0,0,0
1997-03-28 00:00:00,0.058368484,0.023702999,0.256244997,4.819691794,2.992560451,0,0,0,0,0
1997-03-29 00:00:00,0.058995693,0.024806311,0.284617961,4.779535911,3.16772137,0,0,0,0,0
1997-03-30 00:00:00,0.059586847,0.02574862,0.309704375,4.723662257,3.32855132,0,0,0,0,0
1997-03-31 00:00:00,0.059395372,0.024826814,0.293179981,4.747911522,3.231461496,0,0,0,0,0
1997-04-01 00:00:00,0.058967696,0.02290005,0.250743787,4.836690419,2.954714725,0,0,0,0,0
1997-04-02 00:00:00,0.059121471,0.023307159,0.266763853,4.815405571,3.070638306,0,0,0,0,0
1997-04-03 00:00:00,0.058738136,0.020020313,0.183401101,5.016562369,2.482034322,0,0,0,0,0
1997-04-04 00:00:00,0.059006248,0.01992549,0.182535859,5.04471917,2.461988403,0,0,0,0,0
1997-04-05 00:00:00,0.060077419,0.023163419,0.266619412,4.830046564,3.038316576,0,0,0,0,0
1997-04-06 00:00:00,0.060449525,0.023072475,0.264157551,4.848057332,3.00322162,0,0,0,0,0
1997-04-07 00:00:00,0.060759807,0.023340492,0.272051724,4.86760149,3.038036849,0,0,0,0,0
1997-04-08 00:00:00,0.061030782,0.023416664,0.275216503,4.893537548,3.042409191,0,0,0,0,0
1997-04-09 00:00:00,0.061228954,0.021352864,0.219061471,5.072992386,2.611577329,0,0,0,0,0
1997-04-10 00:00:00,0.061560666,0.020954657,0.208255762,5.139339755,2.50844667,0,0,0,0,0
1997-04-11 00:00:00,0.062886212,0.023357151,0.261846625,4.987555223,2.837195824,0,0,0,0,0
1997-04-12 00:00:00,0.064899766,0.027254076,0.343878726,4.783050315,3.321730148,0,0,0,0,0
1997-04-13 00:00:00,0.067214878,0.032304606,0.448940942,4.56949628,3.933893548,0,0,0,0,0
1997-04-14 00:00:00,0.065438551,0.025115113,0.287120896,4.997326324,2.870736979,0,0,0,0,0
1997-04-15 00:00:00,0.067077182,0.031092721,0.428167613,4.675114683,3.786958788,0,0,0,0,0
1997-04-16 00:00:00,0.066593223,0.029738011,0.405113902,4.745773001,3.653719286,0,0,0,0,0
1997-04-17 00:00:00,0.065495439,0.023615732,0.263805581,5.147570197,2.697760793,0,0,0,0,0
1997-04-18 00:00:00,0.065849208,0.024514047,0.288595407,5.09682283,2.861346168,0,0,0,0,0
1997-04-19 00:00:00,0.066765526,0.024591406,0.284163166,5.095157669,2.791289886,0,0,0,0,0
1997-04-20 00:00:00,0.067763742,0.026040281,0.316268212,4.951170217,2.997723477,0,0,0,0,0
1997-04-21 00:00:00,0.067821824,0.024512701,0.280505116,5.094844058,2.729997978,0,0,0,0,0
1997-04-22 00:00:00,0.067947365,0.024318781,0.278514037,5.15154635,2.699118198,0,0,0,0,0
1997-04-23 00:00:00,0.068260084,0.024283096,0.278855135,5.175097487,2.684759378,0,0,0,0,0
1997-04-24 00:00:00,0.06877675,0.025547441,0.310583042,5.080649547,2.895376648,0,0,0,0,0
1997-04-25 00:00:00,0.068948168,0.024442969,0.284942983,5.197426424,2.694968445,0,0,0,0,0
1997-04-26 00:00:00,0.069006567,0.024164221,0.281970347,5.25275632,2.662981361,0,0,0,0,0
1997-04-27 00:00:00,0.068986087,0.024995806,0.308555647,5.197997402,2.857463226,0,0,0,0,0
1997-04-28 00:00:00,0.069304013,0.023607541,0.273912638,5.356485786,2.578726876,0,0,0,0,0
1997-04-29 00:00:00,0.069470887,0.023431627,0.272172637,5.402820189,2.551645757,0,0,0,0,0
1997-04-30 00:00:00,0.075766778,0.032867008,0.436505422,4.582623679,3.511147926,0,0,0,0,0
1997-05-01 00:00:00,0.081962862,0.038077779,0.486499319,4.300161277,3.613598147,0,0,0,0,0
1997-05-02 00:00:00,0.095446239,0.061771071,0.850964625,3.577329899,5.38854124,0,0,0,0,0
1997-05-03 00:00:00,0.088717255,0.045834378,0.581017073,4.108727409,3.936448084,0,0,0,0,0
1997-05-04 00:00:00,0.091140509,0.052890725,0.719639831,3.762776465,4.762054209,0,0,0,0,0
1997-05-05 00:00:00,0.086065218,0.042080166,0.550633099,4.04480147,3.918362917,0,0,0,0,0
1997-05-06 00:00:00,0.082627322,0.032709795,0.389348681,4.378587944,3.026271555,0,0,0,0,0
1997-05-07 00:00:00,0.083615015,0.032827979,0.389069728,4.29694063,3.021942438,0,0,0,0,0
1997-05-08 00:00:00,0.085722044,0.038194542,0.493575432,3.960853158,3.670628475,0,0,0,0,0
1997-05-09 00:00:00,0.084591309,0.031897379,0.371255926,4.257358249,2.909622773,0,0,0,0,0
1997-05-10 00:00:00,0.084660466,0.031007185,0.356607168,4.283424708,2.820480709,0,0,0,0,0
1997-05-11 00:00:00,0.084704366,0.033052964,0.407928834,4.139234347,3.181318993,0,0,0,0,0
1997-05-12 00:00:00,0.084851677,0.029218846,0.325500045,4.364241776,2.616472758,0,0,0,0,0
1997-05-13 00:00:00,0.085047289,0.028421992,0.310335915,4.420192619,2.5039265,0,0,0,0,0
1997-05-14 00:00:00,0.084887237,0.030458201,0.36323531,4.25681586,2.893290817,0,0,0,0,0
1997-05-15 00:00:00,0.085471266,0.028879735,0.325708367,4.388846659,2.599378548,0,0,0,0,0
1997-05-16 00:00:00,0.085718686,0.028064696,0.308255903,4.484799319,2.450132973,0,0,0,0,0
1997-05-17 00:00:00,0.085755917,0.027850824,0.30662103,4.533757214,2.421900524,0,0,0,0,0
1997-05-18 00:00:00,0.085206589,0.030041426,0.365750654,4.349494706,2.87333148,0,0,0,0,0
1997-05-19 00:00:00,0.085137785,0.029592401,0.35981324,4.404608048,2.823763296,0,0,0,0,0
1997-05-20 00:00:00,0.08566554,0.028363389,0.329640679,4.564235424,2.5569051,0,0,0,0,0
1997-05-21 00:00:00,0.085503512,0.028325845,0.333355115,4.603854963,2.571608309,0,0,0,0,0
1997-05-22 00:00:00,0.085727452,0.027632266,0.318238865,4.722676659,2.422778029,0,0,0,0,0
1997-05-23 00:00:00,0.085659171,0.027530325,0.319377575,4.778244537,2.409776216,0,0,0,0,0
1997-05-24 00:00:00,0.084318107,0.029600197,0.38174852,4.574434736,2.92775137,0,0,0,0,0
1997-05-25 00:00:00,0.084543403,0.030192834,0.395575373,4.546427087,3.008429733,0,0,0,0,0
1997-05-26 00:00:00,0.085070647,0.028641092,0.358257772,4.764077282,2.67250392,0,0,0,0,0
1997-05-27 00:00:00,0.085358079,0.027684183,0.336230559,4.935079715,2.455275689,0,0,0,0,0
1997-05-28 00:00:00,0.085452538,0.028829247,0.362544568,4.878110527,2.623388288,0,0,0,0,0
1997-05-29 00:00:00,0.088454956,0.030603541,0.379125789,4.606015054,2.694474236,0,0,0,0,0
1997-05-30 00:00:00,0.087882958,0.030486101,0.382797206,4.702638686,2.696693554,0,0,0,0,0
1997-05-31 00:00:00,0.08753706,0.031919816,0.416660627,4.677266667,2.913524841,0,0,0,0,0
1997-06-01 00:00:00,0.087095812,0.030747249,0.398228788,4.81499972,2.768772532,0,0,0,0,0
1997-06-02 00:00:00,0.086625783,0.029986317,0.389198471,4.899563193,2.703301051,0,0,0,0,0
1997-06-03 00:00:00,0.086232951,0.029259139,0.380018854,4.982593388,2.633751479,0,0,0,0,0
1997-06-04 00:00:00,0.085909282,0.028759789,0.374795369,5.050288363,2.589607688,0,0,0,0,0
1997-06-05 00:00:00,0.086416941,0.029379915,0.386241679,4.980076185,2.658240841,0,0,0,0,0
1997-06-06 00:00:00,0.087492282,0.029669835,0.386580291,4.901916746,2.639596553,0,0,0,0,0
1997-06-07 00:00:00,0.088965399,0.032638793,0.43627024,4.66332895,2.952188176,0,0,0,0,0
1997-06-08 00:00:00,0.089344432,0.033213123,0.445324529,4.670374463,2.977484027,0,0,0,0,0
1997-06-09 00:00:00,0.088559944,0.033238031,0.452281565,4.775012112,3.003169005,0,0,0,0,0
1997-06-10 00:00:00,0.087784228,0.032300814,0.442214442,4.871422303,2.937501431,0,0,0,0,0
1997-06-11 00:00:00,0.087390035,0.031018919,0.422770292,4.955307392,2.805064592,0,0,0,0,0
1997-06-12 00:00:00,0.085709635,0.034826056,0.517158178,4.551594769,3.614061136,0,0,0,0,0
1997-06-13 00:00:00,0.086409609,0.029507005,0.404825086,5.09694229,2.680382578,0,0,0,0,0
1997-06-14 00:00:00,0.085811514,0.028911091,0.399266501,5.180225826,2.636868755,0,0,0,0,0
1997-06-15 00:00:00,0.094115252,0.043096661,0.605407389,4.053162539,3.920215989,0,0,0,0,0
1997-06-16 00:00:00,0.105620002,0.058698999,0.784032359,3.447690558,4.71318545,0,0,0,0,0
1997-06-17 00:00:00,0.107960513,0.066050404,0.889864701,3.314871094,5.275179052,0,0,0,0,0
1997-06-18 00:00:00,0.100029841,0.047407426,0.629520874,3.96943066,3.820278047,0,0,0,0,0
1997-06-19 00:00:00,0.096805129,0.040943139,0.54617034,4.147313227,3.395675284,0,0,0,0,0
1997-06-20 00:00:00,0.095379729,0.038384615,0.515182976,4.206381411,3.248549025,0,0,0,0,0
1997-06-21 00:00:00,0.107349216,0.060090093,0.80470605,3.165389297,4.884644028,0,0,0,0,0
1997-06-22 00:00:00,0.105666384,0.050774891,0.654225028,3.514814338,3.928924387,0,0,0,0,0
1997-06-23 00:00:00,0.10337239,0.0440925,0.559702657,3.697538902,3.393279285,0,0,0,0,0
1997-06-24 00:00:00,0.102999595,0.042540575,0.540222568,3.658968764,3.314397593,0,0,0,0,0
1997-06-25 00:00:00,0.102288264,0.04181677,0.53650278,3.626554497,3.334357139,0,0,0,0,0
1997-06-26 00:00:00,0.100603517,0.037790739,0.480659509,3.77055509,3.007810163,0,0,0,0,0
1997-06-27 00:00:00,0.099426822,0.035152708,0.444002246,3.882486357,2.783187333,0,0,0,0,0
1997-06-28 00:00:00,0.098860034,0.033004649,0.410004248,4.004923761,2.53825368,0,0,0,0,0
1997-06-29 00:00:00,0.098491483,0.032743787,0.408660268,4.02172195,2.525542849,0,0,0,0,0
1997-06-30 00:00:00,0.099313179,0.033035181,0.409627355,3.949445041,2.523503005,0,0,0,0,0
1997-07-01 00:00:00,0.097836547,0.03360181,0.431553784,3.920259211,2.718965652,0,0,0,0,0
1997-07-02 00:00:00,0.097291022,0.033841018,0.440810291,3.889031054,2.80222073,0,0,0,0,0
1997-07-03 00:00:00,0.096574624,0.032258039,0.416294426,4.039529803,2.594824329,0,0,0,0,0
1997-07-04 00:00:00,0.096237918,0.030791171,0.391110416,4.182316782,2.368887662,0,0,0,0,0
1997-07-05 00:00:00,0.095478499,0.032282414,0.424467818,4.073240014,2.642943764,0,0,0,0,0
1997-07-06 00:00:00,0.096855297,0.032903295,0.42653658,3.979536407,2.627984989,0,0,0,0,0
1997-07-07 00:00:00,0.096152322,0.034325722,0.455951188,3.94319569,2.834120393,0,0,0,0,0
1997-07-08 00:00:00,0.105659341,0.053790025,0.715497003,3.068154886,4.403917038,0,0,0,0,0
1997-07-09 00:00:00,0.103632767,0.046580731,0.603574753,3.452893279,3.610782871,0,0,0,0,0
1997-07-10 00:00:00,0.102257677,0.045827942,0.60201855,3.464820253,3.640967568,0,0,0,0,0
1997-07-11 00:00:00,0.099232885,0.040187529,0.53165272,3.636353094,3.249836744,0,0,0,0,0
1997-07-12 00:00:00,0.096788597,0.034334131,0.449852357,3.887194178,2.720016999,0,0,0,0,0
1997-07-13 00:00:00,0.095352725,0.032505985,0.428508291,3.973950964,2.594273925,0,0,0,0,0
1997-07-14 00:00:00,0.094582174,0.032172644,0.428433289,3.964807812,2.619156468,0,0,0,0,0
1997-07-15 00:00:00,0.093260219,0.030411497,0.405087796,4.119809039,2.434643158,0,0,0,0,0
1997-07-16 00:00:00,0.092766784,0.030229252,0.404900778,4.120321001,2.437998465,0,0,0,0,0
1997-07-17 00:00:00,0.093935067,0.03146855,0.41988329,3.929347362,2.564840482,0,0,0,0,0
1997-07-18 00:00:00,0.092928472,0.030907643,0.414681674,4.034588984,2.497815577,0,0,0,0,0
1997-07-19 00:00:00,0.092819594,0.031480814,0.424416701,3.9996955,2.561569535,0,0,0,0,0
1997-07-20 00:00:00,0.092752124,0.03280874,0.446749286,3.924864868,2.724237822,0,0,0,0,0
1997-07-21 00:00:00,0.094619863,0.035672549,0.481720687,3.719052886,2.950623727,0,0,0,0,0
1997-07-22 00:00:00,0.093945867,0.035418971,0.47984612,3.766139751,2.92411234,0,0,0,0,0
1997-07-23 00:00:00,0.093887146,0.035859216,0.486119273,3.740472264,2.961948444,0,0,0,0,0
1997-07-24 00:00:00,0.092881463,0.034314968,0.466416501,3.791613445,2.8386431,0,0,0,0,0
1997-07-25 00:00:00,0.09290166,0.034175295,0.463528946,3.743247753,2.829149195,0,0,0,0,0
1997-07-26 00:00:00,0.092925195,0.033429082,0.45065295,3.707655577,2.750016614,0,0,0,0,0
1997-07-27 00:00:00,0.094282058,0.039548107,0.540739946,3.473690924,3.369661445,0,0,0,0,0
1997-07-28 00:00:00,0.092904385,0.036603957,0.498549129,3.625204661,3.06041147,0,0,0,0,0
1997-07-29 00:00:00,0.091960329,0.036848041,0.507817602,3.620151583,3.148368476,0,0,0,0,0
1997-07-30 00:00:00,0.089546032,0.032357946,0.447734155,3.833049555,2.736648349,0,0,0,0,0
1997-07-31 00:00:00,0.087614527,0.030598904,0.430162391,3.924568803,2.645741339,0,0,0,0,0
1997-08-01 00:00:00,0.086054505,0.028546003,0.403658689,4.053810586,2.456652332,0,0,0,0,0
1997-08-02 00:00:00,0.084606053,0.027550087,0.394273806,4.138051078,2.40003664,0,0,0,0,0
1997-08-03 00:00:00,0.084223104,0.027806533,0.399952348,4.094947329,2.459148764,0,0,0,0,0
1997-08-04 00:00:00,0.083361366,0.027263481,0.394151113,4.142915361,2.41512828,0,0,0,0,0
1997-08-05 00:00:00,0.081768628,0.027290827,0.403293207,4.194031489,2.509942191,0,0,0,0,0
1997-08-06 00:00:00,0.080281999,0.02663951,0.399479225,4.289791246,2.489096817,0,0,0,0,0
1997-08-07 00:00:00,0.078836497,0.026009105,0.395910714,4.376189899,2.475352961,0,0,0,0,0
1997-08-08 00:00:00,0.077472963,0.024923138,0.383076421,4.515571809,2.36481436,0,0,0,0,0
1997-08-09 00:00:00,0.076029694,0.024163966,0.376711136,4.63177409,2.318903655,0,0,0,0,0
1997-08-10 00:00:00,0.074624077,0.023581051,0.373217454,4.73584477,2.299321631,0,0,0,0,0
1997-08-11 00:00:00,0.073659372,0.023790645,0.381605128,4.735793551,2.39286544,0,0,0,0,0
1997-08-12 00:00:00,0.075931911,0.027238086,0.426929615,4.283239696,2.793013304,0,0,0,0,0
1997-08-13 00:00:00,0.074843561,0.026724841,0.421051741,4.436963049,2.708900267,0,0,0,0,0
1997-08-14 00:00:00,0.073722371,0.026857732,0.427887672,4.508090462,2.766432719,0,0,0,0,0
1997-08-15 00:00:00,0.073772856,0.027983241,0.444694083,4.421713894,2.909263804,0,0,0,0,0
1997-08-16 00:00:00,0.072479714,0.026469218,0.424831624,4.52149487,2.769121304,0,0,0,0,0
1997-08-17 00:00:00,0.072320483,0.02680421,0.429601573,4.458323778,2.824953951,0,0,0,0,0
1997-08-18 00:00:00,0.071149779,0.02563344,0.414494113,4.54811524,2.717243597,0,0,0,0,0
1997-08-19 00:00:00,0.069946771,0.024682061,0.403395032,4.630210501,2.645984552,0,0,0,0,0
1997-08-20 00:00:00,0.069139599,0.025062108,0.414038947,4.585785334,2.779991311,0,0,0,0,0
1997-08-21 00:00:00,0.067913919,0.023470163,0.390730227,4.737008738,2.583146697,0,0,0,0,0
1997-08-22 00:00:00,0.066760949,0.022882383,0.385532132,4.803616443,2.564277927,0,0,0,0,0
1997-08-23 00:00:00,0.065589265,0.021898065,0.372874101,4.907665125,2.471365879,0,0,0,0,0
1997-08-24 00:00:00,0.064838143,0.021479328,0.367957331,4.916602277,2.45822979,0,0,0,0,0
1997-08-25 00:00:00,0.063877456,0.020737164,0.357962188,4.997636935,2.384038132,0,0,0,0,0
1997-08-26 00:00:00,0.062757341,0.020328594,0.355412205,5.058928399,2.391473527,0,0,0,0,0
1997-08-27 00:00:00,0.061486434,0.020206527,0.359783316,5.077627372,2.489936305,0,0,0,0,0
1997-08-28 00:00:00,0.060605304,0.019375765,0.346576981,5.223472631,2.353826741,0,0,0,0,0
1997-08-29 00:00:00,0.059618878,0.018813493,0.339418465,5.338150104,2.29168849,0,0,0,0,0
1997-08-30 00:00:00,0.059036664,0.019076192,0.346178755,5.282376243,2.395234327,0,0,0,0,0
1997-08-31 00:00:00,0.058098455,0.018545804,0.339314774,5.386399879,2.339189702,0,0,0,0,0
1997-09-01 00:00:00,0.056076625,0.019411145,0.370366756,5.231041476,2.821287643,0,0,0,0,0
1997-09-02 00:00:00,0.055693345,0.017869002,0.337501952,5.570595727,2.38998955,0,0,0,0,0
1997-09-03 00:00:00,0.054174361,0.018050242,0.350296683,5.542106076,2.623126185,0,0,0,0,0
1997-09-04 00:00:00,0.053722229,0.016962175,0.327062418,5.82567833,2.30607843,0,0,0,0,0
1997-09-05 00:00:00,0.052544648,0.01675939,0.328837789,5.886681121,2.378035612,0,0,0,0,0
1997-09-06 00:00:00,0.051691103,0.016361248,0.323560751,6.024871395,2.3238979,0,0,0,0,0
1997-09-07 00:00:00,0.050629504,0.015922767,0.31917838,6.172579036,2.297297194,0,0,0,0,0
1997-09-08 00:00:00,0.049858799,0.015829797,0.31991088,6.221934554,2.332360955,0,0,0,0,0
1997-09-09 00:00:00,0.04891531,0.016151762,0.331510884,6.141811364,2.54181973,0,0,0,0,0
1997-09-10 00:00:00,0.047889222,0.015923945,0.331564413,6.23131908,2.585316283,0,0,0,0,0
1997-09-11 00:00:00,0.046799565,0.015704593,0.332378964,6.3325712,2.640821567,0,0,0,0,0
1997-09-12 00:00:00,0.04616394,0.01478303,0.313260234,6.650659463,2.376413506,0,0,0,0,0
1997-09-13 00:00:00,0.044769264,0.015080097,0.328592703,6.581074865,2.679124275,0,0,0,0,0
1997-09-14 00:00:00,0.04429474,0.014359855,0.31236581,6.871627974,2.439351606,0,0,0,0,0
1997-09-15 00:00:00,0.043433807,0.013864006,0.304732783,7.077740865,2.361344182,0,0,0,0,0
1997-09-16 00:00:00,0.043265807,0.019149297,0.422186418,5.852852723,3.968246199,0,0,0,0,0
1997-09-17 00:00:00,0.044595067,0.015789379,0.331205616,6.335822336,2.739697896,0,0,0,0,0
1997-09-18 00:00:00,0.043568241,0.014598733,0.309719627,6.64433457,2.503184691,0,0,0,0,0
1997-09-19 00:00:00,0.042610143,0.017388269,0.378310797,6.138217819,3.46053353,0,0,0,0,0
1997-09-20 00:00:00,0.042224484,0.014828243,0.31918129,6.707156585,2.686976889,0,0,0,0,0
1997-09-21 00:00:00,0.041502049,0.014060248,0.304105299,6.923715368,2.521396251,0,0,0,0,0
1997-09-22 00:00:00,0.041626148,0.017949202,0.388939467,6.133480011,3.640092132,0,0,0,0,0
1997-09-23 00:00:00,0.041484371,0.015571952,0.331242122,6.559133,2.904352901,0,0,0,0,0
1997-09-24 00:00:00,0.04095358,0.017978196,0.388836,6.149214488,3.68854138,0,0,0,0,0
1997-09-25 00:00:00,0.040122657,0.017719999,0.38748284,6.246176933,3.725456831,0,0,0,0,0
1997-09-26 00:00:00,0.038983287,0.0146443,0.322211967,6.925392298,2.932548097,0,0,0,0,0
1997-09-27 00:00:00,0.038228114,0.013253908,0.292447443,7.260849372,2.584314579,0,0,0,0,0
1997-09-28 00:00:00,0.038068656,0.016390957,0.366815239,6.497820685,3.639698034,0,0,0,0,0
1997-09-29 00:00:00,0.03733226,0.016041506,0.362468633,6.595752143,3.64243451,0,0,0,0,0
1997-09-30 00:00:00,0.036464301,0.013946385,0.315896542,7.151879288,3.058376744,0,0,0,0,0
1997-10-01 00:00:00,0.035739316,0.01222759,0.276298056,7.65459108,2.548960595,0,0,0,0,0
1997-10-02 00:00:00,0.035097629,0.012007379,0.273288037,7.766014598,2.554604548,0,0,0,0,0
1997-10-03 00:00:00,0.034427245,0.011810075,0.271240717,7.880388509,2.575694084,0,0,0,0,0
1997-10-04 00:00:00,0.033728867,0.011586426,0.268775517,8.013545117,2.592735644,0,0,0,0,0
1997-10-05 00:00:00,0.03302564,0.011294204,0.264577446,8.175736607,2.585423897,0,0,0,0,0
1997-10-06 00:00:00,0.032357453,0.011044066,0.26119746,8.323532778,2.589937088,0,0,0,0,0
1997-10-07 00:00:00,0.031713038,0.010637742,0.253164973,8.550184863,2.517356895,0,0,0,0,0
1997-10-08 00:00:00,0.03080888,0.012983116,0.324069198,7.651426621,3.721199087,0,0,0,0,0
1997-10-09 00:00:00,0.030703008,0.013268218,0.329311014,7.585494328,3.811491532,0,0,0,0,0
1997-10-10 00:00:00,0.030236761,0.012936115,0.322238561,7.695218611,3.765731861,0,0,0,0,0
1997-10-11 00:00:00,0.030144535,0.010528138,0.251227729,8.778938412,2.641690072,0,0,0,0,0
1997-10-12 00:00:00,0.031057998,0.014167869,0.337808558,7.400851044,3.90271823,0,0,0,0,0
1997-10-13 00:00:00,0.033006689,0.015356186,0.342432364,6.833008857,3.853213201,0,0,0,0,0
1997-10-14 00:00:00,0.03179228,0.012256922,0.268043187,7.683243978,2.91645366,0,0,0,0,0
1997-10-15 00:00:00,0.031383397,0.012601865,0.277120939,7.820956931,3.037303147,0,0,0,0,0
1997-10-16 00:00:00,0.032083466,0.016231701,0.363907716,7.136006655,4.142412254,0,0,0,0,0
1997-10-17 00:00:00,0.030564135,0.012629897,0.279183748,8.032365893,3.12058699,0,0,0,0,0
1997-10-18 00:00:00,0.031415286,0.016192726,0.36443279,7.241742614,4.219721113,0,0,0,0,0
1997-10-19 00:00:00,0.029630587,0.012117924,0.26901705,8.229321461,3.086487092,0,0,0,0,0
1997-10-20 00:00:00,0.030247174,0.015201523,0.346165622,7.474107578,4.116405821,0,0,0,0,0
1997-10-21 00:00:00,0.028689495,0.011651738,0.260681688,8.404612296,3.086385893,0,0,0,0,0
1997-10-22 00:00:00,0.027854331,0.010331342,0.229102941,8.824142418,2.728781732,0,0,0,0,0
1997-10-23 00:00:00,0.029772833,0.015417214,0.348791265,7.450388453,4.239322996,0,0,0,0,0
1997-10-24 00:00:00,0.028271585,0.011396389,0.24799147,8.310595913,3.038997819,0,0,0,0,0
1997-10-25 00:00:00,0.027526212,0.010291745,0.220990366,8.675513118,2.738120918,0,0,0,0,0
1997-10-26 00:00:00,0.031632397,0.018031688,0.386374705,6.90830456,4.589182014,0,0,0,0,0
1997-10-27 00:00:00,0.031165914,0.016826698,0.354782847,7.044701201,4.253338411,0,0,0,0,0
1997-10-28 00:00:00,0.031136468,0.017392597,0.366972345,7.145157928,4.384912043,0,0,0,0,0
1997-10-29 00:00:00,0.031109452,0.017803677,0.37574441,7.16886015,4.496381009,0,0,0,0,0
1997-10-30 00:00:00,0.02833557,0.012332114,0.24858698,8.224570298,3.114357436,0,0,0,0,0
1997-10-31 00:00:00,0.031679036,0.018905498,0.392931314,7.016735026,4.681226316,0,0,0,0,0
1997-11-01 00:00:00,0.032649795,0.019660555,0.396380702,6.794379102,4.661587289,0,0,0,0,0
1997-11-02 00:00:00,0.03215045,0.019138801,0.385293478,6.925247686,4.574350464,0,0,0,0,0
1997-11-03 00:00:00,0.031920655,0.019058522,0.383184078,6.992522622,4.57387627,0,0,0,0,0
1997-11-04 00:00:00,0.02844579,0.012804819,0.242918176,7.926575121,3.163826541,0,0,0,0,0
1997-11-05 00:00:00,0.030383295,0.016047469,0.307628764,7.416330716,3.808780124,0,0,0,0,0
1997-11-06 00:00:00,0.032366019,0.01928171,0.374177205,6.781194314,4.498439846,0,0,0,0,0
1997-11-07 00:00:00,0.032153143,0.019292341,0.374669299,6.858405154,4.523856096,0,0,0,0,0
1997-11-08 00:00:00,0.031429386,0.018580116,0.36247855,6.968558808,4.45793107,0,0,0,0,0
1997-11-09 00:00:00,0.03067538,0.017683259,0.34523258,7.06092682,4.342619129,0,0,0,0,0
1997-11-10 00:00:00,0.029998853,0.016825005,0.327833132,7.12069752,4.224346681,0,0,0,0,0
1997-11-11 00:00:00,0.029183371,0.015875589,0.309405943,7.239470357,4.099136041,0,0,0,0,0
1997-11-12 00:00:00,0.028428131,0.0150201,0.292635417,7.349291254,3.988957484,0,0,0,0,0
1997-11-13 00:00:00,0.026331619,0.011267597,0.201289019,7.938876509,3.071273225,0,0,0,0,0
1997-11-14 00:00:00,0.026425459,0.012179935,0.229122275,7.730402715,3.450825467,0,0,0,0,0
1997-11-15 00:00:00,0.027128392,0.013681324,0.264514394,7.492626585,3.840797508,0,0,0,0,0
1997-11-16 00:00:00,0.026516379,0.012819535,0.244020237,7.592470347,3.674523602,0,0,0,0,0
1997-11-17 00:00:00,0.026503524,0.013054669,0.249384283,7.576079802,3.757068726,0,0,0,0,0
1997-11-18 00:00:00,0.026400104,0.013099368,0.249951041,7.593292139,3.788036838,0,0,0,0,0
1997-11-19 00:00:00,0.025725408,0.012172724,0.227404767,7.762466928,3.591895517,0,0,0,0,0
1997-11-20 00:00:00,0.026970416,0.014296916,0.27465857,7.482541275,4.052930988,0,0,0,0,0
1997-11-21 00:00:00,0.026260886,0.013124134,0.244338819,7.644651619,3.771763596,0,0,0,0,0
1997-11-22 00:00:00,0.026512927,0.013701095,0.256443281,7.629328312,3.896521512,0,0,0,0,0
1997-11-23 00:00:00,0.026333377,0.013592041,0.253092518,7.691061027,3.88231269,0,0,0,0,0
1997-11-24 00:00:00,0.024294042,0.009691079,0.147578437,8.332076981,2.797589455,0,0,0,0,0
1997-11-25 00:00:00,0.025846073,0.013258547,0.245735913,7.811777711,3.865987891,0,0,0,0,0
1997-11-26 00:00:00,0.023851673,0.009380859,0.138728502,8.443882748,2.763406371,0,0,0,0,0
1997-11-27 00:00:00,0.025295478,0.012754648,0.233847916,7.923984915,3.808478812,0,0,0,0,0
1997-11-28 00:00:00,0.023536737,0.00922905,0.133354858,8.524239212,2.760113256,0,0,0,0,0
1997-11-29 00:00:00,0.026528221,0.014888276,0.281481968,7.739989128,4.262909901,0,0,0,0,0
1997-11-30 00:00:00,0.02668182,0.01480075,0.272356998,7.711953964,4.155601198,0,0,0,0,0
1997-12-01 00:00:00,0.024150843,0.0100967,0.14470134,8.345609338,2.895889308,0,0,0,0,0
1997-12-02 00:00:00,0.02416734,0.010269692,0.14753636,8.382783353,2.935155594,0,0,0,0,0
1997-12-03 00:00:00,0.026782077,0.013085612,0.195912075,7.698908494,3.316538328,0,0,0,0,0
1997-12-04 00:00:00,0.030011323,0.018243269,0.316474957,7.240867445,4.394393459,0,0,0,0,0
1997-12-05 00:00:00,0.030303594,0.018776836,0.326463614,7.305466011,4.471093278,0,0,0,0,0
1997-12-06 00:00:00,0.029906218,0.01833506,0.317584384,7.364418155,4.419771157,0,0,0,0,0
1997-12-07 00:00:00,0.02589761,0.011989842,0.165413688,7.838387726,3.114815583,0,0,0,0,0
1997-12-08 00:00:00,0.025298776,0.011227865,0.14846081,7.901207432,3.000250342,0,0,0,0,0
1997-12-09 00:00:00,0.025813581,0.012102728,0.169281605,7.799460357,3.207808546,0,0,0,0,0
1997-12-10 00:00:00,0.026280377,0.012660254,0.180328777,7.62894925,3.325794221,0,0,0,0,0
1997-12-11 00:00:00,0.025431091,0.011446682,0.151397713,7.729760238,3.101417954,0,0,0,0,0
1997-12-12 00:00:00,0.024963394,0.010885606,0.138091325,7.827007842,3.005685863,0,0,0,0,0
1997-12-13 00:00:00,0.026329999,0.013636055,0.21493817,7.630840347,3.750639316,0,0,0,0,0
1997-12-14 00:00:00,0.024127634,0.009717978,0.1075631,7.970438729,2.771101109,0,0,0,0,0
1997-12-15 00:00:00,0.024216728,0.009963399,0.114098611,7.942488246,2.855143835,0,0,0,0,0
1997-12-16 00:00:00,0.024220791,0.010027853,0.114644625,7.971216936,2.870016081,0,0,0,0,0
1997-12-17 00:00:00,0.024026617,0.009719161,0.104393355,8.042329329,2.780883743,0,0,0,0,0
1997-12-18 00:00:00,0.024030536,0.009788129,0.105103804,8.077716639,2.796548687,0,0,0,0,0
1997-12-19 00:00:00,0.026061465,0.01359834,0.211737947,7.807444739,3.793577003,0,0,0,0,0
1997-12-20 00:00:00,0.024019402,0.009804933,0.103250757,8.106135524,2.802607009,0,0,0,0,0
1997-12-21 00:00:00,0.023837708,0.009576442,0.096916266,8.156502858,2.760712649,0,0,0,0,0
1997-12-22 00:00:00,0.0237865,0.009553489,0.095753509,8.191544806,2.762530105,0,0,0,0,0
1997-12-23 00:00:00,0.023806489,0.009583535,0.095507342,8.194724334,2.771635206,0,0,0,0,0
1997-12-24 00:00:00,0.023491674,0.009131728,0.08315158,8.274088931,2.674948695,0,0,0,0,0
1997-12-25 00:00:00,0.023919903,0.009758899,0.098447318,8.194142022,2.819912474,0,0,0,0,0
1997-12-26 00:00:00,0.025455574,0.012778761,0.187867843,7.98309132,3.662104817,0,0,0,0,0
1997-12-27 00:00:00,0.02365462,0.009339672,0.085690076,8.267546778,2.728498105,0,0,0,0,0
1997-12-28 00:00:00,0.023663113,0.00939902,0.087331038,8.285729739,2.756425103,0,0,0,0,0
1997-12-29 00:00:00,0.023624928,0.009334538,0.08508851,8.310927066,2.746729699,0,0,0,0,0
1997-12-30 00:00:00,0.023531821,0.009186929,0.080390366,8.34710512,2.714437605,0,0,0,0,0
1997-12-31 00:00:00,0.023305493,0.008808341,0.069235551,8.41437736,2.623462033,0,0,0,0,0
1998-01-01 00:00:00,0.023297402,0.008780935,0.067776812,8.443056983,2.61749336,0,0,0,0,0
1998-01-02 00:00:00,0.025783161,0.011848077,0.136160484,8.002076585,3.145660416,0,0,0,0,0
1998-01-03 00:00:00,0.025977986,0.011561812,0.121557338,7.827800821,3.0169526,0,0,0,0,0
1998-01-04 00:00:00,0.029902035,0.016617327,0.224556136,7.672100454,3.69839916,0,0,0,0,0
1998-01-05 00:00:00,0.033067756,0.019635292,0.265008142,7.29898644,3.876539034,0,0,0,0,0
1998-01-06 00:00:00,0.034545505,0.021289515,0.28842408,7.342603141,3.970545778,0,0,0,0,0
1998-01-07 00:00:00,0.034168734,0.020721562,0.276279598,7.355427146,3.890401564,0,0,0,0,0
1998-01-08 00:00:00,0.034620341,0.021338226,0.292995943,7.299222234,4.029853713,0,0,0,0,0
1998-01-09 00:00:00,0.037414143,0.025485056,0.391871282,7.251031554,4.752974705,0,0,0,0,0
1998-01-10 00:00:00,0.030576724,0.015702968,0.179871602,7.220398186,3.32939787,0,0,0,0,0
1998-01-11 00:00:00,0.029782821,0.014651416,0.161419157,7.201140463,3.237211054,0,0,0,0,0
1998-01-12 00:00:00,0.028667409,0.012963956,0.124574565,7.177588922,2.998079616,0,0,0,0,0
1998-01-13 00:00:00,0.02799685,0.011899046,0.100960397,7.157935721,2.847018271,0,0,0,0,0
1998-01-14 00:00:00,0.027459228,0.011028821,0.080948033,7.163845052,2.71358213,0,0,0,0,0
1998-01-15 00:00:00,0.027550068,0.011011991,0.080398433,7.124233719,2.719297036,0,0,0,0,0
1998-01-16 00:00:00,0.027393841,0.010657618,0.071767189,7.11926565,2.662884617,0,0,0,0,0
1998-01-17 00:00:00,0.027319179,0.010421628,0.065714573,7.117133967,2.623134814,0,0,0,0,0
1998-01-18 00:00:00,0.027280572,0.010234469,0.060763112,7.119634574,2.589625827,0,0,0,0,0
1998-01-19 00:00:00,0.027271463,0.010091188,0.056793741,7.126688271,2.561795981,0,0,0,0,0
1998-01-20 00:00:00,0.027045407,0.009568865,0.042142808,7.15243557,2.447414871,0,0,0,0,0
1998-01-21 00:00:00,0.027233629,0.009819372,0.049322275,7.175471405,2.504589234,0,0,0,0,0
1998-01-22 00:00:00,0.027361432,0.009829315,0.04861318,7.169251354,2.497143193,0,0,0,0,0
1998-01-23 00:00:00,0.027556708,0.009978177,0.0519768,7.167455518,2.521027147,0,0,0,0,0
1998-01-24 00:00:00,0.027679201,0.010068959,0.054208671,7.192310425,2.534989296,0,0,0,0,0
1998-01-25 00:00:00,0.027746254,0.010053796,0.053626263,7.222575963,2.526565602,0,0,0,0,0
1998-01-26 00:00:00,0.027890501,0.010157587,0.056306216,7.2439603,2.54317263,0,0,0,0,0
1998-01-27 00:00:00,0.028008863,0.010223272,0.057932942,7.269177441,2.551304152,0,0,0,0,0
1998-01-28 00:00:00,0.028095641,0.010242825,0.05839931,7.300668655,2.549799858,0,0,0,0,0
1998-01-29 00:00:00,0.028265801,0.010359873,0.061360911,7.317278112,2.566993295,0,0,0,0,0
1998-01-30 00:00:00,0.028361483,0.010384295,0.062019079,7.349240977,2.566366633,0,0,0,0,0
1998-01-31 00:00:00,0.028867846,0.010917489,0.074588793,7.310930883,2.651022489,0,0,0,0,0
1998-02-01 00:00:00,0.030621755,0.012763989,0.112830285,7.050587855,2.900793062,0,0,0,0,0
1998-02-02 00:00:00,0.03087781,0.012571575,0.103227572,6.968227426,2.814301549,0,0,0,0,0
1998-02-03 00:00:00,0.031284694,0.013105428,0.115540051,7.035491331,2.880322032,0,0,0,0,0
1998-02-04 00:00:00,0.031512084,0.013262828,0.118652375,7.058345046,2.889484981,0,0,0,0,0
1998-02-05 00:00:00,0.031576523,0.013161172,0.11615508,7.066776242,2.866267019,0,0,0,0,0
1998-02-06 00:00:00,0.031583209,0.012960988,0.111683461,7.069370339,2.832389283,0,0,0,0,0
1998-02-07 00:00:00,0.031554916,0.012718482,0.106378134,7.077186154,2.793522783,0,0,0,0,0
1998-02-08 00:00:00,0.031598779,0.012570385,0.103313091,7.081059509,2.769276165,0,0,0,0,0
1998-02-09 00:00:00,0.031954823,0.01276641,0.107132431,7.03470179,2.78911684,0,0,0,0,0
1998-02-10 00:00:00,0.033404243,0.014528648,0.146554536,6.909348509,3.042374741,0,0,0,0,0
1998-02-11 00:00:00,0.036913563,0.018342478,0.218541002,6.53884839,3.457657269,0,0,0,0,0
1998-02-12 00:00:00,0.036750239,0.017366688,0.189327572,6.493639797,3.233603134,0,0,0,0,0
1998-02-13 00:00:00,0.037705998,0.018364625,0.206654348,6.49454636,3.307008114,0,0,0,0,0
1998-02-14 00:00:00,0.037934439,0.018044866,0.195625622,6.397994226,3.222252858,0,0,0,0,0
1998-02-15 00:00:00,0.038927869,0.018769789,0.204716733,6.304676854,3.24705004,0,0,0,0,0
1998-02-16 00:00:00,0.041944797,0.022566343,0.274008344,6.295790243,3.59776709,0,0,0,0,0
1998-02-17 00:00:00,0.042950068,0.023304079,0.282961984,6.203581978,3.620959853,0,0,0,0,0
1998-02-18 00:00:00,0.042400423,0.022325672,0.264996192,6.207605144,3.514709108,0,0,0,0,0
1998-02-19 00:00:00,0.041295734,0.020508711,0.232035474,6.176971696,3.337424798,0,0,0,0,0
1998-02-20 00:00:00,0.040182313,0.018597795,0.196250136,6.137673702,3.142911293,0,0,0,0,0
1998-02-21 00:00:00,0.039327265,0.016995105,0.165096144,6.107131912,2.967490054,0,0,0,0,0
1998-02-22 00:00:00,0.038849476,0.015886997,0.142770734,6.08008378,2.836627128,0,0,0,0,0
1998-02-23 00:00:00,0.038733949,0.015277747,0.129838338,6.053480829,2.755401425,0,0,0,0,0
1998-02-24 00:00:00,0.039078099,0.015146151,0.12520307,5.978424869,2.719732136,0,0,0,0,0
1998-02-25 00:00:00,0.039064633,0.014747072,0.116614588,5.982962392,2.658682395,0,0,0,0,0
1998-02-26 00:00:00,0.040295537,0.016053725,0.144145828,5.880564225,2.820603101,0,0,0,0,0
1998-02-27 00:00:00,0.043111389,0.018884826,0.193653652,5.629686601,3.079277961,0,0,0,0,0
1998-02-28 00:00:00,0.043805963,0.019424892,0.199614943,5.670680113,3.067764676,0,0,0,0,0
1998-03-01 00:00:00,0.044400169,0.019855862,0.206542515,5.665208426,3.085610814,0,0,0,0,0
1998-03-02 00:00:00,0.044756523,0.019893081,0.206459018,5.640083124,3.072088224,0,0,0,0,0
1998-03-03 00:00:00,0.04470854,0.019310614,0.194817019,5.611833025,2.999780893,0,0,0,0,0
1998-03-04 00:00:00,0.044304718,0.018308221,0.17590296,5.615785613,2.888743113,0,0,0,0,0
1998-03-05 00:00:00,0.043938112,0.017335993,0.156997085,5.627868011,2.774397506,0,0,0,0,0
1998-03-06 00:00:00,0.044229749,0.017198787,0.153791513,5.590660828,2.748579106,0,0,0,0,0
1998-03-07 00:00:00,0.044248265,0.016659754,0.141707333,5.592876841,2.663439561,0,0,0,0,0
1998-03-08 00:00:00,0.051495868,0.027949994,0.382821955,5.166133764,4.107798807,0,0,0,0,0
1998-03-09 00:00:00,0.050096476,0.024046103,0.28550876,5.244685242,3.454890291,0,0,0,0,0
1998-03-10 00:00:00,0.052185377,0.027410033,0.357595065,5.208863948,3.861978662,0,0,0,0,0
1998-03-11 00:00:00,0.049235488,0.021286589,0.223248832,5.31148431,3.042037466,0,0,0,0,0
1998-03-12 00:00:00,0.051145443,0.024860315,0.309451554,5.206629523,3.585530826,0,0,0,0,0
1998-03-13 00:00:00,0.049097121,0.020473153,0.214392966,5.298680719,3.005602171,0,0,0,0,0
1998-03-14 00:00:00,0.048722487,0.019445912,0.195124247,5.324955434,2.890640687,0,0,0,0,0
1998-03-15 00:00:00,0.048086404,0.017528746,0.151413155,5.397690733,2.602139046,0,0,0,0,0
1998-03-16 00:00:00,0.04820707,0.017184481,0.144490395,5.4144142,2.549031921,0,0,0,0,0
1998-03-17 00:00:00,0.049110168,0.017936518,0.159767295,5.347060785,2.629750639,0,0,0,0,0
1998-03-18 00:00:00,0.051803319,0.020930819,0.215164064,5.122374723,2.929102395,0,0,0,0,0
1998-03-19 00:00:00,0.052371914,0.020999535,0.212044433,5.137163423,2.872353101,0,0,0,0,0
1998-03-20 00:00:00,0.052813966,0.021180228,0.214644412,5.160958545,2.862024424,0,0,0,0,0
1998-03-21 00:00:00,0.054078354,0.022432479,0.237324901,5.09507523,2.970399832,0,0,0,0,0
1998-03-22 00:00:00,0.055170495,0.02316096,0.248446909,5.014800154,3.014551429,0,0,0,0,0
1998-03-23 00:00:00,0.056479303,0.023768983,0.253685863,4.899944696,3.018360339,0,0,0,0,0
1998-03-24 00:00:00,0.057561457,0.024988582,0.274056808,4.922847797,3.09058554,0,0,0,0,0
1998-03-25 00:00:00,0.057938483,0.025238417,0.279526588,4.952243141,3.101532443,0,0,0,0,0
1998-03-26 00:00:00,0.057730647,0.024462504,0.267321891,4.97520878,3.030743818,0,0,0,0,0
1998-03-27 00:00:00,0.058007782,0.025044531,0.287299626,4.946302745,3.166655273,0,0,0,0,0
1998-03-28 00:00:00,0.056666804,0.021800692,0.222285982,5.05604189,2.781828911,0,0,0,0,0
1998-03-29 00:00:00,0.05646832,0.020883942,0.20602819,5.088413387,2.684360594,0,0,0,0,0
1998-03-30 00:00:00,0.070572499,0.037986083,0.474009838,4.210511463,3.97748138,0,0,0,0,0
1998-03-31 00:00:00,0.089503884,0.056956333,0.656544041,3.841885834,4.392251913,0,0,0,0,0
1998-04-01 00:00:00,0.098450135,0.068245198,0.801576697,3.741577381,4.934365076,0,0,0,0,0
1998-04-02 00:00:00,0.083724573,0.047642302,0.542045131,3.714017416,3.990400262,0,0,0,0,0
1998-04-03 00:00:00,0.075539844,0.034795481,0.361368425,3.714979548,3.258892506,0,0,0,0,0
1998-04-04 00:00:00,0.072460703,0.028613862,0.263540351,3.710607761,2.817022878,0,0,0,0,0
1998-04-05 00:00:00,0.071572431,0.025797898,0.214914513,3.707589729,2.57657132,0,0,0,0,0
1998-04-06 00:00:00,0.071365292,0.023939732,0.17824847,3.725903574,2.367238634,0,0,0,0,0
1998-04-07 00:00:00,0.072539376,0.025108126,0.200068855,3.684865085,2.474585096,0,0,0,0,0
1998-04-08 00:00:00,0.075440901,0.028588433,0.256145051,3.581618475,2.734159654,0,0,0,0,0
1998-04-09 00:00:00,0.077314878,0.03057329,0.283743928,3.569740604,2.825677165,0,0,0,0,0
1998-04-10 00:00:00,0.078235891,0.031816678,0.306764493,3.574202642,2.925711633,0,0,0,0,0
1998-04-11 00:00:00,0.07681969,0.028402469,0.248997308,3.644989701,2.624254903,0,0,0,0,0
1998-04-12 00:00:00,0.076351764,0.027264156,0.233547504,3.689671367,2.543084381,0,0,0,0,0
1998-04-13 00:00:00,0.077530958,0.028269587,0.250110324,3.654837305,2.613641717,0,0,0,0,0
1998-04-14 00:00:00,0.077922325,0.02843672,0.254087421,3.680497957,2.615586375,0,0,0,0,0
1998-04-15 00:00:00,0.084828637,0.036422908,0.363014954,3.430820644,3.075161947,0,0,0,0,0
1998-04-16 00:00:00,0.088174495,0.039691684,0.396186771,3.404826823,3.146496533,0,0,0,0,0
1998-04-17 00:00:00,0.087878067,0.038509689,0.381179776,3.406389382,3.079090913,0,0,0,0,0
1998-04-18 00:00:00,0.084997008,0.033331875,0.310449625,3.45741697,2.780098903,0,0,0,0,0
1998-04-19 00:00:00,0.083333128,0.029947742,0.262038943,3.511276131,2.559415679,0,0,0,0,0
1998-04-20 00:00:00,0.08314634,0.028793466,0.245045169,3.531840761,2.471851749,0,0,0,0,0
1998-04-21 00:00:00,0.08362218,0.028772542,0.245803094,3.530018251,2.467375548,0,0,0,0,0
1998-04-22 00:00:00,0.083450119,0.027930707,0.233474713,3.58050664,2.38954952,0,0,0,0,0
1998-04-23 00:00:00,0.083375106,0.027423304,0.227437241,3.629019149,2.344170423,0,0,0,0,0
1998-04-24 00:00:00,0.083322724,0.02696282,0.221829988,3.681980043,2.297900982,0,0,0,0,0
1998-04-25 00:00:00,0.083372085,0.026864543,0.223273233,3.72787197,2.290147253,0,0,0,0,0
1998-04-26 00:00:00,0.084042236,0.027639377,0.238897993,3.722679492,2.360107786,0,0,0,0,0
1998-04-27 00:00:00,0.083918587,0.027498236,0.240281341,3.789238046,2.347826521,0,0,0,0,0
1998-04-28 00:00:00,0.083773757,0.02728772,0.240587964,3.853606533,2.33240868,0,0,0,0,0
1998-04-29 00:00:00,0.083646325,0.027046387,0.240099466,3.917906951,2.312299826,0,0,0,0,0
1998-04-30 00:00:00,0.083560638,0.026951266,0.242510652,3.975165107,2.310186631,0,0,0,0,0
1998-05-01 00:00:00,0.083977453,0.027113926,0.246711053,3.989355684,2.317142636,0,0,0,0,0
1998-05-02 00:00:00,0.085266227,0.028834175,0.277996091,3.906934657,2.482751847,0,0,0,0,0
1998-05-03 00:00:00,0.086344075,0.029870003,0.293853772,3.889180422,2.538280666,0,0,0,0,0
1998-05-04 00:00:00,0.086475271,0.030175218,0.301706105,3.944838617,2.554640758,0,0,0,0,0
1998-05-05 00:00:00,0.086462552,0.03000909,0.301996688,3.99208795,2.540980372,0,0,0,0,0
1998-05-06 00:00:00,0.087213495,0.031074441,0.322047311,3.967073887,2.63797695,0,0,0,0,0
1998-05-07 00:00:00,0.090250629,0.03462545,0.373844992,3.777423062,2.891436335,0,0,0,0,0
1998-05-08 00:00:00,0.090772499,0.034751296,0.37472854,3.797321654,2.870106769,0,0,0,0,0
1998-05-09 00:00:00,0.090571139,0.03380793,0.361084563,3.850698628,2.784173399,0,0,0,0,0
1998-05-10 00:00:00,0.090208919,0.032567692,0.343699224,3.900559369,2.687132866,0,0,0,0,0
1998-05-11 00:00:00,0.089703918,0.030837409,0.316836577,3.98020961,2.530187232,0,0,0,0,0
1998-05-12 00:00:00,0.089413235,0.029956818,0.305252766,4.040014101,2.457189349,0,0,0,0,0
1998-05-13 00:00:00,0.089379397,0.029381044,0.297675605,4.081007323,2.404262532,0,0,0,0,0
1998-05-14 00:00:00,0.089241186,0.028855638,0.291449025,4.137336553,2.355251248,0,0,0,0,0
1998-05-15 00:00:00,0.089442034,0.028722818,0.290815297,4.161297636,2.337461824,0,0,0,0,0
1998-05-16 00:00:00,0.089862451,0.028704242,0.290908638,4.165028629,2.323840947,0,0,0,0,0
1998-05-17 00:00:00,0.089631465,0.02840249,0.289515285,4.230545278,2.299359384,0,0,0,0,0
1998-05-18 00:00:00,0.089487676,0.028221526,0.289987994,4.28666106,2.285565413,0,0,0,0,0
1998-05-19 00:00:00,0.089629256,0.028375741,0.295598051,4.303448841,2.306059383,0,0,0,0,0
1998-05-20 00:00:00,0.089173352,0.02831065,0.301107769,4.360789699,2.333665627,0,0,0,0,0
1998-05-21 00:00:00,0.08906871,0.027938991,0.296308647,4.449328874,2.271341716,0,0,0,0,0
1998-05-22 00:00:00,0.088836067,0.027850128,0.29914412,4.509096689,2.271845065,0,0,0,0,0
1998-05-23 00:00:00,0.088634293,0.028576761,0.319668265,4.500937074,2.400440982,0,0,0,0,0
1998-05-24 00:00:00,0.092215035,0.03299457,0.385155555,4.147384423,2.767210687,0,0,0,0,0
1998-05-25 00:00:00,0.092726421,0.034605656,0.412394402,4.179874625,2.875926257,0,0,0,0,0
1998-05-26 00:00:00,0.092488736,0.035135092,0.425623198,4.243438247,2.929018267,0,0,0,0,0
1998-05-27 00:00:00,0.091690011,0.033766371,0.408888713,4.329246422,2.833863007,0,0,0,0,0
1998-05-28 00:00:00,0.09732648,0.039955305,0.488423716,3.847273076,3.260177483,0,0,0,0,0
1998-05-29 00:00:00,0.096400708,0.037443852,0.449199653,4.001099364,3.010593066,0,0,0,0,0
1998-05-30 00:00:00,0.096176918,0.037996109,0.464622252,3.999602018,3.105092577,0,0,0,0,0
1998-05-31 00:00:00,0.097602113,0.037433072,0.446204508,3.948900332,2.971302109,0,0,0,0,0
1998-06-01 00:00:00,0.09712097,0.038417178,0.473315285,3.901974019,3.162942698,0,0,0,0,0
1998-06-02 00:00:00,0.096155522,0.034995865,0.418538236,4.060838884,2.827439586,0,0,0,0,0
1998-06-03 00:00:00,0.095582376,0.033353239,0.394641578,4.14372061,2.680838469,0,0,0,0,0
1998-06-04 00:00:00,0.095301016,0.031884994,0.370765561,4.235118364,2.516068103,0,0,0,0,0
1998-06-05 00:00:00,0.094903347,0.031573827,0.370766641,4.261087391,2.520033215,0,0,0,0,0
1998-06-06 00:00:00,0.094580018,0.031015525,0.36467913,4.314302152,2.472723566,0,0,0,0,0
1998-06-07 00:00:00,0.094358302,0.030346975,0.354978288,4.390908509,2.387737094,0,0,0,0,0
1998-06-08 00:00:00,0.094033961,0.029996718,0.352491709,4.446266282,2.357605281,0,0,0,0,0
1998-06-09 00:00:00,0.094699674,0.030319974,0.356605276,4.397302455,2.371147866,0,0,0,0,0
1998-06-10 00:00:00,0.094330864,0.031729358,0.389553851,4.320044992,2.604016189,0,0,0,0,0
1998-06-11 00:00:00,0.101338408,0.041572381,0.52163431,3.690115794,3.340566301,0,0,0,0,0
1998-06-12 00:00:00,0.103759649,0.045006983,0.559671798,3.666223309,3.454595991,0,0,0,0,0
1998-06-13 00:00:00,0.103632113,0.043926663,0.541314297,3.737627636,3.318584321,0,0,0,0,0
1998-06-14 00:00:00,0.102095848,0.040745025,0.50075366,3.820394185,3.112238252,0,0,0,0,0
1998-06-15 00:00:00,0.100515133,0.03792411,0.466643465,3.896394699,2.947321922,0,0,0,0,0
1998-06-16 00:00:00,0.09920317,0.034815703,0.422861135,4.026548208,2.689394498,0,0,0,0,0
1998-06-17 00:00:00,0.09976427,0.035223805,0.429285224,3.950589381,2.736200914,0,0,0,0,0
1998-06-18 00:00:00,0.108426158,0.046271283,0.562149757,3.338983697,3.439001754,0,0,0,0,0
1998-06-19 00:00:00,0.115293923,0.055187212,0.65005194,3.20112842,3.726834992,0,0,0,0,0
1998-06-20 00:00:00,0.115327566,0.054436337,0.638349914,3.204304065,3.656097074,0,0,0,0,0
1998-06-21 00:00:00,0.111872513,0.047985046,0.565110129,3.270832543,3.345364246,0,0,0,0,0
1998-06-22 00:00:00,0.10828347,0.040406722,0.468391715,3.451188084,2.849784693,0,0,0,0,0
1998-06-23 00:00:00,0.106806378,0.0372642,0.427995784,3.533229944,2.634110871,0,0,0,0,0
1998-06-24 00:00:00,0.107187409,0.036708302,0.418309342,3.500597296,2.57913235,0,0,0,0,0
1998-06-25 00:00:00,0.106184431,0.035291844,0.401445279,3.576820367,2.47169814,0,0,0,0,0
1998-06-26 00:00:00,0.105791916,0.034917109,0.398832656,3.590336616,2.454975653,0,0,0,0,0
1998-06-27 00:00:00,0.111161087,0.045443047,0.54268767,3.118953586,3.302017201,0,0,0,0,0
1998-06-28 00:00:00,0.121402973,0.057679751,0.657897038,2.84377836,3.712564505,0,0,0,0,0
1998-06-29 00:00:00,0.124683798,0.062240564,0.699818662,2.803878365,3.843400897,0,0,0,0,0
1998-06-30 00:00:00,0.118421175,0.050739837,0.571249854,2.953856731,3.267862221,0,0,0,0,0
1998-07-01 00:00:00,0.113971475,0.04231507,0.47229501,3.105683225,2.788618358,0,0,0,0,0
1998-07-02 00:00:00,0.111979234,0.038666427,0.428677459,3.185326154,2.564917721,0,0,0,0,0
1998-07-03 00:00:00,0.101340106,0.036959867,0.460484777,3.838299989,2.741883195,0,0,0,0,0
1998-07-04 00:00:00,0.111797803,0.03839232,0.426721952,3.16456429,2.549356373,0,0,0,0,0
1998-07-05 00:00:00,0.110534817,0.03724643,0.416021444,3.224912291,2.484501067,0,0,0,0,0
1998-07-06 00:00:00,0.109801634,0.037119504,0.418806592,3.241147559,2.502348127,0,0,0,0,0
1998-07-07 00:00:00,0.108494474,0.036795467,0.422379461,3.269305557,2.539656862,0,0,0,0,0
1998-07-08 00:00:00,0.106951143,0.034875125,0.399356226,3.383360352,2.38205559,0,0,0,0,0
1998-07-09 00:00:00,0.105163967,0.034149029,0.39855237,3.451835822,2.389534842,0,0,0,0,0
1998-07-10 00:00:00,0.103594947,0.032865495,0.385798992,3.560371935,2.295352333,0,0,0,0,0
1998-07-11 00:00:00,0.101817456,0.032208747,0.385488181,3.641135547,2.300300651,0,0,0,0,0
1998-07-12 00:00:00,0.100199661,0.031291555,0.378935042,3.751749282,2.24450647,0,0,0,0,0
1998-07-13 00:00:00,0.09847219,0.030607207,0.377193235,3.852801372,2.229546239,0,0,0,0,0
1998-07-14 00:00:00,0.096589537,0.030085499,0.37956546,3.942604725,2.256029023,0,0,0,0,0
1998-07-15 00:00:00,0.094905503,0.029436081,0.377989453,4.050622947,2.240712379,0,0,0,0,0
1998-07-16 00:00:00,0.093119826,0.028941198,0.380025201,4.145844837,2.262636603,0,0,0,0,0
1998-07-17 00:00:00,0.091705575,0.02820168,0.374444452,4.284389418,2.195042233,0,0,0,0,0
1998-07-18 00:00:00,0.089972844,0.028006971,0.381751498,4.354411401,2.265435549,0,0,0,0,0
1998-07-19 00:00:00,0.090359123,0.029078066,0.398346676,4.237246663,2.389457845,0,0,0,0,0
1998-07-20 00:00:00,0.090182731,0.029163239,0.400384113,4.213259718,2.402906079,0,0,0,0,0
1998-07-21 00:00:00,0.089385429,0.02912821,0.403831089,4.248125848,2.422016253,0,0,0,0,0
1998-07-22 00:00:00,0.087258809,0.029672498,0.426808517,4.279689702,2.636569773,0,0,0,0,0
1998-07-23 00:00:00,0.086190242,0.028603103,0.412720055,4.437277071,2.493966564,0,0,0,0,0
1998-07-24 00:00:00,0.084796497,0.028147706,0.412684278,4.518554393,2.502618899,0,0,0,0,0
1998-07-25 00:00:00,0.083485837,0.02714666,0.402128127,4.645050658,2.41654031,0,0,0,0,0
1998-07-26 00:00:00,0.082032467,0.026394784,0.396973189,4.756991009,2.38296023,0,0,0,0,0
1998-07-27 00:00:00,0.080351919,0.02607919,0.401496724,4.827256001,2.450604392,0,0,0,0,0
1998-07-28 00:00:00,0.07905853,0.025165028,0.391674466,4.983853102,2.357032735,0,0,0,0,0
1998-07-29 00:00:00,0.077266845,0.024842591,0.396807684,5.056093225,2.441264126,0,0,0,0,0
1998-07-30 00:00:00,0.07614099,0.024029868,0.387308451,5.224558233,2.336929989,0,0,0,0,0
1998-07-31 00:00:00,0.074671715,0.023587106,0.38755012,5.331209061,2.355105043,0,0,0,0,0
1998-08-01 00:00:00,0.073192646,0.023116052,0.387183301,5.449012799,2.367015552,0,0,0,0,0
1998-08-02 00:00:00,0.07204929,0.022463357,0.380646533,5.61999716,2.289195849,0,0,0,0,0
1998-08-03 00:00:00,0.071368362,0.022638397,0.387428714,5.590183204,2.369526581,0,0,0,0,0
1998-08-04 00:00:00,0.076070661,0.02609019,0.418992452,4.802979409,2.642882202,0,0,0,0,0
1998-08-05 00:00:00,0.075691882,0.026568273,0.427531475,4.811360603,2.696337551,0,0,0,0,0
1998-08-06 00:00:00,0.07678844,0.030264423,0.480735773,4.622374736,3.077567043,0,0,0,0,0
1998-08-07 00:00:00,0.077704918,0.032445746,0.508011589,4.522287414,3.248510773,0,0,0,0,0
1998-08-08 00:00:00,0.076119197,0.030494987,0.4844361,4.623249011,3.103083305,0,0,0,0,0
1998-08-09 00:00:00,0.074294206,0.028708156,0.465562236,4.712392738,3.012341387,0,0,0,0,0
1998-08-10 00:00:00,0.072511578,0.026706512,0.441475152,4.84860192,2.860371712,0,0,0,0,0
1998-08-11 00:00:00,0.070914174,0.025005715,0.420520304,4.990507882,2.718303803,0,0,0,0,0
1998-08-12 00:00:00,0.069643052,0.02344753,0.398844534,5.147478412,2.543105186,0,0,0,0,0
1998-08-13 00:00:00,0.06885119,0.022784424,0.390094295,5.196179631,2.483873399,0,0,0,0,0
1998-08-14 00:00:00,0.067939516,0.024042393,0.419098398,4.983038469,2.844153831,0,0,0,0,0
1998-08-15 00:00:00,0.067952541,0.022335552,0.383948731,5.166320485,2.463981095,0,0,0,0,0
1998-08-16 00:00:00,0.067021925,0.021937775,0.380591239,5.228149525,2.447999403,0,0,0,0,0
1998-08-17 00:00:00,0.066961421,0.022810738,0.39565405,5.049109766,2.628816307,0,0,0,0,0
1998-08-18 00:00:00,0.065858508,0.021752132,0.380403388,5.239816698,2.471441285,0,0,0,0,0
1998-08-19 00:00:00,0.064581458,0.021387497,0.379815072,5.349831322,2.48083772,0,0,0,0,0
1998-08-20 00:00:00,0.063450776,0.021006809,0.377959323,5.442254297,2.480941885,0,0,0,0,0
1998-08-21 00:00:00,0.062586756,0.02099686,0.381241912,5.472972254,2.531851472,0,0,0,0,0
1998-08-22 00:00:00,0.061972554,0.020772355,0.378851125,5.485745426,2.528750786,0,0,0,0,0
1998-08-23 00:00:00,0.063112963,0.023058973,0.410915015,5.150334903,2.830510317,0,0,0,0,0
1998-08-24 00:00:00,0.062071316,0.023118851,0.416127535,5.24248732,2.884949809,0,0,0,0,0
1998-08-25 00:00:00,0.06162716,0.025009989,0.452424703,5.082319619,3.266239401,0,0,0,0,0
1998-08-26 00:00:00,0.059934419,0.021871327,0.402222252,5.474061615,2.785977161,0,0,0,0,0
1998-08-27 00:00:00,0.059312348,0.022287159,0.411564532,5.469621514,2.892784928,0,0,0,0,0
1998-08-28 00:00:00,0.060119877,0.025710361,0.468130732,5.050001908,3.469246253,0,0,0,0,0
1998-08-29 00:00:00,0.059183183,0.027993908,0.517513138,4.834999603,4.036309646,0,0,0,0,0
1998-08-30 00:00:00,0.056755465,0.020981375,0.397241801,5.648365323,2.836233582,0,0,0,0,0
1998-08-31 00:00:00,0.055411599,0.021671022,0.419327309,5.566975462,3.153522913,0,0,0,0,0
1998-09-01 00:00:00,0.053856653,0.022516219,0.447137523,5.405758446,3.580103597,0,0,0,0,0
1998-09-02 00:00:00,0.052694337,0.019681717,0.396053113,5.833994489,3.036616361,0,0,0,0,0
1998-09-03 00:00:00,0.051460564,0.019039326,0.390033945,5.936958604,3.033857813,0,0,0,0,0
1998-09-04 00:00:00,0.050641537,0.017135309,0.353396573,6.341900138,2.595281119,0,0,0,0,0
1998-09-05 00:00:00,0.049475575,0.016576531,0.347801056,6.500555501,2.57126436,0,0,0,0,0
1998-09-06 00:00:00,0.047419463,0.017928884,0.391296657,6.156110583,3.293339262,0,0,0,0,0
1998-09-07 00:00:00,0.046363427,0.017662702,0.391312061,6.234703453,3.352011468,0,0,0,0,0
1998-09-08 00:00:00,0.045259636,0.017052882,0.384242697,6.388166707,3.32553908,0,0,0,0,0
1998-09-09 00:00:00,0.044208698,0.016610597,0.380236925,6.517573742,3.333972579,0,0,0,0,0
1998-09-10 00:00:00,0.044222311,0.014807857,0.335960139,7.186244689,2.637200824,0,0,0,0,0
1998-09-11 00:00:00,0.043555323,0.014122455,0.32251786,7.498229311,2.445179139,0,0,0,0,0
1998-09-12 00:00:00,0.042578686,0.013845151,0.321068898,7.670593697,2.460095146,0,0,0,0,0
1998-09-13 00:00:00,0.041734517,0.014625329,0.342014554,7.64559642,2.751624013,0,0,0,0,0
1998-09-14 00:00:00,0.052632639,0.024704451,0.453914112,5.116305912,3.678262807,0,0,0,0,0
1998-09-15 00:00:00,0.055525664,0.028060917,0.485297342,4.96265708,3.791294145,0,0,0,0,0
1998-09-16 00:00:00,0.05980092,0.036557163,0.602663431,4.7415309,4.64264561,0,0,0,0,0
1998-09-17 00:00:00,0.056163441,0.031825035,0.542811974,5.007362317,4.257800428,0,0,0,0,0
1998-09-18 00:00:00,0.051273178,0.024550845,0.442603377,5.437379112,3.533251649,0,0,0,0,0
1998-09-19 00:00:00,0.050358456,0.025510066,0.471890329,5.246892288,3.954520231,0,0,0,0,0
1998-09-20 00:00:00,0.048347064,0.024078527,0.461174878,5.275671451,4.012686796,0,0,0,0,0
1998-09-21 00:00:00,0.046102496,0.021070928,0.416703949,5.519675419,3.689002208,0,0,0,0,0
1998-09-22 00:00:00,0.043984111,0.015889343,0.319408489,6.156840423,2.685299498,0,0,0,0,0
1998-09-23 00:00:00,0.043314877,0.015451626,0.312377684,6.194159798,2.657935431,0,0,0,0,0
1998-09-24 00:00:00,0.043197423,0.015264017,0.30585071,6.119941783,2.622996594,0,0,0,0,0
1998-09-25 00:00:00,0.042407277,0.014647665,0.295513017,6.217901148,2.552700152,0,0,0,0,0
1998-09-26 00:00:00,0.041647802,0.01542252,0.317397623,6.097702024,2.889186516,0,0,0,0,0
1998-09-27 00:00:00,0.040785009,0.013822433,0.283923248,6.423198209,2.509220737,0,0,0,0,0
1998-09-28 00:00:00,0.040003068,0.013348065,0.276155771,6.550704121,2.458076209,0,0,0,0,0
1998-09-29 00:00:00,0.039957482,0.014945184,0.311343932,6.190496871,2.948718507,0,0,0,0,0
1998-09-30 00:00:00,0.03962848,0.015481854,0.323780467,6.091081878,3.141912021,0,0,0,0,0
1998-10-01 00:00:00,0.038985311,0.013254481,0.27175911,6.5315353,2.504743288,0,0,0,0,0
1998-10-02 00:00:00,0.038728952,0.013739303,0.281335462,6.510396276,2.631986397,0,0,0,0,0
1998-10-03 00:00:00,0.038999621,0.014154492,0.284406362,6.365872349,2.679816102,0,0,0,0,0
1998-10-04 00:00:00,0.039738617,0.016347531,0.323245712,6.147773145,3.078735496,0,0,0,0,0
1998-10-05 00:00:00,0.046924141,0.025044817,0.436632009,5.077103492,3.932078298,0,0,0,0,0
1998-10-06 00:00:00,0.053135014,0.035005534,0.583349348,4.490899865,5.078592787,0,0,0,0,0
1998-10-07 00:00:00,0.052162276,0.033918508,0.5658145,4.618956063,4.946319149,0,0,0,0,0
1998-10-08 00:00:00,0.049522685,0.030581192,0.519802698,4.789009015,4.653505678,0,0,0,0,0
1998-10-09 00:00:00,0.046194327,0.026241597,0.458958793,4.996557108,4.260511169,0,0,0,0,0
1998-10-10 00:00:00,0.043257922,0.022431015,0.403687978,5.201741957,3.895757498,0,0,0,0,0
1998-10-11 00:00:00,0.040965316,0.019497832,0.359029473,5.38943651,3.591452466,0,0,0,0,0
1998-10-12 00:00:00,0.039271356,0.017392197,0.325306074,5.546217715,3.357047883,0,0,0,0,0
1998-10-13 00:00:00,0.037970254,0.015825369,0.298726625,5.683850848,3.166991856,0,0,0,0,0
1998-10-14 00:00:00,0.036959139,0.01472146,0.279289936,5.799261849,3.031253788,0,0,0,0,0
1998-10-15 00:00:00,0.035791199,0.012354844,0.226990951,6.144623881,2.480976733,0,0,0,0,0
1998-10-16 00:00:00,0.03540857,0.012456029,0.22960461,6.165750539,2.544930081,0,0,0,0,0
1998-10-17 00:00:00,0.041647629,0.022695117,0.4091862,4.958591893,4.221069086,0,0,0,0,0
1998-10-18 00:00:00,0.044698205,0.026360859,0.450894962,4.836557286,4.414044648,0,0,0,0,0
1998-10-19 00:00:00,0.045848113,0.02816777,0.472165672,4.892699679,4.519833527,0,0,0,0,0
1998-10-20 00:00:00,0.044573067,0.026739367,0.450390862,5.002023753,4.381308416,0,0,0,0,0
1998-10-21 00:00:00,0.042060609,0.023557845,0.402885996,5.155809711,4.075281313,0,0,0,0,0
1998-10-22 00:00:00,0.03956602,0.020421075,0.355163066,5.324414543,3.76464708,0,0,0,0,0
1998-10-23 00:00:00,0.037536186,0.017970867,0.316761048,5.487911104,3.513390338,0,0,0,0,0
1998-10-24 00:00:00,0.035733556,0.015649182,0.276501815,5.686125624,3.211914871,0,0,0,0,0
1998-10-25 00:00:00,0.033928734,0.012825277,0.219889918,5.987546277,2.702801925,0,0,0,0,0
1998-10-26 00:00:00,0.033052899,0.01181651,0.199332929,6.135221152,2.534638221,0,0,0,0,0
1998-10-27 00:00:00,0.034388395,0.014848317,0.262710675,5.731945066,3.216380295,0,0,0,0,0
1998-10-28 00:00:00,0.033440741,0.013566615,0.235597148,5.904759549,2.977694552,0,0,0,0,0
1998-10-29 00:00:00,0.033179673,0.014050109,0.248607924,5.928643454,3.149135883,0,0,0,0,0
1998-10-30 00:00:00,0.03277332,0.013972228,0.247873499,5.990685282,3.175680917,0,0,0,0,0
1998-10-31 00:00:00,0.03221739,0.013612004,0.241440769,6.078655043,3.150246424,0,0,0,0,0
1998-11-01 00:00:00,0.031648473,0.0132254,0.234506481,6.166073754,3.12199438,0,0,0,0,0
1998-11-02 00:00:00,0.03110879,0.012895194,0.228820967,6.249471385,3.107195242,0,0,0,0,0
1998-11-03 00:00:00,0.030538673,0.012513127,0.221863168,6.34558245,3.078785807,0,0,0,0,0
1998-11-04 00:00:00,0.030030662,0.012223587,0.216879257,6.433009187,3.069348857,0,0,0,0,0
1998-11-05 00:00:00,0.02953024,0.011935434,0.211762949,6.524238444,3.057747599,0,0,0,0,0
1998-11-06 00:00:00,0.02905343,0.011683554,0.207293065,6.615661364,3.051455156,0,0,0,0,0
1998-11-07 00:00:00,0.028613531,0.011477241,0.203702738,6.702687621,3.052839889,0,0,0,0,0
1998-11-08 00:00:00,0.027926104,0.0096667,0.151210813,7.040957916,2.454578556,0,0,0,0,0
1998-11-09 00:00:00,0.030335659,0.013443024,0.226158551,6.510063036,3.167887102,0,0,0,0,0
1998-11-10 00:00:00,0.039351038,0.02372119,0.375558056,5.441072463,4.173541445,0,0,0,0,0
1998-11-11 00:00:00,0.039639628,0.023825504,0.360113953,5.695197592,3.934254419,0,0,0,0,0
1998-11-12 00:00:00,0.0385823,0.022504769,0.335828468,5.778696302,3.767463789,0,0,0,0,0
1998-11-13 00:00:00,0.037769163,0.02187764,0.332826269,5.744591544,3.829671073,0,0,0,0,0
1998-11-14 00:00:00,0.033534475,0.016195194,0.236255635,5.934359458,3.168643464,0,0,0,0,0
1998-11-15 00:00:00,0.032186671,0.014738076,0.214241957,5.988901589,3.064864991,0,0,0,0,0
1998-11-16 00:00:00,0.030770235,0.012896437,0.180071842,6.057984037,2.837178332,0,0,0,0,0
1998-11-17 00:00:00,0.029740053,0.011551663,0.152943833,6.128279136,2.646937866,0,0,0,0,0
1998-11-18 00:00:00,0.029704977,0.011971461,0.164751021,6.09254116,2.805581613,0,0,0,0,0
1998-11-19 00:00:00,0.029710742,0.012528649,0.180762349,6.045517495,3.009836631,0,0,0,0,0
1998-11-20 00:00:00,0.028402359,0.010166842,0.122174989,6.218853736,2.477856052,0,0,0,0,0
1998-11-21 00:00:00,0.028039587,0.009812819,0.113313729,6.263586794,2.423929766,0,0,0,0,0
1998-11-22 00:00:00,0.027987731,0.0102185,0.124759376,6.259590957,2.573728072,0,0,0,0,0
1998-11-23 00:00:00,0.027470029,0.009489791,0.105287899,6.358159626,2.405068699,0,0,0,0,0
1998-11-24 00:00:00,0.027163869,0.009276205,0.099664505,6.42087662,2.376141533,0,0,0,0,0
1998-11-25 00:00:00,0.02690101,0.00917377,0.097126367,6.480216152,2.378163823,0,0,0,0,0
1998-11-26 00:00:00,0.026626058,0.009031381,0.093345206,6.54900981,2.364983057,0,0,0,0,0
1998-11-27 00:00:00,0.026349956,0.008905868,0.090134908,6.623398036,2.35752498,0,0,0,0,0
1998-11-28 00:00:00,0.026084202,0.00878721,0.087141864,6.701078481,2.351085013,0,0,0,0,0
1998-11-29 00:00:00,0.026340408,0.010182997,0.13063836,6.6211303,2.846783167,0,0,0,0,0
1998-11-30 00:00:00,0.025835095,0.008908886,0.089082489,6.796258753,2.408694946,0,0,0,0,0
1998-12-01 00:00:00,0.02556965,0.008758104,0.085119471,6.875495652,2.392155968,0,0,0,0,0
1998-12-02 00:00:00,0.025321338,0.008664092,0.082791837,6.965148882,2.389433806,0,0,0,0,0
1998-12-03 00:00:00,0.025109919,0.00861868,0.081608959,7.048040513,2.397247037,0,0,0,0,0
1998-12-04 00:00:00,0.024896601,0.008549978,0.079817145,7.133309697,2.398700133,0,0,0,0,0
1998-12-05 00:00:00,0.024736794,0.008573436,0.080493764,7.20867041,2.423552042,0,0,0,0,0
1998-12-06 00:00:00,0.025185828,0.009348626,0.097442284,7.149761405,2.586592016,0,0,0,0,0
1998-12-07 00:00:00,0.025173589,0.009321299,0.094105195,7.156119846,2.565698234,0,0,0,0,0
1998-12-08 00:00:00,0.025057216,0.009353412,0.09397351,7.25102579,2.571107192,0,0,0,0,0
1998-12-09 00:00:00,0.025691171,0.010835593,0.133869166,7.230106911,2.958014635,0,0,0,0,0
1998-12-10 00:00:00,0.024941352,0.00960067,0.099368898,7.393840174,2.643732773,0,0,0,0,0
1998-12-11 00:00:00,0.024729747,0.009438696,0.094882742,7.472088298,2.61799031,0,0,0,0,0
1998-12-12 00:00:00,0.024615817,0.009474203,0.096238731,7.532777071,2.649449995,0,0,0,0,0
1998-12-13 00:00:00,0.024416995,0.009351119,0.093305031,7.606268193,2.641210017,0,0,0,0,0
1998-12-14 00:00:00,0.024144437,0.009070824,0.085938418,7.693506885,2.590027842,0,0,0,0,0
1998-12-15 00:00:00,0.024028492,0.009106209,0.087560874,7.758015402,2.624819672,0,0,0,0,0
1998-12-16 00:00:00,0.023823313,0.008942003,0.083413508,7.837469535,2.60328203,0,0,0,0,0
1998-12-17 00:00:00,0.023625516,0.008735753,0.077321428,7.915316317,2.559920223,0,0,0,0,0
1998-12-18 00:00:00,0.023585006,0.008853348,0.08102121,7.965478423,2.611679666,0,0,0,0,0
1998-12-19 00:00:00,0.023382346,0.008605173,0.073436368,8.047777788,2.551877867,0,0,0,0,0
1998-12-20 00:00:00,0.024782599,0.011783973,0.171773825,7.801733895,3.533603575,0,0,0,0,0
1998-12-21 00:00:00,0.024170194,0.010529757,0.131892819,7.965669818,3.148206431,0,0,0,0,0
1998-12-22 00:00:00,0.023220912,0.008599074,0.07152261,8.196999293,2.567460311,0,0,0,0,0
1998-12-23 00:00:00,0.024279789,0.010920584,0.142678528,8.037104821,3.26703664,0,0,0,0,0
1998-12-24 00:00:00,0.023169232,0.008656429,0.071805108,8.294030879,2.588121012,0,0,0,0,0
1998-12-25 00:00:00,0.023143065,0.008674119,0.071625073,8.342355568,2.594888052,0,0,0,0,0
1998-12-26 00:00:00,0.02332297,0.009089177,0.083717304,8.350466058,2.718373027,0,0,0,0,0
1998-12-27 00:00:00,0.02313963,0.008747669,0.072236517,8.424520201,2.615641201,0,0,0,0,0
1998-12-28 00:00:00,0.024870261,0.012307501,0.181672054,8.15114551,3.661669619,0,0,0,0,0
1998-12-29 00:00:00,0.02340626,0.009318014,0.08821868,8.450651003,2.780591022,0,0,0,0,0
1998-12-30 00:00:00,0.023163179,0.008825498,0.072151059,8.528970052,2.635031737,0,0,0,0,0
1998-12-31 00:00:00,0.023188758,0.008864098,0.072340928,8.560303128,2.642286917,0,0,0,0,0
1999-01-01 00:00:00,0.023056965,0.008651562,0.06595357,8.617834609,2.59300411,0,0,0,0,0
1999-01-02 00:00:00,0.022614083,0.008048295,0.049285503,8.798560392,2.448787511,0,0,0,0,0
1999-01-03 00:00:00,0.023327537,0.009001501,0.0732577,8.632377688,2.662377221,0,0,0,0,0
1999-01-04 00:00:00,0.023386832,0.009050195,0.07361331,8.648645376,2.669352194,0,0,0,0,0
1999-01-05 00:00:00,0.023330149,0.008928256,0.069692615,8.689922937,2.640325626,0,0,0,0,0
1999-01-06 00:00:00,0.023514651,0.009159708,0.074898221,8.687989311,2.686389975,0,0,0,0,0
1999-01-07 00:00:00,0.023565748,0.00916392,0.074076842,8.698779622,2.682407393,0,0,0,0,0
1999-01-08 00:00:00,0.023451987,0.008970119,0.068385054,8.761792859,2.637314027,0,0,0,0,0
1999-01-09 00:00:00,0.023699354,0.009233063,0.074073483,8.725094685,2.686237298,0,0,0,0,0
1999-01-10 00:00:00,0.023806045,0.009311063,0.075248124,8.730678303,2.697286706,0,0,0,0,0
1999-01-11 00:00:00,0.023819991,0.009254131,0.073005923,8.753417236,2.680067101,0,0,0,0,0
1999-01-12 00:00:00,0.023868673,0.009238481,0.071650016,8.766554964,2.669708189,0,0,0,0,0
1999-01-13 00:00:00,0.024127703,0.009493596,0.077221065,8.731534759,2.714963921,0,0,0,0,0
1999-01-14 00:00:00,0.024212234,0.009513388,0.07686541,8.735431006,2.71218929,0,0,0,0,0
1999-01-15 00:00:00,0.024386116,0.009646422,0.079389441,8.719120484,2.731995662,0,0,0,0,0
1999-01-16 00:00:00,0.02464536,0.009854114,0.083218621,8.669775104,2.760912525,0,0,0,0,0
1999-01-17 00:00:00,0.026758686,0.012231302,0.13493185,8.22497859,3.137686742,0,0,0,0,0
1999-01-18 00:00:00,0.028632744,0.014525806,0.190508607,7.816286681,3.578278857,0,0,0,0,0
1999-01-19 00:00:00,0.02853914,0.014182341,0.178411399,7.878542265,3.462683184,0,0,0,0,0
1999-01-20 00:00:00,0.027411141,0.012017354,0.11727541,7.955506251,2.9706098,0,0,0,0,0
1999-01-21 00:00:00,0.028127012,0.012841784,0.134934614,7.904140198,3.087537793,0,0,0,0,0
1999-01-22 00:00:00,0.031426907,0.016124235,0.19343012,7.334784643,3.44599733,0,0,0,0,0
1999-01-23 00:00:00,0.032134345,0.016432419,0.191235424,7.18340313,3.396159612,0,0,0,0,0
1999-01-24 00:00:00,0.037099402,0.023738646,0.360857461,7.125027652,4.551120222,0,0,0,0,0
1999-01-25 00:00:00,0.036956111,0.023268135,0.348666575,7.079936605,4.461215413,0,0,0,0,0
1999-01-26 00:00:00,0.036074722,0.02184789,0.318918138,7.02995176,4.27709908,0,0,0,0,0
1999-01-27 00:00:00,0.036155211,0.021593375,0.312155198,6.914510908,4.23514134,0,0,0,0,0
1999-01-28 00:00:00,0.034629364,0.019203065,0.261356891,6.846005445,3.922870957,0,0,0,0,0
1999-01-29 00:00:00,0.033817595,0.017862711,0.232999919,6.807670478,3.749052965,0,0,0,0,0
1999-01-30 00:00:00,0.033188156,0.016752943,0.209036408,6.772066638,3.600250617,0,0,0,0,0
1999-01-31 00:00:00,0.031521315,0.013572821,0.12628299,6.761104353,3.000084606,0,0,0,0,0
1999-02-01 00:00:00,0.031231294,0.012538057,0.095934465,6.712091533,2.767006797,0,0,0,0,0
1999-02-02 00:00:00,0.032836442,0.014828461,0.154321216,6.579661347,3.194195404,0,0,0,0,0
1999-02-03 00:00:00,0.033981437,0.015653493,0.163738036,6.438600657,3.215427038,0,0,0,0,0
1999-02-04 00:00:00,0.034531935,0.016143703,0.175146279,6.359630802,3.295949743,0,0,0,0,0
1999-02-05 00:00:00,0.035920735,0.018148155,0.223033547,6.341694747,3.611913775,0,0,0,0,0
1999-02-06 00:00:00,0.035961283,0.017807187,0.212909206,6.302915325,3.532260875,0,0,0,0,0
1999-02-07 00:00:00,0.034910325,0.015560257,0.15458205,6.285341815,3.115385276,0,0,0,0,0
1999-02-08 00:00:00,0.038329913,0.020341244,0.261504313,6.175098408,3.796740012,0,0,0,0,0
1999-02-09 00:00:00,0.036594576,0.016217831,0.151951041,6.021651271,3.030229084,0,0,0,0,0
1999-02-10 00:00:00,0.037588489,0.016971103,0.160507765,5.968524241,3.042741386,0,0,0,0,0
1999-02-11 00:00:00,0.046337056,0.027941525,0.354438058,5.924433712,4.036386744,0,0,0,0,0
1999-02-12 00:00:00,0.054640721,0.038514034,0.536818944,5.974579859,4.946075225,0,0,0,0,0
1999-02-13 00:00:00,0.053726178,0.037014859,0.509694438,5.921021127,4.79517287,0,0,0,0,0
1999-02-14 00:00:00,0.049350047,0.031020967,0.41118885,5.76765264,4.327814156,0,0,0,0,0
1999-02-15 00:00:00,0.044046671,0.023241151,0.268283973,5.597234833,3.57914327,0,0,0,0,0
1999-02-16 00:00:00,0.042654311,0.021134966,0.235278086,5.504460406,3.439692159,0,0,0,0,0
1999-02-17 00:00:00,0.041269494,0.018665828,0.186658893,5.420462349,3.173223437,0,0,0,0,0
1999-02-18 00:00:00,0.040574209,0.017161795,0.155629899,5.363655314,2.995220576,0,0,0,0,0
1999-02-19 00:00:00,0.040235856,0.016211773,0.135415902,5.330391142,2.873637031,0,0,0,0,0
1999-02-20 00:00:00,0.040106911,0.015623019,0.122777709,5.315107136,2.793540133,0,0,0,0,0
1999-02-21 00:00:00,0.039943237,0.01484302,0.103312579,5.316380506,2.655395239,0,0,0,0,0
1999-02-22 00:00:00,0.039993239,0.01457215,0.097310754,5.328465195,2.608384743,0,0,0,0,0
1999-02-23 00:00:00,0.040061708,0.014350673,0.092424389,5.349760004,2.566098479,0,0,0,0,0
1999-02-24 00:00:00,0.040956401,0.015761148,0.129685252,5.322836077,2.816559479,0,0,0,0,0
1999-02-25 00:00:00,0.04078156,0.01442781,0.0898604,5.351394236,2.506726175,0,0,0,0,0
1999-02-26 00:00:00,0.0414022,0.015402543,0.11611051,5.361605829,2.6754461,0,0,0,0,0
1999-02-27 00:00:00,0.041906945,0.01579956,0.124372001,5.365635366,2.709456091,0,0,0,0,0
1999-02-28 00:00:00,0.041917677,0.015198958,0.106941854,5.409853617,2.564096235,0,0,0,0,0
1999-03-01 00:00:00,0.042072186,0.015126888,0.105393829,5.448770638,2.536773579,0,0,0,0,0
1999-03-02 00:00:00,0.042247298,0.015143696,0.106773979,5.4861763,2.532068345,0,0,0,0,0
1999-03-03 00:00:00,0.042405773,0.015127023,0.107544045,5.522993102,2.524161632,0,0,0,0,0
1999-03-04 00:00:00,0.04251875,0.015014967,0.105982213,5.56241512,2.501089203,0,0,0,0,0
1999-03-05 00:00:00,0.043000671,0.015410523,0.115374376,5.561043295,2.547675248,0,0,0,0,0
1999-03-06 00:00:00,0.043255776,0.015453419,0.116888104,5.581404014,2.543519909,0,0,0,0,0
1999-03-07 00:00:00,0.043434536,0.015445886,0.117709465,5.6208196,2.534034966,0,0,0,0,0
1999-03-08 00:00:00,0.043099954,0.014354988,0.091212761,5.717476363,2.336991198,0,0,0,0,0
1999-03-09 00:00:00,0.043794623,0.015379447,0.118062459,5.696442312,2.506404991,0,0,0,0,0
1999-03-10 00:00:00,0.044097634,0.015489644,0.121259758,5.715439582,2.512613055,0,0,0,0,0
1999-03-11 00:00:00,0.044317869,0.015516293,0.12286374,5.749144722,2.508300975,0,0,0,0,0
1999-03-12 00:00:00,0.044657513,0.015685091,0.127478622,5.764584227,2.523386967,0,0,0,0,0
1999-03-13 00:00:00,0.045827643,0.017018182,0.156857019,5.665861347,2.696688317,0,0,0,0,0
1999-03-14 00:00:00,0.047569617,0.018904528,0.193738557,5.517070017,2.898716409,0,0,0,0,0
1999-03-15 00:00:00,0.047894837,0.018773784,0.188031313,5.5524698,2.830326813,0,0,0,0,0
1999-03-16 00:00:00,0.048364328,0.019147554,0.195101405,5.596219506,2.842969851,0,0,0,0,0
1999-03-17 00:00:00,0.048740125,0.019317252,0.198800219,5.614138348,2.846280668,0,0,0,0,0
1999-03-18 00:00:00,0.048953271,0.019197693,0.197003301,5.631828509,2.821932616,0,0,0,0,0
1999-03-19 00:00:00,0.0490755,0.018935451,0.192593136,5.650444981,2.785148262,0,0,0,0,0
1999-03-20 00:00:00,0.049109183,0.018548136,0.185950324,5.678724857,2.736248034,0,0,0,0,0
1999-03-21 00:00:00,0.049109684,0.018095211,0.177705857,5.715766266,2.67624153,0,0,0,0,0
1999-03-22 00:00:00,0.049223084,0.01780266,0.172612243,5.744372978,2.634053435,0,0,0,0,0
1999-03-23 00:00:00,0.04938419,0.017594418,0.169235247,5.772988819,2.601200386,0,0,0,0,0
1999-03-24 00:00:00,0.04955213,0.017376081,0.165373161,5.807799995,2.562732554,0,0,0,0,0
1999-03-25 00:00:00,0.049826705,0.017449069,0.168951342,5.820123089,2.576781645,0,0,0,0,0
1999-03-26 00:00:00,0.050129828,0.017502611,0.171364147,5.835623137,2.579400374,0,0,0,0,0
1999-03-27 00:00:00,0.050391114,0.017295458,0.16608105,5.879495045,2.521652913,0,0,0,0,0
1999-03-28 00:00:00,0.050798081,0.018806509,0.2126676,5.768908653,2.867328702,0,0,0,0,0
1999-03-29 00:00:00,0.05140358,0.020769426,0.270040256,5.599335133,3.289933631,0,0,0,0,0
1999-03-30 00:00:00,0.051403218,0.017591392,0.17557793,5.93936209,2.53374421,0,0,0,0,0
1999-03-31 00:00:00,0.051614341,0.01754874,0.175961372,5.988679754,2.517913175,0,0,0,0,0
1999-04-01 00:00:00,0.051883803,0.01758972,0.178172097,6.02666428,2.514314697,0,0,0,0,0
1999-04-02 00:00:00,0.05216442,0.017659293,0.18112526,6.062538282,2.515745486,0,0,0,0,0
1999-04-03 00:00:00,0.059375163,0.026548715,0.343690805,5.111244002,3.454012613,0,0,0,0,0
1999-04-04 00:00:00,0.062341139,0.028393214,0.354246272,4.981546997,3.395973669,0,0,0,0,0
1999-04-05 00:00:00,0.06825784,0.038223735,0.531019565,4.710534651,4.302487972,0,0,0,0,0
1999-04-06 00:00:00,0.06698993,0.033335684,0.424599668,4.819055214,3.656438701,0,0,0,0,0
1999-04-07 00:00:00,0.065913527,0.030852624,0.383183708,4.856482343,3.443449517,0,0,0,0,0
1999-04-08 00:00:00,0.070440212,0.03594921,0.461722337,4.511313892,3.826237445,0,0,0,0,0
1999-04-09 00:00:00,0.07844622,0.042229987,0.515986215,4.078607355,3.933057672,0,0,0,0,0
1999-04-10 00:00:00,0.079473801,0.042204299,0.503974507,4.077264148,3.817568813,0,0,0,0,0
1999-04-11 00:00:00,0.079682257,0.041521502,0.49849155,3.957587409,3.826016954,0,0,0,0,0
1999-04-12 00:00:00,0.075997816,0.034234447,0.384802788,3.994677684,3.308292855,0,0,0,0,0
1999-04-13 00:00:00,0.07466669,0.031092286,0.337762746,3.982040583,3.106086639,0,0,0,0,0
1999-04-14 00:00:00,0.073553998,0.027083492,0.263108394,4.032196343,2.704761997,0,0,0,0,0
1999-04-15 00:00:00,0.073919307,0.026576762,0.254405165,4.010100139,2.657839831,0,0,0,0,0
1999-04-16 00:00:00,0.074312477,0.026569127,0.256939522,3.989683663,2.675658087,0,0,0,0,0
1999-04-17 00:00:00,0.074444512,0.02473948,0.215589465,4.064020797,2.401665408,0,0,0,0,0
1999-04-18 00:00:00,0.074886344,0.025000292,0.222844184,4.060992632,2.43644551,0,0,0,0,0
1999-04-19 00:00:00,0.075126674,0.024519102,0.213002418,4.110153396,2.354924196,0,0,0,0,0
1999-04-20 00:00:00,0.075833586,0.025266217,0.228920136,4.087051973,2.435428592,0,0,0,0,0
1999-04-21 00:00:00,0.077503533,0.028157279,0.285415855,3.969160376,2.747089771,0,0,0,0,0
1999-04-22 00:00:00,0.087272411,0.040497744,0.460544229,3.517874434,3.525174372,0,0,0,0,0
1999-04-23 00:00:00,0.101492381,0.05520454,0.605125085,3.229297779,3.911784199,0,0,0,0,0
1999-04-24 00:00:00,0.102878142,0.05569963,0.604165139,3.198802573,3.874797455,0,0,0,0,0
1999-04-25 00:00:00,0.095340534,0.043211069,0.446562959,3.255896755,3.274287555,0,0,0,0,0
1999-04-26 00:00:00,0.083335325,0.034850112,0.380503584,4.078169162,3.007886101,0,0,0,0,0
1999-04-27 00:00:00,0.083146982,0.032742636,0.347838987,4.021493503,2.863907425,0,0,0,0,0
1999-04-28 00:00:00,0.083275489,0.031600559,0.328874659,4.014223178,2.762818231,0,0,0,0,0
1999-04-29 00:00:00,0.082432225,0.029707977,0.30122226,4.101456173,2.612680617,0,0,0,0,0
1999-04-30 00:00:00,0.09116234,0.030175371,0.254896255,3.385759177,2.374031137,0,0,0,0,0
1999-05-01 00:00:00,0.090952446,0.029549908,0.24776983,3.437772425,2.324505029,0,0,0,0,0
1999-05-02 00:00:00,0.090687411,0.028962451,0.241268424,3.502134836,2.273503518,0,0,0,0,0
1999-05-03 00:00:00,0.090400919,0.028549164,0.238321912,3.570031851,2.240724284,0,0,0,0,0
1999-05-04 00:00:00,0.090109677,0.028287582,0.238584225,3.638062628,2.225381856,0,0,0,0,0
1999-05-05 00:00:00,0.089825092,0.028090169,0.239985531,3.70797135,2.215102581,0,0,0,0,0
1999-05-06 00:00:00,0.091731234,0.0306264,0.28405628,3.565856164,2.458381254,0,0,0,0,0
1999-05-07 00:00:00,0.091645491,0.030387906,0.281946581,3.640961922,2.415002858,0,0,0,0,0
1999-05-08 00:00:00,0.091674714,0.030703329,0.290931572,3.690373991,2.441275126,0,0,0,0,0
1999-05-09 00:00:00,0.091527105,0.030543118,0.292189369,3.744955717,2.43173587,0,0,0,0,0
1999-05-10 00:00:00,0.091250986,0.03016624,0.29017083,3.806281161,2.407025977,0,0,0,0,0
1999-05-11 00:00:00,0.090981693,0.029842197,0.289095503,3.868155589,2.387015201,0,0,0,0,0
1999-05-12 00:00:00,0.091148537,0.030382168,0.303069855,3.871999561,2.460057023,0,0,0,0,0
1999-05-13 00:00:00,0.090931549,0.030139658,0.302967644,3.931709149,2.443740724,0,0,0,0,0
1999-05-14 00:00:00,0.090677955,0.029583062,0.296278104,4.012239301,2.382602315,0,0,0,0,0
1999-05-15 00:00:00,0.090425211,0.029207287,0.293607213,4.08118361,2.349609134,0,0,0,0,0
1999-05-16 00:00:00,0.094981923,0.038270001,0.444536197,3.644879097,3.194327351,0,0,0,0,0
1999-05-17 00:00:00,0.107463726,0.052786723,0.607987559,3.196018265,3.809673126,0,0,0,0,0
1999-05-18 00:00:00,0.113660739,0.060996581,0.698573023,3.091550935,4.118725678,0,0,0,0,0
1999-05-19 00:00:00,0.108481023,0.050619185,0.56410039,3.213595273,3.541098238,0,0,0,0,0
1999-05-20 00:00:00,0.103565473,0.040209782,0.42234016,3.390750754,2.890708368,0,0,0,0,0
1999-05-21 00:00:00,0.102208057,0.036679575,0.373722125,3.453417678,2.658783289,0,0,0,0,0
1999-05-22 00:00:00,0.101919118,0.034990568,0.349141464,3.483286908,2.530086257,0,0,0,0,0
1999-05-23 00:00:00,0.102380098,0.034602835,0.343002217,3.467587032,2.494433197,0,0,0,0,0
1999-05-24 00:00:00,0.102152072,0.034147791,0.340114888,3.489695716,2.47975038,0,0,0,0,0
1999-05-25 00:00:00,0.102078024,0.032880996,0.318601266,3.561530881,2.331356999,0,0,0,0,0
1999-05-26 00:00:00,0.101818297,0.032434725,0.314832051,3.608673664,2.297067302,0,0,0,0,0
1999-05-27 00:00:00,0.101422258,0.03202761,0.3125157,3.664786749,2.270043667,0,0,0,0,0
1999-05-28 00:00:00,0.100890916,0.03172306,0.313065679,3.723200461,2.262148814,0,0,0,0,0
1999-05-29 00:00:00,0.100347761,0.031345811,0.311925534,3.794093808,2.238395645,0,0,0,0,0
1999-05-30 00:00:00,0.099713049,0.031021574,0.312486296,3.866902187,2.226503271,0,0,0,0,0
1999-05-31 00:00:00,0.099349423,0.030753335,0.312038084,3.928237781,2.204379479,0,0,0,0,0
1999-06-01 00:00:00,0.099566456,0.031866662,0.335951557,3.872037553,2.352443785,0,0,0,0,0
1999-06-02 00:00:00,0.100388487,0.032648813,0.347985014,3.821475507,2.408829178,0,0,0,0,0
1999-06-03 00:00:00,0.099525937,0.032501689,0.352624732,3.913336036,2.414685372,0,0,0,0,0
1999-06-04 00:00:00,0.099871708,0.034094777,0.382416845,3.86982751,2.579328768,0,0,0,0,0
1999-06-05 00:00:00,0.099658121,0.03406269,0.384935966,3.913226545,2.575126632,0,0,0,0,0
1999-06-06 00:00:00,0.101328639,0.036820728,0.426749711,3.759312896,2.810691955,0,0,0,0,0
1999-06-07 00:00:00,0.102124713,0.037090756,0.427145392,3.750675046,2.782069746,0,0,0,0,0
1999-06-08 00:00:00,0.102146394,0.036498916,0.418337007,3.776827089,2.71705337,0,0,0,0,0
1999-06-09 00:00:00,0.102848669,0.037808744,0.438175431,3.741162124,2.810127706,0,0,0,0,0
1999-06-10 00:00:00,0.103272276,0.03909399,0.459437486,3.713845873,2.917661478,0,0,0,0,0
1999-06-11 00:00:00,0.103941348,0.039464418,0.463161003,3.683455285,2.923878413,0,0,0,0,0
1999-06-12 00:00:00,0.104068204,0.039583933,0.466398535,3.676190876,2.936042492,0,0,0,0,0
1999-06-13 00:00:00,0.108213129,0.046934169,0.566433277,3.370568268,3.474497693,0,0,0,0,0
1999-06-14 00:00:00,0.106911513,0.041498368,0.482684266,3.537689505,2.979993876,0,0,0,0,0
1999-06-15 00:00:00,0.105928208,0.039603114,0.460216822,3.581097652,2.869261375,0,0,0,0,0
1999-06-16 00:00:00,0.10484605,0.036877316,0.422926201,3.666227179,2.659089483,0,0,0,0,0
1999-06-17 00:00:00,0.103920392,0.035368525,0.405122059,3.726335304,2.56093045,0,0,0,0,0
1999-06-18 00:00:00,0.103009339,0.033902024,0.386778217,3.809993956,2.444988892,0,0,0,0,0
1999-06-19 00:00:00,0.102191742,0.032904087,0.375718326,3.884147004,2.369362585,0,0,0,0,0
1999-06-20 00:00:00,0.101405406,0.032205474,0.369487048,3.952061721,2.321642769,0,0,0,0,0
1999-06-21 00:00:00,0.100576544,0.031635444,0.365688129,4.022492874,2.287345027,0,0,0,0,0
1999-06-22 00:00:00,0.100113542,0.031842617,0.374115706,4.026084817,2.341434955,0,0,0,0,0
1999-06-23 00:00:00,0.100172329,0.032254076,0.382691843,3.999396307,2.390488373,0,0,0,0,0
1999-06-24 00:00:00,0.099507353,0.032395114,0.390846924,4.021527931,2.440843388,0,0,0,0,0
1999-06-25 00:00:00,0.098489508,0.03192906,0.389516594,4.110603109,2.416211958,0,0,0,0,0
1999-06-26 00:00:00,0.097421272,0.031360739,0.386996864,4.195112547,2.391597933,0,0,0,0,0
1999-06-27 00:00:00,0.096350901,0.030804781,0.384653472,4.278564364,2.369624653,0,0,0,0,0
1999-06-28 00:00:00,0.095960281,0.031879751,0.40905557,4.182070721,2.56713356,0,0,0,0,0
1999-06-29 00:00:00,0.095834398,0.030931101,0.392344025,4.274164411,2.413806995,0,0,0,0,0
1999-06-30 00:00:00,0.095147247,0.031795999,0.413776032,4.238801192,2.573307497,0,0,0,0,0
1999-07-01 00:00:00,0.096789723,0.03354702,0.435078274,4.06007335,2.702707922,0,0,0,0,0
1999-07-02 00:00:00,0.095574975,0.032843619,0.429703556,4.19392069,2.639051093,0,0,0,0,0
1999-07-03 00:00:00,0.094805095,0.032569428,0.430003573,4.247753189,2.633211035,0,0,0,0,0
1999-07-04 00:00:00,0.093729939,0.031845463,0.42467106,4.323892168,2.598064798,0,0,0,0,0
1999-07-05 00:00:00,0.092504965,0.031686937,0.431070362,4.348103196,2.667883405,0,0,0,0,0
1999-07-06 00:00:00,0.091497043,0.032135564,0.447662251,4.286432286,2.835022707,0,0,0,0,0
1999-07-07 00:00:00,0.091021074,0.02962536,0.403749638,4.535041535,2.450167295,0,0,0,0,0
1999-07-08 00:00:00,0.089400732,0.030431583,0.431252785,4.446728325,2.729271516,0,0,0,0,0
1999-07-09 00:00:00,0.089636179,0.029772719,0.417119644,4.496537004,2.588958519,0,0,0,0,0
1999-07-10 00:00:00,0.088974176,0.028605474,0.399263982,4.644640668,2.41924082,0,0,0,0,0
1999-07-11 00:00:00,0.087372527,0.028636937,0.411287279,4.649522395,2.557706569,0,0,0,0,0
1999-07-12 00:00:00,0.085018021,0.029125134,0.437989948,4.564723453,2.879085253,0,0,0,0,0
1999-07-13 00:00:00,0.085714814,0.027136293,0.3931629,4.888606363,2.373937369,0,0,0,0,0
1999-07-14 00:00:00,0.084906022,0.02672109,0.390328379,4.968814572,2.33946797,0,0,0,0,0
1999-07-15 00:00:00,0.083757132,0.026239489,0.388531077,5.064593243,2.324141543,0,0,0,0,0
1999-07-16 00:00:00,0.083274324,0.027297934,0.411968913,4.93043284,2.543006599,0,0,0,0,0
1999-07-17 00:00:00,0.087405763,0.030119827,0.435982208,4.441075852,2.698118778,0,0,0,0,0
1999-07-18 00:00:00,0.086848488,0.030017045,0.436671011,4.48245744,2.68898341,0,0,0,0,0
1999-07-19 00:00:00,0.087505243,0.032309533,0.470490001,4.359301696,2.910287779,0,0,0,0,0
1999-07-20 00:00:00,0.09110239,0.038798876,0.553831852,3.967609444,3.442589378,0,0,0,0,0
1999-07-21 00:00:00,0.096060927,0.047318173,0.655792637,3.600370147,4.029083808,0,0,0,0,0
1999-07-22 00:00:00,0.093177803,0.041957194,0.58477012,3.885506932,3.55182394,0,0,0,0,0
1999-07-23 00:00:00,0.093495386,0.044766407,0.631520918,3.663123051,3.935505406,0,0,0,0,0
1999-07-24 00:00:00,0.090016517,0.035570478,0.502873976,4.010116425,3.082121357,0,0,0,0,0
1999-07-25 00:00:00,0.088145004,0.033446479,0.480666957,4.071964681,2.981878197,0,0,0,0,0
1999-07-26 00:00:00,0.088307374,0.033939008,0.489068166,3.925962996,3.090394345,0,0,0,0,0
1999-07-27 00:00:00,0.086950496,0.030878282,0.444011102,4.110657216,2.747951018,0,0,0,0,0
1999-07-28 00:00:00,0.085548277,0.030174265,0.440837593,4.136462449,2.766826576,0,0,0,0,0
1999-07-29 00:00:00,0.084659024,0.027847246,0.403996798,4.305829711,2.458499396,0,0,0,0,0
1999-07-30 00:00:00,0.083629836,0.028021199,0.413017825,4.286037111,2.562132066,0,0,0,0,0
1999-07-31 00:00:00,0.084600793,0.032549146,0.486145123,3.880822576,3.194720692,0,0,0,0,0
1999-08-01 00:00:00,0.083077353,0.03088093,0.464891998,4.045043775,3.023117015,0,0,0,0,0
1999-08-02 00:00:00,0.082124063,0.027960275,0.416795756,4.300185352,2.590363291,0,0,0,0,0
1999-08-03 00:00:00,0.08062822,0.029297459,0.450200397,4.189522785,2.938402546,0,0,0,0,0
1999-08-04 00:00:00,0.079818793,0.028680961,0.443217424,4.223283816,2.897167184,0,0,0,0,0
1999-08-05 00:00:00,0.078859664,0.025881759,0.396327936,4.509087569,2.452153635,0,0,0,0,0
1999-08-06 00:00:00,0.07750068,0.025056397,0.388525375,4.616191247,2.396547184,0,0,0,0,0
1999-08-07 00:00:00,0.077783348,0.0278661,0.437571588,4.239613388,2.900873042,0,0,0,0,0
1999-08-08 00:00:00,0.076939774,0.02509213,0.389622676,4.539447349,2.428994532,0,0,0,0,0
1999-08-09 00:00:00,0.075800489,0.025654167,0.405870136,4.507158431,2.604200449,0,0,0,0,0
1999-08-10 00:00:00,0.075174071,0.025070561,0.397059281,4.571549105,2.520274124,0,0,0,0,0
1999-08-11 00:00:00,0.073875034,0.02435931,0.390449862,4.691153422,2.4648247,0,0,0,0,0
1999-08-12 00:00:00,0.073131398,0.028268754,0.465985489,4.319898671,3.226497818,0,0,0,0,0
1999-08-13 00:00:00,0.072107216,0.026554249,0.439041013,4.508509449,2.974984539,0,0,0,0,0
1999-08-14 00:00:00,0.071046809,0.024789439,0.411029249,4.718686794,2.70585746,0,0,0,0,0
1999-08-15 00:00:00,0.069836615,0.023229223,0.387977071,4.91081393,2.492809369,0,0,0,0,0
1999-08-16 00:00:00,0.068573011,0.023113516,0.392675561,4.928265467,2.580324834,0,0,0,0,0
1999-08-17 00:00:00,0.0675052,0.021995285,0.376450871,5.087723519,2.426691442,0,0,0,0,0
1999-08-18 00:00:00,0.067248168,0.022059694,0.377126711,5.04026241,2.447399111,0,0,0,0,0
1999-08-19 00:00:00,0.066908938,0.022040883,0.376781244,5.007695237,2.459080054,0,0,0,0,0
1999-08-20 00:00:00,0.065303906,0.022413151,0.392845806,5.0248809,2.663235492,0,0,0,0,0
1999-08-21 00:00:00,0.064219349,0.021097642,0.372270877,5.245897793,2.448353307,0,0,0,0,0
1999-08-22 00:00:00,0.063179023,0.020552661,0.366523928,5.343770848,2.407872514,0,0,0,0,0
1999-08-23 00:00:00,0.065416209,0.025269522,0.436789174,4.701078304,3.085790259,0,0,0,0,0
1999-08-24 00:00:00,0.066301809,0.025909399,0.438003155,4.617914973,3.053516459,0,0,0,0,0
1999-08-25 00:00:00,0.065128725,0.024983154,0.425207485,4.797811469,2.925000328,0,0,0,0,0
1999-08-26 00:00:00,0.064020514,0.02480148,0.427425667,4.837329935,2.981462115,0,0,0,0,0
1999-08-27 00:00:00,0.063287622,0.027579428,0.483845882,4.573528547,3.597232484,0,0,0,0,0
1999-08-28 00:00:00,0.061585549,0.02559386,0.4577995,4.713254791,3.426392769,0,0,0,0,0
1999-08-29 00:00:00,0.059929267,0.022151047,0.401732706,5.049242674,2.913242542,0,0,0,0,0
1999-08-30 00:00:00,0.058731107,0.019967817,0.365116606,5.310938255,2.558933556,0,0,0,0,0
1999-08-31 00:00:00,0.057389209,0.020176597,0.377155145,5.281809523,2.760233867,0,0,0,0,0
1999-09-01 00:00:00,0.056416545,0.018684918,0.351215815,5.522097976,2.487805108,0,0,0,0,0
1999-09-02 00:00:00,0.054932176,0.018923098,0.365045493,5.484068877,2.728440146,0,0,0,0,0
1999-09-03 00:00:00,0.054258598,0.017376165,0.33457283,5.80028664,2.357715407,0,0,0,0,0
1999-09-04 00:00:00,0.052596569,0.017953648,0.357221754,5.675045653,2.739178716,0,0,0,0,0
1999-09-05 00:00:00,0.051202393,0.017693545,0.359935215,5.718731976,2.852738388,0,0,0,0,0
1999-09-06 00:00:00,0.050932928,0.016342479,0.329152198,6.10026895,2.412703159,0,0,0,0,0
1999-09-07 00:00:00,0.049013011,0.017041513,0.357271913,5.899871925,2.918202666,0,0,0,0,0
1999-09-08 00:00:00,0.048308805,0.017161389,0.362398501,5.900821291,3.010199123,0,0,0,0,0
1999-09-09 00:00:00,0.04735603,0.016261255,0.347188709,6.124403261,2.855044357,0,0,0,0,0
1999-09-10 00:00:00,0.047191224,0.015283794,0.322898543,6.491315335,2.469887299,0,0,0,0,0
1999-09-11 00:00:00,0.046135478,0.015138362,0.324995286,6.578712277,2.542138795,0,0,0,0,0
1999-09-12 00:00:00,0.044334519,0.015398738,0.343239619,6.453876481,2.941872884,0,0,0,0,0
1999-09-13 00:00:00,0.043389219,0.015435446,0.348853688,6.489145079,3.064725393,0,0,0,0,0
1999-09-14 00:00:00,0.042447399,0.015380099,0.352397937,6.553576541,3.160241466,0,0,0,0,0
1999-09-15 00:00:00,0.042336986,0.014071421,0.319154691,7.097506711,2.621615,0,0,0,0,0
1999-09-16 00:00:00,0.04062295,0.015112256,0.355498977,6.737086009,3.296897134,0,0,0,0,0
1999-09-17 00:00:00,0.040948461,0.013272482,0.305149001,7.542090608,2.441696666,0,0,0,0,0
1999-09-18 00:00:00,0.039405515,0.01396885,0.332220446,7.313513665,2.966939489,0,0,0,0,0
1999-09-19 00:00:00,0.037869846,0.01404715,0.345031346,7.241079531,3.303398752,0,0,0,0,0
1999-09-20 00:00:00,0.037804256,0.013498664,0.32858781,7.581582589,3.005900125,0,0,0,0,0
1999-09-21 00:00:00,0.037008814,0.013513916,0.332874932,7.612033778,3.127743716,0,0,0,0,0
1999-09-22 00:00:00,0.037042603,0.01223771,0.29733679,8.264050417,2.516590011,0,0,0,0,0
1999-09-23 00:00:00,0.035087055,0.014289418,0.363517867,7.393140194,3.7516859,0,0,0,0,0
1999-09-24 00:00:00,0.034265911,0.013981374,0.360540072,7.566775509,3.766679966,0,0,0,0,0
1999-09-25 00:00:00,0.034719128,0.011576538,0.29157723,8.836436084,2.545173705,0,0,0,0,0
1999-09-26 00:00:00,0.034333564,0.011992463,0.301535252,8.804257192,2.704153312,0,0,0,0,0
1999-09-27 00:00:00,0.037850127,0.01538407,0.344438247,7.28952856,3.172283278,0,0,0,0,0
1999-09-28 00:00:00,0.041755585,0.02146231,0.444551218,5.72933851,4.297107252,0,0,0,0,0
1999-09-29 00:00:00,0.042435152,0.022323602,0.451848643,5.693159121,4.309768994,0,0,0,0,0
1999-09-30 00:00:00,0.04007318,0.017164509,0.350194764,6.63093272,3.179151065,0,0,0,0,0
1999-10-01 00:00:00,0.040846092,0.019358217,0.388117807,6.395633206,3.573369378,0,0,0,0,0
1999-10-02 00:00:00,0.041367175,0.019636578,0.386388381,6.136742408,3.581664136,0,0,0,0,0
1999-10-03 00:00:00,0.041569799,0.02003015,0.388949958,6.071370596,3.608575694,0,0,0,0,0
1999-10-04 00:00:00,0.040296545,0.017794373,0.347272636,6.270977675,3.233183601,0,0,0,0,0
1999-10-05 00:00:00,0.041935011,0.023091215,0.452070157,5.664957306,4.369371248,0,0,0,0,0
1999-10-06 00:00:00,0.038124115,0.015830056,0.317519879,6.565816347,3.047268055,0,0,0,0,0
1999-10-07 00:00:00,0.037473565,0.01566064,0.317700589,6.558332896,3.121819625,0,0,0,0,0
1999-10-08 00:00:00,0.036431274,0.013971305,0.284452025,6.744861472,2.818616604,0,0,0,0,0
1999-10-09 00:00:00,0.036072503,0.014241284,0.29197538,6.666571449,2.965811535,0,0,0,0,0
1999-10-10 00:00:00,0.035900287,0.016028011,0.336855599,6.35058332,3.578215407,0,0,0,0,0
1999-10-11 00:00:00,0.03437121,0.012353457,0.255340688,7.021819581,2.650880589,0,0,0,0,0
1999-10-12 00:00:00,0.034109867,0.01420543,0.304326147,6.631668819,3.35003592,0,0,0,0,0
1999-10-13 00:00:00,0.033576418,0.012119937,0.250852668,7.012824584,2.702188122,0,0,0,0,0
1999-10-14 00:00:00,0.033026147,0.01141879,0.234368718,7.158416135,2.541977472,0,0,0,0,0
1999-10-15 00:00:00,0.032789694,0.012141573,0.252498936,7.051895649,2.807541601,0,0,0,0,0
1999-10-16 00:00:00,0.034664351,0.015911297,0.326848959,6.259543587,3.653935083,0,0,0,0,0
1999-10-17 00:00:00,0.033138161,0.012709783,0.255363597,6.828076158,2.86915144,0,0,0,0,0
1999-10-18 00:00:00,0.032846122,0.012970793,0.260846465,6.910213632,2.942973432,0,0,0,0,0
1999-10-19 00:00:00,0.033538212,0.015846925,0.326256165,6.517823381,3.714517735,0,0,0,0,0
1999-10-20 00:00:00,0.031831669,0.012151503,0.241933062,7.190399136,2.779231233,0,0,0,0,0
1999-10-21 00:00:00,0.032532748,0.015311566,0.317634548,6.658628073,3.711154908,0,0,0,0,0
1999-10-22 00:00:00,0.03169302,0.014436442,0.301189904,6.818404239,3.590634333,0,0,0,0,0
1999-10-23 00:00:00,0.030988015,0.013806255,0.289554615,6.94258692,3.51954031,0,0,0,0,0
1999-10-24 00:00:00,0.029672176,0.010753483,0.214334894,7.600638517,2.645709938,0,0,0,0,0
1999-10-25 00:00:00,0.029828605,0.013078557,0.277635929,7.123055458,3.49949255,0,0,0,0,0
1999-10-26 00:00:00,0.028791359,0.010788366,0.219422302,7.69099969,2.812531499,0,0,0,0,0
1999-10-27 00:00:00,0.028675244,0.012324875,0.264344715,7.353997462,3.455331451,0,0,0,0,0
1999-10-28 00:00:00,0.028107847,0.011870441,0.255120487,7.490011866,3.398697683,0,0,0,0,0
1999-10-29 00:00:00,0.028032702,0.011533347,0.242853998,7.457241607,3.283062395,0,0,0,0,0
1999-10-30 00:00:00,0.027421859,0.010247239,0.206600235,7.898033935,2.830536231,0,0,0,0,0
1999-10-31 00:00:00,0.027224342,0.011636286,0.249791723,7.639790444,3.448502046,0,0,0,0,0
1999-11-01 00:00:00,0.026821787,0.011588333,0.250362172,7.742060948,3.496678938,0,0,0,0,0
1999-11-02 00:00:00,0.026316096,0.011203956,0.242058522,7.912693669,3.438983773,0,0,0,0,0
1999-11-03 00:00:00,0.026060479,0.011283293,0.244836888,7.954841199,3.509734751,0,0,0,0,0
1999-11-04 00:00:00,0.025779877,0.011288148,0.245776104,8.011561299,3.559891612,0,0,0,0,0
1999-11-05 00:00:00,0.025464585,0.011226669,0.245071419,8.09678872,3.589381215,0,0,0,0,0
1999-11-06 00:00:00,0.025232206,0.011302755,0.247712421,8.151300903,3.65491615,0,0,0,0,0
1999-11-07 00:00:00,0.024918447,0.011211376,0.246204257,8.253078672,3.672636473,0,0,0,0,0
1999-11-08 00:00:00,0.024049028,0.008620762,0.166605897,9.175282927,2.631720005,0,0,0,0,0
1999-11-09 00:00:00,0.023741111,0.008539942,0.164745229,9.297660018,2.642589036,0,0,0,0,0
1999-11-10 00:00:00,0.025731611,0.013337404,0.292401732,7.982858621,4.202158741,0,0,0,0,0
1999-11-11 00:00:00,0.025838389,0.012668978,0.265855672,7.89523197,3.896648925,0,0,0,0,0
1999-11-12 00:00:00,0.024772464,0.010567042,0.208213798,8.451164436,3.245215516,0,0,0,0,0
1999-11-13 00:00:00,0.025119187,0.012271582,0.258257023,8.143508797,3.882168113,0,0,0,0,0
1999-11-14 00:00:00,0.024750353,0.012027447,0.252942107,8.295170639,3.853276488,0,0,0,0,0
1999-11-15 00:00:00,0.024602013,0.012089625,0.254556377,8.344965219,3.897984743,0,0,0,0,0
1999-11-16 00:00:00,0.024421635,0.012039757,0.253008546,8.402177832,3.908044741,0,0,0,0,0
1999-11-17 00:00:00,0.02360504,0.010223182,0.198589496,8.928601289,3.270924457,0,0,0,0,0
1999-11-18 00:00:00,0.02420613,0.012194001,0.256635171,8.469955141,3.998649481,0,0,0,0,0
1999-11-19 00:00:00,0.024012966,0.012086514,0.253273728,8.563931515,3.981781353,0,0,0,0,0
1999-11-20 00:00:00,0.023964674,0.0121744,0.254536558,8.578100786,4.015648197,0,0,0,0,0
1999-11-21 00:00:00,0.022392637,0.008644497,0.149063212,9.571093648,2.782646872,0,0,0,0,0
1999-11-22 00:00:00,0.022792117,0.009427158,0.166400935,9.432926664,2.975772416,0,0,0,0,0
1999-11-23 00:00:00,0.031343352,0.020094726,0.37732486,6.945495236,4.838680454,0,0,0,0,0
1999-11-24 00:00:00,0.03082159,0.019077785,0.347895944,7.113279809,4.543339576,0,0,0,0,0
1999-11-25 00:00:00,0.034258966,0.02398293,0.438338651,7.047544645,5.193233022,0,0,0,0,0
1999-11-26 00:00:00,0.034019626,0.023743393,0.433176582,7.105383006,5.163391874,0,0,0,0,0
1999-11-27 00:00:00,0.032453035,0.021635888,0.392710091,7.191520955,4.882625061,0,0,0,0,0
1999-11-28 00:00:00,0.030639466,0.019269954,0.347677559,7.328854488,4.571639691,0,0,0,0,0
1999-11-29 00:00:00,0.029121935,0.017340806,0.310872355,7.456341078,4.324545185,0,0,0,0,0
1999-11-30 00:00:00,0.027272389,0.014716833,0.253472914,7.69098377,3.864857937,0,0,0,0,0
1999-12-01 00:00:00,0.024817607,0.010751488,0.156160551,8.112366273,2.989817806,0,0,0,0,0
1999-12-02 00:00:00,0.024301882,0.010125871,0.141805503,8.184283719,2.893588843,0,0,0,0,0
1999-12-03 00:00:00,0.025473663,0.011443021,0.165796622,7.805319241,3.114755469,0,0,0,0,0
1999-12-04 00:00:00,0.02881982,0.016638395,0.28837363,7.165610897,4.239390543,0,0,0,0,0
1999-12-05 00:00:00,0.029505036,0.017279036,0.293463303,7.130524115,4.235332135,0,0,0,0,0
1999-12-06 00:00:00,0.028888612,0.016187876,0.262656721,7.263685521,3.950149506,0,0,0,0,0
1999-12-07 00:00:00,0.026562528,0.012407012,0.169696589,7.524819714,3.150282361,0,0,0,0,0
1999-12-08 00:00:00,0.027977449,0.014902259,0.231765748,7.354672963,3.723706442,0,0,0,0,0
1999-12-09 00:00:00,0.029957383,0.017756782,0.294132032,7.113767283,4.247564638,0,0,0,0,0
1999-12-10 00:00:00,0.028744785,0.015621215,0.240483497,7.137397561,3.807030534,0,0,0,0,0
1999-12-11 00:00:00,0.028743138,0.015872181,0.249323383,7.150581137,3.915282201,0,0,0,0,0
1999-12-12 00:00:00,0.027116664,0.013355222,0.188713376,7.293345508,3.422519249,0,0,0,0,0
1999-12-13 00:00:00,0.026505658,0.012514758,0.169319922,7.341082955,3.286251661,0,0,0,0,0
1999-12-14 00:00:00,0.025905659,0.01165628,0.148700528,7.394235166,3.134830329,0,0,0,0,0
1999-12-15 00:00:00,0.026360902,0.01270342,0.179199137,7.326800033,3.446382979,0,0,0,0,0
1999-12-16 00:00:00,0.026162387,0.012464065,0.173703375,7.335610132,3.4234031,0,0,0,0,0
1999-12-17 00:00:00,0.025824227,0.012044707,0.163920584,7.378531993,3.36273397,0,0,0,0,0
1999-12-18 00:00:00,0.024392507,0.009361599,0.087014536,7.583341892,2.661090075,0,0,0,0,0
1999-12-19 00:00:00,0.025239652,0.011261982,0.144318909,7.453600217,3.232894963,0,0,0,0,0
1999-12-20 00:00:00,0.025226427,0.011223066,0.142550549,7.435882745,3.234214885,0,0,0,0,0
1999-12-21 00:00:00,0.025005716,0.01094483,0.135288074,7.484460838,3.186372633,0,0,0,0,0
1999-12-22 00:00:00,0.024226631,0.009353968,0.085956159,7.638280279,2.722337281,0,0,0,0,0
1999-12-23 00:00:00,0.024680296,0.01057803,0.125492586,7.581889309,3.127783532,0,0,0,0,0
1999-12-24 00:00:00,0.024054317,0.009173615,0.079748449,7.720583332,2.688362811,0,0,0,0,0
1999-12-25 00:00:00,0.024781912,0.010903145,0.134509249,7.626300101,3.232018215,0,0,0,0,0
1999-12-26 00:00:00,0.02461919,0.010691839,0.128541514,7.681500533,3.189432028,0,0,0,0,0
1999-12-27 00:00:00,0.023896044,0.009058898,0.075000248,7.849685502,2.673235141,0,0,0,0,0
1999-12-28 00:00:00,0.023850677,0.009017103,0.073287474,7.894632494,2.665746143,0,0,0,0,0
1999-12-29 00:00:00,0.024475304,0.009987905,0.098372064,7.821205528,2.888534171,0,0,0,0,0
1999-12-30 00:00:00,0.024199818,0.009420498,0.080846062,7.857171564,2.740433714,0,0,0,0,0
1999-12-31 00:00:00,0.024003378,0.009048245,0.068644221,7.936512923,2.630178277,0,0,0,0,0
2000-01-01 00:00:00,0.024017245,0.009163106,0.072340595,7.986319818,2.672102648,0,0,0,0,0
2000-01-02 00:00:00,0.024763332,0.010012354,0.089869393,7.862642983,2.806714064,0,0,0,0,0
2000-01-03 00:00:00,0.02609577,0.012523058,0.164229227,7.715323902,3.480603613,0,0,0,0,0
2000-01-04 00:00:00,0.025178129,0.010301731,0.091726889,7.815668848,2.812827973,0,0,0,0,0
2000-01-05 00:00:00,0.027391069,0.014322978,0.205764937,7.690825349,3.789478545,0,0,0,0,0
2000-01-06 00:00:00,0.025586356,0.010968186,0.108737435,7.867654364,2.957321455,0,0,0,0,0
2000-01-07 00:00:00,0.02553111,0.010854956,0.105533104,7.90036247,2.935540511,0,0,0,0,0
2000-01-08 00:00:00,0.02522194,0.010272799,0.088968947,7.94986688,2.801016747,0,0,0,0,0
2000-01-09 00:00:00,0.025317859,0.010369136,0.090905917,7.963179892,2.819356809,0,0,0,0,0
2000-01-10 00:00:00,0.030198049,0.017782748,0.281875654,7.492458389,4.339866176,0,0,0,0,0
2000-01-11 00:00:00,0.026870285,0.012027382,0.126914196,7.630769042,3.105710485,0,0,0,0,0
2000-01-12 00:00:00,0.026357699,0.011176781,0.103904822,7.728090048,2.918267879,0,0,0,0,0
2000-01-13 00:00:00,0.026536493,0.011384857,0.108790422,7.740472961,2.956451936,0,0,0,0,0
2000-01-14 00:00:00,0.026470838,0.011186815,0.103206557,7.757891033,2.914139845,0,0,0,0,0
2000-01-15 00:00:00,0.02650943,0.011154079,0.10204414,7.763247317,2.907872552,0,0,0,0,0
2000-01-16 00:00:00,0.028249608,0.014376006,0.19665393,7.653607164,3.702945238,0,0,0,0,0
2000-01-17 00:00:00,0.026221672,0.010460526,0.082659905,7.812305704,2.756452283,0,0,0,0,0
2000-01-18 00:00:00,0.026236355,0.010395986,0.080939853,7.826765169,2.745479878,0,0,0,0,0
2000-01-19 00:00:00,0.025791034,0.00962674,0.060543757,7.910274842,2.58509306,0,0,0,0,0
2000-01-20 00:00:00,0.026230938,0.010184416,0.075131883,7.865351676,2.702370664,0,0,0,0,0
2000-01-21 00:00:00,0.026208564,0.010042345,0.07136792,7.887033808,2.674159503,0,0,0,0,0
2000-01-22 00:00:00,0.026349419,0.010145292,0.073931343,7.888714898,2.694244931,0,0,0,0,0
2000-01-23 00:00:00,0.027561496,0.012563897,0.149638741,7.767836646,3.345938978,0,0,0,0,0
2000-01-24 00:00:00,0.026533982,0.01015511,0.073498811,7.905377669,2.687471884,0,0,0,0,0
2000-01-25 00:00:00,0.026638804,0.010172742,0.073624363,7.915399491,2.685540282,0,0,0,0,0
2000-01-26 00:00:00,0.026751324,0.010196459,0.073921272,7.925688316,2.684251845,0,0,0,0,0
2000-01-27 00:00:00,0.026886072,0.010252557,0.07508442,7.934136377,2.689317758,0,0,0,0,0
2000-01-28 00:00:00,0.026970337,0.010197218,0.072644852,7.950551386,2.662840521,0,0,0,0,0
2000-01-29 00:00:00,0.026783436,0.009727014,0.059239655,8.019152485,2.549720981,0,0,0,0,0
2000-01-30 00:00:00,0.027223498,0.010253532,0.0733759,7.978840097,2.656524373,0,0,0,0,0
2000-01-31 00:00:00,0.02745688,0.010441225,0.07811609,7.96906816,2.688447588,0,0,0,0,0
2000-02-01 00:00:00,0.027620485,0.01052173,0.079985262,7.976912915,2.696624562,0,0,0,0,0
2000-02-02 00:00:00,0.027767136,0.010566643,0.080830323,7.988461529,2.695882103,0,0,0,0,0
2000-02-03 00:00:00,0.027907061,0.010562491,0.080049963,7.994004754,2.681788501,0,0,0,0,0
2000-02-04 00:00:00,0.028164474,0.010772554,0.085522527,7.984917004,2.717410207,0,0,0,0,0
2000-02-05 00:00:00,0.028293763,0.010744985,0.083983669,8.001893529,2.694555608,0,0,0,0,0
2000-02-06 00:00:00,0.02978321,0.013948312,0.185842546,7.779558415,3.548005288,0,0,0,0,0
2000-02-07 00:00:00,0.028678697,0.010915357,0.087820344,8.009782105,2.706387358,0,0,0,0,0
2000-02-08 00:00:00,0.028945347,0.011172719,0.095265547,7.99890953,2.758699044,0,0,0,0,0
2000-02-09 00:00:00,0.031463632,0.014584587,0.179580332,7.610312188,3.362770814,0,0,0,0,0
2000-02-10 00:00:00,0.031331046,0.013535191,0.146510405,7.515734813,3.102370299,0,0,0,0,0
2000-02-11 00:00:00,0.031050757,0.012568616,0.11739881,7.571776485,2.861451962,0,0,0,0,0
2000-02-12 00:00:00,0.030243911,0.011087803,0.079166591,7.747019774,2.567180691,0,0,0,0,0
2000-02-13 00:00:00,0.031641191,0.013012369,0.127218175,7.597940286,2.900589994,0,0,0,0,0
2000-02-14 00:00:00,0.033780719,0.016882506,0.237057258,7.31338063,3.742039527,0,0,0,0,0
2000-02-15 00:00:00,0.034132789,0.015653865,0.183036312,7.26271975,3.244168333,0,0,0,0,0
2000-02-16 00:00:00,0.034375229,0.015280835,0.16973662,7.141708211,3.139184887,0,0,0,0,0
2000-02-17 00:00:00,0.033998408,0.014416148,0.147929784,7.23043047,2.96984073,0,0,0,0,0
2000-02-18 00:00:00,0.035009198,0.015655695,0.176383908,7.158234654,3.146586671,0,0,0,0,0
2000-02-19 00:00:00,0.035408971,0.015875778,0.18103165,7.09977794,3.169945762,0,0,0,0,0
2000-02-20 00:00:00,0.035120552,0.014970015,0.158060004,7.117546729,3.001446744,0,0,0,0,0
2000-02-21 00:00:00,0.037761459,0.017885466,0.215762059,6.782264959,3.343561569,0,0,0,0,0
2000-02-22 00:00:00,0.042015162,0.021745409,0.27375479,6.231826496,3.617539691,0,0,0,0,0
2000-02-23 00:00:00,0.045627302,0.0262356,0.348001165,6.280962948,3.936298225,0,0,0,0,0
2000-02-24 00:00:00,0.050836784,0.032098114,0.437231242,6.113013521,4.318664179,0,0,0,0,0
2000-02-25 00:00:00,0.052228276,0.033056386,0.445068554,5.981392908,4.316482697,0,0,0,0,0
2000-02-26 00:00:00,0.055602411,0.036513898,0.498979089,5.726468934,4.57320984,0,0,0,0,0
2000-02-27 00:00:00,0.056513472,0.038084209,0.542006587,5.662420589,4.85484094,0,0,0,0,0
2000-02-28 00:00:00,0.052577692,0.032374042,0.446503049,5.582163657,4.398594583,0,0,0,0,0
2000-02-29 00:00:00,0.049455862,0.027515986,0.361036494,5.500723511,3.974406608,0,0,0,0,0
2000-03-01 00:00:00,0.047491943,0.02408522,0.297351489,5.427077543,3.644191682,0,0,0,0,0
2000-03-02 00:00:00,0.04609749,0.021513414,0.248296726,5.393395288,3.380169141,0,0,0,0,0
2000-03-03 00:00:00,0.045296628,0.019757466,0.213469231,5.36754456,3.185042727,0,0,0,0,0
2000-03-04 00:00:00,0.044856917,0.018543494,0.188726694,5.353724454,3.040049996,0,0,0,0,0
2000-03-05 00:00:00,0.044645079,0.017732114,0.172088962,5.351940255,2.938306495,0,0,0,0,0
2000-03-06 00:00:00,0.044385547,0.016612941,0.145100181,5.380640019,2.751787149,0,0,0,0,0
2000-03-07 00:00:00,0.044157546,0.015295151,0.109851131,5.440994758,2.490391942,0,0,0,0,0
2000-03-08 00:00:00,0.044579466,0.016469998,0.147779476,5.407475606,2.771633714,0,0,0,0,0
2000-03-09 00:00:00,0.045135293,0.016633769,0.149134303,5.378797816,2.759498238,0,0,0,0,0
2000-03-10 00:00:00,0.045249026,0.016500779,0.147433559,5.413605306,2.737414167,0,0,0,0,0
2000-03-11 00:00:00,0.045437716,0.016633733,0.152954982,5.446437555,2.764348785,0,0,0,0,0
2000-03-12 00:00:00,0.045462483,0.01524383,0.109793977,5.564468498,2.409346964,0,0,0,0,0
2000-03-13 00:00:00,0.045829006,0.015385602,0.113228326,5.579783112,2.41430595,0,0,0,0,0
2000-03-14 00:00:00,0.046077112,0.015533426,0.118254113,5.621263803,2.430963848,0,0,0,0,0
2000-03-15 00:00:00,0.046758075,0.016716353,0.15078855,5.572339987,2.647615242,0,0,0,0,0
2000-03-16 00:00:00,0.047010106,0.016208013,0.13448828,5.632818173,2.499973223,0,0,0,0,0
2000-03-17 00:00:00,0.047224067,0.016324237,0.138772067,5.685418127,2.509281326,0,0,0,0,0
2000-03-18 00:00:00,0.047863171,0.016987623,0.154267186,5.673886915,2.589344224,0,0,0,0,0
2000-03-19 00:00:00,0.049266469,0.018251694,0.177550884,5.548824071,2.707267903,0,0,0,0,0
2000-03-20 00:00:00,0.050005173,0.018852016,0.189195236,5.527936698,2.754973205,0,0,0,0,0
2000-03-21 00:00:00,0.050458215,0.019204623,0.19696419,5.551894366,2.780165313,0,0,0,0,0
2000-03-22 00:00:00,0.050660978,0.019134528,0.196529538,5.588809113,2.760989154,0,0,0,0,0
2000-03-23 00:00:00,0.050772394,0.01887737,0.192271019,5.627270881,2.721361185,0,0,0,0,0
2000-03-24 00:00:00,0.051273376,0.018948333,0.192838494,5.606642968,2.708470154,0,0,0,0,0
2000-03-25 00:00:00,0.051578472,0.018941715,0.193620438,5.61592011,2.700962413,0,0,0,0,0
2000-03-26 00:00:00,0.051893645,0.018966287,0.194921149,5.631518123,2.694325182,0,0,0,0,0
2000-03-27 00:00:00,0.052468674,0.019793711,0.217899427,5.557730602,2.85033862,0,0,0,0,0
2000-03-28 00:00:00,0.052416183,0.018496345,0.184525282,5.672481555,2.596728405,0,0,0,0,0
2000-03-29 00:00:00,0.052713452,0.018557257,0.187254171,5.695270714,2.5994459,0,0,0,0,0
2000-03-30 00:00:00,0.052960943,0.018545393,0.188428938,5.726303209,2.59227903,0,0,0,0,0
2000-03-31 00:00:00,0.053176149,0.018504193,0.18921695,5.762357586,2.583266844,0,0,0,0,0
2000-04-01 00:00:00,0.053322913,0.018209544,0.183339781,5.822796356,2.525764402,0,0,0,0,0
2000-04-02 00:00:00,0.053640904,0.018339934,0.187920258,5.839636001,2.542116144,0,0,0,0,0
2000-04-03 00:00:00,0.053809156,0.019037,0.211923415,5.801089606,2.71961551,0,0,0,0,0
2000-04-04 00:00:00,0.054150424,0.018236623,0.187616171,5.925205397,2.502055937,0,0,0,0,0
2000-04-05 00:00:00,0.054463066,0.018417196,0.193534019,5.944546905,2.526483755,0,0,0,0,0
2000-04-06 00:00:00,0.054662983,0.018382834,0.194436598,5.996939582,2.514193236,0,0,0,0,0
2000-04-07 00:00:00,0.057720926,0.022045357,0.264367622,5.568643699,2.924345476,0,0,0,0,0
2000-04-08 00:00:00,0.057965265,0.021137519,0.241826931,5.613536195,2.757256931,0,0,0,0,0
2000-04-09 00:00:00,0.058472645,0.022087933,0.263766652,5.65786501,2.861562088,0,0,0,0,0
2000-04-10 00:00:00,0.058943998,0.02260655,0.275454395,5.683798687,2.908274784,0,0,0,0,0
2000-04-11 00:00:00,0.059426425,0.022639586,0.275567372,5.676946892,2.891197898,0,0,0,0,0
2000-04-12 00:00:00,0.059697772,0.022460181,0.27280799,5.692631132,2.861692638,0,0,0,0,0
2000-04-13 00:00:00,0.059749126,0.022046883,0.266289154,5.743779425,2.810292005,0,0,0,0,0
2000-04-14 00:00:00,0.059756332,0.021650576,0.260612485,5.801442055,2.765358246,0,0,0,0,0
2000-04-15 00:00:00,0.059691016,0.021110065,0.251807116,5.883834866,2.697324534,0,0,0,0,0
2000-04-16 00:00:00,0.059933947,0.020802877,0.245388904,5.934723064,2.635188595,0,0,0,0,0
2000-04-17 00:00:00,0.060641911,0.021240432,0.254010014,5.882445323,2.673909655,0,0,0,0,0
2000-04-18 00:00:00,0.060882793,0.021268523,0.256619356,5.911821257,2.676706596,0,0,0,0,0
2000-04-19 00:00:00,0.067227381,0.029433224,0.399102249,5.031904941,3.500599971,0,0,0,0,0
2000-04-20 00:00:00,0.075508429,0.038086442,0.512854074,4.440819641,3.970431134,0,0,0,0,0
2000-04-21 00:00:00,0.079493654,0.041722068,0.545850381,4.388701138,3.995207659,0,0,0,0,0
2000-04-22 00:00:00,0.080061046,0.041605122,0.53999895,4.394669602,3.93580329,0,0,0,0,0
2000-04-23 00:00:00,0.08309718,0.04346647,0.559926227,4.082629082,4.035395827,0,0,0,0,0
2000-04-24 00:00:00,0.081041488,0.039929218,0.513286953,4.129230118,3.846263077,0,0,0,0,0
2000-04-25 00:00:00,0.078822064,0.034736543,0.429002527,4.239621744,3.423484203,0,0,0,0,0
2000-04-26 00:00:00,0.077465296,0.029870495,0.339710818,4.37353315,2.923395379,0,0,0,0,0
2000-04-27 00:00:00,0.077395141,0.029236018,0.333868292,4.349303909,2.914903593,0,0,0,0,0
2000-04-28 00:00:00,0.077434421,0.026946199,0.285817688,4.437167294,2.607605263,0,0,0,0,0
2000-04-29 00:00:00,0.077789765,0.028019051,0.314715439,4.337046,2.813980342,0,0,0,0,0
2000-04-30 00:00:00,0.078052603,0.027518097,0.305450202,4.361537037,2.747441439,0,0,0,0,0
2000-05-01 00:00:00,0.078250358,0.027721187,0.313644098,4.34420294,2.803663135,0,0,0,0,0
2000-05-02 00:00:00,0.07846416,0.026641658,0.289854548,4.439108832,2.623522674,0,0,0,0,0
2000-05-03 00:00:00,0.078321944,0.026815704,0.30033368,4.442923898,2.700573144,0,0,0,0,0
2000-05-04 00:00:00,0.078369925,0.026388036,0.293499132,4.50762534,2.639724197,0,0,0,0,0
2000-05-05 00:00:00,0.078581183,0.025905813,0.283118234,4.595066267,2.538132621,0,0,0,0,0
2000-05-06 00:00:00,0.078964973,0.025097374,0.262526103,4.733603365,2.3445803,0,0,0,0,0
2000-05-07 00:00:00,0.078931953,0.025011699,0.264264373,4.797431353,2.336148578,0,0,0,0,0
2000-05-08 00:00:00,0.078382072,0.026833156,0.319202379,4.618376448,2.77149274,0,0,0,0,0
2000-05-09 00:00:00,0.07952132,0.028928572,0.3607823,4.471420348,3.017926185,0,0,0,0,0
2000-05-10 00:00:00,0.080752933,0.026640377,0.297274745,4.713395791,2.489162158,0,0,0,0,0
2000-05-11 00:00:00,0.08148428,0.027752567,0.319402896,4.654303465,2.609475219,0,0,0,0,0
2000-05-12 00:00:00,0.083167143,0.032149303,0.40863948,4.270270446,3.210608895,0,0,0,0,0
2000-05-13 00:00:00,0.083480991,0.033730075,0.441481943,4.265436715,3.384153358,0,0,0,0,0
2000-05-14 00:00:00,0.08325632,0.033956555,0.451556844,4.293385562,3.44454942,0,0,0,0,0
2000-05-15 00:00:00,0.083173882,0.029171971,0.348986283,4.660240847,2.711861926,0,0,0,0,0
2000-05-16 00:00:00,0.083127067,0.028597908,0.340488973,4.721682599,2.644835335,0,0,0,0,0
2000-05-17 00:00:00,0.091121433,0.040326137,0.520354978,3.874070417,3.661823604,0,0,0,0,0
2000-05-18 00:00:00,0.11223837,0.059863664,0.698281454,3.072127624,4.178373161,0,0,0,0,0
2000-05-19 00:00:00,0.121961241,0.07079493,0.797982619,2.929526831,4.440212643,0,0,0,0,0
2000-05-20 00:00:00,0.116559068,0.060623859,0.679503602,2.953228186,4.0014556,0,0,0,0,0
2000-05-21 00:00:00,0.108926373,0.044995805,0.476675457,3.126345842,3.133395286,0,0,0,0,0
2000-05-22 00:00:00,0.107000487,0.039020484,0.391766969,3.181417173,2.742510237,0,0,0,0,0
2000-05-23 00:00:00,0.106618704,0.037098041,0.365913986,3.181804329,2.631824935,0,0,0,0,0
2000-05-24 00:00:00,0.106463567,0.035259743,0.336462017,3.22498398,2.466266358,0,0,0,0,0
2000-05-25 00:00:00,0.10661091,0.033494272,0.303184383,3.31015391,2.239294619,0,0,0,0,0
2000-05-26 00:00:00,0.106478876,0.033301863,0.303381634,3.34263532,2.227049336,0,0,0,0,0
2000-05-27 00:00:00,0.107139983,0.034850415,0.332529386,3.272202161,2.397541827,0,0,0,0,0
2000-05-28 00:00:00,0.107412823,0.035765579,0.349517834,3.281412261,2.466479231,0,0,0,0,0
2000-05-29 00:00:00,0.106942799,0.035681588,0.352690886,3.342944535,2.460873559,0,0,0,0,0
2000-05-30 00:00:00,0.107625608,0.036919023,0.373493028,3.305968021,2.564507304,0,0,0,0,0
2000-05-31 00:00:00,0.10681835,0.049965345,0.596470458,3.498294818,3.639501155,0,0,0,0,0
2000-06-01 00:00:00,0.135284033,0.076286451,0.800462555,2.690965746,4.185093938,0,0,0,0,0
2000-06-02 00:00:00,0.140984993,0.077131954,0.767228958,2.561755914,3.937710601,0,0,0,0,0
2000-06-03 00:00:00,0.129249764,0.056225619,0.546777197,2.63427514,3.147493427,0,0,0,0,0
2000-06-04 00:00:00,0.126069067,0.047045155,0.436260796,2.618552489,2.716900679,0,0,0,0,0
2000-06-05 00:00:00,0.126531247,0.045127952,0.408701108,2.577566389,2.600403267,0,0,0,0,0
2000-06-06 00:00:00,0.125551669,0.04216451,0.369937834,2.620921314,2.409622908,0,0,0,0,0
2000-06-07 00:00:00,0.124349531,0.040388387,0.350710434,2.676944102,2.309199367,0,0,0,0,0
2000-06-08 00:00:00,0.122695038,0.038948002,0.338763926,2.756044003,2.240782951,0,0,0,0,0
2000-06-09 00:00:00,0.120721645,0.037748407,0.332046871,2.8543872,2.194778828,0,0,0,0,0
2000-06-10 00:00:00,0.118528309,0.036709061,0.328921187,2.96815605,2.16478052,0,0,0,0,0
2000-06-11 00:00:00,0.116383931,0.035890173,0.329116011,3.0831484,2.151970465,0,0,0,0,0
2000-06-12 00:00:00,0.11401286,0.035444195,0.337318191,3.203850726,2.18700269,0,0,0,0,0
2000-06-13 00:00:00,0.116436507,0.041634304,0.430788632,2.993503482,2.710289689,0,0,0,0,0
2000-06-14 00:00:00,0.1191888,0.045813435,0.47553078,2.973246961,2.847839591,0,0,0,0,0
2000-06-15 00:00:00,0.119059846,0.047070337,0.493420338,3.03663152,2.896394767,0,0,0,0,0
2000-06-16 00:00:00,0.115931744,0.043137751,0.453943534,3.153658725,2.719081888,0,0,0,0,0
2000-06-17 00:00:00,0.112301351,0.039015391,0.412777077,3.318895801,2.522841986,0,0,0,0,0
2000-06-18 00:00:00,0.10934227,0.036350594,0.388702258,3.483436078,2.395947056,0,0,0,0,0
2000-06-19 00:00:00,0.106748274,0.034671562,0.377588312,3.64445773,2.329910687,0,0,0,0,0
2000-06-20 00:00:00,0.107226204,0.035762681,0.395007024,3.589744549,2.428485385,0,0,0,0,0
2000-06-21 00:00:00,0.104173211,0.034304381,0.389068743,3.807213801,2.377985399,0,0,0,0,0
2000-06-22 00:00:00,0.101182814,0.032975731,0.38515414,4.028749381,2.342818452,0,0,0,0,0
2000-06-23 00:00:00,0.11226834,0.035478873,0.366523053,3.295078515,2.252114199,0,0,0,0,0
2000-06-24 00:00:00,0.111415132,0.035536074,0.373875303,3.324656868,2.291961265,0,0,0,0,0
2000-06-25 00:00:00,0.110254224,0.035143594,0.375051344,3.385365557,2.290525739,0,0,0,0,0
2000-06-26 00:00:00,0.108769249,0.034466775,0.373180066,3.471750183,2.269609464,0,0,0,0,0
2000-06-27 00:00:00,0.10721313,0.033789383,0.371695287,3.560901425,2.253498181,0,0,0,0,0
2000-06-28 00:00:00,0.106391897,0.033499836,0.372553355,3.603025146,2.251707455,0,0,0,0,0
2000-06-29 00:00:00,0.105009439,0.033034602,0.373674127,3.678481642,2.253389717,0,0,0,0,0
2000-06-30 00:00:00,0.103468938,0.03240516,0.372625374,3.773078978,2.23930096,0,0,0,0,0
2000-07-01 00:00:00,0.101997025,0.031791773,0.371471064,3.864540686,2.225435237,0,0,0,0,0
2000-07-02 00:00:00,0.102313084,0.033082489,0.393739428,3.757859064,2.386259203,0,0,0,0,0
2000-07-03 00:00:00,0.103414662,0.03402638,0.403388349,3.673701114,2.429216534,0,0,0,0,0
2000-07-04 00:00:00,0.102294534,0.033756006,0.405258868,3.749024033,2.424689032,0,0,0,0,0
2000-07-05 00:00:00,0.101249909,0.033346231,0.404913079,3.805273091,2.418117448,0,0,0,0,0
2000-07-06 00:00:00,0.100085004,0.032690755,0.401259951,3.869111618,2.39435618,0,0,0,0,0
2000-07-07 00:00:00,0.098765799,0.031811477,0.394580084,3.95225567,2.349438758,0,0,0,0,0
2000-07-08 00:00:00,0.097457979,0.030992912,0.388568542,4.038052347,2.307070117,0,0,0,0,0
2000-07-09 00:00:00,0.097698124,0.031784642,0.401574995,3.954037303,2.403680875,0,0,0,0,0
2000-07-10 00:00:00,0.100326023,0.035939783,0.455331372,3.675504729,2.744982735,0,0,0,0,0
2000-07-11 00:00:00,0.098909185,0.035243416,0.450285129,3.807262698,2.68199239,0,0,0,0,0
2000-07-12 00:00:00,0.097962653,0.034891604,0.44982619,3.855983993,2.676094371,0,0,0,0,0
2000-07-13 00:00:00,0.096762304,0.033829138,0.439994539,3.909243472,2.624534983,0,0,0,0,0
2000-07-14 00:00:00,0.095282774,0.032228177,0.422739808,3.994184712,2.523775277,0,0,0,0,0
2000-07-15 00:00:00,0.093907982,0.030861051,0.408033204,4.08218257,2.432118957,0,0,0,0,0
2000-07-16 00:00:00,0.091823546,0.031863117,0.441196105,3.99417107,2.768407363,0,0,0,0,0
2000-07-17 00:00:00,0.090802635,0.030197817,0.417430344,4.127836986,2.580230909,0,0,0,0,0
2000-07-18 00:00:00,0.090398707,0.028388547,0.385559505,4.314905414,2.276711494,0,0,0,0,0
2000-07-19 00:00:00,0.088897611,0.028355661,0.394868516,4.319852625,2.389250155,0,0,0,0,0
2000-07-20 00:00:00,0.08754345,0.028029571,0.397264655,4.366940679,2.428168138,0,0,0,0,0
2000-07-21 00:00:00,0.086550335,0.027316115,0.389477368,4.476100615,2.348460616,0,0,0,0,0
2000-07-22 00:00:00,0.084614855,0.027260745,0.401169206,4.484901327,2.504091718,0,0,0,0,0
2000-07-23 00:00:00,0.084055046,0.026270894,0.384470266,4.66622981,2.303141385,0,0,0,0,0
2000-07-24 00:00:00,0.082840543,0.025728955,0.381179153,4.779457346,2.265169206,0,0,0,0,0
2000-07-25 00:00:00,0.081683324,0.025140815,0.376437049,4.90391132,2.209951308,0,0,0,0,0
2000-07-26 00:00:00,0.080533041,0.024917421,0.378934528,4.95776867,2.240538589,0,0,0,0,0
2000-07-27 00:00:00,0.07889226,0.024651878,0.384010887,5.022081957,2.315860271,0,0,0,0,0
2000-07-28 00:00:00,0.078136222,0.024052824,0.376106961,5.153218808,2.215058463,0,0,0,0,0
2000-07-29 00:00:00,0.077117065,0.023821216,0.377383515,5.20699307,2.233750486,0,0,0,0,0
2000-07-30 00:00:00,0.075870488,0.023670045,0.381746475,5.263962077,2.286949036,0,0,0,0,0
2000-07-31 00:00:00,0.074801482,0.023410203,0.382717581,5.331153678,2.302537964,0,0,0,0,0
2000-08-01 00:00:00,0.074093185,0.024884985,0.41489767,5.084161727,2.665915453,0,0,0,0,0
2000-08-02 00:00:00,0.072970441,0.02549729,0.433875377,4.908485088,2.937251611,0,0,0,0,0
2000-08-03 00:00:00,0.073016479,0.023123859,0.385221501,5.355266564,2.344486458,0,0,0,0,0
2000-08-04 00:00:00,0.071675357,0.022701382,0.38461028,5.469156802,2.348184857,0,0,0,0,0
2000-08-05 00:00:00,0.076864868,0.029102346,0.464448562,4.525222881,3.019880764,0,0,0,0,0
2000-08-06 00:00:00,0.077360665,0.029489066,0.466503051,4.406176439,3.044625686,0,0,0,0,0
2000-08-07 00:00:00,0.075846521,0.02808368,0.448121309,4.647803408,2.859149414,0,0,0,0,0
2000-08-08 00:00:00,0.075846654,0.033015165,0.533542207,4.320677893,3.613282497,0,0,0,0,0
2000-08-09 00:00:00,0.074422815,0.031830015,0.522054929,4.36164353,3.578625806,0,0,0,0,0
2000-08-10 00:00:00,0.072415472,0.029487879,0.494044479,4.495646673,3.416531005,0,0,0,0,0
2000-08-11 00:00:00,0.070981915,0.024409109,0.408906079,4.971557171,2.629296115,0,0,0,0,0
2000-08-12 00:00:00,0.070001103,0.024781446,0.421618123,4.876085925,2.812926738,0,0,0,0,0
2000-08-13 00:00:00,0.06956686,0.024238395,0.41282006,4.873108675,2.755478377,0,0,0,0,0
2000-08-14 00:00:00,0.067484335,0.024483883,0.430864029,4.849736675,3.023139112,0,0,0,0,0
2000-08-15 00:00:00,0.067122359,0.021684929,0.376471886,5.278685712,2.40199105,0,0,0,0,0
2000-08-16 00:00:00,0.06639711,0.022166578,0.388495116,5.225924235,2.543694334,0,0,0,0,0
2000-08-17 00:00:00,0.069623194,0.02839056,0.479872509,4.355390285,3.421423862,0,0,0,0,0
2000-08-18 00:00:00,0.068345826,0.027280642,0.464966002,4.554181352,3.272210204,0,0,0,0,0
2000-08-19 00:00:00,0.067703296,0.027899877,0.477179742,4.590033445,3.370566791,0,0,0,0,0
2000-08-20 00:00:00,0.066530555,0.025321534,0.435228028,4.83454335,2.986529487,0,0,0,0,0
2000-08-21 00:00:00,0.065234051,0.023040062,0.399709646,5.045223593,2.6758275,0,0,0,0,0
2000-08-22 00:00:00,0.064499473,0.022156744,0.38641721,5.078672791,2.58486067,0,0,0,0,0
2000-08-23 00:00:00,0.063243419,0.02236877,0.397513775,5.054452494,2.753201747,0,0,0,0,0
2000-08-24 00:00:00,0.061940347,0.020582049,0.369614052,5.313670086,2.480221471,0,0,0,0,0
2000-08-25 00:00:00,0.06072115,0.019860347,0.361742105,5.435219087,2.429000582,0,0,0,0,0
2000-08-26 00:00:00,0.062210704,0.023162309,0.41238093,4.873609045,2.968713161,0,0,0,0,0
2000-08-27 00:00:00,0.061023724,0.0206576,0.369700841,5.174125446,2.545402009,0,0,0,0,0
2000-08-28 00:00:00,0.059638382,0.021060729,0.385100293,5.184007693,2.750825617,0,0,0,0,0
2000-08-29 00:00:00,0.058676095,0.01981954,0.364512626,5.38141954,2.540650396,0,0,0,0,0
2000-08-30 00:00:00,0.057639917,0.019347094,0.359945512,5.470076536,2.521939951,0,0,0,0,0
2000-08-31 00:00:00,0.056361204,0.019899203,0.378299363,5.399510025,2.793000222,0,0,0,0,0
2000-09-01 00:00:00,0.05572809,0.018205298,0.345320389,5.673927956,2.4177964,0,0,0,0,0
2000-09-02 00:00:00,0.054387589,0.018978925,0.369173566,5.535639038,2.779104806,0,0,0,0,0
2000-09-03 00:00:00,0.055229493,0.021677796,0.414082917,5.093171867,3.270135301,0,0,0,0,0
2000-09-04 00:00:00,0.053880994,0.019882461,0.385579079,5.328561993,3.014567786,0,0,0,0,0
2000-09-05 00:00:00,0.052800197,0.01869605,0.366219946,5.571446542,2.811164541,0,0,0,0,0
2000-09-06 00:00:00,0.051989238,0.017332688,0.34055759,5.846912858,2.514414244,0,0,0,0,0
2000-09-07 00:00:00,0.050456421,0.018476072,0.374569064,5.638784021,3.031304753,0,0,0,0,0
2000-09-08 00:00:00,0.050043022,0.016555474,0.333035202,6.055971989,2.495168206,0,0,0,0,0
2000-09-09 00:00:00,0.049232791,0.01599223,0.323974871,6.200163505,2.407857524,0,0,0,0,0
2000-09-10 00:00:00,0.048929119,0.016203985,0.327533859,6.14151222,2.472402988,0,0,0,0,0
2000-09-11 00:00:00,0.057002072,0.032651375,0.587033392,4.227125477,4.927522819,0,0,0,0,0
2000-09-12 00:00:00,0.055803591,0.02560738,0.447515832,4.931634313,3.45657945,0,0,0,0,0
2000-09-13 00:00:00,0.061649525,0.038410882,0.639394464,4.216570991,5.039795311,0,0,0,0,0
2000-09-14 00:00:00,0.061115361,0.037093192,0.615924623,4.215612512,4.861229373,0,0,0,0,0
2000-09-15 00:00:00,0.057650018,0.032277571,0.552446731,4.468223221,4.43646278,0,0,0,0,0
2000-09-16 00:00:00,0.054407748,0.027863995,0.493731855,4.70323671,4.048346974,0,0,0,0,0
2000-09-17 00:00:00,0.051948017,0.024694951,0.450773962,4.888141357,3.767919504,0,0,0,0,0
2000-09-18 00:00:00,0.048818992,0.018167266,0.340245854,5.473724616,2.748627515,0,0,0,0,0
2000-09-19 00:00:00,0.048912709,0.020614643,0.389312594,5.131760346,3.334999469,0,0,0,0,0
2000-09-20 00:00:00,0.048054624,0.017348,0.323302054,5.409196866,2.660114928,0,0,0,0,0
2000-09-21 00:00:00,0.047145955,0.016737355,0.314458636,5.501952716,2.607353168,0,0,0,0,0
2000-09-22 00:00:00,0.051909093,0.025466267,0.449472682,4.620516075,3.833037804,0,0,0,0,0
2000-09-23 00:00:00,0.054209749,0.02907745,0.495797785,4.403385305,4.167229135,0,0,0,0,0
2000-09-24 00:00:00,0.053753218,0.028574927,0.484478002,4.492458807,4.057586481,0,0,0,0,0
2000-09-25 00:00:00,0.052410404,0.026961697,0.46138821,4.569909723,3.91178794,0,0,0,0,0
2000-09-26 00:00:00,0.050206898,0.024018956,0.419453594,4.715764602,3.63008788,0,0,0,0,0
2000-09-27 00:00:00,0.048210627,0.021647063,0.386772418,4.840120657,3.430926301,0,0,0,0,0
2000-09-28 00:00:00,0.046195087,0.018708166,0.33973243,5.056314999,3.060062703,0,0,0,0,0
2000-09-29 00:00:00,0.045027062,0.017912849,0.330866455,5.107512131,3.054320882,0,0,0,0,0
2000-09-30 00:00:00,0.043503398,0.014804117,0.270771959,5.455390207,2.457425519,0,0,0,0,0
2000-10-01 00:00:00,0.042702601,0.014582384,0.269568436,5.498864014,2.498117064,0,0,0,0,0
2000-10-02 00:00:00,0.041860697,0.014031334,0.260701714,5.599155796,2.445060176,0,0,0,0,0
2000-10-03 00:00:00,0.041293911,0.013871943,0.258203377,5.647625374,2.450054323,0,0,0,0,0
2000-10-04 00:00:00,0.040883098,0.013555718,0.250453722,5.683631562,2.392111113,0,0,0,0,0
2000-10-05 00:00:00,0.040544024,0.014974201,0.284661774,5.495956323,2.84391038,0,0,0,0,0
2000-10-06 00:00:00,0.040081936,0.014770364,0.280409961,5.529839564,2.830113321,0,0,0,0,0
2000-10-07 00:00:00,0.039240541,0.013741249,0.259207139,5.73831258,2.614140915,0,0,0,0,0
2000-10-08 00:00:00,0.038560948,0.013493684,0.255815644,5.826878957,2.613103535,0,0,0,0,0
2000-10-09 00:00:00,0.037944988,0.013430269,0.256455233,5.888451306,2.659218056,0,0,0,0,0
2000-10-10 00:00:00,0.037375112,0.014008658,0.273383791,5.844402267,2.913364521,0,0,0,0,0
2000-10-11 00:00:00,0.036584042,0.012348089,0.234402989,6.186584299,2.460584637,0,0,0,0,0
2000-10-12 00:00:00,0.035901508,0.012094487,0.23086986,6.292248134,2.459914547,0,0,0,0,0
2000-10-13 00:00:00,0.035225965,0.011840145,0.227260562,6.402306795,2.458651219,0,0,0,0,0
2000-10-14 00:00:00,0.034554111,0.011597926,0.224007747,6.516997697,2.461564646,0,0,0,0,0
2000-10-15 00:00:00,0.033843907,0.012016726,0.239806452,6.476829005,2.734477796,0,0,0,0,0
2000-10-16 00:00:00,0.033303977,0.010895651,0.210240952,6.80434028,2.36311901,0,0,0,0,0
2000-10-17 00:00:00,0.032732435,0.010772219,0.209191745,6.885064252,2.39636495,0,0,0,0,0
2000-10-18 00:00:00,0.03220191,0.012004267,0.246705494,6.64008137,2.964036229,0,0,0,0,0
2000-10-19 00:00:00,0.031622449,0.010677494,0.21101219,7.054202964,2.504854238,0,0,0,0,0
2000-10-20 00:00:00,0.030945091,0.011756394,0.247154405,6.828441224,3.07828337,0,0,0,0,0
2000-10-21 00:00:00,0.030422277,0.0102421,0.204396283,7.334756264,2.505220961,0,0,0,0,0
2000-10-22 00:00:00,0.029916929,0.009802046,0.193130835,7.548970122,2.381218323,0,0,0,0,0
2000-10-23 00:00:00,0.030099442,0.010599445,0.210299531,7.300585468,2.630705259,0,0,0,0,0
2000-10-24 00:00:00,0.029839356,0.010035365,0.192851199,7.407322745,2.438890559,0,0,0,0,0
2000-10-25 00:00:00,0.029314171,0.009842849,0.189514724,7.550464751,2.433888901,0,0,0,0,0
2000-10-26 00:00:00,0.029060547,0.011784888,0.248121126,7.142014723,3.271875975,0,0,0,0,0
2000-10-27 00:00:00,0.028648556,0.011766933,0.249197784,7.232740221,3.321668008,0,0,0,0,0
2000-10-28 00:00:00,0.028222851,0.011614624,0.246441975,7.345806387,3.324413049,0,0,0,0,0
2000-10-29 00:00:00,0.02767952,0.010099488,0.20218734,7.836489786,2.752612086,0,0,0,0,0
2000-10-30 00:00:00,0.027636747,0.011781716,0.252173134,7.45122195,3.461194071,0,0,0,0,0
2000-10-31 00:00:00,0.026831218,0.009227842,0.177829362,8.2355632,2.495101778,0,0,0,0,0
2000-11-01 00:00:00,0.026984536,0.011793999,0.25442686,7.604719385,3.558677425,0,0,0,0,0
2000-11-02 00:00:00,0.026842098,0.012057945,0.261112549,7.61757338,3.664229103,0,0,0,0,0
2000-11-03 00:00:00,0.0263259,0.011640223,0.252126067,7.785447307,3.601507553,0,0,0,0,0
2000-11-04 00:00:00,0.025992257,0.011573632,0.251493874,7.878662826,3.630948114,0,0,0,0,0
2000-11-05 00:00:00,0.025124657,0.008822919,0.168671954,8.77187285,2.552660923,0,0,0,0,0
2000-11-06 00:00:00,0.031187844,0.018938131,0.389149282,6.671816767,4.849090632,0,0,0,0,0
2000-11-07 00:00:00,0.029071487,0.0121305,0.208410482,7.080045517,2.93822049,0,0,0,0,0
2000-11-08 00:00:00,0.031460888,0.017530714,0.332474603,6.670247368,4.182097377,0,0,0,0,0
2000-11-09 00:00:00,0.036768495,0.02491976,0.459719026,6.16992796,5.146621804,0,0,0,0,0
2000-11-10 00:00:00,0.038004539,0.026325041,0.474532064,6.165971752,5.191665982,0,0,0,0,0
2000-11-11 00:00:00,0.031771379,0.016860122,0.287654135,6.94474804,3.612700331,0,0,0,0,0
2000-11-12 00:00:00,0.033121945,0.019641548,0.351414961,6.650198044,4.259924824,0,0,0,0,0
2000-11-13 00:00:00,0.032603341,0.019461514,0.355015251,6.625206162,4.378413955,0,0,0,0,0
2000-11-14 00:00:00,0.028282669,0.012478962,0.204038841,7.29518321,3.025913919,0,0,0,0,0
2000-11-15 00:00:00,0.027737494,0.011943834,0.193547333,7.351056542,2.973214552,0,0,0,0,0
2000-11-16 00:00:00,0.03136894,0.018001445,0.32647098,6.579815411,4.250679237,0,0,0,0,0
2000-11-17 00:00:00,0.030516039,0.016782563,0.299868843,6.682586834,4.03952325,0,0,0,0,0
2000-11-18 00:00:00,0.027428593,0.011525718,0.176993094,7.24334428,2.894228357,0,0,0,0,0
2000-11-19 00:00:00,0.029273417,0.015301573,0.268398746,6.865229983,3.815714215,0,0,0,0,0
2000-11-20 00:00:00,0.028793619,0.014745428,0.256338827,6.919810297,3.738567001,0,0,0,0,0
2000-11-21 00:00:00,0.027448794,0.012512349,0.202099555,7.155915253,3.244416446,0,0,0,0,0
2000-11-22 00:00:00,0.02701978,0.012042229,0.191372905,7.213658802,3.17702438,0,0,0,0,0
2000-11-23 00:00:00,0.026629371,0.011647274,0.182392522,7.26820058,3.126159604,0,0,0,0,0
2000-11-24 00:00:00,0.025575844,0.009797559,0.133863414,7.490382434,2.667512368,0,0,0,0,0
2000-11-25 00:00:00,0.02592619,0.010934197,0.165413658,7.373607217,3.028291499,0,0,0,0,0
2000-11-26 00:00:00,0.02558923,0.010591068,0.15687145,7.43589146,2.975345232,0,0,0,0,0
2000-11-27 00:00:00,0.02479576,0.009149349,0.116454447,7.637652067,2.582833167,0,0,0,0,0
2000-11-28 00:00:00,0.024574556,0.00899555,0.111878436,7.695337429,2.562002299,0,0,0,0,0
2000-11-29 00:00:00,0.026073915,0.011712408,0.179945422,7.313144101,3.252151924,0,0,0,0,0
2000-11-30 00:00:00,0.024833922,0.009434767,0.11767398,7.583486126,2.653789583,0,0,0,0,0
2000-12-01 00:00:00,0.026853054,0.013474712,0.223811685,7.20544007,3.706799256,0,0,0,0,0
2000-12-02 00:00:00,0.02493357,0.009822641,0.123337029,7.624158574,2.72818871,0,0,0,0,0
2000-12-03 00:00:00,0.024785269,0.009760353,0.120854343,7.688092776,2.720550119,0,0,0,0,0
2000-12-04 00:00:00,0.026427118,0.013191827,0.214073989,7.392035805,3.651894119,0,0,0,0,0
2000-12-05 00:00:00,0.02623293,0.013051337,0.210793026,7.442331123,3.643087402,0,0,0,0,0
2000-12-06 00:00:00,0.024181649,0.009288219,0.107294162,7.862822311,2.654337546,0,0,0,0,0
2000-12-07 00:00:00,0.025712286,0.012580255,0.200142203,7.564434665,3.592785101,0,0,0,0,0
2000-12-08 00:00:00,0.02394157,0.009199005,0.103944811,7.947182506,2.662225583,0,0,0,0,0
2000-12-09 00:00:00,0.023517204,0.008689794,0.090701467,8.061398093,2.559332558,0,0,0,0,0
2000-12-10 00:00:00,0.023327377,0.008515705,0.085508803,8.122518837,2.529136937,0,0,0,0,0
2000-12-11 00:00:00,0.023245478,0.008661722,0.090628502,8.176702575,2.60323623,0,0,0,0,0
2000-12-12 00:00:00,0.023359251,0.008781631,0.090817341,8.150399026,2.612276828,0,0,0,0,0
2000-12-13 00:00:00,0.023069341,0.00844953,0.081690773,8.244179681,2.544408917,0,0,0,0,0
2000-12-14 00:00:00,0.023161199,0.008672512,0.086506214,8.239828209,2.604077269,0,0,0,0,0
2000-12-15 00:00:00,0.022821545,0.008251273,0.074896012,8.350306199,2.511391993,0,0,0,0,0
2000-12-16 00:00:00,0.023005166,0.008609865,0.083341051,8.327391027,2.603228586,0,0,0,0,0
2000-12-17 00:00:00,0.022865198,0.008454035,0.078323882,8.379863533,2.571025005,0,0,0,0,0
2000-12-18 00:00:00,0.022311195,0.007705327,0.057501848,8.583252721,2.385559063,0,0,0,0,0
2000-12-19 00:00:00,0.022778741,0.008432676,0.07583047,8.453040848,2.571731998,0,0,0,0,0
2000-12-20 00:00:00,0.022282076,0.007769116,0.057263523,8.638815293,2.40858041,0,0,0,0,0
2000-12-21 00:00:00,0.022824571,0.008597516,0.078168707,8.503021111,2.613371387,0,0,0,0,0
2000-12-22 00:00:00,0.022661861,0.008373035,0.071305234,8.56167695,2.562641765,0,0,0,0,0
2000-12-23 00:00:00,0.022686743,0.008479776,0.073484634,8.600482617,2.591526325,0,0,0,0,0
2000-12-24 00:00:00,0.022795175,0.008626217,0.076046683,8.589465634,2.623439859,0,0,0,0,0
2000-12-25 00:00:00,0.02279547,0.008642794,0.075532237,8.616373671,2.627774532,0,0,0,0,0
2000-12-26 00:00:00,0.02473403,0.012628363,0.19844471,8.243708404,3.821623786,0,0,0,0,0
2000-12-27 00:00:00,0.024786554,0.012709846,0.199923234,8.266057631,3.83856268,0,0,0,0,0
2000-12-28 00:00:00,0.023275953,0.010119282,0.125176032,8.593552568,3.163404284,0,0,0,0,0
2000-12-29 00:00:00,0.024723117,0.012623442,0.196640245,8.341832062,3.819293713,0,0,0,0,0
2000-12-30 00:00:00,0.025078858,0.013123567,0.208682653,8.307380904,3.922482362,0,0,0,0,0
2000-12-31 00:00:00,0.025100731,0.013132484,0.208165274,8.330063431,3.920295223,0,0,0,0,0
2001-01-01 00:00:00,0.025181377,0.013222916,0.209916756,8.343813881,3.937071964,0,0,0,0,0
2001-01-02 00:00:00,0.02521969,0.013246262,0.209862527,8.363184879,3.9383621,0,0,0,0,0
2001-01-03 00:00:00,0.02529094,0.013318528,0.211085583,8.376831086,3.949970212,0,0,0,0,0
2001-01-04 00:00:00,0.025352505,0.013361805,0.211541518,8.389494877,3.954615713,0,0,0,0,0
2001-01-05 00:00:00,0.025460658,0.013478412,0.213916513,8.39390194,3.9750584,0,0,0,0,0
2001-01-06 00:00:00,0.025490908,0.013469161,0.213095238,8.410891294,3.968813216,0,0,0,0,0
2001-01-07 00:00:00,0.025568444,0.013523559,0.213869319,8.418591576,3.975185084,0,0,0,0,0
2001-01-08 00:00:00,0.025629463,0.013547641,0.213721617,8.427271341,3.973241538,0,0,0,0,0
2001-01-09 00:00:00,0.025721659,0.013604827,0.214467981,8.430108744,3.977990226,0,0,0,0,0
2001-01-10 00:00:00,0.02582971,0.013686143,0.215840642,8.430668309,3.987412115,0,0,0,0,0
2001-01-11 00:00:00,0.025930637,0.013746015,0.216661714,8.431512226,3.991788314,0,0,0,0,0
2001-01-12 00:00:00,0.024781934,0.011262696,0.137261579,8.646038771,3.268269186,0,0,0,0,0
2001-01-13 00:00:00,0.025997881,0.013616716,0.210921966,8.453182293,3.935345528,0,0,0,0,0
2001-01-14 00:00:00,0.027428096,0.015298162,0.247496384,8.241668385,4.186462358,0,0,0,0,0
2001-01-15 00:00:00,0.027613008,0.015255619,0.241907114,8.207118023,4.119521929,0,0,0,0,0
2001-01-16 00:00:00,0.027981171,0.015672368,0.250486058,8.214569373,4.168375062,0,0,0,0,0
2001-01-17 00:00:00,0.028225754,0.01591204,0.255225651,8.215937145,4.193766072,0,0,0,0,0
2001-01-18 00:00:00,0.02837241,0.015993228,0.256366976,8.206722415,4.196030721,0,0,0,0,0
2001-01-19 00:00:00,0.028428346,0.015943266,0.254451957,8.196318861,4.177803844,0,0,0,0,0
2001-01-20 00:00:00,0.028420529,0.015790676,0.250241402,8.186080472,4.1441499,0,0,0,0,0
2001-01-21 00:00:00,0.028399907,0.015628013,0.245877356,8.175536382,4.110528761,0,0,0,0,0
2001-01-22 00:00:00,0.028374119,0.015455189,0.241436522,8.165952071,4.076789554,0,0,0,0,0
2001-01-23 00:00:00,0.02838272,0.015331573,0.238249249,8.153949514,4.052444997,0,0,0,0,0
2001-01-24 00:00:00,0.028371394,0.015169587,0.23396223,8.145285204,4.01877589,0,0,0,0,0
2001-01-25 00:00:00,0.028398147,0.015051942,0.230652379,8.132164508,3.991248095,0,0,0,0,0
2001-01-26 00:00:00,0.028128525,0.014460706,0.214681656,8.159159359,3.865250933,0,0,0,0,0
2001-01-27 00:00:00,0.027843098,0.013442173,0.180175879,8.199805687,3.555587826,0,0,0,0,0
2001-01-28 00:00:00,0.026479001,0.010377248,0.084934237,8.399351765,2.744242048,0,0,0,0,0
2001-01-29 00:00:00,0.037530981,0.026768752,0.487929815,7.441979973,5.641480733,0,0,0,0,0
2001-01-30 00:00:00,0.039479981,0.026619775,0.431473439,7.037840401,5.008750983,0,0,0,0,0
2001-01-31 00:00:00,0.040977684,0.028179042,0.448434953,7.164218055,5.001068111,0,0,0,0,0
2001-02-01 00:00:00,0.036337732,0.020871021,0.278689765,7.197808631,3.861086607,0,0,0,0,0
2001-02-02 00:00:00,0.034519323,0.017928541,0.213638612,7.155252969,3.4442804,0,0,0,0,0
2001-02-03 00:00:00,0.034016695,0.017078913,0.198934189,7.101242802,3.372036095,0,0,0,0,0
2001-02-04 00:00:00,0.032935393,0.015245109,0.159072297,7.068478554,3.121535607,0,0,0,0,0
2001-02-05 00:00:00,0.032678868,0.014708346,0.149711676,7.028478941,3.075912312,0,0,0,0,0
2001-02-06 00:00:00,0.032108462,0.013566961,0.12351756,7.010702856,2.903574534,0,0,0,0,0
2001-02-07 00:00:00,0.031533472,0.01242996,0.096831723,7.019360627,2.722967014,0,0,0,0,0
2001-02-08 00:00:00,0.032952423,0.014161731,0.136319642,6.887163265,2.984333102,0,0,0,0,0
2001-02-09 00:00:00,0.039226708,0.020989505,0.257264514,6.339723257,3.643422946,0,0,0,0,0
2001-02-10 00:00:00,0.03915089,0.02020721,0.230988365,6.330014355,3.428833687,0,0,0,0,0
2001-02-11 00:00:00,0.039281127,0.020014445,0.224970412,6.298833478,3.377951701,0,0,0,0,0
2001-02-12 00:00:00,0.038780222,0.018935869,0.203549937,6.233449074,3.255117626,0,0,0,0,0
2001-02-13 00:00:00,0.038153315,0.017684469,0.179067471,6.166339707,3.118524338,0,0,0,0,0
2001-02-14 00:00:00,0.037271256,0.016090533,0.147318516,6.12761177,2.936031077,0,0,0,0,0
2001-02-15 00:00:00,0.036864181,0.015190023,0.129293978,6.105124507,2.8296362,0,0,0,0,0
2001-02-16 00:00:00,0.036565138,0.014438712,0.113708092,6.095340888,2.732964517,0,0,0,0,0
2001-02-17 00:00:00,0.036419969,0.013900086,0.102215781,6.09169469,2.657511885,0,0,0,0,0
2001-02-18 00:00:00,0.036412948,0.01356104,0.094783985,6.091709299,2.604865895,0,0,0,0,0
2001-02-19 00:00:00,0.036506753,0.013393382,0.09132289,6.096151216,2.57600576,0,0,0,0,0
2001-02-20 00:00:00,0.036593273,0.01320721,0.087265192,6.107546539,2.541343204,0,0,0,0,0
2001-02-21 00:00:00,0.036694161,0.013049703,0.083678741,6.125362606,2.507818366,0,0,0,0,0
2001-02-22 00:00:00,0.036896114,0.013065612,0.08446353,6.138888629,2.503321523,0,0,0,0,0
2001-02-23 00:00:00,0.037005976,0.012897752,0.08042079,6.164442344,2.463554885,0,0,0,0,0
2001-02-24 00:00:00,0.039379646,0.016238796,0.157534742,5.995900812,2.954903307,0,0,0,0,0
2001-02-25 00:00:00,0.041935087,0.018373063,0.189533025,5.704681256,3.101966949,0,0,0,0,0
2001-02-26 00:00:00,0.042199529,0.018282588,0.182127893,5.77234513,3.007712423,0,0,0,0,0
2001-02-27 00:00:00,0.042742697,0.018678543,0.188579446,5.775918211,3.022830188,0,0,0,0,0
2001-02-28 00:00:00,0.042848049,0.018412675,0.18291261,5.764980809,2.979311256,0,0,0,0,0
2001-03-01 00:00:00,0.044067134,0.019548473,0.204020313,5.665642359,3.090078551,0,0,0,0,0
2001-03-02 00:00:00,0.046782842,0.022495669,0.256479282,5.477039112,3.363743933,0,0,0,0,0
2001-03-03 00:00:00,0.055823517,0.034604094,0.478612658,5.200948533,4.531304783,0,0,0,0,0
2001-03-04 00:00:00,0.052159043,0.027207192,0.315364329,5.168751865,3.552692795,0,0,0,0,0
2001-03-05 00:00:00,0.053337087,0.028497503,0.339453701,5.131512063,3.670409296,0,0,0,0,0
2001-03-06 00:00:00,0.050723008,0.023922133,0.254135581,5.09263006,3.218046713,0,0,0,0,0
2001-03-07 00:00:00,0.04931257,0.021375327,0.209539703,5.066091071,2.99212613,0,0,0,0,0
2001-03-08 00:00:00,0.048358439,0.019455088,0.174701653,5.057679603,2.806933231,0,0,0,0,0
2001-03-09 00:00:00,0.047917549,0.018249921,0.151950679,5.053868568,2.678451322,0,0,0,0,0
2001-03-10 00:00:00,0.048364676,0.018310106,0.153289983,5.013331035,2.681721315,0,0,0,0,0
2001-03-11 00:00:00,0.048531134,0.017847586,0.142855179,4.99132836,2.611612223,0,0,0,0,0
2001-03-12 00:00:00,0.050703567,0.020315578,0.190288095,4.852462675,2.870892609,0,0,0,0,0
2001-03-13 00:00:00,0.051890232,0.020965144,0.196701733,4.778603441,2.874779813,0,0,0,0,0
2001-03-14 00:00:00,0.056109166,0.025960249,0.280740086,4.610253579,3.278454984,0,0,0,0,0
2001-03-15 00:00:00,0.059636811,0.029301863,0.31985892,4.529329636,3.380826673,0,0,0,0,0
2001-03-16 00:00:00,0.065786711,0.037308592,0.436751724,4.569748036,3.838216776,0,0,0,0,0
2001-03-17 00:00:00,0.066207371,0.037439248,0.438259636,4.56273019,3.828812122,0,0,0,0,0
2001-03-18 00:00:00,0.062288317,0.031739608,0.355849464,4.560290031,3.479214687,0,0,0,0,0
2001-03-19 00:00:00,0.058994764,0.02663002,0.277304326,4.568322784,3.127129108,0,0,0,0,0
2001-03-20 00:00:00,0.057171882,0.023306657,0.222311804,4.571991092,2.861908498,0,0,0,0,0
2001-03-21 00:00:00,0.056333742,0.021257325,0.185714839,4.573810032,2.670540296,0,0,0,0,0
2001-03-22 00:00:00,0.056068906,0.020091429,0.163931789,4.580344733,2.546646215,0,0,0,0,0
2001-03-23 00:00:00,0.05605088,0.01937612,0.150174033,4.59745379,2.459705315,0,0,0,0,0
2001-03-24 00:00:00,0.056161051,0.018927192,0.141493427,4.622863682,2.396604213,0,0,0,0,0
2001-03-25 00:00:00,0.056373291,0.01873639,0.138411876,4.650875642,2.364339501,0,0,0,0,0
2001-03-26 00:00:00,0.056608951,0.018650317,0.137711801,4.684061683,2.344824416,0,0,0,0,0
2001-03-27 00:00:00,0.056856115,0.018672584,0.139774776,4.719261105,2.342043603,0,0,0,0,0
2001-03-28 00:00:00,0.057129516,0.018761836,0.143417561,4.754225158,2.348439195,0,0,0,0,0
2001-03-29 00:00:00,0.057483257,0.018875221,0.146783093,4.781850821,2.350663835,0,0,0,0,0
2001-03-30 00:00:00,0.057690858,0.018896602,0.149012427,4.830957348,2.345716852,0,0,0,0,0
2001-03-31 00:00:00,0.058292668,0.019476931,0.162572267,4.826269196,2.41216786,0,0,0,0,0
2001-04-01 00:00:00,0.058827295,0.019842,0.170567014,4.835404074,2.440280513,0,0,0,0,0
2001-04-02 00:00:00,0.059048004,0.019942583,0.174651561,4.888827734,2.444236919,0,0,0,0,0
2001-04-03 00:00:00,0.059332731,0.020123779,0.180380915,4.928063771,2.460903184,0,0,0,0,0
2001-04-04 00:00:00,0.059553117,0.02018479,0.183748979,4.972635475,2.464088941,0,0,0,0,0
2001-04-05 00:00:00,0.061147965,0.021974522,0.218706241,4.833803541,2.659158859,0,0,0,0,0
2001-04-06 00:00:00,0.062524883,0.022711853,0.226962613,4.750508676,2.674755563,0,0,0,0,0
2001-04-07 00:00:00,0.063146798,0.023228404,0.236454309,4.774769951,2.699432494,0,0,0,0,0
2001-04-08 00:00:00,0.065180707,0.026395039,0.297125501,4.66637631,3.018982797,0,0,0,0,0
2001-04-09 00:00:00,0.071385522,0.032583772,0.379434477,4.291439314,3.357526074,0,0,0,0,0
2001-04-10 00:00:00,0.072531024,0.033431575,0.386765377,4.320390329,3.339851105,0,0,0,0,0
2001-04-11 00:00:00,0.076214551,0.036633627,0.424800495,4.117556918,3.479957254,0,0,0,0,0
2001-04-12 00:00:00,0.075921333,0.034809823,0.392174913,4.112021682,3.305940688,0,0,0,0,0
2001-04-13 00:00:00,0.07480778,0.032128475,0.350757592,4.134443118,3.108388958,0,0,0,0,0
2001-04-14 00:00:00,0.073874168,0.029574511,0.310175619,4.152901953,2.911564911,0,0,0,0,0
2001-04-15 00:00:00,0.073467841,0.027643705,0.277312338,4.160459052,2.742614641,0,0,0,0,0
2001-04-16 00:00:00,0.073544339,0.026409693,0.254593077,4.158073851,2.616571651,0,0,0,0,0
2001-04-17 00:00:00,0.073758436,0.025654944,0.240717391,4.165306193,2.532431845,0,0,0,0,0
2001-04-18 00:00:00,0.073986264,0.02503983,0.229431432,4.184118372,2.458160012,0,0,0,0,0
2001-04-19 00:00:00,0.074451742,0.025122758,0.232122418,4.182070459,2.463782548,0,0,0,0,0
2001-04-20 00:00:00,0.076739185,0.027542052,0.272383507,4.016673378,2.674437069,0,0,0,0,0
2001-04-21 00:00:00,0.078065307,0.028441565,0.283762984,3.980298354,2.702886913,0,0,0,0,0
2001-04-22 00:00:00,0.078454855,0.028298063,0.280052349,4.018441819,2.653879423,0,0,0,0,0
2001-04-23 00:00:00,0.078942665,0.028431835,0.282697569,4.030566106,2.649909232,0,0,0,0,0
2001-04-24 00:00:00,0.079029575,0.02800743,0.277079866,4.064629811,2.607527978,0,0,0,0,0
2001-04-25 00:00:00,0.079125162,0.027608753,0.27197144,4.098903416,2.567838917,0,0,0,0,0
2001-04-26 00:00:00,0.079099444,0.027364592,0.271600724,4.135929185,2.560106492,0,0,0,0,0
2001-04-27 00:00:00,0.079141363,0.026845545,0.263977474,4.180590347,2.50422963,0,0,0,0,0
2001-04-28 00:00:00,0.079092767,0.026173291,0.253045809,4.249965075,2.421915603,0,0,0,0,0
2001-04-29 00:00:00,0.079066209,0.025914303,0.251481717,4.304030114,2.399417403,0,0,0,0,0
2001-04-30 00:00:00,0.079015587,0.025639645,0.249602103,4.366385757,2.372450313,0,0,0,0,0
2001-05-01 00:00:00,0.079420063,0.025830042,0.254519172,4.378101801,2.385028945,0,0,0,0,0
2001-05-02 00:00:00,0.079579867,0.025707065,0.254040277,4.423674462,2.362897542,0,0,0,0,0
2001-05-03 00:00:00,0.081788344,0.029481224,0.325780529,4.152607243,2.796739775,0,0,0,0,0
2001-05-04 00:00:00,0.084252705,0.032661169,0.372059531,4.07669198,2.979049415,0,0,0,0,0
2001-05-05 00:00:00,0.085265762,0.033859703,0.388383007,4.110938558,3.01343303,0,0,0,0,0
2001-05-06 00:00:00,0.085917267,0.034456445,0.398150874,4.111869359,3.044405223,0,0,0,0,0
2001-05-07 00:00:00,0.089017384,0.039776642,0.486513521,3.865070979,3.518432107,0,0,0,0,0
2001-05-08 00:00:00,0.08737324,0.034483047,0.394696074,4.065810801,2.994689062,0,0,0,0,0
2001-05-09 00:00:00,0.086804625,0.032997754,0.373971112,4.128238453,2.882853869,0,0,0,0,0
2001-05-10 00:00:00,0.089445077,0.037205429,0.443488835,3.901169682,3.263299479,0,0,0,0,0
2001-05-11 00:00:00,0.092042297,0.039774202,0.476754443,3.752065215,3.410388926,0,0,0,0,0
2001-05-12 00:00:00,0.092214269,0.040199981,0.488112764,3.746876666,3.47281965,0,0,0,0,0
2001-05-13 00:00:00,0.090900406,0.034917546,0.395502394,3.939245038,2.936187864,0,0,0,0,0
2001-05-14 00:00:00,0.090419387,0.032642731,0.357942541,4.018125999,2.720077919,0,0,0,0,0
2001-05-15 00:00:00,0.090121229,0.031817033,0.348770733,4.048241898,2.675502195,0,0,0,0,0
2001-05-16 00:00:00,0.089753741,0.030630595,0.331580477,4.114436319,2.572222216,0,0,0,0,0
2001-05-17 00:00:00,0.089157746,0.031140865,0.353262246,4.083831413,2.741638753,0,0,0,0,0
2001-05-18 00:00:00,0.088889431,0.030343954,0.342373279,4.146182921,2.670587911,0,0,0,0,0
2001-05-19 00:00:00,0.089299187,0.028604052,0.303044218,4.311115733,2.357400967,0,0,0,0,0
2001-05-20 00:00:00,0.089357674,0.028873636,0.311729735,4.3224356,2.400879738,0,0,0,0,0
2001-05-21 00:00:00,0.095398157,0.037078862,0.43448478,3.743124371,3.093220042,0,0,0,0,0
2001-05-22 00:00:00,0.095766592,0.036355076,0.416561143,3.847493294,2.928497921,0,0,0,0,0
2001-05-23 00:00:00,0.098392375,0.039973345,0.465974608,3.718836379,3.152257791,0,0,0,0,0
2001-05-24 00:00:00,0.09872903,0.039696237,0.461783925,3.711948822,3.122461555,0,0,0,0,0
2001-05-25 00:00:00,0.098366219,0.037340879,0.423724144,3.775829263,2.903887738,0,0,0,0,0
2001-05-26 00:00:00,0.097930213,0.03605274,0.407276029,3.808194768,2.820148087,0,0,0,0,0
2001-05-27 00:00:00,0.097412638,0.034490705,0.385223992,3.869370537,2.694600407,0,0,0,0,0
2001-05-28 00:00:00,0.096953807,0.032991162,0.363037118,3.945373236,2.557689641,0,0,0,0,0
2001-05-29 00:00:00,0.096606883,0.032005111,0.349612126,4.007176631,2.470092453,0,0,0,0,0
2001-05-30 00:00:00,0.096327737,0.031345078,0.341616077,4.061815307,2.411848222,0,0,0,0,0
2001-05-31 00:00:00,0.096753674,0.031735353,0.34926427,4.036392622,2.448489157,0,0,0,0,0
2001-06-01 00:00:00,0.098814265,0.034631771,0.394139063,3.81930022,2.717372511,0,0,0,0,0
2001-06-02 00:00:00,0.100050953,0.035594758,0.404203634,3.790011597,2.732871887,0,0,0,0,0
2001-06-03 00:00:00,0.100097607,0.035822527,0.409173958,3.827931191,2.734462685,0,0,0,0,0
2001-06-04 00:00:00,0.100139511,0.035916954,0.412863135,3.840211848,2.744263999,0,0,0,0,0
2001-06-05 00:00:00,0.103712274,0.040412121,0.471362727,3.586784289,3.047597519,0,0,0,0,0
2001-06-06 00:00:00,0.103378264,0.038984641,0.449291673,3.661111492,2.900564728,0,0,0,0,0
2001-06-07 00:00:00,0.102952643,0.037934486,0.436060221,3.703406977,2.821901128,0,0,0,0,0
2001-06-08 00:00:00,0.102395856,0.036549415,0.418153119,3.750003876,2.721416977,0,0,0,0,0
2001-06-09 00:00:00,0.101622512,0.034923097,0.396938713,3.819749122,2.599106558,0,0,0,0,0
2001-06-10 00:00:00,0.101032174,0.033622715,0.379615783,3.886970647,2.490939991,0,0,0,0,0
2001-06-11 00:00:00,0.103736623,0.038977195,0.462453595,3.558729776,3.003447332,0,0,0,0,0
2001-06-12 00:00:00,0.111813637,0.046206905,0.529819358,3.192652446,3.256220482,0,0,0,0,0
2001-06-13 00:00:00,0.112842662,0.047792653,0.545317791,3.233311606,3.270282596,0,0,0,0,0
2001-06-14 00:00:00,0.118042286,0.053586218,0.607147483,2.983600228,3.554523003,0,0,0,0,0
2001-06-15 00:00:00,0.119189362,0.05274858,0.588204534,2.932563298,3.44579806,0,0,0,0,0
2001-06-16 00:00:00,0.116932238,0.046200785,0.499876334,3.039137629,2.997596785,0,0,0,0,0
2001-06-17 00:00:00,0.105166942,0.04140296,0.491934442,3.738602263,2.968127109,0,0,0,0,0
2001-06-18 00:00:00,0.10734981,0.04057726,0.469349697,3.555561841,2.858196076,0,0,0,0,0
2001-06-19 00:00:00,0.105971842,0.037539272,0.429502604,3.647707323,2.63815491,0,0,0,0,0
2001-06-20 00:00:00,0.105266818,0.036006793,0.410006084,3.697086659,2.525120254,0,0,0,0,0
2001-06-21 00:00:00,0.104551339,0.034927655,0.397681514,3.749438858,2.448561047,0,0,0,0,0
2001-06-22 00:00:00,0.103184277,0.034088438,0.39296787,3.842219541,2.415285872,0,0,0,0,0
2001-06-23 00:00:00,0.101052891,0.03289259,0.38646141,3.997686164,2.36975563,0,0,0,0,0
2001-06-24 00:00:00,0.112453491,0.035157921,0.361235554,3.27562212,2.228116981,0,0,0,0,0
2001-06-25 00:00:00,0.111168487,0.034508771,0.358694768,3.346635324,2.204458224,0,0,0,0,0
2001-06-26 00:00:00,0.109802931,0.033901448,0.357172684,3.424938539,2.184931071,0,0,0,0,0
2001-06-27 00:00:00,0.108326316,0.033328853,0.356907982,3.508697193,2.173988542,0,0,0,0,0
2001-06-28 00:00:00,0.106783252,0.032764458,0.35702732,3.598825761,2.165150009,0,0,0,0,0
2001-06-29 00:00:00,0.105155998,0.032248128,0.358592999,3.689139209,2.169429446,0,0,0,0,0
2001-06-30 00:00:00,0.103146856,0.031919683,0.366745627,3.755952451,2.245868159,0,0,0,0,0
2001-07-01 00:00:00,0.102038383,0.031187968,0.359985927,3.884613264,2.158767523,0,0,0,0,0
2001-07-02 00:00:00,0.100467901,0.030685726,0.36117046,3.984643593,2.158304881,0,0,0,0,0
2001-07-03 00:00:00,0.09847731,0.030369297,0.369168097,4.056041125,2.237667943,0,0,0,0,0
2001-07-04 00:00:00,0.097147924,0.029784095,0.366712126,4.18272854,2.192305522,0,0,0,0,0
2001-07-05 00:00:00,0.095615588,0.02926392,0.367105768,4.296887689,2.183843713,0,0,0,0,0
2001-07-06 00:00:00,0.094065069,0.028787365,0.36839295,4.407929019,2.185763728,0,0,0,0,0
2001-07-07 00:00:00,0.092573425,0.028325724,0.369572367,4.518730698,2.186672391,0,0,0,0,0
2001-07-08 00:00:00,0.090984414,0.027992141,0.374048659,4.612735877,2.223701538,0,0,0,0,0
2001-07-09 00:00:00,0.089137322,0.027656925,0.380295878,4.70282671,2.291137682,0,0,0,0,0
2001-07-10 00:00:00,0.087833463,0.027095037,0.377807553,4.852422337,2.245272439,0,0,0,0,0
2001-07-11 00:00:00,0.086299986,0.026644299,0.379336855,4.975022783,2.254770236,0,0,0,0,0
2001-07-12 00:00:00,0.084871476,0.026203264,0.380195183,5.102124059,2.254062851,0,0,0,0,0
2001-07-13 00:00:00,0.0831976,0.025929362,0.386265533,5.192405154,2.321821328,0,0,0,0,0
2001-07-14 00:00:00,0.081619567,0.025571223,0.389839788,5.304720068,2.360579436,0,0,0,0,0
2001-07-15 00:00:00,0.080446079,0.025034941,0.386768883,5.473401567,2.306513441,0,0,0,0,0
2001-07-16 00:00:00,0.079048945,0.024581249,0.386966036,5.616502591,2.302962804,0,0,0,0,0
2001-07-17 00:00:00,0.082245154,0.026283517,0.399106641,5.08083912,2.425634863,0,0,0,0,0
2001-07-18 00:00:00,0.081990869,0.025777485,0.390665318,5.133398633,2.339173178,0,0,0,0,0
2001-07-19 00:00:00,0.080907563,0.025434342,0.390779337,5.220481932,2.337518083,0,0,0,0,0
2001-07-20 00:00:00,0.080469983,0.025265759,0.389991748,5.231095603,2.330499492,0,0,0,0,0
2001-07-21 00:00:00,0.079717486,0.024983346,0.38908055,5.276346471,2.324657959,0,0,0,0,0
2001-07-22 00:00:00,0.079008126,0.02462933,0.38628636,5.339430025,2.29496483,0,0,0,0,0
2001-07-23 00:00:00,0.078405191,0.024507459,0.387447649,5.34230237,2.314680618,0,0,0,0,0
2001-07-24 00:00:00,0.075695021,0.025476915,0.425451331,5.115905071,2.82925616,0,0,0,0,0
2001-07-25 00:00:00,0.075208061,0.025125941,0.42104025,5.164799724,2.784419668,0,0,0,0,0
2001-07-26 00:00:00,0.075278995,0.023934459,0.395399264,5.447473927,2.443299837,0,0,0,0,0
2001-07-27 00:00:00,0.074644438,0.023298631,0.385944406,5.617816501,2.312009656,0,0,0,0,0
2001-07-28 00:00:00,0.074152333,0.023174091,0.385948342,5.615832813,2.319872595,0,0,0,0,0
2001-07-29 00:00:00,0.072800426,0.023089063,0.392588278,5.652344768,2.413216998,0,0,0,0,0
2001-07-30 00:00:00,0.071608841,0.022548134,0.388842803,5.808174183,2.369760213,0,0,0,0,0
2001-07-31 00:00:00,0.070296606,0.022172812,0.389248232,5.927797929,2.38329019,0,0,0,0,0
2001-08-01 00:00:00,0.077260716,0.03676691,0.602638481,4.329481083,4.144066797,0,0,0,0,0
2001-08-02 00:00:00,0.094926691,0.046920737,0.640727825,3.283833274,3.994470871,0,0,0,0,0
2001-08-03 00:00:00,0.094154001,0.045773126,0.617496486,3.514208823,3.737914921,0,0,0,0,0
2001-08-04 00:00:00,0.092370722,0.04178126,0.566722101,3.540672596,3.453431734,0,0,0,0,0
2001-08-05 00:00:00,0.088574343,0.03614069,0.504690421,3.637256364,3.150201697,0,0,0,0,0
2001-08-06 00:00:00,0.085956953,0.031290309,0.442381013,3.774073085,2.768027322,0,0,0,0,0
2001-08-07 00:00:00,0.084520459,0.029254292,0.416978681,3.820877824,2.625348381,0,0,0,0,0
2001-08-08 00:00:00,0.083196674,0.028292254,0.408354387,3.836519635,2.60858903,0,0,0,0,0
2001-08-09 00:00:00,0.08205912,0.026944613,0.390230613,3.915842192,2.47827205,0,0,0,0,0
2001-08-10 00:00:00,0.081000861,0.025839485,0.375001876,4.011955252,2.350989598,0,0,0,0,0
2001-08-11 00:00:00,0.079721694,0.025087732,0.367488248,4.098216807,2.295021545,0,0,0,0,0
2001-08-12 00:00:00,0.078342241,0.025071473,0.374723819,4.099133793,2.4002892,0,0,0,0,0
2001-08-13 00:00:00,0.077352863,0.024761077,0.37346832,4.130689409,2.405649695,0,0,0,0,0
2001-08-14 00:00:00,0.076271202,0.02353393,0.354574957,4.323158545,2.195109978,0,0,0,0,0
2001-08-15 00:00:00,0.074744299,0.023954386,0.371327033,4.267014249,2.416326493,0,0,0,0,0
2001-08-16 00:00:00,0.073924843,0.024051662,0.376469277,4.262697775,2.479505737,0,0,0,0,0
2001-08-17 00:00:00,0.072719643,0.022970371,0.361143258,4.445505688,2.312288002,0,0,0,0,0
2001-08-18 00:00:00,0.071077303,0.022620111,0.363289676,4.533149026,2.359052107,0,0,0,0,0
2001-08-19 00:00:00,0.069820614,0.022653702,0.370175903,4.562238855,2.450206749,0,0,0,0,0
2001-08-20 00:00:00,0.068764879,0.021659701,0.355351913,4.73883444,2.286876842,0,0,0,0,0
2001-08-21 00:00:00,0.067637927,0.021334694,0.354196294,4.816057047,2.287130302,0,0,0,0,0
2001-08-22 00:00:00,0.066938908,0.021624607,0.362275894,4.769218538,2.395895502,0,0,0,0,0
2001-08-23 00:00:00,0.06546868,0.020961214,0.356748832,4.931056815,2.345855998,0,0,0,0,0
2001-08-24 00:00:00,0.064120654,0.0206175,0.356786584,5.037053784,2.363537679,0,0,0,0,0
2001-08-25 00:00:00,0.071092902,0.031917666,0.506743136,4.025819902,3.55743845,0,0,0,0,0
2001-08-26 00:00:00,0.074056363,0.036095334,0.547613711,3.945528675,3.723744732,0,0,0,0,0
2001-08-27 00:00:00,0.07581281,0.041656648,0.628365569,3.70837388,4.354940309,0,0,0,0,0
2001-08-28 00:00:00,0.070296468,0.032061494,0.502490019,4.09793561,3.491503998,0,0,0,0,0
2001-08-29 00:00:00,0.067683492,0.029202181,0.471741435,4.180201507,3.355385239,0,0,0,0,0
2001-08-30 00:00:00,0.065473895,0.027345785,0.454369668,4.244373921,3.314156114,0,0,0,0,0
2001-08-31 00:00:00,0.063190899,0.023366425,0.395220727,4.515559367,2.839647967,0,0,0,0,0
2001-09-01 00:00:00,0.061664193,0.021006307,0.358827938,4.717286525,2.530823917,0,0,0,0,0
2001-09-02 00:00:00,0.060423025,0.020142038,0.348456672,4.810076396,2.469850061,0,0,0,0,0
2001-09-03 00:00:00,0.059018641,0.020582619,0.365557433,4.75312781,2.727875723,0,0,0,0,0
2001-09-04 00:00:00,0.058075734,0.01927665,0.343110178,4.92381885,2.507775264,0,0,0,0,0
2001-09-05 00:00:00,0.057179005,0.01810294,0.322338903,5.118182132,2.284752339,0,0,0,0,0
2001-09-06 00:00:00,0.056174576,0.01759803,0.316151473,5.217855797,2.242646959,0,0,0,0,0
2001-09-07 00:00:00,0.057508398,0.020949413,0.369379671,4.770521078,2.784059492,0,0,0,0,0
2001-09-08 00:00:00,0.059851645,0.023002273,0.386374837,4.445463366,2.894968077,0,0,0,0,0
2001-09-09 00:00:00,0.063866855,0.03064394,0.489813761,4.062765864,3.664608234,0,0,0,0,0
2001-09-10 00:00:00,0.063328413,0.029116373,0.459898569,4.160443235,3.39126098,0,0,0,0,0
2001-09-11 00:00:00,0.062272652,0.028509232,0.455373436,4.157200015,3.413422468,0,0,0,0,0
2001-09-12 00:00:00,0.061035696,0.028134393,0.458274786,4.111291509,3.533887369,0,0,0,0,0
2001-09-13 00:00:00,0.057783455,0.022099703,0.367304401,4.412282123,2.823841342,0,0,0,0,0
2001-09-14 00:00:00,0.056382206,0.020362078,0.342245926,4.488546012,2.659117151,0,0,0,0,0
2001-09-15 00:00:00,0.055150147,0.018569852,0.313173122,4.603091991,2.428043505,0,0,0,0,0
2001-09-16 00:00:00,0.054243788,0.017749367,0.300388844,4.660093267,2.343180335,0,0,0,0,0
2001-09-17 00:00:00,0.054835252,0.018856427,0.314526456,4.474732216,2.499270341,0,0,0,0,0
2001-09-18 00:00:00,0.054315715,0.019118762,0.320137532,4.467175789,2.578065405,0,0,0,0,0
2001-09-19 00:00:00,0.056094317,0.022049945,0.358369821,4.232520951,2.88506578,0,0,0,0,0
2001-09-20 00:00:00,0.057457418,0.025245702,0.40268058,4.130117513,3.217952502,0,0,0,0,0
2001-09-21 00:00:00,0.056985495,0.024423468,0.384685674,4.197080864,3.053394964,0,0,0,0,0
2001-09-22 00:00:00,0.056430033,0.024101508,0.379657914,4.193695318,3.042007706,0,0,0,0,0
2001-09-23 00:00:00,0.063023691,0.032190631,0.470445708,3.679280122,3.639965999,0,0,0,0,0
2001-09-24 00:00:00,0.062447201,0.031590131,0.458725335,3.718930141,3.553248504,0,0,0,0,0
2001-09-25 00:00:00,0.060661548,0.029446022,0.432500852,3.737912557,3.425615766,0,0,0,0,0
2001-09-26 00:00:00,0.056886174,0.024124908,0.363047966,3.859665606,3.001300332,0,0,0,0,0
2001-09-27 00:00:00,0.054094119,0.020084491,0.305820295,3.983008232,2.620424748,0,0,0,0,0
2001-09-28 00:00:00,0.052663469,0.018508832,0.283578523,4.035376876,2.492257783,0,0,0,0,0
2001-09-29 00:00:00,0.051460058,0.017264898,0.264580832,4.101494299,2.370033448,0,0,0,0,0
2001-09-30 00:00:00,0.05041369,0.016443283,0.252245729,4.170206858,2.295371184,0,0,0,0,0
2001-10-01 00:00:00,0.049436235,0.016163713,0.250848377,4.219158251,2.327202292,0,0,0,0,0
2001-10-02 00:00:00,0.048406711,0.015450553,0.239720177,4.320134077,2.247953407,0,0,0,0,0
2001-10-03 00:00:00,0.047388532,0.01509722,0.236591522,4.402553873,2.254268195,0,0,0,0,0
2001-10-04 00:00:00,0.046372246,0.014797596,0.23463741,4.487921264,2.272746706,0,0,0,0,0
2001-10-05 00:00:00,0.04537513,0.014604728,0.235119962,4.567829031,2.318678682,0,0,0,0,0
2001-10-06 00:00:00,0.044390801,0.014273524,0.232077129,4.670316286,2.321444767,0,0,0,0,0
2001-10-07 00:00:00,0.043517209,0.013611545,0.219376253,4.829852264,2.193756856,0,0,0,0,0
2001-10-08 00:00:00,0.04260086,0.013227191,0.21413301,4.957097355,2.162214221,0,0,0,0,0
2001-10-09 00:00:00,0.041727137,0.012988112,0.212137009,5.063539081,2.171664904,0,0,0,0,0
2001-10-10 00:00:00,0.041176379,0.013656135,0.230105417,5.021378737,2.417968789,0,0,0,0,0
2001-10-11 00:00:00,0.040365674,0.013126403,0.220322234,5.163642659,2.332693924,0,0,0,0,0
2001-10-12 00:00:00,0.03955943,0.012558347,0.209325645,5.322540065,2.229748973,0,0,0,0,0
2001-10-13 00:00:00,0.039233131,0.013997236,0.245246935,5.194215131,2.680110388,0,0,0,0,0
2001-10-14 00:00:00,0.038638618,0.013500478,0.234259722,5.305431925,2.580357058,0,0,0,0,0
2001-10-15 00:00:00,0.037949097,0.013710334,0.242840401,5.358086283,2.71874265,0,0,0,0,0
2001-10-16 00:00:00,0.03725784,0.013537993,0.241500036,5.458846897,2.73788064,0,0,0,0,0
2001-10-17 00:00:00,0.036426848,0.012168346,0.209643322,5.724809299,2.389342092,0,0,0,0,0
2001-10-18 00:00:00,0.035735597,0.01172975,0.200942993,5.868289419,2.318507858,0,0,0,0,0
2001-10-19 00:00:00,0.035088638,0.011533346,0.198358638,5.978150907,2.32298207,0,0,0,0,0
2001-10-20 00:00:00,0.034445712,0.011313888,0.195264727,6.089690663,2.323112328,0,0,0,0,0
2001-10-21 00:00:00,0.033803304,0.011079537,0.191813885,6.207806856,2.31974065,0,0,0,0,0
2001-10-22 00:00:00,0.038193942,0.01776677,0.305031429,5.474752994,3.32089357,0,0,0,0,0
2001-10-23 00:00:00,0.041082842,0.020363126,0.324755791,5.191375458,3.362463137,0,0,0,0,0
2001-10-24 00:00:00,0.047953107,0.030324712,0.469722894,4.882275471,4.369227851,0,0,0,0,0
2001-10-25 00:00:00,0.046414221,0.028325701,0.437609606,4.970200364,4.153492816,0,0,0,0,0
2001-10-26 00:00:00,0.0413464,0.021524532,0.335385876,5.232548474,3.464978161,0,0,0,0,0
2001-10-27 00:00:00,0.038054551,0.017240042,0.269433693,5.41711102,3.024969062,0,0,0,0,0
2001-10-28 00:00:00,0.036288683,0.015181013,0.237594826,5.523373871,2.830900498,0,0,0,0,0
2001-10-29 00:00:00,0.034956746,0.013686031,0.213025479,5.619057634,2.678499564,0,0,0,0,0
2001-10-30 00:00:00,0.034469969,0.013614455,0.214918786,5.621133158,2.756668608,0,0,0,0,0
2001-10-31 00:00:00,0.033767858,0.012977285,0.20365648,5.667522346,2.70296859,0,0,0,0,0
2001-11-01 00:00:00,0.03372403,0.013910043,0.228057871,5.590233165,3.006519186,0,0,0,0,0
2001-11-02 00:00:00,0.032846275,0.01283012,0.20593156,5.700656262,2.836154509,0,0,0,0,0
2001-11-03 00:00:00,0.032306509,0.012611798,0.203883796,5.7407543,2.871246393,0,0,0,0,0
2001-11-04 00:00:00,0.03171056,0.012144776,0.194898063,5.815764562,2.826224861,0,0,0,0,0
2001-11-05 00:00:00,0.03116194,0.011744807,0.187040587,5.894951979,2.788178517,0,0,0,0,0
2001-11-06 00:00:00,0.030673707,0.011470032,0.181920237,5.969893483,2.775141817,0,0,0,0,0
2001-11-07 00:00:00,0.030188271,0.011181764,0.176129336,6.05444658,2.752274248,0,0,0,0,0
2001-11-08 00:00:00,0.029787823,0.011067761,0.174518118,6.123506908,2.771429133,0,0,0,0,0
2001-11-09 00:00:00,0.029383826,0.010940074,0.172572143,6.19893276,2.786444898,0,0,0,0,0
2001-11-10 00:00:00,0.028987918,0.010826686,0.171001762,6.277310666,2.804809244,0,0,0,0,0
2001-11-11 00:00:00,0.028592341,0.010697944,0.168898394,6.361249983,2.816339655,0,0,0,0,0
2001-11-12 00:00:00,0.027990556,0.009469512,0.13290321,6.623294125,2.416708215,0,0,0,0,0
2001-11-13 00:00:00,0.029018393,0.01172575,0.185748125,6.340906886,2.977665483,0,0,0,0,0
2001-11-14 00:00:00,0.029702487,0.013343665,0.222761172,6.210202678,3.359711747,0,0,0,0,0
2001-11-15 00:00:00,0.029261457,0.012985893,0.214799229,6.310489591,3.307727091,0,0,0,0,0
2001-11-16 00:00:00,0.029356488,0.013465084,0.22370769,6.378137121,3.388815957,0,0,0,0,0
2001-11-17 00:00:00,0.027641973,0.010194913,0.139779378,6.794004529,2.55050019,0,0,0,0,0
2001-11-18 00:00:00,0.028471051,0.011979614,0.180786447,6.6441764,2.96688446,0,0,0,0,0
2001-11-19 00:00:00,0.028340713,0.011283538,0.156746208,6.610985231,2.737592201,0,0,0,0,0
2001-11-20 00:00:00,0.027926562,0.011022096,0.150736472,6.741915937,2.698515823,0,0,0,0,0
2001-11-21 00:00:00,0.027539103,0.010779292,0.145486546,6.845226914,2.673169196,0,0,0,0,0
2001-11-22 00:00:00,0.027167749,0.010531177,0.140081209,6.930021112,2.649872597,0,0,0,0,0
2001-11-23 00:00:00,0.027107524,0.010641145,0.141467918,6.946207678,2.684266521,0,0,0,0,0
2001-11-24 00:00:00,0.031609045,0.016064672,0.234894575,6.286792092,3.400709646,0,0,0,0,0
2001-11-25 00:00:00,0.03131138,0.01542012,0.214408637,6.335828271,3.214363725,0,0,0,0,0
2001-11-26 00:00:00,0.031858216,0.016225399,0.225508852,6.356909079,3.289173182,0,0,0,0,0
2001-11-27 00:00:00,0.03196228,0.016289264,0.223204366,6.315673034,3.280333236,0,0,0,0,0
2001-11-28 00:00:00,0.030988374,0.015089228,0.201131377,6.351868562,3.147612006,0,0,0,0,0
2001-11-29 00:00:00,0.030138977,0.014030413,0.181414007,6.362539333,3.035116,0,0,0,0,0
2001-11-30 00:00:00,0.030339563,0.014037058,0.1778781,6.20819555,3.032537728,0,0,0,0,0
2001-12-01 00:00:00,0.029477669,0.012925703,0.155427156,6.244386716,2.886876942,0,0,0,0,0
2001-12-02 00:00:00,0.028819203,0.012110655,0.138656807,6.272380351,2.78388101,0,0,0,0,0
2001-12-03 00:00:00,0.028329534,0.011493725,0.125367438,6.284826212,2.705797674,0,0,0,0,0
2001-12-04 00:00:00,0.027923314,0.010986083,0.113888211,6.294511437,2.639322158,0,0,0,0,0
2001-12-05 00:00:00,0.028827968,0.011944182,0.128990612,6.108138583,2.772380011,0,0,0,0,0
2001-12-06 00:00:00,0.028479529,0.011485264,0.11765694,6.126898785,2.698753071,0,0,0,0,0
2001-12-07 00:00:00,0.028179882,0.011152407,0.109458865,6.156153395,2.650692288,0,0,0,0,0
2001-12-08 00:00:00,0.028016889,0.01097426,0.104384146,6.166431181,2.627335615,0,0,0,0,0
2001-12-09 00:00:00,0.027815004,0.010762069,0.098812178,6.183195134,2.600806018,0,0,0,0,0
2001-12-10 00:00:00,0.027548484,0.010481896,0.092028632,6.209459264,2.565798105,0,0,0,0,0
2001-12-11 00:00:00,0.027253341,0.010168196,0.084707624,6.242872528,2.52679264,0,0,0,0,0
2001-12-12 00:00:00,0.028579487,0.012205429,0.130279855,6.142932925,2.913960018,0,0,0,0,0
2001-12-13 00:00:00,0.029058049,0.01222186,0.120069511,5.989125919,2.813290293,0,0,0,0,0
2001-12-14 00:00:00,0.028782908,0.011860711,0.109639305,6.048082111,2.73079212,0,0,0,0,0
2001-12-15 00:00:00,0.028763004,0.011880504,0.10843241,6.071843954,2.728859581,0,0,0,0,0
2001-12-16 00:00:00,0.030308529,0.014343601,0.163933541,6.056450928,3.172993543,0,0,0,0,0
2001-12-17 00:00:00,0.028650049,0.011728269,0.102488056,6.076072428,2.707762181,0,0,0,0,0
2001-12-18 00:00:00,0.030144161,0.014451189,0.17049834,6.093312373,3.277776662,0,0,0,0,0
2001-12-19 00:00:00,0.029495168,0.013642645,0.154446308,6.120238111,3.184208403,0,0,0,0,0
2001-12-20 00:00:00,0.028908509,0.012912201,0.139504841,6.149822728,3.095736537,0,0,0,0,0
2001-12-21 00:00:00,0.027188132,0.009983545,0.064370115,6.200233322,2.488963043,0,0,0,0,0
2001-12-22 00:00:00,0.028377569,0.012014036,0.11495162,6.176013467,2.915874098,0,0,0,0,0
2001-12-23 00:00:00,0.029261795,0.013439731,0.14933732,6.153081614,3.203464365,0,0,0,0,0
2001-12-24 00:00:00,0.02910379,0.013246138,0.143890386,6.199598479,3.164032346,0,0,0,0,0
2001-12-25 00:00:00,0.027647796,0.010708204,0.07710461,6.238217387,2.623486283,0,0,0,0,0
2001-12-26 00:00:00,0.028768069,0.012873904,0.135199806,6.270427079,3.117446378,0,0,0,0,0
2001-12-27 00:00:00,0.028579218,0.012667084,0.130839305,6.305903502,3.096476253,0,0,0,0,0
2001-12-28 00:00:00,0.028415429,0.012514309,0.128014246,6.344170769,3.088238616,0,0,0,0,0
2001-12-29 00:00:00,0.026926844,0.009829524,0.054660094,6.395847109,2.483529963,0,0,0,0,0
2001-12-30 00:00:00,0.026914948,0.009939569,0.058393984,6.441514069,2.526822706,0,0,0,0,0
2001-12-31 00:00:00,0.02714213,0.010533109,0.076353297,6.484464839,2.692662103,0,0,0,0,0
2002-01-01 00:00:00,0.027009871,0.010406985,0.073508886,6.531779521,2.679253431,0,0,0,0,0
2002-01-02 00:00:00,0.026942244,0.010378054,0.073257642,6.578252493,2.686217277,0,0,0,0,0
2002-01-03 00:00:00,0.02641927,0.009383477,0.044064916,6.637476329,2.439255402,0,0,0,0,0
2002-01-04 00:00:00,0.026463765,0.009561791,0.049622684,6.683722966,2.494358772,0,0,0,0,0
2002-01-05 00:00:00,0.026428056,0.00955161,0.049481989,6.732223858,2.498581205,0,0,0,0,0
2002-01-06 00:00:00,0.026404845,0.009553829,0.049597273,6.780174215,2.50414394,0,0,0,0,0
2002-01-07 00:00:00,0.026394464,0.009567422,0.050046219,6.827389803,2.511829549,0,0,0,0,0
2002-01-08 00:00:00,0.026276635,0.009331368,0.042668313,6.878499825,2.44983593,0,0,0,0,0
2002-01-09 00:00:00,0.026493389,0.00963577,0.049926909,6.895646233,2.508921741,0,0,0,0,0
2002-01-10 00:00:00,0.026633338,0.009943771,0.059429885,6.934523813,2.594364105,0,0,0,0,0
2002-01-11 00:00:00,0.026471101,0.009587803,0.048278053,6.990280997,2.497661293,0,0,0,0,0
2002-01-12 00:00:00,0.026497604,0.009616511,0.048896083,7.03519839,2.503053021,0,0,0,0,0
2002-01-13 00:00:00,0.026515401,0.00962478,0.04896982,7.078134382,2.50413712,0,0,0,0,0
2002-01-14 00:00:00,0.026711545,0.009825556,0.053261024,7.085889664,2.536387197,0,0,0,0,0
2002-01-15 00:00:00,0.026905738,0.009976072,0.055921697,7.077589575,2.556179916,0,0,0,0,0
2002-01-16 00:00:00,0.027097491,0.010148581,0.059222326,7.089148951,2.577401243,0,0,0,0,0
2002-01-17 00:00:00,0.027387908,0.010419293,0.064679196,7.076307596,2.615126832,0,0,0,0,0
2002-01-18 00:00:00,0.027446351,0.01041688,0.063976879,7.10573424,2.606409681,0,0,0,0,0
2002-01-19 00:00:00,0.027519739,0.010428188,0.063807906,7.128665851,2.602954939,0,0,0,0,0
2002-01-20 00:00:00,0.027600715,0.010442551,0.06382779,7.146926933,2.601623918,0,0,0,0,0
2002-01-21 00:00:00,0.027672615,0.010443509,0.06354699,7.164973571,2.598217039,0,0,0,0,0
2002-01-22 00:00:00,0.028350346,0.011226472,0.081797192,7.101169772,2.730849044,0,0,0,0,0
2002-01-23 00:00:00,0.028315047,0.0109346,0.072946338,7.092470323,2.661170352,0,0,0,0,0
2002-01-24 00:00:00,0.028393129,0.010920509,0.072040825,7.117354251,2.64867328,0,0,0,0,0
2002-01-25 00:00:00,0.028511945,0.01095785,0.072546317,7.131745722,2.64825905,0,0,0,0,0
2002-01-26 00:00:00,0.02862919,0.010988035,0.072887933,7.145742617,2.646583793,0,0,0,0,0
2002-01-27 00:00:00,0.028791437,0.011112292,0.076286604,7.155471963,2.670528156,0,0,0,0,0
2002-01-28 00:00:00,0.028807977,0.010943192,0.07136532,7.169478572,2.628757234,0,0,0,0,0
2002-01-29 00:00:00,0.028903916,0.010919747,0.07053835,7.177585776,2.619331228,0,0,0,0,0
2002-01-30 00:00:00,0.028669732,0.01036514,0.055841182,7.218891833,2.505033807,0,0,0,0,0
2002-01-31 00:00:00,0.0289335,0.010773464,0.06885287,7.230440276,2.609275158,0,0,0,0,0
2002-02-01 00:00:00,0.029334367,0.010996787,0.071285341,7.189312823,2.609870323,0,0,0,0,0
2002-02-02 00:00:00,0.02949086,0.01102484,0.071714341,7.188874333,2.608290553,0,0,0,0,0
2002-02-03 00:00:00,0.02968108,0.011106951,0.073600932,7.188085621,2.616848391,0,0,0,0,0
2002-02-04 00:00:00,0.029864356,0.011176264,0.075053432,7.188377134,2.621409185,0,0,0,0,0
2002-02-05 00:00:00,0.0300129,0.01114175,0.073309959,7.191519009,2.599301087,0,0,0,0,0
2002-02-06 00:00:00,0.030217776,0.011218514,0.074820482,7.190354854,2.602692542,0,0,0,0,0
2002-02-07 00:00:00,0.030429494,0.011299502,0.076402702,7.189215575,2.60615657,0,0,0,0,0
2002-02-08 00:00:00,0.030654054,0.011386568,0.07815565,7.18539022,2.610398589,0,0,0,0,0
2002-02-09 00:00:00,0.032931614,0.014255974,0.143701063,6.939125061,3.047572496,0,0,0,0,0
2002-02-10 00:00:00,0.035145653,0.016092404,0.171101337,6.596037549,3.177850166,0,0,0,0,0
2002-02-11 00:00:00,0.036113208,0.017304094,0.196102928,6.622850534,3.310496259,0,0,0,0,0
2002-02-12 00:00:00,0.037306138,0.018648372,0.22239206,6.578913557,3.451528996,0,0,0,0,0
2002-02-13 00:00:00,0.036228596,0.016414743,0.168103942,6.556424298,3.083982397,0,0,0,0,0
2002-02-14 00:00:00,0.038218232,0.018554315,0.209471826,6.367570807,3.324701993,0,0,0,0,0
2002-02-15 00:00:00,0.038134019,0.017735047,0.186860729,6.292741729,3.163086016,0,0,0,0,0
2002-02-16 00:00:00,0.039664761,0.019932564,0.237593588,6.25928588,3.480371186,0,0,0,0,0
2002-02-17 00:00:00,0.038178259,0.017058869,0.171337972,6.243712142,3.051869566,0,0,0,0,0
2002-02-18 00:00:00,0.038757543,0.017391478,0.177180201,6.159848979,3.08177088,0,0,0,0,0
2002-02-19 00:00:00,0.043118081,0.021907804,0.253374505,5.790555684,3.47853335,0,0,0,0,0
2002-02-20 00:00:00,0.048152986,0.026912399,0.322240117,5.544821814,3.74763048,0,0,0,0,0
2002-02-21 00:00:00,0.050106569,0.028633255,0.338595239,5.516036252,3.75650929,0,0,0,0,0
2002-02-22 00:00:00,0.04938005,0.027130089,0.310741274,5.447666225,3.605198481,0,0,0,0,0
2002-02-23 00:00:00,0.046979335,0.023411474,0.247947282,5.348219729,3.302085658,0,0,0,0,0
2002-02-24 00:00:00,0.045021079,0.020258584,0.193126969,5.275844476,3.030189822,0,0,0,0,0
2002-02-25 00:00:00,0.043956599,0.018205987,0.154913122,5.215197607,2.829222959,0,0,0,0,0
2002-02-26 00:00:00,0.043711366,0.017441459,0.142364039,5.169477578,2.770802514,0,0,0,0,0
2002-02-27 00:00:00,0.043511949,0.016575652,0.124419645,5.134361497,2.664760633,0,0,0,0,0
2002-02-28 00:00:00,0.043292718,0.015549272,0.100578182,5.118291898,2.509287938,0,0,0,0,0
2002-03-01 00:00:00,0.043103972,0.014635189,0.079020711,5.1254362,2.363118163,0,0,0,0,0
2002-03-02 00:00:00,0.043486431,0.014938489,0.087692174,5.123545343,2.414840827,0,0,0,0,0
2002-03-03 00:00:00,0.04383903,0.015000861,0.088510815,5.124111357,2.405885042,0,0,0,0,0
2002-03-04 00:00:00,0.044039027,0.014914968,0.08698857,5.144035646,2.383809757,0,0,0,0,0
2002-03-05 00:00:00,0.044298457,0.014974719,0.089076498,5.16557505,2.384581374,0,0,0,0,0
2002-03-06 00:00:00,0.044550193,0.015047467,0.091659856,5.192524189,2.387930335,0,0,0,0,0
2002-03-07 00:00:00,0.045333982,0.016190218,0.120141985,5.186239033,2.559544132,0,0,0,0,0
2002-03-08 00:00:00,0.050459507,0.022186252,0.229577318,4.850002466,3.146960365,0,0,0,0,0
2002-03-09 00:00:00,0.052702051,0.023999493,0.248026493,4.791293972,3.163380726,0,0,0,0,0
2002-03-10 00:00:00,0.054491921,0.025934901,0.276686372,4.796014002,3.263543351,0,0,0,0,0
2002-03-11 00:00:00,0.054457947,0.025261885,0.263644737,4.773927452,3.183700649,0,0,0,0,0
2002-03-12 00:00:00,0.053254326,0.022967063,0.224378011,4.76170185,2.985559464,0,0,0,0,0
2002-03-13 00:00:00,0.052337534,0.021175784,0.19446521,4.762929861,2.835477998,0,0,0,0,0
2002-03-14 00:00:00,0.051587665,0.019391941,0.160588547,4.776282251,2.64511522,0,0,0,0,0
2002-03-15 00:00:00,0.051445641,0.018565601,0.144874909,4.781757344,2.550863636,0,0,0,0,0
2002-03-16 00:00:00,0.051497116,0.018040495,0.134573852,4.790298279,2.482561943,0,0,0,0,0
2002-03-17 00:00:00,0.051667903,0.017660822,0.126521841,4.799437072,2.423056447,0,0,0,0,0
2002-03-18 00:00:00,0.051954548,0.017592115,0.125611333,4.811439415,2.405570024,0,0,0,0,0
2002-03-19 00:00:00,0.052606499,0.018003201,0.134257191,4.786815415,2.445487703,0,0,0,0,0
2002-03-20 00:00:00,0.053573205,0.018937511,0.154028456,4.730589676,2.554363144,0,0,0,0,0
2002-03-21 00:00:00,0.053941846,0.019019436,0.155408306,4.760399483,2.539422286,0,0,0,0,0
2002-03-22 00:00:00,0.054220494,0.018818721,0.150081596,4.794778237,2.482718176,0,0,0,0,0
2002-03-23 00:00:00,0.054660962,0.019064634,0.155821282,4.809182314,2.499847382,0,0,0,0,0
2002-03-24 00:00:00,0.054972485,0.019090443,0.157007763,4.835199796,2.489790645,0,0,0,0,0
2002-03-25 00:00:00,0.055253356,0.019103825,0.158382353,4.86398446,2.482205159,0,0,0,0,0
2002-03-26 00:00:00,0.055493646,0.019064983,0.158864193,4.896237979,2.470005951,0,0,0,0,0
2002-03-27 00:00:00,0.055726157,0.019025479,0.159500396,4.929683478,2.459022609,0,0,0,0,0
2002-03-28 00:00:00,0.056261379,0.019326851,0.16622024,4.924888899,2.484493567,0,0,0,0,0
2002-03-29 00:00:00,0.056564965,0.019341357,0.167431657,4.953278928,2.474814659,0,0,0,0,0
2002-03-30 00:00:00,0.056805583,0.019307655,0.167998321,4.992751781,2.460615826,0,0,0,0,0
2002-03-31 00:00:00,0.057151248,0.019396716,0.170801892,5.017062904,2.460572294,0,0,0,0,0
2002-04-01 00:00:00,0.057760547,0.019811275,0.179847672,5.004531328,2.499283528,0,0,0,0,0
2002-04-02 00:00:00,0.059142148,0.021183742,0.206017159,4.897093918,2.638445477,0,0,0,0,0
2002-04-03 00:00:00,0.05956984,0.021211811,0.205442661,4.930852744,2.606427888,0,0,0,0,0
2002-04-04 00:00:00,0.059992774,0.021377821,0.209075143,4.955176946,2.606219831,0,0,0,0,0
2002-04-05 00:00:00,0.060380784,0.021462443,0.211375233,4.974033953,2.601936041,0,0,0,0,0
2002-04-06 00:00:00,0.060801215,0.021655449,0.216386347,4.985717444,2.615993764,0,0,0,0,0
2002-04-07 00:00:00,0.064169027,0.026125334,0.297947319,4.700433725,3.059194059,0,0,0,0,0
2002-04-08 00:00:00,0.070352252,0.033329064,0.404551933,4.36223375,3.531096586,0,0,0,0,0
2002-04-09 00:00:00,0.074858082,0.037637011,0.452255967,4.223489113,3.659029189,0,0,0,0,0
2002-04-10 00:00:00,0.07530198,0.037224168,0.441456579,4.21748812,3.579118963,0,0,0,0,0
2002-04-11 00:00:00,0.073617781,0.033503411,0.38312635,4.231015974,3.306535848,0,0,0,0,0
2002-04-12 00:00:00,0.072507578,0.030450077,0.33340395,4.229271472,3.068444974,0,0,0,0,0
2002-04-13 00:00:00,0.071366169,0.027681496,0.288211349,4.282097182,2.839867884,0,0,0,0,0
2002-04-14 00:00:00,0.071247732,0.026342896,0.26459159,4.289178606,2.711395086,0,0,0,0,0
2002-04-15 00:00:00,0.07140325,0.025461682,0.248153725,4.297303578,2.612946089,0,0,0,0,0
2002-04-16 00:00:00,0.07153585,0.024740677,0.235026963,4.321613349,2.528775657,0,0,0,0,0
2002-04-17 00:00:00,0.07175994,0.024228539,0.225705385,4.345126289,2.463565296,0,0,0,0,0
2002-04-18 00:00:00,0.073220105,0.025791062,0.254553036,4.234414293,2.621356779,0,0,0,0,0
2002-04-19 00:00:00,0.074846647,0.026902221,0.269125351,4.154088058,2.671995293,0,0,0,0,0
2002-04-20 00:00:00,0.075238557,0.027027369,0.27110982,4.198830342,2.652738619,0,0,0,0,0
2002-04-21 00:00:00,0.076978529,0.028898203,0.301453742,4.109280123,2.794659215,0,0,0,0,0
2002-04-22 00:00:00,0.077798482,0.029244889,0.305105837,4.104621594,2.78750007,0,0,0,0,0
2002-04-23 00:00:00,0.077931795,0.028793119,0.298112393,4.138261812,2.734660085,0,0,0,0,0
2002-04-24 00:00:00,0.079085735,0.029823757,0.316602283,4.058542558,2.833065181,0,0,0,0,0
2002-04-25 00:00:00,0.07941389,0.029222931,0.304940361,4.07199058,2.754228773,0,0,0,0,0
2002-04-26 00:00:00,0.079327285,0.027946413,0.281339724,4.136915923,2.602905858,0,0,0,0,0
2002-04-27 00:00:00,0.081357233,0.030226466,0.318730762,3.995971034,2.796103533,0,0,0,0,0
2002-04-28 00:00:00,0.084576172,0.033566511,0.364855172,3.827860757,2.997468951,0,0,0,0,0
2002-04-29 00:00:00,0.085375781,0.034150032,0.371202718,3.859800659,2.98876581,0,0,0,0,0
2002-04-30 00:00:00,0.085633018,0.033700277,0.363489232,3.881475093,2.931518691,0,0,0,0,0
2002-05-01 00:00:00,0.086792018,0.034942448,0.385541931,3.80217343,3.049695003,0,0,0,0,0
2002-05-02 00:00:00,0.087347095,0.033735119,0.360383785,3.792710166,2.899208143,0,0,0,0,0
2002-05-03 00:00:00,0.08690031,0.031900767,0.330798719,3.853724699,2.733623739,0,0,0,0,0
2002-05-04 00:00:00,0.086820277,0.03068477,0.310922884,3.891172585,2.617864643,0,0,0,0,0
2002-05-05 00:00:00,0.08693463,0.029890843,0.297943982,3.919214891,2.536600917,0,0,0,0,0
2002-05-06 00:00:00,0.087237591,0.030279584,0.309251376,3.897346963,2.605924439,0,0,0,0,0
2002-05-07 00:00:00,0.0872486,0.028896485,0.282852528,3.97919031,2.427381966,0,0,0,0,0
2002-05-08 00:00:00,0.087776798,0.029571007,0.29837407,3.933519163,2.521830141,0,0,0,0,0
2002-05-09 00:00:00,0.089524383,0.030366533,0.304466193,3.859999567,2.522643428,0,0,0,0,0
2002-05-10 00:00:00,0.089497708,0.030377465,0.307504105,3.919919058,2.515067063,0,0,0,0,0
2002-05-11 00:00:00,0.091600922,0.033736238,0.363180198,3.773921354,2.806297736,0,0,0,0,0
2002-05-12 00:00:00,0.094065938,0.035640497,0.383461339,3.673861862,2.86896794,0,0,0,0,0
2002-05-13 00:00:00,0.094441258,0.035501479,0.380439966,3.699115806,2.829282236,0,0,0,0,0
2002-05-14 00:00:00,0.094414248,0.034602594,0.367144094,3.728180326,2.749924373,0,0,0,0,0
2002-05-15 00:00:00,0.094148714,0.033479242,0.351982057,3.762061181,2.668741643,0,0,0,0,0
2002-05-16 00:00:00,0.093877711,0.032044912,0.329639216,3.819770998,2.536724858,0,0,0,0,0
2002-05-17 00:00:00,0.093816229,0.031128761,0.315532205,3.866602506,2.445449671,0,0,0,0,0
2002-05-18 00:00:00,0.093799654,0.030566078,0.30784748,3.908492207,2.388651301,0,0,0,0,0
2002-05-19 00:00:00,0.093780226,0.030104983,0.30192775,3.955006577,2.338417201,0,0,0,0,0
2002-05-20 00:00:00,0.093517581,0.030331779,0.312964969,3.961113465,2.412178967,0,0,0,0,0
2002-05-21 00:00:00,0.093649562,0.029653661,0.300029615,4.041887835,2.297215191,0,0,0,0,0
2002-05-22 00:00:00,0.093444073,0.029490207,0.301269017,4.091611768,2.290461437,0,0,0,0,0
2002-05-23 00:00:00,0.093200957,0.029287187,0.301801091,4.149507331,2.277094772,0,0,0,0,0
2002-05-24 00:00:00,0.092976227,0.02915189,0.303523054,4.203721686,2.270887045,0,0,0,0,0
2002-05-25 00:00:00,0.095036314,0.032282724,0.357196367,3.931556486,2.614357264,0,0,0,0,0
2002-05-26 00:00:00,0.094930212,0.031443793,0.342534738,4.035152625,2.4859434,0,0,0,0,0
2002-05-27 00:00:00,0.094737471,0.031546921,0.348045589,4.089620095,2.495495687,0,0,0,0,0
2002-05-28 00:00:00,0.09503113,0.032839531,0.374165416,4.048411069,2.644939918,0,0,0,0,0
2002-05-29 00:00:00,0.096140132,0.033710283,0.385709286,3.983105396,2.693963621,0,0,0,0,0
2002-05-30 00:00:00,0.095685375,0.032916245,0.375682239,4.070405322,2.614255833,0,0,0,0,0
2002-05-31 00:00:00,0.09507531,0.03303703,0.386181123,4.087748616,2.689835579,0,0,0,0,0
2002-06-01 00:00:00,0.094732193,0.031590404,0.36227767,4.205381858,2.514914329,0,0,0,0,0
2002-06-02 00:00:00,0.095372505,0.031900932,0.366676209,4.165037705,2.531181864,0,0,0,0,0
2002-06-03 00:00:00,0.103179623,0.043248559,0.523425924,3.505687394,3.391005766,0,0,0,0,0
2002-06-04 00:00:00,0.11664119,0.060546968,0.709148684,3.091816083,4.089215272,0,0,0,0,0
2002-06-05 00:00:00,0.122001816,0.067986029,0.789189902,2.96136085,4.392194715,0,0,0,0,0
2002-06-06 00:00:00,0.114599345,0.053511626,0.612820468,3.153874321,3.623628492,0,0,0,0,0
2002-06-07 00:00:00,0.110102316,0.044226786,0.496885386,3.2872366,3.105788233,0,0,0,0,0
2002-06-08 00:00:00,0.10818596,0.03825089,0.411322768,3.408933707,2.660454718,0,0,0,0,0
2002-06-09 00:00:00,0.107688077,0.035888944,0.376375533,3.460817668,2.465705445,0,0,0,0,0
2002-06-10 00:00:00,0.108256727,0.036689098,0.391016074,3.38336376,2.566443769,0,0,0,0,0
2002-06-11 00:00:00,0.10898432,0.036993109,0.393888952,3.350041303,2.570804809,0,0,0,0,0
2002-06-12 00:00:00,0.108524696,0.035626162,0.373143009,3.440253537,2.4184607,0,0,0,0,0
2002-06-13 00:00:00,0.108177668,0.036182558,0.388275976,3.422010791,2.517788152,0,0,0,0,0
2002-06-14 00:00:00,0.10780482,0.036139587,0.391524798,3.449163812,2.526174345,0,0,0,0,0
2002-06-15 00:00:00,0.107044747,0.035689868,0.389987155,3.502955189,2.508276228,0,0,0,0,0
2002-06-16 00:00:00,0.10632731,0.034384091,0.372027832,3.601550509,2.374286948,0,0,0,0,0
2002-06-17 00:00:00,0.105458415,0.033863228,0.370057248,3.656525905,2.358571493,0,0,0,0,0
2002-06-18 00:00:00,0.104694874,0.033163733,0.363546743,3.728642947,2.303582005,0,0,0,0,0
2002-06-19 00:00:00,0.103751856,0.032583817,0.36029485,3.80557205,2.270393671,0,0,0,0,0
2002-06-20 00:00:00,0.102703293,0.032192309,0.361334776,3.873617384,2.270653911,0,0,0,0,0
2002-06-21 00:00:00,0.102014645,0.031844994,0.360580567,3.928430759,2.253911573,0,0,0,0,0
2002-06-22 00:00:00,0.100965251,0.031533732,0.362936987,3.994173327,2.263562938,0,0,0,0,0
2002-06-23 00:00:00,0.099705866,0.031052099,0.363274103,4.086540625,2.256732644,0,0,0,0,0
2002-06-24 00:00:00,0.098509578,0.030610773,0.36384351,4.175071809,2.251860782,0,0,0,0,0
2002-06-25 00:00:00,0.097586459,0.030263591,0.364331989,4.246316652,2.244583395,0,0,0,0,0
2002-06-26 00:00:00,0.098445762,0.031124268,0.376656275,4.124556919,2.330609221,0,0,0,0,0
2002-06-27 00:00:00,0.096997342,0.030455353,0.374176577,4.251127588,2.298311305,0,0,0,0,0
2002-06-28 00:00:00,0.095649633,0.030070801,0.376525543,4.347695418,2.307281292,0,0,0,0,0
2002-06-29 00:00:00,0.094487771,0.029700469,0.377970367,4.432689607,2.310606634,0,0,0,0,0
2002-06-30 00:00:00,0.09338919,0.029322094,0.3787879,4.514403515,2.310384658,0,0,0,0,0
2002-07-01 00:00:00,0.092258012,0.028940065,0.379704354,4.598986045,2.311708425,0,0,0,0,0
2002-07-02 00:00:00,0.091084614,0.02853274,0.380350772,4.689742021,2.311672468,0,0,0,0,0
2002-07-03 00:00:00,0.088664194,0.028825491,0.404545191,4.648177646,2.590647979,0,0,0,0,0
2002-07-04 00:00:00,0.088669864,0.027708412,0.381667827,4.879363432,2.314897668,0,0,0,0,0
2002-07-05 00:00:00,0.087736872,0.027139397,0.376920329,5.006293942,2.254393111,0,0,0,0,0
2002-07-06 00:00:00,0.086679282,0.027025695,0.382447825,5.055489529,2.302417365,0,0,0,0,0
2002-07-07 00:00:00,0.085462935,0.026696463,0.384586657,5.146155084,2.319616228,0,0,0,0,0
2002-07-08 00:00:00,0.081841262,0.027513087,0.42832676,4.932488119,2.890514702,0,0,0,0,0
2002-07-09 00:00:00,0.081042444,0.027417486,0.432190152,4.957548221,2.930976942,0,0,0,0,0
2002-07-10 00:00:00,0.082387822,0.025835336,0.389407568,5.357947577,2.366737441,0,0,0,0,0
2002-07-11 00:00:00,0.081511879,0.025483932,0.388262379,5.473270635,2.334788201,0,0,0,0,0
2002-07-12 00:00:00,0.080281131,0.025142256,0.389941096,5.579091682,2.348951786,0,0,0,0,0
2002-07-13 00:00:00,0.079088784,0.024719171,0.389570214,5.706635053,2.339588389,0,0,0,0,0
2002-07-14 00:00:00,0.076781676,0.024926097,0.410381066,5.652364252,2.625597702,0,0,0,0,0
2002-07-15 00:00:00,0.075238082,0.024662724,0.415771505,5.732610983,2.70368228,0,0,0,0,0
2002-07-16 00:00:00,0.075103637,0.023798682,0.39829652,6.03130668,2.439860642,0,0,0,0,0
2002-07-17 00:00:00,0.070329522,0.025100901,0.459657236,5.568676701,3.357956706,0,0,0,0,0
2002-07-18 00:00:00,0.072794215,0.022967866,0.396793657,6.335283415,2.407569932,0,0,0,0,0
2002-07-19 00:00:00,0.071607262,0.022551825,0.396254035,6.487153691,2.39904477,0,0,0,0,0
2002-07-20 00:00:00,0.071396125,0.023249951,0.41141195,6.316844519,2.561505477,0,0,0,0,0
2002-07-21 00:00:00,0.071003599,0.024499025,0.438756842,5.978265147,2.894910236,0,0,0,0,0
2002-07-22 00:00:00,0.073983432,0.03125352,0.547536503,4.688040589,3.978529868,0,0,0,0,0
2002-07-23 00:00:00,0.073136271,0.028144133,0.493861149,5.082631399,3.476118791,0,0,0,0,0
2002-07-24 00:00:00,0.073447118,0.024324694,0.415503095,5.833059956,2.560994892,0,0,0,0,0
2002-07-25 00:00:00,0.072838322,0.0244432,0.420901159,5.841351529,2.610534456,0,0,0,0,0
2002-07-26 00:00:00,0.073158697,0.024957513,0.427604434,5.691448088,2.678165212,0,0,0,0,0
2002-07-27 00:00:00,0.073043225,0.025527796,0.43782647,5.611514349,2.768328322,0,0,0,0,0
2002-07-28 00:00:00,0.072576307,0.025832369,0.44547844,5.577464781,2.844486179,0,0,0,0,0
2002-07-29 00:00:00,0.071731024,0.028271712,0.496516024,5.227502857,3.393316379,0,0,0,0,0
2002-07-30 00:00:00,0.071209519,0.024988227,0.437114758,5.652627478,2.798321813,0,0,0,0,0
2002-07-31 00:00:00,0.069051147,0.026614041,0.483070918,5.382428752,3.372391565,0,0,0,0,0
2002-08-01 00:00:00,0.067097473,0.026273581,0.490072311,5.37801014,3.544053822,0,0,0,0,0
2002-08-02 00:00:00,0.067783469,0.022531961,0.410484525,6.072007305,2.593026891,0,0,0,0,0
2002-08-03 00:00:00,0.067047807,0.022291756,0.409619464,6.103231117,2.601747116,0,0,0,0,0
2002-08-04 00:00:00,0.068068123,0.027455851,0.500977264,5.064075275,3.627142395,0,0,0,0,0
2002-08-05 00:00:00,0.067270075,0.025267834,0.463799782,5.328994328,3.274354963,0,0,0,0,0
2002-08-06 00:00:00,0.065791104,0.025164426,0.470626503,5.386897799,3.382940863,0,0,0,0,0
2002-08-07 00:00:00,0.064436045,0.024542945,0.466835629,5.497691938,3.385069001,0,0,0,0,0
2002-08-08 00:00:00,0.064582071,0.021844144,0.410697557,6.039417481,2.6926189,0,0,0,0,0
2002-08-09 00:00:00,0.063420988,0.02142252,0.408993183,6.127585111,2.70628336,0,0,0,0,0
2002-08-10 00:00:00,0.06262191,0.020513121,0.39471543,6.3462065,2.54080264,0,0,0,0,0
2002-08-11 00:00:00,0.061608048,0.02027329,0.395306706,6.418733713,2.569449626,0,0,0,0,0
2002-08-12 00:00:00,0.061147625,0.022238521,0.434453274,6.172568685,2.983823903,0,0,0,0,0
2002-08-13 00:00:00,0.062741987,0.026968634,0.512896151,5.158709388,3.876092928,0,0,0,0,0
2002-08-14 00:00:00,0.062509802,0.023091867,0.437642554,5.720127934,3.042947515,0,0,0,0,0
2002-08-15 00:00:00,0.061500146,0.021522474,0.412018685,6.037305768,2.760060214,0,0,0,0,0
2002-08-16 00:00:00,0.059248606,0.024263492,0.481073493,5.544619382,3.676450981,0,0,0,0,0
2002-08-17 00:00:00,0.061395771,0.024647202,0.468726116,5.470706738,3.413128753,0,0,0,0,0
2002-08-18 00:00:00,0.060281534,0.025186072,0.486476651,5.287461108,3.701894824,0,0,0,0,0
2002-08-19 00:00:00,0.06007135,0.023046053,0.443773716,5.598551543,3.219490311,0,0,0,0,0
2002-08-20 00:00:00,0.059048724,0.020474791,0.398255656,6.056031251,2.71435447,0,0,0,0,0
2002-08-21 00:00:00,0.059843808,0.023786222,0.452809263,5.620649009,3.255768356,0,0,0,0,0
2002-08-22 00:00:00,0.066405482,0.030133223,0.517705769,4.621316274,3.714344877,0,0,0,0,0
2002-08-23 00:00:00,0.067444472,0.035418167,0.600901432,4.386979855,4.40355917,0,0,0,0,0
2002-08-24 00:00:00,0.068368825,0.038813194,0.649293246,4.322610307,4.753954212,0,0,0,0,0
2002-08-25 00:00:00,0.065759136,0.03612675,0.621816769,4.419558576,4.655014828,0,0,0,0,0
2002-08-26 00:00:00,0.062347479,0.030913887,0.553276833,4.702259667,4.197631403,0,0,0,0,0
2002-08-27 00:00:00,0.05932398,0.024833348,0.460973003,5.206091534,3.421254651,0,0,0,0,0
2002-08-28 00:00:00,0.057479179,0.023969906,0.457984866,5.216077933,3.521722815,0,0,0,0,0
2002-08-29 00:00:00,0.055836979,0.021989208,0.430049675,5.412817738,3.318249028,0,0,0,0,0
2002-08-30 00:00:00,0.054468909,0.020545815,0.409605558,5.5828801,3.169250134,0,0,0,0,0
2002-08-31 00:00:00,0.053947617,0.017885665,0.355857374,6.069765099,2.520508404,0,0,0,0,0
2002-09-01 00:00:00,0.053273503,0.017578459,0.351796043,6.111793331,2.504358437,0,0,0,0,0
2002-09-02 00:00:00,0.058539433,0.027755063,0.508213811,4.598625707,4.051109685,0,0,0,0,0
2002-09-03 00:00:00,0.05716723,0.025004114,0.46139531,4.956858441,3.582640151,0,0,0,0,0
2002-09-04 00:00:00,0.056730934,0.026896088,0.497847766,4.893876065,3.948671563,0,0,0,0,0
2002-09-05 00:00:00,0.054912083,0.023806698,0.449059408,5.226020856,3.512011694,0,0,0,0,0
2002-09-06 00:00:00,0.053398189,0.022058607,0.424545823,5.388605086,3.337864949,0,0,0,0,0
2002-09-07 00:00:00,0.051910869,0.020491097,0.402754828,5.555404299,3.186287009,0,0,0,0,0
2002-09-08 00:00:00,0.05052203,0.017693127,0.353177045,5.970091625,2.67243264,0,0,0,0,0
2002-09-09 00:00:00,0.049007196,0.018856779,0.388134385,5.754156909,3.207437148,0,0,0,0,0
2002-09-10 00:00:00,0.048164057,0.017828752,0.370194817,5.91888297,3.038930009,0,0,0,0,0
2002-09-11 00:00:00,0.047267912,0.01760347,0.369952878,5.931636802,3.103008286,0,0,0,0,0
2002-09-12 00:00:00,0.046040429,0.016799421,0.359684391,6.103618924,3.045764936,0,0,0,0,0
2002-09-13 00:00:00,0.04491933,0.016072015,0.349919659,6.278160451,2.984789204,0,0,0,0,0
2002-09-14 00:00:00,0.044048143,0.015099834,0.332059414,6.524794234,2.794656899,0,0,0,0,0
2002-09-15 00:00:00,0.04311701,0.015162229,0.338247799,6.518146137,2.941077273,0,0,0,0,0
2002-09-16 00:00:00,0.042077215,0.014991329,0.340061645,6.592110843,3.030222877,0,0,0,0,0
2002-09-17 00:00:00,0.041912959,0.013373333,0.299532756,7.234629994,2.387598226,0,0,0,0,0
2002-09-18 00:00:00,0.041199979,0.014076033,0.318329513,7.157527777,2.663058235,0,0,0,0,0
2002-09-19 00:00:00,0.04422468,0.018791283,0.393007435,5.942484926,3.504516728,0,0,0,0,0
2002-09-20 00:00:00,0.044711999,0.019568712,0.402693779,5.683301988,3.637396655,0,0,0,0,0
2002-09-21 00:00:00,0.043719184,0.01860126,0.387016382,5.865315238,3.505178707,0,0,0,0,0
2002-09-22 00:00:00,0.04284038,0.018477791,0.388715272,5.97187625,3.564269664,0,0,0,0,0
2002-09-23 00:00:00,0.0419442,0.017938187,0.381526592,6.105332199,3.529536497,0,0,0,0,0
2002-09-24 00:00:00,0.041029105,0.01613867,0.345094043,6.459724127,3.120777369,0,0,0,0,0
2002-09-25 00:00:00,0.040349279,0.016947255,0.367426087,6.309891742,3.470203872,0,0,0,0,0
2002-09-26 00:00:00,0.039475625,0.016529198,0.363003653,6.400494314,3.483957912,0,0,0,0,0
2002-09-27 00:00:00,0.038392901,0.013336003,0.293283893,7.150716583,2.611862576,0,0,0,0,0
2002-09-28 00:00:00,0.038219994,0.014373463,0.315183527,7.031672819,2.893196061,0,0,0,0,0
2002-09-29 00:00:00,0.040453002,0.016373947,0.33551767,6.374379442,3.073881323,0,0,0,0,0
2002-09-30 00:00:00,0.039697134,0.015722719,0.323770488,6.529479666,2.973392663,0,0,0,0,0
2002-10-01 00:00:00,0.040080595,0.01759311,0.357100193,6.473996187,3.298704837,0,0,0,0,0
2002-10-02 00:00:00,0.043029435,0.021842791,0.417341788,5.911242302,3.813729328,0,0,0,0,0
2002-10-03 00:00:00,0.043365955,0.022014855,0.412714708,5.865255134,3.748462957,0,0,0,0,0
2002-10-04 00:00:00,0.057706646,0.040876004,0.66256573,4.267355252,5.560956543,0,0,0,0,0
2002-10-05 00:00:00,0.057689767,0.040983568,0.659813648,4.339003955,5.517473461,0,0,0,0,0
2002-10-06 00:00:00,0.054006,0.036334176,0.599342004,4.558152239,5.145840828,0,0,0,0,0
2002-10-07 00:00:00,0.048108478,0.027939145,0.478842916,4.992021807,4.290022608,0,0,0,0,0
2002-10-08 00:00:00,0.045716922,0.025237434,0.445504144,5.059176622,4.141533627,0,0,0,0,0
2002-10-09 00:00:00,0.043053562,0.02171675,0.393562209,5.240649719,3.794834591,0,0,0,0,0
2002-10-10 00:00:00,0.040088829,0.016836661,0.308801336,5.613508372,3.075850821,0,0,0,0,0
2002-10-11 00:00:00,0.039435051,0.016922735,0.316501415,5.54154328,3.249321735,0,0,0,0,0
2002-10-12 00:00:00,0.038187499,0.015186348,0.284944683,5.682684399,2.999726873,0,0,0,0,0
2002-10-13 00:00:00,0.037408552,0.014381446,0.270358778,5.744882258,2.908623107,0,0,0,0,0
2002-10-14 00:00:00,0.036627013,0.013647557,0.256883673,5.835397882,2.820056525,0,0,0,0,0
2002-10-15 00:00:00,0.03588756,0.012978586,0.244072986,5.940437726,2.729581691,0,0,0,0,0
2002-10-16 00:00:00,0.035254423,0.012589137,0.2370879,6.019835597,2.699751957,0,0,0,0,0
2002-10-17 00:00:00,0.034868598,0.012390452,0.232027192,6.064032093,2.674563461,0,0,0,0,0
2002-10-18 00:00:00,0.035011344,0.013023634,0.243297431,5.929626875,2.827856668,0,0,0,0,0
2002-10-19 00:00:00,0.034253784,0.012429138,0.232104639,6.067117571,2.748750854,0,0,0,0,0
2002-10-20 00:00:00,0.033618942,0.012130827,0.227225686,6.18062613,2.73314751,0,0,0,0,0
2002-10-21 00:00:00,0.033093219,0.011912774,0.223292416,6.267874348,2.725779311,0,0,0,0,0
2002-10-22 00:00:00,0.032554121,0.011511202,0.214077933,6.404420309,2.646229959,0,0,0,0,0
2002-10-23 00:00:00,0.031941023,0.010502036,0.18803002,6.663744609,2.349361784,0,0,0,0,0
2002-10-24 00:00:00,0.031832699,0.010885275,0.195825219,6.624132127,2.465534513,0,0,0,0,0
2002-10-25 00:00:00,0.033809136,0.015035657,0.282393263,5.961549003,3.405930568,0,0,0,0,0
2002-10-26 00:00:00,0.033709475,0.015136762,0.281197181,6.039416687,3.385390422,0,0,0,0,0
2002-10-27 00:00:00,0.033976055,0.016217931,0.301862074,6.062134197,3.582539713,0,0,0,0,0
2002-10-28 00:00:00,0.034242514,0.017031858,0.316193558,6.041866089,3.725266902,0,0,0,0,0
2002-10-29 00:00:00,0.033898293,0.016983567,0.31558328,6.114559084,3.744982476,0,0,0,0,0
2002-10-30 00:00:00,0.033332035,0.016621317,0.310051118,6.199145793,3.732912522,0,0,0,0,0
2002-10-31 00:00:00,0.032466307,0.015781818,0.295552026,6.323815616,3.64576161,0,0,0,0,0
2002-11-01 00:00:00,0.031649927,0.015028874,0.282638232,6.439094208,3.574875158,0,0,0,0,0
2002-11-02 00:00:00,0.030846244,0.014287708,0.26965669,6.559456453,3.502278249,0,0,0,0,0
2002-11-03 00:00:00,0.030071947,0.013572458,0.256752655,6.685194583,3.427439451,0,0,0,0,0
2002-11-04 00:00:00,0.029347297,0.012897288,0.243968953,6.813516618,3.348801578,0,0,0,0,0
2002-11-05 00:00:00,0.029319067,0.013176377,0.249293332,6.79677377,3.428709761,0,0,0,0,0
2002-11-06 00:00:00,0.028791277,0.01259233,0.236236626,6.877614628,3.336690735,0,0,0,0,0
2002-11-07 00:00:00,0.028315555,0.012296175,0.230795344,6.97503994,3.321494366,0,0,0,0,0
2002-11-08 00:00:00,0.027868338,0.01205038,0.2265474,7.067224725,3.31885428,0,0,0,0,0
2002-11-09 00:00:00,0.026643962,0.009388215,0.154474538,7.613427875,2.512031453,0,0,0,0,0
2002-11-10 00:00:00,0.027510578,0.01221158,0.230455124,7.119622315,3.422218429,0,0,0,0,0
2002-11-11 00:00:00,0.028852754,0.013509132,0.247161073,6.738694473,3.550973302,0,0,0,0,0
2002-11-12 00:00:00,0.027926374,0.012186991,0.217079428,6.905573997,3.294523935,0,0,0,0,0
2002-11-13 00:00:00,0.027702528,0.012196691,0.217198142,6.976256676,3.318774035,0,0,0,0,0
2002-11-14 00:00:00,0.027430585,0.012069998,0.213947949,7.050278347,3.310782758,0,0,0,0,0
2002-11-15 00:00:00,0.027172636,0.011949422,0.210892668,7.111647243,3.306922252,0,0,0,0,0
2002-11-16 00:00:00,0.026919907,0.01182027,0.207585865,7.169111386,3.3013913,0,0,0,0,0
2002-11-17 00:00:00,0.025734476,0.009312993,0.137800741,7.599705788,2.554903272,0,0,0,0,0
2002-11-18 00:00:00,0.027166375,0.012645942,0.224363443,7.117113606,3.502791709,0,0,0,0,0
2002-11-19 00:00:00,0.026026132,0.00981723,0.143466001,7.438411373,2.652730044,0,0,0,0,0
2002-11-20 00:00:00,0.026834876,0.012214364,0.209514878,7.170167616,3.390465824,0,0,0,0,0
2002-11-21 00:00:00,0.027463845,0.01348776,0.238155237,7.074709152,3.67494396,0,0,0,0,0
2002-11-22 00:00:00,0.026295296,0.011361986,0.182185798,7.361950119,3.127574055,0,0,0,0,0
2002-11-23 00:00:00,0.026769296,0.012754177,0.219877574,7.228649613,3.547040631,0,0,0,0,0
2002-11-24 00:00:00,0.026462506,0.012487332,0.213557774,7.297580781,3.513130569,0,0,0,0,0
2002-11-25 00:00:00,0.026179538,0.012269546,0.208547951,7.35525476,3.494100826,0,0,0,0,0
2002-11-26 00:00:00,0.02583174,0.011939568,0.200830156,7.430071915,3.44922555,0,0,0,0,0
2002-11-27 00:00:00,0.024384626,0.009009369,0.117588388,7.872250326,2.592358645,0,0,0,0,0
2002-11-28 00:00:00,0.024164695,0.008874933,0.113720581,7.934467541,2.579449136,0,0,0,0,0
2002-11-29 00:00:00,0.025048469,0.01138243,0.188371156,7.608049327,3.416624864,0,0,0,0,0
2002-11-30 00:00:00,0.024294144,0.009971186,0.147046804,7.859930971,2.99856034,0,0,0,0,0
2002-12-01 00:00:00,0.024271037,0.010483229,0.165237496,7.808872931,3.241839825,0,0,0,0,0
2002-12-02 00:00:00,0.024316223,0.010872888,0.176525566,7.810712756,3.381510858,0,0,0,0,0
2002-12-03 00:00:00,0.023722604,0.009595046,0.136099381,8.045069453,2.957692581,0,0,0,0,0
2002-12-04 00:00:00,0.024094259,0.01085827,0.175790853,7.889622136,3.417559296,0,0,0,0,0
2002-12-05 00:00:00,0.023469598,0.009553381,0.134408491,8.145269587,2.983903771,0,0,0,0,0
2002-12-06 00:00:00,0.023865,0.010832829,0.17485912,7.988980129,3.448103407,0,0,0,0,0
2002-12-07 00:00:00,0.023788443,0.0108705,0.175740487,8.03288544,3.474904466,0,0,0,0,0
2002-12-08 00:00:00,0.023696843,0.01087186,0.175531068,8.083905893,3.489866141,0,0,0,0,0
2002-12-09 00:00:00,0.023634228,0.010916125,0.176389153,8.128989782,3.514069868,0,0,0,0,0
2002-12-10 00:00:00,0.023110814,0.009787246,0.139246423,8.359670774,3.124439589,0,0,0,0,0
2002-12-11 00:00:00,0.024308358,0.011843352,0.192752508,8.104331948,3.639686934,0,0,0,0,0
2002-12-12 00:00:00,0.02363185,0.010671611,0.159225941,8.265191939,3.331081605,0,0,0,0,0
2002-12-13 00:00:00,0.023601183,0.010772835,0.1616317,8.328737997,3.36450182,0,0,0,0,0
2002-12-14 00:00:00,0.02427117,0.012233337,0.20401532,8.213261482,3.794531419,0,0,0,0,0
2002-12-15 00:00:00,0.024344904,0.012435198,0.208465522,8.255836117,3.840175576,0,0,0,0,0
2002-12-16 00:00:00,0.022514287,0.008727121,0.094462455,8.785540691,2.69997702,0,0,0,0,0
2002-12-17 00:00:00,0.022786923,0.00914327,0.103380043,8.750191106,2.787181026,0,0,0,0,0
2002-12-18 00:00:00,0.026328405,0.01309971,0.180348849,7.900534631,3.380551542,0,0,0,0,0
2002-12-19 00:00:00,0.030648208,0.019471606,0.331137336,7.40705637,4.630604922,0,0,0,0,0
2002-12-20 00:00:00,0.0314139,0.020412337,0.34471156,7.505155307,4.680986677,0,0,0,0,0
2002-12-21 00:00:00,0.031260832,0.020172248,0.337864079,7.552674965,4.625344562,0,0,0,0,0
2002-12-22 00:00:00,0.030587306,0.019244602,0.318193042,7.583487475,4.494214851,0,0,0,0,0
2002-12-23 00:00:00,0.029637934,0.017933953,0.290668935,7.609609518,4.311984835,0,0,0,0,0
2002-12-24 00:00:00,0.028649575,0.01661631,0.263548214,7.645496866,4.138211773,0,0,0,0,0
2002-12-25 00:00:00,0.027434871,0.014842546,0.22255722,7.712885107,3.83731266,0,0,0,0,0
2002-12-26 00:00:00,0.026745871,0.013887611,0.201280325,7.750906457,3.694482647,0,0,0,0,0
2002-12-27 00:00:00,0.026160994,0.013046473,0.181687173,7.789176987,3.558597727,0,0,0,0,0
2002-12-28 00:00:00,0.025733704,0.012408838,0.166279398,7.818412003,3.451617777,0,0,0,0,0
2002-12-29 00:00:00,0.025483105,0.012027642,0.157033882,7.832676422,3.392997331,0,0,0,0,0
2002-12-30 00:00:00,0.02570518,0.012541313,0.173879225,7.794258891,3.568477867,0,0,0,0,0
2002-12-31 00:00:00,0.025272663,0.011724499,0.150225095,7.844522587,3.369441531,0,0,0,0,0
2003-01-01 00:00:00,0.02536639,0.011993163,0.159841071,7.831791911,3.477035781,0,0,0,0,0
2003-01-02 00:00:00,0.025070476,0.011384685,0.141303351,7.879936117,3.317288853,0,0,0,0,0
2003-01-03 00:00:00,0.024023807,0.009130238,0.069721528,8.048894358,2.658059767,0,0,0,0,0
2003-01-04 00:00:00,0.025065579,0.011449655,0.144707849,7.906351431,3.374250642,0,0,0,0,0
2003-01-05 00:00:00,0.024935837,0.011013704,0.128994543,7.945465933,3.225988344,0,0,0,0,0
2003-01-06 00:00:00,0.024081712,0.009015055,0.063393164,8.096669612,2.615031587,0,0,0,0,0
2003-01-07 00:00:00,0.024303053,0.009270207,0.06894632,8.081983827,2.662827348,0,0,0,0,0
2003-01-08 00:00:00,0.024449847,0.009454615,0.073571266,8.081635254,2.70689845,0,0,0,0,0
2003-01-09 00:00:00,0.024506905,0.009496769,0.07391595,8.11357322,2.70943169,0,0,0,0,0
2003-01-10 00:00:00,0.024588717,0.009565067,0.075004203,8.136116857,2.718948606,0,0,0,0,0
2003-01-11 00:00:00,0.024658809,0.009614046,0.075729722,8.157533514,2.725971022,0,0,0,0,0
2003-01-12 00:00:00,0.024760369,0.009708181,0.077821924,8.172116204,2.744891627,0,0,0,0,0
2003-01-13 00:00:00,0.024720806,0.009567614,0.073306452,8.209293441,2.707550677,0,0,0,0,0
2003-01-14 00:00:00,0.024831021,0.009665628,0.07554721,8.220957227,2.727076283,0,0,0,0,0
2003-01-15 00:00:00,0.02482181,0.009525857,0.070563486,8.250269944,2.68290049,0,0,0,0,0
2003-01-16 00:00:00,0.024969412,0.00970578,0.075636648,8.255909494,2.72806728,0,0,0,0,0
2003-01-17 00:00:00,0.025039975,0.009717845,0.075446378,8.273765405,2.725764026,0,0,0,0,0
2003-01-18 00:00:00,0.025120543,0.009737716,0.07538702,8.289261644,2.72382556,0,0,0,0,0
2003-01-19 00:00:00,0.025235555,0.009802501,0.076578496,8.299103184,2.731873944,0,0,0,0,0
2003-01-20 00:00:00,0.025346352,0.009857996,0.077521487,8.309691855,2.737173433,0,0,0,0,0
2003-01-21 00:00:00,0.025462575,0.009910991,0.078407964,8.319504854,2.741385617,0,0,0,0,0
2003-01-22 00:00:00,0.025518693,0.009814123,0.074364491,8.338040171,2.701276691,0,0,0,0,0
2003-01-23 00:00:00,0.025723407,0.010038652,0.080616676,8.333138762,2.751739793,0,0,0,0,0
2003-01-24 00:00:00,0.025881447,0.010132849,0.082522988,8.33473599,2.762750662,0,0,0,0,0
2003-01-25 00:00:00,0.026029111,0.010212933,0.084191355,8.338874712,2.771584644,0,0,0,0,0
2003-01-26 00:00:00,0.02610365,0.0101093,0.079774131,8.353613568,2.726535052,0,0,0,0,0
2003-01-27 00:00:00,0.026318827,0.010338681,0.086404604,8.346403491,2.778747199,0,0,0,0,0
2003-01-28 00:00:00,0.026208507,0.009935597,0.073864869,8.398645339,2.668112111,0,0,0,0,0
2003-01-29 00:00:00,0.026592564,0.010325684,0.083506787,8.350112988,2.738205957,0,0,0,0,0
2003-01-30 00:00:00,0.026496616,0.009974474,0.073200455,8.396612974,2.649467539,0,0,0,0,0
2003-01-31 00:00:00,0.027085653,0.01061616,0.089044246,8.301826201,2.76528194,0,0,0,0,0
2003-02-01 00:00:00,0.027276369,0.010650445,0.088839756,8.276547238,2.75679439,0,0,0,0,0
2003-02-02 00:00:00,0.02784188,0.011252697,0.10377023,8.179873971,2.86599977,0,0,0,0,0
2003-02-03 00:00:00,0.028005617,0.011022513,0.093984247,8.127585099,2.774785792,0,0,0,0,0
2003-02-04 00:00:00,0.028450553,0.011323635,0.099454174,8.040932652,2.805236732,0,0,0,0,0
2003-02-05 00:00:00,0.028829805,0.011752766,0.111184312,8.013353705,2.889559893,0,0,0,0,0
2003-02-06 00:00:00,0.029101221,0.011935783,0.11525967,7.996639699,2.910581588,0,0,0,0,0
2003-02-07 00:00:00,0.029127871,0.011612726,0.104609736,8.008324236,2.814516537,0,0,0,0,0
2003-02-08 00:00:00,0.029515529,0.012047443,0.116820432,7.964973933,2.904681619,0,0,0,0,0
2003-02-09 00:00:00,0.029467719,0.011586533,0.10263111,7.984447323,2.78308557,0,0,0,0,0
2003-02-10 00:00:00,0.029739456,0.011731267,0.105859742,7.959182644,2.798449223,0,0,0,0,0
2003-02-11 00:00:00,0.029493272,0.011055248,0.087447337,8.030722798,2.649805371,0,0,0,0,0
2003-02-12 00:00:00,0.030152003,0.011772626,0.105631052,7.925793424,2.778212026,0,0,0,0,0
2003-02-13 00:00:00,0.030505148,0.012111801,0.115266909,7.884470769,2.847220474,0,0,0,0,0
2003-02-14 00:00:00,0.030574176,0.011818484,0.105776663,7.896098346,2.760343961,0,0,0,0,0
2003-02-15 00:00:00,0.030954568,0.012202712,0.116691019,7.851392248,2.838280697,0,0,0,0,0
2003-02-16 00:00:00,0.031077328,0.01195854,0.108178252,7.857146793,2.757067924,0,0,0,0,0
2003-02-17 00:00:00,0.031477883,0.012386469,0.120530601,7.808763103,2.845849898,0,0,0,0,0
2003-02-18 00:00:00,0.031611307,0.012129395,0.11143799,7.818181036,2.758365992,0,0,0,0,0
2003-02-19 00:00:00,0.031872621,0.012199614,0.11268848,7.802329326,2.755715953,0,0,0,0,0
2003-02-20 00:00:00,0.033339132,0.01376931,0.147151503,7.548343886,2.976584856,0,0,0,0,0
2003-02-21 00:00:00,0.036084205,0.0164978,0.199097026,7.065009235,3.283884351,0,0,0,0,0
2003-02-22 00:00:00,0.036557974,0.016461296,0.192005941,7.007248843,3.200681907,0,0,0,0,0
2003-02-23 00:00:00,0.038730535,0.019912489,0.274444116,6.912408313,3.729720116,0,0,0,0,0
2003-02-24 00:00:00,0.03762467,0.017346448,0.208041886,7.007904266,3.252132496,0,0,0,0,0
2003-02-25 00:00:00,0.037704863,0.017023658,0.200275992,6.975174598,3.193831802,0,0,0,0,0
2003-02-26 00:00:00,0.037661562,0.016520568,0.189011394,6.949927918,3.116686758,0,0,0,0,0
2003-02-27 00:00:00,0.037594577,0.016002834,0.17778521,6.934600436,3.040557399,0,0,0,0,0
2003-02-28 00:00:00,0.037593153,0.015585381,0.168652533,6.922238693,2.976306614,0,0,0,0,0
2003-03-01 00:00:00,0.03757132,0.015116886,0.157937806,6.920257632,2.899270236,0,0,0,0,0
2003-03-02 00:00:00,0.037704578,0.014882249,0.152468878,6.907305458,2.854958661,0,0,0,0,0
2003-03-03 00:00:00,0.037833399,0.014614628,0.145958581,6.901708517,2.801479497,0,0,0,0,0
2003-03-04 00:00:00,0.03741022,0.013264512,0.110746909,7.010759966,2.53633223,0,0,0,0,0
2003-03-05 00:00:00,0.038396888,0.014490349,0.141754417,6.860288596,2.748640603,0,0,0,0,0
2003-03-06 00:00:00,0.038702037,0.014453742,0.140150194,6.840239974,2.724585055,0,0,0,0,0
2003-03-07 00:00:00,0.039033411,0.014485293,0.140468311,6.822818296,2.713180613,0,0,0,0,0
2003-03-08 00:00:00,0.039131977,0.014075739,0.129303427,6.859828686,2.617347499,0,0,0,0,0
2003-03-09 00:00:00,0.039709866,0.01454103,0.140531979,6.798790428,2.682953093,0,0,0,0,0
2003-03-10 00:00:00,0.040074269,0.014629584,0.142241021,6.786750016,2.679063638,0,0,0,0,0
2003-03-11 00:00:00,0.040445744,0.014744486,0.144653807,6.777356389,2.679576594,0,0,0,0,0
2003-03-12 00:00:00,0.040806065,0.014823281,0.146155199,6.771858453,2.672969492,0,0,0,0,0
2003-03-13 00:00:00,0.041285334,0.015137897,0.153603736,6.744936842,2.707936314,0,0,0,0,0
2003-03-14 00:00:00,0.044585525,0.019124412,0.235381068,6.274563201,3.201306003,0,0,0,0,0
2003-03-15 00:00:00,0.044969051,0.018574477,0.217455396,6.226023769,3.058711258,0,0,0,0,0
2003-03-16 00:00:00,0.045544763,0.019127082,0.228122458,6.264391571,3.090589762,0,0,0,0,0
2003-03-17 00:00:00,0.045792551,0.01912259,0.228481664,6.287546877,3.075795603,0,0,0,0,0
2003-03-18 00:00:00,0.04585591,0.018740237,0.220811231,6.308681271,3.016744947,0,0,0,0,0
2003-03-19 00:00:00,0.046890739,0.019439944,0.232262441,6.189037963,3.065883327,0,0,0,0,0
2003-03-20 00:00:00,0.047770723,0.019732287,0.234381974,6.064447612,3.061230797,0,0,0,0,0
2003-03-21 00:00:00,0.048177688,0.019627929,0.230545425,6.040002188,3.019693923,0,0,0,0,0
2003-03-22 00:00:00,0.048461645,0.019474098,0.226980261,6.038193854,2.983075186,0,0,0,0,0
2003-03-23 00:00:00,0.048569526,0.019182512,0.221762565,6.066457937,2.938929929,0,0,0,0,0
2003-03-24 00:00:00,0.048616149,0.018725679,0.212755726,6.09759325,2.872095783,0,0,0,0,0
2003-03-25 00:00:00,0.048788516,0.018419589,0.206637252,6.111842598,2.822703382,0,0,0,0,0
2003-03-26 00:00:00,0.049028603,0.018162098,0.200998471,6.121925417,2.773462107,0,0,0,0,0
2003-03-27 00:00:00,0.05030708,0.01894903,0.213015951,5.953709786,2.828545626,0,0,0,0,0
2003-03-28 00:00:00,0.054522317,0.023925452,0.304305007,5.456947623,3.337377044,0,0,0,0,0
2003-03-29 00:00:00,0.055022997,0.023480131,0.288194428,5.479775748,3.19429322,0,0,0,0,0
2003-03-30 00:00:00,0.055719883,0.023936484,0.294983966,5.481009114,3.202554268,0,0,0,0,0
2003-03-31 00:00:00,0.056040522,0.023657017,0.288535065,5.470758145,3.149987891,0,0,0,0,0
2003-04-01 00:00:00,0.057025617,0.025588657,0.337364951,5.312869752,3.476755867,0,0,0,0,0
2003-04-02 00:00:00,0.055978511,0.021930605,0.254550393,5.495552601,2.936822468,0,0,0,0,0
2003-04-03 00:00:00,0.056322268,0.021750959,0.250773785,5.490596065,2.901551604,0,0,0,0,0
2003-04-04 00:00:00,0.057999038,0.024163366,0.303008257,5.263460485,3.228770269,0,0,0,0,0
2003-04-05 00:00:00,0.058396279,0.022733621,0.263605254,5.298611347,2.941473834,0,0,0,0,0
2003-04-06 00:00:00,0.05876583,0.022341503,0.253132562,5.320375654,2.852302766,0,0,0,0,0
2003-04-07 00:00:00,0.059112788,0.022092808,0.247041368,5.340973148,2.794390157,0,0,0,0,0
2003-04-08 00:00:00,0.059895932,0.022529278,0.254880906,5.286998584,2.826968815,0,0,0,0,0
2003-04-09 00:00:00,0.062749178,0.026021882,0.317950098,4.998100589,3.173535476,0,0,0,0,0
2003-04-10 00:00:00,0.062801912,0.024979576,0.294883226,5.052845836,3.012690391,0,0,0,0,0
2003-04-11 00:00:00,0.062924162,0.024634933,0.288964638,5.1020721,2.959490344,0,0,0,0,0
2003-04-12 00:00:00,0.062977211,0.024025717,0.277906449,5.141069524,2.882506538,0,0,0,0,0
2003-04-13 00:00:00,0.063249161,0.023709383,0.272182745,5.151352606,2.837491459,0,0,0,0,0
2003-04-14 00:00:00,0.063321158,0.023256144,0.26492843,5.189241446,2.784883339,0,0,0,0,0
2003-04-15 00:00:00,0.06336138,0.023796374,0.285143576,5.156223922,2.934472168,0,0,0,0,0
2003-04-16 00:00:00,0.063313422,0.021866841,0.238963781,5.322947351,2.597384522,0,0,0,0,0
2003-04-17 00:00:00,0.063645237,0.021642814,0.234361768,5.35036847,2.550810406,0,0,0,0,0
2003-04-18 00:00:00,0.064042085,0.021706503,0.236574133,5.357658414,2.550321295,0,0,0,0,0
2003-04-19 00:00:00,0.065587487,0.023440061,0.269758407,5.179122281,2.741673948,0,0,0,0,0
2003-04-20 00:00:00,0.066923448,0.024318275,0.283889774,5.033140664,2.818890545,0,0,0,0,0
2003-04-21 00:00:00,0.067338109,0.02390976,0.27193744,5.118930918,2.697652769,0,0,0,0,0
2003-04-22 00:00:00,0.067920611,0.025505353,0.310223846,5.044307538,2.936380758,0,0,0,0,0
2003-04-23 00:00:00,0.068087555,0.024553101,0.288331929,5.147800307,2.763562153,0,0,0,0,0
2003-04-24 00:00:00,0.068232217,0.025070657,0.305287575,5.118564711,2.881035657,0,0,0,0,0
2003-04-25 00:00:00,0.068359134,0.023863887,0.277723171,5.238771896,2.670896061,0,0,0,0,0
2003-04-26 00:00:00,0.068467528,0.02356382,0.273674509,5.289355642,2.631910296,0,0,0,0,0
2003-04-27 00:00:00,0.06838052,0.023996166,0.290831473,5.270706011,2.760353304,0,0,0,0,0
2003-04-28 00:00:00,0.068597634,0.023054124,0.268049289,5.413568388,2.565015272,0,0,0,0,0
2003-04-29 00:00:00,0.068719929,0.02284477,0.265541021,5.476829817,2.529359053,0,0,0,0,0
2003-04-30 00:00:00,0.074070247,0.029137311,0.369967726,4.747891348,3.145197478,0,0,0,0,0
2003-05-01 00:00:00,0.081415437,0.04082729,0.564654891,4.031370692,4.205535485,0,0,0,0,0
2003-05-02 00:00:00,0.085640082,0.048031772,0.672466104,3.935183445,4.666489584,0,0,0,0,0
2003-05-03 00:00:00,0.082288197,0.038024896,0.489106667,4.35642298,3.601614164,0,0,0,0,0
2003-05-04 00:00:00,0.082764403,0.037830687,0.487615453,4.281250768,3.607803009,0,0,0,0,0
2003-05-05 00:00:00,0.085487041,0.038204208,0.475911323,4.086869938,3.504522494,0,0,0,0,0
2003-05-06 00:00:00,0.085795478,0.040043075,0.518665828,4.007527191,3.772683265,0,0,0,0,0
2003-05-07 00:00:00,0.087867082,0.03884662,0.475846698,3.97467686,3.458955483,0,0,0,0,0
2003-05-08 00:00:00,0.090750153,0.044380618,0.569832733,3.732661073,3.970528948,0,0,0,0,0
2003-05-09 00:00:00,0.091330046,0.039650745,0.469367463,3.812535542,3.359532126,0,0,0,0,0
2003-05-10 00:00:00,0.094265843,0.045452707,0.567596298,3.563510205,3.897576172,0,0,0,0,0
2003-05-11 00:00:00,0.099538386,0.050212382,0.617349077,3.319024363,4.076339308,0,0,0,0,0
2003-05-12 00:00:00,0.099891873,0.048672957,0.585973604,3.351208206,3.882121583,0,0,0,0,0
2003-05-13 00:00:00,0.097979018,0.043193773,0.501401988,3.459010556,3.456478571,0,0,0,0,0
2003-05-14 00:00:00,0.099446197,0.044042215,0.512788725,3.345253831,3.524852819,0,0,0,0,0
2003-05-15 00:00:00,0.098166545,0.040286106,0.456191108,3.423207264,3.240595105,0,0,0,0,0
2003-05-16 00:00:00,0.097265748,0.03739302,0.412464165,3.488814207,3.017054403,0,0,0,0,0
2003-05-17 00:00:00,0.096796223,0.035222963,0.37817613,3.548466757,2.829341803,0,0,0,0,0
2003-05-18 00:00:00,0.096671003,0.032054891,0.317911663,3.685979009,2.445171302,0,0,0,0,0
2003-05-19 00:00:00,0.096738979,0.03403022,0.363291581,3.591239677,2.742159438,0,0,0,0,0
2003-05-20 00:00:00,0.097249513,0.034360522,0.369453422,3.578780786,2.765076277,0,0,0,0,0
2003-05-21 00:00:00,0.0967735,0.033744941,0.363699816,3.646762351,2.720630974,0,0,0,0,0
2003-05-22 00:00:00,0.096344688,0.033092549,0.357009855,3.709467061,2.672848634,0,0,0,0,0
2003-05-23 00:00:00,0.096027117,0.03278563,0.356348052,3.755434194,2.661410577,0,0,0,0,0
2003-05-24 00:00:00,0.095455107,0.032333293,0.354640565,3.817959379,2.646577243,0,0,0,0,0
2003-05-25 00:00:00,0.095144327,0.031191044,0.335430543,3.938927929,2.493796588,0,0,0,0,0
2003-05-26 00:00:00,0.095013909,0.03006888,0.314443258,4.077479337,2.312682773,0,0,0,0,0
2003-05-27 00:00:00,0.094403085,0.029704066,0.314074158,4.16108141,2.295123191,0,0,0,0,0
2003-05-28 00:00:00,0.093970339,0.029623378,0.318474652,4.211315412,2.313344659,0,0,0,0,0
2003-05-29 00:00:00,0.093715223,0.02935652,0.31729471,4.278098098,2.284162518,0,0,0,0,0
2003-05-30 00:00:00,0.093178278,0.030492434,0.349110263,4.203358615,2.521999244,0,0,0,0,0
2003-05-31 00:00:00,0.093507207,0.029692971,0.331045399,4.324802243,2.343054438,0,0,0,0,0
2003-06-01 00:00:00,0.092786765,0.029437053,0.333368178,4.411781129,2.343232439,0,0,0,0,0
2003-06-02 00:00:00,0.092110666,0.029133513,0.334353974,4.502494681,2.332996867,0,0,0,0,0
2003-06-03 00:00:00,0.091346216,0.029058889,0.341085778,4.562471836,2.37521294,0,0,0,0,0
2003-06-04 00:00:00,0.090817126,0.028810594,0.342005065,4.641055856,2.364648187,0,0,0,0,0
2003-06-05 00:00:00,0.090277072,0.028614531,0.343941766,4.719776914,2.359937767,0,0,0,0,0
2003-06-06 00:00:00,0.089966011,0.028504215,0.345976661,4.780124478,2.353673136,0,0,0,0,0
2003-06-07 00:00:00,0.089814627,0.028734101,0.354251911,4.781530228,2.403277771,0,0,0,0,0
2003-06-08 00:00:00,0.090793747,0.029378152,0.36260495,4.691078496,2.442090557,0,0,0,0,0
2003-06-09 00:00:00,0.090002836,0.029806961,0.379858204,4.683584562,2.577571744,0,0,0,0,0
2003-06-10 00:00:00,0.090000662,0.029116539,0.366914669,4.80205665,2.441942918,0,0,0,0,0
2003-06-11 00:00:00,0.089342091,0.028925976,0.369732747,4.871015843,2.452339872,0,0,0,0,0
2003-06-12 00:00:00,0.088598792,0.028619976,0.370663659,4.959704268,2.447303237,0,0,0,0,0
2003-06-13 00:00:00,0.087943304,0.028356921,0.371895561,5.036057159,2.445983467,0,0,0,0,0
2003-06-14 00:00:00,0.087323864,0.027983089,0.370452098,5.12550677,2.421680695,0,0,0,0,0
2003-06-15 00:00:00,0.086631791,0.027780118,0.373122338,5.19210488,2.435909596,0,0,0,0,0
2003-06-16 00:00:00,0.085860866,0.027413751,0.372794565,5.287044578,2.424463321,0,0,0,0,0
2003-06-17 00:00:00,0.084732873,0.027313019,0.381075429,5.332856703,2.506499321,0,0,0,0,0
2003-06-18 00:00:00,0.084873329,0.026947756,0.373975616,5.37500664,2.431559159,0,0,0,0,0
2003-06-19 00:00:00,0.085240014,0.027407526,0.383085865,5.249709896,2.514831503,0,0,0,0,0
2003-06-20 00:00:00,0.08416118,0.02708786,0.385796261,5.340108395,2.540168595,0,0,0,0,0
2003-06-21 00:00:00,0.083767926,0.026398154,0.374693865,5.539955264,2.393957613,0,0,0,0,0
2003-06-22 00:00:00,0.082781527,0.026059822,0.376101831,5.651124115,2.398303495,0,0,0,0,0
2003-06-23 00:00:00,0.081925863,0.025601035,0.373722853,5.790218557,2.361363174,0,0,0,0,0
2003-06-24 00:00:00,0.082183364,0.026613227,0.394662127,5.590002156,2.545543625,0,0,0,0,0
2003-06-25 00:00:00,0.079207021,0.029143215,0.472484335,5.060689848,3.414035594,0,0,0,0,0
2003-06-26 00:00:00,0.083117491,0.02703282,0.398642121,5.485549052,2.537128771,0,0,0,0,0
2003-06-27 00:00:00,0.08242366,0.026847069,0.400599877,5.561812182,2.540909868,0,0,0,0,0
2003-06-28 00:00:00,0.086269698,0.032630245,0.485235518,4.808077756,3.161970294,0,0,0,0,0
2003-06-29 00:00:00,0.086136014,0.031114771,0.458597788,4.914936548,2.949474732,0,0,0,0,0
2003-06-30 00:00:00,0.084693504,0.030873288,0.464142402,5.043311721,2.987630567,0,0,0,0,0
2003-07-01 00:00:00,0.083539519,0.030337132,0.462764804,5.139569184,2.986112099,0,0,0,0,0
2003-07-02 00:00:00,0.082806674,0.028778253,0.438567581,5.335348231,2.777875004,0,0,0,0,0
2003-07-03 00:00:00,0.082570924,0.028396778,0.433876173,5.344503704,2.744913501,0,0,0,0,0
2003-07-04 00:00:00,0.082581573,0.029630167,0.45757011,5.208877423,2.935599714,0,0,0,0,0
2003-07-05 00:00:00,0.084229678,0.030545203,0.463590817,5.013498636,2.955582335,0,0,0,0,0
2003-07-06 00:00:00,0.085160067,0.031239526,0.470036168,4.896969608,2.983810699,0,0,0,0,0
2003-07-07 00:00:00,0.084959417,0.03731418,0.585036969,4.312721561,3.964489683,0,0,0,0,0
2003-07-08 00:00:00,0.085882626,0.032125308,0.480739246,4.789515235,3.03112661,0,0,0,0,0
2003-07-09 00:00:00,0.086301997,0.03926428,0.607217701,4.231961552,4.042637668,0,0,0,0,0
2003-07-10 00:00:00,0.086990925,0.038859839,0.595017821,4.193003919,3.937680119,0,0,0,0,0
2003-07-11 00:00:00,0.085174467,0.036790645,0.571622475,4.333911372,3.808343618,0,0,0,0,0
2003-07-12 00:00:00,0.083159466,0.034459482,0.544875419,4.489142874,3.66413849,0,0,0,0,0
2003-07-13 00:00:00,0.082616251,0.028578726,0.439204618,5.06295139,2.739493613,0,0,0,0,0
2003-07-14 00:00:00,0.083153097,0.032347706,0.50420678,4.694024374,3.27777233,0,0,0,0,0
2003-07-15 00:00:00,0.089259712,0.038818941,0.57837323,3.886011154,3.808654052,0,0,0,0,0
2003-07-16 00:00:00,0.087198562,0.036790909,0.555414917,4.1054463,3.642511201,0,0,0,0,0
2003-07-17 00:00:00,0.0859138,0.035405269,0.539380253,4.212527451,3.539446281,0,0,0,0,0
2003-07-18 00:00:00,0.084921552,0.033475759,0.512170536,4.309514716,3.356096546,0,0,0,0,0
2003-07-19 00:00:00,0.084585449,0.029160905,0.435521234,4.651494659,2.695282592,0,0,0,0,0
2003-07-20 00:00:00,0.082793644,0.031137225,0.48475577,4.437380447,3.200690778,0,0,0,0,0
2003-07-21 00:00:00,0.083097415,0.030840857,0.476929826,4.396099096,3.136939348,0,0,0,0,0
2003-07-22 00:00:00,0.082204701,0.028392649,0.437723857,4.591936544,2.817088839,0,0,0,0,0
2003-07-23 00:00:00,0.080979995,0.027736141,0.433301428,4.651568342,2.808710047,0,0,0,0,0
2003-07-24 00:00:00,0.079714597,0.026817838,0.423935368,4.756107738,2.748635601,0,0,0,0,0
2003-07-25 00:00:00,0.078396977,0.026039421,0.417294506,4.856205007,2.713199832,0,0,0,0,0
2003-07-26 00:00:00,0.077010336,0.025356273,0.412693353,4.955149671,2.697430181,0,0,0,0,0
2003-07-27 00:00:00,0.076224732,0.024411105,0.398156704,5.152014087,2.526367341,0,0,0,0,0
2003-07-28 00:00:00,0.074375897,0.023962304,0.40116449,5.213313214,2.615729246,0,0,0,0,0
2003-07-29 00:00:00,0.073372473,0.023503528,0.397652237,5.356968121,2.560026498,0,0,0,0,0
2003-07-30 00:00:00,0.072442045,0.022934503,0.391444729,5.47480626,2.499085873,0,0,0,0,0
2003-07-31 00:00:00,0.072752893,0.022634448,0.381831032,5.581439368,2.327053485,0,0,0,0,0
2003-08-01 00:00:00,0.070746642,0.023012368,0.402750932,5.399184574,2.678523876,0,0,0,0,0
2003-08-02 00:00:00,0.069704854,0.022554833,0.399415355,5.519991457,2.644019613,0,0,0,0,0
2003-08-03 00:00:00,0.069887015,0.022214523,0.389695011,5.636555298,2.475176714,0,0,0,0,0
2003-08-04 00:00:00,0.069506465,0.021841332,0.383253824,5.741801407,2.376941322,0,0,0,0,0
2003-08-05 00:00:00,0.066495127,0.022312123,0.413019214,5.569833178,2.870424239,0,0,0,0,0
2003-08-06 00:00:00,0.065371166,0.022147397,0.41610593,5.628903305,2.922639554,0,0,0,0,0
2003-08-07 00:00:00,0.064278645,0.021630486,0.411784319,5.752384908,2.893534997,0,0,0,0,0
2003-08-08 00:00:00,0.064062922,0.020570007,0.389717614,6.092675588,2.565786847,0,0,0,0,0
2003-08-09 00:00:00,0.061388341,0.021130563,0.418935867,5.901316161,3.057627979,0,0,0,0,0
2003-08-10 00:00:00,0.059764076,0.020978982,0.425785566,5.969694014,3.186937908,0,0,0,0,0
2003-08-11 00:00:00,0.059448735,0.019605968,0.397762754,6.438308027,2.774434338,0,0,0,0,0
2003-08-12 00:00:00,0.057016317,0.019963193,0.421119931,6.296122903,3.199697467,0,0,0,0,0
2003-08-13 00:00:00,0.056426158,0.019444738,0.412709224,6.581142411,3.039912931,0,0,0,0,0
2003-08-14 00:00:00,0.055017124,0.019275671,0.417597322,6.683736023,3.138854213,0,0,0,0,0
2003-08-15 00:00:00,0.052606698,0.02016939,0.452007448,6.387337139,3.730308522,0,0,0,0,0
2003-08-16 00:00:00,0.052108288,0.019222831,0.433928476,6.804716437,3.446081736,0,0,0,0,0
2003-08-17 00:00:00,0.050054022,0.01920634,0.446932275,6.740877143,3.757952166,0,0,0,0,0
2003-08-18 00:00:00,0.0488644,0.01936408,0.457151852,6.736100876,3.940140739,0,0,0,0,0
2003-08-19 00:00:00,0.048504818,0.018786226,0.445576514,7.091509522,3.726050837,0,0,0,0,0
2003-08-20 00:00:00,0.046616474,0.019348363,0.469634081,6.853288198,4.19316067,0,0,0,0,0
2003-08-21 00:00:00,0.04560897,0.019714739,0.482832045,6.803108434,4.410888298,0,0,0,0,0
2003-08-22 00:00:00,0.044160862,0.018980125,0.476421298,7.071205737,4.406383453,0,0,0,0,0
2003-08-23 00:00:00,0.043814842,0.017303047,0.441217659,7.913888452,3.835269089,0,0,0,0,0
2003-08-24 00:00:00,0.041867716,0.019427944,0.499324295,7.121426547,4.82187598,0,0,0,0,0
2003-08-25 00:00:00,0.04104724,0.018738471,0.488978505,7.398753606,4.72118953,0,0,0,0,0
2003-08-26 00:00:00,0.040016028,0.019234748,0.505518886,7.318908253,5.009308474,0,0,0,0,0
2003-08-27 00:00:00,0.04132387,0.015089431,0.403669644,9.602475564,3.17693872,0,0,0,0,0
2003-08-28 00:00:00,0.040499372,0.01922703,0.497010248,7.433137174,4.796422418,0,0,0,0,0
2003-08-29 00:00:00,0.041089642,0.019437573,0.494670854,7.161143105,4.765603903,0,0,0,0,0
2003-08-30 00:00:00,0.039540734,0.017193778,0.456700924,7.808377275,4.381982187,0,0,0,0,0
2003-08-31 00:00:00,0.038487085,0.015728754,0.430629469,8.524628204,4.035163896,0,0,0,0,0
2003-09-01 00:00:00,0.037057674,0.016493643,0.456618879,8.247686623,4.543681589,0,0,0,0,0
2003-09-02 00:00:00,0.036243193,0.017296316,0.47867817,8.054078812,4.913253012,0,0,0,0,0
2003-09-03 00:00:00,0.035285279,0.017383566,0.486222242,8.139269909,5.087082278,0,0,0,0,0
2003-09-04 00:00:00,0.035749761,0.013538224,0.393979803,10.76900131,3.345197023,0,0,0,0,0
2003-09-05 00:00:00,0.033401298,0.017316074,0.495910615,8.45082261,5.358824365,0,0,0,0,0
2003-09-06 00:00:00,0.032827387,0.017853338,0.510604252,8.394019418,5.609290324,0,0,0,0,0
2003-09-07 00:00:00,0.033199501,0.013631811,0.409301166,11.46412832,3.678709982,0,0,0,0,0
2003-09-08 00:00:00,0.031145409,0.017593072,0.514894505,8.842782971,5.802177175,0,0,0,0,0
2003-09-09 00:00:00,0.029941259,0.01677088,0.504537815,9.435757247,5.745714343,0,0,0,0,0
2003-09-10 00:00:00,0.030056928,0.013054409,0.415224901,12.82970815,3.936382192,0,0,0,0,0
2003-09-11 00:00:00,0.02927605,0.012977267,0.41763931,13.19730143,4.020931749,0,0,0,0,0
2003-09-12 00:00:00,0.02991953,0.017340236,0.507931771,12.9500816,5.141187225,0,0,0,0,0
2003-09-13 00:00:00,0.043512561,0.029225781,0.631649769,7.163413146,5.802165229,0,0,0,0,0
2003-09-14 00:00:00,0.046962099,0.021669054,0.447040644,5.579549531,3.950382651,0,0,0,0,0
2003-09-15 00:00:00,0.047738351,0.021351256,0.428401406,5.621091076,3.667121111,0,0,0,0,0
2003-09-16 00:00:00,0.051732392,0.029813672,0.557476827,5.132498693,4.72511649,0,0,0,0,0
2003-09-17 00:00:00,0.052524772,0.031185632,0.573020743,5.077743062,4.822556985,0,0,0,0,0
2003-09-18 00:00:00,0.049353168,0.026741208,0.510595953,5.410970456,4.371493518,0,0,0,0,0
2003-09-19 00:00:00,0.046594632,0.023113337,0.459253977,5.729957062,4.002632051,0,0,0,0,0
2003-09-20 00:00:00,0.044011554,0.018974383,0.392155768,6.223308174,3.404241626,0,0,0,0,0
2003-09-21 00:00:00,0.042863546,0.018567661,0.392168787,6.209966395,3.519203469,0,0,0,0,0
2003-09-22 00:00:00,0.042249831,0.017676245,0.375468164,6.230777911,3.39888564,0,0,0,0,0
2003-09-23 00:00:00,0.041288552,0.016444885,0.353948706,6.368110669,3.22646951,0,0,0,0,0
2003-09-24 00:00:00,0.04025261,0.015286268,0.333997895,6.557860712,3.061328784,0,0,0,0,0
2003-09-25 00:00:00,0.039382131,0.014341909,0.31672756,6.737312476,2.910111705,0,0,0,0,0
2003-09-26 00:00:00,0.038662013,0.013751236,0.305953333,6.869162702,2.82634703,0,0,0,0,0
2003-09-27 00:00:00,0.038022993,0.013187808,0.294781233,6.997964014,2.730989659,0,0,0,0,0
2003-09-28 00:00:00,0.037465736,0.012634146,0.282825041,7.137689943,2.61466254,0,0,0,0,0
2003-09-29 00:00:00,0.036836657,0.012509766,0.282186385,7.168457834,2.665388839,0,0,0,0,0
2003-09-30 00:00:00,0.03608192,0.012288563,0.280368684,7.256349418,2.701829855,0,0,0,0,0
2003-10-01 00:00:00,0.03529135,0.011949536,0.275737218,7.406926234,2.694439862,0,0,0,0,0
2003-10-02 00:00:00,0.034503374,0.011811851,0.276383367,7.495864624,2.767321343,0,0,0,0,0
2003-10-03 00:00:00,0.033939253,0.011355254,0.266248436,7.681357443,2.664256423,0,0,0,0,0
2003-10-04 00:00:00,0.033218915,0.01131819,0.268999353,7.727448856,2.77046405,0,0,0,0,0
2003-10-05 00:00:00,0.032455072,0.011246306,0.271269614,7.81696504,2.866285294,0,0,0,0,0
2003-10-06 00:00:00,0.03212279,0.010639822,0.25385429,8.243301479,2.573554902,0,0,0,0,0
2003-10-07 00:00:00,0.031415351,0.010645973,0.257530998,8.3663958,2.671623729,0,0,0,0,0
2003-10-08 00:00:00,0.030217032,0.011357425,0.287101766,8.089590583,3.267124448,0,0,0,0,0
2003-10-09 00:00:00,0.02989327,0.010194094,0.253607477,8.837909665,2.70550739,0,0,0,0,0
2003-10-10 00:00:00,0.029196355,0.010055888,0.25342489,9.05203311,2.746297881,0,0,0,0,0
2003-10-11 00:00:00,0.028542805,0.011725201,0.304752048,8.37278589,3.634599147,0,0,0,0,0
2003-10-12 00:00:00,0.029075397,0.010523053,0.260295006,8.820960921,2.899855888,0,0,0,0,0
2003-10-13 00:00:00,0.029355475,0.013501405,0.337302092,7.721568872,4.061256126,0,0,0,0,0
2003-10-14 00:00:00,0.030684165,0.012971596,0.304267218,7.348219726,3.58878281,0,0,0,0,0
2003-10-15 00:00:00,0.029827194,0.011192749,0.26149558,7.800878282,3.09188988,0,0,0,0,0
2003-10-16 00:00:00,0.029131217,0.011197102,0.265443681,8.035246026,3.170399578,0,0,0,0,0
2003-10-17 00:00:00,0.028823581,0.011818953,0.282280478,8.074022754,3.40092143,0,0,0,0,0
2003-10-18 00:00:00,0.028610472,0.012450498,0.298630804,8.067869566,3.629062035,0,0,0,0,0
2003-10-19 00:00:00,0.028294112,0.01270454,0.305806942,8.151990245,3.743492682,0,0,0,0,0
2003-10-20 00:00:00,0.028006107,0.013116825,0.317870825,8.13355257,3.941925629,0,0,0,0,0
2003-10-21 00:00:00,0.026958551,0.011720483,0.287293398,8.645218844,3.612983919,0,0,0,0,0
2003-10-22 00:00:00,0.026461123,0.011606864,0.287209787,8.743751947,3.673398755,0,0,0,0,0
2003-10-23 00:00:00,0.025713421,0.009642237,0.232901337,9.622681229,2.920425781,0,0,0,0,0
2003-10-24 00:00:00,0.029007515,0.016858215,0.397566243,7.639435924,4.904276226,0,0,0,0,0
2003-10-25 00:00:00,0.028877547,0.014814127,0.337322759,7.656810476,4.193541084,0,0,0,0,0
2003-10-26 00:00:00,0.027796314,0.013297038,0.304645697,8.0350326,3.873552028,0,0,0,0,0
2003-10-27 00:00:00,0.027306231,0.013183265,0.304385557,8.208015269,3.910569942,0,0,0,0,0
2003-10-28 00:00:00,0.027136699,0.013329918,0.307729625,8.237610434,3.978384392,0,0,0,0,0
2003-10-29 00:00:00,0.026238224,0.01105289,0.245733913,8.940744393,3.2004919,0,0,0,0,0
2003-10-30 00:00:00,0.026993409,0.013532989,0.309742834,8.162454276,4.060585109,0,0,0,0,0
2003-10-31 00:00:00,0.025589751,0.010541077,0.232451135,9.069988652,3.127664452,0,0,0,0,0
2003-11-01 00:00:00,0.026397448,0.012340595,0.271572572,8.758413255,3.56636373,0,0,0,0,0
2003-11-02 00:00:00,0.03659355,0.022288721,0.401707863,6.208359088,4.424492246,0,0,0,0,0
2003-11-03 00:00:00,0.047439573,0.033268033,0.520238163,5.214967617,4.942859527,0,0,0,0,0
2003-11-04 00:00:00,0.069339808,0.057353584,0.771474248,4.575595769,5.997783373,0,0,0,0,0
2003-11-05 00:00:00,0.067053015,0.055164531,0.755571709,4.619924942,5.996045775,0,0,0,0,0
2003-11-06 00:00:00,0.052618573,0.037583634,0.538935617,4.777345696,4.882649866,0,0,0,0,0
2003-11-07 00:00:00,0.043484741,0.026191272,0.386058061,4.915080614,4.04022562,0,0,0,0,0
2003-11-08 00:00:00,0.038444711,0.019552356,0.28585267,4.994790388,3.434472462,0,0,0,0,0
2003-11-09 00:00:00,0.035709353,0.015709324,0.220824864,5.030973045,3.011625471,0,0,0,0,0
2003-11-10 00:00:00,0.033785983,0.012782197,0.164247142,5.095596141,2.594964163,0,0,0,0,0
2003-11-11 00:00:00,0.033188558,0.012267596,0.155696633,5.107738541,2.573430356,0,0,0,0,0
2003-11-12 00:00:00,0.03251836,0.011567405,0.141503343,5.158720259,2.486178318,0,0,0,0,0
2003-11-13 00:00:00,0.031868128,0.010982056,0.129564977,5.233810865,2.412414342,0,0,0,0,0
2003-11-14 00:00:00,0.031304966,0.010570588,0.121302554,5.315989967,2.367341901,0,0,0,0,0
2003-11-15 00:00:00,0.030765444,0.010233689,0.11456624,5.408290093,2.33339369,0,0,0,0,0
2003-11-16 00:00:00,0.030174961,0.00960918,0.098796995,5.538275035,2.193800933,0,0,0,0,0
2003-11-17 00:00:00,0.029968954,0.009866996,0.105994253,5.582300294,2.292282845,0,0,0,0,0
2003-11-18 00:00:00,0.031080498,0.011969709,0.15225821,5.396867973,2.746311482,0,0,0,0,0
2003-11-19 00:00:00,0.030302339,0.011202806,0.136119423,5.531598152,2.62503941,0,0,0,0,0
2003-11-20 00:00:00,0.02994059,0.011141359,0.135446173,5.631659772,2.63778825,0,0,0,0,0
2003-11-21 00:00:00,0.029113988,0.009933526,0.104803055,5.793675779,2.357332381,0,0,0,0,0
2003-11-22 00:00:00,0.030165715,0.011832646,0.144965872,5.680405312,2.727111382,0,0,0,0,0
2003-11-23 00:00:00,0.042433696,0.027172897,0.394509293,5.014357005,4.404154544,0,0,0,0,0
2003-11-24 00:00:00,0.04431772,0.029469234,0.414918397,5.206757192,4.414916179,0,0,0,0,0
2003-11-25 00:00:00,0.043614174,0.028638898,0.400272251,5.245324039,4.328636611,0,0,0,0,0
2003-11-26 00:00:00,0.038677806,0.022440536,0.30588267,5.261270578,3.794612212,0,0,0,0,0
2003-11-27 00:00:00,0.034996969,0.017825989,0.232264782,5.29915315,3.367313184,0,0,0,0,0
2003-11-28 00:00:00,0.032680411,0.014879916,0.181412428,5.338142986,3.058189068,0,0,0,0,0
2003-11-29 00:00:00,0.031281627,0.013096969,0.148345965,5.371359122,2.85303329,0,0,0,0,0
2003-11-30 00:00:00,0.030334458,0.011926372,0.125262886,5.410327878,2.708540983,0,0,0,0,0
2003-12-01 00:00:00,0.029636845,0.011122934,0.108649813,5.458492157,2.605249344,0,0,0,0,0
2003-12-02 00:00:00,0.028687893,0.009629058,0.071307688,5.543017208,2.294669784,0,0,0,0,0
2003-12-03 00:00:00,0.028317925,0.00933338,0.064472187,5.607310943,2.256880495,0,0,0,0,0
2003-12-04 00:00:00,0.028085244,0.009333338,0.065440368,5.667204991,2.28993857,0,0,0,0,0
2003-12-05 00:00:00,0.028023462,0.009597547,0.073013206,5.704149231,2.383341884,0,0,0,0,0
2003-12-06 00:00:00,0.027526259,0.008998991,0.056812824,5.811667224,2.245191784,0,0,0,0,0
2003-12-07 00:00:00,0.027235964,0.008889987,0.054791652,5.901348606,2.244350471,0,0,0,0,0
2003-12-08 00:00:00,0.026961471,0.008789041,0.052729596,5.988988942,2.242662057,0,0,0,0,0
2003-12-09 00:00:00,0.02846737,0.011151706,0.105546317,5.885465758,2.689373744,0,0,0,0,0
2003-12-10 00:00:00,0.035005166,0.018867591,0.237505427,5.482138852,3.561058156,0,0,0,0,0
2003-12-11 00:00:00,0.034733232,0.018114815,0.207172471,5.589326201,3.263220762,0,0,0,0,0
2003-12-12 00:00:00,0.034360009,0.017664379,0.196826158,5.624187313,3.196293026,0,0,0,0,0
2003-12-13 00:00:00,0.032654592,0.015511485,0.160107073,5.610556552,2.991645645,0,0,0,0,0
2003-12-14 00:00:00,0.030910962,0.013350762,0.122480215,5.619976344,2.777439616,0,0,0,0,0
2003-12-15 00:00:00,0.030246628,0.012745223,0.115120233,5.654923625,2.769628907,0,0,0,0,0
2003-12-16 00:00:00,0.029047919,0.01104387,0.078718974,5.66021533,2.522968302,0,0,0,0,0
2003-12-17 00:00:00,0.028469618,0.010380108,0.06528109,5.704225381,2.443882481,0,0,0,0,0
2003-12-18 00:00:00,0.028207377,0.010206417,0.062882621,5.745028094,2.449942462,0,0,0,0,0
2003-12-19 00:00:00,0.027735608,0.009576695,0.047601041,5.786905967,2.342395823,0,0,0,0,0
2003-12-20 00:00:00,0.027477179,0.009331759,0.041881662,5.834160406,2.311654017,0,0,0,0,0
2003-12-21 00:00:00,0.027265587,0.00916071,0.03791459,5.887482413,2.293204012,0,0,0,0,0
2003-12-22 00:00:00,0.027116936,0.009152022,0.038728355,5.947494396,2.31643827,0,0,0,0,0
2003-12-23 00:00:00,0.02686232,0.00888032,0.03145328,6.014181723,2.263947265,0,0,0,0,0
2003-12-24 00:00:00,0.026687758,0.008791893,0.029585036,6.082824145,2.259431437,0,0,0,0,0
2003-12-25 00:00:00,0.026517933,0.008706141,0.027870749,6.156124659,2.255320913,0,0,0,0,0
2003-12-26 00:00:00,0.026357334,0.008638544,0.026581932,6.232127017,2.25403387,0,0,0,0,0
2003-12-27 00:00:00,0.026364641,0.008709247,0.027982955,6.263577894,2.274697683,0,0,0,0,0
2003-12-28 00:00:00,0.026708365,0.009062875,0.034232705,6.213519276,2.331131524,0,0,0,0,0
2003-12-29 00:00:00,0.026507227,0.008989409,0.033234922,6.326394215,2.326444025,0,0,0,0,0
2003-12-30 00:00:00,0.026447676,0.009074181,0.035788246,6.415158218,2.350058336,0,0,0,0,0
2003-12-31 00:00:00,0.026405271,0.009156226,0.038128246,6.492657263,2.373082873,0,0,0,0,0
2004-01-01 00:00:00,0.026315936,0.009144422,0.038132474,6.568521831,2.377682986,0,0,0,0,0
2004-01-02 00:00:00,0.026413617,0.009459431,0.047668443,6.622691331,2.46686709,0,0,0,0,0
2004-01-03 00:00:00,0.0262071,0.00914753,0.038570958,6.688362197,2.392373739,0,0,0,0,0
2004-01-04 00:00:00,0.026555288,0.010350083,0.079606243,6.754958854,2.779405862,0,0,0,0,0
2004-01-05 00:00:00,0.025953562,0.008962389,0.034894889,6.836844497,2.373908062,0,0,0,0,0
2004-01-06 00:00:00,0.025848113,0.008884065,0.033354802,6.906272947,2.366998545,0,0,0,0,0
2004-01-07 00:00:00,0.025753067,0.008815417,0.032008496,6.974628296,2.361182436,0,0,0,0,0
2004-01-08 00:00:00,0.0256731,0.008755429,0.030893232,7.041629585,2.356603343,0,0,0,0,0
2004-01-09 00:00:00,0.025604816,0.008708302,0.029934862,7.107749548,2.352477006,0,0,0,0,0
2004-01-10 00:00:00,0.025551937,0.008669798,0.029206337,7.172340827,2.349490279,0,0,0,0,0
2004-01-11 00:00:00,0.025526669,0.008669059,0.029495915,7.233504554,2.354484187,0,0,0,0,0
2004-01-12 00:00:00,0.025498531,0.008655632,0.029449769,7.295451097,2.356111365,0,0,0,0,0
2004-01-13 00:00:00,0.025481712,0.008648584,0.029526434,7.357079083,2.358195495,0,0,0,0,0
2004-01-14 00:00:00,0.025463534,0.008630315,0.029270455,7.418554101,2.356751066,0,0,0,0,0
2004-01-15 00:00:00,0.025472755,0.008647211,0.029890814,7.474478239,2.362207775,0,0,0,0,0
2004-01-16 00:00:00,0.025333527,0.008408397,0.023073782,7.56061383,2.302509985,0,0,0,0,0
2004-01-17 00:00:00,0.02568848,0.00891428,0.037028141,7.549839324,2.417920756,0,0,0,0,0
2004-01-18 00:00:00,0.02566924,0.008827777,0.034514725,7.600831017,2.396056315,0,0,0,0,0
2004-01-19 00:00:00,0.025748231,0.008974738,0.039531734,7.647609932,2.439694363,0,0,0,0,0
2004-01-20 00:00:00,0.026130844,0.009894942,0.070934215,7.64514924,2.724809184,0,0,0,0,0
2004-01-21 00:00:00,0.025824238,0.008937921,0.037725599,7.745958611,2.415213277,0,0,0,0,0
2004-01-22 00:00:00,0.025878328,0.008963893,0.03838991,7.791987326,2.417433243,0,0,0,0,0
2004-01-23 00:00:00,0.025802204,0.008770258,0.032892323,7.867408615,2.367437186,0,0,0,0,0
2004-01-24 00:00:00,0.026061961,0.009083772,0.041576981,7.866419557,2.435669821,0,0,0,0,0
2004-01-25 00:00:00,0.026137132,0.009107894,0.042221341,7.905597321,2.436607618,0,0,0,0,0
2004-01-26 00:00:00,0.025868131,0.008598131,0.027492994,8.034942139,2.306365134,0,0,0,0,0
2004-01-27 00:00:00,0.026503739,0.009609209,0.058022125,7.943900306,2.565042866,0,0,0,0,0
2004-01-28 00:00:00,0.026626542,0.009701615,0.060896226,7.971356835,2.5844472,0,0,0,0,0
2004-01-29 00:00:00,0.02657594,0.009332006,0.047911186,8.031486317,2.461227345,0,0,0,0,0
2004-01-30 00:00:00,0.026704651,0.009393598,0.049420254,8.056307536,2.467251906,0,0,0,0,0
2004-01-31 00:00:00,0.026841219,0.009458816,0.051065475,8.078656062,2.47394769,0,0,0,0,0
2004-02-01 00:00:00,0.026964411,0.009484344,0.051508243,8.101105152,2.470707478,0,0,0,0,0
2004-02-02 00:00:00,0.026901613,0.009195039,0.042642835,8.18118482,2.386824244,0,0,0,0,0
2004-02-03 00:00:00,0.027579912,0.00989879,0.060283096,8.031721065,2.522194893,0,0,0,0,0
2004-02-04 00:00:00,0.027711781,0.009903847,0.060131311,8.048391182,2.513446577,0,0,0,0,0
2004-02-05 00:00:00,0.027149408,0.008810613,0.028304938,8.268082837,2.23831789,0,0,0,0,0
2004-02-06 00:00:00,0.028302939,0.010699763,0.08492336,8.031710064,2.706624982,0,0,0,0,0
2004-02-07 00:00:00,0.02828977,0.010165306,0.065851889,8.071394276,2.530076579,0,0,0,0,0
2004-02-08 00:00:00,0.028478269,0.010238423,0.067448985,8.077816578,2.533379864,0,0,0,0,0
2004-02-09 00:00:00,0.028689513,0.010338362,0.069840393,8.080334384,2.542447785,0,0,0,0,0
2004-02-10 00:00:00,0.028879021,0.010398031,0.071160112,8.088197788,2.542936293,0,0,0,0,0
2004-02-11 00:00:00,0.029074119,0.010454601,0.072352122,8.09308352,2.5422046,0,0,0,0,0
2004-02-12 00:00:00,0.029320658,0.010598111,0.076152763,8.084117301,2.562595503,0,0,0,0,0
2004-02-13 00:00:00,0.030145402,0.012321677,0.131923183,7.933031156,3.027258736,0,0,0,0,0
2004-02-14 00:00:00,0.029783665,0.01082564,0.082096881,8.07619981,2.589604374,0,0,0,0,0
2004-02-15 00:00:00,0.030010369,0.010909311,0.08419666,8.073086638,2.595422845,0,0,0,0,0
2004-02-16 00:00:00,0.030996854,0.013079211,0.154484843,7.859238799,3.181636067,0,0,0,0,0
2004-02-17 00:00:00,0.030466856,0.010963552,0.083834143,8.067493603,2.565341084,0,0,0,0,0
2004-02-18 00:00:00,0.030798948,0.011159566,0.088412945,8.039685304,2.587599034,0,0,0,0,0
2004-02-19 00:00:00,0.03103742,0.01114177,0.086891225,8.026646043,2.562682118,0,0,0,0,0
2004-02-20 00:00:00,0.033121794,0.013275251,0.131876283,7.588387458,2.854417901,0,0,0,0,0
2004-02-21 00:00:00,0.033595308,0.013015409,0.119394598,7.412819525,2.750474344,0,0,0,0,0
2004-02-22 00:00:00,0.036276597,0.016002782,0.179658474,7.053040712,3.109474506,0,0,0,0,0
2004-02-23 00:00:00,0.039929457,0.019267467,0.22934859,6.531450915,3.346099962,0,0,0,0,0
2004-02-24 00:00:00,0.041575456,0.020685484,0.248877,6.400459442,3.411930658,0,0,0,0,0
2004-02-25 00:00:00,0.042369556,0.02126861,0.257129407,6.344610672,3.434835368,0,0,0,0,0
2004-02-26 00:00:00,0.043470038,0.022132948,0.270943538,6.214878974,3.49823612,0,0,0,0,0
2004-02-27 00:00:00,0.04400406,0.022106165,0.267052861,6.083667668,3.46435797,0,0,0,0,0
2004-02-28 00:00:00,0.045106717,0.022000255,0.253398446,5.783515181,3.361442153,0,0,0,0,0
2004-02-29 00:00:00,0.04568302,0.02177093,0.242559993,5.648842359,3.277983791,0,0,0,0,0
2004-03-01 00:00:00,0.046276905,0.021846734,0.240681906,5.560094847,3.251755544,0,0,0,0,0
2004-03-02 00:00:00,0.046489683,0.021408253,0.229256648,5.493977833,3.173285648,0,0,0,0,0
2004-03-03 00:00:00,0.046374898,0.020581546,0.211955334,5.442804132,3.069544146,0,0,0,0,0
2004-03-04 00:00:00,0.050451309,0.025118968,0.290629819,5.175120314,3.477133291,0,0,0,0,0
2004-03-05 00:00:00,0.054951252,0.028279467,0.316002277,4.810056119,3.50502105,0,0,0,0,0
2004-03-06 00:00:00,0.055562636,0.028263177,0.308089653,4.783922094,3.422327338,0,0,0,0,0
2004-03-07 00:00:00,0.055543229,0.027496559,0.295931872,4.68701399,3.370752777,0,0,0,0,0
2004-03-08 00:00:00,0.054015183,0.024708294,0.251343478,4.606833007,3.172549516,0,0,0,0,0
2004-03-09 00:00:00,0.052244259,0.021241625,0.187711928,4.559590232,2.845780424,0,0,0,0,0
2004-03-10 00:00:00,0.051610135,0.019391274,0.151242622,4.521975177,2.645998748,0,0,0,0,0
2004-03-11 00:00:00,0.051455848,0.018262453,0.127121748,4.500035938,2.501593849,0,0,0,0,0
2004-03-12 00:00:00,0.051451811,0.017488913,0.109928351,4.505329577,2.387936334,0,0,0,0,0
2004-03-13 00:00:00,0.051755294,0.017332521,0.106349675,4.505892072,2.354858715,0,0,0,0,0
2004-03-14 00:00:00,0.052245428,0.017725672,0.116486573,4.502101366,2.409661354,0,0,0,0,0
2004-03-15 00:00:00,0.052362666,0.017337782,0.107470504,4.543644875,2.332937351,0,0,0,0,0
2004-03-16 00:00:00,0.052504854,0.017145331,0.104033368,4.585799008,2.294796632,0,0,0,0,0
2004-03-17 00:00:00,0.053076196,0.0177278,0.118130464,4.588111137,2.368435084,0,0,0,0,0
2004-03-18 00:00:00,0.053605768,0.018073268,0.125783837,4.591932647,2.398498778,0,0,0,0,0
2004-03-19 00:00:00,0.053905498,0.018476086,0.138115885,4.620255515,2.465925864,0,0,0,0,0
2004-03-20 00:00:00,0.054092625,0.018092901,0.128423037,4.665408614,2.38037388,0,0,0,0,0
2004-03-21 00:00:00,0.054243614,0.017980914,0.127409873,4.714284802,2.356747081,0,0,0,0,0
2004-03-22 00:00:00,0.054435861,0.018002978,0.12976787,4.759073922,2.355402207,0,0,0,0,0
2004-03-23 00:00:00,0.054671765,0.018089042,0.133540833,4.798896418,2.363107887,0,0,0,0,0
2004-03-24 00:00:00,0.055494027,0.018719669,0.146006366,4.767779409,2.419924166,0,0,0,0,0
2004-03-25 00:00:00,0.057530744,0.022041004,0.217317119,4.648426909,2.831040057,0,0,0,0,0
2004-03-26 00:00:00,0.061882958,0.026295993,0.277569746,4.413354659,3.075970457,0,0,0,0,0
2004-03-27 00:00:00,0.06264708,0.026856543,0.282474856,4.475726731,3.047791248,0,0,0,0,0
2004-03-28 00:00:00,0.064618459,0.028839896,0.312633287,4.399704411,3.173208298,0,0,0,0,0
2004-03-29 00:00:00,0.068058676,0.034703078,0.427952489,4.233355007,3.804256592,0,0,0,0,0
2004-03-30 00:00:00,0.064802928,0.028136843,0.307835728,4.350069004,3.166071955,0,0,0,0,0
2004-03-31 00:00:00,0.063922706,0.025963359,0.270048128,4.384500883,2.966082206,0,0,0,0,0
2004-04-01 00:00:00,0.062932651,0.023047025,0.212510408,4.460097065,2.631481216,0,0,0,0,0
2004-04-02 00:00:00,0.063719323,0.025378468,0.27272007,4.376773822,3.019065458,0,0,0,0,0
2004-04-03 00:00:00,0.063146218,0.023143987,0.22624019,4.45937071,2.732063127,0,0,0,0,0
2004-04-04 00:00:00,0.062927701,0.021101269,0.178762131,4.561313537,2.411442944,0,0,0,0,0
2004-04-05 00:00:00,0.063117216,0.020951715,0.177808488,4.591508438,2.395394248,0,0,0,0,0
2004-04-06 00:00:00,0.063366553,0.020838756,0.176865273,4.623186726,2.375096376,0,0,0,0,0
2004-04-07 00:00:00,0.063406153,0.022096038,0.217222765,4.575101899,2.66398138,0,0,0,0,0
2004-04-08 00:00:00,0.063670928,0.020822517,0.182491235,4.700615087,2.387705617,0,0,0,0,0
2004-04-09 00:00:00,0.063658323,0.021829497,0.216312739,4.662902688,2.632879629,0,0,0,0,0
2004-04-10 00:00:00,0.064053852,0.020759579,0.185194575,4.796205457,2.368825821,0,0,0,0,0
2004-04-11 00:00:00,0.064351921,0.020461595,0.177398286,4.873048223,2.282725292,0,0,0,0,0
2004-04-12 00:00:00,0.064558414,0.020541393,0.181466334,4.919582037,2.289924909,0,0,0,0,0
2004-04-13 00:00:00,0.064737598,0.020636235,0.186344434,4.967396204,2.303141276,0,0,0,0,0
2004-04-14 00:00:00,0.064880482,0.020693305,0.190417318,5.022106467,2.310612409,0,0,0,0,0
2004-04-15 00:00:00,0.065018167,0.020815911,0.196351354,5.072696129,2.331528135,0,0,0,0,0
2004-04-16 00:00:00,0.065543374,0.021545034,0.214606523,5.046332081,2.435549401,0,0,0,0,0
2004-04-17 00:00:00,0.067568741,0.022822926,0.231507339,4.863349561,2.507628551,0,0,0,0,0
2004-04-18 00:00:00,0.068281988,0.022961258,0.232049939,4.856038926,2.485352797,0,0,0,0,0
2004-04-19 00:00:00,0.068388193,0.023312226,0.242826316,4.923355751,2.526843909,0,0,0,0,0
2004-04-20 00:00:00,0.070679867,0.026708881,0.304776989,4.742843451,2.855767096,0,0,0,0,0
2004-04-21 00:00:00,0.07365536,0.029806604,0.349817631,4.550554714,3.055041399,0,0,0,0,0
2004-04-22 00:00:00,0.074028386,0.030048129,0.354609021,4.589925887,3.05630809,0,0,0,0,0
2004-04-23 00:00:00,0.073819465,0.02913995,0.340888244,4.641053708,2.973414045,0,0,0,0,0
2004-04-24 00:00:00,0.074434359,0.029216269,0.342044701,4.607964501,2.971253956,0,0,0,0,0
2004-04-25 00:00:00,0.076359517,0.033184724,0.422495246,4.344925876,3.464813556,0,0,0,0,0
2004-04-26 00:00:00,0.075127896,0.028010733,0.318225384,4.613293805,2.812271987,0,0,0,0,0
2004-04-27 00:00:00,0.075017811,0.0270273,0.301824857,4.666739427,2.709447678,0,0,0,0,0
2004-04-28 00:00:00,0.075104337,0.026489174,0.293658717,4.698206629,2.654396562,0,0,0,0,0
2004-04-29 00:00:00,0.07510703,0.026715039,0.304871849,4.684508485,2.736729517,0,0,0,0,0
2004-04-30 00:00:00,0.075388401,0.025298802,0.272481692,4.789522669,2.498411627,0,0,0,0,0
2004-05-01 00:00:00,0.075841611,0.025203836,0.270555495,4.796260897,2.471214952,0,0,0,0,0
2004-05-02 00:00:00,0.076163241,0.025096027,0.269235985,4.822386311,2.44547721,0,0,0,0,0
2004-05-03 00:00:00,0.076391368,0.025006154,0.269239568,4.852562294,2.430442174,0,0,0,0,0
2004-05-04 00:00:00,0.076511072,0.024898354,0.269567793,4.896523645,2.416821509,0,0,0,0,0
2004-05-05 00:00:00,0.076588079,0.024808631,0.270595219,4.943394756,2.408006225,0,0,0,0,0
2004-05-06 00:00:00,0.076677998,0.024648601,0.269675225,5.00154123,2.382119157,0,0,0,0,0
2004-05-07 00:00:00,0.077042654,0.024724329,0.271957972,5.020419796,2.376457848,0,0,0,0,0
2004-05-08 00:00:00,0.078920248,0.026448195,0.3004779,4.789311429,2.549851323,0,0,0,0,0
2004-05-09 00:00:00,0.081200702,0.027505555,0.308822741,4.61293201,2.567887158,0,0,0,0,0
2004-05-10 00:00:00,0.083163051,0.030656837,0.363597639,4.425385035,2.869147559,0,0,0,0,0
2004-05-11 00:00:00,0.084473476,0.032149089,0.385564869,4.384177098,2.952779354,0,0,0,0,0
2004-05-12 00:00:00,0.084905728,0.031980057,0.381687797,4.399237751,2.909677174,0,0,0,0,0
2004-05-13 00:00:00,0.0867436,0.032686258,0.385905601,4.2630305,2.916662649,0,0,0,0,0
2004-05-14 00:00:00,0.090904085,0.042685711,0.562432207,3.737881496,3.954674561,0,0,0,0,0
2004-05-15 00:00:00,0.089606358,0.034557285,0.407068507,4.113554428,2.984193995,0,0,0,0,0
2004-05-16 00:00:00,0.089563413,0.03354121,0.390994642,4.150463845,2.885640364,0,0,0,0,0
2004-05-17 00:00:00,0.092025479,0.036995854,0.445193167,3.925239485,3.187076798,0,0,0,0,0
2004-05-18 00:00:00,0.094213905,0.03678248,0.426290787,3.843830581,3.035805207,0,0,0,0,0
2004-05-19 00:00:00,0.093987122,0.03527976,0.401902568,3.907880325,2.885807479,0,0,0,0,0
2004-05-20 00:00:00,0.094156747,0.033912246,0.378284184,3.925974955,2.747432915,0,0,0,0,0
2004-05-21 00:00:00,0.108589663,0.053505943,0.630805651,3.134079208,3.933923962,0,0,0,0,0
2004-05-22 00:00:00,0.12478326,0.078540497,0.89386637,3.183423914,4.732882734,0,0,0,0,0
2004-05-23 00:00:00,0.131463427,0.076325679,0.804270095,2.845740016,4.228899748,0,0,0,0,0
2004-05-24 00:00:00,0.121772353,0.057874984,0.593837507,2.885001017,3.447089363,0,0,0,0,0
2004-05-25 00:00:00,0.116867092,0.04663116,0.458486462,2.88701579,2.928487751,0,0,0,0,0
2004-05-26 00:00:00,0.115176821,0.040825494,0.380669459,2.898151924,2.595208117,0,0,0,0,0
2004-05-27 00:00:00,0.114499711,0.037611091,0.333605595,2.942351303,2.358714844,0,0,0,0,0
2004-05-28 00:00:00,0.113814786,0.036006078,0.312254107,3.00736505,2.233502988,0,0,0,0,0
2004-05-29 00:00:00,0.113723365,0.036116346,0.31769473,3.02577226,2.251796784,0,0,0,0,0
2004-05-30 00:00:00,0.114761283,0.038489051,0.356069422,2.967893394,2.445807623,0,0,0,0,0
2004-05-31 00:00:00,0.114797114,0.039357539,0.371389911,3.003714682,2.494220525,0,0,0,0,0
2004-06-01 00:00:00,0.113949411,0.039091343,0.373544544,3.072446734,2.486785446,0,0,0,0,0
2004-06-02 00:00:00,0.112309636,0.037779942,0.363913764,3.169555227,2.431079895,0,0,0,0,0
2004-06-03 00:00:00,0.110368801,0.036143815,0.350295368,3.288148501,2.354122348,0,0,0,0,0
2004-06-04 00:00:00,0.108355604,0.034731585,0.340245129,3.423062068,2.289971105,0,0,0,0,0
2004-06-05 00:00:00,0.10622891,0.033566026,0.334713584,3.575060798,2.245979683,0,0,0,0,0
2004-06-06 00:00:00,0.103875067,0.032588059,0.333624354,3.748749368,2.225035559,0,0,0,0,0
2004-06-07 00:00:00,0.101109633,0.03157557,0.334347816,3.963451316,2.21303457,0,0,0,0,0
2004-06-08 00:00:00,0.111674071,0.034295347,0.322365444,3.298370646,2.151310215,0,0,0,0,0
2004-06-09 00:00:00,0.111388365,0.034060729,0.321821652,3.333330181,2.131742301,0,0,0,0,0
2004-06-10 00:00:00,0.112064004,0.035427813,0.345645494,3.254579992,2.27607463,0,0,0,0,0
2004-06-11 00:00:00,0.112722348,0.037158136,0.373796892,3.203924538,2.422143758,0,0,0,0,0
2004-06-12 00:00:00,0.113729515,0.039559344,0.407988606,3.174093167,2.571761739,0,0,0,0,0
2004-06-13 00:00:00,0.113861353,0.03999336,0.41527581,3.184056362,2.592046774,0,0,0,0,0
2004-06-14 00:00:00,0.113318594,0.038806586,0.401341267,3.212925765,2.516497999,0,0,0,0,0
2004-06-15 00:00:00,0.112580826,0.037256153,0.38232401,3.256086971,2.412482322,0,0,0,0,0
2004-06-16 00:00:00,0.11280275,0.037131294,0.381342862,3.236106514,2.407134565,0,0,0,0,0
2004-06-17 00:00:00,0.113424036,0.038954528,0.411101043,3.159293858,2.581935039,0,0,0,0,0
2004-06-18 00:00:00,0.11276138,0.037600387,0.392731925,3.233098575,2.454422393,0,0,0,0,0
2004-06-19 00:00:00,0.112020676,0.036587906,0.381178442,3.292031315,2.374969145,0,0,0,0,0
2004-06-20 00:00:00,0.111053697,0.035718774,0.373660842,3.352100721,2.324289757,0,0,0,0,0
2004-06-21 00:00:00,0.110449243,0.035513694,0.375278802,3.380680162,2.327919489,0,0,0,0,0
2004-06-22 00:00:00,0.10927972,0.034852461,0.372212937,3.449654916,2.302275615,0,0,0,0,0
2004-06-23 00:00:00,0.108382773,0.034388814,0.370838581,3.501074,2.286767995,0,0,0,0,0
2004-06-24 00:00:00,0.108213071,0.034826709,0.381104183,3.481467853,2.350184544,0,0,0,0,0
2004-06-25 00:00:00,0.107061954,0.034173912,0.377487168,3.56107977,2.314071007,0,0,0,0,0
2004-06-26 00:00:00,0.105822597,0.033539598,0.374843235,3.640110687,2.288191596,0,0,0,0,0
2004-06-27 00:00:00,0.104841569,0.033023926,0.372651798,3.701715483,2.26595795,0,0,0,0,0
2004-06-28 00:00:00,0.103825222,0.032630419,0.372899621,3.758083799,2.262220597,0,0,0,0,0
2004-06-29 00:00:00,0.102438624,0.03206685,0.372217178,3.844531452,2.251064991,0,0,0,0,0
2004-06-30 00:00:00,0.101059736,0.03149814,0.371234937,3.933997522,2.237568027,0,0,0,0,0
2004-07-01 00:00:00,0.099967246,0.030971402,0.36913915,4.010361074,2.214234935,0,0,0,0,0
2004-07-02 00:00:00,0.09865597,0.030488779,0.369213688,4.095472207,2.208638932,0,0,0,0,0
2004-07-03 00:00:00,0.10060024,0.03641745,0.463114869,3.691282463,2.871852697,0,0,0,0,0
2004-07-04 00:00:00,0.103940118,0.039330821,0.488163399,3.528396777,2.95264098,0,0,0,0,0
2004-07-05 00:00:00,0.103863614,0.039502832,0.487691123,3.608763598,2.891119797,0,0,0,0,0
2004-07-06 00:00:00,0.103874918,0.039928463,0.49439235,3.59202032,2.925199599,0,0,0,0,0
2004-07-07 00:00:00,0.103123368,0.040876884,0.516802308,3.544198636,3.099032942,0,0,0,0,0
2004-07-08 00:00:00,0.100790751,0.035984647,0.451201944,3.744704965,2.689772915,0,0,0,0,0
2004-07-09 00:00:00,0.100090865,0.036052286,0.458059575,3.722962457,2.757648104,0,0,0,0,0
2004-07-10 00:00:00,0.098791823,0.033931074,0.43042902,3.836597586,2.571857933,0,0,0,0,0
2004-07-11 00:00:00,0.097526853,0.032732497,0.418274493,3.911159484,2.497279435,0,0,0,0,0
2004-07-12 00:00:00,0.096101149,0.032903235,0.431609649,3.899262254,2.631938407,0,0,0,0,0
2004-07-13 00:00:00,0.094707065,0.031752618,0.42056707,3.984605608,2.5654599,0,0,0,0,0
2004-07-14 00:00:00,0.093839998,0.029924562,0.39265351,4.143081922,2.329339349,0,0,0,0,0
2004-07-15 00:00:00,0.092542963,0.029252506,0.388570083,4.225984825,2.300837296,0,0,0,0,0
2004-07-16 00:00:00,0.092700843,0.030788847,0.415720563,4.050480098,2.538785678,0,0,0,0,0
2004-07-17 00:00:00,0.092388032,0.029880681,0.400189097,4.138856448,2.387330586,0,0,0,0,0
2004-07-18 00:00:00,0.090689114,0.029441594,0.402469504,4.239399837,2.406620684,0,0,0,0,0
2004-07-19 00:00:00,0.089356572,0.028745082,0.397817591,4.337588849,2.368821676,0,0,0,0,0
2004-07-20 00:00:00,0.088111806,0.028189203,0.395186736,4.415997064,2.351761777,0,0,0,0,0
2004-07-21 00:00:00,0.08712347,0.031498192,0.46193691,4.118657654,2.966187753,0,0,0,0,0
2004-07-22 00:00:00,0.086622837,0.029636238,0.429454024,4.327276013,2.6499833,0,0,0,0,0
2004-07-23 00:00:00,0.085448703,0.028085331,0.407728097,4.51038464,2.452251652,0,0,0,0,0
2004-07-24 00:00:00,0.084117823,0.027360539,0.40246009,4.606839101,2.417107929,0,0,0,0,0
2004-07-25 00:00:00,0.082815868,0.02673693,0.398772176,4.694891184,2.396325735,0,0,0,0,0
2004-07-26 00:00:00,0.081483424,0.026100742,0.394852284,4.793651166,2.371542189,0,0,0,0,0
2004-07-27 00:00:00,0.080067936,0.025570385,0.393394627,4.885878938,2.373170108,0,0,0,0,0
2004-07-28 00:00:00,0.078783671,0.024912328,0.388335653,5.005509797,2.330111367,0,0,0,0,0
2004-07-29 00:00:00,0.07741675,0.025097136,0.399624432,5.050331518,2.44038386,0,0,0,0,0
2004-07-30 00:00:00,0.079703335,0.026959678,0.417359056,4.687778522,2.582774786,0,0,0,0,0
2004-07-31 00:00:00,0.079335552,0.025701045,0.396124562,4.737337664,2.413424953,0,0,0,0,0
2004-08-01 00:00:00,0.078442881,0.025297423,0.393186453,4.789807842,2.394355589,0,0,0,0,0
2004-08-02 00:00:00,0.077659699,0.024993496,0.391297128,4.826180909,2.384520248,0,0,0,0,0
2004-08-03 00:00:00,0.080001728,0.028895717,0.444948784,4.322068089,2.854436077,0,0,0,0,0
2004-08-04 00:00:00,0.083100537,0.031908447,0.472288035,4.065120884,2.984479929,0,0,0,0,0
2004-08-05 00:00:00,0.083150923,0.034530563,0.512129271,4.025706825,3.254741187,0,0,0,0,0
2004-08-06 00:00:00,0.083704699,0.039701233,0.595448578,3.744621642,3.930699592,0,0,0,0,0
2004-08-07 00:00:00,0.080510322,0.030429038,0.457592774,4.204401839,2.886613543,0,0,0,0,0
2004-08-08 00:00:00,0.079256809,0.032754321,0.507707408,4.004143699,3.394329407,0,0,0,0,0
2004-08-09 00:00:00,0.077318544,0.029986706,0.472060107,4.141753693,3.163986009,0,0,0,0,0
2004-08-10 00:00:00,0.075861564,0.027967724,0.44493733,4.256973259,2.97739499,0,0,0,0,0
2004-08-11 00:00:00,0.075078148,0.0252446,0.398499302,4.474027949,2.555054773,0,0,0,0,0
2004-08-12 00:00:00,0.074010573,0.024388453,0.388074435,4.549196064,2.482224584,0,0,0,0,0
2004-08-13 00:00:00,0.072859292,0.023883376,0.384553918,4.60463057,2.475331459,0,0,0,0,0
2004-08-14 00:00:00,0.071135035,0.024130895,0.399791083,4.56545438,2.696679129,0,0,0,0,0
2004-08-15 00:00:00,0.070733859,0.022332727,0.365048798,4.828640572,2.300214243,0,0,0,0,0
2004-08-16 00:00:00,0.069565065,0.022068393,0.365760505,4.88910942,2.325556118,0,0,0,0,0
2004-08-17 00:00:00,0.068828731,0.022012853,0.367461409,4.896673153,2.357485256,0,0,0,0,0
2004-08-18 00:00:00,0.067417779,0.022513673,0.384949896,4.844988001,2.588456467,0,0,0,0,0
2004-08-19 00:00:00,0.066625917,0.022083614,0.379771641,4.898965229,2.551593713,0,0,0,0,0
2004-08-20 00:00:00,0.065639914,0.02104811,0.36373242,5.08514673,2.3779523,0,0,0,0,0
2004-08-21 00:00:00,0.064496411,0.020500314,0.35843714,5.207170758,2.332664278,0,0,0,0,0
2004-08-22 00:00:00,0.063096825,0.020234595,0.360681393,5.280253773,2.393245584,0,0,0,0,0
2004-08-23 00:00:00,0.062013085,0.019557162,0.352167186,5.43624615,2.306265043,0,0,0,0,0
2004-08-24 00:00:00,0.060414844,0.021317673,0.397285907,5.114333832,2.922878532,0,0,0,0,0
2004-08-25 00:00:00,0.060907826,0.019698817,0.357560918,5.39967321,2.398935796,0,0,0,0,0
2004-08-26 00:00:00,0.060086007,0.019809813,0.362803965,5.415999179,2.471942094,0,0,0,0,0
2004-08-27 00:00:00,0.060460352,0.021012875,0.38121518,5.149890719,2.694745268,0,0,0,0,0
2004-08-28 00:00:00,0.060308903,0.021756336,0.392923958,5.110342985,2.796611554,0,0,0,0,0
2004-08-29 00:00:00,0.059724761,0.020958783,0.37825751,5.221889875,2.645791542,0,0,0,0,0
2004-08-30 00:00:00,0.059013635,0.021495216,0.389835922,5.266727684,2.754935998,0,0,0,0,0
2004-08-31 00:00:00,0.058187729,0.021384854,0.390577319,5.322018598,2.780267965,0,0,0,0,0
2004-09-01 00:00:00,0.058658213,0.022574435,0.406529952,5.143160235,2.940443518,0,0,0,0,0
2004-09-02 00:00:00,0.057165196,0.021149894,0.388038867,5.294148202,2.812644734,0,0,0,0,0
2004-09-03 00:00:00,0.055899934,0.021432057,0.401125683,5.283967949,3.013700825,0,0,0,0,0
2004-09-04 00:00:00,0.054483018,0.020205266,0.385353767,5.430118624,2.911718351,0,0,0,0,0
2004-09-05 00:00:00,0.053144407,0.021037511,0.411078574,5.291532819,3.29664988,0,0,0,0,0
2004-09-06 00:00:00,0.052584733,0.020942552,0.410633044,5.289876655,3.324775009,0,0,0,0,0
2004-09-07 00:00:00,0.051602762,0.019759916,0.391621949,5.411326018,3.173742875,0,0,0,0,0
2004-09-08 00:00:00,0.050524211,0.018874021,0.379008546,5.541533844,3.085778115,0,0,0,0,0
2004-09-09 00:00:00,0.049740989,0.017449068,0.351646864,5.812525456,2.775982047,0,0,0,0,0
2004-09-10 00:00:00,0.049015063,0.016139638,0.325756771,6.097744807,2.467459704,0,0,0,0,0
2004-09-11 00:00:00,0.047635382,0.016772016,0.348144075,5.966856045,2.84597403,0,0,0,0,0
2004-09-12 00:00:00,0.047039609,0.015450092,0.320159166,6.307414411,2.483904282,0,0,0,0,0
2004-09-13 00:00:00,0.046056295,0.015085732,0.316829707,6.428509595,2.484611687,0,0,0,0,0
2004-09-14 00:00:00,0.045253298,0.014495627,0.306638316,6.628328358,2.371311722,0,0,0,0,0
2004-09-15 00:00:00,0.044891653,0.017467268,0.372849105,5.985823572,3.27712376,0,0,0,0,0
2004-09-16 00:00:00,0.04479593,0.017498583,0.371392934,5.885122628,3.298264902,0,0,0,0,0
2004-09-17 00:00:00,0.043717978,0.016746014,0.36081542,6.063810697,3.225218382,0,0,0,0,0
2004-09-18 00:00:00,0.042779714,0.016525213,0.360711278,6.165765206,3.270978242,0,0,0,0,0
2004-09-19 00:00:00,0.042384957,0.014057643,0.303059424,6.833111883,2.474139552,0,0,0,0,0
2004-09-20 00:00:00,0.041359993,0.014372467,0.316117506,6.801321698,2.716328919,0,0,0,0,0
2004-09-21 00:00:00,0.040076867,0.015683906,0.35585884,6.465805359,3.375826906,0,0,0,0,0
2004-09-22 00:00:00,0.039192372,0.015374451,0.353481759,6.573093202,3.405242325,0,0,0,0,0
2004-09-23 00:00:00,0.038295815,0.014927198,0.347905394,6.719589444,3.392822235,0,0,0,0,0
2004-09-24 00:00:00,0.037843238,0.013607246,0.316281261,7.194210717,2.941412015,0,0,0,0,0
2004-09-25 00:00:00,0.037405721,0.012261019,0.283199753,7.722304748,2.453890748,0,0,0,0,0
2004-09-26 00:00:00,0.035904433,0.014250998,0.344249649,7.028715856,3.517637698,0,0,0,0,0
2004-09-27 00:00:00,0.035108383,0.013993691,0.342315317,7.149029061,3.552362702,0,0,0,0,0
2004-09-28 00:00:00,0.035132935,0.011555315,0.275865797,8.193717686,2.479392505,0,0,0,0,0
2004-09-29 00:00:00,0.034491758,0.01141405,0.274644224,8.329465493,2.498437486,0,0,0,0,0
2004-09-30 00:00:00,0.033828058,0.011262631,0.273473903,8.472428944,2.521956979,0,0,0,0,0
2004-10-01 00:00:00,0.0346715,0.017424367,0.416565378,6.680166461,4.530761607,0,0,0,0,0
2004-10-02 00:00:00,0.03572886,0.015998901,0.367028386,6.647655307,3.854755116,0,0,0,0,0
2004-10-03 00:00:00,0.034726438,0.01487433,0.346359026,6.918510159,3.66681616,0,0,0,0,0
2004-10-04 00:00:00,0.0338847,0.011693402,0.268738165,7.969851229,2.582905682,0,0,0,0,0
2004-10-05 00:00:00,0.033291926,0.011607695,0.268542972,8.094165891,2.615570029,0,0,0,0,0
2004-10-06 00:00:00,0.032739209,0.011536771,0.268505059,8.195398873,2.654483323,0,0,0,0,0
2004-10-07 00:00:00,0.032876469,0.012932831,0.297742539,8.03858153,3.009639657,0,0,0,0,0
2004-10-08 00:00:00,0.03837784,0.021736458,0.453154071,5.95573684,4.685062864,0,0,0,0,0
2004-10-09 00:00:00,0.035326608,0.015313477,0.323696856,6.983169809,3.301815536,0,0,0,0,0
2004-10-10 00:00:00,0.034060246,0.01370934,0.292428351,7.436553699,2.971293449,0,0,0,0,0
2004-10-11 00:00:00,0.0337628,0.014472552,0.311834896,7.376001903,3.246006112,0,0,0,0,0
2004-10-12 00:00:00,0.034423869,0.017781782,0.387804697,6.746173125,4.208048098,0,0,0,0,0
2004-10-13 00:00:00,0.032454552,0.013435688,0.292978624,7.616374888,3.132156112,0,0,0,0,0
2004-10-14 00:00:00,0.031606719,0.012088262,0.263326494,7.905870291,2.822767389,0,0,0,0,0
2004-10-15 00:00:00,0.03218395,0.015329174,0.341739547,7.149024284,3.865877721,0,0,0,0,0
2004-10-16 00:00:00,0.031643164,0.014874253,0.333104974,7.221489215,3.822094152,0,0,0,0,0
2004-10-17 00:00:00,0.030226562,0.011193797,0.244267531,8.119277249,2.736449797,0,0,0,0,0
2004-10-18 00:00:00,0.029673314,0.010877385,0.238267522,8.262730291,2.707272567,0,0,0,0,0
2004-10-19 00:00:00,0.030174818,0.012135519,0.263405222,7.882281568,3.039845426,0,0,0,0,0
2004-10-20 00:00:00,0.029702933,0.011723867,0.254646285,7.927631904,2.995205595,0,0,0,0,0
2004-10-21 00:00:00,0.028968175,0.010631571,0.228511217,8.258955697,2.706065579,0,0,0,0,0
2004-10-22 00:00:00,0.030739229,0.013570246,0.282475824,7.656415899,3.265786401,0,0,0,0,0
2004-10-23 00:00:00,0.035070291,0.017160188,0.319661875,6.389903849,3.528004103,0,0,0,0,0
2004-10-24 00:00:00,0.034974125,0.01751857,0.323584908,6.575582856,3.540139611,0,0,0,0,0
2004-10-25 00:00:00,0.035852345,0.019269795,0.350917576,6.63170804,3.747198504,0,0,0,0,0
2004-10-26 00:00:00,0.03797006,0.023047841,0.422172786,6.175177028,4.440930071,0,0,0,0,0
2004-10-27 00:00:00,0.03654018,0.020921293,0.384127705,6.219591675,4.168410922,0,0,0,0,0
2004-10-28 00:00:00,0.033004517,0.015527473,0.28284351,6.747610888,3.294507775,0,0,0,0,0
2004-10-29 00:00:00,0.035499023,0.020627606,0.389436988,6.145097832,4.380729665,0,0,0,0,0
2004-10-30 00:00:00,0.033347339,0.016640905,0.30554587,6.428507611,3.617178674,0,0,0,0,0
2004-10-31 00:00:00,0.031305544,0.013481541,0.241102686,6.799470303,3.036577233,0,0,0,0,0
2004-11-01 00:00:00,0.036838499,0.022710563,0.420150277,5.811365287,4.696183301,0,0,0,0,0
2004-11-02 00:00:00,0.034431881,0.018061708,0.319256622,6.140837179,3.76261424,0,0,0,0,0
2004-11-03 00:00:00,0.035684382,0.020616296,0.370535272,5.967056056,4.252425329,0,0,0,0,0
2004-11-04 00:00:00,0.036222688,0.021243006,0.377102451,5.857714792,4.308697029,0,0,0,0,0
2004-11-05 00:00:00,0.03481321,0.019361625,0.342141266,6.004195246,4.046448734,0,0,0,0,0
2004-11-06 00:00:00,0.033597477,0.017868371,0.315426633,6.115138074,3.865274062,0,0,0,0,0
2004-11-07 00:00:00,0.032392582,0.016392118,0.288682648,6.226805414,3.684646472,0,0,0,0,0
2004-11-08 00:00:00,0.031339685,0.015111708,0.264635125,6.330038166,3.52086347,0,0,0,0,0
2004-11-09 00:00:00,0.030532862,0.014209478,0.247612979,6.407787817,3.415938974,0,0,0,0,0
2004-11-10 00:00:00,0.029916929,0.013586036,0.235531637,6.474620121,3.348444555,0,0,0,0,0
2004-11-11 00:00:00,0.029417666,0.01299159,0.222173654,6.518887441,3.259147331,0,0,0,0,0
2004-11-12 00:00:00,0.028768307,0.012297743,0.20776087,6.613176294,3.163752376,0,0,0,0,0
2004-11-13 00:00:00,0.028244689,0.01181765,0.197676822,6.697248664,3.105264632,0,0,0,0,0
2004-11-14 00:00:00,0.027789456,0.011447405,0.189915447,6.772915687,3.06777305,0,0,0,0,0
2004-11-15 00:00:00,0.027153306,0.009932612,0.14573612,6.984710433,2.59956194,0,0,0,0,0
2004-11-16 00:00:00,0.027655623,0.011620408,0.191133949,6.770585662,3.126035577,0,0,0,0,0
2004-11-17 00:00:00,0.026730082,0.009700545,0.137445047,7.075074653,2.562474122,0,0,0,0,0
2004-11-18 00:00:00,0.027860992,0.012314443,0.202609205,6.796224193,3.249390857,0,0,0,0,0
2004-11-19 00:00:00,0.030335077,0.016008831,0.277499667,6.388600158,3.913354176,0,0,0,0,0
2004-11-20 00:00:00,0.030091792,0.015584134,0.26320037,6.496151024,3.767356401,0,0,0,0,0
2004-11-21 00:00:00,0.030023646,0.015699645,0.263889187,6.588357555,3.773233957,0,0,0,0,0
2004-11-22 00:00:00,0.029739505,0.015511128,0.259814393,6.657501558,3.75800212,0,0,0,0,0
2004-11-23 00:00:00,0.029326277,0.015156167,0.253047807,6.725772819,3.728393653,0,0,0,0,0
2004-11-24 00:00:00,0.028756217,0.014567784,0.241505415,6.805936224,3.662101719,0,0,0,0,0
2004-11-25 00:00:00,0.026360633,0.010504691,0.142233359,7.208100463,2.749730293,0,0,0,0,0
2004-11-26 00:00:00,0.026394873,0.010703182,0.145541796,7.196204163,2.801893072,0,0,0,0,0
2004-11-27 00:00:00,0.032074421,0.019205556,0.328558104,6.388053234,4.391689076,0,0,0,0,0
2004-11-28 00:00:00,0.031583833,0.018092925,0.296075684,6.45443087,4.086781443,0,0,0,0,0
2004-11-29 00:00:00,0.031446676,0.017998729,0.29154336,6.552899034,4.042379904,0,0,0,0,0
2004-11-30 00:00:00,0.031185296,0.017733866,0.285157186,6.603924663,4.003208557,0,0,0,0,0
2004-12-01 00:00:00,0.030644394,0.017073625,0.271535956,6.6505247,3.917226695,0,0,0,0,0
2004-12-02 00:00:00,0.028748884,0.014218053,0.20764926,6.802530316,3.407047117,0,0,0,0,0
2004-12-03 00:00:00,0.028931941,0.01491986,0.228662143,6.760687994,3.642928299,0,0,0,0,0
2004-12-04 00:00:00,0.02628352,0.01059085,0.123928144,7.033200311,2.743680195,0,0,0,0,0
2004-12-05 00:00:00,0.0266557,0.011206147,0.136383361,6.980693338,2.866556164,0,0,0,0,0
2004-12-06 00:00:00,0.027698674,0.01222748,0.151674459,6.719290248,2.995608098,0,0,0,0,0
2004-12-07 00:00:00,0.032437712,0.017650678,0.242688724,6.219203425,3.61389055,0,0,0,0,0
2004-12-08 00:00:00,0.031492668,0.016184026,0.206578228,6.307467893,3.320720761,0,0,0,0,0
2004-12-09 00:00:00,0.03170889,0.016368438,0.205771409,6.297427641,3.308911274,0,0,0,0,0
2004-12-10 00:00:00,0.032744321,0.017257802,0.215291649,6.10891268,3.371590937,0,0,0,0,0
2004-12-11 00:00:00,0.035661484,0.021551312,0.30395463,6.058025777,4.039775224,0,0,0,0,0
2004-12-12 00:00:00,0.034007711,0.019414111,0.265360111,6.066782253,3.807620512,0,0,0,0,0
2004-12-13 00:00:00,0.032546152,0.017484472,0.229672051,6.061067744,3.593333032,0,0,0,0,0
2004-12-14 00:00:00,0.030065171,0.013855608,0.153076949,6.061161326,3.05365018,0,0,0,0,0
2004-12-15 00:00:00,0.030162809,0.014303612,0.168191499,6.050955852,3.220173114,0,0,0,0,0
2004-12-16 00:00:00,0.027963283,0.01080877,0.086349235,6.076834625,2.594628203,0,0,0,0,0
2004-12-17 00:00:00,0.028596109,0.012204216,0.124608152,6.073603537,2.949302675,0,0,0,0,0
2004-12-18 00:00:00,0.028110172,0.011575257,0.110812135,6.095411087,2.86537877,0,0,0,0,0
2004-12-19 00:00:00,0.026986538,0.009587194,0.057750962,6.145474238,2.425941267,0,0,0,0,0
2004-12-20 00:00:00,0.027426694,0.010761103,0.092474536,6.163137036,2.758647143,0,0,0,0,0
2004-12-21 00:00:00,0.026686119,0.009395773,0.053677174,6.225427351,2.42596333,0,0,0,0,0
2004-12-22 00:00:00,0.026729678,0.009749724,0.065014688,6.267094449,2.546495835,0,0,0,0,0
2004-12-23 00:00:00,0.026340666,0.009102284,0.046034404,6.332315387,2.385489114,0,0,0,0,0
2004-12-24 00:00:00,0.026190654,0.008995844,0.043235818,6.391457885,2.372052457,0,0,0,0,0
2004-12-25 00:00:00,0.026048022,0.008897885,0.040620245,6.455094394,2.358977244,0,0,0,0,0
2004-12-26 00:00:00,0.02596337,0.008902908,0.040967522,6.516165118,2.371314924,0,0,0,0,0
2004-12-27 00:00:00,0.025849738,0.008855912,0.03975427,6.582616893,2.369103052,0,0,0,0,0
2004-12-28 00:00:00,0.025763485,0.008842997,0.039555482,6.648820172,2.374666631,0,0,0,0,0
2004-12-29 00:00:00,0.025655382,0.008789292,0.038249828,6.717144437,2.370820683,0,0,0,0,0
2004-12-30 00:00:00,0.025846937,0.009041344,0.043479999,6.711346354,2.420317171,0,0,0,0,0
2004-12-31 00:00:00,0.025816862,0.009024052,0.042502275,6.752296438,2.417882714,0,0,0,0,0
2005-01-01 00:00:00,0.026587097,0.010156926,0.069329952,6.73111363,2.629967668,0,0,0,0,0
2005-01-02 00:00:00,0.028079901,0.01166333,0.096053592,6.520400954,2.811317671,0,0,0,0,0
2005-01-03 00:00:00,0.02835286,0.012040778,0.101370422,6.61046503,2.826874373,0,0,0,0,0
2005-01-04 00:00:00,0.028240969,0.011873995,0.096114987,6.669721248,2.782747003,0,0,0,0,0
2005-01-05 00:00:00,0.027724571,0.011145824,0.079383932,6.718725976,2.666438317,0,0,0,0,0
2005-01-06 00:00:00,0.028287293,0.011876152,0.09522254,6.705387175,2.784958717,0,0,0,0,0
2005-01-07 00:00:00,0.028005411,0.01144013,0.08564985,6.716879929,2.726839812,0,0,0,0,0
2005-01-08 00:00:00,0.027705577,0.011005909,0.076298716,6.740921978,2.670116484,0,0,0,0,0
2005-01-09 00:00:00,0.027449899,0.010626548,0.067879418,6.766911599,2.618324458,0,0,0,0,0
2005-01-10 00:00:00,0.027252453,0.010314738,0.0607381,6.79169237,2.573676707,0,0,0,0,0
2005-01-11 00:00:00,0.027135437,0.010101951,0.055657224,6.815763193,2.542051587,0,0,0,0,0
2005-01-12 00:00:00,0.031435649,0.015607659,0.172433723,6.598577714,3.331964687,0,0,0,0,0
2005-01-13 00:00:00,0.0314522,0.01464781,0.138697666,6.363866909,3.06820857,0,0,0,0,0
2005-01-14 00:00:00,0.031763994,0.014841,0.138046843,6.38262701,3.038055888,0,0,0,0,0
2005-01-15 00:00:00,0.031730869,0.014602704,0.13147698,6.35462464,2.99392601,0,0,0,0,0
2005-01-16 00:00:00,0.031326853,0.013867628,0.11587035,6.312311293,2.90105791,0,0,0,0,0
2005-01-17 00:00:00,0.030801528,0.013002164,0.097918659,6.283450838,2.794309137,0,0,0,0,0
2005-01-18 00:00:00,0.030288932,0.012186647,0.080852857,6.276011084,2.690563038,0,0,0,0,0
2005-01-19 00:00:00,0.029993223,0.011674735,0.070048483,6.277731799,2.625289497,0,0,0,0,0
2005-01-20 00:00:00,0.029715064,0.011171066,0.058854274,6.286891635,2.553465907,0,0,0,0,0
2005-01-21 00:00:00,0.028975348,0.009945671,0.029046682,6.326194651,2.340527755,0,0,0,0,0
2005-01-22 00:00:00,0.029567851,0.010724454,0.048520415,6.31074277,2.48544739,0,0,0,0,0
2005-01-23 00:00:00,0.02957735,0.01061685,0.045941317,6.323735825,2.467903668,0,0,0,0,0
2005-01-24 00:00:00,0.029585702,0.010517735,0.043596795,6.345756078,2.450736876,0,0,0,0,0
2005-01-25 00:00:00,0.029610769,0.010448329,0.042029929,6.371765729,2.438034198,0,0,0,0,0
2005-01-26 00:00:00,0.029650258,0.010401328,0.040914926,6.400528075,2.427548912,0,0,0,0,0
2005-01-27 00:00:00,0.02971082,0.010386052,0.040705283,6.430880581,2.422924555,0,0,0,0,0
2005-01-28 00:00:00,0.029785112,0.010392881,0.041096774,6.463106591,2.422011148,0,0,0,0,0
2005-01-29 00:00:00,0.029868014,0.010410678,0.041713952,6.497141308,2.422074229,0,0,0,0,0
2005-01-30 00:00:00,0.029963084,0.010447385,0.042956766,6.532012815,2.42625053,0,0,0,0,0
2005-01-31 00:00:00,0.030052167,0.010467189,0.043670387,6.568605747,2.425767906,0,0,0,0,0
2005-02-01 00:00:00,0.030167201,0.010527393,0.045437759,6.60336279,2.432723437,0,0,0,0,0
2005-02-02 00:00:00,0.030285415,0.01058726,0.047227989,6.638693996,2.439319579,0,0,0,0,0
2005-02-03 00:00:00,0.030492558,0.010751635,0.051531368,6.660776514,2.463792464,0,0,0,0,0
2005-02-04 00:00:00,0.031233813,0.01155165,0.070031539,6.600843365,2.586729712,0,0,0,0,0
2005-02-05 00:00:00,0.033633978,0.014385969,0.130555675,6.387318825,2.974208309,0,0,0,0,0
2005-02-06 00:00:00,0.038714336,0.019958668,0.229562315,6.048724625,3.51072885,0,0,0,0,0
2005-02-07 00:00:00,0.041063384,0.022067841,0.25046598,6.005998767,3.522412479,0,0,0,0,0
2005-02-08 00:00:00,0.042694286,0.023864704,0.276215162,6.054519194,3.610642976,0,0,0,0,0
2005-02-09 00:00:00,0.042113556,0.022723646,0.254622297,5.9832126,3.490627251,0,0,0,0,0
2005-02-10 00:00:00,0.040132175,0.019772189,0.20252928,5.88945593,3.224641685,0,0,0,0,0
2005-02-11 00:00:00,0.038736311,0.017555716,0.162198881,5.815772906,3.013752645,0,0,0,0,0
2005-02-12 00:00:00,0.038279471,0.016520815,0.142318514,5.744419034,2.906767148,0,0,0,0,0
2005-02-13 00:00:00,0.039673937,0.017800808,0.164811788,5.62506434,3.028851414,0,0,0,0,0
2005-02-14 00:00:00,0.040687749,0.018334446,0.167929188,5.509552054,3.01737422,0,0,0,0,0
2005-02-15 00:00:00,0.041161294,0.018493689,0.16798275,5.47239902,2.998962382,0,0,0,0,0
2005-02-16 00:00:00,0.041093697,0.017949021,0.156202872,5.428714029,2.925099746,0,0,0,0,0
2005-02-17 00:00:00,0.040719318,0.01700158,0.137604168,5.386390139,2.818855942,0,0,0,0,0
2005-02-18 00:00:00,0.040296399,0.016011389,0.118274037,5.357146914,2.708060572,0,0,0,0,0
2005-02-19 00:00:00,0.039943447,0.015112837,0.09998202,5.341179726,2.598141006,0,0,0,0,0
2005-02-20 00:00:00,0.040536221,0.015503911,0.10777282,5.294224179,2.64044753,0,0,0,0,0
2005-02-21 00:00:00,0.04053156,0.01505186,0.097561272,5.281857179,2.570494619,0,0,0,0,0
2005-02-22 00:00:00,0.040599618,0.014806036,0.092433286,5.289746447,2.530516655,0,0,0,0,0
2005-02-23 00:00:00,0.040851543,0.014979741,0.098401761,5.298530594,2.566394895,0,0,0,0,0
2005-02-24 00:00:00,0.041168828,0.015354914,0.110106231,5.309453612,2.642864221,0,0,0,0,0
2005-02-25 00:00:00,0.041335673,0.015123986,0.103102152,5.322947494,2.578104372,0,0,0,0,0
2005-02-26 00:00:00,0.04125994,0.014537243,0.088634862,5.350840436,2.46887703,0,0,0,0,0
2005-02-27 00:00:00,0.042492544,0.01658192,0.140539253,5.319210165,2.807635963,0,0,0,0,0
2005-02-28 00:00:00,0.042625022,0.016213486,0.130273672,5.322149273,2.723808117,0,0,0,0,0
2005-03-01 00:00:00,0.042520553,0.015441037,0.109792511,5.364647425,2.565170347,0,0,0,0,0
2005-03-02 00:00:00,0.042689582,0.015386263,0.109108287,5.39289966,2.547452701,0,0,0,0,0
2005-03-03 00:00:00,0.043133149,0.016067067,0.128701985,5.404072062,2.673348544,0,0,0,0,0
2005-03-04 00:00:00,0.043152907,0.015260444,0.105910349,5.42635806,2.496926569,0,0,0,0,0
2005-03-05 00:00:00,0.04348916,0.015347045,0.107721628,5.432572373,2.494045876,0,0,0,0,0
2005-03-06 00:00:00,0.043822127,0.015595066,0.114218484,5.459886337,2.520201453,0,0,0,0,0
2005-03-07 00:00:00,0.044325034,0.015974821,0.122532631,5.463421566,2.555065296,0,0,0,0,0
2005-03-08 00:00:00,0.044659048,0.016213358,0.128535106,5.494465528,2.57539427,0,0,0,0,0
2005-03-09 00:00:00,0.04491601,0.016285394,0.1309998,5.523661739,2.575694205,0,0,0,0,0
2005-03-10 00:00:00,0.045037345,0.016085227,0.126999206,5.561238873,2.534758385,0,0,0,0,0
2005-03-11 00:00:00,0.045584699,0.016655059,0.141293528,5.550798737,2.615318142,0,0,0,0,0
2005-03-12 00:00:00,0.045921424,0.016768744,0.144361631,5.559273608,2.621143634,0,0,0,0,0
2005-03-13 00:00:00,0.046507936,0.017811924,0.173537423,5.534159492,2.813616302,0,0,0,0,0
2005-03-14 00:00:00,0.04634632,0.016635852,0.1430113,5.606913054,2.585795229,0,0,0,0,0
2005-03-15 00:00:00,0.046824734,0.016893612,0.14830997,5.608367149,2.599973706,0,0,0,0,0
2005-03-16 00:00:00,0.047441364,0.017052279,0.149726044,5.560621468,2.592459606,0,0,0,0,0
2005-03-17 00:00:00,0.047548229,0.016621984,0.139337048,5.604920136,2.505690224,0,0,0,0,0
2005-03-18 00:00:00,0.05004068,0.021189463,0.247375767,5.3727791,3.194977511,0,0,0,0,0
2005-03-19 00:00:00,0.052060058,0.022557504,0.259972144,5.265950981,3.187835075,0,0,0,0,0
2005-03-20 00:00:00,0.053726581,0.024241684,0.288300553,5.175596499,3.314577943,0,0,0,0,0
2005-03-21 00:00:00,0.053659548,0.022227433,0.236888571,5.150184267,2.974878242,0,0,0,0,0
2005-03-22 00:00:00,0.053800382,0.021712426,0.225440838,5.159892882,2.89127484,0,0,0,0,0
2005-03-23 00:00:00,0.053804479,0.021164578,0.215498315,5.178547721,2.82470661,0,0,0,0,0
2005-03-24 00:00:00,0.053854311,0.020631191,0.205657374,5.190249917,2.759295554,0,0,0,0,0
2005-03-25 00:00:00,0.053924759,0.020128663,0.196287649,5.206165132,2.695249332,0,0,0,0,0
2005-03-26 00:00:00,0.054071939,0.019759195,0.189576861,5.220360674,2.645886308,0,0,0,0,0
2005-03-27 00:00:00,0.054245522,0.019457337,0.184289509,5.236903227,2.60432982,0,0,0,0,0
2005-03-28 00:00:00,0.054423929,0.019153695,0.178850137,5.258129705,2.560428268,0,0,0,0,0
2005-03-29 00:00:00,0.05463225,0.018893158,0.174063152,5.281167609,2.518750641,0,0,0,0,0
2005-03-30 00:00:00,0.05631131,0.020274998,0.198327075,5.101845071,2.650814031,0,0,0,0,0
2005-03-31 00:00:00,0.057260316,0.020593244,0.200804679,5.039065941,2.642219946,0,0,0,0,0
2005-04-01 00:00:00,0.057647062,0.02074603,0.204299462,5.070276217,2.640367315,0,0,0,0,0
2005-04-02 00:00:00,0.058179835,0.021006013,0.209642221,5.069684998,2.654028611,0,0,0,0,0
2005-04-03 00:00:00,0.058651237,0.021182688,0.213741496,5.067088551,2.66412816,0,0,0,0,0
2005-04-04 00:00:00,0.058895348,0.02074913,0.203923735,5.100019184,2.584496841,0,0,0,0,0
2005-04-05 00:00:00,0.059186779,0.020626083,0.202248018,5.118922189,2.560866315,0,0,0,0,0
2005-04-06 00:00:00,0.062327748,0.025998146,0.312910943,4.800712287,3.214643007,0,0,0,0,0
2005-04-07 00:00:00,0.066113055,0.030783779,0.393704749,4.542278674,3.616786022,0,0,0,0,0
2005-04-08 00:00:00,0.06683275,0.031234558,0.396905494,4.600257703,3.580493905,0,0,0,0,0
2005-04-09 00:00:00,0.065690949,0.02777898,0.327221269,4.741112074,3.158747276,0,0,0,0,0
2005-04-10 00:00:00,0.065267419,0.026370774,0.303242578,4.784555175,3.024483472,0,0,0,0,0
2005-04-11 00:00:00,0.064661323,0.024337251,0.264651236,4.871356888,2.793750601,0,0,0,0,0
2005-04-12 00:00:00,0.067249544,0.028632014,0.351298532,4.585879413,3.310152495,0,0,0,0,0
2005-04-13 00:00:00,0.06700291,0.027291296,0.325434448,4.652273507,3.146802858,0,0,0,0,0
2005-04-14 00:00:00,0.066412121,0.024827515,0.273699345,4.809817156,2.807216732,0,0,0,0,0
2005-04-15 00:00:00,0.066312459,0.023823998,0.254375149,4.884323702,2.67529556,0,0,0,0,0
2005-04-16 00:00:00,0.066438334,0.023608042,0.252865144,4.911133937,2.659939188,0,0,0,0,0
2005-04-17 00:00:00,0.066694881,0.023427468,0.250744288,4.930815943,2.636569114,0,0,0,0,0
2005-04-18 00:00:00,0.066786991,0.022850679,0.239616123,4.998086519,2.548199642,0,0,0,0,0
2005-04-19 00:00:00,0.06699028,0.026053075,0.327333663,4.773473207,3.176817274,0,0,0,0,0
2005-04-20 00:00:00,0.067740137,0.023282843,0.25013272,4.989925157,2.584795848,0,0,0,0,0
2005-04-21 00:00:00,0.067807491,0.024070225,0.275166889,4.953948124,2.760266504,0,0,0,0,0
2005-04-22 00:00:00,0.068220165,0.026566233,0.339505321,4.796782011,3.20033683,0,0,0,0,0
2005-04-23 00:00:00,0.068574577,0.026522674,0.338713857,4.820397354,3.175743494,0,0,0,0,0
2005-04-24 00:00:00,0.069097559,0.0238187,0.266154412,5.093979047,2.606255912,0,0,0,0,0
2005-04-25 00:00:00,0.069573195,0.02430551,0.277601759,5.084849937,2.662066507,0,0,0,0,0
2005-04-26 00:00:00,0.069831856,0.027531671,0.362653956,4.811668669,3.279609102,0,0,0,0,0
2005-04-27 00:00:00,0.07030124,0.024230508,0.276989719,5.133069199,2.61926202,0,0,0,0,0
2005-04-28 00:00:00,0.070313667,0.02556413,0.315487529,5.042571943,2.896298728,0,0,0,0,0
2005-04-29 00:00:00,0.070090955,0.02715723,0.363358991,4.910056413,3.259566374,0,0,0,0,0
2005-04-30 00:00:00,0.070465822,0.025281052,0.31554717,5.123165424,2.876932043,0,0,0,0,0
2005-05-01 00:00:00,0.070212331,0.026455873,0.35317663,5.01112081,3.172427997,0,0,0,0,0
2005-05-02 00:00:00,0.071264764,0.02358947,0.271974505,5.371060184,2.491824364,0,0,0,0,0
2005-05-03 00:00:00,0.070875926,0.025341037,0.325439211,5.195621862,2.913882874,0,0,0,0,0
2005-05-04 00:00:00,0.071590289,0.023746343,0.280688718,5.435971072,2.518909546,0,0,0,0,0
2005-05-05 00:00:00,0.071641837,0.023747948,0.283961794,5.486330507,2.524883745,0,0,0,0,0
2005-05-06 00:00:00,0.073348167,0.030467873,0.435848296,4.765217493,3.617838635,0,0,0,0,0
2005-05-07 00:00:00,0.0743463,0.025327357,0.305559539,5.225095071,2.621030824,0,0,0,0,0
2005-05-08 00:00:00,0.074463153,0.025444006,0.310361857,5.276164527,2.629273525,0,0,0,0,0
2005-05-09 00:00:00,0.075148397,0.026440318,0.330420081,5.225408049,2.735394948,0,0,0,0,0
2005-05-10 00:00:00,0.075610807,0.029258502,0.39607509,4.994790114,3.193263682,0,0,0,0,0
2005-05-11 00:00:00,0.082606958,0.035203226,0.462471625,4.445386128,3.444351308,0,0,0,0,0
2005-05-12 00:00:00,0.08517756,0.03853089,0.506626771,4.378324346,3.603954455,0,0,0,0,0
2005-05-13 00:00:00,0.093527807,0.053803298,0.745935967,3.674889649,4.874765102,0,0,0,0,0
2005-05-14 00:00:00,0.09313484,0.052281442,0.721983361,3.717974253,4.743174948,0,0,0,0,0
2005-05-15 00:00:00,0.090057549,0.044082029,0.589255464,3.982165288,4.027682655,0,0,0,0,0
2005-05-16 00:00:00,0.088228825,0.039204393,0.51316697,4.11894117,3.630933987,0,0,0,0,0
2005-05-17 00:00:00,0.086815069,0.032723027,0.396412111,4.386442938,2.930775058,0,0,0,0,0
2005-05-18 00:00:00,0.087344543,0.0322637,0.387661961,4.352584351,2.879289988,0,0,0,0,0
2005-05-19 00:00:00,0.090758545,0.03728123,0.466593792,3.994255348,3.332187043,0,0,0,0,0
2005-05-20 00:00:00,0.091526867,0.034571098,0.408509563,4.066428001,2.950133972,0,0,0,0,0
2005-05-21 00:00:00,0.091933502,0.034288983,0.404025914,4.049080451,2.921098835,0,0,0,0,0
2005-05-22 00:00:00,0.092341149,0.036782882,0.457658206,3.876180678,3.286493742,0,0,0,0,0
2005-05-23 00:00:00,0.092149074,0.033626605,0.39846162,4.024256902,2.904348258,0,0,0,0,0
2005-05-24 00:00:00,0.092192838,0.03134909,0.354275353,4.15680403,2.599715359,0,0,0,0,0
2005-05-25 00:00:00,0.092090784,0.030561079,0.342269572,4.214715827,2.513801529,0,0,0,0,0
2005-05-26 00:00:00,0.091706858,0.030757845,0.353607047,4.202333579,2.604147764,0,0,0,0,0
2005-05-27 00:00:00,0.091592456,0.031700372,0.378463585,4.124682516,2.788478689,0,0,0,0,0
2005-05-28 00:00:00,0.092342704,0.029744565,0.332305506,4.318127827,2.402987138,0,0,0,0,0
2005-05-29 00:00:00,0.091354121,0.030649677,0.363910804,4.239729701,2.6667946,0,0,0,0,0
2005-05-30 00:00:00,0.090894987,0.0305858,0.369080633,4.271532376,2.70232507,0,0,0,0,0
2005-05-31 00:00:00,0.090370973,0.030223981,0.3680843,4.338117391,2.689522125,0,0,0,0,0
2005-06-01 00:00:00,0.090673525,0.029225927,0.345546977,4.494975758,2.469706495,0,0,0,0,0
2005-06-02 00:00:00,0.090183335,0.028976652,0.346437619,4.561429219,2.46503666,0,0,0,0,0
2005-06-03 00:00:00,0.090339654,0.028247569,0.330914413,4.703119116,2.29785812,0,0,0,0,0
2005-06-04 00:00:00,0.089846512,0.028628896,0.345451794,4.701450464,2.401521292,0,0,0,0,0
2005-06-05 00:00:00,0.090888885,0.030518734,0.379247837,4.517916612,2.623525796,0,0,0,0,0
2005-06-06 00:00:00,0.090812839,0.029686672,0.364835675,4.61075755,2.499987932,0,0,0,0,0
2005-06-07 00:00:00,0.089905425,0.029240281,0.364271723,4.723511274,2.482540324,0,0,0,0,0
2005-06-08 00:00:00,0.089161128,0.028897005,0.364718614,4.815853241,2.473855611,0,0,0,0,0
2005-06-09 00:00:00,0.088801946,0.028698499,0.365277008,4.874866657,2.462816471,0,0,0,0,0
2005-06-10 00:00:00,0.088777,0.028866101,0.371041364,4.869969576,2.494563103,0,0,0,0,0
2005-06-11 00:00:00,0.089124165,0.030103346,0.395691706,4.756158534,2.664163883,0,0,0,0,0
2005-06-12 00:00:00,0.088884507,0.029222106,0.381445183,4.859906447,2.542075491,0,0,0,0,0
2005-06-13 00:00:00,0.087678803,0.031021158,0.428638078,4.757123647,2.912395311,0,0,0,0,0
2005-06-14 00:00:00,0.086966099,0.031667553,0.451157954,4.606066863,3.148176983,0,0,0,0,0
2005-06-15 00:00:00,0.086870087,0.031166063,0.443198483,4.666284344,3.074130008,0,0,0,0,0
2005-06-16 00:00:00,0.08581355,0.031406656,0.45770226,4.673074428,3.20303496,0,0,0,0,0
2005-06-17 00:00:00,0.086236695,0.029213846,0.409727259,4.999202296,2.743384362,0,0,0,0,0
2005-06-18 00:00:00,0.086286562,0.028034672,0.385799335,5.203236737,2.498319426,0,0,0,0,0
2005-06-19 00:00:00,0.085585983,0.02773869,0.386331894,5.278123194,2.496140266,0,0,0,0,0
2005-06-20 00:00:00,0.083571597,0.028423625,0.418100905,5.173498064,2.834665907,0,0,0,0,0
2005-06-21 00:00:00,0.081217522,0.028941778,0.449065905,5.063811224,3.194462364,0,0,0,0,0
2005-06-22 00:00:00,0.082882574,0.026573321,0.386073604,5.580575456,2.480446369,0,0,0,0,0
2005-06-23 00:00:00,0.081694331,0.026303287,0.390534462,5.663647996,2.528906003,0,0,0,0,0
2005-06-24 00:00:00,0.080937236,0.026070559,0.392174375,5.760060431,2.528805965,0,0,0,0,0
2005-06-25 00:00:00,0.078513321,0.031616164,0.524445254,5.024982361,3.768550271,0,0,0,0,0
2005-06-26 00:00:00,0.082052359,0.029153244,0.447393986,5.369240967,2.936246481,0,0,0,0,0
2005-06-27 00:00:00,0.079468206,0.033377007,0.552223905,4.841968585,3.939229189,0,0,0,0,0
2005-06-28 00:00:00,0.082103585,0.029884729,0.461643949,5.353873451,3.001067278,0,0,0,0,0
2005-06-29 00:00:00,0.078250467,0.034104208,0.57645162,4.77725605,4.167334396,0,0,0,0,0
2005-06-30 00:00:00,0.078652283,0.034351099,0.578080649,4.754252273,4.153567558,0,0,0,0,0
2005-07-01 00:00:00,0.077011544,0.030761866,0.521863686,5.130382562,3.737125713,0,0,0,0,0
2005-07-02 00:00:00,0.078401247,0.026303618,0.421204253,5.925463109,2.673945479,0,0,0,0,0
2005-07-03 00:00:00,0.07768556,0.025719903,0.415314117,6.037247881,2.619697161,0,0,0,0,0
2005-07-04 00:00:00,0.077714894,0.026444569,0.430390737,5.869923697,2.767368531,0,0,0,0,0
2005-07-05 00:00:00,0.074939434,0.02865725,0.497386796,5.359818783,3.569127904,0,0,0,0,0
2005-07-06 00:00:00,0.074114282,0.028088177,0.492370453,5.437677235,3.544310261,0,0,0,0,0
2005-07-07 00:00:00,0.072965762,0.027292574,0.485193158,5.557700114,3.510565978,0,0,0,0,0
2005-07-08 00:00:00,0.07158918,0.02692305,0.488054589,5.605380815,3.58687183,0,0,0,0,0
2005-07-09 00:00:00,0.072516092,0.024881719,0.438823323,6.145586982,2.966610986,0,0,0,0,0
2005-07-10 00:00:00,0.068835395,0.025930939,0.488223091,5.780289243,3.677587736,0,0,0,0,0
2005-07-11 00:00:00,0.071302306,0.023291348,0.414379631,6.678107806,2.636727014,0,0,0,0,0
2005-07-12 00:00:00,0.069282849,0.023037974,0.424028098,6.702839518,2.819559523,0,0,0,0,0
2005-07-13 00:00:00,0.068398648,0.024908188,0.469038846,6.208741154,3.353685795,0,0,0,0,0
2005-07-14 00:00:00,0.06537594,0.02531724,0.499886558,5.962063657,3.864316483,0,0,0,0,0
2005-07-15 00:00:00,0.063803193,0.024927774,0.503043226,6.06428359,3.947961666,0,0,0,0,0
2005-07-16 00:00:00,0.064015636,0.023661872,0.474539697,6.564353446,3.528018606,0,0,0,0,0
2005-07-17 00:00:00,0.060594165,0.024165056,0.509825751,6.298292519,4.124213294,0,0,0,0,0
2005-07-18 00:00:00,0.063984605,0.02155364,0.429721938,7.505545265,2.828238811,0,0,0,0,0
2005-07-19 00:00:00,0.062718749,0.021240207,0.43192743,7.679949831,2.86195141,0,0,0,0,0
2005-07-20 00:00:00,0.064676524,0.023262353,0.458084048,7.01163114,3.104255237,0,0,0,0,0
2005-07-21 00:00:00,0.06818975,0.032710737,0.616456795,4.905917163,4.749250153,0,0,0,0,0
2005-07-22 00:00:00,0.071677013,0.024707229,0.436910246,5.942245925,2.826318731,0,0,0,0,0
2005-07-23 00:00:00,0.071329361,0.024391769,0.431977148,6.047576494,2.747283266,0,0,0,0,0
2005-07-24 00:00:00,0.071283863,0.02616314,0.464795603,5.803254583,3.057196573,0,0,0,0,0
2005-07-25 00:00:00,0.074336404,0.036188587,0.626049006,4.608978059,4.470948046,0,0,0,0,0
2005-07-26 00:00:00,0.078430613,0.034967395,0.573126134,4.465837211,3.905308044,0,0,0,0,0
2005-07-27 00:00:00,0.076478058,0.034770665,0.581731407,4.585960826,4.009346089,0,0,0,0,0
2005-07-28 00:00:00,0.075131393,0.035063739,0.595318225,4.605238777,4.161845445,0,0,0,0,0
2005-07-29 00:00:00,0.073864967,0.032929487,0.565681359,4.733785727,3.960061965,0,0,0,0,0
2005-07-30 00:00:00,0.07237661,0.02999002,0.522601454,4.950244716,3.638510952,0,0,0,0,0
2005-07-31 00:00:00,0.07094804,0.028415531,0.503387438,5.057376106,3.530967055,0,0,0,0,0
2005-08-01 00:00:00,0.069410203,0.026528559,0.478313176,5.240712809,3.356514683,0,0,0,0,0
2005-08-02 00:00:00,0.069087302,0.023636829,0.42362129,5.67433907,2.771331106,0,0,0,0,0
2005-08-03 00:00:00,0.067178354,0.023730744,0.438387087,5.574337416,3.039222828,0,0,0,0,0
2005-08-04 00:00:00,0.066875639,0.02370626,0.438868033,5.495103477,3.07762778,0,0,0,0,0
2005-08-05 00:00:00,0.065770378,0.022619773,0.423993711,5.63841201,2.966835661,0,0,0,0,0
2005-08-06 00:00:00,0.06438886,0.021960804,0.419135895,5.754736414,2.962048995,0,0,0,0,0
2005-08-07 00:00:00,0.062948777,0.021522666,0.419001432,5.849300523,3.007630253,0,0,0,0,0
2005-08-08 00:00:00,0.061488577,0.02120148,0.421281355,5.938229354,3.077368613,0,0,0,0,0
2005-08-09 00:00:00,0.059985291,0.021196906,0.430278045,5.97540043,3.225045671,0,0,0,0,0
2005-08-10 00:00:00,0.060940665,0.019967902,0.396156439,6.431179714,2.66100585,0,0,0,0,0
2005-08-11 00:00:00,0.060921717,0.020047386,0.396418258,6.203699846,2.738535717,0,0,0,0,0
2005-08-12 00:00:00,0.060626841,0.020770814,0.411771294,5.927706823,2.971193161,0,0,0,0,0
2005-08-13 00:00:00,0.059381632,0.019528045,0.39314134,6.287663873,2.75279328,0,0,0,0,0
2005-08-14 00:00:00,0.057256325,0.019774758,0.411839718,6.262625327,3.064455739,0,0,0,0,0
2005-08-15 00:00:00,0.055466848,0.01956858,0.418640749,6.368098864,3.207878536,0,0,0,0,0
2005-08-16 00:00:00,0.055537505,0.018381883,0.391177573,6.944031549,2.717905858,0,0,0,0,0
2005-08-17 00:00:00,0.054066113,0.017949737,0.390855543,7.154981698,2.743186466,0,0,0,0,0
2005-08-18 00:00:00,0.055513001,0.022841836,0.47790071,5.717125659,3.857972045,0,0,0,0,0
2005-08-19 00:00:00,0.056344689,0.020684862,0.426708589,5.920230844,3.267647483,0,0,0,0,0
2005-08-20 00:00:00,0.054968206,0.01992895,0.419279704,6.119903115,3.222789654,0,0,0,0,0
2005-08-21 00:00:00,0.053274253,0.019059146,0.411667236,6.384674929,3.185222054,0,0,0,0,0
2005-08-22 00:00:00,0.051904333,0.018191218,0.401412492,6.671725152,3.09299261,0,0,0,0,0
2005-08-23 00:00:00,0.050632135,0.017858584,0.401645672,6.79918542,3.145381725,0,0,0,0,0
2005-08-24 00:00:00,0.049291232,0.017826988,0.40882143,6.836538309,3.302364585,0,0,0,0,0
2005-08-25 00:00:00,0.049535529,0.016224466,0.370074143,7.564236379,2.640181052,0,0,0,0,0
2005-08-26 00:00:00,0.047059544,0.018264083,0.430358171,6.843503005,3.66780909,0,0,0,0,0
2005-08-27 00:00:00,0.046925517,0.018719653,0.438573442,6.691756518,3.78517347,0,0,0,0,0
2005-08-28 00:00:00,0.045870744,0.01792961,0.427731261,6.874474254,3.716389179,0,0,0,0,0
2005-08-29 00:00:00,0.044636804,0.017330425,0.422103479,7.077765188,3.709308803,0,0,0,0,0
2005-08-30 00:00:00,0.043370917,0.016671888,0.415233144,7.338491747,3.67980702,0,0,0,0,0
2005-08-31 00:00:00,0.042202251,0.016532169,0.418929846,7.454129718,3.789798946,0,0,0,0,0
2005-09-01 00:00:00,0.041151304,0.017434218,0.44452174,7.257775647,4.19725156,0,0,0,0,0
2005-09-02 00:00:00,0.039973331,0.016943375,0.440830683,7.487231739,4.214585148,0,0,0,0,0
2005-09-03 00:00:00,0.03887294,0.01682874,0.444778899,7.617968789,4.332409771,0,0,0,0,0
2005-09-04 00:00:00,0.037790044,0.016695037,0.448178605,7.762087662,4.445206816,0,0,0,0,0
2005-09-05 00:00:00,0.03833086,0.014524443,0.392241634,9.179486621,3.369764473,0,0,0,0,0
2005-09-06 00:00:00,0.035633719,0.016178341,0.449617111,8.168977939,4.602379393,0,0,0,0,0
2005-09-07 00:00:00,0.034531896,0.015574711,0.442729862,8.527579147,4.574083846,0,0,0,0,0
2005-09-08 00:00:00,0.033528416,0.015503716,0.447122274,8.708540833,4.704670989,0,0,0,0,0
2005-09-09 00:00:00,0.033041448,0.016671302,0.475492745,8.395067507,5.15021214,0,0,0,0,0
2005-09-10 00:00:00,0.033598717,0.014025706,0.406882846,10.39912167,3.788215537,0,0,0,0,0
2005-09-11 00:00:00,0.031769358,0.017313072,0.496573061,8.433911882,5.550811201,0,0,0,0,0
2005-09-12 00:00:00,0.030371794,0.015984717,0.476067458,9.157164999,5.364621378,0,0,0,0,0
2005-09-13 00:00:00,0.029775417,0.015317592,0.463384661,9.675289494,5.189515424,0,0,0,0,0
2005-09-14 00:00:00,0.029386747,0.016325731,0.488189147,9.360906577,5.612257179,0,0,0,0,0
2005-09-15 00:00:00,0.028208354,0.015143577,0.468748393,10.10265597,5.420468233,0,0,0,0,0
2005-09-16 00:00:00,0.027928782,0.015966777,0.48865731,9.900357123,5.753365753,0,0,0,0,0
2005-09-17 00:00:00,0.027814902,0.012900312,0.413097165,12.69323343,4.258985766,0,0,0,0,0
2005-09-18 00:00:00,0.02701435,0.015807905,0.48893949,10.39352976,5.82292652,0,0,0,0,0
2005-09-19 00:00:00,0.029108757,0.018688318,0.534676796,9.298342151,6.235661619,0,0,0,0,0
2005-09-20 00:00:00,0.027563121,0.013621966,0.424369615,12.49486427,4.466400561,0,0,0,0,0
2005-09-21 00:00:00,0.027633409,0.016315379,0.488163665,9.962679398,5.760470994,0,0,0,0,0
2005-09-22 00:00:00,0.027814446,0.016600811,0.490710221,9.930680393,5.762723405,0,0,0,0,0
2005-09-23 00:00:00,0.026617987,0.012499535,0.397969092,12.65325856,4.246226924,0,0,0,0,0
2005-09-24 00:00:00,0.025591332,0.012281543,0.400000468,13.1894147,4.372327611,0,0,0,0,0
2005-09-25 00:00:00,0.034710782,0.027323064,0.667010381,6.77606383,7.514430666,0,0,0,0,0
2005-09-26 00:00:00,0.031213467,0.015462634,0.415814682,9.379326113,4.335698539,0,0,0,0,0
2005-09-27 00:00:00,0.030008971,0.013941049,0.390451423,8.94855807,4.322422841,0,0,0,0,0
2005-09-28 00:00:00,0.030534547,0.01345489,0.36975168,8.907931929,3.997737419,0,0,0,0,0
2005-09-29 00:00:00,0.031957618,0.014456891,0.377247886,8.188113126,4.049037503,0,0,0,0,0
2005-09-30 00:00:00,0.031737578,0.01273561,0.332138848,8.797143858,3.389195073,0,0,0,0,0
2005-10-01 00:00:00,0.030884563,0.013641815,0.361706842,8.424870941,3.956048876,0,0,0,0,0
2005-10-02 00:00:00,0.03013355,0.012161282,0.327284443,9.211688668,3.455324186,0,0,0,0,0
2005-10-03 00:00:00,0.029308628,0.011932672,0.326629609,9.447786652,3.512966052,0,0,0,0,0
2005-10-04 00:00:00,0.028637874,0.01140198,0.316349361,9.73242425,3.423603762,0,0,0,0,0
2005-10-05 00:00:00,0.028404991,0.013231296,0.364909169,8.916121166,4.245328739,0,0,0,0,0
2005-10-06 00:00:00,0.02886735,0.013028937,0.351167658,8.799419843,4.028998409,0,0,0,0,0
2005-10-07 00:00:00,0.028308138,0.01156253,0.314958722,9.214643248,3.580324677,0,0,0,0,0
2005-10-08 00:00:00,0.027722845,0.011297438,0.310962969,9.351017018,3.593227253,0,0,0,0,0
2005-10-09 00:00:00,0.02710608,0.011232467,0.312791424,9.458239035,3.69086422,0,0,0,0,0
2005-10-10 00:00:00,0.02665808,0.010477268,0.29272919,10.03406189,3.379716353,0,0,0,0,0
2005-10-11 00:00:00,0.025995849,0.010056906,0.284910402,10.35219053,3.324271827,0,0,0,0,0
2005-10-12 00:00:00,0.02529635,0.010251788,0.295704997,10.22242891,3.616666263,0,0,0,0,0
2005-10-13 00:00:00,0.024953217,0.010267304,0.296860613,10.27852363,3.680626525,0,0,0,0,0
2005-10-14 00:00:00,0.025103467,0.011634845,0.331517492,9.656336316,4.227094981,0,0,0,0,0
2005-10-15 00:00:00,0.024486011,0.011067848,0.319506323,9.98395964,4.118755891,0,0,0,0,0
2005-10-16 00:00:00,0.023869114,0.010741589,0.314325774,10.28968494,4.105649676,0,0,0,0,0
2005-10-17 00:00:00,0.024124314,0.011686251,0.335399779,10.03362612,4.382770732,0,0,0,0,0
2005-10-18 00:00:00,0.023834141,0.011542163,0.332214085,9.993761018,4.409176634,0,0,0,0,0
2005-10-19 00:00:00,0.023044627,0.010586726,0.310569264,10.55648185,4.169039003,0,0,0,0,0
2005-10-20 00:00:00,0.022510561,0.009504282,0.280009462,11.53120552,3.680398026,0,0,0,0,0
2005-10-21 00:00:00,0.022026679,0.010207735,0.305782999,11.1738665,4.197439624,0,0,0,0,0
2005-10-22 00:00:00,0.022425153,0.011301486,0.330673609,10.81603919,4.520864009,0,0,0,0,0
2005-10-23 00:00:00,0.022428382,0.010863992,0.314223424,10.80399833,4.308414383,0,0,0,0,0
2005-10-24 00:00:00,0.022214141,0.010389216,0.299932951,10.75406232,4.178451469,0,0,0,0,0
2005-10-25 00:00:00,0.021856398,0.010098854,0.292751241,10.92040734,4.130294737,0,0,0,0,0
2005-10-26 00:00:00,0.021430198,0.009951307,0.290758465,11.17501173,4.149283094,0,0,0,0,0
2005-10-27 00:00:00,0.021002491,0.009121711,0.265253705,12.09502882,3.72990852,0,0,0,0,0
2005-10-28 00:00:00,0.02065037,0.010052562,0.29894586,11.58488399,4.363984048,0,0,0,0,0
2005-10-29 00:00:00,0.020247132,0.009170145,0.270754272,12.66656781,3.882681119,0,0,0,0,0
2005-10-30 00:00:00,0.020141115,0.010331733,0.308865716,12.12244398,4.536933722,0,0,0,0,0
2005-10-31 00:00:00,0.020368875,0.010924852,0.322788671,11.70316112,4.760328354,0,0,0,0,0
2005-11-01 00:00:00,0.019715785,0.009974857,0.298304683,12.21967813,4.487907192,0,0,0,0,0
2005-11-02 00:00:00,0.019717072,0.010400746,0.310192255,12.05605859,4.690601405,0,0,0,0,0
2005-11-03 00:00:00,0.019347238,0.010246028,0.307981497,12.33865022,4.708547341,0,0,0,0,0
2005-11-04 00:00:00,0.018760542,0.009000548,0.268767523,13.79192304,4.074352136,0,0,0,0,0
2005-11-05 00:00:00,0.026037342,0.019291659,0.489307635,9.066841493,6.429288698,0,0,0,0,0
2005-11-06 00:00:00,0.028400582,0.017554181,0.392843678,7.451104371,5.098670654,0,0,0,0,0
2005-11-07 00:00:00,0.026896693,0.013867212,0.292423808,8.29650443,3.92050745,0,0,0,0,0
2005-11-08 00:00:00,0.029742681,0.019142334,0.40626632,7.848131193,5.01363286,0,0,0,0,0
2005-11-09 00:00:00,0.0316478,0.022194776,0.465250762,7.645158023,5.525998991,0,0,0,0,0
2005-11-10 00:00:00,0.031215292,0.021738221,0.456219113,7.743065163,5.467194022,0,0,0,0,0
2005-11-11 00:00:00,0.02845008,0.017541537,0.366567581,8.40587483,4.638763162,0,0,0,0,0
2005-11-12 00:00:00,0.028845701,0.018556248,0.393550681,8.067643637,4.989378591,0,0,0,0,0
2005-11-13 00:00:00,0.026898403,0.015129844,0.312519598,8.496864243,4.204150074,0,0,0,0,0
2005-11-14 00:00:00,0.026081861,0.014140314,0.2923673,8.636937134,4.061157641,0,0,0,0,0
2005-11-15 00:00:00,0.031101741,0.020424998,0.408183368,7.246448579,5.060959133,0,0,0,0,0
2005-11-16 00:00:00,0.030561212,0.018067571,0.338958487,7.088879188,4.368994932,0,0,0,0,0
2005-11-17 00:00:00,0.029883001,0.017654833,0.334030635,7.334210505,4.355691086,0,0,0,0,0
2005-11-18 00:00:00,0.029366303,0.017309206,0.329536438,7.467013712,4.353819388,0,0,0,0,0
2005-11-19 00:00:00,0.028481978,0.016117789,0.304338637,7.576403387,4.163492894,0,0,0,0,0
2005-11-20 00:00:00,0.027546686,0.014795449,0.275478653,7.68161821,3.939573861,0,0,0,0,0
2005-11-21 00:00:00,0.026622712,0.013571039,0.249179452,7.805321262,3.741958212,0,0,0,0,0
2005-11-22 00:00:00,0.025159153,0.011274742,0.193805586,8.135500932,3.233274472,0,0,0,0,0
2005-11-23 00:00:00,0.02557371,0.012346262,0.222765146,7.922364807,3.579543558,0,0,0,0,0
2005-11-24 00:00:00,0.02473442,0.011128828,0.193669843,8.057317583,3.34076236,0,0,0,0,0
2005-11-25 00:00:00,0.023733324,0.009577604,0.153763304,8.328550877,2.969371615,0,0,0,0,0
2005-11-26 00:00:00,0.023684933,0.009643383,0.154197012,8.333496731,2.996239734,0,0,0,0,0
2005-11-27 00:00:00,0.025653782,0.011906126,0.196543098,7.708051224,3.371786999,0,0,0,0,0
2005-11-28 00:00:00,0.029133502,0.015989775,0.271709902,6.931506683,3.982427761,0,0,0,0,0
2005-11-29 00:00:00,0.026842132,0.012498031,0.191142641,7.252692658,3.293670005,0,0,0,0,0
2005-11-30 00:00:00,0.026490936,0.012403385,0.191536164,7.380316499,3.327445724,0,0,0,0,0
2005-12-01 00:00:00,0.026831205,0.013153549,0.209300286,7.350223864,3.50852884,0,0,0,0,0
2005-12-02 00:00:00,0.026607372,0.012883269,0.202260487,7.363182421,3.469447531,0,0,0,0,0
2005-12-03 00:00:00,0.02538589,0.011118145,0.160772156,7.534903256,3.131420794,0,0,0,0,0
2005-12-04 00:00:00,0.02565561,0.011741102,0.176485261,7.481236532,3.303267723,0,0,0,0,0
2005-12-05 00:00:00,0.025094376,0.011055162,0.160742218,7.568226026,3.194238752,0,0,0,0,0
2005-12-06 00:00:00,0.024592548,0.010465354,0.146881387,7.657634295,3.09905174,0,0,0,0,0
2005-12-07 00:00:00,0.024195484,0.01003437,0.136705055,7.735215972,3.035374352,0,0,0,0,0
2005-12-08 00:00:00,0.023138853,0.008294295,0.088270789,8.008747778,2.58214804,0,0,0,0,0
2005-12-09 00:00:00,0.023590669,0.009463408,0.123244375,7.87658373,2.966349371,0,0,0,0,0
2005-12-10 00:00:00,0.023087388,0.008692456,0.100894753,8.021998558,2.765094538,0,0,0,0,0
2005-12-11 00:00:00,0.023083015,0.008981975,0.110705927,8.022510418,2.89518127,0,0,0,0,0
2005-12-12 00:00:00,0.022828959,0.008717792,0.103414386,8.109054495,2.845304069,0,0,0,0,0
2005-12-13 00:00:00,0.022138015,0.007029758,0.044839247,8.468610507,2.207536235,0,0,0,0,0
2005-12-14 00:00:00,0.022446446,0.008285579,0.089241317,8.293093347,2.730041644,0,0,0,0,0
2005-12-15 00:00:00,0.022894595,0.009045638,0.109822415,8.120814283,2.954305335,0,0,0,0,0
2005-12-16 00:00:00,0.022753814,0.008913799,0.105906266,8.167788157,2.935940455,0,0,0,0,0
2005-12-17 00:00:00,0.022579066,0.008820266,0.103832146,8.258886695,2.933684831,0,0,0,0,0
2005-12-18 00:00:00,0.02242639,0.008741987,0.102046997,8.348361972,2.932123756,0,0,0,0,0
2005-12-19 00:00:00,0.0223049,0.008710192,0.101484459,8.425464996,2.942768728,0,0,0,0,0
2005-12-20 00:00:00,0.022199509,0.008697477,0.101603648,8.495104905,2.960292966,0,0,0,0,0
2005-12-21 00:00:00,0.022094322,0.008667309,0.101083639,8.566407198,2.970715994,0,0,0,0,0
2005-12-22 00:00:00,0.022019522,0.008702285,0.102790794,8.628360122,3.003656079,0,0,0,0,0
2005-12-23 00:00:00,0.021693942,0.007705271,0.063838787,8.891351347,2.567313758,0,0,0,0,0
2005-12-24 00:00:00,0.022107635,0.009135587,0.116623841,8.688472821,3.164597385,0,0,0,0,0
2005-12-25 00:00:00,0.021594934,0.007682326,0.062145094,9.007663034,2.571167553,0,0,0,0,0
2005-12-26 00:00:00,0.021811773,0.008816438,0.107206841,8.8582284,3.097715682,0,0,0,0,0
2005-12-27 00:00:00,0.021724495,0.008801746,0.107425506,8.937791475,3.112295354,0,0,0,0,0
2005-12-28 00:00:00,0.02139616,0.007673289,0.062144396,9.245820542,2.600537293,0,0,0,0,0
2005-12-29 00:00:00,0.021668835,0.008866622,0.109448731,9.059944939,3.147660403,0,0,0,0,0
2005-12-30 00:00:00,0.021970719,0.008577671,0.086444534,9.140728541,2.837963089,0,0,0,0,0
2005-12-31 00:00:00,0.021818478,0.008078589,0.068443432,9.147009896,2.673918837,0,0,0,0,0
2006-01-01 00:00:00,0.023602869,0.010395774,0.125207122,8.711680772,3.148569966,0,0,0,0,0
2006-01-02 00:00:00,0.029126522,0.015813633,0.217443013,7.518107092,3.718910779,0,0,0,0,0
2006-01-03 00:00:00,0.030290891,0.016472138,0.216524717,7.242790572,3.654785477,0,0,0,0,0
2006-01-04 00:00:00,0.037872736,0.026812849,0.427129765,7.336776441,5.018315494,0,0,0,0,0
2006-01-05 00:00:00,0.036830939,0.025351473,0.394782034,7.411251025,4.785906705,0,0,0,0,0
2006-01-06 00:00:00,0.033848545,0.021315919,0.315673917,7.37091109,4.298006833,0,0,0,0,0
2006-01-07 00:00:00,0.032599511,0.019795015,0.292301762,7.323688326,4.203896676,0,0,0,0,0
2006-01-08 00:00:00,0.030640273,0.017141872,0.239370633,7.31697286,3.880292705,0,0,0,0,0
2006-01-09 00:00:00,0.029510022,0.015599385,0.208153903,7.321925187,3.69101827,0,0,0,0,0
2006-01-10 00:00:00,0.028573326,0.014282781,0.180610477,7.332878809,3.520173262,0,0,0,0,0
2006-01-11 00:00:00,0.026897316,0.011417529,0.105305739,7.387150492,2.936330598,0,0,0,0,0
2006-01-12 00:00:00,0.027574585,0.0127582,0.146782619,7.348722737,3.304419445,0,0,0,0,0
2006-01-13 00:00:00,0.027204402,0.01212573,0.131563958,7.356947374,3.200776322,0,0,0,0,0
2006-01-14 00:00:00,0.026204715,0.010071519,0.070769208,7.417507236,2.692928382,0,0,0,0,0
2006-01-15 00:00:00,0.026708696,0.01122677,0.109575673,7.378969989,3.052609036,0,0,0,0,0
2006-01-16 00:00:00,0.026522465,0.010862641,0.100327965,7.400800226,2.987608663,0,0,0,0,0
2006-01-17 00:00:00,0.025895812,0.009292035,0.049132483,7.489943153,2.531738331,0,0,0,0,0
2006-01-18 00:00:00,0.025889211,0.009214653,0.047150026,7.518762675,2.518656236,0,0,0,0,0
2006-01-19 00:00:00,0.025861776,0.009101277,0.043960299,7.560059809,2.493551219,0,0,0,0,0
2006-01-20 00:00:00,0.026719001,0.010858896,0.100722045,7.461371063,2.999875199,0,0,0,0,0
2006-01-21 00:00:00,0.026480777,0.009559597,0.052812093,7.45937141,2.557851017,0,0,0,0,0
2006-01-22 00:00:00,0.027132828,0.0111437,0.106609155,7.41692895,3.042315912,0,0,0,0,0
2006-01-23 00:00:00,0.026539122,0.009495736,0.050947918,7.546437941,2.536569346,0,0,0,0,0
2006-01-24 00:00:00,0.02717609,0.011088925,0.105899151,7.497208257,3.032418274,0,0,0,0,0
2006-01-25 00:00:00,0.027199587,0.01100921,0.103221209,7.540442007,3.003235913,0,0,0,0,0
2006-01-26 00:00:00,0.026757078,0.009613465,0.054683558,7.67395312,2.554665665,0,0,0,0,0
2006-01-27 00:00:00,0.026778781,0.009564195,0.053497041,7.727217368,2.540089508,0,0,0,0,0
2006-01-28 00:00:00,0.029751447,0.013249176,0.13880399,7.311254338,3.141437224,0,0,0,0,0
2006-01-29 00:00:00,0.034070014,0.017595549,0.213538502,6.780733953,3.549989367,0,0,0,0,0
2006-01-30 00:00:00,0.035032882,0.018644168,0.22832601,6.864428451,3.58382019,0,0,0,0,0
2006-01-31 00:00:00,0.03525731,0.018836216,0.231526568,6.904858395,3.588264368,0,0,0,0,0
2006-02-01 00:00:00,0.034499564,0.017619767,0.20681226,6.892802402,3.437536534,0,0,0,0,0
2006-02-02 00:00:00,0.03336244,0.015800532,0.168681312,6.86969645,3.203487196,0,0,0,0,0
2006-02-03 00:00:00,0.034922265,0.018185946,0.231131328,6.764576932,3.660071773,0,0,0,0,0
2006-02-04 00:00:00,0.033542981,0.015942726,0.181495017,6.760602339,3.342595793,0,0,0,0,0
2006-02-05 00:00:00,0.033614383,0.016226516,0.196171897,6.746482455,3.479963414,0,0,0,0,0
2006-02-06 00:00:00,0.031699475,0.012448403,0.095649007,6.802520343,2.741712122,0,0,0,0,0
2006-02-07 00:00:00,0.032650228,0.01441352,0.156455892,6.744398515,3.227267507,0,0,0,0,0
2006-02-08 00:00:00,0.031518193,0.011661464,0.076855668,6.806906886,2.607918074,0,0,0,0,0
2006-02-09 00:00:00,0.031449343,0.01125756,0.066215751,6.819976976,2.525879925,0,0,0,0,0
2006-02-10 00:00:00,0.031764794,0.011702399,0.080829849,6.799681872,2.643409676,0,0,0,0,0
2006-02-11 00:00:00,0.032274053,0.012838078,0.119158018,6.748435554,2.962859244,0,0,0,0,0
2006-02-12 00:00:00,0.031824741,0.011060231,0.061131528,6.8426591,2.47100072,0,0,0,0,0
2006-02-13 00:00:00,0.031960682,0.011026167,0.060368161,6.862071073,2.457105477,0,0,0,0,0
2006-02-14 00:00:00,0.032400212,0.011429049,0.070779185,6.827430945,2.526100573,0,0,0,0,0
2006-02-15 00:00:00,0.032076585,0.01027937,0.035368523,6.930373576,2.229692857,0,0,0,0,0
2006-02-16 00:00:00,0.031889138,0.00986785,0.024624052,7.079026679,2.127426281,0,0,0,0,0
2006-02-17 00:00:00,0.03306762,0.011495784,0.070388809,6.847078119,2.484797725,0,0,0,0,0
2006-02-18 00:00:00,0.033203232,0.011418815,0.06829806,6.872819619,2.458122985,0,0,0,0,0
2006-02-19 00:00:00,0.033384401,0.011454079,0.069499656,6.900139056,2.455176852,0,0,0,0,0
2006-02-20 00:00:00,0.033576664,0.011520079,0.071639465,6.928942395,2.458824508,0,0,0,0,0
2006-02-21 00:00:00,0.033761042,0.011577692,0.073654367,6.961867744,2.460977803,0,0,0,0,0
2006-02-22 00:00:00,0.033944252,0.011639838,0.075860803,6.996631403,2.46422969,0,0,0,0,0
2006-02-23 00:00:00,0.03412461,0.011695254,0.07791916,7.034028687,2.465962473,0,0,0,0,0
2006-02-24 00:00:00,0.034303825,0.011737895,0.079611054,7.073306766,2.464367125,0,0,0,0,0
2006-02-25 00:00:00,0.034509352,0.011832764,0.082853338,7.106907112,2.474761831,0,0,0,0,0
2006-02-26 00:00:00,0.034688862,0.011868673,0.084428978,7.147964834,2.47159695,0,0,0,0,0
2006-02-27 00:00:00,0.034893696,0.011945674,0.087079638,7.183014156,2.47650423,0,0,0,0,0
2006-02-28 00:00:00,0.035110511,0.012040608,0.09031395,7.21662202,2.485687214,0,0,0,0,0
2006-03-01 00:00:00,0.035591108,0.012616596,0.106352165,7.196003429,2.588777462,0,0,0,0,0
2006-03-02 00:00:00,0.035786368,0.012480898,0.101968392,7.229483167,2.53696439,0,0,0,0,0
2006-03-03 00:00:00,0.036033151,0.012590249,0.105259166,7.255464873,2.545208135,0,0,0,0,0
2006-03-04 00:00:00,0.036235562,0.012641989,0.107300653,7.297566693,2.543383522,0,0,0,0,0
2006-03-05 00:00:00,0.036562836,0.012611507,0.104229117,7.323286461,2.492040918,0,0,0,0,0
2006-03-06 00:00:00,0.037633203,0.013683252,0.12934223,7.12077361,2.659730002,0,0,0,0,0
2006-03-07 00:00:00,0.039547445,0.015906506,0.177602553,6.836186515,2.958262668,0,0,0,0,0
2006-03-08 00:00:00,0.050428963,0.027996131,0.381055883,5.762304898,3.989183944,0,0,0,0,0
2006-03-09 00:00:00,0.059017618,0.036765394,0.492126592,5.382153762,4.363234821,0,0,0,0,0
2006-03-10 00:00:00,0.061244623,0.039496659,0.529167129,5.47671951,4.471207909,0,0,0,0,0
2006-03-11 00:00:00,0.057431535,0.03399006,0.443968986,5.459771583,4.086281451,0,0,0,0,0
2006-03-12 00:00:00,0.054966144,0.029535102,0.368773486,5.311736003,3.736440324,0,0,0,0,0
2006-03-13 00:00:00,0.057760808,0.032856777,0.434091284,5.03728811,4.117150797,0,0,0,0,0
2006-03-14 00:00:00,0.05288914,0.024461141,0.27346706,5.141622485,3.240089241,0,0,0,0,0
2006-03-15 00:00:00,0.052020467,0.022459109,0.236825687,5.122265483,3.045448397,0,0,0,0,0
2006-03-16 00:00:00,0.054515183,0.025520416,0.296469736,4.936054388,3.38063001,0,0,0,0,0
2006-03-17 00:00:00,0.053556089,0.023056749,0.246772767,4.936618462,3.095974836,0,0,0,0,0
2006-03-18 00:00:00,0.05291946,0.021242604,0.21074363,4.945832529,2.887807287,0,0,0,0,0
2006-03-19 00:00:00,0.052514267,0.019610186,0.175766783,4.959753091,2.673083638,0,0,0,0,0
2006-03-20 00:00:00,0.053350588,0.021350954,0.222812567,4.881602027,2.988204532,0,0,0,0,0
2006-03-21 00:00:00,0.052696986,0.018592322,0.155749713,4.973023191,2.539638577,0,0,0,0,0
2006-03-22 00:00:00,0.052813069,0.01813392,0.146028834,5.00128832,2.466367193,0,0,0,0,0
2006-03-23 00:00:00,0.053096871,0.017923771,0.141278649,5.017990019,2.421477914,0,0,0,0,0
2006-03-24 00:00:00,0.053429738,0.017989925,0.143678831,5.035473481,2.422247757,0,0,0,0,0
2006-03-25 00:00:00,0.053627753,0.017912827,0.143442418,5.075953361,2.405364356,0,0,0,0,0
2006-03-26 00:00:00,0.053815107,0.017830188,0.143128848,5.121404064,2.387033784,0,0,0,0,0
2006-03-27 00:00:00,0.05402362,0.017775728,0.143259608,5.166268451,2.370450814,0,0,0,0,0
2006-03-28 00:00:00,0.054275022,0.017816142,0.145733866,5.204124162,2.369979693,0,0,0,0,0
2006-03-29 00:00:00,0.054443739,0.017787227,0.147009459,5.258195688,2.360670678,0,0,0,0,0
2006-03-30 00:00:00,0.054740686,0.018026263,0.154660776,5.289283979,2.394152843,0,0,0,0,0
2006-03-31 00:00:00,0.055435581,0.018408233,0.161806088,5.2644548,2.41819088,0,0,0,0,0
2006-04-01 00:00:00,0.055628591,0.018412589,0.163677366,5.320533583,2.410128232,0,0,0,0,0
2006-04-02 00:00:00,0.058805809,0.023437847,0.267759799,4.997402015,3.023569012,0,0,0,0,0
2006-04-03 00:00:00,0.063693845,0.028043461,0.330467516,4.659673022,3.275271604,0,0,0,0,0
2006-04-04 00:00:00,0.064633502,0.029009329,0.342548248,4.73672761,3.278063197,0,0,0,0,0
2006-04-05 00:00:00,0.064662982,0.028512111,0.334448276,4.765539972,3.220986356,0,0,0,0,0
2006-04-06 00:00:00,0.065797053,0.0289525,0.339164433,4.655740181,3.236913484,0,0,0,0,0
2006-04-07 00:00:00,0.071809984,0.034195903,0.403689386,4.219718388,3.502187883,0,0,0,0,0
2006-04-08 00:00:00,0.071017825,0.032122961,0.365860212,4.30829904,3.279186314,0,0,0,0,0
2006-04-09 00:00:00,0.072278917,0.033829515,0.399227718,4.236117126,3.456298623,0,0,0,0,0
2006-04-10 00:00:00,0.070312981,0.028886875,0.310759586,4.309169623,2.991554901,0,0,0,0,0
2006-04-11 00:00:00,0.069891743,0.027649732,0.294729955,4.298738588,2.929707804,0,0,0,0,0
2006-04-12 00:00:00,0.070475677,0.026441691,0.265918342,4.25630638,2.753376615,0,0,0,0,0
2006-04-13 00:00:00,0.070573296,0.0258182,0.256734462,4.253513225,2.705849476,0,0,0,0,0
2006-04-14 00:00:00,0.070641954,0.024468988,0.228714369,4.288388017,2.530057691,0,0,0,0,0
2006-04-15 00:00:00,0.070854069,0.023936263,0.218830102,4.312901936,2.461337327,0,0,0,0,0
2006-04-16 00:00:00,0.075541688,0.03262348,0.383287597,3.945225697,3.376647528,0,0,0,0,0
2006-04-17 00:00:00,0.075785147,0.029771592,0.313317143,4.061707353,2.905601369,0,0,0,0,0
2006-04-18 00:00:00,0.076766867,0.03172325,0.352527007,4.037110963,3.107868521,0,0,0,0,0
2006-04-19 00:00:00,0.076654021,0.030573147,0.333005408,4.063058847,2.996358855,0,0,0,0,0
2006-04-20 00:00:00,0.075743008,0.027720734,0.281585702,4.170634836,2.701405993,0,0,0,0,0
2006-04-21 00:00:00,0.075642458,0.028306326,0.303478239,4.156525761,2.8523768,0,0,0,0,0
2006-04-22 00:00:00,0.075379203,0.026252827,0.262213382,4.256950337,2.589919584,0,0,0,0,0
2006-04-23 00:00:00,0.075182515,0.02614051,0.266962257,4.291295795,2.623986417,0,0,0,0,0
2006-04-24 00:00:00,0.075078717,0.025560289,0.258763053,4.352900713,2.565326943,0,0,0,0,0
2006-04-25 00:00:00,0.075313323,0.02510692,0.249784572,4.403079166,2.489576737,0,0,0,0,0
2006-04-26 00:00:00,0.075337334,0.02454511,0.239411005,4.494748663,2.39677782,0,0,0,0,0
2006-04-27 00:00:00,0.075312445,0.024167044,0.234012764,4.58211719,2.337865278,0,0,0,0,0
2006-04-28 00:00:00,0.075267926,0.024000205,0.234208769,4.653643508,2.320246123,0,0,0,0,0
2006-04-29 00:00:00,0.075838367,0.025021527,0.257951091,4.604269744,2.45985397,0,0,0,0,0
2006-04-30 00:00:00,0.08214772,0.031731809,0.356648973,4.046244845,2.974389256,0,0,0,0,0
2006-05-01 00:00:00,0.083329622,0.033715151,0.386167456,4.11128325,3.060731912,0,0,0,0,0
2006-05-02 00:00:00,0.084567018,0.035392626,0.411908433,4.102470009,3.159946943,0,0,0,0,0
2006-05-03 00:00:00,0.084058037,0.033775495,0.387932135,4.151266741,3.033160944,0,0,0,0,0
2006-05-04 00:00:00,0.083367771,0.032546907,0.375265091,4.180948632,2.988399579,0,0,0,0,0
2006-05-05 00:00:00,0.082403506,0.029489302,0.323001192,4.315692636,2.686676862,0,0,0,0,0
2006-05-06 00:00:00,0.082073673,0.028304366,0.304983856,4.383846837,2.579025569,0,0,0,0,0
2006-05-07 00:00:00,0.08188438,0.027448443,0.292201858,4.450902166,2.494611308,0,0,0,0,0
2006-05-08 00:00:00,0.081826206,0.026813351,0.28253764,4.516771237,2.421915565,0,0,0,0,0
2006-05-09 00:00:00,0.083008414,0.027635523,0.295210042,4.430837589,2.483653657,0,0,0,0,0
2006-05-10 00:00:00,0.083439347,0.027446459,0.291278921,4.448206091,2.441008471,0,0,0,0,0
2006-05-11 00:00:00,0.085643572,0.029612711,0.324154455,4.256576701,2.616625065,0,0,0,0,0
2006-05-12 00:00:00,0.087673331,0.031425503,0.348636397,4.131624326,2.724048978,0,0,0,0,0
2006-05-13 00:00:00,0.089045089,0.033130548,0.374918706,4.069365749,2.841735544,0,0,0,0,0
2006-05-14 00:00:00,0.09016664,0.033842457,0.383376488,4.027858628,2.863939118,0,0,0,0,0
2006-05-15 00:00:00,0.090649272,0.033507537,0.376539834,4.02882482,2.810620162,0,0,0,0,0
2006-05-16 00:00:00,0.091511113,0.033545911,0.374870891,3.987229235,2.790502814,0,0,0,0,0
2006-05-17 00:00:00,0.092461494,0.035228069,0.405709633,3.896563019,2.967124284,0,0,0,0,0
2006-05-18 00:00:00,0.092342894,0.032981654,0.364888094,3.986209695,2.711573473,0,0,0,0,0
2006-05-19 00:00:00,0.092250362,0.032524116,0.360962275,4.00361368,2.691241774,0,0,0,0,0
2006-05-20 00:00:00,0.092191625,0.031851462,0.351863722,4.03576691,2.633908929,0,0,0,0,0
2006-05-21 00:00:00,0.092092795,0.030932312,0.337459998,4.092311105,2.536775877,0,0,0,0,0
2006-05-22 00:00:00,0.092119991,0.029980447,0.320528185,4.166904668,2.410133261,0,0,0,0,0
2006-05-23 00:00:00,0.09196746,0.029510063,0.315157331,4.223741756,2.363098253,0,0,0,0,0
2006-05-24 00:00:00,0.093864941,0.033115596,0.378343741,3.970304394,2.752176098,0,0,0,0,0
2006-05-25 00:00:00,0.096912962,0.035100118,0.397543259,3.777645449,2.828504933,0,0,0,0,0
2006-05-26 00:00:00,0.097698513,0.035973474,0.408435557,3.801559601,2.840126757,0,0,0,0,0
2006-05-27 00:00:00,0.097777938,0.036520136,0.421211033,3.800274972,2.907101657,0,0,0,0,0
2006-05-28 00:00:00,0.097391095,0.034552027,0.38912277,3.894232534,2.704178633,0,0,0,0,0
2006-05-29 00:00:00,0.096758405,0.033212821,0.371450287,3.970759758,2.598052048,0,0,0,0,0
2006-05-30 00:00:00,0.09749477,0.033225398,0.369616745,3.939567002,2.575133428,0,0,0,0,0
2006-05-31 00:00:00,0.09750518,0.033747474,0.383052645,3.920430163,2.657660712,0,0,0,0,0
2006-06-01 00:00:00,0.096213279,0.035118988,0.423847596,3.883573138,2.953125879,0,0,0,0,0
2006-06-02 00:00:00,0.09605674,0.032193418,0.368319512,4.092241549,2.549642701,0,0,0,0,0
2006-06-03 00:00:00,0.094935937,0.033185076,0.401246049,4.025979394,2.814905461,0,0,0,0,0
2006-06-04 00:00:00,0.095200454,0.031086597,0.357893969,4.213212366,2.46706281,0,0,0,0,0
2006-06-05 00:00:00,0.094851894,0.030299887,0.346466484,4.313691248,2.366028957,0,0,0,0,0
2006-06-06 00:00:00,0.094294327,0.031060932,0.36959401,4.253521636,2.548920641,0,0,0,0,0
2006-06-07 00:00:00,0.09306511,0.031394398,0.389342811,4.223014013,2.731363577,0,0,0,0,0
2006-06-08 00:00:00,0.093712835,0.02951616,0.345517321,4.477213759,2.320796129,0,0,0,0,0
2006-06-09 00:00:00,0.092569218,0.030397359,0.375175264,4.420013521,2.56517816,0,0,0,0,0
2006-06-10 00:00:00,0.094547325,0.031697896,0.387711142,4.299845117,2.595270645,0,0,0,0,0
2006-06-11 00:00:00,0.093997555,0.031009865,0.379450425,4.408006564,2.514005517,0,0,0,0,0
2006-06-12 00:00:00,0.093324592,0.030804116,0.381360356,4.49550449,2.504815153,0,0,0,0,0
2006-06-13 00:00:00,0.092583041,0.030800079,0.388027976,4.558611718,2.53866774,0,0,0,0,0
2006-06-14 00:00:00,0.092169124,0.031208913,0.401070226,4.547069885,2.63145046,0,0,0,0,0
2006-06-15 00:00:00,0.090980036,0.031809182,0.424666442,4.494539937,2.843816465,0,0,0,0,0
2006-06-16 00:00:00,0.090891046,0.029655864,0.3828468,4.751781481,2.477119113,0,0,0,0,0
2006-06-17 00:00:00,0.089961749,0.029560945,0.389224366,4.812510553,2.52211168,0,0,0,0,0
2006-06-18 00:00:00,0.088467329,0.034758983,0.506189373,4.318512955,3.497013153,0,0,0,0,0
2006-06-19 00:00:00,0.089467331,0.030565689,0.415712988,4.750480532,2.711402671,0,0,0,0,0
2006-06-20 00:00:00,0.088853542,0.029415634,0.397973316,4.932240396,2.543309991,0,0,0,0,0
2006-06-21 00:00:00,0.088380403,0.030563598,0.425698045,4.824089544,2.770158666,0,0,0,0,0
2006-06-22 00:00:00,0.086307099,0.031965145,0.471435354,4.668367395,3.211258258,0,0,0,0,0
2006-06-23 00:00:00,0.08689293,0.028554443,0.398587773,5.132056007,2.524453547,0,0,0,0,0
2006-06-24 00:00:00,0.086039579,0.028216204,0.398994176,5.219354155,2.520594769,0,0,0,0,0
2006-06-25 00:00:00,0.090185843,0.029606661,0.399609456,4.783334942,2.508451269,0,0,0,0,0
2006-06-26 00:00:00,0.093514083,0.031986453,0.423357918,4.403897477,2.662968373,0,0,0,0,0
2006-06-27 00:00:00,0.092452487,0.032945324,0.448633478,4.412052497,2.84199316,0,0,0,0,0
2006-06-28 00:00:00,0.091626034,0.03546475,0.502299477,4.249455589,3.264374825,0,0,0,0,0
2006-06-29 00:00:00,0.091817165,0.032974083,0.455431383,4.407485228,2.891754243,0,0,0,0,0
2006-06-30 00:00:00,0.090449124,0.033781803,0.482810652,4.295316252,3.167399527,0,0,0,0,0
2006-07-01 00:00:00,0.090744308,0.030723691,0.423565816,4.538857653,2.669815269,0,0,0,0,0
2006-07-02 00:00:00,0.090328271,0.030088379,0.415525046,4.569733686,2.615958422,0,0,0,0,0
2006-07-03 00:00:00,0.088481545,0.030336528,0.435012227,4.516031206,2.843352221,0,0,0,0,0
2006-07-04 00:00:00,0.087669846,0.029534612,0.425884917,4.594420789,2.779503089,0,0,0,0,0
2006-07-05 00:00:00,0.086830062,0.028875959,0.419418727,4.666260851,2.736090074,0,0,0,0,0
2006-07-06 00:00:00,0.085944028,0.028233671,0.413369694,4.745684234,2.693892611,0,0,0,0,0
2006-07-07 00:00:00,0.085883945,0.027284386,0.394484,4.926204648,2.472990655,0,0,0,0,0
2006-07-08 00:00:00,0.084039889,0.027221712,0.40701632,4.903115377,2.651336112,0,0,0,0,0
2006-07-09 00:00:00,0.084981357,0.026704389,0.389132117,5.078938185,2.373429309,0,0,0,0,0
2006-07-10 00:00:00,0.084554789,0.026307039,0.384119901,5.152441214,2.310738325,0,0,0,0,0
2006-07-11 00:00:00,0.08819504,0.031243669,0.453778097,4.415921625,2.890303829,0,0,0,0,0
2006-07-12 00:00:00,0.089607529,0.030602006,0.432360377,4.383070632,2.688065021,0,0,0,0,0
2006-07-13 00:00:00,0.08796721,0.032026424,0.469632798,4.300036089,3.025890767,0,0,0,0,0
2006-07-14 00:00:00,0.087197988,0.032501598,0.483366198,4.264490604,3.151685557,0,0,0,0,0
2006-07-15 00:00:00,0.086447123,0.032027737,0.479566405,4.303314145,3.130759814,0,0,0,0,0
2006-07-16 00:00:00,0.085221533,0.030793716,0.465439019,4.399886431,3.042422451,0,0,0,0,0
2006-07-17 00:00:00,0.083990902,0.02936938,0.447374496,4.526024716,2.915271691,0,0,0,0,0
2006-07-18 00:00:00,0.084040886,0.026963975,0.400048997,4.845040865,2.427299168,0,0,0,0,0
2006-07-19 00:00:00,0.083076619,0.02745979,0.415800847,4.778711203,2.594642704,0,0,0,0,0
2006-07-20 00:00:00,0.084992696,0.032808475,0.501013879,4.155199021,3.331776223,0,0,0,0,0
2006-07-21 00:00:00,0.084519515,0.028744703,0.427952701,4.574174783,2.651351706,0,0,0,0,0
2006-07-22 00:00:00,0.08277022,0.031275032,0.48578618,4.369314873,3.205398137,0,0,0,0,0
2006-07-23 00:00:00,0.08156396,0.031486893,0.49681595,4.388566057,3.314849396,0,0,0,0,0
2006-07-24 00:00:00,0.081547141,0.02899675,0.449386178,4.647008341,2.853146695,0,0,0,0,0
2006-07-25 00:00:00,0.080641298,0.027550781,0.428141816,4.789456851,2.6722945,0,0,0,0,0
2006-07-26 00:00:00,0.080343367,0.02721193,0.423065337,4.791902928,2.632792481,0,0,0,0,0
2006-07-27 00:00:00,0.080894797,0.029970504,0.46751858,4.537896024,3.001241737,0,0,0,0,0
2006-07-28 00:00:00,0.080087284,0.029948131,0.472939666,4.457965152,3.105946174,0,0,0,0,0
2006-07-29 00:00:00,0.078496499,0.028988784,0.465134205,4.584050127,3.06157991,0,0,0,0,0
2006-07-30 00:00:00,0.077201927,0.028220421,0.459642487,4.611390162,3.069187645,0,0,0,0,0
2006-07-31 00:00:00,0.076756476,0.025804119,0.415708607,4.90787137,2.624086538,0,0,0,0,0
2006-08-01 00:00:00,0.075742971,0.030536129,0.509096748,4.418089399,3.548926202,0,0,0,0,0
2006-08-02 00:00:00,0.074920442,0.026840269,0.446164249,4.699481735,3.008641826,0,0,0,0,0
2006-08-03 00:00:00,0.073320434,0.025516078,0.431018318,4.862549111,2.903144133,0,0,0,0,0
2006-08-04 00:00:00,0.073149719,0.023353526,0.38819841,5.240041783,2.399083508,0,0,0,0,0
2006-08-05 00:00:00,0.072081992,0.022649672,0.380241839,5.370128124,2.324062942,0,0,0,0,0
2006-08-06 00:00:00,0.07281807,0.027219286,0.461440124,4.599902328,3.207155235,0,0,0,0,0
2006-08-07 00:00:00,0.071877354,0.025437465,0.432758146,4.805886917,2.939364411,0,0,0,0,0
2006-08-08 00:00:00,0.071249807,0.023346715,0.394487784,5.174716903,2.495570733,0,0,0,0,0
2006-08-09 00:00:00,0.069214046,0.02412332,0.422543096,5.048931173,2.876701434,0,0,0,0,0
2006-08-10 00:00:00,0.068104535,0.023731416,0.421077153,5.100207619,2.894775888,0,0,0,0,0
2006-08-11 00:00:00,0.066903595,0.023103555,0.415470762,5.204320573,2.864814722,0,0,0,0,0
2006-08-12 00:00:00,0.066730972,0.021476035,0.382137291,5.539498069,2.440482901,0,0,0,0,0
2006-08-13 00:00:00,0.064402861,0.022044838,0.40861823,5.393452012,2.859861219,0,0,0,0,0
2006-08-14 00:00:00,0.063107482,0.021679563,0.408679,5.461647064,2.903005111,0,0,0,0,0
2006-08-15 00:00:00,0.061661085,0.021127896,0.406056712,5.574018274,2.920822339,0,0,0,0,0
2006-08-16 00:00:00,0.061830894,0.019513317,0.369218108,6.049390661,2.374654128,0,0,0,0,0
2006-08-17 00:00:00,0.061084175,0.01927556,0.367506838,6.122488099,2.359656745,0,0,0,0,0
2006-08-18 00:00:00,0.059202747,0.021608242,0.426799798,5.557091418,3.206924227,0,0,0,0,0
2006-08-19 00:00:00,0.058535884,0.020937451,0.415954408,5.672197325,3.101324307,0,0,0,0,0
2006-08-20 00:00:00,0.058333293,0.019076854,0.376629352,6.197059982,2.544506832,0,0,0,0,0
2006-08-21 00:00:00,0.055444497,0.019805061,0.411231191,5.966508383,3.155765533,0,0,0,0,0
2006-08-22 00:00:00,0.055753413,0.017944721,0.367331417,6.599266415,2.470287792,0,0,0,0,0
2006-08-23 00:00:00,0.055914065,0.019234337,0.389812727,6.292123524,2.739017928,0,0,0,0,0
2006-08-24 00:00:00,0.065571678,0.026189244,0.448502072,4.663587674,3.164466403,0,0,0,0,0
2006-08-25 00:00:00,0.07136341,0.033508538,0.529798763,4.08965641,3.689022311,0,0,0,0,0
2006-08-26 00:00:00,0.076128734,0.042643852,0.643701932,3.796636213,4.427070756,0,0,0,0,0
2006-08-27 00:00:00,0.072973947,0.037671592,0.581608104,3.935357605,4.047122118,0,0,0,0,0
2006-08-28 00:00:00,0.069935041,0.033214801,0.528186504,4.013015275,3.759088454,0,0,0,0,0
2006-08-29 00:00:00,0.067170943,0.029101697,0.47536228,4.156221948,3.429812562,0,0,0,0,0
2006-08-30 00:00:00,0.064846968,0.025929838,0.433832576,4.308464895,3.160090331,0,0,0,0,0
2006-08-31 00:00:00,0.063019568,0.023416497,0.398718933,4.45657296,2.911639077,0,0,0,0,0
2006-09-01 00:00:00,0.061629578,0.021723977,0.374334535,4.576422257,2.734427247,0,0,0,0,0
2006-09-02 00:00:00,0.060679487,0.019658628,0.337458798,4.796218644,2.369127426,0,0,0,0,0
2006-09-03 00:00:00,0.060063633,0.019521634,0.336204404,4.79481751,2.383463423,0,0,0,0,0
2006-09-04 00:00:00,0.060804827,0.02163739,0.368963436,4.505888745,2.724506211,0,0,0,0,0
2006-09-05 00:00:00,0.059364317,0.021089342,0.366316227,4.59006582,2.747700899,0,0,0,0,0
2006-09-06 00:00:00,0.058092364,0.020421202,0.359441224,4.701099764,2.711315243,0,0,0,0,0
2006-09-07 00:00:00,0.056823808,0.019837834,0.354462057,4.786325047,2.707367912,0,0,0,0,0
2006-09-08 00:00:00,0.055721982,0.019194571,0.346800053,4.875300903,2.667732412,0,0,0,0,0
2006-09-09 00:00:00,0.054925503,0.017598066,0.315958612,5.121373886,2.325235633,0,0,0,0,0
2006-09-10 00:00:00,0.054312066,0.018043166,0.3262501,5.098620773,2.454654512,0,0,0,0,0
2006-09-11 00:00:00,0.056897501,0.022794747,0.395795969,4.563794431,3.091917381,0,0,0,0,0
2006-09-12 00:00:00,0.066343105,0.034750217,0.529860514,3.863707473,3.910665907,0,0,0,0,0
2006-09-13 00:00:00,0.066451472,0.035113095,0.526589146,3.98011017,3.818926615,0,0,0,0,0
2006-09-14 00:00:00,0.067203043,0.038240849,0.577902218,3.808798829,4.279032353,0,0,0,0,0
2006-09-15 00:00:00,0.059795343,0.026262004,0.417886734,4.249605676,3.176055056,0,0,0,0,0
2006-09-16 00:00:00,0.057651372,0.024353023,0.399606634,4.284063797,3.140091203,0,0,0,0,0
2006-09-17 00:00:00,0.056085904,0.022801282,0.381377801,4.305311251,3.074398292,0,0,0,0,0
2006-09-18 00:00:00,0.054275083,0.020414897,0.346871849,4.420576311,2.84079854,0,0,0,0,0
2006-09-19 00:00:00,0.052865446,0.018270712,0.311403911,4.575908527,2.547751676,0,0,0,0,0
2006-09-20 00:00:00,0.051854639,0.016832577,0.285666454,4.712542817,2.317331957,0,0,0,0,0
2006-09-21 00:00:00,0.051043214,0.016421201,0.279799323,4.764317009,2.291997474,0,0,0,0,0
2006-09-22 00:00:00,0.050426502,0.016216381,0.276726453,4.784933601,2.29174727,0,0,0,0,0
2006-09-23 00:00:00,0.049991456,0.016818557,0.289634875,4.723163578,2.463098876,0,0,0,0,0
2006-09-24 00:00:00,0.04924982,0.016449571,0.284072275,4.773750612,2.438533602,0,0,0,0,0
2006-09-25 00:00:00,0.048203156,0.015588178,0.269742373,4.930170207,2.308551733,0,0,0,0,0
2006-09-26 00:00:00,0.047231243,0.015564728,0.273881718,4.977943258,2.399770882,0,0,0,0,0
2006-09-27 00:00:00,0.046391556,0.015542502,0.277135638,5.00098457,2.48589434,0,0,0,0,0
2006-09-28 00:00:00,0.045586751,0.014499865,0.255856402,5.188749356,2.25878817,0,0,0,0,0
2006-09-29 00:00:00,0.044721946,0.014198841,0.252395714,5.284394954,2.252463199,0,0,0,0,0
2006-09-30 00:00:00,0.043896949,0.013945016,0.249814851,5.369934014,2.257899492,0,0,0,0,0
2006-10-01 00:00:00,0.042993366,0.013693004,0.248037753,5.47058667,2.275258963,0,0,0,0,0
2006-10-02 00:00:00,0.042090895,0.013326707,0.243427701,5.593613407,2.257819836,0,0,0,0,0
2006-10-03 00:00:00,0.041381699,0.013042131,0.239070333,5.676208166,2.243235192,0,0,0,0,0
2006-10-04 00:00:00,0.042032992,0.014141159,0.255304504,5.399273229,2.44617549,0,0,0,0,0
2006-10-05 00:00:00,0.041137369,0.013593582,0.247083742,5.494199053,2.408927173,0,0,0,0,0
2006-10-06 00:00:00,0.040299387,0.012959092,0.235030374,5.670328692,2.292697939,0,0,0,0,0
2006-10-07 00:00:00,0.039544377,0.012747465,0.232939814,5.768836223,2.304118667,0,0,0,0,0
2006-10-08 00:00:00,0.038765103,0.012839285,0.239185161,5.803115216,2.433113404,0,0,0,0,0
2006-10-09 00:00:00,0.038087393,0.012147239,0.223875565,5.98310406,2.271694739,0,0,0,0,0
2006-10-10 00:00:00,0.03774299,0.013643739,0.262239295,5.74206709,2.798958544,0,0,0,0,0
2006-10-11 00:00:00,0.038364225,0.014701348,0.277483802,5.561685787,2.953413092,0,0,0,0,0
2006-10-12 00:00:00,0.037598225,0.01411464,0.266750141,5.695614561,2.871535986,0,0,0,0,0
2006-10-13 00:00:00,0.036982249,0.014051521,0.267554088,5.777165787,2.915798353,0,0,0,0,0
2006-10-14 00:00:00,0.03615047,0.01262348,0.234958707,6.055095166,2.559493633,0,0,0,0,0
2006-10-15 00:00:00,0.035470606,0.011894367,0.218794465,6.226601276,2.40082143,0,0,0,0,0
2006-10-16 00:00:00,0.03556228,0.012764506,0.235531006,6.142118972,2.599069421,0,0,0,0,0
2006-10-17 00:00:00,0.037752483,0.015112715,0.265044963,5.654892345,2.85436393,0,0,0,0,0
2006-10-18 00:00:00,0.040030518,0.020191735,0.360798393,5.263026059,3.772903007,0,0,0,0,0
2006-10-19 00:00:00,0.037694453,0.015749463,0.271341161,5.676061146,2.928494381,0,0,0,0,0
2006-10-20 00:00:00,0.036929829,0.015060811,0.259271882,5.756637911,2.855472853,0,0,0,0,0
2006-10-21 00:00:00,0.041192936,0.02181278,0.372430509,5.141871759,3.843495264,0,0,0,0,0
2006-10-22 00:00:00,0.041004482,0.021099779,0.352061242,5.149290709,3.654921959,0,0,0,0,0
2006-10-23 00:00:00,0.041422503,0.022590423,0.381310821,5.093383863,3.9464366,0,0,0,0,0
2006-10-24 00:00:00,0.040114394,0.021026071,0.356019938,5.182127577,3.784269208,0,0,0,0,0
2006-10-25 00:00:00,0.038627521,0.019151211,0.325055055,5.276586098,3.578958427,0,0,0,0,0
2006-10-26 00:00:00,0.037240949,0.017325741,0.293020235,5.377455219,3.352355754,0,0,0,0,0
2006-10-27 00:00:00,0.036379028,0.016472388,0.279530558,5.410055647,3.294073959,0,0,0,0,0
2006-10-28 00:00:00,0.035255453,0.015189948,0.257178133,5.504318222,3.149067098,0,0,0,0,0
2006-10-29 00:00:00,0.034116136,0.013737072,0.229330062,5.630208937,2.937658185,0,0,0,0,0
2006-10-30 00:00:00,0.033416778,0.013208597,0.220858609,5.685381866,2.913414819,0,0,0,0,0
2006-10-31 00:00:00,0.032658965,0.012433803,0.205485914,5.78078613,2.80859753,0,0,0,0,0
2006-11-01 00:00:00,0.032062211,0.011955737,0.196113434,5.856925532,2.758186155,0,0,0,0,0
2006-11-02 00:00:00,0.031482249,0.011498365,0.18665839,5.944608508,2.701801269,0,0,0,0,0
2006-11-03 00:00:00,0.030989246,0.011231751,0.18157196,6.019457664,2.688529518,0,0,0,0,0
2006-11-04 00:00:00,0.03047128,0.010800506,0.171584701,6.128374781,2.613661597,0,0,0,0,0
2006-11-05 00:00:00,0.030050747,0.010745072,0.171768352,6.191334754,2.656165525,0,0,0,0,0
2006-11-06 00:00:00,0.029556315,0.010456418,0.1657797,6.29382123,2.627327892,0,0,0,0,0
2006-11-07 00:00:00,0.029169268,0.010523621,0.169640122,6.344619893,2.713759202,0,0,0,0,0
2006-11-08 00:00:00,0.028604855,0.009299339,0.133375634,6.631766553,2.294590235,0,0,0,0,0
2006-11-09 00:00:00,0.028195942,0.009173371,0.130969401,6.73101935,2.29959715,0,0,0,0,0
2006-11-10 00:00:00,0.031555818,0.01551642,0.273203605,5.96713823,3.721556649,0,0,0,0,0
2006-11-11 00:00:00,0.030592931,0.013194527,0.213524537,6.077947455,3.151383394,0,0,0,0,0
2006-11-12 00:00:00,0.031180372,0.014658075,0.243480201,6.105286079,3.418362595,0,0,0,0,0
2006-11-13 00:00:00,0.031827302,0.015836785,0.263595422,6.117794469,3.576513957,0,0,0,0,0
2006-11-14 00:00:00,0.031861214,0.016230322,0.271453823,6.149087199,3.664228167,0,0,0,0,0
2006-11-15 00:00:00,0.031293431,0.015756509,0.263697692,6.214306365,3.637889098,0,0,0,0,0
2006-11-16 00:00:00,0.03045037,0.01484271,0.246740038,6.309392076,3.534171598,0,0,0,0,0
2006-11-17 00:00:00,0.029611761,0.013936415,0.229651509,6.41403156,3.427556428,0,0,0,0,0
2006-11-18 00:00:00,0.028902633,0.013233889,0.216390552,6.510630557,3.351872046,0,0,0,0,0
2006-11-19 00:00:00,0.028279049,0.012645107,0.205122691,6.604321503,3.290643551,0,0,0,0,0
2006-11-20 00:00:00,0.027733156,0.012159533,0.195668032,6.693507398,3.242742099,0,0,0,0,0
2006-11-21 00:00:00,0.027247021,0.01175231,0.18763743,6.778927932,3.205685626,0,0,0,0,0
2006-11-22 00:00:00,0.026793719,0.011378899,0.180005348,6.865636222,3.169214907,0,0,0,0,0
2006-11-23 00:00:00,0.02641042,0.011104271,0.174337017,6.945388047,3.148831226,0,0,0,0,0
2006-11-24 00:00:00,0.026070808,0.010882719,0.169771872,7.022526263,3.136884614,0,0,0,0,0
2006-11-25 00:00:00,0.025030998,0.008594117,0.101763629,7.402949947,2.41074344,0,0,0,0,0
2006-11-26 00:00:00,0.025206471,0.009099905,0.113037258,7.375021506,2.538745714,0,0,0,0,0
2006-11-27 00:00:00,0.027326792,0.011531631,0.156727297,6.856509626,2.915230631,0,0,0,0,0
2006-11-28 00:00:00,0.031388976,0.015769878,0.219858935,6.222415814,3.339341093,0,0,0,0,0
2006-11-29 00:00:00,0.038567541,0.025780848,0.400117115,6.104919734,4.593929377,0,0,0,0,0
2006-11-30 00:00:00,0.041464275,0.029539749,0.461225396,6.059832338,4.988035043,0,0,0,0,0
2006-12-01 00:00:00,0.038945138,0.026314143,0.406571566,6.112432369,4.651060709,0,0,0,0,0
2006-12-02 00:00:00,0.035827299,0.02230553,0.339107221,6.134964919,4.246503723,0,0,0,0,0
2006-12-03 00:00:00,0.033056269,0.018730585,0.276711068,6.174315648,3.863716743,0,0,0,0,0
2006-12-04 00:00:00,0.02860612,0.012075915,0.136133178,6.329185972,2.796348477,0,0,0,0,0
2006-12-05 00:00:00,0.027845268,0.011071152,0.115312341,6.340880337,2.666768779,0,0,0,0,0
2006-12-06 00:00:00,0.027849958,0.011338891,0.123977807,6.313466355,2.784104936,0,0,0,0,0
2006-12-07 00:00:00,0.026950405,0.009892874,0.088258771,6.357882741,2.501796908,0,0,0,0,0
2006-12-08 00:00:00,0.026678259,0.009565062,0.079935352,6.371322283,2.455515898,0,0,0,0,0
2006-12-09 00:00:00,0.026940261,0.009985209,0.088048512,6.331112218,2.541319525,0,0,0,0,0
2006-12-10 00:00:00,0.026805,0.009818927,0.082669819,6.340279763,2.512076962,0,0,0,0,0
2006-12-11 00:00:00,0.026497248,0.009422446,0.072126435,6.37506347,2.440074319,0,0,0,0,0
2006-12-12 00:00:00,0.026439462,0.009408489,0.070653597,6.389662,2.442969969,0,0,0,0,0
2006-12-13 00:00:00,0.026263385,0.009264692,0.066572367,6.431035437,2.424290199,0,0,0,0,0
2006-12-14 00:00:00,0.026101531,0.009169724,0.063871415,6.479076498,2.416799062,0,0,0,0,0
2006-12-15 00:00:00,0.025927985,0.009057962,0.06089308,6.533136009,2.406644117,0,0,0,0,0
2006-12-16 00:00:00,0.025750537,0.008947529,0.058085698,6.591530096,2.39759752,0,0,0,0,0
2006-12-17 00:00:00,0.025605691,0.008898857,0.056956145,6.650563268,2.403221009,0,0,0,0,0
2006-12-18 00:00:00,0.025412874,0.008764577,0.053489658,6.719024862,2.386632354,0,0,0,0,0
2006-12-19 00:00:00,0.025254751,0.008686774,0.051627114,6.786054213,2.384051595,0,0,0,0,0
2006-12-20 00:00:00,0.025324501,0.008943147,0.057975336,6.827243552,2.44940611,0,0,0,0,0
2006-12-21 00:00:00,0.028399581,0.012509618,0.128197213,6.408492791,2.974783226,0,0,0,0,0
2006-12-22 00:00:00,0.030702796,0.015323321,0.179118943,6.320960654,3.305490483,0,0,0,0,0
2006-12-23 00:00:00,0.030989036,0.015369884,0.169278555,6.357566023,3.18127453,0,0,0,0,0
2006-12-24 00:00:00,0.031456976,0.016076511,0.183134799,6.399695182,3.28055092,0,0,0,0,0
2006-12-25 00:00:00,0.030611761,0.014910265,0.159843249,6.391391454,3.138608307,0,0,0,0,0
2006-12-26 00:00:00,0.029357207,0.013163037,0.124175089,6.378510818,2.91248427,0,0,0,0,0
2006-12-27 00:00:00,0.028522608,0.012049065,0.102002623,6.384426268,2.780270111,0,0,0,0,0
2006-12-28 00:00:00,0.027889737,0.011204027,0.084516869,6.399184719,2.675043182,0,0,0,0,0
2006-12-29 00:00:00,0.027427854,0.010573257,0.070906757,6.417556263,2.592255052,0,0,0,0,0
2006-12-30 00:00:00,0.027192984,0.010203819,0.062013941,6.418587683,2.539401384,0,0,0,0,0
2006-12-31 00:00:00,0.029073889,0.013107707,0.133876835,6.342058176,3.117347449,0,0,0,0,0
2007-01-01 00:00:00,0.027609391,0.010495443,0.06462756,6.346029379,2.569870337,0,0,0,0,0
2007-01-02 00:00:00,0.027512803,0.010345034,0.060581462,6.372653036,2.545693931,0,0,0,0,0
2007-01-03 00:00:00,0.027426198,0.01020558,0.05684136,6.393533854,2.524871043,0,0,0,0,0
2007-01-04 00:00:00,0.028619456,0.011734348,0.089927612,6.329376584,2.768437827,0,0,0,0,0
2007-01-05 00:00:00,0.029653676,0.012575698,0.100532232,6.174700199,2.825058597,0,0,0,0,0
2007-01-06 00:00:00,0.029633302,0.012505124,0.096815454,6.225606314,2.788301689,0,0,0,0,0
2007-01-07 00:00:00,0.029609299,0.012413832,0.093892958,6.24348859,2.768737289,0,0,0,0,0
2007-01-08 00:00:00,0.031819805,0.016020901,0.183510177,6.307979369,3.440813574,0,0,0,0,0
2007-01-09 00:00:00,0.029227446,0.011737489,0.078678165,6.246716413,2.678022583,0,0,0,0,0
2007-01-10 00:00:00,0.028903547,0.011233186,0.06769277,6.255467869,2.610846919,0,0,0,0,0
2007-01-11 00:00:00,0.028682801,0.01088311,0.060109918,6.272102089,2.565746945,0,0,0,0,0
2007-01-12 00:00:00,0.028496212,0.010551048,0.052367671,6.284347171,2.517031471,0,0,0,0,0
2007-01-13 00:00:00,0.028276912,0.010171142,0.043296743,6.30955491,2.455742305,0,0,0,0,0
2007-01-14 00:00:00,0.027985131,0.009651073,0.029885638,6.339923241,2.35742337,0,0,0,0,0
2007-01-15 00:00:00,0.028082584,0.009757216,0.03278408,6.361233025,2.383829923,0,0,0,0,0
2007-01-16 00:00:00,0.028212424,0.009906255,0.036789551,6.380829524,2.417637881,0,0,0,0,0
2007-01-17 00:00:00,0.028192904,0.00982724,0.03482016,6.413610326,2.404245443,0,0,0,0,0
2007-01-18 00:00:00,0.028182674,0.009757174,0.033124002,6.449706724,2.3918917,0,0,0,0,0
2007-01-19 00:00:00,0.028219335,0.009763498,0.033448733,6.485702245,2.394497369,0,0,0,0,0
2007-01-20 00:00:00,0.028177729,0.009635144,0.030069312,6.527976151,2.367132963,0,0,0,0,0
2007-01-21 00:00:00,0.028000547,0.009281559,0.020297514,6.59202668,2.285931741,0,0,0,0,0
2007-01-22 00:00:00,0.028334495,0.009770802,0.034060091,6.604936703,2.394365169,0,0,0,0,0
2007-01-23 00:00:00,0.028384796,0.009792183,0.034798586,6.646671755,2.397479726,0,0,0,0,0
2007-01-24 00:00:00,0.028435697,0.009807283,0.035378525,6.689641875,2.398717049,0,0,0,0,0
2007-01-25 00:00:00,0.028506631,0.009842633,0.036565897,6.731372679,2.404188559,0,0,0,0,0
2007-01-26 00:00:00,0.028606554,0.009917046,0.038763602,6.770137513,2.416824904,0,0,0,0,0
2007-01-27 00:00:00,0.028654429,0.009899278,0.038315306,6.811640102,2.408499263,0,0,0,0,0
2007-01-28 00:00:00,0.028749468,0.009961031,0.040174441,6.852723333,2.417583051,0,0,0,0,0
2007-01-29 00:00:00,0.028744133,0.009831883,0.036730072,6.902632313,2.384449057,0,0,0,0,0
2007-01-30 00:00:00,0.028975614,0.010087908,0.043713533,6.924212145,2.432615056,0,0,0,0,0
2007-01-31 00:00:00,0.029096609,0.010151439,0.04551946,6.957998362,2.439877003,0,0,0,0,0
2007-02-01 00:00:00,0.029230476,0.010231794,0.047761677,6.990582904,2.450108602,0,0,0,0,0
2007-02-02 00:00:00,0.029355777,0.010286481,0.049235167,7.023491416,2.453998702,0,0,0,0,0
2007-02-03 00:00:00,0.02950027,0.010360485,0.051278352,7.052831902,2.461837031,0,0,0,0,0
2007-02-04 00:00:00,0.029651997,0.010436653,0.053233838,7.079247988,2.46858975,0,0,0,0,0
2007-02-05 00:00:00,0.029816908,0.01051514,0.055292526,7.103782335,2.475734556,0,0,0,0,0
2007-02-06 00:00:00,0.02989212,0.010452926,0.053511836,7.141247966,2.452933798,0,0,0,0,0
2007-02-07 00:00:00,0.030181044,0.010707816,0.060130593,7.144780252,2.494092311,0,0,0,0,0
2007-02-08 00:00:00,0.030628027,0.011471958,0.084059904,7.131746199,2.681954107,0,0,0,0,0
2007-02-09 00:00:00,0.030556795,0.010881296,0.064487232,7.182024742,2.507671066,0,0,0,0,0
2007-02-10 00:00:00,0.030757122,0.010972937,0.066778292,7.197099146,2.514824159,0,0,0,0,0
2007-02-11 00:00:00,0.030768815,0.010729783,0.059865748,7.239353852,2.451675196,0,0,0,0,0
2007-02-12 00:00:00,0.031140045,0.011109927,0.070093914,7.233234974,2.51818395,0,0,0,0,0
2007-02-13 00:00:00,0.031391543,0.011228527,0.072760565,7.232726598,2.527151634,0,0,0,0,0
2007-02-14 00:00:00,0.031645823,0.011358226,0.075927493,7.236573838,2.539593146,0,0,0,0,0
2007-02-15 00:00:00,0.031875393,0.011446802,0.078021604,7.243888765,2.543795248,0,0,0,0,0
2007-02-16 00:00:00,0.03210119,0.011518547,0.079612538,7.251485514,2.543928198,0,0,0,0,0
2007-02-17 00:00:00,0.032375818,0.011656236,0.082951772,7.250250811,2.556716957,0,0,0,0,0
2007-02-18 00:00:00,0.032640292,0.01180691,0.086906517,7.250387648,2.575356207,0,0,0,0,0
2007-02-19 00:00:00,0.03325995,0.012353966,0.099153577,7.186658774,2.646743614,0,0,0,0,0
2007-02-20 00:00:00,0.033500279,0.012276964,0.095865293,7.166103993,2.610424018,0,0,0,0,0
2007-02-21 00:00:00,0.034915434,0.013767185,0.12806234,6.960778675,2.812781301,0,0,0,0,0
2007-02-22 00:00:00,0.035143824,0.013363469,0.114379916,6.891962665,2.702134346,0,0,0,0,0
2007-02-23 00:00:00,0.034435182,0.011921634,0.07800556,7.067851434,2.424808293,0,0,0,0,0
2007-02-24 00:00:00,0.034725937,0.012022764,0.080027641,7.077477501,2.423209375,0,0,0,0,0
2007-02-25 00:00:00,0.036971263,0.01462539,0.137352098,6.735815803,2.796664201,0,0,0,0,0
2007-02-26 00:00:00,0.037471457,0.014579955,0.132265097,6.635086179,2.74598154,0,0,0,0,0
2007-02-27 00:00:00,0.037841804,0.014738438,0.135296517,6.620994632,2.751325218,0,0,0,0,0
2007-02-28 00:00:00,0.038205663,0.014830887,0.136528704,6.595216765,2.745843598,0,0,0,0,0
2007-03-01 00:00:00,0.040744513,0.017561925,0.189959647,6.282623816,3.058450059,0,0,0,0,0
2007-03-02 00:00:00,0.041068773,0.01707852,0.174030044,6.195825012,2.936498896,0,0,0,0,0
2007-03-03 00:00:00,0.041506895,0.017238982,0.175571154,6.185678458,2.923919771,0,0,0,0,0
2007-03-04 00:00:00,0.041760067,0.01708539,0.171369986,6.160939253,2.885343794,0,0,0,0,0
2007-03-05 00:00:00,0.041972164,0.016850441,0.165575417,6.13177327,2.839606737,0,0,0,0,0
2007-03-06 00:00:00,0.042104973,0.016483071,0.157207818,6.109260874,2.779234993,0,0,0,0,0
2007-03-07 00:00:00,0.042280296,0.016211721,0.151117019,6.089013799,2.733256982,0,0,0,0,0
2007-03-08 00:00:00,0.042419831,0.015911654,0.144549159,6.082291522,2.68348862,0,0,0,0,0
2007-03-09 00:00:00,0.044981417,0.01897707,0.206927669,5.819783812,3.050457139,0,0,0,0,0
2007-03-10 00:00:00,0.047615145,0.021314177,0.243302585,5.549577785,3.221379827,0,0,0,0,0
2007-03-11 00:00:00,0.052460875,0.026616834,0.327434774,5.26807785,3.605834853,0,0,0,0,0
2007-03-12 00:00:00,0.062704058,0.036567181,0.450650431,4.728069801,4.047960133,0,0,0,0,0
2007-03-13 00:00:00,0.066160189,0.039758355,0.479174725,4.698496789,4.069395701,0,0,0,0,0
2007-03-14 00:00:00,0.064360276,0.036419495,0.425041314,4.620374109,3.817005811,0,0,0,0,0
2007-03-15 00:00:00,0.059775435,0.029262492,0.314721457,4.535815024,3.335555597,0,0,0,0,0
2007-03-16 00:00:00,0.056869294,0.02421279,0.231550842,4.482272826,2.94925768,0,0,0,0,0
2007-03-17 00:00:00,0.055754,0.021449233,0.18125506,4.426411713,2.69639495,0,0,0,0,0
2007-03-18 00:00:00,0.055521647,0.01996202,0.151461619,4.381267552,2.533723309,0,0,0,0,0
2007-03-19 00:00:00,0.055630778,0.019131196,0.133687332,4.356786851,2.427138125,0,0,0,0,0
2007-03-20 00:00:00,0.0559123,0.01873726,0.124866946,4.349158492,2.365745692,0,0,0,0,0
2007-03-21 00:00:00,0.057743793,0.021071106,0.172561515,4.25251171,2.633468732,0,0,0,0,0
2007-03-22 00:00:00,0.060400696,0.023315014,0.204085899,4.112002324,2.761641008,0,0,0,0,0
2007-03-23 00:00:00,0.06084255,0.023134146,0.196574027,4.135284924,2.685261492,0,0,0,0,0
2007-03-24 00:00:00,0.061576772,0.023333248,0.198000252,4.110242156,2.674518934,0,0,0,0,0
2007-03-25 00:00:00,0.06214414,0.023611013,0.205479571,4.076384859,2.717650886,0,0,0,0,0
2007-03-26 00:00:00,0.061900513,0.022882839,0.195765406,4.100742433,2.667747479,0,0,0,0,0
2007-03-27 00:00:00,0.061484685,0.021228742,0.162175483,4.145492312,2.463315055,0,0,0,0,0
2007-03-28 00:00:00,0.061960297,0.021330694,0.164914741,4.1387454,2.470000211,0,0,0,0,0
2007-03-29 00:00:00,0.062035042,0.020576888,0.148284152,4.182842339,2.350424605,0,0,0,0,0
2007-03-30 00:00:00,0.062312968,0.020503296,0.147776058,4.211421483,2.331430749,0,0,0,0,0
2007-03-31 00:00:00,0.065000939,0.024134621,0.217608207,4.049388272,2.714419226,0,0,0,0,0
2007-04-01 00:00:00,0.067854475,0.026460975,0.245755438,3.93558916,2.80183957,0,0,0,0,0
2007-04-02 00:00:00,0.071378798,0.031192755,0.320144241,3.884334166,3.119561546,0,0,0,0,0
2007-04-03 00:00:00,0.084990689,0.048538281,0.561460588,3.57726691,4.111542526,0,0,0,0,0
2007-04-04 00:00:00,0.08169141,0.04182347,0.449188214,3.614208415,3.566772872,0,0,0,0,0
2007-04-05 00:00:00,0.078205356,0.035770879,0.364105088,3.603515097,3.218153298,0,0,0,0,0
2007-04-06 00:00:00,0.075737835,0.031267956,0.300642797,3.599439078,2.958412007,0,0,0,0,0
2007-04-07 00:00:00,0.073829947,0.026611368,0.220729659,3.635031674,2.560784462,0,0,0,0,0
2007-04-08 00:00:00,0.073551938,0.025076136,0.194067854,3.652402614,2.417966091,0,0,0,0,0
2007-04-09 00:00:00,0.073557495,0.024128577,0.176721334,3.682593911,2.31135051,0,0,0,0,0
2007-04-10 00:00:00,0.073827009,0.02396546,0.175025225,3.706243808,2.288915126,0,0,0,0,0
2007-04-11 00:00:00,0.075751847,0.026580328,0.223960612,3.61200415,2.547145957,0,0,0,0,0
2007-04-12 00:00:00,0.075962843,0.02586654,0.207846277,3.666514001,2.424108285,0,0,0,0,0
2007-04-13 00:00:00,0.076300796,0.026034816,0.212367621,3.700208513,2.428216594,0,0,0,0,0
2007-04-14 00:00:00,0.07643239,0.025908803,0.2124743,3.740543467,2.413296381,0,0,0,0,0
2007-04-15 00:00:00,0.076405688,0.025679266,0.212113853,3.787123523,2.400589711,0,0,0,0,0
2007-04-16 00:00:00,0.076245695,0.025124412,0.205006989,3.849358276,2.347211313,0,0,0,0,0
2007-04-17 00:00:00,0.076104049,0.024728531,0.201468441,3.911896906,2.314269678,0,0,0,0,0
2007-04-18 00:00:00,0.076026819,0.024312005,0.196303579,3.979206329,2.26661474,0,0,0,0,0
2007-04-19 00:00:00,0.07602625,0.024208179,0.197992344,4.035962816,2.260633366,0,0,0,0,0
2007-04-20 00:00:00,0.075985647,0.024088778,0.199520293,4.099088647,2.252642457,0,0,0,0,0
2007-04-21 00:00:00,0.075928797,0.023989572,0.201552105,4.164898546,2.247245464,0,0,0,0,0
2007-04-22 00:00:00,0.076146576,0.024453708,0.214948842,4.190261747,2.313175562,0,0,0,0,0
2007-04-23 00:00:00,0.077411646,0.025390181,0.229772723,4.129633038,2.375902832,0,0,0,0,0
2007-04-24 00:00:00,0.078185828,0.026906141,0.262087829,4.093495343,2.550896162,0,0,0,0,0
2007-04-25 00:00:00,0.080891137,0.030099746,0.31061678,3.967604621,2.766699427,0,0,0,0,0
2007-04-26 00:00:00,0.08433441,0.034293546,0.369905077,3.840502442,3.013675323,0,0,0,0,0
2007-04-27 00:00:00,0.084875448,0.033911636,0.35939296,3.866751294,2.925815573,0,0,0,0,0
2007-04-28 00:00:00,0.084494036,0.032608305,0.340800002,3.906710867,2.827160906,0,0,0,0,0
2007-04-29 00:00:00,0.08378996,0.030783413,0.314603993,3.961964957,2.694073685,0,0,0,0,0
2007-04-30 00:00:00,0.083448362,0.029299108,0.291648134,4.006423863,2.56933069,0,0,0,0,0
2007-05-01 00:00:00,0.083422514,0.028347909,0.276641256,4.038301516,2.481382131,0,0,0,0,0
2007-05-02 00:00:00,0.083300565,0.0275431,0.264666762,4.093867151,2.403159282,0,0,0,0,0
2007-05-03 00:00:00,0.08335411,0.027074666,0.25809525,4.139345167,2.351724525,0,0,0,0,0
2007-05-04 00:00:00,0.083486216,0.026873518,0.256814664,4.174073739,2.331494406,0,0,0,0,0
2007-05-05 00:00:00,0.083853922,0.026822796,0.256491911,4.195608473,2.311283687,0,0,0,0,0
2007-05-06 00:00:00,0.083880657,0.026680027,0.256840148,4.244567793,2.296967487,0,0,0,0,0
2007-05-07 00:00:00,0.083878135,0.026561229,0.25788927,4.296704632,2.286214421,0,0,0,0,0
2007-05-08 00:00:00,0.083833331,0.026489708,0.260377388,4.348757302,2.285586942,0,0,0,0,0
2007-05-09 00:00:00,0.083737996,0.026397715,0.262591357,4.40689171,2.282642045,0,0,0,0,0
2007-05-10 00:00:00,0.083395442,0.026556791,0.273425398,4.440286591,2.353071141,0,0,0,0,0
2007-05-11 00:00:00,0.083461202,0.026129142,0.26561507,4.54090726,2.264356257,0,0,0,0,0
2007-05-12 00:00:00,0.083322367,0.026043172,0.268137241,4.607491441,2.26102277,0,0,0,0,0
2007-05-13 00:00:00,0.084244316,0.027238576,0.291474804,4.510439245,2.397324685,0,0,0,0,0
2007-05-14 00:00:00,0.084127641,0.026845476,0.286855629,4.590023022,2.346562996,0,0,0,0,0
2007-05-15 00:00:00,0.085031049,0.028214651,0.31336647,4.492043954,2.501131466,0,0,0,0,0
2007-05-16 00:00:00,0.085907083,0.028180622,0.308636894,4.488840304,2.439940114,0,0,0,0,0
2007-05-17 00:00:00,0.085633695,0.029356539,0.340974344,4.436646586,2.663537012,0,0,0,0,0
2007-05-18 00:00:00,0.085660065,0.028766741,0.33011513,4.538952226,2.557385084,0,0,0,0,0
2007-05-19 00:00:00,0.085515418,0.028906526,0.337451253,4.575740154,2.592563884,0,0,0,0,0
2007-05-20 00:00:00,0.085562561,0.028124767,0.322592774,4.681556438,2.462167396,0,0,0,0,0
2007-05-21 00:00:00,0.085087661,0.028570678,0.340506398,4.669360335,2.597086695,0,0,0,0,0
2007-05-22 00:00:00,0.085102415,0.027602564,0.321441034,4.805904988,2.430115208,0,0,0,0,0
2007-05-23 00:00:00,0.084806999,0.027294025,0.320094925,4.882644523,2.406099767,0,0,0,0,0
2007-05-24 00:00:00,0.085280748,0.028414498,0.344199086,4.781237045,2.566441004,0,0,0,0,0
2007-05-25 00:00:00,0.086078121,0.028030568,0.332453617,4.799657656,2.455966102,0,0,0,0,0
2007-05-26 00:00:00,0.085154954,0.028607927,0.356428566,4.779769222,2.649706965,0,0,0,0,0
2007-05-27 00:00:00,0.085494919,0.027665198,0.334570297,4.937595303,2.437345635,0,0,0,0,0
2007-05-28 00:00:00,0.085156403,0.027339329,0.332747351,5.024172377,2.406503974,0,0,0,0,0
2007-05-29 00:00:00,0.08485713,0.027240886,0.335706207,5.080488258,2.414346431,0,0,0,0,0
2007-05-30 00:00:00,0.084506621,0.02702489,0.336324728,5.155258163,2.403125873,0,0,0,0,0
2007-05-31 00:00:00,0.084202999,0.02684039,0.337188338,5.227149854,2.392071198,0,0,0,0,0
2007-06-01 00:00:00,0.08492077,0.027494628,0.348829281,5.126359834,2.465275851,0,0,0,0,0
2007-06-02 00:00:00,0.087143788,0.029573758,0.378280983,4.836485025,2.647695147,0,0,0,0,0
2007-06-03 00:00:00,0.090567477,0.032559148,0.415145916,4.475833958,2.854604307,0,0,0,0,0
2007-06-04 00:00:00,0.09845504,0.048449123,0.655802265,3.615668561,4.239657021,0,0,0,0,0
2007-06-05 00:00:00,0.099569712,0.045372375,0.581452859,3.901343257,3.643585418,0,0,0,0,0
2007-06-06 00:00:00,0.098564944,0.042339083,0.538164024,3.970932505,3.412819627,0,0,0,0,0
2007-06-07 00:00:00,0.098502451,0.046681745,0.628149118,3.670778138,4.057438673,0,0,0,0,0
2007-06-08 00:00:00,0.09601747,0.036627533,0.462979323,4.101663801,3.043245088,0,0,0,0,0
2007-06-09 00:00:00,0.095080017,0.034151531,0.427082975,4.204013642,2.83534156,0,0,0,0,0
2007-06-10 00:00:00,0.09462595,0.031938218,0.390436378,4.333166961,2.586443474,0,0,0,0,0
2007-06-11 00:00:00,0.094024029,0.031386486,0.387108827,4.362699629,2.578908915,0,0,0,0,0
2007-06-12 00:00:00,0.093614064,0.030616406,0.377194702,4.427774296,2.506832866,0,0,0,0,0
2007-06-13 00:00:00,0.093164697,0.030031997,0.37079467,4.49202048,2.455809015,0,0,0,0,0
2007-06-14 00:00:00,0.092928561,0.029316658,0.359448815,4.594459948,2.345231164,0,0,0,0,0
2007-06-15 00:00:00,0.091048621,0.029708695,0.384695005,4.535171285,2.608495588,0,0,0,0,0
2007-06-16 00:00:00,0.09165781,0.02860588,0.357375297,4.742022069,2.307703705,0,0,0,0,0
2007-06-17 00:00:00,0.091009152,0.02822436,0.355651343,4.828785426,2.279153742,0,0,0,0,0
2007-06-18 00:00:00,0.089321123,0.029299295,0.394103104,4.621624738,2.686011132,0,0,0,0,0
2007-06-19 00:00:00,0.091074003,0.029115091,0.377932348,4.661622886,2.472026753,0,0,0,0,0
2007-06-20 00:00:00,0.090611354,0.028287833,0.364797927,4.839964574,2.318891919,0,0,0,0,0
2007-06-21 00:00:00,0.089539534,0.029937799,0.407722199,4.684983846,2.683536086,0,0,0,0,0
2007-06-22 00:00:00,0.091013855,0.02953086,0.389686172,4.707584858,2.483202646,0,0,0,0,0
2007-06-23 00:00:00,0.089895691,0.028864003,0.385189541,4.848010314,2.432574649,0,0,0,0,0
2007-06-24 00:00:00,0.088305258,0.02919061,0.404602374,4.850848954,2.615451786,0,0,0,0,0
2007-06-25 00:00:00,0.087845684,0.028353686,0.391475351,5.017191137,2.468887176,0,0,0,0,0
2007-06-26 00:00:00,0.084738948,0.029810668,0.446090956,4.802235976,3.053240246,0,0,0,0,0
2007-06-27 00:00:00,0.083755893,0.029368981,0.445297342,4.873040148,3.058698213,0,0,0,0,0
2007-06-28 00:00:00,0.08442392,0.027599617,0.404256594,5.192485579,2.612585317,0,0,0,0,0
2007-06-29 00:00:00,0.082081161,0.028114293,0.433655842,5.070862604,2.969566236,0,0,0,0,0
2007-06-30 00:00:00,0.080797295,0.027794904,0.437342532,5.123034132,3.030863927,0,0,0,0,0
2007-07-01 00:00:00,0.082280427,0.02594538,0.387313417,5.593045899,2.404104465,0,0,0,0,0
2007-07-02 00:00:00,0.081344138,0.025476764,0.384920818,5.722592133,2.370658169,0,0,0,0,0
2007-07-03 00:00:00,0.082230542,0.027512422,0.420584321,5.341670624,2.689573101,0,0,0,0,0
2007-07-04 00:00:00,0.085802005,0.028771539,0.422153933,4.896445481,2.698627906,0,0,0,0,0
2007-07-05 00:00:00,0.083425822,0.0286195,0.437699811,4.861856476,2.932377486,0,0,0,0,0
2007-07-06 00:00:00,0.082243202,0.027978239,0.433683201,4.966424144,2.910450057,0,0,0,0,0
2007-07-07 00:00:00,0.082638586,0.026621821,0.402995728,5.251970613,2.542812666,0,0,0,0,0
2007-07-08 00:00:00,0.08210624,0.025968837,0.393470522,5.407540109,2.422084605,0,0,0,0,0
2007-07-09 00:00:00,0.080174425,0.026170922,0.412456036,5.258170435,2.716156106,0,0,0,0,0
2007-07-10 00:00:00,0.079095119,0.026093664,0.418789339,5.262404455,2.801926698,0,0,0,0,0
2007-07-11 00:00:00,0.077882006,0.025679696,0.418982476,5.354885932,2.816870882,0,0,0,0,0
2007-07-12 00:00:00,0.076349535,0.025594264,0.428114424,5.38753868,2.936557325,0,0,0,0,0
2007-07-13 00:00:00,0.07527603,0.025010049,0.423583772,5.525680549,2.895523025,0,0,0,0,0
2007-07-14 00:00:00,0.073921409,0.025134105,0.435742742,5.507450679,3.049438568,0,0,0,0,0
2007-07-15 00:00:00,0.073721288,0.024281972,0.418952152,5.780881544,2.809266544,0,0,0,0,0
2007-07-16 00:00:00,0.072812957,0.023697247,0.41297093,5.945883609,2.738555837,0,0,0,0,0
2007-07-17 00:00:00,0.070990962,0.023934026,0.430722875,5.898585843,2.97898998,0,0,0,0,0
2007-07-18 00:00:00,0.068731028,0.024058534,0.44919397,5.834548972,3.269485122,0,0,0,0,0
2007-07-19 00:00:00,0.067289237,0.024097963,0.45980188,5.854639661,3.413717379,0,0,0,0,0
2007-07-20 00:00:00,0.066104424,0.023587262,0.457213044,5.996224732,3.405165128,0,0,0,0,0
2007-07-21 00:00:00,0.064729827,0.023446416,0.463533374,6.058016122,3.504920953,0,0,0,0,0
2007-07-22 00:00:00,0.063391252,0.02317633,0.466844342,6.153757371,3.571041437,0,0,0,0,0
2007-07-23 00:00:00,0.061911301,0.023251344,0.478287281,6.170533705,3.73775228,0,0,0,0,0
2007-07-24 00:00:00,0.061717401,0.022193063,0.456865828,6.585482448,3.41945395,0,0,0,0,0
2007-07-25 00:00:00,0.063015983,0.020952337,0.420701244,7.259227132,2.768595782,0,0,0,0,0
2007-07-26 00:00:00,0.057935489,0.030202283,0.641258,5.125138823,5.550323186,0,0,0,0,0
2007-07-27 00:00:00,0.062171304,0.026650476,0.539982753,5.548486999,4.305010088,0,0,0,0,0
2007-07-28 00:00:00,0.062376653,0.02338172,0.473169669,5.990521541,3.624492518,0,0,0,0,0
2007-07-29 00:00:00,0.061410068,0.022857496,0.468477696,6.078748008,3.612465328,0,0,0,0,0
2007-07-30 00:00:00,0.060292914,0.022716696,0.472514235,6.127654873,3.690001616,0,0,0,0,0
2007-07-31 00:00:00,0.05911328,0.022788994,0.48120557,6.149534222,3.818365205,0,0,0,0,0
2007-08-01 00:00:00,0.057895442,0.022243888,0.477651704,6.294822715,3.817911753,0,0,0,0,0
2007-08-02 00:00:00,0.056525098,0.02209746,0.483271649,6.352740184,3.933932529,0,0,0,0,0
2007-08-03 00:00:00,0.058445685,0.020052222,0.425727249,7.320181865,2.937820488,0,0,0,0,0
2007-08-04 00:00:00,0.060414797,0.022873321,0.465841583,6.598121533,3.314553696,0,0,0,0,0
2007-08-05 00:00:00,0.06556174,0.024493154,0.459421148,5.761435103,3.174136583,0,0,0,0,0
2007-08-06 00:00:00,0.066914461,0.028385105,0.519859777,5.282370244,3.706625515,0,0,0,0,0
2007-08-07 00:00:00,0.073860111,0.033608016,0.558160213,4.631422629,3.792910363,0,0,0,0,0
2007-08-08 00:00:00,0.075120641,0.037149872,0.606020727,4.503795911,4.110707118,0,0,0,0,0
2007-08-09 00:00:00,0.078045962,0.043509745,0.694955763,3.931535465,4.834501713,0,0,0,0,0
2007-08-10 00:00:00,0.073308695,0.031881147,0.525960981,4.608455737,3.546117987,0,0,0,0,0
2007-08-11 00:00:00,0.071861986,0.032349567,0.545899688,4.45640588,3.839113843,0,0,0,0,0
2007-08-12 00:00:00,0.071321615,0.027408944,0.459353889,4.728394,3.082879501,0,0,0,0,0
2007-08-13 00:00:00,0.070925194,0.028057793,0.472229205,4.632876762,3.22943514,0,0,0,0,0
2007-08-14 00:00:00,0.075496888,0.031413834,0.495679067,4.181806135,3.323331425,0,0,0,0,0
2007-08-15 00:00:00,0.078124271,0.039393511,0.609882537,3.828339152,4.170433368,0,0,0,0,0
2007-08-16 00:00:00,0.077972005,0.040624934,0.628565431,3.819205891,4.308787066,0,0,0,0,0
2007-08-17 00:00:00,0.073509585,0.031576367,0.503114456,4.283375897,3.390017164,0,0,0,0,0
2007-08-18 00:00:00,0.076676291,0.031793115,0.483393382,3.943812069,3.214104503,0,0,0,0,0
2007-08-19 00:00:00,0.098802368,0.056710034,0.711225127,2.920431681,4.300352176,0,0,0,0,0
2007-08-20 00:00:00,0.102878012,0.069740014,0.862382278,3.255791347,5.031321231,0,0,0,0,0
2007-08-21 00:00:00,0.090477654,0.049929249,0.655078666,3.372214604,4.022075258,0,0,0,0,0
2007-08-22 00:00:00,0.087702556,0.041984928,0.555113746,3.222541126,3.500736419,0,0,0,0,0
2007-08-23 00:00:00,0.087966858,0.038929564,0.505050302,3.081071539,3.205573392,0,0,0,0,0
2007-08-24 00:00:00,0.090166748,0.041626973,0.532586025,2.88598548,3.40553147,0,0,0,0,0
2007-08-25 00:00:00,0.086484896,0.035142467,0.453752661,2.977767008,2.951139629,0,0,0,0,0
2007-08-26 00:00:00,0.082889188,0.029729082,0.388947904,3.0999267,2.569272352,0,0,0,0,0
2007-08-27 00:00:00,0.08227238,0.029449879,0.385592236,3.08846824,2.564555888,0,0,0,0,0
2007-08-28 00:00:00,0.080384279,0.028566168,0.380160552,3.162868136,2.550317548,0,0,0,0,0
2007-08-29 00:00:00,0.078118066,0.026707334,0.360387121,3.279842938,2.426491023,0,0,0,0,0
2007-08-30 00:00:00,0.075687253,0.025351126,0.34990363,3.413031728,2.371983637,0,0,0,0,0
2007-08-31 00:00:00,0.073101792,0.023802528,0.336634727,3.576827556,2.2917144,0,0,0,0,0
2007-09-01 00:00:00,0.070540292,0.02254793,0.327915505,3.757131463,2.241712153,0,0,0,0,0
2007-09-02 00:00:00,0.067893457,0.02144331,0.321993034,3.968261473,2.209172982,0,0,0,0,0
2007-09-03 00:00:00,0.065138304,0.020409668,0.31787687,4.217849649,2.187868335,0,0,0,0,0
2007-09-04 00:00:00,0.062228811,0.019403111,0.315216721,4.520195788,2.175828439,0,0,0,0,0
2007-09-05 00:00:00,0.068064692,0.020863077,0.301617556,3.741001361,2.119418708,0,0,0,0,0
2007-09-06 00:00:00,0.066437072,0.020378491,0.300127736,3.844185516,2.124634752,0,0,0,0,0
2007-09-07 00:00:00,0.065099495,0.020128105,0.301199815,3.915294586,2.154655853,0,0,0,0,0
2007-09-08 00:00:00,0.063255792,0.019514136,0.298509896,4.062143655,2.14703368,0,0,0,0,0
2007-09-09 00:00:00,0.061583544,0.018971939,0.296169643,4.196969395,2.144243495,0,0,0,0,0
2007-09-10 00:00:00,0.061501009,0.020150616,0.316644689,4.078709993,2.364137443,0,0,0,0,0
2007-09-11 00:00:00,0.060376043,0.01965619,0.310935226,4.182519207,2.317001802,0,0,0,0,0
2007-09-12 00:00:00,0.059051986,0.019402902,0.311337886,4.30529742,2.327890605,0,0,0,0,0
2007-09-13 00:00:00,0.057991495,0.020200776,0.331350118,4.326746725,2.5456181,0,0,0,0,0
2007-09-14 00:00:00,0.056528783,0.0187355,0.309542398,4.502053233,2.359320704,0,0,0,0,0
2007-09-15 00:00:00,0.055225917,0.018166615,0.304481742,4.61146958,2.342453199,0,0,0,0,0
2007-09-16 00:00:00,0.053891666,0.0174081,0.295699523,4.745649798,2.28602205,0,0,0,0,0
2007-09-17 00:00:00,0.052623844,0.016867176,0.290764621,4.866955542,2.268609369,0,0,0,0,0
2007-09-18 00:00:00,0.051360031,0.016345269,0.286022058,4.996996374,2.251852285,0,0,0,0,0
2007-09-19 00:00:00,0.050162561,0.015848566,0.28127144,5.128450282,2.232840984,0,0,0,0,0
2007-09-20 00:00:00,0.049024774,0.015412948,0.277164279,5.256247979,2.219645565,0,0,0,0,0
2007-09-21 00:00:00,0.048671803,0.015867127,0.286136636,5.203226841,2.342453077,0,0,0,0,0
2007-09-22 00:00:00,0.048458099,0.015679481,0.280033226,5.171526567,2.305356251,0,0,0,0,0
2007-09-23 00:00:00,0.047223327,0.015102469,0.273765502,5.335440698,2.269770043,0,0,0,0,0
2007-09-24 00:00:00,0.046201263,0.014692731,0.269296543,5.46300804,2.251491332,0,0,0,0,0
2007-09-25 00:00:00,0.045833764,0.014843748,0.271827995,5.442779748,2.305826,0,0,0,0,0
2007-09-26 00:00:00,0.045127464,0.014910855,0.27571612,5.467201583,2.387473523,0,0,0,0,0
2007-09-27 00:00:00,0.044176338,0.014344418,0.266988819,5.622432215,2.31604376,0,0,0,0,0
2007-09-28 00:00:00,0.04330574,0.014051508,0.263909074,5.734660442,2.313011861,0,0,0,0,0
2007-09-29 00:00:00,0.04242316,0.013741778,0.26061616,5.851451347,2.31037056,0,0,0,0,0
2007-09-30 00:00:00,0.042174997,0.014195757,0.269124836,5.805678106,2.428373731,0,0,0,0,0
2007-10-01 00:00:00,0.043915183,0.015984384,0.288859489,5.387045297,2.617801262,0,0,0,0,0
2007-10-02 00:00:00,0.0450427,0.017982826,0.316845381,5.186433834,2.867222431,0,0,0,0,0
2007-10-03 00:00:00,0.045992068,0.01938052,0.332007726,5.07482102,2.975685144,0,0,0,0,0
2007-10-04 00:00:00,0.045405911,0.019348055,0.331641581,5.175512562,2.982201798,0,0,0,0,0
2007-10-05 00:00:00,0.044598778,0.018762476,0.323023178,5.236300488,2.942488559,0,0,0,0,0
2007-10-06 00:00:00,0.043307662,0.017398986,0.302974439,5.319973609,2.823537374,0,0,0,0,0
2007-10-07 00:00:00,0.041910519,0.015802204,0.278302769,5.423280918,2.662378383,0,0,0,0,0
2007-10-08 00:00:00,0.041872122,0.017353329,0.31280867,5.252785553,3.079313884,0,0,0,0,0
2007-10-09 00:00:00,0.040848464,0.01658213,0.303157847,5.284921394,3.068780653,0,0,0,0,0
2007-10-10 00:00:00,0.039407165,0.013915098,0.250106957,5.557200347,2.564168893,0,0,0,0,0
2007-10-11 00:00:00,0.038645385,0.012964658,0.230633317,5.671119832,2.396249391,0,0,0,0,0
2007-10-12 00:00:00,0.037976091,0.012346267,0.217922109,5.768761912,2.294977696,0,0,0,0,0
2007-10-13 00:00:00,0.037402599,0.012071357,0.212783098,5.830055697,2.277539486,0,0,0,0,0
2007-10-14 00:00:00,0.037259699,0.012242763,0.214505835,5.780756059,2.328085723,0,0,0,0,0
2007-10-15 00:00:00,0.037362455,0.013081494,0.230649032,5.651223417,2.534711348,0,0,0,0,0
2007-10-16 00:00:00,0.03768328,0.013069707,0.222542974,5.544187772,2.458621263,0,0,0,0,0
2007-10-17 00:00:00,0.038725155,0.0154281,0.263583028,5.377030845,2.843955336,0,0,0,0,0
2007-10-18 00:00:00,0.045826248,0.025018241,0.401231319,4.68534397,3.865681299,0,0,0,0,0
2007-10-19 00:00:00,0.047706417,0.027705743,0.430337089,4.747248867,3.991458293,0,0,0,0,0
2007-10-20 00:00:00,0.04419369,0.022736222,0.351710063,4.988042,3.41806244,0,0,0,0,0
2007-10-21 00:00:00,0.044903644,0.02503208,0.399414039,4.832247458,3.896803258,0,0,0,0,0
2007-10-22 00:00:00,0.039952176,0.01801061,0.288966738,5.145137305,3.102920574,0,0,0,0,0
2007-10-23 00:00:00,0.039556038,0.018579441,0.307866377,5.072109209,3.366689813,0,0,0,0,0
2007-10-24 00:00:00,0.03639689,0.013437071,0.212274999,5.406405043,2.563783565,0,0,0,0,0
2007-10-25 00:00:00,0.035509364,0.012506606,0.195340511,5.480720581,2.454975134,0,0,0,0,0
2007-10-26 00:00:00,0.035493093,0.013647115,0.223376128,5.375206141,2.798771154,0,0,0,0,0
2007-10-27 00:00:00,0.034533827,0.012317978,0.195280149,5.514373558,2.558367056,0,0,0,0,0
2007-10-28 00:00:00,0.033887568,0.011859826,0.186755745,5.592736905,2.515719752,0,0,0,0,0
2007-10-29 00:00:00,0.033137954,0.01083002,0.162582045,5.754579093,2.28658555,0,0,0,0,0
2007-10-30 00:00:00,0.032732104,0.01123623,0.175620389,5.752425326,2.481982771,0,0,0,0,0
2007-10-31 00:00:00,0.032225531,0.01133402,0.181352201,5.78812488,2.598343392,0,0,0,0,0
2007-11-01 00:00:00,0.031599871,0.010370186,0.156051732,5.987548238,2.331104697,0,0,0,0,0
2007-11-02 00:00:00,0.031092158,0.010187638,0.152887277,6.082109097,2.331562448,0,0,0,0,0
2007-11-03 00:00:00,0.030581208,0.009799748,0.143288311,6.217777773,2.248503478,0,0,0,0,0
2007-11-04 00:00:00,0.030160391,0.01061057,0.170920463,6.146520834,2.642045261,0,0,0,0,0
2007-11-05 00:00:00,0.029663557,0.010434754,0.168220146,6.247927307,2.649506541,0,0,0,0,0
2007-11-06 00:00:00,0.029159901,0.00933421,0.134960663,6.536582409,2.252683697,0,0,0,0,0
2007-11-07 00:00:00,0.028728051,0.009433992,0.14022022,6.595073345,2.358821349,0,0,0,0,0
2007-11-08 00:00:00,0.028349483,0.010135934,0.165261812,6.529459063,2.724500552,0,0,0,0,0
2007-11-09 00:00:00,0.0278792,0.008967266,0.128383434,6.858284371,2.27243541,0,0,0,0,0
2007-11-10 00:00:00,0.027484503,0.008837984,0.125576594,6.971927885,2.268764688,0,0,0,0,0
2007-11-11 00:00:00,0.02715669,0.009935003,0.164574367,6.812808397,2.822101677,0,0,0,0,0
2007-11-12 00:00:00,0.026712339,0.008636123,0.121818685,7.19603963,2.286368115,0,0,0,0,0
2007-11-13 00:00:00,0.026442156,0.009888289,0.166442189,6.993699952,2.912692463,0,0,0,0,0
2007-11-14 00:00:00,0.026093606,0.009821064,0.165844363,7.091571715,2.939248516,0,0,0,0,0
2007-11-15 00:00:00,0.025648552,0.008440055,0.119451985,7.508328699,2.356003608,0,0,0,0,0
2007-11-16 00:00:00,0.025374396,0.008971701,0.139356528,7.463417571,2.654069116,0,0,0,0,0
2007-11-17 00:00:00,0.025008332,0.008264517,0.11554918,7.726604334,2.368870864,0,0,0,0,0
2007-11-18 00:00:00,0.024723068,0.008073855,0.10921909,7.860003546,2.313772134,0,0,0,0,0
2007-11-19 00:00:00,0.02444259,0.008009755,0.107589609,7.963380295,2.322381721,0,0,0,0,0
2007-11-20 00:00:00,0.024221968,0.008233787,0.115872229,7.995105482,2.458899421,0,0,0,0,0
2007-11-21 00:00:00,0.024245578,0.00970521,0.167592814,7.693894256,3.158366382,0,0,0,0,0
2007-11-22 00:00:00,0.024162526,0.009848979,0.170844362,7.735721701,3.211782089,0,0,0,0,0
2007-11-23 00:00:00,0.02406758,0.010015552,0.175210998,7.781357156,3.279504879,0,0,0,0,0
2007-11-24 00:00:00,0.023665577,0.008115959,0.106292773,8.245294179,2.424300637,0,0,0,0,0
2007-11-25 00:00:00,0.0253234,0.011894035,0.213105434,7.492799028,3.634438792,0,0,0,0,0
2007-11-26 00:00:00,0.025062906,0.011434052,0.19846917,7.574296901,3.495821089,0,0,0,0,0
2007-11-27 00:00:00,0.02404417,0.009258817,0.132508785,8.039835118,2.773826834,0,0,0,0,0
2007-11-28 00:00:00,0.02489844,0.011693764,0.204464333,7.727788286,3.581782269,0,0,0,0,0
2007-11-29 00:00:00,0.023939176,0.009609261,0.140798581,8.127891906,2.896593922,0,0,0,0,0
2007-11-30 00:00:00,0.023309634,0.008402335,0.104032069,8.369920167,2.517827181,0,0,0,0,0
2007-12-01 00:00:00,0.024673251,0.011834203,0.205973708,7.866608096,3.644320225,0,0,0,0,0
2007-12-02 00:00:00,0.024591777,0.011859016,0.206143318,7.904850535,3.664244027,0,0,0,0,0
2007-12-03 00:00:00,0.022937732,0.008295083,0.098387656,8.511929033,2.524066957,0,0,0,0,0
2007-12-04 00:00:00,0.024316599,0.01174631,0.203029189,8.004135539,3.675593296,0,0,0,0,0
2007-12-05 00:00:00,0.021013145,0.006277619,0.046405534,9.6805576,1.98264,0,0,0,0,0
2007-12-06 00:00:00,0.023863139,0.011330461,0.192290432,8.141690175,3.616585828,0,0,0,0,0
2007-12-07 00:00:00,0.02282174,0.008735138,0.107434442,8.571036894,2.700689832,0,0,0,0,0
2007-12-08 00:00:00,0.021819996,0.007398481,0.072208684,8.954955741,2.372529023,0,0,0,0,0
2007-12-09 00:00:00,0.022381061,0.008076744,0.085652931,8.732913603,2.51044477,0,0,0,0,0
2007-12-10 00:00:00,0.022188085,0.007992307,0.08426505,8.792231342,2.527732538,0,0,0,0,0
2007-12-11 00:00:00,0.022445024,0.008559833,0.099314273,8.733298974,2.693700799,0,0,0,0,0
2007-12-12 00:00:00,0.023497127,0.01131827,0.188844208,8.317251102,3.682331974,0,0,0,0,0
2007-12-13 00:00:00,0.022412408,0.008672116,0.10082459,8.750189209,2.746099668,0,0,0,0,0
2007-12-14 00:00:00,0.021791679,0.007699377,0.072278374,8.968489376,2.478517243,0,0,0,0,0
2007-12-15 00:00:00,0.022162729,0.009298196,0.129994667,8.788912922,3.147097249,0,0,0,0,0
2007-12-16 00:00:00,0.0222984,0.008608242,0.094977927,8.829889718,2.728224398,0,0,0,0,0
2007-12-17 00:00:00,0.023795202,0.012030558,0.203554482,8.356542586,3.87078351,0,0,0,0,0
2007-12-18 00:00:00,0.022327888,0.008803134,0.099279667,8.848530638,2.801959942,0,0,0,0,0
2007-12-19 00:00:00,0.021884144,0.008107343,0.078595889,9.00157174,2.615411941,0,0,0,0,0
2007-12-20 00:00:00,0.022109054,0.008225237,0.076419964,8.963905094,2.581376468,0,0,0,0,0
2007-12-21 00:00:00,0.022112648,0.008137112,0.071879562,8.930840275,2.552739593,0,0,0,0,0
2007-12-22 00:00:00,0.023052956,0.009338946,0.099781304,8.647016333,2.809862671,0,0,0,0,0
2007-12-23 00:00:00,0.022660493,0.008535501,0.075431543,8.671709742,2.60153746,0,0,0,0,0
2007-12-24 00:00:00,0.022599876,0.008448972,0.072052812,8.704622546,2.581432798,0,0,0,0,0
2007-12-25 00:00:00,0.022634811,0.008486556,0.071796459,8.712315454,2.587986759,0,0,0,0,0
2007-12-26 00:00:00,0.02191765,0.007404635,0.040833084,8.955801456,2.308190733,0,0,0,0,0
2007-12-27 00:00:00,0.02339466,0.009116096,0.08030018,8.442787458,2.666646878,0,0,0,0,0
2007-12-28 00:00:00,0.023487699,0.009159506,0.079787281,8.398618784,2.672892956,0,0,0,0,0
2007-12-29 00:00:00,0.023492758,0.009104281,0.076780307,8.413988513,2.651320218,0,0,0,0,0
2007-12-30 00:00:00,0.023351787,0.008885048,0.070163424,8.463504119,2.602130937,0,0,0,0,0
2007-12-31 00:00:00,0.024718969,0.011264271,0.137396521,8.279923533,3.208309905,0,0,0,0,0
2008-01-01 00:00:00,0.023732245,0.009292481,0.077565207,8.409240725,2.673575954,0,0,0,0,0
2008-01-02 00:00:00,0.023882339,0.009508414,0.083253391,8.389329582,2.733948,0,0,0,0,0
2008-01-03 00:00:00,0.023894144,0.009480007,0.081945702,8.387725258,2.73258204,0,0,0,0,0
2008-01-04 00:00:00,0.023738838,0.009121227,0.0707034,8.411103887,2.641057938,0,0,0,0,0
2008-01-05 00:00:00,0.024735024,0.010275415,0.096101378,8.204303575,2.843263439,0,0,0,0,0
2008-01-06 00:00:00,0.026207068,0.011659457,0.120459612,7.834469905,3.013944938,0,0,0,0,0
2008-01-07 00:00:00,0.03275748,0.018534315,0.237332608,7.015387497,3.706704252,0,0,0,0,0
2008-01-08 00:00:00,0.038064878,0.023925741,0.313000603,6.66267898,4.056620484,0,0,0,0,0
2008-01-09 00:00:00,0.038692165,0.024185251,0.304591631,6.620591123,3.942468857,0,0,0,0,0
2008-01-10 00:00:00,0.040527283,0.025728067,0.321191469,6.411622844,4.005564072,0,0,0,0,0
2008-01-11 00:00:00,0.039977185,0.024600335,0.298539952,6.246402246,3.881904818,0,0,0,0,0
2008-01-12 00:00:00,0.037253382,0.02082067,0.230282016,6.081563298,3.506758296,0,0,0,0,0
2008-01-13 00:00:00,0.035098625,0.017694015,0.17268754,5.904732998,3.193221666,0,0,0,0,0
2008-01-14 00:00:00,0.033937328,0.015986394,0.142704097,5.793564697,3.044914204,0,0,0,0,0
2008-01-15 00:00:00,0.032629029,0.013932483,0.10133151,5.680046161,2.805341723,0,0,0,0,0
2008-01-16 00:00:00,0.031764847,0.012460493,0.069650172,5.599952785,2.612997168,0,0,0,0,0
2008-01-17 00:00:00,0.031409866,0.011698168,0.05205774,5.545638165,2.504205324,0,0,0,0,0
2008-01-18 00:00:00,0.031478178,0.011719355,0.05393691,5.535647788,2.531516037,0,0,0,0,0
2008-01-19 00:00:00,0.031129244,0.010982276,0.035387208,5.523838187,2.401363575,0,0,0,0,0
2008-01-20 00:00:00,0.031039225,0.010754119,0.030086145,5.539391281,2.36651986,0,0,0,0,0
2008-01-21 00:00:00,0.030701898,0.010106434,0.013553404,5.566032629,2.244335018,0,0,0,0,0
2008-01-22 00:00:00,0.030975877,0.010553508,0.026049768,5.605196076,2.338540173,0,0,0,0,0
2008-01-23 00:00:00,0.030924752,0.010443464,0.023921068,5.650233852,2.321732745,0,0,0,0,0
2008-01-24 00:00:00,0.030919294,0.010422615,0.024190466,5.701186831,2.321819505,0,0,0,0,0
2008-01-25 00:00:00,0.030825047,0.010255466,0.020435882,5.757634548,2.290246168,0,0,0,0,0
2008-01-26 00:00:00,0.03096165,0.01054805,0.030091176,5.816117877,2.363586281,0,0,0,0,0
2008-01-27 00:00:00,0.030916097,0.010404153,0.026316499,5.872480811,2.327182574,0,0,0,0,0
2008-01-28 00:00:00,0.031740895,0.0115345,0.054287473,5.872411441,2.521911909,0,0,0,0,0
2008-01-29 00:00:00,0.031668045,0.011116655,0.042168402,5.867668082,2.428024116,0,0,0,0,0
2008-01-30 00:00:00,0.031809685,0.01127455,0.046218722,5.924231274,2.446329082,0,0,0,0,0
2008-01-31 00:00:00,0.031779076,0.011127488,0.042647527,5.977041279,2.411704873,0,0,0,0,0
2008-02-01 00:00:00,0.03200838,0.011399154,0.049807874,6.016878344,2.455442459,0,0,0,0,0
2008-02-02 00:00:00,0.03196912,0.011220329,0.045674888,6.062014228,2.419011181,0,0,0,0,0
2008-02-03 00:00:00,0.032137671,0.011382553,0.050400883,6.099702662,2.446561911,0,0,0,0,0
2008-02-04 00:00:00,0.032731694,0.012010052,0.064482702,6.080431055,2.535073627,0,0,0,0,0
2008-02-05 00:00:00,0.033003129,0.012150069,0.066692444,6.083172817,2.539085454,0,0,0,0,0
2008-02-06 00:00:00,0.033262877,0.012197604,0.065862864,6.078567946,2.518858252,0,0,0,0,0
2008-02-07 00:00:00,0.03393507,0.01288827,0.080609064,6.055048121,2.606361784,0,0,0,0,0
2008-02-08 00:00:00,0.034017903,0.012804264,0.078598815,6.076344753,2.584313646,0,0,0,0,0
2008-02-09 00:00:00,0.034019744,0.012595061,0.073956611,6.097931748,2.546586121,0,0,0,0,0
2008-02-10 00:00:00,0.034148636,0.012578141,0.073911407,6.112547001,2.54015389,0,0,0,0,0
2008-02-11 00:00:00,0.034140006,0.012358298,0.069166966,6.137789025,2.502085063,0,0,0,0,0
2008-02-12 00:00:00,0.034204449,0.012256114,0.067392102,6.163394129,2.483524135,0,0,0,0,0
2008-02-13 00:00:00,0.034363142,0.012291998,0.068905395,6.183083557,2.487346392,0,0,0,0,0
2008-02-14 00:00:00,0.034401747,0.012129131,0.0654474,6.212786507,2.455834882,0,0,0,0,0
2008-02-15 00:00:00,0.034595798,0.012206343,0.067804179,6.23110011,2.464141289,0,0,0,0,0
2008-02-16 00:00:00,0.034143522,0.011102543,0.038732733,6.311831894,2.242139894,0,0,0,0,0
2008-02-17 00:00:00,0.035506267,0.013057531,0.087461357,6.235921747,2.569600778,0,0,0,0,0
2008-02-18 00:00:00,0.036257035,0.013459017,0.093002499,6.122736351,2.592909322,0,0,0,0,0
2008-02-19 00:00:00,0.036463151,0.013462792,0.092394181,6.144946129,2.572700683,0,0,0,0,0
2008-02-20 00:00:00,0.036689076,0.013498131,0.093069686,6.157963972,2.564621772,0,0,0,0,0
2008-02-21 00:00:00,0.03689174,0.013493407,0.092970952,6.169089088,2.552988394,0,0,0,0,0
2008-02-22 00:00:00,0.037105765,0.01351056,0.093639788,6.177961427,2.547392357,0,0,0,0,0
2008-02-23 00:00:00,0.037279579,0.013474838,0.093163503,6.192753178,2.534365737,0,0,0,0,0
2008-02-24 00:00:00,0.037451374,0.0134391,0.092846283,6.210048659,2.522330051,0,0,0,0,0
2008-02-25 00:00:00,0.037567442,0.013309652,0.09019827,6.237431892,2.493125242,0,0,0,0,0
2008-02-26 00:00:00,0.037886023,0.013466786,0.094228626,6.237723075,2.509329596,0,0,0,0,0
2008-02-27 00:00:00,0.038080599,0.01345326,0.094337267,6.257549329,2.49836795,0,0,0,0,0
2008-02-28 00:00:00,0.038173208,0.013248304,0.089648747,6.293285209,2.453120801,0,0,0,0,0
2008-02-29 00:00:00,0.038558546,0.013532367,0.097025978,6.29040321,2.491571613,0,0,0,0,0
2008-03-01 00:00:00,0.03879474,0.013549014,0.097708182,6.308066596,2.482957698,0,0,0,0,0
2008-03-02 00:00:00,0.042338265,0.01811858,0.195217014,5.945025926,3.081899218,0,0,0,0,0
2008-03-03 00:00:00,0.045788317,0.020674371,0.224859237,5.547050312,3.178068617,0,0,0,0,0
2008-03-04 00:00:00,0.046627161,0.021330874,0.230662057,5.60187969,3.151494845,0,0,0,0,0
2008-03-05 00:00:00,0.047251183,0.021657885,0.234455761,5.576149022,3.149618783,0,0,0,0,0
2008-03-06 00:00:00,0.04717511,0.020916634,0.219574465,5.531489568,3.061070226,0,0,0,0,0
2008-03-07 00:00:00,0.04662703,0.01953763,0.193578398,5.508395893,2.916997453,0,0,0,0,0
2008-03-08 00:00:00,0.046172621,0.01833544,0.170818108,5.503476997,2.787421836,0,0,0,0,0
2008-03-09 00:00:00,0.045945072,0.017452338,0.153455911,5.503272454,2.682780803,0,0,0,0,0
2008-03-10 00:00:00,0.045964517,0.016913528,0.142498939,5.498545471,2.611330947,0,0,0,0,0
2008-03-11 00:00:00,0.046256966,0.016764299,0.139180467,5.478726968,2.582727461,0,0,0,0,0
2008-03-12 00:00:00,0.047249622,0.017578556,0.155363415,5.389997494,2.671009462,0,0,0,0,0
2008-03-13 00:00:00,0.054426475,0.026162755,0.306624867,4.888196186,3.464849915,0,0,0,0,0
2008-03-14 00:00:00,0.060787912,0.032115154,0.376806496,4.609203263,3.681133367,0,0,0,0,0
2008-03-15 00:00:00,0.063834958,0.034651319,0.39879048,4.534667215,3.694172956,0,0,0,0,0
2008-03-16 00:00:00,0.063326093,0.032735031,0.363591347,4.438963018,3.517223395,0,0,0,0,0
2008-03-17 00:00:00,0.067294086,0.036708339,0.422172512,4.222796249,3.786037466,0,0,0,0,0
2008-03-18 00:00:00,0.074920179,0.044260631,0.512816766,3.967082794,4.109411079,0,0,0,0,0
2008-03-19 00:00:00,0.07629733,0.047938215,0.559753501,4.432315161,4.182823345,0,0,0,0,0
2008-03-20 00:00:00,0.075476112,0.043640945,0.475934447,4.137477386,3.782035211,0,0,0,0,0
2008-03-21 00:00:00,0.075193863,0.041488383,0.438891761,3.973109574,3.619447522,0,0,0,0,0
2008-03-22 00:00:00,0.070089795,0.033017155,0.316861644,3.847508928,3.12485115,0,0,0,0,0
2008-03-23 00:00:00,0.066956939,0.027336145,0.23191982,3.769429196,2.767878725,0,0,0,0,0
2008-03-24 00:00:00,0.06684318,0.026007897,0.211019414,3.700730333,2.679051942,0,0,0,0,0
2008-03-25 00:00:00,0.06693174,0.025171022,0.195728173,3.684311583,2.593462888,0,0,0,0,0
2008-03-26 00:00:00,0.067220362,0.025278116,0.198687608,3.721229042,2.589238785,0,0,0,0,0
2008-03-27 00:00:00,0.067258803,0.025227343,0.200714164,3.77364301,2.584360325,0,0,0,0,0
2008-03-28 00:00:00,0.066685785,0.024357203,0.190679101,3.84032411,2.527550894,0,0,0,0,0
2008-03-29 00:00:00,0.06581704,0.023019153,0.172538324,3.919144418,2.430487137,0,0,0,0,0
2008-03-30 00:00:00,0.065199546,0.022168097,0.162571948,4.008517475,2.369321011,0,0,0,0,0
2008-03-31 00:00:00,0.067154772,0.024718258,0.208758821,3.950682904,2.596147735,0,0,0,0,0
2008-04-01 00:00:00,0.067329677,0.024874134,0.212574157,4.025876736,2.586127122,0,0,0,0,0
2008-04-02 00:00:00,0.066962582,0.024587227,0.211928259,4.136108316,2.561182459,0,0,0,0,0
2008-04-03 00:00:00,0.066654511,0.024575586,0.217902873,4.24391815,2.577023333,0,0,0,0,0
2008-04-04 00:00:00,0.065940695,0.023985639,0.214642142,4.374044238,2.548222178,0,0,0,0,0
2008-04-05 00:00:00,0.072307739,0.024287045,0.177069605,3.630049916,2.360483181,0,0,0,0,0
2008-04-06 00:00:00,0.072178416,0.023832663,0.171943442,3.683883053,2.320408938,0,0,0,0,0
2008-04-07 00:00:00,0.072193058,0.023608267,0.170767802,3.733674307,2.299387793,0,0,0,0,0
2008-04-08 00:00:00,0.074339004,0.026650026,0.226662299,3.647692538,2.585174699,0,0,0,0,0
2008-04-09 00:00:00,0.076317351,0.028421953,0.2496422,3.611663983,2.655728955,0,0,0,0,0
2008-04-10 00:00:00,0.079297314,0.040436333,0.463329845,4.135111233,3.563332351,0,0,0,0,0
2008-04-11 00:00:00,0.086698445,0.046063698,0.504378655,3.820346761,3.621037432,0,0,0,0,0
2008-04-12 00:00:00,0.085306921,0.041909277,0.439417189,3.753750962,3.33245498,0,0,0,0,0
2008-04-13 00:00:00,0.081111924,0.03436902,0.336538559,3.747156813,2.918294119,0,0,0,0,0
2008-04-14 00:00:00,0.078892141,0.02972887,0.269645169,3.755235956,2.630658041,0,0,0,0,0
2008-04-15 00:00:00,0.078060286,0.027290511,0.232237758,3.772351493,2.453248007,0,0,0,0,0
2008-04-16 00:00:00,0.077675136,0.025982019,0.212608317,3.814444186,2.34784665,0,0,0,0,0
2008-04-17 00:00:00,0.077802741,0.025719834,0.210522118,3.843687382,2.326776341,0,0,0,0,0
2008-04-18 00:00:00,0.079251559,0.02753825,0.242664237,3.790108694,2.48192895,0,0,0,0,0
2008-04-19 00:00:00,0.079415081,0.027802027,0.249374935,3.857776922,2.488411978,0,0,0,0,0
2008-04-20 00:00:00,0.078997361,0.027597421,0.250989363,3.966329503,2.472950552,0,0,0,0,0
2008-04-21 00:00:00,0.078143281,0.027035502,0.249206805,4.101442842,2.447213533,0,0,0,0,0
2008-04-22 00:00:00,0.077289683,0.026337788,0.244925155,4.233846628,2.410789237,0,0,0,0,0
2008-04-23 00:00:00,0.085733162,0.027880581,0.221985212,3.485774972,2.29893893,0,0,0,0,0
2008-04-24 00:00:00,0.086977152,0.030130452,0.264936105,3.435817071,2.520722416,0,0,0,0,0
2008-04-25 00:00:00,0.089598806,0.040089255,0.43209846,3.660503528,3.222171142,0,0,0,0,0
2008-04-26 00:00:00,0.094570777,0.045528482,0.486863986,3.622391363,3.3546222,0,0,0,0,0
2008-04-27 00:00:00,0.092397559,0.040726768,0.422183229,3.624917951,3.085867572,0,0,0,0,0
2008-04-28 00:00:00,0.089319139,0.035025717,0.347492697,3.679785199,2.776645639,0,0,0,0,0
2008-04-29 00:00:00,0.087885714,0.031735136,0.301582053,3.725986375,2.568195185,0,0,0,0,0
2008-04-30 00:00:00,0.087184106,0.029799676,0.273926416,3.777579019,2.428631694,0,0,0,0,0
2008-05-01 00:00:00,0.086855925,0.028847261,0.261661579,3.831813633,2.356802519,0,0,0,0,0
2008-05-02 00:00:00,0.088458134,0.029979932,0.277476658,3.742985698,2.430213014,0,0,0,0,0
2008-05-03 00:00:00,0.087799963,0.029444244,0.274346997,3.851663501,2.392087749,0,0,0,0,0
2008-05-04 00:00:00,0.087271168,0.029201284,0.276514444,3.948213403,2.384919092,0,0,0,0,0
2008-05-05 00:00:00,0.086472744,0.028868037,0.278835548,4.0671673,2.38023498,0,0,0,0,0
2008-05-06 00:00:00,0.085772851,0.028627689,0.282561515,4.175360941,2.385981172,0,0,0,0,0
2008-05-07 00:00:00,0.096426541,0.031299448,0.268461292,3.361174454,2.317807429,0,0,0,0,0
2008-05-08 00:00:00,0.096105418,0.03085553,0.265258462,3.424368962,2.283846156,0,0,0,0,0
2008-05-09 00:00:00,0.095858773,0.030496372,0.263315253,3.481915783,2.257218952,0,0,0,0,0
2008-05-10 00:00:00,0.095705121,0.030439024,0.266880159,3.527829308,2.262755193,0,0,0,0,0
2008-05-11 00:00:00,0.096235558,0.031295113,0.284023316,3.517567133,2.344023511,0,0,0,0,0
2008-05-12 00:00:00,0.09590929,0.030991929,0.283225919,3.586994083,2.319016761,0,0,0,0,0
2008-05-13 00:00:00,0.095590103,0.030735016,0.283603577,3.649454864,2.30459252,0,0,0,0,0
2008-05-14 00:00:00,0.095316764,0.030516501,0.28452013,3.706673391,2.29442638,0,0,0,0,0
2008-05-15 00:00:00,0.094929863,0.030255613,0.285341491,3.77220493,2.284149725,0,0,0,0,0
2008-05-16 00:00:00,0.094523979,0.029984457,0.286013482,3.83979885,2.272919067,0,0,0,0,0
2008-05-17 00:00:00,0.094107148,0.029869595,0.290187208,3.897588936,2.286767201,0,0,0,0,0
2008-05-18 00:00:00,0.093772428,0.029475314,0.287336164,3.975911843,2.248044033,0,0,0,0,0
2008-05-19 00:00:00,0.093337013,0.029408284,0.292566848,4.03201573,2.269864867,0,0,0,0,0
2008-05-20 00:00:00,0.093050619,0.029152055,0.292063794,4.104552946,2.244852613,0,0,0,0,0
2008-05-21 00:00:00,0.092646795,0.029037293,0.295741131,4.167782935,2.253056497,0,0,0,0,0
2008-05-22 00:00:00,0.092275334,0.028848752,0.297397523,4.239197577,2.244640349,0,0,0,0,0
2008-05-23 00:00:00,0.091863421,0.028696287,0.300097516,4.308585243,2.244858238,0,0,0,0,0
2008-05-24 00:00:00,0.091437274,0.028594583,0.304047814,4.373640487,2.255160873,0,0,0,0,0
2008-05-25 00:00:00,0.0913932,0.029290832,0.322090932,4.363114959,2.361796289,0,0,0,0,0
2008-05-26 00:00:00,0.092064374,0.029676113,0.327734929,4.340852485,2.374193014,0,0,0,0,0
2008-05-27 00:00:00,0.091626238,0.029238326,0.324522994,4.427229674,2.334679423,0,0,0,0,0
2008-05-28 00:00:00,0.091252755,0.029168688,0.328525104,4.484168787,2.34618584,0,0,0,0,0
2008-05-29 00:00:00,0.09172591,0.030942857,0.364469834,4.366862003,2.579117669,0,0,0,0,0
2008-05-30 00:00:00,0.096369936,0.036377375,0.436561188,3.98371973,2.954882751,0,0,0,0,0
2008-05-31 00:00:00,0.096192509,0.036028378,0.430699681,4.094466607,2.873014153,0,0,0,0,0
2008-06-01 00:00:00,0.095654075,0.035322783,0.423914515,4.158668947,2.826774779,0,0,0,0,0
2008-06-02 00:00:00,0.095270382,0.034244541,0.409785451,4.204020118,2.743609879,0,0,0,0,0
2008-06-03 00:00:00,0.095094218,0.033198022,0.394525487,4.241685321,2.6489223,0,0,0,0,0
2008-06-04 00:00:00,0.095290852,0.034208838,0.415672275,4.180700394,2.785211383,0,0,0,0,0
2008-06-05 00:00:00,0.106666374,0.047522121,0.571175063,3.463856936,3.525714623,0,0,0,0,0
2008-06-06 00:00:00,0.10859241,0.049987378,0.593557825,3.506373431,3.547928222,0,0,0,0,0
2008-06-07 00:00:00,0.113165884,0.048859947,0.54876375,3.230434113,3.295261693,0,0,0,0,0
2008-06-08 00:00:00,0.140703938,0.086116665,0.922119524,2.62838133,4.668094714,0,0,0,0,0
2008-06-09 00:00:00,0.153628027,0.089271023,0.864250793,2.348728556,4.196956759,0,0,0,0,0
2008-06-10 00:00:00,0.138524558,0.0592464,0.550420026,2.365796943,3.079228516,0,0,0,0,0
2008-06-11 00:00:00,0.134719933,0.046961023,0.403338687,2.348384104,2.500660758,0,0,0,0,0
2008-06-12 00:00:00,0.136939311,0.0471425,0.399172077,2.256273741,2.495448986,0,0,0,0,0
2008-06-13 00:00:00,0.140574489,0.050121176,0.423075096,2.180645662,2.567689955,0,0,0,0,0
2008-06-14 00:00:00,0.14093613,0.049792724,0.41761558,2.176843217,2.531055455,0,0,0,0,0
2008-06-15 00:00:00,0.138992957,0.046282701,0.379559166,2.217849147,2.365777621,0,0,0,0,0
2008-06-16 00:00:00,0.136964956,0.043510906,0.350583476,2.279906514,2.225759446,0,0,0,0,0
2008-06-17 00:00:00,0.13470759,0.041993839,0.340699715,2.355998163,2.169364382,0,0,0,0,0
2008-06-18 00:00:00,0.132143576,0.040833255,0.337552325,2.446259633,2.143337974,0,0,0,0,0
2008-06-19 00:00:00,0.129338936,0.039808282,0.337672314,2.548596658,2.13343324,0,0,0,0,0
2008-06-20 00:00:00,0.126370211,0.038798755,0.338841202,2.663381119,2.128321345,0,0,0,0,0
2008-06-21 00:00:00,0.12337065,0.037793378,0.34010878,2.78696004,2.123414911,0,0,0,0,0
2008-06-22 00:00:00,0.120480586,0.036865337,0.341985324,2.913532082,2.121662636,0,0,0,0,0
2008-06-23 00:00:00,0.117361012,0.035942243,0.345300217,3.056514208,2.129220419,0,0,0,0,0
2008-06-24 00:00:00,0.11409483,0.034937818,0.347936529,3.21992071,2.131776269,0,0,0,0,0
2008-06-25 00:00:00,0.110622449,0.03388634,0.350893095,3.40798969,2.135984794,0,0,0,0,0
2008-06-26 00:00:00,0.106873681,0.0327692,0.354327423,3.629487799,2.143125753,0,0,0,0,0
2008-06-27 00:00:00,0.103163744,0.031629522,0.357072201,3.875223486,2.14375518,0,0,0,0,0
2008-06-28 00:00:00,0.112349495,0.034283248,0.351517686,3.281050637,2.126441327,0,0,0,0,0
2008-06-29 00:00:00,0.110241134,0.033650154,0.353644969,3.390756781,2.128937175,0,0,0,0,0
2008-06-30 00:00:00,0.108080657,0.033068205,0.357120005,3.501371829,2.144019587,0,0,0,0,0
2008-07-01 00:00:00,0.105937858,0.032415859,0.359044159,3.622449055,2.147004238,0,0,0,0,0
2008-07-02 00:00:00,0.104135811,0.031920237,0.361717213,3.725082406,2.155137912,0,0,0,0,0
2008-07-03 00:00:00,0.102276662,0.031391945,0.364095377,3.833666127,2.163648633,0,0,0,0,0
2008-07-04 00:00:00,0.100347186,0.030805299,0.365820913,3.953757294,2.167762777,0,0,0,0,0
2008-07-05 00:00:00,0.098564131,0.030263213,0.367422951,4.06762596,2.171794143,0,0,0,0,0
2008-07-06 00:00:00,0.096992447,0.029829586,0.369738461,4.164853745,2.182888358,0,0,0,0,0
2008-07-07 00:00:00,0.097639493,0.031066897,0.388955252,4.0242941,2.327390153,0,0,0,0,0
2008-07-08 00:00:00,0.09875093,0.031892773,0.396866835,3.910385231,2.372506951,0,0,0,0,0
2008-07-09 00:00:00,0.096969191,0.031160057,0.394618614,4.042801959,2.343686607,0,0,0,0,0
2008-07-10 00:00:00,0.097730999,0.034884136,0.45367837,3.843886428,2.750044708,0,0,0,0,0
2008-07-11 00:00:00,0.109871964,0.048227716,0.582924665,3.218083114,3.351002461,0,0,0,0,0
2008-07-12 00:00:00,0.11342717,0.053006313,0.625390569,3.156828458,3.487620405,0,0,0,0,0
2008-07-13 00:00:00,0.110246862,0.047410478,0.563834368,3.223692193,3.199478771,0,0,0,0,0
2008-07-14 00:00:00,0.106196267,0.040430897,0.486222535,3.331230582,2.827972107,0,0,0,0,0
2008-07-15 00:00:00,0.103704336,0.036190419,0.436789396,3.420280401,2.571237328,0,0,0,0,0
2008-07-16 00:00:00,0.102234724,0.033959897,0.410482508,3.478126312,2.426594161,0,0,0,0,0
2008-07-17 00:00:00,0.100972988,0.032914579,0.40130355,3.513866744,2.386605293,0,0,0,0,0
2008-07-18 00:00:00,0.099902808,0.031492731,0.383023428,3.596563848,2.253075797,0,0,0,0,0
2008-07-19 00:00:00,0.098817062,0.030956398,0.379912079,3.640750666,2.233937355,0,0,0,0,0
2008-07-20 00:00:00,0.0976664,0.030724178,0.382624168,3.66660236,2.264595654,0,0,0,0,0
2008-07-21 00:00:00,0.096200045,0.030078448,0.379594381,3.742605551,2.243519042,0,0,0,0,0
2008-07-22 00:00:00,0.094805262,0.029397617,0.375192756,3.828598173,2.205351642,0,0,0,0,0
2008-07-23 00:00:00,0.093228449,0.028900516,0.375342393,3.90467553,2.211561074,0,0,0,0,0
2008-07-24 00:00:00,0.091746942,0.028239513,0.371646289,4.003563385,2.176785163,0,0,0,0,0
2008-07-25 00:00:00,0.090136717,0.027769329,0.372297165,4.087849221,2.186543221,0,0,0,0,0
2008-07-26 00:00:00,0.088483125,0.02725456,0.372336909,4.182993619,2.190679506,0,0,0,0,0
2008-07-27 00:00:00,0.08684495,0.026718886,0.371825328,4.284775061,2.189069502,0,0,0,0,0
2008-07-28 00:00:00,0.085223867,0.026194627,0.371388081,4.389287903,2.188354491,0,0,0,0,0
2008-07-29 00:00:00,0.083737386,0.02576741,0.371793385,4.478435546,2.196777928,0,0,0,0,0
2008-07-30 00:00:00,0.08221803,0.025361603,0.372872093,4.570640638,2.212132118,0,0,0,0,0
2008-07-31 00:00:00,0.080623397,0.024795575,0.371233305,4.696768856,2.197855555,0,0,0,0,0
2008-08-01 00:00:00,0.078895114,0.024486504,0.375627643,4.777106025,2.261337356,0,0,0,0,0
2008-08-02 00:00:00,0.077538234,0.023945945,0.37268858,4.910322154,2.225306947,0,0,0,0,0
2008-08-03 00:00:00,0.076084659,0.023810588,0.378464036,4.96869725,2.297709336,0,0,0,0,0
2008-08-04 00:00:00,0.078743951,0.025710499,0.394934149,4.554088673,2.440045474,0,0,0,0,0
2008-08-05 00:00:00,0.077106386,0.024516564,0.381961249,4.732295413,2.328299381,0,0,0,0,0
2008-08-06 00:00:00,0.075360295,0.024079577,0.383706725,4.849625687,2.36030996,0,0,0,0,0
2008-08-07 00:00:00,0.07412552,0.023532628,0.379778298,4.961701424,2.325806781,0,0,0,0,0
2008-08-08 00:00:00,0.072711153,0.023332847,0.383908881,5.01715643,2.392557852,0,0,0,0,0
2008-08-09 00:00:00,0.071860608,0.022751131,0.376503284,5.125157642,2.313190102,0,0,0,0,0
2008-08-10 00:00:00,0.070731276,0.022523977,0.377899629,5.18685699,2.341143828,0,0,0,0,0
2008-08-11 00:00:00,0.069429708,0.022117911,0.377040512,5.289638904,2.346143902,0,0,0,0,0
2008-08-12 00:00:00,0.068172624,0.021628801,0.374201138,5.405652777,2.329383977,0,0,0,0,0
2008-08-13 00:00:00,0.067299993,0.021607881,0.377789415,5.418846889,2.384693258,0,0,0,0,0
2008-08-14 00:00:00,0.065793256,0.021935542,0.39306642,5.370804765,2.607098095,0,0,0,0,0
2008-08-15 00:00:00,0.064358612,0.021675074,0.396049868,5.445319132,2.675737424,0,0,0,0,0
2008-08-16 00:00:00,0.062957783,0.021325535,0.397143206,5.52548172,2.728690747,0,0,0,0,0
2008-08-17 00:00:00,0.061534783,0.021072883,0.400283212,5.583986369,2.813005301,0,0,0,0,0
2008-08-18 00:00:00,0.059995273,0.021005279,0.408073134,5.595693716,2.968392662,0,0,0,0,0
2008-08-19 00:00:00,0.058407068,0.020810781,0.413814223,5.617220035,3.112662596,0,0,0,0,0
2008-08-20 00:00:00,0.057107785,0.02049763,0.414802841,5.683903534,3.177503253,0,0,0,0,0
2008-08-21 00:00:00,0.057953424,0.018345331,0.361037678,6.324375334,2.357653645,0,0,0,0,0
2008-08-22 00:00:00,0.055082617,0.019761781,0.410055556,5.870057502,3.186389035,0,0,0,0,0
2008-08-23 00:00:00,0.054135406,0.019776565,0.415019481,5.881103507,3.282356285,0,0,0,0,0
2008-08-24 00:00:00,0.053095646,0.019448695,0.413654832,5.972510505,3.303964004,0,0,0,0,0
2008-08-25 00:00:00,0.052061288,0.019082052,0.411407953,6.082227551,3.312816268,0,0,0,0,0
2008-08-26 00:00:00,0.051008466,0.019014831,0.415475623,6.129780534,3.403971014,0,0,0,0,0
2008-08-27 00:00:00,0.051565773,0.017190876,0.3694989,6.786071519,2.66119132,0,0,0,0,0
2008-08-28 00:00:00,0.049511664,0.019353347,0.428908605,6.126552128,3.618515273,0,0,0,0,0
2008-08-29 00:00:00,0.048610352,0.019125986,0.428620346,6.190836249,3.659179533,0,0,0,0,0
2008-08-30 00:00:00,0.047515131,0.018607354,0.423686782,6.340502417,3.648919529,0,0,0,0,0
2008-08-31 00:00:00,0.046454482,0.018346889,0.423848887,6.443074583,3.701240077,0,0,0,0,0
2008-09-01 00:00:00,0.045872367,0.017569602,0.408934892,6.748437829,3.491943825,0,0,0,0,0
2008-09-02 00:00:00,0.046526428,0.015104739,0.346666234,7.726325572,2.463356744,0,0,0,0,0
2008-09-03 00:00:00,0.045711975,0.014820861,0.34396304,7.867188473,2.452226349,0,0,0,0,0
2008-09-04 00:00:00,0.049086975,0.019590785,0.413741811,6.414334597,3.258059689,0,0,0,0,0
2008-09-05 00:00:00,0.049477508,0.02140478,0.448021635,5.661152715,3.810165684,0,0,0,0,0
2008-09-06 00:00:00,0.048361628,0.017504304,0.37085317,6.574837849,2.832146153,0,0,0,0,0
2008-09-07 00:00:00,0.04727577,0.020893448,0.449068331,5.963185785,3.887253274,0,0,0,0,0
2008-09-08 00:00:00,0.047572813,0.022105291,0.467981186,5.833222065,4.068835551,0,0,0,0,0
2008-09-09 00:00:00,0.047759218,0.022916221,0.479793904,5.718624254,4.191416583,0,0,0,0,0
2008-09-10 00:00:00,0.046290891,0.016970288,0.36225374,6.826955185,2.789475571,0,0,0,0,0
2008-09-11 00:00:00,0.045919801,0.016982982,0.36213005,6.820474203,2.811337088,0,0,0,0,0
2008-09-12 00:00:00,0.046226948,0.01872131,0.39175682,6.611574704,3.129985246,0,0,0,0,0
2008-09-13 00:00:00,0.052168073,0.025458689,0.473788367,5.309724363,3.836462902,0,0,0,0,0
2008-09-14 00:00:00,0.053318674,0.0282814,0.51694133,5.034974273,4.242360469,0,0,0,0,0
2008-09-15 00:00:00,0.05311001,0.02807736,0.509066512,5.153979881,4.135201789,0,0,0,0,0
2008-09-16 00:00:00,0.054668515,0.032870448,0.590006839,4.737053324,4.92416449,0,0,0,0,0
2008-09-17 00:00:00,0.050333555,0.024930379,0.465707788,5.379092027,3.859875511,0,0,0,0,0
2008-09-18 00:00:00,0.047220341,0.019214539,0.372979211,5.892146466,3.04087303,0,0,0,0,0
2008-09-19 00:00:00,0.045820964,0.017626364,0.349388315,6.040019686,2.875195335,0,0,0,0,0
2008-09-20 00:00:00,0.045495051,0.020498695,0.413455706,5.60193125,3.691959637,0,0,0,0,0
2008-09-21 00:00:00,0.043787272,0.016979523,0.348707776,6.075932989,3.034898142,0,0,0,0,0
2008-09-22 00:00:00,0.04268202,0.014789151,0.305898785,6.435386146,2.576155853,0,0,0,0,0
2008-09-23 00:00:00,0.04189983,0.014290366,0.298096719,6.531771851,2.53294716,0,0,0,0,0
2008-09-24 00:00:00,0.041487175,0.015562045,0.328141547,6.265318158,2.969203766,0,0,0,0,0
2008-09-25 00:00:00,0.040619117,0.015024594,0.320470424,6.366394251,2.939360188,0,0,0,0,0
2008-09-26 00:00:00,0.039680616,0.015368756,0.334601596,6.294576028,3.207356957,0,0,0,0,0
2008-09-27 00:00:00,0.038930942,0.014249553,0.311185927,6.570469305,2.942605055,0,0,0,0,0
2008-09-28 00:00:00,0.038027493,0.014169939,0.314809577,6.583190671,3.074259618,0,0,0,0,0
2008-09-29 00:00:00,0.037407929,0.0138412,0.309221191,6.679656908,3.047054064,0,0,0,0,0
2008-09-30 00:00:00,0.036815245,0.013721578,0.308536914,6.721440824,3.088958657,0,0,0,0,0
2008-10-01 00:00:00,0.036154192,0.013537559,0.306874564,6.795407916,3.119348849,0,0,0,0,0
2008-10-02 00:00:00,0.035602497,0.012967924,0.294126625,6.995152045,2.975752593,0,0,0,0,0
2008-10-03 00:00:00,0.035087168,0.013204598,0.301801507,6.951566423,3.13123673,0,0,0,0,0
2008-10-04 00:00:00,0.034378063,0.013068001,0.302128896,7.019023896,3.198698916,0,0,0,0,0
2008-10-05 00:00:00,0.034930297,0.011580938,0.252895496,7.408746562,2.451045879,0,0,0,0,0
2008-10-06 00:00:00,0.034729238,0.011616877,0.252069727,7.343086097,2.483382072,0,0,0,0,0
2008-10-07 00:00:00,0.038033942,0.017244381,0.350397432,6.262010205,3.507580257,0,0,0,0,0
2008-10-08 00:00:00,0.041052245,0.021878092,0.427168899,5.358621097,4.302310656,0,0,0,0,0
2008-10-09 00:00:00,0.041026305,0.02243245,0.43353245,5.561587794,4.306458193,0,0,0,0,0
2008-10-10 00:00:00,0.039585838,0.019394432,0.368585174,6.084886517,3.599320487,0,0,0,0,0
2008-10-11 00:00:00,0.038610939,0.018368247,0.35192735,6.183290739,3.493408103,0,0,0,0,0
2008-10-12 00:00:00,0.037260599,0.016750171,0.325493032,6.326703859,3.309142737,0,0,0,0,0
2008-10-13 00:00:00,0.035915364,0.01510619,0.297270871,6.511488855,3.094531296,0,0,0,0,0
2008-10-14 00:00:00,0.036215282,0.017303273,0.348302402,6.154267074,3.734417593,0,0,0,0,0
2008-10-15 00:00:00,0.03709149,0.018525836,0.364985045,5.927371533,3.893061486,0,0,0,0,0
2008-10-16 00:00:00,0.036467884,0.017900192,0.353294647,5.997968949,3.816958153,0,0,0,0,0
2008-10-17 00:00:00,0.035726829,0.017299765,0.343126164,6.1258977,3.753779024,0,0,0,0,0
2008-10-18 00:00:00,0.033886102,0.013637198,0.264766065,6.648957998,2.943658554,0,0,0,0,0
2008-10-19 00:00:00,0.034413675,0.016149004,0.322809728,6.283790355,3.642809775,0,0,0,0,0
2008-10-20 00:00:00,0.033901165,0.015602365,0.311506149,6.327957681,3.569724339,0,0,0,0,0
2008-10-21 00:00:00,0.033142149,0.014822186,0.296834458,6.440577277,3.46874861,0,0,0,0,0
2008-10-22 00:00:00,0.03159075,0.011508542,0.220259862,7.001376698,2.634372856,0,0,0,0,0
2008-10-23 00:00:00,0.031781916,0.012237887,0.233701549,6.890050139,2.801365635,0,0,0,0,0
2008-10-24 00:00:00,0.033216762,0.014063241,0.261695859,6.439239967,3.087183033,0,0,0,0,0
2008-10-25 00:00:00,0.034867548,0.01785834,0.341051979,5.969524614,3.927364356,0,0,0,0,0
2008-10-26 00:00:00,0.034544467,0.017629504,0.334342207,6.08280065,3.863565271,0,0,0,0,0
2008-10-27 00:00:00,0.033932062,0.017021319,0.322378606,6.181868839,3.78002704,0,0,0,0,0
2008-10-28 00:00:00,0.03324827,0.016335654,0.309757525,6.267586214,3.702504852,0,0,0,0,0
2008-10-29 00:00:00,0.032548371,0.015676999,0.297996792,6.351063093,3.638061457,0,0,0,0,0
2008-10-30 00:00:00,0.031725308,0.014848045,0.283039076,6.464970236,3.545146763,0,0,0,0,0
2008-10-31 00:00:00,0.030931601,0.014081129,0.269211917,6.580421488,3.462907074,0,0,0,0,0
2008-11-01 00:00:00,0.030163484,0.013325895,0.254954078,6.703252986,3.372119903,0,0,0,0,0
2008-11-02 00:00:00,0.029453613,0.012581192,0.239757285,6.832646556,3.263428135,0,0,0,0,0
2008-11-03 00:00:00,0.029033227,0.012414545,0.23762602,6.878418679,3.291236071,0,0,0,0,0
2008-11-04 00:00:00,0.027950174,0.010136896,0.178134179,7.332173607,2.631815924,0,0,0,0,0
2008-11-05 00:00:00,0.027504287,0.009841657,0.171489536,7.43976137,2.595990255,0,0,0,0,0
2008-11-06 00:00:00,0.028479234,0.011203123,0.195540834,7.092997069,2.850899107,0,0,0,0,0
2008-11-07 00:00:00,0.029363885,0.013311497,0.24624134,6.665533958,3.449467327,0,0,0,0,0
2008-11-08 00:00:00,0.029231134,0.013374175,0.246514951,6.692692972,3.473150071,0,0,0,0,0
2008-11-09 00:00:00,0.029288519,0.013775505,0.253353742,6.751073981,3.538900394,0,0,0,0,0
2008-11-10 00:00:00,0.02800834,0.011216317,0.187161051,7.169846138,2.842813059,0,0,0,0,0
2008-11-11 00:00:00,0.028936782,0.013695933,0.248621955,6.883066365,3.518869241,0,0,0,0,0
2008-11-12 00:00:00,0.027659025,0.011030845,0.179101663,7.236230796,2.803855614,0,0,0,0,0
2008-11-13 00:00:00,0.03073126,0.016681986,0.307011422,6.519804053,4.082642034,0,0,0,0,0
2008-11-14 00:00:00,0.031449931,0.017201059,0.30777391,6.377067362,4.05578652,0,0,0,0,0
2008-11-15 00:00:00,0.030973909,0.016641015,0.29378739,6.521426111,3.930191344,0,0,0,0,0
2008-11-16 00:00:00,0.030547254,0.016218605,0.28447176,6.601973556,3.868514573,0,0,0,0,0
2008-11-17 00:00:00,0.029989165,0.015591421,0.271463386,6.676073331,3.783407162,0,0,0,0,0
2008-11-18 00:00:00,0.02953654,0.015133468,0.262136699,6.726950637,3.733465547,0,0,0,0,0
2008-11-19 00:00:00,0.029002169,0.014560513,0.250533427,6.789827894,3.665417092,0,0,0,0,0
2008-11-20 00:00:00,0.028393685,0.013876083,0.236471723,6.865072255,3.576633587,0,0,0,0,0
2008-11-21 00:00:00,0.027794457,0.013203857,0.222399963,6.942636802,3.486675747,0,0,0,0,0
2008-11-22 00:00:00,0.026059473,0.010028968,0.140823864,7.31647495,2.697366647,0,0,0,0,0
2008-11-23 00:00:00,0.026563159,0.011686947,0.187969195,7.131457334,3.23460467,0,0,0,0,0
2008-11-24 00:00:00,0.027607796,0.013403683,0.225485245,6.918566151,3.596079545,0,0,0,0,0
2008-11-25 00:00:00,0.026904691,0.012372626,0.200567073,7.015532583,3.393423917,0,0,0,0,0
2008-11-26 00:00:00,0.026651093,0.012159442,0.194987139,7.072895197,3.362997689,0,0,0,0,0
2008-11-27 00:00:00,0.026484612,0.012061786,0.19179953,7.117595456,3.352173076,0,0,0,0,0
2008-11-28 00:00:00,0.025981221,0.011244113,0.16882067,7.245367318,3.13898244,0,0,0,0,0
2008-11-29 00:00:00,0.024963164,0.0093107,0.114470801,7.498922963,2.605098427,0,0,0,0,0
2008-11-30 00:00:00,0.026550568,0.012479358,0.197729075,7.125624964,3.454328176,0,0,0,0,0
2008-12-01 00:00:00,0.026451322,0.012076465,0.182043514,7.148304341,3.298608168,0,0,0,0,0
2008-12-02 00:00:00,0.0267937,0.012970455,0.205073195,7.137137606,3.53341364,0,0,0,0,0
2008-12-03 00:00:00,0.026216875,0.011841583,0.171505277,7.280341705,3.207892693,0,0,0,0,0
2008-12-04 00:00:00,0.026364313,0.012175234,0.178472011,7.26489947,3.286873991,0,0,0,0,0
2008-12-05 00:00:00,0.026524246,0.012785874,0.196104162,7.254424296,3.483269287,0,0,0,0,0
2008-12-06 00:00:00,0.025901586,0.011673741,0.164274304,7.388436322,3.187314526,0,0,0,0,0
2008-12-07 00:00:00,0.025572929,0.011266335,0.153733273,7.450044228,3.111888505,0,0,0,0,0
2008-12-08 00:00:00,0.024389212,0.00924305,0.099191526,7.651598605,2.618263859,0,0,0,0,0
2008-12-09 00:00:00,0.025855132,0.011407995,0.149561292,7.347616616,3.084998854,0,0,0,0,0
2008-12-10 00:00:00,0.025763496,0.011347429,0.147380211,7.366743748,3.08316312,0,0,0,0,0
2008-12-11 00:00:00,0.026747703,0.013398756,0.20360754,7.261644555,3.627065235,0,0,0,0,0
2008-12-12 00:00:00,0.02648162,0.013092403,0.196032276,7.31327855,3.578437105,0,0,0,0,0
2008-12-13 00:00:00,0.026307347,0.01245367,0.172053686,7.364459701,3.336196639,0,0,0,0,0
2008-12-14 00:00:00,0.028921694,0.015321997,0.22056776,7.011184342,3.655389215,0,0,0,0,0
2008-12-15 00:00:00,0.028248908,0.013727379,0.174533334,6.940693932,3.264985665,0,0,0,0,0
2008-12-16 00:00:00,0.027400547,0.012495269,0.143537016,7.071376666,3.01028279,0,0,0,0,0
2008-12-17 00:00:00,0.029425607,0.015587479,0.213623344,6.984657806,3.572793027,0,0,0,0,0
2008-12-18 00:00:00,0.026376716,0.011114975,0.111966411,7.148635792,2.797443721,0,0,0,0,0
2008-12-19 00:00:00,0.026949165,0.011845379,0.125802866,7.090933896,2.910263507,0,0,0,0,0
2008-12-20 00:00:00,0.026773457,0.011654173,0.122706996,7.075373066,2.914909036,0,0,0,0,0
2008-12-21 00:00:00,0.026213192,0.010802886,0.101928421,7.098566531,2.765106278,0,0,0,0,0
2008-12-22 00:00:00,0.0257766,0.010222378,0.088543556,7.133427749,2.678553013,0,0,0,0,0
2008-12-23 00:00:00,0.025336032,0.009596341,0.07318066,7.172951316,2.570971315,0,0,0,0,0
2008-12-24 00:00:00,0.025270464,0.009563126,0.072387544,7.198088846,2.579564491,0,0,0,0,0
2008-12-25 00:00:00,0.025122125,0.009326952,0.06576486,7.210383093,2.53868993,0,0,0,0,0
2008-12-26 00:00:00,0.026653892,0.011337907,0.110151084,7.038583576,2.890074817,0,0,0,0,0
2008-12-27 00:00:00,0.031022282,0.016310685,0.202229396,6.593239897,3.506985873,0,0,0,0,0
2008-12-28 00:00:00,0.031152971,0.015864367,0.179428417,6.53269315,3.2888929,0,0,0,0,0
2008-12-29 00:00:00,0.031576241,0.016302714,0.183852773,6.556733723,3.299717487,0,0,0,0,0
2008-12-30 00:00:00,0.031058444,0.015481168,0.165944321,6.524664658,3.187448451,0,0,0,0,0
2008-12-31 00:00:00,0.031373139,0.015984964,0.180150108,6.497033635,3.318037821,0,0,0,0,0
2009-01-01 00:00:00,0.03158963,0.016548237,0.199837719,6.494371997,3.507012149,0,0,0,0,0
2009-01-02 00:00:00,0.028667974,0.012109425,0.098650104,6.460753132,2.791850066,0,0,0,0,0
2009-01-03 00:00:00,0.029166892,0.013114971,0.127918874,6.476003855,3.047910459,0,0,0,0,0
2009-01-04 00:00:00,0.02807331,0.011268777,0.081963544,6.459166071,2.709615756,0,0,0,0,0
2009-01-05 00:00:00,0.027755383,0.010765199,0.070240782,6.469943682,2.634226129,0,0,0,0,0
2009-01-06 00:00:00,0.028046858,0.011373549,0.088475968,6.486645165,2.798754088,0,0,0,0,0
2009-01-07 00:00:00,0.027277918,0.009945158,0.049285114,6.50589317,2.488968139,0,0,0,0,0
2009-01-08 00:00:00,0.02703377,0.009500936,0.037519133,6.53057911,2.403053406,0,0,0,0,0
2009-01-09 00:00:00,0.026918462,0.009381236,0.035230878,6.581066856,2.393148063,0,0,0,0,0
2009-01-10 00:00:00,0.027223212,0.009775342,0.044516513,6.583719913,2.467087682,0,0,0,0,0
2009-01-11 00:00:00,0.027196981,0.009700265,0.042384812,6.614085598,2.453789645,0,0,0,0,0
2009-01-12 00:00:00,0.02703002,0.009415788,0.034797421,6.662239786,2.396156059,0,0,0,0,0
2009-01-13 00:00:00,0.027091047,0.009483957,0.036453248,6.695146086,2.41108091,0,0,0,0,0
2009-01-14 00:00:00,0.02723108,0.00968559,0.041870772,6.728635596,2.454764626,0,0,0,0,0
2009-01-15 00:00:00,0.028009916,0.011350123,0.093128714,6.748015228,2.893573691,0,0,0,0,0
2009-01-16 00:00:00,0.02728472,0.009697722,0.04202799,6.807179226,2.456177314,0,0,0,0,0
2009-01-17 00:00:00,0.027534667,0.010198594,0.05759722,6.842648511,2.588371184,0,0,0,0,0
2009-01-18 00:00:00,0.027359601,0.00973354,0.042985926,6.890750429,2.461587731,0,0,0,0,0
2009-01-19 00:00:00,0.027632857,0.010261562,0.059393988,6.923284445,2.599380556,0,0,0,0,0
2009-01-20 00:00:00,0.027512362,0.009863079,0.046387303,6.967643046,2.484021903,0,0,0,0,0
2009-01-21 00:00:00,0.027580348,0.009905008,0.047466397,7.007008189,2.489785149,0,0,0,0,0
2009-01-22 00:00:00,0.027655264,0.00995403,0.048776568,7.044782829,2.49691863,0,0,0,0,0
2009-01-23 00:00:00,0.027739246,0.010006068,0.05013441,7.081240757,2.504005949,0,0,0,0,0
2009-01-24 00:00:00,0.027818198,0.010037613,0.050949698,7.1170514,2.506416783,0,0,0,0,0
2009-01-25 00:00:00,0.027923995,0.010101081,0.052495843,7.148227621,2.513977002,0,0,0,0,0
2009-01-26 00:00:00,0.028040401,0.010172373,0.05428528,7.177527133,2.522925684,0,0,0,0,0
2009-01-27 00:00:00,0.028161593,0.010239371,0.055913795,7.206046256,2.530204673,0,0,0,0,0
2009-01-28 00:00:00,0.028292893,0.010316661,0.05778518,7.231821594,2.538957672,0,0,0,0,0
2009-01-29 00:00:00,0.028436658,0.010403796,0.059889303,7.255393634,2.549130572,0,0,0,0,0
2009-01-30 00:00:00,0.028578488,0.010483974,0.061871851,7.278182024,2.558150814,0,0,0,0,0
2009-01-31 00:00:00,0.028753789,0.010618859,0.065583962,7.298138303,2.580976345,0,0,0,0,0
2009-02-01 00:00:00,0.030157915,0.01251062,0.112549044,7.162825114,2.919049369,0,0,0,0,0
2009-02-02 00:00:00,0.0298536,0.011561771,0.084869973,7.160268279,2.700740601,0,0,0,0,0
2009-02-03 00:00:00,0.030119335,0.011858617,0.092609153,7.187877815,2.7485026,0,0,0,0,0
2009-02-04 00:00:00,0.03034895,0.012003339,0.095580051,7.198092987,2.759518084,0,0,0,0,0
2009-02-05 00:00:00,0.030393239,0.011773653,0.088207643,7.212115193,2.692593318,0,0,0,0,0
2009-02-06 00:00:00,0.031089549,0.012538192,0.105731562,7.15947374,2.80541823,0,0,0,0,0
2009-02-07 00:00:00,0.033562164,0.015123477,0.156948567,6.802921378,3.126258383,0,0,0,0,0
2009-02-08 00:00:00,0.033106045,0.01399685,0.128381588,6.784212931,2.923802457,0,0,0,0,0
2009-02-09 00:00:00,0.037907572,0.019759432,0.239197668,6.508980759,3.553409393,0,0,0,0,0
2009-02-10 00:00:00,0.049438784,0.031392038,0.401917259,5.821421341,4.242942016,0,0,0,0,0
2009-02-11 00:00:00,0.057844931,0.04070217,0.516153199,5.935858569,4.598960214,0,0,0,0,0
2009-02-12 00:00:00,0.057247911,0.039568573,0.493838283,5.885950573,4.466488118,0,0,0,0,0
2009-02-13 00:00:00,0.051770142,0.032635913,0.399112328,5.67507907,4.100212902,0,0,0,0,0
2009-02-14 00:00:00,0.04864969,0.028771959,0.352542548,5.53315008,3.964687095,0,0,0,0,0
2009-02-15 00:00:00,0.043965161,0.021930179,0.230955681,5.356213447,3.349826284,0,0,0,0,0
2009-02-16 00:00:00,0.040973975,0.016864849,0.128419743,5.216510902,2.771437746,0,0,0,0,0
2009-02-17 00:00:00,0.041192682,0.01687163,0.132425797,5.154218497,2.816207751,0,0,0,0,0
2009-02-18 00:00:00,0.040663643,0.015332205,0.09646656,5.088665595,2.589956418,0,0,0,0,0
2009-02-19 00:00:00,0.040565613,0.014749612,0.083704743,5.072734849,2.50725568,0,0,0,0,0
2009-02-20 00:00:00,0.040315226,0.013909679,0.064444443,5.074316177,2.378382158,0,0,0,0,0
2009-02-21 00:00:00,0.040597195,0.014086047,0.069477264,5.087773466,2.40395117,0,0,0,0,0
2009-02-22 00:00:00,0.040823701,0.014152247,0.071823987,5.103718834,2.410731784,0,0,0,0,0
2009-02-23 00:00:00,0.040933885,0.014078905,0.071168089,5.13449895,2.396983679,0,0,0,0,0
2009-02-24 00:00:00,0.041038014,0.014018627,0.070867677,5.171236622,2.384621601,0,0,0,0,0
2009-02-25 00:00:00,0.042450287,0.015859811,0.112288427,5.124725201,2.634377501,0,0,0,0,0
2009-02-26 00:00:00,0.047026854,0.021338224,0.213326987,4.936915458,3.171959385,0,0,0,0,0
2009-02-27 00:00:00,0.049407,0.023009032,0.22339544,4.845925106,3.126855277,0,0,0,0,0
2009-02-28 00:00:00,0.051041135,0.024731746,0.248372107,4.860814228,3.212327664,0,0,0,0,0
2009-03-01 00:00:00,0.050402947,0.023344967,0.224346207,4.819866703,3.087949524,0,0,0,0,0
2009-03-02 00:00:00,0.048867392,0.020766373,0.180827515,4.785473251,2.873971218,0,0,0,0,0
2009-03-03 00:00:00,0.047789768,0.018800984,0.146451709,4.772023997,2.696428813,0,0,0,0,0
2009-03-04 00:00:00,0.04728092,0.017596114,0.124441925,4.767170548,2.574820848,0,0,0,0,0
2009-03-05 00:00:00,0.04709909,0.01684976,0.110232421,4.768819583,2.489674125,0,0,0,0,0
2009-03-06 00:00:00,0.047137185,0.016429312,0.102127779,4.773398704,2.435229718,0,0,0,0,0
2009-03-07 00:00:00,0.050743608,0.020624514,0.179918413,4.579753385,2.856187537,0,0,0,0,0
2009-03-08 00:00:00,0.05624948,0.026461867,0.264735764,4.408952338,3.207518917,0,0,0,0,0
2009-03-09 00:00:00,0.060681348,0.031096881,0.324252328,4.345998135,3.409877732,0,0,0,0,0
2009-03-10 00:00:00,0.064158146,0.034231864,0.360823277,4.225361081,3.529016786,0,0,0,0,0
2009-03-11 00:00:00,0.061138582,0.029254194,0.282499256,4.14527308,3.176321127,0,0,0,0,0
2009-03-12 00:00:00,0.059397615,0.026276572,0.239401379,4.082093428,2.999462913,0,0,0,0,0
2009-03-13 00:00:00,0.057471567,0.022643625,0.17800899,4.035041254,2.705309332,0,0,0,0,0
2009-03-14 00:00:00,0.056814728,0.020990336,0.150000618,4.012656399,2.566703195,0,0,0,0,0
2009-03-15 00:00:00,0.056443502,0.019716572,0.126341865,4.011368917,2.435189254,0,0,0,0,0
2009-03-16 00:00:00,0.056285297,0.018794528,0.108067777,4.029849641,2.321378143,0,0,0,0,0
2009-03-17 00:00:00,0.056374704,0.018588126,0.106085153,4.059553296,2.301569064,0,0,0,0,0
2009-03-18 00:00:00,0.056452663,0.01844995,0.105708861,4.099768499,2.289028912,0,0,0,0,0
2009-03-19 00:00:00,0.056519119,0.018276607,0.104016717,4.149441793,2.264024135,0,0,0,0,0
2009-03-20 00:00:00,0.05663629,0.018218974,0.104920631,4.200816453,2.253136501,0,0,0,0,0
2009-03-21 00:00:00,0.056779071,0.018179553,0.105784729,4.254815501,2.23908482,0,0,0,0,0
2009-03-22 00:00:00,0.056886558,0.018228426,0.109630106,4.313831402,2.245776417,0,0,0,0,0
2009-03-23 00:00:00,0.057529663,0.018982512,0.127486529,4.316078518,2.339070704,0,0,0,0,0
2009-03-24 00:00:00,0.066069852,0.030206915,0.318008714,3.971138294,3.28121353,0,0,0,0,0
2009-03-25 00:00:00,0.072312982,0.036203311,0.379174195,3.874122573,3.412894871,0,0,0,0,0
2009-03-26 00:00:00,0.072759267,0.035602216,0.363107509,3.840678451,3.308263681,0,0,0,0,0
2009-03-27 00:00:00,0.069380614,0.029848225,0.27857153,3.813295924,2.949357507,0,0,0,0,0
2009-03-28 00:00:00,0.067673408,0.02641377,0.225834428,3.796596149,2.714134555,0,0,0,0,0
2009-03-29 00:00:00,0.067594038,0.025180859,0.20479421,3.762707222,2.610753634,0,0,0,0,0
2009-03-30 00:00:00,0.067429759,0.02390243,0.182036503,3.758695646,2.488593779,0,0,0,0,0
2009-03-31 00:00:00,0.068674924,0.024786349,0.19616256,3.708941439,2.54999687,0,0,0,0,0
2009-04-01 00:00:00,0.068994238,0.024353358,0.187270312,3.712998967,2.487576236,0,0,0,0,0
2009-04-02 00:00:00,0.06921988,0.023983787,0.180898964,3.729826218,2.439873864,0,0,0,0,0
2009-04-03 00:00:00,0.069407178,0.023672099,0.176293015,3.752461329,2.402623918,0,0,0,0,0
2009-04-04 00:00:00,0.06944352,0.023250721,0.170412148,3.790101094,2.358071749,0,0,0,0,0
2009-04-05 00:00:00,0.069600957,0.023151853,0.171221482,3.823119189,2.351351495,0,0,0,0,0
2009-04-06 00:00:00,0.069726206,0.023268868,0.177881201,3.857653505,2.381593516,0,0,0,0,0
2009-04-07 00:00:00,0.069709514,0.022681863,0.167247352,3.920458931,2.29896369,0,0,0,0,0
2009-04-08 00:00:00,0.069731646,0.02249801,0.166596557,3.977314076,2.278864521,0,0,0,0,0
2009-04-09 00:00:00,0.069760199,0.022527346,0.171502111,4.029793687,2.295077203,0,0,0,0,0
2009-04-10 00:00:00,0.069770567,0.022419589,0.172776988,4.090963799,2.285715079,0,0,0,0,0
2009-04-11 00:00:00,0.06978768,0.022367872,0.175302944,4.152319769,2.283797087,0,0,0,0,0
2009-04-12 00:00:00,0.069823307,0.022184741,0.174038709,4.223490127,2.253333099,0,0,0,0,0
2009-04-13 00:00:00,0.069809958,0.022444678,0.185306306,4.269959749,2.313955072,0,0,0,0,0
2009-04-14 00:00:00,0.069982873,0.022207682,0.180840508,4.34294694,2.255568444,0,0,0,0,0
2009-04-15 00:00:00,0.070001514,0.022513573,0.192949764,4.385321644,2.321288082,0,0,0,0,0
2009-04-16 00:00:00,0.070055092,0.022377728,0.192552298,4.460091215,2.294032956,0,0,0,0,0
2009-04-17 00:00:00,0.070102189,0.022272727,0.193126168,4.53431067,2.273728284,0,0,0,0,0
2009-04-18 00:00:00,0.070124558,0.02220831,0.195023519,4.606472167,2.263905103,0,0,0,0,0
2009-04-19 00:00:00,0.071247218,0.024018192,0.233870876,4.502783737,2.492105972,0,0,0,0,0
2009-04-20 00:00:00,0.073703205,0.026605121,0.277724926,4.284012785,2.731771874,0,0,0,0,0
2009-04-21 00:00:00,0.075712195,0.028561001,0.305765522,4.207060921,2.837119052,0,0,0,0,0
2009-04-22 00:00:00,0.076654473,0.029568564,0.321895712,4.214977438,2.889285127,0,0,0,0,0
2009-04-23 00:00:00,0.076615281,0.028066639,0.291586244,4.289602036,2.690695161,0,0,0,0,0
2009-04-24 00:00:00,0.076909194,0.028028055,0.292795446,4.303277175,2.686809695,0,0,0,0,0
2009-04-25 00:00:00,0.084268118,0.037905621,0.443792489,3.820377439,3.436023313,0,0,0,0,0
2009-04-26 00:00:00,0.09533271,0.048333719,0.548084597,3.427258111,3.74673125,0,0,0,0,0
2009-04-27 00:00:00,0.09771314,0.049462675,0.545751316,3.407428455,3.657038095,0,0,0,0,0
2009-04-28 00:00:00,0.094168999,0.041828422,0.439741017,3.419023616,3.214766751,0,0,0,0,0
2009-04-29 00:00:00,0.091361708,0.035428565,0.34830915,3.45313123,2.818878385,0,0,0,0,0
2009-04-30 00:00:00,0.091669851,0.033732159,0.319762004,3.407548451,2.686371531,0,0,0,0,0
2009-05-01 00:00:00,0.091618603,0.03181036,0.287420452,3.415550397,2.520097431,0,0,0,0,0
2009-05-02 00:00:00,0.091832247,0.030893235,0.272301198,3.424059598,2.435815986,0,0,0,0,0
2009-05-03 00:00:00,0.091991083,0.030351325,0.264641466,3.444390002,2.387012948,0,0,0,0,0
2009-05-04 00:00:00,0.09202798,0.029768575,0.25617535,3.48550916,2.32626034,0,0,0,0,0
2009-05-05 00:00:00,0.092047728,0.02913312,0.245954253,3.54334622,2.246493097,0,0,0,0,0
2009-05-06 00:00:00,0.092726381,0.030859269,0.28182978,3.494860603,2.446270367,0,0,0,0,0
2009-05-07 00:00:00,0.09370441,0.031508397,0.290677452,3.48234668,2.467167015,0,0,0,0,0
2009-05-08 00:00:00,0.094640041,0.032990568,0.316816908,3.456829127,2.588714776,0,0,0,0,0
2009-05-09 00:00:00,0.097782944,0.03630864,0.360841795,3.318555877,2.780850499,0,0,0,0,0
2009-05-10 00:00:00,0.098398221,0.037227808,0.376173013,3.332631028,2.834612179,0,0,0,0,0
2009-05-11 00:00:00,0.09809351,0.035229661,0.342687466,3.399363215,2.638875735,0,0,0,0,0
2009-05-12 00:00:00,0.097725699,0.033948952,0.325110839,3.445074142,2.541873733,0,0,0,0,0
2009-05-13 00:00:00,0.09961276,0.036203676,0.359489204,3.339217237,2.715694285,0,0,0,0,0
2009-05-14 00:00:00,0.101981987,0.037864565,0.375905403,3.255252146,2.764925755,0,0,0,0,0
2009-05-15 00:00:00,0.102930082,0.039313868,0.39975715,3.225669808,2.875018697,0,0,0,0,0
2009-05-16 00:00:00,0.102862021,0.037614447,0.372176277,3.258001725,2.721544459,0,0,0,0,0
2009-05-17 00:00:00,0.102283191,0.035284409,0.336865579,3.316490974,2.532370538,0,0,0,0,0
2009-05-18 00:00:00,0.101890411,0.033711026,0.313711154,3.371102825,2.40124556,0,0,0,0,0
2009-05-19 00:00:00,0.101668399,0.032804329,0.301354806,3.42038086,2.321971795,0,0,0,0,0
2009-05-20 00:00:00,0.101388573,0.032213527,0.295158611,3.472294434,2.27481463,0,0,0,0,0
2009-05-21 00:00:00,0.101068773,0.031738098,0.291150784,3.529557284,2.236789387,0,0,0,0,0
2009-05-22 00:00:00,0.100873588,0.031555379,0.291981933,3.574029691,2.226208518,0,0,0,0,0
2009-05-23 00:00:00,0.100774513,0.032142348,0.308224843,3.571060979,2.32037472,0,0,0,0,0
2009-05-24 00:00:00,0.10041119,0.031524408,0.300650426,3.654928481,2.24822235,0,0,0,0,0
2009-05-25 00:00:00,0.099905993,0.031218154,0.300790584,3.725034365,2.230827314,0,0,0,0,0
2009-05-26 00:00:00,0.099609726,0.031389858,0.309401763,3.756165378,2.272167631,0,0,0,0,0
2009-05-27 00:00:00,0.10032319,0.033014283,0.339755441,3.678811317,2.447182987,0,0,0,0,0
2009-05-28 00:00:00,0.100248592,0.033043071,0.342381701,3.734828524,2.431270385,0,0,0,0,0
2009-05-29 00:00:00,0.099793148,0.032977039,0.346414263,3.795991437,2.436539249,0,0,0,0,0
2009-05-30 00:00:00,0.099276918,0.032567906,0.34478405,3.860010025,2.41392797,0,0,0,0,0
2009-05-31 00:00:00,0.098766295,0.032285099,0.345554143,3.916722849,2.408133321,0,0,0,0,0
2009-06-01 00:00:00,0.098458935,0.032164897,0.34795267,3.958756479,2.410379643,0,0,0,0,0
2009-06-02 00:00:00,0.097855813,0.031626528,0.344033036,4.037069035,2.371628068,0,0,0,0,0
2009-06-03 00:00:00,0.097263786,0.031312178,0.344602161,4.100922288,2.364690457,0,0,0,0,0
2009-06-04 00:00:00,0.096593698,0.030943967,0.344449746,4.173198289,2.353008424,0,0,0,0,0
2009-06-05 00:00:00,0.095897493,0.030537518,0.343654735,4.251227532,2.336303691,0,0,0,0,0
2009-06-06 00:00:00,0.09541916,0.030044105,0.339291077,4.332386927,2.288785037,0,0,0,0,0
2009-06-07 00:00:00,0.096067293,0.033141405,0.398837223,4.108777641,2.696740767,0,0,0,0,0
2009-06-08 00:00:00,0.101302404,0.037158538,0.438178582,3.751677559,2.872477905,0,0,0,0,0
2009-06-09 00:00:00,0.101320774,0.037176427,0.437078011,3.837418453,2.813184471,0,0,0,0,0
2009-06-10 00:00:00,0.10135653,0.037171552,0.438249982,3.855448654,2.80441848,0,0,0,0,0
2009-06-11 00:00:00,0.101135627,0.036325995,0.427221161,3.880151464,2.73723502,0,0,0,0,0
2009-06-12 00:00:00,0.100647208,0.035231598,0.413663014,3.919470416,2.659324243,0,0,0,0,0
2009-06-13 00:00:00,0.100936636,0.035433891,0.418068534,3.883443161,2.686569222,0,0,0,0,0
2009-06-14 00:00:00,0.100291971,0.034378307,0.405406502,3.946022672,2.606080511,0,0,0,0,0
2009-06-15 00:00:00,0.099730018,0.033182881,0.389232775,4.018556492,2.49716005,0,0,0,0,0
2009-06-16 00:00:00,0.099386413,0.032323445,0.377544619,4.072605254,2.412867623,0,0,0,0,0
2009-06-17 00:00:00,0.099361333,0.032133926,0.37618277,4.075719022,2.398358885,0,0,0,0,0
2009-06-18 00:00:00,0.10038424,0.036539256,0.452992687,3.795825456,2.920670878,0,0,0,0,0
2009-06-19 00:00:00,0.109797956,0.048553211,0.588513853,3.319181407,3.532667821,0,0,0,0,0
2009-06-20 00:00:00,0.114990892,0.055939041,0.664460089,3.219250167,3.799844298,0,0,0,0,0
2009-06-21 00:00:00,0.112674117,0.051072947,0.605095892,3.297272916,3.515038445,0,0,0,0,0
2009-06-22 00:00:00,0.109297112,0.043889364,0.516882207,3.407697216,3.096045454,0,0,0,0,0
2009-06-23 00:00:00,0.106805073,0.038958414,0.455171635,3.529886585,2.780731393,0,0,0,0,0
2009-06-24 00:00:00,0.105429069,0.036081391,0.417725262,3.618837874,2.572527874,0,0,0,0,0
2009-06-25 00:00:00,0.104406143,0.035118458,0.410164691,3.646991415,2.548425548,0,0,0,0,0
2009-06-26 00:00:00,0.103797859,0.033443074,0.385035423,3.744349657,2.367478431,0,0,0,0,0
2009-06-27 00:00:00,0.103086894,0.033215775,0.387319834,3.753103924,2.39466979,0,0,0,0,0
2009-06-28 00:00:00,0.102374237,0.032747418,0.384569078,3.790808498,2.375949475,0,0,0,0,0
2009-06-29 00:00:00,0.101589926,0.031771869,0.371900746,3.896259958,2.262308595,0,0,0,0,0
2009-06-30 00:00:00,0.100773073,0.031282447,0.368685851,3.964066823,2.225603048,0,0,0,0,0
2009-07-01 00:00:00,0.099842455,0.030935564,0.368934437,4.021704858,2.219653963,0,0,0,0,0
2009-07-02 00:00:00,0.098723363,0.030624989,0.37107811,4.082865828,2.23125423,0,0,0,0,0
2009-07-03 00:00:00,0.097510844,0.03027497,0.372986084,4.15299403,2.241502569,0,0,0,0,0
2009-07-04 00:00:00,0.096429104,0.029794952,0.371302715,4.23939125,2.216353163,0,0,0,0,0
2009-07-05 00:00:00,0.095012758,0.02968679,0.379330874,4.282693117,2.289605128,0,0,0,0,0
2009-07-06 00:00:00,0.093793185,0.029149757,0.37733075,4.385819613,2.261900314,0,0,0,0,0
2009-07-07 00:00:00,0.092541323,0.028647674,0.376209819,4.485567645,2.244164301,0,0,0,0,0
2009-07-08 00:00:00,0.091438781,0.028225574,0.375463212,4.57759815,2.226220685,0,0,0,0,0
2009-07-09 00:00:00,0.090230359,0.028042309,0.380268798,4.63495471,2.266983346,0,0,0,0,0
2009-07-10 00:00:00,0.089545483,0.028619092,0.396032774,4.593175446,2.398687005,0,0,0,0,0
2009-07-11 00:00:00,0.089628698,0.028824456,0.399395877,4.553169156,2.416724206,0,0,0,0,0
2009-07-12 00:00:00,0.087572485,0.029008042,0.417413984,4.552062353,2.618057978,0,0,0,0,0
2009-07-13 00:00:00,0.087099632,0.027746028,0.395416695,4.764761782,2.374723748,0,0,0,0,0
2009-07-14 00:00:00,0.085968688,0.027476543,0.397542613,4.839497741,2.38959633,0,0,0,0,0
2009-07-15 00:00:00,0.085135631,0.028544202,0.423477498,4.713279648,2.641353972,0,0,0,0,0
2009-07-16 00:00:00,0.084286814,0.02736212,0.406113754,4.893482465,2.466676792,0,0,0,0,0
2009-07-17 00:00:00,0.083304723,0.026740608,0.400276479,5.013397271,2.402792563,0,0,0,0,0
2009-07-18 00:00:00,0.082323653,0.026555728,0.402891393,5.064354698,2.428429748,0,0,0,0,0
2009-07-19 00:00:00,0.081138227,0.026166092,0.402921409,5.152015263,2.432359948,0,0,0,0,0
2009-07-20 00:00:00,0.079870556,0.025717984,0.402376078,5.252617726,2.432637728,0,0,0,0,0
2009-07-21 00:00:00,0.079989878,0.027869783,0.44093888,4.997301758,2.776347264,0,0,0,0,0
2009-07-22 00:00:00,0.081245657,0.028542149,0.444014541,4.828001559,2.78511585,0,0,0,0,0
2009-07-23 00:00:00,0.080101442,0.02785863,0.437553137,4.978168485,2.712838407,0,0,0,0,0
2009-07-24 00:00:00,0.079130419,0.028227437,0.448827473,5.04269906,2.791234965,0,0,0,0,0
2009-07-25 00:00:00,0.078348702,0.028374418,0.455289461,5.076814525,2.843322453,0,0,0,0,0
2009-07-26 00:00:00,0.077240124,0.027532331,0.446830171,5.164983517,2.790051552,0,0,0,0,0
2009-07-27 00:00:00,0.075793727,0.027930813,0.463969425,5.110590744,3.000818232,0,0,0,0,0
2009-07-28 00:00:00,0.074926485,0.025788131,0.429144736,5.358619059,2.678601685,0,0,0,0,0
2009-07-29 00:00:00,0.073615877,0.024823031,0.419149453,5.497302689,2.606725877,0,0,0,0,0
2009-07-30 00:00:00,0.07388869,0.025396845,0.426790395,5.363672304,2.679814738,0,0,0,0,0
2009-07-31 00:00:00,0.072422423,0.026337376,0.454322789,5.202637846,3.021642662,0,0,0,0,0
2009-08-01 00:00:00,0.070929262,0.025608181,0.449801961,5.325422598,3.01074771,0,0,0,0,0
2009-08-02 00:00:00,0.070564553,0.023365833,0.407553947,5.69293702,2.542353653,0,0,0,0,0
2009-08-03 00:00:00,0.069683353,0.023479888,0.414814785,5.641651903,2.654476064,0,0,0,0,0
2009-08-04 00:00:00,0.068625474,0.023038721,0.412416256,5.69956903,2.661570263,0,0,0,0,0
2009-08-05 00:00:00,0.067440181,0.02254992,0.409799998,5.791195561,2.662055214,0,0,0,0,0
2009-08-06 00:00:00,0.066774809,0.02152647,0.39252823,6.018208882,2.456140448,0,0,0,0,0
2009-08-07 00:00:00,0.067691759,0.022780232,0.408767374,5.699283262,2.622638021,0,0,0,0,0
2009-08-08 00:00:00,0.074612162,0.033228141,0.546914986,4.406511383,3.751010136,0,0,0,0,0
2009-08-09 00:00:00,0.074239761,0.032370364,0.528106004,4.656686468,3.500698979,0,0,0,0,0
2009-08-10 00:00:00,0.075677317,0.035880041,0.573487769,4.525927966,3.794004336,0,0,0,0,0
2009-08-11 00:00:00,0.074934732,0.037312362,0.604327239,4.367469417,4.124258473,0,0,0,0,0
2009-08-12 00:00:00,0.071991869,0.032750667,0.546281667,4.590920599,3.753174009,0,0,0,0,0
2009-08-13 00:00:00,0.069503646,0.028964204,0.496541873,4.817908192,3.416556061,0,0,0,0,0
2009-08-14 00:00:00,0.06760562,0.026394771,0.462625262,4.999161741,3.183781424,0,0,0,0,0
2009-08-15 00:00:00,0.066228278,0.023146973,0.41000358,5.335096995,2.700035224,0,0,0,0,0
2009-08-16 00:00:00,0.065263429,0.022000053,0.393267808,5.447946588,2.564599463,0,0,0,0,0
2009-08-17 00:00:00,0.064134332,0.023799791,0.435125663,5.0980713,3.112874359,0,0,0,0,0
2009-08-18 00:00:00,0.063832166,0.021235539,0.384606781,5.490882271,2.533851426,0,0,0,0,0
2009-08-19 00:00:00,0.062933812,0.021127906,0.386438931,5.530528622,2.571680215,0,0,0,0,0
2009-08-20 00:00:00,0.062970648,0.0243488,0.446854985,4.981557522,3.276127027,0,0,0,0,0
2009-08-21 00:00:00,0.062726082,0.022087352,0.402099315,5.257671882,2.788416213,0,0,0,0,0
2009-08-22 00:00:00,0.061734489,0.022042958,0.405814734,5.291877041,2.853248617,0,0,0,0,0
2009-08-23 00:00:00,0.060682248,0.021924683,0.408583085,5.345460259,2.908612815,0,0,0,0,0
2009-08-24 00:00:00,0.059922223,0.020364826,0.380466185,5.606957903,2.59673957,0,0,0,0,0
2009-08-25 00:00:00,0.058714809,0.021614138,0.411818565,5.434364463,3.005105697,0,0,0,0,0
2009-08-26 00:00:00,0.05853596,0.019976381,0.377581671,5.661040038,2.61150738,0,0,0,0,0
2009-08-27 00:00:00,0.05866903,0.021227378,0.397737925,5.493013764,2.818675262,0,0,0,0,0
2009-08-28 00:00:00,0.059497824,0.028124365,0.52220389,4.701161525,4.125684157,0,0,0,0,0
2009-08-29 00:00:00,0.059880174,0.028307844,0.51881072,4.691226491,4.055484764,0,0,0,0,0
2009-08-30 00:00:00,0.057902588,0.022562717,0.419009282,5.394065865,3.039457323,0,0,0,0,0
2009-08-31 00:00:00,0.056921776,0.024160627,0.455636447,5.236036984,3.482583178,0,0,0,0,0
2009-09-01 00:00:00,0.055310682,0.02049938,0.393375259,5.67930414,2.868826734,0,0,0,0,0
2009-09-02 00:00:00,0.054092179,0.02168096,0.424784323,5.500818847,3.304317028,0,0,0,0,0
2009-09-03 00:00:00,0.052772443,0.020704177,0.413299729,5.616916131,3.25225605,0,0,0,0,0
2009-09-04 00:00:00,0.051459283,0.020026769,0.40758014,5.7065257,3.265177643,0,0,0,0,0
2009-09-05 00:00:00,0.050125336,0.019379408,0.402411693,5.806135112,3.284589549,0,0,0,0,0
2009-09-06 00:00:00,0.048826464,0.018699762,0.39605026,5.922767761,3.287020194,0,0,0,0,0
2009-09-07 00:00:00,0.047632803,0.018139906,0.39110663,6.031377478,3.298805441,0,0,0,0,0
2009-09-08 00:00:00,0.046481382,0.017505334,0.38400343,6.169212468,3.278357009,0,0,0,0,0
2009-09-09 00:00:00,0.045396067,0.016835395,0.375430266,6.330402085,3.23158726,0,0,0,0,0
2009-09-10 00:00:00,0.044362847,0.016529658,0.374258517,6.423270806,3.277418863,0,0,0,0,0
2009-09-11 00:00:00,0.043357016,0.016190462,0.37210494,6.536085325,3.306856415,0,0,0,0,0
2009-09-12 00:00:00,0.042385519,0.016244705,0.37847223,6.56533348,3.447500244,0,0,0,0,0
2009-09-13 00:00:00,0.041392119,0.015987743,0.37808054,6.680420722,3.49854866,0,0,0,0,0
2009-09-14 00:00:00,0.040414428,0.015785831,0.378840357,6.792248964,3.564097765,0,0,0,0,0
2009-09-15 00:00:00,0.039478077,0.015598463,0.379590966,6.904464062,3.628715772,0,0,0,0,0
2009-09-16 00:00:00,0.03852112,0.015061141,0.372437111,7.113650631,3.58830834,0,0,0,0,0
2009-09-17 00:00:00,0.037695147,0.015088446,0.377323946,7.172455058,3.706408684,0,0,0,0,0
2009-09-18 00:00:00,0.036871054,0.014849781,0.375969879,7.304550694,3.740817059,0,0,0,0,0
2009-09-19 00:00:00,0.037322642,0.012564591,0.312963094,8.451107893,2.632795087,0,0,0,0,0
2009-09-20 00:00:00,0.036594777,0.012721486,0.319606576,8.553806727,2.749380669,0,0,0,0,0
2009-09-21 00:00:00,0.036351805,0.012564425,0.314640007,8.552355638,2.714214417,0,0,0,0,0
2009-09-22 00:00:00,0.053942918,0.033986886,0.599171912,4.771056319,5.050066503,0,0,0,0,0
2009-09-23 00:00:00,0.048994299,0.023923763,0.438743547,5.177705592,3.75415425,0,0,0,0,0
2009-09-24 00:00:00,0.049165771,0.024952338,0.450702366,5.337768342,3.795540164,0,0,0,0,0
2009-09-25 00:00:00,0.050069429,0.02646029,0.46836677,5.230575358,3.928050926,0,0,0,0,0
2009-09-26 00:00:00,0.048005618,0.023178516,0.418125495,5.349437482,3.563589687,0,0,0,0,0
2009-09-27 00:00:00,0.050373667,0.028776808,0.514256588,4.76153455,4.515129026,0,0,0,0,0
2009-09-28 00:00:00,0.048692251,0.025920714,0.468256081,4.862455343,4.169936307,0,0,0,0,0
2009-09-29 00:00:00,0.046646155,0.02327794,0.429063612,5.061465934,3.88861315,0,0,0,0,0
2009-09-30 00:00:00,0.043613547,0.017523989,0.328075879,5.581771882,2.963082635,0,0,0,0,0
2009-10-01 00:00:00,0.045744285,0.022299619,0.410306661,5.052319987,3.783087759,0,0,0,0,0
2009-10-02 00:00:00,0.046777372,0.023472701,0.422188269,4.842028293,3.885941855,0,0,0,0,0
2009-10-03 00:00:00,0.046569509,0.023413694,0.41786839,4.897845849,3.838924571,0,0,0,0,0
2009-10-04 00:00:00,0.043823918,0.018412574,0.329580103,5.316718092,3.046377962,0,0,0,0,0
2009-10-05 00:00:00,0.044342884,0.020929355,0.379149143,5.07816143,3.584715722,0,0,0,0,0
2009-10-06 00:00:00,0.045999728,0.023486163,0.415365606,4.806362779,3.899634474,0,0,0,0,0
2009-10-07 00:00:00,0.044656038,0.021672156,0.384973707,4.945238525,3.66445589,0,0,0,0,0
2009-10-08 00:00:00,0.043463681,0.020314445,0.363302817,5.053678574,3.515576007,0,0,0,0,0
2009-10-09 00:00:00,0.042408735,0.019170635,0.34493218,5.138897641,3.396795785,0,0,0,0,0
2009-10-10 00:00:00,0.04135922,0.018068271,0.327096009,5.233507884,3.280716444,0,0,0,0,0
2009-10-11 00:00:00,0.040350575,0.017080735,0.311235802,5.325666406,3.183205708,0,0,0,0,0
2009-10-12 00:00:00,0.039305291,0.016008239,0.293301163,5.438428755,3.061882265,0,0,0,0,0
2009-10-13 00:00:00,0.038354691,0.014978777,0.274628358,5.56788714,2.918148899,0,0,0,0,0
2009-10-14 00:00:00,0.037830285,0.014610955,0.267171455,5.621372658,2.875880987,0,0,0,0,0
2009-10-15 00:00:00,0.038379637,0.016494802,0.304351333,5.416298131,3.284419702,0,0,0,0,0
2009-10-16 00:00:00,0.03757749,0.015659681,0.288493126,5.536375848,3.160341605,0,0,0,0,0
2009-10-17 00:00:00,0.036572186,0.014172666,0.257342762,5.758516399,2.860087982,0,0,0,0,0
2009-10-18 00:00:00,0.035919736,0.013774945,0.250500902,5.851204796,2.827520007,0,0,0,0,0
2009-10-19 00:00:00,0.035250313,0.013366546,0.243615456,5.948790859,2.796556935,0,0,0,0,0
2009-10-20 00:00:00,0.03434173,0.012003636,0.21356494,6.1688305,2.50144035,0,0,0,0,0
2009-10-21 00:00:00,0.034184432,0.012222492,0.216930526,6.149349067,2.56557128,0,0,0,0,0
2009-10-22 00:00:00,0.039841984,0.020463835,0.352178753,5.292745044,3.717073078,0,0,0,0,0
2009-10-23 00:00:00,0.046438673,0.027837493,0.436596894,4.839358223,4.160854445,0,0,0,0,0
2009-10-24 00:00:00,0.047016293,0.028318164,0.429751366,4.963133223,4.019992824,0,0,0,0,0
2009-10-25 00:00:00,0.046811399,0.028565086,0.437183293,4.939867131,4.126938574,0,0,0,0,0
2009-10-26 00:00:00,0.043055972,0.023498152,0.36308012,5.027557252,3.667209035,0,0,0,0,0
2009-10-27 00:00:00,0.039891491,0.019353549,0.300690532,5.152578257,3.269909363,0,0,0,0,0
2009-10-28 00:00:00,0.037458179,0.016225407,0.251101155,5.285010647,2.941960081,0,0,0,0,0
2009-10-29 00:00:00,0.039057771,0.018541461,0.286791095,5.068522557,3.248703731,0,0,0,0,0
2009-10-30 00:00:00,0.042668445,0.022606184,0.336480063,4.739379126,3.567860728,0,0,0,0,0
2009-10-31 00:00:00,0.041386006,0.020799314,0.301461964,4.857626117,3.293496743,0,0,0,0,0
2009-11-01 00:00:00,0.042912574,0.023540716,0.349125998,4.74591454,3.695054187,0,0,0,0,0
2009-11-02 00:00:00,0.03912794,0.018295554,0.264705043,4.881709822,3.124640941,0,0,0,0,0
2009-11-03 00:00:00,0.037535947,0.016513702,0.238633305,4.926570041,2.993507255,0,0,0,0,0
2009-11-04 00:00:00,0.036644889,0.015852544,0.231899319,4.941151879,3.012076139,0,0,0,0,0
2009-11-05 00:00:00,0.034544963,0.012650896,0.169404486,5.099639343,2.515897859,0,0,0,0,0
2009-11-06 00:00:00,0.033935262,0.012249844,0.163104088,5.14396111,2.50497896,0,0,0,0,0
2009-11-07 00:00:00,0.03326229,0.011672668,0.152018301,5.213501133,2.44181824,0,0,0,0,0
2009-11-08 00:00:00,0.03295826,0.012041295,0.163685409,5.230743781,2.602864809,0,0,0,0,0
2009-11-09 00:00:00,0.032386205,0.011686176,0.157478491,5.304879567,2.582062037,0,0,0,0,0
2009-11-10 00:00:00,0.0318272,0.011356586,0.151534052,5.387784377,2.560738198,0,0,0,0,0
2009-11-11 00:00:00,0.031293365,0.011069466,0.146385717,5.475748925,2.54446903,0,0,0,0,0
2009-11-12 00:00:00,0.030776747,0.01075119,0.139822607,5.573998907,2.508203732,0,0,0,0,0
2009-11-13 00:00:00,0.030354693,0.01073783,0.141686074,5.649354108,2.562863453,0,0,0,0,0
2009-11-14 00:00:00,0.029889964,0.010555444,0.138696188,5.744166481,2.563628664,0,0,0,0,0
2009-11-15 00:00:00,0.029493763,0.010502168,0.138889672,5.82920634,2.59634799,0,0,0,0,0
2009-11-16 00:00:00,0.029071037,0.010380309,0.137381792,5.924107179,2.61104781,0,0,0,0,0
2009-11-17 00:00:00,0.02862535,0.010068393,0.129739617,6.043867262,2.553702454,0,0,0,0,0
2009-11-18 00:00:00,0.028614074,0.010654268,0.145406433,6.050396985,2.739390332,0,0,0,0,0
2009-11-19 00:00:00,0.0283715,0.010378905,0.136120983,6.115904075,2.657668922,0,0,0,0,0
2009-11-20 00:00:00,0.028180024,0.01064929,0.144803517,6.156989272,2.778789083,0,0,0,0,0
2009-11-21 00:00:00,0.027870429,0.010636768,0.145562447,6.249136813,2.811093029,0,0,0,0,0
2009-11-22 00:00:00,0.02750621,0.010375123,0.138672994,6.363436206,2.758608484,0,0,0,0,0
2009-11-23 00:00:00,0.026787966,0.009000462,0.098483418,6.594918691,2.342297444,0,0,0,0,0
2009-11-24 00:00:00,0.027251797,0.010012864,0.121022283,6.539558099,2.567162545,0,0,0,0,0
2009-11-25 00:00:00,0.032904902,0.018815424,0.310121734,5.884684651,4.20140399,0,0,0,0,0
2009-11-26 00:00:00,0.033138246,0.017770858,0.261603134,5.931307532,3.655248025,0,0,0,0,0
2009-11-27 00:00:00,0.031877507,0.015869759,0.216002311,6.120953068,3.260685795,0,0,0,0,0
2009-11-28 00:00:00,0.035474531,0.021591692,0.33370255,5.999257062,4.201259785,0,0,0,0,0
2009-11-29 00:00:00,0.034299247,0.020170111,0.308606551,6.058736249,4.04987679,0,0,0,0,0
2009-11-30 00:00:00,0.029757583,0.013464637,0.169984975,6.283948439,2.987598865,0,0,0,0,0
2009-12-01 00:00:00,0.031314568,0.016518051,0.244016625,6.193749047,3.659333801,0,0,0,0,0
2009-12-02 00:00:00,0.030006191,0.014879716,0.212855676,6.269369256,3.458713523,0,0,0,0,0
2009-12-03 00:00:00,0.029347143,0.014164336,0.199802327,6.315560252,3.393082397,0,0,0,0,0
2009-12-04 00:00:00,0.028663699,0.01324301,0.179654789,6.348622414,3.257364577,0,0,0,0,0
2009-12-05 00:00:00,0.026810397,0.010082877,0.100276801,6.518982954,2.571480786,0,0,0,0,0
2009-12-06 00:00:00,0.027425212,0.011678666,0.144712521,6.464658596,3.018809437,0,0,0,0,0
2009-12-07 00:00:00,0.026159312,0.009358292,0.081821283,6.616402545,2.451955089,0,0,0,0,0
2009-12-08 00:00:00,0.027718286,0.012456117,0.163228955,6.457027878,3.22082052,0,0,0,0,0
2009-12-09 00:00:00,0.031861943,0.017578787,0.25976405,6.066546517,3.921754623,0,0,0,0,0
2009-12-10 00:00:00,0.03021679,0.014802356,0.190973283,6.154211435,3.352670468,0,0,0,0,0
2009-12-11 00:00:00,0.030293809,0.014915527,0.190653208,6.18365809,3.347934936,0,0,0,0,0
2009-12-12 00:00:00,0.028385184,0.011830955,0.117158436,6.244846833,2.766442435,0,0,0,0,0
2009-12-13 00:00:00,0.028117182,0.01151655,0.109762581,6.262820291,2.726969633,0,0,0,0,0
2009-12-14 00:00:00,0.029664842,0.014327754,0.179474833,6.234118216,3.326764512,0,0,0,0,0
2009-12-15 00:00:00,0.027341794,0.010542024,0.087337884,6.320892224,2.587693109,0,0,0,0,0
2009-12-16 00:00:00,0.027520966,0.011120079,0.103645521,6.349788981,2.750369392,0,0,0,0,0
2009-12-17 00:00:00,0.027178086,0.010743108,0.095380677,6.39283657,2.704007443,0,0,0,0,0
2009-12-18 00:00:00,0.027542873,0.011688957,0.122486071,6.408087183,2.965269944,0,0,0,0,0
2009-12-19 00:00:00,0.027270222,0.011410572,0.116614188,6.449885116,2.937584934,0,0,0,0,0
2009-12-20 00:00:00,0.026187581,0.009452231,0.062326398,6.535891705,2.471302458,0,0,0,0,0
2009-12-21 00:00:00,0.02606138,0.009461263,0.064038564,6.58263445,2.508227689,0,0,0,0,0
2009-12-22 00:00:00,0.025785025,0.009027971,0.050890287,6.642208562,2.398779276,0,0,0,0,0
2009-12-23 00:00:00,0.025638207,0.008836338,0.045025287,6.683333618,2.35809805,0,0,0,0,0
2009-12-24 00:00:00,0.02800898,0.012015651,0.115142862,6.471846191,2.906081376,0,0,0,0,0
2009-12-25 00:00:00,0.031975994,0.016036726,0.177105116,6.076166421,3.264636792,0,0,0,0,0
2009-12-26 00:00:00,0.03229705,0.016120149,0.168537993,6.090485551,3.158618167,0,0,0,0,0
2009-12-27 00:00:00,0.035363377,0.020338249,0.251407046,6.163174182,3.704045795,0,0,0,0,0
2009-12-28 00:00:00,0.033056225,0.01703942,0.185115172,6.083256143,3.281781152,0,0,0,0,0
2009-12-29 00:00:00,0.03152979,0.014974424,0.146388601,6.035208831,3.057569543,0,0,0,0,0
2009-12-30 00:00:00,0.030868986,0.014209523,0.135368208,6.027814674,3.023051255,0,0,0,0,0
2009-12-31 00:00:00,0.029923795,0.012895042,0.108909477,6.011287535,2.864066625,0,0,0,0,0
2010-01-01 00:00:00,0.029255742,0.011927472,0.08835178,6.003121678,2.737159147,0,0,0,0,0
2010-01-02 00:00:00,0.029363302,0.012243009,0.09923177,6.016526788,2.847339673,0,0,0,0,0
2010-01-03 00:00:00,0.028576541,0.010891995,0.065046516,6.009657185,2.594846741,0,0,0,0,0
2010-01-04 00:00:00,0.028395391,0.010608614,0.058334619,6.024806515,2.55498991,0,0,0,0,0
2010-01-05 00:00:00,0.028012183,0.00990433,0.039137263,6.041209902,2.408104893,0,0,0,0,0
2010-01-06 00:00:00,0.027764773,0.009507558,0.028881381,6.073926314,2.334825725,0,0,0,0,0
2010-01-07 00:00:00,0.027736471,0.009540331,0.030510749,6.120404273,2.355610842,0,0,0,0,0
2010-01-08 00:00:00,0.028031049,0.010057536,0.044440368,6.147509948,2.472353717,0,0,0,0,0
2010-01-09 00:00:00,0.027992583,0.010021206,0.043721634,6.190797056,2.470898704,0,0,0,0,0
2010-01-10 00:00:00,0.02780764,0.009660084,0.033099351,6.234884593,2.384029106,0,0,0,0,0
2010-01-11 00:00:00,0.02779014,0.009657623,0.033207567,6.283674174,2.387047837,0,0,0,0,0
2010-01-12 00:00:00,0.027783832,0.009668682,0.033708685,6.333960697,2.392502627,0,0,0,0,0
2010-01-13 00:00:00,0.027779775,0.009682786,0.034333022,6.385496617,2.398336648,0,0,0,0,0
2010-01-14 00:00:00,0.027783878,0.009702965,0.035079173,6.437705673,2.404588625,0,0,0,0,0
2010-01-15 00:00:00,0.027790714,0.009721866,0.035821276,6.489720283,2.410280448,0,0,0,0,0
2010-01-16 00:00:00,0.027811196,0.009753951,0.036955709,6.540796415,2.418541391,0,0,0,0,0
2010-01-17 00:00:00,0.027841899,0.009793739,0.038179578,6.591421787,2.42700148,0,0,0,0,0
2010-01-18 00:00:00,0.027876029,0.009833661,0.039441276,6.641187279,2.435291238,0,0,0,0,0
2010-01-19 00:00:00,0.027917934,0.00987132,0.040677555,6.689742956,2.44293455,0,0,0,0,0
2010-01-20 00:00:00,0.027965631,0.009913746,0.041918055,6.736689513,2.450148908,0,0,0,0,0
2010-01-21 00:00:00,0.028027692,0.009965031,0.043416133,6.781829792,2.458832151,0,0,0,0,0
2010-01-22 00:00:00,0.028102107,0.010025828,0.045134774,6.824415416,2.4688319,0,0,0,0,0
2010-01-23 00:00:00,0.02956235,0.011939319,0.090183079,6.732727474,2.787595901,0,0,0,0,0
2010-01-24 00:00:00,0.034262031,0.0168742,0.178372957,6.277688579,3.301537955,0,0,0,0,0
2010-01-25 00:00:00,0.034334673,0.016583215,0.163263593,6.324085978,3.149909511,0,0,0,0,0
2010-01-26 00:00:00,0.03497736,0.017233261,0.173069153,6.347612914,3.18615534,0,0,0,0,0
2010-01-27 00:00:00,0.034905011,0.01688605,0.165127111,6.310198726,3.134976078,0,0,0,0,0
2010-01-28 00:00:00,0.034210743,0.015717161,0.142338165,6.255937715,3.006127211,0,0,0,0,0
2010-01-29 00:00:00,0.033448338,0.014481674,0.118176919,6.217375266,2.868612247,0,0,0,0,0
2010-01-30 00:00:00,0.032905035,0.013527936,0.098948054,6.190405528,2.756166285,0,0,0,0,0
2010-01-31 00:00:00,0.032580369,0.012847475,0.08459479,6.167188156,2.669160379,0,0,0,0,0
2010-02-01 00:00:00,0.032207704,0.01204175,0.066135685,6.150960736,2.548507055,0,0,0,0,0
2010-02-02 00:00:00,0.03234587,0.012002254,0.065255211,6.132195293,2.543264428,0,0,0,0,0
2010-02-03 00:00:00,0.032456044,0.011893322,0.062386385,6.114714026,2.522377312,0,0,0,0,0
2010-02-04 00:00:00,0.032531262,0.011753501,0.058842529,6.11007697,2.495093009,0,0,0,0,0
2010-02-05 00:00:00,0.032653519,0.011696543,0.057258076,6.109979219,2.479918696,0,0,0,0,0
2010-02-06 00:00:00,0.032799803,0.011683655,0.056835797,6.115422692,2.471772998,0,0,0,0,0
2010-02-07 00:00:00,0.032893776,0.011587192,0.054332421,6.128296803,2.447717244,0,0,0,0,0
2010-02-08 00:00:00,0.032866104,0.011272001,0.045838799,6.151357386,2.378532193,0,0,0,0,0
2010-02-09 00:00:00,0.033102951,0.011462118,0.051049428,6.17303961,2.408003774,0,0,0,0,0
2010-02-10 00:00:00,0.033492994,0.011837919,0.060467465,6.170093297,2.466930407,0,0,0,0,0
2010-02-11 00:00:00,0.033662732,0.011885088,0.061795208,6.191891972,2.467377377,0,0,0,0,0
2010-02-12 00:00:00,0.033841996,0.011943899,0.063452432,6.214470924,2.469656679,0,0,0,0,0
2010-02-13 00:00:00,0.03403639,0.012027965,0.065725772,6.236946208,2.475818954,0,0,0,0,0
2010-02-14 00:00:00,0.034229339,0.01210041,0.067815181,6.260857044,2.480260142,0,0,0,0,0
2010-02-15 00:00:00,0.034351472,0.012054252,0.06679496,6.291720558,2.462110681,0,0,0,0,0
2010-02-16 00:00:00,0.034643959,0.012284714,0.072870147,6.306566888,2.494034423,0,0,0,0,0
2010-02-17 00:00:00,0.034844015,0.012352501,0.07478324,6.330668578,2.496070401,0,0,0,0,0
2010-02-18 00:00:00,0.035072953,0.012463922,0.077806761,6.351730234,2.50567774,0,0,0,0,0
2010-02-19 00:00:00,0.035193935,0.012383464,0.075885642,6.383614258,2.479908353,0,0,0,0,0
2010-02-20 00:00:00,0.03549613,0.012611386,0.081927067,6.399981125,2.509736983,0,0,0,0,0
2010-02-21 00:00:00,0.035740039,0.012690561,0.083864133,6.414948877,2.510382873,0,0,0,0,0
2010-02-22 00:00:00,0.036043017,0.012830326,0.087008993,6.418458173,2.518976352,0,0,0,0,0
2010-02-23 00:00:00,0.036387579,0.013081195,0.093310767,6.426441939,2.549163635,0,0,0,0,0
2010-02-24 00:00:00,0.036641071,0.01315279,0.094950385,6.44024689,2.546496968,0,0,0,0,0
2010-02-25 00:00:00,0.036952782,0.013320364,0.099093823,6.448349029,2.561280774,0,0,0,0,0
2010-02-26 00:00:00,0.037229708,0.013426885,0.101751653,6.460580084,2.565719425,0,0,0,0,0
2010-02-27 00:00:00,0.037512169,0.013528228,0.104327128,6.471568891,2.569457625,0,0,0,0,0
2010-02-28 00:00:00,0.03779991,0.013635578,0.106946989,6.480782216,2.573325155,0,0,0,0,0
2010-03-01 00:00:00,0.03812352,0.01378779,0.110762351,6.485931833,2.58525391,0,0,0,0,0
2010-03-02 00:00:00,0.038410496,0.013876744,0.11295001,6.49563196,2.58587831,0,0,0,0,0
2010-03-03 00:00:00,0.038745622,0.014029619,0.116687745,6.49808885,2.596780487,0,0,0,0,0
2010-03-04 00:00:00,0.039327824,0.014521565,0.127976381,6.459370448,2.65811951,0,0,0,0,0
2010-03-05 00:00:00,0.040116336,0.01518373,0.14197685,6.379997355,2.735147402,0,0,0,0,0
2010-03-06 00:00:00,0.041134794,0.0160886,0.159837926,6.274086097,2.830660881,0,0,0,0,0
2010-03-07 00:00:00,0.04363387,0.018741677,0.209965007,6.000180019,3.108557266,0,0,0,0,0
2010-03-08 00:00:00,0.050306524,0.025923808,0.32727944,5.456108204,3.682271919,0,0,0,0,0
2010-03-09 00:00:00,0.060300904,0.036099191,0.459418617,4.990881631,4.166723474,0,0,0,0,0
2010-03-10 00:00:00,0.075420073,0.053388383,0.673141288,4.902293343,4.880507168,0,0,0,0,0
2010-03-11 00:00:00,0.076369734,0.053529354,0.663540119,4.815535038,4.788120154,0,0,0,0,0
2010-03-12 00:00:00,0.066546748,0.040026684,0.474747955,4.659254818,4.034530519,0,0,0,0,0
2010-03-13 00:00:00,0.060113184,0.030499476,0.331880574,4.541630379,3.428744132,0,0,0,0,0
2010-03-14 00:00:00,0.057043425,0.025099532,0.243081264,4.444290379,3.022104839,0,0,0,0,0
2010-03-15 00:00:00,0.055668412,0.02196921,0.187045271,4.374023342,2.745784115,0,0,0,0,0
2010-03-16 00:00:00,0.055210501,0.020254519,0.154152185,4.331883109,2.570981462,0,0,0,0,0
2010-03-17 00:00:00,0.055158008,0.019307805,0.135213202,4.314163224,2.461384812,0,0,0,0,0
2010-03-18 00:00:00,0.055257298,0.018738712,0.123784653,4.316441063,2.387571966,0,0,0,0,0
2010-03-19 00:00:00,0.055597992,0.018684369,0.123091027,4.321119384,2.372674805,0,0,0,0,0
2010-03-20 00:00:00,0.056168478,0.018977897,0.129247473,4.313411796,2.395961097,0,0,0,0,0
2010-03-21 00:00:00,0.056357204,0.018846494,0.127497638,4.350496219,2.368803636,0,0,0,0,0
2010-03-22 00:00:00,0.056543624,0.018786724,0.127733873,4.390950798,2.354145112,0,0,0,0,0
2010-03-23 00:00:00,0.056704048,0.018740221,0.1286119,4.436008947,2.343851327,0,0,0,0,0
2010-03-24 00:00:00,0.056831916,0.018675527,0.129408408,4.48678322,2.332841352,0,0,0,0,0
2010-03-25 00:00:00,0.056939714,0.01858969,0.129766283,4.542492172,2.318231516,0,0,0,0,0
2010-03-26 00:00:00,0.057070356,0.018577565,0.131900288,4.597419425,2.314557627,0,0,0,0,0
2010-03-27 00:00:00,0.057205114,0.018575306,0.13421703,4.654093986,2.311455498,0,0,0,0,0
2010-03-28 00:00:00,0.057349772,0.018645637,0.138541948,4.708893552,2.32186716,0,0,0,0,0
2010-03-29 00:00:00,0.057472183,0.018664542,0.141623985,4.768524109,2.323645298,0,0,0,0,0
2010-03-30 00:00:00,0.057593702,0.018706946,0.145478467,4.827781623,2.330900964,0,0,0,0,0
2010-03-31 00:00:00,0.057695972,0.018721699,0.148658539,4.890704515,2.333567619,0,0,0,0,0
2010-04-01 00:00:00,0.057800877,0.01874172,0.152047704,4.954158941,2.337461681,0,0,0,0,0
2010-04-02 00:00:00,0.057980315,0.018838814,0.156801363,5.008877282,2.349103339,0,0,0,0,0
2010-04-03 00:00:00,0.058342777,0.019097853,0.163941699,5.038427138,2.374196453,0,0,0,0,0
2010-04-04 00:00:00,0.058460175,0.019064877,0.165527027,5.106918653,2.363338542,0,0,0,0,0
2010-04-05 00:00:00,0.059341996,0.020911994,0.211017302,5.025935754,2.646381281,0,0,0,0,0
2010-04-06 00:00:00,0.068433999,0.03138824,0.376286924,4.316537221,3.461914862,0,0,0,0,0
2010-04-07 00:00:00,0.077188153,0.041067335,0.494471666,4.090776271,3.850108346,0,0,0,0,0
2010-04-08 00:00:00,0.083297807,0.047621995,0.568369718,3.966477179,4.072076004,0,0,0,0,0
2010-04-09 00:00:00,0.080331192,0.042206745,0.489368615,3.976345988,3.728273226,0,0,0,0,0
2010-04-10 00:00:00,0.075886504,0.034555664,0.378747944,4.013961202,3.256299145,0,0,0,0,0
2010-04-11 00:00:00,0.073459632,0.029606499,0.302203001,4.042807678,2.907282288,0,0,0,0,0
2010-04-12 00:00:00,0.072561538,0.026692414,0.252457533,4.054073132,2.658705906,0,0,0,0,0
2010-04-13 00:00:00,0.072601732,0.025402754,0.228726867,4.049022139,2.529717693,0,0,0,0,0
2010-04-14 00:00:00,0.072790904,0.024527691,0.21193965,4.060998707,2.427581968,0,0,0,0,0
2010-04-15 00:00:00,0.073109806,0.024748721,0.220598615,4.04759798,2.483278136,0,0,0,0,0
2010-04-16 00:00:00,0.073343337,0.024661975,0.221732679,4.058311877,2.486787728,0,0,0,0,0
2010-04-17 00:00:00,0.073571793,0.024027818,0.207792532,4.116157039,2.377081812,0,0,0,0,0
2010-04-18 00:00:00,0.073740468,0.023841721,0.205882339,4.1620275,2.347992864,0,0,0,0,0
2010-04-19 00:00:00,0.073878459,0.023754417,0.206543957,4.210121017,2.334373642,0,0,0,0,0
2010-04-20 00:00:00,0.074041245,0.02353771,0.203166717,4.275073012,2.286800726,0,0,0,0,0
2010-04-21 00:00:00,0.074101962,0.023446379,0.204217407,4.336495663,2.272989335,0,0,0,0,0
2010-04-22 00:00:00,0.074167386,0.023380715,0.205761359,4.400027691,2.260681274,0,0,0,0,0
2010-04-23 00:00:00,0.074298085,0.02360423,0.214153229,4.438485871,2.296807251,0,0,0,0,0
2010-04-24 00:00:00,0.075774162,0.02560242,0.253893014,4.287949942,2.532473467,0,0,0,0,0
2010-04-25 00:00:00,0.079100842,0.029394078,0.313917925,4.04750183,2.833581084,0,0,0,0,0
2010-04-26 00:00:00,0.079851163,0.030210887,0.324345844,4.126599025,2.826156577,0,0,0,0,0
2010-04-27 00:00:00,0.080234733,0.03056136,0.331543972,4.159604355,2.841950434,0,0,0,0,0
2010-04-28 00:00:00,0.080150648,0.029919403,0.322942418,4.202670528,2.786036694,0,0,0,0,0
2010-04-29 00:00:00,0.079791209,0.028765183,0.3058819,4.264192373,2.687284427,0,0,0,0,0
2010-04-30 00:00:00,0.081209412,0.029622358,0.317795329,4.161081911,2.74502663,0,0,0,0,0
2010-05-01 00:00:00,0.082419493,0.030278436,0.325299827,4.114331,2.761051055,0,0,0,0,0
2010-05-02 00:00:00,0.082375166,0.029810113,0.31908011,4.174194574,2.708008615,0,0,0,0,0
2010-05-03 00:00:00,0.082619827,0.029629121,0.317220075,4.19673413,2.68407137,0,0,0,0,0
2010-05-04 00:00:00,0.08288838,0.030651414,0.343019382,4.152437843,2.846294693,0,0,0,0,0
2010-05-05 00:00:00,0.083003629,0.028728202,0.303437143,4.245645708,2.583698536,0,0,0,0,0
2010-05-06 00:00:00,0.082918071,0.027942503,0.291218798,4.305675518,2.50019121,0,0,0,0,0
2010-05-07 00:00:00,0.084639862,0.030033247,0.327623621,4.135904198,2.712093062,0,0,0,0,0
2010-05-08 00:00:00,0.085224955,0.029488192,0.313988502,4.170867105,2.599679775,0,0,0,0,0
2010-05-09 00:00:00,0.085382107,0.029359514,0.313233343,4.212600399,2.575184453,0,0,0,0,0
2010-05-10 00:00:00,0.085778514,0.029645573,0.320002274,4.212529779,2.601612064,0,0,0,0,0
2010-05-11 00:00:00,0.089726756,0.034125163,0.38478923,3.902007619,2.937506879,0,0,0,0,0
2010-05-12 00:00:00,0.092885914,0.038406538,0.445770552,3.746764825,3.21443568,0,0,0,0,0
2010-05-13 00:00:00,0.101082787,0.046710757,0.535192341,3.413683951,3.537084274,0,0,0,0,0
2010-05-14 00:00:00,0.102362264,0.047394239,0.537432228,3.420090939,3.500922123,0,0,0,0,0
2010-05-15 00:00:00,0.100993846,0.044304295,0.499118285,3.434593334,3.346864903,0,0,0,0,0
2010-05-16 00:00:00,0.098430419,0.037897358,0.406372725,3.542494059,2.905009591,0,0,0,0,0
2010-05-17 00:00:00,0.097697401,0.035911135,0.381387091,3.555558642,2.802586841,0,0,0,0,0
2010-05-18 00:00:00,0.097323698,0.033738208,0.346779818,3.606963676,2.614160697,0,0,0,0,0
2010-05-19 00:00:00,0.097326726,0.031790426,0.311201004,3.685866474,2.388308068,0,0,0,0,0
2010-05-20 00:00:00,0.097345905,0.031414598,0.307454053,3.710057253,2.360204734,0,0,0,0,0
2010-05-21 00:00:00,0.097909712,0.031694923,0.312877907,3.685721691,2.384680121,0,0,0,0,0
2010-05-22 00:00:00,0.097779809,0.031102645,0.304500824,3.75216353,2.311929938,0,0,0,0,0
2010-05-23 00:00:00,0.097512779,0.030719542,0.301383566,3.81633463,2.273693265,0,0,0,0,0
2010-05-24 00:00:00,0.097144087,0.030454126,0.301545179,3.876979348,2.25932549,0,0,0,0,0
2010-05-25 00:00:00,0.097172485,0.030465448,0.304472254,3.906478062,2.259442148,0,0,0,0,0
2010-05-26 00:00:00,0.097812548,0.032374884,0.343592659,3.763980193,2.523199969,0,0,0,0,0
2010-05-27 00:00:00,0.097398499,0.033234613,0.368127197,3.731076717,2.692436204,0,0,0,0,0
2010-05-28 00:00:00,0.097124565,0.032025946,0.346479561,3.876397882,2.507126528,0,0,0,0,0
2010-05-29 00:00:00,0.096829639,0.031431616,0.338357989,3.971160346,2.42408746,0,0,0,0,0
2010-05-30 00:00:00,0.095636685,0.032198862,0.367187708,3.950083178,2.645135363,0,0,0,0,0
2010-05-31 00:00:00,0.095706895,0.030791335,0.338718741,4.107677568,2.402308124,0,0,0,0,0
2010-06-01 00:00:00,0.095290709,0.030202737,0.331661609,4.20700883,2.328781274,0,0,0,0,0
2010-06-02 00:00:00,0.095353789,0.030505469,0.339927781,4.207845187,2.368797639,0,0,0,0,0
2010-06-03 00:00:00,0.095430325,0.030497936,0.341756686,4.224426153,2.365494168,0,0,0,0,0
2010-06-04 00:00:00,0.096130217,0.032229227,0.374069959,4.100354217,2.572121708,0,0,0,0,0
2010-06-05 00:00:00,0.098424652,0.036984657,0.450010547,3.835098568,3.017635871,0,0,0,0,0
2010-06-06 00:00:00,0.101852756,0.040822745,0.492216066,3.713974166,3.160588652,0,0,0,0,0
2010-06-07 00:00:00,0.101993285,0.041117543,0.496281302,3.759832161,3.149605342,0,0,0,0,0
2010-06-08 00:00:00,0.105693371,0.046375879,0.564782183,3.499869964,3.50582785,0,0,0,0,0
2010-06-09 00:00:00,0.10452326,0.042093527,0.499748643,3.631054246,3.131224434,0,0,0,0,0
2010-06-10 00:00:00,0.10321657,0.038933374,0.457069765,3.718323447,2.904841314,0,0,0,0,0
2010-06-11 00:00:00,0.103408235,0.037131114,0.427845381,3.709991856,2.743730431,0,0,0,0,0
2010-06-12 00:00:00,0.102690507,0.035321669,0.403206794,3.774933754,2.601656611,0,0,0,0,0
2010-06-13 00:00:00,0.102372289,0.034222943,0.3879493,3.815782855,2.506339769,0,0,0,0,0
2010-06-14 00:00:00,0.102610556,0.033658816,0.378238184,3.821018862,2.437034507,0,0,0,0,0
2010-06-15 00:00:00,0.104793517,0.037541036,0.436806839,3.565827798,2.803173202,0,0,0,0,0
2010-06-16 00:00:00,0.105592737,0.037687622,0.433586376,3.579509543,2.738048496,0,0,0,0,0
2010-06-17 00:00:00,0.105443786,0.037407271,0.430845225,3.604329078,2.708051184,0,0,0,0,0
2010-06-18 00:00:00,0.10590832,0.039321708,0.464063486,3.502446132,2.920962283,0,0,0,0,0
2010-06-19 00:00:00,0.105185845,0.036670657,0.423025391,3.627590478,2.648980865,0,0,0,0,0
2010-06-20 00:00:00,0.104240596,0.035172225,0.404722533,3.701998413,2.538042263,0,0,0,0,0
2010-06-21 00:00:00,0.107241889,0.043185825,0.52565211,3.343897227,3.270740972,0,0,0,0,0
2010-06-22 00:00:00,0.110442698,0.04556613,0.541498206,3.250455471,3.279357903,0,0,0,0,0
2010-06-23 00:00:00,0.116354919,0.052005173,0.602951237,3.03520097,3.512953105,0,0,0,0,0
2010-06-24 00:00:00,0.115280761,0.048585273,0.555464002,3.108449533,3.247463545,0,0,0,0,0
2010-06-25 00:00:00,0.1140739,0.045582006,0.51859297,3.13303842,3.072444858,0,0,0,0,0
2010-06-26 00:00:00,0.114830849,0.045013839,0.507363758,3.072265465,3.016928217,0,0,0,0,0
2010-06-27 00:00:00,0.115683725,0.045310059,0.509286019,3.000015742,3.03578035,0,0,0,0,0
2010-06-28 00:00:00,0.114584655,0.042192877,0.467185616,3.06625486,2.799991434,0,0,0,0,0
2010-06-29 00:00:00,0.101735879,0.037224384,0.459212705,3.882492592,2.741941111,0,0,0,0,0
2010-06-30 00:00:00,0.112435161,0.037701232,0.410523533,3.171287613,2.488089862,0,0,0,0,0
2010-07-01 00:00:00,0.111329877,0.036038757,0.390362235,3.238931272,2.364807177,0,0,0,0,0
2010-07-02 00:00:00,0.110211,0.034874356,0.377954353,3.306654609,2.282288878,0,0,0,0,0
2010-07-03 00:00:00,0.109059196,0.033927902,0.368885925,3.382069683,2.212914774,0,0,0,0,0
2010-07-04 00:00:00,0.10781776,0.033292459,0.365634172,3.450610356,2.183530505,0,0,0,0,0
2010-07-05 00:00:00,0.106924468,0.033114676,0.36850103,3.480602836,2.199460231,0,0,0,0,0
2010-07-06 00:00:00,0.105487508,0.032574131,0.368034666,3.555415528,2.190059719,0,0,0,0,0
2010-07-07 00:00:00,0.104784656,0.033909734,0.397085805,3.483908168,2.410825551,0,0,0,0,0
2010-07-08 00:00:00,0.103985454,0.033246206,0.390107664,3.547261389,2.346686505,0,0,0,0,0
2010-07-09 00:00:00,0.102126429,0.033145667,0.399894039,3.617408582,2.417916965,0,0,0,0,0
2010-07-10 00:00:00,0.100816593,0.032153618,0.389995466,3.73110703,2.328138898,0,0,0,0,0
2010-07-11 00:00:00,0.099356787,0.03161782,0.389716588,3.801880999,2.329652524,0,0,0,0,0
2010-07-12 00:00:00,0.09778715,0.031282516,0.393881472,3.856759325,2.373551287,0,0,0,0,0
2010-07-13 00:00:00,0.096590733,0.030181322,0.38078889,3.992451186,2.24956352,0,0,0,0,0
2010-07-14 00:00:00,0.09706317,0.030788041,0.3891841,3.885578759,2.323236017,0,0,0,0,0
2010-07-15 00:00:00,0.101878076,0.034408578,0.422499503,3.461967142,2.550755939,0,0,0,0,0
2010-07-16 00:00:00,0.100446588,0.03431224,0.42719226,3.567625509,2.550363651,0,0,0,0,0
2010-07-17 00:00:00,0.100889586,0.038109614,0.4868185,3.413885572,2.95826423,0,0,0,0,0
2010-07-18 00:00:00,0.100517796,0.036795647,0.466843235,3.443039422,2.821581404,0,0,0,0,0
2010-07-19 00:00:00,0.099018625,0.03421555,0.433776725,3.533887091,2.617654495,0,0,0,0,0
2010-07-20 00:00:00,0.098094853,0.031876532,0.399516781,3.631107558,2.375140582,0,0,0,0,0
2010-07-21 00:00:00,0.097130405,0.030875786,0.387923562,3.680182155,2.298665102,0,0,0,0,0
2010-07-22 00:00:00,0.105560266,0.044638912,0.557179462,2.999565387,3.362209048,0,0,0,0,0
2010-07-23 00:00:00,0.110151953,0.058749254,0.717941276,3.191777333,4.020999839,0,0,0,0,0
2010-07-24 00:00:00,0.11682151,0.063735003,0.740830837,2.963006675,4.028758425,0,0,0,0,0
2010-07-25 00:00:00,0.109617645,0.051525523,0.61353746,3.074139943,3.449833443,0,0,0,0,0
2010-07-26 00:00:00,0.103307314,0.040725953,0.497090606,3.202811424,2.896310261,0,0,0,0,0
2010-07-27 00:00:00,0.100230482,0.035099019,0.431083312,3.290374879,2.54918325,0,0,0,0,0
2010-07-28 00:00:00,0.098808846,0.032672696,0.401095215,3.335432296,2.378914405,0,0,0,0,0
2010-07-29 00:00:00,0.096629432,0.031019993,0.386032334,3.444541944,2.288006683,0,0,0,0,0
2010-07-30 00:00:00,0.094662414,0.030227028,0.38319185,3.538895863,2.273990938,0,0,0,0,0
2010-07-31 00:00:00,0.09238308,0.029420709,0.381761555,3.661676652,2.2679616,0,0,0,0,0
2010-08-01 00:00:00,0.08957119,0.028331324,0.378466443,3.840809753,2.245599275,0,0,0,0,0
2010-08-02 00:00:00,0.08652587,0.027182335,0.375410124,4.056404575,2.223446429,0,0,0,0,0
2010-08-03 00:00:00,0.094293096,0.029092095,0.36205656,3.403216205,2.161587532,0,0,0,0,0
2010-08-04 00:00:00,0.092260128,0.02836106,0.359969561,3.503995256,2.149629322,0,0,0,0,0
2010-08-05 00:00:00,0.090226923,0.027691507,0.358919411,3.606648195,2.146889903,0,0,0,0,0
2010-08-06 00:00:00,0.088229005,0.027022561,0.357540783,3.715118015,2.140206396,0,0,0,0,0
2010-08-07 00:00:00,0.086312032,0.026460908,0.357662263,3.814472333,2.149125141,0,0,0,0,0
2010-08-08 00:00:00,0.087872732,0.029868251,0.405513771,3.530694427,2.538757441,0,0,0,0,0
2010-08-09 00:00:00,0.088328846,0.031936854,0.431821077,3.512655261,2.675508092,0,0,0,0,0
2010-08-10 00:00:00,0.087593519,0.033021617,0.449358788,3.570297101,2.771231729,0,0,0,0,0
2010-08-11 00:00:00,0.086199124,0.031977747,0.439476702,3.619653492,2.72261408,0,0,0,0,0
2010-08-12 00:00:00,0.084036037,0.029540937,0.412365037,3.714498985,2.568935545,0,0,0,0,0
2010-08-13 00:00:00,0.087451557,0.034140886,0.4644577,3.374855901,2.940575301,0,0,0,0,0
2010-08-14 00:00:00,0.088629598,0.035609626,0.475636508,3.316761559,2.976824425,0,0,0,0,0
2010-08-15 00:00:00,0.088084399,0.034790671,0.462594969,3.335916853,2.883717215,0,0,0,0,0
2010-08-16 00:00:00,0.085943383,0.031725479,0.426493845,3.397189195,2.682371741,0,0,0,0,0
2010-08-17 00:00:00,0.083779049,0.028826088,0.39200787,3.476178503,2.482528891,0,0,0,0,0
2010-08-18 00:00:00,0.082197812,0.026994166,0.369666589,3.539432974,2.347113049,0,0,0,0,0
2010-08-19 00:00:00,0.08083038,0.025867443,0.356829436,3.596569626,2.27027178,0,0,0,0,0
2010-08-20 00:00:00,0.080118063,0.025496973,0.352695113,3.594845409,2.25747358,0,0,0,0,0
2010-08-21 00:00:00,0.079037572,0.025045961,0.349101045,3.62957247,2.244574551,0,0,0,0,0
2010-08-22 00:00:00,0.07753064,0.024370208,0.344044869,3.708361625,2.21725048,0,0,0,0,0
2010-08-23 00:00:00,0.076059109,0.023738952,0.33946579,3.785663277,2.194542755,0,0,0,0,0
2010-08-24 00:00:00,0.074581217,0.02315109,0.335622304,3.86736742,2.176907187,0,0,0,0,0
2010-08-25 00:00:00,0.073054781,0.022631166,0.333273593,3.953620083,2.172741597,0,0,0,0,0
2010-08-26 00:00:00,0.071501127,0.022112239,0.331040843,4.048063855,2.169101087,0,0,0,0,0
2010-08-27 00:00:00,0.06994371,0.021606505,0.329085487,4.147133514,2.168427984,0,0,0,0,0
2010-08-28 00:00:00,0.068387617,0.021125477,0.327493261,4.249400295,2.172166659,0,0,0,0,0
2010-08-29 00:00:00,0.06685046,0.020616147,0.325226104,4.359958866,2.168650814,0,0,0,0,0
2010-08-30 00:00:00,0.065336204,0.020125507,0.323138481,4.473212261,2.167162425,0,0,0,0,0
2010-08-31 00:00:00,0.065551817,0.021617645,0.347639549,4.277754744,2.428333963,0,0,0,0,0
2010-09-01 00:00:00,0.066925341,0.023287365,0.365297597,4.064416125,2.572384935,0,0,0,0,0
2010-09-02 00:00:00,0.068822396,0.028195741,0.432881978,3.894906592,3.058878453,0,0,0,0,0
2010-09-03 00:00:00,0.070102679,0.029961826,0.447507138,3.844177679,3.110486341,0,0,0,0,0
2010-09-04 00:00:00,0.068682413,0.028390178,0.426912443,3.92397636,2.975520956,0,0,0,0,0
2010-09-05 00:00:00,0.066437994,0.025766147,0.395304332,4.026994894,2.789489765,0,0,0,0,0
2010-09-06 00:00:00,0.064402361,0.023467692,0.367049458,4.127361664,2.620611564,0,0,0,0,0
2010-09-07 00:00:00,0.062687802,0.02169218,0.344558321,4.225062853,2.481339088,0,0,0,0,0
2010-09-08 00:00:00,0.061306497,0.02050393,0.329550296,4.306811328,2.390948736,0,0,0,0,0
2010-09-09 00:00:00,0.060083837,0.019605362,0.318143461,4.385206753,2.322627345,0,0,0,0,0
2010-09-10 00:00:00,0.058951168,0.018992385,0.311233469,4.457026108,2.290005717,0,0,0,0,0
2010-09-11 00:00:00,0.058505953,0.019247145,0.316122105,4.425111793,2.362010113,0,0,0,0,0
2010-09-12 00:00:00,0.057256633,0.018474066,0.306697434,4.528056775,2.303141354,0,0,0,0,0
2010-09-13 00:00:00,0.056074935,0.01789053,0.300210694,4.629291316,2.266930942,0,0,0,0,0
2010-09-14 00:00:00,0.054948281,0.017394163,0.295027187,4.724941659,2.243171749,0,0,0,0,0
2010-09-15 00:00:00,0.053841787,0.01698765,0.291489333,4.81705464,2.236621408,0,0,0,0,0
2010-09-16 00:00:00,0.052832075,0.016662845,0.288799242,4.90287383,2.234717714,0,0,0,0,0
2010-09-17 00:00:00,0.051953795,0.016724472,0.293413843,4.936687848,2.315097466,0,0,0,0,0
2010-09-18 00:00:00,0.052713898,0.018513195,0.320133972,4.710644127,2.583899869,0,0,0,0,0
2010-09-19 00:00:00,0.051590237,0.017722096,0.308419355,4.866653459,2.480658394,0,0,0,0,0
2010-09-20 00:00:00,0.050849942,0.017810007,0.31156451,4.945032502,2.519982594,0,0,0,0,0
2010-09-21 00:00:00,0.049885166,0.017480973,0.308669393,5.037630564,2.519292353,0,0,0,0,0
2010-09-22 00:00:00,0.04885317,0.016935227,0.302091597,5.135815681,2.490107001,0,0,0,0,0
2010-09-23 00:00:00,0.048447736,0.017752916,0.319526492,5.067326645,2.70796921,0,0,0,0,0
2010-09-24 00:00:00,0.04824428,0.018085413,0.324402251,5.025666138,2.779692809,0,0,0,0,0
2010-09-25 00:00:00,0.047037131,0.016854837,0.3042688,5.210829056,2.604513509,0,0,0,0,0
2010-09-26 00:00:00,0.045967303,0.015957088,0.290208547,5.355346592,2.494642374,0,0,0,0,0
2010-09-27 00:00:00,0.045146051,0.01600503,0.294898587,5.398761344,2.587959955,0,0,0,0,0
2010-09-28 00:00:00,0.044197866,0.01551817,0.28884565,5.498612717,2.567956934,0,0,0,0,0
2010-09-29 00:00:00,0.043640662,0.01725759,0.330873768,5.3102065,3.106068451,0,0,0,0,0
2010-09-30 00:00:00,0.04251596,0.015602513,0.299494873,5.558264201,2.79814624,0,0,0,0,0
2010-10-01 00:00:00,0.04175674,0.01611799,0.315751603,5.506263533,3.052573031,0,0,0,0,0
2010-10-02 00:00:00,0.040865644,0.014948471,0.292750657,5.708317154,2.82619679,0,0,0,0,0
2010-10-03 00:00:00,0.040077155,0.014895229,0.295576615,5.750171143,2.915957184,0,0,0,0,0
2010-10-04 00:00:00,0.039279048,0.013594471,0.267346533,6.022756726,2.599877189,0,0,0,0,0
2010-10-05 00:00:00,0.038510003,0.013431443,0.267070024,6.100730073,2.645957617,0,0,0,0,0
2010-10-06 00:00:00,0.037688971,0.014218555,0.292055525,5.98030362,3.040779587,0,0,0,0,0
2010-10-07 00:00:00,0.037003584,0.013266238,0.270617247,6.229075747,2.796703767,0,0,0,0,0
2010-10-08 00:00:00,0.036237472,0.013294974,0.275705168,6.266820288,2.922933427,0,0,0,0,0
2010-10-09 00:00:00,0.035455046,0.013463681,0.284926347,6.269201796,3.112039924,0,0,0,0,0
2010-10-10 00:00:00,0.034752759,0.013304545,0.284563733,6.357853117,3.159861271,0,0,0,0,0
2010-10-11 00:00:00,0.03398352,0.012843759,0.277033585,6.511062055,3.119994259,0,0,0,0,0
2010-10-12 00:00:00,0.033356136,0.012660102,0.275271214,6.607740138,3.145881093,0,0,0,0,0
2010-10-13 00:00:00,0.032742211,0.012451722,0.272656998,6.713354059,3.159840939,0,0,0,0,0
2010-10-14 00:00:00,0.032155597,0.012292528,0.271128907,6.817022454,3.185094953,0,0,0,0,0
2010-10-15 00:00:00,0.031587979,0.012143667,0.269670974,6.919917109,3.210887288,0,0,0,0,0
2010-10-16 00:00:00,0.031091905,0.012179608,0.272571818,6.982555509,3.290597944,0,0,0,0,0
2010-10-17 00:00:00,0.030591151,0.012151262,0.273869692,7.063371994,3.349416293,0,0,0,0,0
2010-10-18 00:00:00,0.03000628,0.011783421,0.266719887,7.22445415,3.302724813,0,0,0,0,0
2010-10-19 00:00:00,0.029610461,0.011893194,0.27084136,7.267904259,3.393964133,0,0,0,0,0
2010-10-20 00:00:00,0.02920976,0.011955678,0.273777411,7.323488375,3.470671414,0,0,0,0,0
2010-10-21 00:00:00,0.028840066,0.009544013,0.201398206,8.233885754,2.417654069,0,0,0,0,0
2010-10-22 00:00:00,0.028455901,0.009466543,0.199639134,8.33318779,2.427953031,0,0,0,0,0
2010-10-23 00:00:00,0.029748271,0.011342454,0.233111226,7.696896057,2.818177827,0,0,0,0,0
2010-10-24 00:00:00,0.034788185,0.016542045,0.30688433,6.226208552,3.472090529,0,0,0,0,0
2010-10-25 00:00:00,0.034270574,0.015884285,0.290689317,6.376097547,3.314737295,0,0,0,0,0
2010-10-26 00:00:00,0.054815717,0.042937005,0.690469718,4.552250235,6.162994997,0,0,0,0,0
2010-10-27 00:00:00,0.056161577,0.043946479,0.68352559,4.721862831,5.948937771,0,0,0,0,0
2010-10-28 00:00:00,0.051611063,0.038234134,0.605514733,4.907031485,5.484075183,0,0,0,0,0
2010-10-29 00:00:00,0.044931542,0.029556196,0.48095416,5.200464739,4.6961273,0,0,0,0,0
2010-10-30 00:00:00,0.039911011,0.022936774,0.380783126,5.449955946,4.039391345,0,0,0,0,0
2010-10-31 00:00:00,0.036754906,0.018707485,0.312456466,5.620783235,3.576620496,0,0,0,0,0
2010-11-01 00:00:00,0.034823368,0.016081385,0.267133116,5.722093163,3.265275602,0,0,0,0,0
2010-11-02 00:00:00,0.033609038,0.014444947,0.23691307,5.778553019,3.059909583,0,0,0,0,0
2010-11-03 00:00:00,0.033163331,0.014261553,0.236433873,5.738908151,3.127167277,0,0,0,0,0
2010-11-04 00:00:00,0.032322405,0.013165329,0.21410498,5.803999236,2.967512641,0,0,0,0,0
2010-11-05 00:00:00,0.031732189,0.012534289,0.200950363,5.851867489,2.886121875,0,0,0,0,0
2010-11-06 00:00:00,0.031204939,0.012058514,0.19095929,5.908011469,2.829974018,0,0,0,0,0
2010-11-07 00:00:00,0.030545797,0.011140519,0.16871819,6.03342776,2.632189789,0,0,0,0,0
2010-11-08 00:00:00,0.030281608,0.011457133,0.178933264,6.031290612,2.788698985,0,0,0,0,0
2010-11-09 00:00:00,0.029663668,0.010624474,0.157885668,6.177213609,2.593432075,0,0,0,0,0
2010-11-10 00:00:00,0.029265149,0.010453537,0.15456825,6.250635469,2.593506743,0,0,0,0,0
2010-11-11 00:00:00,0.028867481,0.010281814,0.151003852,6.330996602,2.588890255,0,0,0,0,0
2010-11-12 00:00:00,0.028689527,0.009901862,0.137214352,6.389414952,2.44952571,0,0,0,0,0
2010-11-13 00:00:00,0.030452456,0.013531963,0.22214146,5.950729817,3.329634748,0,0,0,0,0
2010-11-14 00:00:00,0.03023731,0.013306545,0.213336897,6.059618968,3.235578943,0,0,0,0,0
2010-11-15 00:00:00,0.029279667,0.011461968,0.163777856,6.329231805,2.729781146,0,0,0,0,0
2010-11-16 00:00:00,0.030834482,0.014822285,0.241331195,6.131847711,3.480181546,0,0,0,0,0
2010-11-17 00:00:00,0.031012675,0.015290437,0.249320058,6.138718102,3.559865275,0,0,0,0,0
2010-11-18 00:00:00,0.029742671,0.013275935,0.202297495,6.338711571,3.14263742,0,0,0,0,0
2010-11-19 00:00:00,0.030175222,0.014606392,0.235462204,6.285994252,3.489751627,0,0,0,0,0
2010-11-20 00:00:00,0.027907618,0.010737416,0.143616674,6.640314057,2.649395381,0,0,0,0,0
2010-11-21 00:00:00,0.028359995,0.012057606,0.176572566,6.575555074,2.996322836,0,0,0,0,0
2010-11-22 00:00:00,0.02984636,0.014915119,0.242945123,6.359475822,3.634284356,0,0,0,0,0
2010-11-23 00:00:00,0.027495929,0.010690216,0.139216202,6.698980911,2.678933296,0,0,0,0,0
2010-11-24 00:00:00,0.030928636,0.016717823,0.277149553,6.263501667,3.942629419,0,0,0,0,0
2010-11-25 00:00:00,0.031282778,0.016854459,0.271673873,6.216564502,3.869144878,0,0,0,0,0
2010-11-26 00:00:00,0.031028849,0.016567001,0.262772246,6.308492593,3.789973711,0,0,0,0,0
2010-11-27 00:00:00,0.029510781,0.014152795,0.205959884,6.482419028,3.305304707,0,0,0,0,0
2010-11-28 00:00:00,0.027903334,0.011608071,0.146367276,6.64819986,2.803892237,0,0,0,0,0
2010-11-29 00:00:00,0.030429057,0.016090373,0.250783117,6.409515146,3.743533215,0,0,0,0,0
2010-11-30 00:00:00,0.030396863,0.016003843,0.24678143,6.379797896,3.725738065,0,0,0,0,0
2010-12-01 00:00:00,0.029767848,0.015217607,0.230046723,6.439159629,3.612807896,0,0,0,0,0
2010-12-02 00:00:00,0.027315729,0.011165544,0.132779531,6.668964362,2.780353161,0,0,0,0,0
2010-12-03 00:00:00,0.026609181,0.010324847,0.114699692,6.748638331,2.658916645,0,0,0,0,0
2010-12-04 00:00:00,0.027763919,0.012719903,0.176409997,6.629906878,3.25118012,0,0,0,0,0
2010-12-05 00:00:00,0.027948765,0.013134942,0.18597418,6.604239792,3.357092009,0,0,0,0,0
2010-12-06 00:00:00,0.02757713,0.012717418,0.176672566,6.646781203,3.303358399,0,0,0,0,0
2010-12-07 00:00:00,0.026301562,0.010478042,0.117303344,6.804172673,2.775220157,0,0,0,0,0
2010-12-08 00:00:00,0.026085114,0.010291935,0.112553762,6.842947784,2.755223093,0,0,0,0,0
2010-12-09 00:00:00,0.025354691,0.009090349,0.079804,6.956250769,2.469078628,0,0,0,0,0
2010-12-10 00:00:00,0.025331019,0.009182434,0.081302444,6.975501355,2.500321917,0,0,0,0,0
2010-12-11 00:00:00,0.027969515,0.012561815,0.150968905,6.588278893,3.068193819,0,0,0,0,0
2010-12-12 00:00:00,0.0286361,0.012699756,0.141395924,6.371668751,2.964270238,0,0,0,0,0
2010-12-13 00:00:00,0.028862791,0.012987106,0.142766212,6.427291094,2.955891154,0,0,0,0,0
2010-12-14 00:00:00,0.0290464,0.013196116,0.14426168,6.427797453,2.968120427,0,0,0,0,0
2010-12-15 00:00:00,0.030518338,0.015520764,0.196477708,6.392892313,3.390301334,0,0,0,0,0
2010-12-16 00:00:00,0.029757389,0.014477746,0.17474139,6.398720698,3.25243816,0,0,0,0,0
2010-12-17 00:00:00,0.028954201,0.013399458,0.15256609,6.414518212,3.113021783,0,0,0,0,0
2010-12-18 00:00:00,0.028231949,0.012430433,0.131921331,6.435651795,2.980965429,0,0,0,0,0
2010-12-19 00:00:00,0.027039917,0.010534206,0.08567878,6.472559435,2.625365005,0,0,0,0,0
2010-12-20 00:00:00,0.026423322,0.009663128,0.064886122,6.513141201,2.477517804,0,0,0,0,0
2010-12-21 00:00:00,0.026947988,0.010646063,0.090483762,6.492726985,2.712854196,0,0,0,0,0
2010-12-22 00:00:00,0.026402899,0.009705866,0.064887548,6.52430025,2.508705414,0,0,0,0,0
2010-12-23 00:00:00,0.026261869,0.009535534,0.060238572,6.549034747,2.484455853,0,0,0,0,0
2010-12-24 00:00:00,0.02600564,0.009183431,0.050900657,6.58947794,2.419278101,0,0,0,0,0
2010-12-25 00:00:00,0.026367821,0.009934852,0.071555459,6.592585552,2.612583212,0,0,0,0,0
2010-12-26 00:00:00,0.026023747,0.009313811,0.053198417,6.638787264,2.459715544,0,0,0,0,0
2010-12-27 00:00:00,0.026218133,0.009819757,0.068107538,6.664762069,2.604481076,0,0,0,0,0
2010-12-28 00:00:00,0.025907115,0.009242265,0.050617713,6.716716465,2.456209941,0,0,0,0,0
2010-12-29 00:00:00,0.025988817,0.009429204,0.055107512,6.75101196,2.5003133,0,0,0,0,0
2010-12-30 00:00:00,0.027416647,0.011276351,0.095768369,6.618075547,2.814286337,0,0,0,0,0
2010-12-31 00:00:00,0.028426645,0.012311017,0.113304799,6.504916131,2.929795205,0,0,0,0,0
2010-01-01 00:00:00,0,0,0,0,0,0,0,0,0,0
2010-01-02 00:00:00,0,0,0,0,0,0,0,0,0,0
2010-01-03 00:00:00,0,0,0,0,0,0,0,0,0,0
2010-01-04 00:00:00,0,0,0,0,0,0,0,0,0,0
2010-01-05 00:00:00,0,0,0,0,0,0,0,0,0,0
2010-01-06 00:00:00,0,0,0,0,0,0,0,0,0,0
2010-01-07 00:00:00,0,0,0,0,0,0,0,0,0,0
2010-01-08 00:00:00,0,0,0,0,0,0,0,0,0,0
2010-01-09 00:00:00,0,0,0,0,0,0,0,0,0,0
2010-01-10 00:00:00,0,0,0,0,0,0,0,0,0,0
2010-01-11 00:00:00,0,0,0,0,0,0,0,0,0,0
2010-01-12 00:00:00,0,0,0,0,0,0,0,0,0,0
2010-01-13 00:00:00,0,0,0,0,0,0,0,0,0,0
2010-01-14 00:00:00,0,0,0,0,0,0,0,0,0,0
2010-01-15 00:00:00,0,0,0,0,0,0,0,0,0,0
2010-01-16 00:00:00,0,0,0,0,0,0,0,0,0,0
2010-01-17 00:00:00,0,0,0,0,0,0,0,0,0,0
2010-01-18 00:00:00,0,0,0,0,0,0,0,0,0,0
2010-01-19 00:00:00,0,0,0,0,0,0,0,0,0,0
2010-01-20 00:00:00,0,0,0,0,0,0,0,0,0,0
2010-01-21 00:00:00,0,0,0,0,0,0,0,0,0,0
2010-01-22 00:00:00,0,0,0,0,0,0,0,0,0,0
2010-01-23 00:00:00,0,0,0,0,0,0,0,0,0,0
2010-01-24 00:00:00,0,0,0,0,0,0,0,0,0,0
2010-01-25 00:00:00,0,0,0,0,0,0,0,0,0,0
2010-01-26 00:00:00,0,0,0,0,0,0,0,0,0,0
2010-01-27 00:00:00,0,0,0,0,0,0,0,0,0,0
2010-01-28 00:00:00,0,0,0,0,0,0,0,0,0,0
2010-01-29 00:00:00,0,0,0,0,0,0,0,0,0,0
2010-01-30 00:00:00,0,0,0,0,0,0,0,0,0,0
2010-01-31 00:00:00,0,0,0,0,0,0,0,0,0,0
2010-02-01 00:00:00,0,0,0,0,0,0,0,0,0,0
2010-02-02 00:00:00,0,0,0,0,0,0,0,0,0,0
2010-02-03 00:00:00,0,0,0,0,0,0,0,0,0,0
2010-02-04 00:00:00,0,0,0,0,0,0,0,0,0,0
2010-02-05 00:00:00,0,0,0,0,0,0,0,0,0,0
2010-02-06 00:00:00,0,0,0,0,0,0,0,0,0,0
2010-02-07 00:00:00,0,0,0,0,0,0,0,0,0,0
2010-02-08 00:00:00,0,0,0,0,0,0,0,0,0,0
2010-02-09 00:00:00,0,0,0,0,0,0,0,0,0,0
2010-02-10 00:00:00,0,0,0,0,0,0,0,0,0,0
2010-02-11 00:00:00,0,0,0,0,0,0,0,0,0,0
2010-02-12 00:00:00,0,0,0,0,0,0,0,0,0,0
2010-02-13 00:00:00,0,0,0,0,0,0,0,0,0,0
2010-02-14 00:00:00,0,0,0,0,0,0,0,0,0,0
2010-02-15 00:00:00,0,0,0,0,0,0,0,0,0,0
2010-02-16 00:00:00,0,0,0,0,0,0,0,0,0,0
2010-02-17 00:00:00,0,0,0,0,0,0,0,0,0,0
2010-02-18 00:00:00,0,0,0,0,0,0,0,0,0,0
2010-02-19 00:00:00,0,0,0,0,0,0,0,0,0,0
2010-02-20 00:00:00,0,0,0,0,0,0,0,0,0,0
2010-02-21 00:00:00,0,0,0,0,0,0,0,0,0,0
2010-02-22 00:00:00,0,0,0,0,0,0,0,0,0,0
2010-02-23 00:00:00,0,0,0,0,0,0,0,0,0,0
2010-02-24 00:00:00,0,0,0,0,0,0,0,0,0,0
2010-02-25 00:00:00,0,0,0,0,0,0,0,0,0,0
2010-02-26 00:00:00,0,0,0,0,0,0,0,0,0,0
2010-02-27 00:00:00,0,0,0,0,0,0,0,0,0,0
2010-02-28 00:00:00,0,0,0,0,0,0,0,0,0,0
2010-03-01 00:00:00,0,0,0,0,0,0,0,0,0,0
2010-03-02 00:00:00,0,0,0,0,0,0,0,0,0,0
2010-03-03 00:00:00,0,0,0,0,0,0,0,0,0,0
2010-03-04 00:00:00,0,0,0,0,0,0,0,0,0,0
2010-03-05 00:00:00,0,0,0,0,0,0,0,0,0,0
2010-03-06 00:00:00,0,0,0,0,0,0,0,0,0,0
2010-03-07 00:00:00,0,0,0,0,0,0,0,0,0,0
2010-03-08 00:00:00,0,0,0,0,0,0,0,0,0,0
2010-03-09 00:00:00,0,0,0,0,0,0,0,0,0,0
2010-03-10 00:00:00,0,0,0,0,0,0,0,0,0,0
2010-03-11 00:00:00,0,0,0,0,0,0,0,0,0,0
2010-03-12 00:00:00,0,0,0,0,0,0,0,0,0,0
2010-03-13 00:00:00,0,0,0,0,0,0,0,0,0,0
2010-03-14 00:00:00,0,0,0,0,0,0,0,0,0,0
2010-03-15 00:00:00,0,0,0,0,0,0,0,0,0,0
2010-03-16 00:00:00,0,0,0,0,0,0,0,0,0,0
2010-03-17 00:00:00,0,0,0,0,0,0,0,0,0,0
2010-03-18 00:00:00,0,0,0,0,0,0,0,0,0,0
2010-03-19 00:00:00,0,0,0,0,0,0,0,0,0,0
2010-03-20 00:00:00,0,0,0,0,0,0,0,0,0,0
2010-03-21 00:00:00,0,0,0,0,0,0,0,0,0,0
2010-03-22 00:00:00,0,0,0,0,0,0,0,0,0,0
2010-03-23 00:00:00,0,0,0,0,0,0,0,0,0,0
2010-03-24 00:00:00,0,0,0,0,0,0,0,0,0,0
2010-03-25 00:00:00,0,0,0,0,0,0,0,0,0,0
2010-03-26 00:00:00,0,0,0,0,0,0,0,0,0,0
2010-03-27 00:00:00,0,0,0,0,0,0,0,0,0,0
2010-03-28 00:00:00,0,0,0,0,0,0,0,0,0,0
2010-03-29 00:00:00,0,0,0,0,0,0,0,0,0,0
2010-03-30 00:00:00,0,0,0,0,0,0,0,0,0,0
2010-03-31 00:00:00,0,0,0,0,0,0,0,0,0,0
2010-04-01 00:00:00,0,0,0,0,0,0,0,0,0,0
2010-04-02 00:00:00,0,0,0,0,0,0,0,0,0,0
2010-04-03 00:00:00,0,0,0,0,0,0,0,0,0,0
2010-04-04 00:00:00,0,0,0,0,0,0,0,0,0,0
2010-04-05 00:00:00,0,0,0,0,0,0,0,0,0,0
2010-04-06 00:00:00,0,0,0,0,0,0,0,0,0,0
2010-04-07 00:00:00,0,0,0,0,0,0,0,0,0,0
2010-04-08 00:00:00,0,0,0,0,0,0,0,0,0,0
2010-04-09 00:00:00,0,0,0,0,0,0,0,0,0,0
2010-04-10 00:00:00,0,0,0,0,0,0,0,0,0,0
2010-04-11 00:00:00,0,0,0,0,0,0,0,0,0,0
2010-04-12 00:00:00,0,0,0,0,0,0,0,0,0,0
2010-04-13 00:00:00,0,0,0,0,0,0,0,0,0,0
2010-04-14 00:00:00,0,0,0,0,0,0,0,0,0,0
2010-04-15 00:00:00,0,0,0,0,0,0,0,0,0,0
2010-04-16 00:00:00,0,0,0,0,0,0,0,0,0,0
2010-04-17 00:00:00,0,0,0,0,0,0,0,0,0,0
2010-04-18 00:00:00,0,0,0,0,0,0,0,0,0,0
2010-04-19 00:00:00,0,0,0,0,0,0,0,0,0,0
2010-04-20 00:00:00,0,0,0,0,0,0,0,0,0,0
2010-04-21 00:00:00,0,0,0,0,0,0,0,0,0,0
2010-04-22 00:00:00,0,0,0,0,0,0,0,0,0,0
2010-04-23 00:00:00,0,0,0,0,0,0,0,0,0,0
2010-04-24 00:00:00,0,0,0,0,0,0,0,0,0,0
2010-04-25 00:00:00,0,0,0,0,0,0,0,0,0,0
2010-04-26 00:00:00,0,0,0,0,0,0,0,0,0,0
2010-04-27 00:00:00,0,0,0,0,0,0,0,0,0,0
2010-04-28 00:00:00,0,0,0,0,0,0,0,0,0,0
2010-04-29 00:00:00,0,0,0,0,0,0,0,0,0,0
2010-04-30 00:00:00,0,0,0,0,0,0,0,0,0,0
2010-05-01 00:00:00,0,0,0,0,0,0,0,0,0,0
2010-05-02 00:00:00,0,0,0,0,0,0,0,0,0,0
2010-05-03 00:00:00,0,0,0,0,0,0,0,0,0,0
2010-05-04 00:00:00,0,0,0,0,0,0,0,0,0,0
2010-05-05 00:00:00,0,0,0,0,0,0,0,0,0,0
2010-05-06 00:00:00,0,0,0,0,0,0,0,0,0,0
2010-05-07 00:00:00,0,0,0,0,0,0,0,0,0,0
2010-05-08 00:00:00,0,0,0,0,0,0,0,0,0,0
2010-05-09 00:00:00,0,0,0,0,0,0,0,0,0,0
2010-05-10 00:00:00,0,0,0,0,0,0,0,0,0,0
2010-05-11 00:00:00,0,0,0,0,0,0,0,0,0,0
2010-05-12 00:00:00,0,0,0,0,0,0,0,0,0,0
2010-05-13 00:00:00,0,0,0,0,0,0,0,0,0,0
2010-05-14 00:00:00,0,0,0,0,0,0,0,0,0,0
2010-05-15 00:00:00,0,0,0,0,0,0,0,0,0,0
2010-05-16 00:00:00,0,0,0,0,0,0,0,0,0,0
2010-05-17 00:00:00,0,0,0,0,0,0,0,0,0,0
2010-05-18 00:00:00,0,0,0,0,0,0,0,0,0,0
2010-05-19 00:00:00,0,0,0,0,0,0,0,0,0,0
2010-05-20 00:00:00,0,0,0,0,0,0,0,0,0,0
2010-05-21 00:00:00,0,0,0,0,0,0,0,0,0,0
2010-05-22 00:00:00,0,0,0,0,0,0,0,0,0,0
2010-05-23 00:00:00,0,0,0,0,0,0,0,0,0,0
2010-05-24 00:00:00,0,0,0,0,0,0,0,0,0,0
2010-05-25 00:00:00,0,0,0,0,0,0,0,0,0,0
2010-05-26 00:00:00,0,0,0,0,0,0,0,0,0,0
2010-05-27 00:00:00,0,0,0,0,0,0,0,0,0,0
2010-05-28 00:00:00,0,0,0,0,0,0,0,0,0,0
2010-05-29 00:00:00,0,0,0,0,0,0,0,0,0,0
2010-05-30 00:00:00,0,0,0,0,0,0,0,0,0,0
2010-05-31 00:00:00,0,0,0,0,0,0,0,0,0,0
2010-06-01 00:00:00,0,0,0,0,0,0,0,0,0,0
2010-06-02 00:00:00,0,0,0,0,0,0,0,0,0,0
2010-06-03 00:00:00,0,0,0,0,0,0,0,0,0,0
2010-06-04 00:00:00,0,0,0,0,0,0,0,0,0,0
2010-06-05 00:00:00,0,0,0,0,0,0,0,0,0,0
2010-06-06 00:00:00,0,0,0,0,0,0,0,0,0,0
2010-06-07 00:00:00,0,0,0,0,0,0,0,0,0,0
2010-06-08 00:00:00,0,0,0,0,0,0,0,0,0,0
2010-06-09 00:00:00,0,0,0,0,0,0,0,0,0,0
2010-06-10 00:00:00,0,0,0,0,0,0,0,0,0,0
2010-06-11 00:00:00,0,0,0,0,0,0,0,0,0,0
2010-06-12 00:00:00,0,0,0,0,0,0,0,0,0,0
2010-06-13 00:00:00,0,0,0,0,0,0,0,0,0,0
2010-06-14 00:00:00,0,0,0,0,0,0,0,0,0,0
2010-06-15 00:00:00,0,0,0,0,0,0,0,0,0,0
2010-06-16 00:00:00,0,0,0,0,0,0,0,0,0,0
2010-06-17 00:00:00,0,0,0,0,0,0,0,0,0,0
2010-06-18 00:00:00,0,0,0,0,0,0,0,0,0,0
2010-06-19 00:00:00,0,0,0,0,0,0,0,0,0,0
2010-06-20 00:00:00,0,0,0,0,0,0,0,0,0,0
2010-06-21 00:00:00,0,0,0,0,0,0,0,0,0,0
2010-06-22 00:00:00,0,0,0,0,0,0,0,0,0,0
2010-06-23 00:00:00,0,0,0,0,0,0,0,0,0,0
2010-06-24 00:00:00,0,0,0,0,0,0,0,0,0,0
2010-06-25 00:00:00,0,0,0,0,0,0,0,0,0,0
2010-06-26 00:00:00,0,0,0,0,0,0,0,0,0,0
2010-06-27 00:00:00,0,0,0,0,0,0,0,0,0,0
2010-06-28 00:00:00,0,0,0,0,0,0,0,0,0,0
2010-06-29 00:00:00,0,0,0,0,0,0,0,0,0,0
2010-06-30 00:00:00,0,0,0,0,0,0,0,0,0,0
2010-07-01 00:00:00,0,0,0,0,0,0,0,0,0,0
2010-07-02 00:00:00,0,0,0,0,0,0,0,0,0,0
2010-07-03 00:00:00,0,0,0,0,0,0,0,0,0,0
2010-07-04 00:00:00,0,0,0,0,0,0,0,0,0,0
2010-07-05 00:00:00,0,0,0,0,0,0,0,0,0,0
2010-07-06 00:00:00,0,0,0,0,0,0,0,0,0,0
2010-07-07 00:00:00,0,0,0,0,0,0,0,0,0,0
2010-07-08 00:00:00,0,0,0,0,0,0,0,0,0,0
2010-07-09 00:00:00,0,0,0,0,0,0,0,0,0,0
2010-07-10 00:00:00,0,0,0,0,0,0,0,0,0,0
2010-07-11 00:00:00,0,0,0,0,0,0,0,0,0,0
2010-07-12 00:00:00,0,0,0,0,0,0,0,0,0,0
2010-07-13 00:00:00,0,0,0,0,0,0,0,0,0,0
2010-07-14 00:00:00,0,0,0,0,0,0,0,0,0,0
2010-07-15 00:00:00,0,0,0,0,0,0,0,0,0,0
2010-07-16 00:00:00,0,0,0,0,0,0,0,0,0,0
2010-07-17 00:00:00,0,0,0,0,0,0,0,0,0,0
2010-07-18 00:00:00,0,0,0,0,0,0,0,0,0,0
2010-07-19 00:00:00,0,0,0,0,0,0,0,0,0,0
2010-07-20 00:00:00,0,0,0,0,0,0,0,0,0,0
2010-07-21 00:00:00,0,0,0,0,0,0,0,0,0,0
2010-07-22 00:00:00,0,0,0,0,0,0,0,0,0,0
2010-07-23 00:00:00,0,0,0,0,0,0,0,0,0,0
2010-07-24 00:00:00,0,0,0,0,0,0,0,0,0,0
2010-07-25 00:00:00,0,0,0,0,0,0,0,0,0,0
2010-07-26 00:00:00,0,0,0,0,0,0,0,0,0,0
2010-07-27 00:00:00,0,0,0,0,0,0,0,0,0,0
2010-07-28 00:00:00,0,0,0,0,0,0,0,0,0,0
2010-07-29 00:00:00,0,0,0,0,0,0,0,0,0,0
2010-07-30 00:00:00,0,0,0,0,0,0,0,0,0,0
2010-07-31 00:00:00,0,0,0,0,0,0,0,0,0,0
2010-08-01 00:00:00,0,0,0,0,0,0,0,0,0,0
2010-08-02 00:00:00,0,0,0,0,0,0,0,0,0,0
2010-08-03 00:00:00,0,0,0,0,0,0,0,0,0,0
2010-08-04 00:00:00,0,0,0,0,0,0,0,0,0,0
2010-08-05 00:00:00,0,0,0,0,0,0,0,0,0,0
2010-08-06 00:00:00,0,0,0,0,0,0,0,0,0,0
2010-08-07 00:00:00,0,0,0,0,0,0,0,0,0,0
2010-08-08 00:00:00,0,0,0,0,0,0,0,0,0,0
2010-08-09 00:00:00,0,0,0,0,0,0,0,0,0,0
2010-08-10 00:00:00,0,0,0,0,0,0,0,0,0,0
2010-08-11 00:00:00,0,0,0,0,0,0,0,0,0,0
2010-08-12 00:00:00,0,0,0,0,0,0,0,0,0,0
2010-08-13 00:00:00,0,0,0,0,0,0,0,0,0,0
2010-08-14 00:00:00,0,0,0,0,0,0,0,0,0,0
2010-08-15 00:00:00,0,0,0,0,0,0,0,0,0,0
2010-08-16 00:00:00,0,0,0,0,0,0,0,0,0,0
2010-08-17 00:00:00,0,0,0,0,0,0,0,0,0,0
2010-08-18 00:00:00,0,0,0,0,0,0,0,0,0,0
2010-08-19 00:00:00,0,0,0,0,0,0,0,0,0,0
2010-08-20 00:00:00,0,0,0,0,0,0,0,0,0,0
2010-08-21 00:00:00,0,0,0,0,0,0,0,0,0,0
2010-08-22 00:00:00,0,0,0,0,0,0,0,0,0,0
2010-08-23 00:00:00,0,0,0,0,0,0,0,0,0,0
2010-08-24 00:00:00,0,0,0,0,0,0,0,0,0,0
2010-08-25 00:00:00,0,0,0,0,0,0,0,0,0,0
2010-08-26 00:00:00,0,0,0,0,0,0,0,0,0,0
2010-08-27 00:00:00,0,0,0,0,0,0,0,0,0,0
2010-08-28 00:00:00,0,0,0,0,0,0,0,0,0,0
2010-08-29 00:00:00,0,0,0,0,0,0,0,0,0,0
2010-08-30 00:00:00,0,0,0,0,0,0,0,0,0,0
2010-08-31 00:00:00,0,0,0,0,0,0,0,0,0,0
2010-09-01 00:00:00,0,0,0,0,0,0,0,0,0,0
2010-09-02 00:00:00,0,0,0,0,0,0,0,0,0,0
2010-09-03 00:00:00,0,0,0,0,0,0,0,0,0,0
2010-09-04 00:00:00,0,0,0,0,0,0,0,0,0,0
2010-09-05 00:00:00,0,0,0,0,0,0,0,0,0,0
2010-09-06 00:00:00,0,0,0,0,0,0,0,0,0,0
2010-09-07 00:00:00,0,0,0,0,0,0,0,0,0,0
2010-09-08 00:00:00,0,0,0,0,0,0,0,0,0,0
2010-09-09 00:00:00,0,0,0,0,0,0,0,0,0,0
2010-09-10 00:00:00,0,0,0,0,0,0,0,0,0,0
2010-09-11 00:00:00,0,0,0,0,0,0,0,0,0,0
2010-09-12 00:00:00,0,0,0,0,0,0,0,0,0,0
2010-09-13 00:00:00,0,0,0,0,0,0,0,0,0,0
2010-09-14 00:00:00,0,0,0,0,0,0,0,0,0,0
2010-09-15 00:00:00,0,0,0,0,0,0,0,0,0,0
2010-09-16 00:00:00,0,0,0,0,0,0,0,0,0,0
2010-09-17 00:00:00,0,0,0,0,0,0,0,0,0,0
2010-09-18 00:00:00,0,0,0,0,0,0,0,0,0,0
2010-09-19 00:00:00,0,0,0,0,0,0,0,0,0,0
2010-09-20 00:00:00,0,0,0,0,0,0,0,0,0,0
2010-09-21 00:00:00,0,0,0,0,0,0,0,0,0,0
2010-09-22 00:00:00,0,0,0,0,0,0,0,0,0,0
2010-09-23 00:00:00,0,0,0,0,0,0,0,0,0,0
2010-09-24 00:00:00,0,0,0,0,0,0,0,0,0,0
2010-09-25 00:00:00,0,0,0,0,0,0,0,0,0,0
2010-09-26 00:00:00,0,0,0,0,0,0,0,0,0,0
2010-09-27 00:00:00,0,0,0,0,0,0,0,0,0,0
2010-09-28 00:00:00,0,0,0,0,0,0,0,0,0,0
2010-09-29 00:00:00,0,0,0,0,0,0,0,0,0,0
2010-09-30 00:00:00,0,0,0,0,0,0,0,0,0,0
2010-10-01 00:00:00,0,0,0,0,0,0,0,0,0,0
2010-10-02 00:00:00,0,0,0,0,0,0,0,0,0,0
2010-10-03 00:00:00,0,0,0,0,0,0,0,0,0,0
2010-10-04 00:00:00,0,0,0,0,0,0,0,0,0,0
2010-10-05 00:00:00,0,0,0,0,0,0,0,0,0,0
2010-10-06 00:00:00,0,0,0,0,0,0,0,0,0,0
2010-10-07 00:00:00,0,0,0,0,0,0,0,0,0,0
2010-10-08 00:00:00,0,0,0,0,0,0,0,0,0,0
2010-10-09 00:00:00,0,0,0,0,0,0,0,0,0,0
2010-10-10 00:00:00,0,0,0,0,0,0,0,0,0,0
2010-10-11 00:00:00,0,0,0,0,0,0,0,0,0,0
2010-10-12 00:00:00,0,0,0,0,0,0,0,0,0,0
2010-10-13 00:00:00,0,0,0,0,0,0,0,0,0,0
2010-10-14 00:00:00,0,0,0,0,0,0,0,0,0,0
2010-10-15 00:00:00,0,0,0,0,0,0,0,0,0,0
2010-10-16 00:00:00,0,0,0,0,0,0,0,0,0,0
2010-10-17 00:00:00,0,0,0,0,0,0,0,0,0,0
2010-10-18 00:00:00,0,0,0,0,0,0,0,0,0,0
2010-10-19 00:00:00,0,0,0,0,0,0,0,0,0,0
2010-10-20 00:00:00,0,0,0,0,0,0,0,0,0,0
2010-10-21 00:00:00,0,0,0,0,0,0,0,0,0,0
2010-10-22 00:00:00,0,0,0,0,0,0,0,0,0,0
2010-10-23 00:00:00,0,0,0,0,0,0,0,0,0,0
2010-10-24 00:00:00,0,0,0,0,0,0,0,0,0,0
2010-10-25 00:00:00,0,0,0,0,0,0,0,0,0,0
2010-10-26 00:00:00,0,0,0,0,0,0,0,0,0,0
2010-10-27 00:00:00,0,0,0,0,0,0,0,0,0,0
2010-10-28 00:00:00,0,0,0,0,0,0,0,0,0,0
2010-10-29 00:00:00,0,0,0,0,0,0,0,0,0,0
2010-10-30 00:00:00,0,0,0,0,0,0,0,0,0,0
2010-10-31 00:00:00,0,0,0,0,0,0,0,0,0,0
2010-11-01 00:00:00,0,0,0,0,0,0,0,0,0,0
2010-11-02 00:00:00,0,0,0,0,0,0,0,0,0,0
2010-11-03 00:00:00,0,0,0,0,0,0,0,0,0,0
2010-11-04 00:00:00,0,0,0,0,0,0,0,0,0,0
2010-11-05 00:00:00,0,0,0,0,0,0,0,0,0,0
2010-11-06 00:00:00,0,0,0,0,0,0,0,0,0,0
2010-11-07 00:00:00,0,0,0,0,0,0,0,0,0,0
2010-11-08 00:00:00,0,0,0,0,0,0,0,0,0,0
2010-11-09 00:00:00,0,0,0,0,0,0,0,0,0,0
2010-11-10 00:00:00,0,0,0,0,0,0,0,0,0,0
2010-11-11 00:00:00,0,0,0,0,0,0,0,0,0,0
2010-11-12 00:00:00,0,0,0,0,0,0,0,0,0,0
2010-11-13 00:00:00,0,0,0,0,0,0,0,0,0,0
2010-11-14 00:00:00,0,0,0,0,0,0,0,0,0,0
2010-11-15 00:00:00,0,0,0,0,0,0,0,0,0,0
2010-11-16 00:00:00,0,0,0,0,0,0,0,0,0,0
2010-11-17 00:00:00,0,0,0,0,0,0,0,0,0,0
2010-11-18 00:00:00,0,0,0,0,0,0,0,0,0,0
2010-11-19 00:00:00,0,0,0,0,0,0,0,0,0,0
2010-11-20 00:00:00,0,0,0,0,0,0,0,0,0,0
2010-11-21 00:00:00,0,0,0,0,0,0,0,0,0,0
2010-11-22 00:00:00,0,0,0,0,0,0,0,0,0,0
2010-11-23 00:00:00,0,0,0,0,0,0,0,0,0,0
2010-11-24 00:00:00,0,0,0,0,0,0,0,0,0,0
2010-11-25 00:00:00,0,0,0,0,0,0,0,0,0,0
2010-11-26 00:00:00,0,0,0,0,0,0,0,0,0,0
2010-11-27 00:00:00,0,0,0,0,0,0,0,0,0,0
2010-11-28 00:00:00,0,0,0,0,0,0,0,0,0,0
2010-11-29 00:00:00,0,0,0,0,0,0,0,0,0,0
2010-11-30 00:00:00,0,0,0,0,0,0,0,0,0,0
2010-12-01 00:00:00,0,0,0,0,0,0,0,0,0,0
2010-12-02 00:00:00,0,0,0,0,0,0,0,0,0,0
2010-12-03 00:00:00,0,0,0,0,0,0,0,0,0,0
2010-12-04 00:00:00,0,0,0,0,0,0,0,0,0,0
2010-12-05 00:00:00,0,0,0,0,0,0,0,0,0,0
2010-12-06 00:00:00,0,0,0,0,0,0,0,0,0,0
2010-12-07 00:00:00,0,0,0,0,0,0,0,0,0,0
2010-12-08 00:00:00,0,0,0,0,0,0,0,0,0,0
2010-12-09 00:00:00,0,0,0,0,0,0,0,0,0,0
2010-12-10 00:00:00,0,0,0,0,0,0,0,0,0,0
2010-12-11 00:00:00,0,0,0,0,0,0,0,0,0,0
2010-12-12 00:00:00,0,0,0,0,0,0,0,0,0,0
2010-12-13 00:00:00,0,0,0,0,0,0,0,0,0,0
2010-12-14 00:00:00,0,0,0,0,0,0,0,0,0,0
2010-12-15 00:00:00,0,0,0,0,0,0,0,0,0,0
2010-12-16 00:00:00,0,0,0,0,0,0,0,0,0,0
2010-12-17 00:00:00,0,0,0,0,0,0,0,0,0,0
2010-12-18 00:00:00,0,0,0,0,0,0,0,0,0,0
2010-12-19 00:00:00,0,0,0,0,0,0,0,0,0,0
2010-12-20 00:00:00,0,0,0,0,0,0,0,0,0,0
2010-12-21 00:00:00,0,0,0,0,0,0,0,0,0,0
2010-12-22 00:00:00,0,0,0,0,0,0,0,0,0,0
2010-12-23 00:00:00,0,0,0,0,0,0,0,0,0,0
2010-12-24 00:00:00,0,0,0,0,0,0,0,0,0,0
2010-12-25 00:00:00,0,0,0,0,0,0,0,0,0,0
2010-12-26 00:00:00,0,0,0,0,0,0,0,0,0,0
2010-12-27 00:00:00,0,0,0,0,0,0,0,0,0,0
2010-12-28 00:00:00,0,0,0,0,0,0,0,0,0,0
2010-12-29 00:00:00,0,0,0,0,0,0,0,0,0,0
2010-12-30 00:00:00,0,0,0,0,0,0,0,0,0,0
2010-12-31 00:00:00,0,0,0,0,0,0,0,0,0,0
2011-01-01 00:00:00,0,0,0,0,0,0,0,0,0,0
2011-01-02 00:00:00,0,0,0,0,0,0,0,0,0,0
2011-01-03 00:00:00,0,0,0,0,0,0,0,0,0,0
2011-01-04 00:00:00,0,0,0,0,0,0,0,0,0,0
2011-01-05 00:00:00,0,0,0,0,0,0,0,0,0,0
2011-01-06 00:00:00,0,0,0,0,0,0,0,0,0,0
2011-01-07 00:00:00,0,0,0,0,0,0,0,0,0,0
2011-01-08 00:00:00,0,0,0,0,0,0,0,0,0,0
2011-01-09 00:00:00,0,0,0,0,0,0,0,0,0,0
2011-01-10 00:00:00,0,0,0,0,0,0,0,0,0,0
2011-01-11 00:00:00,0,0,0,0,0,0,0,0,0,0
2011-01-12 00:00:00,0,0,0,0,0,0,0,0,0,0
2011-01-13 00:00:00,0,0,0,0,0,0,0,0,0,0
2011-01-14 00:00:00,0,0,0,0,0,0,0,0,0,0
2011-01-15 00:00:00,0,0,0,0,0,0,0,0,0,0
2011-01-16 00:00:00,0,0,0,0,0,0,0,0,0,0
2011-01-17 00:00:00,0,0,0,0,0,0,0,0,0,0
2011-01-18 00:00:00,0,0,0,0,0,0,0,0,0,0
2011-01-19 00:00:00,0,0,0,0,0,0,0,0,0,0
2011-01-20 00:00:00,0,0,0,0,0,0,0,0,0,0
2011-01-21 00:00:00,0,0,0,0,0,0,0,0,0,0
2011-01-22 00:00:00,0,0,0,0,0,0,0,0,0,0
2011-01-23 00:00:00,0,0,0,0,0,0,0,0,0,0
2011-01-24 00:00:00,0,0,0,0,0,0,0,0,0,0
2011-01-25 00:00:00,0,0,0,0,0,0,0,0,0,0
2011-01-26 00:00:00,0,0,0,0,0,0,0,0,0,0
2011-01-27 00:00:00,0,0,0,0,0,0,0,0,0,0
2011-01-28 00:00:00,0,0,0,0,0,0,0,0,0,0
2011-01-29 00:00:00,0,0,0,0,0,0,0,0,0,0
2011-01-30 00:00:00,0,0,0,0,0,0,0,0,0,0
2011-01-31 00:00:00,0,0,0,0,0,0,0,0,0,0
2011-02-01 00:00:00,0,0,0,0,0,0,0,0,0,0
2011-02-02 00:00:00,0,0,0,0,0,0,0,0,0,0
2011-02-03 00:00:00,0,0,0,0,0,0,0,0,0,0
2011-02-04 00:00:00,0,0,0,0,0,0,0,0,0,0
2011-02-05 00:00:00,0,0,0,0,0,0,0,0,0,0
2011-02-06 00:00:00,0,0,0,0,0,0,0,0,0,0
2011-02-07 00:00:00,0,0,0,0,0,0,0,0,0,0
2011-02-08 00:00:00,0,0,0,0,0,0,0,0,0,0
2011-02-09 00:00:00,0,0,0,0,0,0,0,0,0,0
2011-02-10 00:00:00,0,0,0,0,0,0,0,0,0,0
2011-02-11 00:00:00,0,0,0,0,0,0,0,0,0,0
2011-02-12 00:00:00,0,0,0,0,0,0,0,0,0,0
2011-02-13 00:00:00,0,0,0,0,0,0,0,0,0,0
2011-02-14 00:00:00,0,0,0,0,0,0,0,0,0,0
2011-02-15 00:00:00,0,0,0,0,0,0,0,0,0,0
2011-02-16 00:00:00,0,0,0,0,0,0,0,0,0,0
2011-02-17 00:00:00,0,0,0,0,0,0,0,0,0,0
2011-02-18 00:00:00,0,0,0,0,0,0,0,0,0,0
2011-02-19 00:00:00,0,0,0,0,0,0,0,0,0,0
2011-02-20 00:00:00,0,0,0,0,0,0,0,0,0,0
2011-02-21 00:00:00,0,0,0,0,0,0,0,0,0,0
2011-02-22 00:00:00,0,0,0,0,0,0,0,0,0,0
2011-02-23 00:00:00,0,0,0,0,0,0,0,0,0,0
2011-02-24 00:00:00,0,0,0,0,0,0,0,0,0,0
2011-02-25 00:00:00,0,0,0,0,0,0,0,0,0,0
2011-02-26 00:00:00,0,0,0,0,0,0,0,0,0,0
2011-02-27 00:00:00,0,0,0,0,0,0,0,0,0,0
2011-02-28 00:00:00,0,0,0,0,0,0,0,0,0,0
2011-03-01 00:00:00,0,0,0,0,0,0,0,0,0,0
2011-03-02 00:00:00,0,0,0,0,0,0,0,0,0,0
2011-03-03 00:00:00,0,0,0,0,0,0,0,0,0,0
2011-03-04 00:00:00,0,0,0,0,0,0,0,0,0,0
2011-03-05 00:00:00,0,0,0,0,0,0,0,0,0,0
2011-03-06 00:00:00,0,0,0,0,0,0,0,0,0,0
2011-03-07 00:00:00,0,0,0,0,0,0,0,0,0,0
2011-03-08 00:00:00,0,0,0,0,0,0,0,0,0,0
2011-03-09 00:00:00,0,0,0,0,0,0,0,0,0,0
2011-03-10 00:00:00,0,0,0,0,0,0,0,0,0,0
2011-03-11 00:00:00,0,0,0,0,0,0,0,0,0,0
2011-03-12 00:00:00,0,0,0,0,0,0,0,0,0,0
2011-03-13 00:00:00,0,0,0,0,0,0,0,0,0,0
2011-03-14 00:00:00,0,0,0,0,0,0,0,0,0,0
2011-03-15 00:00:00,0,0,0,0,0,0,0,0,0,0
2011-03-16 00:00:00,0,0,0,0,0,0,0,0,0,0
2011-03-17 00:00:00,0,0,0,0,0,0,0,0,0,0
2011-03-18 00:00:00,0,0,0,0,0,0,0,0,0,0
2011-03-19 00:00:00,0,0,0,0,0,0,0,0,0,0
2011-03-20 00:00:00,0,0,0,0,0,0,0,0,0,0
2011-03-21 00:00:00,0,0,0,0,0,0,0,0,0,0
2011-03-22 00:00:00,0,0,0,0,0,0,0,0,0,0
2011-03-23 00:00:00,0,0,0,0,0,0,0,0,0,0
2011-03-24 00:00:00,0,0,0,0,0,0,0,0,0,0
2011-03-25 00:00:00,0,0,0,0,0,0,0,0,0,0
2011-03-26 00:00:00,0,0,0,0,0,0,0,0,0,0
2011-03-27 00:00:00,0,0,0,0,0,0,0,0,0,0
2011-03-28 00:00:00,0,0,0,0,0,0,0,0,0,0
2011-03-29 00:00:00,0,0,0,0,0,0,0,0,0,0
2011-03-30 00:00:00,0,0,0,0,0,0,0,0,0,0
2011-03-31 00:00:00,0,0,0,0,0,0,0,0,0,0
2011-04-01 00:00:00,0,0,0,0,0,0,0,0,0,0
2011-04-02 00:00:00,0,0,0,0,0,0,0,0,0,0
2011-04-03 00:00:00,0,0,0,0,0,0,0,0,0,0
2011-04-04 00:00:00,0,0,0,0,0,0,0,0,0,0
2011-04-05 00:00:00,0,0,0,0,0,0,0,0,0,0
2011-04-06 00:00:00,0,0,0,0,0,0,0,0,0,0
2011-04-07 00:00:00,0,0,0,0,0,0,0,0,0,0
2011-04-08 00:00:00,0,0,0,0,0,0,0,0,0,0
2011-04-09 00:00:00,0,0,0,0,0,0,0,0,0,0
2011-04-10 00:00:00,0,0,0,0,0,0,0,0,0,0
2011-04-11 00:00:00,0,0,0,0,0,0,0,0,0,0
2011-04-12 00:00:00,0,0,0,0,0,0,0,0,0,0
2011-04-13 00:00:00,0,0,0,0,0,0,0,0,0,0
2011-04-14 00:00:00,0,0,0,0,0,0,0,0,0,0
2011-04-15 00:00:00,0,0,0,0,0,0,0,0,0,0
2011-04-16 00:00:00,0,0,0,0,0,0,0,0,0,0
2011-04-17 00:00:00,0,0,0,0,0,0,0,0,0,0
2011-04-18 00:00:00,0,0,0,0,0,0,0,0,0,0
2011-04-19 00:00:00,0,0,0,0,0,0,0,0,0,0
2011-04-20 00:00:00,0,0,0,0,0,0,0,0,0,0
2011-04-21 00:00:00,0,0,0,0,0,0,0,0,0,0
2011-04-22 00:00:00,0,0,0,0,0,0,0,0,0,0
2011-04-23 00:00:00,0,0,0,0,0,0,0,0,0,0
2011-04-24 00:00:00,0,0,0,0,0,0,0,0,0,0
2011-04-25 00:00:00,0,0,0,0,0,0,0,0,0,0
2011-04-26 00:00:00,0,0,0,0,0,0,0,0,0,0
2011-04-27 00:00:00,0,0,0,0,0,0,0,0,0,0
2011-04-28 00:00:00,0,0,0,0,0,0,0,0,0,0
2011-04-29 00:00:00,0,0,0,0,0,0,0,0,0,0
2011-04-30 00:00:00,0,0,0,0,0,0,0,0,0,0
2011-05-01 00:00:00,0,0,0,0,0,0,0,0,0,0
2011-05-02 00:00:00,0,0,0,0,0,0,0,0,0,0
2011-05-03 00:00:00,0,0,0,0,0,0,0,0,0,0
2011-05-04 00:00:00,0,0,0,0,0,0,0,0,0,0
2011-05-05 00:00:00,0,0,0,0,0,0,0,0,0,0
2011-05-06 00:00:00,0,0,0,0,0,0,0,0,0,0
2011-05-07 00:00:00,0,0,0,0,0,0,0,0,0,0
2011-05-08 00:00:00,0,0,0,0,0,0,0,0,0,0
2011-05-09 00:00:00,0,0,0,0,0,0,0,0,0,0
2011-05-10 00:00:00,0,0,0,0,0,0,0,0,0,0
2011-05-11 00:00:00,0,0,0,0,0,0,0,0,0,0
2011-05-12 00:00:00,0,0,0,0,0,0,0,0,0,0
2011-05-13 00:00:00,0,0,0,0,0,0,0,0,0,0
2011-05-14 00:00:00,0,0,0,0,0,0,0,0,0,0
2011-05-15 00:00:00,0,0,0,0,0,0,0,0,0,0
2011-05-16 00:00:00,0,0,0,0,0,0,0,0,0,0
2011-05-17 00:00:00,0,0,0,0,0,0,0,0,0,0
2011-05-18 00:00:00,0,0,0,0,0,0,0,0,0,0
2011-05-19 00:00:00,0,0,0,0,0,0,0,0,0,0
2011-05-20 00:00:00,0,0,0,0,0,0,0,0,0,0
2011-05-21 00:00:00,0,0,0,0,0,0,0,0,0,0
2011-05-22 00:00:00,0,0,0,0,0,0,0,0,0,0
2011-05-23 00:00:00,0,0,0,0,0,0,0,0,0,0
2011-05-24 00:00:00,0,0,0,0,0,0,0,0,0,0
2011-05-25 00:00:00,0,0,0,0,0,0,0,0,0,0
2011-05-26 00:00:00,0,0,0,0,0,0,0,0,0,0
2011-05-27 00:00:00,0,0,0,0,0,0,0,0,0,0
2011-05-28 00:00:00,0,0,0,0,0,0,0,0,0,0
2011-05-29 00:00:00,0,0,0,0,0,0,0,0,0,0
2011-05-30 00:00:00,0,0,0,0,0,0,0,0,0,0
2011-05-31 00:00:00,0,0,0,0,0,0,0,0,0,0
2011-06-01 00:00:00,0,0,0,0,0,0,0,0,0,0
2011-06-02 00:00:00,0,0,0,0,0,0,0,0,0,0
2011-06-03 00:00:00,0,0,0,0,0,0,0,0,0,0
2011-06-04 00:00:00,0,0,0,0,0,0,0,0,0,0
2011-06-05 00:00:00,0,0,0,0,0,0,0,0,0,0
2011-06-06 00:00:00,0,0,0,0,0,0,0,0,0,0
2011-06-07 00:00:00,0,0,0,0,0,0,0,0,0,0
2011-06-08 00:00:00,0,0,0,0,0,0,0,0,0,0
2011-06-09 00:00:00,0,0,0,0,0,0,0,0,0,0
2011-06-10 00:00:00,0,0,0,0,0,0,0,0,0,0
2011-06-11 00:00:00,0,0,0,0,0,0,0,0,0,0
2011-06-12 00:00:00,0,0,0,0,0,0,0,0,0,0
2011-06-13 00:00:00,0,0,0,0,0,0,0,0,0,0
2011-06-14 00:00:00,0,0,0,0,0,0,0,0,0,0
2011-06-15 00:00:00,0,0,0,0,0,0,0,0,0,0
2011-06-16 00:00:00,0,0,0,0,0,0,0,0,0,0
2011-06-17 00:00:00,0,0,0,0,0,0,0,0,0,0
2011-06-18 00:00:00,0,0,0,0,0,0,0,0,0,0
2011-06-19 00:00:00,0,0,0,0,0,0,0,0,0,0
2011-06-20 00:00:00,0,0,0,0,0,0,0,0,0,0
2011-06-21 00:00:00,0,0,0,0,0,0,0,0,0,0
2011-06-22 00:00:00,0,0,0,0,0,0,0,0,0,0
2011-06-23 00:00:00,0,0,0,0,0,0,0,0,0,0
2011-06-24 00:00:00,0,0,0,0,0,0,0,0,0,0
2011-06-25 00:00:00,0,0,0,0,0,0,0,0,0,0
2011-06-26 00:00:00,0,0,0,0,0,0,0,0,0,0
2011-06-27 00:00:00,0,0,0,0,0,0,0,0,0,0
2011-06-28 00:00:00,0,0,0,0,0,0,0,0,0,0
2011-06-29 00:00:00,0,0,0,0,0,0,0,0,0,0
2011-06-30 00:00:00,0,0,0,0,0,0,0,0,0,0
2011-07-01 00:00:00,0,0,0,0,0,0,0,0,0,0
2011-07-02 00:00:00,0,0,0,0,0,0,0,0,0,0
2011-07-03 00:00:00,0,0,0,0,0,0,0,0,0,0
2011-07-04 00:00:00,0,0,0,0,0,0,0,0,0,0
2011-07-05 00:00:00,0,0,0,0,0,0,0,0,0,0
2011-07-06 00:00:00,0,0,0,0,0,0,0,0,0,0
2011-07-07 00:00:00,0,0,0,0,0,0,0,0,0,0
2011-07-08 00:00:00,0,0,0,0,0,0,0,0,0,0
2011-07-09 00:00:00,0,0,0,0,0,0,0,0,0,0
2011-07-10 00:00:00,0,0,0,0,0,0,0,0,0,0
2011-07-11 00:00:00,0,0,0,0,0,0,0,0,0,0
2011-07-12 00:00:00,0,0,0,0,0,0,0,0,0,0
2011-07-13 00:00:00,0,0,0,0,0,0,0,0,0,0
2011-07-14 00:00:00,0,0,0,0,0,0,0,0,0,0
2011-07-15 00:00:00,0,0,0,0,0,0,0,0,0,0
2011-07-16 00:00:00,0,0,0,0,0,0,0,0,0,0
2011-07-17 00:00:00,0,0,0,0,0,0,0,0,0,0
2011-07-18 00:00:00,0,0,0,0,0,0,0,0,0,0
2011-07-19 00:00:00,0,0,0,0,0,0,0,0,0,0
2011-07-20 00:00:00,0,0,0,0,0,0,0,0,0,0
2011-07-21 00:00:00,0,0,0,0,0,0,0,0,0,0
2011-07-22 00:00:00,0,0,0,0,0,0,0,0,0,0
2011-07-23 00:00:00,0,0,0,0,0,0,0,0,0,0
2011-07-24 00:00:00,0,0,0,0,0,0,0,0,0,0
2011-07-25 00:00:00,0,0,0,0,0,0,0,0,0,0
2011-07-26 00:00:00,0,0,0,0,0,0,0,0,0,0
2011-07-27 00:00:00,0,0,0,0,0,0,0,0,0,0
2011-07-28 00:00:00,0,0,0,0,0,0,0,0,0,0
2011-07-29 00:00:00,0,0,0,0,0,0,0,0,0,0
2011-07-30 00:00:00,0,0,0,0,0,0,0,0,0,0
2011-07-31 00:00:00,0,0,0,0,0,0,0,0,0,0
2011-08-01 00:00:00,0,0,0,0,0,0,0,0,0,0
2011-08-02 00:00:00,0,0,0,0,0,0,0,0,0,0
2011-08-03 00:00:00,0,0,0,0,0,0,0,0,0,0
2011-08-04 00:00:00,0,0,0,0,0,0,0,0,0,0
2011-08-05 00:00:00,0,0,0,0,0,0,0,0,0,0
2011-08-06 00:00:00,0,0,0,0,0,0,0,0,0,0
2011-08-07 00:00:00,0,0,0,0,0,0,0,0,0,0
2011-08-08 00:00:00,0,0,0,0,0,0,0,0,0,0
2011-08-09 00:00:00,0,0,0,0,0,0,0,0,0,0
2011-08-10 00:00:00,0,0,0,0,0,0,0,0,0,0
2011-08-11 00:00:00,0,0,0,0,0,0,0,0,0,0
2011-08-12 00:00:00,0,0,0,0,0,0,0,0,0,0
2011-08-13 00:00:00,0,0,0,0,0,0,0,0,0,0
2011-08-14 00:00:00,0,0,0,0,0,0,0,0,0,0
2011-08-15 00:00:00,0,0,0,0,0,0,0,0,0,0
2011-08-16 00:00:00,0,0,0,0,0,0,0,0,0,0
2011-08-17 00:00:00,0,0,0,0,0,0,0,0,0,0
2011-08-18 00:00:00,0,0,0,0,0,0,0,0,0,0
2011-08-19 00:00:00,0,0,0,0,0,0,0,0,0,0
2011-08-20 00:00:00,0,0,0,0,0,0,0,0,0,0
2011-08-21 00:00:00,0,0,0,0,0,0,0,0,0,0
2011-08-22 00:00:00,0,0,0,0,0,0,0,0,0,0
2011-08-23 00:00:00,0,0,0,0,0,0,0,0,0,0
2011-08-24 00:00:00,0,0,0,0,0,0,0,0,0,0
2011-08-25 00:00:00,0,0,0,0,0,0,0,0,0,0
2011-08-26 00:00:00,0,0,0,0,0,0,0,0,0,0
2011-08-27 00:00:00,0,0,0,0,0,0,0,0,0,0
2011-08-28 00:00:00,0,0,0,0,0,0,0,0,0,0
2011-08-29 00:00:00,0,0,0,0,0,0,0,0,0,0
2011-08-30 00:00:00,0,0,0,0,0,0,0,0,0,0
2011-08-31 00:00:00,0,0,0,0,0,0,0,0,0,0
2011-09-01 00:00:00,0,0,0,0,0,0,0,0,0,0
2011-09-02 00:00:00,0,0,0,0,0,0,0,0,0,0
2011-09-03 00:00:00,0,0,0,0,0,0,0,0,0,0
2011-09-04 00:00:00,0,0,0,0,0,0,0,0,0,0
2011-09-05 00:00:00,0,0,0,0,0,0,0,0,0,0
2011-09-06 00:00:00,0,0,0,0,0,0,0,0,0,0
2011-09-07 00:00:00,0,0,0,0,0,0,0,0,0,0
2011-09-08 00:00:00,0,0,0,0,0,0,0,0,0,0
2011-09-09 00:00:00,0,0,0,0,0,0,0,0,0,0
2011-09-10 00:00:00,0,0,0,0,0,0,0,0,0,0
2011-09-11 00:00:00,0,0,0,0,0,0,0,0,0,0
2011-09-12 00:00:00,0,0,0,0,0,0,0,0,0,0
2011-09-13 00:00:00,0,0,0,0,0,0,0,0,0,0
2011-09-14 00:00:00,0,0,0,0,0,0,0,0,0,0
2011-09-15 00:00:00,0,0,0,0,0,0,0,0,0,0
2011-09-16 00:00:00,0,0,0,0,0,0,0,0,0,0
2011-09-17 00:00:00,0,0,0,0,0,0,0,0,0,0
2011-09-18 00:00:00,0,0,0,0,0,0,0,0,0,0
2011-09-19 00:00:00,0,0,0,0,0,0,0,0,0,0
2011-09-20 00:00:00,0,0,0,0,0,0,0,0,0,0
2011-09-21 00:00:00,0,0,0,0,0,0,0,0,0,0
2011-09-22 00:00:00,0,0,0,0,0,0,0,0,0,0
2011-09-23 00:00:00,0,0,0,0,0,0,0,0,0,0
2011-09-24 00:00:00,0,0,0,0,0,0,0,0,0,0
2011-09-25 00:00:00,0,0,0,0,0,0,0,0,0,0
2011-09-26 00:00:00,0,0,0,0,0,0,0,0,0,0
2011-09-27 00:00:00,0,0,0,0,0,0,0,0,0,0
2011-09-28 00:00:00,0,0,0,0,0,0,0,0,0,0
2011-09-29 00:00:00,0,0,0,0,0,0,0,0,0,0
2011-09-30 00:00:00,0,0,0,0,0,0,0,0,0,0
2011-10-01 00:00:00,0,0,0,0,0,0,0,0,0,0
2011-10-02 00:00:00,0,0,0,0,0,0,0,0,0,0
2011-10-03 00:00:00,0,0,0,0,0,0,0,0,0,0
2011-10-04 00:00:00,0,0,0,0,0,0,0,0,0,0
2011-10-05 00:00:00,0,0,0,0,0,0,0,0,0,0
2011-10-06 00:00:00,0,0,0,0,0,0,0,0,0,0
2011-10-07 00:00:00,0,0,0,0,0,0,0,0,0,0
2011-10-08 00:00:00,0,0,0,0,0,0,0,0,0,0
2011-10-09 00:00:00,0,0,0,0,0,0,0,0,0,0
2011-10-10 00:00:00,0,0,0,0,0,0,0,0,0,0
2011-10-11 00:00:00,0,0,0,0,0,0,0,0,0,0
2011-10-12 00:00:00,0,0,0,0,0,0,0,0,0,0
2011-10-13 00:00:00,0,0,0,0,0,0,0,0,0,0
2011-10-14 00:00:00,0,0,0,0,0,0,0,0,0,0
2011-10-15 00:00:00,0,0,0,0,0,0,0,0,0,0
2011-10-16 00:00:00,0,0,0,0,0,0,0,0,0,0
2011-10-17 00:00:00,0,0,0,0,0,0,0,0,0,0
2011-10-18 00:00:00,0,0,0,0,0,0,0,0,0,0
2011-10-19 00:00:00,0,0,0,0,0,0,0,0,0,0
2011-10-20 00:00:00,0,0,0,0,0,0,0,0,0,0
2011-10-21 00:00:00,0,0,0,0,0,0,0,0,0,0
2011-10-22 00:00:00,0,0,0,0,0,0,0,0,0,0
2011-10-23 00:00:00,0,0,0,0,0,0,0,0,0,0
2011-10-24 00:00:00,0,0,0,0,0,0,0,0,0,0
2011-10-25 00:00:00,0,0,0,0,0,0,0,0,0,0
2011-10-26 00:00:00,0,0,0,0,0,0,0,0,0,0
2011-10-27 00:00:00,0,0,0,0,0,0,0,0,0,0
2011-10-28 00:00:00,0,0,0,0,0,0,0,0,0,0
2011-10-29 00:00:00,0,0,0,0,0,0,0,0,0,0
2011-10-30 00:00:00,0,0,0,0,0,0,0,0,0,0
2011-10-31 00:00:00,0,0,0,0,0,0,0,0,0,0
2011-11-01 00:00:00,0,0,0,0,0,0,0,0,0,0
2011-11-02 00:00:00,0,0,0,0,0,0,0,0,0,0
2011-11-03 00:00:00,0,0,0,0,0,0,0,0,0,0
2011-11-04 00:00:00,0,0,0,0,0,0,0,0,0,0
2011-11-05 00:00:00,0,0,0,0,0,0,0,0,0,0
2011-11-06 00:00:00,0,0,0,0,0,0,0,0,0,0
2011-11-07 00:00:00,0,0,0,0,0,0,0,0,0,0
2011-11-08 00:00:00,0,0,0,0,0,0,0,0,0,0
2011-11-09 00:00:00,0,0,0,0,0,0,0,0,0,0
2011-11-10 00:00:00,0,0,0,0,0,0,0,0,0,0
2011-11-11 00:00:00,0,0,0,0,0,0,0,0,0,0
2011-11-12 00:00:00,0,0,0,0,0,0,0,0,0,0
2011-11-13 00:00:00,0,0,0,0,0,0,0,0,0,0
2011-11-14 00:00:00,0,0,0,0,0,0,0,0,0,0
2011-11-15 00:00:00,0,0,0,0,0,0,0,0,0,0
2011-11-16 00:00:00,0,0,0,0,0,0,0,0,0,0
2011-11-17 00:00:00,0,0,0,0,0,0,0,0,0,0
2011-11-18 00:00:00,0,0,0,0,0,0,0,0,0,0
2011-11-19 00:00:00,0,0,0,0,0,0,0,0,0,0
2011-11-20 00:00:00,0,0,0,0,0,0,0,0,0,0
2011-11-21 00:00:00,0,0,0,0,0,0,0,0,0,0
2011-11-22 00:00:00,0,0,0,0,0,0,0,0,0,0
2011-11-23 00:00:00,0,0,0,0,0,0,0,0,0,0
2011-11-24 00:00:00,0,0,0,0,0,0,0,0,0,0
2011-11-25 00:00:00,0,0,0,0,0,0,0,0,0,0
2011-11-26 00:00:00,0,0,0,0,0,0,0,0,0,0
2011-11-27 00:00:00,0,0,0,0,0,0,0,0,0,0
2011-11-28 00:00:00,0,0,0,0,0,0,0,0,0,0
2011-11-29 00:00:00,0,0,0,0,0,0,0,0,0,0
2011-11-30 00:00:00,0,0,0,0,0,0,0,0,0,0
2011-12-01 00:00:00,0,0,0,0,0,0,0,0,0,0
2011-12-02 00:00:00,0,0,0,0,0,0,0,0,0,0
2011-12-03 00:00:00,0,0,0,0,0,0,0,0,0,0
2011-12-04 00:00:00,0,0,0,0,0,0,0,0,0,0
2011-12-05 00:00:00,0,0,0,0,0,0,0,0,0,0
2011-12-06 00:00:00,0,0,0,0,0,0,0,0,0,0
2011-12-07 00:00:00,0,0,0,0,0,0,0,0,0,0
2011-12-08 00:00:00,0,0,0,0,0,0,0,0,0,0
2011-12-09 00:00:00,0,0,0,0,0,0,0,0,0,0
2011-12-10 00:00:00,0,0,0,0,0,0,0,0,0,0
2011-12-11 00:00:00,0,0,0,0,0,0,0,0,0,0
2011-12-12 00:00:00,0,0,0,0,0,0,0,0,0,0
2011-12-13 00:00:00,0,0,0,0,0,0,0,0,0,0
2011-12-14 00:00:00,0,0,0,0,0,0,0,0,0,0
2011-12-15 00:00:00,0,0,0,0,0,0,0,0,0,0
2011-12-16 00:00:00,0,0,0,0,0,0,0,0,0,0
2011-12-17 00:00:00,0,0,0,0,0,0,0,0,0,0
2011-12-18 00:00:00,0,0,0,0,0,0,0,0,0,0
2011-12-19 00:00:00,0,0,0,0,0,0,0,0,0,0
2011-12-20 00:00:00,0,0,0,0,0,0,0,0,0,0
2011-12-21 00:00:00,0,0,0,0,0,0,0,0,0,0
2011-12-22 00:00:00,0,0,0,0,0,0,0,0,0,0
2011-12-23 00:00:00,0,0,0,0,0,0,0,0,0,0
2011-12-24 00:00:00,0,0,0,0,0,0,0,0,0,0
2011-12-25 00:00:00,0,0,0,0,0,0,0,0,0,0
2011-12-26 00:00:00,0,0,0,0,0,0,0,0,0,0
2011-12-27 00:00:00,0,0,0,0,0,0,0,0,0,0
2011-12-28 00:00:00,0,0,0,0,0,0,0,0,0,0
2011-12-29 00:00:00,0,0,0,0,0,0,0,0,0,0
2011-12-30 00:00:00,0,0,0,0,0,0,0,0,0,0
2011-12-31 00:00:00,0,0,0,0,0,0,0,0,0,0
2012-01-01 00:00:00,0,0,0,0,0,0,0,0,0,0
2012-01-02 00:00:00,0,0,0,0,0,0,0,0,0,0
2012-01-03 00:00:00,0,0,0,0,0,0,0,0,0,0
2012-01-04 00:00:00,0,0,0,0,0,0,0,0,0,0
2012-01-05 00:00:00,0,0,0,0,0,0,0,0,0,0
2012-01-06 00:00:00,0,0,0,0,0,0,0,0,0,0
2012-01-07 00:00:00,0,0,0,0,0,0,0,0,0,0
2012-01-08 00:00:00,0,0,0,0,0,0,0,0,0,0
2012-01-09 00:00:00,0,0,0,0,0,0,0,0,0,0
2012-01-10 00:00:00,0,0,0,0,0,0,0,0,0,0
2012-01-11 00:00:00,0,0,0,0,0,0,0,0,0,0
2012-01-12 00:00:00,0,0,0,0,0,0,0,0,0,0
2012-01-13 00:00:00,0,0,0,0,0,0,0,0,0,0
2012-01-14 00:00:00,0,0,0,0,0,0,0,0,0,0
2012-01-15 00:00:00,0,0,0,0,0,0,0,0,0,0
2012-01-16 00:00:00,0,0,0,0,0,0,0,0,0,0
2012-01-17 00:00:00,0,0,0,0,0,0,0,0,0,0
2012-01-18 00:00:00,0,0,0,0,0,0,0,0,0,0
2012-01-19 00:00:00,0,0,0,0,0,0,0,0,0,0
2012-01-20 00:00:00,0,0,0,0,0,0,0,0,0,0
2012-01-21 00:00:00,0,0,0,0,0,0,0,0,0,0
2012-01-22 00:00:00,0,0,0,0,0,0,0,0,0,0
2012-01-23 00:00:00,0,0,0,0,0,0,0,0,0,0
2012-01-24 00:00:00,0,0,0,0,0,0,0,0,0,0
2012-01-25 00:00:00,0,0,0,0,0,0,0,0,0,0
2012-01-26 00:00:00,0,0,0,0,0,0,0,0,0,0
2012-01-27 00:00:00,0,0,0,0,0,0,0,0,0,0
2012-01-28 00:00:00,0,0,0,0,0,0,0,0,0,0
2012-01-29 00:00:00,0,0,0,0,0,0,0,0,0,0
2012-01-30 00:00:00,0,0,0,0,0,0,0,0,0,0
2012-01-31 00:00:00,0,0,0,0,0,0,0,0,0,0
2012-02-01 00:00:00,0,0,0,0,0,0,0,0,0,0
2012-02-02 00:00:00,0,0,0,0,0,0,0,0,0,0
2012-02-03 00:00:00,0,0,0,0,0,0,0,0,0,0
2012-02-04 00:00:00,0,0,0,0,0,0,0,0,0,0
2012-02-05 00:00:00,0,0,0,0,0,0,0,0,0,0
2012-02-06 00:00:00,0,0,0,0,0,0,0,0,0,0
2012-02-07 00:00:00,0,0,0,0,0,0,0,0,0,0
2012-02-08 00:00:00,0,0,0,0,0,0,0,0,0,0
2012-02-09 00:00:00,0,0,0,0,0,0,0,0,0,0
2012-02-10 00:00:00,0,0,0,0,0,0,0,0,0,0
2012-02-11 00:00:00,0,0,0,0,0,0,0,0,0,0
2012-02-12 00:00:00,0,0,0,0,0,0,0,0,0,0
2012-02-13 00:00:00,0,0,0,0,0,0,0,0,0,0
2012-02-14 00:00:00,0,0,0,0,0,0,0,0,0,0
2012-02-15 00:00:00,0,0,0,0,0,0,0,0,0,0
2012-02-16 00:00:00,0,0,0,0,0,0,0,0,0,0
2012-02-17 00:00:00,0,0,0,0,0,0,0,0,0,0
2012-02-18 00:00:00,0,0,0,0,0,0,0,0,0,0
2012-02-19 00:00:00,0,0,0,0,0,0,0,0,0,0
2012-02-20 00:00:00,0,0,0,0,0,0,0,0,0,0
2012-02-21 00:00:00,0,0,0,0,0,0,0,0,0,0
2012-02-22 00:00:00,0,0,0,0,0,0,0,0,0,0
2012-02-23 00:00:00,0,0,0,0,0,0,0,0,0,0
2012-02-24 00:00:00,0,0,0,0,0,0,0,0,0,0
2012-02-25 00:00:00,0,0,0,0,0,0,0,0,0,0
2012-02-26 00:00:00,0,0,0,0,0,0,0,0,0,0
2012-02-27 00:00:00,0,0,0,0,0,0,0,0,0,0
2012-02-28 00:00:00,0,0,0,0,0,0,0,0,0,0
2012-02-29 00:00:00,0,0,0,0,0,0,0,0,0,0
2012-03-01 00:00:00,0,0,0,0,0,0,0,0,0,0
2012-03-02 00:00:00,0,0,0,0,0,0,0,0,0,0
2012-03-03 00:00:00,0,0,0,0,0,0,0,0,0,0
2012-03-04 00:00:00,0,0,0,0,0,0,0,0,0,0
2012-03-05 00:00:00,0,0,0,0,0,0,0,0,0,0
2012-03-06 00:00:00,0,0,0,0,0,0,0,0,0,0
2012-03-07 00:00:00,0,0,0,0,0,0,0,0,0,0
2012-03-08 00:00:00,0,0,0,0,0,0,0,0,0,0
2012-03-09 00:00:00,0,0,0,0,0,0,0,0,0,0
2012-03-10 00:00:00,0,0,0,0,0,0,0,0,0,0
2012-03-11 00:00:00,0,0,0,0,0,0,0,0,0,0
2012-03-12 00:00:00,0,0,0,0,0,0,0,0,0,0
2012-03-13 00:00:00,0,0,0,0,0,0,0,0,0,0
2012-03-14 00:00:00,0,0,0,0,0,0,0,0,0,0
2012-03-15 00:00:00,0,0,0,0,0,0,0,0,0,0
2012-03-16 00:00:00,0,0,0,0,0,0,0,0,0,0
2012-03-17 00:00:00,0,0,0,0,0,0,0,0,0,0
2012-03-18 00:00:00,0,0,0,0,0,0,0,0,0,0
2012-03-19 00:00:00,0,0,0,0,0,0,0,0,0,0
2012-03-20 00:00:00,0,0,0,0,0,0,0,0,0,0
2012-03-21 00:00:00,0,0,0,0,0,0,0,0,0,0
2012-03-22 00:00:00,0,0,0,0,0,0,0,0,0,0
2012-03-23 00:00:00,0,0,0,0,0,0,0,0,0,0
2012-03-24 00:00:00,0,0,0,0,0,0,0,0,0,0
2012-03-25 00:00:00,0,0,0,0,0,0,0,0,0,0
2012-03-26 00:00:00,0,0,0,0,0,0,0,0,0,0
2012-03-27 00:00:00,0,0,0,0,0,0,0,0,0,0
2012-03-28 00:00:00,0,0,0,0,0,0,0,0,0,0
2012-03-29 00:00:00,0,0,0,0,0,0,0,0,0,0
2012-03-30 00:00:00,0,0,0,0,0,0,0,0,0,0
2012-03-31 00:00:00,0,0,0,0,0,0,0,0,0,0
2012-04-01 00:00:00,0,0,0,0,0,0,0,0,0,0
2012-04-02 00:00:00,0,0,0,0,0,0,0,0,0,0
2012-04-03 00:00:00,0,0,0,0,0,0,0,0,0,0
2012-04-04 00:00:00,0,0,0,0,0,0,0,0,0,0
2012-04-05 00:00:00,0,0,0,0,0,0,0,0,0,0
2012-04-06 00:00:00,0,0,0,0,0,0,0,0,0,0
2012-04-07 00:00:00,0,0,0,0,0,0,0,0,0,0
2012-04-08 00:00:00,0,0,0,0,0,0,0,0,0,0
2012-04-09 00:00:00,0,0,0,0,0,0,0,0,0,0
2012-04-10 00:00:00,0,0,0,0,0,0,0,0,0,0
2012-04-11 00:00:00,0,0,0,0,0,0,0,0,0,0
2012-04-12 00:00:00,0,0,0,0,0,0,0,0,0,0
2012-04-13 00:00:00,0,0,0,0,0,0,0,0,0,0
2012-04-14 00:00:00,0,0,0,0,0,0,0,0,0,0
2012-04-15 00:00:00,0,0,0,0,0,0,0,0,0,0
2012-04-16 00:00:00,0,0,0,0,0,0,0,0,0,0
2012-04-17 00:00:00,0,0,0,0,0,0,0,0,0,0
2012-04-18 00:00:00,0,0,0,0,0,0,0,0,0,0
2012-04-19 00:00:00,0,0,0,0,0,0,0,0,0,0
2012-04-20 00:00:00,0,0,0,0,0,0,0,0,0,0
2012-04-21 00:00:00,0,0,0,0,0,0,0,0,0,0
2012-04-22 00:00:00,0,0,0,0,0,0,0,0,0,0
2012-04-23 00:00:00,0,0,0,0,0,0,0,0,0,0
2012-04-24 00:00:00,0,0,0,0,0,0,0,0,0,0
2012-04-25 00:00:00,0,0,0,0,0,0,0,0,0,0
2012-04-26 00:00:00,0,0,0,0,0,0,0,0,0,0
2012-04-27 00:00:00,0,0,0,0,0,0,0,0,0,0
2012-04-28 00:00:00,0,0,0,0,0,0,0,0,0,0
2012-04-29 00:00:00,0,0,0,0,0,0,0,0,0,0
2012-04-30 00:00:00,0,0,0,0,0,0,0,0,0,0
2012-05-01 00:00:00,0,0,0,0,0,0,0,0,0,0
2012-05-02 00:00:00,0,0,0,0,0,0,0,0,0,0
2012-05-03 00:00:00,0,0,0,0,0,0,0,0,0,0
2012-05-04 00:00:00,0,0,0,0,0,0,0,0,0,0
2012-05-05 00:00:00,0,0,0,0,0,0,0,0,0,0
2012-05-06 00:00:00,0,0,0,0,0,0,0,0,0,0
2012-05-07 00:00:00,0,0,0,0,0,0,0,0,0,0
2012-05-08 00:00:00,0,0,0,0,0,0,0,0,0,0
2012-05-09 00:00:00,0,0,0,0,0,0,0,0,0,0
2012-05-10 00:00:00,0,0,0,0,0,0,0,0,0,0
2012-05-11 00:00:00,0,0,0,0,0,0,0,0,0,0
2012-05-12 00:00:00,0,0,0,0,0,0,0,0,0,0
2012-05-13 00:00:00,0,0,0,0,0,0,0,0,0,0
2012-05-14 00:00:00,0,0,0,0,0,0,0,0,0,0
2012-05-15 00:00:00,0,0,0,0,0,0,0,0,0,0
2012-05-16 00:00:00,0,0,0,0,0,0,0,0,0,0
2012-05-17 00:00:00,0,0,0,0,0,0,0,0,0,0
2012-05-18 00:00:00,0,0,0,0,0,0,0,0,0,0
2012-05-19 00:00:00,0,0,0,0,0,0,0,0,0,0
2012-05-20 00:00:00,0,0,0,0,0,0,0,0,0,0
2012-05-21 00:00:00,0,0,0,0,0,0,0,0,0,0
2012-05-22 00:00:00,0,0,0,0,0,0,0,0,0,0
2012-05-23 00:00:00,0,0,0,0,0,0,0,0,0,0
2012-05-24 00:00:00,0,0,0,0,0,0,0,0,0,0
2012-05-25 00:00:00,0,0,0,0,0,0,0,0,0,0
2012-05-26 00:00:00,0,0,0,0,0,0,0,0,0,0
2012-05-27 00:00:00,0,0,0,0,0,0,0,0,0,0
2012-05-28 00:00:00,0,0,0,0,0,0,0,0,0,0
2012-05-29 00:00:00,0,0,0,0,0,0,0,0,0,0
2012-05-30 00:00:00,0,0,0,0,0,0,0,0,0,0
2012-05-31 00:00:00,0,0,0,0,0,0,0,0,0,0
2012-06-01 00:00:00,0,0,0,0,0,0,0,0,0,0
2012-06-02 00:00:00,0,0,0,0,0,0,0,0,0,0
2012-06-03 00:00:00,0,0,0,0,0,0,0,0,0,0
2012-06-04 00:00:00,0,0,0,0,0,0,0,0,0,0
2012-06-05 00:00:00,0,0,0,0,0,0,0,0,0,0
2012-06-06 00:00:00,0,0,0,0,0,0,0,0,0,0
2012-06-07 00:00:00,0,0,0,0,0,0,0,0,0,0
2012-06-08 00:00:00,0,0,0,0,0,0,0,0,0,0
2012-06-09 00:00:00,0,0,0,0,0,0,0,0,0,0
2012-06-10 00:00:00,0,0,0,0,0,0,0,0,0,0
2012-06-11 00:00:00,0,0,0,0,0,0,0,0,0,0
2012-06-12 00:00:00,0,0,0,0,0,0,0,0,0,0
2012-06-13 00:00:00,0,0,0,0,0,0,0,0,0,0
2012-06-14 00:00:00,0,0,0,0,0,0,0,0,0,0
2012-06-15 00:00:00,0,0,0,0,0,0,0,0,0,0
2012-06-16 00:00:00,0,0,0,0,0,0,0,0,0,0
2012-06-17 00:00:00,0,0,0,0,0,0,0,0,0,0
2012-06-18 00:00:00,0,0,0,0,0,0,0,0,0,0
2012-06-19 00:00:00,0,0,0,0,0,0,0,0,0,0
2012-06-20 00:00:00,0,0,0,0,0,0,0,0,0,0
2012-06-21 00:00:00,0,0,0,0,0,0,0,0,0,0
2012-06-22 00:00:00,0,0,0,0,0,0,0,0,0,0
2012-06-23 00:00:00,0,0,0,0,0,0,0,0,0,0
2012-06-24 00:00:00,0,0,0,0,0,0,0,0,0,0
2012-06-25 00:00:00,0,0,0,0,0,0,0,0,0,0
2012-06-26 00:00:00,0,0,0,0,0,0,0,0,0,0
2012-06-27 00:00:00,0,0,0,0,0,0,0,0,0,0
2012-06-28 00:00:00,0,0,0,0,0,0,0,0,0,0
2012-06-29 00:00:00,0,0,0,0,0,0,0,0,0,0
2012-06-30 00:00:00,0,0,0,0,0,0,0,0,0,0
2012-07-01 00:00:00,0,0,0,0,0,0,0,0,0,0
2012-07-02 00:00:00,0,0,0,0,0,0,0,0,0,0
2012-07-03 00:00:00,0,0,0,0,0,0,0,0,0,0
2012-07-04 00:00:00,0,0,0,0,0,0,0,0,0,0
2012-07-05 00:00:00,0,0,0,0,0,0,0,0,0,0
2012-07-06 00:00:00,0,0,0,0,0,0,0,0,0,0
2012-07-07 00:00:00,0,0,0,0,0,0,0,0,0,0
2012-07-08 00:00:00,0,0,0,0,0,0,0,0,0,0
2012-07-09 00:00:00,0,0,0,0,0,0,0,0,0,0
2012-07-10 00:00:00,0,0,0,0,0,0,0,0,0,0
2012-07-11 00:00:00,0,0,0,0,0,0,0,0,0,0
2012-07-12 00:00:00,0,0,0,0,0,0,0,0,0,0
2012-07-13 00:00:00,0,0,0,0,0,0,0,0,0,0
2012-07-14 00:00:00,0,0,0,0,0,0,0,0,0,0
2012-07-15 00:00:00,0,0,0,0,0,0,0,0,0,0
2012-07-16 00:00:00,0,0,0,0,0,0,0,0,0,0
2012-07-17 00:00:00,0,0,0,0,0,0,0,0,0,0
2012-07-18 00:00:00,0,0,0,0,0,0,0,0,0,0
2012-07-19 00:00:00,0,0,0,0,0,0,0,0,0,0
2012-07-20 00:00:00,0,0,0,0,0,0,0,0,0,0
2012-07-21 00:00:00,0,0,0,0,0,0,0,0,0,0
2012-07-22 00:00:00,0,0,0,0,0,0,0,0,0,0
2012-07-23 00:00:00,0,0,0,0,0,0,0,0,0,0
2012-07-24 00:00:00,0,0,0,0,0,0,0,0,0,0
2012-07-25 00:00:00,0,0,0,0,0,0,0,0,0,0
2012-07-26 00:00:00,0,0,0,0,0,0,0,0,0,0
2012-07-27 00:00:00,0,0,0,0,0,0,0,0,0,0
2012-07-28 00:00:00,0,0,0,0,0,0,0,0,0,0
2012-07-29 00:00:00,0,0,0,0,0,0,0,0,0,0
2012-07-30 00:00:00,0,0,0,0,0,0,0,0,0,0
2012-07-31 00:00:00,0,0,0,0,0,0,0,0,0,0
2012-08-01 00:00:00,0,0,0,0,0,0,0,0,0,0
2012-08-02 00:00:00,0,0,0,0,0,0,0,0,0,0
2012-08-03 00:00:00,0,0,0,0,0,0,0,0,0,0
2012-08-04 00:00:00,0,0,0,0,0,0,0,0,0,0
2012-08-05 00:00:00,0,0,0,0,0,0,0,0,0,0
2012-08-06 00:00:00,0,0,0,0,0,0,0,0,0,0
2012-08-07 00:00:00,0,0,0,0,0,0,0,0,0,0
2012-08-08 00:00:00,0,0,0,0,0,0,0,0,0,0
2012-08-09 00:00:00,0,0,0,0,0,0,0,0,0,0
2012-08-10 00:00:00,0,0,0,0,0,0,0,0,0,0
2012-08-11 00:00:00,0,0,0,0,0,0,0,0,0,0
2012-08-12 00:00:00,0,0,0,0,0,0,0,0,0,0
2012-08-13 00:00:00,0,0,0,0,0,0,0,0,0,0
2012-08-14 00:00:00,0,0,0,0,0,0,0,0,0,0
2012-08-15 00:00:00,0,0,0,0,0,0,0,0,0,0
2012-08-16 00:00:00,0,0,0,0,0,0,0,0,0,0
2012-08-17 00:00:00,0,0,0,0,0,0,0,0,0,0
2012-08-18 00:00:00,0,0,0,0,0,0,0,0,0,0
2012-08-19 00:00:00,0,0,0,0,0,0,0,0,0,0
2012-08-20 00:00:00,0,0,0,0,0,0,0,0,0,0
2012-08-21 00:00:00,0,0,0,0,0,0,0,0,0,0
2012-08-22 00:00:00,0,0,0,0,0,0,0,0,0,0
2012-08-23 00:00:00,0,0,0,0,0,0,0,0,0,0
2012-08-24 00:00:00,0,0,0,0,0,0,0,0,0,0
2012-08-25 00:00:00,0,0,0,0,0,0,0,0,0,0
2012-08-26 00:00:00,0,0,0,0,0,0,0,0,0,0
2012-08-27 00:00:00,0,0,0,0,0,0,0,0,0,0
2012-08-28 00:00:00,0,0,0,0,0,0,0,0,0,0
2012-08-29 00:00:00,0,0,0,0,0,0,0,0,0,0
2012-08-30 00:00:00,0,0,0,0,0,0,0,0,0,0
2012-08-31 00:00:00,0,0,0,0,0,0,0,0,0,0
2012-09-01 00:00:00,0,0,0,0,0,0,0,0,0,0
2012-09-02 00:00:00,0,0,0,0,0,0,0,0,0,0
2012-09-03 00:00:00,0,0,0,0,0,0,0,0,0,0
2012-09-04 00:00:00,0,0,0,0,0,0,0,0,0,0
2012-09-05 00:00:00,0,0,0,0,0,0,0,0,0,0
2012-09-06 00:00:00,0,0,0,0,0,0,0,0,0,0
2012-09-07 00:00:00,0,0,0,0,0,0,0,0,0,0
2012-09-08 00:00:00,0,0,0,0,0,0,0,0,0,0
2012-09-09 00:00:00,0,0,0,0,0,0,0,0,0,0
2012-09-10 00:00:00,0,0,0,0,0,0,0,0,0,0
2012-09-11 00:00:00,0,0,0,0,0,0,0,0,0,0
2012-09-12 00:00:00,0,0,0,0,0,0,0,0,0,0
2012-09-13 00:00:00,0,0,0,0,0,0,0,0,0,0
2012-09-14 00:00:00,0,0,0,0,0,0,0,0,0,0
2012-09-15 00:00:00,0,0,0,0,0,0,0,0,0,0
2012-09-16 00:00:00,0,0,0,0,0,0,0,0,0,0
2012-09-17 00:00:00,0,0,0,0,0,0,0,0,0,0
2012-09-18 00:00:00,0,0,0,0,0,0,0,0,0,0
2012-09-19 00:00:00,0,0,0,0,0,0,0,0,0,0
2012-09-20 00:00:00,0,0,0,0,0,0,0,0,0,0
2012-09-21 00:00:00,0,0,0,0,0,0,0,0,0,0
2012-09-22 00:00:00,0,0,0,0,0,0,0,0,0,0
2012-09-23 00:00:00,0,0,0,0,0,0,0,0,0,0
2012-09-24 00:00:00,0,0,0,0,0,0,0,0,0,0
2012-09-25 00:00:00,0,0,0,0,0,0,0,0,0,0
2012-09-26 00:00:00,0,0,0,0,0,0,0,0,0,0
2012-09-27 00:00:00,0,0,0,0,0,0,0,0,0,0
2012-09-28 00:00:00,0,0,0,0,0,0,0,0,0,0
2012-09-29 00:00:00,0,0,0,0,0,0,0,0,0,0
2012-09-30 00:00:00,0,0,0,0,0,0,0,0,0,0
2012-10-01 00:00:00,0,0,0,0,0,0,0,0,0,0
2012-10-02 00:00:00,0,0,0,0,0,0,0,0,0,0
2012-10-03 00:00:00,0,0,0,0,0,0,0,0,0,0
2012-10-04 00:00:00,0,0,0,0,0,0,0,0,0,0
2012-10-05 00:00:00,0,0,0,0,0,0,0,0,0,0
2012-10-06 00:00:00,0,0,0,0,0,0,0,0,0,0
2012-10-07 00:00:00,0,0,0,0,0,0,0,0,0,0
2012-10-08 00:00:00,0,0,0,0,0,0,0,0,0,0
2012-10-09 00:00:00,0,0,0,0,0,0,0,0,0,0
2012-10-10 00:00:00,0,0,0,0,0,0,0,0,0,0
2012-10-11 00:00:00,0,0,0,0,0,0,0,0,0,0
2012-10-12 00:00:00,0,0,0,0,0,0,0,0,0,0
2012-10-13 00:00:00,0,0,0,0,0,0,0,0,0,0
2012-10-14 00:00:00,0,0,0,0,0,0,0,0,0,0
2012-10-15 00:00:00,0,0,0,0,0,0,0,0,0,0
2012-10-16 00:00:00,0,0,0,0,0,0,0,0,0,0
2012-10-17 00:00:00,0,0,0,0,0,0,0,0,0,0
2012-10-18 00:00:00,0,0,0,0,0,0,0,0,0,0
2012-10-19 00:00:00,0,0,0,0,0,0,0,0,0,0
2012-10-20 00:00:00,0,0,0,0,0,0,0,0,0,0
2012-10-21 00:00:00,0,0,0,0,0,0,0,0,0,0
2012-10-22 00:00:00,0,0,0,0,0,0,0,0,0,0
2012-10-23 00:00:00,0,0,0,0,0,0,0,0,0,0
2012-10-24 00:00:00,0,0,0,0,0,0,0,0,0,0
2012-10-25 00:00:00,0,0,0,0,0,0,0,0,0,0
2012-10-26 00:00:00,0,0,0,0,0,0,0,0,0,0
2012-10-27 00:00:00,0,0,0,0,0,0,0,0,0,0
2012-10-28 00:00:00,0,0,0,0,0,0,0,0,0,0
2012-10-29 00:00:00,0,0,0,0,0,0,0,0,0,0
2012-10-30 00:00:00,0,0,0,0,0,0,0,0,0,0
2012-10-31 00:00:00,0,0,0,0,0,0,0,0,0,0
2012-11-01 00:00:00,0,0,0,0,0,0,0,0,0,0
2012-11-02 00:00:00,0,0,0,0,0,0,0,0,0,0
2012-11-03 00:00:00,0,0,0,0,0,0,0,0,0,0
2012-11-04 00:00:00,0,0,0,0,0,0,0,0,0,0
2012-11-05 00:00:00,0,0,0,0,0,0,0,0,0,0
2012-11-06 00:00:00,0,0,0,0,0,0,0,0,0,0
2012-11-07 00:00:00,0,0,0,0,0,0,0,0,0,0
2012-11-08 00:00:00,0,0,0,0,0,0,0,0,0,0
2012-11-09 00:00:00,0,0,0,0,0,0,0,0,0,0
2012-11-10 00:00:00,0,0,0,0,0,0,0,0,0,0
2012-11-11 00:00:00,0,0,0,0,0,0,0,0,0,0
2012-11-12 00:00:00,0,0,0,0,0,0,0,0,0,0
2012-11-13 00:00:00,0,0,0,0,0,0,0,0,0,0
2012-11-14 00:00:00,0,0,0,0,0,0,0,0,0,0
2012-11-15 00:00:00,0,0,0,0,0,0,0,0,0,0
2012-11-16 00:00:00,0,0,0,0,0,0,0,0,0,0
2012-11-17 00:00:00,0,0,0,0,0,0,0,0,0,0
2012-11-18 00:00:00,0,0,0,0,0,0,0,0,0,0
2012-11-19 00:00:00,0,0,0,0,0,0,0,0,0,0
2012-11-20 00:00:00,0,0,0,0,0,0,0,0,0,0
2012-11-21 00:00:00,0,0,0,0,0,0,0,0,0,0
2012-11-22 00:00:00,0,0,0,0,0,0,0,0,0,0
2012-11-23 00:00:00,0,0,0,0,0,0,0,0,0,0
2012-11-24 00:00:00,0,0,0,0,0,0,0,0,0,0
2012-11-25 00:00:00,0,0,0,0,0,0,0,0,0,0
2012-11-26 00:00:00,0,0,0,0,0,0,0,0,0,0
2012-11-27 00:00:00,0,0,0,0,0,0,0,0,0,0
2012-11-28 00:00:00,0,0,0,0,0,0,0,0,0,0
2012-11-29 00:00:00,0,0,0,0,0,0,0,0,0,0
2012-11-30 00:00:00,0,0,0,0,0,0,0,0,0,0
2012-12-01 00:00:00,0,0,0,0,0,0,0,0,0,0
2012-12-02 00:00:00,0,0,0,0,0,0,0,0,0,0
2012-12-03 00:00:00,0,0,0,0,0,0,0,0,0,0
2012-12-04 00:00:00,0,0,0,0,0,0,0,0,0,0
2012-12-05 00:00:00,0,0,0,0,0,0,0,0,0,0
2012-12-06 00:00:00,0,0,0,0,0,0,0,0,0,0
2012-12-07 00:00:00,0,0,0,0,0,0,0,0,0,0
2012-12-08 00:00:00,0,0,0,0,0,0,0,0,0,0
2012-12-09 00:00:00,0,0,0,0,0,0,0,0,0,0
2012-12-10 00:00:00,0,0,0,0,0,0,0,0,0,0
2012-12-11 00:00:00,0,0,0,0,0,0,0,0,0,0
2012-12-12 00:00:00,0,0,0,0,0,0,0,0,0,0
2012-12-13 00:00:00,0,0,0,0,0,0,0,0,0,0
2012-12-14 00:00:00,0,0,0,0,0,0,0,0,0,0
2012-12-15 00:00:00,0,0,0,0,0,0,0,0,0,0
2012-12-16 00:00:00,0,0,0,0,0,0,0,0,0,0
2012-12-17 00:00:00,0,0,0,0,0,0,0,0,0,0
2012-12-18 00:00:00,0,0,0,0,0,0,0,0,0,0
2012-12-19 00:00:00,0,0,0,0,0,0,0,0,0,0
2012-12-20 00:00:00,0,0,0,0,0,0,0,0,0,0
2012-12-21 00:00:00,0,0,0,0,0,0,0,0,0,0
2012-12-22 00:00:00,0,0,0,0,0,0,0,0,0,0
2012-12-23 00:00:00,0,0,0,0,0,0,0,0,0,0
2012-12-24 00:00:00,0,0,0,0,0,0,0,0,0,0
2012-12-25 00:00:00,0,0,0,0,0,0,0,0,0,0
2012-12-26 00:00:00,0,0,0,0,0,0,0,0,0,0
2012-12-27 00:00:00,0,0,0,0,0,0,0,0,0,0
2012-12-28 00:00:00,0,0,0,0,0,0,0,0,0,0
2012-12-29 00:00:00,0,0,0,0,0,0,0,0,0,0
2012-12-30 00:00:00,0,0,0,0,0,0,0,0,0,0
2012-12-31 00:00:00,0,0,0,0,0,0,0,0,0,0
2013-01-01 00:00:00,0,0,0,0,0,0,0,0,0,0
2013-01-02 00:00:00,0,0,0,0,0,0,0,0,0,0
2013-01-03 00:00:00,0,0,0,0,0,0,0,0,0,0
2013-01-04 00:00:00,0,0,0,0,0,0,0,0,0,0
2013-01-05 00:00:00,0,0,0,0,0,0,0,0,0,0
2013-01-06 00:00:00,0,0,0,0,0,0,0,0,0,0
2013-01-07 00:00:00,0,0,0,0,0,0,0,0,0,0
2013-01-08 00:00:00,0,0,0,0,0,0,0,0,0,0
2013-01-09 00:00:00,0,0,0,0,0,0,0,0,0,0
2013-01-10 00:00:00,0,0,0,0,0,0,0,0,0,0
2013-01-11 00:00:00,0,0,0,0,0,0,0,0,0,0
2013-01-12 00:00:00,0,0,0,0,0,0,0,0,0,0
2013-01-13 00:00:00,0,0,0,0,0,0,0,0,0,0
2013-01-14 00:00:00,0,0,0,0,0,0,0,0,0,0
2013-01-15 00:00:00,0,0,0,0,0,0,0,0,0,0
2013-01-16 00:00:00,0,0,0,0,0,0,0,0,0,0
2013-01-17 00:00:00,0,0,0,0,0,0,0,0,0,0
2013-01-18 00:00:00,0,0,0,0,0,0,0,0,0,0
2013-01-19 00:00:00,0,0,0,0,0,0,0,0,0,0
2013-01-20 00:00:00,0,0,0,0,0,0,0,0,0,0
2013-01-21 00:00:00,0,0,0,0,0,0,0,0,0,0
2013-01-22 00:00:00,0,0,0,0,0,0,0,0,0,0
2013-01-23 00:00:00,0,0,0,0,0,0,0,0,0,0
2013-01-24 00:00:00,0,0,0,0,0,0,0,0,0,0
2013-01-25 00:00:00,0,0,0,0,0,0,0,0,0,0
2013-01-26 00:00:00,0,0,0,0,0,0,0,0,0,0
2013-01-27 00:00:00,0,0,0,0,0,0,0,0,0,0
2013-01-28 00:00:00,0,0,0,0,0,0,0,0,0,0
2013-01-29 00:00:00,0,0,0,0,0,0,0,0,0,0
2013-01-30 00:00:00,0,0,0,0,0,0,0,0,0,0
2013-01-31 00:00:00,0,0,0,0,0,0,0,0,0,0
2013-02-01 00:00:00,0,0,0,0,0,0,0,0,0,0
2013-02-02 00:00:00,0,0,0,0,0,0,0,0,0,0
2013-02-03 00:00:00,0,0,0,0,0,0,0,0,0,0
2013-02-04 00:00:00,0,0,0,0,0,0,0,0,0,0
2013-02-05 00:00:00,0,0,0,0,0,0,0,0,0,0
2013-02-06 00:00:00,0,0,0,0,0,0,0,0,0,0
2013-02-07 00:00:00,0,0,0,0,0,0,0,0,0,0
2013-02-08 00:00:00,0,0,0,0,0,0,0,0,0,0
2013-02-09 00:00:00,0,0,0,0,0,0,0,0,0,0
2013-02-10 00:00:00,0,0,0,0,0,0,0,0,0,0
2013-02-11 00:00:00,0,0,0,0,0,0,0,0,0,0
2013-02-12 00:00:00,0,0,0,0,0,0,0,0,0,0
2013-02-13 00:00:00,0,0,0,0,0,0,0,0,0,0
2013-02-14 00:00:00,0,0,0,0,0,0,0,0,0,0
2013-02-15 00:00:00,0,0,0,0,0,0,0,0,0,0
2013-02-16 00:00:00,0,0,0,0,0,0,0,0,0,0
2013-02-17 00:00:00,0,0,0,0,0,0,0,0,0,0
2013-02-18 00:00:00,0,0,0,0,0,0,0,0,0,0
2013-02-19 00:00:00,0,0,0,0,0,0,0,0,0,0
2013-02-20 00:00:00,0,0,0,0,0,0,0,0,0,0
2013-02-21 00:00:00,0,0,0,0,0,0,0,0,0,0
2013-02-22 00:00:00,0,0,0,0,0,0,0,0,0,0
2013-02-23 00:00:00,0,0,0,0,0,0,0,0,0,0
2013-02-24 00:00:00,0,0,0,0,0,0,0,0,0,0
2013-02-25 00:00:00,0,0,0,0,0,0,0,0,0,0
2013-02-26 00:00:00,0,0,0,0,0,0,0,0,0,0
2013-02-27 00:00:00,0,0,0,0,0,0,0,0,0,0
2013-02-28 00:00:00,0,0,0,0,0,0,0,0,0,0
2013-03-01 00:00:00,0,0,0,0,0,0,0,0,0,0
2013-03-02 00:00:00,0,0,0,0,0,0,0,0,0,0
2013-03-03 00:00:00,0,0,0,0,0,0,0,0,0,0
2013-03-04 00:00:00,0,0,0,0,0,0,0,0,0,0
2013-03-05 00:00:00,0,0,0,0,0,0,0,0,0,0
2013-03-06 00:00:00,0,0,0,0,0,0,0,0,0,0
2013-03-07 00:00:00,0,0,0,0,0,0,0,0,0,0
2013-03-08 00:00:00,0,0,0,0,0,0,0,0,0,0
2013-03-09 00:00:00,0,0,0,0,0,0,0,0,0,0
2013-03-10 00:00:00,0,0,0,0,0,0,0,0,0,0
2013-03-11 00:00:00,0,0,0,0,0,0,0,0,0,0
2013-03-12 00:00:00,0,0,0,0,0,0,0,0,0,0
2013-03-13 00:00:00,0,0,0,0,0,0,0,0,0,0
2013-03-14 00:00:00,0,0,0,0,0,0,0,0,0,0
2013-03-15 00:00:00,0,0,0,0,0,0,0,0,0,0
2013-03-16 00:00:00,0,0,0,0,0,0,0,0,0,0
2013-03-17 00:00:00,0,0,0,0,0,0,0,0,0,0
2013-03-18 00:00:00,0,0,0,0,0,0,0,0,0,0
2013-03-19 00:00:00,0,0,0,0,0,0,0,0,0,0
2013-03-20 00:00:00,0,0,0,0,0,0,0,0,0,0
2013-03-21 00:00:00,0,0,0,0,0,0,0,0,0,0
2013-03-22 00:00:00,0,0,0,0,0,0,0,0,0,0
2013-03-23 00:00:00,0,0,0,0,0,0,0,0,0,0
2013-03-24 00:00:00,0,0,0,0,0,0,0,0,0,0
2013-03-25 00:00:00,0,0,0,0,0,0,0,0,0,0
2013-03-26 00:00:00,0,0,0,0,0,0,0,0,0,0
2013-03-27 00:00:00,0,0,0,0,0,0,0,0,0,0
2013-03-28 00:00:00,0,0,0,0,0,0,0,0,0,0
2013-03-29 00:00:00,0,0,0,0,0,0,0,0,0,0
2013-03-30 00:00:00,0,0,0,0,0,0,0,0,0,0
2013-03-31 00:00:00,0,0,0,0,0,0,0,0,0,0
2013-04-01 00:00:00,0,0,0,0,0,0,0,0,0,0
2013-04-02 00:00:00,0,0,0,0,0,0,0,0,0,0
2013-04-03 00:00:00,0,0,0,0,0,0,0,0,0,0
2013-04-04 00:00:00,0,0,0,0,0,0,0,0,0,0
2013-04-05 00:00:00,0,0,0,0,0,0,0,0,0,0
2013-04-06 00:00:00,0,0,0,0,0,0,0,0,0,0
2013-04-07 00:00:00,0,0,0,0,0,0,0,0,0,0
2013-04-08 00:00:00,0,0,0,0,0,0,0,0,0,0
2013-04-09 00:00:00,0,0,0,0,0,0,0,0,0,0
2013-04-10 00:00:00,0,0,0,0,0,0,0,0,0,0
2013-04-11 00:00:00,0,0,0,0,0,0,0,0,0,0
2013-04-12 00:00:00,0,0,0,0,0,0,0,0,0,0
2013-04-13 00:00:00,0,0,0,0,0,0,0,0,0,0
2013-04-14 00:00:00,0,0,0,0,0,0,0,0,0,0
2013-04-15 00:00:00,0,0,0,0,0,0,0,0,0,0
2013-04-16 00:00:00,0,0,0,0,0,0,0,0,0,0
2013-04-17 00:00:00,0,0,0,0,0,0,0,0,0,0
2013-04-18 00:00:00,0,0,0,0,0,0,0,0,0,0
2013-04-19 00:00:00,0,0,0,0,0,0,0,0,0,0
2013-04-20 00:00:00,0,0,0,0,0,0,0,0,0,0
2013-04-21 00:00:00,0,0,0,0,0,0,0,0,0,0
2013-04-22 00:00:00,0,0,0,0,0,0,0,0,0,0
2013-04-23 00:00:00,0,0,0,0,0,0,0,0,0,0
2013-04-24 00:00:00,0,0,0,0,0,0,0,0,0,0
2013-04-25 00:00:00,0,0,0,0,0,0,0,0,0,0
2013-04-26 00:00:00,0,0,0,0,0,0,0,0,0,0
2013-04-27 00:00:00,0,0,0,0,0,0,0,0,0,0
2013-04-28 00:00:00,0,0,0,0,0,0,0,0,0,0
2013-04-29 00:00:00,0,0,0,0,0,0,0,0,0,0
2013-04-30 00:00:00,0,0,0,0,0,0,0,0,0,0
2013-05-01 00:00:00,0,0,0,0,0,0,0,0,0,0
2013-05-02 00:00:00,0,0,0,0,0,0,0,0,0,0
2013-05-03 00:00:00,0,0,0,0,0,0,0,0,0,0
2013-05-04 00:00:00,0,0,0,0,0,0,0,0,0,0
2013-05-05 00:00:00,0,0,0,0,0,0,0,0,0,0
2013-05-06 00:00:00,0,0,0,0,0,0,0,0,0,0
2013-05-07 00:00:00,0,0,0,0,0,0,0,0,0,0
2013-05-08 00:00:00,0,0,0,0,0,0,0,0,0,0
2013-05-09 00:00:00,0,0,0,0,0,0,0,0,0,0
2013-05-10 00:00:00,0,0,0,0,0,0,0,0,0,0
2013-05-11 00:00:00,0,0,0,0,0,0,0,0,0,0
2013-05-12 00:00:00,0,0,0,0,0,0,0,0,0,0
2013-05-13 00:00:00,0,0,0,0,0,0,0,0,0,0
2013-05-14 00:00:00,0,0,0,0,0,0,0,0,0,0
2013-05-15 00:00:00,0,0,0,0,0,0,0,0,0,0
2013-05-16 00:00:00,0,0,0,0,0,0,0,0,0,0
2013-05-17 00:00:00,0,0,0,0,0,0,0,0,0,0
2013-05-18 00:00:00,0,0,0,0,0,0,0,0,0,0
2013-05-19 00:00:00,0,0,0,0,0,0,0,0,0,0
2013-05-20 00:00:00,0,0,0,0,0,0,0,0,0,0
2013-05-21 00:00:00,0,0,0,0,0,0,0,0,0,0
2013-05-22 00:00:00,0,0,0,0,0,0,0,0,0,0
2013-05-23 00:00:00,0,0,0,0,0,0,0,0,0,0
2013-05-24 00:00:00,0,0,0,0,0,0,0,0,0,0
2013-05-25 00:00:00,0,0,0,0,0,0,0,0,0,0
2013-05-26 00:00:00,0,0,0,0,0,0,0,0,0,0
2013-05-27 00:00:00,0,0,0,0,0,0,0,0,0,0
2013-05-28 00:00:00,0,0,0,0,0,0,0,0,0,0
2013-05-29 00:00:00,0,0,0,0,0,0,0,0,0,0
2013-05-30 00:00:00,0,0,0,0,0,0,0,0,0,0
2013-05-31 00:00:00,0,0,0,0,0,0,0,0,0,0
2013-06-01 00:00:00,0,0,0,0,0,0,0,0,0,0
2013-06-02 00:00:00,0,0,0,0,0,0,0,0,0,0
2013-06-03 00:00:00,0,0,0,0,0,0,0,0,0,0
2013-06-04 00:00:00,0,0,0,0,0,0,0,0,0,0
2013-06-05 00:00:00,0,0,0,0,0,0,0,0,0,0
2013-06-06 00:00:00,0,0,0,0,0,0,0,0,0,0
2013-06-07 00:00:00,0,0,0,0,0,0,0,0,0,0
2013-06-08 00:00:00,0,0,0,0,0,0,0,0,0,0
2013-06-09 00:00:00,0,0,0,0,0,0,0,0,0,0
2013-06-10 00:00:00,0,0,0,0,0,0,0,0,0,0
2013-06-11 00:00:00,0,0,0,0,0,0,0,0,0,0
2013-06-12 00:00:00,0,0,0,0,0,0,0,0,0,0
2013-06-13 00:00:00,0,0,0,0,0,0,0,0,0,0
2013-06-14 00:00:00,0,0,0,0,0,0,0,0,0,0
2013-06-15 00:00:00,0,0,0,0,0,0,0,0,0,0
2013-06-16 00:00:00,0,0,0,0,0,0,0,0,0,0
2013-06-17 00:00:00,0,0,0,0,0,0,0,0,0,0
2013-06-18 00:00:00,0,0,0,0,0,0,0,0,0,0
2013-06-19 00:00:00,0,0,0,0,0,0,0,0,0,0
2013-06-20 00:00:00,0,0,0,0,0,0,0,0,0,0
2013-06-21 00:00:00,0,0,0,0,0,0,0,0,0,0
2013-06-22 00:00:00,0,0,0,0,0,0,0,0,0,0
2013-06-23 00:00:00,0,0,0,0,0,0,0,0,0,0
2013-06-24 00:00:00,0,0,0,0,0,0,0,0,0,0
2013-06-25 00:00:00,0,0,0,0,0,0,0,0,0,0
2013-06-26 00:00:00,0,0,0,0,0,0,0,0,0,0
2013-06-27 00:00:00,0,0,0,0,0,0,0,0,0,0
2013-06-28 00:00:00,0,0,0,0,0,0,0,0,0,0
2013-06-29 00:00:00,0,0,0,0,0,0,0,0,0,0
2013-06-30 00:00:00,0,0,0,0,0,0,0,0,0,0
2013-07-01 00:00:00,0,0,0,0,0,0,0,0,0,0
2013-07-02 00:00:00,0,0,0,0,0,0,0,0,0,0
2013-07-03 00:00:00,0,0,0,0,0,0,0,0,0,0
2013-07-04 00:00:00,0,0,0,0,0,0,0,0,0,0
2013-07-05 00:00:00,0,0,0,0,0,0,0,0,0,0
2013-07-06 00:00:00,0,0,0,0,0,0,0,0,0,0
2013-07-07 00:00:00,0,0,0,0,0,0,0,0,0,0
2013-07-08 00:00:00,0,0,0,0,0,0,0,0,0,0
2013-07-09 00:00:00,0,0,0,0,0,0,0,0,0,0
2013-07-10 00:00:00,0,0,0,0,0,0,0,0,0,0
2013-07-11 00:00:00,0,0,0,0,0,0,0,0,0,0
2013-07-12 00:00:00,0,0,0,0,0,0,0,0,0,0
2013-07-13 00:00:00,0,0,0,0,0,0,0,0,0,0
2013-07-14 00:00:00,0,0,0,0,0,0,0,0,0,0
2013-07-15 00:00:00,0,0,0,0,0,0,0,0,0,0
2013-07-16 00:00:00,0,0,0,0,0,0,0,0,0,0
2013-07-17 00:00:00,0,0,0,0,0,0,0,0,0,0
2013-07-18 00:00:00,0,0,0,0,0,0,0,0,0,0
2013-07-19 00:00:00,0,0,0,0,0,0,0,0,0,0
2013-07-20 00:00:00,0,0,0,0,0,0,0,0,0,0
2013-07-21 00:00:00,0,0,0,0,0,0,0,0,0,0
2013-07-22 00:00:00,0,0,0,0,0,0,0,0,0,0
2013-07-23 00:00:00,0,0,0,0,0,0,0,0,0,0
2013-07-24 00:00:00,0,0,0,0,0,0,0,0,0,0
2013-07-25 00:00:00,0,0,0,0,0,0,0,0,0,0
2013-07-26 00:00:00,0,0,0,0,0,0,0,0,0,0
2013-07-27 00:00:00,0,0,0,0,0,0,0,0,0,0
2013-07-28 00:00:00,0,0,0,0,0,0,0,0,0,0
2013-07-29 00:00:00,0,0,0,0,0,0,0,0,0,0
2013-07-30 00:00:00,0,0,0,0,0,0,0,0,0,0
2013-07-31 00:00:00,0,0,0,0,0,0,0,0,0,0
2013-08-01 00:00:00,0,0,0,0,0,0,0,0,0,0
2013-08-02 00:00:00,0,0,0,0,0,0,0,0,0,0
2013-08-03 00:00:00,0,0,0,0,0,0,0,0,0,0
2013-08-04 00:00:00,0,0,0,0,0,0,0,0,0,0
2013-08-05 00:00:00,0,0,0,0,0,0,0,0,0,0
2013-08-06 00:00:00,0,0,0,0,0,0,0,0,0,0
2013-08-07 00:00:00,0,0,0,0,0,0,0,0,0,0
2013-08-08 00:00:00,0,0,0,0,0,0,0,0,0,0
2013-08-09 00:00:00,0,0,0,0,0,0,0,0,0,0
2013-08-10 00:00:00,0,0,0,0,0,0,0,0,0,0
2013-08-11 00:00:00,0,0,0,0,0,0,0,0,0,0
2013-08-12 00:00:00,0,0,0,0,0,0,0,0,0,0
2013-08-13 00:00:00,0,0,0,0,0,0,0,0,0,0
2013-08-14 00:00:00,0,0,0,0,0,0,0,0,0,0
2013-08-15 00:00:00,0,0,0,0,0,0,0,0,0,0
2013-08-16 00:00:00,0,0,0,0,0,0,0,0,0,0
2013-08-17 00:00:00,0,0,0,0,0,0,0,0,0,0
2013-08-18 00:00:00,0,0,0,0,0,0,0,0,0,0
2013-08-19 00:00:00,0,0,0,0,0,0,0,0,0,0
2013-08-20 00:00:00,0,0,0,0,0,0,0,0,0,0
2013-08-21 00:00:00,0,0,0,0,0,0,0,0,0,0
2013-08-22 00:00:00,0,0,0,0,0,0,0,0,0,0
2013-08-23 00:00:00,0,0,0,0,0,0,0,0,0,0
2013-08-24 00:00:00,0,0,0,0,0,0,0,0,0,0
2013-08-25 00:00:00,0,0,0,0,0,0,0,0,0,0
2013-08-26 00:00:00,0,0,0,0,0,0,0,0,0,0
2013-08-27 00:00:00,0,0,0,0,0,0,0,0,0,0
2013-08-28 00:00:00,0,0,0,0,0,0,0,0,0,0
2013-08-29 00:00:00,0,0,0,0,0,0,0,0,0,0
2013-08-30 00:00:00,0,0,0,0,0,0,0,0,0,0
2013-08-31 00:00:00,0,0,0,0,0,0,0,0,0,0
2013-09-01 00:00:00,0,0,0,0,0,0,0,0,0,0
2013-09-02 00:00:00,0,0,0,0,0,0,0,0,0,0
2013-09-03 00:00:00,0,0,0,0,0,0,0,0,0,0
2013-09-04 00:00:00,0,0,0,0,0,0,0,0,0,0
2013-09-05 00:00:00,0,0,0,0,0,0,0,0,0,0
2013-09-06 00:00:00,0,0,0,0,0,0,0,0,0,0
2013-09-07 00:00:00,0,0,0,0,0,0,0,0,0,0
2013-09-08 00:00:00,0,0,0,0,0,0,0,0,0,0
2013-09-09 00:00:00,0,0,0,0,0,0,0,0,0,0
2013-09-10 00:00:00,0,0,0,0,0,0,0,0,0,0
2013-09-11 00:00:00,0,0,0,0,0,0,0,0,0,0
2013-09-12 00:00:00,0,0,0,0,0,0,0,0,0,0
2013-09-13 00:00:00,0,0,0,0,0,0,0,0,0,0
2013-09-14 00:00:00,0,0,0,0,0,0,0,0,0,0
2013-09-15 00:00:00,0,0,0,0,0,0,0,0,0,0
2013-09-16 00:00:00,0,0,0,0,0,0,0,0,0,0
2013-09-17 00:00:00,0,0,0,0,0,0,0,0,0,0
2013-09-18 00:00:00,0,0,0,0,0,0,0,0,0,0
2013-09-19 00:00:00,0,0,0,0,0,0,0,0,0,0
2013-09-20 00:00:00,0,0,0,0,0,0,0,0,0,0
2013-09-21 00:00:00,0,0,0,0,0,0,0,0,0,0
2013-09-22 00:00:00,0,0,0,0,0,0,0,0,0,0
2013-09-23 00:00:00,0,0,0,0,0,0,0,0,0,0
2013-09-24 00:00:00,0,0,0,0,0,0,0,0,0,0
2013-09-25 00:00:00,0,0,0,0,0,0,0,0,0,0
2013-09-26 00:00:00,0,0,0,0,0,0,0,0,0,0
2013-09-27 00:00:00,0,0,0,0,0,0,0,0,0,0
2013-09-28 00:00:00,0,0,0,0,0,0,0,0,0,0
2013-09-29 00:00:00,0,0,0,0,0,0,0,0,0,0
2013-09-30 00:00:00,0,0,0,0,0,0,0,0,0,0
2013-10-01 00:00:00,0,0,0,0,0,0,0,0,0,0
2013-10-02 00:00:00,0,0,0,0,0,0,0,0,0,0
2013-10-03 00:00:00,0,0,0,0,0,0,0,0,0,0
2013-10-04 00:00:00,0,0,0,0,0,0,0,0,0,0
2013-10-05 00:00:00,0,0,0,0,0,0,0,0,0,0
2013-10-06 00:00:00,0,0,0,0,0,0,0,0,0,0
2013-10-07 00:00:00,0,0,0,0,0,0,0,0,0,0
2013-10-08 00:00:00,0,0,0,0,0,0,0,0,0,0
2013-10-09 00:00:00,0,0,0,0,0,0,0,0,0,0
2013-10-10 00:00:00,0,0,0,0,0,0,0,0,0,0
2013-10-11 00:00:00,0,0,0,0,0,0,0,0,0,0
2013-10-12 00:00:00,0,0,0,0,0,0,0,0,0,0
2013-10-13 00:00:00,0,0,0,0,0,0,0,0,0,0
2013-10-14 00:00:00,0,0,0,0,0,0,0,0,0,0
2013-10-15 00:00:00,0,0,0,0,0,0,0,0,0,0
2013-10-16 00:00:00,0,0,0,0,0,0,0,0,0,0
2013-10-17 00:00:00,0,0,0,0,0,0,0,0,0,0
2013-10-18 00:00:00,0,0,0,0,0,0,0,0,0,0
2013-10-19 00:00:00,0,0,0,0,0,0,0,0,0,0
2013-10-20 00:00:00,0,0,0,0,0,0,0,0,0,0
2013-10-21 00:00:00,0,0,0,0,0,0,0,0,0,0
2013-10-22 00:00:00,0,0,0,0,0,0,0,0,0,0
2013-10-23 00:00:00,0,0,0,0,0,0,0,0,0,0
2013-10-24 00:00:00,0,0,0,0,0,0,0,0,0,0
2013-10-25 00:00:00,0,0,0,0,0,0,0,0,0,0
2013-10-26 00:00:00,0,0,0,0,0,0,0,0,0,0
2013-10-27 00:00:00,0,0,0,0,0,0,0,0,0,0
2013-10-28 00:00:00,0,0,0,0,0,0,0,0,0,0
2013-10-29 00:00:00,0,0,0,0,0,0,0,0,0,0
2013-10-30 00:00:00,0,0,0,0,0,0,0,0,0,0
2013-10-31 00:00:00,0,0,0,0,0,0,0,0,0,0
2013-11-01 00:00:00,0,0,0,0,0,0,0,0,0,0
2013-11-02 00:00:00,0,0,0,0,0,0,0,0,0,0
2013-11-03 00:00:00,0,0,0,0,0,0,0,0,0,0
2013-11-04 00:00:00,0,0,0,0,0,0,0,0,0,0
2013-11-05 00:00:00,0,0,0,0,0,0,0,0,0,0
2013-11-06 00:00:00,0,0,0,0,0,0,0,0,0,0
2013-11-07 00:00:00,0,0,0,0,0,0,0,0,0,0
2013-11-08 00:00:00,0,0,0,0,0,0,0,0,0,0
2013-11-09 00:00:00,0,0,0,0,0,0,0,0,0,0
2013-11-10 00:00:00,0,0,0,0,0,0,0,0,0,0
2013-11-11 00:00:00,0,0,0,0,0,0,0,0,0,0
2013-11-12 00:00:00,0,0,0,0,0,0,0,0,0,0
2013-11-13 00:00:00,0,0,0,0,0,0,0,0,0,0
2013-11-14 00:00:00,0,0,0,0,0,0,0,0,0,0
2013-11-15 00:00:00,0,0,0,0,0,0,0,0,0,0
2013-11-16 00:00:00,0,0,0,0,0,0,0,0,0,0
2013-11-17 00:00:00,0,0,0,0,0,0,0,0,0,0
2013-11-18 00:00:00,0,0,0,0,0,0,0,0,0,0
2013-11-19 00:00:00,0,0,0,0,0,0,0,0,0,0
2013-11-20 00:00:00,0,0,0,0,0,0,0,0,0,0
2013-11-21 00:00:00,0,0,0,0,0,0,0,0,0,0
2013-11-22 00:00:00,0,0,0,0,0,0,0,0,0,0
2013-11-23 00:00:00,0,0,0,0,0,0,0,0,0,0
2013-11-24 00:00:00,0,0,0,0,0,0,0,0,0,0
2013-11-25 00:00:00,0,0,0,0,0,0,0,0,0,0
2013-11-26 00:00:00,0,0,0,0,0,0,0,0,0,0
2013-11-27 00:00:00,0,0,0,0,0,0,0,0,0,0
2013-11-28 00:00:00,0,0,0,0,0,0,0,0,0,0
2013-11-29 00:00:00,0,0,0,0,0,0,0,0,0,0
2013-11-30 00:00:00,0,0,0,0,0,0,0,0,0,0
2013-12-01 00:00:00,0,0,0,0,0,0,0,0,0,0
2013-12-02 00:00:00,0,0,0,0,0,0,0,0,0,0
2013-12-03 00:00:00,0,0,0,0,0,0,0,0,0,0
2013-12-04 00:00:00,0,0,0,0,0,0,0,0,0,0
2013-12-05 00:00:00,0,0,0,0,0,0,0,0,0,0
2013-12-06 00:00:00,0,0,0,0,0,0,0,0,0,0
2013-12-07 00:00:00,0,0,0,0,0,0,0,0,0,0
2013-12-08 00:00:00,0,0,0,0,0,0,0,0,0,0
2013-12-09 00:00:00,0,0,0,0,0,0,0,0,0,0
2013-12-10 00:00:00,0,0,0,0,0,0,0,0,0,0
2013-12-11 00:00:00,0,0,0,0,0,0,0,0,0,0
2013-12-12 00:00:00,0,0,0,0,0,0,0,0,0,0
2013-12-13 00:00:00,0,0,0,0,0,0,0,0,0,0
2013-12-14 00:00:00,0,0,0,0,0,0,0,0,0,0
2013-12-15 00:00:00,0,0,0,0,0,0,0,0,0,0
2013-12-16 00:00:00,0,0,0,0,0,0,0,0,0,0
2013-12-17 00:00:00,0,0,0,0,0,0,0,0,0,0
2013-12-18 00:00:00,0,0,0,0,0,0,0,0,0,0
2013-12-19 00:00:00,0,0,0,0,0,0,0,0,0,0
2013-12-20 00:00:00,0,0,0,0,0,0,0,0,0,0
2013-12-21 00:00:00,0,0,0,0,0,0,0,0,0,0
2013-12-22 00:00:00,0,0,0,0,0,0,0,0,0,0
2013-12-23 00:00:00,0,0,0,0,0,0,0,0,0,0
2013-12-24 00:00:00,0,0,0,0,0,0,0,0,0,0
2013-12-25 00:00:00,0,0,0,0,0,0,0,0,0,0
2013-12-26 00:00:00,0,0,0,0,0,0,0,0,0,0
2013-12-27 00:00:00,0,0,0,0,0,0,0,0,0,0
2013-12-28 00:00:00,0,0,0,0,0,0,0,0,0,0
2013-12-29 00:00:00,0,0,0,0,0,0,0,0,0,0
2013-12-30 00:00:00,0,0,0,0,0,0,0,0,0,0
2013-12-31 00:00:00,0,0,0,0,0,0,0,0,0,0
2014-01-01 00:00:00,0,0,0,0,0,0,0,0,0,0
2014-01-02 00:00:00,0,0,0,0,0,0,0,0,0,0
2014-01-03 00:00:00,0,0,0,0,0,0,0,0,0,0
2014-01-04 00:00:00,0,0,0,0,0,0,0,0,0,0
2014-01-05 00:00:00,0,0,0,0,0,0,0,0,0,0
2014-01-06 00:00:00,0,0,0,0,0,0,0,0,0,0
2014-01-07 00:00:00,0,0,0,0,0,0,0,0,0,0
2014-01-08 00:00:00,0,0,0,0,0,0,0,0,0,0
2014-01-09 00:00:00,0,0,0,0,0,0,0,0,0,0
2014-01-10 00:00:00,0,0,0,0,0,0,0,0,0,0
2014-01-11 00:00:00,0,0,0,0,0,0,0,0,0,0
2014-01-12 00:00:00,0,0,0,0,0,0,0,0,0,0
2014-01-13 00:00:00,0,0,0,0,0,0,0,0,0,0
2014-01-14 00:00:00,0,0,0,0,0,0,0,0,0,0
2014-01-15 00:00:00,0,0,0,0,0,0,0,0,0,0
2014-01-16 00:00:00,0,0,0,0,0,0,0,0,0,0
2014-01-17 00:00:00,0,0,0,0,0,0,0,0,0,0
2014-01-18 00:00:00,0,0,0,0,0,0,0,0,0,0
2014-01-19 00:00:00,0,0,0,0,0,0,0,0,0,0
2014-01-20 00:00:00,0,0,0,0,0,0,0,0,0,0
2014-01-21 00:00:00,0,0,0,0,0,0,0,0,0,0
2014-01-22 00:00:00,0,0,0,0,0,0,0,0,0,0
2014-01-23 00:00:00,0,0,0,0,0,0,0,0,0,0
2014-01-24 00:00:00,0,0,0,0,0,0,0,0,0,0
2014-01-25 00:00:00,0,0,0,0,0,0,0,0,0,0
2014-01-26 00:00:00,0,0,0,0,0,0,0,0,0,0
2014-01-27 00:00:00,0,0,0,0,0,0,0,0,0,0
2014-01-28 00:00:00,0,0,0,0,0,0,0,0,0,0
2014-01-29 00:00:00,0,0,0,0,0,0,0,0,0,0
2014-01-30 00:00:00,0,0,0,0,0,0,0,0,0,0
2014-01-31 00:00:00,0,0,0,0,0,0,0,0,0,0
2014-02-01 00:00:00,0,0,0,0,0,0,0,0,0,0
2014-02-02 00:00:00,0,0,0,0,0,0,0,0,0,0
2014-02-03 00:00:00,0,0,0,0,0,0,0,0,0,0
2014-02-04 00:00:00,0,0,0,0,0,0,0,0,0,0
2014-02-05 00:00:00,0,0,0,0,0,0,0,0,0,0
2014-02-06 00:00:00,0,0,0,0,0,0,0,0,0,0
2014-02-07 00:00:00,0,0,0,0,0,0,0,0,0,0
2014-02-08 00:00:00,0,0,0,0,0,0,0,0,0,0
2014-02-09 00:00:00,0,0,0,0,0,0,0,0,0,0
2014-02-10 00:00:00,0,0,0,0,0,0,0,0,0,0
2014-02-11 00:00:00,0,0,0,0,0,0,0,0,0,0
2014-02-12 00:00:00,0,0,0,0,0,0,0,0,0,0
2014-02-13 00:00:00,0,0,0,0,0,0,0,0,0,0
2014-02-14 00:00:00,0,0,0,0,0,0,0,0,0,0
2014-02-15 00:00:00,0,0,0,0,0,0,0,0,0,0
2014-02-16 00:00:00,0,0,0,0,0,0,0,0,0,0
2014-02-17 00:00:00,0,0,0,0,0,0,0,0,0,0
2014-02-18 00:00:00,0,0,0,0,0,0,0,0,0,0
2014-02-19 00:00:00,0,0,0,0,0,0,0,0,0,0
2014-02-20 00:00:00,0,0,0,0,0,0,0,0,0,0
2014-02-21 00:00:00,0,0,0,0,0,0,0,0,0,0
2014-02-22 00:00:00,0,0,0,0,0,0,0,0,0,0
2014-02-23 00:00:00,0,0,0,0,0,0,0,0,0,0
2014-02-24 00:00:00,0,0,0,0,0,0,0,0,0,0
2014-02-25 00:00:00,0,0,0,0,0,0,0,0,0,0
2014-02-26 00:00:00,0,0,0,0,0,0,0,0,0,0
2014-02-27 00:00:00,0,0,0,0,0,0,0,0,0,0
2014-02-28 00:00:00,0,0,0,0,0,0,0,0,0,0
2014-03-01 00:00:00,0,0,0,0,0,0,0,0,0,0
2014-03-02 00:00:00,0,0,0,0,0,0,0,0,0,0
2014-03-03 00:00:00,0,0,0,0,0,0,0,0,0,0
2014-03-04 00:00:00,0,0,0,0,0,0,0,0,0,0
2014-03-05 00:00:00,0,0,0,0,0,0,0,0,0,0
2014-03-06 00:00:00,0,0,0,0,0,0,0,0,0,0
2014-03-07 00:00:00,0,0,0,0,0,0,0,0,0,0
2014-03-08 00:00:00,0,0,0,0,0,0,0,0,0,0
2014-03-09 00:00:00,0,0,0,0,0,0,0,0,0,0
2014-03-10 00:00:00,0,0,0,0,0,0,0,0,0,0
2014-03-11 00:00:00,0,0,0,0,0,0,0,0,0,0
2014-03-12 00:00:00,0,0,0,0,0,0,0,0,0,0
2014-03-13 00:00:00,0,0,0,0,0,0,0,0,0,0
2014-03-14 00:00:00,0,0,0,0,0,0,0,0,0,0
2014-03-15 00:00:00,0,0,0,0,0,0,0,0,0,0
2014-03-16 00:00:00,0,0,0,0,0,0,0,0,0,0
2014-03-17 00:00:00,0,0,0,0,0,0,0,0,0,0
2014-03-18 00:00:00,0,0,0,0,0,0,0,0,0,0
2014-03-19 00:00:00,0,0,0,0,0,0,0,0,0,0
2014-03-20 00:00:00,0,0,0,0,0,0,0,0,0,0
2014-03-21 00:00:00,0,0,0,0,0,0,0,0,0,0
2014-03-22 00:00:00,0,0,0,0,0,0,0,0,0,0
2014-03-23 00:00:00,0,0,0,0,0,0,0,0,0,0
2014-03-24 00:00:00,0,0,0,0,0,0,0,0,0,0
2014-03-25 00:00:00,0,0,0,0,0,0,0,0,0,0
2014-03-26 00:00:00,0,0,0,0,0,0,0,0,0,0
2014-03-27 00:00:00,0,0,0,0,0,0,0,0,0,0
2014-03-28 00:00:00,0,0,0,0,0,0,0,0,0,0
2014-03-29 00:00:00,0,0,0,0,0,0,0,0,0,0
2014-03-30 00:00:00,0,0,0,0,0,0,0,0,0,0
2014-03-31 00:00:00,0,0,0,0,0,0,0,0,0,0
2014-04-01 00:00:00,0,0,0,0,0,0,0,0,0,0
2014-04-02 00:00:00,0,0,0,0,0,0,0,0,0,0
2014-04-03 00:00:00,0,0,0,0,0,0,0,0,0,0
2014-04-04 00:00:00,0,0,0,0,0,0,0,0,0,0
2014-04-05 00:00:00,0,0,0,0,0,0,0,0,0,0
2014-04-06 00:00:00,0,0,0,0,0,0,0,0,0,0
2014-04-07 00:00:00,0,0,0,0,0,0,0,0,0,0
2014-04-08 00:00:00,0,0,0,0,0,0,0,0,0,0
2014-04-09 00:00:00,0,0,0,0,0,0,0,0,0,0
2014-04-10 00:00:00,0,0,0,0,0,0,0,0,0,0
2014-04-11 00:00:00,0,0,0,0,0,0,0,0,0,0
2014-04-12 00:00:00,0,0,0,0,0,0,0,0,0,0
2014-04-13 00:00:00,0,0,0,0,0,0,0,0,0,0
2014-04-14 00:00:00,0,0,0,0,0,0,0,0,0,0
2014-04-15 00:00:00,0,0,0,0,0,0,0,0,0,0
2014-04-16 00:00:00,0,0,0,0,0,0,0,0,0,0
2014-04-17 00:00:00,0,0,0,0,0,0,0,0,0,0
2014-04-18 00:00:00,0,0,0,0,0,0,0,0,0,0
2014-04-19 00:00:00,0,0,0,0,0,0,0,0,0,0
2014-04-20 00:00:00,0,0,0,0,0,0,0,0,0,0
2014-04-21 00:00:00,0,0,0,0,0,0,0,0,0,0
2014-04-22 00:00:00,0,0,0,0,0,0,0,0,0,0
2014-04-23 00:00:00,0,0,0,0,0,0,0,0,0,0
2014-04-24 00:00:00,0,0,0,0,0,0,0,0,0,0
2014-04-25 00:00:00,0,0,0,0,0,0,0,0,0,0
2014-04-26 00:00:00,0,0,0,0,0,0,0,0,0,0
2014-04-27 00:00:00,0,0,0,0,0,0,0,0,0,0
2014-04-28 00:00:00,0,0,0,0,0,0,0,0,0,0
2014-04-29 00:00:00,0,0,0,0,0,0,0,0,0,0
2014-04-30 00:00:00,0,0,0,0,0,0,0,0,0,0
2014-05-01 00:00:00,0,0,0,0,0,0,0,0,0,0
2014-05-02 00:00:00,0,0,0,0,0,0,0,0,0,0
2014-05-03 00:00:00,0,0,0,0,0,0,0,0,0,0
2014-05-04 00:00:00,0,0,0,0,0,0,0,0,0,0
2014-05-05 00:00:00,0,0,0,0,0,0,0,0,0,0
2014-05-06 00:00:00,0,0,0,0,0,0,0,0,0,0
2014-05-07 00:00:00,0,0,0,0,0,0,0,0,0,0
2014-05-08 00:00:00,0,0,0,0,0,0,0,0,0,0
2014-05-09 00:00:00,0,0,0,0,0,0,0,0,0,0
2014-05-10 00:00:00,0,0,0,0,0,0,0,0,0,0
2014-05-11 00:00:00,0,0,0,0,0,0,0,0,0,0
2014-05-12 00:00:00,0,0,0,0,0,0,0,0,0,0
2014-05-13 00:00:00,0,0,0,0,0,0,0,0,0,0
2014-05-14 00:00:00,0,0,0,0,0,0,0,0,0,0
2014-05-15 00:00:00,0,0,0,0,0,0,0,0,0,0
2014-05-16 00:00:00,0,0,0,0,0,0,0,0,0,0
2014-05-17 00:00:00,0,0,0,0,0,0,0,0,0,0
2014-05-18 00:00:00,0,0,0,0,0,0,0,0,0,0
2014-05-19 00:00:00,0,0,0,0,0,0,0,0,0,0
2014-05-20 00:00:00,0,0,0,0,0,0,0,0,0,0
2014-05-21 00:00:00,0,0,0,0,0,0,0,0,0,0
2014-05-22 00:00:00,0,0,0,0,0,0,0,0,0,0
2014-05-23 00:00:00,0,0,0,0,0,0,0,0,0,0
2014-05-24 00:00:00,0,0,0,0,0,0,0,0,0,0
2014-05-25 00:00:00,0,0,0,0,0,0,0,0,0,0
2014-05-26 00:00:00,0,0,0,0,0,0,0,0,0,0
2014-05-27 00:00:00,0,0,0,0,0,0,0,0,0,0
2014-05-28 00:00:00,0,0,0,0,0,0,0,0,0,0
2014-05-29 00:00:00,0,0,0,0,0,0,0,0,0,0
2014-05-30 00:00:00,0,0,0,0,0,0,0,0,0,0
2014-05-31 00:00:00,0,0,0,0,0,0,0,0,0,0
2014-06-01 00:00:00,0,0,0,0,0,0,0,0,0,0
2014-06-02 00:00:00,0,0,0,0,0,0,0,0,0,0
2014-06-03 00:00:00,0,0,0,0,0,0,0,0,0,0
2014-06-04 00:00:00,0,0,0,0,0,0,0,0,0,0
2014-06-05 00:00:00,0,0,0,0,0,0,0,0,0,0
2014-06-06 00:00:00,0,0,0,0,0,0,0,0,0,0
2014-06-07 00:00:00,0,0,0,0,0,0,0,0,0,0
2014-06-08 00:00:00,0,0,0,0,0,0,0,0,0,0
2014-06-09 00:00:00,0,0,0,0,0,0,0,0,0,0
2014-06-10 00:00:00,0,0,0,0,0,0,0,0,0,0
2014-06-11 00:00:00,0,0,0,0,0,0,0,0,0,0
2014-06-12 00:00:00,0,0,0,0,0,0,0,0,0,0
2014-06-13 00:00:00,0,0,0,0,0,0,0,0,0,0
2014-06-14 00:00:00,0,0,0,0,0,0,0,0,0,0
2014-06-15 00:00:00,0,0,0,0,0,0,0,0,0,0
2014-06-16 00:00:00,0,0,0,0,0,0,0,0,0,0
2014-06-17 00:00:00,0,0,0,0,0,0,0,0,0,0
2014-06-18 00:00:00,0,0,0,0,0,0,0,0,0,0
2014-06-19 00:00:00,0,0,0,0,0,0,0,0,0,0
2014-06-20 00:00:00,0,0,0,0,0,0,0,0,0,0
2014-06-21 00:00:00,0,0,0,0,0,0,0,0,0,0
2014-06-22 00:00:00,0,0,0,0,0,0,0,0,0,0
2014-06-23 00:00:00,0,0,0,0,0,0,0,0,0,0
2014-06-24 00:00:00,0,0,0,0,0,0,0,0,0,0
2014-06-25 00:00:00,0,0,0,0,0,0,0,0,0,0
2014-06-26 00:00:00,0,0,0,0,0,0,0,0,0,0
2014-06-27 00:00:00,0,0,0,0,0,0,0,0,0,0
2014-06-28 00:00:00,0,0,0,0,0,0,0,0,0,0
2014-06-29 00:00:00,0,0,0,0,0,0,0,0,0,0
2014-06-30 00:00:00,0,0,0,0,0,0,0,0,0,0
2014-07-01 00:00:00,0,0,0,0,0,0,0,0,0,0
2014-07-02 00:00:00,0,0,0,0,0,0,0,0,0,0
2014-07-03 00:00:00,0,0,0,0,0,0,0,0,0,0
2014-07-04 00:00:00,0,0,0,0,0,0,0,0,0,0
2014-07-05 00:00:00,0,0,0,0,0,0,0,0,0,0
2014-07-06 00:00:00,0,0,0,0,0,0,0,0,0,0
2014-07-07 00:00:00,0,0,0,0,0,0,0,0,0,0
2014-07-08 00:00:00,0,0,0,0,0,0,0,0,0,0
2014-07-09 00:00:00,0,0,0,0,0,0,0,0,0,0
2014-07-10 00:00:00,0,0,0,0,0,0,0,0,0,0
2014-07-11 00:00:00,0,0,0,0,0,0,0,0,0,0
2014-07-12 00:00:00,0,0,0,0,0,0,0,0,0,0
2014-07-13 00:00:00,0,0,0,0,0,0,0,0,0,0
2014-07-14 00:00:00,0,0,0,0,0,0,0,0,0,0
2014-07-15 00:00:00,0,0,0,0,0,0,0,0,0,0
2014-07-16 00:00:00,0,0,0,0,0,0,0,0,0,0
2014-07-17 00:00:00,0,0,0,0,0,0,0,0,0,0
2014-07-18 00:00:00,0,0,0,0,0,0,0,0,0,0
2014-07-19 00:00:00,0,0,0,0,0,0,0,0,0,0
2014-07-20 00:00:00,0,0,0,0,0,0,0,0,0,0
2014-07-21 00:00:00,0,0,0,0,0,0,0,0,0,0
2014-07-22 00:00:00,0,0,0,0,0,0,0,0,0,0
2014-07-23 00:00:00,0,0,0,0,0,0,0,0,0,0
2014-07-24 00:00:00,0,0,0,0,0,0,0,0,0,0
2014-07-25 00:00:00,0,0,0,0,0,0,0,0,0,0
2014-07-26 00:00:00,0,0,0,0,0,0,0,0,0,0
2014-07-27 00:00:00,0,0,0,0,0,0,0,0,0,0
2014-07-28 00:00:00,0,0,0,0,0,0,0,0,0,0
2014-07-29 00:00:00,0,0,0,0,0,0,0,0,0,0
2014-07-30 00:00:00,0,0,0,0,0,0,0,0,0,0
2014-07-31 00:00:00,0,0,0,0,0,0,0,0,0,0
2014-08-01 00:00:00,0,0,0,0,0,0,0,0,0,0
2014-08-02 00:00:00,0,0,0,0,0,0,0,0,0,0
2014-08-03 00:00:00,0,0,0,0,0,0,0,0,0,0
2014-08-04 00:00:00,0,0,0,0,0,0,0,0,0,0
2014-08-05 00:00:00,0,0,0,0,0,0,0,0,0,0
2014-08-06 00:00:00,0,0,0,0,0,0,0,0,0,0
2014-08-07 00:00:00,0,0,0,0,0,0,0,0,0,0
2014-08-08 00:00:00,0,0,0,0,0,0,0,0,0,0
2014-08-09 00:00:00,0,0,0,0,0,0,0,0,0,0
2014-08-10 00:00:00,0,0,0,0,0,0,0,0,0,0
2014-08-11 00:00:00,0,0,0,0,0,0,0,0,0,0
2014-08-12 00:00:00,0,0,0,0,0,0,0,0,0,0
2014-08-13 00:00:00,0,0,0,0,0,0,0,0,0,0
2014-08-14 00:00:00,0,0,0,0,0,0,0,0,0,0
2014-08-15 00:00:00,0,0,0,0,0,0,0,0,0,0
2014-08-16 00:00:00,0,0,0,0,0,0,0,0,0,0
2014-08-17 00:00:00,0,0,0,0,0,0,0,0,0,0
2014-08-18 00:00:00,0,0,0,0,0,0,0,0,0,0
2014-08-19 00:00:00,0,0,0,0,0,0,0,0,0,0
2014-08-20 00:00:00,0,0,0,0,0,0,0,0,0,0
2014-08-21 00:00:00,0,0,0,0,0,0,0,0,0,0
2014-08-22 00:00:00,0,0,0,0,0,0,0,0,0,0
2014-08-23 00:00:00,0,0,0,0,0,0,0,0,0,0
2014-08-24 00:00:00,0,0,0,0,0,0,0,0,0,0
2014-08-25 00:00:00,0,0,0,0,0,0,0,0,0,0
2014-08-26 00:00:00,0,0,0,0,0,0,0,0,0,0
2014-08-27 00:00:00,0,0,0,0,0,0,0,0,0,0
2014-08-28 00:00:00,0,0,0,0,0,0,0,0,0,0
2014-08-29 00:00:00,0,0,0,0,0,0,0,0,0,0
2014-08-30 00:00:00,0,0,0,0,0,0,0,0,0,0
2014-08-31 00:00:00,0,0,0,0,0,0,0,0,0,0
2014-09-01 00:00:00,0,0,0,0,0,0,0,0,0,0
2014-09-02 00:00:00,0,0,0,0,0,0,0,0,0,0
2014-09-03 00:00:00,0,0,0,0,0,0,0,0,0,0
2014-09-04 00:00:00,0,0,0,0,0,0,0,0,0,0
2014-09-05 00:00:00,0,0,0,0,0,0,0,0,0,0
2014-09-06 00:00:00,0,0,0,0,0,0,0,0,0,0
2014-09-07 00:00:00,0,0,0,0,0,0,0,0,0,0
2014-09-08 00:00:00,0,0,0,0,0,0,0,0,0,0
2014-09-09 00:00:00,0,0,0,0,0,0,0,0,0,0
2014-09-10 00:00:00,0,0,0,0,0,0,0,0,0,0
2014-09-11 00:00:00,0,0,0,0,0,0,0,0,0,0
2014-09-12 00:00:00,0,0,0,0,0,0,0,0,0,0
2014-09-13 00:00:00,0,0,0,0,0,0,0,0,0,0
2014-09-14 00:00:00,0,0,0,0,0,0,0,0,0,0
2014-09-15 00:00:00,0,0,0,0,0,0,0,0,0,0
2014-09-16 00:00:00,0,0,0,0,0,0,0,0,0,0
2014-09-17 00:00:00,0,0,0,0,0,0,0,0,0,0
2014-09-18 00:00:00,0,0,0,0,0,0,0,0,0,0
2014-09-19 00:00:00,0,0,0,0,0,0,0,0,0,0
2014-09-20 00:00:00,0,0,0,0,0,0,0,0,0,0
2014-09-21 00:00:00,0,0,0,0,0,0,0,0,0,0
2014-09-22 00:00:00,0,0,0,0,0,0,0,0,0,0
2014-09-23 00:00:00,0,0,0,0,0,0,0,0,0,0
2014-09-24 00:00:00,0,0,0,0,0,0,0,0,0,0
2014-09-25 00:00:00,0,0,0,0,0,0,0,0,0,0
2014-09-26 00:00:00,0,0,0,0,0,0,0,0,0,0
2014-09-27 00:00:00,0,0,0,0,0,0,0,0,0,0
2014-09-28 00:00:00,0,0,0,0,0,0,0,0,0,0
2014-09-29 00:00:00,0,0,0,0,0,0,0,0,0,0
2014-09-30 00:00:00,0,0,0,0,0,0,0,0,0,0
2014-10-01 00:00:00,0,0,0,0,0,0,0,0,0,0
2014-10-02 00:00:00,0,0,0,0,0,0,0,0,0,0
2014-10-03 00:00:00,0,0,0,0,0,0,0,0,0,0
2014-10-04 00:00:00,0,0,0,0,0,0,0,0,0,0
2014-10-05 00:00:00,0,0,0,0,0,0,0,0,0,0
2014-10-06 00:00:00,0,0,0,0,0,0,0,0,0,0
2014-10-07 00:00:00,0,0,0,0,0,0,0,0,0,0
2014-10-08 00:00:00,0,0,0,0,0,0,0,0,0,0
2014-10-09 00:00:00,0,0,0,0,0,0,0,0,0,0
2014-10-10 00:00:00,0,0,0,0,0,0,0,0,0,0
2014-10-11 00:00:00,0,0,0,0,0,0,0,0,0,0
2014-10-12 00:00:00,0,0,0,0,0,0,0,0,0,0
2014-10-13 00:00:00,0,0,0,0,0,0,0,0,0,0
2014-10-14 00:00:00,0,0,0,0,0,0,0,0,0,0
2014-10-15 00:00:00,0,0,0,0,0,0,0,0,0,0
2014-10-16 00:00:00,0,0,0,0,0,0,0,0,0,0
2014-10-17 00:00:00,0,0,0,0,0,0,0,0,0,0
2014-10-18 00:00:00,0,0,0,0,0,0,0,0,0,0
2014-10-19 00:00:00,0,0,0,0,0,0,0,0,0,0
2014-10-20 00:00:00,0,0,0,0,0,0,0,0,0,0
2014-10-21 00:00:00,0,0,0,0,0,0,0,0,0,0
2014-10-22 00:00:00,0,0,0,0,0,0,0,0,0,0
2014-10-23 00:00:00,0,0,0,0,0,0,0,0,0,0
2014-10-24 00:00:00,0,0,0,0,0,0,0,0,0,0
2014-10-25 00:00:00,0,0,0,0,0,0,0,0,0,0
2014-10-26 00:00:00,0,0,0,0,0,0,0,0,0,0
2014-10-27 00:00:00,0,0,0,0,0,0,0,0,0,0
2014-10-28 00:00:00,0,0,0,0,0,0,0,0,0,0
2014-10-29 00:00:00,0,0,0,0,0,0,0,0,0,0
2014-10-30 00:00:00,0,0,0,0,0,0,0,0,0,0
2014-10-31 00:00:00,0,0,0,0,0,0,0,0,0,0
2014-11-01 00:00:00,0,0,0,0,0,0,0,0,0,0
2014-11-02 00:00:00,0,0,0,0,0,0,0,0,0,0
2014-11-03 00:00:00,0,0,0,0,0,0,0,0,0,0
2014-11-04 00:00:00,0,0,0,0,0,0,0,0,0,0
2014-11-05 00:00:00,0,0,0,0,0,0,0,0,0,0
2014-11-06 00:00:00,0,0,0,0,0,0,0,0,0,0
2014-11-07 00:00:00,0,0,0,0,0,0,0,0,0,0
2014-11-08 00:00:00,0,0,0,0,0,0,0,0,0,0
2014-11-09 00:00:00,0,0,0,0,0,0,0,0,0,0
2014-11-10 00:00:00,0,0,0,0,0,0,0,0,0,0
2014-11-11 00:00:00,0,0,0,0,0,0,0,0,0,0
2014-11-12 00:00:00,0,0,0,0,0,0,0,0,0,0
2014-11-13 00:00:00,0,0,0,0,0,0,0,0,0,0
2014-11-14 00:00:00,0,0,0,0,0,0,0,0,0,0
2014-11-15 00:00:00,0,0,0,0,0,0,0,0,0,0
2014-11-16 00:00:00,0,0,0,0,0,0,0,0,0,0
2014-11-17 00:00:00,0,0,0,0,0,0,0,0,0,0
2014-11-18 00:00:00,0,0,0,0,0,0,0,0,0,0
2014-11-19 00:00:00,0,0,0,0,0,0,0,0,0,0
2014-11-20 00:00:00,0,0,0,0,0,0,0,0,0,0
2014-11-21 00:00:00,0,0,0,0,0,0,0,0,0,0
2014-11-22 00:00:00,0,0,0,0,0,0,0,0,0,0
2014-11-23 00:00:00,0,0,0,0,0,0,0,0,0,0
2014-11-24 00:00:00,0,0,0,0,0,0,0,0,0,0
2014-11-25 00:00:00,0,0,0,0,0,0,0,0,0,0
2014-11-26 00:00:00,0,0,0,0,0,0,0,0,0,0
2014-11-27 00:00:00,0,0,0,0,0,0,0,0,0,0
2014-11-28 00:00:00,0,0,0,0,0,0,0,0,0,0
2014-11-29 00:00:00,0,0,0,0,0,0,0,0,0,0
2014-11-30 00:00:00,0,0,0,0,0,0,0,0,0,0
2014-12-01 00:00:00,0,0,0,0,0,0,0,0,0,0
2014-12-02 00:00:00,0,0,0,0,0,0,0,0,0,0
2014-12-03 00:00:00,0,0,0,0,0,0,0,0,0,0
2014-12-04 00:00:00,0,0,0,0,0,0,0,0,0,0
2014-12-05 00:00:00,0,0,0,0,0,0,0,0,0,0
2014-12-06 00:00:00,0,0,0,0,0,0,0,0,0,0
2014-12-07 00:00:00,0,0,0,0,0,0,0,0,0,0
2014-12-08 00:00:00,0,0,0,0,0,0,0,0,0,0
2014-12-09 00:00:00,0,0,0,0,0,0,0,0,0,0
2014-12-10 00:00:00,0,0,0,0,0,0,0,0,0,0
2014-12-11 00:00:00,0,0,0,0,0,0,0,0,0,0
2014-12-12 00:00:00,0,0,0,0,0,0,0,0,0,0
2014-12-13 00:00:00,0,0,0,0,0,0,0,0,0,0
2014-12-14 00:00:00,0,0,0,0,0,0,0,0,0,0
2014-12-15 00:00:00,0,0,0,0,0,0,0,0,0,0
2014-12-16 00:00:00,0,0,0,0,0,0,0,0,0,0
2014-12-17 00:00:00,0,0,0,0,0,0,0,0,0,0
2014-12-18 00:00:00,0,0,0,0,0,0,0,0,0,0
2014-12-19 00:00:00,0,0,0,0,0,0,0,0,0,0
2014-12-20 00:00:00,0,0,0,0,0,0,0,0,0,0
2014-12-21 00:00:00,0,0,0,0,0,0,0,0,0,0
2014-12-22 00:00:00,0,0,0,0,0,0,0,0,0,0
2014-12-23 00:00:00,0,0,0,0,0,0,0,0,0,0
2014-12-24 00:00:00,0,0,0,0,0,0,0,0,0,0
2014-12-25 00:00:00,0,0,0,0,0,0,0,0,0,0
2014-12-26 00:00:00,0,0,0,0,0,0,0,0,0,0
2014-12-27 00:00:00,0,0,0,0,0,0,0,0,0,0
2014-12-28 00:00:00,0,0,0,0,0,0,0,0,0,0
2014-12-29 00:00:00,0,0,0,0,0,0,0,0,0,0
2014-12-30 00:00:00,0,0,0,0,0,0,0,0,0,0
2014-12-31 00:00:00,0,0,0,0,0,0,0,0,0,0
2015-01-01 00:00:00,0,0,0,0,0,0,0,0,0,0
2015-01-02 00:00:00,0,0,0,0,0,0,0,0,0,0
2015-01-03 00:00:00,0,0,0,0,0,0,0,0,0,0
2015-01-04 00:00:00,0,0,0,0,0,0,0,0,0,0
2015-01-05 00:00:00,0,0,0,0,0,0,0,0,0,0
2015-01-06 00:00:00,0,0,0,0,0,0,0,0,0,0
2015-01-07 00:00:00,0,0,0,0,0,0,0,0,0,0
2015-01-08 00:00:00,0,0,0,0,0,0,0,0,0,0
2015-01-09 00:00:00,0,0,0,0,0,0,0,0,0,0
2015-01-10 00:00:00,0,0,0,0,0,0,0,0,0,0
2015-01-11 00:00:00,0,0,0,0,0,0,0,0,0,0
2015-01-12 00:00:00,0,0,0,0,0,0,0,0,0,0
2015-01-13 00:00:00,0,0,0,0,0,0,0,0,0,0
2015-01-14 00:00:00,0,0,0,0,0,0,0,0,0,0
2015-01-15 00:00:00,0,0,0,0,0,0,0,0,0,0
2015-01-16 00:00:00,0,0,0,0,0,0,0,0,0,0
2015-01-17 00:00:00,0,0,0,0,0,0,0,0,0,0
2015-01-18 00:00:00,0,0,0,0,0,0,0,0,0,0
2015-01-19 00:00:00,0,0,0,0,0,0,0,0,0,0
2015-01-20 00:00:00,0,0,0,0,0,0,0,0,0,0
2015-01-21 00:00:00,0,0,0,0,0,0,0,0,0,0
2015-01-22 00:00:00,0,0,0,0,0,0,0,0,0,0
2015-01-23 00:00:00,0,0,0,0,0,0,0,0,0,0
2015-01-24 00:00:00,0,0,0,0,0,0,0,0,0,0
2015-01-25 00:00:00,0,0,0,0,0,0,0,0,0,0
2015-01-26 00:00:00,0,0,0,0,0,0,0,0,0,0
2015-01-27 00:00:00,0,0,0,0,0,0,0,0,0,0
2015-01-28 00:00:00,0,0,0,0,0,0,0,0,0,0
2015-01-29 00:00:00,0,0,0,0,0,0,0,0,0,0
2015-01-30 00:00:00,0,0,0,0,0,0,0,0,0,0
2015-01-31 00:00:00,0,0,0,0,0,0,0,0,0,0
2015-02-01 00:00:00,0,0,0,0,0,0,0,0,0,0
2015-02-02 00:00:00,0,0,0,0,0,0,0,0,0,0
2015-02-03 00:00:00,0,0,0,0,0,0,0,0,0,0
2015-02-04 00:00:00,0,0,0,0,0,0,0,0,0,0
2015-02-05 00:00:00,0,0,0,0,0,0,0,0,0,0
2015-02-06 00:00:00,0,0,0,0,0,0,0,0,0,0
2015-02-07 00:00:00,0,0,0,0,0,0,0,0,0,0
2015-02-08 00:00:00,0,0,0,0,0,0,0,0,0,0
2015-02-09 00:00:00,0,0,0,0,0,0,0,0,0,0
2015-02-10 00:00:00,0,0,0,0,0,0,0,0,0,0
2015-02-11 00:00:00,0,0,0,0,0,0,0,0,0,0
2015-02-12 00:00:00,0,0,0,0,0,0,0,0,0,0
2015-02-13 00:00:00,0,0,0,0,0,0,0,0,0,0
2015-02-14 00:00:00,0,0,0,0,0,0,0,0,0,0
2015-02-15 00:00:00,0,0,0,0,0,0,0,0,0,0
2015-02-16 00:00:00,0,0,0,0,0,0,0,0,0,0
2015-02-17 00:00:00,0,0,0,0,0,0,0,0,0,0
2015-02-18 00:00:00,0,0,0,0,0,0,0,0,0,0
2015-02-19 00:00:00,0,0,0,0,0,0,0,0,0,0
2015-02-20 00:00:00,0,0,0,0,0,0,0,0,0,0
2015-02-21 00:00:00,0,0,0,0,0,0,0,0,0,0
2015-02-22 00:00:00,0,0,0,0,0,0,0,0,0,0
2015-02-23 00:00:00,0,0,0,0,0,0,0,0,0,0
2015-02-24 00:00:00,0,0,0,0,0,0,0,0,0,0
2015-02-25 00:00:00,0,0,0,0,0,0,0,0,0,0
2015-02-26 00:00:00,0,0,0,0,0,0,0,0,0,0
2015-02-27 00:00:00,0,0,0,0,0,0,0,0,0,0
2015-02-28 00:00:00,0,0,0,0,0,0,0,0,0,0
2015-03-01 00:00:00,0,0,0,0,0,0,0,0,0,0
2015-03-02 00:00:00,0,0,0,0,0,0,0,0,0,0
2015-03-03 00:00:00,0,0,0,0,0,0,0,0,0,0
2015-03-04 00:00:00,0,0,0,0,0,0,0,0,0,0
2015-03-05 00:00:00,0,0,0,0,0,0,0,0,0,0
2015-03-06 00:00:00,0,0,0,0,0,0,0,0,0,0
2015-03-07 00:00:00,0,0,0,0,0,0,0,0,0,0
2015-03-08 00:00:00,0,0,0,0,0,0,0,0,0,0
2015-03-09 00:00:00,0,0,0,0,0,0,0,0,0,0
2015-03-10 00:00:00,0,0,0,0,0,0,0,0,0,0
2015-03-11 00:00:00,0,0,0,0,0,0,0,0,0,0
2015-03-12 00:00:00,0,0,0,0,0,0,0,0,0,0
2015-03-13 00:00:00,0,0,0,0,0,0,0,0,0,0
2015-03-14 00:00:00,0,0,0,0,0,0,0,0,0,0
2015-03-15 00:00:00,0,0,0,0,0,0,0,0,0,0
2015-03-16 00:00:00,0,0,0,0,0,0,0,0,0,0
2015-03-17 00:00:00,0,0,0,0,0,0,0,0,0,0
2015-03-18 00:00:00,0,0,0,0,0,0,0,0,0,0
2015-03-19 00:00:00,0,0,0,0,0,0,0,0,0,0
2015-03-20 00:00:00,0,0,0,0,0,0,0,0,0,0
2015-03-21 00:00:00,0,0,0,0,0,0,0,0,0,0
2015-03-22 00:00:00,0,0,0,0,0,0,0,0,0,0
2015-03-23 00:00:00,0,0,0,0,0,0,0,0,0,0
2015-03-24 00:00:00,0,0,0,0,0,0,0,0,0,0
2015-03-25 00:00:00,0,0,0,0,0,0,0,0,0,0
2015-03-26 00:00:00,0,0,0,0,0,0,0,0,0,0
2015-03-27 00:00:00,0,0,0,0,0,0,0,0,0,0
2015-03-28 00:00:00,0,0,0,0,0,0,0,0,0,0
2015-03-29 00:00:00,0,0,0,0,0,0,0,0,0,0
2015-03-30 00:00:00,0,0,0,0,0,0,0,0,0,0
2015-03-31 00:00:00,0,0,0,0,0,0,0,0,0,0
2015-04-01 00:00:00,0,0,0,0,0,0,0,0,0,0
2015-04-02 00:00:00,0,0,0,0,0,0,0,0,0,0
2015-04-03 00:00:00,0,0,0,0,0,0,0,0,0,0
2015-04-04 00:00:00,0,0,0,0,0,0,0,0,0,0
2015-04-05 00:00:00,0,0,0,0,0,0,0,0,0,0
2015-04-06 00:00:00,0,0,0,0,0,0,0,0,0,0
2015-04-07 00:00:00,0,0,0,0,0,0,0,0,0,0
2015-04-08 00:00:00,0,0,0,0,0,0,0,0,0,0
2015-04-09 00:00:00,0,0,0,0,0,0,0,0,0,0
2015-04-10 00:00:00,0,0,0,0,0,0,0,0,0,0
2015-04-11 00:00:00,0,0,0,0,0,0,0,0,0,0
2015-04-12 00:00:00,0,0,0,0,0,0,0,0,0,0
2015-04-13 00:00:00,0,0,0,0,0,0,0,0,0,0
2015-04-14 00:00:00,0,0,0,0,0,0,0,0,0,0
2015-04-15 00:00:00,0,0,0,0,0,0,0,0,0,0
2015-04-16 00:00:00,0,0,0,0,0,0,0,0,0,0
2015-04-17 00:00:00,0,0,0,0,0,0,0,0,0,0
2015-04-18 00:00:00,0,0,0,0,0,0,0,0,0,0
2015-04-19 00:00:00,0,0,0,0,0,0,0,0,0,0
2015-04-20 00:00:00,0,0,0,0,0,0,0,0,0,0
2015-04-21 00:00:00,0,0,0,0,0,0,0,0,0,0
2015-04-22 00:00:00,0,0,0,0,0,0,0,0,0,0
2015-04-23 00:00:00,0,0,0,0,0,0,0,0,0,0
2015-04-24 00:00:00,0,0,0,0,0,0,0,0,0,0
2015-04-25 00:00:00,0,0,0,0,0,0,0,0,0,0
2015-04-26 00:00:00,0,0,0,0,0,0,0,0,0,0
2015-04-27 00:00:00,0,0,0,0,0,0,0,0,0,0
2015-04-28 00:00:00,0,0,0,0,0,0,0,0,0,0
2015-04-29 00:00:00,0,0,0,0,0,0,0,0,0,0
2015-04-30 00:00:00,0,0,0,0,0,0,0,0,0,0
2015-05-01 00:00:00,0,0,0,0,0,0,0,0,0,0
2015-05-02 00:00:00,0,0,0,0,0,0,0,0,0,0
2015-05-03 00:00:00,0,0,0,0,0,0,0,0,0,0
2015-05-04 00:00:00,0,0,0,0,0,0,0,0,0,0
2015-05-05 00:00:00,0,0,0,0,0,0,0,0,0,0
2015-05-06 00:00:00,0,0,0,0,0,0,0,0,0,0
2015-05-07 00:00:00,0,0,0,0,0,0,0,0,0,0
2015-05-08 00:00:00,0,0,0,0,0,0,0,0,0,0
2015-05-09 00:00:00,0,0,0,0,0,0,0,0,0,0
2015-05-10 00:00:00,0,0,0,0,0,0,0,0,0,0
2015-05-11 00:00:00,0,0,0,0,0,0,0,0,0,0
2015-05-12 00:00:00,0,0,0,0,0,0,0,0,0,0
2015-05-13 00:00:00,0,0,0,0,0,0,0,0,0,0
2015-05-14 00:00:00,0,0,0,0,0,0,0,0,0,0
2015-05-15 00:00:00,0,0,0,0,0,0,0,0,0,0
2015-05-16 00:00:00,0,0,0,0,0,0,0,0,0,0
2015-05-17 00:00:00,0,0,0,0,0,0,0,0,0,0
2015-05-18 00:00:00,0,0,0,0,0,0,0,0,0,0
2015-05-19 00:00:00,0,0,0,0,0,0,0,0,0,0
2015-05-20 00:00:00,0,0,0,0,0,0,0,0,0,0
2015-05-21 00:00:00,0,0,0,0,0,0,0,0,0,0
2015-05-22 00:00:00,0,0,0,0,0,0,0,0,0,0
2015-05-23 00:00:00,0,0,0,0,0,0,0,0,0,0
2015-05-24 00:00:00,0,0,0,0,0,0,0,0,0,0
2015-05-25 00:00:00,0,0,0,0,0,0,0,0,0,0
2015-05-26 00:00:00,0,0,0,0,0,0,0,0,0,0
2015-05-27 00:00:00,0,0,0,0,0,0,0,0,0,0
2015-05-28 00:00:00,0,0,0,0,0,0,0,0,0,0
2015-05-29 00:00:00,0,0,0,0,0,0,0,0,0,0
2015-05-30 00:00:00,0,0,0,0,0,0,0,0,0,0
2015-05-31 00:00:00,0,0,0,0,0,0,0,0,0,0
2015-06-01 00:00:00,0,0,0,0,0,0,0,0,0,0
2015-06-02 00:00:00,0,0,0,0,0,0,0,0,0,0
2015-06-03 00:00:00,0,0,0,0,0,0,0,0,0,0
2015-06-04 00:00:00,0,0,0,0,0,0,0,0,0,0
2015-06-05 00:00:00,0,0,0,0,0,0,0,0,0,0
2015-06-06 00:00:00,0,0,0,0,0,0,0,0,0,0
2015-06-07 00:00:00,0,0,0,0,0,0,0,0,0,0
2015-06-08 00:00:00,0,0,0,0,0,0,0,0,0,0
2015-06-09 00:00:00,0,0,0,0,0,0,0,0,0,0
2015-06-10 00:00:00,0,0,0,0,0,0,0,0,0,0
2015-06-11 00:00:00,0,0,0,0,0,0,0,0,0,0
2015-06-12 00:00:00,0,0,0,0,0,0,0,0,0,0
2015-06-13 00:00:00,0,0,0,0,0,0,0,0,0,0
2015-06-14 00:00:00,0,0,0,0,0,0,0,0,0,0
2015-06-15 00:00:00,0,0,0,0,0,0,0,0,0,0
2015-06-16 00:00:00,0,0,0,0,0,0,0,0,0,0
2015-06-17 00:00:00,0,0,0,0,0,0,0,0,0,0
2015-06-18 00:00:00,0,0,0,0,0,0,0,0,0,0
2015-06-19 00:00:00,0,0,0,0,0,0,0,0,0,0
2015-06-20 00:00:00,0,0,0,0,0,0,0,0,0,0
2015-06-21 00:00:00,0,0,0,0,0,0,0,0,0,0
2015-06-22 00:00:00,0,0,0,0,0,0,0,0,0,0
2015-06-23 00:00:00,0,0,0,0,0,0,0,0,0,0
2015-06-24 00:00:00,0,0,0,0,0,0,0,0,0,0
2015-06-25 00:00:00,0,0,0,0,0,0,0,0,0,0
2015-06-26 00:00:00,0,0,0,0,0,0,0,0,0,0
2015-06-27 00:00:00,0,0,0,0,0,0,0,0,0,0
2015-06-28 00:00:00,0,0,0,0,0,0,0,0,0,0
2015-06-29 00:00:00,0,0,0,0,0,0,0,0,0,0
2015-06-30 00:00:00,0,0,0,0,0,0,0,0,0,0
2015-07-01 00:00:00,0,0,0,0,0,0,0,0,0,0
2015-07-02 00:00:00,0,0,0,0,0,0,0,0,0,0
2015-07-03 00:00:00,0,0,0,0,0,0,0,0,0,0
2015-07-04 00:00:00,0,0,0,0,0,0,0,0,0,0
2015-07-05 00:00:00,0,0,0,0,0,0,0,0,0,0
2015-07-06 00:00:00,0,0,0,0,0,0,0,0,0,0
2015-07-07 00:00:00,0,0,0,0,0,0,0,0,0,0
2015-07-08 00:00:00,0,0,0,0,0,0,0,0,0,0
2015-07-09 00:00:00,0,0,0,0,0,0,0,0,0,0
2015-07-10 00:00:00,0,0,0,0,0,0,0,0,0,0
2015-07-11 00:00:00,0,0,0,0,0,0,0,0,0,0
2015-07-12 00:00:00,0,0,0,0,0,0,0,0,0,0
2015-07-13 00:00:00,0,0,0,0,0,0,0,0,0,0
2015-07-14 00:00:00,0,0,0,0,0,0,0,0,0,0
2015-07-15 00:00:00,0,0,0,0,0,0,0,0,0,0
2015-07-16 00:00:00,0,0,0,0,0,0,0,0,0,0
2015-07-17 00:00:00,0,0,0,0,0,0,0,0,0,0
2015-07-18 00:00:00,0,0,0,0,0,0,0,0,0,0
2015-07-19 00:00:00,0,0,0,0,0,0,0,0,0,0
2015-07-20 00:00:00,0,0,0,0,0,0,0,0,0,0
2015-07-21 00:00:00,0,0,0,0,0,0,0,0,0,0
2015-07-22 00:00:00,0,0,0,0,0,0,0,0,0,0
2015-07-23 00:00:00,0,0,0,0,0,0,0,0,0,0
2015-07-24 00:00:00,0,0,0,0,0,0,0,0,0,0
2015-07-25 00:00:00,0,0,0,0,0,0,0,0,0,0
2015-07-26 00:00:00,0,0,0,0,0,0,0,0,0,0
2015-07-27 00:00:00,0,0,0,0,0,0,0,0,0,0
2015-07-28 00:00:00,0,0,0,0,0,0,0,0,0,0
2015-07-29 00:00:00,0,0,0,0,0,0,0,0,0,0
2015-07-30 00:00:00,0,0,0,0,0,0,0,0,0,0
2015-07-31 00:00:00,0,0,0,0,0,0,0,0,0,0
2015-08-01 00:00:00,0,0,0,0,0,0,0,0,0,0
2015-08-02 00:00:00,0,0,0,0,0,0,0,0,0,0
2015-08-03 00:00:00,0,0,0,0,0,0,0,0,0,0
2015-08-04 00:00:00,0,0,0,0,0,0,0,0,0,0
2015-08-05 00:00:00,0,0,0,0,0,0,0,0,0,0
2015-08-06 00:00:00,0,0,0,0,0,0,0,0,0,0
2015-08-07 00:00:00,0,0,0,0,0,0,0,0,0,0
2015-08-08 00:00:00,0,0,0,0,0,0,0,0,0,0
2015-08-09 00:00:00,0,0,0,0,0,0,0,0,0,0
2015-08-10 00:00:00,0,0,0,0,0,0,0,0,0,0
2015-08-11 00:00:00,0,0,0,0,0,0,0,0,0,0
2015-08-12 00:00:00,0,0,0,0,0,0,0,0,0,0
2015-08-13 00:00:00,0,0,0,0,0,0,0,0,0,0
2015-08-14 00:00:00,0,0,0,0,0,0,0,0,0,0
2015-08-15 00:00:00,0,0,0,0,0,0,0,0,0,0
2015-08-16 00:00:00,0,0,0,0,0,0,0,0,0,0
2015-08-17 00:00:00,0,0,0,0,0,0,0,0,0,0
2015-08-18 00:00:00,0,0,0,0,0,0,0,0,0,0
2015-08-19 00:00:00,0,0,0,0,0,0,0,0,0,0
2015-08-20 00:00:00,0,0,0,0,0,0,0,0,0,0
2015-08-21 00:00:00,0,0,0,0,0,0,0,0,0,0
2015-08-22 00:00:00,0,0,0,0,0,0,0,0,0,0
2015-08-23 00:00:00,0,0,0,0,0,0,0,0,0,0
2015-08-24 00:00:00,0,0,0,0,0,0,0,0,0,0
2015-08-25 00:00:00,0,0,0,0,0,0,0,0,0,0
2015-08-26 00:00:00,0,0,0,0,0,0,0,0,0,0
2015-08-27 00:00:00,0,0,0,0,0,0,0,0,0,0
2015-08-28 00:00:00,0,0,0,0,0,0,0,0,0,0
2015-08-29 00:00:00,0,0,0,0,0,0,0,0,0,0
2015-08-30 00:00:00,0,0,0,0,0,0,0,0,0,0
2015-08-31 00:00:00,0,0,0,0,0,0,0,0,0,0
2015-09-01 00:00:00,0,0,0,0,0,0,0,0,0,0
2015-09-02 00:00:00,0,0,0,0,0,0,0,0,0,0
2015-09-03 00:00:00,0,0,0,0,0,0,0,0,0,0
2015-09-04 00:00:00,0,0,0,0,0,0,0,0,0,0
2015-09-05 00:00:00,0,0,0,0,0,0,0,0,0,0
2015-09-06 00:00:00,0,0,0,0,0,0,0,0,0,0
2015-09-07 00:00:00,0,0,0,0,0,0,0,0,0,0
2015-09-08 00:00:00,0,0,0,0,0,0,0,0,0,0
2015-09-09 00:00:00,0,0,0,0,0,0,0,0,0,0
2015-09-10 00:00:00,0,0,0,0,0,0,0,0,0,0
2015-09-11 00:00:00,0,0,0,0,0,0,0,0,0,0
2015-09-12 00:00:00,0,0,0,0,0,0,0,0,0,0
2015-09-13 00:00:00,0,0,0,0,0,0,0,0,0,0
2015-09-14 00:00:00,0,0,0,0,0,0,0,0,0,0
2015-09-15 00:00:00,0,0,0,0,0,0,0,0,0,0
2015-09-16 00:00:00,0,0,0,0,0,0,0,0,0,0
2015-09-17 00:00:00,0,0,0,0,0,0,0,0,0,0
2015-09-18 00:00:00,0,0,0,0,0,0,0,0,0,0
2015-09-19 00:00:00,0,0,0,0,0,0,0,0,0,0
2015-09-20 00:00:00,0,0,0,0,0,0,0,0,0,0
2015-09-21 00:00:00,0,0,0,0,0,0,0,0,0,0
2015-09-22 00:00:00,0,0,0,0,0,0,0,0,0,0
2015-09-23 00:00:00,0,0,0,0,0,0,0,0,0,0
2015-09-24 00:00:00,0,0,0,0,0,0,0,0,0,0
2015-09-25 00:00:00,0,0,0,0,0,0,0,0,0,0
2015-09-26 00:00:00,0,0,0,0,0,0,0,0,0,0
2015-09-27 00:00:00,0,0,0,0,0,0,0,0,0,0
2015-09-28 00:00:00,0,0,0,0,0,0,0,0,0,0
2015-09-29 00:00:00,0,0,0,0,0,0,0,0,0,0
2015-09-30 00:00:00,0,0,0,0,0,0,0,0,0,0
2015-10-01 00:00:00,0,0,0,0,0,0,0,0,0,0
2015-10-02 00:00:00,0,0,0,0,0,0,0,0,0,0
2015-10-03 00:00:00,0,0,0,0,0,0,0,0,0,0
2015-10-04 00:00:00,0,0,0,0,0,0,0,0,0,0
2015-10-05 00:00:00,0,0,0,0,0,0,0,0,0,0
2015-10-06 00:00:00,0,0,0,0,0,0,0,0,0,0
2015-10-07 00:00:00,0,0,0,0,0,0,0,0,0,0
2015-10-08 00:00:00,0,0,0,0,0,0,0,0,0,0
2015-10-09 00:00:00,0,0,0,0,0,0,0,0,0,0
2015-10-10 00:00:00,0,0,0,0,0,0,0,0,0,0
2015-10-11 00:00:00,0,0,0,0,0,0,0,0,0,0
2015-10-12 00:00:00,0,0,0,0,0,0,0,0,0,0
2015-10-13 00:00:00,0,0,0,0,0,0,0,0,0,0
2015-10-14 00:00:00,0,0,0,0,0,0,0,0,0,0
2015-10-15 00:00:00,0,0,0,0,0,0,0,0,0,0
2015-10-16 00:00:00,0,0,0,0,0,0,0,0,0,0
2015-10-17 00:00:00,0,0,0,0,0,0,0,0,0,0
2015-10-18 00:00:00,0,0,0,0,0,0,0,0,0,0
2015-10-19 00:00:00,0,0,0,0,0,0,0,0,0,0
2015-10-20 00:00:00,0,0,0,0,0,0,0,0,0,0
2015-10-21 00:00:00,0,0,0,0,0,0,0,0,0,0
2015-10-22 00:00:00,0,0,0,0,0,0,0,0,0,0
2015-10-23 00:00:00,0,0,0,0,0,0,0,0,0,0
2015-10-24 00:00:00,0,0,0,0,0,0,0,0,0,0
2015-10-25 00:00:00,0,0,0,0,0,0,0,0,0,0
2015-10-26 00:00:00,0,0,0,0,0,0,0,0,0,0
2015-10-27 00:00:00,0,0,0,0,0,0,0,0,0,0
2015-10-28 00:00:00,0,0,0,0,0,0,0,0,0,0
2015-10-29 00:00:00,0,0,0,0,0,0,0,0,0,0
2015-10-30 00:00:00,0,0,0,0,0,0,0,0,0,0
2015-10-31 00:00:00,0,0,0,0,0,0,0,0,0,0
2015-11-01 00:00:00,0,0,0,0,0,0,0,0,0,0
2015-11-02 00:00:00,0,0,0,0,0,0,0,0,0,0
2015-11-03 00:00:00,0,0,0,0,0,0,0,0,0,0
2015-11-04 00:00:00,0,0,0,0,0,0,0,0,0,0
2015-11-05 00:00:00,0,0,0,0,0,0,0,0,0,0
2015-11-06 00:00:00,0,0,0,0,0,0,0,0,0,0
2015-11-07 00:00:00,0,0,0,0,0,0,0,0,0,0
2015-11-08 00:00:00,0,0,0,0,0,0,0,0,0,0
2015-11-09 00:00:00,0,0,0,0,0,0,0,0,0,0
2015-11-10 00:00:00,0,0,0,0,0,0,0,0,0,0
2015-11-11 00:00:00,0,0,0,0,0,0,0,0,0,0
2015-11-12 00:00:00,0,0,0,0,0,0,0,0,0,0
2015-11-13 00:00:00,0,0,0,0,0,0,0,0,0,0
2015-11-14 00:00:00,0,0,0,0,0,0,0,0,0,0
2015-11-15 00:00:00,0,0,0,0,0,0,0,0,0,0
2015-11-16 00:00:00,0,0,0,0,0,0,0,0,0,0
2015-11-17 00:00:00,0,0,0,0,0,0,0,0,0,0
2015-11-18 00:00:00,0,0,0,0,0,0,0,0,0,0
2015-11-19 00:00:00,0,0,0,0,0,0,0,0,0,0
2015-11-20 00:00:00,0,0,0,0,0,0,0,0,0,0
2015-11-21 00:00:00,0,0,0,0,0,0,0,0,0,0
2015-11-22 00:00:00,0,0,0,0,0,0,0,0,0,0
2015-11-23 00:00:00,0,0,0,0,0,0,0,0,0,0
2015-11-24 00:00:00,0,0,0,0,0,0,0,0,0,0
2015-11-25 00:00:00,0,0,0,0,0,0,0,0,0,0
2015-11-26 00:00:00,0,0,0,0,0,0,0,0,0,0
2015-11-27 00:00:00,0,0,0,0,0,0,0,0,0,0
2015-11-28 00:00:00,0,0,0,0,0,0,0,0,0,0
2015-11-29 00:00:00,0,0,0,0,0,0,0,0,0,0
2015-11-30 00:00:00,0,0,0,0,0,0,0,0,0,0
2015-12-01 00:00:00,0,0,0,0,0,0,0,0,0,0
2015-12-02 00:00:00,0,0,0,0,0,0,0,0,0,0
2015-12-03 00:00:00,0,0,0,0,0,0,0,0,0,0
2015-12-04 00:00:00,0,0,0,0,0,0,0,0,0,0
2015-12-05 00:00:00,0,0,0,0,0,0,0,0,0,0
2015-12-06 00:00:00,0,0,0,0,0,0,0,0,0,0
2015-12-07 00:00:00,0,0,0,0,0,0,0,0,0,0
2015-12-08 00:00:00,0,0,0,0,0,0,0,0,0,0
2015-12-09 00:00:00,0,0,0,0,0,0,0,0,0,0
2015-12-10 00:00:00,0,0,0,0,0,0,0,0,0,0
2015-12-11 00:00:00,0,0,0,0,0,0,0,0,0,0
2015-12-12 00:00:00,0,0,0,0,0,0,0,0,0,0
2015-12-13 00:00:00,0,0,0,0,0,0,0,0,0,0
2015-12-14 00:00:00,0,0,0,0,0,0,0,0,0,0
2015-12-15 00:00:00,0,0,0,0,0,0,0,0,0,0
2015-12-16 00:00:00,0,0,0,0,0,0,0,0,0,0
2015-12-17 00:00:00,0,0,0,0,0,0,0,0,0,0
2015-12-18 00:00:00,0,0,0,0,0,0,0,0,0,0
2015-12-19 00:00:00,0,0,0,0,0,0,0,0,0,0
2015-12-20 00:00:00,0,0,0,0,0,0,0,0,0,0
2015-12-21 00:00:00,0,0,0,0,0,0,0,0,0,0
2015-12-22 00:00:00,0,0,0,0,0,0,0,0,0,0
2015-12-23 00:00:00,0,0,0,0,0,0,0,0,0,0
2015-12-24 00:00:00,0,0,0,0,0,0,0,0,0,0
2015-12-25 00:00:00,0,0,0,0,0,0,0,0,0,0
2015-12-26 00:00:00,0,0,0,0,0,0,0,0,0,0
2015-12-27 00:00:00,0,0,0,0,0,0,0,0,0,0
2015-12-28 00:00:00,0,0,0,0,0,0,0,0,0,0
2015-12-29 00:00:00,0,0,0,0,0,0,0,0,0,0
2015-12-30 00:00:00,0,0,0,0,0,0,0,0,0,0
2015-12-31 00:00:00,0,0,0,0,0,0,0,0,0,0
2016-01-01 00:00:00,0,0,0,0,0,0,0,0,0,0
2016-01-02 00:00:00,0,0,0,0,0,0,0,0,0,0
2016-01-03 00:00:00,0,0,0,0,0,0,0,0,0,0
2016-01-04 00:00:00,0,0,0,0,0,0,0,0,0,0
2016-01-05 00:00:00,0,0,0,0,0,0,0,0,0,0
2016-01-06 00:00:00,0,0,0,0,0,0,0,0,0,0
2016-01-07 00:00:00,0,0,0,0,0,0,0,0,0,0
2016-01-08 00:00:00,0,0,0,0,0,0,0,0,0,0
2016-01-09 00:00:00,0,0,0,0,0,0,0,0,0,0
2016-01-10 00:00:00,0,0,0,0,0,0,0,0,0,0
2016-01-11 00:00:00,0,0,0,0,0,0,0,0,0,0
2016-01-12 00:00:00,0,0,0,0,0,0,0,0,0,0
2016-01-13 00:00:00,0,0,0,0,0,0,0,0,0,0
2016-01-14 00:00:00,0,0,0,0,0,0,0,0,0,0
2016-01-15 00:00:00,0,0,0,0,0,0,0,0,0,0
2016-01-16 00:00:00,0,0,0,0,0,0,0,0,0,0
2016-01-17 00:00:00,0,0,0,0,0,0,0,0,0,0
2016-01-18 00:00:00,0,0,0,0,0,0,0,0,0,0
2016-01-19 00:00:00,0,0,0,0,0,0,0,0,0,0
2016-01-20 00:00:00,0,0,0,0,0,0,0,0,0,0
2016-01-21 00:00:00,0,0,0,0,0,0,0,0,0,0
2016-01-22 00:00:00,0,0,0,0,0,0,0,0,0,0
2016-01-23 00:00:00,0,0,0,0,0,0,0,0,0,0
2016-01-24 00:00:00,0,0,0,0,0,0,0,0,0,0
2016-01-25 00:00:00,0,0,0,0,0,0,0,0,0,0
2016-01-26 00:00:00,0,0,0,0,0,0,0,0,0,0
2016-01-27 00:00:00,0,0,0,0,0,0,0,0,0,0
2016-01-28 00:00:00,0,0,0,0,0,0,0,0,0,0
2016-01-29 00:00:00,0,0,0,0,0,0,0,0,0,0
2016-01-30 00:00:00,0,0,0,0,0,0,0,0,0,0
2016-01-31 00:00:00,0,0,0,0,0,0,0,0,0,0
2016-02-01 00:00:00,0,0,0,0,0,0,0,0,0,0
2016-02-02 00:00:00,0,0,0,0,0,0,0,0,0,0
2016-02-03 00:00:00,0,0,0,0,0,0,0,0,0,0
2016-02-04 00:00:00,0,0,0,0,0,0,0,0,0,0
2016-02-05 00:00:00,0,0,0,0,0,0,0,0,0,0
2016-02-06 00:00:00,0,0,0,0,0,0,0,0,0,0
2016-02-07 00:00:00,0,0,0,0,0,0,0,0,0,0
2016-02-08 00:00:00,0,0,0,0,0,0,0,0,0,0
2016-02-09 00:00:00,0,0,0,0,0,0,0,0,0,0
2016-02-10 00:00:00,0,0,0,0,0,0,0,0,0,0
2016-02-11 00:00:00,0,0,0,0,0,0,0,0,0,0
2016-02-12 00:00:00,0,0,0,0,0,0,0,0,0,0
2016-02-13 00:00:00,0,0,0,0,0,0,0,0,0,0
2016-02-14 00:00:00,0,0,0,0,0,0,0,0,0,0
2016-02-15 00:00:00,0,0,0,0,0,0,0,0,0,0
2016-02-16 00:00:00,0,0,0,0,0,0,0,0,0,0
2016-02-17 00:00:00,0,0,0,0,0,0,0,0,0,0
2016-02-18 00:00:00,0,0,0,0,0,0,0,0,0,0
2016-02-19 00:00:00,0,0,0,0,0,0,0,0,0,0
2016-02-20 00:00:00,0,0,0,0,0,0,0,0,0,0
2016-02-21 00:00:00,0,0,0,0,0,0,0,0,0,0
2016-02-22 00:00:00,0,0,0,0,0,0,0,0,0,0
2016-02-23 00:00:00,0,0,0,0,0,0,0,0,0,0
2016-02-24 00:00:00,0,0,0,0,0,0,0,0,0,0
2016-02-25 00:00:00,0,0,0,0,0,0,0,0,0,0
2016-02-26 00:00:00,0,0,0,0,0,0,0,0,0,0
2016-02-27 00:00:00,0,0,0,0,0,0,0,0,0,0
2016-02-28 00:00:00,0,0,0,0,0,0,0,0,0,0
2016-02-29 00:00:00,0,0,0,0,0,0,0,0,0,0
2016-03-01 00:00:00,0,0,0,0,0,0,0,0,0,0
2016-03-02 00:00:00,0,0,0,0,0,0,0,0,0,0
2016-03-03 00:00:00,0,0,0,0,0,0,0,0,0,0
2016-03-04 00:00:00,0,0,0,0,0,0,0,0,0,0
2016-03-05 00:00:00,0,0,0,0,0,0,0,0,0,0
2016-03-06 00:00:00,0,0,0,0,0,0,0,0,0,0
2016-03-07 00:00:00,0,0,0,0,0,0,0,0,0,0
2016-03-08 00:00:00,0,0,0,0,0,0,0,0,0,0
2016-03-09 00:00:00,0,0,0,0,0,0,0,0,0,0
2016-03-10 00:00:00,0,0,0,0,0,0,0,0,0,0
2016-03-11 00:00:00,0,0,0,0,0,0,0,0,0,0
2016-03-12 00:00:00,0,0,0,0,0,0,0,0,0,0
2016-03-13 00:00:00,0,0,0,0,0,0,0,0,0,0
2016-03-14 00:00:00,0,0,0,0,0,0,0,0,0,0
2016-03-15 00:00:00,0,0,0,0,0,0,0,0,0,0
2016-03-16 00:00:00,0,0,0,0,0,0,0,0,0,0
2016-03-17 00:00:00,0,0,0,0,0,0,0,0,0,0
2016-03-18 00:00:00,0,0,0,0,0,0,0,0,0,0
2016-03-19 00:00:00,0,0,0,0,0,0,0,0,0,0
2016-03-20 00:00:00,0,0,0,0,0,0,0,0,0,0
2016-03-21 00:00:00,0,0,0,0,0,0,0,0,0,0
2016-03-22 00:00:00,0,0,0,0,0,0,0,0,0,0
2016-03-23 00:00:00,0,0,0,0,0,0,0,0,0,0
2016-03-24 00:00:00,0,0,0,0,0,0,0,0,0,0
2016-03-25 00:00:00,0,0,0,0,0,0,0,0,0,0
2016-03-26 00:00:00,0,0,0,0,0,0,0,0,0,0
2016-03-27 00:00:00,0,0,0,0,0,0,0,0,0,0
2016-03-28 00:00:00,0,0,0,0,0,0,0,0,0,0
2016-03-29 00:00:00,0,0,0,0,0,0,0,0,0,0
2016-03-30 00:00:00,0,0,0,0,0,0,0,0,0,0
2016-03-31 00:00:00,0,0,0,0,0,0,0,0,0,0
2016-04-01 00:00:00,0,0,0,0,0,0,0,0,0,0
2016-04-02 00:00:00,0,0,0,0,0,0,0,0,0,0
2016-04-03 00:00:00,0,0,0,0,0,0,0,0,0,0
2016-04-04 00:00:00,0,0,0,0,0,0,0,0,0,0
2016-04-05 00:00:00,0,0,0,0,0,0,0,0,0,0
2016-04-06 00:00:00,0,0,0,0,0,0,0,0,0,0
2016-04-07 00:00:00,0,0,0,0,0,0,0,0,0,0
2016-04-08 00:00:00,0,0,0,0,0,0,0,0,0,0
2016-04-09 00:00:00,0,0,0,0,0,0,0,0,0,0
2016-04-10 00:00:00,0,0,0,0,0,0,0,0,0,0
2016-04-11 00:00:00,0,0,0,0,0,0,0,0,0,0
2016-04-12 00:00:00,0,0,0,0,0,0,0,0,0,0
2016-04-13 00:00:00,0,0,0,0,0,0,0,0,0,0
2016-04-14 00:00:00,0,0,0,0,0,0,0,0,0,0
2016-04-15 00:00:00,0,0,0,0,0,0,0,0,0,0
2016-04-16 00:00:00,0,0,0,0,0,0,0,0,0,0
2016-04-17 00:00:00,0,0,0,0,0,0,0,0,0,0
2016-04-18 00:00:00,0,0,0,0,0,0,0,0,0,0
2016-04-19 00:00:00,0,0,0,0,0,0,0,0,0,0
2016-04-20 00:00:00,0,0,0,0,0,0,0,0,0,0
2016-04-21 00:00:00,0,0,0,0,0,0,0,0,0,0
2016-04-22 00:00:00,0,0,0,0,0,0,0,0,0,0
2016-04-23 00:00:00,0,0,0,0,0,0,0,0,0,0
2016-04-24 00:00:00,0,0,0,0,0,0,0,0,0,0
2016-04-25 00:00:00,0,0,0,0,0,0,0,0,0,0
2016-04-26 00:00:00,0,0,0,0,0,0,0,0,0,0
2016-04-27 00:00:00,0,0,0,0,0,0,0,0,0,0
2016-04-28 00:00:00,0,0,0,0,0,0,0,0,0,0
2016-04-29 00:00:00,0,0,0,0,0,0,0,0,0,0
2016-04-30 00:00:00,0,0,0,0,0,0,0,0,0,0
2016-05-01 00:00:00,0,0,0,0,0,0,0,0,0,0
2016-05-02 00:00:00,0,0,0,0,0,0,0,0,0,0
2016-05-03 00:00:00,0,0,0,0,0,0,0,0,0,0
2016-05-04 00:00:00,0,0,0,0,0,0,0,0,0,0
2016-05-05 00:00:00,0,0,0,0,0,0,0,0,0,0
2016-05-06 00:00:00,0,0,0,0,0,0,0,0,0,0
2016-05-07 00:00:00,0,0,0,0,0,0,0,0,0,0
2016-05-08 00:00:00,0,0,0,0,0,0,0,0,0,0
2016-05-09 00:00:00,0,0,0,0,0,0,0,0,0,0
2016-05-10 00:00:00,0,0,0,0,0,0,0,0,0,0
2016-05-11 00:00:00,0,0,0,0,0,0,0,0,0,0
2016-05-12 00:00:00,0,0,0,0,0,0,0,0,0,0
2016-05-13 00:00:00,0,0,0,0,0,0,0,0,0,0
2016-05-14 00:00:00,0,0,0,0,0,0,0,0,0,0
2016-05-15 00:00:00,0,0,0,0,0,0,0,0,0,0
2016-05-16 00:00:00,0,0,0,0,0,0,0,0,0,0
2016-05-17 00:00:00,0,0,0,0,0,0,0,0,0,0
2016-05-18 00:00:00,0,0,0,0,0,0,0,0,0,0
2016-05-19 00:00:00,0,0,0,0,0,0,0,0,0,0
2016-05-20 00:00:00,0,0,0,0,0,0,0,0,0,0
2016-05-21 00:00:00,0,0,0,0,0,0,0,0,0,0
2016-05-22 00:00:00,0,0,0,0,0,0,0,0,0,0
2016-05-23 00:00:00,0,0,0,0,0,0,0,0,0,0
2016-05-24 00:00:00,0,0,0,0,0,0,0,0,0,0
2016-05-25 00:00:00,0,0,0,0,0,0,0,0,0,0
2016-05-26 00:00:00,0,0,0,0,0,0,0,0,0,0
2016-05-27 00:00:00,0,0,0,0,0,0,0,0,0,0
2016-05-28 00:00:00,0,0,0,0,0,0,0,0,0,0
2016-05-29 00:00:00,0,0,0,0,0,0,0,0,0,0
2016-05-30 00:00:00,0,0,0,0,0,0,0,0,0,0
2016-05-31 00:00:00,0,0,0,0,0,0,0,0,0,0
2016-06-01 00:00:00,0,0,0,0,0,0,0,0,0,0
2016-06-02 00:00:00,0,0,0,0,0,0,0,0,0,0
2016-06-03 00:00:00,0,0,0,0,0,0,0,0,0,0
2016-06-04 00:00:00,0,0,0,0,0,0,0,0,0,0
2016-06-05 00:00:00,0,0,0,0,0,0,0,0,0,0
2016-06-06 00:00:00,0,0,0,0,0,0,0,0,0,0
2016-06-07 00:00:00,0,0,0,0,0,0,0,0,0,0
2016-06-08 00:00:00,0,0,0,0,0,0,0,0,0,0
2016-06-09 00:00:00,0,0,0,0,0,0,0,0,0,0
2016-06-10 00:00:00,0,0,0,0,0,0,0,0,0,0
2016-06-11 00:00:00,0,0,0,0,0,0,0,0,0,0
2016-06-12 00:00:00,0,0,0,0,0,0,0,0,0,0
2016-06-13 00:00:00,0,0,0,0,0,0,0,0,0,0
2016-06-14 00:00:00,0,0,0,0,0,0,0,0,0,0
2016-06-15 00:00:00,0,0,0,0,0,0,0,0,0,0
2016-06-16 00:00:00,0,0,0,0,0,0,0,0,0,0
2016-06-17 00:00:00,0,0,0,0,0,0,0,0,0,0
2016-06-18 00:00:00,0,0,0,0,0,0,0,0,0,0
2016-06-19 00:00:00,0,0,0,0,0,0,0,0,0,0
2016-06-20 00:00:00,0,0,0,0,0,0,0,0,0,0
2016-06-21 00:00:00,0,0,0,0,0,0,0,0,0,0
2016-06-22 00:00:00,0,0,0,0,0,0,0,0,0,0
2016-06-23 00:00:00,0,0,0,0,0,0,0,0,0,0
2016-06-24 00:00:00,0,0,0,0,0,0,0,0,0,0
2016-06-25 00:00:00,0,0,0,0,0,0,0,0,0,0
2016-06-26 00:00:00,0,0,0,0,0,0,0,0,0,0
2016-06-27 00:00:00,0,0,0,0,0,0,0,0,0,0
2016-06-28 00:00:00,0,0,0,0,0,0,0,0,0,0
2016-06-29 00:00:00,0,0,0,0,0,0,0,0,0,0
2016-06-30 00:00:00,0,0,0,0,0,0,0,0,0,0
2016-07-01 00:00:00,0,0,0,0,0,0,0,0,0,0
2016-07-02 00:00:00,0,0,0,0,0,0,0,0,0,0
2016-07-03 00:00:00,0,0,0,0,0,0,0,0,0,0
2016-07-04 00:00:00,0,0,0,0,0,0,0,0,0,0
2016-07-05 00:00:00,0,0,0,0,0,0,0,0,0,0
2016-07-06 00:00:00,0,0,0,0,0,0,0,0,0,0
2016-07-07 00:00:00,0,0,0,0,0,0,0,0,0,0
2016-07-08 00:00:00,0,0,0,0,0,0,0,0,0,0
2016-07-09 00:00:00,0,0,0,0,0,0,0,0,0,0
2016-07-10 00:00:00,0,0,0,0,0,0,0,0,0,0
2016-07-11 00:00:00,0,0,0,0,0,0,0,0,0,0
2016-07-12 00:00:00,0,0,0,0,0,0,0,0,0,0
2016-07-13 00:00:00,0,0,0,0,0,0,0,0,0,0
2016-07-14 00:00:00,0,0,0,0,0,0,0,0,0,0
2016-07-15 00:00:00,0,0,0,0,0,0,0,0,0,0
2016-07-16 00:00:00,0,0,0,0,0,0,0,0,0,0
2016-07-17 00:00:00,0,0,0,0,0,0,0,0,0,0
2016-07-18 00:00:00,0,0,0,0,0,0,0,0,0,0
2016-07-19 00:00:00,0,0,0,0,0,0,0,0,0,0
2016-07-20 00:00:00,0,0,0,0,0,0,0,0,0,0
2016-07-21 00:00:00,0,0,0,0,0,0,0,0,0,0
2016-07-22 00:00:00,0,0,0,0,0,0,0,0,0,0
2016-07-23 00:00:00,0,0,0,0,0,0,0,0,0,0
2016-07-24 00:00:00,0,0,0,0,0,0,0,0,0,0
2016-07-25 00:00:00,0,0,0,0,0,0,0,0,0,0
2016-07-26 00:00:00,0,0,0,0,0,0,0,0,0,0
2016-07-27 00:00:00,0,0,0,0,0,0,0,0,0,0
2016-07-28 00:00:00,0,0,0,0,0,0,0,0,0,0
2016-07-29 00:00:00,0,0,0,0,0,0,0,0,0,0
2016-07-30 00:00:00,0,0,0,0,0,0,0,0,0,0
2016-07-31 00:00:00,0,0,0,0,0,0,0,0,0,0
2016-08-01 00:00:00,0,0,0,0,0,0,0,0,0,0
2016-08-02 00:00:00,0,0,0,0,0,0,0,0,0,0
2016-08-03 00:00:00,0,0,0,0,0,0,0,0,0,0
2016-08-04 00:00:00,0,0,0,0,0,0,0,0,0,0
2016-08-05 00:00:00,0,0,0,0,0,0,0,0,0,0
2016-08-06 00:00:00,0,0,0,0,0,0,0,0,0,0
2016-08-07 00:00:00,0,0,0,0,0,0,0,0,0,0
2016-08-08 00:00:00,0,0,0,0,0,0,0,0,0,0
2016-08-09 00:00:00,0,0,0,0,0,0,0,0,0,0
2016-08-10 00:00:00,0,0,0,0,0,0,0,0,0,0
2016-08-11 00:00:00,0,0,0,0,0,0,0,0,0,0
2016-08-12 00:00:00,0,0,0,0,0,0,0,0,0,0
2016-08-13 00:00:00,0,0,0,0,0,0,0,0,0,0
2016-08-14 00:00:00,0,0,0,0,0,0,0,0,0,0
2016-08-15 00:00:00,0,0,0,0,0,0,0,0,0,0
2016-08-16 00:00:00,0,0,0,0,0,0,0,0,0,0
2016-08-17 00:00:00,0,0,0,0,0,0,0,0,0,0
2016-08-18 00:00:00,0,0,0,0,0,0,0,0,0,0
2016-08-19 00:00:00,0,0,0,0,0,0,0,0,0,0
2016-08-20 00:00:00,0,0,0,0,0,0,0,0,0,0
2016-08-21 00:00:00,0,0,0,0,0,0,0,0,0,0
2016-08-22 00:00:00,0,0,0,0,0,0,0,0,0,0
2016-08-23 00:00:00,0,0,0,0,0,0,0,0,0,0
2016-08-24 00:00:00,0,0,0,0,0,0,0,0,0,0
2016-08-25 00:00:00,0,0,0,0,0,0,0,0,0,0
2016-08-26 00:00:00,0,0,0,0,0,0,0,0,0,0
2016-08-27 00:00:00,0,0,0,0,0,0,0,0,0,0
2016-08-28 00:00:00,0,0,0,0,0,0,0,0,0,0
2016-08-29 00:00:00,0,0,0,0,0,0,0,0,0,0
2016-08-30 00:00:00,0,0,0,0,0,0,0,0,0,0
2016-08-31 00:00:00,0,0,0,0,0,0,0,0,0,0
2016-09-01 00:00:00,0,0,0,0,0,0,0,0,0,0
2016-09-02 00:00:00,0,0,0,0,0,0,0,0,0,0
2016-09-03 00:00:00,0,0,0,0,0,0,0,0,0,0
2016-09-04 00:00:00,0,0,0,0,0,0,0,0,0,0
2016-09-05 00:00:00,0,0,0,0,0,0,0,0,0,0
2016-09-06 00:00:00,0,0,0,0,0,0,0,0,0,0
2016-09-07 00:00:00,0,0,0,0,0,0,0,0,0,0
2016-09-08 00:00:00,0,0,0,0,0,0,0,0,0,0
2016-09-09 00:00:00,0,0,0,0,0,0,0,0,0,0
2016-09-10 00:00:00,0,0,0,0,0,0,0,0,0,0
2016-09-11 00:00:00,0,0,0,0,0,0,0,0,0,0
2016-09-12 00:00:00,0,0,0,0,0,0,0,0,0,0
2016-09-13 00:00:00,0,0,0,0,0,0,0,0,0,0
2016-09-14 00:00:00,0,0,0,0,0,0,0,0,0,0
2016-09-15 00:00:00,0,0,0,0,0,0,0,0,0,0
2016-09-16 00:00:00,0,0,0,0,0,0,0,0,0,0
2016-09-17 00:00:00,0,0,0,0,0,0,0,0,0,0
2016-09-18 00:00:00,0,0,0,0,0,0,0,0,0,0
2016-09-19 00:00:00,0,0,0,0,0,0,0,0,0,0
2016-09-20 00:00:00,0,0,0,0,0,0,0,0,0,0
2016-09-21 00:00:00,0,0,0,0,0,0,0,0,0,0
2016-09-22 00:00:00,0,0,0,0,0,0,0,0,0,0
2016-09-23 00:00:00,0,0,0,0,0,0,0,0,0,0
2016-09-24 00:00:00,0,0,0,0,0,0,0,0,0,0
2016-09-25 00:00:00,0,0,0,0,0,0,0,0,0,0
2016-09-26 00:00:00,0,0,0,0,0,0,0,0,0,0
2016-09-27 00:00:00,0,0,0,0,0,0,0,0,0,0
2016-09-28 00:00:00,0,0,0,0,0,0,0,0,0,0
2016-09-29 00:00:00,0,0,0,0,0,0,0,0,0,0
2016-09-30 00:00:00,0,0,0,0,0,0,0,0,0,0
2016-10-01 00:00:00,0,0,0,0,0,0,0,0,0,0
2016-10-02 00:00:00,0,0,0,0,0,0,0,0,0,0
2016-10-03 00:00:00,0,0,0,0,0,0,0,0,0,0
2016-10-04 00:00:00,0,0,0,0,0,0,0,0,0,0
2016-10-05 00:00:00,0,0,0,0,0,0,0,0,0,0
2016-10-06 00:00:00,0,0,0,0,0,0,0,0,0,0
2016-10-07 00:00:00,0,0,0,0,0,0,0,0,0,0
2016-10-08 00:00:00,0,0,0,0,0,0,0,0,0,0
2016-10-09 00:00:00,0,0,0,0,0,0,0,0,0,0
2016-10-10 00:00:00,0,0,0,0,0,0,0,0,0,0
2016-10-11 00:00:00,0,0,0,0,0,0,0,0,0,0
2016-10-12 00:00:00,0,0,0,0,0,0,0,0,0,0
2016-10-13 00:00:00,0,0,0,0,0,0,0,0,0,0
2016-10-14 00:00:00,0,0,0,0,0,0,0,0,0,0
2016-10-15 00:00:00,0,0,0,0,0,0,0,0,0,0
2016-10-16 00:00:00,0,0,0,0,0,0,0,0,0,0
2016-10-17 00:00:00,0,0,0,0,0,0,0,0,0,0
2016-10-18 00:00:00,0,0,0,0,0,0,0,0,0,0
2016-10-19 00:00:00,0,0,0,0,0,0,0,0,0,0
2016-10-20 00:00:00,0,0,0,0,0,0,0,0,0,0
2016-10-21 00:00:00,0,0,0,0,0,0,0,0,0,0
2016-10-22 00:00:00,0,0,0,0,0,0,0,0,0,0
2016-10-23 00:00:00,0,0,0,0,0,0,0,0,0,0
2016-10-24 00:00:00,0,0,0,0,0,0,0,0,0,0
2016-10-25 00:00:00,0,0,0,0,0,0,0,0,0,0
2016-10-26 00:00:00,0,0,0,0,0,0,0,0,0,0
2016-10-27 00:00:00,0,0,0,0,0,0,0,0,0,0
2016-10-28 00:00:00,0,0,0,0,0,0,0,0,0,0
2016-10-29 00:00:00,0,0,0,0,0,0,0,0,0,0
2016-10-30 00:00:00,0,0,0,0,0,0,0,0,0,0
2016-10-31 00:00:00,0,0,0,0,0,0,0,0,0,0
2016-11-01 00:00:00,0,0,0,0,0,0,0,0,0,0
2016-11-02 00:00:00,0,0,0,0,0,0,0,0,0,0
2016-11-03 00:00:00,0,0,0,0,0,0,0,0,0,0
2016-11-04 00:00:00,0,0,0,0,0,0,0,0,0,0
2016-11-05 00:00:00,0,0,0,0,0,0,0,0,0,0
2016-11-06 00:00:00,0,0,0,0,0,0,0,0,0,0
2016-11-07 00:00:00,0,0,0,0,0,0,0,0,0,0
2016-11-08 00:00:00,0,0,0,0,0,0,0,0,0,0
2016-11-09 00:00:00,0,0,0,0,0,0,0,0,0,0
2016-11-10 00:00:00,0,0,0,0,0,0,0,0,0,0
2016-11-11 00:00:00,0,0,0,0,0,0,0,0,0,0
2016-11-12 00:00:00,0,0,0,0,0,0,0,0,0,0
2016-11-13 00:00:00,0,0,0,0,0,0,0,0,0,0
2016-11-14 00:00:00,0,0,0,0,0,0,0,0,0,0
2016-11-15 00:00:00,0,0,0,0,0,0,0,0,0,0
2016-11-16 00:00:00,0,0,0,0,0,0,0,0,0,0
2016-11-17 00:00:00,0,0,0,0,0,0,0,0,0,0
2016-11-18 00:00:00,0,0,0,0,0,0,0,0,0,0
2016-11-19 00:00:00,0,0,0,0,0,0,0,0,0,0
2016-11-20 00:00:00,0,0,0,0,0,0,0,0,0,0
2016-11-21 00:00:00,0,0,0,0,0,0,0,0,0,0
2016-11-22 00:00:00,0,0,0,0,0,0,0,0,0,0
2016-11-23 00:00:00,0,0,0,0,0,0,0,0,0,0
2016-11-24 00:00:00,0,0,0,0,0,0,0,0,0,0
2016-11-25 00:00:00,0,0,0,0,0,0,0,0,0,0
2016-11-26 00:00:00,0,0,0,0,0,0,0,0,0,0
2016-11-27 00:00:00,0,0,0,0,0,0,0,0,0,0
2016-11-28 00:00:00,0,0,0,0,0,0,0,0,0,0
2016-11-29 00:00:00,0,0,0,0,0,0,0,0,0,0
2016-11-30 00:00:00,0,0,0,0,0,0,0,0,0,0
2016-12-01 00:00:00,0,0,0,0,0,0,0,0,0,0
2016-12-02 00:00:00,0,0,0,0,0,0,0,0,0,0
2016-12-03 00:00:00,0,0,0,0,0,0,0,0,0,0
2016-12-04 00:00:00,0,0,0,0,0,0,0,0,0,0
2016-12-05 00:00:00,0,0,0,0,0,0,0,0,0,0
2016-12-06 00:00:00,0,0,0,0,0,0,0,0,0,0
2016-12-07 00:00:00,0,0,0,0,0,0,0,0,0,0
2016-12-08 00:00:00,0,0,0,0,0,0,0,0,0,0
2016-12-09 00:00:00,0,0,0,0,0,0,0,0,0,0
2016-12-10 00:00:00,0,0,0,0,0,0,0,0,0,0
2016-12-11 00:00:00,0,0,0,0,0,0,0,0,0,0
2016-12-12 00:00:00,0,0,0,0,0,0,0,0,0,0
2016-12-13 00:00:00,0,0,0,0,0,0,0,0,0,0
2016-12-14 00:00:00,0,0,0,0,0,0,0,0,0,0
2016-12-15 00:00:00,0,0,0,0,0,0,0,0,0,0
2016-12-16 00:00:00,0,0,0,0,0,0,0,0,0,0
2016-12-17 00:00:00,0,0,0,0,0,0,0,0,0,0
2016-12-18 00:00:00,0,0,0,0,0,0,0,0,0,0
2016-12-19 00:00:00,0,0,0,0,0,0,0,0,0,0
2016-12-20 00:00:00,0,0,0,0,0,0,0,0,0,0
2016-12-21 00:00:00,0,0,0,0,0,0,0,0,0,0
2016-12-22 00:00:00,0,0,0,0,0,0,0,0,0,0
2016-12-23 00:00:00,0,0,0,0,0,0,0,0,0,0
2016-12-24 00:00:00,0,0,0,0,0,0,0,0,0,0
2016-12-25 00:00:00,0,0,0,0,0,0,0,0,0,0
2016-12-26 00:00:00,0,0,0,0,0,0,0,0,0,0
2016-12-27 00:00:00,0,0,0,0,0,0,0,0,0,0
2016-12-28 00:00:00,0,0,0,0,0,0,0,0,0,0
2016-12-29 00:00:00,0,0,0,0,0,0,0,0,0,0
2016-12-30 00:00:00,0,0,0,0,0,0,0,0,0,0
2016-12-31 00:00:00,0,0,0,0,0,0,0,0,0,0
2017-01-01 00:00:00,0,0,0,0,0,0,0,0,0,0
2017-01-02 00:00:00,0,0,0,0,0,0,0,0,0,0
2017-01-03 00:00:00,0,0,0,0,0,0,0,0,0,0
2017-01-04 00:00:00,0,0,0,0,0,0,0,0,0,0
2017-01-05 00:00:00,0,0,0,0,0,0,0,0,0,0
2017-01-06 00:00:00,0,0,0,0,0,0,0,0,0,0
2017-01-07 00:00:00,0,0,0,0,0,0,0,0,0,0
2017-01-08 00:00:00,0,0,0,0,0,0,0,0,0,0
2017-01-09 00:00:00,0,0,0,0,0,0,0,0,0,0
2017-01-10 00:00:00,0,0,0,0,0,0,0,0,0,0
2017-01-11 00:00:00,0,0,0,0,0,0,0,0,0,0
2017-01-12 00:00:00,0,0,0,0,0,0,0,0,0,0
2017-01-13 00:00:00,0,0,0,0,0,0,0,0,0,0
2017-01-14 00:00:00,0,0,0,0,0,0,0,0,0,0
2017-01-15 00:00:00,0,0,0,0,0,0,0,0,0,0
2017-01-16 00:00:00,0,0,0,0,0,0,0,0,0,0
2017-01-17 00:00:00,0,0,0,0,0,0,0,0,0,0
2017-01-18 00:00:00,0,0,0,0,0,0,0,0,0,0
2017-01-19 00:00:00,0,0,0,0,0,0,0,0,0,0
2017-01-20 00:00:00,0,0,0,0,0,0,0,0,0,0
2017-01-21 00:00:00,0,0,0,0,0,0,0,0,0,0
2017-01-22 00:00:00,0,0,0,0,0,0,0,0,0,0
2017-01-23 00:00:00,0,0,0,0,0,0,0,0,0,0
2017-01-24 00:00:00,0,0,0,0,0,0,0,0,0,0
2017-01-25 00:00:00,0,0,0,0,0,0,0,0,0,0
2017-01-26 00:00:00,0,0,0,0,0,0,0,0,0,0
2017-01-27 00:00:00,0,0,0,0,0,0,0,0,0,0
2017-01-28 00:00:00,0,0,0,0,0,0,0,0,0,0
2017-01-29 00:00:00,0,0,0,0,0,0,0,0,0,0
2017-01-30 00:00:00,0,0,0,0,0,0,0,0,0,0
2017-01-31 00:00:00,0,0,0,0,0,0,0,0,0,0
2017-02-01 00:00:00,0,0,0,0,0,0,0,0,0,0
2017-02-02 00:00:00,0,0,0,0,0,0,0,0,0,0
2017-02-03 00:00:00,0,0,0,0,0,0,0,0,0,0
2017-02-04 00:00:00,0,0,0,0,0,0,0,0,0,0
2017-02-05 00:00:00,0,0,0,0,0,0,0,0,0,0
2017-02-06 00:00:00,0,0,0,0,0,0,0,0,0,0
2017-02-07 00:00:00,0,0,0,0,0,0,0,0,0,0
2017-02-08 00:00:00,0,0,0,0,0,0,0,0,0,0
2017-02-09 00:00:00,0,0,0,0,0,0,0,0,0,0
2017-02-10 00:00:00,0,0,0,0,0,0,0,0,0,0
2017-02-11 00:00:00,0,0,0,0,0,0,0,0,0,0
2017-02-12 00:00:00,0,0,0,0,0,0,0,0,0,0
2017-02-13 00:00:00,0,0,0,0,0,0,0,0,0,0
2017-02-14 00:00:00,0,0,0,0,0,0,0,0,0,0
2017-02-15 00:00:00,0,0,0,0,0,0,0,0,0,0
2017-02-16 00:00:00,0,0,0,0,0,0,0,0,0,0
2017-02-17 00:00:00,0,0,0,0,0,0,0,0,0,0
2017-02-18 00:00:00,0,0,0,0,0,0,0,0,0,0
2017-02-19 00:00:00,0,0,0,0,0,0,0,0,0,0
2017-02-20 00:00:00,0,0,0,0,0,0,0,0,0,0
2017-02-21 00:00:00,0,0,0,0,0,0,0,0,0,0
2017-02-22 00:00:00,0,0,0,0,0,0,0,0,0,0
2017-02-23 00:00:00,0,0,0,0,0,0,0,0,0,0
2017-02-24 00:00:00,0,0,0,0,0,0,0,0,0,0
2017-02-25 00:00:00,0,0,0,0,0,0,0,0,0,0
2017-02-26 00:00:00,0,0,0,0,0,0,0,0,0,0
2017-02-27 00:00:00,0,0,0,0,0,0,0,0,0,0
2017-02-28 00:00:00,0,0,0,0,0,0,0,0,0,0
2017-03-01 00:00:00,0,0,0,0,0,0,0,0,0,0
2017-03-02 00:00:00,0,0,0,0,0,0,0,0,0,0
2017-03-03 00:00:00,0,0,0,0,0,0,0,0,0,0
2017-03-04 00:00:00,0,0,0,0,0,0,0,0,0,0
2017-03-05 00:00:00,0,0,0,0,0,0,0,0,0,0
2017-03-06 00:00:00,0,0,0,0,0,0,0,0,0,0
2017-03-07 00:00:00,0,0,0,0,0,0,0,0,0,0
2017-03-08 00:00:00,0,0,0,0,0,0,0,0,0,0
2017-03-09 00:00:00,0,0,0,0,0,0,0,0,0,0
2017-03-10 00:00:00,0,0,0,0,0,0,0,0,0,0
2017-03-11 00:00:00,0,0,0,0,0,0,0,0,0,0
2017-03-12 00:00:00,0,0,0,0,0,0,0,0,0,0
2017-03-13 00:00:00,0,0,0,0,0,0,0,0,0,0
2017-03-14 00:00:00,0,0,0,0,0,0,0,0,0,0
2017-03-15 00:00:00,0,0,0,0,0,0,0,0,0,0
2017-03-16 00:00:00,0,0,0,0,0,0,0,0,0,0
2017-03-17 00:00:00,0,0,0,0,0,0,0,0,0,0
2017-03-18 00:00:00,0,0,0,0,0,0,0,0,0,0
2017-03-19 00:00:00,0,0,0,0,0,0,0,0,0,0
2017-03-20 00:00:00,0,0,0,0,0,0,0,0,0,0
2017-03-21 00:00:00,0,0,0,0,0,0,0,0,0,0
2017-03-22 00:00:00,0,0,0,0,0,0,0,0,0,0
2017-03-23 00:00:00,0,0,0,0,0,0,0,0,0,0
2017-03-24 00:00:00,0,0,0,0,0,0,0,0,0,0
2017-03-25 00:00:00,0,0,0,0,0,0,0,0,0,0
2017-03-26 00:00:00,0,0,0,0,0,0,0,0,0,0
2017-03-27 00:00:00,0,0,0,0,0,0,0,0,0,0
2017-03-28 00:00:00,0,0,0,0,0,0,0,0,0,0
2017-03-29 00:00:00,0,0,0,0,0,0,0,0,0,0
2017-03-30 00:00:00,0,0,0,0,0,0,0,0,0,0
2017-03-31 00:00:00,0,0,0,0,0,0,0,0,0,0
2017-04-01 00:00:00,0,0,0,0,0,0,0,0,0,0
2017-04-02 00:00:00,0,0,0,0,0,0,0,0,0,0
2017-04-03 00:00:00,0,0,0,0,0,0,0,0,0,0
2017-04-04 00:00:00,0,0,0,0,0,0,0,0,0,0
2017-04-05 00:00:00,0,0,0,0,0,0,0,0,0,0
2017-04-06 00:00:00,0,0,0,0,0,0,0,0,0,0
2017-04-07 00:00:00,0,0,0,0,0,0,0,0,0,0
2017-04-08 00:00:00,0,0,0,0,0,0,0,0,0,0
2017-04-09 00:00:00,0,0,0,0,0,0,0,0,0,0
2017-04-10 00:00:00,0,0,0,0,0,0,0,0,0,0
2017-04-11 00:00:00,0,0,0,0,0,0,0,0,0,0
2017-04-12 00:00:00,0,0,0,0,0,0,0,0,0,0
2017-04-13 00:00:00,0,0,0,0,0,0,0,0,0,0
2017-04-14 00:00:00,0,0,0,0,0,0,0,0,0,0
2017-04-15 00:00:00,0,0,0,0,0,0,0,0,0,0
2017-04-16 00:00:00,0,0,0,0,0,0,0,0,0,0
2017-04-17 00:00:00,0,0,0,0,0,0,0,0,0,0
2017-04-18 00:00:00,0,0,0,0,0,0,0,0,0,0
2017-04-19 00:00:00,0,0,0,0,0,0,0,0,0,0
2017-04-20 00:00:00,0,0,0,0,0,0,0,0,0,0
2017-04-21 00:00:00,0,0,0,0,0,0,0,0,0,0
2017-04-22 00:00:00,0,0,0,0,0,0,0,0,0,0
2017-04-23 00:00:00,0,0,0,0,0,0,0,0,0,0
2017-04-24 00:00:00,0,0,0,0,0,0,0,0,0,0
2017-04-25 00:00:00,0,0,0,0,0,0,0,0,0,0
2017-04-26 00:00:00,0,0,0,0,0,0,0,0,0,0
2017-04-27 00:00:00,0,0,0,0,0,0,0,0,0,0
2017-04-28 00:00:00,0,0,0,0,0,0,0,0,0,0
2017-04-29 00:00:00,0,0,0,0,0,0,0,0,0,0
2017-04-30 00:00:00,0,0,0,0,0,0,0,0,0,0
2017-05-01 00:00:00,0,0,0,0,0,0,0,0,0,0
2017-05-02 00:00:00,0,0,0,0,0,0,0,0,0,0
2017-05-03 00:00:00,0,0,0,0,0,0,0,0,0,0
2017-05-04 00:00:00,0,0,0,0,0,0,0,0,0,0
2017-05-05 00:00:00,0,0,0,0,0,0,0,0,0,0
2017-05-06 00:00:00,0,0,0,0,0,0,0,0,0,0
2017-05-07 00:00:00,0,0,0,0,0,0,0,0,0,0
2017-05-08 00:00:00,0,0,0,0,0,0,0,0,0,0
2017-05-09 00:00:00,0,0,0,0,0,0,0,0,0,0
2017-05-10 00:00:00,0,0,0,0,0,0,0,0,0,0
2017-05-11 00:00:00,0,0,0,0,0,0,0,0,0,0
2017-05-12 00:00:00,0,0,0,0,0,0,0,0,0,0
2017-05-13 00:00:00,0,0,0,0,0,0,0,0,0,0
2017-05-14 00:00:00,0,0,0,0,0,0,0,0,0,0
2017-05-15 00:00:00,0,0,0,0,0,0,0,0,0,0
2017-05-16 00:00:00,0,0,0,0,0,0,0,0,0,0
2017-05-17 00:00:00,0,0,0,0,0,0,0,0,0,0
2017-05-18 00:00:00,0,0,0,0,0,0,0,0,0,0
2017-05-19 00:00:00,0,0,0,0,0,0,0,0,0,0
2017-05-20 00:00:00,0,0,0,0,0,0,0,0,0,0
2017-05-21 00:00:00,0,0,0,0,0,0,0,0,0,0
2017-05-22 00:00:00,0,0,0,0,0,0,0,0,0,0
2017-05-23 00:00:00,0,0,0,0,0,0,0,0,0,0
2017-05-24 00:00:00,0,0,0,0,0,0,0,0,0,0
2017-05-25 00:00:00,0,0,0,0,0,0,0,0,0,0
2017-05-26 00:00:00,0,0,0,0,0,0,0,0,0,0
2017-05-27 00:00:00,0,0,0,0,0,0,0,0,0,0
2017-05-28 00:00:00,0,0,0,0,0,0,0,0,0,0
2017-05-29 00:00:00,0,0,0,0,0,0,0,0,0,0
2017-05-30 00:00:00,0,0,0,0,0,0,0,0,0,0
2017-05-31 00:00:00,0,0,0,0,0,0,0,0,0,0
2017-06-01 00:00:00,0,0,0,0,0,0,0,0,0,0
2017-06-02 00:00:00,0,0,0,0,0,0,0,0,0,0
2017-06-03 00:00:00,0,0,0,0,0,0,0,0,0,0
2017-06-04 00:00:00,0,0,0,0,0,0,0,0,0,0
2017-06-05 00:00:00,0,0,0,0,0,0,0,0,0,0
2017-06-06 00:00:00,0,0,0,0,0,0,0,0,0,0
2017-06-07 00:00:00,0,0,0,0,0,0,0,0,0,0
2017-06-08 00:00:00,0,0,0,0,0,0,0,0,0,0
2017-06-09 00:00:00,0,0,0,0,0,0,0,0,0,0
2017-06-10 00:00:00,0,0,0,0,0,0,0,0,0,0
2017-06-11 00:00:00,0,0,0,0,0,0,0,0,0,0
2017-06-12 00:00:00,0,0,0,0,0,0,0,0,0,0
2017-06-13 00:00:00,0,0,0,0,0,0,0,0,0,0
2017-06-14 00:00:00,0,0,0,0,0,0,0,0,0,0
2017-06-15 00:00:00,0,0,0,0,0,0,0,0,0,0
2017-06-16 00:00:00,0,0,0,0,0,0,0,0,0,0
2017-06-17 00:00:00,0,0,0,0,0,0,0,0,0,0
2017-06-18 00:00:00,0,0,0,0,0,0,0,0,0,0
2017-06-19 00:00:00,0,0,0,0,0,0,0,0,0,0
2017-06-20 00:00:00,0,0,0,0,0,0,0,0,0,0
2017-06-21 00:00:00,0,0,0,0,0,0,0,0,0,0
2017-06-22 00:00:00,0,0,0,0,0,0,0,0,0,0
2017-06-23 00:00:00,0,0,0,0,0,0,0,0,0,0
2017-06-24 00:00:00,0,0,0,0,0,0,0,0,0,0
2017-06-25 00:00:00,0,0,0,0,0,0,0,0,0,0
2017-06-26 00:00:00,0,0,0,0,0,0,0,0,0,0
2017-06-27 00:00:00,0,0,0,0,0,0,0,0,0,0
2017-06-28 00:00:00,0,0,0,0,0,0,0,0,0,0
2017-06-29 00:00:00,0,0,0,0,0,0,0,0,0,0
2017-06-30 00:00:00,0,0,0,0,0,0,0,0,0,0
2017-07-01 00:00:00,0,0,0,0,0,0,0,0,0,0
2017-07-02 00:00:00,0,0,0,0,0,0,0,0,0,0
2017-07-03 00:00:00,0,0,0,0,0,0,0,0,0,0
2017-07-04 00:00:00,0,0,0,0,0,0,0,0,0,0
2017-07-05 00:00:00,0,0,0,0,0,0,0,0,0,0
2017-07-06 00:00:00,0,0,0,0,0,0,0,0,0,0
2017-07-07 00:00:00,0,0,0,0,0,0,0,0,0,0
2017-07-08 00:00:00,0,0,0,0,0,0,0,0,0,0
2017-07-09 00:00:00,0,0,0,0,0,0,0,0,0,0
2017-07-10 00:00:00,0,0,0,0,0,0,0,0,0,0
2017-07-11 00:00:00,0,0,0,0,0,0,0,0,0,0
2017-07-12 00:00:00,0,0,0,0,0,0,0,0,0,0
2017-07-13 00:00:00,0,0,0,0,0,0,0,0,0,0
2017-07-14 00:00:00,0,0,0,0,0,0,0,0,0,0
2017-07-15 00:00:00,0,0,0,0,0,0,0,0,0,0
2017-07-16 00:00:00,0,0,0,0,0,0,0,0,0,0
2017-07-17 00:00:00,0,0,0,0,0,0,0,0,0,0
2017-07-18 00:00:00,0,0,0,0,0,0,0,0,0,0
2017-07-19 00:00:00,0,0,0,0,0,0,0,0,0,0
2017-07-20 00:00:00,0,0,0,0,0,0,0,0,0,0
2017-07-21 00:00:00,0,0,0,0,0,0,0,0,0,0
2017-07-22 00:00:00,0,0,0,0,0,0,0,0,0,0
2017-07-23 00:00:00,0,0,0,0,0,0,0,0,0,0
2017-07-24 00:00:00,0,0,0,0,0,0,0,0,0,0
2017-07-25 00:00:00,0,0,0,0,0,0,0,0,0,0
2017-07-26 00:00:00,0,0,0,0,0,0,0,0,0,0
2017-07-27 00:00:00,0,0,0,0,0,0,0,0,0,0
2017-07-28 00:00:00,0,0,0,0,0,0,0,0,0,0
2017-07-29 00:00:00,0,0,0,0,0,0,0,0,0,0
2017-07-30 00:00:00,0,0,0,0,0,0,0,0,0,0
2017-07-31 00:00:00,0,0,0,0,0,0,0,0,0,0
2017-08-01 00:00:00,0,0,0,0,0,0,0,0,0,0
2017-08-02 00:00:00,0,0,0,0,0,0,0,0,0,0
2017-08-03 00:00:00,0,0,0,0,0,0,0,0,0,0
2017-08-04 00:00:00,0,0,0,0,0,0,0,0,0,0
2017-08-05 00:00:00,0,0,0,0,0,0,0,0,0,0
2017-08-06 00:00:00,0,0,0,0,0,0,0,0,0,0
2017-08-07 00:00:00,0,0,0,0,0,0,0,0,0,0
2017-08-08 00:00:00,0,0,0,0,0,0,0,0,0,0
2017-08-09 00:00:00,0,0,0,0,0,0,0,0,0,0
2017-08-10 00:00:00,0,0,0,0,0,0,0,0,0,0
2017-08-11 00:00:00,0,0,0,0,0,0,0,0,0,0
2017-08-12 00:00:00,0,0,0,0,0,0,0,0,0,0
2017-08-13 00:00:00,0,0,0,0,0,0,0,0,0,0
2017-08-14 00:00:00,0,0,0,0,0,0,0,0,0,0
2017-08-15 00:00:00,0,0,0,0,0,0,0,0,0,0
2017-08-16 00:00:00,0,0,0,0,0,0,0,0,0,0
2017-08-17 00:00:00,0,0,0,0,0,0,0,0,0,0
2017-08-18 00:00:00,0,0,0,0,0,0,0,0,0,0
2017-08-19 00:00:00,0,0,0,0,0,0,0,0,0,0
2017-08-20 00:00:00,0,0,0,0,0,0,0,0,0,0
2017-08-21 00:00:00,0,0,0,0,0,0,0,0,0,0
2017-08-22 00:00:00,0,0,0,0,0,0,0,0,0,0
2017-08-23 00:00:00,0,0,0,0,0,0,0,0,0,0
2017-08-24 00:00:00,0,0,0,0,0,0,0,0,0,0
2017-08-25 00:00:00,0,0,0,0,0,0,0,0,0,0
2017-08-26 00:00:00,0,0,0,0,0,0,0,0,0,0
2017-08-27 00:00:00,0,0,0,0,0,0,0,0,0,0
2017-08-28 00:00:00,0,0,0,0,0,0,0,0,0,0
2017-08-29 00:00:00,0,0,0,0,0,0,0,0,0,0
2017-08-30 00:00:00,0,0,0,0,0,0,0,0,0,0
2017-08-31 00:00:00,0,0,0,0,0,0,0,0,0,0
2017-09-01 00:00:00,0,0,0,0,0,0,0,0,0,0
2017-09-02 00:00:00,0,0,0,0,0,0,0,0,0,0
2017-09-03 00:00:00,0,0,0,0,0,0,0,0,0,0
2017-09-04 00:00:00,0,0,0,0,0,0,0,0,0,0
2017-09-05 00:00:00,0,0,0,0,0,0,0,0,0,0
2017-09-06 00:00:00,0,0,0,0,0,0,0,0,0,0
2017-09-07 00:00:00,0,0,0,0,0,0,0,0,0,0
2017-09-08 00:00:00,0,0,0,0,0,0,0,0,0,0
2017-09-09 00:00:00,0,0,0,0,0,0,0,0,0,0
2017-09-10 00:00:00,0,0,0,0,0,0,0,0,0,0
2017-09-11 00:00:00,0,0,0,0,0,0,0,0,0,0
2017-09-12 00:00:00,0,0,0,0,0,0,0,0,0,0
2017-09-13 00:00:00,0,0,0,0,0,0,0,0,0,0
2017-09-14 00:00:00,0,0,0,0,0,0,0,0,0,0
2017-09-15 00:00:00,0,0,0,0,0,0,0,0,0,0
2017-09-16 00:00:00,0,0,0,0,0,0,0,0,0,0
2017-09-17 00:00:00,0,0,0,0,0,0,0,0,0,0
2017-09-18 00:00:00,0,0,0,0,0,0,0,0,0,0
2017-09-19 00:00:00,0,0,0,0,0,0,0,0,0,0
2017-09-20 00:00:00,0,0,0,0,0,0,0,0,0,0
2017-09-21 00:00:00,0,0,0,0,0,0,0,0,0,0
2017-09-22 00:00:00,0,0,0,0,0,0,0,0,0,0
2017-09-23 00:00:00,0,0,0,0,0,0,0,0,0,0
2017-09-24 00:00:00,0,0,0,0,0,0,0,0,0,0
2017-09-25 00:00:00,0,0,0,0,0,0,0,0,0,0
2017-09-26 00:00:00,0,0,0,0,0,0,0,0,0,0
2017-09-27 00:00:00,0,0,0,0,0,0,0,0,0,0
2017-09-28 00:00:00,0,0,0,0,0,0,0,0,0,0
2017-09-29 00:00:00,0,0,0,0,0,0,0,0,0,0
2017-09-30 00:00:00,0,0,0,0,0,0,0,0,0,0
2017-10-01 00:00:00,0,0,0,0,0,0,0,0,0,0
2017-10-02 00:00:00,0,0,0,0,0,0,0,0,0,0
2017-10-03 00:00:00,0,0,0,0,0,0,0,0,0,0
2017-10-04 00:00:00,0,0,0,0,0,0,0,0,0,0
2017-10-05 00:00:00,0,0,0,0,0,0,0,0,0,0
2017-10-06 00:00:00,0,0,0,0,0,0,0,0,0,0
2017-10-07 00:00:00,0,0,0,0,0,0,0,0,0,0
2017-10-08 00:00:00,0,0,0,0,0,0,0,0,0,0
2017-10-09 00:00:00,0,0,0,0,0,0,0,0,0,0
2017-10-10 00:00:00,0,0,0,0,0,0,0,0,0,0
2017-10-11 00:00:00,0,0,0,0,0,0,0,0,0,0
2017-10-12 00:00:00,0,0,0,0,0,0,0,0,0,0
2017-10-13 00:00:00,0,0,0,0,0,0,0,0,0,0
2017-10-14 00:00:00,0,0,0,0,0,0,0,0,0,0
2017-10-15 00:00:00,0,0,0,0,0,0,0,0,0,0
2017-10-16 00:00:00,0,0,0,0,0,0,0,0,0,0
2017-10-17 00:00:00,0,0,0,0,0,0,0,0,0,0
2017-10-18 00:00:00,0,0,0,0,0,0,0,0,0,0
2017-10-19 00:00:00,0,0,0,0,0,0,0,0,0,0
2017-10-20 00:00:00,0,0,0,0,0,0,0,0,0,0
2017-10-21 00:00:00,0,0,0,0,0,0,0,0,0,0
2017-10-22 00:00:00,0,0,0,0,0,0,0,0,0,0
2017-10-23 00:00:00,0,0,0,0,0,0,0,0,0,0
2017-10-24 00:00:00,0,0,0,0,0,0,0,0,0,0
2017-10-25 00:00:00,0,0,0,0,0,0,0,0,0,0
2017-10-26 00:00:00,0,0,0,0,0,0,0,0,0,0
2017-10-27 00:00:00,0,0,0,0,0,0,0,0,0,0
2017-10-28 00:00:00,0,0,0,0,0,0,0,0,0,0
2017-10-29 00:00:00,0,0,0,0,0,0,0,0,0,0
2017-10-30 00:00:00,0,0,0,0,0,0,0,0,0,0
2017-10-31 00:00:00,0,0,0,0,0,0,0,0,0,0
2017-11-01 00:00:00,0,0,0,0,0,0,0,0,0,0
2017-11-02 00:00:00,0,0,0,0,0,0,0,0,0,0
2017-11-03 00:00:00,0,0,0,0,0,0,0,0,0,0
2017-11-04 00:00:00,0,0,0,0,0,0,0,0,0,0
2017-11-05 00:00:00,0,0,0,0,0,0,0,0,0,0
2017-11-06 00:00:00,0,0,0,0,0,0,0,0,0,0
2017-11-07 00:00:00,0,0,0,0,0,0,0,0,0,0
2017-11-08 00:00:00,0,0,0,0,0,0,0,0,0,0
2017-11-09 00:00:00,0,0,0,0,0,0,0,0,0,0
2017-11-10 00:00:00,0,0,0,0,0,0,0,0,0,0
2017-11-11 00:00:00,0,0,0,0,0,0,0,0,0,0
2017-11-12 00:00:00,0,0,0,0,0,0,0,0,0,0
2017-11-13 00:00:00,0,0,0,0,0,0,0,0,0,0
2017-11-14 00:00:00,0,0,0,0,0,0,0,0,0,0
2017-11-15 00:00:00,0,0,0,0,0,0,0,0,0,0
2017-11-16 00:00:00,0,0,0,0,0,0,0,0,0,0
2017-11-17 00:00:00,0,0,0,0,0,0,0,0,0,0
2017-11-18 00:00:00,0,0,0,0,0,0,0,0,0,0
2017-11-19 00:00:00,0,0,0,0,0,0,0,0,0,0
2017-11-20 00:00:00,0,0,0,0,0,0,0,0,0,0
2017-11-21 00:00:00,0,0,0,0,0,0,0,0,0,0
2017-11-22 00:00:00,0,0,0,0,0,0,0,0,0,0
2017-11-23 00:00:00,0,0,0,0,0,0,0,0,0,0
2017-11-24 00:00:00,0,0,0,0,0,0,0,0,0,0
2017-11-25 00:00:00,0,0,0,0,0,0,0,0,0,0
2017-11-26 00:00:00,0,0,0,0,0,0,0,0,0,0
2017-11-27 00:00:00,0,0,0,0,0,0,0,0,0,0
2017-11-28 00:00:00,0,0,0,0,0,0,0,0,0,0
2017-11-29 00:00:00,0,0,0,0,0,0,0,0,0,0
2017-11-30 00:00:00,0,0,0,0,0,0,0,0,0,0
2017-12-01 00:00:00,0,0,0,0,0,0,0,0,0,0
2017-12-02 00:00:00,0,0,0,0,0,0,0,0,0,0
2017-12-03 00:00:00,0,0,0,0,0,0,0,0,0,0
2017-12-04 00:00:00,0,0,0,0,0,0,0,0,0,0
2017-12-05 00:00:00,0,0,0,0,0,0,0,0,0,0
2017-12-06 00:00:00,0,0,0,0,0,0,0,0,0,0
2017-12-07 00:00:00,0,0,0,0,0,0,0,0,0,0
2017-12-08 00:00:00,0,0,0,0,0,0,0,0,0,0
2017-12-09 00:00:00,0,0,0,0,0,0,0,0,0,0
2017-12-10 00:00:00,0,0,0,0,0,0,0,0,0,0
2017-12-11 00:00:00,0,0,0,0,0,0,0,0,0,0
2017-12-12 00:00:00,0,0,0,0,0,0,0,0,0,0
2017-12-13 00:00:00,0,0,0,0,0,0,0,0,0,0
2017-12-14 00:00:00,0,0,0,0,0,0,0,0,0,0
2017-12-15 00:00:00,0,0,0,0,0,0,0,0,0,0
2017-12-16 00:00:00,0,0,0,0,0,0,0,0,0,0
2017-12-17 00:00:00,0,0,0,0,0,0,0,0,0,0
2017-12-18 00:00:00,0,0,0,0,0,0,0,0,0,0
2017-12-19 00:00:00,0,0,0,0,0,0,0,0,0,0
2017-12-20 00:00:00,0,0,0,0,0,0,0,0,0,0
2017-12-21 00:00:00,0,0,0,0,0,0,0,0,0,0
2017-12-22 00:00:00,0,0,0,0,0,0,0,0,0,0
2017-12-23 00:00:00,0,0,0,0,0,0,0,0,0,0
2017-12-24 00:00:00,0,0,0,0,0,0,0,0,0,0
2017-12-25 00:00:00,0,0,0,0,0,0,0,0,0,0
2017-12-26 00:00:00,0,0,0,0,0,0,0,0,0,0
2017-12-27 00:00:00,0,0,0,0,0,0,0,0,0,0
2017-12-28 00:00:00,0,0,0,0,0,0,0,0,0,0
2017-12-29 00:00:00,0,0,0,0,0,0,0,0,0,0
2017-12-30 00:00:00,0,0,0,0,0,0,0,0,0,0
2017-12-31 00:00:00,0,0,0,0,0,0,0,0,0,0
2018-01-01 00:00:00,0,0,0,0,0,0,0,0,0,0
2018-01-02 00:00:00,0,0,0,0,0,0,0,0,0,0
2018-01-03 00:00:00,0,0,0,0,0,0,0,0,0,0
2018-01-04 00:00:00,0,0,0,0,0,0,0,0,0,0
2018-01-05 00:00:00,0,0,0,0,0,0,0,0,0,0
2018-01-06 00:00:00,0,0,0,0,0,0,0,0,0,0
2018-01-07 00:00:00,0,0,0,0,0,0,0,0,0,0
2018-01-08 00:00:00,0,0,0,0,0,0,0,0,0,0
2018-01-09 00:00:00,0,0,0,0,0,0,0,0,0,0
2018-01-10 00:00:00,0,0,0,0,0,0,0,0,0,0
2018-01-11 00:00:00,0,0,0,0,0,0,0,0,0,0
2018-01-12 00:00:00,0,0,0,0,0,0,0,0,0,0
2018-01-13 00:00:00,0,0,0,0,0,0,0,0,0,0
2018-01-14 00:00:00,0,0,0,0,0,0,0,0,0,0
2018-01-15 00:00:00,0,0,0,0,0,0,0,0,0,0
2018-01-16 00:00:00,0,0,0,0,0,0,0,0,0,0
2018-01-17 00:00:00,0,0,0,0,0,0,0,0,0,0
2018-01-18 00:00:00,0,0,0,0,0,0,0,0,0,0
2018-01-19 00:00:00,0,0,0,0,0,0,0,0,0,0
2018-01-20 00:00:00,0,0,0,0,0,0,0,0,0,0
2018-01-21 00:00:00,0,0,0,0,0,0,0,0,0,0
2018-01-22 00:00:00,0,0,0,0,0,0,0,0,0,0
2018-01-23 00:00:00,0,0,0,0,0,0,0,0,0,0
2018-01-24 00:00:00,0,0,0,0,0,0,0,0,0,0
2018-01-25 00:00:00,0,0,0,0,0,0,0,0,0,0
2018-01-26 00:00:00,0,0,0,0,0,0,0,0,0,0
2018-01-27 00:00:00,0,0,0,0,0,0,0,0,0,0
2018-01-28 00:00:00,0,0,0,0,0,0,0,0,0,0
2018-01-29 00:00:00,0,0,0,0,0,0,0,0,0,0
2018-01-30 00:00:00,0,0,0,0,0,0,0,0,0,0
2018-01-31 00:00:00,0,0,0,0,0,0,0,0,0,0
2018-02-01 00:00:00,0,0,0,0,0,0,0,0,0,0
2018-02-02 00:00:00,0,0,0,0,0,0,0,0,0,0
2018-02-03 00:00:00,0,0,0,0,0,0,0,0,0,0
2018-02-04 00:00:00,0,0,0,0,0,0,0,0,0,0
2018-02-05 00:00:00,0,0,0,0,0,0,0,0,0,0
2018-02-06 00:00:00,0,0,0,0,0,0,0,0,0,0
2018-02-07 00:00:00,0,0,0,0,0,0,0,0,0,0
2018-02-08 00:00:00,0,0,0,0,0,0,0,0,0,0
2018-02-09 00:00:00,0,0,0,0,0,0,0,0,0,0
2018-02-10 00:00:00,0,0,0,0,0,0,0,0,0,0
2018-02-11 00:00:00,0,0,0,0,0,0,0,0,0,0
2018-02-12 00:00:00,0,0,0,0,0,0,0,0,0,0
2018-02-13 00:00:00,0,0,0,0,0,0,0,0,0,0
2018-02-14 00:00:00,0,0,0,0,0,0,0,0,0,0
2018-02-15 00:00:00,0,0,0,0,0,0,0,0,0,0
2018-02-16 00:00:00,0,0,0,0,0,0,0,0,0,0
2018-02-17 00:00:00,0,0,0,0,0,0,0,0,0,0
2018-02-18 00:00:00,0,0,0,0,0,0,0,0,0,0
2018-02-19 00:00:00,0,0,0,0,0,0,0,0,0,0
2018-02-20 00:00:00,0,0,0,0,0,0,0,0,0,0
2018-02-21 00:00:00,0,0,0,0,0,0,0,0,0,0
2018-02-22 00:00:00,0,0,0,0,0,0,0,0,0,0
2018-02-23 00:00:00,0,0,0,0,0,0,0,0,0,0
2018-02-24 00:00:00,0,0,0,0,0,0,0,0,0,0
2018-02-25 00:00:00,0,0,0,0,0,0,0,0,0,0
2018-02-26 00:00:00,0,0,0,0,0,0,0,0,0,0
2018-02-27 00:00:00,0,0,0,0,0,0,0,0,0,0
2018-02-28 00:00:00,0,0,0,0,0,0,0,0,0,0
2018-03-01 00:00:00,0,0,0,0,0,0,0,0,0,0
2018-03-02 00:00:00,0,0,0,0,0,0,0,0,0,0
2018-03-03 00:00:00,0,0,0,0,0,0,0,0,0,0
2018-03-04 00:00:00,0,0,0,0,0,0,0,0,0,0
2018-03-05 00:00:00,0,0,0,0,0,0,0,0,0,0
2018-03-06 00:00:00,0,0,0,0,0,0,0,0,0,0
2018-03-07 00:00:00,0,0,0,0,0,0,0,0,0,0
2018-03-08 00:00:00,0,0,0,0,0,0,0,0,0,0
2018-03-09 00:00:00,0,0,0,0,0,0,0,0,0,0
2018-03-10 00:00:00,0,0,0,0,0,0,0,0,0,0
2018-03-11 00:00:00,0,0,0,0,0,0,0,0,0,0
2018-03-12 00:00:00,0,0,0,0,0,0,0,0,0,0
2018-03-13 00:00:00,0,0,0,0,0,0,0,0,0,0
2018-03-14 00:00:00,0,0,0,0,0,0,0,0,0,0
2018-03-15 00:00:00,0,0,0,0,0,0,0,0,0,0
2018-03-16 00:00:00,0,0,0,0,0,0,0,0,0,0
2018-03-17 00:00:00,0,0,0,0,0,0,0,0,0,0
2018-03-18 00:00:00,0,0,0,0,0,0,0,0,0,0
2018-03-19 00:00:00,0,0,0,0,0,0,0,0,0,0
2018-03-20 00:00:00,0,0,0,0,0,0,0,0,0,0
2018-03-21 00:00:00,0,0,0,0,0,0,0,0,0,0
2018-03-22 00:00:00,0,0,0,0,0,0,0,0,0,0
2018-03-23 00:00:00,0,0,0,0,0,0,0,0,0,0
2018-03-24 00:00:00,0,0,0,0,0,0,0,0,0,0
2018-03-25 00:00:00,0,0,0,0,0,0,0,0,0,0
2018-03-26 00:00:00,0,0,0,0,0,0,0,0,0,0
2018-03-27 00:00:00,0,0,0,0,0,0,0,0,0,0
2018-03-28 00:00:00,0,0,0,0,0,0,0,0,0,0
2018-03-29 00:00:00,0,0,0,0,0,0,0,0,0,0
2018-03-30 00:00:00,0,0,0,0,0,0,0,0,0,0
2018-03-31 00:00:00,0,0,0,0,0,0,0,0,0,0
2018-04-01 00:00:00,0,0,0,0,0,0,0,0,0,0
2018-04-02 00:00:00,0,0,0,0,0,0,0,0,0,0
2018-04-03 00:00:00,0,0,0,0,0,0,0,0,0,0
2018-04-04 00:00:00,0,0,0,0,0,0,0,0,0,0
2018-04-05 00:00:00,0,0,0,0,0,0,0,0,0,0
2018-04-06 00:00:00,0,0,0,0,0,0,0,0,0,0
2018-04-07 00:00:00,0,0,0,0,0,0,0,0,0,0
2018-04-08 00:00:00,0,0,0,0,0,0,0,0,0,0
2018-04-09 00:00:00,0,0,0,0,0,0,0,0,0,0
2018-04-10 00:00:00,0,0,0,0,0,0,0,0,0,0
2018-04-11 00:00:00,0,0,0,0,0,0,0,0,0,0
2018-04-12 00:00:00,0,0,0,0,0,0,0,0,0,0
2018-04-13 00:00:00,0,0,0,0,0,0,0,0,0,0
2018-04-14 00:00:00,0,0,0,0,0,0,0,0,0,0
2018-04-15 00:00:00,0,0,0,0,0,0,0,0,0,0
2018-04-16 00:00:00,0,0,0,0,0,0,0,0,0,0
2018-04-17 00:00:00,0,0,0,0,0,0,0,0,0,0
2018-04-18 00:00:00,0,0,0,0,0,0,0,0,0,0
2018-04-19 00:00:00,0,0,0,0,0,0,0,0,0,0
2018-04-20 00:00:00,0,0,0,0,0,0,0,0,0,0
2018-04-21 00:00:00,0,0,0,0,0,0,0,0,0,0
2018-04-22 00:00:00,0,0,0,0,0,0,0,0,0,0
2018-04-23 00:00:00,0,0,0,0,0,0,0,0,0,0
2018-04-24 00:00:00,0,0,0,0,0,0,0,0,0,0
2018-04-25 00:00:00,0,0,0,0,0,0,0,0,0,0
2018-04-26 00:00:00,0,0,0,0,0,0,0,0,0,0
2018-04-27 00:00:00,0,0,0,0,0,0,0,0,0,0
2018-04-28 00:00:00,0,0,0,0,0,0,0,0,0,0
2018-04-29 00:00:00,0,0,0,0,0,0,0,0,0,0
2018-04-30 00:00:00,0,0,0,0,0,0,0,0,0,0
2018-05-01 00:00:00,0,0,0,0,0,0,0,0,0,0
2018-05-02 00:00:00,0,0,0,0,0,0,0,0,0,0
2018-05-03 00:00:00,0,0,0,0,0,0,0,0,0,0
2018-05-04 00:00:00,0,0,0,0,0,0,0,0,0,0
2018-05-05 00:00:00,0,0,0,0,0,0,0,0,0,0
2018-05-06 00:00:00,0,0,0,0,0,0,0,0,0,0
2018-05-07 00:00:00,0,0,0,0,0,0,0,0,0,0
2018-05-08 00:00:00,0,0,0,0,0,0,0,0,0,0
2018-05-09 00:00:00,0,0,0,0,0,0,0,0,0,0
2018-05-10 00:00:00,0,0,0,0,0,0,0,0,0,0
2018-05-11 00:00:00,0,0,0,0,0,0,0,0,0,0
2018-05-12 00:00:00,0,0,0,0,0,0,0,0,0,0
2018-05-13 00:00:00,0,0,0,0,0,0,0,0,0,0
2018-05-14 00:00:00,0,0,0,0,0,0,0,0,0,0
2018-05-15 00:00:00,0,0,0,0,0,0,0,0,0,0
2018-05-16 00:00:00,0,0,0,0,0,0,0,0,0,0
2018-05-17 00:00:00,0,0,0,0,0,0,0,0,0,0
2018-05-18 00:00:00,0,0,0,0,0,0,0,0,0,0
2018-05-19 00:00:00,0,0,0,0,0,0,0,0,0,0
2018-05-20 00:00:00,0,0,0,0,0,0,0,0,0,0
2018-05-21 00:00:00,0,0,0,0,0,0,0,0,0,0
2018-05-22 00:00:00,0,0,0,0,0,0,0,0,0,0
2018-05-23 00:00:00,0,0,0,0,0,0,0,0,0,0
2018-05-24 00:00:00,0,0,0,0,0,0,0,0,0,0
2018-05-25 00:00:00,0,0,0,0,0,0,0,0,0,0
2018-05-26 00:00:00,0,0,0,0,0,0,0,0,0,0
2018-05-27 00:00:00,0,0,0,0,0,0,0,0,0,0
2018-05-28 00:00:00,0,0,0,0,0,0,0,0,0,0
2018-05-29 00:00:00,0,0,0,0,0,0,0,0,0,0
2018-05-30 00:00:00,0,0,0,0,0,0,0,0,0,0
2018-05-31 00:00:00,0,0,0,0,0,0,0,0,0,0
2018-06-01 00:00:00,0,0,0,0,0,0,0,0,0,0
2018-06-02 00:00:00,0,0,0,0,0,0,0,0,0,0
2018-06-03 00:00:00,0,0,0,0,0,0,0,0,0,0
2018-06-04 00:00:00,0,0,0,0,0,0,0,0,0,0
2018-06-05 00:00:00,0,0,0,0,0,0,0,0,0,0
2018-06-06 00:00:00,0,0,0,0,0,0,0,0,0,0
2018-06-07 00:00:00,0,0,0,0,0,0,0,0,0,0
2018-06-08 00:00:00,0,0,0,0,0,0,0,0,0,0
2018-06-09 00:00:00,0,0,0,0,0,0,0,0,0,0
2018-06-10 00:00:00,0,0,0,0,0,0,0,0,0,0
2018-06-11 00:00:00,0,0,0,0,0,0,0,0,0,0
2018-06-12 00:00:00,0,0,0,0,0,0,0,0,0,0
2018-06-13 00:00:00,0,0,0,0,0,0,0,0,0,0
2018-06-14 00:00:00,0,0,0,0,0,0,0,0,0,0
2018-06-15 00:00:00,0,0,0,0,0,0,0,0,0,0
2018-06-16 00:00:00,0,0,0,0,0,0,0,0,0,0
2018-06-17 00:00:00,0,0,0,0,0,0,0,0,0,0
2018-06-18 00:00:00,0,0,0,0,0,0,0,0,0,0
2018-06-19 00:00:00,0,0,0,0,0,0,0,0,0,0
2018-06-20 00:00:00,0,0,0,0,0,0,0,0,0,0
2018-06-21 00:00:00,0,0,0,0,0,0,0,0,0,0
2018-06-22 00:00:00,0,0,0,0,0,0,0,0,0,0
2018-06-23 00:00:00,0,0,0,0,0,0,0,0,0,0
2018-06-24 00:00:00,0,0,0,0,0,0,0,0,0,0
2018-06-25 00:00:00,0,0,0,0,0,0,0,0,0,0
2018-06-26 00:00:00,0,0,0,0,0,0,0,0,0,0
2018-06-27 00:00:00,0,0,0,0,0,0,0,0,0,0
2018-06-28 00:00:00,0,0,0,0,0,0,0,0,0,0
2018-06-29 00:00:00,0,0,0,0,0,0,0,0,0,0
2018-06-30 00:00:00,0,0,0,0,0,0,0,0,0,0
2018-07-01 00:00:00,0,0,0,0,0,0,0,0,0,0
2018-07-02 00:00:00,0,0,0,0,0,0,0,0,0,0
2018-07-03 00:00:00,0,0,0,0,0,0,0,0,0,0
2018-07-04 00:00:00,0,0,0,0,0,0,0,0,0,0
2018-07-05 00:00:00,0,0,0,0,0,0,0,0,0,0
2018-07-06 00:00:00,0,0,0,0,0,0,0,0,0,0
2018-07-07 00:00:00,0,0,0,0,0,0,0,0,0,0
2018-07-08 00:00:00,0,0,0,0,0,0,0,0,0,0
2018-07-09 00:00:00,0,0,0,0,0,0,0,0,0,0
2018-07-10 00:00:00,0,0,0,0,0,0,0,0,0,0
2018-07-11 00:00:00,0,0,0,0,0,0,0,0,0,0
2018-07-12 00:00:00,0,0,0,0,0,0,0,0,0,0
2018-07-13 00:00:00,0,0,0,0,0,0,0,0,0,0
2018-07-14 00:00:00,0,0,0,0,0,0,0,0,0,0
2018-07-15 00:00:00,0,0,0,0,0,0,0,0,0,0
2018-07-16 00:00:00,0,0,0,0,0,0,0,0,0,0
2018-07-17 00:00:00,0,0,0,0,0,0,0,0,0,0
2018-07-18 00:00:00,0,0,0,0,0,0,0,0,0,0
2018-07-19 00:00:00,0,0,0,0,0,0,0,0,0,0
2018-07-20 00:00:00,0,0,0,0,0,0,0,0,0,0
2018-07-21 00:00:00,0,0,0,0,0,0,0,0,0,0
2018-07-22 00:00:00,0,0,0,0,0,0,0,0,0,0
2018-07-23 00:00:00,0,0,0,0,0,0,0,0,0,0
2018-07-24 00:00:00,0,0,0,0,0,0,0,0,0,0
2018-07-25 00:00:00,0,0,0,0,0,0,0,0,0,0
2018-07-26 00:00:00,0,0,0,0,0,0,0,0,0,0
2018-07-27 00:00:00,0,0,0,0,0,0,0,0,0,0
2018-07-28 00:00:00,0,0,0,0,0,0,0,0,0,0
2018-07-29 00:00:00,0,0,0,0,0,0,0,0,0,0
2018-07-30 00:00:00,0,0,0,0,0,0,0,0,0,0
2018-07-31 00:00:00,0,0,0,0,0,0,0,0,0,0
2018-08-01 00:00:00,0,0,0,0,0,0,0,0,0,0
2018-08-02 00:00:00,0,0,0,0,0,0,0,0,0,0
2018-08-03 00:00:00,0,0,0,0,0,0,0,0,0,0
2018-08-04 00:00:00,0,0,0,0,0,0,0,0,0,0
2018-08-05 00:00:00,0,0,0,0,0,0,0,0,0,0
2018-08-06 00:00:00,0,0,0,0,0,0,0,0,0,0
2018-08-07 00:00:00,0,0,0,0,0,0,0,0,0,0
2018-08-08 00:00:00,0,0,0,0,0,0,0,0,0,0
2018-08-09 00:00:00,0,0,0,0,0,0,0,0,0,0
2018-08-10 00:00:00,0,0,0,0,0,0,0,0,0,0
2018-08-11 00:00:00,0,0,0,0,0,0,0,0,0,0
2018-08-12 00:00:00,0,0,0,0,0,0,0,0,0,0
2018-08-13 00:00:00,0,0,0,0,0,0,0,0,0,0
2018-08-14 00:00:00,0,0,0,0,0,0,0,0,0,0
2018-08-15 00:00:00,0,0,0,0,0,0,0,0,0,0
2018-08-16 00:00:00,0,0,0,0,0,0,0,0,0,0
2018-08-17 00:00:00,0,0,0,0,0,0,0,0,0,0
2018-08-18 00:00:00,0,0,0,0,0,0,0,0,0,0
2018-08-19 00:00:00,0,0,0,0,0,0,0,0,0,0
2018-08-20 00:00:00,0,0,0,0,0,0,0,0,0,0
2018-08-21 00:00:00,0,0,0,0,0,0,0,0,0,0
2018-08-22 00:00:00,0,0,0,0,0,0,0,0,0,0
2018-08-23 00:00:00,0,0,0,0,0,0,0,0,0,0
2018-08-24 00:00:00,0,0,0,0,0,0,0,0,0,0
2018-08-25 00:00:00,0,0,0,0,0,0,0,0,0,0
2018-08-26 00:00:00,0,0,0,0,0,0,0,0,0,0
2018-08-27 00:00:00,0,0,0,0,0,0,0,0,0,0
2018-08-28 00:00:00,0,0,0,0,0,0,0,0,0,0
2018-08-29 00:00:00,0,0,0,0,0,0,0,0,0,0
2018-08-30 00:00:00,0,0,0,0,0,0,0,0,0,0
2018-08-31 00:00:00,0,0,0,0,0,0,0,0,0,0
2018-09-01 00:00:00,0,0,0,0,0,0,0,0,0,0
2018-09-02 00:00:00,0,0,0,0,0,0,0,0,0,0
2018-09-03 00:00:00,0,0,0,0,0,0,0,0,0,0
2018-09-04 00:00:00,0,0,0,0,0,0,0,0,0,0
2018-09-05 00:00:00,0,0,0,0,0,0,0,0,0,0
2018-09-06 00:00:00,0,0,0,0,0,0,0,0,0,0
2018-09-07 00:00:00,0,0,0,0,0,0,0,0,0,0
2018-09-08 00:00:00,0,0,0,0,0,0,0,0,0,0
2018-09-09 00:00:00,0,0,0,0,0,0,0,0,0,0
2018-09-10 00:00:00,0,0,0,0,0,0,0,0,0,0
2018-09-11 00:00:00,0,0,0,0,0,0,0,0,0,0
2018-09-12 00:00:00,0,0,0,0,0,0,0,0,0,0
2018-09-13 00:00:00,0,0,0,0,0,0,0,0,0,0
2018-09-14 00:00:00,0,0,0,0,0,0,0,0,0,0
2018-09-15 00:00:00,0,0,0,0,0,0,0,0,0,0
2018-09-16 00:00:00,0,0,0,0,0,0,0,0,0,0
2018-09-17 00:00:00,0,0,0,0,0,0,0,0,0,0
2018-09-18 00:00:00,0,0,0,0,0,0,0,0,0,0
2018-09-19 00:00:00,0,0,0,0,0,0,0,0,0,0
2018-09-20 00:00:00,0,0,0,0,0,0,0,0,0,0
2018-09-21 00:00:00,0,0,0,0,0,0,0,0,0,0
2018-09-22 00:00:00,0,0,0,0,0,0,0,0,0,0
2018-09-23 00:00:00,0,0,0,0,0,0,0,0,0,0
2018-09-24 00:00:00,0,0,0,0,0,0,0,0,0,0
2018-09-25 00:00:00,0,0,0,0,0,0,0,0,0,0
2018-09-26 00:00:00,0,0,0,0,0,0,0,0,0,0
2018-09-27 00:00:00,0,0,0,0,0,0,0,0,0,0
2018-09-28 00:00:00,0,0,0,0,0,0,0,0,0,0
2018-09-29 00:00:00,0,0,0,0,0,0,0,0,0,0
2018-09-30 00:00:00,0,0,0,0,0,0,0,0,0,0
2018-10-01 00:00:00,0,0,0,0,0,0,0,0,0,0
2018-10-02 00:00:00,0,0,0,0,0,0,0,0,0,0
2018-10-03 00:00:00,0,0,0,0,0,0,0,0,0,0
2018-10-04 00:00:00,0,0,0,0,0,0,0,0,0,0
2018-10-05 00:00:00,0,0,0,0,0,0,0,0,0,0
2018-10-06 00:00:00,0,0,0,0,0,0,0,0,0,0
2018-10-07 00:00:00,0,0,0,0,0,0,0,0,0,0
2018-10-08 00:00:00,0,0,0,0,0,0,0,0,0,0
2018-10-09 00:00:00,0,0,0,0,0,0,0,0,0,0
2018-10-10 00:00:00,0,0,0,0,0,0,0,0,0,0
2018-10-11 00:00:00,0,0,0,0,0,0,0,0,0,0
2018-10-12 00:00:00,0,0,0,0,0,0,0,0,0,0
2018-10-13 00:00:00,0,0,0,0,0,0,0,0,0,0
2018-10-14 00:00:00,0,0,0,0,0,0,0,0,0,0
2018-10-15 00:00:00,0,0,0,0,0,0,0,0,0,0
2018-10-16 00:00:00,0,0,0,0,0,0,0,0,0,0
2018-10-17 00:00:00,0,0,0,0,0,0,0,0,0,0
2018-10-18 00:00:00,0,0,0,0,0,0,0,0,0,0
2018-10-19 00:00:00,0,0,0,0,0,0,0,0,0,0
2018-10-20 00:00:00,0,0,0,0,0,0,0,0,0,0
2018-10-21 00:00:00,0,0,0,0,0,0,0,0,0,0
2018-10-22 00:00:00,0,0,0,0,0,0,0,0,0,0
2018-10-23 00:00:00,0,0,0,0,0,0,0,0,0,0
2018-10-24 00:00:00,0,0,0,0,0,0,0,0,0,0
2018-10-25 00:00:00,0,0,0,0,0,0,0,0,0,0
2018-10-26 00:00:00,0,0,0,0,0,0,0,0,0,0
2018-10-27 00:00:00,0,0,0,0,0,0,0,0,0,0
2018-10-28 00:00:00,0,0,0,0,0,0,0,0,0,0
2018-10-29 00:00:00,0,0,0,0,0,0,0,0,0,0
2018-10-30 00:00:00,0,0,0,0,0,0,0,0,0,0
2018-10-31 00:00:00,0,0,0,0,0,0,0,0,0,0
2018-11-01 00:00:00,0,0,0,0,0,0,0,0,0,0
2018-11-02 00:00:00,0,0,0,0,0,0,0,0,0,0
2018-11-03 00:00:00,0,0,0,0,0,0,0,0,0,0
2018-11-04 00:00:00,0,0,0,0,0,0,0,0,0,0
2018-11-05 00:00:00,0,0,0,0,0,0,0,0,0,0
2018-11-06 00:00:00,0,0,0,0,0,0,0,0,0,0
2018-11-07 00:00:00,0,0,0,0,0,0,0,0,0,0
2018-11-08 00:00:00,0,0,0,0,0,0,0,0,0,0
2018-11-09 00:00:00,0,0,0,0,0,0,0,0,0,0
2018-11-10 00:00:00,0,0,0,0,0,0,0,0,0,0
2018-11-11 00:00:00,0,0,0,0,0,0,0,0,0,0
2018-11-12 00:00:00,0,0,0,0,0,0,0,0,0,0
2018-11-13 00:00:00,0,0,0,0,0,0,0,0,0,0
2018-11-14 00:00:00,0,0,0,0,0,0,0,0,0,0
2018-11-15 00:00:00,0,0,0,0,0,0,0,0,0,0
2018-11-16 00:00:00,0,0,0,0,0,0,0,0,0,0
2018-11-17 00:00:00,0,0,0,0,0,0,0,0,0,0
2018-11-18 00:00:00,0,0,0,0,0,0,0,0,0,0
2018-11-19 00:00:00,0,0,0,0,0,0,0,0,0,0
2018-11-20 00:00:00,0,0,0,0,0,0,0,0,0,0
2018-11-21 00:00:00,0,0,0,0,0,0,0,0,0,0
2018-11-22 00:00:00,0,0,0,0,0,0,0,0,0,0
2018-11-23 00:00:00,0,0,0,0,0,0,0,0,0,0
2018-11-24 00:00:00,0,0,0,0,0,0,0,0,0,0
2018-11-25 00:00:00,0,0,0,0,0,0,0,0,0,0
2018-11-26 00:00:00,0,0,0,0,0,0,0,0,0,0
2018-11-27 00:00:00,0,0,0,0,0,0,0,0,0,0
2018-11-28 00:00:00,0,0,0,0,0,0,0,0,0,0
2018-11-29 00:00:00,0,0,0,0,0,0,0,0,0,0
2018-11-30 00:00:00,0,0,0,0,0,0,0,0,0,0
2018-12-01 00:00:00,0,0,0,0,0,0,0,0,0,0
2018-12-02 00:00:00,0,0,0,0,0,0,0,0,0,0
2018-12-03 00:00:00,0,0,0,0,0,0,0,0,0,0
2018-12-04 00:00:00,0,0,0,0,0,0,0,0,0,0
2018-12-05 00:00:00,0,0,0,0,0,0,0,0,0,0
2018-12-06 00:00:00,0,0,0,0,0,0,0,0,0,0
2018-12-07 00:00:00,0,0,0,0,0,0,0,0,0,0
2018-12-08 00:00:00,0,0,0,0,0,0,0,0,0,0
2018-12-09 00:00:00,0,0,0,0,0,0,0,0,0,0
2018-12-10 00:00:00,0,0,0,0,0,0,0,0,0,0
2018-12-11 00:00:00,0,0,0,0,0,0,0,0,0,0
2018-12-12 00:00:00,0,0,0,0,0,0,0,0,0,0
2018-12-13 00:00:00,0,0,0,0,0,0,0,0,0,0
2018-12-14 00:00:00,0,0,0,0,0,0,0,0,0,0
2018-12-15 00:00:00,0,0,0,0,0,0,0,0,0,0
2018-12-16 00:00:00,0,0,0,0,0,0,0,0,0,0
2018-12-17 00:00:00,0,0,0,0,0,0,0,0,0,0
2018-12-18 00:00:00,0,0,0,0,0,0,0,0,0,0
2018-12-19 00:00:00,0,0,0,0,0,0,0,0,0,0
2018-12-20 00:00:00,0,0,0,0,0,0,0,0,0,0
2018-12-21 00:00:00,0,0,0,0,0,0,0,0,0,0
2018-12-22 00:00:00,0,0,0,0,0,0,0,0,0,0
2018-12-23 00:00:00,0,0,0,0,0,0,0,0,0,0
2018-12-24 00:00:00,0,0,0,0,0,0,0,0,0,0
2018-12-25 00:00:00,0,0,0,0,0,0,0,0,0,0
2018-12-26 00:00:00,0,0,0,0,0,0,0,0,0,0
2018-12-27 00:00:00,0,0,0,0,0,0,0,0,0,0
2018-12-28 00:00:00,0,0,0,0,0,0,0,0,0,0
2018-12-29 00:00:00,0,0,0,0,0,0,0,0,0,0
2018-12-30 00:00:00,0,0,0,0,0,0,0,0,0,0
2018-12-31 00:00:00,0,0,0,0,0,0,0,0,0,0
2019-01-01 00:00:00,0,0,0,0,0,0,0,0,0,0
2019-01-02 00:00:00,0,0,0,0,0,0,0,0,0,0
2019-01-03 00:00:00,0,0,0,0,0,0,0,0,0,0
2019-01-04 00:00:00,0,0,0,0,0,0,0,0,0,0
2019-01-05 00:00:00,0,0,0,0,0,0,0,0,0,0
2019-01-06 00:00:00,0,0,0,0,0,0,0,0,0,0
2019-01-07 00:00:00,0,0,0,0,0,0,0,0,0,0
2019-01-08 00:00:00,0,0,0,0,0,0,0,0,0,0
2019-01-09 00:00:00,0,0,0,0,0,0,0,0,0,0
2019-01-10 00:00:00,0,0,0,0,0,0,0,0,0,0
2019-01-11 00:00:00,0,0,0,0,0,0,0,0,0,0
2019-01-12 00:00:00,0,0,0,0,0,0,0,0,0,0
2019-01-13 00:00:00,0,0,0,0,0,0,0,0,0,0
2019-01-14 00:00:00,0,0,0,0,0,0,0,0,0,0
2019-01-15 00:00:00,0,0,0,0,0,0,0,0,0,0
2019-01-16 00:00:00,0,0,0,0,0,0,0,0,0,0
2019-01-17 00:00:00,0,0,0,0,0,0,0,0,0,0
2019-01-18 00:00:00,0,0,0,0,0,0,0,0,0,0
2019-01-19 00:00:00,0,0,0,0,0,0,0,0,0,0
2019-01-20 00:00:00,0,0,0,0,0,0,0,0,0,0
2019-01-21 00:00:00,0,0,0,0,0,0,0,0,0,0
2019-01-22 00:00:00,0,0,0,0,0,0,0,0,0,0
2019-01-23 00:00:00,0,0,0,0,0,0,0,0,0,0
2019-01-24 00:00:00,0,0,0,0,0,0,0,0,0,0
2019-01-25 00:00:00,0,0,0,0,0,0,0,0,0,0
2019-01-26 00:00:00,0,0,0,0,0,0,0,0,0,0
2019-01-27 00:00:00,0,0,0,0,0,0,0,0,0,0
2019-01-28 00:00:00,0,0,0,0,0,0,0,0,0,0
2019-01-29 00:00:00,0,0,0,0,0,0,0,0,0,0
2019-01-30 00:00:00,0,0,0,0,0,0,0,0,0,0
2019-01-31 00:00:00,0,0,0,0,0,0,0,0,0,0
2019-02-01 00:00:00,0,0,0,0,0,0,0,0,0,0
2019-02-02 00:00:00,0,0,0,0,0,0,0,0,0,0
2019-02-03 00:00:00,0,0,0,0,0,0,0,0,0,0
2019-02-04 00:00:00,0,0,0,0,0,0,0,0,0,0
2019-02-05 00:00:00,0,0,0,0,0,0,0,0,0,0
2019-02-06 00:00:00,0,0,0,0,0,0,0,0,0,0
2019-02-07 00:00:00,0,0,0,0,0,0,0,0,0,0
2019-02-08 00:00:00,0,0,0,0,0,0,0,0,0,0
2019-02-09 00:00:00,0,0,0,0,0,0,0,0,0,0
2019-02-10 00:00:00,0,0,0,0,0,0,0,0,0,0
2019-02-11 00:00:00,0,0,0,0,0,0,0,0,0,0
2019-02-12 00:00:00,0,0,0,0,0,0,0,0,0,0
2019-02-13 00:00:00,0,0,0,0,0,0,0,0,0,0
2019-02-14 00:00:00,0,0,0,0,0,0,0,0,0,0
2019-02-15 00:00:00,0,0,0,0,0,0,0,0,0,0
2019-02-16 00:00:00,0,0,0,0,0,0,0,0,0,0
2019-02-17 00:00:00,0,0,0,0,0,0,0,0,0,0
2019-02-18 00:00:00,0,0,0,0,0,0,0,0,0,0
2019-02-19 00:00:00,0,0,0,0,0,0,0,0,0,0
2019-02-20 00:00:00,0,0,0,0,0,0,0,0,0,0
2019-02-21 00:00:00,0,0,0,0,0,0,0,0,0,0
2019-02-22 00:00:00,0,0,0,0,0,0,0,0,0,0
2019-02-23 00:00:00,0,0,0,0,0,0,0,0,0,0
2019-02-24 00:00:00,0,0,0,0,0,0,0,0,0,0
2019-02-25 00:00:00,0,0,0,0,0,0,0,0,0,0
2019-02-26 00:00:00,0,0,0,0,0,0,0,0,0,0
2019-02-27 00:00:00,0,0,0,0,0,0,0,0,0,0
2019-02-28 00:00:00,0,0,0,0,0,0,0,0,0,0
2019-03-01 00:00:00,0,0,0,0,0,0,0,0,0,0
2019-03-02 00:00:00,0,0,0,0,0,0,0,0,0,0
2019-03-03 00:00:00,0,0,0,0,0,0,0,0,0,0
2019-03-04 00:00:00,0,0,0,0,0,0,0,0,0,0
2019-03-05 00:00:00,0,0,0,0,0,0,0,0,0,0
2019-03-06 00:00:00,0,0,0,0,0,0,0,0,0,0
2019-03-07 00:00:00,0,0,0,0,0,0,0,0,0,0
2019-03-08 00:00:00,0,0,0,0,0,0,0,0,0,0
2019-03-09 00:00:00,0,0,0,0,0,0,0,0,0,0
2019-03-10 00:00:00,0,0,0,0,0,0,0,0,0,0
2019-03-11 00:00:00,0,0,0,0,0,0,0,0,0,0
2019-03-12 00:00:00,0,0,0,0,0,0,0,0,0,0
2019-03-13 00:00:00,0,0,0,0,0,0,0,0,0,0
2019-03-14 00:00:00,0,0,0,0,0,0,0,0,0,0
2019-03-15 00:00:00,0,0,0,0,0,0,0,0,0,0
2019-03-16 00:00:00,0,0,0,0,0,0,0,0,0,0
2019-03-17 00:00:00,0,0,0,0,0,0,0,0,0,0
2019-03-18 00:00:00,0,0,0,0,0,0,0,0,0,0
2019-03-19 00:00:00,0,0,0,0,0,0,0,0,0,0
2019-03-20 00:00:00,0,0,0,0,0,0,0,0,0,0
2019-03-21 00:00:00,0,0,0,0,0,0,0,0,0,0
2019-03-22 00:00:00,0,0,0,0,0,0,0,0,0,0
2019-03-23 00:00:00,0,0,0,0,0,0,0,0,0,0
2019-03-24 00:00:00,0,0,0,0,0,0,0,0,0,0
2019-03-25 00:00:00,0,0,0,0,0,0,0,0,0,0
2019-03-26 00:00:00,0,0,0,0,0,0,0,0,0,0
2019-03-27 00:00:00,0,0,0,0,0,0,0,0,0,0
2019-03-28 00:00:00,0,0,0,0,0,0,0,0,0,0
2019-03-29 00:00:00,0,0,0,0,0,0,0,0,0,0
2019-03-30 00:00:00,0,0,0,0,0,0,0,0,0,0
2019-03-31 00:00:00,0,0,0,0,0,0,0,0,0,0
2019-04-01 00:00:00,0,0,0,0,0,0,0,0,0,0
2019-04-02 00:00:00,0,0,0,0,0,0,0,0,0,0
2019-04-03 00:00:00,0,0,0,0,0,0,0,0,0,0
2019-04-04 00:00:00,0,0,0,0,0,0,0,0,0,0
2019-04-05 00:00:00,0,0,0,0,0,0,0,0,0,0
2019-04-06 00:00:00,0,0,0,0,0,0,0,0,0,0
2019-04-07 00:00:00,0,0,0,0,0,0,0,0,0,0
2019-04-08 00:00:00,0,0,0,0,0,0,0,0,0,0
2019-04-09 00:00:00,0,0,0,0,0,0,0,0,0,0
2019-04-10 00:00:00,0,0,0,0,0,0,0,0,0,0
2019-04-11 00:00:00,0,0,0,0,0,0,0,0,0,0
2019-04-12 00:00:00,0,0,0,0,0,0,0,0,0,0
2019-04-13 00:00:00,0,0,0,0,0,0,0,0,0,0
2019-04-14 00:00:00,0,0,0,0,0,0,0,0,0,0
2019-04-15 00:00:00,0,0,0,0,0,0,0,0,0,0
2019-04-16 00:00:00,0,0,0,0,0,0,0,0,0,0
2019-04-17 00:00:00,0,0,0,0,0,0,0,0,0,0
2019-04-18 00:00:00,0,0,0,0,0,0,0,0,0,0
2019-04-19 00:00:00,0,0,0,0,0,0,0,0,0,0
2019-04-20 00:00:00,0,0,0,0,0,0,0,0,0,0
2019-04-21 00:00:00,0,0,0,0,0,0,0,0,0,0
2019-04-22 00:00:00,0,0,0,0,0,0,0,0,0,0
2019-04-23 00:00:00,0,0,0,0,0,0,0,0,0,0
2019-04-24 00:00:00,0,0,0,0,0,0,0,0,0,0
2019-04-25 00:00:00,0,0,0,0,0,0,0,0,0,0
2019-04-26 00:00:00,0,0,0,0,0,0,0,0,0,0
2019-04-27 00:00:00,0,0,0,0,0,0,0,0,0,0
2019-04-28 00:00:00,0,0,0,0,0,0,0,0,0,0
2019-04-29 00:00:00,0,0,0,0,0,0,0,0,0,0
2019-04-30 00:00:00,0,0,0,0,0,0,0,0,0,0
2019-05-01 00:00:00,0,0,0,0,0,0,0,0,0,0
2019-05-02 00:00:00,0,0,0,0,0,0,0,0,0,0
2019-05-03 00:00:00,0,0,0,0,0,0,0,0,0,0
2019-05-04 00:00:00,0,0,0,0,0,0,0,0,0,0
2019-05-05 00:00:00,0,0,0,0,0,0,0,0,0,0
2019-05-06 00:00:00,0,0,0,0,0,0,0,0,0,0
2019-05-07 00:00:00,0,0,0,0,0,0,0,0,0,0
2019-05-08 00:00:00,0,0,0,0,0,0,0,0,0,0
2019-05-09 00:00:00,0,0,0,0,0,0,0,0,0,0
2019-05-10 00:00:00,0,0,0,0,0,0,0,0,0,0
2019-05-11 00:00:00,0,0,0,0,0,0,0,0,0,0
2019-05-12 00:00:00,0,0,0,0,0,0,0,0,0,0
2019-05-13 00:00:00,0,0,0,0,0,0,0,0,0,0
2019-05-14 00:00:00,0,0,0,0,0,0,0,0,0,0
2019-05-15 00:00:00,0,0,0,0,0,0,0,0,0,0
2019-05-16 00:00:00,0,0,0,0,0,0,0,0,0,0
2019-05-17 00:00:00,0,0,0,0,0,0,0,0,0,0
2019-05-18 00:00:00,0,0,0,0,0,0,0,0,0,0
2019-05-19 00:00:00,0,0,0,0,0,0,0,0,0,0
2019-05-20 00:00:00,0,0,0,0,0,0,0,0,0,0
2019-05-21 00:00:00,0,0,0,0,0,0,0,0,0,0
2019-05-22 00:00:00,0,0,0,0,0,0,0,0,0,0
2019-05-23 00:00:00,0,0,0,0,0,0,0,0,0,0
2019-05-24 00:00:00,0,0,0,0,0,0,0,0,0,0
2019-05-25 00:00:00,0,0,0,0,0,0,0,0,0,0
2019-05-26 00:00:00,0,0,0,0,0,0,0,0,0,0
2019-05-27 00:00:00,0,0,0,0,0,0,0,0,0,0
2019-05-28 00:00:00,0,0,0,0,0,0,0,0,0,0
2019-05-29 00:00:00,0,0,0,0,0,0,0,0,0,0
2019-05-30 00:00:00,0,0,0,0,0,0,0,0,0,0
2019-05-31 00:00:00,0,0,0,0,0,0,0,0,0,0
2019-06-01 00:00:00,0,0,0,0,0,0,0,0,0,0
2019-06-02 00:00:00,0,0,0,0,0,0,0,0,0,0
2019-06-03 00:00:00,0,0,0,0,0,0,0,0,0,0
2019-06-04 00:00:00,0,0,0,0,0,0,0,0,0,0
2019-06-05 00:00:00,0,0,0,0,0,0,0,0,0,0
2019-06-06 00:00:00,0,0,0,0,0,0,0,0,0,0
2019-06-07 00:00:00,0,0,0,0,0,0,0,0,0,0
2019-06-08 00:00:00,0,0,0,0,0,0,0,0,0,0
2019-06-09 00:00:00,0,0,0,0,0,0,0,0,0,0
2019-06-10 00:00:00,0,0,0,0,0,0,0,0,0,0
2019-06-11 00:00:00,0,0,0,0,0,0,0,0,0,0
2019-06-12 00:00:00,0,0,0,0,0,0,0,0,0,0
2019-06-13 00:00:00,0,0,0,0,0,0,0,0,0,0
2019-06-14 00:00:00,0,0,0,0,0,0,0,0,0,0
2019-06-15 00:00:00,0,0,0,0,0,0,0,0,0,0
2019-06-16 00:00:00,0,0,0,0,0,0,0,0,0,0
2019-06-17 00:00:00,0,0,0,0,0,0,0,0,0,0
2019-06-18 00:00:00,0,0,0,0,0,0,0,0,0,0
2019-06-19 00:00:00,0,0,0,0,0,0,0,0,0,0
2019-06-20 00:00:00,0,0,0,0,0,0,0,0,0,0
2019-06-21 00:00:00,0,0,0,0,0,0,0,0,0,0
2019-06-22 00:00:00,0,0,0,0,0,0,0,0,0,0
2019-06-23 00:00:00,0,0,0,0,0,0,0,0,0,0
2019-06-24 00:00:00,0,0,0,0,0,0,0,0,0,0
2019-06-25 00:00:00,0,0,0,0,0,0,0,0,0,0
2019-06-26 00:00:00,0,0,0,0,0,0,0,0,0,0
2019-06-27 00:00:00,0,0,0,0,0,0,0,0,0,0
2019-06-28 00:00:00,0,0,0,0,0,0,0,0,0,0
2019-06-29 00:00:00,0,0,0,0,0,0,0,0,0,0
2019-06-30 00:00:00,0,0,0,0,0,0,0,0,0,0
2019-07-01 00:00:00,0,0,0,0,0,0,0,0,0,0
2019-07-02 00:00:00,0,0,0,0,0,0,0,0,0,0
2019-07-03 00:00:00,0,0,0,0,0,0,0,0,0,0
2019-07-04 00:00:00,0,0,0,0,0,0,0,0,0,0
2019-07-05 00:00:00,0,0,0,0,0,0,0,0,0,0
2019-07-06 00:00:00,0,0,0,0,0,0,0,0,0,0
2019-07-07 00:00:00,0,0,0,0,0,0,0,0,0,0
2019-07-08 00:00:00,0,0,0,0,0,0,0,0,0,0
2019-07-09 00:00:00,0,0,0,0,0,0,0,0,0,0
2019-07-10 00:00:00,0,0,0,0,0,0,0,0,0,0
2019-07-11 00:00:00,0,0,0,0,0,0,0,0,0,0
2019-07-12 00:00:00,0,0,0,0,0,0,0,0,0,0
2019-07-13 00:00:00,0,0,0,0,0,0,0,0,0,0
2019-07-14 00:00:00,0,0,0,0,0,0,0,0,0,0
2019-07-15 00:00:00,0,0,0,0,0,0,0,0,0,0
2019-07-16 00:00:00,0,0,0,0,0,0,0,0,0,0
2019-07-17 00:00:00,0,0,0,0,0,0,0,0,0,0
2019-07-18 00:00:00,0,0,0,0,0,0,0,0,0,0
2019-07-19 00:00:00,0,0,0,0,0,0,0,0,0,0
2019-07-20 00:00:00,0,0,0,0,0,0,0,0,0,0
2019-07-21 00:00:00,0,0,0,0,0,0,0,0,0,0
2019-07-22 00:00:00,0,0,0,0,0,0,0,0,0,0
2019-07-23 00:00:00,0,0,0,0,0,0,0,0,0,0
2019-07-24 00:00:00,0,0,0,0,0,0,0,0,0,0
2019-07-25 00:00:00,0,0,0,0,0,0,0,0,0,0
2019-07-26 00:00:00,0,0,0,0,0,0,0,0,0,0
2019-07-27 00:00:00,0,0,0,0,0,0,0,0,0,0
2019-07-28 00:00:00,0,0,0,0,0,0,0,0,0,0
2019-07-29 00:00:00,0,0,0,0,0,0,0,0,0,0
2019-07-30 00:00:00,0,0,0,0,0,0,0,0,0,0
2019-07-31 00:00:00,0,0,0,0,0,0,0,0,0,0
2019-08-01 00:00:00,0,0,0,0,0,0,0,0,0,0
2019-08-02 00:00:00,0,0,0,0,0,0,0,0,0,0
2019-08-03 00:00:00,0,0,0,0,0,0,0,0,0,0
2019-08-04 00:00:00,0,0,0,0,0,0,0,0,0,0
2019-08-05 00:00:00,0,0,0,0,0,0,0,0,0,0
2019-08-06 00:00:00,0,0,0,0,0,0,0,0,0,0
2019-08-07 00:00:00,0,0,0,0,0,0,0,0,0,0
2019-08-08 00:00:00,0,0,0,0,0,0,0,0,0,0
2019-08-09 00:00:00,0,0,0,0,0,0,0,0,0,0
2019-08-10 00:00:00,0,0,0,0,0,0,0,0,0,0
2019-08-11 00:00:00,0,0,0,0,0,0,0,0,0,0
2019-08-12 00:00:00,0,0,0,0,0,0,0,0,0,0
2019-08-13 00:00:00,0,0,0,0,0,0,0,0,0,0
2019-08-14 00:00:00,0,0,0,0,0,0,0,0,0,0
2019-08-15 00:00:00,0,0,0,0,0,0,0,0,0,0
2019-08-16 00:00:00,0,0,0,0,0,0,0,0,0,0
2019-08-17 00:00:00,0,0,0,0,0,0,0,0,0,0
2019-08-18 00:00:00,0,0,0,0,0,0,0,0,0,0
2019-08-19 00:00:00,0,0,0,0,0,0,0,0,0,0
2019-08-20 00:00:00,0,0,0,0,0,0,0,0,0,0
2019-08-21 00:00:00,0,0,0,0,0,0,0,0,0,0
2019-08-22 00:00:00,0,0,0,0,0,0,0,0,0,0
2019-08-23 00:00:00,0,0,0,0,0,0,0,0,0,0
2019-08-24 00:00:00,0,0,0,0,0,0,0,0,0,0
2019-08-25 00:00:00,0,0,0,0,0,0,0,0,0,0
2019-08-26 00:00:00,0,0,0,0,0,0,0,0,0,0
2019-08-27 00:00:00,0,0,0,0,0,0,0,0,0,0
2019-08-28 00:00:00,0,0,0,0,0,0,0,0,0,0
2019-08-29 00:00:00,0,0,0,0,0,0,0,0,0,0
2019-08-30 00:00:00,0,0,0,0,0,0,0,0,0,0
2019-08-31 00:00:00,0,0,0,0,0,0,0,0,0,0
2019-09-01 00:00:00,0,0,0,0,0,0,0,0,0,0
2019-09-02 00:00:00,0,0,0,0,0,0,0,0,0,0
2019-09-03 00:00:00,0,0,0,0,0,0,0,0,0,0
2019-09-04 00:00:00,0,0,0,0,0,0,0,0,0,0
2019-09-05 00:00:00,0,0,0,0,0,0,0,0,0,0
2019-09-06 00:00:00,0,0,0,0,0,0,0,0,0,0
2019-09-07 00:00:00,0,0,0,0,0,0,0,0,0,0
2019-09-08 00:00:00,0,0,0,0,0,0,0,0,0,0
2019-09-09 00:00:00,0,0,0,0,0,0,0,0,0,0
2019-09-10 00:00:00,0,0,0,0,0,0,0,0,0,0
2019-09-11 00:00:00,0,0,0,0,0,0,0,0,0,0
2019-09-12 00:00:00,0,0,0,0,0,0,0,0,0,0
2019-09-13 00:00:00,0,0,0,0,0,0,0,0,0,0
2019-09-14 00:00:00,0,0,0,0,0,0,0,0,0,0
2019-09-15 00:00:00,0,0,0,0,0,0,0,0,0,0
2019-09-16 00:00:00,0,0,0,0,0,0,0,0,0,0
2019-09-17 00:00:00,0,0,0,0,0,0,0,0,0,0
2019-09-18 00:00:00,0,0,0,0,0,0,0,0,0,0
2019-09-19 00:00:00,0,0,0,0,0,0,0,0,0,0
2019-09-20 00:00:00,0,0,0,0,0,0,0,0,0,0
2019-09-21 00:00:00,0,0,0,0,0,0,0,0,0,0
2019-09-22 00:00:00,0,0,0,0,0,0,0,0,0,0
2019-09-23 00:00:00,0,0,0,0,0,0,0,0,0,0
2019-09-24 00:00:00,0,0,0,0,0,0,0,0,0,0
2019-09-25 00:00:00,0,0,0,0,0,0,0,0,0,0
2019-09-26 00:00:00,0,0,0,0,0,0,0,0,0,0
2019-09-27 00:00:00,0,0,0,0,0,0,0,0,0,0
2019-09-28 00:00:00,0,0,0,0,0,0,0,0,0,0
2019-09-29 00:00:00,0,0,0,0,0,0,0,0,0,0
2019-09-30 00:00:00,0,0,0,0,0,0,0,0,0,0
2019-10-01 00:00:00,0,0,0,0,0,0,0,0,0,0
2019-10-02 00:00:00,0,0,0,0,0,0,0,0,0,0
2019-10-03 00:00:00,0,0,0,0,0,0,0,0,0,0
2019-10-04 00:00:00,0,0,0,0,0,0,0,0,0,0
2019-10-05 00:00:00,0,0,0,0,0,0,0,0,0,0
2019-10-06 00:00:00,0,0,0,0,0,0,0,0,0,0
2019-10-07 00:00:00,0,0,0,0,0,0,0,0,0,0
2019-10-08 00:00:00,0,0,0,0,0,0,0,0,0,0
2019-10-09 00:00:00,0,0,0,0,0,0,0,0,0,0
2019-10-10 00:00:00,0,0,0,0,0,0,0,0,0,0
2019-10-11 00:00:00,0,0,0,0,0,0,0,0,0,0
2019-10-12 00:00:00,0,0,0,0,0,0,0,0,0,0
2019-10-13 00:00:00,0,0,0,0,0,0,0,0,0,0
2019-10-14 00:00:00,0,0,0,0,0,0,0,0,0,0
2019-10-15 00:00:00,0,0,0,0,0,0,0,0,0,0
2019-10-16 00:00:00,0,0,0,0,0,0,0,0,0,0
2019-10-17 00:00:00,0,0,0,0,0,0,0,0,0,0
2019-10-18 00:00:00,0,0,0,0,0,0,0,0,0,0
2019-10-19 00:00:00,0,0,0,0,0,0,0,0,0,0
2019-10-20 00:00:00,0,0,0,0,0,0,0,0,0,0
2019-10-21 00:00:00,0,0,0,0,0,0,0,0,0,0
2019-10-22 00:00:00,0,0,0,0,0,0,0,0,0,0
2019-10-23 00:00:00,0,0,0,0,0,0,0,0,0,0
2019-10-24 00:00:00,0,0,0,0,0,0,0,0,0,0
2019-10-25 00:00:00,0,0,0,0,0,0,0,0,0,0
2019-10-26 00:00:00,0,0,0,0,0,0,0,0,0,0
2019-10-27 00:00:00,0,0,0,0,0,0,0,0,0,0
2019-10-28 00:00:00,0,0,0,0,0,0,0,0,0,0
2019-10-29 00:00:00,0,0,0,0,0,0,0,0,0,0
2019-10-30 00:00:00,0,0,0,0,0,0,0,0,0,0
2019-10-31 00:00:00,0,0,0,0,0,0,0,0,0,0
2019-11-01 00:00:00,0,0,0,0,0,0,0,0,0,0
2019-11-02 00:00:00,0,0,0,0,0,0,0,0,0,0
2019-11-03 00:00:00,0,0,0,0,0,0,0,0,0,0
2019-11-04 00:00:00,0,0,0,0,0,0,0,0,0,0
2019-11-05 00:00:00,0,0,0,0,0,0,0,0,0,0
2019-11-06 00:00:00,0,0,0,0,0,0,0,0,0,0
2019-11-07 00:00:00,0,0,0,0,0,0,0,0,0,0
2019-11-08 00:00:00,0,0,0,0,0,0,0,0,0,0
2019-11-09 00:00:00,0,0,0,0,0,0,0,0,0,0
2019-11-10 00:00:00,0,0,0,0,0,0,0,0,0,0
2019-11-11 00:00:00,0,0,0,0,0,0,0,0,0,0
2019-11-12 00:00:00,0,0,0,0,0,0,0,0,0,0
2019-11-13 00:00:00,0,0,0,0,0,0,0,0,0,0
2019-11-14 00:00:00,0,0,0,0,0,0,0,0,0,0
2019-11-15 00:00:00,0,0,0,0,0,0,0,0,0,0
2019-11-16 00:00:00,0,0,0,0,0,0,0,0,0,0
2019-11-17 00:00:00,0,0,0,0,0,0,0,0,0,0
2019-11-18 00:00:00,0,0,0,0,0,0,0,0,0,0
2019-11-19 00:00:00,0,0,0,0,0,0,0,0,0,0
2019-11-20 00:00:00,0,0,0,0,0,0,0,0,0,0
2019-11-21 00:00:00,0,0,0,0,0,0,0,0,0,0
2019-11-22 00:00:00,0,0,0,0,0,0,0,0,0,0
2019-11-23 00:00:00,0,0,0,0,0,0,0,0,0,0
2019-11-24 00:00:00,0,0,0,0,0,0,0,0,0,0
2019-11-25 00:00:00,0,0,0,0,0,0,0,0,0,0
2019-11-26 00:00:00,0,0,0,0,0,0,0,0,0,0
2019-11-27 00:00:00,0,0,0,0,0,0,0,0,0,0
2019-11-28 00:00:00,0,0,0,0,0,0,0,0,0,0
2019-11-29 00:00:00,0,0,0,0,0,0,0,0,0,0
2019-11-30 00:00:00,0,0,0,0,0,0,0,0,0,0
2019-12-01 00:00:00,0,0,0,0,0,0,0,0,0,0
2019-12-02 00:00:00,0,0,0,0,0,0,0,0,0,0
2019-12-03 00:00:00,0,0,0,0,0,0,0,0,0,0
2019-12-04 00:00:00,0,0,0,0,0,0,0,0,0,0
2019-12-05 00:00:00,0,0,0,0,0,0,0,0,0,0
2019-12-06 00:00:00,0,0,0,0,0,0,0,0,0,0
2019-12-07 00:00:00,0,0,0,0,0,0,0,0,0,0
2019-12-08 00:00:00,0,0,0,0,0,0,0,0,0,0
2019-12-09 00:00:00,0,0,0,0,0,0,0,0,0,0
2019-12-10 00:00:00,0,0,0,0,0,0,0,0,0,0
2019-12-11 00:00:00,0,0,0,0,0,0,0,0,0,0
2019-12-12 00:00:00,0,0,0,0,0,0,0,0,0,0
2019-12-13 00:00:00,0,0,0,0,0,0,0,0,0,0
2019-12-14 00:00:00,0,0,0,0,0,0,0,0,0,0
2019-12-15 00:00:00,0,0,0,0,0,0,0,0,0,0
2019-12-16 00:00:00,0,0,0,0,0,0,0,0,0,0
2019-12-17 00:00:00,0,0,0,0,0,0,0,0,0,0
2019-12-18 00:00:00,0,0,0,0,0,0,0,0,0,0
2019-12-19 00:00:00,0,0,0,0,0,0,0,0,0,0
2019-12-20 00:00:00,0,0,0,0,0,0,0,0,0,0
2019-12-21 00:00:00,0,0,0,0,0,0,0,0,0,0
2019-12-22 00:00:00,0,0,0,0,0,0,0,0,0,0
2019-12-23 00:00:00,0,0,0,0,0,0,0,0,0,0
2019-12-24 00:00:00,0,0,0,0,0,0,0,0,0,0
2019-12-25 00:00:00,0,0,0,0,0,0,0,0,0,0
2019-12-26 00:00:00,0,0,0,0,0,0,0,0,0,0
2019-12-27 00:00:00,0,0,0,0,0,0,0,0,0,0
2019-12-28 00:00:00,0,0,0,0,0,0,0,0,0,0
2019-12-29 00:00:00,0,0,0,0,0,0,0,0,0,0
2019-12-30 00:00:00,0,0,0,0,0,0,0,0,0,0
2019-12-31 00:00:00,0,0,0,0,0,0,0,0,0,0
2020-01-01 00:00:00,0,0,0,0,0,0,0,0,0,0
2020-01-02 00:00:00,0,0,0,0,0,0,0,0,0,0
2020-01-03 00:00:00,0,0,0,0,0,0,0,0,0,0
2020-01-04 00:00:00,0,0,0,0,0,0,0,0,0,0
2020-01-05 00:00:00,0,0,0,0,0,0,0,0,0,0
2020-01-06 00:00:00,0,0,0,0,0,0,0,0,0,0
2020-01-07 00:00:00,0,0,0,0,0,0,0,0,0,0
2020-01-08 00:00:00,0,0,0,0,0,0,0,0,0,0
2020-01-09 00:00:00,0,0,0,0,0,0,0,0,0,0
2020-01-10 00:00:00,0,0,0,0,0,0,0,0,0,0
2020-01-11 00:00:00,0,0,0,0,0,0,0,0,0,0
2020-01-12 00:00:00,0,0,0,0,0,0,0,0,0,0
2020-01-13 00:00:00,0,0,0,0,0,0,0,0,0,0
2020-01-14 00:00:00,0,0,0,0,0,0,0,0,0,0
2020-01-15 00:00:00,0,0,0,0,0,0,0,0,0,0
2020-01-16 00:00:00,0,0,0,0,0,0,0,0,0,0
2020-01-17 00:00:00,0,0,0,0,0,0,0,0,0,0
2020-01-18 00:00:00,0,0,0,0,0,0,0,0,0,0
2020-01-19 00:00:00,0,0,0,0,0,0,0,0,0,0
2020-01-20 00:00:00,0,0,0,0,0,0,0,0,0,0
2020-01-21 00:00:00,0,0,0,0,0,0,0,0,0,0
2020-01-22 00:00:00,0,0,0,0,0,0,0,0,0,0
2020-01-23 00:00:00,0,0,0,0,0,0,0,0,0,0
2020-01-24 00:00:00,0,0,0,0,0,0,0,0,0,0
2020-01-25 00:00:00,0,0,0,0,0,0,0,0,0,0
2020-01-26 00:00:00,0,0,0,0,0,0,0,0,0,0
2020-01-27 00:00:00,0,0,0,0,0,0,0,0,0,0
2020-01-28 00:00:00,0,0,0,0,0,0,0,0,0,0
2020-01-29 00:00:00,0,0,0,0,0,0,0,0,0,0
2020-01-30 00:00:00,0,0,0,0,0,0,0,0,0,0
2020-01-31 00:00:00,0,0,0,0,0,0,0,0,0,0
2020-02-01 00:00:00,0,0,0,0,0,0,0,0,0,0
2020-02-02 00:00:00,0,0,0,0,0,0,0,0,0,0
2020-02-03 00:00:00,0,0,0,0,0,0,0,0,0,0
2020-02-04 00:00:00,0,0,0,0,0,0,0,0,0,0
2020-02-05 00:00:00,0,0,0,0,0,0,0,0,0,0
2020-02-06 00:00:00,0,0,0,0,0,0,0,0,0,0
2020-02-07 00:00:00,0,0,0,0,0,0,0,0,0,0
2020-02-08 00:00:00,0,0,0,0,0,0,0,0,0,0
2020-02-09 00:00:00,0,0,0,0,0,0,0,0,0,0
2020-02-10 00:00:00,0,0,0,0,0,0,0,0,0,0
2020-02-11 00:00:00,0,0,0,0,0,0,0,0,0,0
2020-02-12 00:00:00,0,0,0,0,0,0,0,0,0,0
2020-02-13 00:00:00,0,0,0,0,0,0,0,0,0,0
2020-02-14 00:00:00,0,0,0,0,0,0,0,0,0,0
2020-02-15 00:00:00,0,0,0,0,0,0,0,0,0,0
2020-02-16 00:00:00,0,0,0,0,0,0,0,0,0,0
2020-02-17 00:00:00,0,0,0,0,0,0,0,0,0,0
2020-02-18 00:00:00,0,0,0,0,0,0,0,0,0,0
2020-02-19 00:00:00,0,0,0,0,0,0,0,0,0,0
2020-02-20 00:00:00,0,0,0,0,0,0,0,0,0,0
2020-02-21 00:00:00,0,0,0,0,0,0,0,0,0,0
2020-02-22 00:00:00,0,0,0,0,0,0,0,0,0,0
2020-02-23 00:00:00,0,0,0,0,0,0,0,0,0,0
2020-02-24 00:00:00,0,0,0,0,0,0,0,0,0,0
2020-02-25 00:00:00,0,0,0,0,0,0,0,0,0,0
2020-02-26 00:00:00,0,0,0,0,0,0,0,0,0,0
2020-02-27 00:00:00,0,0,0,0,0,0,0,0,0,0
2020-02-28 00:00:00,0,0,0,0,0,0,0,0,0,0
2020-02-29 00:00:00,0,0,0,0,0,0,0,0,0,0
2020-03-01 00:00:00,0,0,0,0,0,0,0,0,0,0
2020-03-02 00:00:00,0,0,0,0,0,0,0,0,0,0
2020-03-03 00:00:00,0,0,0,0,0,0,0,0,0,0
2020-03-04 00:00:00,0,0,0,0,0,0,0,0,0,0
2020-03-05 00:00:00,0,0,0,0,0,0,0,0,0,0
2020-03-06 00:00:00,0,0,0,0,0,0,0,0,0,0
2020-03-07 00:00:00,0,0,0,0,0,0,0,0,0,0
2020-03-08 00:00:00,0,0,0,0,0,0,0,0,0,0
2020-03-09 00:00:00,0,0,0,0,0,0,0,0,0,0
2020-03-10 00:00:00,0,0,0,0,0,0,0,0,0,0
2020-03-11 00:00:00,0,0,0,0,0,0,0,0,0,0
2020-03-12 00:00:00,0,0,0,0,0,0,0,0,0,0
2020-03-13 00:00:00,0,0,0,0,0,0,0,0,0,0
2020-03-14 00:00:00,0,0,0,0,0,0,0,0,0,0
2020-03-15 00:00:00,0,0,0,0,0,0,0,0,0,0
2020-03-16 00:00:00,0,0,0,0,0,0,0,0,0,0
2020-03-17 00:00:00,0,0,0,0,0,0,0,0,0,0
2020-03-18 00:00:00,0,0,0,0,0,0,0,0,0,0
2020-03-19 00:00:00,0,0,0,0,0,0,0,0,0,0
2020-03-20 00:00:00,0,0,0,0,0,0,0,0,0,0
2020-03-21 00:00:00,0,0,0,0,0,0,0,0,0,0
2020-03-22 00:00:00,0,0,0,0,0,0,0,0,0,0
2020-03-23 00:00:00,0,0,0,0,0,0,0,0,0,0
2020-03-24 00:00:00,0,0,0,0,0,0,0,0,0,0
2020-03-25 00:00:00,0,0,0,0,0,0,0,0,0,0
2020-03-26 00:00:00,0,0,0,0,0,0,0,0,0,0
2020-03-27 00:00:00,0,0,0,0,0,0,0,0,0,0
2020-03-28 00:00:00,0,0,0,0,0,0,0,0,0,0
2020-03-29 00:00:00,0,0,0,0,0,0,0,0,0,0
2020-03-30 00:00:00,0,0,0,0,0,0,0,0,0,0
2020-03-31 00:00:00,0,0,0,0,0,0,0,0,0,0
2020-04-01 00:00:00,0,0,0,0,0,0,0,0,0,0
2020-04-02 00:00:00,0,0,0,0,0,0,0,0,0,0
2020-04-03 00:00:00,0,0,0,0,0,0,0,0,0,0
2020-04-04 00:00:00,0,0,0,0,0,0,0,0,0,0
2020-04-05 00:00:00,0,0,0,0,0,0,0,0,0,0
2020-04-06 00:00:00,0,0,0,0,0,0,0,0,0,0
2020-04-07 00:00:00,0,0,0,0,0,0,0,0,0,0
2020-04-08 00:00:00,0,0,0,0,0,0,0,0,0,0
2020-04-09 00:00:00,0,0,0,0,0,0,0,0,0,0
2020-04-10 00:00:00,0,0,0,0,0,0,0,0,0,0
2020-04-11 00:00:00,0,0,0,0,0,0,0,0,0,0
2020-04-12 00:00:00,0,0,0,0,0,0,0,0,0,0
2020-04-13 00:00:00,0,0,0,0,0,0,0,0,0,0
2020-04-14 00:00:00,0,0,0,0,0,0,0,0,0,0
2020-04-15 00:00:00,0,0,0,0,0,0,0,0,0,0
2020-04-16 00:00:00,0,0,0,0,0,0,0,0,0,0
2020-04-17 00:00:00,0,0,0,0,0,0,0,0,0,0
2020-04-18 00:00:00,0,0,0,0,0,0,0,0,0,0
2020-04-19 00:00:00,0,0,0,0,0,0,0,0,0,0
2020-04-20 00:00:00,0,0,0,0,0,0,0,0,0,0
2020-04-21 00:00:00,0,0,0,0,0,0,0,0,0,0
2020-04-22 00:00:00,0,0,0,0,0,0,0,0,0,0
2020-04-23 00:00:00,0,0,0,0,0,0,0,0,0,0
2020-04-24 00:00:00,0,0,0,0,0,0,0,0,0,0
2020-04-25 00:00:00,0,0,0,0,0,0,0,0,0,0
2020-04-26 00:00:00,0,0,0,0,0,0,0,0,0,0
2020-04-27 00:00:00,0,0,0,0,0,0,0,0,0,0
2020-04-28 00:00:00,0,0,0,0,0,0,0,0,0,0
2020-04-29 00:00:00,0,0,0,0,0,0,0,0,0,0
2020-04-30 00:00:00,0,0,0,0,0,0,0,0,0,0
2020-05-01 00:00:00,0,0,0,0,0,0,0,0,0,0
2020-05-02 00:00:00,0,0,0,0,0,0,0,0,0,0
2020-05-03 00:00:00,0,0,0,0,0,0,0,0,0,0
2020-05-04 00:00:00,0,0,0,0,0,0,0,0,0,0
2020-05-05 00:00:00,0,0,0,0,0,0,0,0,0,0
2020-05-06 00:00:00,0,0,0,0,0,0,0,0,0,0
2020-05-07 00:00:00,0,0,0,0,0,0,0,0,0,0
2020-05-08 00:00:00,0,0,0,0,0,0,0,0,0,0
2020-05-09 00:00:00,0,0,0,0,0,0,0,0,0,0
2020-05-10 00:00:00,0,0,0,0,0,0,0,0,0,0
2020-05-11 00:00:00,0,0,0,0,0,0,0,0,0,0
2020-05-12 00:00:00,0,0,0,0,0,0,0,0,0,0
2020-05-13 00:00:00,0,0,0,0,0,0,0,0,0,0
2020-05-14 00:00:00,0,0,0,0,0,0,0,0,0,0
2020-05-15 00:00:00,0,0,0,0,0,0,0,0,0,0
2020-05-16 00:00:00,0,0,0,0,0,0,0,0,0,0
2020-05-17 00:00:00,0,0,0,0,0,0,0,0,0,0
2020-05-18 00:00:00,0,0,0,0,0,0,0,0,0,0
2020-05-19 00:00:00,0,0,0,0,0,0,0,0,0,0
2020-05-20 00:00:00,0,0,0,0,0,0,0,0,0,0
2020-05-21 00:00:00,0,0,0,0,0,0,0,0,0,0
2020-05-22 00:00:00,0,0,0,0,0,0,0,0,0,0
2020-05-23 00:00:00,0,0,0,0,0,0,0,0,0,0
2020-05-24 00:00:00,0,0,0,0,0,0,0,0,0,0
2020-05-25 00:00:00,0,0,0,0,0,0,0,0,0,0
2020-05-26 00:00:00,0,0,0,0,0,0,0,0,0,0
2020-05-27 00:00:00,0,0,0,0,0,0,0,0,0,0
2020-05-28 00:00:00,0,0,0,0,0,0,0,0,0,0
2020-05-29 00:00:00,0,0,0,0,0,0,0,0,0,0
2020-05-30 00:00:00,0,0,0,0,0,0,0,0,0,0
2020-05-31 00:00:00,0,0,0,0,0,0,0,0,0,0
2020-06-01 00:00:00,0,0,0,0,0,0,0,0,0,0
2020-06-02 00:00:00,0,0,0,0,0,0,0,0,0,0
2020-06-03 00:00:00,0,0,0,0,0,0,0,0,0,0
2020-06-04 00:00:00,0,0,0,0,0,0,0,0,0,0
2020-06-05 00:00:00,0,0,0,0,0,0,0,0,0,0
2020-06-06 00:00:00,0,0,0,0,0,0,0,0,0,0
2020-06-07 00:00:00,0,0,0,0,0,0,0,0,0,0
2020-06-08 00:00:00,0,0,0,0,0,0,0,0,0,0
2020-06-09 00:00:00,0,0,0,0,0,0,0,0,0,0
2020-06-10 00:00:00,0,0,0,0,0,0,0,0,0,0
2020-06-11 00:00:00,0,0,0,0,0,0,0,0,0,0
2020-06-12 00:00:00,0,0,0,0,0,0,0,0,0,0
2020-06-13 00:00:00,0,0,0,0,0,0,0,0,0,0
2020-06-14 00:00:00,0,0,0,0,0,0,0,0,0,0
2020-06-15 00:00:00,0,0,0,0,0,0,0,0,0,0
2020-06-16 00:00:00,0,0,0,0,0,0,0,0,0,0
2020-06-17 00:00:00,0,0,0,0,0,0,0,0,0,0
2020-06-18 00:00:00,0,0,0,0,0,0,0,0,0,0
2020-06-19 00:00:00,0,0,0,0,0,0,0,0,0,0
2020-06-20 00:00:00,0,0,0,0,0,0,0,0,0,0
2020-06-21 00:00:00,0,0,0,0,0,0,0,0,0,0
2020-06-22 00:00:00,0,0,0,0,0,0,0,0,0,0
2020-06-23 00:00:00,0,0,0,0,0,0,0,0,0,0
2020-06-24 00:00:00,0,0,0,0,0,0,0,0,0,0
2020-06-25 00:00:00,0,0,0,0,0,0,0,0,0,0
2020-06-26 00:00:00,0,0,0,0,0,0,0,0,0,0
2020-06-27 00:00:00,0,0,0,0,0,0,0,0,0,0
2020-06-28 00:00:00,0,0,0,0,0,0,0,0,0,0
2020-06-29 00:00:00,0,0,0,0,0,0,0,0,0,0
2020-06-30 00:00:00,0,0,0,0,0,0,0,0,0,0
2020-07-01 00:00:00,0,0,0,0,0,0,0,0,0,0
2020-07-02 00:00:00,0,0,0,0,0,0,0,0,0,0
2020-07-03 00:00:00,0,0,0,0,0,0,0,0,0,0
2020-07-04 00:00:00,0,0,0,0,0,0,0,0,0,0
2020-07-05 00:00:00,0,0,0,0,0,0,0,0,0,0
2020-07-06 00:00:00,0,0,0,0,0,0,0,0,0,0
2020-07-07 00:00:00,0,0,0,0,0,0,0,0,0,0
2020-07-08 00:00:00,0,0,0,0,0,0,0,0,0,0
2020-07-09 00:00:00,0,0,0,0,0,0,0,0,0,0
2020-07-10 00:00:00,0,0,0,0,0,0,0,0,0,0
2020-07-11 00:00:00,0,0,0,0,0,0,0,0,0,0
2020-07-12 00:00:00,0,0,0,0,0,0,0,0,0,0
2020-07-13 00:00:00,0,0,0,0,0,0,0,0,0,0
2020-07-14 00:00:00,0,0,0,0,0,0,0,0,0,0
2020-07-15 00:00:00,0,0,0,0,0,0,0,0,0,0
2020-07-16 00:00:00,0,0,0,0,0,0,0,0,0,0
2020-07-17 00:00:00,0,0,0,0,0,0,0,0,0,0
2020-07-18 00:00:00,0,0,0,0,0,0,0,0,0,0
2020-07-19 00:00:00,0,0,0,0,0,0,0,0,0,0
2020-07-20 00:00:00,0,0,0,0,0,0,0,0,0,0
2020-07-21 00:00:00,0,0,0,0,0,0,0,0,0,0
2020-07-22 00:00:00,0,0,0,0,0,0,0,0,0,0
2020-07-23 00:00:00,0,0,0,0,0,0,0,0,0,0
2020-07-24 00:00:00,0,0,0,0,0,0,0,0,0,0
2020-07-25 00:00:00,0,0,0,0,0,0,0,0,0,0
2020-07-26 00:00:00,0,0,0,0,0,0,0,0,0,0
2020-07-27 00:00:00,0,0,0,0,0,0,0,0,0,0
2020-07-28 00:00:00,0,0,0,0,0,0,0,0,0,0
2020-07-29 00:00:00,0,0,0,0,0,0,0,0,0,0
2020-07-30 00:00:00,0,0,0,0,0,0,0,0,0,0
2020-07-31 00:00:00,0,0,0,0,0,0,0,0,0,0
2020-08-01 00:00:00,0,0,0,0,0,0,0,0,0,0
2020-08-02 00:00:00,0,0,0,0,0,0,0,0,0,0
2020-08-03 00:00:00,0,0,0,0,0,0,0,0,0,0
2020-08-04 00:00:00,0,0,0,0,0,0,0,0,0,0
2020-08-05 00:00:00,0,0,0,0,0,0,0,0,0,0
2020-08-06 00:00:00,0,0,0,0,0,0,0,0,0,0
2020-08-07 00:00:00,0,0,0,0,0,0,0,0,0,0
2020-08-08 00:00:00,0,0,0,0,0,0,0,0,0,0
2020-08-09 00:00:00,0,0,0,0,0,0,0,0,0,0
2020-08-10 00:00:00,0,0,0,0,0,0,0,0,0,0
2020-08-11 00:00:00,0,0,0,0,0,0,0,0,0,0
2020-08-12 00:00:00,0,0,0,0,0,0,0,0,0,0
2020-08-13 00:00:00,0,0,0,0,0,0,0,0,0,0
2020-08-14 00:00:00,0,0,0,0,0,0,0,0,0,0
2020-08-15 00:00:00,0,0,0,0,0,0,0,0,0,0
2020-08-16 00:00:00,0,0,0,0,0,0,0,0,0,0
2020-08-17 00:00:00,0,0,0,0,0,0,0,0,0,0
2020-08-18 00:00:00,0,0,0,0,0,0,0,0,0,0
2020-08-19 00:00:00,0,0,0,0,0,0,0,0,0,0
2020-08-20 00:00:00,0,0,0,0,0,0,0,0,0,0
2020-08-21 00:00:00,0,0,0,0,0,0,0,0,0,0
2020-08-22 00:00:00,0,0,0,0,0,0,0,0,0,0
2020-08-23 00:00:00,0,0,0,0,0,0,0,0,0,0
2020-08-24 00:00:00,0,0,0,0,0,0,0,0,0,0
2020-08-25 00:00:00,0,0,0,0,0,0,0,0,0,0
2020-08-26 00:00:00,0,0,0,0,0,0,0,0,0,0
2020-08-27 00:00:00,0,0,0,0,0,0,0,0,0,0
2020-08-28 00:00:00,0,0,0,0,0,0,0,0,0,0
2020-08-29 00:00:00,0,0,0,0,0,0,0,0,0,0
2020-08-30 00:00:00,0,0,0,0,0,0,0,0,0,0
2020-08-31 00:00:00,0,0,0,0,0,0,0,0,0,0
2020-09-01 00:00:00,0,0,0,0,0,0,0,0,0,0
2020-09-02 00:00:00,0,0,0,0,0,0,0,0,0,0
2020-09-03 00:00:00,0,0,0,0,0,0,0,0,0,0
2020-09-04 00:00:00,0,0,0,0,0,0,0,0,0,0
2020-09-05 00:00:00,0,0,0,0,0,0,0,0,0,0
2020-09-06 00:00:00,0,0,0,0,0,0,0,0,0,0
2020-09-07 00:00:00,0,0,0,0,0,0,0,0,0,0
2020-09-08 00:00:00,0,0,0,0,0,0,0,0,0,0
2020-09-09 00:00:00,0,0,0,0,0,0,0,0,0,0
2020-09-10 00:00:00,0,0,0,0,0,0,0,0,0,0
2020-09-11 00:00:00,0,0,0,0,0,0,0,0,0,0
2020-09-12 00:00:00,0,0,0,0,0,0,0,0,0,0
2020-09-13 00:00:00,0,0,0,0,0,0,0,0,0,0
2020-09-14 00:00:00,0,0,0,0,0,0,0,0,0,0
2020-09-15 00:00:00,0,0,0,0,0,0,0,0,0,0
2020-09-16 00:00:00,0,0,0,0,0,0,0,0,0,0
2020-09-17 00:00:00,0,0,0,0,0,0,0,0,0,0
2020-09-18 00:00:00,0,0,0,0,0,0,0,0,0,0
2020-09-19 00:00:00,0,0,0,0,0,0,0,0,0,0
2020-09-20 00:00:00,0,0,0,0,0,0,0,0,0,0
2020-09-21 00:00:00,0,0,0,0,0,0,0,0,0,0
2020-09-22 00:00:00,0,0,0,0,0,0,0,0,0,0
2020-09-23 00:00:00,0,0,0,0,0,0,0,0,0,0
2020-09-24 00:00:00,0,0,0,0,0,0,0,0,0,0
2020-09-25 00:00:00,0,0,0,0,0,0,0,0,0,0
2020-09-26 00:00:00,0,0,0,0,0,0,0,0,0,0
2020-09-27 00:00:00,0,0,0,0,0,0,0,0,0,0
2020-09-28 00:00:00,0,0,0,0,0,0,0,0,0,0
2020-09-29 00:00:00,0,0,0,0,0,0,0,0,0,0
2020-09-30 00:00:00,0,0,0,0,0,0,0,0,0,0
2020-10-01 00:00:00,0,0,0,0,0,0,0,0,0,0
2020-10-02 00:00:00,0,0,0,0,0,0,0,0,0,0
2020-10-03 00:00:00,0,0,0,0,0,0,0,0,0,0
2020-10-04 00:00:00,0,0,0,0,0,0,0,0,0,0
2020-10-05 00:00:00,0,0,0,0,0,0,0,0,0,0
2020-10-06 00:00:00,0,0,0,0,0,0,0,0,0,0
2020-10-07 00:00:00,0,0,0,0,0,0,0,0,0,0
2020-10-08 00:00:00,0,0,0,0,0,0,0,0,0,0
2020-10-09 00:00:00,0,0,0,0,0,0,0,0,0,0
2020-10-10 00:00:00,0,0,0,0,0,0,0,0,0,0
2020-10-11 00:00:00,0,0,0,0,0,0,0,0,0,0
2020-10-12 00:00:00,0,0,0,0,0,0,0,0,0,0
2020-10-13 00:00:00,0,0,0,0,0,0,0,0,0,0
2020-10-14 00:00:00,0,0,0,0,0,0,0,0,0,0
2020-10-15 00:00:00,0,0,0,0,0,0,0,0,0,0
2020-10-16 00:00:00,0,0,0,0,0,0,0,0,0,0
2020-10-17 00:00:00,0,0,0,0,0,0,0,0,0,0
2020-10-18 00:00:00,0,0,0,0,0,0,0,0,0,0
2020-10-19 00:00:00,0,0,0,0,0,0,0,0,0,0
2020-10-20 00:00:00,0,0,0,0,0,0,0,0,0,0
2020-10-21 00:00:00,0,0,0,0,0,0,0,0,0,0
2020-10-22 00:00:00,0,0,0,0,0,0,0,0,0,0
2020-10-23 00:00:00,0,0,0,0,0,0,0,0,0,0
2020-10-24 00:00:00,0,0,0,0,0,0,0,0,0,0
2020-10-25 00:00:00,0,0,0,0,0,0,0,0,0,0
2020-10-26 00:00:00,0,0,0,0,0,0,0,0,0,0
2020-10-27 00:00:00,0,0,0,0,0,0,0,0,0,0
2020-10-28 00:00:00,0,0,0,0,0,0,0,0,0,0
2020-10-29 00:00:00,0,0,0,0,0,0,0,0,0,0
2020-10-30 00:00:00,0,0,0,0,0,0,0,0,0,0
2020-10-31 00:00:00,0,0,0,0,0,0,0,0,0,0
2020-11-01 00:00:00,0,0,0,0,0,0,0,0,0,0
2020-11-02 00:00:00,0,0,0,0,0,0,0,0,0,0
2020-11-03 00:00:00,0,0,0,0,0,0,0,0,0,0
2020-11-04 00:00:00,0,0,0,0,0,0,0,0,0,0
2020-11-05 00:00:00,0,0,0,0,0,0,0,0,0,0
2020-11-06 00:00:00,0,0,0,0,0,0,0,0,0,0
2020-11-07 00:00:00,0,0,0,0,0,0,0,0,0,0
2020-11-08 00:00:00,0,0,0,0,0,0,0,0,0,0
2020-11-09 00:00:00,0,0,0,0,0,0,0,0,0,0
2020-11-10 00:00:00,0,0,0,0,0,0,0,0,0,0
2020-11-11 00:00:00,0,0,0,0,0,0,0,0,0,0
2020-11-12 00:00:00,0,0,0,0,0,0,0,0,0,0
2020-11-13 00:00:00,0,0,0,0,0,0,0,0,0,0
2020-11-14 00:00:00,0,0,0,0,0,0,0,0,0,0
2020-11-15 00:00:00,0,0,0,0,0,0,0,0,0,0
2020-11-16 00:00:00,0,0,0,0,0,0,0,0,0,0
2020-11-17 00:00:00,0,0,0,0,0,0,0,0,0,0
2020-11-18 00:00:00,0,0,0,0,0,0,0,0,0,0
2020-11-19 00:00:00,0,0,0,0,0,0,0,0,0,0
2020-11-20 00:00:00,0,0,0,0,0,0,0,0,0,0
2020-11-21 00:00:00,0,0,0,0,0,0,0,0,0,0
2020-11-22 00:00:00,0,0,0,0,0,0,0,0,0,0
2020-11-23 00:00:00,0,0,0,0,0,0,0,0,0,0
2020-11-24 00:00:00,0,0,0,0,0,0,0,0,0,0
2020-11-25 00:00:00,0,0,0,0,0,0,0,0,0,0
2020-11-26 00:00:00,0,0,0,0,0,0,0,0,0,0
2020-11-27 00:00:00,0,0,0,0,0,0,0,0,0,0
2020-11-28 00:00:00,0,0,0,0,0,0,0,0,0,0
2020-11-29 00:00:00,0,0,0,0,0,0,0,0,0,0
2020-11-30 00:00:00,0,0,0,0,0,0,0,0,0,0
2020-12-01 00:00:00,0,0,0,0,0,0,0,0,0,0
2020-12-02 00:00:00,0,0,0,0,0,0,0,0,0,0
2020-12-03 00:00:00,0,0,0,0,0,0,0,0,0,0
2020-12-04 00:00:00,0,0,0,0,0,0,0,0,0,0
2020-12-05 00:00:00,0,0,0,0,0,0,0,0,0,0
2020-12-06 00:00:00,0,0,0,0,0,0,0,0,0,0
2020-12-07 00:00:00,0,0,0,0,0,0,0,0,0,0
2020-12-08 00:00:00,0,0,0,0,0,0,0,0,0,0
2020-12-09 00:00:00,0,0,0,0,0,0,0,0,0,0
2020-12-10 00:00:00,0,0,0,0,0,0,0,0,0,0
2020-12-11 00:00:00,0,0,0,0,0,0,0,0,0,0
2020-12-12 00:00:00,0,0,0,0,0,0,0,0,0,0
2020-12-13 00:00:00,0,0,0,0,0,0,0,0,0,0
2020-12-14 00:00:00,0,0,0,0,0,0,0,0,0,0
2020-12-15 00:00:00,0,0,0,0,0,0,0,0,0,0
2020-12-16 00:00:00,0,0,0,0,0,0,0,0,0,0
2020-12-17 00:00:00,0,0,0,0,0,0,0,0,0,0
2020-12-18 00:00:00,0,0,0,0,0,0,0,0,0,0
2020-12-19 00:00:00,0,0,0,0,0,0,0,0,0,0
2020-12-20 00:00:00,0,0,0,0,0,0,0,0,0,0
2020-12-21 00:00:00,0,0,0,0,0,0,0,0,0,0
2020-12-22 00:00:00,0,0,0,0,0,0,0,0,0,0
2020-12-23 00:00:00,0,0,0,0,0,0,0,0,0,0
2020-12-24 00:00:00,0,0,0,0,0,0,0,0,0,0
2020-12-25 00:00:00,0,0,0,0,0,0,0,0,0,0
2020-12-26 00:00:00,0,0,0,0,0,0,0,0,0,0
2020-12-27 00:00:00,0,0,0,0,0,0,0,0,0,0
2020-12-28 00:00:00,0,0,0,0,0,0,0,0,0,0
2020-12-29 00:00:00,0,0,0,0,0,0,0,0,0,0
2020-12-30 00:00:00,0,0,0,0,0,0,0,0,0,0
2020-12-31 00:00:00,0,0,0,0,0,0,0,0,0,0
2021-01-01 00:00:00,0,0,0,0,0,0,0,0,0,0
2021-01-02 00:00:00,0,0,0,0,0,0,0,0,0,0
2021-01-03 00:00:00,0,0,0,0,0,0,0,0,0,0
2021-01-04 00:00:00,0,0,0,0,0,0,0,0,0,0
2021-01-05 00:00:00,0,0,0,0,0,0,0,0,0,0
2021-01-06 00:00:00,0,0,0,0,0,0,0,0,0,0
2021-01-07 00:00:00,0,0,0,0,0,0,0,0,0,0
2021-01-08 00:00:00,0,0,0,0,0,0,0,0,0,0
2021-01-09 00:00:00,0,0,0,0,0,0,0,0,0,0
2021-01-10 00:00:00,0,0,0,0,0,0,0,0,0,0
2021-01-11 00:00:00,0,0,0,0,0,0,0,0,0,0
2021-01-12 00:00:00,0,0,0,0,0,0,0,0,0,0
2021-01-13 00:00:00,0,0,0,0,0,0,0,0,0,0
2021-01-14 00:00:00,0,0,0,0,0,0,0,0,0,0
2021-01-15 00:00:00,0,0,0,0,0,0,0,0,0,0
2021-01-16 00:00:00,0,0,0,0,0,0,0,0,0,0
2021-01-17 00:00:00,0,0,0,0,0,0,0,0,0,0
2021-01-18 00:00:00,0,0,0,0,0,0,0,0,0,0
2021-01-19 00:00:00,0,0,0,0,0,0,0,0,0,0
2021-01-20 00:00:00,0,0,0,0,0,0,0,0,0,0
2021-01-21 00:00:00,0,0,0,0,0,0,0,0,0,0
2021-01-22 00:00:00,0,0,0,0,0,0,0,0,0,0
2021-01-23 00:00:00,0,0,0,0,0,0,0,0,0,0
2021-01-24 00:00:00,0,0,0,0,0,0,0,0,0,0
2021-01-25 00:00:00,0,0,0,0,0,0,0,0,0,0
2021-01-26 00:00:00,0,0,0,0,0,0,0,0,0,0
2021-01-27 00:00:00,0,0,0,0,0,0,0,0,0,0
2021-01-28 00:00:00,0,0,0,0,0,0,0,0,0,0
2021-01-29 00:00:00,0,0,0,0,0,0,0,0,0,0
2021-01-30 00:00:00,0,0,0,0,0,0,0,0,0,0
2021-01-31 00:00:00,0,0,0,0,0,0,0,0,0,0
2021-02-01 00:00:00,0,0,0,0,0,0,0,0,0,0
2021-02-02 00:00:00,0,0,0,0,0,0,0,0,0,0
2021-02-03 00:00:00,0,0,0,0,0,0,0,0,0,0
2021-02-04 00:00:00,0,0,0,0,0,0,0,0,0,0
2021-02-05 00:00:00,0,0,0,0,0,0,0,0,0,0
2021-02-06 00:00:00,0,0,0,0,0,0,0,0,0,0
2021-02-07 00:00:00,0,0,0,0,0,0,0,0,0,0
2021-02-08 00:00:00,0,0,0,0,0,0,0,0,0,0
2021-02-09 00:00:00,0,0,0,0,0,0,0,0,0,0
2021-02-10 00:00:00,0,0,0,0,0,0,0,0,0,0
2021-02-11 00:00:00,0,0,0,0,0,0,0,0,0,0
2021-02-12 00:00:00,0,0,0,0,0,0,0,0,0,0
2021-02-13 00:00:00,0,0,0,0,0,0,0,0,0,0
2021-02-14 00:00:00,0,0,0,0,0,0,0,0,0,0
2021-02-15 00:00:00,0,0,0,0,0,0,0,0,0,0
2021-02-16 00:00:00,0,0,0,0,0,0,0,0,0,0
2021-02-17 00:00:00,0,0,0,0,0,0,0,0,0,0
2021-02-18 00:00:00,0,0,0,0,0,0,0,0,0,0
2021-02-19 00:00:00,0,0,0,0,0,0,0,0,0,0
2021-02-20 00:00:00,0,0,0,0,0,0,0,0,0,0
2021-02-21 00:00:00,0,0,0,0,0,0,0,0,0,0
2021-02-22 00:00:00,0,0,0,0,0,0,0,0,0,0
2021-02-23 00:00:00,0,0,0,0,0,0,0,0,0,0
2021-02-24 00:00:00,0,0,0,0,0,0,0,0,0,0
2021-02-25 00:00:00,0,0,0,0,0,0,0,0,0,0
2021-02-26 00:00:00,0,0,0,0,0,0,0,0,0,0
2021-02-27 00:00:00,0,0,0,0,0,0,0,0,0,0
2021-02-28 00:00:00,0,0,0,0,0,0,0,0,0,0
2021-03-01 00:00:00,0,0,0,0,0,0,0,0,0,0
2021-03-02 00:00:00,0,0,0,0,0,0,0,0,0,0
2021-03-03 00:00:00,0,0,0,0,0,0,0,0,0,0
2021-03-04 00:00:00,0,0,0,0,0,0,0,0,0,0
2021-03-05 00:00:00,0,0,0,0,0,0,0,0,0,0
2021-03-06 00:00:00,0,0,0,0,0,0,0,0,0,0
2021-03-07 00:00:00,0,0,0,0,0,0,0,0,0,0
2021-03-08 00:00:00,0,0,0,0,0,0,0,0,0,0
2021-03-09 00:00:00,0,0,0,0,0,0,0,0,0,0
2021-03-10 00:00:00,0,0,0,0,0,0,0,0,0,0
2021-03-11 00:00:00,0,0,0,0,0,0,0,0,0,0
2021-03-12 00:00:00,0,0,0,0,0,0,0,0,0,0
2021-03-13 00:00:00,0,0,0,0,0,0,0,0,0,0
2021-03-14 00:00:00,0,0,0,0,0,0,0,0,0,0
2021-03-15 00:00:00,0,0,0,0,0,0,0,0,0,0
2021-03-16 00:00:00,0,0,0,0,0,0,0,0,0,0
2021-03-17 00:00:00,0,0,0,0,0,0,0,0,0,0
2021-03-18 00:00:00,0,0,0,0,0,0,0,0,0,0
2021-03-19 00:00:00,0,0,0,0,0,0,0,0,0,0
2021-03-20 00:00:00,0,0,0,0,0,0,0,0,0,0
2021-03-21 00:00:00,0,0,0,0,0,0,0,0,0,0
2021-03-22 00:00:00,0,0,0,0,0,0,0,0,0,0
2021-03-23 00:00:00,0,0,0,0,0,0,0,0,0,0
2021-03-24 00:00:00,0,0,0,0,0,0,0,0,0,0
2021-03-25 00:00:00,0,0,0,0,0,0,0,0,0,0
2021-03-26 00:00:00,0,0,0,0,0,0,0,0,0,0
2021-03-27 00:00:00,0,0,0,0,0,0,0,0,0,0
2021-03-28 00:00:00,0,0,0,0,0,0,0,0,0,0
2021-03-29 00:00:00,0,0,0,0,0,0,0,0,0,0
2021-03-30 00:00:00,0,0,0,0,0,0,0,0,0,0
2021-03-31 00:00:00,0,0,0,0,0,0,0,0,0,0
2021-04-01 00:00:00,0,0,0,0,0,0,0,0,0,0
2021-04-02 00:00:00,0,0,0,0,0,0,0,0,0,0
2021-04-03 00:00:00,0,0,0,0,0,0,0,0,0,0
2021-04-04 00:00:00,0,0,0,0,0,0,0,0,0,0
2021-04-05 00:00:00,0,0,0,0,0,0,0,0,0,0
2021-04-06 00:00:00,0,0,0,0,0,0,0,0,0,0
2021-04-07 00:00:00,0,0,0,0,0,0,0,0,0,0
2021-04-08 00:00:00,0,0,0,0,0,0,0,0,0,0
2021-04-09 00:00:00,0,0,0,0,0,0,0,0,0,0
2021-04-10 00:00:00,0,0,0,0,0,0,0,0,0,0
2021-04-11 00:00:00,0,0,0,0,0,0,0,0,0,0
2021-04-12 00:00:00,0,0,0,0,0,0,0,0,0,0
2021-04-13 00:00:00,0,0,0,0,0,0,0,0,0,0
2021-04-14 00:00:00,0,0,0,0,0,0,0,0,0,0
2021-04-15 00:00:00,0,0,0,0,0,0,0,0,0,0
2021-04-16 00:00:00,0,0,0,0,0,0,0,0,0,0
2021-04-17 00:00:00,0,0,0,0,0,0,0,0,0,0
2021-04-18 00:00:00,0,0,0,0,0,0,0,0,0,0
2021-04-19 00:00:00,0,0,0,0,0,0,0,0,0,0
2021-04-20 00:00:00,0,0,0,0,0,0,0,0,0,0
2021-04-21 00:00:00,0,0,0,0,0,0,0,0,0,0
2021-04-22 00:00:00,0,0,0,0,0,0,0,0,0,0
2021-04-23 00:00:00,0,0,0,0,0,0,0,0,0,0
2021-04-24 00:00:00,0,0,0,0,0,0,0,0,0,0
2021-04-25 00:00:00,0,0,0,0,0,0,0,0,0,0
2021-04-26 00:00:00,0,0,0,0,0,0,0,0,0,0
2021-04-27 00:00:00,0,0,0,0,0,0,0,0,0,0
2021-04-28 00:00:00,0,0,0,0,0,0,0,0,0,0
2021-04-29 00:00:00,0,0,0,0,0,0,0,0,0,0
2021-04-30 00:00:00,0,0,0,0,0,0,0,0,0,0
2021-05-01 00:00:00,0,0,0,0,0,0,0,0,0,0
2021-05-02 00:00:00,0,0,0,0,0,0,0,0,0,0
2021-05-03 00:00:00,0,0,0,0,0,0,0,0,0,0
2021-05-04 00:00:00,0,0,0,0,0,0,0,0,0,0
2021-05-05 00:00:00,0,0,0,0,0,0,0,0,0,0
2021-05-06 00:00:00,0,0,0,0,0,0,0,0,0,0
2021-05-07 00:00:00,0,0,0,0,0,0,0,0,0,0
2021-05-08 00:00:00,0,0,0,0,0,0,0,0,0,0
2021-05-09 00:00:00,0,0,0,0,0,0,0,0,0,0
2021-05-10 00:00:00,0,0,0,0,0,0,0,0,0,0
2021-05-11 00:00:00,0,0,0,0,0,0,0,0,0,0
2021-05-12 00:00:00,0,0,0,0,0,0,0,0,0,0
2021-05-13 00:00:00,0,0,0,0,0,0,0,0,0,0
2021-05-14 00:00:00,0,0,0,0,0,0,0,0,0,0
2021-05-15 00:00:00,0,0,0,0,0,0,0,0,0,0
2021-05-16 00:00:00,0,0,0,0,0,0,0,0,0,0
2021-05-17 00:00:00,0,0,0,0,0,0,0,0,0,0
2021-05-18 00:00:00,0,0,0,0,0,0,0,0,0,0
2021-05-19 00:00:00,0,0,0,0,0,0,0,0,0,0
2021-05-20 00:00:00,0,0,0,0,0,0,0,0,0,0
2021-05-21 00:00:00,0,0,0,0,0,0,0,0,0,0
2021-05-22 00:00:00,0,0,0,0,0,0,0,0,0,0
2021-05-23 00:00:00,0,0,0,0,0,0,0,0,0,0
2021-05-24 00:00:00,0,0,0,0,0,0,0,0,0,0
2021-05-25 00:00:00,0,0,0,0,0,0,0,0,0,0
2021-05-26 00:00:00,0,0,0,0,0,0,0,0,0,0
2021-05-27 00:00:00,0,0,0,0,0,0,0,0,0,0
2021-05-28 00:00:00,0,0,0,0,0,0,0,0,0,0
2021-05-29 00:00:00,0,0,0,0,0,0,0,0,0,0
2021-05-30 00:00:00,0,0,0,0,0,0,0,0,0,0
2021-05-31 00:00:00,0,0,0,0,0,0,0,0,0,0
2021-06-01 00:00:00,0,0,0,0,0,0,0,0,0,0
2021-06-02 00:00:00,0,0,0,0,0,0,0,0,0,0
2021-06-03 00:00:00,0,0,0,0,0,0,0,0,0,0
2021-06-04 00:00:00,0,0,0,0,0,0,0,0,0,0
2021-06-05 00:00:00,0,0,0,0,0,0,0,0,0,0
2021-06-06 00:00:00,0,0,0,0,0,0,0,0,0,0
2021-06-07 00:00:00,0,0,0,0,0,0,0,0,0,0
2021-06-08 00:00:00,0,0,0,0,0,0,0,0,0,0
2021-06-09 00:00:00,0,0,0,0,0,0,0,0,0,0
2021-06-10 00:00:00,0,0,0,0,0,0,0,0,0,0
2021-06-11 00:00:00,0,0,0,0,0,0,0,0,0,0
2021-06-12 00:00:00,0,0,0,0,0,0,0,0,0,0
2021-06-13 00:00:00,0,0,0,0,0,0,0,0,0,0
2021-06-14 00:00:00,0,0,0,0,0,0,0,0,0,0
2021-06-15 00:00:00,0,0,0,0,0,0,0,0,0,0
2021-06-16 00:00:00,0,0,0,0,0,0,0,0,0,0
2021-06-17 00:00:00,0,0,0,0,0,0,0,0,0,0
2021-06-18 00:00:00,0,0,0,0,0,0,0,0,0,0
2021-06-19 00:00:00,0,0,0,0,0,0,0,0,0,0
2021-06-20 00:00:00,0,0,0,0,0,0,0,0,0,0
2021-06-21 00:00:00,0,0,0,0,0,0,0,0,0,0
2021-06-22 00:00:00,0,0,0,0,0,0,0,0,0,0
2021-06-23 00:00:00,0,0,0,0,0,0,0,0,0,0
2021-06-24 00:00:00,0,0,0,0,0,0,0,0,0,0
2021-06-25 00:00:00,0,0,0,0,0,0,0,0,0,0
2021-06-26 00:00:00,0,0,0,0,0,0,0,0,0,0
2021-06-27 00:00:00,0,0,0,0,0,0,0,0,0,0
2021-06-28 00:00:00,0,0,0,0,0,0,0,0,0,0
2021-06-29 00:00:00,0,0,0,0,0,0,0,0,0,0
2021-06-30 00:00:00,0,0,0,0,0,0,0,0,0,0
2021-07-01 00:00:00,0,0,0,0,0,0,0,0,0,0
2021-07-02 00:00:00,0,0,0,0,0,0,0,0,0,0
2021-07-03 00:00:00,0,0,0,0,0,0,0,0,0,0
2021-07-04 00:00:00,0,0,0,0,0,0,0,0,0,0
2021-07-05 00:00:00,0,0,0,0,0,0,0,0,0,0
2021-07-06 00:00:00,0,0,0,0,0,0,0,0,0,0
2021-07-07 00:00:00,0,0,0,0,0,0,0,0,0,0
2021-07-08 00:00:00,0,0,0,0,0,0,0,0,0,0
2021-07-09 00:00:00,0,0,0,0,0,0,0,0,0,0
2021-07-10 00:00:00,0,0,0,0,0,0,0,0,0,0
2021-07-11 00:00:00,0,0,0,0,0,0,0,0,0,0
2021-07-12 00:00:00,0,0,0,0,0,0,0,0,0,0
2021-07-13 00:00:00,0,0,0,0,0,0,0,0,0,0
2021-07-14 00:00:00,0,0,0,0,0,0,0,0,0,0
2021-07-15 00:00:00,0,0,0,0,0,0,0,0,0,0
2021-07-16 00:00:00,0,0,0,0,0,0,0,0,0,0
2021-07-17 00:00:00,0,0,0,0,0,0,0,0,0,0
2021-07-18 00:00:00,0,0,0,0,0,0,0,0,0,0
2021-07-19 00:00:00,0,0,0,0,0,0,0,0,0,0
2021-07-20 00:00:00,0,0,0,0,0,0,0,0,0,0
2021-07-21 00:00:00,0,0,0,0,0,0,0,0,0,0
2021-07-22 00:00:00,0,0,0,0,0,0,0,0,0,0
2021-07-23 00:00:00,0,0,0,0,0,0,0,0,0,0
2021-07-24 00:00:00,0,0,0,0,0,0,0,0,0,0
2021-07-25 00:00:00,0,0,0,0,0,0,0,0,0,0
2021-07-26 00:00:00,0,0,0,0,0,0,0,0,0,0
2021-07-27 00:00:00,0,0,0,0,0,0,0,0,0,0
2021-07-28 00:00:00,0,0,0,0,0,0,0,0,0,0
2021-07-29 00:00:00,0,0,0,0,0,0,0,0,0,0
2021-07-30 00:00:00,0,0,0,0,0,0,0,0,0,0
2021-07-31 00:00:00,0,0,0,0,0,0,0,0,0,0
2021-08-01 00:00:00,0,0,0,0,0,0,0,0,0,0
2021-08-02 00:00:00,0,0,0,0,0,0,0,0,0,0
2021-08-03 00:00:00,0,0,0,0,0,0,0,0,0,0
2021-08-04 00:00:00,0,0,0,0,0,0,0,0,0,0
2021-08-05 00:00:00,0,0,0,0,0,0,0,0,0,0
2021-08-06 00:00:00,0,0,0,0,0,0,0,0,0,0
2021-08-07 00:00:00,0,0,0,0,0,0,0,0,0,0
2021-08-08 00:00:00,0,0,0,0,0,0,0,0,0,0
2021-08-09 00:00:00,0,0,0,0,0,0,0,0,0,0
2021-08-10 00:00:00,0,0,0,0,0,0,0,0,0,0
2021-08-11 00:00:00,0,0,0,0,0,0,0,0,0,0
2021-08-12 00:00:00,0,0,0,0,0,0,0,0,0,0
2021-08-13 00:00:00,0,0,0,0,0,0,0,0,0,0
2021-08-14 00:00:00,0,0,0,0,0,0,0,0,0,0
2021-08-15 00:00:00,0,0,0,0,0,0,0,0,0,0
2021-08-16 00:00:00,0,0,0,0,0,0,0,0,0,0
2021-08-17 00:00:00,0,0,0,0,0,0,0,0,0,0
2021-08-18 00:00:00,0,0,0,0,0,0,0,0,0,0
2021-08-19 00:00:00,0,0,0,0,0,0,0,0,0,0
2021-08-20 00:00:00,0,0,0,0,0,0,0,0,0,0
2021-08-21 00:00:00,0,0,0,0,0,0,0,0,0,0
2021-08-22 00:00:00,0,0,0,0,0,0,0,0,0,0
2021-08-23 00:00:00,0,0,0,0,0,0,0,0,0,0
2021-08-24 00:00:00,0,0,0,0,0,0,0,0,0,0
2021-08-25 00:00:00,0,0,0,0,0,0,0,0,0,0
2021-08-26 00:00:00,0,0,0,0,0,0,0,0,0,0
2021-08-27 00:00:00,0,0,0,0,0,0,0,0,0,0
2021-08-28 00:00:00,0,0,0,0,0,0,0,0,0,0
2021-08-29 00:00:00,0,0,0,0,0,0,0,0,0,0
2021-08-30 00:00:00,0,0,0,0,0,0,0,0,0,0
2021-08-31 00:00:00,0,0,0,0,0,0,0,0,0,0
2021-09-01 00:00:00,0,0,0,0,0,0,0,0,0,0
2021-09-02 00:00:00,0,0,0,0,0,0,0,0,0,0
2021-09-03 00:00:00,0,0,0,0,0,0,0,0,0,0
2021-09-04 00:00:00,0,0,0,0,0,0,0,0,0,0
2021-09-05 00:00:00,0,0,0,0,0,0,0,0,0,0
2021-09-06 00:00:00,0,0,0,0,0,0,0,0,0,0
2021-09-07 00:00:00,0,0,0,0,0,0,0,0,0,0
2021-09-08 00:00:00,0,0,0,0,0,0,0,0,0,0
2021-09-09 00:00:00,0,0,0,0,0,0,0,0,0,0
2021-09-10 00:00:00,0,0,0,0,0,0,0,0,0,0
2021-09-11 00:00:00,0,0,0,0,0,0,0,0,0,0
2021-09-12 00:00:00,0,0,0,0,0,0,0,0,0,0
2021-09-13 00:00:00,0,0,0,0,0,0,0,0,0,0
2021-09-14 00:00:00,0,0,0,0,0,0,0,0,0,0
2021-09-15 00:00:00,0,0,0,0,0,0,0,0,0,0
2021-09-16 00:00:00,0,0,0,0,0,0,0,0,0,0
2021-09-17 00:00:00,0,0,0,0,0,0,0,0,0,0
2021-09-18 00:00:00,0,0,0,0,0,0,0,0,0,0
2021-09-19 00:00:00,0,0,0,0,0,0,0,0,0,0
2021-09-20 00:00:00,0,0,0,0,0,0,0,0,0,0
2021-09-21 00:00:00,0,0,0,0,0,0,0,0,0,0
2021-09-22 00:00:00,0,0,0,0,0,0,0,0,0,0
2021-09-23 00:00:00,0,0,0,0,0,0,0,0,0,0
2021-09-24 00:00:00,0,0,0,0,0,0,0,0,0,0
2021-09-25 00:00:00,0,0,0,0,0,0,0,0,0,0
2021-09-26 00:00:00,0,0,0,0,0,0,0,0,0,0
2021-09-27 00:00:00,0,0,0,0,0,0,0,0,0,0
2021-09-28 00:00:00,0,0,0,0,0,0,0,0,0,0
2021-09-29 00:00:00,0,0,0,0,0,0,0,0,0,0
2021-09-30 00:00:00,0,0,0,0,0,0,0,0,0,0
2021-10-01 00:00:00,0,0,0,0,0,0,0,0,0,0
2021-10-02 00:00:00,0,0,0,0,0,0,0,0,0,0
2021-10-03 00:00:00,0,0,0,0,0,0,0,0,0,0
2021-10-04 00:00:00,0,0,0,0,0,0,0,0,0,0
2021-10-05 00:00:00,0,0,0,0,0,0,0,0,0,0
2021-10-06 00:00:00,0,0,0,0,0,0,0,0,0,0
2021-10-07 00:00:00,0,0,0,0,0,0,0,0,0,0
2021-10-08 00:00:00,0,0,0,0,0,0,0,0,0,0
2021-10-09 00:00:00,0,0,0,0,0,0,0,0,0,0
2021-10-10 00:00:00,0,0,0,0,0,0,0,0,0,0
2021-10-11 00:00:00,0,0,0,0,0,0,0,0,0,0
2021-10-12 00:00:00,0,0,0,0,0,0,0,0,0,0
2021-10-13 00:00:00,0,0,0,0,0,0,0,0,0,0
2021-10-14 00:00:00,0,0,0,0,0,0,0,0,0,0
2021-10-15 00:00:00,0,0,0,0,0,0,0,0,0,0
2021-10-16 00:00:00,0,0,0,0,0,0,0,0,0,0
2021-10-17 00:00:00,0,0,0,0,0,0,0,0,0,0
2021-10-18 00:00:00,0,0,0,0,0,0,0,0,0,0
2021-10-19 00:00:00,0,0,0,0,0,0,0,0,0,0
2021-10-20 00:00:00,0,0,0,0,0,0,0,0,0,0
2021-10-21 00:00:00,0,0,0,0,0,0,0,0,0,0
2021-10-22 00:00:00,0,0,0,0,0,0,0,0,0,0
2021-10-23 00:00:00,0,0,0,0,0,0,0,0,0,0
2021-10-24 00:00:00,0,0,0,0,0,0,0,0,0,0
2021-10-25 00:00:00,0,0,0,0,0,0,0,0,0,0
2021-10-26 00:00:00,0,0,0,0,0,0,0,0,0,0
2021-10-27 00:00:00,0,0,0,0,0,0,0,0,0,0
2021-10-28 00:00:00,0,0,0,0,0,0,0,0,0,0
2021-10-29 00:00:00,0,0,0,0,0,0,0,0,0,0
2021-10-30 00:00:00,0,0,0,0,0,0,0,0,0,0
2021-10-31 00:00:00,0,0,0,0,0,0,0,0,0,0
2021-11-01 00:00:00,0,0,0,0,0,0,0,0,0,0
2021-11-02 00:00:00,0,0,0,0,0,0,0,0,0,0
2021-11-03 00:00:00,0,0,0,0,0,0,0,0,0,0
2021-11-04 00:00:00,0,0,0,0,0,0,0,0,0,0
2021-11-05 00:00:00,0,0,0,0,0,0,0,0,0,0
2021-11-06 00:00:00,0,0,0,0,0,0,0,0,0,0
2021-11-07 00:00:00,0,0,0,0,0,0,0,0,0,0
2021-11-08 00:00:00,0,0,0,0,0,0,0,0,0,0
2021-11-09 00:00:00,0,0,0,0,0,0,0,0,0,0
2021-11-10 00:00:00,0,0,0,0,0,0,0,0,0,0
2021-11-11 00:00:00,0,0,0,0,0,0,0,0,0,0
2021-11-12 00:00:00,0,0,0,0,0,0,0,0,0,0
2021-11-13 00:00:00,0,0,0,0,0,0,0,0,0,0
2021-11-14 00:00:00,0,0,0,0,0,0,0,0,0,0
2021-11-15 00:00:00,0,0,0,0,0,0,0,0,0,0
2021-11-16 00:00:00,0,0,0,0,0,0,0,0,0,0
2021-11-17 00:00:00,0,0,0,0,0,0,0,0,0,0
2021-11-18 00:00:00,0,0,0,0,0,0,0,0,0,0
2021-11-19 00:00:00,0,0,0,0,0,0,0,0,0,0
2021-11-20 00:00:00,0,0,0,0,0,0,0,0,0,0
2021-11-21 00:00:00,0,0,0,0,0,0,0,0,0,0
2021-11-22 00:00:00,0,0,0,0,0,0,0,0,0,0
2021-11-23 00:00:00,0,0,0,0,0,0,0,0,0,0
2021-11-24 00:00:00,0,0,0,0,0,0,0,0,0,0
2021-11-25 00:00:00,0,0,0,0,0,0,0,0,0,0
2021-11-26 00:00:00,0,0,0,0,0,0,0,0,0,0
2021-11-27 00:00:00,0,0,0,0,0,0,0,0,0,0
2021-11-28 00:00:00,0,0,0,0,0,0,0,0,0,0
2021-11-29 00:00:00,0,0,0,0,0,0,0,0,0,0
2021-11-30 00:00:00,0,0,0,0,0,0,0,0,0,0
2021-12-01 00:00:00,0,0,0,0,0,0,0,0,0,0
2021-12-02 00:00:00,0,0,0,0,0,0,0,0,0,0
2021-12-03 00:00:00,0,0,0,0,0,0,0,0,0,0
2021-12-04 00:00:00,0,0,0,0,0,0,0,0,0,0
2021-12-05 00:00:00,0,0,0,0,0,0,0,0,0,0
2021-12-06 00:00:00,0,0,0,0,0,0,0,0,0,0
2021-12-07 00:00:00,0,0,0,0,0,0,0,0,0,0
2021-12-08 00:00:00,0,0,0,0,0,0,0,0,0,0
2021-12-09 00:00:00,0,0,0,0,0,0,0,0,0,0
2021-12-10 00:00:00,0,0,0,0,0,0,0,0,0,0
2021-12-11 00:00:00,0,0,0,0,0,0,0,0,0,0
2021-12-12 00:00:00,0,0,0,0,0,0,0,0,0,0
2021-12-13 00:00:00,0,0,0,0,0,0,0,0,0,0
2021-12-14 00:00:00,0,0,0,0,0,0,0,0,0,0
2021-12-15 00:00:00,0,0,0,0,0,0,0,0,0,0
2021-12-16 00:00:00,0,0,0,0,0,0,0,0,0,0
2021-12-17 00:00:00,0,0,0,0,0,0,0,0,0,0
2021-12-18 00:00:00,0,0,0,0,0,0,0,0,0,0
2021-12-19 00:00:00,0,0,0,0,0,0,0,0,0,0
2021-12-20 00:00:00,0,0,0,0,0,0,0,0,0,0
2021-12-21 00:00:00,0,0,0,0,0,0,0,0,0,0
2021-12-22 00:00:00,0,0,0,0,0,0,0,0,0,0
2021-12-23 00:00:00,0,0,0,0,0,0,0,0,0,0
2021-12-24 00:00:00,0,0,0,0,0,0,0,0,0,0
2021-12-25 00:00:00,0,0,0,0,0,0,0,0,0,0
2021-12-26 00:00:00,0,0,0,0,0,0,0,0,0,0
2021-12-27 00:00:00,0,0,0,0,0,0,0,0,0,0
2021-12-28 00:00:00,0,0,0,0,0,0,0,0,0,0
2021-12-29 00:00:00,0,0,0,0,0,0,0,0,0,0
2021-12-30 00:00:00,0,0,0,0,0,0,0,0,0,0
2021-12-31 00:00:00,0,0,0,0,0,0,0,0,0,0
2022-01-01 00:00:00,0,0,0,0,0,0,0,0,0,0
2022-01-02 00:00:00,0,0,0,0,0,0,0,0,0,0
2022-01-03 00:00:00,0,0,0,0,0,0,0,0,0,0
2022-01-04 00:00:00,0,0,0,0,0,0,0,0,0,0
2022-01-05 00:00:00,0,0,0,0,0,0,0,0,0,0
2022-01-06 00:00:00,0,0,0,0,0,0,0,0,0,0
2022-01-07 00:00:00,0,0,0,0,0,0,0,0,0,0
2022-01-08 00:00:00,0,0,0,0,0,0,0,0,0,0
2022-01-09 00:00:00,0,0,0,0,0,0,0,0,0,0
2022-01-10 00:00:00,0,0,0,0,0,0,0,0,0,0
2022-01-11 00:00:00,0,0,0,0,0,0,0,0,0,0
2022-01-12 00:00:00,0,0,0,0,0,0,0,0,0,0
2022-01-13 00:00:00,0,0,0,0,0,0,0,0,0,0
2022-01-14 00:00:00,0,0,0,0,0,0,0,0,0,0
2022-01-15 00:00:00,0,0,0,0,0,0,0,0,0,0
2022-01-16 00:00:00,0,0,0,0,0,0,0,0,0,0
2022-01-17 00:00:00,0,0,0,0,0,0,0,0,0,0
2022-01-18 00:00:00,0,0,0,0,0,0,0,0,0,0
2022-01-19 00:00:00,0,0,0,0,0,0,0,0,0,0
2022-01-20 00:00:00,0,0,0,0,0,0,0,0,0,0
2022-01-21 00:00:00,0,0,0,0,0,0,0,0,0,0
2022-01-22 00:00:00,0,0,0,0,0,0,0,0,0,0
2022-01-23 00:00:00,0,0,0,0,0,0,0,0,0,0
2022-01-24 00:00:00,0,0,0,0,0,0,0,0,0,0
2022-01-25 00:00:00,0,0,0,0,0,0,0,0,0,0
2022-01-26 00:00:00,0,0,0,0,0,0,0,0,0,0
2022-01-27 00:00:00,0,0,0,0,0,0,0,0,0,0
2022-01-28 00:00:00,0,0,0,0,0,0,0,0,0,0
2022-01-29 00:00:00,0,0,0,0,0,0,0,0,0,0
2022-01-30 00:00:00,0,0,0,0,0,0,0,0,0,0
2022-01-31 00:00:00,0,0,0,0,0,0,0,0,0,0
2022-02-01 00:00:00,0,0,0,0,0,0,0,0,0,0
2022-02-02 00:00:00,0,0,0,0,0,0,0,0,0,0
2022-02-03 00:00:00,0,0,0,0,0,0,0,0,0,0
2022-02-04 00:00:00,0,0,0,0,0,0,0,0,0,0
2022-02-05 00:00:00,0,0,0,0,0,0,0,0,0,0
2022-02-06 00:00:00,0,0,0,0,0,0,0,0,0,0
2022-02-07 00:00:00,0,0,0,0,0,0,0,0,0,0
2022-02-08 00:00:00,0,0,0,0,0,0,0,0,0,0
2022-02-09 00:00:00,0,0,0,0,0,0,0,0,0,0
2022-02-10 00:00:00,0,0,0,0,0,0,0,0,0,0
2022-02-11 00:00:00,0,0,0,0,0,0,0,0,0,0
2022-02-12 00:00:00,0,0,0,0,0,0,0,0,0,0
2022-02-13 00:00:00,0,0,0,0,0,0,0,0,0,0
2022-02-14 00:00:00,0,0,0,0,0,0,0,0,0,0
2022-02-15 00:00:00,0,0,0,0,0,0,0,0,0,0
2022-02-16 00:00:00,0,0,0,0,0,0,0,0,0,0
2022-02-17 00:00:00,0,0,0,0,0,0,0,0,0,0
2022-02-18 00:00:00,0,0,0,0,0,0,0,0,0,0
2022-02-19 00:00:00,0,0,0,0,0,0,0,0,0,0
2022-02-20 00:00:00,0,0,0,0,0,0,0,0,0,0
2022-02-21 00:00:00,0,0,0,0,0,0,0,0,0,0
2022-02-22 00:00:00,0,0,0,0,0,0,0,0,0,0
2022-02-23 00:00:00,0,0,0,0,0,0,0,0,0,0
2022-02-24 00:00:00,0,0,0,0,0,0,0,0,0,0
2022-02-25 00:00:00,0,0,0,0,0,0,0,0,0,0
2022-02-26 00:00:00,0,0,0,0,0,0,0,0,0,0
2022-02-27 00:00:00,0,0,0,0,0,0,0,0,0,0
2022-02-28 00:00:00,0,0,0,0,0,0,0,0,0,0
2022-03-01 00:00:00,0,0,0,0,0,0,0,0,0,0
2022-03-02 00:00:00,0,0,0,0,0,0,0,0,0,0
2022-03-03 00:00:00,0,0,0,0,0,0,0,0,0,0
2022-03-04 00:00:00,0,0,0,0,0,0,0,0,0,0
2022-03-05 00:00:00,0,0,0,0,0,0,0,0,0,0
2022-03-06 00:00:00,0,0,0,0,0,0,0,0,0,0
2022-03-07 00:00:00,0,0,0,0,0,0,0,0,0,0
2022-03-08 00:00:00,0,0,0,0,0,0,0,0,0,0
2022-03-09 00:00:00,0,0,0,0,0,0,0,0,0,0
2022-03-10 00:00:00,0,0,0,0,0,0,0,0,0,0
2022-03-11 00:00:00,0,0,0,0,0,0,0,0,0,0
2022-03-12 00:00:00,0,0,0,0,0,0,0,0,0,0
2022-03-13 00:00:00,0,0,0,0,0,0,0,0,0,0
2022-03-14 00:00:00,0,0,0,0,0,0,0,0,0,0
2022-03-15 00:00:00,0,0,0,0,0,0,0,0,0,0
2022-03-16 00:00:00,0,0,0,0,0,0,0,0,0,0
2022-03-17 00:00:00,0,0,0,0,0,0,0,0,0,0
2022-03-18 00:00:00,0,0,0,0,0,0,0,0,0,0
2022-03-19 00:00:00,0,0,0,0,0,0,0,0,0,0
2022-03-20 00:00:00,0,0,0,0,0,0,0,0,0,0
2022-03-21 00:00:00,0,0,0,0,0,0,0,0,0,0
2022-03-22 00:00:00,0,0,0,0,0,0,0,0,0,0
2022-03-23 00:00:00,0,0,0,0,0,0,0,0,0,0
2022-03-24 00:00:00,0,0,0,0,0,0,0,0,0,0
2022-03-25 00:00:00,0,0,0,0,0,0,0,0,0,0
2022-03-26 00:00:00,0,0,0,0,0,0,0,0,0,0
2022-03-27 00:00:00,0,0,0,0,0,0,0,0,0,0
2022-03-28 00:00:00,0,0,0,0,0,0,0,0,0,0
2022-03-29 00:00:00,0,0,0,0,0,0,0,0,0,0
2022-03-30 00:00:00,0,0,0,0,0,0,0,0,0,0
2022-03-31 00:00:00,0,0,0,0,0,0,0,0,0,0
2022-04-01 00:00:00,0,0,0,0,0,0,0,0,0,0
2022-04-02 00:00:00,0,0,0,0,0,0,0,0,0,0
2022-04-03 00:00:00,0,0,0,0,0,0,0,0,0,0
2022-04-04 00:00:00,0,0,0,0,0,0,0,0,0,0
2022-04-05 00:00:00,0,0,0,0,0,0,0,0,0,0
2022-04-06 00:00:00,0,0,0,0,0,0,0,0,0,0
2022-04-07 00:00:00,0,0,0,0,0,0,0,0,0,0
2022-04-08 00:00:00,0,0,0,0,0,0,0,0,0,0
2022-04-09 00:00:00,0,0,0,0,0,0,0,0,0,0
2022-04-10 00:00:00,0,0,0,0,0,0,0,0,0,0
2022-04-11 00:00:00,0,0,0,0,0,0,0,0,0,0
2022-04-12 00:00:00,0,0,0,0,0,0,0,0,0,0
2022-04-13 00:00:00,0,0,0,0,0,0,0,0,0,0
2022-04-14 00:00:00,0,0,0,0,0,0,0,0,0,0
2022-04-15 00:00:00,0,0,0,0,0,0,0,0,0,0
2022-04-16 00:00:00,0,0,0,0,0,0,0,0,0,0
2022-04-17 00:00:00,0,0,0,0,0,0,0,0,0,0
2022-04-18 00:00:00,0,0,0,0,0,0,0,0,0,0
2022-04-19 00:00:00,0,0,0,0,0,0,0,0,0,0
2022-04-20 00:00:00,0,0,0,0,0,0,0,0,0,0
2022-04-21 00:00:00,0,0,0,0,0,0,0,0,0,0
2022-04-22 00:00:00,0,0,0,0,0,0,0,0,0,0
2022-04-23 00:00:00,0,0,0,0,0,0,0,0,0,0
2022-04-24 00:00:00,0,0,0,0,0,0,0,0,0,0
2022-04-25 00:00:00,0,0,0,0,0,0,0,0,0,0
2022-04-26 00:00:00,0,0,0,0,0,0,0,0,0,0
2022-04-27 00:00:00,0,0,0,0,0,0,0,0,0,0
2022-04-28 00:00:00,0,0,0,0,0,0,0,0,0,0
2022-04-29 00:00:00,0,0,0,0,0,0,0,0,0,0
2022-04-30 00:00:00,0,0,0,0,0,0,0,0,0,0
2022-05-01 00:00:00,0,0,0,0,0,0,0,0,0,0
2022-05-02 00:00:00,0,0,0,0,0,0,0,0,0,0
2022-05-03 00:00:00,0,0,0,0,0,0,0,0,0,0
2022-05-04 00:00:00,0,0,0,0,0,0,0,0,0,0
2022-05-05 00:00:00,0,0,0,0,0,0,0,0,0,0
2022-05-06 00:00:00,0,0,0,0,0,0,0,0,0,0
2022-05-07 00:00:00,0,0,0,0,0,0,0,0,0,0
2022-05-08 00:00:00,0,0,0,0,0,0,0,0,0,0
2022-05-09 00:00:00,0,0,0,0,0,0,0,0,0,0
2022-05-10 00:00:00,0,0,0,0,0,0,0,0,0,0
2022-05-11 00:00:00,0,0,0,0,0,0,0,0,0,0
2022-05-12 00:00:00,0,0,0,0,0,0,0,0,0,0
2022-05-13 00:00:00,0,0,0,0,0,0,0,0,0,0
2022-05-14 00:00:00,0,0,0,0,0,0,0,0,0,0
2022-05-15 00:00:00,0,0,0,0,0,0,0,0,0,0
2022-05-16 00:00:00,0,0,0,0,0,0,0,0,0,0
2022-05-17 00:00:00,0,0,0,0,0,0,0,0,0,0
2022-05-18 00:00:00,0,0,0,0,0,0,0,0,0,0
2022-05-19 00:00:00,0,0,0,0,0,0,0,0,0,0
2022-05-20 00:00:00,0,0,0,0,0,0,0,0,0,0
2022-05-21 00:00:00,0,0,0,0,0,0,0,0,0,0
2022-05-22 00:00:00,0,0,0,0,0,0,0,0,0,0
2022-05-23 00:00:00,0,0,0,0,0,0,0,0,0,0
2022-05-24 00:00:00,0,0,0,0,0,0,0,0,0,0
2022-05-25 00:00:00,0,0,0,0,0,0,0,0,0,0
2022-05-26 00:00:00,0,0,0,0,0,0,0,0,0,0
2022-05-27 00:00:00,0,0,0,0,0,0,0,0,0,0
2022-05-28 00:00:00,0,0,0,0,0,0,0,0,0,0
2022-05-29 00:00:00,0,0,0,0,0,0,0,0,0,0
2022-05-30 00:00:00,0,0,0,0,0,0,0,0,0,0
2022-05-31 00:00:00,0,0,0,0,0,0,0,0,0,0
2022-06-01 00:00:00,0,0,0,0,0,0,0,0,0,0
2022-06-02 00:00:00,0,0,0,0,0,0,0,0,0,0
2022-06-03 00:00:00,0,0,0,0,0,0,0,0,0,0
2022-06-04 00:00:00,0,0,0,0,0,0,0,0,0,0
2022-06-05 00:00:00,0,0,0,0,0,0,0,0,0,0
2022-06-06 00:00:00,0,0,0,0,0,0,0,0,0,0
2022-06-07 00:00:00,0,0,0,0,0,0,0,0,0,0
2022-06-08 00:00:00,0,0,0,0,0,0,0,0,0,0
2022-06-09 00:00:00,0,0,0,0,0,0,0,0,0,0
2022-06-10 00:00:00,0,0,0,0,0,0,0,0,0,0
2022-06-11 00:00:00,0,0,0,0,0,0,0,0,0,0
2022-06-12 00:00:00,0,0,0,0,0,0,0,0,0,0
2022-06-13 00:00:00,0,0,0,0,0,0,0,0,0,0
2022-06-14 00:00:00,0,0,0,0,0,0,0,0,0,0
2022-06-15 00:00:00,0,0,0,0,0,0,0,0,0,0
2022-06-16 00:00:00,0,0,0,0,0,0,0,0,0,0
2022-06-17 00:00:00,0,0,0,0,0,0,0,0,0,0
2022-06-18 00:00:00,0,0,0,0,0,0,0,0,0,0
2022-06-19 00:00:00,0,0,0,0,0,0,0,0,0,0
2022-06-20 00:00:00,0,0,0,0,0,0,0,0,0,0
2022-06-21 00:00:00,0,0,0,0,0,0,0,0,0,0
2022-06-22 00:00:00,0,0,0,0,0,0,0,0,0,0
2022-06-23 00:00:00,0,0,0,0,0,0,0,0,0,0
2022-06-24 00:00:00,0,0,0,0,0,0,0,0,0,0
2022-06-25 00:00:00,0,0,0,0,0,0,0,0,0,0
2022-06-26 00:00:00,0,0,0,0,0,0,0,0,0,0
2022-06-27 00:00:00,0,0,0,0,0,0,0,0,0,0
2022-06-28 00:00:00,0,0,0,0,0,0,0,0,0,0
2022-06-29 00:00:00,0,0,0,0,0,0,0,0,0,0
2022-06-30 00:00:00,0,0,0,0,0,0,0,0,0,0
2022-07-01 00:00:00,0,0,0,0,0,0,0,0,0,0
2022-07-02 00:00:00,0,0,0,0,0,0,0,0,0,0
2022-07-03 00:00:00,0,0,0,0,0,0,0,0,0,0
2022-07-04 00:00:00,0,0,0,0,0,0,0,0,0,0
2022-07-05 00:00:00,0,0,0,0,0,0,0,0,0,0
2022-07-06 00:00:00,0,0,0,0,0,0,0,0,0,0
2022-07-07 00:00:00,0,0,0,0,0,0,0,0,0,0
2022-07-08 00:00:00,0,0,0,0,0,0,0,0,0,0
2022-07-09 00:00:00,0,0,0,0,0,0,0,0,0,0
2022-07-10 00:00:00,0,0,0,0,0,0,0,0,0,0
2022-07-11 00:00:00,0,0,0,0,0,0,0,0,0,0
2022-07-12 00:00:00,0,0,0,0,0,0,0,0,0,0
2022-07-13 00:00:00,0,0,0,0,0,0,0,0,0,0
2022-07-14 00:00:00,0,0,0,0,0,0,0,0,0,0
2022-07-15 00:00:00,0,0,0,0,0,0,0,0,0,0
2022-07-16 00:00:00,0,0,0,0,0,0,0,0,0,0
2022-07-17 00:00:00,0,0,0,0,0,0,0,0,0,0
2022-07-18 00:00:00,0,0,0,0,0,0,0,0,0,0
2022-07-19 00:00:00,0,0,0,0,0,0,0,0,0,0
2022-07-20 00:00:00,0,0,0,0,0,0,0,0,0,0
2022-07-21 00:00:00,0,0,0,0,0,0,0,0,0,0
2022-07-22 00:00:00,0,0,0,0,0,0,0,0,0,0
2022-07-23 00:00:00,0,0,0,0,0,0,0,0,0,0
2022-07-24 00:00:00,0,0,0,0,0,0,0,0,0,0
2022-07-25 00:00:00,0,0,0,0,0,0,0,0,0,0
2022-07-26 00:00:00,0,0,0,0,0,0,0,0,0,0
2022-07-27 00:00:00,0,0,0,0,0,0,0,0,0,0
2022-07-28 00:00:00,0,0,0,0,0,0,0,0,0,0
2022-07-29 00:00:00,0,0,0,0,0,0,0,0,0,0
2022-07-30 00:00:00,0,0,0,0,0,0,0,0,0,0
2022-07-31 00:00:00,0,0,0,0,0,0,0,0,0,0
2022-08-01 00:00:00,0,0,0,0,0,0,0,0,0,0
2022-08-02 00:00:00,0,0,0,0,0,0,0,0,0,0
2022-08-03 00:00:00,0,0,0,0,0,0,0,0,0,0
2022-08-04 00:00:00,0,0,0,0,0,0,0,0,0,0
2022-08-05 00:00:00,0,0,0,0,0,0,0,0,0,0
2022-08-06 00:00:00,0,0,0,0,0,0,0,0,0,0
2022-08-07 00:00:00,0,0,0,0,0,0,0,0,0,0
2022-08-08 00:00:00,0,0,0,0,0,0,0,0,0,0
2022-08-09 00:00:00,0,0,0,0,0,0,0,0,0,0
2022-08-10 00:00:00,0,0,0,0,0,0,0,0,0,0
2022-08-11 00:00:00,0,0,0,0,0,0,0,0,0,0
2022-08-12 00:00:00,0,0,0,0,0,0,0,0,0,0
2022-08-13 00:00:00,0,0,0,0,0,0,0,0,0,0
2022-08-14 00:00:00,0,0,0,0,0,0,0,0,0,0
2022-08-15 00:00:00,0,0,0,0,0,0,0,0,0,0
2022-08-16 00:00:00,0,0,0,0,0,0,0,0,0,0
2022-08-17 00:00:00,0,0,0,0,0,0,0,0,0,0
2022-08-18 00:00:00,0,0,0,0,0,0,0,0,0,0
2022-08-19 00:00:00,0,0,0,0,0,0,0,0,0,0
2022-08-20 00:00:00,0,0,0,0,0,0,0,0,0,0
2022-08-21 00:00:00,0,0,0,0,0,0,0,0,0,0
2022-08-22 00:00:00,0,0,0,0,0,0,0,0,0,0
2022-08-23 00:00:00,0,0,0,0,0,0,0,0,0,0
2022-08-24 00:00:00,0,0,0,0,0,0,0,0,0,0
2022-08-25 00:00:00,0,0,0,0,0,0,0,0,0,0
2022-08-26 00:00:00,0,0,0,0,0,0,0,0,0,0
2022-08-27 00:00:00,0,0,0,0,0,0,0,0,0,0
2022-08-28 00:00:00,0,0,0,0,0,0,0,0,0,0
2022-08-29 00:00:00,0,0,0,0,0,0,0,0,0,0
2022-08-30 00:00:00,0,0,0,0,0,0,0,0,0,0
2022-08-31 00:00:00,0,0,0,0,0,0,0,0,0,0
2022-09-01 00:00:00,0,0,0,0,0,0,0,0,0,0
2022-09-02 00:00:00,0,0,0,0,0,0,0,0,0,0
2022-09-03 00:00:00,0,0,0,0,0,0,0,0,0,0
2022-09-04 00:00:00,0,0,0,0,0,0,0,0,0,0
2022-09-05 00:00:00,0,0,0,0,0,0,0,0,0,0
2022-09-06 00:00:00,0,0,0,0,0,0,0,0,0,0
2022-09-07 00:00:00,0,0,0,0,0,0,0,0,0,0
2022-09-08 00:00:00,0,0,0,0,0,0,0,0,0,0
2022-09-09 00:00:00,0,0,0,0,0,0,0,0,0,0
2022-09-10 00:00:00,0,0,0,0,0,0,0,0,0,0
2022-09-11 00:00:00,0,0,0,0,0,0,0,0,0,0
2022-09-12 00:00:00,0,0,0,0,0,0,0,0,0,0
2022-09-13 00:00:00,0,0,0,0,0,0,0,0,0,0
2022-09-14 00:00:00,0,0,0,0,0,0,0,0,0,0
2022-09-15 00:00:00,0,0,0,0,0,0,0,0,0,0
2022-09-16 00:00:00,0,0,0,0,0,0,0,0,0,0
2022-09-17 00:00:00,0,0,0,0,0,0,0,0,0,0
2022-09-18 00:00:00,0,0,0,0,0,0,0,0,0,0
2022-09-19 00:00:00,0,0,0,0,0,0,0,0,0,0
2022-09-20 00:00:00,0,0,0,0,0,0,0,0,0,0
2022-09-21 00:00:00,0,0,0,0,0,0,0,0,0,0
2022-09-22 00:00:00,0,0,0,0,0,0,0,0,0,0
2022-09-23 00:00:00,0,0,0,0,0,0,0,0,0,0
2022-09-24 00:00:00,0,0,0,0,0,0,0,0,0,0
2022-09-25 00:00:00,0,0,0,0,0,0,0,0,0,0
2022-09-26 00:00:00,0,0,0,0,0,0,0,0,0,0
2022-09-27 00:00:00,0,0,0,0,0,0,0,0,0,0
2022-09-28 00:00:00,0,0,0,0,0,0,0,0,0,0
2022-09-29 00:00:00,0,0,0,0,0,0,0,0,0,0
2022-09-30 00:00:00,0,0,0,0,0,0,0,0,0,0
2022-10-01 00:00:00,0,0,0,0,0,0,0,0,0,0
2022-10-02 00:00:00,0,0,0,0,0,0,0,0,0,0
2022-10-03 00:00:00,0,0,0,0,0,0,0,0,0,0
2022-10-04 00:00:00,0,0,0,0,0,0,0,0,0,0
2022-10-05 00:00:00,0,0,0,0,0,0,0,0,0,0
2022-10-06 00:00:00,0,0,0,0,0,0,0,0,0,0
2022-10-07 00:00:00,0,0,0,0,0,0,0,0,0,0
2022-10-08 00:00:00,0,0,0,0,0,0,0,0,0,0
2022-10-09 00:00:00,0,0,0,0,0,0,0,0,0,0
2022-10-10 00:00:00,0,0,0,0,0,0,0,0,0,0
2022-10-11 00:00:00,0,0,0,0,0,0,0,0,0,0
2022-10-12 00:00:00,0,0,0,0,0,0,0,0,0,0
2022-10-13 00:00:00,0,0,0,0,0,0,0,0,0,0
2022-10-14 00:00:00,0,0,0,0,0,0,0,0,0,0
2022-10-15 00:00:00,0,0,0,0,0,0,0,0,0,0
2022-10-16 00:00:00,0,0,0,0,0,0,0,0,0,0
2022-10-17 00:00:00,0,0,0,0,0,0,0,0,0,0
2022-10-18 00:00:00,0,0,0,0,0,0,0,0,0,0
2022-10-19 00:00:00,0,0,0,0,0,0,0,0,0,0
2022-10-20 00:00:00,0,0,0,0,0,0,0,0,0,0
2022-10-21 00:00:00,0,0,0,0,0,0,0,0,0,0
2022-10-22 00:00:00,0,0,0,0,0,0,0,0,0,0
2022-10-23 00:00:00,0,0,0,0,0,0,0,0,0,0
2022-10-24 00:00:00,0,0,0,0,0,0,0,0,0,0
2022-10-25 00:00:00,0,0,0,0,0,0,0,0,0,0
2022-10-26 00:00:00,0,0,0,0,0,0,0,0,0,0
2022-10-27 00:00:00,0,0,0,0,0,0,0,0,0,0
2022-10-28 00:00:00,0,0,0,0,0,0,0,0,0,0
2022-10-29 00:00:00,0,0,0,0,0,0,0,0,0,0
2022-10-30 00:00:00,0,0,0,0,0,0,0,0,0,0
2022-10-31 00:00:00,0,0,0,0,0,0,0,0,0,0
2022-11-01 00:00:00,0,0,0,0,0,0,0,0,0,0
2022-11-02 00:00:00,0,0,0,0,0,0,0,0,0,0
2022-11-03 00:00:00,0,0,0,0,0,0,0,0,0,0
2022-11-04 00:00:00,0,0,0,0,0,0,0,0,0,0
2022-11-05 00:00:00,0,0,0,0,0,0,0,0,0,0
2022-11-06 00:00:00,0,0,0,0,0,0,0,0,0,0
2022-11-07 00:00:00,0,0,0,0,0,0,0,0,0,0
2022-11-08 00:00:00,0,0,0,0,0,0,0,0,0,0
2022-11-09 00:00:00,0,0,0,0,0,0,0,0,0,0
2022-11-10 00:00:00,0,0,0,0,0,0,0,0,0,0
2022-11-11 00:00:00,0,0,0,0,0,0,0,0,0,0
2022-11-12 00:00:00,0,0,0,0,0,0,0,0,0,0
2022-11-13 00:00:00,0,0,0,0,0,0,0,0,0,0
2022-11-14 00:00:00,0,0,0,0,0,0,0,0,0,0
2022-11-15 00:00:00,0,0,0,0,0,0,0,0,0,0
2022-11-16 00:00:00,0,0,0,0,0,0,0,0,0,0
2022-11-17 00:00:00,0,0,0,0,0,0,0,0,0,0
2022-11-18 00:00:00,0,0,0,0,0,0,0,0,0,0
2022-11-19 00:00:00,0,0,0,0,0,0,0,0,0,0
2022-11-20 00:00:00,0,0,0,0,0,0,0,0,0,0
2022-11-21 00:00:00,0,0,0,0,0,0,0,0,0,0
2022-11-22 00:00:00,0,0,0,0,0,0,0,0,0,0
2022-11-23 00:00:00,0,0,0,0,0,0,0,0,0,0
2022-11-24 00:00:00,0,0,0,0,0,0,0,0,0,0
2022-11-25 00:00:00,0,0,0,0,0,0,0,0,0,0
2022-11-26 00:00:00,0,0,0,0,0,0,0,0,0,0
2022-11-27 00:00:00,0,0,0,0,0,0,0,0,0,0
2022-11-28 00:00:00,0,0,0,0,0,0,0,0,0,0
2022-11-29 00:00:00,0,0,0,0,0,0,0,0,0,0
2022-11-30 00:00:00,0,0,0,0,0,0,0,0,0,0
2022-12-01 00:00:00,0,0,0,0,0,0,0,0,0,0
2022-12-02 00:00:00,0,0,0,0,0,0,0,0,0,0
2022-12-03 00:00:00,0,0,0,0,0,0,0,0,0,0
2022-12-04 00:00:00,0,0,0,0,0,0,0,0,0,0
2022-12-05 00:00:00,0,0,0,0,0,0,0,0,0,0
2022-12-06 00:00:00,0,0,0,0,0,0,0,0,0,0
2022-12-07 00:00:00,0,0,0,0,0,0,0,0,0,0
2022-12-08 00:00:00,0,0,0,0,0,0,0,0,0,0
2022-12-09 00:00:00,0,0,0,0,0,0,0,0,0,0
2022-12-10 00:00:00,0,0,0,0,0,0,0,0,0,0
2022-12-11 00:00:00,0,0,0,0,0,0,0,0,0,0
2022-12-12 00:00:00,0,0,0,0,0,0,0,0,0,0
2022-12-13 00:00:00,0,0,0,0,0,0,0,0,0,0
2022-12-14 00:00:00,0,0,0,0,0,0,0,0,0,0
2022-12-15 00:00:00,0,0,0,0,0,0,0,0,0,0
2022-12-16 00:00:00,0,0,0,0,0,0,0,0,0,0
2022-12-17 00:00:00,0,0,0,0,0,0,0,0,0,0
2022-12-18 00:00:00,0,0,0,0,0,0,0,0,0,0
2022-12-19 00:00:00,0,0,0,0,0,0,0,0,0,0
2022-12-20 00:00:00,0,0,0,0,0,0,0,0,0,0
2022-12-21 00:00:00,0,0,0,0,0,0,0,0,0,0
2022-12-22 00:00:00,0,0,0,0,0,0,0,0,0,0
2022-12-23 00:00:00,0,0,0,0,0,0,0,0,0,0
2022-12-24 00:00:00,0,0,0,0,0,0,0,0,0,0
2022-12-25 00:00:00,0,0,0,0,0,0,0,0,0,0
2022-12-26 00:00:00,0,0,0,0,0,0,0,0,0,0
2022-12-27 00:00:00,0,0,0,0,0,0,0,0,0,0
2022-12-28 00:00:00,0,0,0,0,0,0,0,0,0,0
2022-12-29 00:00:00,0,0,0,0,0,0,0,0,0,0
2022-12-30 00:00:00,0,0,0,0,0,0,0,0,0,0
2022-12-31 00:00:00,0,0,0,0,0,0,0,0,0,0
2023-01-01 00:00:00,0,0,0,0,0,0,0,0,0,0
2023-01-02 00:00:00,0,0,0,0,0,0,0,0,0,0
2023-01-03 00:00:00,0,0,0,0,0,0,0,0,0,0
2023-01-04 00:00:00,0,0,0,0,0,0,0,0,0,0
2023-01-05 00:00:00,0,0,0,0,0,0,0,0,0,0
2023-01-06 00:00:00,0,0,0,0,0,0,0,0,0,0
2023-01-07 00:00:00,0,0,0,0,0,0,0,0,0,0
2023-01-08 00:00:00,0,0,0,0,0,0,0,0,0,0
2023-01-09 00:00:00,0,0,0,0,0,0,0,0,0,0
2023-01-10 00:00:00,0,0,0,0,0,0,0,0,0,0
2023-01-11 00:00:00,0,0,0,0,0,0,0,0,0,0
2023-01-12 00:00:00,0,0,0,0,0,0,0,0,0,0
2023-01-13 00:00:00,0,0,0,0,0,0,0,0,0,0
2023-01-14 00:00:00,0,0,0,0,0,0,0,0,0,0
2023-01-15 00:00:00,0,0,0,0,0,0,0,0,0,0
2023-01-16 00:00:00,0,0,0,0,0,0,0,0,0,0
2023-01-17 00:00:00,0,0,0,0,0,0,0,0,0,0
2023-01-18 00:00:00,0,0,0,0,0,0,0,0,0,0
2023-01-19 00:00:00,0,0,0,0,0,0,0,0,0,0
2023-01-20 00:00:00,0,0,0,0,0,0,0,0,0,0
2023-01-21 00:00:00,0,0,0,0,0,0,0,0,0,0
2023-01-22 00:00:00,0,0,0,0,0,0,0,0,0,0
2023-01-23 00:00:00,0,0,0,0,0,0,0,0,0,0
2023-01-24 00:00:00,0,0,0,0,0,0,0,0,0,0
2023-01-25 00:00:00,0,0,0,0,0,0,0,0,0,0
2023-01-26 00:00:00,0,0,0,0,0,0,0,0,0,0
2023-01-27 00:00:00,0,0,0,0,0,0,0,0,0,0
2023-01-28 00:00:00,0,0,0,0,0,0,0,0,0,0
2023-01-29 00:00:00,0,0,0,0,0,0,0,0,0,0
2023-01-30 00:00:00,0,0,0,0,0,0,0,0,0,0
2023-01-31 00:00:00,0,0,0,0,0,0,0,0,0,0
2023-02-01 00:00:00,0,0,0,0,0,0,0,0,0,0
2023-02-02 00:00:00,0,0,0,0,0,0,0,0,0,0
2023-02-03 00:00:00,0,0,0,0,0,0,0,0,0,0
2023-02-04 00:00:00,0,0,0,0,0,0,0,0,0,0
2023-02-05 00:00:00,0,0,0,0,0,0,0,0,0,0
2023-02-06 00:00:00,0,0,0,0,0,0,0,0,0,0
2023-02-07 00:00:00,0,0,0,0,0,0,0,0,0,0
2023-02-08 00:00:00,0,0,0,0,0,0,0,0,0,0
2023-02-09 00:00:00,0,0,0,0,0,0,0,0,0,0
2023-02-10 00:00:00,0,0,0,0,0,0,0,0,0,0
2023-02-11 00:00:00,0,0,0,0,0,0,0,0,0,0
2023-02-12 00:00:00,0,0,0,0,0,0,0,0,0,0
2023-02-13 00:00:00,0,0,0,0,0,0,0,0,0,0
2023-02-14 00:00:00,0,0,0,0,0,0,0,0,0,0
2023-02-15 00:00:00,0,0,0,0,0,0,0,0,0,0
2023-02-16 00:00:00,0,0,0,0,0,0,0,0,0,0
2023-02-17 00:00:00,0,0,0,0,0,0,0,0,0,0
2023-02-18 00:00:00,0,0,0,0,0,0,0,0,0,0
2023-02-19 00:00:00,0,0,0,0,0,0,0,0,0,0
2023-02-20 00:00:00,0,0,0,0,0,0,0,0,0,0
2023-02-21 00:00:00,0,0,0,0,0,0,0,0,0,0
2023-02-22 00:00:00,0,0,0,0,0,0,0,0,0,0
2023-02-23 00:00:00,0,0,0,0,0,0,0,0,0,0
2023-02-24 00:00:00,0,0,0,0,0,0,0,0,0,0
2023-02-25 00:00:00,0,0,0,0,0,0,0,0,0,0
2023-02-26 00:00:00,0,0,0,0,0,0,0,0,0,0
2023-02-27 00:00:00,0,0,0,0,0,0,0,0,0,0
2023-02-28 00:00:00,0,0,0,0,0,0,0,0,0,0
2023-03-01 00:00:00,0,0,0,0,0,0,0,0,0,0
2023-03-02 00:00:00,0,0,0,0,0,0,0,0,0,0
2023-03-03 00:00:00,0,0,0,0,0,0,0,0,0,0
2023-03-04 00:00:00,0,0,0,0,0,0,0,0,0,0
2023-03-05 00:00:00,0,0,0,0,0,0,0,0,0,0
2023-03-06 00:00:00,0,0,0,0,0,0,0,0,0,0
2023-03-07 00:00:00,0,0,0,0,0,0,0,0,0,0
2023-03-08 00:00:00,0,0,0,0,0,0,0,0,0,0
2023-03-09 00:00:00,0,0,0,0,0,0,0,0,0,0
2023-03-10 00:00:00,0,0,0,0,0,0,0,0,0,0
2023-03-11 00:00:00,0,0,0,0,0,0,0,0,0,0
2023-03-12 00:00:00,0,0,0,0,0,0,0,0,0,0
2023-03-13 00:00:00,0,0,0,0,0,0,0,0,0,0
2023-03-14 00:00:00,0,0,0,0,0,0,0,0,0,0
2023-03-15 00:00:00,0,0,0,0,0,0,0,0,0,0
2023-03-16 00:00:00,0,0,0,0,0,0,0,0,0,0
2023-03-17 00:00:00,0,0,0,0,0,0,0,0,0,0
2023-03-18 00:00:00,0,0,0,0,0,0,0,0,0,0
2023-03-19 00:00:00,0,0,0,0,0,0,0,0,0,0
2023-03-20 00:00:00,0,0,0,0,0,0,0,0,0,0
2023-03-21 00:00:00,0,0,0,0,0,0,0,0,0,0
2023-03-22 00:00:00,0,0,0,0,0,0,0,0,0,0
2023-03-23 00:00:00,0,0,0,0,0,0,0,0,0,0
2023-03-24 00:00:00,0,0,0,0,0,0,0,0,0,0
2023-03-25 00:00:00,0,0,0,0,0,0,0,0,0,0
2023-03-26 00:00:00,0,0,0,0,0,0,0,0,0,0
2023-03-27 00:00:00,0,0,0,0,0,0,0,0,0,0
2023-03-28 00:00:00,0,0,0,0,0,0,0,0,0,0
2023-03-29 00:00:00,0,0,0,0,0,0,0,0,0,0
2023-03-30 00:00:00,0,0,0,0,0,0,0,0,0,0
2023-03-31 00:00:00,0,0,0,0,0,0,0,0,0,0
2023-04-01 00:00:00,0,0,0,0,0,0,0,0,0,0
2023-04-02 00:00:00,0,0,0,0,0,0,0,0,0,0
2023-04-03 00:00:00,0,0,0,0,0,0,0,0,0,0
2023-04-04 00:00:00,0,0,0,0,0,0,0,0,0,0
2023-04-05 00:00:00,0,0,0,0,0,0,0,0,0,0
2023-04-06 00:00:00,0,0,0,0,0,0,0,0,0,0
2023-04-07 00:00:00,0,0,0,0,0,0,0,0,0,0
2023-04-08 00:00:00,0,0,0,0,0,0,0,0,0,0
2023-04-09 00:00:00,0,0,0,0,0,0,0,0,0,0
2023-04-10 00:00:00,0,0,0,0,0,0,0,0,0,0
2023-04-11 00:00:00,0,0,0,0,0,0,0,0,0,0
2023-04-12 00:00:00,0,0,0,0,0,0,0,0,0,0
2023-04-13 00:00:00,0,0,0,0,0,0,0,0,0,0
2023-04-14 00:00:00,0,0,0,0,0,0,0,0,0,0
2023-04-15 00:00:00,0,0,0,0,0,0,0,0,0,0
2023-04-16 00:00:00,0,0,0,0,0,0,0,0,0,0
2023-04-17 00:00:00,0,0,0,0,0,0,0,0,0,0
2023-04-18 00:00:00,0,0,0,0,0,0,0,0,0,0
2023-04-19 00:00:00,0,0,0,0,0,0,0,0,0,0
2023-04-20 00:00:00,0,0,0,0,0,0,0,0,0,0
2023-04-21 00:00:00,0,0,0,0,0,0,0,0,0,0
2023-04-22 00:00:00,0,0,0,0,0,0,0,0,0,0
2023-04-23 00:00:00,0,0,0,0,0,0,0,0,0,0
2023-04-24 00:00:00,0,0,0,0,0,0,0,0,0,0
2023-04-25 00:00:00,0,0,0,0,0,0,0,0,0,0
2023-04-26 00:00:00,0,0,0,0,0,0,0,0,0,0
2023-04-27 00:00:00,0,0,0,0,0,0,0,0,0,0
2023-04-28 00:00:00,0,0,0,0,0,0,0,0,0,0
2023-04-29 00:00:00,0,0,0,0,0,0,0,0,0,0
2023-04-30 00:00:00,0,0,0,0,0,0,0,0,0,0
2023-05-01 00:00:00,0,0,0,0,0,0,0,0,0,0
2023-05-02 00:00:00,0,0,0,0,0,0,0,0,0,0
2023-05-03 00:00:00,0,0,0,0,0,0,0,0,0,0
2023-05-04 00:00:00,0,0,0,0,0,0,0,0,0,0
2023-05-05 00:00:00,0,0,0,0,0,0,0,0,0,0
2023-05-06 00:00:00,0,0,0,0,0,0,0,0,0,0
2023-05-07 00:00:00,0,0,0,0,0,0,0,0,0,0
2023-05-08 00:00:00,0,0,0,0,0,0,0,0,0,0
2023-05-09 00:00:00,0,0,0,0,0,0,0,0,0,0
2023-05-10 00:00:00,0,0,0,0,0,0,0,0,0,0
2023-05-11 00:00:00,0,0,0,0,0,0,0,0,0,0
2023-05-12 00:00:00,0,0,0,0,0,0,0,0,0,0
2023-05-13 00:00:00,0,0,0,0,0,0,0,0,0,0
2023-05-14 00:00:00,0,0,0,0,0,0,0,0,0,0
2023-05-15 00:00:00,0,0,0,0,0,0,0,0,0,0
2023-05-16 00:00:00,0,0,0,0,0,0,0,0,0,0
2023-05-17 00:00:00,0,0,0,0,0,0,0,0,0,0
2023-05-18 00:00:00,0,0,0,0,0,0,0,0,0,0
2023-05-19 00:00:00,0,0,0,0,0,0,0,0,0,0
2023-05-20 00:00:00,0,0,0,0,0,0,0,0,0,0
2023-05-21 00:00:00,0,0,0,0,0,0,0,0,0,0
2023-05-22 00:00:00,0,0,0,0,0,0,0,0,0,0
2023-05-23 00:00:00,0,0,0,0,0,0,0,0,0,0
2023-05-24 00:00:00,0,0,0,0,0,0,0,0,0,0
2023-05-25 00:00:00,0,0,0,0,0,0,0,0,0,0
2023-05-26 00:00:00,0,0,0,0,0,0,0,0,0,0
2023-05-27 00:00:00,0,0,0,0,0,0,0,0,0,0
2023-05-28 00:00:00,0,0,0,0,0,0,0,0,0,0
2023-05-29 00:00:00,0,0,0,0,0,0,0,0,0,0
2023-05-30 00:00:00,0,0,0,0,0,0,0,0,0,0
2023-05-31 00:00:00,0,0,0,0,0,0,0,0,0,0
2023-06-01 00:00:00,0,0,0,0,0,0,0,0,0,0
2023-06-02 00:00:00,0,0,0,0,0,0,0,0,0,0
2023-06-03 00:00:00,0,0,0,0,0,0,0,0,0,0
2023-06-04 00:00:00,0,0,0,0,0,0,0,0,0,0
2023-06-05 00:00:00,0,0,0,0,0,0,0,0,0,0
2023-06-06 00:00:00,0,0,0,0,0,0,0,0,0,0
2023-06-07 00:00:00,0,0,0,0,0,0,0,0,0,0
2023-06-08 00:00:00,0,0,0,0,0,0,0,0,0,0
2023-06-09 00:00:00,0,0,0,0,0,0,0,0,0,0
2023-06-10 00:00:00,0,0,0,0,0,0,0,0,0,0
2023-06-11 00:00:00,0,0,0,0,0,0,0,0,0,0
2023-06-12 00:00:00,0,0,0,0,0,0,0,0,0,0
2023-06-13 00:00:00,0,0,0,0,0,0,0,0,0,0
2023-06-14 00:00:00,0,0,0,0,0,0,0,0,0,0
2023-06-15 00:00:00,0,0,0,0,0,0,0,0,0,0
2023-06-16 00:00:00,0,0,0,0,0,0,0,0,0,0
2023-06-17 00:00:00,0,0,0,0,0,0,0,0,0,0
2023-06-18 00:00:00,0,0,0,0,0,0,0,0,0,0
2023-06-19 00:00:00,0,0,0,0,0,0,0,0,0,0
2023-06-20 00:00:00,0,0,0,0,0,0,0,0,0,0
2023-06-21 00:00:00,0,0,0,0,0,0,0,0,0,0
2023-06-22 00:00:00,0,0,0,0,0,0,0,0,0,0
2023-06-23 00:00:00,0,0,0,0,0,0,0,0,0,0
2023-06-24 00:00:00,0,0,0,0,0,0,0,0,0,0
2023-06-25 00:00:00,0,0,0,0,0,0,0,0,0,0
2023-06-26 00:00:00,0,0,0,0,0,0,0,0,0,0
2023-06-27 00:00:00,0,0,0,0,0,0,0,0,0,0
2023-06-28 00:00:00,0,0,0,0,0,0,0,0,0,0
2023-06-29 00:00:00,0,0,0,0,0,0,0,0,0,0
2023-06-30 00:00:00,0,0,0,0,0,0,0,0,0,0
2023-07-01 00:00:00,0,0,0,0,0,0,0,0,0,0
2023-07-02 00:00:00,0,0,0,0,0,0,0,0,0,0
2023-07-03 00:00:00,0,0,0,0,0,0,0,0,0,0
2023-07-04 00:00:00,0,0,0,0,0,0,0,0,0,0
2023-07-05 00:00:00,0,0,0,0,0,0,0,0,0,0
2023-07-06 00:00:00,0,0,0,0,0,0,0,0,0,0
2023-07-07 00:00:00,0,0,0,0,0,0,0,0,0,0
2023-07-08 00:00:00,0,0,0,0,0,0,0,0,0,0
2023-07-09 00:00:00,0,0,0,0,0,0,0,0,0,0
2023-07-10 00:00:00,0,0,0,0,0,0,0,0,0,0
2023-07-11 00:00:00,0,0,0,0,0,0,0,0,0,0
2023-07-12 00:00:00,0,0,0,0,0,0,0,0,0,0
2023-07-13 00:00:00,0,0,0,0,0,0,0,0,0,0
2023-07-14 00:00:00,0,0,0,0,0,0,0,0,0,0
2023-07-15 00:00:00,0,0,0,0,0,0,0,0,0,0
2023-07-16 00:00:00,0,0,0,0,0,0,0,0,0,0
2023-07-17 00:00:00,0,0,0,0,0,0,0,0,0,0
2023-07-18 00:00:00,0,0,0,0,0,0,0,0,0,0
2023-07-19 00:00:00,0,0,0,0,0,0,0,0,0,0
2023-07-20 00:00:00,0,0,0,0,0,0,0,0,0,0
2023-07-21 00:00:00,0,0,0,0,0,0,0,0,0,0
2023-07-22 00:00:00,0,0,0,0,0,0,0,0,0,0
2023-07-23 00:00:00,0,0,0,0,0,0,0,0,0,0
2023-07-24 00:00:00,0,0,0,0,0,0,0,0,0,0
2023-07-25 00:00:00,0,0,0,0,0,0,0,0,0,0
2023-07-26 00:00:00,0,0,0,0,0,0,0,0,0,0
2023-07-27 00:00:00,0,0,0,0,0,0,0,0,0,0
2023-07-28 00:00:00,0,0,0,0,0,0,0,0,0,0
2023-07-29 00:00:00,0,0,0,0,0,0,0,0,0,0
2023-07-30 00:00:00,0,0,0,0,0,0,0,0,0,0
2023-07-31 00:00:00,0,0,0,0,0,0,0,0,0,0
2023-08-01 00:00:00,0,0,0,0,0,0,0,0,0,0
2023-08-02 00:00:00,0,0,0,0,0,0,0,0,0,0
2023-08-03 00:00:00,0,0,0,0,0,0,0,0,0,0
2023-08-04 00:00:00,0,0,0,0,0,0,0,0,0,0
2023-08-05 00:00:00,0,0,0,0,0,0,0,0,0,0
2023-08-06 00:00:00,0,0,0,0,0,0,0,0,0,0
2023-08-07 00:00:00,0,0,0,0,0,0,0,0,0,0
2023-08-08 00:00:00,0,0,0,0,0,0,0,0,0,0
2023-08-09 00:00:00,0,0,0,0,0,0,0,0,0,0
2023-08-10 00:00:00,0,0,0,0,0,0,0,0,0,0
2023-08-11 00:00:00,0,0,0,0,0,0,0,0,0,0
2023-08-12 00:00:00,0,0,0,0,0,0,0,0,0,0
2023-08-13 00:00:00,0,0,0,0,0,0,0,0,0,0
2023-08-14 00:00:00,0,0,0,0,0,0,0,0,0,0
2023-08-15 00:00:00,0,0,0,0,0,0,0,0,0,0
2023-08-16 00:00:00,0,0,0,0,0,0,0,0,0,0
2023-08-17 00:00:00,0,0,0,0,0,0,0,0,0,0
2023-08-18 00:00:00,0,0,0,0,0,0,0,0,0,0
2023-08-19 00:00:00,0,0,0,0,0,0,0,0,0,0
2023-08-20 00:00:00,0,0,0,0,0,0,0,0,0,0
2023-08-21 00:00:00,0,0,0,0,0,0,0,0,0,0
2023-08-22 00:00:00,0,0,0,0,0,0,0,0,0,0
2023-08-23 00:00:00,0,0,0,0,0,0,0,0,0,0
2023-08-24 00:00:00,0,0,0,0,0,0,0,0,0,0
2023-08-25 00:00:00,0,0,0,0,0,0,0,0,0,0
2023-08-26 00:00:00,0,0,0,0,0,0,0,0,0,0
2023-08-27 00:00:00,0,0,0,0,0,0,0,0,0,0
2023-08-28 00:00:00,0,0,0,0,0,0,0,0,0,0
2023-08-29 00:00:00,0,0,0,0,0,0,0,0,0,0
2023-08-30 00:00:00,0,0,0,0,0,0,0,0,0,0
2023-08-31 00:00:00,0,0,0,0,0,0,0,0,0,0
2023-09-01 00:00:00,0,0,0,0,0,0,0,0,0,0
2023-09-02 00:00:00,0,0,0,0,0,0,0,0,0,0
2023-09-03 00:00:00,0,0,0,0,0,0,0,0,0,0
2023-09-04 00:00:00,0,0,0,0,0,0,0,0,0,0
2023-09-05 00:00:00,0,0,0,0,0,0,0,0,0,0
2023-09-06 00:00:00,0,0,0,0,0,0,0,0,0,0
2023-09-07 00:00:00,0,0,0,0,0,0,0,0,0,0
2023-09-08 00:00:00,0,0,0,0,0,0,0,0,0,0
2023-09-09 00:00:00,0,0,0,0,0,0,0,0,0,0
2023-09-10 00:00:00,0,0,0,0,0,0,0,0,0,0
2023-09-11 00:00:00,0,0,0,0,0,0,0,0,0,0
2023-09-12 00:00:00,0,0,0,0,0,0,0,0,0,0
2023-09-13 00:00:00,0,0,0,0,0,0,0,0,0,0
2023-09-14 00:00:00,0,0,0,0,0,0,0,0,0,0
2023-09-15 00:00:00,0,0,0,0,0,0,0,0,0,0
2023-09-16 00:00:00,0,0,0,0,0,0,0,0,0,0
2023-09-17 00:00:00,0,0,0,0,0,0,0,0,0,0
2023-09-18 00:00:00,0,0,0,0,0,0,0,0,0,0
2023-09-19 00:00:00,0,0,0,0,0,0,0,0,0,0
2023-09-20 00:00:00,0,0,0,0,0,0,0,0,0,0
2023-09-21 00:00:00,0,0,0,0,0,0,0,0,0,0
2023-09-22 00:00:00,0,0,0,0,0,0,0,0,0,0
2023-09-23 00:00:00,0,0,0,0,0,0,0,0,0,0
2023-09-24 00:00:00,0,0,0,0,0,0,0,0,0,0
2023-09-25 00:00:00,0,0,0,0,0,0,0,0,0,0
2023-09-26 00:00:00,0,0,0,0,0,0,0,0,0,0
2023-09-27 00:00:00,0,0,0,0,0,0,0,0,0,0
2023-09-28 00:00:00,0,0,0,0,0,0,0,0,0,0
2023-09-29 00:00:00,0,0,0,0,0,0,0,0,0,0
2023-09-30 00:00:00,0,0,0,0,0,0,0,0,0,0
2023-10-01 00:00:00,0,0,0,0,0,0,0,0,0,0
2023-10-02 00:00:00,0,0,0,0,0,0,0,0,0,0
2023-10-03 00:00:00,0,0,0,0,0,0,0,0,0,0
2023-10-04 00:00:00,0,0,0,0,0,0,0,0,0,0
2023-10-05 00:00:00,0,0,0,0,0,0,0,0,0,0
2023-10-06 00:00:00,0,0,0,0,0,0,0,0,0,0
2023-10-07 00:00:00,0,0,0,0,0,0,0,0,0,0
2023-10-08 00:00:00,0,0,0,0,0,0,0,0,0,0
2023-10-09 00:00:00,0,0,0,0,0,0,0,0,0,0
2023-10-10 00:00:00,0,0,0,0,0,0,0,0,0,0
2023-10-11 00:00:00,0,0,0,0,0,0,0,0,0,0
2023-10-12 00:00:00,0,0,0,0,0,0,0,0,0,0
2023-10-13 00:00:00,0,0,0,0,0,0,0,0,0,0
2023-10-14 00:00:00,0,0,0,0,0,0,0,0,0,0
2023-10-15 00:00:00,0,0,0,0,0,0,0,0,0,0
2023-10-16 00:00:00,0,0,0,0,0,0,0,0,0,0
2023-10-17 00:00:00,0,0,0,0,0,0,0,0,0,0
2023-10-18 00:00:00,0,0,0,0,0,0,0,0,0,0
2023-10-19 00:00:00,0,0,0,0,0,0,0,0,0,0
2023-10-20 00:00:00,0,0,0,0,0,0,0,0,0,0
2023-10-21 00:00:00,0,0,0,0,0,0,0,0,0,0
2023-10-22 00:00:00,0,0,0,0,0,0,0,0,0,0
2023-10-23 00:00:00,0,0,0,0,0,0,0,0,0,0
2023-10-24 00:00:00,0,0,0,0,0,0,0,0,0,0
2023-10-25 00:00:00,0,0,0,0,0,0,0,0,0,0
2023-10-26 00:00:00,0,0,0,0,0,0,0,0,0,0
2023-10-27 00:00:00,0,0,0,0,0,0,0,0,0,0
2023-10-28 00:00:00,0,0,0,0,0,0,0,0,0,0
2023-10-29 00:00:00,0,0,0,0,0,0,0,0,0,0
2023-10-30 00:00:00,0,0,0,0,0,0,0,0,0,0
2023-10-31 00:00:00,0,0,0,0,0,0,0,0,0,0
2023-11-01 00:00:00,0,0,0,0,0,0,0,0,0,0
2023-11-02 00:00:00,0,0,0,0,0,0,0,0,0,0
2023-11-03 00:00:00,0,0,0,0,0,0,0,0,0,0
2023-11-04 00:00:00,0,0,0,0,0,0,0,0,0,0
2023-11-05 00:00:00,0,0,0,0,0,0,0,0,0,0
2023-11-06 00:00:00,0,0,0,0,0,0,0,0,0,0
2023-11-07 00:00:00,0,0,0,0,0,0,0,0,0,0
2023-11-08 00:00:00,0,0,0,0,0,0,0,0,0,0
2023-11-09 00:00:00,0,0,0,0,0,0,0,0,0,0
2023-11-10 00:00:00,0,0,0,0,0,0,0,0,0,0
2023-11-11 00:00:00,0,0,0,0,0,0,0,0,0,0
2023-11-12 00:00:00,0,0,0,0,0,0,0,0,0,0
2023-11-13 00:00:00,0,0,0,0,0,0,0,0,0,0
2023-11-14 00:00:00,0,0,0,0,0,0,0,0,0,0
2023-11-15 00:00:00,0,0,0,0,0,0,0,0,0,0
2023-11-16 00:00:00,0,0,0,0,0,0,0,0,0,0
2023-11-17 00:00:00,0,0,0,0,0,0,0,0,0,0
2023-11-18 00:00:00,0,0,0,0,0,0,0,0,0,0
2023-11-19 00:00:00,0,0,0,0,0,0,0,0,0,0
2023-11-20 00:00:00,0,0,0,0,0,0,0,0,0,0
2023-11-21 00:00:00,0,0,0,0,0,0,0,0,0,0
2023-11-22 00:00:00,0,0,0,0,0,0,0,0,0,0
2023-11-23 00:00:00,0,0,0,0,0,0,0,0,0,0
2023-11-24 00:00:00,0,0,0,0,0,0,0,0,0,0
2023-11-25 00:00:00,0,0,0,0,0,0,0,0,0,0
2023-11-26 00:00:00,0,0,0,0,0,0,0,0,0,0
2023-11-27 00:00:00,0,0,0,0,0,0,0,0,0,0
2023-11-28 00:00:00,0,0,0,0,0,0,0,0,0,0
2023-11-29 00:00:00,0,0,0,0,0,0,0,0,0,0
2023-11-30 00:00:00,0,0,0,0,0,0,0,0,0,0
2023-12-01 00:00:00,0,0,0,0,0,0,0,0,0,0
2023-12-02 00:00:00,0,0,0,0,0,0,0,0,0,0
2023-12-03 00:00:00,0,0,0,0,0,0,0,0,0,0
2023-12-04 00:00:00,0,0,0,0,0,0,0,0,0,0
2023-12-05 00:00:00,0,0,0,0,0,0,0,0,0,0
2023-12-06 00:00:00,0,0,0,0,0,0,0,0,0,0
2023-12-07 00:00:00,0,0,0,0,0,0,0,0,0,0
2023-12-08 00:00:00,0,0,0,0,0,0,0,0,0,0
2023-12-09 00:00:00,0,0,0,0,0,0,0,0,0,0
2023-12-10 00:00:00,0,0,0,0,0,0,0,0,0,0
2023-12-11 00:00:00,0,0,0,0,0,0,0,0,0,0
2023-12-12 00:00:00,0,0,0,0,0,0,0,0,0,0
2023-12-13 00:00:00,0,0,0,0,0,0,0,0,0,0
2023-12-14 00:00:00,0,0,0,0,0,0,0,0,0,0
2023-12-15 00:00:00,0,0,0,0,0,0,0,0,0,0
2023-12-16 00:00:00,0,0,0,0,0,0,0,0,0,0
2023-12-17 00:00:00,0,0,0,0,0,0,0,0,0,0
2023-12-18 00:00:00,0,0,0,0,0,0,0,0,0,0
2023-12-19 00:00:00,0,0,0,0,0,0,0,0,0,0
2023-12-20 00:00:00,0,0,0,0,0,0,0,0,0,0
2023-12-21 00:00:00,0,0,0,0,0,0,0,0,0,0
2023-12-22 00:00:00,0,0,0,0,0,0,0,0,0,0
2023-12-23 00:00:00,0,0,0,0,0,0,0,0,0,0
2023-12-24 00:00:00,0,0,0,0,0,0,0,0,0,0
2023-12-25 00:00:00,0,0,0,0,0,0,0,0,0,0
2023-12-26 00:00:00,0,0,0,0,0,0,0,0,0,0
2023-12-27 00:00:00,0,0,0,0,0,0,0,0,0,0
2023-12-28 00:00:00,0,0,0,0,0,0,0,0,0,0
2023-12-29 00:00:00,0,0,0,0,0,0,0,0,0,0
2023-12-30 00:00:00,0,0,0,0,0,0,0,0,0,0
2023-12-31 00:00:00,0,0,0,0,0,0,0,0,0,0
2024-01-01 00:00:00,0,0,0,0,0,0,0,0,0,0
2024-01-02 00:00:00,0,0,0,0,0,0,0,0,0,0
2024-01-03 00:00:00,0,0,0,0,0,0,0,0,0,0
2024-01-04 00:00:00,0,0,0,0,0,0,0,0,0,0
2024-01-05 00:00:00,0,0,0,0,0,0,0,0,0,0
2024-01-06 00:00:00,0,0,0,0,0,0,0,0,0,0
2024-01-07 00:00:00,0,0,0,0,0,0,0,0,0,0
2024-01-08 00:00:00,0,0,0,0,0,0,0,0,0,0
2024-01-09 00:00:00,0,0,0,0,0,0,0,0,0,0
2024-01-10 00:00:00,0,0,0,0,0,0,0,0,0,0
2024-01-11 00:00:00,0,0,0,0,0,0,0,0,0,0
2024-01-12 00:00:00,0,0,0,0,0,0,0,0,0,0
2024-01-13 00:00:00,0,0,0,0,0,0,0,0,0,0
2024-01-14 00:00:00,0,0,0,0,0,0,0,0,0,0
2024-01-15 00:00:00,0,0,0,0,0,0,0,0,0,0
2024-01-16 00:00:00,0,0,0,0,0,0,0,0,0,0
2024-01-17 00:00:00,0,0,0,0,0,0,0,0,0,0
2024-01-18 00:00:00,0,0,0,0,0,0,0,0,0,0
2024-01-19 00:00:00,0,0,0,0,0,0,0,0,0,0
2024-01-20 00:00:00,0,0,0,0,0,0,0,0,0,0
2024-01-21 00:00:00,0,0,0,0,0,0,0,0,0,0
2024-01-22 00:00:00,0,0,0,0,0,0,0,0,0,0
2024-01-23 00:00:00,0,0,0,0,0,0,0,0,0,0
2024-01-24 00:00:00,0,0,0,0,0,0,0,0,0,0
2024-01-25 00:00:00,0,0,0,0,0,0,0,0,0,0
2024-01-26 00:00:00,0,0,0,0,0,0,0,0,0,0
2024-01-27 00:00:00,0,0,0,0,0,0,0,0,0,0
2024-01-28 00:00:00,0,0,0,0,0,0,0,0,0,0
2024-01-29 00:00:00,0,0,0,0,0,0,0,0,0,0
2024-01-30 00:00:00,0,0,0,0,0,0,0,0,0,0
2024-01-31 00:00:00,0,0,0,0,0,0,0,0,0,0
2024-02-01 00:00:00,0,0,0,0,0,0,0,0,0,0
2024-02-02 00:00:00,0,0,0,0,0,0,0,0,0,0
2024-02-03 00:00:00,0,0,0,0,0,0,0,0,0,0
2024-02-04 00:00:00,0,0,0,0,0,0,0,0,0,0
2024-02-05 00:00:00,0,0,0,0,0,0,0,0,0,0
2024-02-06 00:00:00,0,0,0,0,0,0,0,0,0,0
2024-02-07 00:00:00,0,0,0,0,0,0,0,0,0,0
2024-02-08 00:00:00,0,0,0,0,0,0,0,0,0,0
2024-02-09 00:00:00,0,0,0,0,0,0,0,0,0,0
2024-02-10 00:00:00,0,0,0,0,0,0,0,0,0,0
2024-02-11 00:00:00,0,0,0,0,0,0,0,0,0,0
2024-02-12 00:00:00,0,0,0,0,0,0,0,0,0,0
2024-02-13 00:00:00,0,0,0,0,0,0,0,0,0,0
2024-02-14 00:00:00,0,0,0,0,0,0,0,0,0,0
2024-02-15 00:00:00,0,0,0,0,0,0,0,0,0,0
2024-02-16 00:00:00,0,0,0,0,0,0,0,0,0,0
2024-02-17 00:00:00,0,0,0,0,0,0,0,0,0,0
2024-02-18 00:00:00,0,0,0,0,0,0,0,0,0,0
2024-02-19 00:00:00,0,0,0,0,0,0,0,0,0,0
2024-02-20 00:00:00,0,0,0,0,0,0,0,0,0,0
2024-02-21 00:00:00,0,0,0,0,0,0,0,0,0,0
2024-02-22 00:00:00,0,0,0,0,0,0,0,0,0,0
2024-02-23 00:00:00,0,0,0,0,0,0,0,0,0,0
2024-02-24 00:00:00,0,0,0,0,0,0,0,0,0,0
2024-02-25 00:00:00,0,0,0,0,0,0,0,0,0,0
2024-02-26 00:00:00,0,0,0,0,0,0,0,0,0,0
2024-02-27 00:00:00,0,0,0,0,0,0,0,0,0,0
2024-02-28 00:00:00,0,0,0,0,0,0,0,0,0,0
2024-02-29 00:00:00,0,0,0,0,0,0,0,0,0,0
2024-03-01 00:00:00,0,0,0,0,0,0,0,0,0,0
2024-03-02 00:00:00,0,0,0,0,0,0,0,0,0,0
2024-03-03 00:00:00,0,0,0,0,0,0,0,0,0,0
2024-03-04 00:00:00,0,0,0,0,0,0,0,0,0,0
2024-03-05 00:00:00,0,0,0,0,0,0,0,0,0,0
2024-03-06 00:00:00,0,0,0,0,0,0,0,0,0,0
2024-03-07 00:00:00,0,0,0,0,0,0,0,0,0,0
2024-03-08 00:00:00,0,0,0,0,0,0,0,0,0,0
2024-03-09 00:00:00,0,0,0,0,0,0,0,0,0,0
2024-03-10 00:00:00,0,0,0,0,0,0,0,0,0,0
2024-03-11 00:00:00,0,0,0,0,0,0,0,0,0,0
2024-03-12 00:00:00,0,0,0,0,0,0,0,0,0,0
2024-03-13 00:00:00,0,0,0,0,0,0,0,0,0,0
2024-03-14 00:00:00,0,0,0,0,0,0,0,0,0,0
2024-03-15 00:00:00,0,0,0,0,0,0,0,0,0,0
2024-03-16 00:00:00,0,0,0,0,0,0,0,0,0,0
2024-03-17 00:00:00,0,0,0,0,0,0,0,0,0,0
2024-03-18 00:00:00,0,0,0,0,0,0,0,0,0,0
2024-03-19 00:00:00,0,0,0,0,0,0,0,0,0,0
2024-03-20 00:00:00,0,0,0,0,0,0,0,0,0,0
2024-03-21 00:00:00,0,0,0,0,0,0,0,0,0,0
2024-03-22 00:00:00,0,0,0,0,0,0,0,0,0,0
2024-03-23 00:00:00,0,0,0,0,0,0,0,0,0,0
2024-03-24 00:00:00,0,0,0,0,0,0,0,0,0,0
2024-03-25 00:00:00,0,0,0,0,0,0,0,0,0,0
2024-03-26 00:00:00,0,0,0,0,0,0,0,0,0,0
2024-03-27 00:00:00,0,0,0,0,0,0,0,0,0,0
2024-03-28 00:00:00,0,0,0,0,0,0,0,0,0,0
2024-03-29 00:00:00,0,0,0,0,0,0,0,0,0,0
2024-03-30 00:00:00,0,0,0,0,0,0,0,0,0,0
2024-03-31 00:00:00,0,0,0,0,0,0,0,0,0,0
2024-04-01 00:00:00,0,0,0,0,0,0,0,0,0,0
2024-04-02 00:00:00,0,0,0,0,0,0,0,0,0,0
2024-04-03 00:00:00,0,0,0,0,0,0,0,0,0,0
2024-04-04 00:00:00,0,0,0,0,0,0,0,0,0,0
2024-04-05 00:00:00,0,0,0,0,0,0,0,0,0,0
2024-04-06 00:00:00,0,0,0,0,0,0,0,0,0,0
2024-04-07 00:00:00,0,0,0,0,0,0,0,0,0,0
2024-04-08 00:00:00,0,0,0,0,0,0,0,0,0,0
2024-04-09 00:00:00,0,0,0,0,0,0,0,0,0,0
2024-04-10 00:00:00,0,0,0,0,0,0,0,0,0,0
2024-04-11 00:00:00,0,0,0,0,0,0,0,0,0,0
2024-04-12 00:00:00,0,0,0,0,0,0,0,0,0,0
2024-04-13 00:00:00,0,0,0,0,0,0,0,0,0,0
2024-04-14 00:00:00,0,0,0,0,0,0,0,0,0,0
2024-04-15 00:00:00,0,0,0,0,0,0,0,0,0,0
2024-04-16 00:00:00,0,0,0,0,0,0,0,0,0,0
2024-04-17 00:00:00,0,0,0,0,0,0,0,0,0,0
2024-04-18 00:00:00,0,0,0,0,0,0,0,0,0,0
2024-04-19 00:00:00,0,0,0,0,0,0,0,0,0,0
2024-04-20 00:00:00,0,0,0,0,0,0,0,0,0,0
2024-04-21 00:00:00,0,0,0,0,0,0,0,0,0,0
2024-04-22 00:00:00,0,0,0,0,0,0,0,0,0,0
2024-04-23 00:00:00,0,0,0,0,0,0,0,0,0,0
2024-04-24 00:00:00,0,0,0,0,0,0,0,0,0,0
2024-04-25 00:00:00,0,0,0,0,0,0,0,0,0,0
2024-04-26 00:00:00,0,0,0,0,0,0,0,0,0,0
2024-04-27 00:00:00,0,0,0,0,0,0,0,0,0,0
2024-04-28 00:00:00,0,0,0,0,0,0,0,0,0,0
2024-04-29 00:00:00,0,0,0,0,0,0,0,0,0,0
2024-04-30 00:00:00,0,0,0,0,0,0,0,0,0,0
2024-05-01 00:00:00,0,0,0,0,0,0,0,0,0,0
2024-05-02 00:00:00,0,0,0,0,0,0,0,0,0,0
2024-05-03 00:00:00,0,0,0,0,0,0,0,0,0,0
2024-05-04 00:00:00,0,0,0,0,0,0,0,0,0,0
2024-05-05 00:00:00,0,0,0,0,0,0,0,0,0,0
2024-05-06 00:00:00,0,0,0,0,0,0,0,0,0,0
2024-05-07 00:00:00,0,0,0,0,0,0,0,0,0,0
2024-05-08 00:00:00,0,0,0,0,0,0,0,0,0,0
2024-05-09 00:00:00,0,0,0,0,0,0,0,0,0,0
2024-05-10 00:00:00,0,0,0,0,0,0,0,0,0,0
2024-05-11 00:00:00,0,0,0,0,0,0,0,0,0,0
2024-05-12 00:00:00,0,0,0,0,0,0,0,0,0,0
2024-05-13 00:00:00,0,0,0,0,0,0,0,0,0,0
2024-05-14 00:00:00,0,0,0,0,0,0,0,0,0,0
2024-05-15 00:00:00,0,0,0,0,0,0,0,0,0,0
2024-05-16 00:00:00,0,0,0,0,0,0,0,0,0,0
2024-05-17 00:00:00,0,0,0,0,0,0,0,0,0,0
2024-05-18 00:00:00,0,0,0,0,0,0,0,0,0,0
2024-05-19 00:00:00,0,0,0,0,0,0,0,0,0,0
2024-05-20 00:00:00,0,0,0,0,0,0,0,0,0,0
2024-05-21 00:00:00,0,0,0,0,0,0,0,0,0,0
2024-05-22 00:00:00,0,0,0,0,0,0,0,0,0,0
2024-05-23 00:00:00,0,0,0,0,0,0,0,0,0,0
2024-05-24 00:00:00,0,0,0,0,0,0,0,0,0,0
2024-05-25 00:00:00,0,0,0,0,0,0,0,0,0,0
2024-05-26 00:00:00,0,0,0,0,0,0,0,0,0,0
2024-05-27 00:00:00,0,0,0,0,0,0,0,0,0,0
2024-05-28 00:00:00,0,0,0,0,0,0,0,0,0,0
2024-05-29 00:00:00,0,0,0,0,0,0,0,0,0,0
2024-05-30 00:00:00,0,0,0,0,0,0,0,0,0,0
2024-05-31 00:00:00,0,0,0,0,0,0,0,0,0,0
2024-06-01 00:00:00,0,0,0,0,0,0,0,0,0,0
2024-06-02 00:00:00,0,0,0,0,0,0,0,0,0,0
2024-06-03 00:00:00,0,0,0,0,0,0,0,0,0,0
2024-06-04 00:00:00,0,0,0,0,0,0,0,0,0,0
2024-06-05 00:00:00,0,0,0,0,0,0,0,0,0,0
2024-06-06 00:00:00,0,0,0,0,0,0,0,0,0,0
2024-06-07 00:00:00,0,0,0,0,0,0,0,0,0,0
2024-06-08 00:00:00,0,0,0,0,0,0,0,0,0,0
2024-06-09 00:00:00,0,0,0,0,0,0,0,0,0,0
2024-06-10 00:00:00,0,0,0,0,0,0,0,0,0,0
2024-06-11 00:00:00,0,0,0,0,0,0,0,0,0,0
2024-06-12 00:00:00,0,0,0,0,0,0,0,0,0,0
2024-06-13 00:00:00,0,0,0,0,0,0,0,0,0,0
2024-06-14 00:00:00,0,0,0,0,0,0,0,0,0,0
2024-06-15 00:00:00,0,0,0,0,0,0,0,0,0,0
2024-06-16 00:00:00,0,0,0,0,0,0,0,0,0,0
2024-06-17 00:00:00,0,0,0,0,0,0,0,0,0,0
2024-06-18 00:00:00,0,0,0,0,0,0,0,0,0,0
2024-06-19 00:00:00,0,0,0,0,0,0,0,0,0,0
2024-06-20 00:00:00,0,0,0,0,0,0,0,0,0,0
2024-06-21 00:00:00,0,0,0,0,0,0,0,0,0,0
2024-06-22 00:00:00,0,0,0,0,0,0,0,0,0,0
2024-06-23 00:00:00,0,0,0,0,0,0,0,0,0,0
2024-06-24 00:00:00,0,0,0,0,0,0,0,0,0,0
2024-06-25 00:00:00,0,0,0,0,0,0,0,0,0,0
2024-06-26 00:00:00,0,0,0,0,0,0,0,0,0,0
2024-06-27 00:00:00,0,0,0,0,0,0,0,0,0,0
2024-06-28 00:00:00,0,0,0,0,0,0,0,0,0,0
2024-06-29 00:00:00,0,0,0,0,0,0,0,0,0,0
2024-06-30 00:00:00,0,0,0,0,0,0,0,0,0,0
2024-07-01 00:00:00,0,0,0,0,0,0,0,0,0,0
2024-07-02 00:00:00,0,0,0,0,0,0,0,0,0,0
2024-07-03 00:00:00,0,0,0,0,0,0,0,0,0,0
2024-07-04 00:00:00,0,0,0,0,0,0,0,0,0,0
2024-07-05 00:00:00,0,0,0,0,0,0,0,0,0,0
2024-07-06 00:00:00,0,0,0,0,0,0,0,0,0,0
2024-07-07 00:00:00,0,0,0,0,0,0,0,0,0,0
2024-07-08 00:00:00,0,0,0,0,0,0,0,0,0,0
2024-07-09 00:00:00,0,0,0,0,0,0,0,0,0,0
2024-07-10 00:00:00,0,0,0,0,0,0,0,0,0,0
2024-07-11 00:00:00,0,0,0,0,0,0,0,0,0,0
2024-07-12 00:00:00,0,0,0,0,0,0,0,0,0,0
2024-07-13 00:00:00,0,0,0,0,0,0,0,0,0,0
2024-07-14 00:00:00,0,0,0,0,0,0,0,0,0,0
2024-07-15 00:00:00,0,0,0,0,0,0,0,0,0,0
2024-07-16 00:00:00,0,0,0,0,0,0,0,0,0,0
2024-07-17 00:00:00,0,0,0,0,0,0,0,0,0,0
2024-07-18 00:00:00,0,0,0,0,0,0,0,0,0,0
2024-07-19 00:00:00,0,0,0,0,0,0,0,0,0,0
2024-07-20 00:00:00,0,0,0,0,0,0,0,0,0,0
2024-07-21 00:00:00,0,0,0,0,0,0,0,0,0,0
2024-07-22 00:00:00,0,0,0,0,0,0,0,0,0,0
2024-07-23 00:00:00,0,0,0,0,0,0,0,0,0,0
2024-07-24 00:00:00,0,0,0,0,0,0,0,0,0,0
2024-07-25 00:00:00,0,0,0,0,0,0,0,0,0,0
2024-07-26 00:00:00,0,0,0,0,0,0,0,0,0,0
2024-07-27 00:00:00,0,0,0,0,0,0,0,0,0,0
2024-07-28 00:00:00,0,0,0,0,0,0,0,0,0,0
2024-07-29 00:00:00,0,0,0,0,0,0,0,0,0,0
2024-07-30 00:00:00,0,0,0,0,0,0,0,0,0,0
2024-07-31 00:00:00,0,0,0,0,0,0,0,0,0,0
2024-08-01 00:00:00,0,0,0,0,0,0,0,0,0,0
2024-08-02 00:00:00,0,0,0,0,0,0,0,0,0,0
2024-08-03 00:00:00,0,0,0,0,0,0,0,0,0,0
2024-08-04 00:00:00,0,0,0,0,0,0,0,0,0,0
2024-08-05 00:00:00,0,0,0,0,0,0,0,0,0,0
2024-08-06 00:00:00,0,0,0,0,0,0,0,0,0,0
2024-08-07 00:00:00,0,0,0,0,0,0,0,0,0,0
2024-08-08 00:00:00,0,0,0,0,0,0,0,0,0,0
2024-08-09 00:00:00,0,0,0,0,0,0,0,0,0,0
2024-08-10 00:00:00,0,0,0,0,0,0,0,0,0,0
2024-08-11 00:00:00,0,0,0,0,0,0,0,0,0,0
2024-08-12 00:00:00,0,0,0,0,0,0,0,0,0,0
2024-08-13 00:00:00,0,0,0,0,0,0,0,0,0,0
2024-08-14 00:00:00,0,0,0,0,0,0,0,0,0,0
2024-08-15 00:00:00,0,0,0,0,0,0,0,0,0,0
2024-08-16 00:00:00,0,0,0,0,0,0,0,0,0,0
2024-08-17 00:00:00,0,0,0,0,0,0,0,0,0,0
2024-08-18 00:00:00,0,0,0,0,0,0,0,0,0,0
2024-08-19 00:00:00,0,0,0,0,0,0,0,0,0,0
2024-08-20 00:00:00,0,0,0,0,0,0,0,0,0,0
2024-08-21 00:00:00,0,0,0,0,0,0,0,0,0,0
2024-08-22 00:00:00,0,0,0,0,0,0,0,0,0,0
2024-08-23 00:00:00,0,0,0,0,0,0,0,0,0,0
2024-08-24 00:00:00,0,0,0,0,0,0,0,0,0,0
2024-08-25 00:00:00,0,0,0,0,0,0,0,0,0,0
2024-08-26 00:00:00,0,0,0,0,0,0,0,0,0,0
2024-08-27 00:00:00,0,0,0,0,0,0,0,0,0,0
2024-08-28 00:00:00,0,0,0,0,0,0,0,0,0,0
2024-08-29 00:00:00,0,0,0,0,0,0,0,0,0,0
2024-08-30 00:00:00,0,0,0,0,0,0,0,0,0,0
2024-08-31 00:00:00,0,0,0,0,0,0,0,0,0,0
2024-09-01 00:00:00,0,0,0,0,0,0,0,0,0,0
2024-09-02 00:00:00,0,0,0,0,0,0,0,0,0,0
2024-09-03 00:00:00,0,0,0,0,0,0,0,0,0,0
2024-09-04 00:00:00,0,0,0,0,0,0,0,0,0,0
2024-09-05 00:00:00,0,0,0,0,0,0,0,0,0,0
2024-09-06 00:00:00,0,0,0,0,0,0,0,0,0,0
2024-09-07 00:00:00,0,0,0,0,0,0,0,0,0,0
2024-09-08 00:00:00,0,0,0,0,0,0,0,0,0,0
2024-09-09 00:00:00,0,0,0,0,0,0,0,0,0,0
2024-09-10 00:00:00,0,0,0,0,0,0,0,0,0,0
2024-09-11 00:00:00,0,0,0,0,0,0,0,0,0,0
2024-09-12 00:00:00,0,0,0,0,0,0,0,0,0,0
2024-09-13 00:00:00,0,0,0,0,0,0,0,0,0,0
2024-09-14 00:00:00,0,0,0,0,0,0,0,0,0,0
2024-09-15 00:00:00,0,0,0,0,0,0,0,0,0,0
2024-09-16 00:00:00,0,0,0,0,0,0,0,0,0,0
2024-09-17 00:00:00,0,0,0,0,0,0,0,0,0,0
2024-09-18 00:00:00,0,0,0,0,0,0,0,0,0,0
2024-09-19 00:00:00,0,0,0,0,0,0,0,0,0,0
2024-09-20 00:00:00,0,0,0,0,0,0,0,0,0,0
2024-09-21 00:00:00,0,0,0,0,0,0,0,0,0,0
2024-09-22 00:00:00,0,0,0,0,0,0,0,0,0,0
2024-09-23 00:00:00,0,0,0,0,0,0,0,0,0,0
2024-09-24 00:00:00,0,0,0,0,0,0,0,0,0,0
2024-09-25 00:00:00,0,0,0,0,0,0,0,0,0,0
2024-09-26 00:00:00,0,0,0,0,0,0,0,0,0,0
2024-09-27 00:00:00,0,0,0,0,0,0,0,0,0,0
2024-09-28 00:00:00,0,0,0,0,0,0,0,0,0,0
2024-09-29 00:00:00,0,0,0,0,0,0,0,0,0,0
2024-09-30 00:00:00,0,0,0,0,0,0,0,0,0,0
2024-10-01 00:00:00,0,0,0,0,0,0,0,0,0,0
2024-10-02 00:00:00,0,0,0,0,0,0,0,0,0,0
2024-10-03 00:00:00,0,0,0,0,0,0,0,0,0,0
2024-10-04 00:00:00,0,0,0,0,0,0,0,0,0,0
2024-10-05 00:00:00,0,0,0,0,0,0,0,0,0,0
2024-10-06 00:00:00,0,0,0,0,0,0,0,0,0,0
2024-10-07 00:00:00,0,0,0,0,0,0,0,0,0,0
2024-10-08 00:00:00,0,0,0,0,0,0,0,0,0,0
2024-10-09 00:00:00,0,0,0,0,0,0,0,0,0,0
2024-10-10 00:00:00,0,0,0,0,0,0,0,0,0,0
2024-10-11 00:00:00,0,0,0,0,0,0,0,0,0,0
2024-10-12 00:00:00,0,0,0,0,0,0,0,0,0,0
2024-10-13 00:00:00,0,0,0,0,0,0,0,0,0,0
2024-10-14 00:00:00,0,0,0,0,0,0,0,0,0,0
2024-10-15 00:00:00,0,0,0,0,0,0,0,0,0,0
2024-10-16 00:00:00,0,0,0,0,0,0,0,0,0,0
2024-10-17 00:00:00,0,0,0,0,0,0,0,0,0,0
2024-10-18 00:00:00,0,0,0,0,0,0,0,0,0,0
2024-10-19 00:00:00,0,0,0,0,0,0,0,0,0,0
2024-10-20 00:00:00,0,0,0,0,0,0,0,0,0,0
2024-10-21 00:00:00,0,0,0,0,0,0,0,0,0,0
2024-10-22 00:00:00,0,0,0,0,0,0,0,0,0,0
2024-10-23 00:00:00,0,0,0,0,0,0,0,0,0,0
2024-10-24 00:00:00,0,0,0,0,0,0,0,0,0,0
2024-10-25 00:00:00,0,0,0,0,0,0,0,0,0,0
2024-10-26 00:00:00,0,0,0,0,0,0,0,0,0,0
2024-10-27 00:00:00,0,0,0,0,0,0,0,0,0,0
2024-10-28 00:00:00,0,0,0,0,0,0,0,0,0,0
2024-10-29 00:00:00,0,0,0,0,0,0,0,0,0,0
2024-10-30 00:00:00,0,0,0,0,0,0,0,0,0,0
2024-10-31 00:00:00,0,0,0,0,0,0,0,0,0,0
2024-11-01 00:00:00,0,0,0,0,0,0,0,0,0,0
2024-11-02 00:00:00,0,0,0,0,0,0,0,0,0,0
2024-11-03 00:00:00,0,0,0,0,0,0,0,0,0,0
2024-11-04 00:00:00,0,0,0,0,0,0,0,0,0,0
2024-11-05 00:00:00,0,0,0,0,0,0,0,0,0,0
2024-11-06 00:00:00,0,0,0,0,0,0,0,0,0,0
2024-11-07 00:00:00,0,0,0,0,0,0,0,0,0,0
2024-11-08 00:00:00,0,0,0,0,0,0,0,0,0,0
2024-11-09 00:00:00,0,0,0,0,0,0,0,0,0,0
2024-11-10 00:00:00,0,0,0,0,0,0,0,0,0,0
2024-11-11 00:00:00,0,0,0,0,0,0,0,0,0,0
2024-11-12 00:00:00,0,0,0,0,0,0,0,0,0,0
2024-11-13 00:00:00,0,0,0,0,0,0,0,0,0,0
2024-11-14 00:00:00,0,0,0,0,0,0,0,0,0,0
2024-11-15 00:00:00,0,0,0,0,0,0,0,0,0,0
2024-11-16 00:00:00,0,0,0,0,0,0,0,0,0,0
2024-11-17 00:00:00,0,0,0,0,0,0,0,0,0,0
2024-11-18 00:00:00,0,0,0,0,0,0,0,0,0,0
2024-11-19 00:00:00,0,0,0,0,0,0,0,0,0,0
2024-11-20 00:00:00,0,0,0,0,0,0,0,0,0,0
2024-11-21 00:00:00,0,0,0,0,0,0,0,0,0,0
2024-11-22 00:00:00,0,0,0,0,0,0,0,0,0,0
2024-11-23 00:00:00,0,0,0,0,0,0,0,0,0,0
2024-11-24 00:00:00,0,0,0,0,0,0,0,0,0,0
2024-11-25 00:00:00,0,0,0,0,0,0,0,0,0,0
2024-11-26 00:00:00,0,0,0,0,0,0,0,0,0,0
2024-11-27 00:00:00,0,0,0,0,0,0,0,0,0,0
2024-11-28 00:00:00,0,0,0,0,0,0,0,0,0,0
2024-11-29 00:00:00,0,0,0,0,0,0,0,0,0,0
2024-11-30 00:00:00,0,0,0,0,0,0,0,0,0,0
2024-12-01 00:00:00,0,0,0,0,0,0,0,0,0,0
2024-12-02 00:00:00,0,0,0,0,0,0,0,0,0,0
2024-12-03 00:00:00,0,0,0,0,0,0,0,0,0,0
2024-12-04 00:00:00,0,0,0,0,0,0,0,0,0,0
2024-12-05 00:00:00,0,0,0,0,0,0,0,0,0,0
2024-12-06 00:00:00,0,0,0,0,0,0,0,0,0,0
2024-12-07 00:00:00,0,0,0,0,0,0,0,0,0,0
2024-12-08 00:00:00,0,0,0,0,0,0,0,0,0,0
2024-12-09 00:00:00,0,0,0,0,0,0,0,0,0,0
2024-12-10 00:00:00,0,0,0,0,0,0,0,0,0,0
2024-12-11 00:00:00,0,0,0,0,0,0,0,0,0,0
2024-12-12 00:00:00,0,0,0,0,0,0,0,0,0,0
2024-12-13 00:00:00,0,0,0,0,0,0,0,0,0,0
2024-12-14 00:00:00,0,0,0,0,0,0,0,0,0,0
2024-12-15 00:00:00,0,0,0,0,0,0,0,0,0,0
2024-12-16 00:00:00,0,0,0,0,0,0,0,0,0,0
2024-12-17 00:00:00,0,0,0,0,0,0,0,0,0,0
2024-12-18 00:00:00,0,0,0,0,0,0,0,0,0,0
2024-12-19 00:00:00,0,0,0,0,0,0,0,0,0,0
2024-12-20 00:00:00,0,0,0,0,0,0,0,0,0,0
2024-12-21 00:00:00,0,0,0,0,0,0,0,0,0,0
2024-12-22 00:00:00,0,0,0,0,0,0,0,0,0,0
2024-12-23 00:00:00,0,0,0,0,0,0,0,0,0,0
2024-12-24 00:00:00,0,0,0,0,0,0,0,0,0,0
2024-12-25 00:00:00,0,0,0,0,0,0,0,0,0,0
2024-12-26 00:00:00,0,0,0,0,0,0,0,0,0,0
2024-12-27 00:00:00,0,0,0,0,0,0,0,0,0,0
2024-12-28 00:00:00,0,0,0,0,0,0,0,0,0,0
2024-12-29 00:00:00,0,0,0,0,0,0,0,0,0,0
2024-12-30 00:00:00,0,0,0,0,0,0,0,0,0,0
2024-12-31 00:00:00,0,0,0,0,0,0,0,0,0,0
