datetime,Flow_metersCubedPerSecond_1,Flow_metersCubedPerSecond_2
1990-01-01 00:00:00,5.326274,0.00001
1990-01-02 00:00:00,5.279789,0.00001
1990-01-03 00:00:00,5.232633,0.00001
1990-01-04 00:00:00,5.190151,0.00001
1990-01-05 00:00:00,5.24443,0.00001
1990-01-06 00:00:00,5.297507,0.00001
1990-01-07 00:00:00,5.210604,0.00001
1990-01-08 00:00:00,5.153491,0.00001
1990-01-09 00:00:00,5.191968,0.00001
1990-01-10 00:00:00,5.121855,0.00001
1990-01-11 00:00:00,5.080963,0.00001
1990-01-12 00:00:00,4.987766,0.00001
1990-01-13 00:00:00,5.02067,0.00001
1990-01-14 00:00:00,5.130408,0.00001
1990-01-15 00:00:00,5.017816,0.00001
1990-01-16 00:00:00,4.937935,0.00001
1990-01-17 00:00:00,4.831148,0.00001
1990-01-18 00:00:00,4.904465,0.00001
1990-01-19 00:00:00,5.348336,0.00001
1990-01-20 00:00:00,5.161512,0.00001
1990-01-21 00:00:00,5.137636,0.00001
1990-01-22 00:00:00,5.109813,0.00001
1990-01-23 00:00:00,5.010224,0.00001
1990-01-24 00:00:00,4.917166,0.00001
1990-01-25 00:00:00,4.825883,0.00001
1990-01-26 00:00:00,4.740954,0.00001
1990-01-27 00:00:00,4.658599,0.00001
1990-01-28 00:00:00,4.577803,0.00001
1990-01-29 00:00:00,4.507304,0.00001
1990-01-30 00:00:00,4.433556,0.00001
1990-01-31 00:00:00,4.359052,0.00001
1990-02-01 00:00:00,4.283704,0.00001
1990-02-02 00:00:00,4.216444,0.00001
1990-02-03 00:00:00,4.184206,0.00001
1990-02-04 00:00:00,4.118518,0.00001
1990-02-05 00:00:00,4.06557,0.00001
1990-02-06 00:00:00,4.012139,0.00001
1990-02-07 00:00:00,3.963927,0.00001
1990-02-08 00:00:00,3.912586,0.00001
1990-02-09 00:00:00,3.860977,0.00001
1990-02-10 00:00:00,3.793336,0.00001
1990-02-11 00:00:00,3.752937,0.00001
1990-02-12 00:00:00,3.709586,0.00001
1990-02-13 00:00:00,3.663314,0.00001
1990-02-14 00:00:00,3.626003,0.00001
1990-02-15 00:00:00,3.587365,0.00001
1990-02-16 00:00:00,3.536378,0.00001
1990-02-17 00:00:00,3.478934,0.00001
1990-02-18 00:00:00,3.348915,0.00001
1990-02-19 00:00:00,3.375239,0.00001
1990-02-20 00:00:00,3.265242,0.00001
1990-02-21 00:00:00,3.469929,0.00001
1990-02-22 00:00:00,3.395373,0.00001
1990-02-23 00:00:00,3.43595,0.00001
1990-02-24 00:00:00,3.696675,0.00001
1990-02-25 00:00:00,3.822901,0.00001
1990-02-26 00:00:00,3.887358,0.00001
1990-02-27 00:00:00,3.937808,0.00001
1990-02-28 00:00:00,3.984619,0.00001
1990-03-01 00:00:00,4.009101,0.00001
1990-03-02 00:00:00,4.021498,0.00001
1990-03-03 00:00:00,4.012744,0.00001
1990-03-04 00:00:00,4.149806,0.00001
1990-03-05 00:00:00,4.279774,0.00001
1990-03-06 00:00:00,4.506211,0.00001
1990-03-07 00:00:00,4.498193,0.00001
1990-03-08 00:00:00,4.467359,0.00001
1990-03-09 00:00:00,4.434476,0.00001
1990-03-10 00:00:00,4.215529,0.00001
1990-03-11 00:00:00,4.394311,0.00001
1990-03-12 00:00:00,4.404028,0.00001
1990-03-13 00:00:00,4.393566,0.00001
1990-03-14 00:00:00,4.309315,0.00001
1990-03-15 00:00:00,4.267967,0.00001
1990-03-16 00:00:00,4.204178,0.00001
1990-03-17 00:00:00,4.21274,0.00001
1990-03-18 00:00:00,4.192247,0.00001
1990-03-19 00:00:00,4.152955,0.00001
1990-03-20 00:00:00,4.82181,0.00001
1990-03-21 00:00:00,4.897147,0.00001
1990-03-22 00:00:00,4.905815,0.00001
1990-03-23 00:00:00,4.917424,0.00001
1990-03-24 00:00:00,4.862754,0.00001
1990-03-25 00:00:00,4.840766,0.00001
1990-03-26 00:00:00,5.043792,0.00001
1990-03-27 00:00:00,5.877294,0.00001
1990-03-28 00:00:00,6.197699,0.00001
1990-03-29 00:00:00,6.307938,0.00001
1990-03-30 00:00:00,6.358877,0.00001
1990-03-31 00:00:00,6.413419,0.00001
1990-04-01 00:00:00,6.459991,0.00001
1990-04-02 00:00:00,6.441431,0.00001
1990-04-03 00:00:00,6.313075,0.00001
1990-04-04 00:00:00,6.296893,0.00001
1990-04-05 00:00:00,6.293571,0.00001
1990-04-06 00:00:00,6.340773,0.00001
1990-04-07 00:00:00,6.756138,0.00001
1990-04-08 00:00:00,7.270833,0.00001
1990-04-09 00:00:00,7.752269,0.00001
1990-04-10 00:00:00,8.703177,0.00001
1990-04-11 00:00:00,9.316911,0.00001
1990-04-12 00:00:00,10.090099,0.00001
1990-04-13 00:00:00,10.175117,0.00001
1990-04-14 00:00:00,10.208166,0.00001
1990-04-15 00:00:00,10.27952,0.00001
1990-04-16 00:00:00,10.254923,0.00001
1990-04-17 00:00:00,10.435025,0.00001
1990-04-18 00:00:00,11.529014,0.00001
1990-04-19 00:00:00,11.652567,0.00001
1990-04-20 00:00:00,11.93015,0.00001
1990-04-21 00:00:00,12.312738,0.00001
1990-04-22 00:00:00,12.238265,0.00001
1990-04-23 00:00:00,12.123136,0.00001
1990-04-24 00:00:00,12.115409,0.00001
1990-04-25 00:00:00,12.050383,0.00001
1990-04-26 00:00:00,12.937397,0.00001
1990-04-27 00:00:00,13.692827,0.00001
1990-04-28 00:00:00,13.580338,0.00001
1990-04-29 00:00:00,13.535607,0.00001
1990-04-30 00:00:00,13.384758,0.00001
1990-05-01 00:00:00,13.262476,0.00001
1990-05-02 00:00:00,13.056029,0.00001
1990-05-03 00:00:00,12.780725,0.00001
1990-05-04 00:00:00,12.550214,0.00001
1990-05-05 00:00:00,12.168914,0.00001
1990-05-06 00:00:00,11.743459,0.00001
1990-05-07 00:00:00,11.530192,0.00001
1990-05-08 00:00:00,12.835648,0.00001
1990-05-09 00:00:00,13.982372,0.00001
1990-05-10 00:00:00,14.816457,0.00001
1990-05-11 00:00:00,14.736399,0.00001
1990-05-12 00:00:00,14.553882,0.00001
1990-05-13 00:00:00,15.027377,0.00001
1990-05-14 00:00:00,14.896195,0.00001
1990-05-15 00:00:00,14.517536,0.00001
1990-05-16 00:00:00,14.123875,0.00001
1990-05-17 00:00:00,13.983381,0.00001
1990-05-18 00:00:00,13.740854,0.00001
1990-05-19 00:00:00,13.323414,0.00001
1990-05-20 00:00:00,12.929263,0.00001
1990-05-21 00:00:00,12.5461,0.00001
1990-05-22 00:00:00,12.295501,0.00001
1990-05-23 00:00:00,12.659411,0.00001
1990-05-24 00:00:00,12.506573,0.00001
1990-05-25 00:00:00,12.132331,0.00001
1990-05-26 00:00:00,12.369441,0.00001
1990-05-27 00:00:00,13.210215,0.00001
1990-05-28 00:00:00,14.033792,0.00001
1990-05-29 00:00:00,13.924053,0.00001
1990-05-30 00:00:00,13.55575,0.00001
1990-05-31 00:00:00,13.16585,0.00001
1990-06-01 00:00:00,12.986838,0.00001
1990-06-02 00:00:00,12.909928,0.00001
1990-06-03 00:00:00,12.536147,0.00001
1990-06-04 00:00:00,12.080572,0.00001
1990-06-05 00:00:00,11.774521,0.00001
1990-06-06 00:00:00,11.705717,0.00001
1990-06-07 00:00:00,11.795203,0.00001
1990-06-08 00:00:00,11.702919,0.00001
1990-06-09 00:00:00,11.440516,0.00001
1990-06-10 00:00:00,11.050309,0.00001
1990-06-11 00:00:00,10.641185,0.00001
1990-06-12 00:00:00,10.22396,0.00001
1990-06-13 00:00:00,9.7728,0.00001
1990-06-14 00:00:00,9.319433,0.00001
1990-06-15 00:00:00,8.888273,0.00001
1990-06-16 00:00:00,8.478853,0.00001
1990-06-17 00:00:00,8.125267,0.00001
1990-06-18 00:00:00,7.726003,0.00001
1990-06-19 00:00:00,7.297364,0.00001
1990-06-20 00:00:00,6.877254,0.00001
1990-06-21 00:00:00,6.491176,0.00001
1990-06-22 00:00:00,6.122048,0.00001
1990-06-23 00:00:00,5.775494,0.00001
1990-06-24 00:00:00,5.447643,0.00001
1990-06-25 00:00:00,5.219162,0.00001
1990-06-26 00:00:00,5.636228,0.00001
1990-06-27 00:00:00,5.5614,0.00001
1990-06-28 00:00:00,5.357075,0.00001
1990-06-29 00:00:00,5.268602,0.00001
1990-06-30 00:00:00,5.008567,0.00001
1990-07-01 00:00:00,4.744987,0.00001
1990-07-02 00:00:00,4.450741,0.00001
1990-07-03 00:00:00,4.232165,0.00001
1990-07-04 00:00:00,4.892497,0.00001
1990-07-05 00:00:00,5.268065,0.00001
1990-07-06 00:00:00,5.184709,0.00001
1990-07-07 00:00:00,5.021116,0.00001
1990-07-08 00:00:00,4.992618,0.00001
1990-07-09 00:00:00,4.971378,0.00001
1990-07-10 00:00:00,4.678638,0.00001
1990-07-11 00:00:00,4.382008,0.00001
1990-07-12 00:00:00,4.09059,0.00001
1990-07-13 00:00:00,3.816451,0.00001
1990-07-14 00:00:00,3.53083,0.00001
1990-07-15 00:00:00,3.492146,0.00001
1990-07-16 00:00:00,3.627431,0.00001
1990-07-17 00:00:00,3.380966,0.00001
1990-07-18 00:00:00,3.334296,0.00001
1990-07-19 00:00:00,3.299791,0.00001
1990-07-20 00:00:00,3.207871,0.00001
1990-07-21 00:00:00,2.961127,0.00001
1990-07-22 00:00:00,3.327831,0.00001
1990-07-23 00:00:00,3.331098,0.00001
1990-07-24 00:00:00,3.192311,0.00001
1990-07-25 00:00:00,3.02803,0.00001
1990-07-26 00:00:00,3.102136,0.00001
1990-07-27 00:00:00,3.124426,0.00001
1990-07-28 00:00:00,3.021453,0.00001
1990-07-29 00:00:00,2.780488,0.00001
1990-07-30 00:00:00,2.592211,0.00001
1990-07-31 00:00:00,2.521516,0.00001
1990-08-01 00:00:00,2.648864,0.00001
1990-08-02 00:00:00,2.637955,0.00001
1990-08-03 00:00:00,2.750792,0.00001
1990-08-04 00:00:00,2.687572,0.00001
1990-08-05 00:00:00,2.571558,0.00001
1990-08-06 00:00:00,2.467861,0.00001
1990-08-07 00:00:00,2.413147,0.00001
1990-08-08 00:00:00,2.336526,0.00001
1990-08-09 00:00:00,2.303519,0.00001
1990-08-10 00:00:00,2.161283,0.00001
1990-08-11 00:00:00,1.996894,0.00001
1990-08-12 00:00:00,1.842392,0.00001
1990-08-13 00:00:00,1.680368,0.00001
1990-08-14 00:00:00,1.561406,0.00001
1990-08-15 00:00:00,1.897147,0.00001
1990-08-16 00:00:00,2.363417,0.00001
1990-08-17 00:00:00,2.480402,0.00001
1990-08-18 00:00:00,2.434499,0.00001
1990-08-19 00:00:00,2.618419,0.00001
1990-08-20 00:00:00,2.636011,0.00001
1990-08-21 00:00:00,2.533543,0.00001
1990-08-22 00:00:00,2.429163,0.00001
1990-08-23 00:00:00,2.325892,0.00001
1990-08-24 00:00:00,2.295148,0.00001
1990-08-25 00:00:00,2.235895,0.00001
1990-08-26 00:00:00,2.118782,0.00001
1990-08-27 00:00:00,2.084008,0.00001
1990-08-28 00:00:00,2.558285,0.00001
1990-08-29 00:00:00,2.692455,0.00001
1990-08-30 00:00:00,2.590774,0.00001
1990-08-31 00:00:00,2.487809,0.00001
1990-09-01 00:00:00,2.371838,0.00001
1990-09-02 00:00:00,2.256251,0.00001
1990-09-03 00:00:00,2.201601,0.00001
1990-09-04 00:00:00,2.083436,0.00001
1990-09-05 00:00:00,2.007009,0.00001
1990-09-06 00:00:00,1.992038,0.00001
1990-09-07 00:00:00,2.257572,0.00001
1990-09-08 00:00:00,2.121126,0.00001
1990-09-09 00:00:00,2.02511,0.00001
1990-09-10 00:00:00,1.954938,0.00001
1990-09-11 00:00:00,1.850677,0.00001
1990-09-12 00:00:00,1.856541,0.00001
1990-09-13 00:00:00,1.690607,0.00001
1990-09-14 00:00:00,1.575425,0.00001
1990-09-15 00:00:00,1.493256,0.00001
1990-09-16 00:00:00,1.613781,0.00001
1990-09-17 00:00:00,1.531991,0.00001
1990-09-18 00:00:00,1.502616,0.00001
1990-09-19 00:00:00,2.054201,0.00001
1990-09-20 00:00:00,2.201249,0.00001
1990-09-21 00:00:00,2.227065,0.00001
1990-09-22 00:00:00,2.129421,0.00001
1990-09-23 00:00:00,2.042857,0.00001
1990-09-24 00:00:00,1.982163,0.00001
1990-09-25 00:00:00,1.920497,0.00001
1990-09-26 00:00:00,1.818358,0.00001
1990-09-27 00:00:00,1.687416,0.00001
1990-09-28 00:00:00,1.562931,0.00001
1990-09-29 00:00:00,1.53928,0.00001
1990-09-30 00:00:00,1.68429,0.00001
1990-10-01 00:00:00,1.777146,0.00001
1990-10-02 00:00:00,1.715906,0.00001
1990-10-03 00:00:00,1.699939,0.00001
1990-10-04 00:00:00,1.624644,0.00001
1990-10-05 00:00:00,2.08921,0.00001
1990-10-06 00:00:00,3.400363,0.00001
1990-10-07 00:00:00,3.564921,0.00001
1990-10-08 00:00:00,3.618448,0.00001
1990-10-09 00:00:00,3.641973,0.00001
1990-10-10 00:00:00,3.576162,0.00001
1990-10-11 00:00:00,3.504981,0.00001
1990-10-12 00:00:00,3.402546,0.00001
1990-10-13 00:00:00,3.315853,0.00001
1990-10-14 00:00:00,3.345814,0.00001
1990-10-15 00:00:00,3.285087,0.00001
1990-10-16 00:00:00,3.231045,0.00001
1990-10-17 00:00:00,3.144837,0.00001
1990-10-18 00:00:00,3.104061,0.00001
1990-10-19 00:00:00,3.292298,0.00001
1990-10-20 00:00:00,3.489864,0.00001
1990-10-21 00:00:00,3.539058,0.00001
1990-10-22 00:00:00,3.612251,0.00001
1990-10-23 00:00:00,3.83361,0.00001
1990-10-24 00:00:00,3.897137,0.00001
1990-10-25 00:00:00,3.818461,0.00001
1990-10-26 00:00:00,3.885283,0.00001
1990-10-27 00:00:00,4.836996,0.00001
1990-10-28 00:00:00,5.083541,0.00001
1990-10-29 00:00:00,5.118999,0.00001
1990-10-30 00:00:00,5.173338,0.00001
1990-10-31 00:00:00,5.519669,0.00001
1990-11-01 00:00:00,6.785981,0.00001
1990-11-02 00:00:00,7.506095,0.00001
1990-11-03 00:00:00,7.783058,0.00001
1990-11-04 00:00:00,7.973325,0.00001
1990-11-05 00:00:00,8.120989,0.00001
1990-11-06 00:00:00,8.149409,0.00001
1990-11-07 00:00:00,8.099943,0.00001
1990-11-08 00:00:00,8.160466,0.00001
1990-11-09 00:00:00,8.261237,0.00001
1990-11-10 00:00:00,8.790319,0.00001
1990-11-11 00:00:00,8.931618,0.00001
1990-11-12 00:00:00,8.93929,0.00001
1990-11-13 00:00:00,8.902204,0.00001
1990-11-14 00:00:00,8.852553,0.00001
1990-11-15 00:00:00,8.791157,0.00001
1990-11-16 00:00:00,8.716525,0.00001
1990-11-17 00:00:00,8.641189,0.00001
1990-11-18 00:00:00,8.542882,0.00001
1990-11-19 00:00:00,8.459445,0.00001
1990-11-20 00:00:00,8.329761,0.00001
1990-11-21 00:00:00,8.206471,0.00001
1990-11-22 00:00:00,8.085254,0.00001
1990-11-23 00:00:00,7.953584,0.00001
1990-11-24 00:00:00,7.817239,0.00001
1990-11-25 00:00:00,7.66763,0.00001
1990-11-26 00:00:00,7.619855,0.00001
1990-11-27 00:00:00,8.456288,0.00001
1990-11-28 00:00:00,8.33609,0.00001
1990-11-29 00:00:00,8.205677,0.00001
1990-11-30 00:00:00,8.021477,0.00001
1990-12-01 00:00:00,7.970085,0.00001
1990-12-02 00:00:00,7.814127,0.00001
1990-12-03 00:00:00,7.7912,0.00001
1990-12-04 00:00:00,7.697419,0.00001
1990-12-05 00:00:00,7.583129,0.00001
1990-12-06 00:00:00,7.467468,0.00001
1990-12-07 00:00:00,7.382023,0.00001
1990-12-08 00:00:00,7.362912,0.00001
1990-12-09 00:00:00,7.265751,0.00001
1990-12-10 00:00:00,7.154359,0.00001
1990-12-11 00:00:00,7.116158,0.00001
1990-12-12 00:00:00,7.101343,0.00001
1990-12-13 00:00:00,7.055124,0.00001
1990-12-14 00:00:00,6.98658,0.00001
1990-12-15 00:00:00,6.83992,0.00001
1990-12-16 00:00:00,6.701652,0.00001
1990-12-17 00:00:00,6.565464,0.00001
1990-12-18 00:00:00,6.43904,0.00001
1990-12-19 00:00:00,6.309857,0.00001
1990-12-20 00:00:00,6.18715,0.00001
1990-12-21 00:00:00,6.066879,0.00001
1990-12-22 00:00:00,5.955846,0.00001
1990-12-23 00:00:00,5.848755,0.00001
1990-12-24 00:00:00,5.738674,0.00001
1990-12-25 00:00:00,5.632437,0.00001
1990-12-26 00:00:00,5.537189,0.00001
1990-12-27 00:00:00,5.432293,0.00001
1990-12-28 00:00:00,5.328736,0.00001
1990-12-29 00:00:00,5.237834,0.00001
1990-12-30 00:00:00,5.245376,0.00001
1990-12-31 00:00:00,5.1789,0.00001
1991-01-01 00:00:00,5.077277,0.00001
1991-01-02 00:00:00,4.975519,0.00001
1991-01-03 00:00:00,4.883565,0.00001
1991-01-04 00:00:00,4.800754,0.00001
1991-01-05 00:00:00,4.7159,0.00001
1991-01-06 00:00:00,4.636564,0.00001
1991-01-07 00:00:00,4.565858,0.00001
1991-01-08 00:00:00,4.490528,0.00001
1991-01-09 00:00:00,4.414151,0.00001
1991-01-10 00:00:00,4.472619,0.00001
1991-01-11 00:00:00,4.451718,0.00001
1991-01-12 00:00:00,4.353444,0.00001
1991-01-13 00:00:00,4.264087,0.00001
1991-01-14 00:00:00,4.177729,0.00001
1991-01-15 00:00:00,4.103055,0.00001
1991-01-16 00:00:00,4.069222,0.00001
1991-01-17 00:00:00,4.087884,0.00001
1991-01-18 00:00:00,4.724682,0.00001
1991-01-19 00:00:00,5.070568,0.00001
1991-01-20 00:00:00,5.182088,0.00001
1991-01-21 00:00:00,5.245964,0.00001
1991-01-22 00:00:00,5.368602,0.00001
1991-01-23 00:00:00,5.643932,0.00001
1991-01-24 00:00:00,5.702574,0.00001
1991-01-25 00:00:00,5.991519,0.00001
1991-01-26 00:00:00,6.453513,0.00001
1991-01-27 00:00:00,6.27203,0.00001
1991-01-28 00:00:00,6.228581,0.00001
1991-01-29 00:00:00,6.182374,0.00001
1991-01-30 00:00:00,6.131674,0.00001
1991-01-31 00:00:00,6.08724,0.00001
1991-02-01 00:00:00,6.042937,0.00001
1991-02-02 00:00:00,6.005782,0.00001
1991-02-03 00:00:00,5.967579,0.00001
1991-02-04 00:00:00,5.922781,0.00001
1991-02-05 00:00:00,5.869908,0.00001
1991-02-06 00:00:00,5.810627,0.00001
1991-02-07 00:00:00,5.738769,0.00001
1991-02-08 00:00:00,5.656035,0.00001
1991-02-09 00:00:00,5.598798,0.00001
1991-02-10 00:00:00,5.505708,0.00001
1991-02-11 00:00:00,5.509008,0.00001
1991-02-12 00:00:00,5.456605,0.00001
1991-02-13 00:00:00,5.412409,0.00001
1991-02-14 00:00:00,5.398503,0.00001
1991-02-15 00:00:00,5.391989,0.00001
1991-02-16 00:00:00,5.320757,0.00001
1991-02-17 00:00:00,5.259934,0.00001
1991-02-18 00:00:00,5.192708,0.00001
1991-02-19 00:00:00,5.082208,0.00001
1991-02-20 00:00:00,4.971792,0.00001
1991-02-21 00:00:00,5.06552,0.00001
1991-02-22 00:00:00,5.004374,0.00001
1991-02-23 00:00:00,4.87897,0.00001
1991-02-24 00:00:00,5.106213,0.00001
1991-02-25 00:00:00,5.428301,0.00001
1991-02-26 00:00:00,5.719551,0.00001
1991-02-27 00:00:00,5.946179,0.00001
1991-02-28 00:00:00,6.193125,0.00001
1991-03-01 00:00:00,6.303943,0.00001
1991-03-02 00:00:00,6.372694,0.00001
1991-03-03 00:00:00,6.434945,0.00001
1991-03-04 00:00:00,6.488228,0.00001
1991-03-05 00:00:00,6.542454,0.00001
1991-03-06 00:00:00,6.673792,0.00001
1991-03-07 00:00:00,6.754466,0.00001
1991-03-08 00:00:00,6.76123,0.00001
1991-03-09 00:00:00,6.781544,0.00001
1991-03-10 00:00:00,6.771495,0.00001
1991-03-11 00:00:00,6.717977,0.00001
1991-03-12 00:00:00,6.663716,0.00001
1991-03-13 00:00:00,6.627786,0.00001
1991-03-14 00:00:00,6.517453,0.00001
1991-03-15 00:00:00,6.424892,0.00001
1991-03-16 00:00:00,6.325166,0.00001
1991-03-17 00:00:00,6.271028,0.00001
1991-03-18 00:00:00,6.246153,0.00001
1991-03-19 00:00:00,6.185853,0.00001
1991-03-20 00:00:00,6.126791,0.00001
1991-03-21 00:00:00,6.038023,0.00001
1991-03-22 00:00:00,5.95314,0.00001
1991-03-23 00:00:00,5.82768,0.00001
1991-03-24 00:00:00,5.861675,0.00001
1991-03-25 00:00:00,5.966577,0.00001
1991-03-26 00:00:00,6.09876,0.00001
1991-03-27 00:00:00,6.061341,0.00001
1991-03-28 00:00:00,5.990723,0.00001
1991-03-29 00:00:00,5.917123,0.00001
1991-03-30 00:00:00,5.823353,0.00001
1991-03-31 00:00:00,5.775721,0.00001
1991-04-01 00:00:00,5.707859,0.00001
1991-04-02 00:00:00,5.610294,0.00001
1991-04-03 00:00:00,5.508343,0.00001
1991-04-04 00:00:00,5.391956,0.00001
1991-04-05 00:00:00,5.449612,0.00001
1991-04-06 00:00:00,5.353349,0.00001
1991-04-07 00:00:00,5.3686,0.00001
1991-04-08 00:00:00,5.294974,0.00001
1991-04-09 00:00:00,5.18544,0.00001
1991-04-10 00:00:00,5.058676,0.00001
1991-04-11 00:00:00,4.882894,0.00001
1991-04-12 00:00:00,4.686603,0.00001
1991-04-13 00:00:00,4.587272,0.00001
1991-04-14 00:00:00,4.484176,0.00001
1991-04-15 00:00:00,4.504076,0.00001
1991-04-16 00:00:00,4.735675,0.00001
1991-04-17 00:00:00,4.658419,0.00001
1991-04-18 00:00:00,4.54548,0.00001
1991-04-19 00:00:00,4.486576,0.00001
1991-04-20 00:00:00,4.673046,0.00001
1991-04-21 00:00:00,5.083296,0.00001
1991-04-22 00:00:00,4.947041,0.00001
1991-04-23 00:00:00,4.896256,0.00001
1991-04-24 00:00:00,4.817235,0.00001
1991-04-25 00:00:00,4.700686,0.00001
1991-04-26 00:00:00,4.64061,0.00001
1991-04-27 00:00:00,4.585885,0.00001
1991-04-28 00:00:00,4.449428,0.00001
1991-04-29 00:00:00,4.492782,0.00001
1991-04-30 00:00:00,5.217582,0.00001
1991-05-01 00:00:00,5.345901,0.00001
1991-05-02 00:00:00,5.278664,0.00001
1991-05-03 00:00:00,5.147316,0.00001
1991-05-04 00:00:00,5.071081,0.00001
1991-05-05 00:00:00,5.048677,0.00001
1991-05-06 00:00:00,5.052353,0.00001
1991-05-07 00:00:00,4.993028,0.00001
1991-05-08 00:00:00,4.957668,0.00001
1991-05-09 00:00:00,5.202926,0.00001
1991-05-10 00:00:00,5.79186,0.00001
1991-05-11 00:00:00,6.770091,0.00001
1991-05-12 00:00:00,6.914973,0.00001
1991-05-13 00:00:00,6.924896,0.00001
1991-05-14 00:00:00,6.889763,0.00001
1991-05-15 00:00:00,7.138749,0.00001
1991-05-16 00:00:00,7.314558,0.00001
1991-05-17 00:00:00,7.249797,0.00001
1991-05-18 00:00:00,7.0789,0.00001
1991-05-19 00:00:00,6.846428,0.00001
1991-05-20 00:00:00,6.78577,0.00001
1991-05-21 00:00:00,7.251432,0.00001
1991-05-22 00:00:00,7.115616,0.00001
1991-05-23 00:00:00,6.960162,0.00001
1991-05-24 00:00:00,7.286732,0.00001
1991-05-25 00:00:00,7.317402,0.00001
1991-05-26 00:00:00,7.359774,0.00001
1991-05-27 00:00:00,7.354762,0.00001
1991-05-28 00:00:00,7.513867,0.00001
1991-05-29 00:00:00,8.121446,0.00001
1991-05-30 00:00:00,7.815395,0.00001
1991-05-31 00:00:00,7.489911,0.00001
1991-06-01 00:00:00,7.445027,0.00001
1991-06-02 00:00:00,8.16501,0.00001
1991-06-03 00:00:00,8.625355,0.00001
1991-06-04 00:00:00,8.60374,0.00001
1991-06-05 00:00:00,8.656007,0.00001
1991-06-06 00:00:00,8.791809,0.00001
1991-06-07 00:00:00,10.643531,0.00001
1991-06-08 00:00:00,12.552571,0.00001
1991-06-09 00:00:00,13.072312,0.00001
1991-06-10 00:00:00,13.503838,0.00001
1991-06-11 00:00:00,13.76227,0.00001
1991-06-12 00:00:00,13.778512,0.00001
1991-06-13 00:00:00,13.580782,0.00001
1991-06-14 00:00:00,13.239387,0.00001
1991-06-15 00:00:00,12.887085,0.00001
1991-06-16 00:00:00,12.555795,0.00001
1991-06-17 00:00:00,14.707557,0.00001
1991-06-18 00:00:00,23.365619,0.00001
1991-06-19 00:00:00,27.834185,0.00001
1991-06-20 00:00:00,29.93125,0.00001
1991-06-21 00:00:00,30.658636,0.00001
1991-06-22 00:00:00,30.987731,0.00001
1991-06-23 00:00:00,31.173879,0.00001
1991-06-24 00:00:00,31.490051,0.00001
1991-06-25 00:00:00,30.946606,0.00001
1991-06-26 00:00:00,30.179176,0.00001
1991-06-27 00:00:00,29.313413,0.00001
1991-06-28 00:00:00,28.306936,0.00001
1991-06-29 00:00:00,27.232988,0.00001
1991-06-30 00:00:00,26.758695,0.00001
1991-07-01 00:00:00,26.179403,0.00001
1991-07-02 00:00:00,25.123134,0.00001
1991-07-03 00:00:00,24.517794,0.00001
1991-07-04 00:00:00,23.36118,0.00001
1991-07-05 00:00:00,22.211007,0.00001
1991-07-06 00:00:00,21.043839,0.00001
1991-07-07 00:00:00,20.025118,0.00001
1991-07-08 00:00:00,19.081041,0.00001
1991-07-09 00:00:00,18.302504,0.00001
1991-07-10 00:00:00,17.618361,0.00001
1991-07-11 00:00:00,16.765437,0.00001
1991-07-12 00:00:00,16.125981,0.00001
1991-07-13 00:00:00,16.006869,0.00001
1991-07-14 00:00:00,15.384328,0.00001
1991-07-15 00:00:00,14.72709,0.00001
1991-07-16 00:00:00,14.059194,0.00001
1991-07-17 00:00:00,13.239343,0.00001
1991-07-18 00:00:00,13.547805,0.00001
1991-07-19 00:00:00,16.876319,0.00001
1991-07-20 00:00:00,16.681529,0.00001
1991-07-21 00:00:00,16.149597,0.00001
1991-07-22 00:00:00,15.757079,0.00001
1991-07-23 00:00:00,15.492946,0.00001
1991-07-24 00:00:00,15.120391,0.00001
1991-07-25 00:00:00,14.704832,0.00001
1991-07-26 00:00:00,14.150573,0.00001
1991-07-27 00:00:00,13.496244,0.00001
1991-07-28 00:00:00,12.965632,0.00001
1991-07-29 00:00:00,12.77305,0.00001
1991-07-30 00:00:00,12.522234,0.00001
1991-07-31 00:00:00,12.020821,0.00001
1991-08-01 00:00:00,11.613951,0.00001
1991-08-02 00:00:00,11.138018,0.00001
1991-08-03 00:00:00,10.683276,0.00001
1991-08-04 00:00:00,10.186124,0.00001
1991-08-05 00:00:00,9.877282,0.00001
1991-08-06 00:00:00,10.478966,0.00001
1991-08-07 00:00:00,11.546465,0.00001
1991-08-08 00:00:00,11.236629,0.00001
1991-08-09 00:00:00,10.804896,0.00001
1991-08-10 00:00:00,10.421531,0.00001
1991-08-11 00:00:00,10.104942,0.00001
1991-08-12 00:00:00,9.757231,0.00001
1991-08-13 00:00:00,9.349462,0.00001
1991-08-14 00:00:00,8.981885,0.00001
1991-08-15 00:00:00,8.598293,0.00001
1991-08-16 00:00:00,8.24373,0.00001
1991-08-17 00:00:00,7.886017,0.00001
1991-08-18 00:00:00,7.590436,0.00001
1991-08-19 00:00:00,7.381693,0.00001
1991-08-20 00:00:00,7.49271,0.00001
1991-08-21 00:00:00,7.40169,0.00001
1991-08-22 00:00:00,7.154416,0.00001
1991-08-23 00:00:00,6.861802,0.00001
1991-08-24 00:00:00,6.537145,0.00001
1991-08-25 00:00:00,6.213416,0.00001
1991-08-26 00:00:00,5.909682,0.00001
1991-08-27 00:00:00,5.649311,0.00001
1991-08-28 00:00:00,5.411413,0.00001
1991-08-29 00:00:00,5.169379,0.00001
1991-08-30 00:00:00,4.92547,0.00001
1991-08-31 00:00:00,4.672215,0.00001
1991-09-01 00:00:00,4.427305,0.00001
1991-09-02 00:00:00,4.182806,0.00001
1991-09-03 00:00:00,3.939876,0.00001
1991-09-04 00:00:00,3.703527,0.00001
1991-09-05 00:00:00,3.471044,0.00001
1991-09-06 00:00:00,3.259259,0.00001
1991-09-07 00:00:00,3.069105,0.00001
1991-09-08 00:00:00,2.912675,0.00001
1991-09-09 00:00:00,2.92504,0.00001
1991-09-10 00:00:00,2.756286,0.00001
1991-09-11 00:00:00,2.570268,0.00001
1991-09-12 00:00:00,2.418809,0.00001
1991-09-13 00:00:00,2.306132,0.00001
1991-09-14 00:00:00,2.187159,0.00001
1991-09-15 00:00:00,2.118575,0.00001
1991-09-16 00:00:00,2.029629,0.00001
1991-09-17 00:00:00,1.937876,0.00001
1991-09-18 00:00:00,1.831548,0.00001
1991-09-19 00:00:00,1.691367,0.00001
1991-09-20 00:00:00,1.564147,0.00001
1991-09-21 00:00:00,1.627199,0.00001
1991-09-22 00:00:00,1.479061,0.00001
1991-09-23 00:00:00,1.35526,0.00001
1991-09-24 00:00:00,1.373278,0.00001
1991-09-25 00:00:00,1.302608,0.00001
1991-09-26 00:00:00,1.32194,0.00001
1991-09-27 00:00:00,1.688659,0.00001
1991-09-28 00:00:00,1.63238,0.00001
1991-09-29 00:00:00,1.557181,0.00001
1991-09-30 00:00:00,1.44421,0.00001
1991-10-01 00:00:00,1.314746,0.00001
1991-10-02 00:00:00,1.197823,0.00001
1991-10-03 00:00:00,1.125188,0.00001
1991-10-04 00:00:00,1.052358,0.00001
1991-10-05 00:00:00,1.003589,0.00001
1991-10-06 00:00:00,0.914734,0.00001
1991-10-07 00:00:00,0.884825,0.00001
1991-10-08 00:00:00,0.930691,0.00001
1991-10-09 00:00:00,0.885552,0.00001
1991-10-10 00:00:00,0.882282,0.00001
1991-10-11 00:00:00,0.86905,0.00001
1991-10-12 00:00:00,0.843125,0.00001
1991-10-13 00:00:00,0.81551,0.00001
1991-10-14 00:00:00,0.787448,0.00001
1991-10-15 00:00:00,0.76901,0.00001
1991-10-16 00:00:00,0.757491,0.00001
1991-10-17 00:00:00,0.80903,0.00001
1991-10-18 00:00:00,0.89229,0.00001
1991-10-19 00:00:00,0.870546,0.00001
1991-10-20 00:00:00,0.858748,0.00001
1991-10-21 00:00:00,0.839666,0.00001
1991-10-22 00:00:00,0.868161,0.00001
1991-10-23 00:00:00,0.930187,0.00001
1991-10-24 00:00:00,1.172966,0.00001
1991-10-25 00:00:00,1.172253,0.00001
1991-10-26 00:00:00,1.132396,0.00001
1991-10-27 00:00:00,1.089406,0.00001
1991-10-28 00:00:00,1.045466,0.00001
1991-10-29 00:00:00,1.005597,0.00001
1991-10-30 00:00:00,1.872703,0.00001
1991-10-31 00:00:00,2.277558,0.00001
1991-11-01 00:00:00,2.385928,0.00001
1991-11-02 00:00:00,2.414829,0.00001
1991-11-03 00:00:00,2.459107,0.00001
1991-11-04 00:00:00,2.456065,0.00001
1991-11-05 00:00:00,2.543974,0.00001
1991-11-06 00:00:00,2.588536,0.00001
1991-11-07 00:00:00,2.656537,0.00001
1991-11-08 00:00:00,2.669816,0.00001
1991-11-09 00:00:00,2.660371,0.00001
1991-11-10 00:00:00,2.670417,0.00001
1991-11-11 00:00:00,2.68662,0.00001
1991-11-12 00:00:00,2.678423,0.00001
1991-11-13 00:00:00,2.675591,0.00001
1991-11-14 00:00:00,2.690326,0.00001
1991-11-15 00:00:00,2.702337,0.00001
1991-11-16 00:00:00,2.730616,0.00001
1991-11-17 00:00:00,2.800567,0.00001
1991-11-18 00:00:00,2.862563,0.00001
1991-11-19 00:00:00,2.841233,0.00001
1991-11-20 00:00:00,2.837449,0.00001
1991-11-21 00:00:00,2.979332,0.00001
1991-11-22 00:00:00,2.993596,0.00001
1991-11-23 00:00:00,3.030967,0.00001
1991-11-24 00:00:00,3.084632,0.00001
1991-11-25 00:00:00,3.101999,0.00001
1991-11-26 00:00:00,3.070663,0.00001
1991-11-27 00:00:00,3.049535,0.00001
1991-11-28 00:00:00,3.108725,0.00001
1991-11-29 00:00:00,3.06981,0.00001
1991-11-30 00:00:00,3.101585,0.00001
1991-12-01 00:00:00,3.334283,0.00001
1991-12-02 00:00:00,3.421075,0.00001
1991-12-03 00:00:00,3.424643,0.00001
1991-12-04 00:00:00,3.436891,0.00001
1991-12-05 00:00:00,3.573939,0.00001
1991-12-06 00:00:00,3.600746,0.00001
1991-12-07 00:00:00,3.605795,0.00001
1991-12-08 00:00:00,3.568708,0.00001
1991-12-09 00:00:00,3.543452,0.00001
1991-12-10 00:00:00,3.541091,0.00001
1991-12-11 00:00:00,3.497422,0.00001
1991-12-12 00:00:00,3.457184,0.00001
1991-12-13 00:00:00,3.441615,0.00001
1991-12-14 00:00:00,3.415427,0.00001
1991-12-15 00:00:00,3.426888,0.00001
1991-12-16 00:00:00,3.718862,0.00001
1991-12-17 00:00:00,3.7815,0.00001
1991-12-18 00:00:00,3.807697,0.00001
1991-12-19 00:00:00,3.831211,0.00001
1991-12-20 00:00:00,3.852934,0.00001
1991-12-21 00:00:00,3.859115,0.00001
1991-12-22 00:00:00,3.856293,0.00001
1991-12-23 00:00:00,3.903845,0.00001
1991-12-24 00:00:00,3.999854,0.00001
1991-12-25 00:00:00,4.013467,0.00001
1991-12-26 00:00:00,4.235336,0.00001
1991-12-27 00:00:00,4.206845,0.00001
1991-12-28 00:00:00,4.199053,0.00001
1991-12-29 00:00:00,4.148778,0.00001
1991-12-30 00:00:00,4.109471,0.00001
1991-12-31 00:00:00,4.072999,0.00001
1992-01-01 00:00:00,4.034199,0.00001
1992-01-02 00:00:00,3.98684,0.00001
1992-01-03 00:00:00,3.872164,0.00001
1992-01-04 00:00:00,3.938672,0.00001
1992-01-05 00:00:00,4.381745,0.00001
1992-01-06 00:00:00,4.694543,0.00001
1992-01-07 00:00:00,4.787879,0.00001
1992-01-08 00:00:00,4.875873,0.00001
1992-01-09 00:00:00,4.956207,0.00001
1992-01-10 00:00:00,5.093976,0.00001
1992-01-11 00:00:00,5.140199,0.00001
1992-01-12 00:00:00,5.114151,0.00001
1992-01-13 00:00:00,5.100363,0.00001
1992-01-14 00:00:00,5.078067,0.00001
1992-01-15 00:00:00,5.114318,0.00001
1992-01-16 00:00:00,5.172247,0.00001
1992-01-17 00:00:00,5.111625,0.00001
1992-01-18 00:00:00,5.07569,0.00001
1992-01-19 00:00:00,5.037959,0.00001
1992-01-20 00:00:00,4.990969,0.00001
1992-01-21 00:00:00,4.939273,0.00001
1992-01-22 00:00:00,4.786907,0.00001
1992-01-23 00:00:00,4.955117,0.00001
1992-01-24 00:00:00,5.184235,0.00001
1992-01-25 00:00:00,5.296497,0.00001
1992-01-26 00:00:00,5.308595,0.00001
1992-01-27 00:00:00,5.360101,0.00001
1992-01-28 00:00:00,5.331189,0.00001
1992-01-29 00:00:00,5.289286,0.00001
1992-01-30 00:00:00,5.244914,0.00001
1992-01-31 00:00:00,5.198705,0.00001
1992-02-01 00:00:00,5.110987,0.00001
1992-02-02 00:00:00,5.090452,0.00001
1992-02-03 00:00:00,5.042333,0.00001
1992-02-04 00:00:00,5.258866,0.00001
1992-02-05 00:00:00,5.444764,0.00001
1992-02-06 00:00:00,5.321815,0.00001
1992-02-07 00:00:00,5.231784,0.00001
1992-02-08 00:00:00,5.160615,0.00001
1992-02-09 00:00:00,5.073635,0.00001
1992-02-10 00:00:00,4.988633,0.00001
1992-02-11 00:00:00,4.930131,0.00001
1992-02-12 00:00:00,4.91723,0.00001
1992-02-13 00:00:00,4.859265,0.00001
1992-02-14 00:00:00,4.783298,0.00001
1992-02-15 00:00:00,4.710955,0.00001
1992-02-16 00:00:00,4.700608,0.00001
1992-02-17 00:00:00,4.651962,0.00001
1992-02-18 00:00:00,4.53943,0.00001
1992-02-19 00:00:00,4.353093,0.00001
1992-02-20 00:00:00,4.577138,0.00001
1992-02-21 00:00:00,4.807588,0.00001
1992-02-22 00:00:00,5.773635,0.00001
1992-02-23 00:00:00,6.031702,0.00001
1992-02-24 00:00:00,6.168957,0.00001
1992-02-25 00:00:00,6.233321,0.00001
1992-02-26 00:00:00,6.266379,0.00001
1992-02-27 00:00:00,6.503495,0.00001
1992-02-28 00:00:00,6.669405,0.00001
1992-02-29 00:00:00,6.636425,0.00001
1992-03-01 00:00:00,6.772325,0.00001
1992-03-02 00:00:00,7.038213,0.00001
1992-03-03 00:00:00,7.171723,0.00001
1992-03-04 00:00:00,7.232894,0.00001
1992-03-05 00:00:00,7.311706,0.00001
1992-03-06 00:00:00,7.336111,0.00001
1992-03-07 00:00:00,7.320056,0.00001
1992-03-08 00:00:00,7.29307,0.00001
1992-03-09 00:00:00,7.911561,0.00001
1992-03-10 00:00:00,7.969322,0.00001
1992-03-11 00:00:00,7.936873,0.00001
1992-03-12 00:00:00,7.969882,0.00001
1992-03-13 00:00:00,8.401927,0.00001
1992-03-14 00:00:00,8.294402,0.00001
1992-03-15 00:00:00,8.26491,0.00001
1992-03-16 00:00:00,8.202324,0.00001
1992-03-17 00:00:00,7.995147,0.00001
1992-03-18 00:00:00,8.173562,0.00001
1992-03-19 00:00:00,8.072012,0.00001
1992-03-20 00:00:00,8.044664,0.00001
1992-03-21 00:00:00,8.044154,0.00001
1992-03-22 00:00:00,8.007854,0.00001
1992-03-23 00:00:00,8.039435,0.00001
1992-03-24 00:00:00,8.1502,0.00001
1992-03-25 00:00:00,8.466794,0.00001
1992-03-26 00:00:00,8.401217,0.00001
1992-03-27 00:00:00,8.237021,0.00001
1992-03-28 00:00:00,8.298173,0.00001
1992-03-29 00:00:00,8.300555,0.00001
1992-03-30 00:00:00,8.277686,0.00001
1992-03-31 00:00:00,8.161504,0.00001
1992-04-01 00:00:00,7.964354,0.00001
1992-04-02 00:00:00,7.768379,0.00001
1992-04-03 00:00:00,7.600279,0.00001
1992-04-04 00:00:00,7.476457,0.00001
1992-04-05 00:00:00,7.629074,0.00001
1992-04-06 00:00:00,7.593336,0.00001
1992-04-07 00:00:00,7.446818,0.00001
1992-04-08 00:00:00,7.331039,0.00001
1992-04-09 00:00:00,7.172946,0.00001
1992-04-10 00:00:00,7.081966,0.00001
1992-04-11 00:00:00,7.381431,0.00001
1992-04-12 00:00:00,7.664202,0.00001
1992-04-13 00:00:00,7.487184,0.00001
1992-04-14 00:00:00,7.315648,0.00001
1992-04-15 00:00:00,7.095714,0.00001
1992-04-16 00:00:00,6.947081,0.00001
1992-04-17 00:00:00,6.840126,0.00001
1992-04-18 00:00:00,6.718077,0.00001
1992-04-19 00:00:00,6.880846,0.00001
1992-04-20 00:00:00,6.789411,0.00001
1992-04-21 00:00:00,6.704491,0.00001
1992-04-22 00:00:00,6.5325,0.00001
1992-04-23 00:00:00,6.402607,0.00001
1992-04-24 00:00:00,6.317745,0.00001
1992-04-25 00:00:00,6.063894,0.00001
1992-04-26 00:00:00,5.836079,0.00001
1992-04-27 00:00:00,5.678348,0.00001
1992-04-28 00:00:00,5.438147,0.00001
1992-04-29 00:00:00,5.214338,0.00001
1992-04-30 00:00:00,6.07899,0.00001
1992-05-01 00:00:00,6.839742,0.00001
1992-05-02 00:00:00,7.608043,0.00001
1992-05-03 00:00:00,7.738632,0.00001
1992-05-04 00:00:00,7.641496,0.00001
1992-05-05 00:00:00,7.609969,0.00001
1992-05-06 00:00:00,7.453306,0.00001
1992-05-07 00:00:00,7.770713,0.00001
1992-05-08 00:00:00,7.919051,0.00001
1992-05-09 00:00:00,7.870095,0.00001
1992-05-10 00:00:00,7.684687,0.00001
1992-05-11 00:00:00,7.532888,0.00001
1992-05-12 00:00:00,7.430405,0.00001
1992-05-13 00:00:00,7.319476,0.00001
1992-05-14 00:00:00,7.373676,0.00001
1992-05-15 00:00:00,7.336189,0.00001
1992-05-16 00:00:00,7.20186,0.00001
1992-05-17 00:00:00,6.965695,0.00001
1992-05-18 00:00:00,6.957328,0.00001
1992-05-19 00:00:00,6.775545,0.00001
1992-05-20 00:00:00,6.608155,0.00001
1992-05-21 00:00:00,6.401328,0.00001
1992-05-22 00:00:00,6.172477,0.00001
1992-05-23 00:00:00,5.944659,0.00001
1992-05-24 00:00:00,6.015083,0.00001
1992-05-25 00:00:00,5.981129,0.00001
1992-05-26 00:00:00,5.779825,0.00001
1992-05-27 00:00:00,5.551469,0.00001
1992-05-28 00:00:00,5.672774,0.00001
1992-05-29 00:00:00,6.074966,0.00001
1992-05-30 00:00:00,6.033961,0.00001
1992-05-31 00:00:00,5.790408,0.00001
1992-06-01 00:00:00,5.507713,0.00001
1992-06-02 00:00:00,5.256409,0.00001
1992-06-03 00:00:00,5.053738,0.00001
1992-06-04 00:00:00,4.821572,0.00001
1992-06-05 00:00:00,4.866986,0.00001
1992-06-06 00:00:00,4.890947,0.00001
1992-06-07 00:00:00,5.330941,0.00001
1992-06-08 00:00:00,5.245846,0.00001
1992-06-09 00:00:00,5.001935,0.00001
1992-06-10 00:00:00,4.718731,0.00001
1992-06-11 00:00:00,4.566849,0.00001
1992-06-12 00:00:00,4.382726,0.00001
1992-06-13 00:00:00,4.14573,0.00001
1992-06-14 00:00:00,3.936127,0.00001
1992-06-15 00:00:00,5.107228,0.00001
1992-06-16 00:00:00,6.071341,0.00001
1992-06-17 00:00:00,6.1201,0.00001
1992-06-18 00:00:00,6.051023,0.00001
1992-06-19 00:00:00,5.909533,0.00001
1992-06-20 00:00:00,5.941673,0.00001
1992-06-21 00:00:00,7.490736,0.00001
1992-06-22 00:00:00,7.595361,0.00001
1992-06-23 00:00:00,7.701251,0.00001
1992-06-24 00:00:00,7.849337,0.00001
1992-06-25 00:00:00,8.078546,0.00001
1992-06-26 00:00:00,7.903178,0.00001
1992-06-27 00:00:00,7.693259,0.00001
1992-06-28 00:00:00,7.545395,0.00001
1992-06-29 00:00:00,7.678158,0.00001
1992-06-30 00:00:00,7.876597,0.00001
1992-07-01 00:00:00,7.685088,0.00001
1992-07-02 00:00:00,7.702672,0.00001
1992-07-03 00:00:00,7.594525,0.00001
1992-07-04 00:00:00,7.566477,0.00001
1992-07-05 00:00:00,7.578263,0.00001
1992-07-06 00:00:00,8.110413,0.00001
1992-07-07 00:00:00,8.136115,0.00001
1992-07-08 00:00:00,10.047486,0.00001
1992-07-09 00:00:00,10.233631,0.00001
1992-07-10 00:00:00,10.151158,0.00001
1992-07-11 00:00:00,10.001341,0.00001
1992-07-12 00:00:00,9.839005,0.00001
1992-07-13 00:00:00,9.601565,0.00001
1992-07-14 00:00:00,9.53657,0.00001
1992-07-15 00:00:00,9.219466,0.00001
1992-07-16 00:00:00,9.024946,0.00001
1992-07-17 00:00:00,9.62038,0.00001
1992-07-18 00:00:00,9.720093,0.00001
1992-07-19 00:00:00,9.734669,0.00001
1992-07-20 00:00:00,9.738699,0.00001
1992-07-21 00:00:00,10.741051,0.00001
1992-07-22 00:00:00,10.872013,0.00001
1992-07-23 00:00:00,11.182965,0.00001
1992-07-24 00:00:00,11.10347,0.00001
1992-07-25 00:00:00,11.388036,0.00001
1992-07-26 00:00:00,11.648375,0.00001
1992-07-27 00:00:00,12.644634,0.00001
1992-07-28 00:00:00,12.408634,0.00001
1992-07-29 00:00:00,12.265323,0.00001
1992-07-30 00:00:00,12.018004,0.00001
1992-07-31 00:00:00,11.69226,0.00001
1992-08-01 00:00:00,11.553164,0.00001
1992-08-02 00:00:00,11.14994,0.00001
1992-08-03 00:00:00,11.453406,0.00001
1992-08-04 00:00:00,11.489041,0.00001
1992-08-05 00:00:00,11.188463,0.00001
1992-08-06 00:00:00,10.845729,0.00001
1992-08-07 00:00:00,10.444561,0.00001
1992-08-08 00:00:00,10.025879,0.00001
1992-08-09 00:00:00,9.732874,0.00001
1992-08-10 00:00:00,9.453862,0.00001
1992-08-11 00:00:00,9.523406,0.00001
1992-08-12 00:00:00,10.345663,0.00001
1992-08-13 00:00:00,10.187941,0.00001
1992-08-14 00:00:00,10.040095,0.00001
1992-08-15 00:00:00,10.163128,0.00001
1992-08-16 00:00:00,9.904662,0.00001
1992-08-17 00:00:00,10.055844,0.00001
1992-08-18 00:00:00,9.926311,0.00001
1992-08-19 00:00:00,9.795721,0.00001
1992-08-20 00:00:00,9.609681,0.00001
1992-08-21 00:00:00,9.391917,0.00001
1992-08-22 00:00:00,9.065208,0.00001
1992-08-23 00:00:00,8.826187,0.00001
1992-08-24 00:00:00,8.523636,0.00001
1992-08-25 00:00:00,8.222618,0.00001
1992-08-26 00:00:00,7.904113,0.00001
1992-08-27 00:00:00,7.615048,0.00001
1992-08-28 00:00:00,7.324378,0.00001
1992-08-29 00:00:00,7.077664,0.00001
1992-08-30 00:00:00,7.148242,0.00001
1992-08-31 00:00:00,6.84794,0.00001
1992-09-01 00:00:00,6.53399,0.00001
1992-09-02 00:00:00,6.259689,0.00001
1992-09-03 00:00:00,6.022519,0.00001
1992-09-04 00:00:00,5.773221,0.00001
1992-09-05 00:00:00,5.593942,0.00001
1992-09-06 00:00:00,5.317816,0.00001
1992-09-07 00:00:00,5.163783,0.00001
1992-09-08 00:00:00,5.097212,0.00001
1992-09-09 00:00:00,4.983524,0.00001
1992-09-10 00:00:00,4.759422,0.00001
1992-09-11 00:00:00,4.52437,0.00001
1992-09-12 00:00:00,4.315353,0.00001
1992-09-13 00:00:00,4.141822,0.00001
1992-09-14 00:00:00,3.925589,0.00001
1992-09-15 00:00:00,3.755418,0.00001
1992-09-16 00:00:00,3.806545,0.00001
1992-09-17 00:00:00,3.931351,0.00001
1992-09-18 00:00:00,3.73564,0.00001
1992-09-19 00:00:00,3.739687,0.00001
1992-09-20 00:00:00,3.614791,0.00001
1992-09-21 00:00:00,3.48097,0.00001
1992-09-22 00:00:00,3.54871,0.00001
1992-09-23 00:00:00,3.500066,0.00001
1992-09-24 00:00:00,3.344012,0.00001
1992-09-25 00:00:00,3.173691,0.00001
1992-09-26 00:00:00,3.019656,0.00001
1992-09-27 00:00:00,2.87924,0.00001
1992-09-28 00:00:00,2.78813,0.00001
1992-09-29 00:00:00,2.63945,0.00001
1992-09-30 00:00:00,2.519102,0.00001
1992-10-01 00:00:00,2.408964,0.00001
1992-10-02 00:00:00,2.280686,0.00001
1992-10-03 00:00:00,2.13072,0.00001
1992-10-04 00:00:00,1.976655,0.00001
1992-10-05 00:00:00,1.844718,0.00001
1992-10-06 00:00:00,1.710814,0.00001
1992-10-07 00:00:00,1.616584,0.00001
1992-10-08 00:00:00,1.54012,0.00001
1992-10-09 00:00:00,1.48964,0.00001
1992-10-10 00:00:00,1.403732,0.00001
1992-10-11 00:00:00,1.434705,0.00001
1992-10-12 00:00:00,1.440298,0.00001
1992-10-13 00:00:00,1.626296,0.00001
1992-10-14 00:00:00,1.589011,0.00001
1992-10-15 00:00:00,1.520137,0.00001
1992-10-16 00:00:00,1.464089,0.00001
1992-10-17 00:00:00,1.396599,0.00001
1992-10-18 00:00:00,1.31946,0.00001
1992-10-19 00:00:00,1.286818,0.00001
1992-10-20 00:00:00,1.229606,0.00001
1992-10-21 00:00:00,1.177081,0.00001
1992-10-22 00:00:00,1.163338,0.00001
1992-10-23 00:00:00,1.22468,0.00001
1992-10-24 00:00:00,1.248927,0.00001
1992-10-25 00:00:00,1.255539,0.00001
1992-10-26 00:00:00,1.380331,0.00001
1992-10-27 00:00:00,1.425491,0.00001
1992-10-28 00:00:00,1.422097,0.00001
1992-10-29 00:00:00,1.363473,0.00001
1992-10-30 00:00:00,1.355495,0.00001
1992-10-31 00:00:00,1.383588,0.00001
1992-11-01 00:00:00,1.505417,0.00001
1992-11-02 00:00:00,1.54571,0.00001
1992-11-03 00:00:00,1.558392,0.00001
1992-11-04 00:00:00,1.592259,0.00001
1992-11-05 00:00:00,1.685647,0.00001
1992-11-06 00:00:00,1.79275,0.00001
1992-11-07 00:00:00,1.76928,0.00001
1992-11-08 00:00:00,1.737545,0.00001
1992-11-09 00:00:00,1.751028,0.00001
1992-11-10 00:00:00,1.738971,0.00001
1992-11-11 00:00:00,1.715759,0.00001
1992-11-12 00:00:00,1.692516,0.00001
1992-11-13 00:00:00,1.67718,0.00001
1992-11-14 00:00:00,1.75922,0.00001
1992-11-15 00:00:00,1.815463,0.00001
1992-11-16 00:00:00,1.771968,0.00001
1992-11-17 00:00:00,1.739707,0.00001
1992-11-18 00:00:00,1.728881,0.00001
1992-11-19 00:00:00,1.775702,0.00001
1992-11-20 00:00:00,1.759705,0.00001
1992-11-21 00:00:00,1.781183,0.00001
1992-11-22 00:00:00,1.7671,0.00001
1992-11-23 00:00:00,1.753733,0.00001
1992-11-24 00:00:00,1.726685,0.00001
1992-11-25 00:00:00,1.701286,0.00001
1992-11-26 00:00:00,1.669814,0.00001
1992-11-27 00:00:00,1.66546,0.00001
1992-11-28 00:00:00,1.659302,0.00001
1992-11-29 00:00:00,1.769728,0.00001
1992-11-30 00:00:00,1.788432,0.00001
1992-12-01 00:00:00,1.775362,0.00001
1992-12-02 00:00:00,1.834518,0.00001
1992-12-03 00:00:00,2.050268,0.00001
1992-12-04 00:00:00,2.128198,0.00001
1992-12-05 00:00:00,2.152161,0.00001
1992-12-06 00:00:00,2.160532,0.00001
1992-12-07 00:00:00,2.157508,0.00001
1992-12-08 00:00:00,2.198385,0.00001
1992-12-09 00:00:00,2.266071,0.00001
1992-12-10 00:00:00,2.268181,0.00001
1992-12-11 00:00:00,2.307685,0.00001
1992-12-12 00:00:00,2.298969,0.00001
1992-12-13 00:00:00,2.290306,0.00001
1992-12-14 00:00:00,2.275854,0.00001
1992-12-15 00:00:00,2.249165,0.00001
1992-12-16 00:00:00,2.244652,0.00001
1992-12-17 00:00:00,2.230623,0.00001
1992-12-18 00:00:00,2.223947,0.00001
1992-12-19 00:00:00,2.217289,0.00001
1992-12-20 00:00:00,2.218132,0.00001
1992-12-21 00:00:00,2.2367,0.00001
1992-12-22 00:00:00,2.279083,0.00001
1992-12-23 00:00:00,2.270412,0.00001
1992-12-24 00:00:00,2.436576,0.00001
1992-12-25 00:00:00,2.376293,0.00001
1992-12-26 00:00:00,2.350952,0.00001
1992-12-27 00:00:00,2.32417,0.00001
1992-12-28 00:00:00,2.306231,0.00001
1992-12-29 00:00:00,2.288177,0.00001
1992-12-30 00:00:00,2.286344,0.00001
1992-12-31 00:00:00,2.354305,0.00001
1993-01-01 00:00:00,2.410691,0.00001
1993-01-02 00:00:00,2.2108,0.00001
1993-01-03 00:00:00,2.481858,0.00001
1993-01-04 00:00:00,2.719522,0.00001
1993-01-05 00:00:00,2.973827,0.00001
1993-01-06 00:00:00,3.211769,0.00001
1993-01-07 00:00:00,3.342651,0.00001
1993-01-08 00:00:00,3.663513,0.00001
1993-01-09 00:00:00,3.774269,0.00001
1993-01-10 00:00:00,3.773371,0.00001
1993-01-11 00:00:00,3.795294,0.00001
1993-01-12 00:00:00,3.803948,0.00001
1993-01-13 00:00:00,3.852939,0.00001
1993-01-14 00:00:00,4.094209,0.00001
1993-01-15 00:00:00,3.982659,0.00001
1993-01-16 00:00:00,3.961038,0.00001
1993-01-17 00:00:00,3.933559,0.00001
1993-01-18 00:00:00,3.9098,0.00001
1993-01-19 00:00:00,3.897052,0.00001
1993-01-20 00:00:00,3.977879,0.00001
1993-01-21 00:00:00,4.103338,0.00001
1993-01-22 00:00:00,4.10514,0.00001
1993-01-23 00:00:00,4.088244,0.00001
1993-01-24 00:00:00,4.062092,0.00001
1993-01-25 00:00:00,4.045371,0.00001
1993-01-26 00:00:00,3.999957,0.00001
1993-01-27 00:00:00,3.943347,0.00001
1993-01-28 00:00:00,3.908423,0.00001
1993-01-29 00:00:00,3.863002,0.00001
1993-01-30 00:00:00,3.810792,0.00001
1993-01-31 00:00:00,3.752115,0.00001
1993-02-01 00:00:00,3.785401,0.00001
1993-02-02 00:00:00,3.923666,0.00001
1993-02-03 00:00:00,3.929909,0.00001
1993-02-04 00:00:00,3.910151,0.00001
1993-02-05 00:00:00,3.888232,0.00001
1993-02-06 00:00:00,3.859513,0.00001
1993-02-07 00:00:00,3.828932,0.00001
1993-02-08 00:00:00,3.792421,0.00001
1993-02-09 00:00:00,3.766084,0.00001
1993-02-10 00:00:00,3.885248,0.00001
1993-02-11 00:00:00,4.181979,0.00001
1993-02-12 00:00:00,4.367933,0.00001
1993-02-13 00:00:00,4.38842,0.00001
1993-02-14 00:00:00,4.394456,0.00001
1993-02-15 00:00:00,4.442817,0.00001
1993-02-16 00:00:00,4.737303,0.00001
1993-02-17 00:00:00,5.033173,0.00001
1993-02-18 00:00:00,5.123998,0.00001
1993-02-19 00:00:00,5.199165,0.00001
1993-02-20 00:00:00,5.23565,0.00001
1993-02-21 00:00:00,5.261565,0.00001
1993-02-22 00:00:00,5.237371,0.00001
1993-02-23 00:00:00,5.283352,0.00001
1993-02-24 00:00:00,5.31412,0.00001
1993-02-25 00:00:00,5.262577,0.00001
1993-02-26 00:00:00,5.458469,0.00001
1993-02-27 00:00:00,5.95821,0.00001
1993-02-28 00:00:00,6.057211,0.00001
1993-03-01 00:00:00,6.124186,0.00001
1993-03-02 00:00:00,6.211979,0.00001
1993-03-03 00:00:00,6.310073,0.00001
1993-03-04 00:00:00,6.317328,0.00001
1993-03-05 00:00:00,6.352821,0.00001
1993-03-06 00:00:00,6.355354,0.00001
1993-03-07 00:00:00,6.590733,0.00001
1993-03-08 00:00:00,7.400401,0.00001
1993-03-09 00:00:00,7.542817,0.00001
1993-03-10 00:00:00,7.552294,0.00001
1993-03-11 00:00:00,7.542949,0.00001
1993-03-12 00:00:00,7.520012,0.00001
1993-03-13 00:00:00,7.512621,0.00001
1993-03-14 00:00:00,7.438988,0.00001
1993-03-15 00:00:00,7.413343,0.00001
1993-03-16 00:00:00,7.468259,0.00001
1993-03-17 00:00:00,7.852048,0.00001
1993-03-18 00:00:00,8.37478,0.00001
1993-03-19 00:00:00,8.394278,0.00001
1993-03-20 00:00:00,8.302828,0.00001
1993-03-21 00:00:00,8.139786,0.00001
1993-03-22 00:00:00,8.126597,0.00001
1993-03-23 00:00:00,8.053627,0.00001
1993-03-24 00:00:00,8.242591,0.00001
1993-03-25 00:00:00,8.238663,0.00001
1993-03-26 00:00:00,8.143857,0.00001
1993-03-27 00:00:00,8.041789,0.00001
1993-03-28 00:00:00,7.951593,0.00001
1993-03-29 00:00:00,7.771021,0.00001
1993-03-30 00:00:00,9.387441,0.00001
1993-03-31 00:00:00,13.701514,0.00001
1993-04-01 00:00:00,15.687626,0.00001
1993-04-02 00:00:00,16.625324,0.00001
1993-04-03 00:00:00,17.154584,0.00001
1993-04-04 00:00:00,17.363416,0.00001
1993-04-05 00:00:00,17.425165,0.00001
1993-04-06 00:00:00,17.601693,0.00001
1993-04-07 00:00:00,18.419504,0.00001
1993-04-08 00:00:00,20.206166,0.00001
1993-04-09 00:00:00,20.941119,0.00001
1993-04-10 00:00:00,20.919411,0.00001
1993-04-11 00:00:00,20.739204,0.00001
1993-04-12 00:00:00,20.573093,0.00001
1993-04-13 00:00:00,21.379177,0.00001
1993-04-14 00:00:00,21.554033,0.00001
1993-04-15 00:00:00,24.36578,0.00001
1993-04-16 00:00:00,25.923266,0.00001
1993-04-17 00:00:00,26.306455,0.00001
1993-04-18 00:00:00,26.215469,0.00001
1993-04-19 00:00:00,25.844088,0.00001
1993-04-20 00:00:00,25.888267,0.00001
1993-04-21 00:00:00,26.222899,0.00001
1993-04-22 00:00:00,25.560508,0.00001
1993-04-23 00:00:00,24.693572,0.00001
1993-04-24 00:00:00,23.82897,0.00001
1993-04-25 00:00:00,23.411913,0.00001
1993-04-26 00:00:00,23.591675,0.00001
1993-04-27 00:00:00,22.824299,0.00001
1993-04-28 00:00:00,21.989696,0.00001
1993-04-29 00:00:00,21.363189,0.00001
1993-04-30 00:00:00,20.558565,0.00001
1993-05-01 00:00:00,20.120391,0.00001
1993-05-02 00:00:00,20.275318,0.00001
1993-05-03 00:00:00,20.532878,0.00001
1993-05-04 00:00:00,19.797116,0.00001
1993-05-05 00:00:00,19.022377,0.00001
1993-05-06 00:00:00,19.170487,0.00001
1993-05-07 00:00:00,20.187708,0.00001
1993-05-08 00:00:00,19.83645,0.00001
1993-05-09 00:00:00,19.172739,0.00001
1993-05-10 00:00:00,18.482243,0.00001
1993-05-11 00:00:00,17.762889,0.00001
1993-05-12 00:00:00,17.242567,0.00001
1993-05-13 00:00:00,16.561234,0.00001
1993-05-14 00:00:00,15.822916,0.00001
1993-05-15 00:00:00,15.192918,0.00001
1993-05-16 00:00:00,14.707825,0.00001
1993-05-17 00:00:00,14.004832,0.00001
1993-05-18 00:00:00,13.362399,0.00001
1993-05-19 00:00:00,12.917517,0.00001
1993-05-20 00:00:00,12.365827,0.00001
1993-05-21 00:00:00,11.963803,0.00001
1993-05-22 00:00:00,11.624688,0.00001
1993-05-23 00:00:00,11.579653,0.00001
1993-05-24 00:00:00,12.723459,0.00001
1993-05-25 00:00:00,12.396278,0.00001
1993-05-26 00:00:00,11.856775,0.00001
1993-05-27 00:00:00,11.27053,0.00001
1993-05-28 00:00:00,12.220119,0.00001
1993-05-29 00:00:00,12.182268,0.00001
1993-05-30 00:00:00,11.93121,0.00001
1993-05-31 00:00:00,12.110377,0.00001
1993-06-01 00:00:00,11.802701,0.00001
1993-06-02 00:00:00,11.450045,0.00001
1993-06-03 00:00:00,11.214824,0.00001
1993-06-04 00:00:00,10.924599,0.00001
1993-06-05 00:00:00,10.715734,0.00001
1993-06-06 00:00:00,10.440928,0.00001
1993-06-07 00:00:00,10.081922,0.00001
1993-06-08 00:00:00,9.823915,0.00001
1993-06-09 00:00:00,9.911476,0.00001
1993-06-10 00:00:00,9.941271,0.00001
1993-06-11 00:00:00,11.639809,0.00001
1993-06-12 00:00:00,11.949436,0.00001
1993-06-13 00:00:00,11.745574,0.00001
1993-06-14 00:00:00,11.503355,0.00001
1993-06-15 00:00:00,11.200146,0.00001
1993-06-16 00:00:00,10.891146,0.00001
1993-06-17 00:00:00,10.767728,0.00001
1993-06-18 00:00:00,12.88373,0.00001
1993-06-19 00:00:00,14.301169,0.00001
1993-06-20 00:00:00,14.551414,0.00001
1993-06-21 00:00:00,14.882625,0.00001
1993-06-22 00:00:00,14.816135,0.00001
1993-06-23 00:00:00,14.61477,0.00001
1993-06-24 00:00:00,14.989798,0.00001
1993-06-25 00:00:00,14.89629,0.00001
1993-06-26 00:00:00,14.529427,0.00001
1993-06-27 00:00:00,16.429196,0.00001
1993-06-28 00:00:00,20.134255,0.00001
1993-06-29 00:00:00,21.309722,0.00001
1993-06-30 00:00:00,21.824067,0.00001
1993-07-01 00:00:00,21.755116,0.00001
1993-07-02 00:00:00,21.6983,0.00001
1993-07-03 00:00:00,22.611699,0.00001
1993-07-04 00:00:00,22.746226,0.00001
1993-07-05 00:00:00,22.418503,0.00001
1993-07-06 00:00:00,22.824342,0.00001
1993-07-07 00:00:00,22.64692,0.00001
1993-07-08 00:00:00,22.152898,0.00001
1993-07-09 00:00:00,21.34542,0.00001
1993-07-10 00:00:00,20.629096,0.00001
1993-07-11 00:00:00,19.759918,0.00001
1993-07-12 00:00:00,18.879258,0.00001
1993-07-13 00:00:00,18.005296,0.00001
1993-07-14 00:00:00,17.121766,0.00001
1993-07-15 00:00:00,16.365507,0.00001
1993-07-16 00:00:00,15.522549,0.00001
1993-07-17 00:00:00,14.765602,0.00001
1993-07-18 00:00:00,14.207002,0.00001
1993-07-19 00:00:00,14.761275,0.00001
1993-07-20 00:00:00,14.570466,0.00001
1993-07-21 00:00:00,14.425376,0.00001
1993-07-22 00:00:00,13.743098,0.00001
1993-07-23 00:00:00,13.01935,0.00001
1993-07-24 00:00:00,12.342427,0.00001
1993-07-25 00:00:00,11.737729,0.00001
1993-07-26 00:00:00,11.125474,0.00001
1993-07-27 00:00:00,10.610904,0.00001
1993-07-28 00:00:00,10.023704,0.00001
1993-07-29 00:00:00,9.516135,0.00001
1993-07-30 00:00:00,9.046202,0.00001
1993-07-31 00:00:00,8.560567,0.00001
1993-08-01 00:00:00,8.091326,0.00001
1993-08-02 00:00:00,7.689424,0.00001
1993-08-03 00:00:00,7.637445,0.00001
1993-08-04 00:00:00,8.560232,0.00001
1993-08-05 00:00:00,8.807329,0.00001
1993-08-06 00:00:00,8.983893,0.00001
1993-08-07 00:00:00,8.844136,0.00001
1993-08-08 00:00:00,8.568927,0.00001
1993-08-09 00:00:00,8.254406,0.00001
1993-08-10 00:00:00,7.892531,0.00001
1993-08-11 00:00:00,7.550746,0.00001
1993-08-12 00:00:00,7.214568,0.00001
1993-08-13 00:00:00,6.988677,0.00001
1993-08-14 00:00:00,6.904371,0.00001
1993-08-15 00:00:00,6.79207,0.00001
1993-08-16 00:00:00,6.573958,0.00001
1993-08-17 00:00:00,6.66166,0.00001
1993-08-18 00:00:00,6.453552,0.00001
1993-08-19 00:00:00,6.203761,0.00001
1993-08-20 00:00:00,5.962201,0.00001
1993-08-21 00:00:00,5.835898,0.00001
1993-08-22 00:00:00,5.790514,0.00001
1993-08-23 00:00:00,6.098836,0.00001
1993-08-24 00:00:00,6.072405,0.00001
1993-08-25 00:00:00,5.937545,0.00001
1993-08-26 00:00:00,5.679718,0.00001
1993-08-27 00:00:00,5.812486,0.00001
1993-08-28 00:00:00,5.830648,0.00001
1993-08-29 00:00:00,5.556447,0.00001
1993-08-30 00:00:00,5.274832,0.00001
1993-08-31 00:00:00,5.002411,0.00001
1993-09-01 00:00:00,4.739441,0.00001
1993-09-02 00:00:00,4.510625,0.00001
1993-09-03 00:00:00,4.279989,0.00001
1993-09-04 00:00:00,4.032236,0.00001
1993-09-05 00:00:00,3.801242,0.00001
1993-09-06 00:00:00,3.626076,0.00001
1993-09-07 00:00:00,3.437889,0.00001
1993-09-08 00:00:00,3.258885,0.00001
1993-09-09 00:00:00,3.080493,0.00001
1993-09-10 00:00:00,2.909655,0.00001
1993-09-11 00:00:00,2.725145,0.00001
1993-09-12 00:00:00,2.540325,0.00001
1993-09-13 00:00:00,2.509278,0.00001
1993-09-14 00:00:00,3.834822,0.00001
1993-09-15 00:00:00,4.273802,0.00001
1993-09-16 00:00:00,4.234685,0.00001
1993-09-17 00:00:00,4.118224,0.00001
1993-09-18 00:00:00,3.996094,0.00001
1993-09-19 00:00:00,3.874071,0.00001
1993-09-20 00:00:00,3.734669,0.00001
1993-09-21 00:00:00,3.622989,0.00001
1993-09-22 00:00:00,3.482799,0.00001
1993-09-23 00:00:00,3.394989,0.00001
1993-09-24 00:00:00,3.450671,0.00001
1993-09-25 00:00:00,3.361555,0.00001
1993-09-26 00:00:00,3.21853,0.00001
1993-09-27 00:00:00,3.079602,0.00001
1993-09-28 00:00:00,2.935951,0.00001
1993-09-29 00:00:00,2.986953,0.00001
1993-09-30 00:00:00,3.105667,0.00001
1993-10-01 00:00:00,3.019392,0.00001
1993-10-02 00:00:00,3.138156,0.00001
1993-10-03 00:00:00,3.329283,0.00001
1993-10-04 00:00:00,3.406266,0.00001
1993-10-05 00:00:00,4.274993,0.00001
1993-10-06 00:00:00,4.731925,0.00001
1993-10-07 00:00:00,4.754156,0.00001
1993-10-08 00:00:00,4.732116,0.00001
1993-10-09 00:00:00,4.679481,0.00001
1993-10-10 00:00:00,4.607895,0.00001
1993-10-11 00:00:00,4.52363,0.00001
1993-10-12 00:00:00,4.43203,0.00001
1993-10-13 00:00:00,4.352216,0.00001
1993-10-14 00:00:00,4.277726,0.00001
1993-10-15 00:00:00,4.26266,0.00001
1993-10-16 00:00:00,4.21313,0.00001
1993-10-17 00:00:00,4.983425,0.00001
1993-10-18 00:00:00,5.50655,0.00001
1993-10-19 00:00:00,5.581641,0.00001
1993-10-20 00:00:00,5.564503,0.00001
1993-10-21 00:00:00,5.534541,0.00001
1993-10-22 00:00:00,5.478695,0.00001
1993-10-23 00:00:00,5.40712,0.00001
1993-10-24 00:00:00,5.32575,0.00001
1993-10-25 00:00:00,5.225483,0.00001
1993-10-26 00:00:00,5.136232,0.00001
1993-10-27 00:00:00,5.422654,0.00001
1993-10-28 00:00:00,5.356401,0.00001
1993-10-29 00:00:00,5.333067,0.00001
1993-10-30 00:00:00,5.24467,0.00001
1993-10-31 00:00:00,5.158297,0.00001
1993-11-01 00:00:00,5.080392,0.00001
1993-11-02 00:00:00,4.984486,0.00001
1993-11-03 00:00:00,4.898954,0.00001
1993-11-04 00:00:00,4.815406,0.00001
1993-11-05 00:00:00,4.72464,0.00001
1993-11-06 00:00:00,4.636646,0.00001
1993-11-07 00:00:00,4.537675,0.00001
1993-11-08 00:00:00,4.562115,0.00001
1993-11-09 00:00:00,4.864406,0.00001
1993-11-10 00:00:00,6.298808,0.00001
1993-11-11 00:00:00,6.504481,0.00001
1993-11-12 00:00:00,6.591037,0.00001
1993-11-13 00:00:00,6.638583,0.00001
1993-11-14 00:00:00,6.655699,0.00001
1993-11-15 00:00:00,6.63756,0.00001
1993-11-16 00:00:00,6.624273,0.00001
1993-11-17 00:00:00,6.573872,0.00001
1993-11-18 00:00:00,6.510522,0.00001
1993-11-19 00:00:00,6.469404,0.00001
1993-11-20 00:00:00,6.417589,0.00001
1993-11-21 00:00:00,6.356086,0.00001
1993-11-22 00:00:00,6.263587,0.00001
1993-11-23 00:00:00,6.164346,0.00001
1993-11-24 00:00:00,6.062723,0.00001
1993-11-25 00:00:00,5.964415,0.00001
1993-11-26 00:00:00,5.851512,0.00001
1993-11-27 00:00:00,5.740541,0.00001
1993-11-28 00:00:00,5.65156,0.00001
1993-11-29 00:00:00,5.566399,0.00001
1993-11-30 00:00:00,5.55485,0.00001
1993-12-01 00:00:00,5.444573,0.00001
1993-12-02 00:00:00,5.339583,0.00001
1993-12-03 00:00:00,5.234832,0.00001
1993-12-04 00:00:00,5.142275,0.00001
1993-12-05 00:00:00,5.063486,0.00001
1993-12-06 00:00:00,5.161365,0.00001
1993-12-07 00:00:00,5.163314,0.00001
1993-12-08 00:00:00,5.08214,0.00001
1993-12-09 00:00:00,5.002754,0.00001
1993-12-10 00:00:00,4.922627,0.00001
1993-12-11 00:00:00,4.83643,0.00001
1993-12-12 00:00:00,4.741357,0.00001
1993-12-13 00:00:00,4.647468,0.00001
1993-12-14 00:00:00,4.54732,0.00001
1993-12-15 00:00:00,4.454134,0.00001
1993-12-16 00:00:00,4.385977,0.00001
1993-12-17 00:00:00,4.303592,0.00001
1993-12-18 00:00:00,4.2234,0.00001
1993-12-19 00:00:00,4.154929,0.00001
1993-12-20 00:00:00,4.11153,0.00001
1993-12-21 00:00:00,4.057118,0.00001
1993-12-22 00:00:00,3.992167,0.00001
1993-12-23 00:00:00,3.926403,0.00001
1993-12-24 00:00:00,3.855889,0.00001
1993-12-25 00:00:00,3.794629,0.00001
1993-12-26 00:00:00,3.73334,0.00001
1993-12-27 00:00:00,3.667442,0.00001
1993-12-28 00:00:00,3.599333,0.00001
1993-12-29 00:00:00,3.552753,0.00001
1993-12-30 00:00:00,3.504061,0.00001
1993-12-31 00:00:00,3.457921,0.00001
1994-01-01 00:00:00,3.446188,0.00001
1994-01-02 00:00:00,3.815676,0.00001
1994-01-03 00:00:00,3.614528,0.00001
1994-01-04 00:00:00,3.547273,0.00001
1994-01-05 00:00:00,3.513674,0.00001
1994-01-06 00:00:00,3.478171,0.00001
1994-01-07 00:00:00,3.421059,0.00001
1994-01-08 00:00:00,3.485272,0.00001
1994-01-09 00:00:00,3.405928,0.00001
1994-01-10 00:00:00,3.372562,0.00001
1994-01-11 00:00:00,3.377294,0.00001
1994-01-12 00:00:00,3.372098,0.00001
1994-01-13 00:00:00,3.321319,0.00001
1994-01-14 00:00:00,3.282702,0.00001
1994-01-15 00:00:00,3.222581,0.00001
1994-01-16 00:00:00,3.144794,0.00001
1994-01-17 00:00:00,3.279674,0.00001
1994-01-18 00:00:00,3.419233,0.00001
1994-01-19 00:00:00,3.393598,0.00001
1994-01-20 00:00:00,3.359471,0.00001
1994-01-21 00:00:00,3.569326,0.00001
1994-01-22 00:00:00,3.844748,0.00001
1994-01-23 00:00:00,4.211912,0.00001
1994-01-24 00:00:00,4.373003,0.00001
1994-01-25 00:00:00,4.373636,0.00001
1994-01-26 00:00:00,4.375946,0.00001
1994-01-27 00:00:00,4.349891,0.00001
1994-01-28 00:00:00,4.398814,0.00001
1994-01-29 00:00:00,4.392056,0.00001
1994-01-30 00:00:00,4.379451,0.00001
1994-01-31 00:00:00,4.362969,0.00001
1994-02-01 00:00:00,4.350379,0.00001
1994-02-02 00:00:00,4.374895,0.00001
1994-02-03 00:00:00,4.311643,0.00001
1994-02-04 00:00:00,4.515718,0.00001
1994-02-05 00:00:00,4.561122,0.00001
1994-02-06 00:00:00,4.619118,0.00001
1994-02-07 00:00:00,4.675831,0.00001
1994-02-08 00:00:00,4.618168,0.00001
1994-02-09 00:00:00,4.720449,0.00001
1994-02-10 00:00:00,4.852548,0.00001
1994-02-11 00:00:00,5.5128,0.00001
1994-02-12 00:00:00,6.140085,0.00001
1994-02-13 00:00:00,6.426617,0.00001
1994-02-14 00:00:00,6.617479,0.00001
1994-02-15 00:00:00,6.714276,0.00001
1994-02-16 00:00:00,6.832945,0.00001
1994-02-17 00:00:00,6.90422,0.00001
1994-02-18 00:00:00,6.950508,0.00001
1994-02-19 00:00:00,7.00212,0.00001
1994-02-20 00:00:00,7.045787,0.00001
1994-02-21 00:00:00,7.049964,0.00001
1994-02-22 00:00:00,7.047373,0.00001
1994-02-23 00:00:00,7.046977,0.00001
1994-02-24 00:00:00,7.208929,0.00001
1994-02-25 00:00:00,7.259092,0.00001
1994-02-26 00:00:00,7.252706,0.00001
1994-02-27 00:00:00,7.326827,0.00001
1994-02-28 00:00:00,7.375769,0.00001
1994-03-01 00:00:00,7.312451,0.00001
1994-03-02 00:00:00,7.241977,0.00001
1994-03-03 00:00:00,7.162458,0.00001
1994-03-04 00:00:00,7.107898,0.00001
1994-03-05 00:00:00,7.213594,0.00001
1994-03-06 00:00:00,7.18977,0.00001
1994-03-07 00:00:00,7.090912,0.00001
1994-03-08 00:00:00,7.457326,0.00001
1994-03-09 00:00:00,7.459121,0.00001
1994-03-10 00:00:00,7.282422,0.00001
1994-03-11 00:00:00,7.115956,0.00001
1994-03-12 00:00:00,6.943837,0.00001
1994-03-13 00:00:00,6.750123,0.00001
1994-03-14 00:00:00,6.639336,0.00001
1994-03-15 00:00:00,6.666192,0.00001
1994-03-16 00:00:00,6.57999,0.00001
1994-03-17 00:00:00,6.463973,0.00001
1994-03-18 00:00:00,6.352154,0.00001
1994-03-19 00:00:00,6.223586,0.00001
1994-03-20 00:00:00,6.074041,0.00001
1994-03-21 00:00:00,5.951301,0.00001
1994-03-22 00:00:00,5.81282,0.00001
1994-03-23 00:00:00,5.642164,0.00001
1994-03-24 00:00:00,5.512808,0.00001
1994-03-25 00:00:00,5.394788,0.00001
1994-03-26 00:00:00,5.251698,0.00001
1994-03-27 00:00:00,5.086721,0.00001
1994-03-28 00:00:00,4.999703,0.00001
1994-03-29 00:00:00,4.81459,0.00001
1994-03-30 00:00:00,4.597183,0.00001
1994-03-31 00:00:00,4.411912,0.00001
1994-04-01 00:00:00,4.260193,0.00001
1994-04-02 00:00:00,4.084264,0.00001
1994-04-03 00:00:00,4.910679,0.00001
1994-04-04 00:00:00,5.300788,0.00001
1994-04-05 00:00:00,5.561714,0.00001
1994-04-06 00:00:00,5.745519,0.00001
1994-04-07 00:00:00,5.672696,0.00001
1994-04-08 00:00:00,6.302577,0.00001
1994-04-09 00:00:00,8.047092,0.00001
1994-04-10 00:00:00,8.523377,0.00001
1994-04-11 00:00:00,8.898033,0.00001
1994-04-12 00:00:00,9.106736,0.00001
1994-04-13 00:00:00,9.133162,0.00001
1994-04-14 00:00:00,9.129074,0.00001
1994-04-15 00:00:00,9.44895,0.00001
1994-04-16 00:00:00,9.437136,0.00001
1994-04-17 00:00:00,9.561887,0.00001
1994-04-18 00:00:00,9.669504,0.00001
1994-04-19 00:00:00,9.713684,0.00001
1994-04-20 00:00:00,9.97772,0.00001
1994-04-21 00:00:00,10.393094,0.00001
1994-04-22 00:00:00,12.939546,0.00001
1994-04-23 00:00:00,16.391358,0.00001
1994-04-24 00:00:00,17.704848,0.00001
1994-04-25 00:00:00,18.3268,0.00001
1994-04-26 00:00:00,18.628353,0.00001
1994-04-27 00:00:00,19.870676,0.00001
1994-04-28 00:00:00,20.286875,0.00001
1994-04-29 00:00:00,20.249147,0.00001
1994-04-30 00:00:00,20.058457,0.00001
1994-05-01 00:00:00,19.733232,0.00001
1994-05-02 00:00:00,19.336155,0.00001
1994-05-03 00:00:00,18.935609,0.00001
1994-05-04 00:00:00,18.515486,0.00001
1994-05-05 00:00:00,18.21716,0.00001
1994-05-06 00:00:00,19.509398,0.00001
1994-05-07 00:00:00,19.618809,0.00001
1994-05-08 00:00:00,19.247214,0.00001
1994-05-09 00:00:00,18.64703,0.00001
1994-05-10 00:00:00,17.994898,0.00001
1994-05-11 00:00:00,17.615224,0.00001
1994-05-12 00:00:00,17.524471,0.00001
1994-05-13 00:00:00,17.127604,0.00001
1994-05-14 00:00:00,16.461741,0.00001
1994-05-15 00:00:00,16.052538,0.00001
1994-05-16 00:00:00,17.037917,0.00001
1994-05-17 00:00:00,20.107541,0.00001
1994-05-18 00:00:00,20.996283,0.00001
1994-05-19 00:00:00,20.990726,0.00001
1994-05-20 00:00:00,20.89787,0.00001
1994-05-21 00:00:00,21.00539,0.00001
1994-05-22 00:00:00,20.726413,0.00001
1994-05-23 00:00:00,20.862738,0.00001
1994-05-24 00:00:00,20.489498,0.00001
1994-05-25 00:00:00,19.890784,0.00001
1994-05-26 00:00:00,19.207014,0.00001
1994-05-27 00:00:00,18.476035,0.00001
1994-05-28 00:00:00,17.745459,0.00001
1994-05-29 00:00:00,16.99419,0.00001
1994-05-30 00:00:00,16.265782,0.00001
1994-05-31 00:00:00,15.796866,0.00001
1994-06-01 00:00:00,15.870635,0.00001
1994-06-02 00:00:00,16.292153,0.00001
1994-06-03 00:00:00,15.691866,0.00001
1994-06-04 00:00:00,15.809933,0.00001
1994-06-05 00:00:00,15.226709,0.00001
1994-06-06 00:00:00,15.50862,0.00001
1994-06-07 00:00:00,15.678347,0.00001
1994-06-08 00:00:00,15.059601,0.00001
1994-06-09 00:00:00,15.007902,0.00001
1994-06-10 00:00:00,15.130592,0.00001
1994-06-11 00:00:00,15.230602,0.00001
1994-06-12 00:00:00,15.370694,0.00001
1994-06-13 00:00:00,16.643854,0.00001
1994-06-14 00:00:00,16.355262,0.00001
1994-06-15 00:00:00,15.992617,0.00001
1994-06-16 00:00:00,15.683996,0.00001
1994-06-17 00:00:00,15.239942,0.00001
1994-06-18 00:00:00,14.713924,0.00001
1994-06-19 00:00:00,14.229131,0.00001
1994-06-20 00:00:00,13.712038,0.00001
1994-06-21 00:00:00,13.203675,0.00001
1994-06-22 00:00:00,13.171659,0.00001
1994-06-23 00:00:00,13.485087,0.00001
1994-06-24 00:00:00,12.992677,0.00001
1994-06-25 00:00:00,12.324502,0.00001
1994-06-26 00:00:00,11.744673,0.00001
1994-06-27 00:00:00,11.265108,0.00001
1994-06-28 00:00:00,11.279229,0.00001
1994-06-29 00:00:00,11.051491,0.00001
1994-06-30 00:00:00,10.958157,0.00001
1994-07-01 00:00:00,11.40393,0.00001
1994-07-02 00:00:00,11.017753,0.00001
1994-07-03 00:00:00,10.751773,0.00001
1994-07-04 00:00:00,10.253995,0.00001
1994-07-05 00:00:00,9.837641,0.00001
1994-07-06 00:00:00,9.519534,0.00001
1994-07-07 00:00:00,9.077111,0.00001
1994-07-08 00:00:00,8.819289,0.00001
1994-07-09 00:00:00,8.58374,0.00001
1994-07-10 00:00:00,8.202103,0.00001
1994-07-11 00:00:00,7.791687,0.00001
1994-07-12 00:00:00,7.394104,0.00001
1994-07-13 00:00:00,7.085695,0.00001
1994-07-14 00:00:00,6.760103,0.00001
1994-07-15 00:00:00,6.405495,0.00001
1994-07-16 00:00:00,6.417339,0.00001
1994-07-17 00:00:00,7.327375,0.00001
1994-07-18 00:00:00,7.380657,0.00001
1994-07-19 00:00:00,7.395289,0.00001
1994-07-20 00:00:00,7.872187,0.00001
1994-07-21 00:00:00,8.482726,0.00001
1994-07-22 00:00:00,8.402061,0.00001
1994-07-23 00:00:00,8.441808,0.00001
1994-07-24 00:00:00,8.367209,0.00001
1994-07-25 00:00:00,8.250901,0.00001
1994-07-26 00:00:00,8.427002,0.00001
1994-07-27 00:00:00,8.241074,0.00001
1994-07-28 00:00:00,7.992229,0.00001
1994-07-29 00:00:00,7.746508,0.00001
1994-07-30 00:00:00,7.62667,0.00001
1994-07-31 00:00:00,8.272143,0.00001
1994-08-01 00:00:00,8.135362,0.00001
1994-08-02 00:00:00,7.904082,0.00001
1994-08-03 00:00:00,7.752849,0.00001
1994-08-04 00:00:00,7.708954,0.00001
1994-08-05 00:00:00,7.457521,0.00001
1994-08-06 00:00:00,7.193589,0.00001
1994-08-07 00:00:00,7.554483,0.00001
1994-08-08 00:00:00,7.460271,0.00001
1994-08-09 00:00:00,7.584338,0.00001
1994-08-10 00:00:00,7.469329,0.00001
1994-08-11 00:00:00,7.264941,0.00001
1994-08-12 00:00:00,7.466345,0.00001
1994-08-13 00:00:00,7.30845,0.00001
1994-08-14 00:00:00,7.061428,0.00001
1994-08-15 00:00:00,6.793087,0.00001
1994-08-16 00:00:00,6.671971,0.00001
1994-08-17 00:00:00,6.384491,0.00001
1994-08-18 00:00:00,6.434561,0.00001
1994-08-19 00:00:00,6.504858,0.00001
1994-08-20 00:00:00,6.255572,0.00001
1994-08-21 00:00:00,6.020071,0.00001
1994-08-22 00:00:00,5.945505,0.00001
1994-08-23 00:00:00,6.482912,0.00001
1994-08-24 00:00:00,6.785148,0.00001
1994-08-25 00:00:00,6.611969,0.00001
1994-08-26 00:00:00,6.375359,0.00001
1994-08-27 00:00:00,6.140604,0.00001
1994-08-28 00:00:00,5.908157,0.00001
1994-08-29 00:00:00,5.721401,0.00001
1994-08-30 00:00:00,5.550234,0.00001
1994-08-31 00:00:00,5.343387,0.00001
1994-09-01 00:00:00,5.107538,0.00001
1994-09-02 00:00:00,4.859978,0.00001
1994-09-03 00:00:00,4.6626,0.00001
1994-09-04 00:00:00,4.42531,0.00001
1994-09-05 00:00:00,4.217481,0.00001
1994-09-06 00:00:00,4.025582,0.00001
1994-09-07 00:00:00,3.851387,0.00001
1994-09-08 00:00:00,3.743109,0.00001
1994-09-09 00:00:00,3.627881,0.00001
1994-09-10 00:00:00,3.472291,0.00001
1994-09-11 00:00:00,3.271696,0.00001
1994-09-12 00:00:00,3.156395,0.00001
1994-09-13 00:00:00,3.01724,0.00001
1994-09-14 00:00:00,2.860967,0.00001
1994-09-15 00:00:00,2.730964,0.00001
1994-09-16 00:00:00,2.581412,0.00001
1994-09-17 00:00:00,2.410718,0.00001
1994-09-18 00:00:00,2.248254,0.00001
1994-09-19 00:00:00,2.18254,0.00001
1994-09-20 00:00:00,2.087931,0.00001
1994-09-21 00:00:00,1.986009,0.00001
1994-09-22 00:00:00,1.843602,0.00001
1994-09-23 00:00:00,1.711707,0.00001
1994-09-24 00:00:00,1.607571,0.00001
1994-09-25 00:00:00,1.478217,0.00001
1994-09-26 00:00:00,1.431071,0.00001
1994-09-27 00:00:00,2.139797,0.00001
1994-09-28 00:00:00,2.509632,0.00001
1994-09-29 00:00:00,2.477645,0.00001
1994-09-30 00:00:00,2.360033,0.00001
1994-10-01 00:00:00,2.29811,0.00001
1994-10-02 00:00:00,2.379812,0.00001
1994-10-03 00:00:00,2.55716,0.00001
1994-10-04 00:00:00,2.551277,0.00001
1994-10-05 00:00:00,2.481168,0.00001
1994-10-06 00:00:00,2.409538,0.00001
1994-10-07 00:00:00,2.339482,0.00001
1994-10-08 00:00:00,2.291019,0.00001
1994-10-09 00:00:00,2.196846,0.00001
1994-10-10 00:00:00,2.095851,0.00001
1994-10-11 00:00:00,1.999857,0.00001
1994-10-12 00:00:00,1.907816,0.00001
1994-10-13 00:00:00,1.938324,0.00001
1994-10-14 00:00:00,1.882399,0.00001
1994-10-15 00:00:00,1.854218,0.00001
1994-10-16 00:00:00,2.04601,0.00001
1994-10-17 00:00:00,2.018755,0.00001
1994-10-18 00:00:00,1.978182,0.00001
1994-10-19 00:00:00,1.918362,0.00001
1994-10-20 00:00:00,1.879215,0.00001
1994-10-21 00:00:00,1.799551,0.00001
1994-10-22 00:00:00,1.751168,0.00001
1994-10-23 00:00:00,1.713175,0.00001
1994-10-24 00:00:00,1.658622,0.00001
1994-10-25 00:00:00,1.587724,0.00001
1994-10-26 00:00:00,1.516194,0.00001
1994-10-27 00:00:00,1.450638,0.00001
1994-10-28 00:00:00,1.386335,0.00001
1994-10-29 00:00:00,1.332468,0.00001
1994-10-30 00:00:00,1.293451,0.00001
1994-10-31 00:00:00,1.233743,0.00001
1994-11-01 00:00:00,1.177613,0.00001
1994-11-02 00:00:00,1.146902,0.00001
1994-11-03 00:00:00,1.101918,0.00001
1994-11-04 00:00:00,1.047493,0.00001
1994-11-05 00:00:00,0.997889,0.00001
1994-11-06 00:00:00,0.937441,0.00001
1994-11-07 00:00:00,0.895401,0.00001
1994-11-08 00:00:00,0.877069,0.00001
1994-11-09 00:00:00,0.858137,0.00001
1994-11-10 00:00:00,0.900589,0.00001
1994-11-11 00:00:00,0.922688,0.00001
1994-11-12 00:00:00,0.901376,0.00001
1994-11-13 00:00:00,0.880723,0.00001
1994-11-14 00:00:00,0.871419,0.00001
1994-11-15 00:00:00,0.86034,0.00001
1994-11-16 00:00:00,0.850593,0.00001
1994-11-17 00:00:00,0.838988,0.00001
1994-11-18 00:00:00,0.821947,0.00001
1994-11-19 00:00:00,0.824165,0.00001
1994-11-20 00:00:00,0.816839,0.00001
1994-11-21 00:00:00,0.808185,0.00001
1994-11-22 00:00:00,0.815202,0.00001
1994-11-23 00:00:00,1.067388,0.00001
1994-11-24 00:00:00,1.148406,0.00001
1994-11-25 00:00:00,1.169185,0.00001
1994-11-26 00:00:00,1.218748,0.00001
1994-11-27 00:00:00,1.223354,0.00001
1994-11-28 00:00:00,1.238364,0.00001
1994-11-29 00:00:00,1.243352,0.00001
1994-11-30 00:00:00,1.241574,0.00001
1994-12-01 00:00:00,1.223452,0.00001
1994-12-02 00:00:00,1.224817,0.00001
1994-12-03 00:00:00,1.352344,0.00001
1994-12-04 00:00:00,1.49717,0.00001
1994-12-05 00:00:00,1.592821,0.00001
1994-12-06 00:00:00,1.623998,0.00001
1994-12-07 00:00:00,1.647182,0.00001
1994-12-08 00:00:00,1.663133,0.00001
1994-12-09 00:00:00,1.822238,0.00001
1994-12-10 00:00:00,1.887937,0.00001
1994-12-11 00:00:00,1.907778,0.00001
1994-12-12 00:00:00,1.917891,0.00001
1994-12-13 00:00:00,1.923791,0.00001
1994-12-14 00:00:00,1.956247,0.00001
1994-12-15 00:00:00,2.020483,0.00001
1994-12-16 00:00:00,2.030434,0.00001
1994-12-17 00:00:00,2.046583,0.00001
1994-12-18 00:00:00,2.050538,0.00001
1994-12-19 00:00:00,2.063166,0.00001
1994-12-20 00:00:00,2.085953,0.00001
1994-12-21 00:00:00,2.108465,0.00001
1994-12-22 00:00:00,2.114291,0.00001
1994-12-23 00:00:00,2.182806,0.00001
1994-12-24 00:00:00,2.155782,0.00001
1994-12-25 00:00:00,2.149649,0.00001
1994-12-26 00:00:00,2.167326,0.00001
1994-12-27 00:00:00,2.158454,0.00001
1994-12-28 00:00:00,2.153748,0.00001
1994-12-29 00:00:00,2.107161,0.00001
1994-12-30 00:00:00,2.141113,0.00001
1994-12-31 00:00:00,2.133262,0.00001
1990-01-01 00:00:00,5.326274,0.00001
1990-01-02 00:00:00,5.279789,0.00001
1990-01-03 00:00:00,5.232633,0.00001
1990-01-04 00:00:00,5.190151,0.00001
1990-01-05 00:00:00,5.24443,0.00001
1990-01-06 00:00:00,5.297507,0.00001
1990-01-07 00:00:00,5.210604,0.00001
1990-01-08 00:00:00,5.153491,0.00001
1990-01-09 00:00:00,5.191968,0.00001
1990-01-10 00:00:00,5.121855,0.00001
1990-01-11 00:00:00,5.080963,0.00001
1990-01-12 00:00:00,4.987766,0.00001
1990-01-13 00:00:00,5.02067,0.00001
1990-01-14 00:00:00,5.130408,0.00001
1990-01-15 00:00:00,5.017816,0.00001
1990-01-16 00:00:00,4.937935,0.00001
1990-01-17 00:00:00,4.831148,0.00001
1990-01-18 00:00:00,4.904465,0.00001
1990-01-19 00:00:00,5.348336,0.00001
1990-01-20 00:00:00,5.161512,0.00001
1990-01-21 00:00:00,5.137636,0.00001
1990-01-22 00:00:00,5.109813,0.00001
1990-01-23 00:00:00,5.010224,0.00001
1990-01-24 00:00:00,4.917166,0.00001
1990-01-25 00:00:00,4.825883,0.00001
1990-01-26 00:00:00,4.740954,0.00001
1990-01-27 00:00:00,4.658599,0.00001
1990-01-28 00:00:00,4.577803,0.00001
1990-01-29 00:00:00,4.507304,0.00001
1990-01-30 00:00:00,4.433556,0.00001
1990-01-31 00:00:00,4.359052,0.00001
1990-02-01 00:00:00,4.283704,0.00001
1990-02-02 00:00:00,4.216444,0.00001
1990-02-03 00:00:00,4.184206,0.00001
1990-02-04 00:00:00,4.118518,0.00001
1990-02-05 00:00:00,4.06557,0.00001
1990-02-06 00:00:00,4.012139,0.00001
1990-02-07 00:00:00,3.963927,0.00001
1990-02-08 00:00:00,3.912586,0.00001
1990-02-09 00:00:00,3.860977,0.00001
1990-02-10 00:00:00,3.793336,0.00001
1990-02-11 00:00:00,3.752937,0.00001
1990-02-12 00:00:00,3.709586,0.00001
1990-02-13 00:00:00,3.663314,0.00001
1990-02-14 00:00:00,3.626003,0.00001
1990-02-15 00:00:00,3.587365,0.00001
1990-02-16 00:00:00,3.536378,0.00001
1990-02-17 00:00:00,3.478934,0.00001
1990-02-18 00:00:00,3.348915,0.00001
1990-02-19 00:00:00,3.375239,0.00001
1990-02-20 00:00:00,3.265242,0.00001
1990-02-21 00:00:00,3.469929,0.00001
1990-02-22 00:00:00,3.395373,0.00001
1990-02-23 00:00:00,3.43595,0.00001
1990-02-24 00:00:00,3.696675,0.00001
1990-02-25 00:00:00,3.822901,0.00001
1990-02-26 00:00:00,3.887358,0.00001
1990-02-27 00:00:00,3.937808,0.00001
1990-02-28 00:00:00,3.984619,0.00001
1990-03-01 00:00:00,4.009101,0.00001
1990-03-02 00:00:00,4.021498,0.00001
1990-03-03 00:00:00,4.012744,0.00001
1990-03-04 00:00:00,4.149806,0.00001
1990-03-05 00:00:00,4.279774,0.00001
1990-03-06 00:00:00,4.506211,0.00001
1990-03-07 00:00:00,4.498193,0.00001
1990-03-08 00:00:00,4.467359,0.00001
1990-03-09 00:00:00,4.434476,0.00001
1990-03-10 00:00:00,4.215529,0.00001
1990-03-11 00:00:00,4.394311,0.00001
1990-03-12 00:00:00,4.404028,0.00001
1990-03-13 00:00:00,4.393566,0.00001
1990-03-14 00:00:00,4.309315,0.00001
1990-03-15 00:00:00,4.267967,0.00001
1990-03-16 00:00:00,4.204178,0.00001
1990-03-17 00:00:00,4.21274,0.00001
1990-03-18 00:00:00,4.192247,0.00001
1990-03-19 00:00:00,4.152955,0.00001
1990-03-20 00:00:00,4.82181,0.00001
1990-03-21 00:00:00,4.897147,0.00001
1990-03-22 00:00:00,4.905815,0.00001
1990-03-23 00:00:00,4.917424,0.00001
1990-03-24 00:00:00,4.862754,0.00001
1990-03-25 00:00:00,4.840766,0.00001
1990-03-26 00:00:00,5.043792,0.00001
1990-03-27 00:00:00,5.877294,0.00001
1990-03-28 00:00:00,6.197699,0.00001
1990-03-29 00:00:00,6.307938,0.00001
1990-03-30 00:00:00,6.358877,0.00001
1990-03-31 00:00:00,6.413419,0.00001
1990-04-01 00:00:00,6.459991,0.00001
1990-04-02 00:00:00,6.441431,0.00001
1990-04-03 00:00:00,6.313075,0.00001
1990-04-04 00:00:00,6.296893,0.00001
1990-04-05 00:00:00,6.293571,0.00001
1990-04-06 00:00:00,6.340773,0.00001
1990-04-07 00:00:00,6.756138,0.00001
1990-04-08 00:00:00,7.270833,0.00001
1990-04-09 00:00:00,7.752269,0.00001
1990-04-10 00:00:00,8.703177,0.00001
1990-04-11 00:00:00,9.316911,0.00001
1990-04-12 00:00:00,10.090099,0.00001
1990-04-13 00:00:00,10.175117,0.00001
1990-04-14 00:00:00,10.208166,0.00001
1990-04-15 00:00:00,10.27952,0.00001
1990-04-16 00:00:00,10.254923,0.00001
1990-04-17 00:00:00,10.435025,0.00001
1990-04-18 00:00:00,11.529014,0.00001
1990-04-19 00:00:00,11.652567,0.00001
1990-04-20 00:00:00,11.93015,0.00001
1990-04-21 00:00:00,12.312738,0.00001
1990-04-22 00:00:00,12.238265,0.00001
1990-04-23 00:00:00,12.123136,0.00001
1990-04-24 00:00:00,12.115409,0.00001
1990-04-25 00:00:00,12.050383,0.00001
1990-04-26 00:00:00,12.937397,0.00001
1990-04-27 00:00:00,13.692827,0.00001
1990-04-28 00:00:00,13.580338,0.00001
1990-04-29 00:00:00,13.535607,0.00001
1990-04-30 00:00:00,13.384758,0.00001
1990-05-01 00:00:00,13.262476,0.00001
1990-05-02 00:00:00,13.056029,0.00001
1990-05-03 00:00:00,12.780725,0.00001
1990-05-04 00:00:00,12.550214,0.00001
1990-05-05 00:00:00,12.168914,0.00001
1990-05-06 00:00:00,11.743459,0.00001
1990-05-07 00:00:00,11.530192,0.00001
1990-05-08 00:00:00,12.835648,0.00001
1990-05-09 00:00:00,13.982372,0.00001
1990-05-10 00:00:00,14.816457,0.00001
1990-05-11 00:00:00,14.736399,0.00001
1990-05-12 00:00:00,14.553882,0.00001
1990-05-13 00:00:00,15.027377,0.00001
1990-05-14 00:00:00,14.896195,0.00001
1990-05-15 00:00:00,14.517536,0.00001
1990-05-16 00:00:00,14.123875,0.00001
1990-05-17 00:00:00,13.983381,0.00001
1990-05-18 00:00:00,13.740854,0.00001
1990-05-19 00:00:00,13.323414,0.00001
1990-05-20 00:00:00,12.929263,0.00001
1990-05-21 00:00:00,12.5461,0.00001
1990-05-22 00:00:00,12.295501,0.00001
1990-05-23 00:00:00,12.659411,0.00001
1990-05-24 00:00:00,12.506573,0.00001
1990-05-25 00:00:00,12.132331,0.00001
1990-05-26 00:00:00,12.369441,0.00001
1990-05-27 00:00:00,13.210215,0.00001
1990-05-28 00:00:00,14.033792,0.00001
1990-05-29 00:00:00,13.924053,0.00001
1990-05-30 00:00:00,13.55575,0.00001
1990-05-31 00:00:00,13.16585,0.00001
1990-06-01 00:00:00,12.986838,0.00001
1990-06-02 00:00:00,12.909928,0.00001
1990-06-03 00:00:00,12.536147,0.00001
1990-06-04 00:00:00,12.080572,0.00001
1990-06-05 00:00:00,11.774521,0.00001
1990-06-06 00:00:00,11.705717,0.00001
1990-06-07 00:00:00,11.795203,0.00001
1990-06-08 00:00:00,11.702919,0.00001
1990-06-09 00:00:00,11.440516,0.00001
1990-06-10 00:00:00,11.050309,0.00001
1990-06-11 00:00:00,10.641185,0.00001
1990-06-12 00:00:00,10.22396,0.00001
1990-06-13 00:00:00,9.7728,0.00001
1990-06-14 00:00:00,9.319433,0.00001
1990-06-15 00:00:00,8.888273,0.00001
1990-06-16 00:00:00,8.478853,0.00001
1990-06-17 00:00:00,8.125267,0.00001
1990-06-18 00:00:00,7.726003,0.00001
1990-06-19 00:00:00,7.297364,0.00001
1990-06-20 00:00:00,6.877254,0.00001
1990-06-21 00:00:00,6.491176,0.00001
1990-06-22 00:00:00,6.122048,0.00001
1990-06-23 00:00:00,5.775494,0.00001
1990-06-24 00:00:00,5.447643,0.00001
1990-06-25 00:00:00,5.219162,0.00001
1990-06-26 00:00:00,5.636228,0.00001
1990-06-27 00:00:00,5.5614,0.00001
1990-06-28 00:00:00,5.357075,0.00001
1990-06-29 00:00:00,5.268602,0.00001
1990-06-30 00:00:00,5.008567,0.00001
1990-07-01 00:00:00,4.744987,0.00001
1990-07-02 00:00:00,4.450741,0.00001
1990-07-03 00:00:00,4.232165,0.00001
1990-07-04 00:00:00,4.892497,0.00001
1990-07-05 00:00:00,5.268065,0.00001
1990-07-06 00:00:00,5.184709,0.00001
1990-07-07 00:00:00,5.021116,0.00001
1990-07-08 00:00:00,4.992618,0.00001
1990-07-09 00:00:00,4.971378,0.00001
1990-07-10 00:00:00,4.678638,0.00001
1990-07-11 00:00:00,4.382008,0.00001
1990-07-12 00:00:00,4.09059,0.00001
1990-07-13 00:00:00,3.816451,0.00001
1990-07-14 00:00:00,3.53083,0.00001
1990-07-15 00:00:00,3.492146,0.00001
1990-07-16 00:00:00,3.627431,0.00001
1990-07-17 00:00:00,3.380966,0.00001
1990-07-18 00:00:00,3.334296,0.00001
1990-07-19 00:00:00,3.299791,0.00001
1990-07-20 00:00:00,3.207871,0.00001
1990-07-21 00:00:00,2.961127,0.00001
1990-07-22 00:00:00,3.327831,0.00001
1990-07-23 00:00:00,3.331098,0.00001
1990-07-24 00:00:00,3.192311,0.00001
1990-07-25 00:00:00,3.02803,0.00001
1990-07-26 00:00:00,3.102136,0.00001
1990-07-27 00:00:00,3.124426,0.00001
1990-07-28 00:00:00,3.021453,0.00001
1990-07-29 00:00:00,2.780488,0.00001
1990-07-30 00:00:00,2.592211,0.00001
1990-07-31 00:00:00,2.521516,0.00001
1990-08-01 00:00:00,2.648864,0.00001
1990-08-02 00:00:00,2.637955,0.00001
1990-08-03 00:00:00,2.750792,0.00001
1990-08-04 00:00:00,2.687572,0.00001
1990-08-05 00:00:00,2.571558,0.00001
1990-08-06 00:00:00,2.467861,0.00001
1990-08-07 00:00:00,2.413147,0.00001
1990-08-08 00:00:00,2.336526,0.00001
1990-08-09 00:00:00,2.303519,0.00001
1990-08-10 00:00:00,2.161283,0.00001
1990-08-11 00:00:00,1.996894,0.00001
1990-08-12 00:00:00,1.842392,0.00001
1990-08-13 00:00:00,1.680368,0.00001
1990-08-14 00:00:00,1.561406,0.00001
1990-08-15 00:00:00,1.897147,0.00001
1990-08-16 00:00:00,2.363417,0.00001
1990-08-17 00:00:00,2.480402,0.00001
1990-08-18 00:00:00,2.434499,0.00001
1990-08-19 00:00:00,2.618419,0.00001
1990-08-20 00:00:00,2.636011,0.00001
1990-08-21 00:00:00,2.533543,0.00001
1990-08-22 00:00:00,2.429163,0.00001
1990-08-23 00:00:00,2.325892,0.00001
1990-08-24 00:00:00,2.295148,0.00001
1990-08-25 00:00:00,2.235895,0.00001
1990-08-26 00:00:00,2.118782,0.00001
1990-08-27 00:00:00,2.084008,0.00001
1990-08-28 00:00:00,2.558285,0.00001
1990-08-29 00:00:00,2.692455,0.00001
1990-08-30 00:00:00,2.590774,0.00001
1990-08-31 00:00:00,2.487809,0.00001
1990-09-01 00:00:00,2.371838,0.00001
1990-09-02 00:00:00,2.256251,0.00001
1990-09-03 00:00:00,2.201601,0.00001
1990-09-04 00:00:00,2.083436,0.00001
1990-09-05 00:00:00,2.007009,0.00001
1990-09-06 00:00:00,1.992038,0.00001
1990-09-07 00:00:00,2.257572,0.00001
1990-09-08 00:00:00,2.121126,0.00001
1990-09-09 00:00:00,2.02511,0.00001
1990-09-10 00:00:00,1.954938,0.00001
1990-09-11 00:00:00,1.850677,0.00001
1990-09-12 00:00:00,1.856541,0.00001
1990-09-13 00:00:00,1.690607,0.00001
1990-09-14 00:00:00,1.575425,0.00001
1990-09-15 00:00:00,1.493256,0.00001
1990-09-16 00:00:00,1.613781,0.00001
1990-09-17 00:00:00,1.531991,0.00001
1990-09-18 00:00:00,1.502616,0.00001
1990-09-19 00:00:00,2.054201,0.00001
1990-09-20 00:00:00,2.201249,0.00001
1990-09-21 00:00:00,2.227065,0.00001
1990-09-22 00:00:00,2.129421,0.00001
1990-09-23 00:00:00,2.042857,0.00001
1990-09-24 00:00:00,1.982163,0.00001
1990-09-25 00:00:00,1.920497,0.00001
1990-09-26 00:00:00,1.818358,0.00001
1990-09-27 00:00:00,1.687416,0.00001
1990-09-28 00:00:00,1.562931,0.00001
1990-09-29 00:00:00,1.53928,0.00001
1990-09-30 00:00:00,1.68429,0.00001
1990-10-01 00:00:00,1.777146,0.00001
1990-10-02 00:00:00,1.715906,0.00001
1990-10-03 00:00:00,1.699939,0.00001
1990-10-04 00:00:00,1.624644,0.00001
1990-10-05 00:00:00,2.08921,0.00001
1990-10-06 00:00:00,3.400363,0.00001
1990-10-07 00:00:00,3.564921,0.00001
1990-10-08 00:00:00,3.618448,0.00001
1990-10-09 00:00:00,3.641973,0.00001
1990-10-10 00:00:00,3.576162,0.00001
1990-10-11 00:00:00,3.504981,0.00001
1990-10-12 00:00:00,3.402546,0.00001
1990-10-13 00:00:00,3.315853,0.00001
1990-10-14 00:00:00,3.345814,0.00001
1990-10-15 00:00:00,3.285087,0.00001
1990-10-16 00:00:00,3.231045,0.00001
1990-10-17 00:00:00,3.144837,0.00001
1990-10-18 00:00:00,3.104061,0.00001
1990-10-19 00:00:00,3.292298,0.00001
1990-10-20 00:00:00,3.489864,0.00001
1990-10-21 00:00:00,3.539058,0.00001
1990-10-22 00:00:00,3.612251,0.00001
1990-10-23 00:00:00,3.83361,0.00001
1990-10-24 00:00:00,3.897137,0.00001
1990-10-25 00:00:00,3.818461,0.00001
1990-10-26 00:00:00,3.885283,0.00001
1990-10-27 00:00:00,4.836996,0.00001
1990-10-28 00:00:00,5.083541,0.00001
1990-10-29 00:00:00,5.118999,0.00001
1990-10-30 00:00:00,5.173338,0.00001
1990-10-31 00:00:00,5.519669,0.00001
1990-11-01 00:00:00,6.785981,0.00001
1990-11-02 00:00:00,7.506095,0.00001
1990-11-03 00:00:00,7.783058,0.00001
1990-11-04 00:00:00,7.973325,0.00001
1990-11-05 00:00:00,8.120989,0.00001
1990-11-06 00:00:00,8.149409,0.00001
1990-11-07 00:00:00,8.099943,0.00001
1990-11-08 00:00:00,8.160466,0.00001
1990-11-09 00:00:00,8.261237,0.00001
1990-11-10 00:00:00,8.790319,0.00001
1990-11-11 00:00:00,8.931618,0.00001
1990-11-12 00:00:00,8.93929,0.00001
1990-11-13 00:00:00,8.902204,0.00001
1990-11-14 00:00:00,8.852553,0.00001
1990-11-15 00:00:00,8.791157,0.00001
1990-11-16 00:00:00,8.716525,0.00001
1990-11-17 00:00:00,8.641189,0.00001
1990-11-18 00:00:00,8.542882,0.00001
1990-11-19 00:00:00,8.459445,0.00001
1990-11-20 00:00:00,8.329761,0.00001
1990-11-21 00:00:00,8.206471,0.00001
1990-11-22 00:00:00,8.085254,0.00001
1990-11-23 00:00:00,7.953584,0.00001
1990-11-24 00:00:00,7.817239,0.00001
1990-11-25 00:00:00,7.66763,0.00001
1990-11-26 00:00:00,7.619855,0.00001
1990-11-27 00:00:00,8.456288,0.00001
1990-11-28 00:00:00,8.33609,0.00001
1990-11-29 00:00:00,8.205677,0.00001
1990-11-30 00:00:00,8.021477,0.00001
1990-12-01 00:00:00,7.970085,0.00001
1990-12-02 00:00:00,7.814127,0.00001
1990-12-03 00:00:00,7.7912,0.00001
1990-12-04 00:00:00,7.697419,0.00001
1990-12-05 00:00:00,7.583129,0.00001
1990-12-06 00:00:00,7.467468,0.00001
1990-12-07 00:00:00,7.382023,0.00001
1990-12-08 00:00:00,7.362912,0.00001
1990-12-09 00:00:00,7.265751,0.00001
1990-12-10 00:00:00,7.154359,0.00001
1990-12-11 00:00:00,7.116158,0.00001
1990-12-12 00:00:00,7.101343,0.00001
1990-12-13 00:00:00,7.055124,0.00001
1990-12-14 00:00:00,6.98658,0.00001
1990-12-15 00:00:00,6.83992,0.00001
1990-12-16 00:00:00,6.701652,0.00001
1990-12-17 00:00:00,6.565464,0.00001
1990-12-18 00:00:00,6.43904,0.00001
1990-12-19 00:00:00,6.309857,0.00001
1990-12-20 00:00:00,6.18715,0.00001
1990-12-21 00:00:00,6.066879,0.00001
1990-12-22 00:00:00,5.955846,0.00001
1990-12-23 00:00:00,5.848755,0.00001
1990-12-24 00:00:00,5.738674,0.00001
1990-12-25 00:00:00,5.632437,0.00001
1990-12-26 00:00:00,5.537189,0.00001
1990-12-27 00:00:00,5.432293,0.00001
1990-12-28 00:00:00,5.328736,0.00001
1990-12-29 00:00:00,5.237834,0.00001
1990-12-30 00:00:00,5.245376,0.00001
1990-12-31 00:00:00,5.1789,0.00001
1991-01-01 00:00:00,5.077277,0.00001
1991-01-02 00:00:00,4.975519,0.00001
1991-01-03 00:00:00,4.883565,0.00001
1991-01-04 00:00:00,4.800754,0.00001
1991-01-05 00:00:00,4.7159,0.00001
1991-01-06 00:00:00,4.636564,0.00001
1991-01-07 00:00:00,4.565858,0.00001
1991-01-08 00:00:00,4.490528,0.00001
1991-01-09 00:00:00,4.414151,0.00001
1991-01-10 00:00:00,4.472619,0.00001
1991-01-11 00:00:00,4.451718,0.00001
1991-01-12 00:00:00,4.353444,0.00001
1991-01-13 00:00:00,4.264087,0.00001
1991-01-14 00:00:00,4.177729,0.00001
1991-01-15 00:00:00,4.103055,0.00001
1991-01-16 00:00:00,4.069222,0.00001
1991-01-17 00:00:00,4.087884,0.00001
1991-01-18 00:00:00,4.724682,0.00001
1991-01-19 00:00:00,5.070568,0.00001
1991-01-20 00:00:00,5.182088,0.00001
1991-01-21 00:00:00,5.245964,0.00001
1991-01-22 00:00:00,5.368602,0.00001
1991-01-23 00:00:00,5.643932,0.00001
1991-01-24 00:00:00,5.702574,0.00001
1991-01-25 00:00:00,5.991519,0.00001
1991-01-26 00:00:00,6.453513,0.00001
1991-01-27 00:00:00,6.27203,0.00001
1991-01-28 00:00:00,6.228581,0.00001
1991-01-29 00:00:00,6.182374,0.00001
1991-01-30 00:00:00,6.131674,0.00001
1991-01-31 00:00:00,6.08724,0.00001
1991-02-01 00:00:00,6.042937,0.00001
1991-02-02 00:00:00,6.005782,0.00001
1991-02-03 00:00:00,5.967579,0.00001
1991-02-04 00:00:00,5.922781,0.00001
1991-02-05 00:00:00,5.869908,0.00001
1991-02-06 00:00:00,5.810627,0.00001
1991-02-07 00:00:00,5.738769,0.00001
1991-02-08 00:00:00,5.656035,0.00001
1991-02-09 00:00:00,5.598798,0.00001
1991-02-10 00:00:00,5.505708,0.00001
1991-02-11 00:00:00,5.509008,0.00001
1991-02-12 00:00:00,5.456605,0.00001
1991-02-13 00:00:00,5.412409,0.00001
1991-02-14 00:00:00,5.398503,0.00001
1991-02-15 00:00:00,5.391989,0.00001
1991-02-16 00:00:00,5.320757,0.00001
1991-02-17 00:00:00,5.259934,0.00001
1991-02-18 00:00:00,5.192708,0.00001
1991-02-19 00:00:00,5.082208,0.00001
1991-02-20 00:00:00,4.971792,0.00001
1991-02-21 00:00:00,5.06552,0.00001
1991-02-22 00:00:00,5.004374,0.00001
1991-02-23 00:00:00,4.87897,0.00001
1991-02-24 00:00:00,5.106213,0.00001
1991-02-25 00:00:00,5.428301,0.00001
1991-02-26 00:00:00,5.719551,0.00001
1991-02-27 00:00:00,5.946179,0.00001
1991-02-28 00:00:00,6.193125,0.00001
1991-03-01 00:00:00,6.303943,0.00001
1991-03-02 00:00:00,6.372694,0.00001
1991-03-03 00:00:00,6.434945,0.00001
1991-03-04 00:00:00,6.488228,0.00001
1991-03-05 00:00:00,6.542454,0.00001
1991-03-06 00:00:00,6.673792,0.00001
1991-03-07 00:00:00,6.754466,0.00001
1991-03-08 00:00:00,6.76123,0.00001
1991-03-09 00:00:00,6.781544,0.00001
1991-03-10 00:00:00,6.771495,0.00001
1991-03-11 00:00:00,6.717977,0.00001
1991-03-12 00:00:00,6.663716,0.00001
1991-03-13 00:00:00,6.627786,0.00001
1991-03-14 00:00:00,6.517453,0.00001
1991-03-15 00:00:00,6.424892,0.00001
1991-03-16 00:00:00,6.325166,0.00001
1991-03-17 00:00:00,6.271028,0.00001
1991-03-18 00:00:00,6.246153,0.00001
1991-03-19 00:00:00,6.185853,0.00001
1991-03-20 00:00:00,6.126791,0.00001
1991-03-21 00:00:00,6.038023,0.00001
1991-03-22 00:00:00,5.95314,0.00001
1991-03-23 00:00:00,5.82768,0.00001
1991-03-24 00:00:00,5.861675,0.00001
1991-03-25 00:00:00,5.966577,0.00001
1991-03-26 00:00:00,6.09876,0.00001
1991-03-27 00:00:00,6.061341,0.00001
1991-03-28 00:00:00,5.990723,0.00001
1991-03-29 00:00:00,5.917123,0.00001
1991-03-30 00:00:00,5.823353,0.00001
1991-03-31 00:00:00,5.775721,0.00001
1991-04-01 00:00:00,5.707859,0.00001
1991-04-02 00:00:00,5.610294,0.00001
1991-04-03 00:00:00,5.508343,0.00001
1991-04-04 00:00:00,5.391956,0.00001
1991-04-05 00:00:00,5.449612,0.00001
1991-04-06 00:00:00,5.353349,0.00001
1991-04-07 00:00:00,5.3686,0.00001
1991-04-08 00:00:00,5.294974,0.00001
1991-04-09 00:00:00,5.18544,0.00001
1991-04-10 00:00:00,5.058676,0.00001
1991-04-11 00:00:00,4.882894,0.00001
1991-04-12 00:00:00,4.686603,0.00001
1991-04-13 00:00:00,4.587272,0.00001
1991-04-14 00:00:00,4.484176,0.00001
1991-04-15 00:00:00,4.504076,0.00001
1991-04-16 00:00:00,4.735675,0.00001
1991-04-17 00:00:00,4.658419,0.00001
1991-04-18 00:00:00,4.54548,0.00001
1991-04-19 00:00:00,4.486576,0.00001
1991-04-20 00:00:00,4.673046,0.00001
1991-04-21 00:00:00,5.083296,0.00001
1991-04-22 00:00:00,4.947041,0.00001
1991-04-23 00:00:00,4.896256,0.00001
1991-04-24 00:00:00,4.817235,0.00001
1991-04-25 00:00:00,4.700686,0.00001
1991-04-26 00:00:00,4.64061,0.00001
1991-04-27 00:00:00,4.585885,0.00001
1991-04-28 00:00:00,4.449428,0.00001
1991-04-29 00:00:00,4.492782,0.00001
1991-04-30 00:00:00,5.217582,0.00001
1991-05-01 00:00:00,5.345901,0.00001
1991-05-02 00:00:00,5.278664,0.00001
1991-05-03 00:00:00,5.147316,0.00001
1991-05-04 00:00:00,5.071081,0.00001
1991-05-05 00:00:00,5.048677,0.00001
1991-05-06 00:00:00,5.052353,0.00001
1991-05-07 00:00:00,4.993028,0.00001
1991-05-08 00:00:00,4.957668,0.00001
1991-05-09 00:00:00,5.202926,0.00001
1991-05-10 00:00:00,5.79186,0.00001
1991-05-11 00:00:00,6.770091,0.00001
1991-05-12 00:00:00,6.914973,0.00001
1991-05-13 00:00:00,6.924896,0.00001
1991-05-14 00:00:00,6.889763,0.00001
1991-05-15 00:00:00,7.138749,0.00001
1991-05-16 00:00:00,7.314558,0.00001
1991-05-17 00:00:00,7.249797,0.00001
1991-05-18 00:00:00,7.0789,0.00001
1991-05-19 00:00:00,6.846428,0.00001
1991-05-20 00:00:00,6.78577,0.00001
1991-05-21 00:00:00,7.251432,0.00001
1991-05-22 00:00:00,7.115616,0.00001
1991-05-23 00:00:00,6.960162,0.00001
1991-05-24 00:00:00,7.286732,0.00001
1991-05-25 00:00:00,7.317402,0.00001
1991-05-26 00:00:00,7.359774,0.00001
1991-05-27 00:00:00,7.354762,0.00001
1991-05-28 00:00:00,7.513867,0.00001
1991-05-29 00:00:00,8.121446,0.00001
1991-05-30 00:00:00,7.815395,0.00001
1991-05-31 00:00:00,7.489911,0.00001
1991-06-01 00:00:00,7.445027,0.00001
1991-06-02 00:00:00,8.16501,0.00001
1991-06-03 00:00:00,8.625355,0.00001
1991-06-04 00:00:00,8.60374,0.00001
1991-06-05 00:00:00,8.656007,0.00001
1991-06-06 00:00:00,8.791809,0.00001
1991-06-07 00:00:00,10.643531,0.00001
1991-06-08 00:00:00,12.552571,0.00001
1991-06-09 00:00:00,13.072312,0.00001
1991-06-10 00:00:00,13.503838,0.00001
1991-06-11 00:00:00,13.76227,0.00001
1991-06-12 00:00:00,13.778512,0.00001
1991-06-13 00:00:00,13.580782,0.00001
1991-06-14 00:00:00,13.239387,0.00001
1991-06-15 00:00:00,12.887085,0.00001
1991-06-16 00:00:00,12.555795,0.00001
1991-06-17 00:00:00,14.707557,0.00001
1991-06-18 00:00:00,23.365619,0.00001
1991-06-19 00:00:00,27.834185,0.00001
1991-06-20 00:00:00,29.93125,0.00001
1991-06-21 00:00:00,30.658636,0.00001
1991-06-22 00:00:00,30.987731,0.00001
1991-06-23 00:00:00,31.173879,0.00001
1991-06-24 00:00:00,31.490051,0.00001
1991-06-25 00:00:00,30.946606,0.00001
1991-06-26 00:00:00,30.179176,0.00001
1991-06-27 00:00:00,29.313413,0.00001
1991-06-28 00:00:00,28.306936,0.00001
1991-06-29 00:00:00,27.232988,0.00001
1991-06-30 00:00:00,26.758695,0.00001
1991-07-01 00:00:00,26.179403,0.00001
1991-07-02 00:00:00,25.123134,0.00001
1991-07-03 00:00:00,24.517794,0.00001
1991-07-04 00:00:00,23.36118,0.00001
1991-07-05 00:00:00,22.211007,0.00001
1991-07-06 00:00:00,21.043839,0.00001
1991-07-07 00:00:00,20.025118,0.00001
1991-07-08 00:00:00,19.081041,0.00001
1991-07-09 00:00:00,18.302504,0.00001
1991-07-10 00:00:00,17.618361,0.00001
1991-07-11 00:00:00,16.765437,0.00001
1991-07-12 00:00:00,16.125981,0.00001
1991-07-13 00:00:00,16.006869,0.00001
1991-07-14 00:00:00,15.384328,0.00001
1991-07-15 00:00:00,14.72709,0.00001
1991-07-16 00:00:00,14.059194,0.00001
1991-07-17 00:00:00,13.239343,0.00001
1991-07-18 00:00:00,13.547805,0.00001
1991-07-19 00:00:00,16.876319,0.00001
1991-07-20 00:00:00,16.681529,0.00001
1991-07-21 00:00:00,16.149597,0.00001
1991-07-22 00:00:00,15.757079,0.00001
1991-07-23 00:00:00,15.492946,0.00001
1991-07-24 00:00:00,15.120391,0.00001
1991-07-25 00:00:00,14.704832,0.00001
1991-07-26 00:00:00,14.150573,0.00001
1991-07-27 00:00:00,13.496244,0.00001
1991-07-28 00:00:00,12.965632,0.00001
1991-07-29 00:00:00,12.77305,0.00001
1991-07-30 00:00:00,12.522234,0.00001
1991-07-31 00:00:00,12.020821,0.00001
1991-08-01 00:00:00,11.613951,0.00001
1991-08-02 00:00:00,11.138018,0.00001
1991-08-03 00:00:00,10.683276,0.00001
1991-08-04 00:00:00,10.186124,0.00001
1991-08-05 00:00:00,9.877282,0.00001
1991-08-06 00:00:00,10.478966,0.00001
1991-08-07 00:00:00,11.546465,0.00001
1991-08-08 00:00:00,11.236629,0.00001
1991-08-09 00:00:00,10.804896,0.00001
1991-08-10 00:00:00,10.421531,0.00001
1991-08-11 00:00:00,10.104942,0.00001
1991-08-12 00:00:00,9.757231,0.00001
1991-08-13 00:00:00,9.349462,0.00001
1991-08-14 00:00:00,8.981885,0.00001
1991-08-15 00:00:00,8.598293,0.00001
1991-08-16 00:00:00,8.24373,0.00001
1991-08-17 00:00:00,7.886017,0.00001
1991-08-18 00:00:00,7.590436,0.00001
1991-08-19 00:00:00,7.381693,0.00001
1991-08-20 00:00:00,7.49271,0.00001
1991-08-21 00:00:00,7.40169,0.00001
1991-08-22 00:00:00,7.154416,0.00001
1991-08-23 00:00:00,6.861802,0.00001
1991-08-24 00:00:00,6.537145,0.00001
1991-08-25 00:00:00,6.213416,0.00001
1991-08-26 00:00:00,5.909682,0.00001
1991-08-27 00:00:00,5.649311,0.00001
1991-08-28 00:00:00,5.411413,0.00001
1991-08-29 00:00:00,5.169379,0.00001
1991-08-30 00:00:00,4.92547,0.00001
1991-08-31 00:00:00,4.672215,0.00001
1991-09-01 00:00:00,4.427305,0.00001
1991-09-02 00:00:00,4.182806,0.00001
1991-09-03 00:00:00,3.939876,0.00001
1991-09-04 00:00:00,3.703527,0.00001
1991-09-05 00:00:00,3.471044,0.00001
1991-09-06 00:00:00,3.259259,0.00001
1991-09-07 00:00:00,3.069105,0.00001
1991-09-08 00:00:00,2.912675,0.00001
1991-09-09 00:00:00,2.92504,0.00001
1991-09-10 00:00:00,2.756286,0.00001
1991-09-11 00:00:00,2.570268,0.00001
1991-09-12 00:00:00,2.418809,0.00001
1991-09-13 00:00:00,2.306132,0.00001
1991-09-14 00:00:00,2.187159,0.00001
1991-09-15 00:00:00,2.118575,0.00001
1991-09-16 00:00:00,2.029629,0.00001
1991-09-17 00:00:00,1.937876,0.00001
1991-09-18 00:00:00,1.831548,0.00001
1991-09-19 00:00:00,1.691367,0.00001
1991-09-20 00:00:00,1.564147,0.00001
1991-09-21 00:00:00,1.627199,0.00001
1991-09-22 00:00:00,1.479061,0.00001
1991-09-23 00:00:00,1.35526,0.00001
1991-09-24 00:00:00,1.373278,0.00001
1991-09-25 00:00:00,1.302608,0.00001
1991-09-26 00:00:00,1.32194,0.00001
1991-09-27 00:00:00,1.688659,0.00001
1991-09-28 00:00:00,1.63238,0.00001
1991-09-29 00:00:00,1.557181,0.00001
1991-09-30 00:00:00,1.44421,0.00001
1991-10-01 00:00:00,1.314746,0.00001
1991-10-02 00:00:00,1.197823,0.00001
1991-10-03 00:00:00,1.125188,0.00001
1991-10-04 00:00:00,1.052358,0.00001
1991-10-05 00:00:00,1.003589,0.00001
1991-10-06 00:00:00,0.914734,0.00001
1991-10-07 00:00:00,0.884825,0.00001
1991-10-08 00:00:00,0.930691,0.00001
1991-10-09 00:00:00,0.885552,0.00001
1991-10-10 00:00:00,0.882282,0.00001
1991-10-11 00:00:00,0.86905,0.00001
1991-10-12 00:00:00,0.843125,0.00001
1991-10-13 00:00:00,0.81551,0.00001
1991-10-14 00:00:00,0.787448,0.00001
1991-10-15 00:00:00,0.76901,0.00001
1991-10-16 00:00:00,0.757491,0.00001
1991-10-17 00:00:00,0.80903,0.00001
1991-10-18 00:00:00,0.89229,0.00001
1991-10-19 00:00:00,0.870546,0.00001
1991-10-20 00:00:00,0.858748,0.00001
1991-10-21 00:00:00,0.839666,0.00001
1991-10-22 00:00:00,0.868161,0.00001
1991-10-23 00:00:00,0.930187,0.00001
1991-10-24 00:00:00,1.172966,0.00001
1991-10-25 00:00:00,1.172253,0.00001
1991-10-26 00:00:00,1.132396,0.00001
1991-10-27 00:00:00,1.089406,0.00001
1991-10-28 00:00:00,1.045466,0.00001
1991-10-29 00:00:00,1.005597,0.00001
1991-10-30 00:00:00,1.872703,0.00001
1991-10-31 00:00:00,2.277558,0.00001
1991-11-01 00:00:00,2.385928,0.00001
1991-11-02 00:00:00,2.414829,0.00001
1991-11-03 00:00:00,2.459107,0.00001
1991-11-04 00:00:00,2.456065,0.00001
1991-11-05 00:00:00,2.543974,0.00001
1991-11-06 00:00:00,2.588536,0.00001
1991-11-07 00:00:00,2.656537,0.00001
1991-11-08 00:00:00,2.669816,0.00001
1991-11-09 00:00:00,2.660371,0.00001
1991-11-10 00:00:00,2.670417,0.00001
1991-11-11 00:00:00,2.68662,0.00001
1991-11-12 00:00:00,2.678423,0.00001
1991-11-13 00:00:00,2.675591,0.00001
1991-11-14 00:00:00,2.690326,0.00001
1991-11-15 00:00:00,2.702337,0.00001
1991-11-16 00:00:00,2.730616,0.00001
1991-11-17 00:00:00,2.800567,0.00001
1991-11-18 00:00:00,2.862563,0.00001
1991-11-19 00:00:00,2.841233,0.00001
1991-11-20 00:00:00,2.837449,0.00001
1991-11-21 00:00:00,2.979332,0.00001
1991-11-22 00:00:00,2.993596,0.00001
1991-11-23 00:00:00,3.030967,0.00001
1991-11-24 00:00:00,3.084632,0.00001
1991-11-25 00:00:00,3.101999,0.00001
1991-11-26 00:00:00,3.070663,0.00001
1991-11-27 00:00:00,3.049535,0.00001
1991-11-28 00:00:00,3.108725,0.00001
1991-11-29 00:00:00,3.06981,0.00001
1991-11-30 00:00:00,3.101585,0.00001
1991-12-01 00:00:00,3.334283,0.00001
1991-12-02 00:00:00,3.421075,0.00001
1991-12-03 00:00:00,3.424643,0.00001
1991-12-04 00:00:00,3.436891,0.00001
1991-12-05 00:00:00,3.573939,0.00001
1991-12-06 00:00:00,3.600746,0.00001
1991-12-07 00:00:00,3.605795,0.00001
1991-12-08 00:00:00,3.568708,0.00001
1991-12-09 00:00:00,3.543452,0.00001
1991-12-10 00:00:00,3.541091,0.00001
1991-12-11 00:00:00,3.497422,0.00001
1991-12-12 00:00:00,3.457184,0.00001
1991-12-13 00:00:00,3.441615,0.00001
1991-12-14 00:00:00,3.415427,0.00001
1991-12-15 00:00:00,3.426888,0.00001
1991-12-16 00:00:00,3.718862,0.00001
1991-12-17 00:00:00,3.7815,0.00001
1991-12-18 00:00:00,3.807697,0.00001
1991-12-19 00:00:00,3.831211,0.00001
1991-12-20 00:00:00,3.852934,0.00001
1991-12-21 00:00:00,3.859115,0.00001
1991-12-22 00:00:00,3.856293,0.00001
1991-12-23 00:00:00,3.903845,0.00001
1991-12-24 00:00:00,3.999854,0.00001
1991-12-25 00:00:00,4.013467,0.00001
1991-12-26 00:00:00,4.235336,0.00001
1991-12-27 00:00:00,4.206845,0.00001
1991-12-28 00:00:00,4.199053,0.00001
1991-12-29 00:00:00,4.148778,0.00001
1991-12-30 00:00:00,4.109471,0.00001
1991-12-31 00:00:00,4.072999,0.00001
1992-01-01 00:00:00,4.034199,0.00001
1992-01-02 00:00:00,3.98684,0.00001
1992-01-03 00:00:00,3.872164,0.00001
1992-01-04 00:00:00,3.938672,0.00001
1992-01-05 00:00:00,4.381745,0.00001
1992-01-06 00:00:00,4.694543,0.00001
1992-01-07 00:00:00,4.787879,0.00001
1992-01-08 00:00:00,4.875873,0.00001
1992-01-09 00:00:00,4.956207,0.00001
1992-01-10 00:00:00,5.093976,0.00001
1992-01-11 00:00:00,5.140199,0.00001
1992-01-12 00:00:00,5.114151,0.00001
1992-01-13 00:00:00,5.100363,0.00001
1992-01-14 00:00:00,5.078067,0.00001
1992-01-15 00:00:00,5.114318,0.00001
1992-01-16 00:00:00,5.172247,0.00001
1992-01-17 00:00:00,5.111625,0.00001
1992-01-18 00:00:00,5.07569,0.00001
1992-01-19 00:00:00,5.037959,0.00001
1992-01-20 00:00:00,4.990969,0.00001
1992-01-21 00:00:00,4.939273,0.00001
1992-01-22 00:00:00,4.786907,0.00001
1992-01-23 00:00:00,4.955117,0.00001
1992-01-24 00:00:00,5.184235,0.00001
1992-01-25 00:00:00,5.296497,0.00001
1992-01-26 00:00:00,5.308595,0.00001
1992-01-27 00:00:00,5.360101,0.00001
1992-01-28 00:00:00,5.331189,0.00001
1992-01-29 00:00:00,5.289286,0.00001
1992-01-30 00:00:00,5.244914,0.00001
1992-01-31 00:00:00,5.198705,0.00001
1992-02-01 00:00:00,5.110987,0.00001
1992-02-02 00:00:00,5.090452,0.00001
1992-02-03 00:00:00,5.042333,0.00001
1992-02-04 00:00:00,5.258866,0.00001
1992-02-05 00:00:00,5.444764,0.00001
1992-02-06 00:00:00,5.321815,0.00001
1992-02-07 00:00:00,5.231784,0.00001
1992-02-08 00:00:00,5.160615,0.00001
1992-02-09 00:00:00,5.073635,0.00001
1992-02-10 00:00:00,4.988633,0.00001
1992-02-11 00:00:00,4.930131,0.00001
1992-02-12 00:00:00,4.91723,0.00001
1992-02-13 00:00:00,4.859265,0.00001
1992-02-14 00:00:00,4.783298,0.00001
1992-02-15 00:00:00,4.710955,0.00001
1992-02-16 00:00:00,4.700608,0.00001
1992-02-17 00:00:00,4.651962,0.00001
1992-02-18 00:00:00,4.53943,0.00001
1992-02-19 00:00:00,4.353093,0.00001
1992-02-20 00:00:00,4.577138,0.00001
1992-02-21 00:00:00,4.807588,0.00001
1992-02-22 00:00:00,5.773635,0.00001
1992-02-23 00:00:00,6.031702,0.00001
1992-02-24 00:00:00,6.168957,0.00001
1992-02-25 00:00:00,6.233321,0.00001
1992-02-26 00:00:00,6.266379,0.00001
1992-02-27 00:00:00,6.503495,0.00001
1992-02-28 00:00:00,6.669405,0.00001
1992-02-29 00:00:00,6.636425,0.00001
1992-03-01 00:00:00,6.772325,0.00001
1992-03-02 00:00:00,7.038213,0.00001
1992-03-03 00:00:00,7.171723,0.00001
1992-03-04 00:00:00,7.232894,0.00001
1992-03-05 00:00:00,7.311706,0.00001
1992-03-06 00:00:00,7.336111,0.00001
1992-03-07 00:00:00,7.320056,0.00001
1992-03-08 00:00:00,7.29307,0.00001
1992-03-09 00:00:00,7.911561,0.00001
1992-03-10 00:00:00,7.969322,0.00001
1992-03-11 00:00:00,7.936873,0.00001
1992-03-12 00:00:00,7.969882,0.00001
1992-03-13 00:00:00,8.401927,0.00001
1992-03-14 00:00:00,8.294402,0.00001
1992-03-15 00:00:00,8.26491,0.00001
1992-03-16 00:00:00,8.202324,0.00001
1992-03-17 00:00:00,7.995147,0.00001
1992-03-18 00:00:00,8.173562,0.00001
1992-03-19 00:00:00,8.072012,0.00001
1992-03-20 00:00:00,8.044664,0.00001
1992-03-21 00:00:00,8.044154,0.00001
1992-03-22 00:00:00,8.007854,0.00001
1992-03-23 00:00:00,8.039435,0.00001
1992-03-24 00:00:00,8.1502,0.00001
1992-03-25 00:00:00,8.466794,0.00001
1992-03-26 00:00:00,8.401217,0.00001
1992-03-27 00:00:00,8.237021,0.00001
1992-03-28 00:00:00,8.298173,0.00001
1992-03-29 00:00:00,8.300555,0.00001
1992-03-30 00:00:00,8.277686,0.00001
1992-03-31 00:00:00,8.161504,0.00001
1992-04-01 00:00:00,7.964354,0.00001
1992-04-02 00:00:00,7.768379,0.00001
1992-04-03 00:00:00,7.600279,0.00001
1992-04-04 00:00:00,7.476457,0.00001
1992-04-05 00:00:00,7.629074,0.00001
1992-04-06 00:00:00,7.593336,0.00001
1992-04-07 00:00:00,7.446818,0.00001
1992-04-08 00:00:00,7.331039,0.00001
1992-04-09 00:00:00,7.172946,0.00001
1992-04-10 00:00:00,7.081966,0.00001
1992-04-11 00:00:00,7.381431,0.00001
1992-04-12 00:00:00,7.664202,0.00001
1992-04-13 00:00:00,7.487184,0.00001
1992-04-14 00:00:00,7.315648,0.00001
1992-04-15 00:00:00,7.095714,0.00001
1992-04-16 00:00:00,6.947081,0.00001
1992-04-17 00:00:00,6.840126,0.00001
1992-04-18 00:00:00,6.718077,0.00001
1992-04-19 00:00:00,6.880846,0.00001
1992-04-20 00:00:00,6.789411,0.00001
1992-04-21 00:00:00,6.704491,0.00001
1992-04-22 00:00:00,6.5325,0.00001
1992-04-23 00:00:00,6.402607,0.00001
1992-04-24 00:00:00,6.317745,0.00001
1992-04-25 00:00:00,6.063894,0.00001
1992-04-26 00:00:00,5.836079,0.00001
1992-04-27 00:00:00,5.678348,0.00001
1992-04-28 00:00:00,5.438147,0.00001
1992-04-29 00:00:00,5.214338,0.00001
1992-04-30 00:00:00,6.07899,0.00001
1992-05-01 00:00:00,6.839742,0.00001
1992-05-02 00:00:00,7.608043,0.00001
1992-05-03 00:00:00,7.738632,0.00001
1992-05-04 00:00:00,7.641496,0.00001
1992-05-05 00:00:00,7.609969,0.00001
1992-05-06 00:00:00,7.453306,0.00001
1992-05-07 00:00:00,7.770713,0.00001
1992-05-08 00:00:00,7.919051,0.00001
1992-05-09 00:00:00,7.870095,0.00001
1992-05-10 00:00:00,7.684687,0.00001
1992-05-11 00:00:00,7.532888,0.00001
1992-05-12 00:00:00,7.430405,0.00001
1992-05-13 00:00:00,7.319476,0.00001
1992-05-14 00:00:00,7.373676,0.00001
1992-05-15 00:00:00,7.336189,0.00001
1992-05-16 00:00:00,7.20186,0.00001
1992-05-17 00:00:00,6.965695,0.00001
1992-05-18 00:00:00,6.957328,0.00001
1992-05-19 00:00:00,6.775545,0.00001
1992-05-20 00:00:00,6.608155,0.00001
1992-05-21 00:00:00,6.401328,0.00001
1992-05-22 00:00:00,6.172477,0.00001
1992-05-23 00:00:00,5.944659,0.00001
1992-05-24 00:00:00,6.015083,0.00001
1992-05-25 00:00:00,5.981129,0.00001
1992-05-26 00:00:00,5.779825,0.00001
1992-05-27 00:00:00,5.551469,0.00001
1992-05-28 00:00:00,5.672774,0.00001
1992-05-29 00:00:00,6.074966,0.00001
1992-05-30 00:00:00,6.033961,0.00001
1992-05-31 00:00:00,5.790408,0.00001
1992-06-01 00:00:00,5.507713,0.00001
1992-06-02 00:00:00,5.256409,0.00001
1992-06-03 00:00:00,5.053738,0.00001
1992-06-04 00:00:00,4.821572,0.00001
1992-06-05 00:00:00,4.866986,0.00001
1992-06-06 00:00:00,4.890947,0.00001
1992-06-07 00:00:00,5.330941,0.00001
1992-06-08 00:00:00,5.245846,0.00001
1992-06-09 00:00:00,5.001935,0.00001
1992-06-10 00:00:00,4.718731,0.00001
1992-06-11 00:00:00,4.566849,0.00001
1992-06-12 00:00:00,4.382726,0.00001
1992-06-13 00:00:00,4.14573,0.00001
1992-06-14 00:00:00,3.936127,0.00001
1992-06-15 00:00:00,5.107228,0.00001
1992-06-16 00:00:00,6.071341,0.00001
1992-06-17 00:00:00,6.1201,0.00001
1992-06-18 00:00:00,6.051023,0.00001
1992-06-19 00:00:00,5.909533,0.00001
1992-06-20 00:00:00,5.941673,0.00001
1992-06-21 00:00:00,7.490736,0.00001
1992-06-22 00:00:00,7.595361,0.00001
1992-06-23 00:00:00,7.701251,0.00001
1992-06-24 00:00:00,7.849337,0.00001
1992-06-25 00:00:00,8.078546,0.00001
1992-06-26 00:00:00,7.903178,0.00001
1992-06-27 00:00:00,7.693259,0.00001
1992-06-28 00:00:00,7.545395,0.00001
1992-06-29 00:00:00,7.678158,0.00001
1992-06-30 00:00:00,7.876597,0.00001
1992-07-01 00:00:00,7.685088,0.00001
1992-07-02 00:00:00,7.702672,0.00001
1992-07-03 00:00:00,7.594525,0.00001
1992-07-04 00:00:00,7.566477,0.00001
1992-07-05 00:00:00,7.578263,0.00001
1992-07-06 00:00:00,8.110413,0.00001
1992-07-07 00:00:00,8.136115,0.00001
1992-07-08 00:00:00,10.047486,0.00001
1992-07-09 00:00:00,10.233631,0.00001
1992-07-10 00:00:00,10.151158,0.00001
1992-07-11 00:00:00,10.001341,0.00001
1992-07-12 00:00:00,9.839005,0.00001
1992-07-13 00:00:00,9.601565,0.00001
1992-07-14 00:00:00,9.53657,0.00001
1992-07-15 00:00:00,9.219466,0.00001
1992-07-16 00:00:00,9.024946,0.00001
1992-07-17 00:00:00,9.62038,0.00001
1992-07-18 00:00:00,9.720093,0.00001
1992-07-19 00:00:00,9.734669,0.00001
1992-07-20 00:00:00,9.738699,0.00001
1992-07-21 00:00:00,10.741051,0.00001
1992-07-22 00:00:00,10.872013,0.00001
1992-07-23 00:00:00,11.182965,0.00001
1992-07-24 00:00:00,11.10347,0.00001
1992-07-25 00:00:00,11.388036,0.00001
1992-07-26 00:00:00,11.648375,0.00001
1992-07-27 00:00:00,12.644634,0.00001
1992-07-28 00:00:00,12.408634,0.00001
1992-07-29 00:00:00,12.265323,0.00001
1992-07-30 00:00:00,12.018004,0.00001
1992-07-31 00:00:00,11.69226,0.00001
1992-08-01 00:00:00,11.553164,0.00001
1992-08-02 00:00:00,11.14994,0.00001
1992-08-03 00:00:00,11.453406,0.00001
1992-08-04 00:00:00,11.489041,0.00001
1992-08-05 00:00:00,11.188463,0.00001
1992-08-06 00:00:00,10.845729,0.00001
1992-08-07 00:00:00,10.444561,0.00001
1992-08-08 00:00:00,10.025879,0.00001
1992-08-09 00:00:00,9.732874,0.00001
1992-08-10 00:00:00,9.453862,0.00001
1992-08-11 00:00:00,9.523406,0.00001
1992-08-12 00:00:00,10.345663,0.00001
1992-08-13 00:00:00,10.187941,0.00001
1992-08-14 00:00:00,10.040095,0.00001
1992-08-15 00:00:00,10.163128,0.00001
1992-08-16 00:00:00,9.904662,0.00001
1992-08-17 00:00:00,10.055844,0.00001
1992-08-18 00:00:00,9.926311,0.00001
1992-08-19 00:00:00,9.795721,0.00001
1992-08-20 00:00:00,9.609681,0.00001
1992-08-21 00:00:00,9.391917,0.00001
1992-08-22 00:00:00,9.065208,0.00001
1992-08-23 00:00:00,8.826187,0.00001
1992-08-24 00:00:00,8.523636,0.00001
1992-08-25 00:00:00,8.222618,0.00001
1992-08-26 00:00:00,7.904113,0.00001
1992-08-27 00:00:00,7.615048,0.00001
1992-08-28 00:00:00,7.324378,0.00001
1992-08-29 00:00:00,7.077664,0.00001
1992-08-30 00:00:00,7.148242,0.00001
1992-08-31 00:00:00,6.84794,0.00001
1992-09-01 00:00:00,6.53399,0.00001
1992-09-02 00:00:00,6.259689,0.00001
1992-09-03 00:00:00,6.022519,0.00001
1992-09-04 00:00:00,5.773221,0.00001
1992-09-05 00:00:00,5.593942,0.00001
1992-09-06 00:00:00,5.317816,0.00001
1992-09-07 00:00:00,5.163783,0.00001
1992-09-08 00:00:00,5.097212,0.00001
1992-09-09 00:00:00,4.983524,0.00001
1992-09-10 00:00:00,4.759422,0.00001
1992-09-11 00:00:00,4.52437,0.00001
1992-09-12 00:00:00,4.315353,0.00001
1992-09-13 00:00:00,4.141822,0.00001
1992-09-14 00:00:00,3.925589,0.00001
1992-09-15 00:00:00,3.755418,0.00001
1992-09-16 00:00:00,3.806545,0.00001
1992-09-17 00:00:00,3.931351,0.00001
1992-09-18 00:00:00,3.73564,0.00001
1992-09-19 00:00:00,3.739687,0.00001
1992-09-20 00:00:00,3.614791,0.00001
1992-09-21 00:00:00,3.48097,0.00001
1992-09-22 00:00:00,3.54871,0.00001
1992-09-23 00:00:00,3.500066,0.00001
1992-09-24 00:00:00,3.344012,0.00001
1992-09-25 00:00:00,3.173691,0.00001
1992-09-26 00:00:00,3.019656,0.00001
1992-09-27 00:00:00,2.87924,0.00001
1992-09-28 00:00:00,2.78813,0.00001
1992-09-29 00:00:00,2.63945,0.00001
1992-09-30 00:00:00,2.519102,0.00001
1992-10-01 00:00:00,2.408964,0.00001
1992-10-02 00:00:00,2.280686,0.00001
1992-10-03 00:00:00,2.13072,0.00001
1992-10-04 00:00:00,1.976655,0.00001
1992-10-05 00:00:00,1.844718,0.00001
1992-10-06 00:00:00,1.710814,0.00001
1992-10-07 00:00:00,1.616584,0.00001
1992-10-08 00:00:00,1.54012,0.00001
1992-10-09 00:00:00,1.48964,0.00001
1992-10-10 00:00:00,1.403732,0.00001
1992-10-11 00:00:00,1.434705,0.00001
1992-10-12 00:00:00,1.440298,0.00001
1992-10-13 00:00:00,1.626296,0.00001
1992-10-14 00:00:00,1.589011,0.00001
1992-10-15 00:00:00,1.520137,0.00001
1992-10-16 00:00:00,1.464089,0.00001
1992-10-17 00:00:00,1.396599,0.00001
1992-10-18 00:00:00,1.31946,0.00001
1992-10-19 00:00:00,1.286818,0.00001
1992-10-20 00:00:00,1.229606,0.00001
1992-10-21 00:00:00,1.177081,0.00001
1992-10-22 00:00:00,1.163338,0.00001
1992-10-23 00:00:00,1.22468,0.00001
1992-10-24 00:00:00,1.248927,0.00001
1992-10-25 00:00:00,1.255539,0.00001
1992-10-26 00:00:00,1.380331,0.00001
1992-10-27 00:00:00,1.425491,0.00001
1992-10-28 00:00:00,1.422097,0.00001
1992-10-29 00:00:00,1.363473,0.00001
1992-10-30 00:00:00,1.355495,0.00001
1992-10-31 00:00:00,1.383588,0.00001
1992-11-01 00:00:00,1.505417,0.00001
1992-11-02 00:00:00,1.54571,0.00001
1992-11-03 00:00:00,1.558392,0.00001
1992-11-04 00:00:00,1.592259,0.00001
1992-11-05 00:00:00,1.685647,0.00001
1992-11-06 00:00:00,1.79275,0.00001
1992-11-07 00:00:00,1.76928,0.00001
1992-11-08 00:00:00,1.737545,0.00001
1992-11-09 00:00:00,1.751028,0.00001
1992-11-10 00:00:00,1.738971,0.00001
1992-11-11 00:00:00,1.715759,0.00001
1992-11-12 00:00:00,1.692516,0.00001
1992-11-13 00:00:00,1.67718,0.00001
1992-11-14 00:00:00,1.75922,0.00001
1992-11-15 00:00:00,1.815463,0.00001
1992-11-16 00:00:00,1.771968,0.00001
1992-11-17 00:00:00,1.739707,0.00001
1992-11-18 00:00:00,1.728881,0.00001
1992-11-19 00:00:00,1.775702,0.00001
1992-11-20 00:00:00,1.759705,0.00001
1992-11-21 00:00:00,1.781183,0.00001
1992-11-22 00:00:00,1.7671,0.00001
1992-11-23 00:00:00,1.753733,0.00001
1992-11-24 00:00:00,1.726685,0.00001
1992-11-25 00:00:00,1.701286,0.00001
1992-11-26 00:00:00,1.669814,0.00001
1992-11-27 00:00:00,1.66546,0.00001
1992-11-28 00:00:00,1.659302,0.00001
1992-11-29 00:00:00,1.769728,0.00001
1992-11-30 00:00:00,1.788432,0.00001
1992-12-01 00:00:00,1.775362,0.00001
1992-12-02 00:00:00,1.834518,0.00001
1992-12-03 00:00:00,2.050268,0.00001
1992-12-04 00:00:00,2.128198,0.00001
1992-12-05 00:00:00,2.152161,0.00001
1992-12-06 00:00:00,2.160532,0.00001
1992-12-07 00:00:00,2.157508,0.00001
1992-12-08 00:00:00,2.198385,0.00001
1992-12-09 00:00:00,2.266071,0.00001
1992-12-10 00:00:00,2.268181,0.00001
1992-12-11 00:00:00,2.307685,0.00001
1992-12-12 00:00:00,2.298969,0.00001
1992-12-13 00:00:00,2.290306,0.00001
1992-12-14 00:00:00,2.275854,0.00001
1992-12-15 00:00:00,2.249165,0.00001
1992-12-16 00:00:00,2.244652,0.00001
1992-12-17 00:00:00,2.230623,0.00001
1992-12-18 00:00:00,2.223947,0.00001
1992-12-19 00:00:00,2.217289,0.00001
1992-12-20 00:00:00,2.218132,0.00001
1992-12-21 00:00:00,2.2367,0.00001
1992-12-22 00:00:00,2.279083,0.00001
1992-12-23 00:00:00,2.270412,0.00001
1992-12-24 00:00:00,2.436576,0.00001
1992-12-25 00:00:00,2.376293,0.00001
1992-12-26 00:00:00,2.350952,0.00001
1992-12-27 00:00:00,2.32417,0.00001
1992-12-28 00:00:00,2.306231,0.00001
1992-12-29 00:00:00,2.288177,0.00001
1992-12-30 00:00:00,2.286344,0.00001
1992-12-31 00:00:00,2.354305,0.00001
1993-01-01 00:00:00,2.410691,0.00001
1993-01-02 00:00:00,2.2108,0.00001
1993-01-03 00:00:00,2.481858,0.00001
1993-01-04 00:00:00,2.719522,0.00001
1993-01-05 00:00:00,2.973827,0.00001
1993-01-06 00:00:00,3.211769,0.00001
1993-01-07 00:00:00,3.342651,0.00001
1993-01-08 00:00:00,3.663513,0.00001
1993-01-09 00:00:00,3.774269,0.00001
1993-01-10 00:00:00,3.773371,0.00001
1993-01-11 00:00:00,3.795294,0.00001
1993-01-12 00:00:00,3.803948,0.00001
1993-01-13 00:00:00,3.852939,0.00001
1993-01-14 00:00:00,4.094209,0.00001
1993-01-15 00:00:00,3.982659,0.00001
1993-01-16 00:00:00,3.961038,0.00001
1993-01-17 00:00:00,3.933559,0.00001
1993-01-18 00:00:00,3.9098,0.00001
1993-01-19 00:00:00,3.897052,0.00001
1993-01-20 00:00:00,3.977879,0.00001
1993-01-21 00:00:00,4.103338,0.00001
1993-01-22 00:00:00,4.10514,0.00001
1993-01-23 00:00:00,4.088244,0.00001
1993-01-24 00:00:00,4.062092,0.00001
1993-01-25 00:00:00,4.045371,0.00001
1993-01-26 00:00:00,3.999957,0.00001
1993-01-27 00:00:00,3.943347,0.00001
1993-01-28 00:00:00,3.908423,0.00001
1993-01-29 00:00:00,3.863002,0.00001
1993-01-30 00:00:00,3.810792,0.00001
1993-01-31 00:00:00,3.752115,0.00001
1993-02-01 00:00:00,3.785401,0.00001
1993-02-02 00:00:00,3.923666,0.00001
1993-02-03 00:00:00,3.929909,0.00001
1993-02-04 00:00:00,3.910151,0.00001
1993-02-05 00:00:00,3.888232,0.00001
1993-02-06 00:00:00,3.859513,0.00001
1993-02-07 00:00:00,3.828932,0.00001
1993-02-08 00:00:00,3.792421,0.00001
1993-02-09 00:00:00,3.766084,0.00001
1993-02-10 00:00:00,3.885248,0.00001
1993-02-11 00:00:00,4.181979,0.00001
1993-02-12 00:00:00,4.367933,0.00001
1993-02-13 00:00:00,4.38842,0.00001
1993-02-14 00:00:00,4.394456,0.00001
1993-02-15 00:00:00,4.442817,0.00001
1993-02-16 00:00:00,4.737303,0.00001
1993-02-17 00:00:00,5.033173,0.00001
1993-02-18 00:00:00,5.123998,0.00001
1993-02-19 00:00:00,5.199165,0.00001
1993-02-20 00:00:00,5.23565,0.00001
1993-02-21 00:00:00,5.261565,0.00001
1993-02-22 00:00:00,5.237371,0.00001
1993-02-23 00:00:00,5.283352,0.00001
1993-02-24 00:00:00,5.31412,0.00001
1993-02-25 00:00:00,5.262577,0.00001
1993-02-26 00:00:00,5.458469,0.00001
1993-02-27 00:00:00,5.95821,0.00001
1993-02-28 00:00:00,6.057211,0.00001
1993-03-01 00:00:00,6.124186,0.00001
1993-03-02 00:00:00,6.211979,0.00001
1993-03-03 00:00:00,6.310073,0.00001
1993-03-04 00:00:00,6.317328,0.00001
1993-03-05 00:00:00,6.352821,0.00001
1993-03-06 00:00:00,6.355354,0.00001
1993-03-07 00:00:00,6.590733,0.00001
1993-03-08 00:00:00,7.400401,0.00001
1993-03-09 00:00:00,7.542817,0.00001
1993-03-10 00:00:00,7.552294,0.00001
1993-03-11 00:00:00,7.542949,0.00001
1993-03-12 00:00:00,7.520012,0.00001
1993-03-13 00:00:00,7.512621,0.00001
1993-03-14 00:00:00,7.438988,0.00001
1993-03-15 00:00:00,7.413343,0.00001
1993-03-16 00:00:00,7.468259,0.00001
1993-03-17 00:00:00,7.852048,0.00001
1993-03-18 00:00:00,8.37478,0.00001
1993-03-19 00:00:00,8.394278,0.00001
1993-03-20 00:00:00,8.302828,0.00001
1993-03-21 00:00:00,8.139786,0.00001
1993-03-22 00:00:00,8.126597,0.00001
1993-03-23 00:00:00,8.053627,0.00001
1993-03-24 00:00:00,8.242591,0.00001
1993-03-25 00:00:00,8.238663,0.00001
1993-03-26 00:00:00,8.143857,0.00001
1993-03-27 00:00:00,8.041789,0.00001
1993-03-28 00:00:00,7.951593,0.00001
1993-03-29 00:00:00,7.771021,0.00001
1993-03-30 00:00:00,9.387441,0.00001
1993-03-31 00:00:00,13.701514,0.00001
1993-04-01 00:00:00,15.687626,0.00001
1993-04-02 00:00:00,16.625324,0.00001
1993-04-03 00:00:00,17.154584,0.00001
1993-04-04 00:00:00,17.363416,0.00001
1993-04-05 00:00:00,17.425165,0.00001
1993-04-06 00:00:00,17.601693,0.00001
1993-04-07 00:00:00,18.419504,0.00001
1993-04-08 00:00:00,20.206166,0.00001
1993-04-09 00:00:00,20.941119,0.00001
1993-04-10 00:00:00,20.919411,0.00001
1993-04-11 00:00:00,20.739204,0.00001
1993-04-12 00:00:00,20.573093,0.00001
1993-04-13 00:00:00,21.379177,0.00001
1993-04-14 00:00:00,21.554033,0.00001
1993-04-15 00:00:00,24.36578,0.00001
1993-04-16 00:00:00,25.923266,0.00001
1993-04-17 00:00:00,26.306455,0.00001
1993-04-18 00:00:00,26.215469,0.00001
1993-04-19 00:00:00,25.844088,0.00001
1993-04-20 00:00:00,25.888267,0.00001
1993-04-21 00:00:00,26.222899,0.00001
1993-04-22 00:00:00,25.560508,0.00001
1993-04-23 00:00:00,24.693572,0.00001
1993-04-24 00:00:00,23.82897,0.00001
1993-04-25 00:00:00,23.411913,0.00001
1993-04-26 00:00:00,23.591675,0.00001
1993-04-27 00:00:00,22.824299,0.00001
1993-04-28 00:00:00,21.989696,0.00001
1993-04-29 00:00:00,21.363189,0.00001
1993-04-30 00:00:00,20.558565,0.00001
1993-05-01 00:00:00,20.120391,0.00001
1993-05-02 00:00:00,20.275318,0.00001
1993-05-03 00:00:00,20.532878,0.00001
1993-05-04 00:00:00,19.797116,0.00001
1993-05-05 00:00:00,19.022377,0.00001
1993-05-06 00:00:00,19.170487,0.00001
1993-05-07 00:00:00,20.187708,0.00001
1993-05-08 00:00:00,19.83645,0.00001
1993-05-09 00:00:00,19.172739,0.00001
1993-05-10 00:00:00,18.482243,0.00001
1993-05-11 00:00:00,17.762889,0.00001
1993-05-12 00:00:00,17.242567,0.00001
1993-05-13 00:00:00,16.561234,0.00001
1993-05-14 00:00:00,15.822916,0.00001
1993-05-15 00:00:00,15.192918,0.00001
1993-05-16 00:00:00,14.707825,0.00001
1993-05-17 00:00:00,14.004832,0.00001
1993-05-18 00:00:00,13.362399,0.00001
1993-05-19 00:00:00,12.917517,0.00001
1993-05-20 00:00:00,12.365827,0.00001
1993-05-21 00:00:00,11.963803,0.00001
1993-05-22 00:00:00,11.624688,0.00001
1993-05-23 00:00:00,11.579653,0.00001
1993-05-24 00:00:00,12.723459,0.00001
1993-05-25 00:00:00,12.396278,0.00001
1993-05-26 00:00:00,11.856775,0.00001
1993-05-27 00:00:00,11.27053,0.00001
1993-05-28 00:00:00,12.220119,0.00001
1993-05-29 00:00:00,12.182268,0.00001
1993-05-30 00:00:00,11.93121,0.00001
1993-05-31 00:00:00,12.110377,0.00001
1993-06-01 00:00:00,11.802701,0.00001
1993-06-02 00:00:00,11.450045,0.00001
1993-06-03 00:00:00,11.214824,0.00001
1993-06-04 00:00:00,10.924599,0.00001
1993-06-05 00:00:00,10.715734,0.00001
1993-06-06 00:00:00,10.440928,0.00001
1993-06-07 00:00:00,10.081922,0.00001
1993-06-08 00:00:00,9.823915,0.00001
1993-06-09 00:00:00,9.911476,0.00001
1993-06-10 00:00:00,9.941271,0.00001
1993-06-11 00:00:00,11.639809,0.00001
1993-06-12 00:00:00,11.949436,0.00001
1993-06-13 00:00:00,11.745574,0.00001
1993-06-14 00:00:00,11.503355,0.00001
1993-06-15 00:00:00,11.200146,0.00001
1993-06-16 00:00:00,10.891146,0.00001
1993-06-17 00:00:00,10.767728,0.00001
1993-06-18 00:00:00,12.88373,0.00001
1993-06-19 00:00:00,14.301169,0.00001
1993-06-20 00:00:00,14.551414,0.00001
1993-06-21 00:00:00,14.882625,0.00001
1993-06-22 00:00:00,14.816135,0.00001
1993-06-23 00:00:00,14.61477,0.00001
1993-06-24 00:00:00,14.989798,0.00001
1993-06-25 00:00:00,14.89629,0.00001
1993-06-26 00:00:00,14.529427,0.00001
1993-06-27 00:00:00,16.429196,0.00001
1993-06-28 00:00:00,20.134255,0.00001
1993-06-29 00:00:00,21.309722,0.00001
1993-06-30 00:00:00,21.824067,0.00001
1993-07-01 00:00:00,21.755116,0.00001
1993-07-02 00:00:00,21.6983,0.00001
1993-07-03 00:00:00,22.611699,0.00001
1993-07-04 00:00:00,22.746226,0.00001
1993-07-05 00:00:00,22.418503,0.00001
1993-07-06 00:00:00,22.824342,0.00001
1993-07-07 00:00:00,22.64692,0.00001
1993-07-08 00:00:00,22.152898,0.00001
1993-07-09 00:00:00,21.34542,0.00001
1993-07-10 00:00:00,20.629096,0.00001
1993-07-11 00:00:00,19.759918,0.00001
1993-07-12 00:00:00,18.879258,0.00001
1993-07-13 00:00:00,18.005296,0.00001
1993-07-14 00:00:00,17.121766,0.00001
1993-07-15 00:00:00,16.365507,0.00001
1993-07-16 00:00:00,15.522549,0.00001
1993-07-17 00:00:00,14.765602,0.00001
1993-07-18 00:00:00,14.207002,0.00001
1993-07-19 00:00:00,14.761275,0.00001
1993-07-20 00:00:00,14.570466,0.00001
1993-07-21 00:00:00,14.425376,0.00001
1993-07-22 00:00:00,13.743098,0.00001
1993-07-23 00:00:00,13.01935,0.00001
1993-07-24 00:00:00,12.342427,0.00001
1993-07-25 00:00:00,11.737729,0.00001
1993-07-26 00:00:00,11.125474,0.00001
1993-07-27 00:00:00,10.610904,0.00001
1993-07-28 00:00:00,10.023704,0.00001
1993-07-29 00:00:00,9.516135,0.00001
1993-07-30 00:00:00,9.046202,0.00001
1993-07-31 00:00:00,8.560567,0.00001
1993-08-01 00:00:00,8.091326,0.00001
1993-08-02 00:00:00,7.689424,0.00001
1993-08-03 00:00:00,7.637445,0.00001
1993-08-04 00:00:00,8.560232,0.00001
1993-08-05 00:00:00,8.807329,0.00001
1993-08-06 00:00:00,8.983893,0.00001
1993-08-07 00:00:00,8.844136,0.00001
1993-08-08 00:00:00,8.568927,0.00001
1993-08-09 00:00:00,8.254406,0.00001
1993-08-10 00:00:00,7.892531,0.00001
1993-08-11 00:00:00,7.550746,0.00001
1993-08-12 00:00:00,7.214568,0.00001
1993-08-13 00:00:00,6.988677,0.00001
1993-08-14 00:00:00,6.904371,0.00001
1993-08-15 00:00:00,6.79207,0.00001
1993-08-16 00:00:00,6.573958,0.00001
1993-08-17 00:00:00,6.66166,0.00001
1993-08-18 00:00:00,6.453552,0.00001
1993-08-19 00:00:00,6.203761,0.00001
1993-08-20 00:00:00,5.962201,0.00001
1993-08-21 00:00:00,5.835898,0.00001
1993-08-22 00:00:00,5.790514,0.00001
1993-08-23 00:00:00,6.098836,0.00001
1993-08-24 00:00:00,6.072405,0.00001
1993-08-25 00:00:00,5.937545,0.00001
1993-08-26 00:00:00,5.679718,0.00001
1993-08-27 00:00:00,5.812486,0.00001
1993-08-28 00:00:00,5.830648,0.00001
1993-08-29 00:00:00,5.556447,0.00001
1993-08-30 00:00:00,5.274832,0.00001
1993-08-31 00:00:00,5.002411,0.00001
1993-09-01 00:00:00,4.739441,0.00001
1993-09-02 00:00:00,4.510625,0.00001
1993-09-03 00:00:00,4.279989,0.00001
1993-09-04 00:00:00,4.032236,0.00001
1993-09-05 00:00:00,3.801242,0.00001
1993-09-06 00:00:00,3.626076,0.00001
1993-09-07 00:00:00,3.437889,0.00001
1993-09-08 00:00:00,3.258885,0.00001
1993-09-09 00:00:00,3.080493,0.00001
1993-09-10 00:00:00,2.909655,0.00001
1993-09-11 00:00:00,2.725145,0.00001
1993-09-12 00:00:00,2.540325,0.00001
1993-09-13 00:00:00,2.509278,0.00001
1993-09-14 00:00:00,3.834822,0.00001
1993-09-15 00:00:00,4.273802,0.00001
1993-09-16 00:00:00,4.234685,0.00001
1993-09-17 00:00:00,4.118224,0.00001
1993-09-18 00:00:00,3.996094,0.00001
1993-09-19 00:00:00,3.874071,0.00001
1993-09-20 00:00:00,3.734669,0.00001
1993-09-21 00:00:00,3.622989,0.00001
1993-09-22 00:00:00,3.482799,0.00001
1993-09-23 00:00:00,3.394989,0.00001
1993-09-24 00:00:00,3.450671,0.00001
1993-09-25 00:00:00,3.361555,0.00001
1993-09-26 00:00:00,3.21853,0.00001
1993-09-27 00:00:00,3.079602,0.00001
1993-09-28 00:00:00,2.935951,0.00001
1993-09-29 00:00:00,2.986953,0.00001
1993-09-30 00:00:00,3.105667,0.00001
1993-10-01 00:00:00,3.019392,0.00001
1993-10-02 00:00:00,3.138156,0.00001
1993-10-03 00:00:00,3.329283,0.00001
1993-10-04 00:00:00,3.406266,0.00001
1993-10-05 00:00:00,4.274993,0.00001
1993-10-06 00:00:00,4.731925,0.00001
1993-10-07 00:00:00,4.754156,0.00001
1993-10-08 00:00:00,4.732116,0.00001
1993-10-09 00:00:00,4.679481,0.00001
1993-10-10 00:00:00,4.607895,0.00001
1993-10-11 00:00:00,4.52363,0.00001
1993-10-12 00:00:00,4.43203,0.00001
1993-10-13 00:00:00,4.352216,0.00001
1993-10-14 00:00:00,4.277726,0.00001
1993-10-15 00:00:00,4.26266,0.00001
1993-10-16 00:00:00,4.21313,0.00001
1993-10-17 00:00:00,4.983425,0.00001
1993-10-18 00:00:00,5.50655,0.00001
1993-10-19 00:00:00,5.581641,0.00001
1993-10-20 00:00:00,5.564503,0.00001
1993-10-21 00:00:00,5.534541,0.00001
1993-10-22 00:00:00,5.478695,0.00001
1993-10-23 00:00:00,5.40712,0.00001
1993-10-24 00:00:00,5.32575,0.00001
1993-10-25 00:00:00,5.225483,0.00001
1993-10-26 00:00:00,5.136232,0.00001
1993-10-27 00:00:00,5.422654,0.00001
1993-10-28 00:00:00,5.356401,0.00001
1993-10-29 00:00:00,5.333067,0.00001
1993-10-30 00:00:00,5.24467,0.00001
1993-10-31 00:00:00,5.158297,0.00001
1993-11-01 00:00:00,5.080392,0.00001
1993-11-02 00:00:00,4.984486,0.00001
1993-11-03 00:00:00,4.898954,0.00001
1993-11-04 00:00:00,4.815406,0.00001
1993-11-05 00:00:00,4.72464,0.00001
1993-11-06 00:00:00,4.636646,0.00001
1993-11-07 00:00:00,4.537675,0.00001
1993-11-08 00:00:00,4.562115,0.00001
1993-11-09 00:00:00,4.864406,0.00001
1993-11-10 00:00:00,6.298808,0.00001
1993-11-11 00:00:00,6.504481,0.00001
1993-11-12 00:00:00,6.591037,0.00001
1993-11-13 00:00:00,6.638583,0.00001
1993-11-14 00:00:00,6.655699,0.00001
1993-11-15 00:00:00,6.63756,0.00001
1993-11-16 00:00:00,6.624273,0.00001
1993-11-17 00:00:00,6.573872,0.00001
1993-11-18 00:00:00,6.510522,0.00001
1993-11-19 00:00:00,6.469404,0.00001
1993-11-20 00:00:00,6.417589,0.00001
1993-11-21 00:00:00,6.356086,0.00001
1993-11-22 00:00:00,6.263587,0.00001
1993-11-23 00:00:00,6.164346,0.00001
1993-11-24 00:00:00,6.062723,0.00001
1993-11-25 00:00:00,5.964415,0.00001
1993-11-26 00:00:00,5.851512,0.00001
1993-11-27 00:00:00,5.740541,0.00001
1993-11-28 00:00:00,5.65156,0.00001
1993-11-29 00:00:00,5.566399,0.00001
1993-11-30 00:00:00,5.55485,0.00001
1993-12-01 00:00:00,5.444573,0.00001
1993-12-02 00:00:00,5.339583,0.00001
1993-12-03 00:00:00,5.234832,0.00001
1993-12-04 00:00:00,5.142275,0.00001
1993-12-05 00:00:00,5.063486,0.00001
1993-12-06 00:00:00,5.161365,0.00001
1993-12-07 00:00:00,5.163314,0.00001
1993-12-08 00:00:00,5.08214,0.00001
1993-12-09 00:00:00,5.002754,0.00001
1993-12-10 00:00:00,4.922627,0.00001
1993-12-11 00:00:00,4.83643,0.00001
1993-12-12 00:00:00,4.741357,0.00001
1993-12-13 00:00:00,4.647468,0.00001
1993-12-14 00:00:00,4.54732,0.00001
1993-12-15 00:00:00,4.454134,0.00001
1993-12-16 00:00:00,4.385977,0.00001
1993-12-17 00:00:00,4.303592,0.00001
1993-12-18 00:00:00,4.2234,0.00001
1993-12-19 00:00:00,4.154929,0.00001
1993-12-20 00:00:00,4.11153,0.00001
1993-12-21 00:00:00,4.057118,0.00001
1993-12-22 00:00:00,3.992167,0.00001
1993-12-23 00:00:00,3.926403,0.00001
1993-12-24 00:00:00,3.855889,0.00001
1993-12-25 00:00:00,3.794629,0.00001
1993-12-26 00:00:00,3.73334,0.00001
1993-12-27 00:00:00,3.667442,0.00001
1993-12-28 00:00:00,3.599333,0.00001
1993-12-29 00:00:00,3.552753,0.00001
1993-12-30 00:00:00,3.504061,0.00001
1993-12-31 00:00:00,3.457921,0.00001
1994-01-01 00:00:00,3.446188,0.00001
1994-01-02 00:00:00,3.815676,0.00001
1994-01-03 00:00:00,3.614528,0.00001
1994-01-04 00:00:00,3.547273,0.00001
1994-01-05 00:00:00,3.513674,0.00001
1994-01-06 00:00:00,3.478171,0.00001
1994-01-07 00:00:00,3.421059,0.00001
1994-01-08 00:00:00,3.485272,0.00001
1994-01-09 00:00:00,3.405928,0.00001
1994-01-10 00:00:00,3.372562,0.00001
1994-01-11 00:00:00,3.377294,0.00001
1994-01-12 00:00:00,3.372098,0.00001
1994-01-13 00:00:00,3.321319,0.00001
1994-01-14 00:00:00,3.282702,0.00001
1994-01-15 00:00:00,3.222581,0.00001
1994-01-16 00:00:00,3.144794,0.00001
1994-01-17 00:00:00,3.279674,0.00001
1994-01-18 00:00:00,3.419233,0.00001
1994-01-19 00:00:00,3.393598,0.00001
1994-01-20 00:00:00,3.359471,0.00001
1994-01-21 00:00:00,3.569326,0.00001
1994-01-22 00:00:00,3.844748,0.00001
1994-01-23 00:00:00,4.211912,0.00001
1994-01-24 00:00:00,4.373003,0.00001
1994-01-25 00:00:00,4.373636,0.00001
1994-01-26 00:00:00,4.375946,0.00001
1994-01-27 00:00:00,4.349891,0.00001
1994-01-28 00:00:00,4.398814,0.00001
1994-01-29 00:00:00,4.392056,0.00001
1994-01-30 00:00:00,4.379451,0.00001
1994-01-31 00:00:00,4.362969,0.00001
1994-02-01 00:00:00,4.350379,0.00001
1994-02-02 00:00:00,4.374895,0.00001
1994-02-03 00:00:00,4.311643,0.00001
1994-02-04 00:00:00,4.515718,0.00001
1994-02-05 00:00:00,4.561122,0.00001
1994-02-06 00:00:00,4.619118,0.00001
1994-02-07 00:00:00,4.675831,0.00001
1994-02-08 00:00:00,4.618168,0.00001
1994-02-09 00:00:00,4.720449,0.00001
1994-02-10 00:00:00,4.852548,0.00001
1994-02-11 00:00:00,5.5128,0.00001
1994-02-12 00:00:00,6.140085,0.00001
1994-02-13 00:00:00,6.426617,0.00001
1994-02-14 00:00:00,6.617479,0.00001
1994-02-15 00:00:00,6.714276,0.00001
1994-02-16 00:00:00,6.832945,0.00001
1994-02-17 00:00:00,6.90422,0.00001
1994-02-18 00:00:00,6.950508,0.00001
1994-02-19 00:00:00,7.00212,0.00001
1994-02-20 00:00:00,7.045787,0.00001
1994-02-21 00:00:00,7.049964,0.00001
1994-02-22 00:00:00,7.047373,0.00001
1994-02-23 00:00:00,7.046977,0.00001
1994-02-24 00:00:00,7.208929,0.00001
1994-02-25 00:00:00,7.259092,0.00001
1994-02-26 00:00:00,7.252706,0.00001
1994-02-27 00:00:00,7.326827,0.00001
1994-02-28 00:00:00,7.375769,0.00001
1994-03-01 00:00:00,7.312451,0.00001
1994-03-02 00:00:00,7.241977,0.00001
1994-03-03 00:00:00,7.162458,0.00001
1994-03-04 00:00:00,7.107898,0.00001
1994-03-05 00:00:00,7.213594,0.00001
1994-03-06 00:00:00,7.18977,0.00001
1994-03-07 00:00:00,7.090912,0.00001
1994-03-08 00:00:00,7.457326,0.00001
1994-03-09 00:00:00,7.459121,0.00001
1994-03-10 00:00:00,7.282422,0.00001
1994-03-11 00:00:00,7.115956,0.00001
1994-03-12 00:00:00,6.943837,0.00001
1994-03-13 00:00:00,6.750123,0.00001
1994-03-14 00:00:00,6.639336,0.00001
1994-03-15 00:00:00,6.666192,0.00001
1994-03-16 00:00:00,6.57999,0.00001
1994-03-17 00:00:00,6.463973,0.00001
1994-03-18 00:00:00,6.352154,0.00001
1994-03-19 00:00:00,6.223586,0.00001
1994-03-20 00:00:00,6.074041,0.00001
1994-03-21 00:00:00,5.951301,0.00001
1994-03-22 00:00:00,5.81282,0.00001
1994-03-23 00:00:00,5.642164,0.00001
1994-03-24 00:00:00,5.512808,0.00001
1994-03-25 00:00:00,5.394788,0.00001
1994-03-26 00:00:00,5.251698,0.00001
1994-03-27 00:00:00,5.086721,0.00001
1994-03-28 00:00:00,4.999703,0.00001
1994-03-29 00:00:00,4.81459,0.00001
1994-03-30 00:00:00,4.597183,0.00001
1994-03-31 00:00:00,4.411912,0.00001
1994-04-01 00:00:00,4.260193,0.00001
1994-04-02 00:00:00,4.084264,0.00001
1994-04-03 00:00:00,4.910679,0.00001
1994-04-04 00:00:00,5.300788,0.00001
1994-04-05 00:00:00,5.561714,0.00001
1994-04-06 00:00:00,5.745519,0.00001
1994-04-07 00:00:00,5.672696,0.00001
1994-04-08 00:00:00,6.302577,0.00001
1994-04-09 00:00:00,8.047092,0.00001
1994-04-10 00:00:00,8.523377,0.00001
1994-04-11 00:00:00,8.898033,0.00001
1994-04-12 00:00:00,9.106736,0.00001
1994-04-13 00:00:00,9.133162,0.00001
1994-04-14 00:00:00,9.129074,0.00001
1994-04-15 00:00:00,9.44895,0.00001
1994-04-16 00:00:00,9.437136,0.00001
1994-04-17 00:00:00,9.561887,0.00001
1994-04-18 00:00:00,9.669504,0.00001
1994-04-19 00:00:00,9.713684,0.00001
1994-04-20 00:00:00,9.97772,0.00001
1994-04-21 00:00:00,10.393094,0.00001
1994-04-22 00:00:00,12.939546,0.00001
1994-04-23 00:00:00,16.391358,0.00001
1994-04-24 00:00:00,17.704848,0.00001
1994-04-25 00:00:00,18.3268,0.00001
1994-04-26 00:00:00,18.628353,0.00001
1994-04-27 00:00:00,19.870676,0.00001
1994-04-28 00:00:00,20.286875,0.00001
1994-04-29 00:00:00,20.249147,0.00001
1994-04-30 00:00:00,20.058457,0.00001
1994-05-01 00:00:00,19.733232,0.00001
1994-05-02 00:00:00,19.336155,0.00001
1994-05-03 00:00:00,18.935609,0.00001
1994-05-04 00:00:00,18.515486,0.00001
1994-05-05 00:00:00,18.21716,0.00001
1994-05-06 00:00:00,19.509398,0.00001
1994-05-07 00:00:00,19.618809,0.00001
1994-05-08 00:00:00,19.247214,0.00001
1994-05-09 00:00:00,18.64703,0.00001
1994-05-10 00:00:00,17.994898,0.00001
1994-05-11 00:00:00,17.615224,0.00001
1994-05-12 00:00:00,17.524471,0.00001
1994-05-13 00:00:00,17.127604,0.00001
1994-05-14 00:00:00,16.461741,0.00001
1994-05-15 00:00:00,16.052538,0.00001
1994-05-16 00:00:00,17.037917,0.00001
1994-05-17 00:00:00,20.107541,0.00001
1994-05-18 00:00:00,20.996283,0.00001
1994-05-19 00:00:00,20.990726,0.00001
1994-05-20 00:00:00,20.89787,0.00001
1994-05-21 00:00:00,21.00539,0.00001
1994-05-22 00:00:00,20.726413,0.00001
1994-05-23 00:00:00,20.862738,0.00001
1994-05-24 00:00:00,20.489498,0.00001
1994-05-25 00:00:00,19.890784,0.00001
1994-05-26 00:00:00,19.207014,0.00001
1994-05-27 00:00:00,18.476035,0.00001
1994-05-28 00:00:00,17.745459,0.00001
1994-05-29 00:00:00,16.99419,0.00001
1994-05-30 00:00:00,16.265782,0.00001
1994-05-31 00:00:00,15.796866,0.00001
1994-06-01 00:00:00,15.870635,0.00001
1994-06-02 00:00:00,16.292153,0.00001
1994-06-03 00:00:00,15.691866,0.00001
1994-06-04 00:00:00,15.809933,0.00001
1994-06-05 00:00:00,15.226709,0.00001
1994-06-06 00:00:00,15.50862,0.00001
1994-06-07 00:00:00,15.678347,0.00001
1994-06-08 00:00:00,15.059601,0.00001
1994-06-09 00:00:00,15.007902,0.00001
1994-06-10 00:00:00,15.130592,0.00001
1994-06-11 00:00:00,15.230602,0.00001
1994-06-12 00:00:00,15.370694,0.00001
1994-06-13 00:00:00,16.643854,0.00001
1994-06-14 00:00:00,16.355262,0.00001
1994-06-15 00:00:00,15.992617,0.00001
1994-06-16 00:00:00,15.683996,0.00001
1994-06-17 00:00:00,15.239942,0.00001
1994-06-18 00:00:00,14.713924,0.00001
1994-06-19 00:00:00,14.229131,0.00001
1994-06-20 00:00:00,13.712038,0.00001
1994-06-21 00:00:00,13.203675,0.00001
1994-06-22 00:00:00,13.171659,0.00001
1994-06-23 00:00:00,13.485087,0.00001
1994-06-24 00:00:00,12.992677,0.00001
1994-06-25 00:00:00,12.324502,0.00001
1994-06-26 00:00:00,11.744673,0.00001
1994-06-27 00:00:00,11.265108,0.00001
1994-06-28 00:00:00,11.279229,0.00001
1994-06-29 00:00:00,11.051491,0.00001
1994-06-30 00:00:00,10.958157,0.00001
1994-07-01 00:00:00,11.40393,0.00001
1994-07-02 00:00:00,11.017753,0.00001
1994-07-03 00:00:00,10.751773,0.00001
1994-07-04 00:00:00,10.253995,0.00001
1994-07-05 00:00:00,9.837641,0.00001
1994-07-06 00:00:00,9.519534,0.00001
1994-07-07 00:00:00,9.077111,0.00001
1994-07-08 00:00:00,8.819289,0.00001
1994-07-09 00:00:00,8.58374,0.00001
1994-07-10 00:00:00,8.202103,0.00001
1994-07-11 00:00:00,7.791687,0.00001
1994-07-12 00:00:00,7.394104,0.00001
1994-07-13 00:00:00,7.085695,0.00001
1994-07-14 00:00:00,6.760103,0.00001
1994-07-15 00:00:00,6.405495,0.00001
1994-07-16 00:00:00,6.417339,0.00001
1994-07-17 00:00:00,7.327375,0.00001
1994-07-18 00:00:00,7.380657,0.00001
1994-07-19 00:00:00,7.395289,0.00001
1994-07-20 00:00:00,7.872187,0.00001
1994-07-21 00:00:00,8.482726,0.00001
1994-07-22 00:00:00,8.402061,0.00001
1994-07-23 00:00:00,8.441808,0.00001
1994-07-24 00:00:00,8.367209,0.00001
1994-07-25 00:00:00,8.250901,0.00001
1994-07-26 00:00:00,8.427002,0.00001
1994-07-27 00:00:00,8.241074,0.00001
1994-07-28 00:00:00,7.992229,0.00001
1994-07-29 00:00:00,7.746508,0.00001
1994-07-30 00:00:00,7.62667,0.00001
1994-07-31 00:00:00,8.272143,0.00001
1994-08-01 00:00:00,8.135362,0.00001
1994-08-02 00:00:00,7.904082,0.00001
1994-08-03 00:00:00,7.752849,0.00001
1994-08-04 00:00:00,7.708954,0.00001
1994-08-05 00:00:00,7.457521,0.00001
1994-08-06 00:00:00,7.193589,0.00001
1994-08-07 00:00:00,7.554483,0.00001
1994-08-08 00:00:00,7.460271,0.00001
1994-08-09 00:00:00,7.584338,0.00001
1994-08-10 00:00:00,7.469329,0.00001
1994-08-11 00:00:00,7.264941,0.00001
1994-08-12 00:00:00,7.466345,0.00001
1994-08-13 00:00:00,7.30845,0.00001
1994-08-14 00:00:00,7.061428,0.00001
1994-08-15 00:00:00,6.793087,0.00001
1994-08-16 00:00:00,6.671971,0.00001
1994-08-17 00:00:00,6.384491,0.00001
1994-08-18 00:00:00,6.434561,0.00001
1994-08-19 00:00:00,6.504858,0.00001
1994-08-20 00:00:00,6.255572,0.00001
1994-08-21 00:00:00,6.020071,0.00001
1994-08-22 00:00:00,5.945505,0.00001
1994-08-23 00:00:00,6.482912,0.00001
1994-08-24 00:00:00,6.785148,0.00001
1994-08-25 00:00:00,6.611969,0.00001
1994-08-26 00:00:00,6.375359,0.00001
1994-08-27 00:00:00,6.140604,0.00001
1994-08-28 00:00:00,5.908157,0.00001
1994-08-29 00:00:00,5.721401,0.00001
1994-08-30 00:00:00,5.550234,0.00001
1994-08-31 00:00:00,5.343387,0.00001
1994-09-01 00:00:00,5.107538,0.00001
1994-09-02 00:00:00,4.859978,0.00001
1994-09-03 00:00:00,4.6626,0.00001
1994-09-04 00:00:00,4.42531,0.00001
1994-09-05 00:00:00,4.217481,0.00001
1994-09-06 00:00:00,4.025582,0.00001
1994-09-07 00:00:00,3.851387,0.00001
1994-09-08 00:00:00,3.743109,0.00001
1994-09-09 00:00:00,3.627881,0.00001
1994-09-10 00:00:00,3.472291,0.00001
1994-09-11 00:00:00,3.271696,0.00001
1994-09-12 00:00:00,3.156395,0.00001
1994-09-13 00:00:00,3.01724,0.00001
1994-09-14 00:00:00,2.860967,0.00001
1994-09-15 00:00:00,2.730964,0.00001
1994-09-16 00:00:00,2.581412,0.00001
1994-09-17 00:00:00,2.410718,0.00001
1994-09-18 00:00:00,2.248254,0.00001
1994-09-19 00:00:00,2.18254,0.00001
1994-09-20 00:00:00,2.087931,0.00001
1994-09-21 00:00:00,1.986009,0.00001
1994-09-22 00:00:00,1.843602,0.00001
1994-09-23 00:00:00,1.711707,0.00001
1994-09-24 00:00:00,1.607571,0.00001
1994-09-25 00:00:00,1.478217,0.00001
1994-09-26 00:00:00,1.431071,0.00001
1994-09-27 00:00:00,2.139797,0.00001
1994-09-28 00:00:00,2.509632,0.00001
1994-09-29 00:00:00,2.477645,0.00001
1994-09-30 00:00:00,2.360033,0.00001
1994-10-01 00:00:00,2.29811,0.00001
1994-10-02 00:00:00,2.379812,0.00001
1994-10-03 00:00:00,2.55716,0.00001
1994-10-04 00:00:00,2.551277,0.00001
1994-10-05 00:00:00,2.481168,0.00001
1994-10-06 00:00:00,2.409538,0.00001
1994-10-07 00:00:00,2.339482,0.00001
1994-10-08 00:00:00,2.291019,0.00001
1994-10-09 00:00:00,2.196846,0.00001
1994-10-10 00:00:00,2.095851,0.00001
1994-10-11 00:00:00,1.999857,0.00001
1994-10-12 00:00:00,1.907816,0.00001
1994-10-13 00:00:00,1.938324,0.00001
1994-10-14 00:00:00,1.882399,0.00001
1994-10-15 00:00:00,1.854218,0.00001
1994-10-16 00:00:00,2.04601,0.00001
1994-10-17 00:00:00,2.018755,0.00001
1994-10-18 00:00:00,1.978182,0.00001
1994-10-19 00:00:00,1.918362,0.00001
1994-10-20 00:00:00,1.879215,0.00001
1994-10-21 00:00:00,1.799551,0.00001
1994-10-22 00:00:00,1.751168,0.00001
1994-10-23 00:00:00,1.713175,0.00001
1994-10-24 00:00:00,1.658622,0.00001
1994-10-25 00:00:00,1.587724,0.00001
1994-10-26 00:00:00,1.516194,0.00001
1994-10-27 00:00:00,1.450638,0.00001
1994-10-28 00:00:00,1.386335,0.00001
1994-10-29 00:00:00,1.332468,0.00001
1994-10-30 00:00:00,1.293451,0.00001
1994-10-31 00:00:00,1.233743,0.00001
1994-11-01 00:00:00,1.177613,0.00001
1994-11-02 00:00:00,1.146902,0.00001
1994-11-03 00:00:00,1.101918,0.00001
1994-11-04 00:00:00,1.047493,0.00001
1994-11-05 00:00:00,0.997889,0.00001
1994-11-06 00:00:00,0.937441,0.00001
1994-11-07 00:00:00,0.895401,0.00001
1994-11-08 00:00:00,0.877069,0.00001
1994-11-09 00:00:00,0.858137,0.00001
1994-11-10 00:00:00,0.900589,0.00001
1994-11-11 00:00:00,0.922688,0.00001
1994-11-12 00:00:00,0.901376,0.00001
1994-11-13 00:00:00,0.880723,0.00001
1994-11-14 00:00:00,0.871419,0.00001
1994-11-15 00:00:00,0.86034,0.00001
1994-11-16 00:00:00,0.850593,0.00001
1994-11-17 00:00:00,0.838988,0.00001
1994-11-18 00:00:00,0.821947,0.00001
1994-11-19 00:00:00,0.824165,0.00001
1994-11-20 00:00:00,0.816839,0.00001
1994-11-21 00:00:00,0.808185,0.00001
1994-11-22 00:00:00,0.815202,0.00001
1994-11-23 00:00:00,1.067388,0.00001
1994-11-24 00:00:00,1.148406,0.00001
1994-11-25 00:00:00,1.169185,0.00001
1994-11-26 00:00:00,1.218748,0.00001
1994-11-27 00:00:00,1.223354,0.00001
1994-11-28 00:00:00,1.238364,0.00001
1994-11-29 00:00:00,1.243352,0.00001
1994-11-30 00:00:00,1.241574,0.00001
1994-12-01 00:00:00,1.223452,0.00001
1994-12-02 00:00:00,1.224817,0.00001
1994-12-03 00:00:00,1.352344,0.00001
1994-12-04 00:00:00,1.49717,0.00001
1994-12-05 00:00:00,1.592821,0.00001
1994-12-06 00:00:00,1.623998,0.00001
1994-12-07 00:00:00,1.647182,0.00001
1994-12-08 00:00:00,1.663133,0.00001
1994-12-09 00:00:00,1.822238,0.00001
1994-12-10 00:00:00,1.887937,0.00001
1994-12-11 00:00:00,1.907778,0.00001
1994-12-12 00:00:00,1.917891,0.00001
1994-12-13 00:00:00,1.923791,0.00001
1994-12-14 00:00:00,1.956247,0.00001
1994-12-15 00:00:00,2.020483,0.00001
1994-12-16 00:00:00,2.030434,0.00001
1994-12-17 00:00:00,2.046583,0.00001
1994-12-18 00:00:00,2.050538,0.00001
1994-12-19 00:00:00,2.063166,0.00001
1994-12-20 00:00:00,2.085953,0.00001
1994-12-21 00:00:00,2.108465,0.00001
1994-12-22 00:00:00,2.114291,0.00001
1994-12-23 00:00:00,2.182806,0.00001
1994-12-24 00:00:00,2.155782,0.00001
1994-12-25 00:00:00,2.149649,0.00001
1994-12-26 00:00:00,2.167326,0.00001
1994-12-27 00:00:00,2.158454,0.00001
1994-12-28 00:00:00,2.153748,0.00001
1994-12-29 00:00:00,2.107161,0.00001
1994-12-30 00:00:00,2.141113,0.00001
1994-12-31 00:00:00,2.133262,0.00001
1990-01-01 00:00:00,5.326274,0.00001
1990-01-02 00:00:00,5.279789,0.00001
1990-01-03 00:00:00,5.232633,0.00001
1990-01-04 00:00:00,5.190151,0.00001
1990-01-05 00:00:00,5.24443,0.00001
1990-01-06 00:00:00,5.297507,0.00001
1990-01-07 00:00:00,5.210604,0.00001
1990-01-08 00:00:00,5.153491,0.00001
1990-01-09 00:00:00,5.191968,0.00001
1990-01-10 00:00:00,5.121855,0.00001
1990-01-11 00:00:00,5.080963,0.00001
1990-01-12 00:00:00,4.987766,0.00001
1990-01-13 00:00:00,5.02067,0.00001
1990-01-14 00:00:00,5.130408,0.00001
1990-01-15 00:00:00,5.017816,0.00001
1990-01-16 00:00:00,4.937935,0.00001
1990-01-17 00:00:00,4.831148,0.00001
1990-01-18 00:00:00,4.904465,0.00001
1990-01-19 00:00:00,5.348336,0.00001
1990-01-20 00:00:00,5.161512,0.00001
1990-01-21 00:00:00,5.137636,0.00001
1990-01-22 00:00:00,5.109813,0.00001
1990-01-23 00:00:00,5.010224,0.00001
1990-01-24 00:00:00,4.917166,0.00001
1990-01-25 00:00:00,4.825883,0.00001
1990-01-26 00:00:00,4.740954,0.00001
1990-01-27 00:00:00,4.658599,0.00001
1990-01-28 00:00:00,4.577803,0.00001
1990-01-29 00:00:00,4.507304,0.00001
1990-01-30 00:00:00,4.433556,0.00001
1990-01-31 00:00:00,4.359052,0.00001
1990-02-01 00:00:00,4.283704,0.00001
1990-02-02 00:00:00,4.216444,0.00001
1990-02-03 00:00:00,4.184206,0.00001
1990-02-04 00:00:00,4.118518,0.00001
1990-02-05 00:00:00,4.06557,0.00001
1990-02-06 00:00:00,4.012139,0.00001
1990-02-07 00:00:00,3.963927,0.00001
1990-02-08 00:00:00,3.912586,0.00001
1990-02-09 00:00:00,3.860977,0.00001
1990-02-10 00:00:00,3.793336,0.00001
1990-02-11 00:00:00,3.752937,0.00001
1990-02-12 00:00:00,3.709586,0.00001
1990-02-13 00:00:00,3.663314,0.00001
1990-02-14 00:00:00,3.626003,0.00001
1990-02-15 00:00:00,3.587365,0.00001
1990-02-16 00:00:00,3.536378,0.00001
1990-02-17 00:00:00,3.478934,0.00001
1990-02-18 00:00:00,3.348915,0.00001
1990-02-19 00:00:00,3.375239,0.00001
1990-02-20 00:00:00,3.265242,0.00001
1990-02-21 00:00:00,3.469929,0.00001
1990-02-22 00:00:00,3.395373,0.00001
1990-02-23 00:00:00,3.43595,0.00001
1990-02-24 00:00:00,3.696675,0.00001
1990-02-25 00:00:00,3.822901,0.00001
1990-02-26 00:00:00,3.887358,0.00001
1990-02-27 00:00:00,3.937808,0.00001
1990-02-28 00:00:00,3.984619,0.00001
1990-03-01 00:00:00,4.009101,0.00001
1990-03-02 00:00:00,4.021498,0.00001
1990-03-03 00:00:00,4.012744,0.00001
1990-03-04 00:00:00,4.149806,0.00001
1990-03-05 00:00:00,4.279774,0.00001
1990-03-06 00:00:00,4.506211,0.00001
1990-03-07 00:00:00,4.498193,0.00001
1990-03-08 00:00:00,4.467359,0.00001
1990-03-09 00:00:00,4.434476,0.00001
1990-03-10 00:00:00,4.215529,0.00001
1990-03-11 00:00:00,4.394311,0.00001
1990-03-12 00:00:00,4.404028,0.00001
1990-03-13 00:00:00,4.393566,0.00001
1990-03-14 00:00:00,4.309315,0.00001
1990-03-15 00:00:00,4.267967,0.00001
1990-03-16 00:00:00,4.204178,0.00001
1990-03-17 00:00:00,4.21274,0.00001
1990-03-18 00:00:00,4.192247,0.00001
1990-03-19 00:00:00,4.152955,0.00001
1990-03-20 00:00:00,4.82181,0.00001
1990-03-21 00:00:00,4.897147,0.00001
1990-03-22 00:00:00,4.905815,0.00001
1990-03-23 00:00:00,4.917424,0.00001
1990-03-24 00:00:00,4.862754,0.00001
1990-03-25 00:00:00,4.840766,0.00001
1990-03-26 00:00:00,5.043792,0.00001
1990-03-27 00:00:00,5.877294,0.00001
1990-03-28 00:00:00,6.197699,0.00001
1990-03-29 00:00:00,6.307938,0.00001
1990-03-30 00:00:00,6.358877,0.00001
1990-03-31 00:00:00,6.413419,0.00001
1990-04-01 00:00:00,6.459991,0.00001
1990-04-02 00:00:00,6.441431,0.00001
1990-04-03 00:00:00,6.313075,0.00001
1990-04-04 00:00:00,6.296893,0.00001
1990-04-05 00:00:00,6.293571,0.00001
1990-04-06 00:00:00,6.340773,0.00001
1990-04-07 00:00:00,6.756138,0.00001
1990-04-08 00:00:00,7.270833,0.00001
1990-04-09 00:00:00,7.752269,0.00001
1990-04-10 00:00:00,8.703177,0.00001
1990-04-11 00:00:00,9.316911,0.00001
1990-04-12 00:00:00,10.090099,0.00001
1990-04-13 00:00:00,10.175117,0.00001
1990-04-14 00:00:00,10.208166,0.00001
1990-04-15 00:00:00,10.27952,0.00001
1990-04-16 00:00:00,10.254923,0.00001
1990-04-17 00:00:00,10.435025,0.00001
1990-04-18 00:00:00,11.529014,0.00001
1990-04-19 00:00:00,11.652567,0.00001
1990-04-20 00:00:00,11.93015,0.00001
1990-04-21 00:00:00,12.312738,0.00001
1990-04-22 00:00:00,12.238265,0.00001
1990-04-23 00:00:00,12.123136,0.00001
1990-04-24 00:00:00,12.115409,0.00001
1990-04-25 00:00:00,12.050383,0.00001
1990-04-26 00:00:00,12.937397,0.00001
1990-04-27 00:00:00,13.692827,0.00001
1990-04-28 00:00:00,13.580338,0.00001
1990-04-29 00:00:00,13.535607,0.00001
1990-04-30 00:00:00,13.384758,0.00001
1990-05-01 00:00:00,13.262476,0.00001
1990-05-02 00:00:00,13.056029,0.00001
1990-05-03 00:00:00,12.780725,0.00001
1990-05-04 00:00:00,12.550214,0.00001
1990-05-05 00:00:00,12.168914,0.00001
1990-05-06 00:00:00,11.743459,0.00001
1990-05-07 00:00:00,11.530192,0.00001
1990-05-08 00:00:00,12.835648,0.00001
1990-05-09 00:00:00,13.982372,0.00001
1990-05-10 00:00:00,14.816457,0.00001
1990-05-11 00:00:00,14.736399,0.00001
1990-05-12 00:00:00,14.553882,0.00001
1990-05-13 00:00:00,15.027377,0.00001
1990-05-14 00:00:00,14.896195,0.00001
1990-05-15 00:00:00,14.517536,0.00001
1990-05-16 00:00:00,14.123875,0.00001
1990-05-17 00:00:00,13.983381,0.00001
1990-05-18 00:00:00,13.740854,0.00001
1990-05-19 00:00:00,13.323414,0.00001
1990-05-20 00:00:00,12.929263,0.00001
1990-05-21 00:00:00,12.5461,0.00001
1990-05-22 00:00:00,12.295501,0.00001
1990-05-23 00:00:00,12.659411,0.00001
1990-05-24 00:00:00,12.506573,0.00001
1990-05-25 00:00:00,12.132331,0.00001
1990-05-26 00:00:00,12.369441,0.00001
1990-05-27 00:00:00,13.210215,0.00001
1990-05-28 00:00:00,14.033792,0.00001
1990-05-29 00:00:00,13.924053,0.00001
1990-05-30 00:00:00,13.55575,0.00001
1990-05-31 00:00:00,13.16585,0.00001
1990-06-01 00:00:00,12.986838,0.00001
1990-06-02 00:00:00,12.909928,0.00001
1990-06-03 00:00:00,12.536147,0.00001
1990-06-04 00:00:00,12.080572,0.00001
1990-06-05 00:00:00,11.774521,0.00001
1990-06-06 00:00:00,11.705717,0.00001
1990-06-07 00:00:00,11.795203,0.00001
1990-06-08 00:00:00,11.702919,0.00001
1990-06-09 00:00:00,11.440516,0.00001
1990-06-10 00:00:00,11.050309,0.00001
1990-06-11 00:00:00,10.641185,0.00001
1990-06-12 00:00:00,10.22396,0.00001
1990-06-13 00:00:00,9.7728,0.00001
1990-06-14 00:00:00,9.319433,0.00001
1990-06-15 00:00:00,8.888273,0.00001
1990-06-16 00:00:00,8.478853,0.00001
1990-06-17 00:00:00,8.125267,0.00001
1990-06-18 00:00:00,7.726003,0.00001
1990-06-19 00:00:00,7.297364,0.00001
1990-06-20 00:00:00,6.877254,0.00001
1990-06-21 00:00:00,6.491176,0.00001
1990-06-22 00:00:00,6.122048,0.00001
1990-06-23 00:00:00,5.775494,0.00001
1990-06-24 00:00:00,5.447643,0.00001
1990-06-25 00:00:00,5.219162,0.00001
1990-06-26 00:00:00,5.636228,0.00001
1990-06-27 00:00:00,5.5614,0.00001
1990-06-28 00:00:00,5.357075,0.00001
1990-06-29 00:00:00,5.268602,0.00001
1990-06-30 00:00:00,5.008567,0.00001
1990-07-01 00:00:00,4.744987,0.00001
1990-07-02 00:00:00,4.450741,0.00001
1990-07-03 00:00:00,4.232165,0.00001
1990-07-04 00:00:00,4.892497,0.00001
1990-07-05 00:00:00,5.268065,0.00001
1990-07-06 00:00:00,5.184709,0.00001
1990-07-07 00:00:00,5.021116,0.00001
1990-07-08 00:00:00,4.992618,0.00001
1990-07-09 00:00:00,4.971378,0.00001
1990-07-10 00:00:00,4.678638,0.00001
1990-07-11 00:00:00,4.382008,0.00001
1990-07-12 00:00:00,4.09059,0.00001
1990-07-13 00:00:00,3.816451,0.00001
1990-07-14 00:00:00,3.53083,0.00001
1990-07-15 00:00:00,3.492146,0.00001
1990-07-16 00:00:00,3.627431,0.00001
1990-07-17 00:00:00,3.380966,0.00001
1990-07-18 00:00:00,3.334296,0.00001
1990-07-19 00:00:00,3.299791,0.00001
1990-07-20 00:00:00,3.207871,0.00001
1990-07-21 00:00:00,2.961127,0.00001
1990-07-22 00:00:00,3.327831,0.00001
1990-07-23 00:00:00,3.331098,0.00001
1990-07-24 00:00:00,3.192311,0.00001
1990-07-25 00:00:00,3.02803,0.00001
1990-07-26 00:00:00,3.102136,0.00001
1990-07-27 00:00:00,3.124426,0.00001
1990-07-28 00:00:00,3.021453,0.00001
1990-07-29 00:00:00,2.780488,0.00001
1990-07-30 00:00:00,2.592211,0.00001
1990-07-31 00:00:00,2.521516,0.00001
1990-08-01 00:00:00,2.648864,0.00001
1990-08-02 00:00:00,2.637955,0.00001
1990-08-03 00:00:00,2.750792,0.00001
1990-08-04 00:00:00,2.687572,0.00001
1990-08-05 00:00:00,2.571558,0.00001
1990-08-06 00:00:00,2.467861,0.00001
1990-08-07 00:00:00,2.413147,0.00001
1990-08-08 00:00:00,2.336526,0.00001
1990-08-09 00:00:00,2.303519,0.00001
1990-08-10 00:00:00,2.161283,0.00001
1990-08-11 00:00:00,1.996894,0.00001
1990-08-12 00:00:00,1.842392,0.00001
1990-08-13 00:00:00,1.680368,0.00001
1990-08-14 00:00:00,1.561406,0.00001
1990-08-15 00:00:00,1.897147,0.00001
1990-08-16 00:00:00,2.363417,0.00001
1990-08-17 00:00:00,2.480402,0.00001
1990-08-18 00:00:00,2.434499,0.00001
1990-08-19 00:00:00,2.618419,0.00001
1990-08-20 00:00:00,2.636011,0.00001
1990-08-21 00:00:00,2.533543,0.00001
1990-08-22 00:00:00,2.429163,0.00001
1990-08-23 00:00:00,2.325892,0.00001
1990-08-24 00:00:00,2.295148,0.00001
1990-08-25 00:00:00,2.235895,0.00001
1990-08-26 00:00:00,2.118782,0.00001
1990-08-27 00:00:00,2.084008,0.00001
1990-08-28 00:00:00,2.558285,0.00001
1990-08-29 00:00:00,2.692455,0.00001
1990-08-30 00:00:00,2.590774,0.00001
1990-08-31 00:00:00,2.487809,0.00001
1990-09-01 00:00:00,2.371838,0.00001
1990-09-02 00:00:00,2.256251,0.00001
1990-09-03 00:00:00,2.201601,0.00001
1990-09-04 00:00:00,2.083436,0.00001
1990-09-05 00:00:00,2.007009,0.00001
1990-09-06 00:00:00,1.992038,0.00001
1990-09-07 00:00:00,2.257572,0.00001
1990-09-08 00:00:00,2.121126,0.00001
1990-09-09 00:00:00,2.02511,0.00001
1990-09-10 00:00:00,1.954938,0.00001
1990-09-11 00:00:00,1.850677,0.00001
1990-09-12 00:00:00,1.856541,0.00001
1990-09-13 00:00:00,1.690607,0.00001
1990-09-14 00:00:00,1.575425,0.00001
1990-09-15 00:00:00,1.493256,0.00001
1990-09-16 00:00:00,1.613781,0.00001
1990-09-17 00:00:00,1.531991,0.00001
1990-09-18 00:00:00,1.502616,0.00001
1990-09-19 00:00:00,2.054201,0.00001
1990-09-20 00:00:00,2.201249,0.00001
1990-09-21 00:00:00,2.227065,0.00001
1990-09-22 00:00:00,2.129421,0.00001
1990-09-23 00:00:00,2.042857,0.00001
1990-09-24 00:00:00,1.982163,0.00001
1990-09-25 00:00:00,1.920497,0.00001
1990-09-26 00:00:00,1.818358,0.00001
1990-09-27 00:00:00,1.687416,0.00001
1990-09-28 00:00:00,1.562931,0.00001
1990-09-29 00:00:00,1.53928,0.00001
1990-09-30 00:00:00,1.68429,0.00001
1990-10-01 00:00:00,1.777146,0.00001
1990-10-02 00:00:00,1.715906,0.00001
1990-10-03 00:00:00,1.699939,0.00001
1990-10-04 00:00:00,1.624644,0.00001
1990-10-05 00:00:00,2.08921,0.00001
1990-10-06 00:00:00,3.400363,0.00001
1990-10-07 00:00:00,3.564921,0.00001
1990-10-08 00:00:00,3.618448,0.00001
1990-10-09 00:00:00,3.641973,0.00001
1990-10-10 00:00:00,3.576162,0.00001
1990-10-11 00:00:00,3.504981,0.00001
1990-10-12 00:00:00,3.402546,0.00001
1990-10-13 00:00:00,3.315853,0.00001
1990-10-14 00:00:00,3.345814,0.00001
1990-10-15 00:00:00,3.285087,0.00001
1990-10-16 00:00:00,3.231045,0.00001
1990-10-17 00:00:00,3.144837,0.00001
1990-10-18 00:00:00,3.104061,0.00001
1990-10-19 00:00:00,3.292298,0.00001
1990-10-20 00:00:00,3.489864,0.00001
1990-10-21 00:00:00,3.539058,0.00001
1990-10-22 00:00:00,3.612251,0.00001
1990-10-23 00:00:00,3.83361,0.00001
1990-10-24 00:00:00,3.897137,0.00001
1990-10-25 00:00:00,3.818461,0.00001
1990-10-26 00:00:00,3.885283,0.00001
1990-10-27 00:00:00,4.836996,0.00001
1990-10-28 00:00:00,5.083541,0.00001
1990-10-29 00:00:00,5.118999,0.00001
1990-10-30 00:00:00,5.173338,0.00001
1990-10-31 00:00:00,5.519669,0.00001
1990-11-01 00:00:00,6.785981,0.00001
1990-11-02 00:00:00,7.506095,0.00001
1990-11-03 00:00:00,7.783058,0.00001
1990-11-04 00:00:00,7.973325,0.00001
1990-11-05 00:00:00,8.120989,0.00001
1990-11-06 00:00:00,8.149409,0.00001
1990-11-07 00:00:00,8.099943,0.00001
1990-11-08 00:00:00,8.160466,0.00001
1990-11-09 00:00:00,8.261237,0.00001
1990-11-10 00:00:00,8.790319,0.00001
1990-11-11 00:00:00,8.931618,0.00001
1990-11-12 00:00:00,8.93929,0.00001
1990-11-13 00:00:00,8.902204,0.00001
1990-11-14 00:00:00,8.852553,0.00001
1990-11-15 00:00:00,8.791157,0.00001
1990-11-16 00:00:00,8.716525,0.00001
1990-11-17 00:00:00,8.641189,0.00001
1990-11-18 00:00:00,8.542882,0.00001
1990-11-19 00:00:00,8.459445,0.00001
1990-11-20 00:00:00,8.329761,0.00001
1990-11-21 00:00:00,8.206471,0.00001
1990-11-22 00:00:00,8.085254,0.00001
1990-11-23 00:00:00,7.953584,0.00001
1990-11-24 00:00:00,7.817239,0.00001
1990-11-25 00:00:00,7.66763,0.00001
1990-11-26 00:00:00,7.619855,0.00001
1990-11-27 00:00:00,8.456288,0.00001
1990-11-28 00:00:00,8.33609,0.00001
1990-11-29 00:00:00,8.205677,0.00001
1990-11-30 00:00:00,8.021477,0.00001
1990-12-01 00:00:00,7.970085,0.00001
1990-12-02 00:00:00,7.814127,0.00001
1990-12-03 00:00:00,7.7912,0.00001
1990-12-04 00:00:00,7.697419,0.00001
1990-12-05 00:00:00,7.583129,0.00001
1990-12-06 00:00:00,7.467468,0.00001
1990-12-07 00:00:00,7.382023,0.00001
1990-12-08 00:00:00,7.362912,0.00001
1990-12-09 00:00:00,7.265751,0.00001
1990-12-10 00:00:00,7.154359,0.00001
1990-12-11 00:00:00,7.116158,0.00001
1990-12-12 00:00:00,7.101343,0.00001
1990-12-13 00:00:00,7.055124,0.00001
1990-12-14 00:00:00,6.98658,0.00001
1990-12-15 00:00:00,6.83992,0.00001
1990-12-16 00:00:00,6.701652,0.00001
1990-12-17 00:00:00,6.565464,0.00001
1990-12-18 00:00:00,6.43904,0.00001
1990-12-19 00:00:00,6.309857,0.00001
1990-12-20 00:00:00,6.18715,0.00001
1990-12-21 00:00:00,6.066879,0.00001
1990-12-22 00:00:00,5.955846,0.00001
1990-12-23 00:00:00,5.848755,0.00001
1990-12-24 00:00:00,5.738674,0.00001
1990-12-25 00:00:00,5.632437,0.00001
1990-12-26 00:00:00,5.537189,0.00001
1990-12-27 00:00:00,5.432293,0.00001
1990-12-28 00:00:00,5.328736,0.00001
1990-12-29 00:00:00,5.237834,0.00001
1990-12-30 00:00:00,5.245376,0.00001
1990-12-31 00:00:00,5.1789,0.00001
1991-01-01 00:00:00,5.077277,0.00001
1991-01-02 00:00:00,4.975519,0.00001
1991-01-03 00:00:00,4.883565,0.00001
1991-01-04 00:00:00,4.800754,0.00001
1991-01-05 00:00:00,4.7159,0.00001
1991-01-06 00:00:00,4.636564,0.00001
1991-01-07 00:00:00,4.565858,0.00001
1991-01-08 00:00:00,4.490528,0.00001
1991-01-09 00:00:00,4.414151,0.00001
1991-01-10 00:00:00,4.472619,0.00001
1991-01-11 00:00:00,4.451718,0.00001
1991-01-12 00:00:00,4.353444,0.00001
1991-01-13 00:00:00,4.264087,0.00001
1991-01-14 00:00:00,4.177729,0.00001
1991-01-15 00:00:00,4.103055,0.00001
1991-01-16 00:00:00,4.069222,0.00001
1991-01-17 00:00:00,4.087884,0.00001
1991-01-18 00:00:00,4.724682,0.00001
1991-01-19 00:00:00,5.070568,0.00001
1991-01-20 00:00:00,5.182088,0.00001
1991-01-21 00:00:00,5.245964,0.00001
1991-01-22 00:00:00,5.368602,0.00001
1991-01-23 00:00:00,5.643932,0.00001
1991-01-24 00:00:00,5.702574,0.00001
1991-01-25 00:00:00,5.991519,0.00001
1991-01-26 00:00:00,6.453513,0.00001
1991-01-27 00:00:00,6.27203,0.00001
1991-01-28 00:00:00,6.228581,0.00001
1991-01-29 00:00:00,6.182374,0.00001
1991-01-30 00:00:00,6.131674,0.00001
1991-01-31 00:00:00,6.08724,0.00001
1991-02-01 00:00:00,6.042937,0.00001
1991-02-02 00:00:00,6.005782,0.00001
1991-02-03 00:00:00,5.967579,0.00001
1991-02-04 00:00:00,5.922781,0.00001
1991-02-05 00:00:00,5.869908,0.00001
1991-02-06 00:00:00,5.810627,0.00001
1991-02-07 00:00:00,5.738769,0.00001
1991-02-08 00:00:00,5.656035,0.00001
1991-02-09 00:00:00,5.598798,0.00001
1991-02-10 00:00:00,5.505708,0.00001
1991-02-11 00:00:00,5.509008,0.00001
1991-02-12 00:00:00,5.456605,0.00001
1991-02-13 00:00:00,5.412409,0.00001
1991-02-14 00:00:00,5.398503,0.00001
1991-02-15 00:00:00,5.391989,0.00001
1991-02-16 00:00:00,5.320757,0.00001
1991-02-17 00:00:00,5.259934,0.00001
1991-02-18 00:00:00,5.192708,0.00001
1991-02-19 00:00:00,5.082208,0.00001
1991-02-20 00:00:00,4.971792,0.00001
1991-02-21 00:00:00,5.06552,0.00001
1991-02-22 00:00:00,5.004374,0.00001
1991-02-23 00:00:00,4.87897,0.00001
1991-02-24 00:00:00,5.106213,0.00001
1991-02-25 00:00:00,5.428301,0.00001
1991-02-26 00:00:00,5.719551,0.00001
1991-02-27 00:00:00,5.946179,0.00001
1991-02-28 00:00:00,6.193125,0.00001
1991-03-01 00:00:00,6.303943,0.00001
1991-03-02 00:00:00,6.372694,0.00001
1991-03-03 00:00:00,6.434945,0.00001
1991-03-04 00:00:00,6.488228,0.00001
1991-03-05 00:00:00,6.542454,0.00001
1991-03-06 00:00:00,6.673792,0.00001
1991-03-07 00:00:00,6.754466,0.00001
1991-03-08 00:00:00,6.76123,0.00001
1991-03-09 00:00:00,6.781544,0.00001
1991-03-10 00:00:00,6.771495,0.00001
1991-03-11 00:00:00,6.717977,0.00001
1991-03-12 00:00:00,6.663716,0.00001
1991-03-13 00:00:00,6.627786,0.00001
1991-03-14 00:00:00,6.517453,0.00001
1991-03-15 00:00:00,6.424892,0.00001
1991-03-16 00:00:00,6.325166,0.00001
1991-03-17 00:00:00,6.271028,0.00001
1991-03-18 00:00:00,6.246153,0.00001
1991-03-19 00:00:00,6.185853,0.00001
1991-03-20 00:00:00,6.126791,0.00001
1991-03-21 00:00:00,6.038023,0.00001
1991-03-22 00:00:00,5.95314,0.00001
1991-03-23 00:00:00,5.82768,0.00001
1991-03-24 00:00:00,5.861675,0.00001
1991-03-25 00:00:00,5.966577,0.00001
1991-03-26 00:00:00,6.09876,0.00001
1991-03-27 00:00:00,6.061341,0.00001
1991-03-28 00:00:00,5.990723,0.00001
1991-03-29 00:00:00,5.917123,0.00001
1991-03-30 00:00:00,5.823353,0.00001
1991-03-31 00:00:00,5.775721,0.00001
1991-04-01 00:00:00,5.707859,0.00001
1991-04-02 00:00:00,5.610294,0.00001
1991-04-03 00:00:00,5.508343,0.00001
1991-04-04 00:00:00,5.391956,0.00001
1991-04-05 00:00:00,5.449612,0.00001
1991-04-06 00:00:00,5.353349,0.00001
1991-04-07 00:00:00,5.3686,0.00001
1991-04-08 00:00:00,5.294974,0.00001
1991-04-09 00:00:00,5.18544,0.00001
1991-04-10 00:00:00,5.058676,0.00001
1991-04-11 00:00:00,4.882894,0.00001
1991-04-12 00:00:00,4.686603,0.00001
1991-04-13 00:00:00,4.587272,0.00001
1991-04-14 00:00:00,4.484176,0.00001
1991-04-15 00:00:00,4.504076,0.00001
1991-04-16 00:00:00,4.735675,0.00001
1991-04-17 00:00:00,4.658419,0.00001
1991-04-18 00:00:00,4.54548,0.00001
1991-04-19 00:00:00,4.486576,0.00001
1991-04-20 00:00:00,4.673046,0.00001
1991-04-21 00:00:00,5.083296,0.00001
1991-04-22 00:00:00,4.947041,0.00001
1991-04-23 00:00:00,4.896256,0.00001
1991-04-24 00:00:00,4.817235,0.00001
1991-04-25 00:00:00,4.700686,0.00001
1991-04-26 00:00:00,4.64061,0.00001
1991-04-27 00:00:00,4.585885,0.00001
1991-04-28 00:00:00,4.449428,0.00001
1991-04-29 00:00:00,4.492782,0.00001
1991-04-30 00:00:00,5.217582,0.00001
1991-05-01 00:00:00,5.345901,0.00001
1991-05-02 00:00:00,5.278664,0.00001
1991-05-03 00:00:00,5.147316,0.00001
1991-05-04 00:00:00,5.071081,0.00001
1991-05-05 00:00:00,5.048677,0.00001
1991-05-06 00:00:00,5.052353,0.00001
1991-05-07 00:00:00,4.993028,0.00001
1991-05-08 00:00:00,4.957668,0.00001
1991-05-09 00:00:00,5.202926,0.00001
1991-05-10 00:00:00,5.79186,0.00001
1991-05-11 00:00:00,6.770091,0.00001
1991-05-12 00:00:00,6.914973,0.00001
1991-05-13 00:00:00,6.924896,0.00001
1991-05-14 00:00:00,6.889763,0.00001
1991-05-15 00:00:00,7.138749,0.00001
1991-05-16 00:00:00,7.314558,0.00001
1991-05-17 00:00:00,7.249797,0.00001
1991-05-18 00:00:00,7.0789,0.00001
1991-05-19 00:00:00,6.846428,0.00001
1991-05-20 00:00:00,6.78577,0.00001
1991-05-21 00:00:00,7.251432,0.00001
1991-05-22 00:00:00,7.115616,0.00001
1991-05-23 00:00:00,6.960162,0.00001
1991-05-24 00:00:00,7.286732,0.00001
1991-05-25 00:00:00,7.317402,0.00001
1991-05-26 00:00:00,7.359774,0.00001
1991-05-27 00:00:00,7.354762,0.00001
1991-05-28 00:00:00,7.513867,0.00001
1991-05-29 00:00:00,8.121446,0.00001
1991-05-30 00:00:00,7.815395,0.00001
1991-05-31 00:00:00,7.489911,0.00001
1991-06-01 00:00:00,7.445027,0.00001
1991-06-02 00:00:00,8.16501,0.00001
1991-06-03 00:00:00,8.625355,0.00001
1991-06-04 00:00:00,8.60374,0.00001
1991-06-05 00:00:00,8.656007,0.00001
1991-06-06 00:00:00,8.791809,0.00001
1991-06-07 00:00:00,10.643531,0.00001
1991-06-08 00:00:00,12.552571,0.00001
1991-06-09 00:00:00,13.072312,0.00001
1991-06-10 00:00:00,13.503838,0.00001
1991-06-11 00:00:00,13.76227,0.00001
1991-06-12 00:00:00,13.778512,0.00001
1991-06-13 00:00:00,13.580782,0.00001
1991-06-14 00:00:00,13.239387,0.00001
1991-06-15 00:00:00,12.887085,0.00001
1991-06-16 00:00:00,12.555795,0.00001
1991-06-17 00:00:00,14.707557,0.00001
1991-06-18 00:00:00,23.365619,0.00001
1991-06-19 00:00:00,27.834185,0.00001
1991-06-20 00:00:00,29.93125,0.00001
1991-06-21 00:00:00,30.658636,0.00001
1991-06-22 00:00:00,30.987731,0.00001
1991-06-23 00:00:00,31.173879,0.00001
1991-06-24 00:00:00,31.490051,0.00001
1991-06-25 00:00:00,30.946606,0.00001
1991-06-26 00:00:00,30.179176,0.00001
1991-06-27 00:00:00,29.313413,0.00001
1991-06-28 00:00:00,28.306936,0.00001
1991-06-29 00:00:00,27.232988,0.00001
1991-06-30 00:00:00,26.758695,0.00001
1991-07-01 00:00:00,26.179403,0.00001
1991-07-02 00:00:00,25.123134,0.00001
1991-07-03 00:00:00,24.517794,0.00001
1991-07-04 00:00:00,23.36118,0.00001
1991-07-05 00:00:00,22.211007,0.00001
1991-07-06 00:00:00,21.043839,0.00001
1991-07-07 00:00:00,20.025118,0.00001
1991-07-08 00:00:00,19.081041,0.00001
1991-07-09 00:00:00,18.302504,0.00001
1991-07-10 00:00:00,17.618361,0.00001
1991-07-11 00:00:00,16.765437,0.00001
1991-07-12 00:00:00,16.125981,0.00001
1991-07-13 00:00:00,16.006869,0.00001
1991-07-14 00:00:00,15.384328,0.00001
1991-07-15 00:00:00,14.72709,0.00001
1991-07-16 00:00:00,14.059194,0.00001
1991-07-17 00:00:00,13.239343,0.00001
1991-07-18 00:00:00,13.547805,0.00001
1991-07-19 00:00:00,16.876319,0.00001
1991-07-20 00:00:00,16.681529,0.00001
1991-07-21 00:00:00,16.149597,0.00001
1991-07-22 00:00:00,15.757079,0.00001
1991-07-23 00:00:00,15.492946,0.00001
1991-07-24 00:00:00,15.120391,0.00001
1991-07-25 00:00:00,14.704832,0.00001
1991-07-26 00:00:00,14.150573,0.00001
1991-07-27 00:00:00,13.496244,0.00001
1991-07-28 00:00:00,12.965632,0.00001
1991-07-29 00:00:00,12.77305,0.00001
1991-07-30 00:00:00,12.522234,0.00001
1991-07-31 00:00:00,12.020821,0.00001
1991-08-01 00:00:00,11.613951,0.00001
1991-08-02 00:00:00,11.138018,0.00001
1991-08-03 00:00:00,10.683276,0.00001
1991-08-04 00:00:00,10.186124,0.00001
1991-08-05 00:00:00,9.877282,0.00001
1991-08-06 00:00:00,10.478966,0.00001
1991-08-07 00:00:00,11.546465,0.00001
1991-08-08 00:00:00,11.236629,0.00001
1991-08-09 00:00:00,10.804896,0.00001
1991-08-10 00:00:00,10.421531,0.00001
1991-08-11 00:00:00,10.104942,0.00001
1991-08-12 00:00:00,9.757231,0.00001
1991-08-13 00:00:00,9.349462,0.00001
1991-08-14 00:00:00,8.981885,0.00001
1991-08-15 00:00:00,8.598293,0.00001
1991-08-16 00:00:00,8.24373,0.00001
1991-08-17 00:00:00,7.886017,0.00001
1991-08-18 00:00:00,7.590436,0.00001
1991-08-19 00:00:00,7.381693,0.00001
1991-08-20 00:00:00,7.49271,0.00001
1991-08-21 00:00:00,7.40169,0.00001
1991-08-22 00:00:00,7.154416,0.00001
1991-08-23 00:00:00,6.861802,0.00001
1991-08-24 00:00:00,6.537145,0.00001
1991-08-25 00:00:00,6.213416,0.00001
1991-08-26 00:00:00,5.909682,0.00001
1991-08-27 00:00:00,5.649311,0.00001
1991-08-28 00:00:00,5.411413,0.00001
1991-08-29 00:00:00,5.169379,0.00001
1991-08-30 00:00:00,4.92547,0.00001
1991-08-31 00:00:00,4.672215,0.00001
1991-09-01 00:00:00,4.427305,0.00001
1991-09-02 00:00:00,4.182806,0.00001
1991-09-03 00:00:00,3.939876,0.00001
1991-09-04 00:00:00,3.703527,0.00001
1991-09-05 00:00:00,3.471044,0.00001
1991-09-06 00:00:00,3.259259,0.00001
1991-09-07 00:00:00,3.069105,0.00001
1991-09-08 00:00:00,2.912675,0.00001
1991-09-09 00:00:00,2.92504,0.00001
1991-09-10 00:00:00,2.756286,0.00001
1991-09-11 00:00:00,2.570268,0.00001
1991-09-12 00:00:00,2.418809,0.00001
1991-09-13 00:00:00,2.306132,0.00001
1991-09-14 00:00:00,2.187159,0.00001
1991-09-15 00:00:00,2.118575,0.00001
1991-09-16 00:00:00,2.029629,0.00001
1991-09-17 00:00:00,1.937876,0.00001
1991-09-18 00:00:00,1.831548,0.00001
1991-09-19 00:00:00,1.691367,0.00001
1991-09-20 00:00:00,1.564147,0.00001
1991-09-21 00:00:00,1.627199,0.00001
1991-09-22 00:00:00,1.479061,0.00001
1991-09-23 00:00:00,1.35526,0.00001
1991-09-24 00:00:00,1.373278,0.00001
1991-09-25 00:00:00,1.302608,0.00001
1991-09-26 00:00:00,1.32194,0.00001
1991-09-27 00:00:00,1.688659,0.00001
1991-09-28 00:00:00,1.63238,0.00001
1991-09-29 00:00:00,1.557181,0.00001
1991-09-30 00:00:00,1.44421,0.00001
1991-10-01 00:00:00,1.314746,0.00001
1991-10-02 00:00:00,1.197823,0.00001
1991-10-03 00:00:00,1.125188,0.00001
1991-10-04 00:00:00,1.052358,0.00001
1991-10-05 00:00:00,1.003589,0.00001
1991-10-06 00:00:00,0.914734,0.00001
1991-10-07 00:00:00,0.884825,0.00001
1991-10-08 00:00:00,0.930691,0.00001
1991-10-09 00:00:00,0.885552,0.00001
1991-10-10 00:00:00,0.882282,0.00001
1991-10-11 00:00:00,0.86905,0.00001
1991-10-12 00:00:00,0.843125,0.00001
1991-10-13 00:00:00,0.81551,0.00001
1991-10-14 00:00:00,0.787448,0.00001
1991-10-15 00:00:00,0.76901,0.00001
1991-10-16 00:00:00,0.757491,0.00001
1991-10-17 00:00:00,0.80903,0.00001
1991-10-18 00:00:00,0.89229,0.00001
1991-10-19 00:00:00,0.870546,0.00001
1991-10-20 00:00:00,0.858748,0.00001
1991-10-21 00:00:00,0.839666,0.00001
1991-10-22 00:00:00,0.868161,0.00001
1991-10-23 00:00:00,0.930187,0.00001
1991-10-24 00:00:00,1.172966,0.00001
1991-10-25 00:00:00,1.172253,0.00001
1991-10-26 00:00:00,1.132396,0.00001
1991-10-27 00:00:00,1.089406,0.00001
1991-10-28 00:00:00,1.045466,0.00001
1991-10-29 00:00:00,1.005597,0.00001
1991-10-30 00:00:00,1.872703,0.00001
1991-10-31 00:00:00,2.277558,0.00001
1991-11-01 00:00:00,2.385928,0.00001
1991-11-02 00:00:00,2.414829,0.00001
1991-11-03 00:00:00,2.459107,0.00001
1991-11-04 00:00:00,2.456065,0.00001
1991-11-05 00:00:00,2.543974,0.00001
1991-11-06 00:00:00,2.588536,0.00001
1991-11-07 00:00:00,2.656537,0.00001
1991-11-08 00:00:00,2.669816,0.00001
1991-11-09 00:00:00,2.660371,0.00001
1991-11-10 00:00:00,2.670417,0.00001
1991-11-11 00:00:00,2.68662,0.00001
1991-11-12 00:00:00,2.678423,0.00001
1991-11-13 00:00:00,2.675591,0.00001
1991-11-14 00:00:00,2.690326,0.00001
1991-11-15 00:00:00,2.702337,0.00001
1991-11-16 00:00:00,2.730616,0.00001
1991-11-17 00:00:00,2.800567,0.00001
1991-11-18 00:00:00,2.862563,0.00001
1991-11-19 00:00:00,2.841233,0.00001
1991-11-20 00:00:00,2.837449,0.00001
1991-11-21 00:00:00,2.979332,0.00001
1991-11-22 00:00:00,2.993596,0.00001
1991-11-23 00:00:00,3.030967,0.00001
1991-11-24 00:00:00,3.084632,0.00001
1991-11-25 00:00:00,3.101999,0.00001
1991-11-26 00:00:00,3.070663,0.00001
1991-11-27 00:00:00,3.049535,0.00001
1991-11-28 00:00:00,3.108725,0.00001
1991-11-29 00:00:00,3.06981,0.00001
1991-11-30 00:00:00,3.101585,0.00001
1991-12-01 00:00:00,3.334283,0.00001
1991-12-02 00:00:00,3.421075,0.00001
1991-12-03 00:00:00,3.424643,0.00001
1991-12-04 00:00:00,3.436891,0.00001
1991-12-05 00:00:00,3.573939,0.00001
1991-12-06 00:00:00,3.600746,0.00001
1991-12-07 00:00:00,3.605795,0.00001
1991-12-08 00:00:00,3.568708,0.00001
1991-12-09 00:00:00,3.543452,0.00001
1991-12-10 00:00:00,3.541091,0.00001
1991-12-11 00:00:00,3.497422,0.00001
1991-12-12 00:00:00,3.457184,0.00001
1991-12-13 00:00:00,3.441615,0.00001
1991-12-14 00:00:00,3.415427,0.00001
1991-12-15 00:00:00,3.426888,0.00001
1991-12-16 00:00:00,3.718862,0.00001
1991-12-17 00:00:00,3.7815,0.00001
1991-12-18 00:00:00,3.807697,0.00001
1991-12-19 00:00:00,3.831211,0.00001
1991-12-20 00:00:00,3.852934,0.00001
1991-12-21 00:00:00,3.859115,0.00001
1991-12-22 00:00:00,3.856293,0.00001
1991-12-23 00:00:00,3.903845,0.00001
1991-12-24 00:00:00,3.999854,0.00001
1991-12-25 00:00:00,4.013467,0.00001
1991-12-26 00:00:00,4.235336,0.00001
1991-12-27 00:00:00,4.206845,0.00001
1991-12-28 00:00:00,4.199053,0.00001
1991-12-29 00:00:00,4.148778,0.00001
1991-12-30 00:00:00,4.109471,0.00001
1991-12-31 00:00:00,4.072999,0.00001
1992-01-01 00:00:00,4.034199,0.00001
1992-01-02 00:00:00,3.98684,0.00001
1992-01-03 00:00:00,3.872164,0.00001
1992-01-04 00:00:00,3.938672,0.00001
1992-01-05 00:00:00,4.381745,0.00001
1992-01-06 00:00:00,4.694543,0.00001
1992-01-07 00:00:00,4.787879,0.00001
1992-01-08 00:00:00,4.875873,0.00001
1992-01-09 00:00:00,4.956207,0.00001
1992-01-10 00:00:00,5.093976,0.00001
1992-01-11 00:00:00,5.140199,0.00001
1992-01-12 00:00:00,5.114151,0.00001
1992-01-13 00:00:00,5.100363,0.00001
1992-01-14 00:00:00,5.078067,0.00001
1992-01-15 00:00:00,5.114318,0.00001
1992-01-16 00:00:00,5.172247,0.00001
1992-01-17 00:00:00,5.111625,0.00001
1992-01-18 00:00:00,5.07569,0.00001
1992-01-19 00:00:00,5.037959,0.00001
1992-01-20 00:00:00,4.990969,0.00001
1992-01-21 00:00:00,4.939273,0.00001
1992-01-22 00:00:00,4.786907,0.00001
1992-01-23 00:00:00,4.955117,0.00001
1992-01-24 00:00:00,5.184235,0.00001
1992-01-25 00:00:00,5.296497,0.00001
1992-01-26 00:00:00,5.308595,0.00001
1992-01-27 00:00:00,5.360101,0.00001
1992-01-28 00:00:00,5.331189,0.00001
1992-01-29 00:00:00,5.289286,0.00001
1992-01-30 00:00:00,5.244914,0.00001
1992-01-31 00:00:00,5.198705,0.00001
1992-02-01 00:00:00,5.110987,0.00001
1992-02-02 00:00:00,5.090452,0.00001
1992-02-03 00:00:00,5.042333,0.00001
1992-02-04 00:00:00,5.258866,0.00001
1992-02-05 00:00:00,5.444764,0.00001
1992-02-06 00:00:00,5.321815,0.00001
1992-02-07 00:00:00,5.231784,0.00001
1992-02-08 00:00:00,5.160615,0.00001
1992-02-09 00:00:00,5.073635,0.00001
1992-02-10 00:00:00,4.988633,0.00001
1992-02-11 00:00:00,4.930131,0.00001
1992-02-12 00:00:00,4.91723,0.00001
1992-02-13 00:00:00,4.859265,0.00001
1992-02-14 00:00:00,4.783298,0.00001
1992-02-15 00:00:00,4.710955,0.00001
1992-02-16 00:00:00,4.700608,0.00001
1992-02-17 00:00:00,4.651962,0.00001
1992-02-18 00:00:00,4.53943,0.00001
1992-02-19 00:00:00,4.353093,0.00001
1992-02-20 00:00:00,4.577138,0.00001
1992-02-21 00:00:00,4.807588,0.00001
1992-02-22 00:00:00,5.773635,0.00001
1992-02-23 00:00:00,6.031702,0.00001
1992-02-24 00:00:00,6.168957,0.00001
1992-02-25 00:00:00,6.233321,0.00001
1992-02-26 00:00:00,6.266379,0.00001
1992-02-27 00:00:00,6.503495,0.00001
1992-02-28 00:00:00,6.669405,0.00001
1992-02-29 00:00:00,6.636425,0.00001
1992-03-01 00:00:00,6.772325,0.00001
1992-03-02 00:00:00,7.038213,0.00001
1992-03-03 00:00:00,7.171723,0.00001
1992-03-04 00:00:00,7.232894,0.00001
1992-03-05 00:00:00,7.311706,0.00001
1992-03-06 00:00:00,7.336111,0.00001
1992-03-07 00:00:00,7.320056,0.00001
1992-03-08 00:00:00,7.29307,0.00001
1992-03-09 00:00:00,7.911561,0.00001
1992-03-10 00:00:00,7.969322,0.00001
1992-03-11 00:00:00,7.936873,0.00001
1992-03-12 00:00:00,7.969882,0.00001
1992-03-13 00:00:00,8.401927,0.00001
1992-03-14 00:00:00,8.294402,0.00001
1992-03-15 00:00:00,8.26491,0.00001
1992-03-16 00:00:00,8.202324,0.00001
1992-03-17 00:00:00,7.995147,0.00001
1992-03-18 00:00:00,8.173562,0.00001
1992-03-19 00:00:00,8.072012,0.00001
1992-03-20 00:00:00,8.044664,0.00001
1992-03-21 00:00:00,8.044154,0.00001
1992-03-22 00:00:00,8.007854,0.00001
1992-03-23 00:00:00,8.039435,0.00001
1992-03-24 00:00:00,8.1502,0.00001
1992-03-25 00:00:00,8.466794,0.00001
1992-03-26 00:00:00,8.401217,0.00001
1992-03-27 00:00:00,8.237021,0.00001
1992-03-28 00:00:00,8.298173,0.00001
1992-03-29 00:00:00,8.300555,0.00001
1992-03-30 00:00:00,8.277686,0.00001
1992-03-31 00:00:00,8.161504,0.00001
1992-04-01 00:00:00,7.964354,0.00001
1992-04-02 00:00:00,7.768379,0.00001
1992-04-03 00:00:00,7.600279,0.00001
1992-04-04 00:00:00,7.476457,0.00001
1992-04-05 00:00:00,7.629074,0.00001
1992-04-06 00:00:00,7.593336,0.00001
1992-04-07 00:00:00,7.446818,0.00001
1992-04-08 00:00:00,7.331039,0.00001
1992-04-09 00:00:00,7.172946,0.00001
1992-04-10 00:00:00,7.081966,0.00001
1992-04-11 00:00:00,7.381431,0.00001
1992-04-12 00:00:00,7.664202,0.00001
1992-04-13 00:00:00,7.487184,0.00001
1992-04-14 00:00:00,7.315648,0.00001
1992-04-15 00:00:00,7.095714,0.00001
1992-04-16 00:00:00,6.947081,0.00001
1992-04-17 00:00:00,6.840126,0.00001
1992-04-18 00:00:00,6.718077,0.00001
1992-04-19 00:00:00,6.880846,0.00001
1992-04-20 00:00:00,6.789411,0.00001
1992-04-21 00:00:00,6.704491,0.00001
1992-04-22 00:00:00,6.5325,0.00001
1992-04-23 00:00:00,6.402607,0.00001
1992-04-24 00:00:00,6.317745,0.00001
1992-04-25 00:00:00,6.063894,0.00001
1992-04-26 00:00:00,5.836079,0.00001
1992-04-27 00:00:00,5.678348,0.00001
1992-04-28 00:00:00,5.438147,0.00001
1992-04-29 00:00:00,5.214338,0.00001
1992-04-30 00:00:00,6.07899,0.00001
1992-05-01 00:00:00,6.839742,0.00001
1992-05-02 00:00:00,7.608043,0.00001
1992-05-03 00:00:00,7.738632,0.00001
1992-05-04 00:00:00,7.641496,0.00001
1992-05-05 00:00:00,7.609969,0.00001
1992-05-06 00:00:00,7.453306,0.00001
1992-05-07 00:00:00,7.770713,0.00001
1992-05-08 00:00:00,7.919051,0.00001
1992-05-09 00:00:00,7.870095,0.00001
1992-05-10 00:00:00,7.684687,0.00001
1992-05-11 00:00:00,7.532888,0.00001
1992-05-12 00:00:00,7.430405,0.00001
1992-05-13 00:00:00,7.319476,0.00001
1992-05-14 00:00:00,7.373676,0.00001
1992-05-15 00:00:00,7.336189,0.00001
1992-05-16 00:00:00,7.20186,0.00001
1992-05-17 00:00:00,6.965695,0.00001
1992-05-18 00:00:00,6.957328,0.00001
1992-05-19 00:00:00,6.775545,0.00001
1992-05-20 00:00:00,6.608155,0.00001
1992-05-21 00:00:00,6.401328,0.00001
1992-05-22 00:00:00,6.172477,0.00001
1992-05-23 00:00:00,5.944659,0.00001
1992-05-24 00:00:00,6.015083,0.00001
1992-05-25 00:00:00,5.981129,0.00001
1992-05-26 00:00:00,5.779825,0.00001
1992-05-27 00:00:00,5.551469,0.00001
1992-05-28 00:00:00,5.672774,0.00001
1992-05-29 00:00:00,6.074966,0.00001
1992-05-30 00:00:00,6.033961,0.00001
1992-05-31 00:00:00,5.790408,0.00001
1992-06-01 00:00:00,5.507713,0.00001
1992-06-02 00:00:00,5.256409,0.00001
1992-06-03 00:00:00,5.053738,0.00001
1992-06-04 00:00:00,4.821572,0.00001
1992-06-05 00:00:00,4.866986,0.00001
1992-06-06 00:00:00,4.890947,0.00001
1992-06-07 00:00:00,5.330941,0.00001
1992-06-08 00:00:00,5.245846,0.00001
1992-06-09 00:00:00,5.001935,0.00001
1992-06-10 00:00:00,4.718731,0.00001
1992-06-11 00:00:00,4.566849,0.00001
1992-06-12 00:00:00,4.382726,0.00001
1992-06-13 00:00:00,4.14573,0.00001
1992-06-14 00:00:00,3.936127,0.00001
1992-06-15 00:00:00,5.107228,0.00001
1992-06-16 00:00:00,6.071341,0.00001
1992-06-17 00:00:00,6.1201,0.00001
1992-06-18 00:00:00,6.051023,0.00001
1992-06-19 00:00:00,5.909533,0.00001
1992-06-20 00:00:00,5.941673,0.00001
1992-06-21 00:00:00,7.490736,0.00001
1992-06-22 00:00:00,7.595361,0.00001
1992-06-23 00:00:00,7.701251,0.00001
1992-06-24 00:00:00,7.849337,0.00001
1992-06-25 00:00:00,8.078546,0.00001
1992-06-26 00:00:00,7.903178,0.00001
1992-06-27 00:00:00,7.693259,0.00001
1992-06-28 00:00:00,7.545395,0.00001
1992-06-29 00:00:00,7.678158,0.00001
1992-06-30 00:00:00,7.876597,0.00001
1992-07-01 00:00:00,7.685088,0.00001
1992-07-02 00:00:00,7.702672,0.00001
1992-07-03 00:00:00,7.594525,0.00001
1992-07-04 00:00:00,7.566477,0.00001
1992-07-05 00:00:00,7.578263,0.00001
1992-07-06 00:00:00,8.110413,0.00001
1992-07-07 00:00:00,8.136115,0.00001
1992-07-08 00:00:00,10.047486,0.00001
1992-07-09 00:00:00,10.233631,0.00001
1992-07-10 00:00:00,10.151158,0.00001
1992-07-11 00:00:00,10.001341,0.00001
1992-07-12 00:00:00,9.839005,0.00001
1992-07-13 00:00:00,9.601565,0.00001
1992-07-14 00:00:00,9.53657,0.00001
1992-07-15 00:00:00,9.219466,0.00001
1992-07-16 00:00:00,9.024946,0.00001
1992-07-17 00:00:00,9.62038,0.00001
1992-07-18 00:00:00,9.720093,0.00001
1992-07-19 00:00:00,9.734669,0.00001
1992-07-20 00:00:00,9.738699,0.00001
1992-07-21 00:00:00,10.741051,0.00001
1992-07-22 00:00:00,10.872013,0.00001
1992-07-23 00:00:00,11.182965,0.00001
1992-07-24 00:00:00,11.10347,0.00001
1992-07-25 00:00:00,11.388036,0.00001
1992-07-26 00:00:00,11.648375,0.00001
1992-07-27 00:00:00,12.644634,0.00001
1992-07-28 00:00:00,12.408634,0.00001
1992-07-29 00:00:00,12.265323,0.00001
1992-07-30 00:00:00,12.018004,0.00001
1992-07-31 00:00:00,11.69226,0.00001
1992-08-01 00:00:00,11.553164,0.00001
1992-08-02 00:00:00,11.14994,0.00001
1992-08-03 00:00:00,11.453406,0.00001
1992-08-04 00:00:00,11.489041,0.00001
1992-08-05 00:00:00,11.188463,0.00001
1992-08-06 00:00:00,10.845729,0.00001
1992-08-07 00:00:00,10.444561,0.00001
1992-08-08 00:00:00,10.025879,0.00001
1992-08-09 00:00:00,9.732874,0.00001
1992-08-10 00:00:00,9.453862,0.00001
1992-08-11 00:00:00,9.523406,0.00001
1992-08-12 00:00:00,10.345663,0.00001
1992-08-13 00:00:00,10.187941,0.00001
1992-08-14 00:00:00,10.040095,0.00001
1992-08-15 00:00:00,10.163128,0.00001
1992-08-16 00:00:00,9.904662,0.00001
1992-08-17 00:00:00,10.055844,0.00001
1992-08-18 00:00:00,9.926311,0.00001
1992-08-19 00:00:00,9.795721,0.00001
1992-08-20 00:00:00,9.609681,0.00001
1992-08-21 00:00:00,9.391917,0.00001
1992-08-22 00:00:00,9.065208,0.00001
1992-08-23 00:00:00,8.826187,0.00001
1992-08-24 00:00:00,8.523636,0.00001
1992-08-25 00:00:00,8.222618,0.00001
1992-08-26 00:00:00,7.904113,0.00001
1992-08-27 00:00:00,7.615048,0.00001
1992-08-28 00:00:00,7.324378,0.00001
1992-08-29 00:00:00,7.077664,0.00001
1992-08-30 00:00:00,7.148242,0.00001
1992-08-31 00:00:00,6.84794,0.00001
1992-09-01 00:00:00,6.53399,0.00001
1992-09-02 00:00:00,6.259689,0.00001
1992-09-03 00:00:00,6.022519,0.00001
1992-09-04 00:00:00,5.773221,0.00001
1992-09-05 00:00:00,5.593942,0.00001
1992-09-06 00:00:00,5.317816,0.00001
1992-09-07 00:00:00,5.163783,0.00001
1992-09-08 00:00:00,5.097212,0.00001
1992-09-09 00:00:00,4.983524,0.00001
1992-09-10 00:00:00,4.759422,0.00001
1992-09-11 00:00:00,4.52437,0.00001
1992-09-12 00:00:00,4.315353,0.00001
1992-09-13 00:00:00,4.141822,0.00001
1992-09-14 00:00:00,3.925589,0.00001
1992-09-15 00:00:00,3.755418,0.00001
1992-09-16 00:00:00,3.806545,0.00001
1992-09-17 00:00:00,3.931351,0.00001
1992-09-18 00:00:00,3.73564,0.00001
1992-09-19 00:00:00,3.739687,0.00001
1992-09-20 00:00:00,3.614791,0.00001
1992-09-21 00:00:00,3.48097,0.00001
1992-09-22 00:00:00,3.54871,0.00001
1992-09-23 00:00:00,3.500066,0.00001
1992-09-24 00:00:00,3.344012,0.00001
1992-09-25 00:00:00,3.173691,0.00001
1992-09-26 00:00:00,3.019656,0.00001
1992-09-27 00:00:00,2.87924,0.00001
1992-09-28 00:00:00,2.78813,0.00001
1992-09-29 00:00:00,2.63945,0.00001
1992-09-30 00:00:00,2.519102,0.00001
1992-10-01 00:00:00,2.408964,0.00001
1992-10-02 00:00:00,2.280686,0.00001
1992-10-03 00:00:00,2.13072,0.00001
1992-10-04 00:00:00,1.976655,0.00001
1992-10-05 00:00:00,1.844718,0.00001
1992-10-06 00:00:00,1.710814,0.00001
1992-10-07 00:00:00,1.616584,0.00001
1992-10-08 00:00:00,1.54012,0.00001
1992-10-09 00:00:00,1.48964,0.00001
1992-10-10 00:00:00,1.403732,0.00001
1992-10-11 00:00:00,1.434705,0.00001
1992-10-12 00:00:00,1.440298,0.00001
1992-10-13 00:00:00,1.626296,0.00001
1992-10-14 00:00:00,1.589011,0.00001
1992-10-15 00:00:00,1.520137,0.00001
1992-10-16 00:00:00,1.464089,0.00001
1992-10-17 00:00:00,1.396599,0.00001
1992-10-18 00:00:00,1.31946,0.00001
1992-10-19 00:00:00,1.286818,0.00001
1992-10-20 00:00:00,1.229606,0.00001
1992-10-21 00:00:00,1.177081,0.00001
1992-10-22 00:00:00,1.163338,0.00001
1992-10-23 00:00:00,1.22468,0.00001
1992-10-24 00:00:00,1.248927,0.00001
1992-10-25 00:00:00,1.255539,0.00001
1992-10-26 00:00:00,1.380331,0.00001
1992-10-27 00:00:00,1.425491,0.00001
1992-10-28 00:00:00,1.422097,0.00001
1992-10-29 00:00:00,1.363473,0.00001
1992-10-30 00:00:00,1.355495,0.00001
1992-10-31 00:00:00,1.383588,0.00001
1992-11-01 00:00:00,1.505417,0.00001
1992-11-02 00:00:00,1.54571,0.00001
1992-11-03 00:00:00,1.558392,0.00001
1992-11-04 00:00:00,1.592259,0.00001
1992-11-05 00:00:00,1.685647,0.00001
1992-11-06 00:00:00,1.79275,0.00001
1992-11-07 00:00:00,1.76928,0.00001
1992-11-08 00:00:00,1.737545,0.00001
1992-11-09 00:00:00,1.751028,0.00001
1992-11-10 00:00:00,1.738971,0.00001
1992-11-11 00:00:00,1.715759,0.00001
1992-11-12 00:00:00,1.692516,0.00001
1992-11-13 00:00:00,1.67718,0.00001
1992-11-14 00:00:00,1.75922,0.00001
1992-11-15 00:00:00,1.815463,0.00001
1992-11-16 00:00:00,1.771968,0.00001
1992-11-17 00:00:00,1.739707,0.00001
1992-11-18 00:00:00,1.728881,0.00001
1992-11-19 00:00:00,1.775702,0.00001
1992-11-20 00:00:00,1.759705,0.00001
1992-11-21 00:00:00,1.781183,0.00001
1992-11-22 00:00:00,1.7671,0.00001
1992-11-23 00:00:00,1.753733,0.00001
1992-11-24 00:00:00,1.726685,0.00001
1992-11-25 00:00:00,1.701286,0.00001
1992-11-26 00:00:00,1.669814,0.00001
1992-11-27 00:00:00,1.66546,0.00001
1992-11-28 00:00:00,1.659302,0.00001
1992-11-29 00:00:00,1.769728,0.00001
1992-11-30 00:00:00,1.788432,0.00001
1992-12-01 00:00:00,1.775362,0.00001
1992-12-02 00:00:00,1.834518,0.00001
1992-12-03 00:00:00,2.050268,0.00001
1992-12-04 00:00:00,2.128198,0.00001
1992-12-05 00:00:00,2.152161,0.00001
1992-12-06 00:00:00,2.160532,0.00001
1992-12-07 00:00:00,2.157508,0.00001
1992-12-08 00:00:00,2.198385,0.00001
1992-12-09 00:00:00,2.266071,0.00001
1992-12-10 00:00:00,2.268181,0.00001
1992-12-11 00:00:00,2.307685,0.00001
1992-12-12 00:00:00,2.298969,0.00001
1992-12-13 00:00:00,2.290306,0.00001
1992-12-14 00:00:00,2.275854,0.00001
1992-12-15 00:00:00,2.249165,0.00001
1992-12-16 00:00:00,2.244652,0.00001
1992-12-17 00:00:00,2.230623,0.00001
1992-12-18 00:00:00,2.223947,0.00001
1992-12-19 00:00:00,2.217289,0.00001
1992-12-20 00:00:00,2.218132,0.00001
1992-12-21 00:00:00,2.2367,0.00001
1992-12-22 00:00:00,2.279083,0.00001
1992-12-23 00:00:00,2.270412,0.00001
1992-12-24 00:00:00,2.436576,0.00001
1992-12-25 00:00:00,2.376293,0.00001
1992-12-26 00:00:00,2.350952,0.00001
1992-12-27 00:00:00,2.32417,0.00001
1992-12-28 00:00:00,2.306231,0.00001
1992-12-29 00:00:00,2.288177,0.00001
1992-12-30 00:00:00,2.286344,0.00001
1992-12-31 00:00:00,2.354305,0.00001
1993-01-01 00:00:00,2.410691,0.00001
1993-01-02 00:00:00,2.2108,0.00001
1993-01-03 00:00:00,2.481858,0.00001
1993-01-04 00:00:00,2.719522,0.00001
1993-01-05 00:00:00,2.973827,0.00001
1993-01-06 00:00:00,3.211769,0.00001
1993-01-07 00:00:00,3.342651,0.00001
1993-01-08 00:00:00,3.663513,0.00001
1993-01-09 00:00:00,3.774269,0.00001
1993-01-10 00:00:00,3.773371,0.00001
1993-01-11 00:00:00,3.795294,0.00001
1993-01-12 00:00:00,3.803948,0.00001
1993-01-13 00:00:00,3.852939,0.00001
1993-01-14 00:00:00,4.094209,0.00001
1993-01-15 00:00:00,3.982659,0.00001
1993-01-16 00:00:00,3.961038,0.00001
1993-01-17 00:00:00,3.933559,0.00001
1993-01-18 00:00:00,3.9098,0.00001
1993-01-19 00:00:00,3.897052,0.00001
1993-01-20 00:00:00,3.977879,0.00001
1993-01-21 00:00:00,4.103338,0.00001
1993-01-22 00:00:00,4.10514,0.00001
1993-01-23 00:00:00,4.088244,0.00001
1993-01-24 00:00:00,4.062092,0.00001
1993-01-25 00:00:00,4.045371,0.00001
1993-01-26 00:00:00,3.999957,0.00001
1993-01-27 00:00:00,3.943347,0.00001
1993-01-28 00:00:00,3.908423,0.00001
1993-01-29 00:00:00,3.863002,0.00001
1993-01-30 00:00:00,3.810792,0.00001
1993-01-31 00:00:00,3.752115,0.00001
1993-02-01 00:00:00,3.785401,0.00001
1993-02-02 00:00:00,3.923666,0.00001
1993-02-03 00:00:00,3.929909,0.00001
1993-02-04 00:00:00,3.910151,0.00001
1993-02-05 00:00:00,3.888232,0.00001
1993-02-06 00:00:00,3.859513,0.00001
1993-02-07 00:00:00,3.828932,0.00001
1993-02-08 00:00:00,3.792421,0.00001
1993-02-09 00:00:00,3.766084,0.00001
1993-02-10 00:00:00,3.885248,0.00001
1993-02-11 00:00:00,4.181979,0.00001
1993-02-12 00:00:00,4.367933,0.00001
1993-02-13 00:00:00,4.38842,0.00001
1993-02-14 00:00:00,4.394456,0.00001
1993-02-15 00:00:00,4.442817,0.00001
1993-02-16 00:00:00,4.737303,0.00001
1993-02-17 00:00:00,5.033173,0.00001
1993-02-18 00:00:00,5.123998,0.00001
1993-02-19 00:00:00,5.199165,0.00001
1993-02-20 00:00:00,5.23565,0.00001
1993-02-21 00:00:00,5.261565,0.00001
1993-02-22 00:00:00,5.237371,0.00001
1993-02-23 00:00:00,5.283352,0.00001
1993-02-24 00:00:00,5.31412,0.00001
1993-02-25 00:00:00,5.262577,0.00001
1993-02-26 00:00:00,5.458469,0.00001
1993-02-27 00:00:00,5.95821,0.00001
1993-02-28 00:00:00,6.057211,0.00001
1993-03-01 00:00:00,6.124186,0.00001
1993-03-02 00:00:00,6.211979,0.00001
1993-03-03 00:00:00,6.310073,0.00001
1993-03-04 00:00:00,6.317328,0.00001
1993-03-05 00:00:00,6.352821,0.00001
1993-03-06 00:00:00,6.355354,0.00001
1993-03-07 00:00:00,6.590733,0.00001
1993-03-08 00:00:00,7.400401,0.00001
1993-03-09 00:00:00,7.542817,0.00001
1993-03-10 00:00:00,7.552294,0.00001
1993-03-11 00:00:00,7.542949,0.00001
1993-03-12 00:00:00,7.520012,0.00001
1993-03-13 00:00:00,7.512621,0.00001
1993-03-14 00:00:00,7.438988,0.00001
1993-03-15 00:00:00,7.413343,0.00001
1993-03-16 00:00:00,7.468259,0.00001
1993-03-17 00:00:00,7.852048,0.00001
1993-03-18 00:00:00,8.37478,0.00001
1993-03-19 00:00:00,8.394278,0.00001
1993-03-20 00:00:00,8.302828,0.00001
1993-03-21 00:00:00,8.139786,0.00001
1993-03-22 00:00:00,8.126597,0.00001
1993-03-23 00:00:00,8.053627,0.00001
1993-03-24 00:00:00,8.242591,0.00001
1993-03-25 00:00:00,8.238663,0.00001
1993-03-26 00:00:00,8.143857,0.00001
1993-03-27 00:00:00,8.041789,0.00001
1993-03-28 00:00:00,7.951593,0.00001
1993-03-29 00:00:00,7.771021,0.00001
1993-03-30 00:00:00,9.387441,0.00001
1993-03-31 00:00:00,13.701514,0.00001
1993-04-01 00:00:00,15.687626,0.00001
1993-04-02 00:00:00,16.625324,0.00001
1993-04-03 00:00:00,17.154584,0.00001
1993-04-04 00:00:00,17.363416,0.00001
1993-04-05 00:00:00,17.425165,0.00001
1993-04-06 00:00:00,17.601693,0.00001
1993-04-07 00:00:00,18.419504,0.00001
1993-04-08 00:00:00,20.206166,0.00001
1993-04-09 00:00:00,20.941119,0.00001
1993-04-10 00:00:00,20.919411,0.00001
1993-04-11 00:00:00,20.739204,0.00001
1993-04-12 00:00:00,20.573093,0.00001
1993-04-13 00:00:00,21.379177,0.00001
1993-04-14 00:00:00,21.554033,0.00001
1993-04-15 00:00:00,24.36578,0.00001
1993-04-16 00:00:00,25.923266,0.00001
1993-04-17 00:00:00,26.306455,0.00001
1993-04-18 00:00:00,26.215469,0.00001
1993-04-19 00:00:00,25.844088,0.00001
1993-04-20 00:00:00,25.888267,0.00001
1993-04-21 00:00:00,26.222899,0.00001
1993-04-22 00:00:00,25.560508,0.00001
1993-04-23 00:00:00,24.693572,0.00001
1993-04-24 00:00:00,23.82897,0.00001
1993-04-25 00:00:00,23.411913,0.00001
1993-04-26 00:00:00,23.591675,0.00001
1993-04-27 00:00:00,22.824299,0.00001
1993-04-28 00:00:00,21.989696,0.00001
1993-04-29 00:00:00,21.363189,0.00001
1993-04-30 00:00:00,20.558565,0.00001
1993-05-01 00:00:00,20.120391,0.00001
1993-05-02 00:00:00,20.275318,0.00001
1993-05-03 00:00:00,20.532878,0.00001
1993-05-04 00:00:00,19.797116,0.00001
1993-05-05 00:00:00,19.022377,0.00001
1993-05-06 00:00:00,19.170487,0.00001
1993-05-07 00:00:00,20.187708,0.00001
1993-05-08 00:00:00,19.83645,0.00001
1993-05-09 00:00:00,19.172739,0.00001
1993-05-10 00:00:00,18.482243,0.00001
1993-05-11 00:00:00,17.762889,0.00001
1993-05-12 00:00:00,17.242567,0.00001
1993-05-13 00:00:00,16.561234,0.00001
1993-05-14 00:00:00,15.822916,0.00001
1993-05-15 00:00:00,15.192918,0.00001
1993-05-16 00:00:00,14.707825,0.00001
1993-05-17 00:00:00,14.004832,0.00001
1993-05-18 00:00:00,13.362399,0.00001
1993-05-19 00:00:00,12.917517,0.00001
1993-05-20 00:00:00,12.365827,0.00001
1993-05-21 00:00:00,11.963803,0.00001
1993-05-22 00:00:00,11.624688,0.00001
1993-05-23 00:00:00,11.579653,0.00001
1993-05-24 00:00:00,12.723459,0.00001
1993-05-25 00:00:00,12.396278,0.00001
1993-05-26 00:00:00,11.856775,0.00001
1993-05-27 00:00:00,11.27053,0.00001
1993-05-28 00:00:00,12.220119,0.00001
1993-05-29 00:00:00,12.182268,0.00001
1993-05-30 00:00:00,11.93121,0.00001
1993-05-31 00:00:00,12.110377,0.00001
1993-06-01 00:00:00,11.802701,0.00001
1993-06-02 00:00:00,11.450045,0.00001
1993-06-03 00:00:00,11.214824,0.00001
1993-06-04 00:00:00,10.924599,0.00001
1993-06-05 00:00:00,10.715734,0.00001
1993-06-06 00:00:00,10.440928,0.00001
1993-06-07 00:00:00,10.081922,0.00001
1993-06-08 00:00:00,9.823915,0.00001
1993-06-09 00:00:00,9.911476,0.00001
1993-06-10 00:00:00,9.941271,0.00001
1993-06-11 00:00:00,11.639809,0.00001
1993-06-12 00:00:00,11.949436,0.00001
1993-06-13 00:00:00,11.745574,0.00001
1993-06-14 00:00:00,11.503355,0.00001
1993-06-15 00:00:00,11.200146,0.00001
1993-06-16 00:00:00,10.891146,0.00001
1993-06-17 00:00:00,10.767728,0.00001
1993-06-18 00:00:00,12.88373,0.00001
1993-06-19 00:00:00,14.301169,0.00001
1993-06-20 00:00:00,14.551414,0.00001
1993-06-21 00:00:00,14.882625,0.00001
1993-06-22 00:00:00,14.816135,0.00001
1993-06-23 00:00:00,14.61477,0.00001
1993-06-24 00:00:00,14.989798,0.00001
1993-06-25 00:00:00,14.89629,0.00001
1993-06-26 00:00:00,14.529427,0.00001
1993-06-27 00:00:00,16.429196,0.00001
1993-06-28 00:00:00,20.134255,0.00001
1993-06-29 00:00:00,21.309722,0.00001
1993-06-30 00:00:00,21.824067,0.00001
1993-07-01 00:00:00,21.755116,0.00001
1993-07-02 00:00:00,21.6983,0.00001
1993-07-03 00:00:00,22.611699,0.00001
1993-07-04 00:00:00,22.746226,0.00001
1993-07-05 00:00:00,22.418503,0.00001
1993-07-06 00:00:00,22.824342,0.00001
1993-07-07 00:00:00,22.64692,0.00001
1993-07-08 00:00:00,22.152898,0.00001
1993-07-09 00:00:00,21.34542,0.00001
1993-07-10 00:00:00,20.629096,0.00001
1993-07-11 00:00:00,19.759918,0.00001
1993-07-12 00:00:00,18.879258,0.00001
1993-07-13 00:00:00,18.005296,0.00001
1993-07-14 00:00:00,17.121766,0.00001
1993-07-15 00:00:00,16.365507,0.00001
1993-07-16 00:00:00,15.522549,0.00001
1993-07-17 00:00:00,14.765602,0.00001
1993-07-18 00:00:00,14.207002,0.00001
1993-07-19 00:00:00,14.761275,0.00001
1993-07-20 00:00:00,14.570466,0.00001
1993-07-21 00:00:00,14.425376,0.00001
1993-07-22 00:00:00,13.743098,0.00001
1993-07-23 00:00:00,13.01935,0.00001
1993-07-24 00:00:00,12.342427,0.00001
1993-07-25 00:00:00,11.737729,0.00001
1993-07-26 00:00:00,11.125474,0.00001
1993-07-27 00:00:00,10.610904,0.00001
1993-07-28 00:00:00,10.023704,0.00001
1993-07-29 00:00:00,9.516135,0.00001
1993-07-30 00:00:00,9.046202,0.00001
1993-07-31 00:00:00,8.560567,0.00001
1993-08-01 00:00:00,8.091326,0.00001
1993-08-02 00:00:00,7.689424,0.00001
1993-08-03 00:00:00,7.637445,0.00001
1993-08-04 00:00:00,8.560232,0.00001
1993-08-05 00:00:00,8.807329,0.00001
1993-08-06 00:00:00,8.983893,0.00001
1993-08-07 00:00:00,8.844136,0.00001
1993-08-08 00:00:00,8.568927,0.00001
1993-08-09 00:00:00,8.254406,0.00001
1993-08-10 00:00:00,7.892531,0.00001
1993-08-11 00:00:00,7.550746,0.00001
1993-08-12 00:00:00,7.214568,0.00001
1993-08-13 00:00:00,6.988677,0.00001
1993-08-14 00:00:00,6.904371,0.00001
1993-08-15 00:00:00,6.79207,0.00001
1993-08-16 00:00:00,6.573958,0.00001
1993-08-17 00:00:00,6.66166,0.00001
1993-08-18 00:00:00,6.453552,0.00001
1993-08-19 00:00:00,6.203761,0.00001
1993-08-20 00:00:00,5.962201,0.00001
1993-08-21 00:00:00,5.835898,0.00001
1993-08-22 00:00:00,5.790514,0.00001
1993-08-23 00:00:00,6.098836,0.00001
1993-08-24 00:00:00,6.072405,0.00001
1993-08-25 00:00:00,5.937545,0.00001
1993-08-26 00:00:00,5.679718,0.00001
1993-08-27 00:00:00,5.812486,0.00001
1993-08-28 00:00:00,5.830648,0.00001
1993-08-29 00:00:00,5.556447,0.00001
1993-08-30 00:00:00,5.274832,0.00001
1993-08-31 00:00:00,5.002411,0.00001
1993-09-01 00:00:00,4.739441,0.00001
1993-09-02 00:00:00,4.510625,0.00001
1993-09-03 00:00:00,4.279989,0.00001
1993-09-04 00:00:00,4.032236,0.00001
1993-09-05 00:00:00,3.801242,0.00001
1993-09-06 00:00:00,3.626076,0.00001
1993-09-07 00:00:00,3.437889,0.00001
1993-09-08 00:00:00,3.258885,0.00001
1993-09-09 00:00:00,3.080493,0.00001
1993-09-10 00:00:00,2.909655,0.00001
1993-09-11 00:00:00,2.725145,0.00001
1993-09-12 00:00:00,2.540325,0.00001
1993-09-13 00:00:00,2.509278,0.00001
1993-09-14 00:00:00,3.834822,0.00001
1993-09-15 00:00:00,4.273802,0.00001
1993-09-16 00:00:00,4.234685,0.00001
1993-09-17 00:00:00,4.118224,0.00001
1993-09-18 00:00:00,3.996094,0.00001
1993-09-19 00:00:00,3.874071,0.00001
1993-09-20 00:00:00,3.734669,0.00001
1993-09-21 00:00:00,3.622989,0.00001
1993-09-22 00:00:00,3.482799,0.00001
1993-09-23 00:00:00,3.394989,0.00001
1993-09-24 00:00:00,3.450671,0.00001
1993-09-25 00:00:00,3.361555,0.00001
1993-09-26 00:00:00,3.21853,0.00001
1993-09-27 00:00:00,3.079602,0.00001
1993-09-28 00:00:00,2.935951,0.00001
1993-09-29 00:00:00,2.986953,0.00001
1993-09-30 00:00:00,3.105667,0.00001
1993-10-01 00:00:00,3.019392,0.00001
1993-10-02 00:00:00,3.138156,0.00001
1993-10-03 00:00:00,3.329283,0.00001
1993-10-04 00:00:00,3.406266,0.00001
1993-10-05 00:00:00,4.274993,0.00001
1993-10-06 00:00:00,4.731925,0.00001
1993-10-07 00:00:00,4.754156,0.00001
1993-10-08 00:00:00,4.732116,0.00001
1993-10-09 00:00:00,4.679481,0.00001
1993-10-10 00:00:00,4.607895,0.00001
1993-10-11 00:00:00,4.52363,0.00001
1993-10-12 00:00:00,4.43203,0.00001
1993-10-13 00:00:00,4.352216,0.00001
1993-10-14 00:00:00,4.277726,0.00001
1993-10-15 00:00:00,4.26266,0.00001
1993-10-16 00:00:00,4.21313,0.00001
1993-10-17 00:00:00,4.983425,0.00001
1993-10-18 00:00:00,5.50655,0.00001
1993-10-19 00:00:00,5.581641,0.00001
1993-10-20 00:00:00,5.564503,0.00001
1993-10-21 00:00:00,5.534541,0.00001
1993-10-22 00:00:00,5.478695,0.00001
1993-10-23 00:00:00,5.40712,0.00001
1993-10-24 00:00:00,5.32575,0.00001
1993-10-25 00:00:00,5.225483,0.00001
1993-10-26 00:00:00,5.136232,0.00001
1993-10-27 00:00:00,5.422654,0.00001
1993-10-28 00:00:00,5.356401,0.00001
1993-10-29 00:00:00,5.333067,0.00001
1993-10-30 00:00:00,5.24467,0.00001
1993-10-31 00:00:00,5.158297,0.00001
1993-11-01 00:00:00,5.080392,0.00001
1993-11-02 00:00:00,4.984486,0.00001
1993-11-03 00:00:00,4.898954,0.00001
1993-11-04 00:00:00,4.815406,0.00001
1993-11-05 00:00:00,4.72464,0.00001
1993-11-06 00:00:00,4.636646,0.00001
1993-11-07 00:00:00,4.537675,0.00001
1993-11-08 00:00:00,4.562115,0.00001
1993-11-09 00:00:00,4.864406,0.00001
1993-11-10 00:00:00,6.298808,0.00001
1993-11-11 00:00:00,6.504481,0.00001
1993-11-12 00:00:00,6.591037,0.00001
1993-11-13 00:00:00,6.638583,0.00001
1993-11-14 00:00:00,6.655699,0.00001
1993-11-15 00:00:00,6.63756,0.00001
1993-11-16 00:00:00,6.624273,0.00001
1993-11-17 00:00:00,6.573872,0.00001
1993-11-18 00:00:00,6.510522,0.00001
1993-11-19 00:00:00,6.469404,0.00001
1993-11-20 00:00:00,6.417589,0.00001
1993-11-21 00:00:00,6.356086,0.00001
1993-11-22 00:00:00,6.263587,0.00001
1993-11-23 00:00:00,6.164346,0.00001
1993-11-24 00:00:00,6.062723,0.00001
1993-11-25 00:00:00,5.964415,0.00001
1993-11-26 00:00:00,5.851512,0.00001
1993-11-27 00:00:00,5.740541,0.00001
1993-11-28 00:00:00,5.65156,0.00001
1993-11-29 00:00:00,5.566399,0.00001
1993-11-30 00:00:00,5.55485,0.00001
1993-12-01 00:00:00,5.444573,0.00001
1993-12-02 00:00:00,5.339583,0.00001
1993-12-03 00:00:00,5.234832,0.00001
1993-12-04 00:00:00,5.142275,0.00001
1993-12-05 00:00:00,5.063486,0.00001
1993-12-06 00:00:00,5.161365,0.00001
1993-12-07 00:00:00,5.163314,0.00001
1993-12-08 00:00:00,5.08214,0.00001
1993-12-09 00:00:00,5.002754,0.00001
1993-12-10 00:00:00,4.922627,0.00001
1993-12-11 00:00:00,4.83643,0.00001
1993-12-12 00:00:00,4.741357,0.00001
1993-12-13 00:00:00,4.647468,0.00001
1993-12-14 00:00:00,4.54732,0.00001
1993-12-15 00:00:00,4.454134,0.00001
1993-12-16 00:00:00,4.385977,0.00001
1993-12-17 00:00:00,4.303592,0.00001
1993-12-18 00:00:00,4.2234,0.00001
1993-12-19 00:00:00,4.154929,0.00001
1993-12-20 00:00:00,4.11153,0.00001
1993-12-21 00:00:00,4.057118,0.00001
1993-12-22 00:00:00,3.992167,0.00001
1993-12-23 00:00:00,3.926403,0.00001
1993-12-24 00:00:00,3.855889,0.00001
1993-12-25 00:00:00,3.794629,0.00001
1993-12-26 00:00:00,3.73334,0.00001
1993-12-27 00:00:00,3.667442,0.00001
1993-12-28 00:00:00,3.599333,0.00001
1993-12-29 00:00:00,3.552753,0.00001
1993-12-30 00:00:00,3.504061,0.00001
1993-12-31 00:00:00,3.457921,0.00001
1994-01-01 00:00:00,3.446188,0.00001
1994-01-02 00:00:00,3.815676,0.00001
1994-01-03 00:00:00,3.614528,0.00001
1994-01-04 00:00:00,3.547273,0.00001
1994-01-05 00:00:00,3.513674,0.00001
1994-01-06 00:00:00,3.478171,0.00001
1994-01-07 00:00:00,3.421059,0.00001
1994-01-08 00:00:00,3.485272,0.00001
1994-01-09 00:00:00,3.405928,0.00001
1994-01-10 00:00:00,3.372562,0.00001
1994-01-11 00:00:00,3.377294,0.00001
1994-01-12 00:00:00,3.372098,0.00001
1994-01-13 00:00:00,3.321319,0.00001
1994-01-14 00:00:00,3.282702,0.00001
1994-01-15 00:00:00,3.222581,0.00001
1994-01-16 00:00:00,3.144794,0.00001
1994-01-17 00:00:00,3.279674,0.00001
1994-01-18 00:00:00,3.419233,0.00001
1994-01-19 00:00:00,3.393598,0.00001
1994-01-20 00:00:00,3.359471,0.00001
1994-01-21 00:00:00,3.569326,0.00001
1994-01-22 00:00:00,3.844748,0.00001
1994-01-23 00:00:00,4.211912,0.00001
1994-01-24 00:00:00,4.373003,0.00001
1994-01-25 00:00:00,4.373636,0.00001
1994-01-26 00:00:00,4.375946,0.00001
1994-01-27 00:00:00,4.349891,0.00001
1994-01-28 00:00:00,4.398814,0.00001
1994-01-29 00:00:00,4.392056,0.00001
1994-01-30 00:00:00,4.379451,0.00001
1994-01-31 00:00:00,4.362969,0.00001
1994-02-01 00:00:00,4.350379,0.00001
1994-02-02 00:00:00,4.374895,0.00001
1994-02-03 00:00:00,4.311643,0.00001
1994-02-04 00:00:00,4.515718,0.00001
1994-02-05 00:00:00,4.561122,0.00001
1994-02-06 00:00:00,4.619118,0.00001
1994-02-07 00:00:00,4.675831,0.00001
1994-02-08 00:00:00,4.618168,0.00001
1994-02-09 00:00:00,4.720449,0.00001
1994-02-10 00:00:00,4.852548,0.00001
1994-02-11 00:00:00,5.5128,0.00001
1994-02-12 00:00:00,6.140085,0.00001
1994-02-13 00:00:00,6.426617,0.00001
1994-02-14 00:00:00,6.617479,0.00001
1994-02-15 00:00:00,6.714276,0.00001
1994-02-16 00:00:00,6.832945,0.00001
1994-02-17 00:00:00,6.90422,0.00001
1994-02-18 00:00:00,6.950508,0.00001
1994-02-19 00:00:00,7.00212,0.00001
1994-02-20 00:00:00,7.045787,0.00001
1994-02-21 00:00:00,7.049964,0.00001
1994-02-22 00:00:00,7.047373,0.00001
1994-02-23 00:00:00,7.046977,0.00001
1994-02-24 00:00:00,7.208929,0.00001
1994-02-25 00:00:00,7.259092,0.00001
1994-02-26 00:00:00,7.252706,0.00001
1994-02-27 00:00:00,7.326827,0.00001
1994-02-28 00:00:00,7.375769,0.00001
1994-03-01 00:00:00,7.312451,0.00001
1994-03-02 00:00:00,7.241977,0.00001
1994-03-03 00:00:00,7.162458,0.00001
1994-03-04 00:00:00,7.107898,0.00001
1994-03-05 00:00:00,7.213594,0.00001
1994-03-06 00:00:00,7.18977,0.00001
1994-03-07 00:00:00,7.090912,0.00001
1994-03-08 00:00:00,7.457326,0.00001
1994-03-09 00:00:00,7.459121,0.00001
1994-03-10 00:00:00,7.282422,0.00001
1994-03-11 00:00:00,7.115956,0.00001
1994-03-12 00:00:00,6.943837,0.00001
1994-03-13 00:00:00,6.750123,0.00001
1994-03-14 00:00:00,6.639336,0.00001
1994-03-15 00:00:00,6.666192,0.00001
1994-03-16 00:00:00,6.57999,0.00001
1994-03-17 00:00:00,6.463973,0.00001
1994-03-18 00:00:00,6.352154,0.00001
1994-03-19 00:00:00,6.223586,0.00001
1994-03-20 00:00:00,6.074041,0.00001
1994-03-21 00:00:00,5.951301,0.00001
1994-03-22 00:00:00,5.81282,0.00001
1994-03-23 00:00:00,5.642164,0.00001
1994-03-24 00:00:00,5.512808,0.00001
1994-03-25 00:00:00,5.394788,0.00001
1994-03-26 00:00:00,5.251698,0.00001
1994-03-27 00:00:00,5.086721,0.00001
1994-03-28 00:00:00,4.999703,0.00001
1994-03-29 00:00:00,4.81459,0.00001
1994-03-30 00:00:00,4.597183,0.00001
1994-03-31 00:00:00,4.411912,0.00001
1994-04-01 00:00:00,4.260193,0.00001
1994-04-02 00:00:00,4.084264,0.00001
1994-04-03 00:00:00,4.910679,0.00001
1994-04-04 00:00:00,5.300788,0.00001
1994-04-05 00:00:00,5.561714,0.00001
1994-04-06 00:00:00,5.745519,0.00001
1994-04-07 00:00:00,5.672696,0.00001
1994-04-08 00:00:00,6.302577,0.00001
1994-04-09 00:00:00,8.047092,0.00001
1994-04-10 00:00:00,8.523377,0.00001
1994-04-11 00:00:00,8.898033,0.00001
1994-04-12 00:00:00,9.106736,0.00001
1994-04-13 00:00:00,9.133162,0.00001
1994-04-14 00:00:00,9.129074,0.00001
1994-04-15 00:00:00,9.44895,0.00001
1994-04-16 00:00:00,9.437136,0.00001
1994-04-17 00:00:00,9.561887,0.00001
1994-04-18 00:00:00,9.669504,0.00001
1994-04-19 00:00:00,9.713684,0.00001
1994-04-20 00:00:00,9.97772,0.00001
1994-04-21 00:00:00,10.393094,0.00001
1994-04-22 00:00:00,12.939546,0.00001
1994-04-23 00:00:00,16.391358,0.00001
1994-04-24 00:00:00,17.704848,0.00001
1994-04-25 00:00:00,18.3268,0.00001
1994-04-26 00:00:00,18.628353,0.00001
1994-04-27 00:00:00,19.870676,0.00001
1994-04-28 00:00:00,20.286875,0.00001
1994-04-29 00:00:00,20.249147,0.00001
1994-04-30 00:00:00,20.058457,0.00001
1994-05-01 00:00:00,19.733232,0.00001
1994-05-02 00:00:00,19.336155,0.00001
1994-05-03 00:00:00,18.935609,0.00001
1994-05-04 00:00:00,18.515486,0.00001
1994-05-05 00:00:00,18.21716,0.00001
1994-05-06 00:00:00,19.509398,0.00001
1994-05-07 00:00:00,19.618809,0.00001
1994-05-08 00:00:00,19.247214,0.00001
1994-05-09 00:00:00,18.64703,0.00001
1994-05-10 00:00:00,17.994898,0.00001
1994-05-11 00:00:00,17.615224,0.00001
1994-05-12 00:00:00,17.524471,0.00001
1994-05-13 00:00:00,17.127604,0.00001
1994-05-14 00:00:00,16.461741,0.00001
1994-05-15 00:00:00,16.052538,0.00001
1994-05-16 00:00:00,17.037917,0.00001
1994-05-17 00:00:00,20.107541,0.00001
1994-05-18 00:00:00,20.996283,0.00001
1994-05-19 00:00:00,20.990726,0.00001
1994-05-20 00:00:00,20.89787,0.00001
1994-05-21 00:00:00,21.00539,0.00001
1994-05-22 00:00:00,20.726413,0.00001
1994-05-23 00:00:00,20.862738,0.00001
1994-05-24 00:00:00,20.489498,0.00001
1994-05-25 00:00:00,19.890784,0.00001
1994-05-26 00:00:00,19.207014,0.00001
1994-05-27 00:00:00,18.476035,0.00001
1994-05-28 00:00:00,17.745459,0.00001
1994-05-29 00:00:00,16.99419,0.00001
1994-05-30 00:00:00,16.265782,0.00001
1994-05-31 00:00:00,15.796866,0.00001
1994-06-01 00:00:00,15.870635,0.00001
1994-06-02 00:00:00,16.292153,0.00001
1994-06-03 00:00:00,15.691866,0.00001
1994-06-04 00:00:00,15.809933,0.00001
1994-06-05 00:00:00,15.226709,0.00001
1994-06-06 00:00:00,15.50862,0.00001
1994-06-07 00:00:00,15.678347,0.00001
1994-06-08 00:00:00,15.059601,0.00001
1994-06-09 00:00:00,15.007902,0.00001
1994-06-10 00:00:00,15.130592,0.00001
1994-06-11 00:00:00,15.230602,0.00001
1994-06-12 00:00:00,15.370694,0.00001
1994-06-13 00:00:00,16.643854,0.00001
1994-06-14 00:00:00,16.355262,0.00001
1994-06-15 00:00:00,15.992617,0.00001
1994-06-16 00:00:00,15.683996,0.00001
1994-06-17 00:00:00,15.239942,0.00001
1994-06-18 00:00:00,14.713924,0.00001
1994-06-19 00:00:00,14.229131,0.00001
1994-06-20 00:00:00,13.712038,0.00001
1994-06-21 00:00:00,13.203675,0.00001
1994-06-22 00:00:00,13.171659,0.00001
1994-06-23 00:00:00,13.485087,0.00001
1994-06-24 00:00:00,12.992677,0.00001
1994-06-25 00:00:00,12.324502,0.00001
1994-06-26 00:00:00,11.744673,0.00001
1994-06-27 00:00:00,11.265108,0.00001
1994-06-28 00:00:00,11.279229,0.00001
1994-06-29 00:00:00,11.051491,0.00001
1994-06-30 00:00:00,10.958157,0.00001
1994-07-01 00:00:00,11.40393,0.00001
1994-07-02 00:00:00,11.017753,0.00001
1994-07-03 00:00:00,10.751773,0.00001
1994-07-04 00:00:00,10.253995,0.00001
1994-07-05 00:00:00,9.837641,0.00001
1994-07-06 00:00:00,9.519534,0.00001
1994-07-07 00:00:00,9.077111,0.00001
1994-07-08 00:00:00,8.819289,0.00001
1994-07-09 00:00:00,8.58374,0.00001
1994-07-10 00:00:00,8.202103,0.00001
1994-07-11 00:00:00,7.791687,0.00001
1994-07-12 00:00:00,7.394104,0.00001
1994-07-13 00:00:00,7.085695,0.00001
1994-07-14 00:00:00,6.760103,0.00001
1994-07-15 00:00:00,6.405495,0.00001
1994-07-16 00:00:00,6.417339,0.00001
1994-07-17 00:00:00,7.327375,0.00001
1994-07-18 00:00:00,7.380657,0.00001
1994-07-19 00:00:00,7.395289,0.00001
1994-07-20 00:00:00,7.872187,0.00001
1994-07-21 00:00:00,8.482726,0.00001
1994-07-22 00:00:00,8.402061,0.00001
1994-07-23 00:00:00,8.441808,0.00001
1994-07-24 00:00:00,8.367209,0.00001
1994-07-25 00:00:00,8.250901,0.00001
1994-07-26 00:00:00,8.427002,0.00001
1994-07-27 00:00:00,8.241074,0.00001
1994-07-28 00:00:00,7.992229,0.00001
1994-07-29 00:00:00,7.746508,0.00001
1994-07-30 00:00:00,7.62667,0.00001
1994-07-31 00:00:00,8.272143,0.00001
1994-08-01 00:00:00,8.135362,0.00001
1994-08-02 00:00:00,7.904082,0.00001
1994-08-03 00:00:00,7.752849,0.00001
1994-08-04 00:00:00,7.708954,0.00001
1994-08-05 00:00:00,7.457521,0.00001
1994-08-06 00:00:00,7.193589,0.00001
1994-08-07 00:00:00,7.554483,0.00001
1994-08-08 00:00:00,7.460271,0.00001
1994-08-09 00:00:00,7.584338,0.00001
1994-08-10 00:00:00,7.469329,0.00001
1994-08-11 00:00:00,7.264941,0.00001
1994-08-12 00:00:00,7.466345,0.00001
1994-08-13 00:00:00,7.30845,0.00001
1994-08-14 00:00:00,7.061428,0.00001
1994-08-15 00:00:00,6.793087,0.00001
1994-08-16 00:00:00,6.671971,0.00001
1994-08-17 00:00:00,6.384491,0.00001
1994-08-18 00:00:00,6.434561,0.00001
1994-08-19 00:00:00,6.504858,0.00001
1994-08-20 00:00:00,6.255572,0.00001
1994-08-21 00:00:00,6.020071,0.00001
1994-08-22 00:00:00,5.945505,0.00001
1994-08-23 00:00:00,6.482912,0.00001
1994-08-24 00:00:00,6.785148,0.00001
1994-08-25 00:00:00,6.611969,0.00001
1994-08-26 00:00:00,6.375359,0.00001
1994-08-27 00:00:00,6.140604,0.00001
1994-08-28 00:00:00,5.908157,0.00001
1994-08-29 00:00:00,5.721401,0.00001
1994-08-30 00:00:00,5.550234,0.00001
1994-08-31 00:00:00,5.343387,0.00001
1994-09-01 00:00:00,5.107538,0.00001
1994-09-02 00:00:00,4.859978,0.00001
1994-09-03 00:00:00,4.6626,0.00001
1994-09-04 00:00:00,4.42531,0.00001
1994-09-05 00:00:00,4.217481,0.00001
1994-09-06 00:00:00,4.025582,0.00001
1994-09-07 00:00:00,3.851387,0.00001
1994-09-08 00:00:00,3.743109,0.00001
1994-09-09 00:00:00,3.627881,0.00001
1994-09-10 00:00:00,3.472291,0.00001
1994-09-11 00:00:00,3.271696,0.00001
1994-09-12 00:00:00,3.156395,0.00001
1994-09-13 00:00:00,3.01724,0.00001
1994-09-14 00:00:00,2.860967,0.00001
1994-09-15 00:00:00,2.730964,0.00001
1994-09-16 00:00:00,2.581412,0.00001
1994-09-17 00:00:00,2.410718,0.00001
1994-09-18 00:00:00,2.248254,0.00001
1994-09-19 00:00:00,2.18254,0.00001
1994-09-20 00:00:00,2.087931,0.00001
1994-09-21 00:00:00,1.986009,0.00001
1994-09-22 00:00:00,1.843602,0.00001
1994-09-23 00:00:00,1.711707,0.00001
1994-09-24 00:00:00,1.607571,0.00001
1994-09-25 00:00:00,1.478217,0.00001
1994-09-26 00:00:00,1.431071,0.00001
1994-09-27 00:00:00,2.139797,0.00001
1994-09-28 00:00:00,2.509632,0.00001
1994-09-29 00:00:00,2.477645,0.00001
1994-09-30 00:00:00,2.360033,0.00001
1994-10-01 00:00:00,2.29811,0.00001
1994-10-02 00:00:00,2.379812,0.00001
1994-10-03 00:00:00,2.55716,0.00001
1994-10-04 00:00:00,2.551277,0.00001
1994-10-05 00:00:00,2.481168,0.00001
1994-10-06 00:00:00,2.409538,0.00001
1994-10-07 00:00:00,2.339482,0.00001
1994-10-08 00:00:00,2.291019,0.00001
1994-10-09 00:00:00,2.196846,0.00001
1994-10-10 00:00:00,2.095851,0.00001
1994-10-11 00:00:00,1.999857,0.00001
1994-10-12 00:00:00,1.907816,0.00001
1994-10-13 00:00:00,1.938324,0.00001
1994-10-14 00:00:00,1.882399,0.00001
1994-10-15 00:00:00,1.854218,0.00001
1994-10-16 00:00:00,2.04601,0.00001
1994-10-17 00:00:00,2.018755,0.00001
1994-10-18 00:00:00,1.978182,0.00001
1994-10-19 00:00:00,1.918362,0.00001
1994-10-20 00:00:00,1.879215,0.00001
1994-10-21 00:00:00,1.799551,0.00001
1994-10-22 00:00:00,1.751168,0.00001
1994-10-23 00:00:00,1.713175,0.00001
1994-10-24 00:00:00,1.658622,0.00001
1994-10-25 00:00:00,1.587724,0.00001
1994-10-26 00:00:00,1.516194,0.00001
1994-10-27 00:00:00,1.450638,0.00001
1994-10-28 00:00:00,1.386335,0.00001
1994-10-29 00:00:00,1.332468,0.00001
1994-10-30 00:00:00,1.293451,0.00001
1994-10-31 00:00:00,1.233743,0.00001
1994-11-01 00:00:00,1.177613,0.00001
1994-11-02 00:00:00,1.146902,0.00001
1994-11-03 00:00:00,1.101918,0.00001
1994-11-04 00:00:00,1.047493,0.00001
1994-11-05 00:00:00,0.997889,0.00001
1994-11-06 00:00:00,0.937441,0.00001
1994-11-07 00:00:00,0.895401,0.00001
1994-11-08 00:00:00,0.877069,0.00001
1994-11-09 00:00:00,0.858137,0.00001
1994-11-10 00:00:00,0.900589,0.00001
1994-11-11 00:00:00,0.922688,0.00001
1994-11-12 00:00:00,0.901376,0.00001
1994-11-13 00:00:00,0.880723,0.00001
1994-11-14 00:00:00,0.871419,0.00001
1994-11-15 00:00:00,0.86034,0.00001
1994-11-16 00:00:00,0.850593,0.00001
1994-11-17 00:00:00,0.838988,0.00001
1994-11-18 00:00:00,0.821947,0.00001
1994-11-19 00:00:00,0.824165,0.00001
1994-11-20 00:00:00,0.816839,0.00001
1994-11-21 00:00:00,0.808185,0.00001
1994-11-22 00:00:00,0.815202,0.00001
1994-11-23 00:00:00,1.067388,0.00001
1994-11-24 00:00:00,1.148406,0.00001
1994-11-25 00:00:00,1.169185,0.00001
1994-11-26 00:00:00,1.218748,0.00001
1994-11-27 00:00:00,1.223354,0.00001
1994-11-28 00:00:00,1.238364,0.00001
1994-11-29 00:00:00,1.243352,0.00001
1994-11-30 00:00:00,1.241574,0.00001
1994-12-01 00:00:00,1.223452,0.00001
1994-12-02 00:00:00,1.224817,0.00001
1994-12-03 00:00:00,1.352344,0.00001
1994-12-04 00:00:00,1.49717,0.00001
1994-12-05 00:00:00,1.592821,0.00001
1994-12-06 00:00:00,1.623998,0.00001
1994-12-07 00:00:00,1.647182,0.00001
1994-12-08 00:00:00,1.663133,0.00001
1994-12-09 00:00:00,1.822238,0.00001
1994-12-10 00:00:00,1.887937,0.00001
1994-12-11 00:00:00,1.907778,0.00001
1994-12-12 00:00:00,1.917891,0.00001
1994-12-13 00:00:00,1.923791,0.00001
1994-12-14 00:00:00,1.956247,0.00001
1994-12-15 00:00:00,2.020483,0.00001
1994-12-16 00:00:00,2.030434,0.00001
1994-12-17 00:00:00,2.046583,0.00001
1994-12-18 00:00:00,2.050538,0.00001
1994-12-19 00:00:00,2.063166,0.00001
1994-12-20 00:00:00,2.085953,0.00001
1994-12-21 00:00:00,2.108465,0.00001
1994-12-22 00:00:00,2.114291,0.00001
1994-12-23 00:00:00,2.182806,0.00001
1994-12-24 00:00:00,2.155782,0.00001
1994-12-25 00:00:00,2.149649,0.00001
1994-12-26 00:00:00,2.167326,0.00001
1994-12-27 00:00:00,2.158454,0.00001
1994-12-28 00:00:00,2.153748,0.00001
1994-12-29 00:00:00,2.107161,0.00001
1994-12-30 00:00:00,2.141113,0.00001
1994-12-31 00:00:00,2.133262,0.00001
1990-01-01 00:00:00,5.326274,0.00001
1990-01-02 00:00:00,5.279789,0.00001
1990-01-03 00:00:00,5.232633,0.00001
1990-01-04 00:00:00,5.190151,0.00001
1990-01-05 00:00:00,5.24443,0.00001
1990-01-06 00:00:00,5.297507,0.00001
1990-01-07 00:00:00,5.210604,0.00001
1990-01-08 00:00:00,5.153491,0.00001
1990-01-09 00:00:00,5.191968,0.00001
1990-01-10 00:00:00,5.121855,0.00001
1990-01-11 00:00:00,5.080963,0.00001
1990-01-12 00:00:00,4.987766,0.00001
1990-01-13 00:00:00,5.02067,0.00001
1990-01-14 00:00:00,5.130408,0.00001
1990-01-15 00:00:00,5.017816,0.00001
1990-01-16 00:00:00,4.937935,0.00001
1990-01-17 00:00:00,4.831148,0.00001
1990-01-18 00:00:00,4.904465,0.00001
1990-01-19 00:00:00,5.348336,0.00001
1990-01-20 00:00:00,5.161512,0.00001
1990-01-21 00:00:00,5.137636,0.00001
1990-01-22 00:00:00,5.109813,0.00001
1990-01-23 00:00:00,5.010224,0.00001
1990-01-24 00:00:00,4.917166,0.00001
1990-01-25 00:00:00,4.825883,0.00001
1990-01-26 00:00:00,4.740954,0.00001
1990-01-27 00:00:00,4.658599,0.00001
1990-01-28 00:00:00,4.577803,0.00001
1990-01-29 00:00:00,4.507304,0.00001
1990-01-30 00:00:00,4.433556,0.00001
1990-01-31 00:00:00,4.359052,0.00001
1990-02-01 00:00:00,4.283704,0.00001
1990-02-02 00:00:00,4.216444,0.00001
1990-02-03 00:00:00,4.184206,0.00001
1990-02-04 00:00:00,4.118518,0.00001
1990-02-05 00:00:00,4.06557,0.00001
1990-02-06 00:00:00,4.012139,0.00001
1990-02-07 00:00:00,3.963927,0.00001
1990-02-08 00:00:00,3.912586,0.00001
1990-02-09 00:00:00,3.860977,0.00001
1990-02-10 00:00:00,3.793336,0.00001
1990-02-11 00:00:00,3.752937,0.00001
1990-02-12 00:00:00,3.709586,0.00001
1990-02-13 00:00:00,3.663314,0.00001
1990-02-14 00:00:00,3.626003,0.00001
1990-02-15 00:00:00,3.587365,0.00001
1990-02-16 00:00:00,3.536378,0.00001
1990-02-17 00:00:00,3.478934,0.00001
1990-02-18 00:00:00,3.348915,0.00001
1990-02-19 00:00:00,3.375239,0.00001
1990-02-20 00:00:00,3.265242,0.00001
1990-02-21 00:00:00,3.469929,0.00001
1990-02-22 00:00:00,3.395373,0.00001
1990-02-23 00:00:00,3.43595,0.00001
1990-02-24 00:00:00,3.696675,0.00001
1990-02-25 00:00:00,3.822901,0.00001
1990-02-26 00:00:00,3.887358,0.00001
1990-02-27 00:00:00,3.937808,0.00001
1990-02-28 00:00:00,3.984619,0.00001
1990-03-01 00:00:00,4.009101,0.00001
1990-03-02 00:00:00,4.021498,0.00001
1990-03-03 00:00:00,4.012744,0.00001
1990-03-04 00:00:00,4.149806,0.00001
1990-03-05 00:00:00,4.279774,0.00001
1990-03-06 00:00:00,4.506211,0.00001
1990-03-07 00:00:00,4.498193,0.00001
1990-03-08 00:00:00,4.467359,0.00001
1990-03-09 00:00:00,4.434476,0.00001
1990-03-10 00:00:00,4.215529,0.00001
1990-03-11 00:00:00,4.394311,0.00001
1990-03-12 00:00:00,4.404028,0.00001
1990-03-13 00:00:00,4.393566,0.00001
1990-03-14 00:00:00,4.309315,0.00001
1990-03-15 00:00:00,4.267967,0.00001
1990-03-16 00:00:00,4.204178,0.00001
1990-03-17 00:00:00,4.21274,0.00001
1990-03-18 00:00:00,4.192247,0.00001
1990-03-19 00:00:00,4.152955,0.00001
1990-03-20 00:00:00,4.82181,0.00001
1990-03-21 00:00:00,4.897147,0.00001
1990-03-22 00:00:00,4.905815,0.00001
1990-03-23 00:00:00,4.917424,0.00001
1990-03-24 00:00:00,4.862754,0.00001
1990-03-25 00:00:00,4.840766,0.00001
1990-03-26 00:00:00,5.043792,0.00001
1990-03-27 00:00:00,5.877294,0.00001
1990-03-28 00:00:00,6.197699,0.00001
1990-03-29 00:00:00,6.307938,0.00001
1990-03-30 00:00:00,6.358877,0.00001
1990-03-31 00:00:00,6.413419,0.00001
1990-04-01 00:00:00,6.459991,0.00001
1990-04-02 00:00:00,6.441431,0.00001
1990-04-03 00:00:00,6.313075,0.00001
1990-04-04 00:00:00,6.296893,0.00001
1990-04-05 00:00:00,6.293571,0.00001
1990-04-06 00:00:00,6.340773,0.00001
1990-04-07 00:00:00,6.756138,0.00001
1990-04-08 00:00:00,7.270833,0.00001
1990-04-09 00:00:00,7.752269,0.00001
1990-04-10 00:00:00,8.703177,0.00001
1990-04-11 00:00:00,9.316911,0.00001
1990-04-12 00:00:00,10.090099,0.00001
1990-04-13 00:00:00,10.175117,0.00001
1990-04-14 00:00:00,10.208166,0.00001
1990-04-15 00:00:00,10.27952,0.00001
1990-04-16 00:00:00,10.254923,0.00001
1990-04-17 00:00:00,10.435025,0.00001
1990-04-18 00:00:00,11.529014,0.00001
1990-04-19 00:00:00,11.652567,0.00001
1990-04-20 00:00:00,11.93015,0.00001
1990-04-21 00:00:00,12.312738,0.00001
1990-04-22 00:00:00,12.238265,0.00001
1990-04-23 00:00:00,12.123136,0.00001
1990-04-24 00:00:00,12.115409,0.00001
1990-04-25 00:00:00,12.050383,0.00001
1990-04-26 00:00:00,12.937397,0.00001
1990-04-27 00:00:00,13.692827,0.00001
1990-04-28 00:00:00,13.580338,0.00001
1990-04-29 00:00:00,13.535607,0.00001
1990-04-30 00:00:00,13.384758,0.00001
1990-05-01 00:00:00,13.262476,0.00001
1990-05-02 00:00:00,13.056029,0.00001
1990-05-03 00:00:00,12.780725,0.00001
1990-05-04 00:00:00,12.550214,0.00001
1990-05-05 00:00:00,12.168914,0.00001
1990-05-06 00:00:00,11.743459,0.00001
1990-05-07 00:00:00,11.530192,0.00001
1990-05-08 00:00:00,12.835648,0.00001
1990-05-09 00:00:00,13.982372,0.00001
1990-05-10 00:00:00,14.816457,0.00001
1990-05-11 00:00:00,14.736399,0.00001
1990-05-12 00:00:00,14.553882,0.00001
1990-05-13 00:00:00,15.027377,0.00001
1990-05-14 00:00:00,14.896195,0.00001
1990-05-15 00:00:00,14.517536,0.00001
1990-05-16 00:00:00,14.123875,0.00001
1990-05-17 00:00:00,13.983381,0.00001
1990-05-18 00:00:00,13.740854,0.00001
1990-05-19 00:00:00,13.323414,0.00001
1990-05-20 00:00:00,12.929263,0.00001
1990-05-21 00:00:00,12.5461,0.00001
1990-05-22 00:00:00,12.295501,0.00001
1990-05-23 00:00:00,12.659411,0.00001
1990-05-24 00:00:00,12.506573,0.00001
1990-05-25 00:00:00,12.132331,0.00001
1990-05-26 00:00:00,12.369441,0.00001
1990-05-27 00:00:00,13.210215,0.00001
1990-05-28 00:00:00,14.033792,0.00001
1990-05-29 00:00:00,13.924053,0.00001
1990-05-30 00:00:00,13.55575,0.00001
1990-05-31 00:00:00,13.16585,0.00001
1990-06-01 00:00:00,12.986838,0.00001
1990-06-02 00:00:00,12.909928,0.00001
1990-06-03 00:00:00,12.536147,0.00001
1990-06-04 00:00:00,12.080572,0.00001
1990-06-05 00:00:00,11.774521,0.00001
1990-06-06 00:00:00,11.705717,0.00001
1990-06-07 00:00:00,11.795203,0.00001
1990-06-08 00:00:00,11.702919,0.00001
1990-06-09 00:00:00,11.440516,0.00001
1990-06-10 00:00:00,11.050309,0.00001
1990-06-11 00:00:00,10.641185,0.00001
1990-06-12 00:00:00,10.22396,0.00001
1990-06-13 00:00:00,9.7728,0.00001
1990-06-14 00:00:00,9.319433,0.00001
1990-06-15 00:00:00,8.888273,0.00001
1990-06-16 00:00:00,8.478853,0.00001
1990-06-17 00:00:00,8.125267,0.00001
1990-06-18 00:00:00,7.726003,0.00001
1990-06-19 00:00:00,7.297364,0.00001
1990-06-20 00:00:00,6.877254,0.00001
1990-06-21 00:00:00,6.491176,0.00001
1990-06-22 00:00:00,6.122048,0.00001
1990-06-23 00:00:00,5.775494,0.00001
1990-06-24 00:00:00,5.447643,0.00001
1990-06-25 00:00:00,5.219162,0.00001
1990-06-26 00:00:00,5.636228,0.00001
1990-06-27 00:00:00,5.5614,0.00001
1990-06-28 00:00:00,5.357075,0.00001
1990-06-29 00:00:00,5.268602,0.00001
1990-06-30 00:00:00,5.008567,0.00001
1990-07-01 00:00:00,4.744987,0.00001
1990-07-02 00:00:00,4.450741,0.00001
1990-07-03 00:00:00,4.232165,0.00001
1990-07-04 00:00:00,4.892497,0.00001
1990-07-05 00:00:00,5.268065,0.00001
1990-07-06 00:00:00,5.184709,0.00001
1990-07-07 00:00:00,5.021116,0.00001
1990-07-08 00:00:00,4.992618,0.00001
1990-07-09 00:00:00,4.971378,0.00001
1990-07-10 00:00:00,4.678638,0.00001
1990-07-11 00:00:00,4.382008,0.00001
1990-07-12 00:00:00,4.09059,0.00001
1990-07-13 00:00:00,3.816451,0.00001
1990-07-14 00:00:00,3.53083,0.00001
1990-07-15 00:00:00,3.492146,0.00001
1990-07-16 00:00:00,3.627431,0.00001
1990-07-17 00:00:00,3.380966,0.00001
1990-07-18 00:00:00,3.334296,0.00001
1990-07-19 00:00:00,3.299791,0.00001
1990-07-20 00:00:00,3.207871,0.00001
1990-07-21 00:00:00,2.961127,0.00001
1990-07-22 00:00:00,3.327831,0.00001
1990-07-23 00:00:00,3.331098,0.00001
1990-07-24 00:00:00,3.192311,0.00001
1990-07-25 00:00:00,3.02803,0.00001
1990-07-26 00:00:00,3.102136,0.00001
1990-07-27 00:00:00,3.124426,0.00001
1990-07-28 00:00:00,3.021453,0.00001
1990-07-29 00:00:00,2.780488,0.00001
1990-07-30 00:00:00,2.592211,0.00001
1990-07-31 00:00:00,2.521516,0.00001
1990-08-01 00:00:00,2.648864,0.00001
1990-08-02 00:00:00,2.637955,0.00001
1990-08-03 00:00:00,2.750792,0.00001
1990-08-04 00:00:00,2.687572,0.00001
1990-08-05 00:00:00,2.571558,0.00001
1990-08-06 00:00:00,2.467861,0.00001
1990-08-07 00:00:00,2.413147,0.00001
1990-08-08 00:00:00,2.336526,0.00001
1990-08-09 00:00:00,2.303519,0.00001
1990-08-10 00:00:00,2.161283,0.00001
1990-08-11 00:00:00,1.996894,0.00001
1990-08-12 00:00:00,1.842392,0.00001
1990-08-13 00:00:00,1.680368,0.00001
1990-08-14 00:00:00,1.561406,0.00001
1990-08-15 00:00:00,1.897147,0.00001
1990-08-16 00:00:00,2.363417,0.00001
1990-08-17 00:00:00,2.480402,0.00001
1990-08-18 00:00:00,2.434499,0.00001
1990-08-19 00:00:00,2.618419,0.00001
1990-08-20 00:00:00,2.636011,0.00001
1990-08-21 00:00:00,2.533543,0.00001
1990-08-22 00:00:00,2.429163,0.00001
1990-08-23 00:00:00,2.325892,0.00001
1990-08-24 00:00:00,2.295148,0.00001
1990-08-25 00:00:00,2.235895,0.00001
1990-08-26 00:00:00,2.118782,0.00001
1990-08-27 00:00:00,2.084008,0.00001
1990-08-28 00:00:00,2.558285,0.00001
1990-08-29 00:00:00,2.692455,0.00001
1990-08-30 00:00:00,2.590774,0.00001
1990-08-31 00:00:00,2.487809,0.00001
1990-09-01 00:00:00,2.371838,0.00001
1990-09-02 00:00:00,2.256251,0.00001
1990-09-03 00:00:00,2.201601,0.00001
1990-09-04 00:00:00,2.083436,0.00001
1990-09-05 00:00:00,2.007009,0.00001
1990-09-06 00:00:00,1.992038,0.00001
1990-09-07 00:00:00,2.257572,0.00001
1990-09-08 00:00:00,2.121126,0.00001
1990-09-09 00:00:00,2.02511,0.00001
1990-09-10 00:00:00,1.954938,0.00001
1990-09-11 00:00:00,1.850677,0.00001
1990-09-12 00:00:00,1.856541,0.00001
1990-09-13 00:00:00,1.690607,0.00001
1990-09-14 00:00:00,1.575425,0.00001
1990-09-15 00:00:00,1.493256,0.00001
1990-09-16 00:00:00,1.613781,0.00001
1990-09-17 00:00:00,1.531991,0.00001
1990-09-18 00:00:00,1.502616,0.00001
1990-09-19 00:00:00,2.054201,0.00001
1990-09-20 00:00:00,2.201249,0.00001
1990-09-21 00:00:00,2.227065,0.00001
1990-09-22 00:00:00,2.129421,0.00001
1990-09-23 00:00:00,2.042857,0.00001
1990-09-24 00:00:00,1.982163,0.00001
1990-09-25 00:00:00,1.920497,0.00001
1990-09-26 00:00:00,1.818358,0.00001
1990-09-27 00:00:00,1.687416,0.00001
1990-09-28 00:00:00,1.562931,0.00001
1990-09-29 00:00:00,1.53928,0.00001
1990-09-30 00:00:00,1.68429,0.00001
1990-10-01 00:00:00,1.777146,0.00001
1990-10-02 00:00:00,1.715906,0.00001
1990-10-03 00:00:00,1.699939,0.00001
1990-10-04 00:00:00,1.624644,0.00001
1990-10-05 00:00:00,2.08921,0.00001
1990-10-06 00:00:00,3.400363,0.00001
1990-10-07 00:00:00,3.564921,0.00001
1990-10-08 00:00:00,3.618448,0.00001
1990-10-09 00:00:00,3.641973,0.00001
1990-10-10 00:00:00,3.576162,0.00001
1990-10-11 00:00:00,3.504981,0.00001
1990-10-12 00:00:00,3.402546,0.00001
1990-10-13 00:00:00,3.315853,0.00001
1990-10-14 00:00:00,3.345814,0.00001
1990-10-15 00:00:00,3.285087,0.00001
1990-10-16 00:00:00,3.231045,0.00001
1990-10-17 00:00:00,3.144837,0.00001
1990-10-18 00:00:00,3.104061,0.00001
1990-10-19 00:00:00,3.292298,0.00001
1990-10-20 00:00:00,3.489864,0.00001
1990-10-21 00:00:00,3.539058,0.00001
1990-10-22 00:00:00,3.612251,0.00001
1990-10-23 00:00:00,3.83361,0.00001
1990-10-24 00:00:00,3.897137,0.00001
1990-10-25 00:00:00,3.818461,0.00001
1990-10-26 00:00:00,3.885283,0.00001
1990-10-27 00:00:00,4.836996,0.00001
1990-10-28 00:00:00,5.083541,0.00001
1990-10-29 00:00:00,5.118999,0.00001
1990-10-30 00:00:00,5.173338,0.00001
1990-10-31 00:00:00,5.519669,0.00001
1990-11-01 00:00:00,6.785981,0.00001
1990-11-02 00:00:00,7.506095,0.00001
1990-11-03 00:00:00,7.783058,0.00001
1990-11-04 00:00:00,7.973325,0.00001
1990-11-05 00:00:00,8.120989,0.00001
1990-11-06 00:00:00,8.149409,0.00001
1990-11-07 00:00:00,8.099943,0.00001
1990-11-08 00:00:00,8.160466,0.00001
1990-11-09 00:00:00,8.261237,0.00001
1990-11-10 00:00:00,8.790319,0.00001
1990-11-11 00:00:00,8.931618,0.00001
1990-11-12 00:00:00,8.93929,0.00001
1990-11-13 00:00:00,8.902204,0.00001
1990-11-14 00:00:00,8.852553,0.00001
1990-11-15 00:00:00,8.791157,0.00001
1990-11-16 00:00:00,8.716525,0.00001
1990-11-17 00:00:00,8.641189,0.00001
1990-11-18 00:00:00,8.542882,0.00001
1990-11-19 00:00:00,8.459445,0.00001
1990-11-20 00:00:00,8.329761,0.00001
1990-11-21 00:00:00,8.206471,0.00001
1990-11-22 00:00:00,8.085254,0.00001
1990-11-23 00:00:00,7.953584,0.00001
1990-11-24 00:00:00,7.817239,0.00001
1990-11-25 00:00:00,7.66763,0.00001
1990-11-26 00:00:00,7.619855,0.00001
1990-11-27 00:00:00,8.456288,0.00001
1990-11-28 00:00:00,8.33609,0.00001
1990-11-29 00:00:00,8.205677,0.00001
1990-11-30 00:00:00,8.021477,0.00001
1990-12-01 00:00:00,7.970085,0.00001
1990-12-02 00:00:00,7.814127,0.00001
1990-12-03 00:00:00,7.7912,0.00001
1990-12-04 00:00:00,7.697419,0.00001
1990-12-05 00:00:00,7.583129,0.00001
1990-12-06 00:00:00,7.467468,0.00001
1990-12-07 00:00:00,7.382023,0.00001
1990-12-08 00:00:00,7.362912,0.00001
1990-12-09 00:00:00,7.265751,0.00001
1990-12-10 00:00:00,7.154359,0.00001
1990-12-11 00:00:00,7.116158,0.00001
1990-12-12 00:00:00,7.101343,0.00001
1990-12-13 00:00:00,7.055124,0.00001
1990-12-14 00:00:00,6.98658,0.00001
1990-12-15 00:00:00,6.83992,0.00001
1990-12-16 00:00:00,6.701652,0.00001
1990-12-17 00:00:00,6.565464,0.00001
1990-12-18 00:00:00,6.43904,0.00001
1990-12-19 00:00:00,6.309857,0.00001
1990-12-20 00:00:00,6.18715,0.00001
1990-12-21 00:00:00,6.066879,0.00001
1990-12-22 00:00:00,5.955846,0.00001
1990-12-23 00:00:00,5.848755,0.00001
1990-12-24 00:00:00,5.738674,0.00001
1990-12-25 00:00:00,5.632437,0.00001
1990-12-26 00:00:00,5.537189,0.00001
1990-12-27 00:00:00,5.432293,0.00001
1990-12-28 00:00:00,5.328736,0.00001
1990-12-29 00:00:00,5.237834,0.00001
1990-12-30 00:00:00,5.245376,0.00001
1990-12-31 00:00:00,5.1789,0.00001
1991-01-01 00:00:00,5.077277,0.00001
1991-01-02 00:00:00,4.975519,0.00001
1991-01-03 00:00:00,4.883565,0.00001
1991-01-04 00:00:00,4.800754,0.00001
1991-01-05 00:00:00,4.7159,0.00001
1991-01-06 00:00:00,4.636564,0.00001
1991-01-07 00:00:00,4.565858,0.00001
1991-01-08 00:00:00,4.490528,0.00001
1991-01-09 00:00:00,4.414151,0.00001
1991-01-10 00:00:00,4.472619,0.00001
1991-01-11 00:00:00,4.451718,0.00001
1991-01-12 00:00:00,4.353444,0.00001
1991-01-13 00:00:00,4.264087,0.00001
1991-01-14 00:00:00,4.177729,0.00001
1991-01-15 00:00:00,4.103055,0.00001
1991-01-16 00:00:00,4.069222,0.00001
1991-01-17 00:00:00,4.087884,0.00001
1991-01-18 00:00:00,4.724682,0.00001
1991-01-19 00:00:00,5.070568,0.00001
1991-01-20 00:00:00,5.182088,0.00001
1991-01-21 00:00:00,5.245964,0.00001
1991-01-22 00:00:00,5.368602,0.00001
1991-01-23 00:00:00,5.643932,0.00001
1991-01-24 00:00:00,5.702574,0.00001
1991-01-25 00:00:00,5.991519,0.00001
1991-01-26 00:00:00,6.453513,0.00001
1991-01-27 00:00:00,6.27203,0.00001
1991-01-28 00:00:00,6.228581,0.00001
1991-01-29 00:00:00,6.182374,0.00001
1991-01-30 00:00:00,6.131674,0.00001
1991-01-31 00:00:00,6.08724,0.00001
1991-02-01 00:00:00,6.042937,0.00001
1991-02-02 00:00:00,6.005782,0.00001
1991-02-03 00:00:00,5.967579,0.00001
1991-02-04 00:00:00,5.922781,0.00001
1991-02-05 00:00:00,5.869908,0.00001
1991-02-06 00:00:00,5.810627,0.00001
1991-02-07 00:00:00,5.738769,0.00001
1991-02-08 00:00:00,5.656035,0.00001
1991-02-09 00:00:00,5.598798,0.00001
1991-02-10 00:00:00,5.505708,0.00001
1991-02-11 00:00:00,5.509008,0.00001
1991-02-12 00:00:00,5.456605,0.00001
1991-02-13 00:00:00,5.412409,0.00001
1991-02-14 00:00:00,5.398503,0.00001
1991-02-15 00:00:00,5.391989,0.00001
1991-02-16 00:00:00,5.320757,0.00001
1991-02-17 00:00:00,5.259934,0.00001
1991-02-18 00:00:00,5.192708,0.00001
1991-02-19 00:00:00,5.082208,0.00001
1991-02-20 00:00:00,4.971792,0.00001
1991-02-21 00:00:00,5.06552,0.00001
1991-02-22 00:00:00,5.004374,0.00001
1991-02-23 00:00:00,4.87897,0.00001
1991-02-24 00:00:00,5.106213,0.00001
1991-02-25 00:00:00,5.428301,0.00001
1991-02-26 00:00:00,5.719551,0.00001
1991-02-27 00:00:00,5.946179,0.00001
1991-02-28 00:00:00,6.193125,0.00001
1991-03-01 00:00:00,6.303943,0.00001
1991-03-02 00:00:00,6.372694,0.00001
1991-03-03 00:00:00,6.434945,0.00001
1991-03-04 00:00:00,6.488228,0.00001
1991-03-05 00:00:00,6.542454,0.00001
1991-03-06 00:00:00,6.673792,0.00001
1991-03-07 00:00:00,6.754466,0.00001
1991-03-08 00:00:00,6.76123,0.00001
1991-03-09 00:00:00,6.781544,0.00001
1991-03-10 00:00:00,6.771495,0.00001
1991-03-11 00:00:00,6.717977,0.00001
1991-03-12 00:00:00,6.663716,0.00001
1991-03-13 00:00:00,6.627786,0.00001
1991-03-14 00:00:00,6.517453,0.00001
1991-03-15 00:00:00,6.424892,0.00001
1991-03-16 00:00:00,6.325166,0.00001
1991-03-17 00:00:00,6.271028,0.00001
1991-03-18 00:00:00,6.246153,0.00001
1991-03-19 00:00:00,6.185853,0.00001
1991-03-20 00:00:00,6.126791,0.00001
1991-03-21 00:00:00,6.038023,0.00001
1991-03-22 00:00:00,5.95314,0.00001
1991-03-23 00:00:00,5.82768,0.00001
1991-03-24 00:00:00,5.861675,0.00001
1991-03-25 00:00:00,5.966577,0.00001
1991-03-26 00:00:00,6.09876,0.00001
1991-03-27 00:00:00,6.061341,0.00001
1991-03-28 00:00:00,5.990723,0.00001
1991-03-29 00:00:00,5.917123,0.00001
1991-03-30 00:00:00,5.823353,0.00001
1991-03-31 00:00:00,5.775721,0.00001
1991-04-01 00:00:00,5.707859,0.00001
1991-04-02 00:00:00,5.610294,0.00001
1991-04-03 00:00:00,5.508343,0.00001
1991-04-04 00:00:00,5.391956,0.00001
1991-04-05 00:00:00,5.449612,0.00001
1991-04-06 00:00:00,5.353349,0.00001
1991-04-07 00:00:00,5.3686,0.00001
1991-04-08 00:00:00,5.294974,0.00001
1991-04-09 00:00:00,5.18544,0.00001
1991-04-10 00:00:00,5.058676,0.00001
1991-04-11 00:00:00,4.882894,0.00001
1991-04-12 00:00:00,4.686603,0.00001
1991-04-13 00:00:00,4.587272,0.00001
1991-04-14 00:00:00,4.484176,0.00001
1991-04-15 00:00:00,4.504076,0.00001
1991-04-16 00:00:00,4.735675,0.00001
1991-04-17 00:00:00,4.658419,0.00001
1991-04-18 00:00:00,4.54548,0.00001
1991-04-19 00:00:00,4.486576,0.00001
1991-04-20 00:00:00,4.673046,0.00001
1991-04-21 00:00:00,5.083296,0.00001
1991-04-22 00:00:00,4.947041,0.00001
1991-04-23 00:00:00,4.896256,0.00001
1991-04-24 00:00:00,4.817235,0.00001
1991-04-25 00:00:00,4.700686,0.00001
1991-04-26 00:00:00,4.64061,0.00001
1991-04-27 00:00:00,4.585885,0.00001
1991-04-28 00:00:00,4.449428,0.00001
1991-04-29 00:00:00,4.492782,0.00001
1991-04-30 00:00:00,5.217582,0.00001
1991-05-01 00:00:00,5.345901,0.00001
1991-05-02 00:00:00,5.278664,0.00001
1991-05-03 00:00:00,5.147316,0.00001
1991-05-04 00:00:00,5.071081,0.00001
1991-05-05 00:00:00,5.048677,0.00001
1991-05-06 00:00:00,5.052353,0.00001
1991-05-07 00:00:00,4.993028,0.00001
1991-05-08 00:00:00,4.957668,0.00001
1991-05-09 00:00:00,5.202926,0.00001
1991-05-10 00:00:00,5.79186,0.00001
1991-05-11 00:00:00,6.770091,0.00001
1991-05-12 00:00:00,6.914973,0.00001
1991-05-13 00:00:00,6.924896,0.00001
1991-05-14 00:00:00,6.889763,0.00001
1991-05-15 00:00:00,7.138749,0.00001
1991-05-16 00:00:00,7.314558,0.00001
1991-05-17 00:00:00,7.249797,0.00001
1991-05-18 00:00:00,7.0789,0.00001
1991-05-19 00:00:00,6.846428,0.00001
1991-05-20 00:00:00,6.78577,0.00001
1991-05-21 00:00:00,7.251432,0.00001
1991-05-22 00:00:00,7.115616,0.00001
1991-05-23 00:00:00,6.960162,0.00001
1991-05-24 00:00:00,7.286732,0.00001
1991-05-25 00:00:00,7.317402,0.00001
1991-05-26 00:00:00,7.359774,0.00001
1991-05-27 00:00:00,7.354762,0.00001
1991-05-28 00:00:00,7.513867,0.00001
1991-05-29 00:00:00,8.121446,0.00001
1991-05-30 00:00:00,7.815395,0.00001
1991-05-31 00:00:00,7.489911,0.00001
1991-06-01 00:00:00,7.445027,0.00001
1991-06-02 00:00:00,8.16501,0.00001
1991-06-03 00:00:00,8.625355,0.00001
1991-06-04 00:00:00,8.60374,0.00001
1991-06-05 00:00:00,8.656007,0.00001
1991-06-06 00:00:00,8.791809,0.00001
1991-06-07 00:00:00,10.643531,0.00001
1991-06-08 00:00:00,12.552571,0.00001
1991-06-09 00:00:00,13.072312,0.00001
1991-06-10 00:00:00,13.503838,0.00001
1991-06-11 00:00:00,13.76227,0.00001
1991-06-12 00:00:00,13.778512,0.00001
1991-06-13 00:00:00,13.580782,0.00001
1991-06-14 00:00:00,13.239387,0.00001
1991-06-15 00:00:00,12.887085,0.00001
1991-06-16 00:00:00,12.555795,0.00001
1991-06-17 00:00:00,14.707557,0.00001
1991-06-18 00:00:00,23.365619,0.00001
1991-06-19 00:00:00,27.834185,0.00001
1991-06-20 00:00:00,29.93125,0.00001
1991-06-21 00:00:00,30.658636,0.00001
1991-06-22 00:00:00,30.987731,0.00001
1991-06-23 00:00:00,31.173879,0.00001
1991-06-24 00:00:00,31.490051,0.00001
1991-06-25 00:00:00,30.946606,0.00001
1991-06-26 00:00:00,30.179176,0.00001
1991-06-27 00:00:00,29.313413,0.00001
1991-06-28 00:00:00,28.306936,0.00001
1991-06-29 00:00:00,27.232988,0.00001
1991-06-30 00:00:00,26.758695,0.00001
1991-07-01 00:00:00,26.179403,0.00001
1991-07-02 00:00:00,25.123134,0.00001
1991-07-03 00:00:00,24.517794,0.00001
1991-07-04 00:00:00,23.36118,0.00001
1991-07-05 00:00:00,22.211007,0.00001
1991-07-06 00:00:00,21.043839,0.00001
1991-07-07 00:00:00,20.025118,0.00001
1991-07-08 00:00:00,19.081041,0.00001
1991-07-09 00:00:00,18.302504,0.00001
1991-07-10 00:00:00,17.618361,0.00001
1991-07-11 00:00:00,16.765437,0.00001
1991-07-12 00:00:00,16.125981,0.00001
1991-07-13 00:00:00,16.006869,0.00001
1991-07-14 00:00:00,15.384328,0.00001
1991-07-15 00:00:00,14.72709,0.00001
1991-07-16 00:00:00,14.059194,0.00001
1991-07-17 00:00:00,13.239343,0.00001
1991-07-18 00:00:00,13.547805,0.00001
1991-07-19 00:00:00,16.876319,0.00001
1991-07-20 00:00:00,16.681529,0.00001
1991-07-21 00:00:00,16.149597,0.00001
1991-07-22 00:00:00,15.757079,0.00001
1991-07-23 00:00:00,15.492946,0.00001
1991-07-24 00:00:00,15.120391,0.00001
1991-07-25 00:00:00,14.704832,0.00001
1991-07-26 00:00:00,14.150573,0.00001
1991-07-27 00:00:00,13.496244,0.00001
1991-07-28 00:00:00,12.965632,0.00001
1991-07-29 00:00:00,12.77305,0.00001
1991-07-30 00:00:00,12.522234,0.00001
1991-07-31 00:00:00,12.020821,0.00001
1991-08-01 00:00:00,11.613951,0.00001
1991-08-02 00:00:00,11.138018,0.00001
1991-08-03 00:00:00,10.683276,0.00001
1991-08-04 00:00:00,10.186124,0.00001
1991-08-05 00:00:00,9.877282,0.00001
1991-08-06 00:00:00,10.478966,0.00001
1991-08-07 00:00:00,11.546465,0.00001
1991-08-08 00:00:00,11.236629,0.00001
1991-08-09 00:00:00,10.804896,0.00001
1991-08-10 00:00:00,10.421531,0.00001
1991-08-11 00:00:00,10.104942,0.00001
1991-08-12 00:00:00,9.757231,0.00001
1991-08-13 00:00:00,9.349462,0.00001
1991-08-14 00:00:00,8.981885,0.00001
1991-08-15 00:00:00,8.598293,0.00001
1991-08-16 00:00:00,8.24373,0.00001
1991-08-17 00:00:00,7.886017,0.00001
1991-08-18 00:00:00,7.590436,0.00001
1991-08-19 00:00:00,7.381693,0.00001
1991-08-20 00:00:00,7.49271,0.00001
1991-08-21 00:00:00,7.40169,0.00001
1991-08-22 00:00:00,7.154416,0.00001
1991-08-23 00:00:00,6.861802,0.00001
1991-08-24 00:00:00,6.537145,0.00001
1991-08-25 00:00:00,6.213416,0.00001
1991-08-26 00:00:00,5.909682,0.00001
1991-08-27 00:00:00,5.649311,0.00001
1991-08-28 00:00:00,5.411413,0.00001
1991-08-29 00:00:00,5.169379,0.00001
1991-08-30 00:00:00,4.92547,0.00001
1991-08-31 00:00:00,4.672215,0.00001
1991-09-01 00:00:00,4.427305,0.00001
1991-09-02 00:00:00,4.182806,0.00001
1991-09-03 00:00:00,3.939876,0.00001
1991-09-04 00:00:00,3.703527,0.00001
1991-09-05 00:00:00,3.471044,0.00001
1991-09-06 00:00:00,3.259259,0.00001
1991-09-07 00:00:00,3.069105,0.00001
1991-09-08 00:00:00,2.912675,0.00001
1991-09-09 00:00:00,2.92504,0.00001
1991-09-10 00:00:00,2.756286,0.00001
1991-09-11 00:00:00,2.570268,0.00001
1991-09-12 00:00:00,2.418809,0.00001
1991-09-13 00:00:00,2.306132,0.00001
1991-09-14 00:00:00,2.187159,0.00001
1991-09-15 00:00:00,2.118575,0.00001
1991-09-16 00:00:00,2.029629,0.00001
1991-09-17 00:00:00,1.937876,0.00001
1991-09-18 00:00:00,1.831548,0.00001
1991-09-19 00:00:00,1.691367,0.00001
1991-09-20 00:00:00,1.564147,0.00001
1991-09-21 00:00:00,1.627199,0.00001
1991-09-22 00:00:00,1.479061,0.00001
1991-09-23 00:00:00,1.35526,0.00001
1991-09-24 00:00:00,1.373278,0.00001
1991-09-25 00:00:00,1.302608,0.00001
1991-09-26 00:00:00,1.32194,0.00001
1991-09-27 00:00:00,1.688659,0.00001
1991-09-28 00:00:00,1.63238,0.00001
1991-09-29 00:00:00,1.557181,0.00001
1991-09-30 00:00:00,1.44421,0.00001
1991-10-01 00:00:00,1.314746,0.00001
1991-10-02 00:00:00,1.197823,0.00001
1991-10-03 00:00:00,1.125188,0.00001
1991-10-04 00:00:00,1.052358,0.00001
1991-10-05 00:00:00,1.003589,0.00001
1991-10-06 00:00:00,0.914734,0.00001
1991-10-07 00:00:00,0.884825,0.00001
1991-10-08 00:00:00,0.930691,0.00001
1991-10-09 00:00:00,0.885552,0.00001
1991-10-10 00:00:00,0.882282,0.00001
1991-10-11 00:00:00,0.86905,0.00001
1991-10-12 00:00:00,0.843125,0.00001
1991-10-13 00:00:00,0.81551,0.00001
1991-10-14 00:00:00,0.787448,0.00001
1991-10-15 00:00:00,0.76901,0.00001
1991-10-16 00:00:00,0.757491,0.00001
1991-10-17 00:00:00,0.80903,0.00001
1991-10-18 00:00:00,0.89229,0.00001
1991-10-19 00:00:00,0.870546,0.00001
1991-10-20 00:00:00,0.858748,0.00001
1991-10-21 00:00:00,0.839666,0.00001
1991-10-22 00:00:00,0.868161,0.00001
1991-10-23 00:00:00,0.930187,0.00001
1991-10-24 00:00:00,1.172966,0.00001
1991-10-25 00:00:00,1.172253,0.00001
1991-10-26 00:00:00,1.132396,0.00001
1991-10-27 00:00:00,1.089406,0.00001
1991-10-28 00:00:00,1.045466,0.00001
1991-10-29 00:00:00,1.005597,0.00001
1991-10-30 00:00:00,1.872703,0.00001
1991-10-31 00:00:00,2.277558,0.00001
1991-11-01 00:00:00,2.385928,0.00001
1991-11-02 00:00:00,2.414829,0.00001
1991-11-03 00:00:00,2.459107,0.00001
1991-11-04 00:00:00,2.456065,0.00001
1991-11-05 00:00:00,2.543974,0.00001
1991-11-06 00:00:00,2.588536,0.00001
1991-11-07 00:00:00,2.656537,0.00001
1991-11-08 00:00:00,2.669816,0.00001
1991-11-09 00:00:00,2.660371,0.00001
1991-11-10 00:00:00,2.670417,0.00001
1991-11-11 00:00:00,2.68662,0.00001
1991-11-12 00:00:00,2.678423,0.00001
1991-11-13 00:00:00,2.675591,0.00001
1991-11-14 00:00:00,2.690326,0.00001
1991-11-15 00:00:00,2.702337,0.00001
1991-11-16 00:00:00,2.730616,0.00001
1991-11-17 00:00:00,2.800567,0.00001
1991-11-18 00:00:00,2.862563,0.00001
1991-11-19 00:00:00,2.841233,0.00001
1991-11-20 00:00:00,2.837449,0.00001
1991-11-21 00:00:00,2.979332,0.00001
1991-11-22 00:00:00,2.993596,0.00001
1991-11-23 00:00:00,3.030967,0.00001
1991-11-24 00:00:00,3.084632,0.00001
1991-11-25 00:00:00,3.101999,0.00001
1991-11-26 00:00:00,3.070663,0.00001
1991-11-27 00:00:00,3.049535,0.00001
1991-11-28 00:00:00,3.108725,0.00001
1991-11-29 00:00:00,3.06981,0.00001
1991-11-30 00:00:00,3.101585,0.00001
1991-12-01 00:00:00,3.334283,0.00001
1991-12-02 00:00:00,3.421075,0.00001
1991-12-03 00:00:00,3.424643,0.00001
1991-12-04 00:00:00,3.436891,0.00001
1991-12-05 00:00:00,3.573939,0.00001
1991-12-06 00:00:00,3.600746,0.00001
1991-12-07 00:00:00,3.605795,0.00001
1991-12-08 00:00:00,3.568708,0.00001
1991-12-09 00:00:00,3.543452,0.00001
1991-12-10 00:00:00,3.541091,0.00001
1991-12-11 00:00:00,3.497422,0.00001
1991-12-12 00:00:00,3.457184,0.00001
1991-12-13 00:00:00,3.441615,0.00001
1991-12-14 00:00:00,3.415427,0.00001
1991-12-15 00:00:00,3.426888,0.00001
1991-12-16 00:00:00,3.718862,0.00001
1991-12-17 00:00:00,3.7815,0.00001
1991-12-18 00:00:00,3.807697,0.00001
1991-12-19 00:00:00,3.831211,0.00001
1991-12-20 00:00:00,3.852934,0.00001
1991-12-21 00:00:00,3.859115,0.00001
1991-12-22 00:00:00,3.856293,0.00001
1991-12-23 00:00:00,3.903845,0.00001
1991-12-24 00:00:00,3.999854,0.00001
1991-12-25 00:00:00,4.013467,0.00001
1991-12-26 00:00:00,4.235336,0.00001
1991-12-27 00:00:00,4.206845,0.00001
1991-12-28 00:00:00,4.199053,0.00001
1991-12-29 00:00:00,4.148778,0.00001
1991-12-30 00:00:00,4.109471,0.00001
1991-12-31 00:00:00,4.072999,0.00001
1992-01-01 00:00:00,4.034199,0.00001
1992-01-02 00:00:00,3.98684,0.00001
1992-01-03 00:00:00,3.872164,0.00001
1992-01-04 00:00:00,3.938672,0.00001
1992-01-05 00:00:00,4.381745,0.00001
1992-01-06 00:00:00,4.694543,0.00001
1992-01-07 00:00:00,4.787879,0.00001
1992-01-08 00:00:00,4.875873,0.00001
1992-01-09 00:00:00,4.956207,0.00001
1992-01-10 00:00:00,5.093976,0.00001
1992-01-11 00:00:00,5.140199,0.00001
1992-01-12 00:00:00,5.114151,0.00001
1992-01-13 00:00:00,5.100363,0.00001
1992-01-14 00:00:00,5.078067,0.00001
1992-01-15 00:00:00,5.114318,0.00001
1992-01-16 00:00:00,5.172247,0.00001
1992-01-17 00:00:00,5.111625,0.00001
1992-01-18 00:00:00,5.07569,0.00001
1992-01-19 00:00:00,5.037959,0.00001
1992-01-20 00:00:00,4.990969,0.00001
1992-01-21 00:00:00,4.939273,0.00001
1992-01-22 00:00:00,4.786907,0.00001
1992-01-23 00:00:00,4.955117,0.00001
1992-01-24 00:00:00,5.184235,0.00001
1992-01-25 00:00:00,5.296497,0.00001
1992-01-26 00:00:00,5.308595,0.00001
1992-01-27 00:00:00,5.360101,0.00001
1992-01-28 00:00:00,5.331189,0.00001
1992-01-29 00:00:00,5.289286,0.00001
1992-01-30 00:00:00,5.244914,0.00001
1992-01-31 00:00:00,5.198705,0.00001
1992-02-01 00:00:00,5.110987,0.00001
1992-02-02 00:00:00,5.090452,0.00001
1992-02-03 00:00:00,5.042333,0.00001
1992-02-04 00:00:00,5.258866,0.00001
1992-02-05 00:00:00,5.444764,0.00001
1992-02-06 00:00:00,5.321815,0.00001
1992-02-07 00:00:00,5.231784,0.00001
1992-02-08 00:00:00,5.160615,0.00001
1992-02-09 00:00:00,5.073635,0.00001
1992-02-10 00:00:00,4.988633,0.00001
1992-02-11 00:00:00,4.930131,0.00001
1992-02-12 00:00:00,4.91723,0.00001
1992-02-13 00:00:00,4.859265,0.00001
1992-02-14 00:00:00,4.783298,0.00001
1992-02-15 00:00:00,4.710955,0.00001
1992-02-16 00:00:00,4.700608,0.00001
1992-02-17 00:00:00,4.651962,0.00001
1992-02-18 00:00:00,4.53943,0.00001
1992-02-19 00:00:00,4.353093,0.00001
1992-02-20 00:00:00,4.577138,0.00001
1992-02-21 00:00:00,4.807588,0.00001
1992-02-22 00:00:00,5.773635,0.00001
1992-02-23 00:00:00,6.031702,0.00001
1992-02-24 00:00:00,6.168957,0.00001
1992-02-25 00:00:00,6.233321,0.00001
1992-02-26 00:00:00,6.266379,0.00001
1992-02-27 00:00:00,6.503495,0.00001
1992-02-28 00:00:00,6.669405,0.00001
1992-02-29 00:00:00,6.636425,0.00001
1992-03-01 00:00:00,6.772325,0.00001
1992-03-02 00:00:00,7.038213,0.00001
1992-03-03 00:00:00,7.171723,0.00001
1992-03-04 00:00:00,7.232894,0.00001
1992-03-05 00:00:00,7.311706,0.00001
1992-03-06 00:00:00,7.336111,0.00001
1992-03-07 00:00:00,7.320056,0.00001
1992-03-08 00:00:00,7.29307,0.00001
1992-03-09 00:00:00,7.911561,0.00001
1992-03-10 00:00:00,7.969322,0.00001
1992-03-11 00:00:00,7.936873,0.00001
1992-03-12 00:00:00,7.969882,0.00001
1992-03-13 00:00:00,8.401927,0.00001
1992-03-14 00:00:00,8.294402,0.00001
1992-03-15 00:00:00,8.26491,0.00001
1992-03-16 00:00:00,8.202324,0.00001
1992-03-17 00:00:00,7.995147,0.00001
1992-03-18 00:00:00,8.173562,0.00001
1992-03-19 00:00:00,8.072012,0.00001
1992-03-20 00:00:00,8.044664,0.00001
1992-03-21 00:00:00,8.044154,0.00001
1992-03-22 00:00:00,8.007854,0.00001
1992-03-23 00:00:00,8.039435,0.00001
1992-03-24 00:00:00,8.1502,0.00001
1992-03-25 00:00:00,8.466794,0.00001
1992-03-26 00:00:00,8.401217,0.00001
1992-03-27 00:00:00,8.237021,0.00001
1992-03-28 00:00:00,8.298173,0.00001
1992-03-29 00:00:00,8.300555,0.00001
1992-03-30 00:00:00,8.277686,0.00001
1992-03-31 00:00:00,8.161504,0.00001
1992-04-01 00:00:00,7.964354,0.00001
1992-04-02 00:00:00,7.768379,0.00001
1992-04-03 00:00:00,7.600279,0.00001
1992-04-04 00:00:00,7.476457,0.00001
1992-04-05 00:00:00,7.629074,0.00001
1992-04-06 00:00:00,7.593336,0.00001
1992-04-07 00:00:00,7.446818,0.00001
1992-04-08 00:00:00,7.331039,0.00001
1992-04-09 00:00:00,7.172946,0.00001
1992-04-10 00:00:00,7.081966,0.00001
1992-04-11 00:00:00,7.381431,0.00001
1992-04-12 00:00:00,7.664202,0.00001
1992-04-13 00:00:00,7.487184,0.00001
1992-04-14 00:00:00,7.315648,0.00001
1992-04-15 00:00:00,7.095714,0.00001
1992-04-16 00:00:00,6.947081,0.00001
1992-04-17 00:00:00,6.840126,0.00001
1992-04-18 00:00:00,6.718077,0.00001
1992-04-19 00:00:00,6.880846,0.00001
1992-04-20 00:00:00,6.789411,0.00001
1992-04-21 00:00:00,6.704491,0.00001
1992-04-22 00:00:00,6.5325,0.00001
1992-04-23 00:00:00,6.402607,0.00001
1992-04-24 00:00:00,6.317745,0.00001
1992-04-25 00:00:00,6.063894,0.00001
1992-04-26 00:00:00,5.836079,0.00001
1992-04-27 00:00:00,5.678348,0.00001
1992-04-28 00:00:00,5.438147,0.00001
1992-04-29 00:00:00,5.214338,0.00001
1992-04-30 00:00:00,6.07899,0.00001
1992-05-01 00:00:00,6.839742,0.00001
1992-05-02 00:00:00,7.608043,0.00001
1992-05-03 00:00:00,7.738632,0.00001
1992-05-04 00:00:00,7.641496,0.00001
1992-05-05 00:00:00,7.609969,0.00001
1992-05-06 00:00:00,7.453306,0.00001
1992-05-07 00:00:00,7.770713,0.00001
1992-05-08 00:00:00,7.919051,0.00001
1992-05-09 00:00:00,7.870095,0.00001
1992-05-10 00:00:00,7.684687,0.00001
1992-05-11 00:00:00,7.532888,0.00001
1992-05-12 00:00:00,7.430405,0.00001
1992-05-13 00:00:00,7.319476,0.00001
1992-05-14 00:00:00,7.373676,0.00001
1992-05-15 00:00:00,7.336189,0.00001
1992-05-16 00:00:00,7.20186,0.00001
1992-05-17 00:00:00,6.965695,0.00001
1992-05-18 00:00:00,6.957328,0.00001
1992-05-19 00:00:00,6.775545,0.00001
1992-05-20 00:00:00,6.608155,0.00001
1992-05-21 00:00:00,6.401328,0.00001
1992-05-22 00:00:00,6.172477,0.00001
1992-05-23 00:00:00,5.944659,0.00001
1992-05-24 00:00:00,6.015083,0.00001
1992-05-25 00:00:00,5.981129,0.00001
1992-05-26 00:00:00,5.779825,0.00001
1992-05-27 00:00:00,5.551469,0.00001
1992-05-28 00:00:00,5.672774,0.00001
1992-05-29 00:00:00,6.074966,0.00001
1992-05-30 00:00:00,6.033961,0.00001
1992-05-31 00:00:00,5.790408,0.00001
1992-06-01 00:00:00,5.507713,0.00001
1992-06-02 00:00:00,5.256409,0.00001
1992-06-03 00:00:00,5.053738,0.00001
1992-06-04 00:00:00,4.821572,0.00001
1992-06-05 00:00:00,4.866986,0.00001
1992-06-06 00:00:00,4.890947,0.00001
1992-06-07 00:00:00,5.330941,0.00001
1992-06-08 00:00:00,5.245846,0.00001
1992-06-09 00:00:00,5.001935,0.00001
1992-06-10 00:00:00,4.718731,0.00001
1992-06-11 00:00:00,4.566849,0.00001
1992-06-12 00:00:00,4.382726,0.00001
1992-06-13 00:00:00,4.14573,0.00001
1992-06-14 00:00:00,3.936127,0.00001
1992-06-15 00:00:00,5.107228,0.00001
1992-06-16 00:00:00,6.071341,0.00001
1992-06-17 00:00:00,6.1201,0.00001
1992-06-18 00:00:00,6.051023,0.00001
1992-06-19 00:00:00,5.909533,0.00001
1992-06-20 00:00:00,5.941673,0.00001
1992-06-21 00:00:00,7.490736,0.00001
1992-06-22 00:00:00,7.595361,0.00001
1992-06-23 00:00:00,7.701251,0.00001
1992-06-24 00:00:00,7.849337,0.00001
1992-06-25 00:00:00,8.078546,0.00001
1992-06-26 00:00:00,7.903178,0.00001
1992-06-27 00:00:00,7.693259,0.00001
1992-06-28 00:00:00,7.545395,0.00001
1992-06-29 00:00:00,7.678158,0.00001
1992-06-30 00:00:00,7.876597,0.00001
1992-07-01 00:00:00,7.685088,0.00001
1992-07-02 00:00:00,7.702672,0.00001
1992-07-03 00:00:00,7.594525,0.00001
1992-07-04 00:00:00,7.566477,0.00001
1992-07-05 00:00:00,7.578263,0.00001
1992-07-06 00:00:00,8.110413,0.00001
1992-07-07 00:00:00,8.136115,0.00001
1992-07-08 00:00:00,10.047486,0.00001
1992-07-09 00:00:00,10.233631,0.00001
1992-07-10 00:00:00,10.151158,0.00001
1992-07-11 00:00:00,10.001341,0.00001
1992-07-12 00:00:00,9.839005,0.00001
1992-07-13 00:00:00,9.601565,0.00001
1992-07-14 00:00:00,9.53657,0.00001
1992-07-15 00:00:00,9.219466,0.00001
1992-07-16 00:00:00,9.024946,0.00001
1992-07-17 00:00:00,9.62038,0.00001
1992-07-18 00:00:00,9.720093,0.00001
1992-07-19 00:00:00,9.734669,0.00001
1992-07-20 00:00:00,9.738699,0.00001
1992-07-21 00:00:00,10.741051,0.00001
1992-07-22 00:00:00,10.872013,0.00001
1992-07-23 00:00:00,11.182965,0.00001
1992-07-24 00:00:00,11.10347,0.00001
1992-07-25 00:00:00,11.388036,0.00001
1992-07-26 00:00:00,11.648375,0.00001
1992-07-27 00:00:00,12.644634,0.00001
1992-07-28 00:00:00,12.408634,0.00001
1992-07-29 00:00:00,12.265323,0.00001
1992-07-30 00:00:00,12.018004,0.00001
1992-07-31 00:00:00,11.69226,0.00001
1992-08-01 00:00:00,11.553164,0.00001
1992-08-02 00:00:00,11.14994,0.00001
1992-08-03 00:00:00,11.453406,0.00001
1992-08-04 00:00:00,11.489041,0.00001
1992-08-05 00:00:00,11.188463,0.00001
1992-08-06 00:00:00,10.845729,0.00001
1992-08-07 00:00:00,10.444561,0.00001
1992-08-08 00:00:00,10.025879,0.00001
1992-08-09 00:00:00,9.732874,0.00001
1992-08-10 00:00:00,9.453862,0.00001
1992-08-11 00:00:00,9.523406,0.00001
1992-08-12 00:00:00,10.345663,0.00001
1992-08-13 00:00:00,10.187941,0.00001
1992-08-14 00:00:00,10.040095,0.00001
1992-08-15 00:00:00,10.163128,0.00001
1992-08-16 00:00:00,9.904662,0.00001
1992-08-17 00:00:00,10.055844,0.00001
1992-08-18 00:00:00,9.926311,0.00001
1992-08-19 00:00:00,9.795721,0.00001
1992-08-20 00:00:00,9.609681,0.00001
1992-08-21 00:00:00,9.391917,0.00001
1992-08-22 00:00:00,9.065208,0.00001
1992-08-23 00:00:00,8.826187,0.00001
1992-08-24 00:00:00,8.523636,0.00001
1992-08-25 00:00:00,8.222618,0.00001
1992-08-26 00:00:00,7.904113,0.00001
1992-08-27 00:00:00,7.615048,0.00001
1992-08-28 00:00:00,7.324378,0.00001
1992-08-29 00:00:00,7.077664,0.00001
1992-08-30 00:00:00,7.148242,0.00001
1992-08-31 00:00:00,6.84794,0.00001
1992-09-01 00:00:00,6.53399,0.00001
1992-09-02 00:00:00,6.259689,0.00001
1992-09-03 00:00:00,6.022519,0.00001
1992-09-04 00:00:00,5.773221,0.00001
1992-09-05 00:00:00,5.593942,0.00001
1992-09-06 00:00:00,5.317816,0.00001
1992-09-07 00:00:00,5.163783,0.00001
1992-09-08 00:00:00,5.097212,0.00001
1992-09-09 00:00:00,4.983524,0.00001
1992-09-10 00:00:00,4.759422,0.00001
1992-09-11 00:00:00,4.52437,0.00001
1992-09-12 00:00:00,4.315353,0.00001
1992-09-13 00:00:00,4.141822,0.00001
1992-09-14 00:00:00,3.925589,0.00001
1992-09-15 00:00:00,3.755418,0.00001
1992-09-16 00:00:00,3.806545,0.00001
1992-09-17 00:00:00,3.931351,0.00001
1992-09-18 00:00:00,3.73564,0.00001
1992-09-19 00:00:00,3.739687,0.00001
1992-09-20 00:00:00,3.614791,0.00001
1992-09-21 00:00:00,3.48097,0.00001
1992-09-22 00:00:00,3.54871,0.00001
1992-09-23 00:00:00,3.500066,0.00001
1992-09-24 00:00:00,3.344012,0.00001
1992-09-25 00:00:00,3.173691,0.00001
1992-09-26 00:00:00,3.019656,0.00001
1992-09-27 00:00:00,2.87924,0.00001
1992-09-28 00:00:00,2.78813,0.00001
1992-09-29 00:00:00,2.63945,0.00001
1992-09-30 00:00:00,2.519102,0.00001
1992-10-01 00:00:00,2.408964,0.00001
1992-10-02 00:00:00,2.280686,0.00001
1992-10-03 00:00:00,2.13072,0.00001
1992-10-04 00:00:00,1.976655,0.00001
1992-10-05 00:00:00,1.844718,0.00001
1992-10-06 00:00:00,1.710814,0.00001
1992-10-07 00:00:00,1.616584,0.00001
1992-10-08 00:00:00,1.54012,0.00001
1992-10-09 00:00:00,1.48964,0.00001
1992-10-10 00:00:00,1.403732,0.00001
1992-10-11 00:00:00,1.434705,0.00001
1992-10-12 00:00:00,1.440298,0.00001
1992-10-13 00:00:00,1.626296,0.00001
1992-10-14 00:00:00,1.589011,0.00001
1992-10-15 00:00:00,1.520137,0.00001
1992-10-16 00:00:00,1.464089,0.00001
1992-10-17 00:00:00,1.396599,0.00001
1992-10-18 00:00:00,1.31946,0.00001
1992-10-19 00:00:00,1.286818,0.00001
1992-10-20 00:00:00,1.229606,0.00001
1992-10-21 00:00:00,1.177081,0.00001
1992-10-22 00:00:00,1.163338,0.00001
1992-10-23 00:00:00,1.22468,0.00001
1992-10-24 00:00:00,1.248927,0.00001
1992-10-25 00:00:00,1.255539,0.00001
1992-10-26 00:00:00,1.380331,0.00001
1992-10-27 00:00:00,1.425491,0.00001
1992-10-28 00:00:00,1.422097,0.00001
1992-10-29 00:00:00,1.363473,0.00001
1992-10-30 00:00:00,1.355495,0.00001
1992-10-31 00:00:00,1.383588,0.00001
1992-11-01 00:00:00,1.505417,0.00001
1992-11-02 00:00:00,1.54571,0.00001
1992-11-03 00:00:00,1.558392,0.00001
1992-11-04 00:00:00,1.592259,0.00001
1992-11-05 00:00:00,1.685647,0.00001
1992-11-06 00:00:00,1.79275,0.00001
1992-11-07 00:00:00,1.76928,0.00001
1992-11-08 00:00:00,1.737545,0.00001
1992-11-09 00:00:00,1.751028,0.00001
1992-11-10 00:00:00,1.738971,0.00001
1992-11-11 00:00:00,1.715759,0.00001
1992-11-12 00:00:00,1.692516,0.00001
1992-11-13 00:00:00,1.67718,0.00001
1992-11-14 00:00:00,1.75922,0.00001
1992-11-15 00:00:00,1.815463,0.00001
1992-11-16 00:00:00,1.771968,0.00001
1992-11-17 00:00:00,1.739707,0.00001
1992-11-18 00:00:00,1.728881,0.00001
1992-11-19 00:00:00,1.775702,0.00001
1992-11-20 00:00:00,1.759705,0.00001
1992-11-21 00:00:00,1.781183,0.00001
1992-11-22 00:00:00,1.7671,0.00001
1992-11-23 00:00:00,1.753733,0.00001
1992-11-24 00:00:00,1.726685,0.00001
1992-11-25 00:00:00,1.701286,0.00001
1992-11-26 00:00:00,1.669814,0.00001
1992-11-27 00:00:00,1.66546,0.00001
1992-11-28 00:00:00,1.659302,0.00001
1992-11-29 00:00:00,1.769728,0.00001
1992-11-30 00:00:00,1.788432,0.00001
1992-12-01 00:00:00,1.775362,0.00001
1992-12-02 00:00:00,1.834518,0.00001
1992-12-03 00:00:00,2.050268,0.00001
1992-12-04 00:00:00,2.128198,0.00001
1992-12-05 00:00:00,2.152161,0.00001
1992-12-06 00:00:00,2.160532,0.00001
1992-12-07 00:00:00,2.157508,0.00001
1992-12-08 00:00:00,2.198385,0.00001
1992-12-09 00:00:00,2.266071,0.00001
1992-12-10 00:00:00,2.268181,0.00001
1992-12-11 00:00:00,2.307685,0.00001
1992-12-12 00:00:00,2.298969,0.00001
1992-12-13 00:00:00,2.290306,0.00001
1992-12-14 00:00:00,2.275854,0.00001
1992-12-15 00:00:00,2.249165,0.00001
1992-12-16 00:00:00,2.244652,0.00001
1992-12-17 00:00:00,2.230623,0.00001
1992-12-18 00:00:00,2.223947,0.00001
1992-12-19 00:00:00,2.217289,0.00001
1992-12-20 00:00:00,2.218132,0.00001
1992-12-21 00:00:00,2.2367,0.00001
1992-12-22 00:00:00,2.279083,0.00001
1992-12-23 00:00:00,2.270412,0.00001
1992-12-24 00:00:00,2.436576,0.00001
1992-12-25 00:00:00,2.376293,0.00001
1992-12-26 00:00:00,2.350952,0.00001
1992-12-27 00:00:00,2.32417,0.00001
1992-12-28 00:00:00,2.306231,0.00001
1992-12-29 00:00:00,2.288177,0.00001
1992-12-30 00:00:00,2.286344,0.00001
1992-12-31 00:00:00,2.354305,0.00001
1993-01-01 00:00:00,2.410691,0.00001
1993-01-02 00:00:00,2.2108,0.00001
1993-01-03 00:00:00,2.481858,0.00001
1993-01-04 00:00:00,2.719522,0.00001
1993-01-05 00:00:00,2.973827,0.00001
1993-01-06 00:00:00,3.211769,0.00001
1993-01-07 00:00:00,3.342651,0.00001
1993-01-08 00:00:00,3.663513,0.00001
1993-01-09 00:00:00,3.774269,0.00001
1993-01-10 00:00:00,3.773371,0.00001
1993-01-11 00:00:00,3.795294,0.00001
1993-01-12 00:00:00,3.803948,0.00001
1993-01-13 00:00:00,3.852939,0.00001
1993-01-14 00:00:00,4.094209,0.00001
1993-01-15 00:00:00,3.982659,0.00001
1993-01-16 00:00:00,3.961038,0.00001
1993-01-17 00:00:00,3.933559,0.00001
1993-01-18 00:00:00,3.9098,0.00001
1993-01-19 00:00:00,3.897052,0.00001
1993-01-20 00:00:00,3.977879,0.00001
1993-01-21 00:00:00,4.103338,0.00001
1993-01-22 00:00:00,4.10514,0.00001
1993-01-23 00:00:00,4.088244,0.00001
1993-01-24 00:00:00,4.062092,0.00001
1993-01-25 00:00:00,4.045371,0.00001
1993-01-26 00:00:00,3.999957,0.00001
1993-01-27 00:00:00,3.943347,0.00001
1993-01-28 00:00:00,3.908423,0.00001
1993-01-29 00:00:00,3.863002,0.00001
1993-01-30 00:00:00,3.810792,0.00001
1993-01-31 00:00:00,3.752115,0.00001
1993-02-01 00:00:00,3.785401,0.00001
1993-02-02 00:00:00,3.923666,0.00001
1993-02-03 00:00:00,3.929909,0.00001
1993-02-04 00:00:00,3.910151,0.00001
1993-02-05 00:00:00,3.888232,0.00001
1993-02-06 00:00:00,3.859513,0.00001
1993-02-07 00:00:00,3.828932,0.00001
1993-02-08 00:00:00,3.792421,0.00001
1993-02-09 00:00:00,3.766084,0.00001
1993-02-10 00:00:00,3.885248,0.00001
1993-02-11 00:00:00,4.181979,0.00001
1993-02-12 00:00:00,4.367933,0.00001
1993-02-13 00:00:00,4.38842,0.00001
1993-02-14 00:00:00,4.394456,0.00001
1993-02-15 00:00:00,4.442817,0.00001
1993-02-16 00:00:00,4.737303,0.00001
1993-02-17 00:00:00,5.033173,0.00001
1993-02-18 00:00:00,5.123998,0.00001
1993-02-19 00:00:00,5.199165,0.00001
1993-02-20 00:00:00,5.23565,0.00001
1993-02-21 00:00:00,5.261565,0.00001
1993-02-22 00:00:00,5.237371,0.00001
1993-02-23 00:00:00,5.283352,0.00001
1993-02-24 00:00:00,5.31412,0.00001
1993-02-25 00:00:00,5.262577,0.00001
1993-02-26 00:00:00,5.458469,0.00001
1993-02-27 00:00:00,5.95821,0.00001
1993-02-28 00:00:00,6.057211,0.00001
1993-03-01 00:00:00,6.124186,0.00001
1993-03-02 00:00:00,6.211979,0.00001
1993-03-03 00:00:00,6.310073,0.00001
1993-03-04 00:00:00,6.317328,0.00001
1993-03-05 00:00:00,6.352821,0.00001
1993-03-06 00:00:00,6.355354,0.00001
1993-03-07 00:00:00,6.590733,0.00001
1993-03-08 00:00:00,7.400401,0.00001
1993-03-09 00:00:00,7.542817,0.00001
1993-03-10 00:00:00,7.552294,0.00001
1993-03-11 00:00:00,7.542949,0.00001
1993-03-12 00:00:00,7.520012,0.00001
1993-03-13 00:00:00,7.512621,0.00001
1993-03-14 00:00:00,7.438988,0.00001
1993-03-15 00:00:00,7.413343,0.00001
1993-03-16 00:00:00,7.468259,0.00001
1993-03-17 00:00:00,7.852048,0.00001
1993-03-18 00:00:00,8.37478,0.00001
1993-03-19 00:00:00,8.394278,0.00001
1993-03-20 00:00:00,8.302828,0.00001
1993-03-21 00:00:00,8.139786,0.00001
1993-03-22 00:00:00,8.126597,0.00001
1993-03-23 00:00:00,8.053627,0.00001
1993-03-24 00:00:00,8.242591,0.00001
1993-03-25 00:00:00,8.238663,0.00001
1993-03-26 00:00:00,8.143857,0.00001
1993-03-27 00:00:00,8.041789,0.00001
1993-03-28 00:00:00,7.951593,0.00001
1993-03-29 00:00:00,7.771021,0.00001
1993-03-30 00:00:00,9.387441,0.00001
1993-03-31 00:00:00,13.701514,0.00001
1993-04-01 00:00:00,15.687626,0.00001
1993-04-02 00:00:00,16.625324,0.00001
1993-04-03 00:00:00,17.154584,0.00001
1993-04-04 00:00:00,17.363416,0.00001
1993-04-05 00:00:00,17.425165,0.00001
1993-04-06 00:00:00,17.601693,0.00001
1993-04-07 00:00:00,18.419504,0.00001
1993-04-08 00:00:00,20.206166,0.00001
1993-04-09 00:00:00,20.941119,0.00001
1993-04-10 00:00:00,20.919411,0.00001
1993-04-11 00:00:00,20.739204,0.00001
1993-04-12 00:00:00,20.573093,0.00001
1993-04-13 00:00:00,21.379177,0.00001
1993-04-14 00:00:00,21.554033,0.00001
1993-04-15 00:00:00,24.36578,0.00001
1993-04-16 00:00:00,25.923266,0.00001
1993-04-17 00:00:00,26.306455,0.00001
1993-04-18 00:00:00,26.215469,0.00001
1993-04-19 00:00:00,25.844088,0.00001
1993-04-20 00:00:00,25.888267,0.00001
1993-04-21 00:00:00,26.222899,0.00001
1993-04-22 00:00:00,25.560508,0.00001
1993-04-23 00:00:00,24.693572,0.00001
1993-04-24 00:00:00,23.82897,0.00001
1993-04-25 00:00:00,23.411913,0.00001
1993-04-26 00:00:00,23.591675,0.00001
1993-04-27 00:00:00,22.824299,0.00001
1993-04-28 00:00:00,21.989696,0.00001
1993-04-29 00:00:00,21.363189,0.00001
1993-04-30 00:00:00,20.558565,0.00001
1993-05-01 00:00:00,20.120391,0.00001
1993-05-02 00:00:00,20.275318,0.00001
1993-05-03 00:00:00,20.532878,0.00001
1993-05-04 00:00:00,19.797116,0.00001
1993-05-05 00:00:00,19.022377,0.00001
1993-05-06 00:00:00,19.170487,0.00001
1993-05-07 00:00:00,20.187708,0.00001
1993-05-08 00:00:00,19.83645,0.00001
1993-05-09 00:00:00,19.172739,0.00001
1993-05-10 00:00:00,18.482243,0.00001
1993-05-11 00:00:00,17.762889,0.00001
1993-05-12 00:00:00,17.242567,0.00001
1993-05-13 00:00:00,16.561234,0.00001
1993-05-14 00:00:00,15.822916,0.00001
1993-05-15 00:00:00,15.192918,0.00001
1993-05-16 00:00:00,14.707825,0.00001
1993-05-17 00:00:00,14.004832,0.00001
1993-05-18 00:00:00,13.362399,0.00001
1993-05-19 00:00:00,12.917517,0.00001
1993-05-20 00:00:00,12.365827,0.00001
1993-05-21 00:00:00,11.963803,0.00001
1993-05-22 00:00:00,11.624688,0.00001
1993-05-23 00:00:00,11.579653,0.00001
1993-05-24 00:00:00,12.723459,0.00001
1993-05-25 00:00:00,12.396278,0.00001
1993-05-26 00:00:00,11.856775,0.00001
1993-05-27 00:00:00,11.27053,0.00001
1993-05-28 00:00:00,12.220119,0.00001
1993-05-29 00:00:00,12.182268,0.00001
1993-05-30 00:00:00,11.93121,0.00001
1993-05-31 00:00:00,12.110377,0.00001
1993-06-01 00:00:00,11.802701,0.00001
1993-06-02 00:00:00,11.450045,0.00001
1993-06-03 00:00:00,11.214824,0.00001
1993-06-04 00:00:00,10.924599,0.00001
1993-06-05 00:00:00,10.715734,0.00001
1993-06-06 00:00:00,10.440928,0.00001
1993-06-07 00:00:00,10.081922,0.00001
1993-06-08 00:00:00,9.823915,0.00001
1993-06-09 00:00:00,9.911476,0.00001
1993-06-10 00:00:00,9.941271,0.00001
1993-06-11 00:00:00,11.639809,0.00001
1993-06-12 00:00:00,11.949436,0.00001
1993-06-13 00:00:00,11.745574,0.00001
1993-06-14 00:00:00,11.503355,0.00001
1993-06-15 00:00:00,11.200146,0.00001
1993-06-16 00:00:00,10.891146,0.00001
1993-06-17 00:00:00,10.767728,0.00001
1993-06-18 00:00:00,12.88373,0.00001
1993-06-19 00:00:00,14.301169,0.00001
1993-06-20 00:00:00,14.551414,0.00001
1993-06-21 00:00:00,14.882625,0.00001
1993-06-22 00:00:00,14.816135,0.00001
1993-06-23 00:00:00,14.61477,0.00001
1993-06-24 00:00:00,14.989798,0.00001
1993-06-25 00:00:00,14.89629,0.00001
1993-06-26 00:00:00,14.529427,0.00001
1993-06-27 00:00:00,16.429196,0.00001
1993-06-28 00:00:00,20.134255,0.00001
1993-06-29 00:00:00,21.309722,0.00001
1993-06-30 00:00:00,21.824067,0.00001
1993-07-01 00:00:00,21.755116,0.00001
1993-07-02 00:00:00,21.6983,0.00001
1993-07-03 00:00:00,22.611699,0.00001
1993-07-04 00:00:00,22.746226,0.00001
1993-07-05 00:00:00,22.418503,0.00001
1993-07-06 00:00:00,22.824342,0.00001
1993-07-07 00:00:00,22.64692,0.00001
1993-07-08 00:00:00,22.152898,0.00001
1993-07-09 00:00:00,21.34542,0.00001
1993-07-10 00:00:00,20.629096,0.00001
1993-07-11 00:00:00,19.759918,0.00001
1993-07-12 00:00:00,18.879258,0.00001
1993-07-13 00:00:00,18.005296,0.00001
1993-07-14 00:00:00,17.121766,0.00001
1993-07-15 00:00:00,16.365507,0.00001
1993-07-16 00:00:00,15.522549,0.00001
1993-07-17 00:00:00,14.765602,0.00001
1993-07-18 00:00:00,14.207002,0.00001
1993-07-19 00:00:00,14.761275,0.00001
1993-07-20 00:00:00,14.570466,0.00001
1993-07-21 00:00:00,14.425376,0.00001
1993-07-22 00:00:00,13.743098,0.00001
1993-07-23 00:00:00,13.01935,0.00001
1993-07-24 00:00:00,12.342427,0.00001
1993-07-25 00:00:00,11.737729,0.00001
1993-07-26 00:00:00,11.125474,0.00001
1993-07-27 00:00:00,10.610904,0.00001
1993-07-28 00:00:00,10.023704,0.00001
1993-07-29 00:00:00,9.516135,0.00001
1993-07-30 00:00:00,9.046202,0.00001
1993-07-31 00:00:00,8.560567,0.00001
1993-08-01 00:00:00,8.091326,0.00001
1993-08-02 00:00:00,7.689424,0.00001
1993-08-03 00:00:00,7.637445,0.00001
1993-08-04 00:00:00,8.560232,0.00001
1993-08-05 00:00:00,8.807329,0.00001
1993-08-06 00:00:00,8.983893,0.00001
1993-08-07 00:00:00,8.844136,0.00001
1993-08-08 00:00:00,8.568927,0.00001
1993-08-09 00:00:00,8.254406,0.00001
1993-08-10 00:00:00,7.892531,0.00001
1993-08-11 00:00:00,7.550746,0.00001
1993-08-12 00:00:00,7.214568,0.00001
1993-08-13 00:00:00,6.988677,0.00001
1993-08-14 00:00:00,6.904371,0.00001
1993-08-15 00:00:00,6.79207,0.00001
1993-08-16 00:00:00,6.573958,0.00001
1993-08-17 00:00:00,6.66166,0.00001
1993-08-18 00:00:00,6.453552,0.00001
1993-08-19 00:00:00,6.203761,0.00001
1993-08-20 00:00:00,5.962201,0.00001
1993-08-21 00:00:00,5.835898,0.00001
1993-08-22 00:00:00,5.790514,0.00001
1993-08-23 00:00:00,6.098836,0.00001
1993-08-24 00:00:00,6.072405,0.00001
1993-08-25 00:00:00,5.937545,0.00001
1993-08-26 00:00:00,5.679718,0.00001
1993-08-27 00:00:00,5.812486,0.00001
1993-08-28 00:00:00,5.830648,0.00001
1993-08-29 00:00:00,5.556447,0.00001
1993-08-30 00:00:00,5.274832,0.00001
1993-08-31 00:00:00,5.002411,0.00001
1993-09-01 00:00:00,4.739441,0.00001
1993-09-02 00:00:00,4.510625,0.00001
1993-09-03 00:00:00,4.279989,0.00001
1993-09-04 00:00:00,4.032236,0.00001
1993-09-05 00:00:00,3.801242,0.00001
1993-09-06 00:00:00,3.626076,0.00001
1993-09-07 00:00:00,3.437889,0.00001
1993-09-08 00:00:00,3.258885,0.00001
1993-09-09 00:00:00,3.080493,0.00001
1993-09-10 00:00:00,2.909655,0.00001
1993-09-11 00:00:00,2.725145,0.00001
1993-09-12 00:00:00,2.540325,0.00001
1993-09-13 00:00:00,2.509278,0.00001
1993-09-14 00:00:00,3.834822,0.00001
1993-09-15 00:00:00,4.273802,0.00001
1993-09-16 00:00:00,4.234685,0.00001
1993-09-17 00:00:00,4.118224,0.00001
1993-09-18 00:00:00,3.996094,0.00001
1993-09-19 00:00:00,3.874071,0.00001
1993-09-20 00:00:00,3.734669,0.00001
1993-09-21 00:00:00,3.622989,0.00001
1993-09-22 00:00:00,3.482799,0.00001
1993-09-23 00:00:00,3.394989,0.00001
1993-09-24 00:00:00,3.450671,0.00001
1993-09-25 00:00:00,3.361555,0.00001
1993-09-26 00:00:00,3.21853,0.00001
1993-09-27 00:00:00,3.079602,0.00001
1993-09-28 00:00:00,2.935951,0.00001
1993-09-29 00:00:00,2.986953,0.00001
1993-09-30 00:00:00,3.105667,0.00001
1993-10-01 00:00:00,3.019392,0.00001
1993-10-02 00:00:00,3.138156,0.00001
1993-10-03 00:00:00,3.329283,0.00001
1993-10-04 00:00:00,3.406266,0.00001
1993-10-05 00:00:00,4.274993,0.00001
1993-10-06 00:00:00,4.731925,0.00001
1993-10-07 00:00:00,4.754156,0.00001
1993-10-08 00:00:00,4.732116,0.00001
1993-10-09 00:00:00,4.679481,0.00001
1993-10-10 00:00:00,4.607895,0.00001
1993-10-11 00:00:00,4.52363,0.00001
1993-10-12 00:00:00,4.43203,0.00001
1993-10-13 00:00:00,4.352216,0.00001
1993-10-14 00:00:00,4.277726,0.00001
1993-10-15 00:00:00,4.26266,0.00001
1993-10-16 00:00:00,4.21313,0.00001
1993-10-17 00:00:00,4.983425,0.00001
1993-10-18 00:00:00,5.50655,0.00001
1993-10-19 00:00:00,5.581641,0.00001
1993-10-20 00:00:00,5.564503,0.00001
1993-10-21 00:00:00,5.534541,0.00001
1993-10-22 00:00:00,5.478695,0.00001
1993-10-23 00:00:00,5.40712,0.00001
1993-10-24 00:00:00,5.32575,0.00001
1993-10-25 00:00:00,5.225483,0.00001
1993-10-26 00:00:00,5.136232,0.00001
1993-10-27 00:00:00,5.422654,0.00001
1993-10-28 00:00:00,5.356401,0.00001
1993-10-29 00:00:00,5.333067,0.00001
1993-10-30 00:00:00,5.24467,0.00001
1993-10-31 00:00:00,5.158297,0.00001
1993-11-01 00:00:00,5.080392,0.00001
1993-11-02 00:00:00,4.984486,0.00001
1993-11-03 00:00:00,4.898954,0.00001
1993-11-04 00:00:00,4.815406,0.00001
1993-11-05 00:00:00,4.72464,0.00001
1993-11-06 00:00:00,4.636646,0.00001
1993-11-07 00:00:00,4.537675,0.00001
1993-11-08 00:00:00,4.562115,0.00001
1993-11-09 00:00:00,4.864406,0.00001
1993-11-10 00:00:00,6.298808,0.00001
1993-11-11 00:00:00,6.504481,0.00001
1993-11-12 00:00:00,6.591037,0.00001
1993-11-13 00:00:00,6.638583,0.00001
1993-11-14 00:00:00,6.655699,0.00001
1993-11-15 00:00:00,6.63756,0.00001
1993-11-16 00:00:00,6.624273,0.00001
1993-11-17 00:00:00,6.573872,0.00001
1993-11-18 00:00:00,6.510522,0.00001
1993-11-19 00:00:00,6.469404,0.00001
1993-11-20 00:00:00,6.417589,0.00001
1993-11-21 00:00:00,6.356086,0.00001
1993-11-22 00:00:00,6.263587,0.00001
1993-11-23 00:00:00,6.164346,0.00001
1993-11-24 00:00:00,6.062723,0.00001
1993-11-25 00:00:00,5.964415,0.00001
1993-11-26 00:00:00,5.851512,0.00001
1993-11-27 00:00:00,5.740541,0.00001
1993-11-28 00:00:00,5.65156,0.00001
1993-11-29 00:00:00,5.566399,0.00001
1993-11-30 00:00:00,5.55485,0.00001
1993-12-01 00:00:00,5.444573,0.00001
1993-12-02 00:00:00,5.339583,0.00001
1993-12-03 00:00:00,5.234832,0.00001
1993-12-04 00:00:00,5.142275,0.00001
1993-12-05 00:00:00,5.063486,0.00001
1993-12-06 00:00:00,5.161365,0.00001
1993-12-07 00:00:00,5.163314,0.00001
1993-12-08 00:00:00,5.08214,0.00001
1993-12-09 00:00:00,5.002754,0.00001
1993-12-10 00:00:00,4.922627,0.00001
1993-12-11 00:00:00,4.83643,0.00001
1993-12-12 00:00:00,4.741357,0.00001
1993-12-13 00:00:00,4.647468,0.00001
1993-12-14 00:00:00,4.54732,0.00001
1993-12-15 00:00:00,4.454134,0.00001
1993-12-16 00:00:00,4.385977,0.00001
1993-12-17 00:00:00,4.303592,0.00001
1993-12-18 00:00:00,4.2234,0.00001
1993-12-19 00:00:00,4.154929,0.00001
1993-12-20 00:00:00,4.11153,0.00001
1993-12-21 00:00:00,4.057118,0.00001
1993-12-22 00:00:00,3.992167,0.00001
1993-12-23 00:00:00,3.926403,0.00001
1993-12-24 00:00:00,3.855889,0.00001
1993-12-25 00:00:00,3.794629,0.00001
1993-12-26 00:00:00,3.73334,0.00001
1993-12-27 00:00:00,3.667442,0.00001
1993-12-28 00:00:00,3.599333,0.00001
1993-12-29 00:00:00,3.552753,0.00001
1993-12-30 00:00:00,3.504061,0.00001
1993-12-31 00:00:00,3.457921,0.00001
1994-01-01 00:00:00,3.446188,0.00001
1994-01-02 00:00:00,3.815676,0.00001
1994-01-03 00:00:00,3.614528,0.00001
1994-01-04 00:00:00,3.547273,0.00001
1994-01-05 00:00:00,3.513674,0.00001
1994-01-06 00:00:00,3.478171,0.00001
1994-01-07 00:00:00,3.421059,0.00001
1994-01-08 00:00:00,3.485272,0.00001
1994-01-09 00:00:00,3.405928,0.00001
1994-01-10 00:00:00,3.372562,0.00001
1994-01-11 00:00:00,3.377294,0.00001
1994-01-12 00:00:00,3.372098,0.00001
1994-01-13 00:00:00,3.321319,0.00001
1994-01-14 00:00:00,3.282702,0.00001
1994-01-15 00:00:00,3.222581,0.00001
1994-01-16 00:00:00,3.144794,0.00001
1994-01-17 00:00:00,3.279674,0.00001
1994-01-18 00:00:00,3.419233,0.00001
1994-01-19 00:00:00,3.393598,0.00001
1994-01-20 00:00:00,3.359471,0.00001
1994-01-21 00:00:00,3.569326,0.00001
1994-01-22 00:00:00,3.844748,0.00001
1994-01-23 00:00:00,4.211912,0.00001
1994-01-24 00:00:00,4.373003,0.00001
1994-01-25 00:00:00,4.373636,0.00001
1994-01-26 00:00:00,4.375946,0.00001
1994-01-27 00:00:00,4.349891,0.00001
1994-01-28 00:00:00,4.398814,0.00001
1994-01-29 00:00:00,4.392056,0.00001
1994-01-30 00:00:00,4.379451,0.00001
1994-01-31 00:00:00,4.362969,0.00001
1994-02-01 00:00:00,4.350379,0.00001
1994-02-02 00:00:00,4.374895,0.00001
1994-02-03 00:00:00,4.311643,0.00001
1994-02-04 00:00:00,4.515718,0.00001
1994-02-05 00:00:00,4.561122,0.00001
1994-02-06 00:00:00,4.619118,0.00001
1994-02-07 00:00:00,4.675831,0.00001
1994-02-08 00:00:00,4.618168,0.00001
1994-02-09 00:00:00,4.720449,0.00001
1994-02-10 00:00:00,4.852548,0.00001
1994-02-11 00:00:00,5.5128,0.00001
1994-02-12 00:00:00,6.140085,0.00001
1994-02-13 00:00:00,6.426617,0.00001
1994-02-14 00:00:00,6.617479,0.00001
1994-02-15 00:00:00,6.714276,0.00001
1994-02-16 00:00:00,6.832945,0.00001
1994-02-17 00:00:00,6.90422,0.00001
1994-02-18 00:00:00,6.950508,0.00001
1994-02-19 00:00:00,7.00212,0.00001
1994-02-20 00:00:00,7.045787,0.00001
1994-02-21 00:00:00,7.049964,0.00001
1994-02-22 00:00:00,7.047373,0.00001
1994-02-23 00:00:00,7.046977,0.00001
1994-02-24 00:00:00,7.208929,0.00001
1994-02-25 00:00:00,7.259092,0.00001
1994-02-26 00:00:00,7.252706,0.00001
1994-02-27 00:00:00,7.326827,0.00001
1994-02-28 00:00:00,7.375769,0.00001
1994-03-01 00:00:00,7.312451,0.00001
1994-03-02 00:00:00,7.241977,0.00001
1994-03-03 00:00:00,7.162458,0.00001
1994-03-04 00:00:00,7.107898,0.00001
1994-03-05 00:00:00,7.213594,0.00001
1994-03-06 00:00:00,7.18977,0.00001
1994-03-07 00:00:00,7.090912,0.00001
1994-03-08 00:00:00,7.457326,0.00001
1994-03-09 00:00:00,7.459121,0.00001
1994-03-10 00:00:00,7.282422,0.00001
1994-03-11 00:00:00,7.115956,0.00001
1994-03-12 00:00:00,6.943837,0.00001
1994-03-13 00:00:00,6.750123,0.00001
1994-03-14 00:00:00,6.639336,0.00001
1994-03-15 00:00:00,6.666192,0.00001
1994-03-16 00:00:00,6.57999,0.00001
1994-03-17 00:00:00,6.463973,0.00001
1994-03-18 00:00:00,6.352154,0.00001
1994-03-19 00:00:00,6.223586,0.00001
1994-03-20 00:00:00,6.074041,0.00001
1994-03-21 00:00:00,5.951301,0.00001
1994-03-22 00:00:00,5.81282,0.00001
1994-03-23 00:00:00,5.642164,0.00001
1994-03-24 00:00:00,5.512808,0.00001
1994-03-25 00:00:00,5.394788,0.00001
1994-03-26 00:00:00,5.251698,0.00001
1994-03-27 00:00:00,5.086721,0.00001
1994-03-28 00:00:00,4.999703,0.00001
1994-03-29 00:00:00,4.81459,0.00001
1994-03-30 00:00:00,4.597183,0.00001
1994-03-31 00:00:00,4.411912,0.00001
1994-04-01 00:00:00,4.260193,0.00001
1994-04-02 00:00:00,4.084264,0.00001
1994-04-03 00:00:00,4.910679,0.00001
1994-04-04 00:00:00,5.300788,0.00001
1994-04-05 00:00:00,5.561714,0.00001
1994-04-06 00:00:00,5.745519,0.00001
1994-04-07 00:00:00,5.672696,0.00001
1994-04-08 00:00:00,6.302577,0.00001
1994-04-09 00:00:00,8.047092,0.00001
1994-04-10 00:00:00,8.523377,0.00001
1994-04-11 00:00:00,8.898033,0.00001
1994-04-12 00:00:00,9.106736,0.00001
1994-04-13 00:00:00,9.133162,0.00001
1994-04-14 00:00:00,9.129074,0.00001
1994-04-15 00:00:00,9.44895,0.00001
1994-04-16 00:00:00,9.437136,0.00001
1994-04-17 00:00:00,9.561887,0.00001
1994-04-18 00:00:00,9.669504,0.00001
1994-04-19 00:00:00,9.713684,0.00001
1994-04-20 00:00:00,9.97772,0.00001
1994-04-21 00:00:00,10.393094,0.00001
1994-04-22 00:00:00,12.939546,0.00001
1994-04-23 00:00:00,16.391358,0.00001
1994-04-24 00:00:00,17.704848,0.00001
1994-04-25 00:00:00,18.3268,0.00001
1994-04-26 00:00:00,18.628353,0.00001
1994-04-27 00:00:00,19.870676,0.00001
1994-04-28 00:00:00,20.286875,0.00001
1994-04-29 00:00:00,20.249147,0.00001
1994-04-30 00:00:00,20.058457,0.00001
1994-05-01 00:00:00,19.733232,0.00001
1994-05-02 00:00:00,19.336155,0.00001
1994-05-03 00:00:00,18.935609,0.00001
1994-05-04 00:00:00,18.515486,0.00001
1994-05-05 00:00:00,18.21716,0.00001
1994-05-06 00:00:00,19.509398,0.00001
1994-05-07 00:00:00,19.618809,0.00001
1994-05-08 00:00:00,19.247214,0.00001
1994-05-09 00:00:00,18.64703,0.00001
1994-05-10 00:00:00,17.994898,0.00001
1994-05-11 00:00:00,17.615224,0.00001
1994-05-12 00:00:00,17.524471,0.00001
1994-05-13 00:00:00,17.127604,0.00001
1994-05-14 00:00:00,16.461741,0.00001
1994-05-15 00:00:00,16.052538,0.00001
1994-05-16 00:00:00,17.037917,0.00001
1994-05-17 00:00:00,20.107541,0.00001
1994-05-18 00:00:00,20.996283,0.00001
1994-05-19 00:00:00,20.990726,0.00001
1994-05-20 00:00:00,20.89787,0.00001
1994-05-21 00:00:00,21.00539,0.00001
1994-05-22 00:00:00,20.726413,0.00001
1994-05-23 00:00:00,20.862738,0.00001
1994-05-24 00:00:00,20.489498,0.00001
1994-05-25 00:00:00,19.890784,0.00001
1994-05-26 00:00:00,19.207014,0.00001
1994-05-27 00:00:00,18.476035,0.00001
1994-05-28 00:00:00,17.745459,0.00001
1994-05-29 00:00:00,16.99419,0.00001
1994-05-30 00:00:00,16.265782,0.00001
1994-05-31 00:00:00,15.796866,0.00001
1994-06-01 00:00:00,15.870635,0.00001
1994-06-02 00:00:00,16.292153,0.00001
1994-06-03 00:00:00,15.691866,0.00001
1994-06-04 00:00:00,15.809933,0.00001
1994-06-05 00:00:00,15.226709,0.00001
1994-06-06 00:00:00,15.50862,0.00001
1994-06-07 00:00:00,15.678347,0.00001
1994-06-08 00:00:00,15.059601,0.00001
1994-06-09 00:00:00,15.007902,0.00001
1994-06-10 00:00:00,15.130592,0.00001
1994-06-11 00:00:00,15.230602,0.00001
1994-06-12 00:00:00,15.370694,0.00001
1994-06-13 00:00:00,16.643854,0.00001
1994-06-14 00:00:00,16.355262,0.00001
1994-06-15 00:00:00,15.992617,0.00001
1994-06-16 00:00:00,15.683996,0.00001
1994-06-17 00:00:00,15.239942,0.00001
1994-06-18 00:00:00,14.713924,0.00001
1994-06-19 00:00:00,14.229131,0.00001
1994-06-20 00:00:00,13.712038,0.00001
1994-06-21 00:00:00,13.203675,0.00001
1994-06-22 00:00:00,13.171659,0.00001
1994-06-23 00:00:00,13.485087,0.00001
1994-06-24 00:00:00,12.992677,0.00001
1994-06-25 00:00:00,12.324502,0.00001
1994-06-26 00:00:00,11.744673,0.00001
1994-06-27 00:00:00,11.265108,0.00001
1994-06-28 00:00:00,11.279229,0.00001
1994-06-29 00:00:00,11.051491,0.00001
1994-06-30 00:00:00,10.958157,0.00001
1994-07-01 00:00:00,11.40393,0.00001
1994-07-02 00:00:00,11.017753,0.00001
1994-07-03 00:00:00,10.751773,0.00001
1994-07-04 00:00:00,10.253995,0.00001
1994-07-05 00:00:00,9.837641,0.00001
1994-07-06 00:00:00,9.519534,0.00001
1994-07-07 00:00:00,9.077111,0.00001
1994-07-08 00:00:00,8.819289,0.00001
1994-07-09 00:00:00,8.58374,0.00001
1994-07-10 00:00:00,8.202103,0.00001
1994-07-11 00:00:00,7.791687,0.00001
1994-07-12 00:00:00,7.394104,0.00001
1994-07-13 00:00:00,7.085695,0.00001
1994-07-14 00:00:00,6.760103,0.00001
1994-07-15 00:00:00,6.405495,0.00001
1994-07-16 00:00:00,6.417339,0.00001
1994-07-17 00:00:00,7.327375,0.00001
1994-07-18 00:00:00,7.380657,0.00001
1994-07-19 00:00:00,7.395289,0.00001
1994-07-20 00:00:00,7.872187,0.00001
1994-07-21 00:00:00,8.482726,0.00001
1994-07-22 00:00:00,8.402061,0.00001
1994-07-23 00:00:00,8.441808,0.00001
1994-07-24 00:00:00,8.367209,0.00001
1994-07-25 00:00:00,8.250901,0.00001
1994-07-26 00:00:00,8.427002,0.00001
1994-07-27 00:00:00,8.241074,0.00001
1994-07-28 00:00:00,7.992229,0.00001
1994-07-29 00:00:00,7.746508,0.00001
1994-07-30 00:00:00,7.62667,0.00001
1994-07-31 00:00:00,8.272143,0.00001
1994-08-01 00:00:00,8.135362,0.00001
1994-08-02 00:00:00,7.904082,0.00001
1994-08-03 00:00:00,7.752849,0.00001
1994-08-04 00:00:00,7.708954,0.00001
1994-08-05 00:00:00,7.457521,0.00001
1994-08-06 00:00:00,7.193589,0.00001
1994-08-07 00:00:00,7.554483,0.00001
1994-08-08 00:00:00,7.460271,0.00001
1994-08-09 00:00:00,7.584338,0.00001
1994-08-10 00:00:00,7.469329,0.00001
1994-08-11 00:00:00,7.264941,0.00001
1994-08-12 00:00:00,7.466345,0.00001
1994-08-13 00:00:00,7.30845,0.00001
1994-08-14 00:00:00,7.061428,0.00001
1994-08-15 00:00:00,6.793087,0.00001
1994-08-16 00:00:00,6.671971,0.00001
1994-08-17 00:00:00,6.384491,0.00001
1994-08-18 00:00:00,6.434561,0.00001
1994-08-19 00:00:00,6.504858,0.00001
1994-08-20 00:00:00,6.255572,0.00001
1994-08-21 00:00:00,6.020071,0.00001
1994-08-22 00:00:00,5.945505,0.00001
1994-08-23 00:00:00,6.482912,0.00001
1994-08-24 00:00:00,6.785148,0.00001
1994-08-25 00:00:00,6.611969,0.00001
1994-08-26 00:00:00,6.375359,0.00001
1994-08-27 00:00:00,6.140604,0.00001
1994-08-28 00:00:00,5.908157,0.00001
1994-08-29 00:00:00,5.721401,0.00001
1994-08-30 00:00:00,5.550234,0.00001
1994-08-31 00:00:00,5.343387,0.00001
1994-09-01 00:00:00,5.107538,0.00001
1994-09-02 00:00:00,4.859978,0.00001
1994-09-03 00:00:00,4.6626,0.00001
1994-09-04 00:00:00,4.42531,0.00001
1994-09-05 00:00:00,4.217481,0.00001
1994-09-06 00:00:00,4.025582,0.00001
1994-09-07 00:00:00,3.851387,0.00001
1994-09-08 00:00:00,3.743109,0.00001
1994-09-09 00:00:00,3.627881,0.00001
1994-09-10 00:00:00,3.472291,0.00001
1994-09-11 00:00:00,3.271696,0.00001
1994-09-12 00:00:00,3.156395,0.00001
1994-09-13 00:00:00,3.01724,0.00001
1994-09-14 00:00:00,2.860967,0.00001
1994-09-15 00:00:00,2.730964,0.00001
1994-09-16 00:00:00,2.581412,0.00001
1994-09-17 00:00:00,2.410718,0.00001
1994-09-18 00:00:00,2.248254,0.00001
1994-09-19 00:00:00,2.18254,0.00001
1994-09-20 00:00:00,2.087931,0.00001
1994-09-21 00:00:00,1.986009,0.00001
1994-09-22 00:00:00,1.843602,0.00001
1994-09-23 00:00:00,1.711707,0.00001
1994-09-24 00:00:00,1.607571,0.00001
1994-09-25 00:00:00,1.478217,0.00001
1994-09-26 00:00:00,1.431071,0.00001
1994-09-27 00:00:00,2.139797,0.00001
1994-09-28 00:00:00,2.509632,0.00001
1994-09-29 00:00:00,2.477645,0.00001
1994-09-30 00:00:00,2.360033,0.00001
1994-10-01 00:00:00,2.29811,0.00001
1994-10-02 00:00:00,2.379812,0.00001
1994-10-03 00:00:00,2.55716,0.00001
1994-10-04 00:00:00,2.551277,0.00001
1994-10-05 00:00:00,2.481168,0.00001
1994-10-06 00:00:00,2.409538,0.00001
1994-10-07 00:00:00,2.339482,0.00001
1994-10-08 00:00:00,2.291019,0.00001
1994-10-09 00:00:00,2.196846,0.00001
1994-10-10 00:00:00,2.095851,0.00001
1994-10-11 00:00:00,1.999857,0.00001
1994-10-12 00:00:00,1.907816,0.00001
1994-10-13 00:00:00,1.938324,0.00001
1994-10-14 00:00:00,1.882399,0.00001
1994-10-15 00:00:00,1.854218,0.00001
1994-10-16 00:00:00,2.04601,0.00001
1994-10-17 00:00:00,2.018755,0.00001
1994-10-18 00:00:00,1.978182,0.00001
1994-10-19 00:00:00,1.918362,0.00001
1994-10-20 00:00:00,1.879215,0.00001
1994-10-21 00:00:00,1.799551,0.00001
1994-10-22 00:00:00,1.751168,0.00001
1994-10-23 00:00:00,1.713175,0.00001
1994-10-24 00:00:00,1.658622,0.00001
1994-10-25 00:00:00,1.587724,0.00001
1994-10-26 00:00:00,1.516194,0.00001
1994-10-27 00:00:00,1.450638,0.00001
1994-10-28 00:00:00,1.386335,0.00001
1994-10-29 00:00:00,1.332468,0.00001
1994-10-30 00:00:00,1.293451,0.00001
1994-10-31 00:00:00,1.233743,0.00001
1994-11-01 00:00:00,1.177613,0.00001
1994-11-02 00:00:00,1.146902,0.00001
1994-11-03 00:00:00,1.101918,0.00001
1994-11-04 00:00:00,1.047493,0.00001
1994-11-05 00:00:00,0.997889,0.00001
1994-11-06 00:00:00,0.937441,0.00001
1994-11-07 00:00:00,0.895401,0.00001
1994-11-08 00:00:00,0.877069,0.00001
1994-11-09 00:00:00,0.858137,0.00001
1994-11-10 00:00:00,0.900589,0.00001
1994-11-11 00:00:00,0.922688,0.00001
1994-11-12 00:00:00,0.901376,0.00001
1994-11-13 00:00:00,0.880723,0.00001
1994-11-14 00:00:00,0.871419,0.00001
1994-11-15 00:00:00,0.86034,0.00001
1994-11-16 00:00:00,0.850593,0.00001
1994-11-17 00:00:00,0.838988,0.00001
1994-11-18 00:00:00,0.821947,0.00001
1994-11-19 00:00:00,0.824165,0.00001
1994-11-20 00:00:00,0.816839,0.00001
1994-11-21 00:00:00,0.808185,0.00001
1994-11-22 00:00:00,0.815202,0.00001
1994-11-23 00:00:00,1.067388,0.00001
1994-11-24 00:00:00,1.148406,0.00001
1994-11-25 00:00:00,1.169185,0.00001
1994-11-26 00:00:00,1.218748,0.00001
1994-11-27 00:00:00,1.223354,0.00001
1994-11-28 00:00:00,1.238364,0.00001
1994-11-29 00:00:00,1.243352,0.00001
1994-11-30 00:00:00,1.241574,0.00001
1994-12-01 00:00:00,1.223452,0.00001
1994-12-02 00:00:00,1.224817,0.00001
1994-12-03 00:00:00,1.352344,0.00001
1994-12-04 00:00:00,1.49717,0.00001
1994-12-05 00:00:00,1.592821,0.00001
1994-12-06 00:00:00,1.623998,0.00001
1994-12-07 00:00:00,1.647182,0.00001
1994-12-08 00:00:00,1.663133,0.00001
1994-12-09 00:00:00,1.822238,0.00001
1994-12-10 00:00:00,1.887937,0.00001
1994-12-11 00:00:00,1.907778,0.00001
1994-12-12 00:00:00,1.917891,0.00001
1994-12-13 00:00:00,1.923791,0.00001
1994-12-14 00:00:00,1.956247,0.00001
1994-12-15 00:00:00,2.020483,0.00001
1994-12-16 00:00:00,2.030434,0.00001
1994-12-17 00:00:00,2.046583,0.00001
1994-12-18 00:00:00,2.050538,0.00001
1994-12-19 00:00:00,2.063166,0.00001
1994-12-20 00:00:00,2.085953,0.00001
1994-12-21 00:00:00,2.108465,0.00001
1994-12-22 00:00:00,2.114291,0.00001
1994-12-23 00:00:00,2.182806,0.00001
1994-12-24 00:00:00,2.155782,0.00001
1994-12-25 00:00:00,2.149649,0.00001
1994-12-26 00:00:00,2.167326,0.00001
1994-12-27 00:00:00,2.158454,0.00001
1994-12-28 00:00:00,2.153748,0.00001
1994-12-29 00:00:00,2.107161,0.00001
1994-12-30 00:00:00,2.141113,0.00001
1994-12-31 00:00:00,2.133262,0.00001
1990-01-01 00:00:00,5.326274,0.00001
1990-01-02 00:00:00,5.279789,0.00001
1990-01-03 00:00:00,5.232633,0.00001
1990-01-04 00:00:00,5.190151,0.00001
1990-01-05 00:00:00,5.24443,0.00001
1990-01-06 00:00:00,5.297507,0.00001
1990-01-07 00:00:00,5.210604,0.00001
1990-01-08 00:00:00,5.153491,0.00001
1990-01-09 00:00:00,5.191968,0.00001
1990-01-10 00:00:00,5.121855,0.00001
1990-01-11 00:00:00,5.080963,0.00001
1990-01-12 00:00:00,4.987766,0.00001
1990-01-13 00:00:00,5.02067,0.00001
1990-01-14 00:00:00,5.130408,0.00001
1990-01-15 00:00:00,5.017816,0.00001
1990-01-16 00:00:00,4.937935,0.00001
1990-01-17 00:00:00,4.831148,0.00001
1990-01-18 00:00:00,4.904465,0.00001
1990-01-19 00:00:00,5.348336,0.00001
1990-01-20 00:00:00,5.161512,0.00001
1990-01-21 00:00:00,5.137636,0.00001
1990-01-22 00:00:00,5.109813,0.00001
1990-01-23 00:00:00,5.010224,0.00001
1990-01-24 00:00:00,4.917166,0.00001
1990-01-25 00:00:00,4.825883,0.00001
1990-01-26 00:00:00,4.740954,0.00001
1990-01-27 00:00:00,4.658599,0.00001
1990-01-28 00:00:00,4.577803,0.00001
1990-01-29 00:00:00,4.507304,0.00001
1990-01-30 00:00:00,4.433556,0.00001
1990-01-31 00:00:00,4.359052,0.00001
1990-02-01 00:00:00,4.283704,0.00001
1990-02-02 00:00:00,4.216444,0.00001
1990-02-03 00:00:00,4.184206,0.00001
1990-02-04 00:00:00,4.118518,0.00001
1990-02-05 00:00:00,4.06557,0.00001
1990-02-06 00:00:00,4.012139,0.00001
1990-02-07 00:00:00,3.963927,0.00001
1990-02-08 00:00:00,3.912586,0.00001
1990-02-09 00:00:00,3.860977,0.00001
1990-02-10 00:00:00,3.793336,0.00001
1990-02-11 00:00:00,3.752937,0.00001
1990-02-12 00:00:00,3.709586,0.00001
1990-02-13 00:00:00,3.663314,0.00001
1990-02-14 00:00:00,3.626003,0.00001
1990-02-15 00:00:00,3.587365,0.00001
1990-02-16 00:00:00,3.536378,0.00001
1990-02-17 00:00:00,3.478934,0.00001
1990-02-18 00:00:00,3.348915,0.00001
1990-02-19 00:00:00,3.375239,0.00001
1990-02-20 00:00:00,3.265242,0.00001
1990-02-21 00:00:00,3.469929,0.00001
1990-02-22 00:00:00,3.395373,0.00001
1990-02-23 00:00:00,3.43595,0.00001
1990-02-24 00:00:00,3.696675,0.00001
1990-02-25 00:00:00,3.822901,0.00001
1990-02-26 00:00:00,3.887358,0.00001
1990-02-27 00:00:00,3.937808,0.00001
1990-02-28 00:00:00,3.984619,0.00001
1990-03-01 00:00:00,4.009101,0.00001
1990-03-02 00:00:00,4.021498,0.00001
1990-03-03 00:00:00,4.012744,0.00001
1990-03-04 00:00:00,4.149806,0.00001
1990-03-05 00:00:00,4.279774,0.00001
1990-03-06 00:00:00,4.506211,0.00001
1990-03-07 00:00:00,4.498193,0.00001
1990-03-08 00:00:00,4.467359,0.00001
1990-03-09 00:00:00,4.434476,0.00001
1990-03-10 00:00:00,4.215529,0.00001
1990-03-11 00:00:00,4.394311,0.00001
1990-03-12 00:00:00,4.404028,0.00001
1990-03-13 00:00:00,4.393566,0.00001
1990-03-14 00:00:00,4.309315,0.00001
1990-03-15 00:00:00,4.267967,0.00001
1990-03-16 00:00:00,4.204178,0.00001
1990-03-17 00:00:00,4.21274,0.00001
1990-03-18 00:00:00,4.192247,0.00001
1990-03-19 00:00:00,4.152955,0.00001
1990-03-20 00:00:00,4.82181,0.00001
1990-03-21 00:00:00,4.897147,0.00001
1990-03-22 00:00:00,4.905815,0.00001
1990-03-23 00:00:00,4.917424,0.00001
1990-03-24 00:00:00,4.862754,0.00001
1990-03-25 00:00:00,4.840766,0.00001
1990-03-26 00:00:00,5.043792,0.00001
1990-03-27 00:00:00,5.877294,0.00001
1990-03-28 00:00:00,6.197699,0.00001
1990-03-29 00:00:00,6.307938,0.00001
1990-03-30 00:00:00,6.358877,0.00001
1990-03-31 00:00:00,6.413419,0.00001
1990-04-01 00:00:00,6.459991,0.00001
1990-04-02 00:00:00,6.441431,0.00001
1990-04-03 00:00:00,6.313075,0.00001
1990-04-04 00:00:00,6.296893,0.00001
1990-04-05 00:00:00,6.293571,0.00001
1990-04-06 00:00:00,6.340773,0.00001
1990-04-07 00:00:00,6.756138,0.00001
1990-04-08 00:00:00,7.270833,0.00001
1990-04-09 00:00:00,7.752269,0.00001
1990-04-10 00:00:00,8.703177,0.00001
1990-04-11 00:00:00,9.316911,0.00001
1990-04-12 00:00:00,10.090099,0.00001
1990-04-13 00:00:00,10.175117,0.00001
1990-04-14 00:00:00,10.208166,0.00001
1990-04-15 00:00:00,10.27952,0.00001
1990-04-16 00:00:00,10.254923,0.00001
1990-04-17 00:00:00,10.435025,0.00001
1990-04-18 00:00:00,11.529014,0.00001
1990-04-19 00:00:00,11.652567,0.00001
1990-04-20 00:00:00,11.93015,0.00001
1990-04-21 00:00:00,12.312738,0.00001
1990-04-22 00:00:00,12.238265,0.00001
1990-04-23 00:00:00,12.123136,0.00001
1990-04-24 00:00:00,12.115409,0.00001
1990-04-25 00:00:00,12.050383,0.00001
1990-04-26 00:00:00,12.937397,0.00001
1990-04-27 00:00:00,13.692827,0.00001
1990-04-28 00:00:00,13.580338,0.00001
1990-04-29 00:00:00,13.535607,0.00001
1990-04-30 00:00:00,13.384758,0.00001
1990-05-01 00:00:00,13.262476,0.00001
1990-05-02 00:00:00,13.056029,0.00001
1990-05-03 00:00:00,12.780725,0.00001
1990-05-04 00:00:00,12.550214,0.00001
1990-05-05 00:00:00,12.168914,0.00001
1990-05-06 00:00:00,11.743459,0.00001
1990-05-07 00:00:00,11.530192,0.00001
1990-05-08 00:00:00,12.835648,0.00001
1990-05-09 00:00:00,13.982372,0.00001
1990-05-10 00:00:00,14.816457,0.00001
1990-05-11 00:00:00,14.736399,0.00001
1990-05-12 00:00:00,14.553882,0.00001
1990-05-13 00:00:00,15.027377,0.00001
1990-05-14 00:00:00,14.896195,0.00001
1990-05-15 00:00:00,14.517536,0.00001
1990-05-16 00:00:00,14.123875,0.00001
1990-05-17 00:00:00,13.983381,0.00001
1990-05-18 00:00:00,13.740854,0.00001
1990-05-19 00:00:00,13.323414,0.00001
1990-05-20 00:00:00,12.929263,0.00001
1990-05-21 00:00:00,12.5461,0.00001
1990-05-22 00:00:00,12.295501,0.00001
1990-05-23 00:00:00,12.659411,0.00001
1990-05-24 00:00:00,12.506573,0.00001
1990-05-25 00:00:00,12.132331,0.00001
1990-05-26 00:00:00,12.369441,0.00001
1990-05-27 00:00:00,13.210215,0.00001
1990-05-28 00:00:00,14.033792,0.00001
1990-05-29 00:00:00,13.924053,0.00001
1990-05-30 00:00:00,13.55575,0.00001
1990-05-31 00:00:00,13.16585,0.00001
1990-06-01 00:00:00,12.986838,0.00001
1990-06-02 00:00:00,12.909928,0.00001
1990-06-03 00:00:00,12.536147,0.00001
1990-06-04 00:00:00,12.080572,0.00001
1990-06-05 00:00:00,11.774521,0.00001
1990-06-06 00:00:00,11.705717,0.00001
1990-06-07 00:00:00,11.795203,0.00001
1990-06-08 00:00:00,11.702919,0.00001
1990-06-09 00:00:00,11.440516,0.00001
1990-06-10 00:00:00,11.050309,0.00001
1990-06-11 00:00:00,10.641185,0.00001
1990-06-12 00:00:00,10.22396,0.00001
1990-06-13 00:00:00,9.7728,0.00001
1990-06-14 00:00:00,9.319433,0.00001
1990-06-15 00:00:00,8.888273,0.00001
1990-06-16 00:00:00,8.478853,0.00001
1990-06-17 00:00:00,8.125267,0.00001
1990-06-18 00:00:00,7.726003,0.00001
1990-06-19 00:00:00,7.297364,0.00001
1990-06-20 00:00:00,6.877254,0.00001
1990-06-21 00:00:00,6.491176,0.00001
1990-06-22 00:00:00,6.122048,0.00001
1990-06-23 00:00:00,5.775494,0.00001
1990-06-24 00:00:00,5.447643,0.00001
1990-06-25 00:00:00,5.219162,0.00001
1990-06-26 00:00:00,5.636228,0.00001
1990-06-27 00:00:00,5.5614,0.00001
1990-06-28 00:00:00,5.357075,0.00001
1990-06-29 00:00:00,5.268602,0.00001
1990-06-30 00:00:00,5.008567,0.00001
1990-07-01 00:00:00,4.744987,0.00001
1990-07-02 00:00:00,4.450741,0.00001
1990-07-03 00:00:00,4.232165,0.00001
1990-07-04 00:00:00,4.892497,0.00001
1990-07-05 00:00:00,5.268065,0.00001
1990-07-06 00:00:00,5.184709,0.00001
1990-07-07 00:00:00,5.021116,0.00001
1990-07-08 00:00:00,4.992618,0.00001
1990-07-09 00:00:00,4.971378,0.00001
1990-07-10 00:00:00,4.678638,0.00001
1990-07-11 00:00:00,4.382008,0.00001
1990-07-12 00:00:00,4.09059,0.00001
1990-07-13 00:00:00,3.816451,0.00001
1990-07-14 00:00:00,3.53083,0.00001
1990-07-15 00:00:00,3.492146,0.00001
1990-07-16 00:00:00,3.627431,0.00001
1990-07-17 00:00:00,3.380966,0.00001
1990-07-18 00:00:00,3.334296,0.00001
1990-07-19 00:00:00,3.299791,0.00001
1990-07-20 00:00:00,3.207871,0.00001
1990-07-21 00:00:00,2.961127,0.00001
1990-07-22 00:00:00,3.327831,0.00001
1990-07-23 00:00:00,3.331098,0.00001
1990-07-24 00:00:00,3.192311,0.00001
1990-07-25 00:00:00,3.02803,0.00001
1990-07-26 00:00:00,3.102136,0.00001
1990-07-27 00:00:00,3.124426,0.00001
1990-07-28 00:00:00,3.021453,0.00001
1990-07-29 00:00:00,2.780488,0.00001
1990-07-30 00:00:00,2.592211,0.00001
1990-07-31 00:00:00,2.521516,0.00001
1990-08-01 00:00:00,2.648864,0.00001
1990-08-02 00:00:00,2.637955,0.00001
1990-08-03 00:00:00,2.750792,0.00001
1990-08-04 00:00:00,2.687572,0.00001
1990-08-05 00:00:00,2.571558,0.00001
1990-08-06 00:00:00,2.467861,0.00001
1990-08-07 00:00:00,2.413147,0.00001
1990-08-08 00:00:00,2.336526,0.00001
1990-08-09 00:00:00,2.303519,0.00001
1990-08-10 00:00:00,2.161283,0.00001
1990-08-11 00:00:00,1.996894,0.00001
1990-08-12 00:00:00,1.842392,0.00001
1990-08-13 00:00:00,1.680368,0.00001
1990-08-14 00:00:00,1.561406,0.00001
1990-08-15 00:00:00,1.897147,0.00001
1990-08-16 00:00:00,2.363417,0.00001
1990-08-17 00:00:00,2.480402,0.00001
1990-08-18 00:00:00,2.434499,0.00001
1990-08-19 00:00:00,2.618419,0.00001
1990-08-20 00:00:00,2.636011,0.00001
1990-08-21 00:00:00,2.533543,0.00001
1990-08-22 00:00:00,2.429163,0.00001
1990-08-23 00:00:00,2.325892,0.00001
1990-08-24 00:00:00,2.295148,0.00001
1990-08-25 00:00:00,2.235895,0.00001
1990-08-26 00:00:00,2.118782,0.00001
1990-08-27 00:00:00,2.084008,0.00001
1990-08-28 00:00:00,2.558285,0.00001
1990-08-29 00:00:00,2.692455,0.00001
1990-08-30 00:00:00,2.590774,0.00001
1990-08-31 00:00:00,2.487809,0.00001
1990-09-01 00:00:00,2.371838,0.00001
1990-09-02 00:00:00,2.256251,0.00001
1990-09-03 00:00:00,2.201601,0.00001
1990-09-04 00:00:00,2.083436,0.00001
1990-09-05 00:00:00,2.007009,0.00001
1990-09-06 00:00:00,1.992038,0.00001
1990-09-07 00:00:00,2.257572,0.00001
1990-09-08 00:00:00,2.121126,0.00001
1990-09-09 00:00:00,2.02511,0.00001
1990-09-10 00:00:00,1.954938,0.00001
1990-09-11 00:00:00,1.850677,0.00001
1990-09-12 00:00:00,1.856541,0.00001
1990-09-13 00:00:00,1.690607,0.00001
1990-09-14 00:00:00,1.575425,0.00001
1990-09-15 00:00:00,1.493256,0.00001
1990-09-16 00:00:00,1.613781,0.00001
1990-09-17 00:00:00,1.531991,0.00001
1990-09-18 00:00:00,1.502616,0.00001
1990-09-19 00:00:00,2.054201,0.00001
1990-09-20 00:00:00,2.201249,0.00001
1990-09-21 00:00:00,2.227065,0.00001
1990-09-22 00:00:00,2.129421,0.00001
1990-09-23 00:00:00,2.042857,0.00001
1990-09-24 00:00:00,1.982163,0.00001
1990-09-25 00:00:00,1.920497,0.00001
1990-09-26 00:00:00,1.818358,0.00001
1990-09-27 00:00:00,1.687416,0.00001
1990-09-28 00:00:00,1.562931,0.00001
1990-09-29 00:00:00,1.53928,0.00001
1990-09-30 00:00:00,1.68429,0.00001
1990-10-01 00:00:00,1.777146,0.00001
1990-10-02 00:00:00,1.715906,0.00001
1990-10-03 00:00:00,1.699939,0.00001
1990-10-04 00:00:00,1.624644,0.00001
1990-10-05 00:00:00,2.08921,0.00001
1990-10-06 00:00:00,3.400363,0.00001
1990-10-07 00:00:00,3.564921,0.00001
1990-10-08 00:00:00,3.618448,0.00001
1990-10-09 00:00:00,3.641973,0.00001
1990-10-10 00:00:00,3.576162,0.00001
1990-10-11 00:00:00,3.504981,0.00001
1990-10-12 00:00:00,3.402546,0.00001
1990-10-13 00:00:00,3.315853,0.00001
1990-10-14 00:00:00,3.345814,0.00001
1990-10-15 00:00:00,3.285087,0.00001
1990-10-16 00:00:00,3.231045,0.00001
1990-10-17 00:00:00,3.144837,0.00001
1990-10-18 00:00:00,3.104061,0.00001
1990-10-19 00:00:00,3.292298,0.00001
1990-10-20 00:00:00,3.489864,0.00001
1990-10-21 00:00:00,3.539058,0.00001
1990-10-22 00:00:00,3.612251,0.00001
1990-10-23 00:00:00,3.83361,0.00001
1990-10-24 00:00:00,3.897137,0.00001
1990-10-25 00:00:00,3.818461,0.00001
1990-10-26 00:00:00,3.885283,0.00001
1990-10-27 00:00:00,4.836996,0.00001
1990-10-28 00:00:00,5.083541,0.00001
1990-10-29 00:00:00,5.118999,0.00001
1990-10-30 00:00:00,5.173338,0.00001
1990-10-31 00:00:00,5.519669,0.00001
1990-11-01 00:00:00,6.785981,0.00001
1990-11-02 00:00:00,7.506095,0.00001
1990-11-03 00:00:00,7.783058,0.00001
1990-11-04 00:00:00,7.973325,0.00001
1990-11-05 00:00:00,8.120989,0.00001
1990-11-06 00:00:00,8.149409,0.00001
1990-11-07 00:00:00,8.099943,0.00001
1990-11-08 00:00:00,8.160466,0.00001
1990-11-09 00:00:00,8.261237,0.00001
1990-11-10 00:00:00,8.790319,0.00001
1990-11-11 00:00:00,8.931618,0.00001
1990-11-12 00:00:00,8.93929,0.00001
1990-11-13 00:00:00,8.902204,0.00001
1990-11-14 00:00:00,8.852553,0.00001
1990-11-15 00:00:00,8.791157,0.00001
1990-11-16 00:00:00,8.716525,0.00001
1990-11-17 00:00:00,8.641189,0.00001
1990-11-18 00:00:00,8.542882,0.00001
1990-11-19 00:00:00,8.459445,0.00001
1990-11-20 00:00:00,8.329761,0.00001
1990-11-21 00:00:00,8.206471,0.00001
1990-11-22 00:00:00,8.085254,0.00001
1990-11-23 00:00:00,7.953584,0.00001
1990-11-24 00:00:00,7.817239,0.00001
1990-11-25 00:00:00,7.66763,0.00001
1990-11-26 00:00:00,7.619855,0.00001
1990-11-27 00:00:00,8.456288,0.00001
1990-11-28 00:00:00,8.33609,0.00001
1990-11-29 00:00:00,8.205677,0.00001
1990-11-30 00:00:00,8.021477,0.00001
1990-12-01 00:00:00,7.970085,0.00001
1990-12-02 00:00:00,7.814127,0.00001
1990-12-03 00:00:00,7.7912,0.00001
1990-12-04 00:00:00,7.697419,0.00001
1990-12-05 00:00:00,7.583129,0.00001
1990-12-06 00:00:00,7.467468,0.00001
1990-12-07 00:00:00,7.382023,0.00001
1990-12-08 00:00:00,7.362912,0.00001
1990-12-09 00:00:00,7.265751,0.00001
1990-12-10 00:00:00,7.154359,0.00001
1990-12-11 00:00:00,7.116158,0.00001
1990-12-12 00:00:00,7.101343,0.00001
1990-12-13 00:00:00,7.055124,0.00001
1990-12-14 00:00:00,6.98658,0.00001
1990-12-15 00:00:00,6.83992,0.00001
1990-12-16 00:00:00,6.701652,0.00001
1990-12-17 00:00:00,6.565464,0.00001
1990-12-18 00:00:00,6.43904,0.00001
1990-12-19 00:00:00,6.309857,0.00001
1990-12-20 00:00:00,6.18715,0.00001
1990-12-21 00:00:00,6.066879,0.00001
1990-12-22 00:00:00,5.955846,0.00001
1990-12-23 00:00:00,5.848755,0.00001
1990-12-24 00:00:00,5.738674,0.00001
1990-12-25 00:00:00,5.632437,0.00001
1990-12-26 00:00:00,5.537189,0.00001
1990-12-27 00:00:00,5.432293,0.00001
1990-12-28 00:00:00,5.328736,0.00001
1990-12-29 00:00:00,5.237834,0.00001
1990-12-30 00:00:00,5.245376,0.00001
1990-12-31 00:00:00,5.1789,0.00001
1991-01-01 00:00:00,5.077277,0.00001
1991-01-02 00:00:00,4.975519,0.00001
1991-01-03 00:00:00,4.883565,0.00001
1991-01-04 00:00:00,4.800754,0.00001
1991-01-05 00:00:00,4.7159,0.00001
1991-01-06 00:00:00,4.636564,0.00001
1991-01-07 00:00:00,4.565858,0.00001
1991-01-08 00:00:00,4.490528,0.00001
1991-01-09 00:00:00,4.414151,0.00001
1991-01-10 00:00:00,4.472619,0.00001
1991-01-11 00:00:00,4.451718,0.00001
1991-01-12 00:00:00,4.353444,0.00001
1991-01-13 00:00:00,4.264087,0.00001
1991-01-14 00:00:00,4.177729,0.00001
1991-01-15 00:00:00,4.103055,0.00001
1991-01-16 00:00:00,4.069222,0.00001
1991-01-17 00:00:00,4.087884,0.00001
1991-01-18 00:00:00,4.724682,0.00001
1991-01-19 00:00:00,5.070568,0.00001
1991-01-20 00:00:00,5.182088,0.00001
1991-01-21 00:00:00,5.245964,0.00001
1991-01-22 00:00:00,5.368602,0.00001
1991-01-23 00:00:00,5.643932,0.00001
1991-01-24 00:00:00,5.702574,0.00001
1991-01-25 00:00:00,5.991519,0.00001
1991-01-26 00:00:00,6.453513,0.00001
1991-01-27 00:00:00,6.27203,0.00001
1991-01-28 00:00:00,6.228581,0.00001
1991-01-29 00:00:00,6.182374,0.00001
1991-01-30 00:00:00,6.131674,0.00001
1991-01-31 00:00:00,6.08724,0.00001
1991-02-01 00:00:00,6.042937,0.00001
1991-02-02 00:00:00,6.005782,0.00001
1991-02-03 00:00:00,5.967579,0.00001
1991-02-04 00:00:00,5.922781,0.00001
1991-02-05 00:00:00,5.869908,0.00001
1991-02-06 00:00:00,5.810627,0.00001
1991-02-07 00:00:00,5.738769,0.00001
1991-02-08 00:00:00,5.656035,0.00001
1991-02-09 00:00:00,5.598798,0.00001
1991-02-10 00:00:00,5.505708,0.00001
1991-02-11 00:00:00,5.509008,0.00001
1991-02-12 00:00:00,5.456605,0.00001
1991-02-13 00:00:00,5.412409,0.00001
1991-02-14 00:00:00,5.398503,0.00001
1991-02-15 00:00:00,5.391989,0.00001
1991-02-16 00:00:00,5.320757,0.00001
1991-02-17 00:00:00,5.259934,0.00001
1991-02-18 00:00:00,5.192708,0.00001
1991-02-19 00:00:00,5.082208,0.00001
1991-02-20 00:00:00,4.971792,0.00001
1991-02-21 00:00:00,5.06552,0.00001
1991-02-22 00:00:00,5.004374,0.00001
1991-02-23 00:00:00,4.87897,0.00001
1991-02-24 00:00:00,5.106213,0.00001
1991-02-25 00:00:00,5.428301,0.00001
1991-02-26 00:00:00,5.719551,0.00001
1991-02-27 00:00:00,5.946179,0.00001
1991-02-28 00:00:00,6.193125,0.00001
1991-03-01 00:00:00,6.303943,0.00001
1991-03-02 00:00:00,6.372694,0.00001
1991-03-03 00:00:00,6.434945,0.00001
1991-03-04 00:00:00,6.488228,0.00001
1991-03-05 00:00:00,6.542454,0.00001
1991-03-06 00:00:00,6.673792,0.00001
1991-03-07 00:00:00,6.754466,0.00001
1991-03-08 00:00:00,6.76123,0.00001
1991-03-09 00:00:00,6.781544,0.00001
1991-03-10 00:00:00,6.771495,0.00001
1991-03-11 00:00:00,6.717977,0.00001
1991-03-12 00:00:00,6.663716,0.00001
1991-03-13 00:00:00,6.627786,0.00001
1991-03-14 00:00:00,6.517453,0.00001
1991-03-15 00:00:00,6.424892,0.00001
1991-03-16 00:00:00,6.325166,0.00001
1991-03-17 00:00:00,6.271028,0.00001
1991-03-18 00:00:00,6.246153,0.00001
1991-03-19 00:00:00,6.185853,0.00001
1991-03-20 00:00:00,6.126791,0.00001
1991-03-21 00:00:00,6.038023,0.00001
1991-03-22 00:00:00,5.95314,0.00001
1991-03-23 00:00:00,5.82768,0.00001
1991-03-24 00:00:00,5.861675,0.00001
1991-03-25 00:00:00,5.966577,0.00001
1991-03-26 00:00:00,6.09876,0.00001
1991-03-27 00:00:00,6.061341,0.00001
1991-03-28 00:00:00,5.990723,0.00001
1991-03-29 00:00:00,5.917123,0.00001
1991-03-30 00:00:00,5.823353,0.00001
1991-03-31 00:00:00,5.775721,0.00001
1991-04-01 00:00:00,5.707859,0.00001
1991-04-02 00:00:00,5.610294,0.00001
1991-04-03 00:00:00,5.508343,0.00001
1991-04-04 00:00:00,5.391956,0.00001
1991-04-05 00:00:00,5.449612,0.00001
1991-04-06 00:00:00,5.353349,0.00001
1991-04-07 00:00:00,5.3686,0.00001
1991-04-08 00:00:00,5.294974,0.00001
1991-04-09 00:00:00,5.18544,0.00001
1991-04-10 00:00:00,5.058676,0.00001
1991-04-11 00:00:00,4.882894,0.00001
1991-04-12 00:00:00,4.686603,0.00001
1991-04-13 00:00:00,4.587272,0.00001
1991-04-14 00:00:00,4.484176,0.00001
1991-04-15 00:00:00,4.504076,0.00001
1991-04-16 00:00:00,4.735675,0.00001
1991-04-17 00:00:00,4.658419,0.00001
1991-04-18 00:00:00,4.54548,0.00001
1991-04-19 00:00:00,4.486576,0.00001
1991-04-20 00:00:00,4.673046,0.00001
1991-04-21 00:00:00,5.083296,0.00001
1991-04-22 00:00:00,4.947041,0.00001
1991-04-23 00:00:00,4.896256,0.00001
1991-04-24 00:00:00,4.817235,0.00001
1991-04-25 00:00:00,4.700686,0.00001
1991-04-26 00:00:00,4.64061,0.00001
1991-04-27 00:00:00,4.585885,0.00001
1991-04-28 00:00:00,4.449428,0.00001
1991-04-29 00:00:00,4.492782,0.00001
1991-04-30 00:00:00,5.217582,0.00001
1991-05-01 00:00:00,5.345901,0.00001
1991-05-02 00:00:00,5.278664,0.00001
1991-05-03 00:00:00,5.147316,0.00001
1991-05-04 00:00:00,5.071081,0.00001
1991-05-05 00:00:00,5.048677,0.00001
1991-05-06 00:00:00,5.052353,0.00001
1991-05-07 00:00:00,4.993028,0.00001
1991-05-08 00:00:00,4.957668,0.00001
1991-05-09 00:00:00,5.202926,0.00001
1991-05-10 00:00:00,5.79186,0.00001
1991-05-11 00:00:00,6.770091,0.00001
1991-05-12 00:00:00,6.914973,0.00001
1991-05-13 00:00:00,6.924896,0.00001
1991-05-14 00:00:00,6.889763,0.00001
1991-05-15 00:00:00,7.138749,0.00001
1991-05-16 00:00:00,7.314558,0.00001
1991-05-17 00:00:00,7.249797,0.00001
1991-05-18 00:00:00,7.0789,0.00001
1991-05-19 00:00:00,6.846428,0.00001
1991-05-20 00:00:00,6.78577,0.00001
1991-05-21 00:00:00,7.251432,0.00001
1991-05-22 00:00:00,7.115616,0.00001
1991-05-23 00:00:00,6.960162,0.00001
1991-05-24 00:00:00,7.286732,0.00001
1991-05-25 00:00:00,7.317402,0.00001
1991-05-26 00:00:00,7.359774,0.00001
1991-05-27 00:00:00,7.354762,0.00001
1991-05-28 00:00:00,7.513867,0.00001
1991-05-29 00:00:00,8.121446,0.00001
1991-05-30 00:00:00,7.815395,0.00001
1991-05-31 00:00:00,7.489911,0.00001
1991-06-01 00:00:00,7.445027,0.00001
1991-06-02 00:00:00,8.16501,0.00001
1991-06-03 00:00:00,8.625355,0.00001
1991-06-04 00:00:00,8.60374,0.00001
1991-06-05 00:00:00,8.656007,0.00001
1991-06-06 00:00:00,8.791809,0.00001
1991-06-07 00:00:00,10.643531,0.00001
1991-06-08 00:00:00,12.552571,0.00001
1991-06-09 00:00:00,13.072312,0.00001
1991-06-10 00:00:00,13.503838,0.00001
1991-06-11 00:00:00,13.76227,0.00001
1991-06-12 00:00:00,13.778512,0.00001
1991-06-13 00:00:00,13.580782,0.00001
1991-06-14 00:00:00,13.239387,0.00001
1991-06-15 00:00:00,12.887085,0.00001
1991-06-16 00:00:00,12.555795,0.00001
1991-06-17 00:00:00,14.707557,0.00001
1991-06-18 00:00:00,23.365619,0.00001
1991-06-19 00:00:00,27.834185,0.00001
1991-06-20 00:00:00,29.93125,0.00001
1991-06-21 00:00:00,30.658636,0.00001
1991-06-22 00:00:00,30.987731,0.00001
1991-06-23 00:00:00,31.173879,0.00001
1991-06-24 00:00:00,31.490051,0.00001
1991-06-25 00:00:00,30.946606,0.00001
1991-06-26 00:00:00,30.179176,0.00001
1991-06-27 00:00:00,29.313413,0.00001
1991-06-28 00:00:00,28.306936,0.00001
1991-06-29 00:00:00,27.232988,0.00001
1991-06-30 00:00:00,26.758695,0.00001
1991-07-01 00:00:00,26.179403,0.00001
1991-07-02 00:00:00,25.123134,0.00001
1991-07-03 00:00:00,24.517794,0.00001
1991-07-04 00:00:00,23.36118,0.00001
1991-07-05 00:00:00,22.211007,0.00001
1991-07-06 00:00:00,21.043839,0.00001
1991-07-07 00:00:00,20.025118,0.00001
1991-07-08 00:00:00,19.081041,0.00001
1991-07-09 00:00:00,18.302504,0.00001
1991-07-10 00:00:00,17.618361,0.00001
1991-07-11 00:00:00,16.765437,0.00001
1991-07-12 00:00:00,16.125981,0.00001
1991-07-13 00:00:00,16.006869,0.00001
1991-07-14 00:00:00,15.384328,0.00001
1991-07-15 00:00:00,14.72709,0.00001
1991-07-16 00:00:00,14.059194,0.00001
1991-07-17 00:00:00,13.239343,0.00001
1991-07-18 00:00:00,13.547805,0.00001
1991-07-19 00:00:00,16.876319,0.00001
1991-07-20 00:00:00,16.681529,0.00001
1991-07-21 00:00:00,16.149597,0.00001
1991-07-22 00:00:00,15.757079,0.00001
1991-07-23 00:00:00,15.492946,0.00001
1991-07-24 00:00:00,15.120391,0.00001
1991-07-25 00:00:00,14.704832,0.00001
1991-07-26 00:00:00,14.150573,0.00001
1991-07-27 00:00:00,13.496244,0.00001
1991-07-28 00:00:00,12.965632,0.00001
1991-07-29 00:00:00,12.77305,0.00001
1991-07-30 00:00:00,12.522234,0.00001
1991-07-31 00:00:00,12.020821,0.00001
1991-08-01 00:00:00,11.613951,0.00001
1991-08-02 00:00:00,11.138018,0.00001
1991-08-03 00:00:00,10.683276,0.00001
1991-08-04 00:00:00,10.186124,0.00001
1991-08-05 00:00:00,9.877282,0.00001
1991-08-06 00:00:00,10.478966,0.00001
1991-08-07 00:00:00,11.546465,0.00001
1991-08-08 00:00:00,11.236629,0.00001
1991-08-09 00:00:00,10.804896,0.00001
1991-08-10 00:00:00,10.421531,0.00001
1991-08-11 00:00:00,10.104942,0.00001
1991-08-12 00:00:00,9.757231,0.00001
1991-08-13 00:00:00,9.349462,0.00001
1991-08-14 00:00:00,8.981885,0.00001
1991-08-15 00:00:00,8.598293,0.00001
1991-08-16 00:00:00,8.24373,0.00001
1991-08-17 00:00:00,7.886017,0.00001
1991-08-18 00:00:00,7.590436,0.00001
1991-08-19 00:00:00,7.381693,0.00001
1991-08-20 00:00:00,7.49271,0.00001
1991-08-21 00:00:00,7.40169,0.00001
1991-08-22 00:00:00,7.154416,0.00001
1991-08-23 00:00:00,6.861802,0.00001
1991-08-24 00:00:00,6.537145,0.00001
1991-08-25 00:00:00,6.213416,0.00001
1991-08-26 00:00:00,5.909682,0.00001
1991-08-27 00:00:00,5.649311,0.00001
1991-08-28 00:00:00,5.411413,0.00001
1991-08-29 00:00:00,5.169379,0.00001
1991-08-30 00:00:00,4.92547,0.00001
1991-08-31 00:00:00,4.672215,0.00001
1991-09-01 00:00:00,4.427305,0.00001
1991-09-02 00:00:00,4.182806,0.00001
1991-09-03 00:00:00,3.939876,0.00001
1991-09-04 00:00:00,3.703527,0.00001
1991-09-05 00:00:00,3.471044,0.00001
1991-09-06 00:00:00,3.259259,0.00001
1991-09-07 00:00:00,3.069105,0.00001
1991-09-08 00:00:00,2.912675,0.00001
1991-09-09 00:00:00,2.92504,0.00001
1991-09-10 00:00:00,2.756286,0.00001
1991-09-11 00:00:00,2.570268,0.00001
1991-09-12 00:00:00,2.418809,0.00001
1991-09-13 00:00:00,2.306132,0.00001
1991-09-14 00:00:00,2.187159,0.00001
1991-09-15 00:00:00,2.118575,0.00001
1991-09-16 00:00:00,2.029629,0.00001
1991-09-17 00:00:00,1.937876,0.00001
1991-09-18 00:00:00,1.831548,0.00001
1991-09-19 00:00:00,1.691367,0.00001
1991-09-20 00:00:00,1.564147,0.00001
1991-09-21 00:00:00,1.627199,0.00001
1991-09-22 00:00:00,1.479061,0.00001
1991-09-23 00:00:00,1.35526,0.00001
1991-09-24 00:00:00,1.373278,0.00001
1991-09-25 00:00:00,1.302608,0.00001
1991-09-26 00:00:00,1.32194,0.00001
1991-09-27 00:00:00,1.688659,0.00001
1991-09-28 00:00:00,1.63238,0.00001
1991-09-29 00:00:00,1.557181,0.00001
1991-09-30 00:00:00,1.44421,0.00001
1991-10-01 00:00:00,1.314746,0.00001
1991-10-02 00:00:00,1.197823,0.00001
1991-10-03 00:00:00,1.125188,0.00001
1991-10-04 00:00:00,1.052358,0.00001
1991-10-05 00:00:00,1.003589,0.00001
1991-10-06 00:00:00,0.914734,0.00001
1991-10-07 00:00:00,0.884825,0.00001
1991-10-08 00:00:00,0.930691,0.00001
1991-10-09 00:00:00,0.885552,0.00001
1991-10-10 00:00:00,0.882282,0.00001
1991-10-11 00:00:00,0.86905,0.00001
1991-10-12 00:00:00,0.843125,0.00001
1991-10-13 00:00:00,0.81551,0.00001
1991-10-14 00:00:00,0.787448,0.00001
1991-10-15 00:00:00,0.76901,0.00001
1991-10-16 00:00:00,0.757491,0.00001
1991-10-17 00:00:00,0.80903,0.00001
1991-10-18 00:00:00,0.89229,0.00001
1991-10-19 00:00:00,0.870546,0.00001
1991-10-20 00:00:00,0.858748,0.00001
1991-10-21 00:00:00,0.839666,0.00001
1991-10-22 00:00:00,0.868161,0.00001
1991-10-23 00:00:00,0.930187,0.00001
1991-10-24 00:00:00,1.172966,0.00001
1991-10-25 00:00:00,1.172253,0.00001
1991-10-26 00:00:00,1.132396,0.00001
1991-10-27 00:00:00,1.089406,0.00001
1991-10-28 00:00:00,1.045466,0.00001
1991-10-29 00:00:00,1.005597,0.00001
1991-10-30 00:00:00,1.872703,0.00001
1991-10-31 00:00:00,2.277558,0.00001
1991-11-01 00:00:00,2.385928,0.00001
1991-11-02 00:00:00,2.414829,0.00001
1991-11-03 00:00:00,2.459107,0.00001
1991-11-04 00:00:00,2.456065,0.00001
1991-11-05 00:00:00,2.543974,0.00001
1991-11-06 00:00:00,2.588536,0.00001
1991-11-07 00:00:00,2.656537,0.00001
1991-11-08 00:00:00,2.669816,0.00001
1991-11-09 00:00:00,2.660371,0.00001
1991-11-10 00:00:00,2.670417,0.00001
1991-11-11 00:00:00,2.68662,0.00001
1991-11-12 00:00:00,2.678423,0.00001
1991-11-13 00:00:00,2.675591,0.00001
1991-11-14 00:00:00,2.690326,0.00001
1991-11-15 00:00:00,2.702337,0.00001
1991-11-16 00:00:00,2.730616,0.00001
1991-11-17 00:00:00,2.800567,0.00001
1991-11-18 00:00:00,2.862563,0.00001
1991-11-19 00:00:00,2.841233,0.00001
1991-11-20 00:00:00,2.837449,0.00001
1991-11-21 00:00:00,2.979332,0.00001
1991-11-22 00:00:00,2.993596,0.00001
1991-11-23 00:00:00,3.030967,0.00001
1991-11-24 00:00:00,3.084632,0.00001
1991-11-25 00:00:00,3.101999,0.00001
1991-11-26 00:00:00,3.070663,0.00001
1991-11-27 00:00:00,3.049535,0.00001
1991-11-28 00:00:00,3.108725,0.00001
1991-11-29 00:00:00,3.06981,0.00001
1991-11-30 00:00:00,3.101585,0.00001
1991-12-01 00:00:00,3.334283,0.00001
1991-12-02 00:00:00,3.421075,0.00001
1991-12-03 00:00:00,3.424643,0.00001
1991-12-04 00:00:00,3.436891,0.00001
1991-12-05 00:00:00,3.573939,0.00001
1991-12-06 00:00:00,3.600746,0.00001
1991-12-07 00:00:00,3.605795,0.00001
1991-12-08 00:00:00,3.568708,0.00001
1991-12-09 00:00:00,3.543452,0.00001
1991-12-10 00:00:00,3.541091,0.00001
1991-12-11 00:00:00,3.497422,0.00001
1991-12-12 00:00:00,3.457184,0.00001
1991-12-13 00:00:00,3.441615,0.00001
1991-12-14 00:00:00,3.415427,0.00001
1991-12-15 00:00:00,3.426888,0.00001
1991-12-16 00:00:00,3.718862,0.00001
1991-12-17 00:00:00,3.7815,0.00001
1991-12-18 00:00:00,3.807697,0.00001
1991-12-19 00:00:00,3.831211,0.00001
1991-12-20 00:00:00,3.852934,0.00001
1991-12-21 00:00:00,3.859115,0.00001
1991-12-22 00:00:00,3.856293,0.00001
1991-12-23 00:00:00,3.903845,0.00001
1991-12-24 00:00:00,3.999854,0.00001
1991-12-25 00:00:00,4.013467,0.00001
1991-12-26 00:00:00,4.235336,0.00001
1991-12-27 00:00:00,4.206845,0.00001
1991-12-28 00:00:00,4.199053,0.00001
1991-12-29 00:00:00,4.148778,0.00001
1991-12-30 00:00:00,4.109471,0.00001
1991-12-31 00:00:00,4.072999,0.00001
1992-01-01 00:00:00,4.034199,0.00001
1992-01-02 00:00:00,3.98684,0.00001
1992-01-03 00:00:00,3.872164,0.00001
1992-01-04 00:00:00,3.938672,0.00001
1992-01-05 00:00:00,4.381745,0.00001
1992-01-06 00:00:00,4.694543,0.00001
1992-01-07 00:00:00,4.787879,0.00001
1992-01-08 00:00:00,4.875873,0.00001
1992-01-09 00:00:00,4.956207,0.00001
1992-01-10 00:00:00,5.093976,0.00001
1992-01-11 00:00:00,5.140199,0.00001
1992-01-12 00:00:00,5.114151,0.00001
1992-01-13 00:00:00,5.100363,0.00001
1992-01-14 00:00:00,5.078067,0.00001
1992-01-15 00:00:00,5.114318,0.00001
1992-01-16 00:00:00,5.172247,0.00001
1992-01-17 00:00:00,5.111625,0.00001
1992-01-18 00:00:00,5.07569,0.00001
1992-01-19 00:00:00,5.037959,0.00001
1992-01-20 00:00:00,4.990969,0.00001
1992-01-21 00:00:00,4.939273,0.00001
1992-01-22 00:00:00,4.786907,0.00001
1992-01-23 00:00:00,4.955117,0.00001
1992-01-24 00:00:00,5.184235,0.00001
1992-01-25 00:00:00,5.296497,0.00001
1992-01-26 00:00:00,5.308595,0.00001
1992-01-27 00:00:00,5.360101,0.00001
1992-01-28 00:00:00,5.331189,0.00001
1992-01-29 00:00:00,5.289286,0.00001
1992-01-30 00:00:00,5.244914,0.00001
1992-01-31 00:00:00,5.198705,0.00001
1992-02-01 00:00:00,5.110987,0.00001
1992-02-02 00:00:00,5.090452,0.00001
1992-02-03 00:00:00,5.042333,0.00001
1992-02-04 00:00:00,5.258866,0.00001
1992-02-05 00:00:00,5.444764,0.00001
1992-02-06 00:00:00,5.321815,0.00001
1992-02-07 00:00:00,5.231784,0.00001
1992-02-08 00:00:00,5.160615,0.00001
1992-02-09 00:00:00,5.073635,0.00001
1992-02-10 00:00:00,4.988633,0.00001
1992-02-11 00:00:00,4.930131,0.00001
1992-02-12 00:00:00,4.91723,0.00001
1992-02-13 00:00:00,4.859265,0.00001
1992-02-14 00:00:00,4.783298,0.00001
1992-02-15 00:00:00,4.710955,0.00001
1992-02-16 00:00:00,4.700608,0.00001
1992-02-17 00:00:00,4.651962,0.00001
1992-02-18 00:00:00,4.53943,0.00001
1992-02-19 00:00:00,4.353093,0.00001
1992-02-20 00:00:00,4.577138,0.00001
1992-02-21 00:00:00,4.807588,0.00001
1992-02-22 00:00:00,5.773635,0.00001
1992-02-23 00:00:00,6.031702,0.00001
1992-02-24 00:00:00,6.168957,0.00001
1992-02-25 00:00:00,6.233321,0.00001
1992-02-26 00:00:00,6.266379,0.00001
1992-02-27 00:00:00,6.503495,0.00001
1992-02-28 00:00:00,6.669405,0.00001
1992-02-29 00:00:00,6.636425,0.00001
1992-03-01 00:00:00,6.772325,0.00001
1992-03-02 00:00:00,7.038213,0.00001
1992-03-03 00:00:00,7.171723,0.00001
1992-03-04 00:00:00,7.232894,0.00001
1992-03-05 00:00:00,7.311706,0.00001
1992-03-06 00:00:00,7.336111,0.00001
1992-03-07 00:00:00,7.320056,0.00001
1992-03-08 00:00:00,7.29307,0.00001
1992-03-09 00:00:00,7.911561,0.00001
1992-03-10 00:00:00,7.969322,0.00001
1992-03-11 00:00:00,7.936873,0.00001
1992-03-12 00:00:00,7.969882,0.00001
1992-03-13 00:00:00,8.401927,0.00001
1992-03-14 00:00:00,8.294402,0.00001
1992-03-15 00:00:00,8.26491,0.00001
1992-03-16 00:00:00,8.202324,0.00001
1992-03-17 00:00:00,7.995147,0.00001
1992-03-18 00:00:00,8.173562,0.00001
1992-03-19 00:00:00,8.072012,0.00001
1992-03-20 00:00:00,8.044664,0.00001
1992-03-21 00:00:00,8.044154,0.00001
1992-03-22 00:00:00,8.007854,0.00001
1992-03-23 00:00:00,8.039435,0.00001
1992-03-24 00:00:00,8.1502,0.00001
1992-03-25 00:00:00,8.466794,0.00001
1992-03-26 00:00:00,8.401217,0.00001
1992-03-27 00:00:00,8.237021,0.00001
1992-03-28 00:00:00,8.298173,0.00001
1992-03-29 00:00:00,8.300555,0.00001
1992-03-30 00:00:00,8.277686,0.00001
1992-03-31 00:00:00,8.161504,0.00001
1992-04-01 00:00:00,7.964354,0.00001
1992-04-02 00:00:00,7.768379,0.00001
1992-04-03 00:00:00,7.600279,0.00001
1992-04-04 00:00:00,7.476457,0.00001
1992-04-05 00:00:00,7.629074,0.00001
1992-04-06 00:00:00,7.593336,0.00001
1992-04-07 00:00:00,7.446818,0.00001
1992-04-08 00:00:00,7.331039,0.00001
1992-04-09 00:00:00,7.172946,0.00001
1992-04-10 00:00:00,7.081966,0.00001
1992-04-11 00:00:00,7.381431,0.00001
1992-04-12 00:00:00,7.664202,0.00001
1992-04-13 00:00:00,7.487184,0.00001
1992-04-14 00:00:00,7.315648,0.00001
1992-04-15 00:00:00,7.095714,0.00001
1992-04-16 00:00:00,6.947081,0.00001
1992-04-17 00:00:00,6.840126,0.00001
1992-04-18 00:00:00,6.718077,0.00001
1992-04-19 00:00:00,6.880846,0.00001
1992-04-20 00:00:00,6.789411,0.00001
1992-04-21 00:00:00,6.704491,0.00001
1992-04-22 00:00:00,6.5325,0.00001
1992-04-23 00:00:00,6.402607,0.00001
1992-04-24 00:00:00,6.317745,0.00001
1992-04-25 00:00:00,6.063894,0.00001
1992-04-26 00:00:00,5.836079,0.00001
1992-04-27 00:00:00,5.678348,0.00001
1992-04-28 00:00:00,5.438147,0.00001
1992-04-29 00:00:00,5.214338,0.00001
1992-04-30 00:00:00,6.07899,0.00001
1992-05-01 00:00:00,6.839742,0.00001
1992-05-02 00:00:00,7.608043,0.00001
1992-05-03 00:00:00,7.738632,0.00001
1992-05-04 00:00:00,7.641496,0.00001
1992-05-05 00:00:00,7.609969,0.00001
1992-05-06 00:00:00,7.453306,0.00001
1992-05-07 00:00:00,7.770713,0.00001
1992-05-08 00:00:00,7.919051,0.00001
1992-05-09 00:00:00,7.870095,0.00001
1992-05-10 00:00:00,7.684687,0.00001
1992-05-11 00:00:00,7.532888,0.00001
1992-05-12 00:00:00,7.430405,0.00001
1992-05-13 00:00:00,7.319476,0.00001
1992-05-14 00:00:00,7.373676,0.00001
1992-05-15 00:00:00,7.336189,0.00001
1992-05-16 00:00:00,7.20186,0.00001
1992-05-17 00:00:00,6.965695,0.00001
1992-05-18 00:00:00,6.957328,0.00001
1992-05-19 00:00:00,6.775545,0.00001
1992-05-20 00:00:00,6.608155,0.00001
1992-05-21 00:00:00,6.401328,0.00001
1992-05-22 00:00:00,6.172477,0.00001
1992-05-23 00:00:00,5.944659,0.00001
1992-05-24 00:00:00,6.015083,0.00001
1992-05-25 00:00:00,5.981129,0.00001
1992-05-26 00:00:00,5.779825,0.00001
1992-05-27 00:00:00,5.551469,0.00001
1992-05-28 00:00:00,5.672774,0.00001
1992-05-29 00:00:00,6.074966,0.00001
1992-05-30 00:00:00,6.033961,0.00001
1992-05-31 00:00:00,5.790408,0.00001
1992-06-01 00:00:00,5.507713,0.00001
1992-06-02 00:00:00,5.256409,0.00001
1992-06-03 00:00:00,5.053738,0.00001
1992-06-04 00:00:00,4.821572,0.00001
1992-06-05 00:00:00,4.866986,0.00001
1992-06-06 00:00:00,4.890947,0.00001
1992-06-07 00:00:00,5.330941,0.00001
1992-06-08 00:00:00,5.245846,0.00001
1992-06-09 00:00:00,5.001935,0.00001
1992-06-10 00:00:00,4.718731,0.00001
1992-06-11 00:00:00,4.566849,0.00001
1992-06-12 00:00:00,4.382726,0.00001
1992-06-13 00:00:00,4.14573,0.00001
1992-06-14 00:00:00,3.936127,0.00001
1992-06-15 00:00:00,5.107228,0.00001
1992-06-16 00:00:00,6.071341,0.00001
1992-06-17 00:00:00,6.1201,0.00001
1992-06-18 00:00:00,6.051023,0.00001
1992-06-19 00:00:00,5.909533,0.00001
1992-06-20 00:00:00,5.941673,0.00001
1992-06-21 00:00:00,7.490736,0.00001
1992-06-22 00:00:00,7.595361,0.00001
1992-06-23 00:00:00,7.701251,0.00001
1992-06-24 00:00:00,7.849337,0.00001
1992-06-25 00:00:00,8.078546,0.00001
1992-06-26 00:00:00,7.903178,0.00001
1992-06-27 00:00:00,7.693259,0.00001
1992-06-28 00:00:00,7.545395,0.00001
1992-06-29 00:00:00,7.678158,0.00001
1992-06-30 00:00:00,7.876597,0.00001
1992-07-01 00:00:00,7.685088,0.00001
1992-07-02 00:00:00,7.702672,0.00001
1992-07-03 00:00:00,7.594525,0.00001
1992-07-04 00:00:00,7.566477,0.00001
1992-07-05 00:00:00,7.578263,0.00001
1992-07-06 00:00:00,8.110413,0.00001
1992-07-07 00:00:00,8.136115,0.00001
1992-07-08 00:00:00,10.047486,0.00001
1992-07-09 00:00:00,10.233631,0.00001
1992-07-10 00:00:00,10.151158,0.00001
1992-07-11 00:00:00,10.001341,0.00001
1992-07-12 00:00:00,9.839005,0.00001
1992-07-13 00:00:00,9.601565,0.00001
1992-07-14 00:00:00,9.53657,0.00001
1992-07-15 00:00:00,9.219466,0.00001
1992-07-16 00:00:00,9.024946,0.00001
1992-07-17 00:00:00,9.62038,0.00001
1992-07-18 00:00:00,9.720093,0.00001
1992-07-19 00:00:00,9.734669,0.00001
1992-07-20 00:00:00,9.738699,0.00001
1992-07-21 00:00:00,10.741051,0.00001
1992-07-22 00:00:00,10.872013,0.00001
1992-07-23 00:00:00,11.182965,0.00001
1992-07-24 00:00:00,11.10347,0.00001
1992-07-25 00:00:00,11.388036,0.00001
1992-07-26 00:00:00,11.648375,0.00001
1992-07-27 00:00:00,12.644634,0.00001
1992-07-28 00:00:00,12.408634,0.00001
1992-07-29 00:00:00,12.265323,0.00001
1992-07-30 00:00:00,12.018004,0.00001
1992-07-31 00:00:00,11.69226,0.00001
1992-08-01 00:00:00,11.553164,0.00001
1992-08-02 00:00:00,11.14994,0.00001
1992-08-03 00:00:00,11.453406,0.00001
1992-08-04 00:00:00,11.489041,0.00001
1992-08-05 00:00:00,11.188463,0.00001
1992-08-06 00:00:00,10.845729,0.00001
1992-08-07 00:00:00,10.444561,0.00001
1992-08-08 00:00:00,10.025879,0.00001
1992-08-09 00:00:00,9.732874,0.00001
1992-08-10 00:00:00,9.453862,0.00001
1992-08-11 00:00:00,9.523406,0.00001
1992-08-12 00:00:00,10.345663,0.00001
1992-08-13 00:00:00,10.187941,0.00001
1992-08-14 00:00:00,10.040095,0.00001
1992-08-15 00:00:00,10.163128,0.00001
1992-08-16 00:00:00,9.904662,0.00001
1992-08-17 00:00:00,10.055844,0.00001
1992-08-18 00:00:00,9.926311,0.00001
1992-08-19 00:00:00,9.795721,0.00001
1992-08-20 00:00:00,9.609681,0.00001
1992-08-21 00:00:00,9.391917,0.00001
1992-08-22 00:00:00,9.065208,0.00001
1992-08-23 00:00:00,8.826187,0.00001
1992-08-24 00:00:00,8.523636,0.00001
1992-08-25 00:00:00,8.222618,0.00001
1992-08-26 00:00:00,7.904113,0.00001
1992-08-27 00:00:00,7.615048,0.00001
1992-08-28 00:00:00,7.324378,0.00001
1992-08-29 00:00:00,7.077664,0.00001
1992-08-30 00:00:00,7.148242,0.00001
1992-08-31 00:00:00,6.84794,0.00001
1992-09-01 00:00:00,6.53399,0.00001
1992-09-02 00:00:00,6.259689,0.00001
1992-09-03 00:00:00,6.022519,0.00001
1992-09-04 00:00:00,5.773221,0.00001
1992-09-05 00:00:00,5.593942,0.00001
1992-09-06 00:00:00,5.317816,0.00001
1992-09-07 00:00:00,5.163783,0.00001
1992-09-08 00:00:00,5.097212,0.00001
1992-09-09 00:00:00,4.983524,0.00001
1992-09-10 00:00:00,4.759422,0.00001
1992-09-11 00:00:00,4.52437,0.00001
1992-09-12 00:00:00,4.315353,0.00001
1992-09-13 00:00:00,4.141822,0.00001
1992-09-14 00:00:00,3.925589,0.00001
1992-09-15 00:00:00,3.755418,0.00001
1992-09-16 00:00:00,3.806545,0.00001
1992-09-17 00:00:00,3.931351,0.00001
1992-09-18 00:00:00,3.73564,0.00001
1992-09-19 00:00:00,3.739687,0.00001
1992-09-20 00:00:00,3.614791,0.00001
1992-09-21 00:00:00,3.48097,0.00001
1992-09-22 00:00:00,3.54871,0.00001
1992-09-23 00:00:00,3.500066,0.00001
1992-09-24 00:00:00,3.344012,0.00001
1992-09-25 00:00:00,3.173691,0.00001
1992-09-26 00:00:00,3.019656,0.00001
1992-09-27 00:00:00,2.87924,0.00001
1992-09-28 00:00:00,2.78813,0.00001
1992-09-29 00:00:00,2.63945,0.00001
1992-09-30 00:00:00,2.519102,0.00001
1992-10-01 00:00:00,2.408964,0.00001
1992-10-02 00:00:00,2.280686,0.00001
1992-10-03 00:00:00,2.13072,0.00001
1992-10-04 00:00:00,1.976655,0.00001
1992-10-05 00:00:00,1.844718,0.00001
1992-10-06 00:00:00,1.710814,0.00001
1992-10-07 00:00:00,1.616584,0.00001
1992-10-08 00:00:00,1.54012,0.00001
1992-10-09 00:00:00,1.48964,0.00001
1992-10-10 00:00:00,1.403732,0.00001
1992-10-11 00:00:00,1.434705,0.00001
1992-10-12 00:00:00,1.440298,0.00001
1992-10-13 00:00:00,1.626296,0.00001
1992-10-14 00:00:00,1.589011,0.00001
1992-10-15 00:00:00,1.520137,0.00001
1992-10-16 00:00:00,1.464089,0.00001
1992-10-17 00:00:00,1.396599,0.00001
1992-10-18 00:00:00,1.31946,0.00001
1992-10-19 00:00:00,1.286818,0.00001
1992-10-20 00:00:00,1.229606,0.00001
1992-10-21 00:00:00,1.177081,0.00001
1992-10-22 00:00:00,1.163338,0.00001
1992-10-23 00:00:00,1.22468,0.00001
1992-10-24 00:00:00,1.248927,0.00001
1992-10-25 00:00:00,1.255539,0.00001
1992-10-26 00:00:00,1.380331,0.00001
1992-10-27 00:00:00,1.425491,0.00001
1992-10-28 00:00:00,1.422097,0.00001
1992-10-29 00:00:00,1.363473,0.00001
1992-10-30 00:00:00,1.355495,0.00001
1992-10-31 00:00:00,1.383588,0.00001
1992-11-01 00:00:00,1.505417,0.00001
1992-11-02 00:00:00,1.54571,0.00001
1992-11-03 00:00:00,1.558392,0.00001
1992-11-04 00:00:00,1.592259,0.00001
1992-11-05 00:00:00,1.685647,0.00001
1992-11-06 00:00:00,1.79275,0.00001
1992-11-07 00:00:00,1.76928,0.00001
1992-11-08 00:00:00,1.737545,0.00001
1992-11-09 00:00:00,1.751028,0.00001
1992-11-10 00:00:00,1.738971,0.00001
1992-11-11 00:00:00,1.715759,0.00001
1992-11-12 00:00:00,1.692516,0.00001
1992-11-13 00:00:00,1.67718,0.00001
1992-11-14 00:00:00,1.75922,0.00001
1992-11-15 00:00:00,1.815463,0.00001
1992-11-16 00:00:00,1.771968,0.00001
1992-11-17 00:00:00,1.739707,0.00001
1992-11-18 00:00:00,1.728881,0.00001
1992-11-19 00:00:00,1.775702,0.00001
1992-11-20 00:00:00,1.759705,0.00001
1992-11-21 00:00:00,1.781183,0.00001
1992-11-22 00:00:00,1.7671,0.00001
1992-11-23 00:00:00,1.753733,0.00001
1992-11-24 00:00:00,1.726685,0.00001
1992-11-25 00:00:00,1.701286,0.00001
1992-11-26 00:00:00,1.669814,0.00001
1992-11-27 00:00:00,1.66546,0.00001
1992-11-28 00:00:00,1.659302,0.00001
1992-11-29 00:00:00,1.769728,0.00001
1992-11-30 00:00:00,1.788432,0.00001
1992-12-01 00:00:00,1.775362,0.00001
1992-12-02 00:00:00,1.834518,0.00001
1992-12-03 00:00:00,2.050268,0.00001
1992-12-04 00:00:00,2.128198,0.00001
1992-12-05 00:00:00,2.152161,0.00001
1992-12-06 00:00:00,2.160532,0.00001
1992-12-07 00:00:00,2.157508,0.00001
1992-12-08 00:00:00,2.198385,0.00001
1992-12-09 00:00:00,2.266071,0.00001
1992-12-10 00:00:00,2.268181,0.00001
1992-12-11 00:00:00,2.307685,0.00001
1992-12-12 00:00:00,2.298969,0.00001
1992-12-13 00:00:00,2.290306,0.00001
1992-12-14 00:00:00,2.275854,0.00001
1992-12-15 00:00:00,2.249165,0.00001
1992-12-16 00:00:00,2.244652,0.00001
1992-12-17 00:00:00,2.230623,0.00001
1992-12-18 00:00:00,2.223947,0.00001
1992-12-19 00:00:00,2.217289,0.00001
1992-12-20 00:00:00,2.218132,0.00001
1992-12-21 00:00:00,2.2367,0.00001
1992-12-22 00:00:00,2.279083,0.00001
1992-12-23 00:00:00,2.270412,0.00001
1992-12-24 00:00:00,2.436576,0.00001
1992-12-25 00:00:00,2.376293,0.00001
1992-12-26 00:00:00,2.350952,0.00001
1992-12-27 00:00:00,2.32417,0.00001
1992-12-28 00:00:00,2.306231,0.00001
1992-12-29 00:00:00,2.288177,0.00001
1992-12-30 00:00:00,2.286344,0.00001
1992-12-31 00:00:00,2.354305,0.00001
1993-01-01 00:00:00,2.410691,0.00001
1993-01-02 00:00:00,2.2108,0.00001
1993-01-03 00:00:00,2.481858,0.00001
1993-01-04 00:00:00,2.719522,0.00001
1993-01-05 00:00:00,2.973827,0.00001
1993-01-06 00:00:00,3.211769,0.00001
1993-01-07 00:00:00,3.342651,0.00001
1993-01-08 00:00:00,3.663513,0.00001
1993-01-09 00:00:00,3.774269,0.00001
1993-01-10 00:00:00,3.773371,0.00001
1993-01-11 00:00:00,3.795294,0.00001
1993-01-12 00:00:00,3.803948,0.00001
1993-01-13 00:00:00,3.852939,0.00001
1993-01-14 00:00:00,4.094209,0.00001
1993-01-15 00:00:00,3.982659,0.00001
1993-01-16 00:00:00,3.961038,0.00001
1993-01-17 00:00:00,3.933559,0.00001
1993-01-18 00:00:00,3.9098,0.00001
1993-01-19 00:00:00,3.897052,0.00001
1993-01-20 00:00:00,3.977879,0.00001
1993-01-21 00:00:00,4.103338,0.00001
1993-01-22 00:00:00,4.10514,0.00001
1993-01-23 00:00:00,4.088244,0.00001
1993-01-24 00:00:00,4.062092,0.00001
1993-01-25 00:00:00,4.045371,0.00001
1993-01-26 00:00:00,3.999957,0.00001
1993-01-27 00:00:00,3.943347,0.00001
1993-01-28 00:00:00,3.908423,0.00001
1993-01-29 00:00:00,3.863002,0.00001
1993-01-30 00:00:00,3.810792,0.00001
1993-01-31 00:00:00,3.752115,0.00001
1993-02-01 00:00:00,3.785401,0.00001
1993-02-02 00:00:00,3.923666,0.00001
1993-02-03 00:00:00,3.929909,0.00001
1993-02-04 00:00:00,3.910151,0.00001
1993-02-05 00:00:00,3.888232,0.00001
1993-02-06 00:00:00,3.859513,0.00001
1993-02-07 00:00:00,3.828932,0.00001
1993-02-08 00:00:00,3.792421,0.00001
1993-02-09 00:00:00,3.766084,0.00001
1993-02-10 00:00:00,3.885248,0.00001
1993-02-11 00:00:00,4.181979,0.00001
1993-02-12 00:00:00,4.367933,0.00001
1993-02-13 00:00:00,4.38842,0.00001
1993-02-14 00:00:00,4.394456,0.00001
1993-02-15 00:00:00,4.442817,0.00001
1993-02-16 00:00:00,4.737303,0.00001
1993-02-17 00:00:00,5.033173,0.00001
1993-02-18 00:00:00,5.123998,0.00001
1993-02-19 00:00:00,5.199165,0.00001
1993-02-20 00:00:00,5.23565,0.00001
1993-02-21 00:00:00,5.261565,0.00001
1993-02-22 00:00:00,5.237371,0.00001
1993-02-23 00:00:00,5.283352,0.00001
1993-02-24 00:00:00,5.31412,0.00001
1993-02-25 00:00:00,5.262577,0.00001
1993-02-26 00:00:00,5.458469,0.00001
1993-02-27 00:00:00,5.95821,0.00001
1993-02-28 00:00:00,6.057211,0.00001
1993-03-01 00:00:00,6.124186,0.00001
1993-03-02 00:00:00,6.211979,0.00001
1993-03-03 00:00:00,6.310073,0.00001
1993-03-04 00:00:00,6.317328,0.00001
1993-03-05 00:00:00,6.352821,0.00001
1993-03-06 00:00:00,6.355354,0.00001
1993-03-07 00:00:00,6.590733,0.00001
1993-03-08 00:00:00,7.400401,0.00001
1993-03-09 00:00:00,7.542817,0.00001
1993-03-10 00:00:00,7.552294,0.00001
1993-03-11 00:00:00,7.542949,0.00001
1993-03-12 00:00:00,7.520012,0.00001
1993-03-13 00:00:00,7.512621,0.00001
1993-03-14 00:00:00,7.438988,0.00001
1993-03-15 00:00:00,7.413343,0.00001
1993-03-16 00:00:00,7.468259,0.00001
1993-03-17 00:00:00,7.852048,0.00001
1993-03-18 00:00:00,8.37478,0.00001
1993-03-19 00:00:00,8.394278,0.00001
1993-03-20 00:00:00,8.302828,0.00001
1993-03-21 00:00:00,8.139786,0.00001
1993-03-22 00:00:00,8.126597,0.00001
1993-03-23 00:00:00,8.053627,0.00001
1993-03-24 00:00:00,8.242591,0.00001
1993-03-25 00:00:00,8.238663,0.00001
1993-03-26 00:00:00,8.143857,0.00001
1993-03-27 00:00:00,8.041789,0.00001
1993-03-28 00:00:00,7.951593,0.00001
1993-03-29 00:00:00,7.771021,0.00001
1993-03-30 00:00:00,9.387441,0.00001
1993-03-31 00:00:00,13.701514,0.00001
1993-04-01 00:00:00,15.687626,0.00001
1993-04-02 00:00:00,16.625324,0.00001
1993-04-03 00:00:00,17.154584,0.00001
1993-04-04 00:00:00,17.363416,0.00001
1993-04-05 00:00:00,17.425165,0.00001
1993-04-06 00:00:00,17.601693,0.00001
1993-04-07 00:00:00,18.419504,0.00001
1993-04-08 00:00:00,20.206166,0.00001
1993-04-09 00:00:00,20.941119,0.00001
1993-04-10 00:00:00,20.919411,0.00001
1993-04-11 00:00:00,20.739204,0.00001
1993-04-12 00:00:00,20.573093,0.00001
1993-04-13 00:00:00,21.379177,0.00001
1993-04-14 00:00:00,21.554033,0.00001
1993-04-15 00:00:00,24.36578,0.00001
1993-04-16 00:00:00,25.923266,0.00001
1993-04-17 00:00:00,26.306455,0.00001
1993-04-18 00:00:00,26.215469,0.00001
1993-04-19 00:00:00,25.844088,0.00001
1993-04-20 00:00:00,25.888267,0.00001
1993-04-21 00:00:00,26.222899,0.00001
1993-04-22 00:00:00,25.560508,0.00001
1993-04-23 00:00:00,24.693572,0.00001
1993-04-24 00:00:00,23.82897,0.00001
1993-04-25 00:00:00,23.411913,0.00001
1993-04-26 00:00:00,23.591675,0.00001
1993-04-27 00:00:00,22.824299,0.00001
1993-04-28 00:00:00,21.989696,0.00001
1993-04-29 00:00:00,21.363189,0.00001
1993-04-30 00:00:00,20.558565,0.00001
1993-05-01 00:00:00,20.120391,0.00001
1993-05-02 00:00:00,20.275318,0.00001
1993-05-03 00:00:00,20.532878,0.00001
1993-05-04 00:00:00,19.797116,0.00001
1993-05-05 00:00:00,19.022377,0.00001
1993-05-06 00:00:00,19.170487,0.00001
1993-05-07 00:00:00,20.187708,0.00001
1993-05-08 00:00:00,19.83645,0.00001
1993-05-09 00:00:00,19.172739,0.00001
1993-05-10 00:00:00,18.482243,0.00001
1993-05-11 00:00:00,17.762889,0.00001
1993-05-12 00:00:00,17.242567,0.00001
1993-05-13 00:00:00,16.561234,0.00001
1993-05-14 00:00:00,15.822916,0.00001
1993-05-15 00:00:00,15.192918,0.00001
1993-05-16 00:00:00,14.707825,0.00001
1993-05-17 00:00:00,14.004832,0.00001
1993-05-18 00:00:00,13.362399,0.00001
1993-05-19 00:00:00,12.917517,0.00001
1993-05-20 00:00:00,12.365827,0.00001
1993-05-21 00:00:00,11.963803,0.00001
1993-05-22 00:00:00,11.624688,0.00001
1993-05-23 00:00:00,11.579653,0.00001
1993-05-24 00:00:00,12.723459,0.00001
1993-05-25 00:00:00,12.396278,0.00001
1993-05-26 00:00:00,11.856775,0.00001
1993-05-27 00:00:00,11.27053,0.00001
1993-05-28 00:00:00,12.220119,0.00001
1993-05-29 00:00:00,12.182268,0.00001
1993-05-30 00:00:00,11.93121,0.00001
1993-05-31 00:00:00,12.110377,0.00001
1993-06-01 00:00:00,11.802701,0.00001
1993-06-02 00:00:00,11.450045,0.00001
1993-06-03 00:00:00,11.214824,0.00001
1993-06-04 00:00:00,10.924599,0.00001
1993-06-05 00:00:00,10.715734,0.00001
1993-06-06 00:00:00,10.440928,0.00001
1993-06-07 00:00:00,10.081922,0.00001
1993-06-08 00:00:00,9.823915,0.00001
1993-06-09 00:00:00,9.911476,0.00001
1993-06-10 00:00:00,9.941271,0.00001
1993-06-11 00:00:00,11.639809,0.00001
1993-06-12 00:00:00,11.949436,0.00001
1993-06-13 00:00:00,11.745574,0.00001
1993-06-14 00:00:00,11.503355,0.00001
1993-06-15 00:00:00,11.200146,0.00001
1993-06-16 00:00:00,10.891146,0.00001
1993-06-17 00:00:00,10.767728,0.00001
1993-06-18 00:00:00,12.88373,0.00001
1993-06-19 00:00:00,14.301169,0.00001
1993-06-20 00:00:00,14.551414,0.00001
1993-06-21 00:00:00,14.882625,0.00001
1993-06-22 00:00:00,14.816135,0.00001
1993-06-23 00:00:00,14.61477,0.00001
1993-06-24 00:00:00,14.989798,0.00001
1993-06-25 00:00:00,14.89629,0.00001
1993-06-26 00:00:00,14.529427,0.00001
1993-06-27 00:00:00,16.429196,0.00001
1993-06-28 00:00:00,20.134255,0.00001
1993-06-29 00:00:00,21.309722,0.00001
1993-06-30 00:00:00,21.824067,0.00001
1993-07-01 00:00:00,21.755116,0.00001
1993-07-02 00:00:00,21.6983,0.00001
1993-07-03 00:00:00,22.611699,0.00001
1993-07-04 00:00:00,22.746226,0.00001
1993-07-05 00:00:00,22.418503,0.00001
1993-07-06 00:00:00,22.824342,0.00001
1993-07-07 00:00:00,22.64692,0.00001
1993-07-08 00:00:00,22.152898,0.00001
1993-07-09 00:00:00,21.34542,0.00001
1993-07-10 00:00:00,20.629096,0.00001
1993-07-11 00:00:00,19.759918,0.00001
1993-07-12 00:00:00,18.879258,0.00001
1993-07-13 00:00:00,18.005296,0.00001
1993-07-14 00:00:00,17.121766,0.00001
1993-07-15 00:00:00,16.365507,0.00001
1993-07-16 00:00:00,15.522549,0.00001
1993-07-17 00:00:00,14.765602,0.00001
1993-07-18 00:00:00,14.207002,0.00001
1993-07-19 00:00:00,14.761275,0.00001
1993-07-20 00:00:00,14.570466,0.00001
1993-07-21 00:00:00,14.425376,0.00001
1993-07-22 00:00:00,13.743098,0.00001
1993-07-23 00:00:00,13.01935,0.00001
1993-07-24 00:00:00,12.342427,0.00001
1993-07-25 00:00:00,11.737729,0.00001
1993-07-26 00:00:00,11.125474,0.00001
1993-07-27 00:00:00,10.610904,0.00001
1993-07-28 00:00:00,10.023704,0.00001
1993-07-29 00:00:00,9.516135,0.00001
1993-07-30 00:00:00,9.046202,0.00001
1993-07-31 00:00:00,8.560567,0.00001
1993-08-01 00:00:00,8.091326,0.00001
1993-08-02 00:00:00,7.689424,0.00001
1993-08-03 00:00:00,7.637445,0.00001
1993-08-04 00:00:00,8.560232,0.00001
1993-08-05 00:00:00,8.807329,0.00001
1993-08-06 00:00:00,8.983893,0.00001
1993-08-07 00:00:00,8.844136,0.00001
1993-08-08 00:00:00,8.568927,0.00001
1993-08-09 00:00:00,8.254406,0.00001
1993-08-10 00:00:00,7.892531,0.00001
1993-08-11 00:00:00,7.550746,0.00001
1993-08-12 00:00:00,7.214568,0.00001
1993-08-13 00:00:00,6.988677,0.00001
1993-08-14 00:00:00,6.904371,0.00001
1993-08-15 00:00:00,6.79207,0.00001
1993-08-16 00:00:00,6.573958,0.00001
1993-08-17 00:00:00,6.66166,0.00001
1993-08-18 00:00:00,6.453552,0.00001
1993-08-19 00:00:00,6.203761,0.00001
1993-08-20 00:00:00,5.962201,0.00001
1993-08-21 00:00:00,5.835898,0.00001
1993-08-22 00:00:00,5.790514,0.00001
1993-08-23 00:00:00,6.098836,0.00001
1993-08-24 00:00:00,6.072405,0.00001
1993-08-25 00:00:00,5.937545,0.00001
1993-08-26 00:00:00,5.679718,0.00001
1993-08-27 00:00:00,5.812486,0.00001
1993-08-28 00:00:00,5.830648,0.00001
1993-08-29 00:00:00,5.556447,0.00001
1993-08-30 00:00:00,5.274832,0.00001
1993-08-31 00:00:00,5.002411,0.00001
1993-09-01 00:00:00,4.739441,0.00001
1993-09-02 00:00:00,4.510625,0.00001
1993-09-03 00:00:00,4.279989,0.00001
1993-09-04 00:00:00,4.032236,0.00001
1993-09-05 00:00:00,3.801242,0.00001
1993-09-06 00:00:00,3.626076,0.00001
1993-09-07 00:00:00,3.437889,0.00001
1993-09-08 00:00:00,3.258885,0.00001
1993-09-09 00:00:00,3.080493,0.00001
1993-09-10 00:00:00,2.909655,0.00001
1993-09-11 00:00:00,2.725145,0.00001
1993-09-12 00:00:00,2.540325,0.00001
1993-09-13 00:00:00,2.509278,0.00001
1993-09-14 00:00:00,3.834822,0.00001
1993-09-15 00:00:00,4.273802,0.00001
1993-09-16 00:00:00,4.234685,0.00001
1993-09-17 00:00:00,4.118224,0.00001
1993-09-18 00:00:00,3.996094,0.00001
1993-09-19 00:00:00,3.874071,0.00001
1993-09-20 00:00:00,3.734669,0.00001
1993-09-21 00:00:00,3.622989,0.00001
1993-09-22 00:00:00,3.482799,0.00001
1993-09-23 00:00:00,3.394989,0.00001
1993-09-24 00:00:00,3.450671,0.00001
1993-09-25 00:00:00,3.361555,0.00001
1993-09-26 00:00:00,3.21853,0.00001
1993-09-27 00:00:00,3.079602,0.00001
1993-09-28 00:00:00,2.935951,0.00001
1993-09-29 00:00:00,2.986953,0.00001
1993-09-30 00:00:00,3.105667,0.00001
1993-10-01 00:00:00,3.019392,0.00001
1993-10-02 00:00:00,3.138156,0.00001
1993-10-03 00:00:00,3.329283,0.00001
1993-10-04 00:00:00,3.406266,0.00001
1993-10-05 00:00:00,4.274993,0.00001
1993-10-06 00:00:00,4.731925,0.00001
1993-10-07 00:00:00,4.754156,0.00001
1993-10-08 00:00:00,4.732116,0.00001
1993-10-09 00:00:00,4.679481,0.00001
1993-10-10 00:00:00,4.607895,0.00001
1993-10-11 00:00:00,4.52363,0.00001
1993-10-12 00:00:00,4.43203,0.00001
1993-10-13 00:00:00,4.352216,0.00001
1993-10-14 00:00:00,4.277726,0.00001
1993-10-15 00:00:00,4.26266,0.00001
1993-10-16 00:00:00,4.21313,0.00001
1993-10-17 00:00:00,4.983425,0.00001
1993-10-18 00:00:00,5.50655,0.00001
1993-10-19 00:00:00,5.581641,0.00001
1993-10-20 00:00:00,5.564503,0.00001
1993-10-21 00:00:00,5.534541,0.00001
1993-10-22 00:00:00,5.478695,0.00001
1993-10-23 00:00:00,5.40712,0.00001
1993-10-24 00:00:00,5.32575,0.00001
1993-10-25 00:00:00,5.225483,0.00001
1993-10-26 00:00:00,5.136232,0.00001
1993-10-27 00:00:00,5.422654,0.00001
1993-10-28 00:00:00,5.356401,0.00001
1993-10-29 00:00:00,5.333067,0.00001
1993-10-30 00:00:00,5.24467,0.00001
1993-10-31 00:00:00,5.158297,0.00001
1993-11-01 00:00:00,5.080392,0.00001
1993-11-02 00:00:00,4.984486,0.00001
1993-11-03 00:00:00,4.898954,0.00001
1993-11-04 00:00:00,4.815406,0.00001
1993-11-05 00:00:00,4.72464,0.00001
1993-11-06 00:00:00,4.636646,0.00001
1993-11-07 00:00:00,4.537675,0.00001
1993-11-08 00:00:00,4.562115,0.00001
1993-11-09 00:00:00,4.864406,0.00001
1993-11-10 00:00:00,6.298808,0.00001
1993-11-11 00:00:00,6.504481,0.00001
1993-11-12 00:00:00,6.591037,0.00001
1993-11-13 00:00:00,6.638583,0.00001
1993-11-14 00:00:00,6.655699,0.00001
1993-11-15 00:00:00,6.63756,0.00001
1993-11-16 00:00:00,6.624273,0.00001
1993-11-17 00:00:00,6.573872,0.00001
1993-11-18 00:00:00,6.510522,0.00001
1993-11-19 00:00:00,6.469404,0.00001
1993-11-20 00:00:00,6.417589,0.00001
1993-11-21 00:00:00,6.356086,0.00001
1993-11-22 00:00:00,6.263587,0.00001
1993-11-23 00:00:00,6.164346,0.00001
1993-11-24 00:00:00,6.062723,0.00001
1993-11-25 00:00:00,5.964415,0.00001
1993-11-26 00:00:00,5.851512,0.00001
1993-11-27 00:00:00,5.740541,0.00001
1993-11-28 00:00:00,5.65156,0.00001
1993-11-29 00:00:00,5.566399,0.00001
1993-11-30 00:00:00,5.55485,0.00001
1993-12-01 00:00:00,5.444573,0.00001
1993-12-02 00:00:00,5.339583,0.00001
1993-12-03 00:00:00,5.234832,0.00001
1993-12-04 00:00:00,5.142275,0.00001
1993-12-05 00:00:00,5.063486,0.00001
1993-12-06 00:00:00,5.161365,0.00001
1993-12-07 00:00:00,5.163314,0.00001
1993-12-08 00:00:00,5.08214,0.00001
1993-12-09 00:00:00,5.002754,0.00001
1993-12-10 00:00:00,4.922627,0.00001
1993-12-11 00:00:00,4.83643,0.00001
1993-12-12 00:00:00,4.741357,0.00001
1993-12-13 00:00:00,4.647468,0.00001
1993-12-14 00:00:00,4.54732,0.00001
1993-12-15 00:00:00,4.454134,0.00001
1993-12-16 00:00:00,4.385977,0.00001
1993-12-17 00:00:00,4.303592,0.00001
1993-12-18 00:00:00,4.2234,0.00001
1993-12-19 00:00:00,4.154929,0.00001
1993-12-20 00:00:00,4.11153,0.00001
1993-12-21 00:00:00,4.057118,0.00001
1993-12-22 00:00:00,3.992167,0.00001
1993-12-23 00:00:00,3.926403,0.00001
1993-12-24 00:00:00,3.855889,0.00001
1993-12-25 00:00:00,3.794629,0.00001
1993-12-26 00:00:00,3.73334,0.00001
1993-12-27 00:00:00,3.667442,0.00001
1993-12-28 00:00:00,3.599333,0.00001
1993-12-29 00:00:00,3.552753,0.00001
1993-12-30 00:00:00,3.504061,0.00001
1993-12-31 00:00:00,3.457921,0.00001
1994-01-01 00:00:00,3.446188,0.00001
1994-01-02 00:00:00,3.815676,0.00001
1994-01-03 00:00:00,3.614528,0.00001
1994-01-04 00:00:00,3.547273,0.00001
1994-01-05 00:00:00,3.513674,0.00001
1994-01-06 00:00:00,3.478171,0.00001
1994-01-07 00:00:00,3.421059,0.00001
1994-01-08 00:00:00,3.485272,0.00001
1994-01-09 00:00:00,3.405928,0.00001
1994-01-10 00:00:00,3.372562,0.00001
1994-01-11 00:00:00,3.377294,0.00001
1994-01-12 00:00:00,3.372098,0.00001
1994-01-13 00:00:00,3.321319,0.00001
1994-01-14 00:00:00,3.282702,0.00001
1994-01-15 00:00:00,3.222581,0.00001
1994-01-16 00:00:00,3.144794,0.00001
1994-01-17 00:00:00,3.279674,0.00001
1994-01-18 00:00:00,3.419233,0.00001
1994-01-19 00:00:00,3.393598,0.00001
1994-01-20 00:00:00,3.359471,0.00001
1994-01-21 00:00:00,3.569326,0.00001
1994-01-22 00:00:00,3.844748,0.00001
1994-01-23 00:00:00,4.211912,0.00001
1994-01-24 00:00:00,4.373003,0.00001
1994-01-25 00:00:00,4.373636,0.00001
1994-01-26 00:00:00,4.375946,0.00001
1994-01-27 00:00:00,4.349891,0.00001
1994-01-28 00:00:00,4.398814,0.00001
1994-01-29 00:00:00,4.392056,0.00001
1994-01-30 00:00:00,4.379451,0.00001
1994-01-31 00:00:00,4.362969,0.00001
1994-02-01 00:00:00,4.350379,0.00001
1994-02-02 00:00:00,4.374895,0.00001
1994-02-03 00:00:00,4.311643,0.00001
1994-02-04 00:00:00,4.515718,0.00001
1994-02-05 00:00:00,4.561122,0.00001
1994-02-06 00:00:00,4.619118,0.00001
1994-02-07 00:00:00,4.675831,0.00001
1994-02-08 00:00:00,4.618168,0.00001
1994-02-09 00:00:00,4.720449,0.00001
1994-02-10 00:00:00,4.852548,0.00001
1994-02-11 00:00:00,5.5128,0.00001
1994-02-12 00:00:00,6.140085,0.00001
1994-02-13 00:00:00,6.426617,0.00001
1994-02-14 00:00:00,6.617479,0.00001
1994-02-15 00:00:00,6.714276,0.00001
1994-02-16 00:00:00,6.832945,0.00001
1994-02-17 00:00:00,6.90422,0.00001
1994-02-18 00:00:00,6.950508,0.00001
1994-02-19 00:00:00,7.00212,0.00001
1994-02-20 00:00:00,7.045787,0.00001
1994-02-21 00:00:00,7.049964,0.00001
1994-02-22 00:00:00,7.047373,0.00001
1994-02-23 00:00:00,7.046977,0.00001
1994-02-24 00:00:00,7.208929,0.00001
1994-02-25 00:00:00,7.259092,0.00001
1994-02-26 00:00:00,7.252706,0.00001
1994-02-27 00:00:00,7.326827,0.00001
1994-02-28 00:00:00,7.375769,0.00001
1994-03-01 00:00:00,7.312451,0.00001
1994-03-02 00:00:00,7.241977,0.00001
1994-03-03 00:00:00,7.162458,0.00001
1994-03-04 00:00:00,7.107898,0.00001
1994-03-05 00:00:00,7.213594,0.00001
1994-03-06 00:00:00,7.18977,0.00001
1994-03-07 00:00:00,7.090912,0.00001
1994-03-08 00:00:00,7.457326,0.00001
1994-03-09 00:00:00,7.459121,0.00001
1994-03-10 00:00:00,7.282422,0.00001
1994-03-11 00:00:00,7.115956,0.00001
1994-03-12 00:00:00,6.943837,0.00001
1994-03-13 00:00:00,6.750123,0.00001
1994-03-14 00:00:00,6.639336,0.00001
1994-03-15 00:00:00,6.666192,0.00001
1994-03-16 00:00:00,6.57999,0.00001
1994-03-17 00:00:00,6.463973,0.00001
1994-03-18 00:00:00,6.352154,0.00001
1994-03-19 00:00:00,6.223586,0.00001
1994-03-20 00:00:00,6.074041,0.00001
1994-03-21 00:00:00,5.951301,0.00001
1994-03-22 00:00:00,5.81282,0.00001
1994-03-23 00:00:00,5.642164,0.00001
1994-03-24 00:00:00,5.512808,0.00001
1994-03-25 00:00:00,5.394788,0.00001
1994-03-26 00:00:00,5.251698,0.00001
1994-03-27 00:00:00,5.086721,0.00001
1994-03-28 00:00:00,4.999703,0.00001
1994-03-29 00:00:00,4.81459,0.00001
1994-03-30 00:00:00,4.597183,0.00001
1994-03-31 00:00:00,4.411912,0.00001
1994-04-01 00:00:00,4.260193,0.00001
1994-04-02 00:00:00,4.084264,0.00001
1994-04-03 00:00:00,4.910679,0.00001
1994-04-04 00:00:00,5.300788,0.00001
1994-04-05 00:00:00,5.561714,0.00001
1994-04-06 00:00:00,5.745519,0.00001
1994-04-07 00:00:00,5.672696,0.00001
1994-04-08 00:00:00,6.302577,0.00001
1994-04-09 00:00:00,8.047092,0.00001
1994-04-10 00:00:00,8.523377,0.00001
1994-04-11 00:00:00,8.898033,0.00001
1994-04-12 00:00:00,9.106736,0.00001
1994-04-13 00:00:00,9.133162,0.00001
1994-04-14 00:00:00,9.129074,0.00001
1994-04-15 00:00:00,9.44895,0.00001
1994-04-16 00:00:00,9.437136,0.00001
1994-04-17 00:00:00,9.561887,0.00001
1994-04-18 00:00:00,9.669504,0.00001
1994-04-19 00:00:00,9.713684,0.00001
1994-04-20 00:00:00,9.97772,0.00001
1994-04-21 00:00:00,10.393094,0.00001
1994-04-22 00:00:00,12.939546,0.00001
1994-04-23 00:00:00,16.391358,0.00001
1994-04-24 00:00:00,17.704848,0.00001
1994-04-25 00:00:00,18.3268,0.00001
1994-04-26 00:00:00,18.628353,0.00001
1994-04-27 00:00:00,19.870676,0.00001
1994-04-28 00:00:00,20.286875,0.00001
1994-04-29 00:00:00,20.249147,0.00001
1994-04-30 00:00:00,20.058457,0.00001
1994-05-01 00:00:00,19.733232,0.00001
1994-05-02 00:00:00,19.336155,0.00001
1994-05-03 00:00:00,18.935609,0.00001
1994-05-04 00:00:00,18.515486,0.00001
1994-05-05 00:00:00,18.21716,0.00001
1994-05-06 00:00:00,19.509398,0.00001
1994-05-07 00:00:00,19.618809,0.00001
1994-05-08 00:00:00,19.247214,0.00001
1994-05-09 00:00:00,18.64703,0.00001
1994-05-10 00:00:00,17.994898,0.00001
1994-05-11 00:00:00,17.615224,0.00001
1994-05-12 00:00:00,17.524471,0.00001
1994-05-13 00:00:00,17.127604,0.00001
1994-05-14 00:00:00,16.461741,0.00001
1994-05-15 00:00:00,16.052538,0.00001
1994-05-16 00:00:00,17.037917,0.00001
1994-05-17 00:00:00,20.107541,0.00001
1994-05-18 00:00:00,20.996283,0.00001
1994-05-19 00:00:00,20.990726,0.00001
1994-05-20 00:00:00,20.89787,0.00001
1994-05-21 00:00:00,21.00539,0.00001
1994-05-22 00:00:00,20.726413,0.00001
1994-05-23 00:00:00,20.862738,0.00001
1994-05-24 00:00:00,20.489498,0.00001
1994-05-25 00:00:00,19.890784,0.00001
1994-05-26 00:00:00,19.207014,0.00001
1994-05-27 00:00:00,18.476035,0.00001
1994-05-28 00:00:00,17.745459,0.00001
1994-05-29 00:00:00,16.99419,0.00001
1994-05-30 00:00:00,16.265782,0.00001
1994-05-31 00:00:00,15.796866,0.00001
1994-06-01 00:00:00,15.870635,0.00001
1994-06-02 00:00:00,16.292153,0.00001
1994-06-03 00:00:00,15.691866,0.00001
1994-06-04 00:00:00,15.809933,0.00001
1994-06-05 00:00:00,15.226709,0.00001
1994-06-06 00:00:00,15.50862,0.00001
1994-06-07 00:00:00,15.678347,0.00001
1994-06-08 00:00:00,15.059601,0.00001
1994-06-09 00:00:00,15.007902,0.00001
1994-06-10 00:00:00,15.130592,0.00001
1994-06-11 00:00:00,15.230602,0.00001
1994-06-12 00:00:00,15.370694,0.00001
1994-06-13 00:00:00,16.643854,0.00001
1994-06-14 00:00:00,16.355262,0.00001
1994-06-15 00:00:00,15.992617,0.00001
1994-06-16 00:00:00,15.683996,0.00001
1994-06-17 00:00:00,15.239942,0.00001
1994-06-18 00:00:00,14.713924,0.00001
1994-06-19 00:00:00,14.229131,0.00001
1994-06-20 00:00:00,13.712038,0.00001
1994-06-21 00:00:00,13.203675,0.00001
1994-06-22 00:00:00,13.171659,0.00001
1994-06-23 00:00:00,13.485087,0.00001
1994-06-24 00:00:00,12.992677,0.00001
1994-06-25 00:00:00,12.324502,0.00001
1994-06-26 00:00:00,11.744673,0.00001
1994-06-27 00:00:00,11.265108,0.00001
1994-06-28 00:00:00,11.279229,0.00001
1994-06-29 00:00:00,11.051491,0.00001
1994-06-30 00:00:00,10.958157,0.00001
1994-07-01 00:00:00,11.40393,0.00001
1994-07-02 00:00:00,11.017753,0.00001
1994-07-03 00:00:00,10.751773,0.00001
1994-07-04 00:00:00,10.253995,0.00001
1994-07-05 00:00:00,9.837641,0.00001
1994-07-06 00:00:00,9.519534,0.00001
1994-07-07 00:00:00,9.077111,0.00001
1994-07-08 00:00:00,8.819289,0.00001
1994-07-09 00:00:00,8.58374,0.00001
1994-07-10 00:00:00,8.202103,0.00001
1994-07-11 00:00:00,7.791687,0.00001
1994-07-12 00:00:00,7.394104,0.00001
1994-07-13 00:00:00,7.085695,0.00001
1994-07-14 00:00:00,6.760103,0.00001
1994-07-15 00:00:00,6.405495,0.00001
1994-07-16 00:00:00,6.417339,0.00001
1994-07-17 00:00:00,7.327375,0.00001
1994-07-18 00:00:00,7.380657,0.00001
1994-07-19 00:00:00,7.395289,0.00001
1994-07-20 00:00:00,7.872187,0.00001
1994-07-21 00:00:00,8.482726,0.00001
1994-07-22 00:00:00,8.402061,0.00001
1994-07-23 00:00:00,8.441808,0.00001
1994-07-24 00:00:00,8.367209,0.00001
1994-07-25 00:00:00,8.250901,0.00001
1994-07-26 00:00:00,8.427002,0.00001
1994-07-27 00:00:00,8.241074,0.00001
1994-07-28 00:00:00,7.992229,0.00001
1994-07-29 00:00:00,7.746508,0.00001
1994-07-30 00:00:00,7.62667,0.00001
1994-07-31 00:00:00,8.272143,0.00001
1994-08-01 00:00:00,8.135362,0.00001
1994-08-02 00:00:00,7.904082,0.00001
1994-08-03 00:00:00,7.752849,0.00001
1994-08-04 00:00:00,7.708954,0.00001
1994-08-05 00:00:00,7.457521,0.00001
1994-08-06 00:00:00,7.193589,0.00001
1994-08-07 00:00:00,7.554483,0.00001
1994-08-08 00:00:00,7.460271,0.00001
1994-08-09 00:00:00,7.584338,0.00001
1994-08-10 00:00:00,7.469329,0.00001
1994-08-11 00:00:00,7.264941,0.00001
1994-08-12 00:00:00,7.466345,0.00001
1994-08-13 00:00:00,7.30845,0.00001
1994-08-14 00:00:00,7.061428,0.00001
1994-08-15 00:00:00,6.793087,0.00001
1994-08-16 00:00:00,6.671971,0.00001
1994-08-17 00:00:00,6.384491,0.00001
1994-08-18 00:00:00,6.434561,0.00001
1994-08-19 00:00:00,6.504858,0.00001
1994-08-20 00:00:00,6.255572,0.00001
1994-08-21 00:00:00,6.020071,0.00001
1994-08-22 00:00:00,5.945505,0.00001
1994-08-23 00:00:00,6.482912,0.00001
1994-08-24 00:00:00,6.785148,0.00001
1994-08-25 00:00:00,6.611969,0.00001
1994-08-26 00:00:00,6.375359,0.00001
1994-08-27 00:00:00,6.140604,0.00001
1994-08-28 00:00:00,5.908157,0.00001
1994-08-29 00:00:00,5.721401,0.00001
1994-08-30 00:00:00,5.550234,0.00001
1994-08-31 00:00:00,5.343387,0.00001
1994-09-01 00:00:00,5.107538,0.00001
1994-09-02 00:00:00,4.859978,0.00001
1994-09-03 00:00:00,4.6626,0.00001
1994-09-04 00:00:00,4.42531,0.00001
1994-09-05 00:00:00,4.217481,0.00001
1994-09-06 00:00:00,4.025582,0.00001
1994-09-07 00:00:00,3.851387,0.00001
1994-09-08 00:00:00,3.743109,0.00001
1994-09-09 00:00:00,3.627881,0.00001
1994-09-10 00:00:00,3.472291,0.00001
1994-09-11 00:00:00,3.271696,0.00001
1994-09-12 00:00:00,3.156395,0.00001
1994-09-13 00:00:00,3.01724,0.00001
1994-09-14 00:00:00,2.860967,0.00001
1994-09-15 00:00:00,2.730964,0.00001
1994-09-16 00:00:00,2.581412,0.00001
1994-09-17 00:00:00,2.410718,0.00001
1994-09-18 00:00:00,2.248254,0.00001
1994-09-19 00:00:00,2.18254,0.00001
1994-09-20 00:00:00,2.087931,0.00001
1994-09-21 00:00:00,1.986009,0.00001
1994-09-22 00:00:00,1.843602,0.00001
1994-09-23 00:00:00,1.711707,0.00001
1994-09-24 00:00:00,1.607571,0.00001
1994-09-25 00:00:00,1.478217,0.00001
1994-09-26 00:00:00,1.431071,0.00001
1994-09-27 00:00:00,2.139797,0.00001
1994-09-28 00:00:00,2.509632,0.00001
1994-09-29 00:00:00,2.477645,0.00001
1994-09-30 00:00:00,2.360033,0.00001
1994-10-01 00:00:00,2.29811,0.00001
1994-10-02 00:00:00,2.379812,0.00001
1994-10-03 00:00:00,2.55716,0.00001
1994-10-04 00:00:00,2.551277,0.00001
1994-10-05 00:00:00,2.481168,0.00001
1994-10-06 00:00:00,2.409538,0.00001
1994-10-07 00:00:00,2.339482,0.00001
1994-10-08 00:00:00,2.291019,0.00001
1994-10-09 00:00:00,2.196846,0.00001
1994-10-10 00:00:00,2.095851,0.00001
1994-10-11 00:00:00,1.999857,0.00001
1994-10-12 00:00:00,1.907816,0.00001
1994-10-13 00:00:00,1.938324,0.00001
1994-10-14 00:00:00,1.882399,0.00001
1994-10-15 00:00:00,1.854218,0.00001
1994-10-16 00:00:00,2.04601,0.00001
1994-10-17 00:00:00,2.018755,0.00001
1994-10-18 00:00:00,1.978182,0.00001
1994-10-19 00:00:00,1.918362,0.00001
1994-10-20 00:00:00,1.879215,0.00001
1994-10-21 00:00:00,1.799551,0.00001
1994-10-22 00:00:00,1.751168,0.00001
1994-10-23 00:00:00,1.713175,0.00001
1994-10-24 00:00:00,1.658622,0.00001
1994-10-25 00:00:00,1.587724,0.00001
1994-10-26 00:00:00,1.516194,0.00001
1994-10-27 00:00:00,1.450638,0.00001
1994-10-28 00:00:00,1.386335,0.00001
1994-10-29 00:00:00,1.332468,0.00001
1994-10-30 00:00:00,1.293451,0.00001
1994-10-31 00:00:00,1.233743,0.00001
1994-11-01 00:00:00,1.177613,0.00001
1994-11-02 00:00:00,1.146902,0.00001
1994-11-03 00:00:00,1.101918,0.00001
1994-11-04 00:00:00,1.047493,0.00001
1994-11-05 00:00:00,0.997889,0.00001
1994-11-06 00:00:00,0.937441,0.00001
1994-11-07 00:00:00,0.895401,0.00001
1994-11-08 00:00:00,0.877069,0.00001
1994-11-09 00:00:00,0.858137,0.00001
1994-11-10 00:00:00,0.900589,0.00001
1994-11-11 00:00:00,0.922688,0.00001
1994-11-12 00:00:00,0.901376,0.00001
1994-11-13 00:00:00,0.880723,0.00001
1994-11-14 00:00:00,0.871419,0.00001
1994-11-15 00:00:00,0.86034,0.00001
1994-11-16 00:00:00,0.850593,0.00001
1994-11-17 00:00:00,0.838988,0.00001
1994-11-18 00:00:00,0.821947,0.00001
1994-11-19 00:00:00,0.824165,0.00001
1994-11-20 00:00:00,0.816839,0.00001
1994-11-21 00:00:00,0.808185,0.00001
1994-11-22 00:00:00,0.815202,0.00001
1994-11-23 00:00:00,1.067388,0.00001
1994-11-24 00:00:00,1.148406,0.00001
1994-11-25 00:00:00,1.169185,0.00001
1994-11-26 00:00:00,1.218748,0.00001
1994-11-27 00:00:00,1.223354,0.00001
1994-11-28 00:00:00,1.238364,0.00001
1994-11-29 00:00:00,1.243352,0.00001
1994-11-30 00:00:00,1.241574,0.00001
1994-12-01 00:00:00,1.223452,0.00001
1994-12-02 00:00:00,1.224817,0.00001
1994-12-03 00:00:00,1.352344,0.00001
1994-12-04 00:00:00,1.49717,0.00001
1994-12-05 00:00:00,1.592821,0.00001
1994-12-06 00:00:00,1.623998,0.00001
1994-12-07 00:00:00,1.647182,0.00001
1994-12-08 00:00:00,1.663133,0.00001
1994-12-09 00:00:00,1.822238,0.00001
1994-12-10 00:00:00,1.887937,0.00001
1994-12-11 00:00:00,1.907778,0.00001
1994-12-12 00:00:00,1.917891,0.00001
1994-12-13 00:00:00,1.923791,0.00001
1994-12-14 00:00:00,1.956247,0.00001
1994-12-15 00:00:00,2.020483,0.00001
1994-12-16 00:00:00,2.030434,0.00001
1994-12-17 00:00:00,2.046583,0.00001
1994-12-18 00:00:00,2.050538,0.00001
1994-12-19 00:00:00,2.063166,0.00001
1994-12-20 00:00:00,2.085953,0.00001
1994-12-21 00:00:00,2.108465,0.00001
1994-12-22 00:00:00,2.114291,0.00001
1994-12-23 00:00:00,2.182806,0.00001
1994-12-24 00:00:00,2.155782,0.00001
1994-12-25 00:00:00,2.149649,0.00001
1994-12-26 00:00:00,2.167326,0.00001
1994-12-27 00:00:00,2.158454,0.00001
1994-12-28 00:00:00,2.153748,0.00001
1994-12-29 00:00:00,2.107161,0.00001
1994-12-30 00:00:00,2.141113,0.00001
1994-12-31 00:00:00,2.133262,0.00001
1990-01-01 00:00:00,5.326274,0.00001
1990-01-02 00:00:00,5.279789,0.00001
1990-01-03 00:00:00,5.232633,0.00001
1990-01-04 00:00:00,5.190151,0.00001
1990-01-05 00:00:00,5.24443,0.00001
1990-01-06 00:00:00,5.297507,0.00001
1990-01-07 00:00:00,5.210604,0.00001
1990-01-08 00:00:00,5.153491,0.00001
1990-01-09 00:00:00,5.191968,0.00001
1990-01-10 00:00:00,5.121855,0.00001
1990-01-11 00:00:00,5.080963,0.00001
1990-01-12 00:00:00,4.987766,0.00001
1990-01-13 00:00:00,5.02067,0.00001
1990-01-14 00:00:00,5.130408,0.00001
1990-01-15 00:00:00,5.017816,0.00001
1990-01-16 00:00:00,4.937935,0.00001
1990-01-17 00:00:00,4.831148,0.00001
1990-01-18 00:00:00,4.904465,0.00001
1990-01-19 00:00:00,5.348336,0.00001
1990-01-20 00:00:00,5.161512,0.00001
1990-01-21 00:00:00,5.137636,0.00001
1990-01-22 00:00:00,5.109813,0.00001
1990-01-23 00:00:00,5.010224,0.00001
1990-01-24 00:00:00,4.917166,0.00001
1990-01-25 00:00:00,4.825883,0.00001
1990-01-26 00:00:00,4.740954,0.00001
1990-01-27 00:00:00,4.658599,0.00001
1990-01-28 00:00:00,4.577803,0.00001
1990-01-29 00:00:00,4.507304,0.00001
1990-01-30 00:00:00,4.433556,0.00001
1990-01-31 00:00:00,4.359052,0.00001
1990-02-01 00:00:00,4.283704,0.00001
1990-02-02 00:00:00,4.216444,0.00001
1990-02-03 00:00:00,4.184206,0.00001
1990-02-04 00:00:00,4.118518,0.00001
1990-02-05 00:00:00,4.06557,0.00001
1990-02-06 00:00:00,4.012139,0.00001
1990-02-07 00:00:00,3.963927,0.00001
1990-02-08 00:00:00,3.912586,0.00001
1990-02-09 00:00:00,3.860977,0.00001
1990-02-10 00:00:00,3.793336,0.00001
1990-02-11 00:00:00,3.752937,0.00001
1990-02-12 00:00:00,3.709586,0.00001
1990-02-13 00:00:00,3.663314,0.00001
1990-02-14 00:00:00,3.626003,0.00001
1990-02-15 00:00:00,3.587365,0.00001
1990-02-16 00:00:00,3.536378,0.00001
1990-02-17 00:00:00,3.478934,0.00001
1990-02-18 00:00:00,3.348915,0.00001
1990-02-19 00:00:00,3.375239,0.00001
1990-02-20 00:00:00,3.265242,0.00001
1990-02-21 00:00:00,3.469929,0.00001
1990-02-22 00:00:00,3.395373,0.00001
1990-02-23 00:00:00,3.43595,0.00001
1990-02-24 00:00:00,3.696675,0.00001
1990-02-25 00:00:00,3.822901,0.00001
1990-02-26 00:00:00,3.887358,0.00001
1990-02-27 00:00:00,3.937808,0.00001
1990-02-28 00:00:00,3.984619,0.00001
1990-03-01 00:00:00,4.009101,0.00001
1990-03-02 00:00:00,4.021498,0.00001
1990-03-03 00:00:00,4.012744,0.00001
1990-03-04 00:00:00,4.149806,0.00001
1990-03-05 00:00:00,4.279774,0.00001
1990-03-06 00:00:00,4.506211,0.00001
1990-03-07 00:00:00,4.498193,0.00001
1990-03-08 00:00:00,4.467359,0.00001
1990-03-09 00:00:00,4.434476,0.00001
1990-03-10 00:00:00,4.215529,0.00001
1990-03-11 00:00:00,4.394311,0.00001
1990-03-12 00:00:00,4.404028,0.00001
1990-03-13 00:00:00,4.393566,0.00001
1990-03-14 00:00:00,4.309315,0.00001
1990-03-15 00:00:00,4.267967,0.00001
1990-03-16 00:00:00,4.204178,0.00001
1990-03-17 00:00:00,4.21274,0.00001
1990-03-18 00:00:00,4.192247,0.00001
1990-03-19 00:00:00,4.152955,0.00001
1990-03-20 00:00:00,4.82181,0.00001
1990-03-21 00:00:00,4.897147,0.00001
1990-03-22 00:00:00,4.905815,0.00001
1990-03-23 00:00:00,4.917424,0.00001
1990-03-24 00:00:00,4.862754,0.00001
1990-03-25 00:00:00,4.840766,0.00001
1990-03-26 00:00:00,5.043792,0.00001
1990-03-27 00:00:00,5.877294,0.00001
1990-03-28 00:00:00,6.197699,0.00001
1990-03-29 00:00:00,6.307938,0.00001
1990-03-30 00:00:00,6.358877,0.00001
1990-03-31 00:00:00,6.413419,0.00001
1990-04-01 00:00:00,6.459991,0.00001
1990-04-02 00:00:00,6.441431,0.00001
1990-04-03 00:00:00,6.313075,0.00001
1990-04-04 00:00:00,6.296893,0.00001
1990-04-05 00:00:00,6.293571,0.00001
1990-04-06 00:00:00,6.340773,0.00001
1990-04-07 00:00:00,6.756138,0.00001
1990-04-08 00:00:00,7.270833,0.00001
1990-04-09 00:00:00,7.752269,0.00001
1990-04-10 00:00:00,8.703177,0.00001
1990-04-11 00:00:00,9.316911,0.00001
1990-04-12 00:00:00,10.090099,0.00001
1990-04-13 00:00:00,10.175117,0.00001
1990-04-14 00:00:00,10.208166,0.00001
1990-04-15 00:00:00,10.27952,0.00001
1990-04-16 00:00:00,10.254923,0.00001
1990-04-17 00:00:00,10.435025,0.00001
1990-04-18 00:00:00,11.529014,0.00001
1990-04-19 00:00:00,11.652567,0.00001
1990-04-20 00:00:00,11.93015,0.00001
1990-04-21 00:00:00,12.312738,0.00001
1990-04-22 00:00:00,12.238265,0.00001
1990-04-23 00:00:00,12.123136,0.00001
1990-04-24 00:00:00,12.115409,0.00001
1990-04-25 00:00:00,12.050383,0.00001
1990-04-26 00:00:00,12.937397,0.00001
1990-04-27 00:00:00,13.692827,0.00001
1990-04-28 00:00:00,13.580338,0.00001
1990-04-29 00:00:00,13.535607,0.00001
1990-04-30 00:00:00,13.384758,0.00001
1990-05-01 00:00:00,13.262476,0.00001
1990-05-02 00:00:00,13.056029,0.00001
1990-05-03 00:00:00,12.780725,0.00001
1990-05-04 00:00:00,12.550214,0.00001
1990-05-05 00:00:00,12.168914,0.00001
1990-05-06 00:00:00,11.743459,0.00001
1990-05-07 00:00:00,11.530192,0.00001
1990-05-08 00:00:00,12.835648,0.00001
1990-05-09 00:00:00,13.982372,0.00001
1990-05-10 00:00:00,14.816457,0.00001
1990-05-11 00:00:00,14.736399,0.00001
1990-05-12 00:00:00,14.553882,0.00001
1990-05-13 00:00:00,15.027377,0.00001
1990-05-14 00:00:00,14.896195,0.00001
1990-05-15 00:00:00,14.517536,0.00001
1990-05-16 00:00:00,14.123875,0.00001
1990-05-17 00:00:00,13.983381,0.00001
1990-05-18 00:00:00,13.740854,0.00001
1990-05-19 00:00:00,13.323414,0.00001
1990-05-20 00:00:00,12.929263,0.00001
1990-05-21 00:00:00,12.5461,0.00001
1990-05-22 00:00:00,12.295501,0.00001
1990-05-23 00:00:00,12.659411,0.00001
1990-05-24 00:00:00,12.506573,0.00001
1990-05-25 00:00:00,12.132331,0.00001
1990-05-26 00:00:00,12.369441,0.00001
1990-05-27 00:00:00,13.210215,0.00001
1990-05-28 00:00:00,14.033792,0.00001
1990-05-29 00:00:00,13.924053,0.00001
1990-05-30 00:00:00,13.55575,0.00001
1990-05-31 00:00:00,13.16585,0.00001
1990-06-01 00:00:00,12.986838,0.00001
1990-06-02 00:00:00,12.909928,0.00001
1990-06-03 00:00:00,12.536147,0.00001
1990-06-04 00:00:00,12.080572,0.00001
1990-06-05 00:00:00,11.774521,0.00001
1990-06-06 00:00:00,11.705717,0.00001
1990-06-07 00:00:00,11.795203,0.00001
1990-06-08 00:00:00,11.702919,0.00001
1990-06-09 00:00:00,11.440516,0.00001
1990-06-10 00:00:00,11.050309,0.00001
1990-06-11 00:00:00,10.641185,0.00001
1990-06-12 00:00:00,10.22396,0.00001
1990-06-13 00:00:00,9.7728,0.00001
1990-06-14 00:00:00,9.319433,0.00001
1990-06-15 00:00:00,8.888273,0.00001
1990-06-16 00:00:00,8.478853,0.00001
1990-06-17 00:00:00,8.125267,0.00001
1990-06-18 00:00:00,7.726003,0.00001
1990-06-19 00:00:00,7.297364,0.00001
1990-06-20 00:00:00,6.877254,0.00001
1990-06-21 00:00:00,6.491176,0.00001
1990-06-22 00:00:00,6.122048,0.00001
1990-06-23 00:00:00,5.775494,0.00001
1990-06-24 00:00:00,5.447643,0.00001
1990-06-25 00:00:00,5.219162,0.00001
1990-06-26 00:00:00,5.636228,0.00001
1990-06-27 00:00:00,5.5614,0.00001
1990-06-28 00:00:00,5.357075,0.00001
1990-06-29 00:00:00,5.268602,0.00001
1990-06-30 00:00:00,5.008567,0.00001
1990-07-01 00:00:00,4.744987,0.00001
1990-07-02 00:00:00,4.450741,0.00001
1990-07-03 00:00:00,4.232165,0.00001
1990-07-04 00:00:00,4.892497,0.00001
1990-07-05 00:00:00,5.268065,0.00001
1990-07-06 00:00:00,5.184709,0.00001
1990-07-07 00:00:00,5.021116,0.00001
1990-07-08 00:00:00,4.992618,0.00001
1990-07-09 00:00:00,4.971378,0.00001
1990-07-10 00:00:00,4.678638,0.00001
1990-07-11 00:00:00,4.382008,0.00001
1990-07-12 00:00:00,4.09059,0.00001
1990-07-13 00:00:00,3.816451,0.00001
1990-07-14 00:00:00,3.53083,0.00001
1990-07-15 00:00:00,3.492146,0.00001
1990-07-16 00:00:00,3.627431,0.00001
1990-07-17 00:00:00,3.380966,0.00001
1990-07-18 00:00:00,3.334296,0.00001
1990-07-19 00:00:00,3.299791,0.00001
1990-07-20 00:00:00,3.207871,0.00001
1990-07-21 00:00:00,2.961127,0.00001
1990-07-22 00:00:00,3.327831,0.00001
1990-07-23 00:00:00,3.331098,0.00001
1990-07-24 00:00:00,3.192311,0.00001
1990-07-25 00:00:00,3.02803,0.00001
1990-07-26 00:00:00,3.102136,0.00001
1990-07-27 00:00:00,3.124426,0.00001
1990-07-28 00:00:00,3.021453,0.00001
1990-07-29 00:00:00,2.780488,0.00001
1990-07-30 00:00:00,2.592211,0.00001
1990-07-31 00:00:00,2.521516,0.00001
1990-08-01 00:00:00,2.648864,0.00001
1990-08-02 00:00:00,2.637955,0.00001
1990-08-03 00:00:00,2.750792,0.00001
1990-08-04 00:00:00,2.687572,0.00001
1990-08-05 00:00:00,2.571558,0.00001
1990-08-06 00:00:00,2.467861,0.00001
1990-08-07 00:00:00,2.413147,0.00001
1990-08-08 00:00:00,2.336526,0.00001
1990-08-09 00:00:00,2.303519,0.00001
1990-08-10 00:00:00,2.161283,0.00001
1990-08-11 00:00:00,1.996894,0.00001
1990-08-12 00:00:00,1.842392,0.00001
1990-08-13 00:00:00,1.680368,0.00001
1990-08-14 00:00:00,1.561406,0.00001
1990-08-15 00:00:00,1.897147,0.00001
1990-08-16 00:00:00,2.363417,0.00001
1990-08-17 00:00:00,2.480402,0.00001
1990-08-18 00:00:00,2.434499,0.00001
1990-08-19 00:00:00,2.618419,0.00001
1990-08-20 00:00:00,2.636011,0.00001
1990-08-21 00:00:00,2.533543,0.00001
1990-08-22 00:00:00,2.429163,0.00001
1990-08-23 00:00:00,2.325892,0.00001
1990-08-24 00:00:00,2.295148,0.00001
1990-08-25 00:00:00,2.235895,0.00001
1990-08-26 00:00:00,2.118782,0.00001
1990-08-27 00:00:00,2.084008,0.00001
1990-08-28 00:00:00,2.558285,0.00001
1990-08-29 00:00:00,2.692455,0.00001
1990-08-30 00:00:00,2.590774,0.00001
1990-08-31 00:00:00,2.487809,0.00001
1990-09-01 00:00:00,2.371838,0.00001
1990-09-02 00:00:00,2.256251,0.00001
1990-09-03 00:00:00,2.201601,0.00001
1990-09-04 00:00:00,2.083436,0.00001
1990-09-05 00:00:00,2.007009,0.00001
1990-09-06 00:00:00,1.992038,0.00001
1990-09-07 00:00:00,2.257572,0.00001
1990-09-08 00:00:00,2.121126,0.00001
1990-09-09 00:00:00,2.02511,0.00001
1990-09-10 00:00:00,1.954938,0.00001
1990-09-11 00:00:00,1.850677,0.00001
1990-09-12 00:00:00,1.856541,0.00001
1990-09-13 00:00:00,1.690607,0.00001
1990-09-14 00:00:00,1.575425,0.00001
1990-09-15 00:00:00,1.493256,0.00001
1990-09-16 00:00:00,1.613781,0.00001
1990-09-17 00:00:00,1.531991,0.00001
1990-09-18 00:00:00,1.502616,0.00001
1990-09-19 00:00:00,2.054201,0.00001
1990-09-20 00:00:00,2.201249,0.00001
1990-09-21 00:00:00,2.227065,0.00001
1990-09-22 00:00:00,2.129421,0.00001
1990-09-23 00:00:00,2.042857,0.00001
1990-09-24 00:00:00,1.982163,0.00001
1990-09-25 00:00:00,1.920497,0.00001
1990-09-26 00:00:00,1.818358,0.00001
1990-09-27 00:00:00,1.687416,0.00001
1990-09-28 00:00:00,1.562931,0.00001
1990-09-29 00:00:00,1.53928,0.00001
1990-09-30 00:00:00,1.68429,0.00001
1990-10-01 00:00:00,1.777146,0.00001
1990-10-02 00:00:00,1.715906,0.00001
1990-10-03 00:00:00,1.699939,0.00001
1990-10-04 00:00:00,1.624644,0.00001
1990-10-05 00:00:00,2.08921,0.00001
1990-10-06 00:00:00,3.400363,0.00001
1990-10-07 00:00:00,3.564921,0.00001
1990-10-08 00:00:00,3.618448,0.00001
1990-10-09 00:00:00,3.641973,0.00001
1990-10-10 00:00:00,3.576162,0.00001
1990-10-11 00:00:00,3.504981,0.00001
1990-10-12 00:00:00,3.402546,0.00001
1990-10-13 00:00:00,3.315853,0.00001
1990-10-14 00:00:00,3.345814,0.00001
1990-10-15 00:00:00,3.285087,0.00001
1990-10-16 00:00:00,3.231045,0.00001
1990-10-17 00:00:00,3.144837,0.00001
1990-10-18 00:00:00,3.104061,0.00001
1990-10-19 00:00:00,3.292298,0.00001
1990-10-20 00:00:00,3.489864,0.00001
1990-10-21 00:00:00,3.539058,0.00001
1990-10-22 00:00:00,3.612251,0.00001
1990-10-23 00:00:00,3.83361,0.00001
1990-10-24 00:00:00,3.897137,0.00001
1990-10-25 00:00:00,3.818461,0.00001
1990-10-26 00:00:00,3.885283,0.00001
1990-10-27 00:00:00,4.836996,0.00001
1990-10-28 00:00:00,5.083541,0.00001
1990-10-29 00:00:00,5.118999,0.00001
1990-10-30 00:00:00,5.173338,0.00001
1990-10-31 00:00:00,5.519669,0.00001
1990-11-01 00:00:00,6.785981,0.00001
1990-11-02 00:00:00,7.506095,0.00001
1990-11-03 00:00:00,7.783058,0.00001
1990-11-04 00:00:00,7.973325,0.00001
1990-11-05 00:00:00,8.120989,0.00001
1990-11-06 00:00:00,8.149409,0.00001
1990-11-07 00:00:00,8.099943,0.00001
1990-11-08 00:00:00,8.160466,0.00001
1990-11-09 00:00:00,8.261237,0.00001
1990-11-10 00:00:00,8.790319,0.00001
1990-11-11 00:00:00,8.931618,0.00001
1990-11-12 00:00:00,8.93929,0.00001
1990-11-13 00:00:00,8.902204,0.00001
1990-11-14 00:00:00,8.852553,0.00001
1990-11-15 00:00:00,8.791157,0.00001
1990-11-16 00:00:00,8.716525,0.00001
1990-11-17 00:00:00,8.641189,0.00001
1990-11-18 00:00:00,8.542882,0.00001
1990-11-19 00:00:00,8.459445,0.00001
1990-11-20 00:00:00,8.329761,0.00001
1990-11-21 00:00:00,8.206471,0.00001
1990-11-22 00:00:00,8.085254,0.00001
1990-11-23 00:00:00,7.953584,0.00001
1990-11-24 00:00:00,7.817239,0.00001
1990-11-25 00:00:00,7.66763,0.00001
1990-11-26 00:00:00,7.619855,0.00001
1990-11-27 00:00:00,8.456288,0.00001
1990-11-28 00:00:00,8.33609,0.00001
1990-11-29 00:00:00,8.205677,0.00001
1990-11-30 00:00:00,8.021477,0.00001
1990-12-01 00:00:00,7.970085,0.00001
1990-12-02 00:00:00,7.814127,0.00001
1990-12-03 00:00:00,7.7912,0.00001
1990-12-04 00:00:00,7.697419,0.00001
1990-12-05 00:00:00,7.583129,0.00001
1990-12-06 00:00:00,7.467468,0.00001
1990-12-07 00:00:00,7.382023,0.00001
1990-12-08 00:00:00,7.362912,0.00001
1990-12-09 00:00:00,7.265751,0.00001
1990-12-10 00:00:00,7.154359,0.00001
1990-12-11 00:00:00,7.116158,0.00001
1990-12-12 00:00:00,7.101343,0.00001
1990-12-13 00:00:00,7.055124,0.00001
1990-12-14 00:00:00,6.98658,0.00001
1990-12-15 00:00:00,6.83992,0.00001
1990-12-16 00:00:00,6.701652,0.00001
1990-12-17 00:00:00,6.565464,0.00001
1990-12-18 00:00:00,6.43904,0.00001
1990-12-19 00:00:00,6.309857,0.00001
1990-12-20 00:00:00,6.18715,0.00001
1990-12-21 00:00:00,6.066879,0.00001
1990-12-22 00:00:00,5.955846,0.00001
1990-12-23 00:00:00,5.848755,0.00001
1990-12-24 00:00:00,5.738674,0.00001
1990-12-25 00:00:00,5.632437,0.00001
1990-12-26 00:00:00,5.537189,0.00001
1990-12-27 00:00:00,5.432293,0.00001
1990-12-28 00:00:00,5.328736,0.00001
1990-12-29 00:00:00,5.237834,0.00001
1990-12-30 00:00:00,5.245376,0.00001
1990-12-31 00:00:00,5.1789,0.00001
1991-01-01 00:00:00,5.077277,0.00001
1991-01-02 00:00:00,4.975519,0.00001
1991-01-03 00:00:00,4.883565,0.00001
1991-01-04 00:00:00,4.800754,0.00001
1991-01-05 00:00:00,4.7159,0.00001
1991-01-06 00:00:00,4.636564,0.00001
1991-01-07 00:00:00,4.565858,0.00001
1991-01-08 00:00:00,4.490528,0.00001
1991-01-09 00:00:00,4.414151,0.00001
1991-01-10 00:00:00,4.472619,0.00001
1991-01-11 00:00:00,4.451718,0.00001
1991-01-12 00:00:00,4.353444,0.00001
1991-01-13 00:00:00,4.264087,0.00001
1991-01-14 00:00:00,4.177729,0.00001
1991-01-15 00:00:00,4.103055,0.00001
1991-01-16 00:00:00,4.069222,0.00001
1991-01-17 00:00:00,4.087884,0.00001
1991-01-18 00:00:00,4.724682,0.00001
1991-01-19 00:00:00,5.070568,0.00001
1991-01-20 00:00:00,5.182088,0.00001
1991-01-21 00:00:00,5.245964,0.00001
1991-01-22 00:00:00,5.368602,0.00001
1991-01-23 00:00:00,5.643932,0.00001
1991-01-24 00:00:00,5.702574,0.00001
1991-01-25 00:00:00,5.991519,0.00001
1991-01-26 00:00:00,6.453513,0.00001
1991-01-27 00:00:00,6.27203,0.00001
1991-01-28 00:00:00,6.228581,0.00001
1991-01-29 00:00:00,6.182374,0.00001
1991-01-30 00:00:00,6.131674,0.00001
1991-01-31 00:00:00,6.08724,0.00001
1991-02-01 00:00:00,6.042937,0.00001
1991-02-02 00:00:00,6.005782,0.00001
1991-02-03 00:00:00,5.967579,0.00001
1991-02-04 00:00:00,5.922781,0.00001
1991-02-05 00:00:00,5.869908,0.00001
1991-02-06 00:00:00,5.810627,0.00001
1991-02-07 00:00:00,5.738769,0.00001
1991-02-08 00:00:00,5.656035,0.00001
1991-02-09 00:00:00,5.598798,0.00001
1991-02-10 00:00:00,5.505708,0.00001
1991-02-11 00:00:00,5.509008,0.00001
1991-02-12 00:00:00,5.456605,0.00001
1991-02-13 00:00:00,5.412409,0.00001
1991-02-14 00:00:00,5.398503,0.00001
1991-02-15 00:00:00,5.391989,0.00001
1991-02-16 00:00:00,5.320757,0.00001
1991-02-17 00:00:00,5.259934,0.00001
1991-02-18 00:00:00,5.192708,0.00001
1991-02-19 00:00:00,5.082208,0.00001
1991-02-20 00:00:00,4.971792,0.00001
1991-02-21 00:00:00,5.06552,0.00001
1991-02-22 00:00:00,5.004374,0.00001
1991-02-23 00:00:00,4.87897,0.00001
1991-02-24 00:00:00,5.106213,0.00001
1991-02-25 00:00:00,5.428301,0.00001
1991-02-26 00:00:00,5.719551,0.00001
1991-02-27 00:00:00,5.946179,0.00001
1991-02-28 00:00:00,6.193125,0.00001
1991-03-01 00:00:00,6.303943,0.00001
1991-03-02 00:00:00,6.372694,0.00001
1991-03-03 00:00:00,6.434945,0.00001
1991-03-04 00:00:00,6.488228,0.00001
1991-03-05 00:00:00,6.542454,0.00001
1991-03-06 00:00:00,6.673792,0.00001
1991-03-07 00:00:00,6.754466,0.00001
1991-03-08 00:00:00,6.76123,0.00001
1991-03-09 00:00:00,6.781544,0.00001
1991-03-10 00:00:00,6.771495,0.00001
1991-03-11 00:00:00,6.717977,0.00001
1991-03-12 00:00:00,6.663716,0.00001
1991-03-13 00:00:00,6.627786,0.00001
1991-03-14 00:00:00,6.517453,0.00001
1991-03-15 00:00:00,6.424892,0.00001
1991-03-16 00:00:00,6.325166,0.00001
1991-03-17 00:00:00,6.271028,0.00001
1991-03-18 00:00:00,6.246153,0.00001
1991-03-19 00:00:00,6.185853,0.00001
1991-03-20 00:00:00,6.126791,0.00001
1991-03-21 00:00:00,6.038023,0.00001
1991-03-22 00:00:00,5.95314,0.00001
1991-03-23 00:00:00,5.82768,0.00001
1991-03-24 00:00:00,5.861675,0.00001
1991-03-25 00:00:00,5.966577,0.00001
1991-03-26 00:00:00,6.09876,0.00001
1991-03-27 00:00:00,6.061341,0.00001
1991-03-28 00:00:00,5.990723,0.00001
1991-03-29 00:00:00,5.917123,0.00001
1991-03-30 00:00:00,5.823353,0.00001
1991-03-31 00:00:00,5.775721,0.00001
1991-04-01 00:00:00,5.707859,0.00001
1991-04-02 00:00:00,5.610294,0.00001
1991-04-03 00:00:00,5.508343,0.00001
1991-04-04 00:00:00,5.391956,0.00001
1991-04-05 00:00:00,5.449612,0.00001
1991-04-06 00:00:00,5.353349,0.00001
1991-04-07 00:00:00,5.3686,0.00001
1991-04-08 00:00:00,5.294974,0.00001
1991-04-09 00:00:00,5.18544,0.00001
1991-04-10 00:00:00,5.058676,0.00001
1991-04-11 00:00:00,4.882894,0.00001
1991-04-12 00:00:00,4.686603,0.00001
1991-04-13 00:00:00,4.587272,0.00001
1991-04-14 00:00:00,4.484176,0.00001
1991-04-15 00:00:00,4.504076,0.00001
1991-04-16 00:00:00,4.735675,0.00001
1991-04-17 00:00:00,4.658419,0.00001
1991-04-18 00:00:00,4.54548,0.00001
1991-04-19 00:00:00,4.486576,0.00001
1991-04-20 00:00:00,4.673046,0.00001
1991-04-21 00:00:00,5.083296,0.00001
1991-04-22 00:00:00,4.947041,0.00001
1991-04-23 00:00:00,4.896256,0.00001
1991-04-24 00:00:00,4.817235,0.00001
1991-04-25 00:00:00,4.700686,0.00001
1991-04-26 00:00:00,4.64061,0.00001
1991-04-27 00:00:00,4.585885,0.00001
1991-04-28 00:00:00,4.449428,0.00001
1991-04-29 00:00:00,4.492782,0.00001
1991-04-30 00:00:00,5.217582,0.00001
1991-05-01 00:00:00,5.345901,0.00001
1991-05-02 00:00:00,5.278664,0.00001
1991-05-03 00:00:00,5.147316,0.00001
1991-05-04 00:00:00,5.071081,0.00001
1991-05-05 00:00:00,5.048677,0.00001
1991-05-06 00:00:00,5.052353,0.00001
1991-05-07 00:00:00,4.993028,0.00001
1991-05-08 00:00:00,4.957668,0.00001
1991-05-09 00:00:00,5.202926,0.00001
1991-05-10 00:00:00,5.79186,0.00001
1991-05-11 00:00:00,6.770091,0.00001
1991-05-12 00:00:00,6.914973,0.00001
1991-05-13 00:00:00,6.924896,0.00001
1991-05-14 00:00:00,6.889763,0.00001
1991-05-15 00:00:00,7.138749,0.00001
1991-05-16 00:00:00,7.314558,0.00001
1991-05-17 00:00:00,7.249797,0.00001
1991-05-18 00:00:00,7.0789,0.00001
1991-05-19 00:00:00,6.846428,0.00001
1991-05-20 00:00:00,6.78577,0.00001
1991-05-21 00:00:00,7.251432,0.00001
1991-05-22 00:00:00,7.115616,0.00001
1991-05-23 00:00:00,6.960162,0.00001
1991-05-24 00:00:00,7.286732,0.00001
1991-05-25 00:00:00,7.317402,0.00001
1991-05-26 00:00:00,7.359774,0.00001
1991-05-27 00:00:00,7.354762,0.00001
1991-05-28 00:00:00,7.513867,0.00001
1991-05-29 00:00:00,8.121446,0.00001
1991-05-30 00:00:00,7.815395,0.00001
1991-05-31 00:00:00,7.489911,0.00001
1991-06-01 00:00:00,7.445027,0.00001
1991-06-02 00:00:00,8.16501,0.00001
1991-06-03 00:00:00,8.625355,0.00001
1991-06-04 00:00:00,8.60374,0.00001
1991-06-05 00:00:00,8.656007,0.00001
1991-06-06 00:00:00,8.791809,0.00001
1991-06-07 00:00:00,10.643531,0.00001
1991-06-08 00:00:00,12.552571,0.00001
1991-06-09 00:00:00,13.072312,0.00001
1991-06-10 00:00:00,13.503838,0.00001
1991-06-11 00:00:00,13.76227,0.00001
1991-06-12 00:00:00,13.778512,0.00001
1991-06-13 00:00:00,13.580782,0.00001
1991-06-14 00:00:00,13.239387,0.00001
1991-06-15 00:00:00,12.887085,0.00001
1991-06-16 00:00:00,12.555795,0.00001
1991-06-17 00:00:00,14.707557,0.00001
1991-06-18 00:00:00,23.365619,0.00001
1991-06-19 00:00:00,27.834185,0.00001
1991-06-20 00:00:00,29.93125,0.00001
1991-06-21 00:00:00,30.658636,0.00001
1991-06-22 00:00:00,30.987731,0.00001
1991-06-23 00:00:00,31.173879,0.00001
1991-06-24 00:00:00,31.490051,0.00001
1991-06-25 00:00:00,30.946606,0.00001
1991-06-26 00:00:00,30.179176,0.00001
1991-06-27 00:00:00,29.313413,0.00001
1991-06-28 00:00:00,28.306936,0.00001
1991-06-29 00:00:00,27.232988,0.00001
1991-06-30 00:00:00,26.758695,0.00001
1991-07-01 00:00:00,26.179403,0.00001
1991-07-02 00:00:00,25.123134,0.00001
1991-07-03 00:00:00,24.517794,0.00001
1991-07-04 00:00:00,23.36118,0.00001
1991-07-05 00:00:00,22.211007,0.00001
1991-07-06 00:00:00,21.043839,0.00001
1991-07-07 00:00:00,20.025118,0.00001
1991-07-08 00:00:00,19.081041,0.00001
1991-07-09 00:00:00,18.302504,0.00001
1991-07-10 00:00:00,17.618361,0.00001
1991-07-11 00:00:00,16.765437,0.00001
1991-07-12 00:00:00,16.125981,0.00001
1991-07-13 00:00:00,16.006869,0.00001
1991-07-14 00:00:00,15.384328,0.00001
1991-07-15 00:00:00,14.72709,0.00001
1991-07-16 00:00:00,14.059194,0.00001
1991-07-17 00:00:00,13.239343,0.00001
1991-07-18 00:00:00,13.547805,0.00001
1991-07-19 00:00:00,16.876319,0.00001
1991-07-20 00:00:00,16.681529,0.00001
1991-07-21 00:00:00,16.149597,0.00001
1991-07-22 00:00:00,15.757079,0.00001
1991-07-23 00:00:00,15.492946,0.00001
1991-07-24 00:00:00,15.120391,0.00001
1991-07-25 00:00:00,14.704832,0.00001
1991-07-26 00:00:00,14.150573,0.00001
1991-07-27 00:00:00,13.496244,0.00001
1991-07-28 00:00:00,12.965632,0.00001
1991-07-29 00:00:00,12.77305,0.00001
1991-07-30 00:00:00,12.522234,0.00001
1991-07-31 00:00:00,12.020821,0.00001
1991-08-01 00:00:00,11.613951,0.00001
1991-08-02 00:00:00,11.138018,0.00001
1991-08-03 00:00:00,10.683276,0.00001
1991-08-04 00:00:00,10.186124,0.00001
1991-08-05 00:00:00,9.877282,0.00001
1991-08-06 00:00:00,10.478966,0.00001
1991-08-07 00:00:00,11.546465,0.00001
1991-08-08 00:00:00,11.236629,0.00001
1991-08-09 00:00:00,10.804896,0.00001
1991-08-10 00:00:00,10.421531,0.00001
1991-08-11 00:00:00,10.104942,0.00001
1991-08-12 00:00:00,9.757231,0.00001
1991-08-13 00:00:00,9.349462,0.00001
1991-08-14 00:00:00,8.981885,0.00001
1991-08-15 00:00:00,8.598293,0.00001
1991-08-16 00:00:00,8.24373,0.00001
1991-08-17 00:00:00,7.886017,0.00001
1991-08-18 00:00:00,7.590436,0.00001
1991-08-19 00:00:00,7.381693,0.00001
1991-08-20 00:00:00,7.49271,0.00001
1991-08-21 00:00:00,7.40169,0.00001
1991-08-22 00:00:00,7.154416,0.00001
1991-08-23 00:00:00,6.861802,0.00001
1991-08-24 00:00:00,6.537145,0.00001
1991-08-25 00:00:00,6.213416,0.00001
1991-08-26 00:00:00,5.909682,0.00001
1991-08-27 00:00:00,5.649311,0.00001
1991-08-28 00:00:00,5.411413,0.00001
1991-08-29 00:00:00,5.169379,0.00001
1991-08-30 00:00:00,4.92547,0.00001
1991-08-31 00:00:00,4.672215,0.00001
1991-09-01 00:00:00,4.427305,0.00001
1991-09-02 00:00:00,4.182806,0.00001
1991-09-03 00:00:00,3.939876,0.00001
1991-09-04 00:00:00,3.703527,0.00001
1991-09-05 00:00:00,3.471044,0.00001
1991-09-06 00:00:00,3.259259,0.00001
1991-09-07 00:00:00,3.069105,0.00001
1991-09-08 00:00:00,2.912675,0.00001
1991-09-09 00:00:00,2.92504,0.00001
1991-09-10 00:00:00,2.756286,0.00001
1991-09-11 00:00:00,2.570268,0.00001
1991-09-12 00:00:00,2.418809,0.00001
1991-09-13 00:00:00,2.306132,0.00001
1991-09-14 00:00:00,2.187159,0.00001
1991-09-15 00:00:00,2.118575,0.00001
1991-09-16 00:00:00,2.029629,0.00001
1991-09-17 00:00:00,1.937876,0.00001
1991-09-18 00:00:00,1.831548,0.00001
1991-09-19 00:00:00,1.691367,0.00001
1991-09-20 00:00:00,1.564147,0.00001
1991-09-21 00:00:00,1.627199,0.00001
1991-09-22 00:00:00,1.479061,0.00001
1991-09-23 00:00:00,1.35526,0.00001
1991-09-24 00:00:00,1.373278,0.00001
1991-09-25 00:00:00,1.302608,0.00001
1991-09-26 00:00:00,1.32194,0.00001
1991-09-27 00:00:00,1.688659,0.00001
1991-09-28 00:00:00,1.63238,0.00001
1991-09-29 00:00:00,1.557181,0.00001
1991-09-30 00:00:00,1.44421,0.00001
1991-10-01 00:00:00,1.314746,0.00001
1991-10-02 00:00:00,1.197823,0.00001
1991-10-03 00:00:00,1.125188,0.00001
1991-10-04 00:00:00,1.052358,0.00001
1991-10-05 00:00:00,1.003589,0.00001
1991-10-06 00:00:00,0.914734,0.00001
1991-10-07 00:00:00,0.884825,0.00001
1991-10-08 00:00:00,0.930691,0.00001
1991-10-09 00:00:00,0.885552,0.00001
1991-10-10 00:00:00,0.882282,0.00001
1991-10-11 00:00:00,0.86905,0.00001
1991-10-12 00:00:00,0.843125,0.00001
1991-10-13 00:00:00,0.81551,0.00001
1991-10-14 00:00:00,0.787448,0.00001
1991-10-15 00:00:00,0.76901,0.00001
1991-10-16 00:00:00,0.757491,0.00001
1991-10-17 00:00:00,0.80903,0.00001
1991-10-18 00:00:00,0.89229,0.00001
1991-10-19 00:00:00,0.870546,0.00001
1991-10-20 00:00:00,0.858748,0.00001
1991-10-21 00:00:00,0.839666,0.00001
1991-10-22 00:00:00,0.868161,0.00001
1991-10-23 00:00:00,0.930187,0.00001
1991-10-24 00:00:00,1.172966,0.00001
1991-10-25 00:00:00,1.172253,0.00001
1991-10-26 00:00:00,1.132396,0.00001
1991-10-27 00:00:00,1.089406,0.00001
1991-10-28 00:00:00,1.045466,0.00001
1991-10-29 00:00:00,1.005597,0.00001
1991-10-30 00:00:00,1.872703,0.00001
1991-10-31 00:00:00,2.277558,0.00001
1991-11-01 00:00:00,2.385928,0.00001
1991-11-02 00:00:00,2.414829,0.00001
1991-11-03 00:00:00,2.459107,0.00001
1991-11-04 00:00:00,2.456065,0.00001
1991-11-05 00:00:00,2.543974,0.00001
1991-11-06 00:00:00,2.588536,0.00001
1991-11-07 00:00:00,2.656537,0.00001
1991-11-08 00:00:00,2.669816,0.00001
1991-11-09 00:00:00,2.660371,0.00001
1991-11-10 00:00:00,2.670417,0.00001
1991-11-11 00:00:00,2.68662,0.00001
1991-11-12 00:00:00,2.678423,0.00001
1991-11-13 00:00:00,2.675591,0.00001
1991-11-14 00:00:00,2.690326,0.00001
1991-11-15 00:00:00,2.702337,0.00001
1991-11-16 00:00:00,2.730616,0.00001
1991-11-17 00:00:00,2.800567,0.00001
1991-11-18 00:00:00,2.862563,0.00001
1991-11-19 00:00:00,2.841233,0.00001
1991-11-20 00:00:00,2.837449,0.00001
1991-11-21 00:00:00,2.979332,0.00001
1991-11-22 00:00:00,2.993596,0.00001
1991-11-23 00:00:00,3.030967,0.00001
1991-11-24 00:00:00,3.084632,0.00001
1991-11-25 00:00:00,3.101999,0.00001
1991-11-26 00:00:00,3.070663,0.00001
1991-11-27 00:00:00,3.049535,0.00001
1991-11-28 00:00:00,3.108725,0.00001
1991-11-29 00:00:00,3.06981,0.00001
1991-11-30 00:00:00,3.101585,0.00001
1991-12-01 00:00:00,3.334283,0.00001
1991-12-02 00:00:00,3.421075,0.00001
1991-12-03 00:00:00,3.424643,0.00001
1991-12-04 00:00:00,3.436891,0.00001
1991-12-05 00:00:00,3.573939,0.00001
1991-12-06 00:00:00,3.600746,0.00001
1991-12-07 00:00:00,3.605795,0.00001
1991-12-08 00:00:00,3.568708,0.00001
1991-12-09 00:00:00,3.543452,0.00001
1991-12-10 00:00:00,3.541091,0.00001
1991-12-11 00:00:00,3.497422,0.00001
1991-12-12 00:00:00,3.457184,0.00001
1991-12-13 00:00:00,3.441615,0.00001
1991-12-14 00:00:00,3.415427,0.00001
1991-12-15 00:00:00,3.426888,0.00001
1991-12-16 00:00:00,3.718862,0.00001
1991-12-17 00:00:00,3.7815,0.00001
1991-12-18 00:00:00,3.807697,0.00001
1991-12-19 00:00:00,3.831211,0.00001
1991-12-20 00:00:00,3.852934,0.00001
1991-12-21 00:00:00,3.859115,0.00001
1991-12-22 00:00:00,3.856293,0.00001
1991-12-23 00:00:00,3.903845,0.00001
1991-12-24 00:00:00,3.999854,0.00001
1991-12-25 00:00:00,4.013467,0.00001
1991-12-26 00:00:00,4.235336,0.00001
1991-12-27 00:00:00,4.206845,0.00001
1991-12-28 00:00:00,4.199053,0.00001
1991-12-29 00:00:00,4.148778,0.00001
1991-12-30 00:00:00,4.109471,0.00001
1991-12-31 00:00:00,4.072999,0.00001
1992-01-01 00:00:00,4.034199,0.00001
1992-01-02 00:00:00,3.98684,0.00001
1992-01-03 00:00:00,3.872164,0.00001
1992-01-04 00:00:00,3.938672,0.00001
1992-01-05 00:00:00,4.381745,0.00001
1992-01-06 00:00:00,4.694543,0.00001
1992-01-07 00:00:00,4.787879,0.00001
1992-01-08 00:00:00,4.875873,0.00001
1992-01-09 00:00:00,4.956207,0.00001
1992-01-10 00:00:00,5.093976,0.00001
1992-01-11 00:00:00,5.140199,0.00001
1992-01-12 00:00:00,5.114151,0.00001
1992-01-13 00:00:00,5.100363,0.00001
1992-01-14 00:00:00,5.078067,0.00001
1992-01-15 00:00:00,5.114318,0.00001
1992-01-16 00:00:00,5.172247,0.00001
1992-01-17 00:00:00,5.111625,0.00001
1992-01-18 00:00:00,5.07569,0.00001
1992-01-19 00:00:00,5.037959,0.00001
1992-01-20 00:00:00,4.990969,0.00001
1992-01-21 00:00:00,4.939273,0.00001
1992-01-22 00:00:00,4.786907,0.00001
1992-01-23 00:00:00,4.955117,0.00001
1992-01-24 00:00:00,5.184235,0.00001
1992-01-25 00:00:00,5.296497,0.00001
1992-01-26 00:00:00,5.308595,0.00001
1992-01-27 00:00:00,5.360101,0.00001
1992-01-28 00:00:00,5.331189,0.00001
1992-01-29 00:00:00,5.289286,0.00001
1992-01-30 00:00:00,5.244914,0.00001
1992-01-31 00:00:00,5.198705,0.00001
1992-02-01 00:00:00,5.110987,0.00001
1992-02-02 00:00:00,5.090452,0.00001
1992-02-03 00:00:00,5.042333,0.00001
1992-02-04 00:00:00,5.258866,0.00001
1992-02-05 00:00:00,5.444764,0.00001
1992-02-06 00:00:00,5.321815,0.00001
1992-02-07 00:00:00,5.231784,0.00001
1992-02-08 00:00:00,5.160615,0.00001
1992-02-09 00:00:00,5.073635,0.00001
1992-02-10 00:00:00,4.988633,0.00001
1992-02-11 00:00:00,4.930131,0.00001
1992-02-12 00:00:00,4.91723,0.00001
1992-02-13 00:00:00,4.859265,0.00001
1992-02-14 00:00:00,4.783298,0.00001
1992-02-15 00:00:00,4.710955,0.00001
1992-02-16 00:00:00,4.700608,0.00001
1992-02-17 00:00:00,4.651962,0.00001
1992-02-18 00:00:00,4.53943,0.00001
1992-02-19 00:00:00,4.353093,0.00001
1992-02-20 00:00:00,4.577138,0.00001
1992-02-21 00:00:00,4.807588,0.00001
1992-02-22 00:00:00,5.773635,0.00001
1992-02-23 00:00:00,6.031702,0.00001
1992-02-24 00:00:00,6.168957,0.00001
1992-02-25 00:00:00,6.233321,0.00001
1992-02-26 00:00:00,6.266379,0.00001
1992-02-27 00:00:00,6.503495,0.00001
1992-02-28 00:00:00,6.669405,0.00001
1992-02-29 00:00:00,6.636425,0.00001
1992-03-01 00:00:00,6.772325,0.00001
1992-03-02 00:00:00,7.038213,0.00001
1992-03-03 00:00:00,7.171723,0.00001
1992-03-04 00:00:00,7.232894,0.00001
1992-03-05 00:00:00,7.311706,0.00001
1992-03-06 00:00:00,7.336111,0.00001
1992-03-07 00:00:00,7.320056,0.00001
1992-03-08 00:00:00,7.29307,0.00001
1992-03-09 00:00:00,7.911561,0.00001
1992-03-10 00:00:00,7.969322,0.00001
1992-03-11 00:00:00,7.936873,0.00001
1992-03-12 00:00:00,7.969882,0.00001
1992-03-13 00:00:00,8.401927,0.00001
1992-03-14 00:00:00,8.294402,0.00001
1992-03-15 00:00:00,8.26491,0.00001
1992-03-16 00:00:00,8.202324,0.00001
1992-03-17 00:00:00,7.995147,0.00001
1992-03-18 00:00:00,8.173562,0.00001
1992-03-19 00:00:00,8.072012,0.00001
1992-03-20 00:00:00,8.044664,0.00001
1992-03-21 00:00:00,8.044154,0.00001
1992-03-22 00:00:00,8.007854,0.00001
1992-03-23 00:00:00,8.039435,0.00001
1992-03-24 00:00:00,8.1502,0.00001
1992-03-25 00:00:00,8.466794,0.00001
1992-03-26 00:00:00,8.401217,0.00001
1992-03-27 00:00:00,8.237021,0.00001
1992-03-28 00:00:00,8.298173,0.00001
1992-03-29 00:00:00,8.300555,0.00001
1992-03-30 00:00:00,8.277686,0.00001
1992-03-31 00:00:00,8.161504,0.00001
1992-04-01 00:00:00,7.964354,0.00001
1992-04-02 00:00:00,7.768379,0.00001
1992-04-03 00:00:00,7.600279,0.00001
1992-04-04 00:00:00,7.476457,0.00001
1992-04-05 00:00:00,7.629074,0.00001
1992-04-06 00:00:00,7.593336,0.00001
1992-04-07 00:00:00,7.446818,0.00001
1992-04-08 00:00:00,7.331039,0.00001
1992-04-09 00:00:00,7.172946,0.00001
1992-04-10 00:00:00,7.081966,0.00001
1992-04-11 00:00:00,7.381431,0.00001
1992-04-12 00:00:00,7.664202,0.00001
1992-04-13 00:00:00,7.487184,0.00001
1992-04-14 00:00:00,7.315648,0.00001
1992-04-15 00:00:00,7.095714,0.00001
1992-04-16 00:00:00,6.947081,0.00001
1992-04-17 00:00:00,6.840126,0.00001
1992-04-18 00:00:00,6.718077,0.00001
1992-04-19 00:00:00,6.880846,0.00001
1992-04-20 00:00:00,6.789411,0.00001
1992-04-21 00:00:00,6.704491,0.00001
1992-04-22 00:00:00,6.5325,0.00001
1992-04-23 00:00:00,6.402607,0.00001
1992-04-24 00:00:00,6.317745,0.00001
1992-04-25 00:00:00,6.063894,0.00001
1992-04-26 00:00:00,5.836079,0.00001
1992-04-27 00:00:00,5.678348,0.00001
1992-04-28 00:00:00,5.438147,0.00001
1992-04-29 00:00:00,5.214338,0.00001
1992-04-30 00:00:00,6.07899,0.00001
1992-05-01 00:00:00,6.839742,0.00001
1992-05-02 00:00:00,7.608043,0.00001
1992-05-03 00:00:00,7.738632,0.00001
1992-05-04 00:00:00,7.641496,0.00001
1992-05-05 00:00:00,7.609969,0.00001
1992-05-06 00:00:00,7.453306,0.00001
1992-05-07 00:00:00,7.770713,0.00001
1992-05-08 00:00:00,7.919051,0.00001
1992-05-09 00:00:00,7.870095,0.00001
1992-05-10 00:00:00,7.684687,0.00001
1992-05-11 00:00:00,7.532888,0.00001
1992-05-12 00:00:00,7.430405,0.00001
1992-05-13 00:00:00,7.319476,0.00001
1992-05-14 00:00:00,7.373676,0.00001
1992-05-15 00:00:00,7.336189,0.00001
1992-05-16 00:00:00,7.20186,0.00001
1992-05-17 00:00:00,6.965695,0.00001
1992-05-18 00:00:00,6.957328,0.00001
1992-05-19 00:00:00,6.775545,0.00001
1992-05-20 00:00:00,6.608155,0.00001
1992-05-21 00:00:00,6.401328,0.00001
1992-05-22 00:00:00,6.172477,0.00001
1992-05-23 00:00:00,5.944659,0.00001
1992-05-24 00:00:00,6.015083,0.00001
1992-05-25 00:00:00,5.981129,0.00001
1992-05-26 00:00:00,5.779825,0.00001
1992-05-27 00:00:00,5.551469,0.00001
1992-05-28 00:00:00,5.672774,0.00001
1992-05-29 00:00:00,6.074966,0.00001
1992-05-30 00:00:00,6.033961,0.00001
1992-05-31 00:00:00,5.790408,0.00001
1992-06-01 00:00:00,5.507713,0.00001
1992-06-02 00:00:00,5.256409,0.00001
1992-06-03 00:00:00,5.053738,0.00001
1992-06-04 00:00:00,4.821572,0.00001
1992-06-05 00:00:00,4.866986,0.00001
1992-06-06 00:00:00,4.890947,0.00001
1992-06-07 00:00:00,5.330941,0.00001
1992-06-08 00:00:00,5.245846,0.00001
1992-06-09 00:00:00,5.001935,0.00001
1992-06-10 00:00:00,4.718731,0.00001
1992-06-11 00:00:00,4.566849,0.00001
1992-06-12 00:00:00,4.382726,0.00001
1992-06-13 00:00:00,4.14573,0.00001
1992-06-14 00:00:00,3.936127,0.00001
1992-06-15 00:00:00,5.107228,0.00001
1992-06-16 00:00:00,6.071341,0.00001
1992-06-17 00:00:00,6.1201,0.00001
1992-06-18 00:00:00,6.051023,0.00001
1992-06-19 00:00:00,5.909533,0.00001
1992-06-20 00:00:00,5.941673,0.00001
1992-06-21 00:00:00,7.490736,0.00001
1992-06-22 00:00:00,7.595361,0.00001
1992-06-23 00:00:00,7.701251,0.00001
1992-06-24 00:00:00,7.849337,0.00001
1992-06-25 00:00:00,8.078546,0.00001
1992-06-26 00:00:00,7.903178,0.00001
1992-06-27 00:00:00,7.693259,0.00001
1992-06-28 00:00:00,7.545395,0.00001
1992-06-29 00:00:00,7.678158,0.00001
1992-06-30 00:00:00,7.876597,0.00001
1992-07-01 00:00:00,7.685088,0.00001
1992-07-02 00:00:00,7.702672,0.00001
1992-07-03 00:00:00,7.594525,0.00001
1992-07-04 00:00:00,7.566477,0.00001
1992-07-05 00:00:00,7.578263,0.00001
1992-07-06 00:00:00,8.110413,0.00001
1992-07-07 00:00:00,8.136115,0.00001
1992-07-08 00:00:00,10.047486,0.00001
1992-07-09 00:00:00,10.233631,0.00001
1992-07-10 00:00:00,10.151158,0.00001
1992-07-11 00:00:00,10.001341,0.00001
1992-07-12 00:00:00,9.839005,0.00001
1992-07-13 00:00:00,9.601565,0.00001
1992-07-14 00:00:00,9.53657,0.00001
1992-07-15 00:00:00,9.219466,0.00001
1992-07-16 00:00:00,9.024946,0.00001
1992-07-17 00:00:00,9.62038,0.00001
1992-07-18 00:00:00,9.720093,0.00001
1992-07-19 00:00:00,9.734669,0.00001
1992-07-20 00:00:00,9.738699,0.00001
1992-07-21 00:00:00,10.741051,0.00001
1992-07-22 00:00:00,10.872013,0.00001
1992-07-23 00:00:00,11.182965,0.00001
1992-07-24 00:00:00,11.10347,0.00001
1992-07-25 00:00:00,11.388036,0.00001
1992-07-26 00:00:00,11.648375,0.00001
1992-07-27 00:00:00,12.644634,0.00001
1992-07-28 00:00:00,12.408634,0.00001
1992-07-29 00:00:00,12.265323,0.00001
1992-07-30 00:00:00,12.018004,0.00001
1992-07-31 00:00:00,11.69226,0.00001
1992-08-01 00:00:00,11.553164,0.00001
1992-08-02 00:00:00,11.14994,0.00001
1992-08-03 00:00:00,11.453406,0.00001
1992-08-04 00:00:00,11.489041,0.00001
1992-08-05 00:00:00,11.188463,0.00001
1992-08-06 00:00:00,10.845729,0.00001
1992-08-07 00:00:00,10.444561,0.00001
1992-08-08 00:00:00,10.025879,0.00001
1992-08-09 00:00:00,9.732874,0.00001
1992-08-10 00:00:00,9.453862,0.00001
1992-08-11 00:00:00,9.523406,0.00001
1992-08-12 00:00:00,10.345663,0.00001
1992-08-13 00:00:00,10.187941,0.00001
1992-08-14 00:00:00,10.040095,0.00001
1992-08-15 00:00:00,10.163128,0.00001
1992-08-16 00:00:00,9.904662,0.00001
1992-08-17 00:00:00,10.055844,0.00001
1992-08-18 00:00:00,9.926311,0.00001
1992-08-19 00:00:00,9.795721,0.00001
1992-08-20 00:00:00,9.609681,0.00001
1992-08-21 00:00:00,9.391917,0.00001
1992-08-22 00:00:00,9.065208,0.00001
1992-08-23 00:00:00,8.826187,0.00001
1992-08-24 00:00:00,8.523636,0.00001
1992-08-25 00:00:00,8.222618,0.00001
1992-08-26 00:00:00,7.904113,0.00001
1992-08-27 00:00:00,7.615048,0.00001
1992-08-28 00:00:00,7.324378,0.00001
1992-08-29 00:00:00,7.077664,0.00001
1992-08-30 00:00:00,7.148242,0.00001
1992-08-31 00:00:00,6.84794,0.00001
1992-09-01 00:00:00,6.53399,0.00001
1992-09-02 00:00:00,6.259689,0.00001
1992-09-03 00:00:00,6.022519,0.00001
1992-09-04 00:00:00,5.773221,0.00001
1992-09-05 00:00:00,5.593942,0.00001
1992-09-06 00:00:00,5.317816,0.00001
1992-09-07 00:00:00,5.163783,0.00001
1992-09-08 00:00:00,5.097212,0.00001
1992-09-09 00:00:00,4.983524,0.00001
1992-09-10 00:00:00,4.759422,0.00001
1992-09-11 00:00:00,4.52437,0.00001
1992-09-12 00:00:00,4.315353,0.00001
1992-09-13 00:00:00,4.141822,0.00001
1992-09-14 00:00:00,3.925589,0.00001
1992-09-15 00:00:00,3.755418,0.00001
1992-09-16 00:00:00,3.806545,0.00001
1992-09-17 00:00:00,3.931351,0.00001
1992-09-18 00:00:00,3.73564,0.00001
1992-09-19 00:00:00,3.739687,0.00001
1992-09-20 00:00:00,3.614791,0.00001
1992-09-21 00:00:00,3.48097,0.00001
1992-09-22 00:00:00,3.54871,0.00001
1992-09-23 00:00:00,3.500066,0.00001
1992-09-24 00:00:00,3.344012,0.00001
1992-09-25 00:00:00,3.173691,0.00001
1992-09-26 00:00:00,3.019656,0.00001
1992-09-27 00:00:00,2.87924,0.00001
1992-09-28 00:00:00,2.78813,0.00001
1992-09-29 00:00:00,2.63945,0.00001
1992-09-30 00:00:00,2.519102,0.00001
1992-10-01 00:00:00,2.408964,0.00001
1992-10-02 00:00:00,2.280686,0.00001
1992-10-03 00:00:00,2.13072,0.00001
1992-10-04 00:00:00,1.976655,0.00001
1992-10-05 00:00:00,1.844718,0.00001
1992-10-06 00:00:00,1.710814,0.00001
1992-10-07 00:00:00,1.616584,0.00001
1992-10-08 00:00:00,1.54012,0.00001
1992-10-09 00:00:00,1.48964,0.00001
1992-10-10 00:00:00,1.403732,0.00001
1992-10-11 00:00:00,1.434705,0.00001
1992-10-12 00:00:00,1.440298,0.00001
1992-10-13 00:00:00,1.626296,0.00001
1992-10-14 00:00:00,1.589011,0.00001
1992-10-15 00:00:00,1.520137,0.00001
1992-10-16 00:00:00,1.464089,0.00001
1992-10-17 00:00:00,1.396599,0.00001
1992-10-18 00:00:00,1.31946,0.00001
1992-10-19 00:00:00,1.286818,0.00001
1992-10-20 00:00:00,1.229606,0.00001
1992-10-21 00:00:00,1.177081,0.00001
1992-10-22 00:00:00,1.163338,0.00001
1992-10-23 00:00:00,1.22468,0.00001
1992-10-24 00:00:00,1.248927,0.00001
1992-10-25 00:00:00,1.255539,0.00001
1992-10-26 00:00:00,1.380331,0.00001
1992-10-27 00:00:00,1.425491,0.00001
1992-10-28 00:00:00,1.422097,0.00001
1992-10-29 00:00:00,1.363473,0.00001
1992-10-30 00:00:00,1.355495,0.00001
1992-10-31 00:00:00,1.383588,0.00001
1992-11-01 00:00:00,1.505417,0.00001
1992-11-02 00:00:00,1.54571,0.00001
1992-11-03 00:00:00,1.558392,0.00001
1992-11-04 00:00:00,1.592259,0.00001
1992-11-05 00:00:00,1.685647,0.00001
1992-11-06 00:00:00,1.79275,0.00001
1992-11-07 00:00:00,1.76928,0.00001
1992-11-08 00:00:00,1.737545,0.00001
1992-11-09 00:00:00,1.751028,0.00001
1992-11-10 00:00:00,1.738971,0.00001
1992-11-11 00:00:00,1.715759,0.00001
1992-11-12 00:00:00,1.692516,0.00001
1992-11-13 00:00:00,1.67718,0.00001
1992-11-14 00:00:00,1.75922,0.00001
1992-11-15 00:00:00,1.815463,0.00001
1992-11-16 00:00:00,1.771968,0.00001
1992-11-17 00:00:00,1.739707,0.00001
1992-11-18 00:00:00,1.728881,0.00001
1992-11-19 00:00:00,1.775702,0.00001
1992-11-20 00:00:00,1.759705,0.00001
1992-11-21 00:00:00,1.781183,0.00001
1992-11-22 00:00:00,1.7671,0.00001
1992-11-23 00:00:00,1.753733,0.00001
1992-11-24 00:00:00,1.726685,0.00001
1992-11-25 00:00:00,1.701286,0.00001
1992-11-26 00:00:00,1.669814,0.00001
1992-11-27 00:00:00,1.66546,0.00001
1992-11-28 00:00:00,1.659302,0.00001
1992-11-29 00:00:00,1.769728,0.00001
1992-11-30 00:00:00,1.788432,0.00001
1992-12-01 00:00:00,1.775362,0.00001
1992-12-02 00:00:00,1.834518,0.00001
1992-12-03 00:00:00,2.050268,0.00001
1992-12-04 00:00:00,2.128198,0.00001
1992-12-05 00:00:00,2.152161,0.00001
1992-12-06 00:00:00,2.160532,0.00001
1992-12-07 00:00:00,2.157508,0.00001
1992-12-08 00:00:00,2.198385,0.00001
1992-12-09 00:00:00,2.266071,0.00001
1992-12-10 00:00:00,2.268181,0.00001
1992-12-11 00:00:00,2.307685,0.00001
1992-12-12 00:00:00,2.298969,0.00001
1992-12-13 00:00:00,2.290306,0.00001
1992-12-14 00:00:00,2.275854,0.00001
1992-12-15 00:00:00,2.249165,0.00001
1992-12-16 00:00:00,2.244652,0.00001
1992-12-17 00:00:00,2.230623,0.00001
1992-12-18 00:00:00,2.223947,0.00001
1992-12-19 00:00:00,2.217289,0.00001
1992-12-20 00:00:00,2.218132,0.00001
1992-12-21 00:00:00,2.2367,0.00001
1992-12-22 00:00:00,2.279083,0.00001
1992-12-23 00:00:00,2.270412,0.00001
1992-12-24 00:00:00,2.436576,0.00001
1992-12-25 00:00:00,2.376293,0.00001
1992-12-26 00:00:00,2.350952,0.00001
1992-12-27 00:00:00,2.32417,0.00001
1992-12-28 00:00:00,2.306231,0.00001
1992-12-29 00:00:00,2.288177,0.00001
1992-12-30 00:00:00,2.286344,0.00001
1992-12-31 00:00:00,2.354305,0.00001
1993-01-01 00:00:00,2.410691,0.00001
1993-01-02 00:00:00,2.2108,0.00001
1993-01-03 00:00:00,2.481858,0.00001
1993-01-04 00:00:00,2.719522,0.00001
1993-01-05 00:00:00,2.973827,0.00001
1993-01-06 00:00:00,3.211769,0.00001
1993-01-07 00:00:00,3.342651,0.00001
1993-01-08 00:00:00,3.663513,0.00001
1993-01-09 00:00:00,3.774269,0.00001
1993-01-10 00:00:00,3.773371,0.00001
1993-01-11 00:00:00,3.795294,0.00001
1993-01-12 00:00:00,3.803948,0.00001
1993-01-13 00:00:00,3.852939,0.00001
1993-01-14 00:00:00,4.094209,0.00001
1993-01-15 00:00:00,3.982659,0.00001
1993-01-16 00:00:00,3.961038,0.00001
1993-01-17 00:00:00,3.933559,0.00001
1993-01-18 00:00:00,3.9098,0.00001
1993-01-19 00:00:00,3.897052,0.00001
1993-01-20 00:00:00,3.977879,0.00001
1993-01-21 00:00:00,4.103338,0.00001
1993-01-22 00:00:00,4.10514,0.00001
1993-01-23 00:00:00,4.088244,0.00001
1993-01-24 00:00:00,4.062092,0.00001
1993-01-25 00:00:00,4.045371,0.00001
1993-01-26 00:00:00,3.999957,0.00001
1993-01-27 00:00:00,3.943347,0.00001
1993-01-28 00:00:00,3.908423,0.00001
1993-01-29 00:00:00,3.863002,0.00001
1993-01-30 00:00:00,3.810792,0.00001
1993-01-31 00:00:00,3.752115,0.00001
1993-02-01 00:00:00,3.785401,0.00001
1993-02-02 00:00:00,3.923666,0.00001
1993-02-03 00:00:00,3.929909,0.00001
1993-02-04 00:00:00,3.910151,0.00001
1993-02-05 00:00:00,3.888232,0.00001
1993-02-06 00:00:00,3.859513,0.00001
1993-02-07 00:00:00,3.828932,0.00001
1993-02-08 00:00:00,3.792421,0.00001
1993-02-09 00:00:00,3.766084,0.00001
1993-02-10 00:00:00,3.885248,0.00001
1993-02-11 00:00:00,4.181979,0.00001
1993-02-12 00:00:00,4.367933,0.00001
1993-02-13 00:00:00,4.38842,0.00001
1993-02-14 00:00:00,4.394456,0.00001
1993-02-15 00:00:00,4.442817,0.00001
1993-02-16 00:00:00,4.737303,0.00001
1993-02-17 00:00:00,5.033173,0.00001
1993-02-18 00:00:00,5.123998,0.00001
1993-02-19 00:00:00,5.199165,0.00001
1993-02-20 00:00:00,5.23565,0.00001
1993-02-21 00:00:00,5.261565,0.00001
1993-02-22 00:00:00,5.237371,0.00001
1993-02-23 00:00:00,5.283352,0.00001
1993-02-24 00:00:00,5.31412,0.00001
1993-02-25 00:00:00,5.262577,0.00001
1993-02-26 00:00:00,5.458469,0.00001
1993-02-27 00:00:00,5.95821,0.00001
1993-02-28 00:00:00,6.057211,0.00001
1993-03-01 00:00:00,6.124186,0.00001
1993-03-02 00:00:00,6.211979,0.00001
1993-03-03 00:00:00,6.310073,0.00001
1993-03-04 00:00:00,6.317328,0.00001
1993-03-05 00:00:00,6.352821,0.00001
1993-03-06 00:00:00,6.355354,0.00001
1993-03-07 00:00:00,6.590733,0.00001
1993-03-08 00:00:00,7.400401,0.00001
1993-03-09 00:00:00,7.542817,0.00001
1993-03-10 00:00:00,7.552294,0.00001
1993-03-11 00:00:00,7.542949,0.00001
1993-03-12 00:00:00,7.520012,0.00001
1993-03-13 00:00:00,7.512621,0.00001
1993-03-14 00:00:00,7.438988,0.00001
1993-03-15 00:00:00,7.413343,0.00001
1993-03-16 00:00:00,7.468259,0.00001
1993-03-17 00:00:00,7.852048,0.00001
1993-03-18 00:00:00,8.37478,0.00001
1993-03-19 00:00:00,8.394278,0.00001
1993-03-20 00:00:00,8.302828,0.00001
1993-03-21 00:00:00,8.139786,0.00001
1993-03-22 00:00:00,8.126597,0.00001
1993-03-23 00:00:00,8.053627,0.00001
1993-03-24 00:00:00,8.242591,0.00001
1993-03-25 00:00:00,8.238663,0.00001
1993-03-26 00:00:00,8.143857,0.00001
1993-03-27 00:00:00,8.041789,0.00001
1993-03-28 00:00:00,7.951593,0.00001
1993-03-29 00:00:00,7.771021,0.00001
1993-03-30 00:00:00,9.387441,0.00001
1993-03-31 00:00:00,13.701514,0.00001
1993-04-01 00:00:00,15.687626,0.00001
1993-04-02 00:00:00,16.625324,0.00001
1993-04-03 00:00:00,17.154584,0.00001
1993-04-04 00:00:00,17.363416,0.00001
1993-04-05 00:00:00,17.425165,0.00001
1993-04-06 00:00:00,17.601693,0.00001
1993-04-07 00:00:00,18.419504,0.00001
1993-04-08 00:00:00,20.206166,0.00001
1993-04-09 00:00:00,20.941119,0.00001
1993-04-10 00:00:00,20.919411,0.00001
1993-04-11 00:00:00,20.739204,0.00001
1993-04-12 00:00:00,20.573093,0.00001
1993-04-13 00:00:00,21.379177,0.00001
1993-04-14 00:00:00,21.554033,0.00001
1993-04-15 00:00:00,24.36578,0.00001
1993-04-16 00:00:00,25.923266,0.00001
1993-04-17 00:00:00,26.306455,0.00001
1993-04-18 00:00:00,26.215469,0.00001
1993-04-19 00:00:00,25.844088,0.00001
1993-04-20 00:00:00,25.888267,0.00001
1993-04-21 00:00:00,26.222899,0.00001
1993-04-22 00:00:00,25.560508,0.00001
1993-04-23 00:00:00,24.693572,0.00001
1993-04-24 00:00:00,23.82897,0.00001
1993-04-25 00:00:00,23.411913,0.00001
1993-04-26 00:00:00,23.591675,0.00001
1993-04-27 00:00:00,22.824299,0.00001
1993-04-28 00:00:00,21.989696,0.00001
1993-04-29 00:00:00,21.363189,0.00001
1993-04-30 00:00:00,20.558565,0.00001
1993-05-01 00:00:00,20.120391,0.00001
1993-05-02 00:00:00,20.275318,0.00001
1993-05-03 00:00:00,20.532878,0.00001
1993-05-04 00:00:00,19.797116,0.00001
1993-05-05 00:00:00,19.022377,0.00001
1993-05-06 00:00:00,19.170487,0.00001
1993-05-07 00:00:00,20.187708,0.00001
1993-05-08 00:00:00,19.83645,0.00001
1993-05-09 00:00:00,19.172739,0.00001
1993-05-10 00:00:00,18.482243,0.00001
1993-05-11 00:00:00,17.762889,0.00001
1993-05-12 00:00:00,17.242567,0.00001
1993-05-13 00:00:00,16.561234,0.00001
1993-05-14 00:00:00,15.822916,0.00001
1993-05-15 00:00:00,15.192918,0.00001
1993-05-16 00:00:00,14.707825,0.00001
1993-05-17 00:00:00,14.004832,0.00001
1993-05-18 00:00:00,13.362399,0.00001
1993-05-19 00:00:00,12.917517,0.00001
1993-05-20 00:00:00,12.365827,0.00001
1993-05-21 00:00:00,11.963803,0.00001
1993-05-22 00:00:00,11.624688,0.00001
1993-05-23 00:00:00,11.579653,0.00001
1993-05-24 00:00:00,12.723459,0.00001
1993-05-25 00:00:00,12.396278,0.00001
1993-05-26 00:00:00,11.856775,0.00001
1993-05-27 00:00:00,11.27053,0.00001
1993-05-28 00:00:00,12.220119,0.00001
1993-05-29 00:00:00,12.182268,0.00001
1993-05-30 00:00:00,11.93121,0.00001
1993-05-31 00:00:00,12.110377,0.00001
1993-06-01 00:00:00,11.802701,0.00001
1993-06-02 00:00:00,11.450045,0.00001
1993-06-03 00:00:00,11.214824,0.00001
1993-06-04 00:00:00,10.924599,0.00001
1993-06-05 00:00:00,10.715734,0.00001
1993-06-06 00:00:00,10.440928,0.00001
1993-06-07 00:00:00,10.081922,0.00001
1993-06-08 00:00:00,9.823915,0.00001
1993-06-09 00:00:00,9.911476,0.00001
1993-06-10 00:00:00,9.941271,0.00001
1993-06-11 00:00:00,11.639809,0.00001
1993-06-12 00:00:00,11.949436,0.00001
1993-06-13 00:00:00,11.745574,0.00001
1993-06-14 00:00:00,11.503355,0.00001
1993-06-15 00:00:00,11.200146,0.00001
1993-06-16 00:00:00,10.891146,0.00001
1993-06-17 00:00:00,10.767728,0.00001
1993-06-18 00:00:00,12.88373,0.00001
1993-06-19 00:00:00,14.301169,0.00001
1993-06-20 00:00:00,14.551414,0.00001
1993-06-21 00:00:00,14.882625,0.00001
1993-06-22 00:00:00,14.816135,0.00001
1993-06-23 00:00:00,14.61477,0.00001
1993-06-24 00:00:00,14.989798,0.00001
1993-06-25 00:00:00,14.89629,0.00001
1993-06-26 00:00:00,14.529427,0.00001
1993-06-27 00:00:00,16.429196,0.00001
1993-06-28 00:00:00,20.134255,0.00001
1993-06-29 00:00:00,21.309722,0.00001
1993-06-30 00:00:00,21.824067,0.00001
1993-07-01 00:00:00,21.755116,0.00001
1993-07-02 00:00:00,21.6983,0.00001
1993-07-03 00:00:00,22.611699,0.00001
1993-07-04 00:00:00,22.746226,0.00001
1993-07-05 00:00:00,22.418503,0.00001
1993-07-06 00:00:00,22.824342,0.00001
1993-07-07 00:00:00,22.64692,0.00001
1993-07-08 00:00:00,22.152898,0.00001
1993-07-09 00:00:00,21.34542,0.00001
1993-07-10 00:00:00,20.629096,0.00001
1993-07-11 00:00:00,19.759918,0.00001
1993-07-12 00:00:00,18.879258,0.00001
1993-07-13 00:00:00,18.005296,0.00001
1993-07-14 00:00:00,17.121766,0.00001
1993-07-15 00:00:00,16.365507,0.00001
1993-07-16 00:00:00,15.522549,0.00001
1993-07-17 00:00:00,14.765602,0.00001
1993-07-18 00:00:00,14.207002,0.00001
1993-07-19 00:00:00,14.761275,0.00001
1993-07-20 00:00:00,14.570466,0.00001
1993-07-21 00:00:00,14.425376,0.00001
1993-07-22 00:00:00,13.743098,0.00001
1993-07-23 00:00:00,13.01935,0.00001
1993-07-24 00:00:00,12.342427,0.00001
1993-07-25 00:00:00,11.737729,0.00001
1993-07-26 00:00:00,11.125474,0.00001
1993-07-27 00:00:00,10.610904,0.00001
1993-07-28 00:00:00,10.023704,0.00001
1993-07-29 00:00:00,9.516135,0.00001
1993-07-30 00:00:00,9.046202,0.00001
1993-07-31 00:00:00,8.560567,0.00001
1993-08-01 00:00:00,8.091326,0.00001
1993-08-02 00:00:00,7.689424,0.00001
1993-08-03 00:00:00,7.637445,0.00001
1993-08-04 00:00:00,8.560232,0.00001
1993-08-05 00:00:00,8.807329,0.00001
1993-08-06 00:00:00,8.983893,0.00001
1993-08-07 00:00:00,8.844136,0.00001
1993-08-08 00:00:00,8.568927,0.00001
1993-08-09 00:00:00,8.254406,0.00001
1993-08-10 00:00:00,7.892531,0.00001
1993-08-11 00:00:00,7.550746,0.00001
1993-08-12 00:00:00,7.214568,0.00001
1993-08-13 00:00:00,6.988677,0.00001
1993-08-14 00:00:00,6.904371,0.00001
1993-08-15 00:00:00,6.79207,0.00001
1993-08-16 00:00:00,6.573958,0.00001
1993-08-17 00:00:00,6.66166,0.00001
1993-08-18 00:00:00,6.453552,0.00001
1993-08-19 00:00:00,6.203761,0.00001
1993-08-20 00:00:00,5.962201,0.00001
1993-08-21 00:00:00,5.835898,0.00001
1993-08-22 00:00:00,5.790514,0.00001
1993-08-23 00:00:00,6.098836,0.00001
1993-08-24 00:00:00,6.072405,0.00001
1993-08-25 00:00:00,5.937545,0.00001
1993-08-26 00:00:00,5.679718,0.00001
1993-08-27 00:00:00,5.812486,0.00001
1993-08-28 00:00:00,5.830648,0.00001
1993-08-29 00:00:00,5.556447,0.00001
1993-08-30 00:00:00,5.274832,0.00001
1993-08-31 00:00:00,5.002411,0.00001
1993-09-01 00:00:00,4.739441,0.00001
1993-09-02 00:00:00,4.510625,0.00001
1993-09-03 00:00:00,4.279989,0.00001
1993-09-04 00:00:00,4.032236,0.00001
1993-09-05 00:00:00,3.801242,0.00001
1993-09-06 00:00:00,3.626076,0.00001
1993-09-07 00:00:00,3.437889,0.00001
1993-09-08 00:00:00,3.258885,0.00001
1993-09-09 00:00:00,3.080493,0.00001
1993-09-10 00:00:00,2.909655,0.00001
1993-09-11 00:00:00,2.725145,0.00001
1993-09-12 00:00:00,2.540325,0.00001
1993-09-13 00:00:00,2.509278,0.00001
1993-09-14 00:00:00,3.834822,0.00001
1993-09-15 00:00:00,4.273802,0.00001
1993-09-16 00:00:00,4.234685,0.00001
1993-09-17 00:00:00,4.118224,0.00001
1993-09-18 00:00:00,3.996094,0.00001
1993-09-19 00:00:00,3.874071,0.00001
1993-09-20 00:00:00,3.734669,0.00001
1993-09-21 00:00:00,3.622989,0.00001
1993-09-22 00:00:00,3.482799,0.00001
1993-09-23 00:00:00,3.394989,0.00001
1993-09-24 00:00:00,3.450671,0.00001
1993-09-25 00:00:00,3.361555,0.00001
1993-09-26 00:00:00,3.21853,0.00001
1993-09-27 00:00:00,3.079602,0.00001
1993-09-28 00:00:00,2.935951,0.00001
1993-09-29 00:00:00,2.986953,0.00001
1993-09-30 00:00:00,3.105667,0.00001
1993-10-01 00:00:00,3.019392,0.00001
1993-10-02 00:00:00,3.138156,0.00001
1993-10-03 00:00:00,3.329283,0.00001
1993-10-04 00:00:00,3.406266,0.00001
1993-10-05 00:00:00,4.274993,0.00001
1993-10-06 00:00:00,4.731925,0.00001
1993-10-07 00:00:00,4.754156,0.00001
1993-10-08 00:00:00,4.732116,0.00001
1993-10-09 00:00:00,4.679481,0.00001
1993-10-10 00:00:00,4.607895,0.00001
1993-10-11 00:00:00,4.52363,0.00001
1993-10-12 00:00:00,4.43203,0.00001
1993-10-13 00:00:00,4.352216,0.00001
1993-10-14 00:00:00,4.277726,0.00001
1993-10-15 00:00:00,4.26266,0.00001
1993-10-16 00:00:00,4.21313,0.00001
1993-10-17 00:00:00,4.983425,0.00001
1993-10-18 00:00:00,5.50655,0.00001
1993-10-19 00:00:00,5.581641,0.00001
1993-10-20 00:00:00,5.564503,0.00001
1993-10-21 00:00:00,5.534541,0.00001
1993-10-22 00:00:00,5.478695,0.00001
1993-10-23 00:00:00,5.40712,0.00001
1993-10-24 00:00:00,5.32575,0.00001
1993-10-25 00:00:00,5.225483,0.00001
1993-10-26 00:00:00,5.136232,0.00001
1993-10-27 00:00:00,5.422654,0.00001
1993-10-28 00:00:00,5.356401,0.00001
1993-10-29 00:00:00,5.333067,0.00001
1993-10-30 00:00:00,5.24467,0.00001
1993-10-31 00:00:00,5.158297,0.00001
1993-11-01 00:00:00,5.080392,0.00001
1993-11-02 00:00:00,4.984486,0.00001
1993-11-03 00:00:00,4.898954,0.00001
1993-11-04 00:00:00,4.815406,0.00001
1993-11-05 00:00:00,4.72464,0.00001
1993-11-06 00:00:00,4.636646,0.00001
1993-11-07 00:00:00,4.537675,0.00001
1993-11-08 00:00:00,4.562115,0.00001
1993-11-09 00:00:00,4.864406,0.00001
1993-11-10 00:00:00,6.298808,0.00001
1993-11-11 00:00:00,6.504481,0.00001
1993-11-12 00:00:00,6.591037,0.00001
1993-11-13 00:00:00,6.638583,0.00001
1993-11-14 00:00:00,6.655699,0.00001
1993-11-15 00:00:00,6.63756,0.00001
1993-11-16 00:00:00,6.624273,0.00001
1993-11-17 00:00:00,6.573872,0.00001
1993-11-18 00:00:00,6.510522,0.00001
1993-11-19 00:00:00,6.469404,0.00001
1993-11-20 00:00:00,6.417589,0.00001
1993-11-21 00:00:00,6.356086,0.00001
1993-11-22 00:00:00,6.263587,0.00001
1993-11-23 00:00:00,6.164346,0.00001
1993-11-24 00:00:00,6.062723,0.00001
1993-11-25 00:00:00,5.964415,0.00001
1993-11-26 00:00:00,5.851512,0.00001
1993-11-27 00:00:00,5.740541,0.00001
1993-11-28 00:00:00,5.65156,0.00001
1993-11-29 00:00:00,5.566399,0.00001
1993-11-30 00:00:00,5.55485,0.00001
1993-12-01 00:00:00,5.444573,0.00001
1993-12-02 00:00:00,5.339583,0.00001
1993-12-03 00:00:00,5.234832,0.00001
1993-12-04 00:00:00,5.142275,0.00001
1993-12-05 00:00:00,5.063486,0.00001
1993-12-06 00:00:00,5.161365,0.00001
1993-12-07 00:00:00,5.163314,0.00001
1993-12-08 00:00:00,5.08214,0.00001
1993-12-09 00:00:00,5.002754,0.00001
1993-12-10 00:00:00,4.922627,0.00001
1993-12-11 00:00:00,4.83643,0.00001
1993-12-12 00:00:00,4.741357,0.00001
1993-12-13 00:00:00,4.647468,0.00001
1993-12-14 00:00:00,4.54732,0.00001
1993-12-15 00:00:00,4.454134,0.00001
1993-12-16 00:00:00,4.385977,0.00001
1993-12-17 00:00:00,4.303592,0.00001
1993-12-18 00:00:00,4.2234,0.00001
1993-12-19 00:00:00,4.154929,0.00001
1993-12-20 00:00:00,4.11153,0.00001
1993-12-21 00:00:00,4.057118,0.00001
1993-12-22 00:00:00,3.992167,0.00001
1993-12-23 00:00:00,3.926403,0.00001
1993-12-24 00:00:00,3.855889,0.00001
1993-12-25 00:00:00,3.794629,0.00001
1993-12-26 00:00:00,3.73334,0.00001
1993-12-27 00:00:00,3.667442,0.00001
1993-12-28 00:00:00,3.599333,0.00001
1993-12-29 00:00:00,3.552753,0.00001
1993-12-30 00:00:00,3.504061,0.00001
1993-12-31 00:00:00,3.457921,0.00001
1994-01-01 00:00:00,3.446188,0.00001
1994-01-02 00:00:00,3.815676,0.00001
1994-01-03 00:00:00,3.614528,0.00001
1994-01-04 00:00:00,3.547273,0.00001
1994-01-05 00:00:00,3.513674,0.00001
1994-01-06 00:00:00,3.478171,0.00001
1994-01-07 00:00:00,3.421059,0.00001
1994-01-08 00:00:00,3.485272,0.00001
1994-01-09 00:00:00,3.405928,0.00001
1994-01-10 00:00:00,3.372562,0.00001
1994-01-11 00:00:00,3.377294,0.00001
1994-01-12 00:00:00,3.372098,0.00001
1994-01-13 00:00:00,3.321319,0.00001
1994-01-14 00:00:00,3.282702,0.00001
1994-01-15 00:00:00,3.222581,0.00001
1994-01-16 00:00:00,3.144794,0.00001
1994-01-17 00:00:00,3.279674,0.00001
1994-01-18 00:00:00,3.419233,0.00001
1994-01-19 00:00:00,3.393598,0.00001
1994-01-20 00:00:00,3.359471,0.00001
1994-01-21 00:00:00,3.569326,0.00001
1994-01-22 00:00:00,3.844748,0.00001
1994-01-23 00:00:00,4.211912,0.00001
1994-01-24 00:00:00,4.373003,0.00001
1994-01-25 00:00:00,4.373636,0.00001
1994-01-26 00:00:00,4.375946,0.00001
1994-01-27 00:00:00,4.349891,0.00001
1994-01-28 00:00:00,4.398814,0.00001
1994-01-29 00:00:00,4.392056,0.00001
1994-01-30 00:00:00,4.379451,0.00001
1994-01-31 00:00:00,4.362969,0.00001
1994-02-01 00:00:00,4.350379,0.00001
1994-02-02 00:00:00,4.374895,0.00001
1994-02-03 00:00:00,4.311643,0.00001
1994-02-04 00:00:00,4.515718,0.00001
1994-02-05 00:00:00,4.561122,0.00001
1994-02-06 00:00:00,4.619118,0.00001
1994-02-07 00:00:00,4.675831,0.00001
1994-02-08 00:00:00,4.618168,0.00001
1994-02-09 00:00:00,4.720449,0.00001
1994-02-10 00:00:00,4.852548,0.00001
1994-02-11 00:00:00,5.5128,0.00001
1994-02-12 00:00:00,6.140085,0.00001
1994-02-13 00:00:00,6.426617,0.00001
1994-02-14 00:00:00,6.617479,0.00001
1994-02-15 00:00:00,6.714276,0.00001
1994-02-16 00:00:00,6.832945,0.00001
1994-02-17 00:00:00,6.90422,0.00001
1994-02-18 00:00:00,6.950508,0.00001
1994-02-19 00:00:00,7.00212,0.00001
1994-02-20 00:00:00,7.045787,0.00001
1994-02-21 00:00:00,7.049964,0.00001
1994-02-22 00:00:00,7.047373,0.00001
1994-02-23 00:00:00,7.046977,0.00001
1994-02-24 00:00:00,7.208929,0.00001
1994-02-25 00:00:00,7.259092,0.00001
1994-02-26 00:00:00,7.252706,0.00001
1994-02-27 00:00:00,7.326827,0.00001
1994-02-28 00:00:00,7.375769,0.00001
1994-03-01 00:00:00,7.312451,0.00001
1994-03-02 00:00:00,7.241977,0.00001
1994-03-03 00:00:00,7.162458,0.00001
1994-03-04 00:00:00,7.107898,0.00001
1994-03-05 00:00:00,7.213594,0.00001
1994-03-06 00:00:00,7.18977,0.00001
1994-03-07 00:00:00,7.090912,0.00001
1994-03-08 00:00:00,7.457326,0.00001
1994-03-09 00:00:00,7.459121,0.00001
1994-03-10 00:00:00,7.282422,0.00001
1994-03-11 00:00:00,7.115956,0.00001
1994-03-12 00:00:00,6.943837,0.00001
1994-03-13 00:00:00,6.750123,0.00001
1994-03-14 00:00:00,6.639336,0.00001
1994-03-15 00:00:00,6.666192,0.00001
1994-03-16 00:00:00,6.57999,0.00001
1994-03-17 00:00:00,6.463973,0.00001
1994-03-18 00:00:00,6.352154,0.00001
1994-03-19 00:00:00,6.223586,0.00001
1994-03-20 00:00:00,6.074041,0.00001
1994-03-21 00:00:00,5.951301,0.00001
1994-03-22 00:00:00,5.81282,0.00001
1994-03-23 00:00:00,5.642164,0.00001
1994-03-24 00:00:00,5.512808,0.00001
1994-03-25 00:00:00,5.394788,0.00001
1994-03-26 00:00:00,5.251698,0.00001
1994-03-27 00:00:00,5.086721,0.00001
1994-03-28 00:00:00,4.999703,0.00001
1994-03-29 00:00:00,4.81459,0.00001
1994-03-30 00:00:00,4.597183,0.00001
1994-03-31 00:00:00,4.411912,0.00001
1994-04-01 00:00:00,4.260193,0.00001
1994-04-02 00:00:00,4.084264,0.00001
1994-04-03 00:00:00,4.910679,0.00001
1994-04-04 00:00:00,5.300788,0.00001
1994-04-05 00:00:00,5.561714,0.00001
1994-04-06 00:00:00,5.745519,0.00001
1994-04-07 00:00:00,5.672696,0.00001
1994-04-08 00:00:00,6.302577,0.00001
1994-04-09 00:00:00,8.047092,0.00001
1994-04-10 00:00:00,8.523377,0.00001
1994-04-11 00:00:00,8.898033,0.00001
1994-04-12 00:00:00,9.106736,0.00001
1994-04-13 00:00:00,9.133162,0.00001
1994-04-14 00:00:00,9.129074,0.00001
1994-04-15 00:00:00,9.44895,0.00001
1994-04-16 00:00:00,9.437136,0.00001
1994-04-17 00:00:00,9.561887,0.00001
1994-04-18 00:00:00,9.669504,0.00001
1994-04-19 00:00:00,9.713684,0.00001
1994-04-20 00:00:00,9.97772,0.00001
1994-04-21 00:00:00,10.393094,0.00001
1994-04-22 00:00:00,12.939546,0.00001
1994-04-23 00:00:00,16.391358,0.00001
1994-04-24 00:00:00,17.704848,0.00001
1994-04-25 00:00:00,18.3268,0.00001
1994-04-26 00:00:00,18.628353,0.00001
1994-04-27 00:00:00,19.870676,0.00001
1994-04-28 00:00:00,20.286875,0.00001
1994-04-29 00:00:00,20.249147,0.00001
1994-04-30 00:00:00,20.058457,0.00001
1994-05-01 00:00:00,19.733232,0.00001
1994-05-02 00:00:00,19.336155,0.00001
1994-05-03 00:00:00,18.935609,0.00001
1994-05-04 00:00:00,18.515486,0.00001
1994-05-05 00:00:00,18.21716,0.00001
1994-05-06 00:00:00,19.509398,0.00001
1994-05-07 00:00:00,19.618809,0.00001
1994-05-08 00:00:00,19.247214,0.00001
1994-05-09 00:00:00,18.64703,0.00001
1994-05-10 00:00:00,17.994898,0.00001
1994-05-11 00:00:00,17.615224,0.00001
1994-05-12 00:00:00,17.524471,0.00001
1994-05-13 00:00:00,17.127604,0.00001
1994-05-14 00:00:00,16.461741,0.00001
1994-05-15 00:00:00,16.052538,0.00001
1994-05-16 00:00:00,17.037917,0.00001
1994-05-17 00:00:00,20.107541,0.00001
1994-05-18 00:00:00,20.996283,0.00001
1994-05-19 00:00:00,20.990726,0.00001
1994-05-20 00:00:00,20.89787,0.00001
1994-05-21 00:00:00,21.00539,0.00001
1994-05-22 00:00:00,20.726413,0.00001
1994-05-23 00:00:00,20.862738,0.00001
1994-05-24 00:00:00,20.489498,0.00001
1994-05-25 00:00:00,19.890784,0.00001
1994-05-26 00:00:00,19.207014,0.00001
1994-05-27 00:00:00,18.476035,0.00001
1994-05-28 00:00:00,17.745459,0.00001
1994-05-29 00:00:00,16.99419,0.00001
1994-05-30 00:00:00,16.265782,0.00001
1994-05-31 00:00:00,15.796866,0.00001
1994-06-01 00:00:00,15.870635,0.00001
1994-06-02 00:00:00,16.292153,0.00001
1994-06-03 00:00:00,15.691866,0.00001
1994-06-04 00:00:00,15.809933,0.00001
1994-06-05 00:00:00,15.226709,0.00001
1994-06-06 00:00:00,15.50862,0.00001
1994-06-07 00:00:00,15.678347,0.00001
1994-06-08 00:00:00,15.059601,0.00001
1994-06-09 00:00:00,15.007902,0.00001
1994-06-10 00:00:00,15.130592,0.00001
1994-06-11 00:00:00,15.230602,0.00001
1994-06-12 00:00:00,15.370694,0.00001
1994-06-13 00:00:00,16.643854,0.00001
1994-06-14 00:00:00,16.355262,0.00001
1994-06-15 00:00:00,15.992617,0.00001
1994-06-16 00:00:00,15.683996,0.00001
1994-06-17 00:00:00,15.239942,0.00001
1994-06-18 00:00:00,14.713924,0.00001
1994-06-19 00:00:00,14.229131,0.00001
1994-06-20 00:00:00,13.712038,0.00001
1994-06-21 00:00:00,13.203675,0.00001
1994-06-22 00:00:00,13.171659,0.00001
1994-06-23 00:00:00,13.485087,0.00001
1994-06-24 00:00:00,12.992677,0.00001
1994-06-25 00:00:00,12.324502,0.00001
1994-06-26 00:00:00,11.744673,0.00001
1994-06-27 00:00:00,11.265108,0.00001
1994-06-28 00:00:00,11.279229,0.00001
1994-06-29 00:00:00,11.051491,0.00001
1994-06-30 00:00:00,10.958157,0.00001
1994-07-01 00:00:00,11.40393,0.00001
1994-07-02 00:00:00,11.017753,0.00001
1994-07-03 00:00:00,10.751773,0.00001
1994-07-04 00:00:00,10.253995,0.00001
1994-07-05 00:00:00,9.837641,0.00001
1994-07-06 00:00:00,9.519534,0.00001
1994-07-07 00:00:00,9.077111,0.00001
1994-07-08 00:00:00,8.819289,0.00001
1994-07-09 00:00:00,8.58374,0.00001
1994-07-10 00:00:00,8.202103,0.00001
1994-07-11 00:00:00,7.791687,0.00001
1994-07-12 00:00:00,7.394104,0.00001
1994-07-13 00:00:00,7.085695,0.00001
1994-07-14 00:00:00,6.760103,0.00001
1994-07-15 00:00:00,6.405495,0.00001
1994-07-16 00:00:00,6.417339,0.00001
1994-07-17 00:00:00,7.327375,0.00001
1994-07-18 00:00:00,7.380657,0.00001
1994-07-19 00:00:00,7.395289,0.00001
1994-07-20 00:00:00,7.872187,0.00001
1994-07-21 00:00:00,8.482726,0.00001
1994-07-22 00:00:00,8.402061,0.00001
1994-07-23 00:00:00,8.441808,0.00001
1994-07-24 00:00:00,8.367209,0.00001
1994-07-25 00:00:00,8.250901,0.00001
1994-07-26 00:00:00,8.427002,0.00001
1994-07-27 00:00:00,8.241074,0.00001
1994-07-28 00:00:00,7.992229,0.00001
1994-07-29 00:00:00,7.746508,0.00001
1994-07-30 00:00:00,7.62667,0.00001
1994-07-31 00:00:00,8.272143,0.00001
1994-08-01 00:00:00,8.135362,0.00001
1994-08-02 00:00:00,7.904082,0.00001
1994-08-03 00:00:00,7.752849,0.00001
1994-08-04 00:00:00,7.708954,0.00001
1994-08-05 00:00:00,7.457521,0.00001
1994-08-06 00:00:00,7.193589,0.00001
1994-08-07 00:00:00,7.554483,0.00001
1994-08-08 00:00:00,7.460271,0.00001
1994-08-09 00:00:00,7.584338,0.00001
1994-08-10 00:00:00,7.469329,0.00001
1994-08-11 00:00:00,7.264941,0.00001
1994-08-12 00:00:00,7.466345,0.00001
1994-08-13 00:00:00,7.30845,0.00001
1994-08-14 00:00:00,7.061428,0.00001
1994-08-15 00:00:00,6.793087,0.00001
1994-08-16 00:00:00,6.671971,0.00001
1994-08-17 00:00:00,6.384491,0.00001
1994-08-18 00:00:00,6.434561,0.00001
1994-08-19 00:00:00,6.504858,0.00001
1994-08-20 00:00:00,6.255572,0.00001
1994-08-21 00:00:00,6.020071,0.00001
1994-08-22 00:00:00,5.945505,0.00001
1994-08-23 00:00:00,6.482912,0.00001
1994-08-24 00:00:00,6.785148,0.00001
1994-08-25 00:00:00,6.611969,0.00001
1994-08-26 00:00:00,6.375359,0.00001
1994-08-27 00:00:00,6.140604,0.00001
1994-08-28 00:00:00,5.908157,0.00001
1994-08-29 00:00:00,5.721401,0.00001
1994-08-30 00:00:00,5.550234,0.00001
1994-08-31 00:00:00,5.343387,0.00001
1994-09-01 00:00:00,5.107538,0.00001
1994-09-02 00:00:00,4.859978,0.00001
1994-09-03 00:00:00,4.6626,0.00001
1994-09-04 00:00:00,4.42531,0.00001
1994-09-05 00:00:00,4.217481,0.00001
1994-09-06 00:00:00,4.025582,0.00001
1994-09-07 00:00:00,3.851387,0.00001
1994-09-08 00:00:00,3.743109,0.00001
1994-09-09 00:00:00,3.627881,0.00001
1994-09-10 00:00:00,3.472291,0.00001
1994-09-11 00:00:00,3.271696,0.00001
1994-09-12 00:00:00,3.156395,0.00001
1994-09-13 00:00:00,3.01724,0.00001
1994-09-14 00:00:00,2.860967,0.00001
1994-09-15 00:00:00,2.730964,0.00001
1994-09-16 00:00:00,2.581412,0.00001
1994-09-17 00:00:00,2.410718,0.00001
1994-09-18 00:00:00,2.248254,0.00001
1994-09-19 00:00:00,2.18254,0.00001
1994-09-20 00:00:00,2.087931,0.00001
1994-09-21 00:00:00,1.986009,0.00001
1994-09-22 00:00:00,1.843602,0.00001
1994-09-23 00:00:00,1.711707,0.00001
1994-09-24 00:00:00,1.607571,0.00001
1994-09-25 00:00:00,1.478217,0.00001
1994-09-26 00:00:00,1.431071,0.00001
1994-09-27 00:00:00,2.139797,0.00001
1994-09-28 00:00:00,2.509632,0.00001
1994-09-29 00:00:00,2.477645,0.00001
1994-09-30 00:00:00,2.360033,0.00001
1994-10-01 00:00:00,2.29811,0.00001
1994-10-02 00:00:00,2.379812,0.00001
1994-10-03 00:00:00,2.55716,0.00001
1994-10-04 00:00:00,2.551277,0.00001
1994-10-05 00:00:00,2.481168,0.00001
1994-10-06 00:00:00,2.409538,0.00001
1994-10-07 00:00:00,2.339482,0.00001
1994-10-08 00:00:00,2.291019,0.00001
1994-10-09 00:00:00,2.196846,0.00001
1994-10-10 00:00:00,2.095851,0.00001
1994-10-11 00:00:00,1.999857,0.00001
1994-10-12 00:00:00,1.907816,0.00001
1994-10-13 00:00:00,1.938324,0.00001
1994-10-14 00:00:00,1.882399,0.00001
1994-10-15 00:00:00,1.854218,0.00001
1994-10-16 00:00:00,2.04601,0.00001
1994-10-17 00:00:00,2.018755,0.00001
1994-10-18 00:00:00,1.978182,0.00001
1994-10-19 00:00:00,1.918362,0.00001
1994-10-20 00:00:00,1.879215,0.00001
1994-10-21 00:00:00,1.799551,0.00001
1994-10-22 00:00:00,1.751168,0.00001
1994-10-23 00:00:00,1.713175,0.00001
1994-10-24 00:00:00,1.658622,0.00001
1994-10-25 00:00:00,1.587724,0.00001
1994-10-26 00:00:00,1.516194,0.00001
1994-10-27 00:00:00,1.450638,0.00001
1994-10-28 00:00:00,1.386335,0.00001
1994-10-29 00:00:00,1.332468,0.00001
1994-10-30 00:00:00,1.293451,0.00001
1994-10-31 00:00:00,1.233743,0.00001
1994-11-01 00:00:00,1.177613,0.00001
1994-11-02 00:00:00,1.146902,0.00001
1994-11-03 00:00:00,1.101918,0.00001
1994-11-04 00:00:00,1.047493,0.00001
1994-11-05 00:00:00,0.997889,0.00001
1994-11-06 00:00:00,0.937441,0.00001
1994-11-07 00:00:00,0.895401,0.00001
1994-11-08 00:00:00,0.877069,0.00001
1994-11-09 00:00:00,0.858137,0.00001
1994-11-10 00:00:00,0.900589,0.00001
1994-11-11 00:00:00,0.922688,0.00001
1994-11-12 00:00:00,0.901376,0.00001
1994-11-13 00:00:00,0.880723,0.00001
1994-11-14 00:00:00,0.871419,0.00001
1994-11-15 00:00:00,0.86034,0.00001
1994-11-16 00:00:00,0.850593,0.00001
1994-11-17 00:00:00,0.838988,0.00001
1994-11-18 00:00:00,0.821947,0.00001
1994-11-19 00:00:00,0.824165,0.00001
1994-11-20 00:00:00,0.816839,0.00001
1994-11-21 00:00:00,0.808185,0.00001
1994-11-22 00:00:00,0.815202,0.00001
1994-11-23 00:00:00,1.067388,0.00001
1994-11-24 00:00:00,1.148406,0.00001
1994-11-25 00:00:00,1.169185,0.00001
1994-11-26 00:00:00,1.218748,0.00001
1994-11-27 00:00:00,1.223354,0.00001
1994-11-28 00:00:00,1.238364,0.00001
1994-11-29 00:00:00,1.243352,0.00001
1994-11-30 00:00:00,1.241574,0.00001
1994-12-01 00:00:00,1.223452,0.00001
1994-12-02 00:00:00,1.224817,0.00001
1994-12-03 00:00:00,1.352344,0.00001
1994-12-04 00:00:00,1.49717,0.00001
1994-12-05 00:00:00,1.592821,0.00001
1994-12-06 00:00:00,1.623998,0.00001
1994-12-07 00:00:00,1.647182,0.00001
1994-12-08 00:00:00,1.663133,0.00001
1994-12-09 00:00:00,1.822238,0.00001
1994-12-10 00:00:00,1.887937,0.00001
1994-12-11 00:00:00,1.907778,0.00001
1994-12-12 00:00:00,1.917891,0.00001
1994-12-13 00:00:00,1.923791,0.00001
1994-12-14 00:00:00,1.956247,0.00001
1994-12-15 00:00:00,2.020483,0.00001
1994-12-16 00:00:00,2.030434,0.00001
1994-12-17 00:00:00,2.046583,0.00001
1994-12-18 00:00:00,2.050538,0.00001
1994-12-19 00:00:00,2.063166,0.00001
1994-12-20 00:00:00,2.085953,0.00001
1994-12-21 00:00:00,2.108465,0.00001
1994-12-22 00:00:00,2.114291,0.00001
1994-12-23 00:00:00,2.182806,0.00001
1994-12-24 00:00:00,2.155782,0.00001
1994-12-25 00:00:00,2.149649,0.00001
1994-12-26 00:00:00,2.167326,0.00001
1994-12-27 00:00:00,2.158454,0.00001
1994-12-28 00:00:00,2.153748,0.00001
1994-12-29 00:00:00,2.107161,0.00001
1994-12-30 00:00:00,2.141113,0.00001
1994-12-31 00:00:00,2.133262,0.00001
1990-01-01 00:00:00,5.326274,0.00001
1990-01-02 00:00:00,5.279789,0.00001
1990-01-03 00:00:00,5.232633,0.00001
1990-01-04 00:00:00,5.190151,0.00001
1990-01-05 00:00:00,5.24443,0.00001
1990-01-06 00:00:00,5.297507,0.00001
1990-01-07 00:00:00,5.210604,0.00001
1990-01-08 00:00:00,5.153491,0.00001
1990-01-09 00:00:00,5.191968,0.00001
1990-01-10 00:00:00,5.121855,0.00001
1990-01-11 00:00:00,5.080963,0.00001
1990-01-12 00:00:00,4.987766,0.00001
1990-01-13 00:00:00,5.02067,0.00001
1990-01-14 00:00:00,5.130408,0.00001
1990-01-15 00:00:00,5.017816,0.00001
1990-01-16 00:00:00,4.937935,0.00001
1990-01-17 00:00:00,4.831148,0.00001
1990-01-18 00:00:00,4.904465,0.00001
1990-01-19 00:00:00,5.348336,0.00001
1990-01-20 00:00:00,5.161512,0.00001
1990-01-21 00:00:00,5.137636,0.00001
1990-01-22 00:00:00,5.109813,0.00001
1990-01-23 00:00:00,5.010224,0.00001
1990-01-24 00:00:00,4.917166,0.00001
1990-01-25 00:00:00,4.825883,0.00001
1990-01-26 00:00:00,4.740954,0.00001
1990-01-27 00:00:00,4.658599,0.00001
1990-01-28 00:00:00,4.577803,0.00001
1990-01-29 00:00:00,4.507304,0.00001
1990-01-30 00:00:00,4.433556,0.00001
1990-01-31 00:00:00,4.359052,0.00001
1990-02-01 00:00:00,4.283704,0.00001
1990-02-02 00:00:00,4.216444,0.00001
1990-02-03 00:00:00,4.184206,0.00001
1990-02-04 00:00:00,4.118518,0.00001
1990-02-05 00:00:00,4.06557,0.00001
1990-02-06 00:00:00,4.012139,0.00001
1990-02-07 00:00:00,3.963927,0.00001
1990-02-08 00:00:00,3.912586,0.00001
1990-02-09 00:00:00,3.860977,0.00001
1990-02-10 00:00:00,3.793336,0.00001
1990-02-11 00:00:00,3.752937,0.00001
1990-02-12 00:00:00,3.709586,0.00001
1990-02-13 00:00:00,3.663314,0.00001
1990-02-14 00:00:00,3.626003,0.00001
1990-02-15 00:00:00,3.587365,0.00001
1990-02-16 00:00:00,3.536378,0.00001
1990-02-17 00:00:00,3.478934,0.00001
1990-02-18 00:00:00,3.348915,0.00001
1990-02-19 00:00:00,3.375239,0.00001
1990-02-20 00:00:00,3.265242,0.00001
1990-02-21 00:00:00,3.469929,0.00001
1990-02-22 00:00:00,3.395373,0.00001
1990-02-23 00:00:00,3.43595,0.00001
1990-02-24 00:00:00,3.696675,0.00001
1990-02-25 00:00:00,3.822901,0.00001
1990-02-26 00:00:00,3.887358,0.00001
1990-02-27 00:00:00,3.937808,0.00001
1990-02-28 00:00:00,3.984619,0.00001
1990-03-01 00:00:00,4.009101,0.00001
1990-03-02 00:00:00,4.021498,0.00001
1990-03-03 00:00:00,4.012744,0.00001
1990-03-04 00:00:00,4.149806,0.00001
1990-03-05 00:00:00,4.279774,0.00001
1990-03-06 00:00:00,4.506211,0.00001
1990-03-07 00:00:00,4.498193,0.00001
1990-03-08 00:00:00,4.467359,0.00001
1990-03-09 00:00:00,4.434476,0.00001
1990-03-10 00:00:00,4.215529,0.00001
1990-03-11 00:00:00,4.394311,0.00001
1990-03-12 00:00:00,4.404028,0.00001
1990-03-13 00:00:00,4.393566,0.00001
1990-03-14 00:00:00,4.309315,0.00001
1990-03-15 00:00:00,4.267967,0.00001
1990-03-16 00:00:00,4.204178,0.00001
1990-03-17 00:00:00,4.21274,0.00001
1990-03-18 00:00:00,4.192247,0.00001
1990-03-19 00:00:00,4.152955,0.00001
1990-03-20 00:00:00,4.82181,0.00001
1990-03-21 00:00:00,4.897147,0.00001
1990-03-22 00:00:00,4.905815,0.00001
1990-03-23 00:00:00,4.917424,0.00001
1990-03-24 00:00:00,4.862754,0.00001
1990-03-25 00:00:00,4.840766,0.00001
1990-03-26 00:00:00,5.043792,0.00001
1990-03-27 00:00:00,5.877294,0.00001
1990-03-28 00:00:00,6.197699,0.00001
1990-03-29 00:00:00,6.307938,0.00001
1990-03-30 00:00:00,6.358877,0.00001
1990-03-31 00:00:00,6.413419,0.00001
1990-04-01 00:00:00,6.459991,0.00001
1990-04-02 00:00:00,6.441431,0.00001
1990-04-03 00:00:00,6.313075,0.00001
1990-04-04 00:00:00,6.296893,0.00001
1990-04-05 00:00:00,6.293571,0.00001
1990-04-06 00:00:00,6.340773,0.00001
1990-04-07 00:00:00,6.756138,0.00001
1990-04-08 00:00:00,7.270833,0.00001
1990-04-09 00:00:00,7.752269,0.00001
1990-04-10 00:00:00,8.703177,0.00001
1990-04-11 00:00:00,9.316911,0.00001
1990-04-12 00:00:00,10.090099,0.00001
1990-04-13 00:00:00,10.175117,0.00001
1990-04-14 00:00:00,10.208166,0.00001
1990-04-15 00:00:00,10.27952,0.00001
1990-04-16 00:00:00,10.254923,0.00001
1990-04-17 00:00:00,10.435025,0.00001
1990-04-18 00:00:00,11.529014,0.00001
1990-04-19 00:00:00,11.652567,0.00001
1990-04-20 00:00:00,11.93015,0.00001
1990-04-21 00:00:00,12.312738,0.00001
1990-04-22 00:00:00,12.238265,0.00001
1990-04-23 00:00:00,12.123136,0.00001
1990-04-24 00:00:00,12.115409,0.00001
1990-04-25 00:00:00,12.050383,0.00001
1990-04-26 00:00:00,12.937397,0.00001
1990-04-27 00:00:00,13.692827,0.00001
1990-04-28 00:00:00,13.580338,0.00001
1990-04-29 00:00:00,13.535607,0.00001
1990-04-30 00:00:00,13.384758,0.00001
1990-05-01 00:00:00,13.262476,0.00001
1990-05-02 00:00:00,13.056029,0.00001
1990-05-03 00:00:00,12.780725,0.00001
1990-05-04 00:00:00,12.550214,0.00001
1990-05-05 00:00:00,12.168914,0.00001
1990-05-06 00:00:00,11.743459,0.00001
1990-05-07 00:00:00,11.530192,0.00001
1990-05-08 00:00:00,12.835648,0.00001
1990-05-09 00:00:00,13.982372,0.00001
1990-05-10 00:00:00,14.816457,0.00001
1990-05-11 00:00:00,14.736399,0.00001
1990-05-12 00:00:00,14.553882,0.00001
1990-05-13 00:00:00,15.027377,0.00001
1990-05-14 00:00:00,14.896195,0.00001
1990-05-15 00:00:00,14.517536,0.00001
1990-05-16 00:00:00,14.123875,0.00001
1990-05-17 00:00:00,13.983381,0.00001
1990-05-18 00:00:00,13.740854,0.00001
1990-05-19 00:00:00,13.323414,0.00001
1990-05-20 00:00:00,12.929263,0.00001
1990-05-21 00:00:00,12.5461,0.00001
1990-05-22 00:00:00,12.295501,0.00001
1990-05-23 00:00:00,12.659411,0.00001
1990-05-24 00:00:00,12.506573,0.00001
1990-05-25 00:00:00,12.132331,0.00001
1990-05-26 00:00:00,12.369441,0.00001
1990-05-27 00:00:00,13.210215,0.00001
1990-05-28 00:00:00,14.033792,0.00001
1990-05-29 00:00:00,13.924053,0.00001
1990-05-30 00:00:00,13.55575,0.00001
1990-05-31 00:00:00,13.16585,0.00001
1990-06-01 00:00:00,12.986838,0.00001
1990-06-02 00:00:00,12.909928,0.00001
1990-06-03 00:00:00,12.536147,0.00001
1990-06-04 00:00:00,12.080572,0.00001
1990-06-05 00:00:00,11.774521,0.00001
1990-06-06 00:00:00,11.705717,0.00001
1990-06-07 00:00:00,11.795203,0.00001
1990-06-08 00:00:00,11.702919,0.00001
1990-06-09 00:00:00,11.440516,0.00001
1990-06-10 00:00:00,11.050309,0.00001
1990-06-11 00:00:00,10.641185,0.00001
1990-06-12 00:00:00,10.22396,0.00001
1990-06-13 00:00:00,9.7728,0.00001
1990-06-14 00:00:00,9.319433,0.00001
1990-06-15 00:00:00,8.888273,0.00001
1990-06-16 00:00:00,8.478853,0.00001
1990-06-17 00:00:00,8.125267,0.00001
1990-06-18 00:00:00,7.726003,0.00001
1990-06-19 00:00:00,7.297364,0.00001
1990-06-20 00:00:00,6.877254,0.00001
1990-06-21 00:00:00,6.491176,0.00001
1990-06-22 00:00:00,6.122048,0.00001
1990-06-23 00:00:00,5.775494,0.00001
1990-06-24 00:00:00,5.447643,0.00001
1990-06-25 00:00:00,5.219162,0.00001
1990-06-26 00:00:00,5.636228,0.00001
1990-06-27 00:00:00,5.5614,0.00001
1990-06-28 00:00:00,5.357075,0.00001
1990-06-29 00:00:00,5.268602,0.00001
1990-06-30 00:00:00,5.008567,0.00001
1990-07-01 00:00:00,4.744987,0.00001
1990-07-02 00:00:00,4.450741,0.00001
1990-07-03 00:00:00,4.232165,0.00001
1990-07-04 00:00:00,4.892497,0.00001
1990-07-05 00:00:00,5.268065,0.00001
1990-07-06 00:00:00,5.184709,0.00001
1990-07-07 00:00:00,5.021116,0.00001
1990-07-08 00:00:00,4.992618,0.00001
1990-07-09 00:00:00,4.971378,0.00001
1990-07-10 00:00:00,4.678638,0.00001
1990-07-11 00:00:00,4.382008,0.00001
1990-07-12 00:00:00,4.09059,0.00001
1990-07-13 00:00:00,3.816451,0.00001
1990-07-14 00:00:00,3.53083,0.00001
1990-07-15 00:00:00,3.492146,0.00001
1990-07-16 00:00:00,3.627431,0.00001
1990-07-17 00:00:00,3.380966,0.00001
1990-07-18 00:00:00,3.334296,0.00001
1990-07-19 00:00:00,3.299791,0.00001
1990-07-20 00:00:00,3.207871,0.00001
1990-07-21 00:00:00,2.961127,0.00001
1990-07-22 00:00:00,3.327831,0.00001
1990-07-23 00:00:00,3.331098,0.00001
1990-07-24 00:00:00,3.192311,0.00001
1990-07-25 00:00:00,3.02803,0.00001
1990-07-26 00:00:00,3.102136,0.00001
1990-07-27 00:00:00,3.124426,0.00001
1990-07-28 00:00:00,3.021453,0.00001
1990-07-29 00:00:00,2.780488,0.00001
1990-07-30 00:00:00,2.592211,0.00001
1990-07-31 00:00:00,2.521516,0.00001
1990-08-01 00:00:00,2.648864,0.00001
1990-08-02 00:00:00,2.637955,0.00001
1990-08-03 00:00:00,2.750792,0.00001
1990-08-04 00:00:00,2.687572,0.00001
1990-08-05 00:00:00,2.571558,0.00001
1990-08-06 00:00:00,2.467861,0.00001
1990-08-07 00:00:00,2.413147,0.00001
1990-08-08 00:00:00,2.336526,0.00001
1990-08-09 00:00:00,2.303519,0.00001
1990-08-10 00:00:00,2.161283,0.00001
1990-08-11 00:00:00,1.996894,0.00001
1990-08-12 00:00:00,1.842392,0.00001
1990-08-13 00:00:00,1.680368,0.00001
1990-08-14 00:00:00,1.561406,0.00001
1990-08-15 00:00:00,1.897147,0.00001
1990-08-16 00:00:00,2.363417,0.00001
1990-08-17 00:00:00,2.480402,0.00001
1990-08-18 00:00:00,2.434499,0.00001
1990-08-19 00:00:00,2.618419,0.00001
1990-08-20 00:00:00,2.636011,0.00001
1990-08-21 00:00:00,2.533543,0.00001
1990-08-22 00:00:00,2.429163,0.00001
1990-08-23 00:00:00,2.325892,0.00001
1990-08-24 00:00:00,2.295148,0.00001
1990-08-25 00:00:00,2.235895,0.00001
1990-08-26 00:00:00,2.118782,0.00001
1990-08-27 00:00:00,2.084008,0.00001
1990-08-28 00:00:00,2.558285,0.00001
1990-08-29 00:00:00,2.692455,0.00001
1990-08-30 00:00:00,2.590774,0.00001
1990-08-31 00:00:00,2.487809,0.00001
1990-09-01 00:00:00,2.371838,0.00001
1990-09-02 00:00:00,2.256251,0.00001
1990-09-03 00:00:00,2.201601,0.00001
1990-09-04 00:00:00,2.083436,0.00001
1990-09-05 00:00:00,2.007009,0.00001
1990-09-06 00:00:00,1.992038,0.00001
1990-09-07 00:00:00,2.257572,0.00001
1990-09-08 00:00:00,2.121126,0.00001
1990-09-09 00:00:00,2.02511,0.00001
1990-09-10 00:00:00,1.954938,0.00001
1990-09-11 00:00:00,1.850677,0.00001
1990-09-12 00:00:00,1.856541,0.00001
1990-09-13 00:00:00,1.690607,0.00001
1990-09-14 00:00:00,1.575425,0.00001
1990-09-15 00:00:00,1.493256,0.00001
1990-09-16 00:00:00,1.613781,0.00001
1990-09-17 00:00:00,1.531991,0.00001
1990-09-18 00:00:00,1.502616,0.00001
1990-09-19 00:00:00,2.054201,0.00001
1990-09-20 00:00:00,2.201249,0.00001
1990-09-21 00:00:00,2.227065,0.00001
1990-09-22 00:00:00,2.129421,0.00001
1990-09-23 00:00:00,2.042857,0.00001
1990-09-24 00:00:00,1.982163,0.00001
1990-09-25 00:00:00,1.920497,0.00001
1990-09-26 00:00:00,1.818358,0.00001
1990-09-27 00:00:00,1.687416,0.00001
1990-09-28 00:00:00,1.562931,0.00001
1990-09-29 00:00:00,1.53928,0.00001
1990-09-30 00:00:00,1.68429,0.00001
1990-10-01 00:00:00,1.777146,0.00001
1990-10-02 00:00:00,1.715906,0.00001
1990-10-03 00:00:00,1.699939,0.00001
1990-10-04 00:00:00,1.624644,0.00001
1990-10-05 00:00:00,2.08921,0.00001
1990-10-06 00:00:00,3.400363,0.00001
1990-10-07 00:00:00,3.564921,0.00001
1990-10-08 00:00:00,3.618448,0.00001
1990-10-09 00:00:00,3.641973,0.00001
1990-10-10 00:00:00,3.576162,0.00001
1990-10-11 00:00:00,3.504981,0.00001
1990-10-12 00:00:00,3.402546,0.00001
1990-10-13 00:00:00,3.315853,0.00001
1990-10-14 00:00:00,3.345814,0.00001
1990-10-15 00:00:00,3.285087,0.00001
1990-10-16 00:00:00,3.231045,0.00001
1990-10-17 00:00:00,3.144837,0.00001
1990-10-18 00:00:00,3.104061,0.00001
1990-10-19 00:00:00,3.292298,0.00001
1990-10-20 00:00:00,3.489864,0.00001
1990-10-21 00:00:00,3.539058,0.00001
1990-10-22 00:00:00,3.612251,0.00001
1990-10-23 00:00:00,3.83361,0.00001
1990-10-24 00:00:00,3.897137,0.00001
1990-10-25 00:00:00,3.818461,0.00001
1990-10-26 00:00:00,3.885283,0.00001
1990-10-27 00:00:00,4.836996,0.00001
1990-10-28 00:00:00,5.083541,0.00001
1990-10-29 00:00:00,5.118999,0.00001
1990-10-30 00:00:00,5.173338,0.00001
1990-10-31 00:00:00,5.519669,0.00001
1990-11-01 00:00:00,6.785981,0.00001
1990-11-02 00:00:00,7.506095,0.00001
1990-11-03 00:00:00,7.783058,0.00001
1990-11-04 00:00:00,7.973325,0.00001
1990-11-05 00:00:00,8.120989,0.00001
1990-11-06 00:00:00,8.149409,0.00001
1990-11-07 00:00:00,8.099943,0.00001
1990-11-08 00:00:00,8.160466,0.00001
1990-11-09 00:00:00,8.261237,0.00001
1990-11-10 00:00:00,8.790319,0.00001
1990-11-11 00:00:00,8.931618,0.00001
1990-11-12 00:00:00,8.93929,0.00001
1990-11-13 00:00:00,8.902204,0.00001
1990-11-14 00:00:00,8.852553,0.00001
1990-11-15 00:00:00,8.791157,0.00001
1990-11-16 00:00:00,8.716525,0.00001
1990-11-17 00:00:00,8.641189,0.00001
1990-11-18 00:00:00,8.542882,0.00001
1990-11-19 00:00:00,8.459445,0.00001
1990-11-20 00:00:00,8.329761,0.00001
1990-11-21 00:00:00,8.206471,0.00001
1990-11-22 00:00:00,8.085254,0.00001
1990-11-23 00:00:00,7.953584,0.00001
1990-11-24 00:00:00,7.817239,0.00001
1990-11-25 00:00:00,7.66763,0.00001
1990-11-26 00:00:00,7.619855,0.00001
1990-11-27 00:00:00,8.456288,0.00001
1990-11-28 00:00:00,8.33609,0.00001
1990-11-29 00:00:00,8.205677,0.00001
1990-11-30 00:00:00,8.021477,0.00001
1990-12-01 00:00:00,7.970085,0.00001
1990-12-02 00:00:00,7.814127,0.00001
1990-12-03 00:00:00,7.7912,0.00001
1990-12-04 00:00:00,7.697419,0.00001
1990-12-05 00:00:00,7.583129,0.00001
1990-12-06 00:00:00,7.467468,0.00001
1990-12-07 00:00:00,7.382023,0.00001
1990-12-08 00:00:00,7.362912,0.00001
1990-12-09 00:00:00,7.265751,0.00001
1990-12-10 00:00:00,7.154359,0.00001
1990-12-11 00:00:00,7.116158,0.00001
1990-12-12 00:00:00,7.101343,0.00001
1990-12-13 00:00:00,7.055124,0.00001
1990-12-14 00:00:00,6.98658,0.00001
1990-12-15 00:00:00,6.83992,0.00001
1990-12-16 00:00:00,6.701652,0.00001
1990-12-17 00:00:00,6.565464,0.00001
1990-12-18 00:00:00,6.43904,0.00001
1990-12-19 00:00:00,6.309857,0.00001
1990-12-20 00:00:00,6.18715,0.00001
1990-12-21 00:00:00,6.066879,0.00001
1990-12-22 00:00:00,5.955846,0.00001
1990-12-23 00:00:00,5.848755,0.00001
1990-12-24 00:00:00,5.738674,0.00001
1990-12-25 00:00:00,5.632437,0.00001
1990-12-26 00:00:00,5.537189,0.00001
1990-12-27 00:00:00,5.432293,0.00001
1990-12-28 00:00:00,5.328736,0.00001
1990-12-29 00:00:00,5.237834,0.00001
1990-12-30 00:00:00,5.245376,0.00001
1990-12-31 00:00:00,5.1789,0.00001
1991-01-01 00:00:00,5.077277,0.00001
1991-01-02 00:00:00,4.975519,0.00001
1991-01-03 00:00:00,4.883565,0.00001
1991-01-04 00:00:00,4.800754,0.00001
1991-01-05 00:00:00,4.7159,0.00001
1991-01-06 00:00:00,4.636564,0.00001
1991-01-07 00:00:00,4.565858,0.00001
1991-01-08 00:00:00,4.490528,0.00001
1991-01-09 00:00:00,4.414151,0.00001
1991-01-10 00:00:00,4.472619,0.00001
1991-01-11 00:00:00,4.451718,0.00001
1991-01-12 00:00:00,4.353444,0.00001
1991-01-13 00:00:00,4.264087,0.00001
1991-01-14 00:00:00,4.177729,0.00001
1991-01-15 00:00:00,4.103055,0.00001
1991-01-16 00:00:00,4.069222,0.00001
1991-01-17 00:00:00,4.087884,0.00001
1991-01-18 00:00:00,4.724682,0.00001
1991-01-19 00:00:00,5.070568,0.00001
1991-01-20 00:00:00,5.182088,0.00001
1991-01-21 00:00:00,5.245964,0.00001
1991-01-22 00:00:00,5.368602,0.00001
1991-01-23 00:00:00,5.643932,0.00001
1991-01-24 00:00:00,5.702574,0.00001
1991-01-25 00:00:00,5.991519,0.00001
1991-01-26 00:00:00,6.453513,0.00001
1991-01-27 00:00:00,6.27203,0.00001
1991-01-28 00:00:00,6.228581,0.00001
1991-01-29 00:00:00,6.182374,0.00001
1991-01-30 00:00:00,6.131674,0.00001
1991-01-31 00:00:00,6.08724,0.00001
1991-02-01 00:00:00,6.042937,0.00001
1991-02-02 00:00:00,6.005782,0.00001
1991-02-03 00:00:00,5.967579,0.00001
1991-02-04 00:00:00,5.922781,0.00001
1991-02-05 00:00:00,5.869908,0.00001
1991-02-06 00:00:00,5.810627,0.00001
1991-02-07 00:00:00,5.738769,0.00001
1991-02-08 00:00:00,5.656035,0.00001
1991-02-09 00:00:00,5.598798,0.00001
1991-02-10 00:00:00,5.505708,0.00001
1991-02-11 00:00:00,5.509008,0.00001
1991-02-12 00:00:00,5.456605,0.00001
1991-02-13 00:00:00,5.412409,0.00001
1991-02-14 00:00:00,5.398503,0.00001
1991-02-15 00:00:00,5.391989,0.00001
1991-02-16 00:00:00,5.320757,0.00001
1991-02-17 00:00:00,5.259934,0.00001
1991-02-18 00:00:00,5.192708,0.00001
1991-02-19 00:00:00,5.082208,0.00001
1991-02-20 00:00:00,4.971792,0.00001
1991-02-21 00:00:00,5.06552,0.00001
1991-02-22 00:00:00,5.004374,0.00001
1991-02-23 00:00:00,4.87897,0.00001
1991-02-24 00:00:00,5.106213,0.00001
1991-02-25 00:00:00,5.428301,0.00001
1991-02-26 00:00:00,5.719551,0.00001
1991-02-27 00:00:00,5.946179,0.00001
1991-02-28 00:00:00,6.193125,0.00001
1991-03-01 00:00:00,6.303943,0.00001
1991-03-02 00:00:00,6.372694,0.00001
1991-03-03 00:00:00,6.434945,0.00001
1991-03-04 00:00:00,6.488228,0.00001
1991-03-05 00:00:00,6.542454,0.00001
1991-03-06 00:00:00,6.673792,0.00001
1991-03-07 00:00:00,6.754466,0.00001
1991-03-08 00:00:00,6.76123,0.00001
1991-03-09 00:00:00,6.781544,0.00001
1991-03-10 00:00:00,6.771495,0.00001
1991-03-11 00:00:00,6.717977,0.00001
1991-03-12 00:00:00,6.663716,0.00001
1991-03-13 00:00:00,6.627786,0.00001
1991-03-14 00:00:00,6.517453,0.00001
1991-03-15 00:00:00,6.424892,0.00001
1991-03-16 00:00:00,6.325166,0.00001
1991-03-17 00:00:00,6.271028,0.00001
1991-03-18 00:00:00,6.246153,0.00001
1991-03-19 00:00:00,6.185853,0.00001
1991-03-20 00:00:00,6.126791,0.00001
1991-03-21 00:00:00,6.038023,0.00001
1991-03-22 00:00:00,5.95314,0.00001
1991-03-23 00:00:00,5.82768,0.00001
1991-03-24 00:00:00,5.861675,0.00001
1991-03-25 00:00:00,5.966577,0.00001
1991-03-26 00:00:00,6.09876,0.00001
1991-03-27 00:00:00,6.061341,0.00001
1991-03-28 00:00:00,5.990723,0.00001
1991-03-29 00:00:00,5.917123,0.00001
1991-03-30 00:00:00,5.823353,0.00001
1991-03-31 00:00:00,5.775721,0.00001
1991-04-01 00:00:00,5.707859,0.00001
1991-04-02 00:00:00,5.610294,0.00001
1991-04-03 00:00:00,5.508343,0.00001
1991-04-04 00:00:00,5.391956,0.00001
1991-04-05 00:00:00,5.449612,0.00001
1991-04-06 00:00:00,5.353349,0.00001
1991-04-07 00:00:00,5.3686,0.00001
1991-04-08 00:00:00,5.294974,0.00001
1991-04-09 00:00:00,5.18544,0.00001
1991-04-10 00:00:00,5.058676,0.00001
1991-04-11 00:00:00,4.882894,0.00001
1991-04-12 00:00:00,4.686603,0.00001
1991-04-13 00:00:00,4.587272,0.00001
1991-04-14 00:00:00,4.484176,0.00001
1991-04-15 00:00:00,4.504076,0.00001
1991-04-16 00:00:00,4.735675,0.00001
1991-04-17 00:00:00,4.658419,0.00001
1991-04-18 00:00:00,4.54548,0.00001
1991-04-19 00:00:00,4.486576,0.00001
1991-04-20 00:00:00,4.673046,0.00001
1991-04-21 00:00:00,5.083296,0.00001
1991-04-22 00:00:00,4.947041,0.00001
1991-04-23 00:00:00,4.896256,0.00001
1991-04-24 00:00:00,4.817235,0.00001
1991-04-25 00:00:00,4.700686,0.00001
1991-04-26 00:00:00,4.64061,0.00001
1991-04-27 00:00:00,4.585885,0.00001
1991-04-28 00:00:00,4.449428,0.00001
1991-04-29 00:00:00,4.492782,0.00001
1991-04-30 00:00:00,5.217582,0.00001
1991-05-01 00:00:00,5.345901,0.00001
1991-05-02 00:00:00,5.278664,0.00001
1991-05-03 00:00:00,5.147316,0.00001
1991-05-04 00:00:00,5.071081,0.00001
1991-05-05 00:00:00,5.048677,0.00001
1991-05-06 00:00:00,5.052353,0.00001
1991-05-07 00:00:00,4.993028,0.00001
1991-05-08 00:00:00,4.957668,0.00001
1991-05-09 00:00:00,5.202926,0.00001
1991-05-10 00:00:00,5.79186,0.00001
1991-05-11 00:00:00,6.770091,0.00001
1991-05-12 00:00:00,6.914973,0.00001
1991-05-13 00:00:00,6.924896,0.00001
1991-05-14 00:00:00,6.889763,0.00001
1991-05-15 00:00:00,7.138749,0.00001
1991-05-16 00:00:00,7.314558,0.00001
1991-05-17 00:00:00,7.249797,0.00001
1991-05-18 00:00:00,7.0789,0.00001
1991-05-19 00:00:00,6.846428,0.00001
1991-05-20 00:00:00,6.78577,0.00001
1991-05-21 00:00:00,7.251432,0.00001
1991-05-22 00:00:00,7.115616,0.00001
1991-05-23 00:00:00,6.960162,0.00001
1991-05-24 00:00:00,7.286732,0.00001
1991-05-25 00:00:00,7.317402,0.00001
1991-05-26 00:00:00,7.359774,0.00001
1991-05-27 00:00:00,7.354762,0.00001
1991-05-28 00:00:00,7.513867,0.00001
1991-05-29 00:00:00,8.121446,0.00001
1991-05-30 00:00:00,7.815395,0.00001
1991-05-31 00:00:00,7.489911,0.00001
1991-06-01 00:00:00,7.445027,0.00001
1991-06-02 00:00:00,8.16501,0.00001
1991-06-03 00:00:00,8.625355,0.00001
1991-06-04 00:00:00,8.60374,0.00001
1991-06-05 00:00:00,8.656007,0.00001
1991-06-06 00:00:00,8.791809,0.00001
1991-06-07 00:00:00,10.643531,0.00001
1991-06-08 00:00:00,12.552571,0.00001
1991-06-09 00:00:00,13.072312,0.00001
1991-06-10 00:00:00,13.503838,0.00001
1991-06-11 00:00:00,13.76227,0.00001
1991-06-12 00:00:00,13.778512,0.00001
1991-06-13 00:00:00,13.580782,0.00001
1991-06-14 00:00:00,13.239387,0.00001
1991-06-15 00:00:00,12.887085,0.00001
1991-06-16 00:00:00,12.555795,0.00001
1991-06-17 00:00:00,14.707557,0.00001
1991-06-18 00:00:00,23.365619,0.00001
1991-06-19 00:00:00,27.834185,0.00001
1991-06-20 00:00:00,29.93125,0.00001
1991-06-21 00:00:00,30.658636,0.00001
1991-06-22 00:00:00,30.987731,0.00001
1991-06-23 00:00:00,31.173879,0.00001
1991-06-24 00:00:00,31.490051,0.00001
1991-06-25 00:00:00,30.946606,0.00001
1991-06-26 00:00:00,30.179176,0.00001
1991-06-27 00:00:00,29.313413,0.00001
1991-06-28 00:00:00,28.306936,0.00001
1991-06-29 00:00:00,27.232988,0.00001
1991-06-30 00:00:00,26.758695,0.00001
1991-07-01 00:00:00,26.179403,0.00001
1991-07-02 00:00:00,25.123134,0.00001
1991-07-03 00:00:00,24.517794,0.00001
1991-07-04 00:00:00,23.36118,0.00001
1991-07-05 00:00:00,22.211007,0.00001
1991-07-06 00:00:00,21.043839,0.00001
1991-07-07 00:00:00,20.025118,0.00001
1991-07-08 00:00:00,19.081041,0.00001
1991-07-09 00:00:00,18.302504,0.00001
1991-07-10 00:00:00,17.618361,0.00001
1991-07-11 00:00:00,16.765437,0.00001
1991-07-12 00:00:00,16.125981,0.00001
1991-07-13 00:00:00,16.006869,0.00001
1991-07-14 00:00:00,15.384328,0.00001
1991-07-15 00:00:00,14.72709,0.00001
1991-07-16 00:00:00,14.059194,0.00001
1991-07-17 00:00:00,13.239343,0.00001
1991-07-18 00:00:00,13.547805,0.00001
1991-07-19 00:00:00,16.876319,0.00001
1991-07-20 00:00:00,16.681529,0.00001
1991-07-21 00:00:00,16.149597,0.00001
1991-07-22 00:00:00,15.757079,0.00001
1991-07-23 00:00:00,15.492946,0.00001
1991-07-24 00:00:00,15.120391,0.00001
1991-07-25 00:00:00,14.704832,0.00001
1991-07-26 00:00:00,14.150573,0.00001
1991-07-27 00:00:00,13.496244,0.00001
1991-07-28 00:00:00,12.965632,0.00001
1991-07-29 00:00:00,12.77305,0.00001
1991-07-30 00:00:00,12.522234,0.00001
1991-07-31 00:00:00,12.020821,0.00001
1991-08-01 00:00:00,11.613951,0.00001
1991-08-02 00:00:00,11.138018,0.00001
1991-08-03 00:00:00,10.683276,0.00001
1991-08-04 00:00:00,10.186124,0.00001
1991-08-05 00:00:00,9.877282,0.00001
1991-08-06 00:00:00,10.478966,0.00001
1991-08-07 00:00:00,11.546465,0.00001
1991-08-08 00:00:00,11.236629,0.00001
1991-08-09 00:00:00,10.804896,0.00001
1991-08-10 00:00:00,10.421531,0.00001
1991-08-11 00:00:00,10.104942,0.00001
1991-08-12 00:00:00,9.757231,0.00001
1991-08-13 00:00:00,9.349462,0.00001
1991-08-14 00:00:00,8.981885,0.00001
1991-08-15 00:00:00,8.598293,0.00001
1991-08-16 00:00:00,8.24373,0.00001
1991-08-17 00:00:00,7.886017,0.00001
1991-08-18 00:00:00,7.590436,0.00001
1991-08-19 00:00:00,7.381693,0.00001
1991-08-20 00:00:00,7.49271,0.00001
1991-08-21 00:00:00,7.40169,0.00001
1991-08-22 00:00:00,7.154416,0.00001
1991-08-23 00:00:00,6.861802,0.00001
1991-08-24 00:00:00,6.537145,0.00001
1991-08-25 00:00:00,6.213416,0.00001
1991-08-26 00:00:00,5.909682,0.00001
1991-08-27 00:00:00,5.649311,0.00001
1991-08-28 00:00:00,5.411413,0.00001
1991-08-29 00:00:00,5.169379,0.00001
1991-08-30 00:00:00,4.92547,0.00001
1991-08-31 00:00:00,4.672215,0.00001
1991-09-01 00:00:00,4.427305,0.00001
1991-09-02 00:00:00,4.182806,0.00001
1991-09-03 00:00:00,3.939876,0.00001
1991-09-04 00:00:00,3.703527,0.00001
1991-09-05 00:00:00,3.471044,0.00001
1991-09-06 00:00:00,3.259259,0.00001
1991-09-07 00:00:00,3.069105,0.00001
1991-09-08 00:00:00,2.912675,0.00001
1991-09-09 00:00:00,2.92504,0.00001
1991-09-10 00:00:00,2.756286,0.00001
1991-09-11 00:00:00,2.570268,0.00001
1991-09-12 00:00:00,2.418809,0.00001
1991-09-13 00:00:00,2.306132,0.00001
1991-09-14 00:00:00,2.187159,0.00001
1991-09-15 00:00:00,2.118575,0.00001
1991-09-16 00:00:00,2.029629,0.00001
1991-09-17 00:00:00,1.937876,0.00001
1991-09-18 00:00:00,1.831548,0.00001
1991-09-19 00:00:00,1.691367,0.00001
1991-09-20 00:00:00,1.564147,0.00001
1991-09-21 00:00:00,1.627199,0.00001
1991-09-22 00:00:00,1.479061,0.00001
1991-09-23 00:00:00,1.35526,0.00001
1991-09-24 00:00:00,1.373278,0.00001
1991-09-25 00:00:00,1.302608,0.00001
1991-09-26 00:00:00,1.32194,0.00001
1991-09-27 00:00:00,1.688659,0.00001
1991-09-28 00:00:00,1.63238,0.00001
1991-09-29 00:00:00,1.557181,0.00001
1991-09-30 00:00:00,1.44421,0.00001
1991-10-01 00:00:00,1.314746,0.00001
1991-10-02 00:00:00,1.197823,0.00001
1991-10-03 00:00:00,1.125188,0.00001
1991-10-04 00:00:00,1.052358,0.00001
1991-10-05 00:00:00,1.003589,0.00001
1991-10-06 00:00:00,0.914734,0.00001
1991-10-07 00:00:00,0.884825,0.00001
1991-10-08 00:00:00,0.930691,0.00001
1991-10-09 00:00:00,0.885552,0.00001
1991-10-10 00:00:00,0.882282,0.00001
1991-10-11 00:00:00,0.86905,0.00001
1991-10-12 00:00:00,0.843125,0.00001
1991-10-13 00:00:00,0.81551,0.00001
1991-10-14 00:00:00,0.787448,0.00001
1991-10-15 00:00:00,0.76901,0.00001
1991-10-16 00:00:00,0.757491,0.00001
1991-10-17 00:00:00,0.80903,0.00001
1991-10-18 00:00:00,0.89229,0.00001
1991-10-19 00:00:00,0.870546,0.00001
1991-10-20 00:00:00,0.858748,0.00001
1991-10-21 00:00:00,0.839666,0.00001
1991-10-22 00:00:00,0.868161,0.00001
1991-10-23 00:00:00,0.930187,0.00001
1991-10-24 00:00:00,1.172966,0.00001
1991-10-25 00:00:00,1.172253,0.00001
1991-10-26 00:00:00,1.132396,0.00001
1991-10-27 00:00:00,1.089406,0.00001
1991-10-28 00:00:00,1.045466,0.00001
1991-10-29 00:00:00,1.005597,0.00001
1991-10-30 00:00:00,1.872703,0.00001
1991-10-31 00:00:00,2.277558,0.00001
1991-11-01 00:00:00,2.385928,0.00001
1991-11-02 00:00:00,2.414829,0.00001
1991-11-03 00:00:00,2.459107,0.00001
1991-11-04 00:00:00,2.456065,0.00001
1991-11-05 00:00:00,2.543974,0.00001
1991-11-06 00:00:00,2.588536,0.00001
1991-11-07 00:00:00,2.656537,0.00001
1991-11-08 00:00:00,2.669816,0.00001
1991-11-09 00:00:00,2.660371,0.00001
1991-11-10 00:00:00,2.670417,0.00001
1991-11-11 00:00:00,2.68662,0.00001
1991-11-12 00:00:00,2.678423,0.00001
1991-11-13 00:00:00,2.675591,0.00001
1991-11-14 00:00:00,2.690326,0.00001
1991-11-15 00:00:00,2.702337,0.00001
1991-11-16 00:00:00,2.730616,0.00001
1991-11-17 00:00:00,2.800567,0.00001
1991-11-18 00:00:00,2.862563,0.00001
1991-11-19 00:00:00,2.841233,0.00001
1991-11-20 00:00:00,2.837449,0.00001
1991-11-21 00:00:00,2.979332,0.00001
1991-11-22 00:00:00,2.993596,0.00001
1991-11-23 00:00:00,3.030967,0.00001
1991-11-24 00:00:00,3.084632,0.00001
1991-11-25 00:00:00,3.101999,0.00001
1991-11-26 00:00:00,3.070663,0.00001
1991-11-27 00:00:00,3.049535,0.00001
1991-11-28 00:00:00,3.108725,0.00001
1991-11-29 00:00:00,3.06981,0.00001
1991-11-30 00:00:00,3.101585,0.00001
1991-12-01 00:00:00,3.334283,0.00001
1991-12-02 00:00:00,3.421075,0.00001
1991-12-03 00:00:00,3.424643,0.00001
1991-12-04 00:00:00,3.436891,0.00001
1991-12-05 00:00:00,3.573939,0.00001
1991-12-06 00:00:00,3.600746,0.00001
1991-12-07 00:00:00,3.605795,0.00001
1991-12-08 00:00:00,3.568708,0.00001
1991-12-09 00:00:00,3.543452,0.00001
1991-12-10 00:00:00,3.541091,0.00001
1991-12-11 00:00:00,3.497422,0.00001
1991-12-12 00:00:00,3.457184,0.00001
1991-12-13 00:00:00,3.441615,0.00001
1991-12-14 00:00:00,3.415427,0.00001
1991-12-15 00:00:00,3.426888,0.00001
1991-12-16 00:00:00,3.718862,0.00001
1991-12-17 00:00:00,3.7815,0.00001
1991-12-18 00:00:00,3.807697,0.00001
1991-12-19 00:00:00,3.831211,0.00001
1991-12-20 00:00:00,3.852934,0.00001
1991-12-21 00:00:00,3.859115,0.00001
1991-12-22 00:00:00,3.856293,0.00001
1991-12-23 00:00:00,3.903845,0.00001
1991-12-24 00:00:00,3.999854,0.00001
1991-12-25 00:00:00,4.013467,0.00001
1991-12-26 00:00:00,4.235336,0.00001
1991-12-27 00:00:00,4.206845,0.00001
1991-12-28 00:00:00,4.199053,0.00001
1991-12-29 00:00:00,4.148778,0.00001
1991-12-30 00:00:00,4.109471,0.00001
1991-12-31 00:00:00,4.072999,0.00001
1992-01-01 00:00:00,4.034199,0.00001
1992-01-02 00:00:00,3.98684,0.00001
1992-01-03 00:00:00,3.872164,0.00001
1992-01-04 00:00:00,3.938672,0.00001
1992-01-05 00:00:00,4.381745,0.00001
1992-01-06 00:00:00,4.694543,0.00001
1992-01-07 00:00:00,4.787879,0.00001
1992-01-08 00:00:00,4.875873,0.00001
1992-01-09 00:00:00,4.956207,0.00001
1992-01-10 00:00:00,5.093976,0.00001
1992-01-11 00:00:00,5.140199,0.00001
1992-01-12 00:00:00,5.114151,0.00001
1992-01-13 00:00:00,5.100363,0.00001
1992-01-14 00:00:00,5.078067,0.00001
1992-01-15 00:00:00,5.114318,0.00001
1992-01-16 00:00:00,5.172247,0.00001
1992-01-17 00:00:00,5.111625,0.00001
1992-01-18 00:00:00,5.07569,0.00001
1992-01-19 00:00:00,5.037959,0.00001
1992-01-20 00:00:00,4.990969,0.00001
1992-01-21 00:00:00,4.939273,0.00001
1992-01-22 00:00:00,4.786907,0.00001
1992-01-23 00:00:00,4.955117,0.00001
1992-01-24 00:00:00,5.184235,0.00001
1992-01-25 00:00:00,5.296497,0.00001
1992-01-26 00:00:00,5.308595,0.00001
1992-01-27 00:00:00,5.360101,0.00001
1992-01-28 00:00:00,5.331189,0.00001
1992-01-29 00:00:00,5.289286,0.00001
1992-01-30 00:00:00,5.244914,0.00001
1992-01-31 00:00:00,5.198705,0.00001
1992-02-01 00:00:00,5.110987,0.00001
1992-02-02 00:00:00,5.090452,0.00001
1992-02-03 00:00:00,5.042333,0.00001
1992-02-04 00:00:00,5.258866,0.00001
1992-02-05 00:00:00,5.444764,0.00001
1992-02-06 00:00:00,5.321815,0.00001
1992-02-07 00:00:00,5.231784,0.00001
1992-02-08 00:00:00,5.160615,0.00001
1992-02-09 00:00:00,5.073635,0.00001
1992-02-10 00:00:00,4.988633,0.00001
1992-02-11 00:00:00,4.930131,0.00001
1992-02-12 00:00:00,4.91723,0.00001
1992-02-13 00:00:00,4.859265,0.00001
1992-02-14 00:00:00,4.783298,0.00001
1992-02-15 00:00:00,4.710955,0.00001
1992-02-16 00:00:00,4.700608,0.00001
1992-02-17 00:00:00,4.651962,0.00001
1992-02-18 00:00:00,4.53943,0.00001
1992-02-19 00:00:00,4.353093,0.00001
1992-02-20 00:00:00,4.577138,0.00001
1992-02-21 00:00:00,4.807588,0.00001
1992-02-22 00:00:00,5.773635,0.00001
1992-02-23 00:00:00,6.031702,0.00001
1992-02-24 00:00:00,6.168957,0.00001
1992-02-25 00:00:00,6.233321,0.00001
1992-02-26 00:00:00,6.266379,0.00001
1992-02-27 00:00:00,6.503495,0.00001
1992-02-28 00:00:00,6.669405,0.00001
1992-02-29 00:00:00,6.636425,0.00001
1992-03-01 00:00:00,6.772325,0.00001
1992-03-02 00:00:00,7.038213,0.00001
1992-03-03 00:00:00,7.171723,0.00001
1992-03-04 00:00:00,7.232894,0.00001
1992-03-05 00:00:00,7.311706,0.00001
1992-03-06 00:00:00,7.336111,0.00001
1992-03-07 00:00:00,7.320056,0.00001
1992-03-08 00:00:00,7.29307,0.00001
1992-03-09 00:00:00,7.911561,0.00001
1992-03-10 00:00:00,7.969322,0.00001
1992-03-11 00:00:00,7.936873,0.00001
1992-03-12 00:00:00,7.969882,0.00001
1992-03-13 00:00:00,8.401927,0.00001
1992-03-14 00:00:00,8.294402,0.00001
1992-03-15 00:00:00,8.26491,0.00001
1992-03-16 00:00:00,8.202324,0.00001
1992-03-17 00:00:00,7.995147,0.00001
1992-03-18 00:00:00,8.173562,0.00001
1992-03-19 00:00:00,8.072012,0.00001
1992-03-20 00:00:00,8.044664,0.00001
1992-03-21 00:00:00,8.044154,0.00001
1992-03-22 00:00:00,8.007854,0.00001
1992-03-23 00:00:00,8.039435,0.00001
1992-03-24 00:00:00,8.1502,0.00001
1992-03-25 00:00:00,8.466794,0.00001
1992-03-26 00:00:00,8.401217,0.00001
1992-03-27 00:00:00,8.237021,0.00001
1992-03-28 00:00:00,8.298173,0.00001
1992-03-29 00:00:00,8.300555,0.00001
1992-03-30 00:00:00,8.277686,0.00001
1992-03-31 00:00:00,8.161504,0.00001
1992-04-01 00:00:00,7.964354,0.00001
1992-04-02 00:00:00,7.768379,0.00001
1992-04-03 00:00:00,7.600279,0.00001
1992-04-04 00:00:00,7.476457,0.00001
1992-04-05 00:00:00,7.629074,0.00001
1992-04-06 00:00:00,7.593336,0.00001
1992-04-07 00:00:00,7.446818,0.00001
1992-04-08 00:00:00,7.331039,0.00001
1992-04-09 00:00:00,7.172946,0.00001
1992-04-10 00:00:00,7.081966,0.00001
1992-04-11 00:00:00,7.381431,0.00001
1992-04-12 00:00:00,7.664202,0.00001
1992-04-13 00:00:00,7.487184,0.00001
1992-04-14 00:00:00,7.315648,0.00001
1992-04-15 00:00:00,7.095714,0.00001
1992-04-16 00:00:00,6.947081,0.00001
1992-04-17 00:00:00,6.840126,0.00001
1992-04-18 00:00:00,6.718077,0.00001
1992-04-19 00:00:00,6.880846,0.00001
1992-04-20 00:00:00,6.789411,0.00001
1992-04-21 00:00:00,6.704491,0.00001
1992-04-22 00:00:00,6.5325,0.00001
1992-04-23 00:00:00,6.402607,0.00001
1992-04-24 00:00:00,6.317745,0.00001
1992-04-25 00:00:00,6.063894,0.00001
1992-04-26 00:00:00,5.836079,0.00001
1992-04-27 00:00:00,5.678348,0.00001
1992-04-28 00:00:00,5.438147,0.00001
1992-04-29 00:00:00,5.214338,0.00001
1992-04-30 00:00:00,6.07899,0.00001
1992-05-01 00:00:00,6.839742,0.00001
1992-05-02 00:00:00,7.608043,0.00001
1992-05-03 00:00:00,7.738632,0.00001
1992-05-04 00:00:00,7.641496,0.00001
1992-05-05 00:00:00,7.609969,0.00001
1992-05-06 00:00:00,7.453306,0.00001
1992-05-07 00:00:00,7.770713,0.00001
1992-05-08 00:00:00,7.919051,0.00001
1992-05-09 00:00:00,7.870095,0.00001
1992-05-10 00:00:00,7.684687,0.00001
1992-05-11 00:00:00,7.532888,0.00001
1992-05-12 00:00:00,7.430405,0.00001
1992-05-13 00:00:00,7.319476,0.00001
1992-05-14 00:00:00,7.373676,0.00001
1992-05-15 00:00:00,7.336189,0.00001
1992-05-16 00:00:00,7.20186,0.00001
1992-05-17 00:00:00,6.965695,0.00001
1992-05-18 00:00:00,6.957328,0.00001
1992-05-19 00:00:00,6.775545,0.00001
1992-05-20 00:00:00,6.608155,0.00001
1992-05-21 00:00:00,6.401328,0.00001
1992-05-22 00:00:00,6.172477,0.00001
1992-05-23 00:00:00,5.944659,0.00001
1992-05-24 00:00:00,6.015083,0.00001
1992-05-25 00:00:00,5.981129,0.00001
1992-05-26 00:00:00,5.779825,0.00001
1992-05-27 00:00:00,5.551469,0.00001
1992-05-28 00:00:00,5.672774,0.00001
1992-05-29 00:00:00,6.074966,0.00001
1992-05-30 00:00:00,6.033961,0.00001
1992-05-31 00:00:00,5.790408,0.00001
1992-06-01 00:00:00,5.507713,0.00001
1992-06-02 00:00:00,5.256409,0.00001
1992-06-03 00:00:00,5.053738,0.00001
1992-06-04 00:00:00,4.821572,0.00001
1992-06-05 00:00:00,4.866986,0.00001
1992-06-06 00:00:00,4.890947,0.00001
1992-06-07 00:00:00,5.330941,0.00001
1992-06-08 00:00:00,5.245846,0.00001
1992-06-09 00:00:00,5.001935,0.00001
1992-06-10 00:00:00,4.718731,0.00001
1992-06-11 00:00:00,4.566849,0.00001
1992-06-12 00:00:00,4.382726,0.00001
1992-06-13 00:00:00,4.14573,0.00001
1992-06-14 00:00:00,3.936127,0.00001
1992-06-15 00:00:00,5.107228,0.00001
1992-06-16 00:00:00,6.071341,0.00001
1992-06-17 00:00:00,6.1201,0.00001
1992-06-18 00:00:00,6.051023,0.00001
1992-06-19 00:00:00,5.909533,0.00001
1992-06-20 00:00:00,5.941673,0.00001
1992-06-21 00:00:00,7.490736,0.00001
1992-06-22 00:00:00,7.595361,0.00001
1992-06-23 00:00:00,7.701251,0.00001
1992-06-24 00:00:00,7.849337,0.00001
1992-06-25 00:00:00,8.078546,0.00001
1992-06-26 00:00:00,7.903178,0.00001
1992-06-27 00:00:00,7.693259,0.00001
1992-06-28 00:00:00,7.545395,0.00001
1992-06-29 00:00:00,7.678158,0.00001
1992-06-30 00:00:00,7.876597,0.00001
1992-07-01 00:00:00,7.685088,0.00001
1992-07-02 00:00:00,7.702672,0.00001
1992-07-03 00:00:00,7.594525,0.00001
1992-07-04 00:00:00,7.566477,0.00001
1992-07-05 00:00:00,7.578263,0.00001
1992-07-06 00:00:00,8.110413,0.00001
1992-07-07 00:00:00,8.136115,0.00001
1992-07-08 00:00:00,10.047486,0.00001
1992-07-09 00:00:00,10.233631,0.00001
1992-07-10 00:00:00,10.151158,0.00001
1992-07-11 00:00:00,10.001341,0.00001
1992-07-12 00:00:00,9.839005,0.00001
1992-07-13 00:00:00,9.601565,0.00001
1992-07-14 00:00:00,9.53657,0.00001
1992-07-15 00:00:00,9.219466,0.00001
1992-07-16 00:00:00,9.024946,0.00001
1992-07-17 00:00:00,9.62038,0.00001
1992-07-18 00:00:00,9.720093,0.00001
1992-07-19 00:00:00,9.734669,0.00001
1992-07-20 00:00:00,9.738699,0.00001
1992-07-21 00:00:00,10.741051,0.00001
1992-07-22 00:00:00,10.872013,0.00001
1992-07-23 00:00:00,11.182965,0.00001
1992-07-24 00:00:00,11.10347,0.00001
1992-07-25 00:00:00,11.388036,0.00001
1992-07-26 00:00:00,11.648375,0.00001
1992-07-27 00:00:00,12.644634,0.00001
1992-07-28 00:00:00,12.408634,0.00001
1992-07-29 00:00:00,12.265323,0.00001
1992-07-30 00:00:00,12.018004,0.00001
1992-07-31 00:00:00,11.69226,0.00001
1992-08-01 00:00:00,11.553164,0.00001
1992-08-02 00:00:00,11.14994,0.00001
1992-08-03 00:00:00,11.453406,0.00001
1992-08-04 00:00:00,11.489041,0.00001
1992-08-05 00:00:00,11.188463,0.00001
1992-08-06 00:00:00,10.845729,0.00001
1992-08-07 00:00:00,10.444561,0.00001
1992-08-08 00:00:00,10.025879,0.00001
1992-08-09 00:00:00,9.732874,0.00001
1992-08-10 00:00:00,9.453862,0.00001
1992-08-11 00:00:00,9.523406,0.00001
1992-08-12 00:00:00,10.345663,0.00001
1992-08-13 00:00:00,10.187941,0.00001
1992-08-14 00:00:00,10.040095,0.00001
1992-08-15 00:00:00,10.163128,0.00001
1992-08-16 00:00:00,9.904662,0.00001
1992-08-17 00:00:00,10.055844,0.00001
1992-08-18 00:00:00,9.926311,0.00001
1992-08-19 00:00:00,9.795721,0.00001
1992-08-20 00:00:00,9.609681,0.00001
1992-08-21 00:00:00,9.391917,0.00001
1992-08-22 00:00:00,9.065208,0.00001
1992-08-23 00:00:00,8.826187,0.00001
1992-08-24 00:00:00,8.523636,0.00001
1992-08-25 00:00:00,8.222618,0.00001
1992-08-26 00:00:00,7.904113,0.00001
1992-08-27 00:00:00,7.615048,0.00001
1992-08-28 00:00:00,7.324378,0.00001
1992-08-29 00:00:00,7.077664,0.00001
1992-08-30 00:00:00,7.148242,0.00001
1992-08-31 00:00:00,6.84794,0.00001
1992-09-01 00:00:00,6.53399,0.00001
1992-09-02 00:00:00,6.259689,0.00001
1992-09-03 00:00:00,6.022519,0.00001
1992-09-04 00:00:00,5.773221,0.00001
1992-09-05 00:00:00,5.593942,0.00001
1992-09-06 00:00:00,5.317816,0.00001
1992-09-07 00:00:00,5.163783,0.00001
1992-09-08 00:00:00,5.097212,0.00001
1992-09-09 00:00:00,4.983524,0.00001
1992-09-10 00:00:00,4.759422,0.00001
1992-09-11 00:00:00,4.52437,0.00001
1992-09-12 00:00:00,4.315353,0.00001
1992-09-13 00:00:00,4.141822,0.00001
1992-09-14 00:00:00,3.925589,0.00001
1992-09-15 00:00:00,3.755418,0.00001
1992-09-16 00:00:00,3.806545,0.00001
1992-09-17 00:00:00,3.931351,0.00001
1992-09-18 00:00:00,3.73564,0.00001
1992-09-19 00:00:00,3.739687,0.00001
1992-09-20 00:00:00,3.614791,0.00001
1992-09-21 00:00:00,3.48097,0.00001
1992-09-22 00:00:00,3.54871,0.00001
1992-09-23 00:00:00,3.500066,0.00001
1992-09-24 00:00:00,3.344012,0.00001
1992-09-25 00:00:00,3.173691,0.00001
1992-09-26 00:00:00,3.019656,0.00001
1992-09-27 00:00:00,2.87924,0.00001
1992-09-28 00:00:00,2.78813,0.00001
1992-09-29 00:00:00,2.63945,0.00001
1992-09-30 00:00:00,2.519102,0.00001
1992-10-01 00:00:00,2.408964,0.00001
1992-10-02 00:00:00,2.280686,0.00001
1992-10-03 00:00:00,2.13072,0.00001
1992-10-04 00:00:00,1.976655,0.00001
1992-10-05 00:00:00,1.844718,0.00001
1992-10-06 00:00:00,1.710814,0.00001
1992-10-07 00:00:00,1.616584,0.00001
1992-10-08 00:00:00,1.54012,0.00001
1992-10-09 00:00:00,1.48964,0.00001
1992-10-10 00:00:00,1.403732,0.00001
1992-10-11 00:00:00,1.434705,0.00001
1992-10-12 00:00:00,1.440298,0.00001
1992-10-13 00:00:00,1.626296,0.00001
1992-10-14 00:00:00,1.589011,0.00001
1992-10-15 00:00:00,1.520137,0.00001
1992-10-16 00:00:00,1.464089,0.00001
1992-10-17 00:00:00,1.396599,0.00001
1992-10-18 00:00:00,1.31946,0.00001
1992-10-19 00:00:00,1.286818,0.00001
1992-10-20 00:00:00,1.229606,0.00001
1992-10-21 00:00:00,1.177081,0.00001
1992-10-22 00:00:00,1.163338,0.00001
1992-10-23 00:00:00,1.22468,0.00001
1992-10-24 00:00:00,1.248927,0.00001
1992-10-25 00:00:00,1.255539,0.00001
1992-10-26 00:00:00,1.380331,0.00001
1992-10-27 00:00:00,1.425491,0.00001
1992-10-28 00:00:00,1.422097,0.00001
1992-10-29 00:00:00,1.363473,0.00001
1992-10-30 00:00:00,1.355495,0.00001
1992-10-31 00:00:00,1.383588,0.00001
1992-11-01 00:00:00,1.505417,0.00001
1992-11-02 00:00:00,1.54571,0.00001
1992-11-03 00:00:00,1.558392,0.00001
1992-11-04 00:00:00,1.592259,0.00001
1992-11-05 00:00:00,1.685647,0.00001
1992-11-06 00:00:00,1.79275,0.00001
1992-11-07 00:00:00,1.76928,0.00001
1992-11-08 00:00:00,1.737545,0.00001
1992-11-09 00:00:00,1.751028,0.00001
1992-11-10 00:00:00,1.738971,0.00001
1992-11-11 00:00:00,1.715759,0.00001
1992-11-12 00:00:00,1.692516,0.00001
1992-11-13 00:00:00,1.67718,0.00001
1992-11-14 00:00:00,1.75922,0.00001
1992-11-15 00:00:00,1.815463,0.00001
1992-11-16 00:00:00,1.771968,0.00001
1992-11-17 00:00:00,1.739707,0.00001
1992-11-18 00:00:00,1.728881,0.00001
1992-11-19 00:00:00,1.775702,0.00001
1992-11-20 00:00:00,1.759705,0.00001
1992-11-21 00:00:00,1.781183,0.00001
1992-11-22 00:00:00,1.7671,0.00001
1992-11-23 00:00:00,1.753733,0.00001
1992-11-24 00:00:00,1.726685,0.00001
1992-11-25 00:00:00,1.701286,0.00001
1992-11-26 00:00:00,1.669814,0.00001
1992-11-27 00:00:00,1.66546,0.00001
1992-11-28 00:00:00,1.659302,0.00001
1992-11-29 00:00:00,1.769728,0.00001
1992-11-30 00:00:00,1.788432,0.00001
1992-12-01 00:00:00,1.775362,0.00001
1992-12-02 00:00:00,1.834518,0.00001
1992-12-03 00:00:00,2.050268,0.00001
1992-12-04 00:00:00,2.128198,0.00001
1992-12-05 00:00:00,2.152161,0.00001
1992-12-06 00:00:00,2.160532,0.00001
1992-12-07 00:00:00,2.157508,0.00001
1992-12-08 00:00:00,2.198385,0.00001
1992-12-09 00:00:00,2.266071,0.00001
1992-12-10 00:00:00,2.268181,0.00001
1992-12-11 00:00:00,2.307685,0.00001
1992-12-12 00:00:00,2.298969,0.00001
1992-12-13 00:00:00,2.290306,0.00001
1992-12-14 00:00:00,2.275854,0.00001
1992-12-15 00:00:00,2.249165,0.00001
1992-12-16 00:00:00,2.244652,0.00001
1992-12-17 00:00:00,2.230623,0.00001
1992-12-18 00:00:00,2.223947,0.00001
1992-12-19 00:00:00,2.217289,0.00001
1992-12-20 00:00:00,2.218132,0.00001
1992-12-21 00:00:00,2.2367,0.00001
1992-12-22 00:00:00,2.279083,0.00001
1992-12-23 00:00:00,2.270412,0.00001
1992-12-24 00:00:00,2.436576,0.00001
1992-12-25 00:00:00,2.376293,0.00001
1992-12-26 00:00:00,2.350952,0.00001
1992-12-27 00:00:00,2.32417,0.00001
1992-12-28 00:00:00,2.306231,0.00001
1992-12-29 00:00:00,2.288177,0.00001
1992-12-30 00:00:00,2.286344,0.00001
1992-12-31 00:00:00,2.354305,0.00001
1993-01-01 00:00:00,2.410691,0.00001
1993-01-02 00:00:00,2.2108,0.00001
1993-01-03 00:00:00,2.481858,0.00001
1993-01-04 00:00:00,2.719522,0.00001
1993-01-05 00:00:00,2.973827,0.00001
1993-01-06 00:00:00,3.211769,0.00001
1993-01-07 00:00:00,3.342651,0.00001
1993-01-08 00:00:00,3.663513,0.00001
1993-01-09 00:00:00,3.774269,0.00001
1993-01-10 00:00:00,3.773371,0.00001
1993-01-11 00:00:00,3.795294,0.00001
1993-01-12 00:00:00,3.803948,0.00001
1993-01-13 00:00:00,3.852939,0.00001
1993-01-14 00:00:00,4.094209,0.00001
1993-01-15 00:00:00,3.982659,0.00001
1993-01-16 00:00:00,3.961038,0.00001
1993-01-17 00:00:00,3.933559,0.00001
1993-01-18 00:00:00,3.9098,0.00001
1993-01-19 00:00:00,3.897052,0.00001
1993-01-20 00:00:00,3.977879,0.00001
1993-01-21 00:00:00,4.103338,0.00001
1993-01-22 00:00:00,4.10514,0.00001
1993-01-23 00:00:00,4.088244,0.00001
1993-01-24 00:00:00,4.062092,0.00001
1993-01-25 00:00:00,4.045371,0.00001
1993-01-26 00:00:00,3.999957,0.00001
1993-01-27 00:00:00,3.943347,0.00001
1993-01-28 00:00:00,3.908423,0.00001
1993-01-29 00:00:00,3.863002,0.00001
1993-01-30 00:00:00,3.810792,0.00001
1993-01-31 00:00:00,3.752115,0.00001
1993-02-01 00:00:00,3.785401,0.00001
1993-02-02 00:00:00,3.923666,0.00001
1993-02-03 00:00:00,3.929909,0.00001
1993-02-04 00:00:00,3.910151,0.00001
1993-02-05 00:00:00,3.888232,0.00001
1993-02-06 00:00:00,3.859513,0.00001
1993-02-07 00:00:00,3.828932,0.00001
1993-02-08 00:00:00,3.792421,0.00001
1993-02-09 00:00:00,3.766084,0.00001
1993-02-10 00:00:00,3.885248,0.00001
1993-02-11 00:00:00,4.181979,0.00001
1993-02-12 00:00:00,4.367933,0.00001
1993-02-13 00:00:00,4.38842,0.00001
1993-02-14 00:00:00,4.394456,0.00001
1993-02-15 00:00:00,4.442817,0.00001
1993-02-16 00:00:00,4.737303,0.00001
1993-02-17 00:00:00,5.033173,0.00001
1993-02-18 00:00:00,5.123998,0.00001
1993-02-19 00:00:00,5.199165,0.00001
1993-02-20 00:00:00,5.23565,0.00001
1993-02-21 00:00:00,5.261565,0.00001
1993-02-22 00:00:00,5.237371,0.00001
1993-02-23 00:00:00,5.283352,0.00001
1993-02-24 00:00:00,5.31412,0.00001
1993-02-25 00:00:00,5.262577,0.00001
1993-02-26 00:00:00,5.458469,0.00001
1993-02-27 00:00:00,5.95821,0.00001
1993-02-28 00:00:00,6.057211,0.00001
1993-03-01 00:00:00,6.124186,0.00001
1993-03-02 00:00:00,6.211979,0.00001
1993-03-03 00:00:00,6.310073,0.00001
1993-03-04 00:00:00,6.317328,0.00001
1993-03-05 00:00:00,6.352821,0.00001
1993-03-06 00:00:00,6.355354,0.00001
1993-03-07 00:00:00,6.590733,0.00001
1993-03-08 00:00:00,7.400401,0.00001
1993-03-09 00:00:00,7.542817,0.00001
1993-03-10 00:00:00,7.552294,0.00001
1993-03-11 00:00:00,7.542949,0.00001
1993-03-12 00:00:00,7.520012,0.00001
1993-03-13 00:00:00,7.512621,0.00001
1993-03-14 00:00:00,7.438988,0.00001
1993-03-15 00:00:00,7.413343,0.00001
1993-03-16 00:00:00,7.468259,0.00001
1993-03-17 00:00:00,7.852048,0.00001
1993-03-18 00:00:00,8.37478,0.00001
1993-03-19 00:00:00,8.394278,0.00001
1993-03-20 00:00:00,8.302828,0.00001
1993-03-21 00:00:00,8.139786,0.00001
1993-03-22 00:00:00,8.126597,0.00001
1993-03-23 00:00:00,8.053627,0.00001
1993-03-24 00:00:00,8.242591,0.00001
1993-03-25 00:00:00,8.238663,0.00001
1993-03-26 00:00:00,8.143857,0.00001
1993-03-27 00:00:00,8.041789,0.00001
1993-03-28 00:00:00,7.951593,0.00001
1993-03-29 00:00:00,7.771021,0.00001
1993-03-30 00:00:00,9.387441,0.00001
1993-03-31 00:00:00,13.701514,0.00001
1993-04-01 00:00:00,15.687626,0.00001
1993-04-02 00:00:00,16.625324,0.00001
1993-04-03 00:00:00,17.154584,0.00001
1993-04-04 00:00:00,17.363416,0.00001
1993-04-05 00:00:00,17.425165,0.00001
1993-04-06 00:00:00,17.601693,0.00001
1993-04-07 00:00:00,18.419504,0.00001
1993-04-08 00:00:00,20.206166,0.00001
1993-04-09 00:00:00,20.941119,0.00001
1993-04-10 00:00:00,20.919411,0.00001
1993-04-11 00:00:00,20.739204,0.00001
1993-04-12 00:00:00,20.573093,0.00001
1993-04-13 00:00:00,21.379177,0.00001
1993-04-14 00:00:00,21.554033,0.00001
1993-04-15 00:00:00,24.36578,0.00001
1993-04-16 00:00:00,25.923266,0.00001
1993-04-17 00:00:00,26.306455,0.00001
1993-04-18 00:00:00,26.215469,0.00001
1993-04-19 00:00:00,25.844088,0.00001
1993-04-20 00:00:00,25.888267,0.00001
1993-04-21 00:00:00,26.222899,0.00001
1993-04-22 00:00:00,25.560508,0.00001
1993-04-23 00:00:00,24.693572,0.00001
1993-04-24 00:00:00,23.82897,0.00001
1993-04-25 00:00:00,23.411913,0.00001
1993-04-26 00:00:00,23.591675,0.00001
1993-04-27 00:00:00,22.824299,0.00001
1993-04-28 00:00:00,21.989696,0.00001
1993-04-29 00:00:00,21.363189,0.00001
1993-04-30 00:00:00,20.558565,0.00001
1993-05-01 00:00:00,20.120391,0.00001
1993-05-02 00:00:00,20.275318,0.00001
1993-05-03 00:00:00,20.532878,0.00001
1993-05-04 00:00:00,19.797116,0.00001
1993-05-05 00:00:00,19.022377,0.00001
1993-05-06 00:00:00,19.170487,0.00001
1993-05-07 00:00:00,20.187708,0.00001
1993-05-08 00:00:00,19.83645,0.00001
1993-05-09 00:00:00,19.172739,0.00001
1993-05-10 00:00:00,18.482243,0.00001
1993-05-11 00:00:00,17.762889,0.00001
1993-05-12 00:00:00,17.242567,0.00001
1993-05-13 00:00:00,16.561234,0.00001
1993-05-14 00:00:00,15.822916,0.00001
1993-05-15 00:00:00,15.192918,0.00001
1993-05-16 00:00:00,14.707825,0.00001
1993-05-17 00:00:00,14.004832,0.00001
1993-05-18 00:00:00,13.362399,0.00001
1993-05-19 00:00:00,12.917517,0.00001
1993-05-20 00:00:00,12.365827,0.00001
1993-05-21 00:00:00,11.963803,0.00001
1993-05-22 00:00:00,11.624688,0.00001
1993-05-23 00:00:00,11.579653,0.00001
1993-05-24 00:00:00,12.723459,0.00001
1993-05-25 00:00:00,12.396278,0.00001
1993-05-26 00:00:00,11.856775,0.00001
1993-05-27 00:00:00,11.27053,0.00001
1993-05-28 00:00:00,12.220119,0.00001
1993-05-29 00:00:00,12.182268,0.00001
1993-05-30 00:00:00,11.93121,0.00001
1993-05-31 00:00:00,12.110377,0.00001
1993-06-01 00:00:00,11.802701,0.00001
1993-06-02 00:00:00,11.450045,0.00001
1993-06-03 00:00:00,11.214824,0.00001
1993-06-04 00:00:00,10.924599,0.00001
1993-06-05 00:00:00,10.715734,0.00001
1993-06-06 00:00:00,10.440928,0.00001
1993-06-07 00:00:00,10.081922,0.00001
1993-06-08 00:00:00,9.823915,0.00001
1993-06-09 00:00:00,9.911476,0.00001
1993-06-10 00:00:00,9.941271,0.00001
1993-06-11 00:00:00,11.639809,0.00001
1993-06-12 00:00:00,11.949436,0.00001
1993-06-13 00:00:00,11.745574,0.00001
1993-06-14 00:00:00,11.503355,0.00001
1993-06-15 00:00:00,11.200146,0.00001
1993-06-16 00:00:00,10.891146,0.00001
1993-06-17 00:00:00,10.767728,0.00001
1993-06-18 00:00:00,12.88373,0.00001
1993-06-19 00:00:00,14.301169,0.00001
1993-06-20 00:00:00,14.551414,0.00001
1993-06-21 00:00:00,14.882625,0.00001
1993-06-22 00:00:00,14.816135,0.00001
1993-06-23 00:00:00,14.61477,0.00001
1993-06-24 00:00:00,14.989798,0.00001
1993-06-25 00:00:00,14.89629,0.00001
1993-06-26 00:00:00,14.529427,0.00001
1993-06-27 00:00:00,16.429196,0.00001
1993-06-28 00:00:00,20.134255,0.00001
1993-06-29 00:00:00,21.309722,0.00001
1993-06-30 00:00:00,21.824067,0.00001
1993-07-01 00:00:00,21.755116,0.00001
1993-07-02 00:00:00,21.6983,0.00001
1993-07-03 00:00:00,22.611699,0.00001
1993-07-04 00:00:00,22.746226,0.00001
1993-07-05 00:00:00,22.418503,0.00001
1993-07-06 00:00:00,22.824342,0.00001
1993-07-07 00:00:00,22.64692,0.00001
1993-07-08 00:00:00,22.152898,0.00001
1993-07-09 00:00:00,21.34542,0.00001
1993-07-10 00:00:00,20.629096,0.00001
1993-07-11 00:00:00,19.759918,0.00001
1993-07-12 00:00:00,18.879258,0.00001
1993-07-13 00:00:00,18.005296,0.00001
1993-07-14 00:00:00,17.121766,0.00001
1993-07-15 00:00:00,16.365507,0.00001
1993-07-16 00:00:00,15.522549,0.00001
1993-07-17 00:00:00,14.765602,0.00001
1993-07-18 00:00:00,14.207002,0.00001
1993-07-19 00:00:00,14.761275,0.00001
1993-07-20 00:00:00,14.570466,0.00001
1993-07-21 00:00:00,14.425376,0.00001
1993-07-22 00:00:00,13.743098,0.00001
1993-07-23 00:00:00,13.01935,0.00001
1993-07-24 00:00:00,12.342427,0.00001
1993-07-25 00:00:00,11.737729,0.00001
1993-07-26 00:00:00,11.125474,0.00001
1993-07-27 00:00:00,10.610904,0.00001
1993-07-28 00:00:00,10.023704,0.00001
1993-07-29 00:00:00,9.516135,0.00001
1993-07-30 00:00:00,9.046202,0.00001
1993-07-31 00:00:00,8.560567,0.00001
1993-08-01 00:00:00,8.091326,0.00001
1993-08-02 00:00:00,7.689424,0.00001
1993-08-03 00:00:00,7.637445,0.00001
1993-08-04 00:00:00,8.560232,0.00001
1993-08-05 00:00:00,8.807329,0.00001
1993-08-06 00:00:00,8.983893,0.00001
1993-08-07 00:00:00,8.844136,0.00001
1993-08-08 00:00:00,8.568927,0.00001
1993-08-09 00:00:00,8.254406,0.00001
1993-08-10 00:00:00,7.892531,0.00001
1993-08-11 00:00:00,7.550746,0.00001
1993-08-12 00:00:00,7.214568,0.00001
1993-08-13 00:00:00,6.988677,0.00001
1993-08-14 00:00:00,6.904371,0.00001
1993-08-15 00:00:00,6.79207,0.00001
1993-08-16 00:00:00,6.573958,0.00001
1993-08-17 00:00:00,6.66166,0.00001
1993-08-18 00:00:00,6.453552,0.00001
1993-08-19 00:00:00,6.203761,0.00001
1993-08-20 00:00:00,5.962201,0.00001
1993-08-21 00:00:00,5.835898,0.00001
1993-08-22 00:00:00,5.790514,0.00001
1993-08-23 00:00:00,6.098836,0.00001
1993-08-24 00:00:00,6.072405,0.00001
1993-08-25 00:00:00,5.937545,0.00001
1993-08-26 00:00:00,5.679718,0.00001
1993-08-27 00:00:00,5.812486,0.00001
1993-08-28 00:00:00,5.830648,0.00001
1993-08-29 00:00:00,5.556447,0.00001
1993-08-30 00:00:00,5.274832,0.00001
1993-08-31 00:00:00,5.002411,0.00001
1993-09-01 00:00:00,4.739441,0.00001
1993-09-02 00:00:00,4.510625,0.00001
1993-09-03 00:00:00,4.279989,0.00001
1993-09-04 00:00:00,4.032236,0.00001
1993-09-05 00:00:00,3.801242,0.00001
1993-09-06 00:00:00,3.626076,0.00001
1993-09-07 00:00:00,3.437889,0.00001
1993-09-08 00:00:00,3.258885,0.00001
1993-09-09 00:00:00,3.080493,0.00001
1993-09-10 00:00:00,2.909655,0.00001
1993-09-11 00:00:00,2.725145,0.00001
1993-09-12 00:00:00,2.540325,0.00001
1993-09-13 00:00:00,2.509278,0.00001
1993-09-14 00:00:00,3.834822,0.00001
1993-09-15 00:00:00,4.273802,0.00001
1993-09-16 00:00:00,4.234685,0.00001
1993-09-17 00:00:00,4.118224,0.00001
1993-09-18 00:00:00,3.996094,0.00001
1993-09-19 00:00:00,3.874071,0.00001
1993-09-20 00:00:00,3.734669,0.00001
1993-09-21 00:00:00,3.622989,0.00001
1993-09-22 00:00:00,3.482799,0.00001
1993-09-23 00:00:00,3.394989,0.00001
1993-09-24 00:00:00,3.450671,0.00001
1993-09-25 00:00:00,3.361555,0.00001
1993-09-26 00:00:00,3.21853,0.00001
1993-09-27 00:00:00,3.079602,0.00001
1993-09-28 00:00:00,2.935951,0.00001
1993-09-29 00:00:00,2.986953,0.00001
1993-09-30 00:00:00,3.105667,0.00001
1993-10-01 00:00:00,3.019392,0.00001
1993-10-02 00:00:00,3.138156,0.00001
1993-10-03 00:00:00,3.329283,0.00001
1993-10-04 00:00:00,3.406266,0.00001
1993-10-05 00:00:00,4.274993,0.00001
1993-10-06 00:00:00,4.731925,0.00001
1993-10-07 00:00:00,4.754156,0.00001
1993-10-08 00:00:00,4.732116,0.00001
1993-10-09 00:00:00,4.679481,0.00001
1993-10-10 00:00:00,4.607895,0.00001
1993-10-11 00:00:00,4.52363,0.00001
1993-10-12 00:00:00,4.43203,0.00001
1993-10-13 00:00:00,4.352216,0.00001
1993-10-14 00:00:00,4.277726,0.00001
1993-10-15 00:00:00,4.26266,0.00001
1993-10-16 00:00:00,4.21313,0.00001
1993-10-17 00:00:00,4.983425,0.00001
1993-10-18 00:00:00,5.50655,0.00001
1993-10-19 00:00:00,5.581641,0.00001
1993-10-20 00:00:00,5.564503,0.00001
1993-10-21 00:00:00,5.534541,0.00001
1993-10-22 00:00:00,5.478695,0.00001
1993-10-23 00:00:00,5.40712,0.00001
1993-10-24 00:00:00,5.32575,0.00001
1993-10-25 00:00:00,5.225483,0.00001
1993-10-26 00:00:00,5.136232,0.00001
1993-10-27 00:00:00,5.422654,0.00001
1993-10-28 00:00:00,5.356401,0.00001
1993-10-29 00:00:00,5.333067,0.00001
1993-10-30 00:00:00,5.24467,0.00001
1993-10-31 00:00:00,5.158297,0.00001
1993-11-01 00:00:00,5.080392,0.00001
1993-11-02 00:00:00,4.984486,0.00001
1993-11-03 00:00:00,4.898954,0.00001
1993-11-04 00:00:00,4.815406,0.00001
1993-11-05 00:00:00,4.72464,0.00001
1993-11-06 00:00:00,4.636646,0.00001
1993-11-07 00:00:00,4.537675,0.00001
1993-11-08 00:00:00,4.562115,0.00001
1993-11-09 00:00:00,4.864406,0.00001
1993-11-10 00:00:00,6.298808,0.00001
1993-11-11 00:00:00,6.504481,0.00001
1993-11-12 00:00:00,6.591037,0.00001
1993-11-13 00:00:00,6.638583,0.00001
1993-11-14 00:00:00,6.655699,0.00001
1993-11-15 00:00:00,6.63756,0.00001
1993-11-16 00:00:00,6.624273,0.00001
1993-11-17 00:00:00,6.573872,0.00001
1993-11-18 00:00:00,6.510522,0.00001
1993-11-19 00:00:00,6.469404,0.00001
1993-11-20 00:00:00,6.417589,0.00001
1993-11-21 00:00:00,6.356086,0.00001
1993-11-22 00:00:00,6.263587,0.00001
1993-11-23 00:00:00,6.164346,0.00001
1993-11-24 00:00:00,6.062723,0.00001
1993-11-25 00:00:00,5.964415,0.00001
1993-11-26 00:00:00,5.851512,0.00001
1993-11-27 00:00:00,5.740541,0.00001
1993-11-28 00:00:00,5.65156,0.00001
1993-11-29 00:00:00,5.566399,0.00001
1993-11-30 00:00:00,5.55485,0.00001
1993-12-01 00:00:00,5.444573,0.00001
1993-12-02 00:00:00,5.339583,0.00001
1993-12-03 00:00:00,5.234832,0.00001
1993-12-04 00:00:00,5.142275,0.00001
1993-12-05 00:00:00,5.063486,0.00001
1993-12-06 00:00:00,5.161365,0.00001
1993-12-07 00:00:00,5.163314,0.00001
1993-12-08 00:00:00,5.08214,0.00001
1993-12-09 00:00:00,5.002754,0.00001
1993-12-10 00:00:00,4.922627,0.00001
1993-12-11 00:00:00,4.83643,0.00001
1993-12-12 00:00:00,4.741357,0.00001
1993-12-13 00:00:00,4.647468,0.00001
1993-12-14 00:00:00,4.54732,0.00001
1993-12-15 00:00:00,4.454134,0.00001
1993-12-16 00:00:00,4.385977,0.00001
1993-12-17 00:00:00,4.303592,0.00001
1993-12-18 00:00:00,4.2234,0.00001
1993-12-19 00:00:00,4.154929,0.00001
1993-12-20 00:00:00,4.11153,0.00001
1993-12-21 00:00:00,4.057118,0.00001
1993-12-22 00:00:00,3.992167,0.00001
1993-12-23 00:00:00,3.926403,0.00001
1993-12-24 00:00:00,3.855889,0.00001
1993-12-25 00:00:00,3.794629,0.00001
1993-12-26 00:00:00,3.73334,0.00001
1993-12-27 00:00:00,3.667442,0.00001
1993-12-28 00:00:00,3.599333,0.00001
1993-12-29 00:00:00,3.552753,0.00001
1993-12-30 00:00:00,3.504061,0.00001
1993-12-31 00:00:00,3.457921,0.00001
1994-01-01 00:00:00,3.446188,0.00001
1994-01-02 00:00:00,3.815676,0.00001
1994-01-03 00:00:00,3.614528,0.00001
1994-01-04 00:00:00,3.547273,0.00001
1994-01-05 00:00:00,3.513674,0.00001
1994-01-06 00:00:00,3.478171,0.00001
1994-01-07 00:00:00,3.421059,0.00001
1994-01-08 00:00:00,3.485272,0.00001
1994-01-09 00:00:00,3.405928,0.00001
1994-01-10 00:00:00,3.372562,0.00001
1994-01-11 00:00:00,3.377294,0.00001
1994-01-12 00:00:00,3.372098,0.00001
1994-01-13 00:00:00,3.321319,0.00001
1994-01-14 00:00:00,3.282702,0.00001
1994-01-15 00:00:00,3.222581,0.00001
1994-01-16 00:00:00,3.144794,0.00001
1994-01-17 00:00:00,3.279674,0.00001
1994-01-18 00:00:00,3.419233,0.00001
1994-01-19 00:00:00,3.393598,0.00001
1994-01-20 00:00:00,3.359471,0.00001
1994-01-21 00:00:00,3.569326,0.00001
1994-01-22 00:00:00,3.844748,0.00001
1994-01-23 00:00:00,4.211912,0.00001
1994-01-24 00:00:00,4.373003,0.00001
1994-01-25 00:00:00,4.373636,0.00001
1994-01-26 00:00:00,4.375946,0.00001
1994-01-27 00:00:00,4.349891,0.00001
1994-01-28 00:00:00,4.398814,0.00001
1994-01-29 00:00:00,4.392056,0.00001
1994-01-30 00:00:00,4.379451,0.00001
1994-01-31 00:00:00,4.362969,0.00001
1994-02-01 00:00:00,4.350379,0.00001
1994-02-02 00:00:00,4.374895,0.00001
1994-02-03 00:00:00,4.311643,0.00001
1994-02-04 00:00:00,4.515718,0.00001
1994-02-05 00:00:00,4.561122,0.00001
1994-02-06 00:00:00,4.619118,0.00001
1994-02-07 00:00:00,4.675831,0.00001
1994-02-08 00:00:00,4.618168,0.00001
1994-02-09 00:00:00,4.720449,0.00001
1994-02-10 00:00:00,4.852548,0.00001
1994-02-11 00:00:00,5.5128,0.00001
1994-02-12 00:00:00,6.140085,0.00001
1994-02-13 00:00:00,6.426617,0.00001
1994-02-14 00:00:00,6.617479,0.00001
1994-02-15 00:00:00,6.714276,0.00001
1994-02-16 00:00:00,6.832945,0.00001
1994-02-17 00:00:00,6.90422,0.00001
1994-02-18 00:00:00,6.950508,0.00001
1994-02-19 00:00:00,7.00212,0.00001
1994-02-20 00:00:00,7.045787,0.00001
1994-02-21 00:00:00,7.049964,0.00001
1994-02-22 00:00:00,7.047373,0.00001
1994-02-23 00:00:00,7.046977,0.00001
1994-02-24 00:00:00,7.208929,0.00001
1994-02-25 00:00:00,7.259092,0.00001
1994-02-26 00:00:00,7.252706,0.00001
1994-02-27 00:00:00,7.326827,0.00001
1994-02-28 00:00:00,7.375769,0.00001
1994-03-01 00:00:00,7.312451,0.00001
1994-03-02 00:00:00,7.241977,0.00001
1994-03-03 00:00:00,7.162458,0.00001
1994-03-04 00:00:00,7.107898,0.00001
1994-03-05 00:00:00,7.213594,0.00001
1994-03-06 00:00:00,7.18977,0.00001
1994-03-07 00:00:00,7.090912,0.00001
1994-03-08 00:00:00,7.457326,0.00001
1994-03-09 00:00:00,7.459121,0.00001
1994-03-10 00:00:00,7.282422,0.00001
1994-03-11 00:00:00,7.115956,0.00001
1994-03-12 00:00:00,6.943837,0.00001
1994-03-13 00:00:00,6.750123,0.00001
1994-03-14 00:00:00,6.639336,0.00001
1994-03-15 00:00:00,6.666192,0.00001
1994-03-16 00:00:00,6.57999,0.00001
1994-03-17 00:00:00,6.463973,0.00001
1994-03-18 00:00:00,6.352154,0.00001
1994-03-19 00:00:00,6.223586,0.00001
1994-03-20 00:00:00,6.074041,0.00001
1994-03-21 00:00:00,5.951301,0.00001
1994-03-22 00:00:00,5.81282,0.00001
1994-03-23 00:00:00,5.642164,0.00001
1994-03-24 00:00:00,5.512808,0.00001
1994-03-25 00:00:00,5.394788,0.00001
1994-03-26 00:00:00,5.251698,0.00001
1994-03-27 00:00:00,5.086721,0.00001
1994-03-28 00:00:00,4.999703,0.00001
1994-03-29 00:00:00,4.81459,0.00001
1994-03-30 00:00:00,4.597183,0.00001
1994-03-31 00:00:00,4.411912,0.00001
1994-04-01 00:00:00,4.260193,0.00001
1994-04-02 00:00:00,4.084264,0.00001
1994-04-03 00:00:00,4.910679,0.00001
1994-04-04 00:00:00,5.300788,0.00001
1994-04-05 00:00:00,5.561714,0.00001
1994-04-06 00:00:00,5.745519,0.00001
1994-04-07 00:00:00,5.672696,0.00001
1994-04-08 00:00:00,6.302577,0.00001
1994-04-09 00:00:00,8.047092,0.00001
1994-04-10 00:00:00,8.523377,0.00001
1994-04-11 00:00:00,8.898033,0.00001
1994-04-12 00:00:00,9.106736,0.00001
1994-04-13 00:00:00,9.133162,0.00001
1994-04-14 00:00:00,9.129074,0.00001
1994-04-15 00:00:00,9.44895,0.00001
1994-04-16 00:00:00,9.437136,0.00001
1994-04-17 00:00:00,9.561887,0.00001
1994-04-18 00:00:00,9.669504,0.00001
1994-04-19 00:00:00,9.713684,0.00001
1994-04-20 00:00:00,9.97772,0.00001
1994-04-21 00:00:00,10.393094,0.00001
1994-04-22 00:00:00,12.939546,0.00001
1994-04-23 00:00:00,16.391358,0.00001
1994-04-24 00:00:00,17.704848,0.00001
1994-04-25 00:00:00,18.3268,0.00001
1994-04-26 00:00:00,18.628353,0.00001
1994-04-27 00:00:00,19.870676,0.00001
1994-04-28 00:00:00,20.286875,0.00001
1994-04-29 00:00:00,20.249147,0.00001
1994-04-30 00:00:00,20.058457,0.00001
1994-05-01 00:00:00,19.733232,0.00001
1994-05-02 00:00:00,19.336155,0.00001
1994-05-03 00:00:00,18.935609,0.00001
1994-05-04 00:00:00,18.515486,0.00001
1994-05-05 00:00:00,18.21716,0.00001
1994-05-06 00:00:00,19.509398,0.00001
1994-05-07 00:00:00,19.618809,0.00001
1994-05-08 00:00:00,19.247214,0.00001
1994-05-09 00:00:00,18.64703,0.00001
1994-05-10 00:00:00,17.994898,0.00001
1994-05-11 00:00:00,17.615224,0.00001
1994-05-12 00:00:00,17.524471,0.00001
1994-05-13 00:00:00,17.127604,0.00001
1994-05-14 00:00:00,16.461741,0.00001
1994-05-15 00:00:00,16.052538,0.00001
1994-05-16 00:00:00,17.037917,0.00001
1994-05-17 00:00:00,20.107541,0.00001
1994-05-18 00:00:00,20.996283,0.00001
1994-05-19 00:00:00,20.990726,0.00001
1994-05-20 00:00:00,20.89787,0.00001
1994-05-21 00:00:00,21.00539,0.00001
1994-05-22 00:00:00,20.726413,0.00001
1994-05-23 00:00:00,20.862738,0.00001
1994-05-24 00:00:00,20.489498,0.00001
1994-05-25 00:00:00,19.890784,0.00001
1994-05-26 00:00:00,19.207014,0.00001
1994-05-27 00:00:00,18.476035,0.00001
1994-05-28 00:00:00,17.745459,0.00001
1994-05-29 00:00:00,16.99419,0.00001
1994-05-30 00:00:00,16.265782,0.00001
1994-05-31 00:00:00,15.796866,0.00001
1994-06-01 00:00:00,15.870635,0.00001
1994-06-02 00:00:00,16.292153,0.00001
1994-06-03 00:00:00,15.691866,0.00001
1994-06-04 00:00:00,15.809933,0.00001
1994-06-05 00:00:00,15.226709,0.00001
1994-06-06 00:00:00,15.50862,0.00001
1994-06-07 00:00:00,15.678347,0.00001
1994-06-08 00:00:00,15.059601,0.00001
1994-06-09 00:00:00,15.007902,0.00001
1994-06-10 00:00:00,15.130592,0.00001
1994-06-11 00:00:00,15.230602,0.00001
1994-06-12 00:00:00,15.370694,0.00001
1994-06-13 00:00:00,16.643854,0.00001
1994-06-14 00:00:00,16.355262,0.00001
1994-06-15 00:00:00,15.992617,0.00001
1994-06-16 00:00:00,15.683996,0.00001
1994-06-17 00:00:00,15.239942,0.00001
1994-06-18 00:00:00,14.713924,0.00001
1994-06-19 00:00:00,14.229131,0.00001
1994-06-20 00:00:00,13.712038,0.00001
1994-06-21 00:00:00,13.203675,0.00001
1994-06-22 00:00:00,13.171659,0.00001
1994-06-23 00:00:00,13.485087,0.00001
1994-06-24 00:00:00,12.992677,0.00001
1994-06-25 00:00:00,12.324502,0.00001
1994-06-26 00:00:00,11.744673,0.00001
1994-06-27 00:00:00,11.265108,0.00001
1994-06-28 00:00:00,11.279229,0.00001
1994-06-29 00:00:00,11.051491,0.00001
1994-06-30 00:00:00,10.958157,0.00001
1994-07-01 00:00:00,11.40393,0.00001
1994-07-02 00:00:00,11.017753,0.00001
1994-07-03 00:00:00,10.751773,0.00001
1994-07-04 00:00:00,10.253995,0.00001
1994-07-05 00:00:00,9.837641,0.00001
1994-07-06 00:00:00,9.519534,0.00001
1994-07-07 00:00:00,9.077111,0.00001
1994-07-08 00:00:00,8.819289,0.00001
1994-07-09 00:00:00,8.58374,0.00001
1994-07-10 00:00:00,8.202103,0.00001
1994-07-11 00:00:00,7.791687,0.00001
1994-07-12 00:00:00,7.394104,0.00001
1994-07-13 00:00:00,7.085695,0.00001
1994-07-14 00:00:00,6.760103,0.00001
1994-07-15 00:00:00,6.405495,0.00001
1994-07-16 00:00:00,6.417339,0.00001
1994-07-17 00:00:00,7.327375,0.00001
1994-07-18 00:00:00,7.380657,0.00001
1994-07-19 00:00:00,7.395289,0.00001
1994-07-20 00:00:00,7.872187,0.00001
1994-07-21 00:00:00,8.482726,0.00001
1994-07-22 00:00:00,8.402061,0.00001
1994-07-23 00:00:00,8.441808,0.00001
1994-07-24 00:00:00,8.367209,0.00001
1994-07-25 00:00:00,8.250901,0.00001
1994-07-26 00:00:00,8.427002,0.00001
1994-07-27 00:00:00,8.241074,0.00001
1994-07-28 00:00:00,7.992229,0.00001
1994-07-29 00:00:00,7.746508,0.00001
1994-07-30 00:00:00,7.62667,0.00001
1994-07-31 00:00:00,8.272143,0.00001
1994-08-01 00:00:00,8.135362,0.00001
1994-08-02 00:00:00,7.904082,0.00001
1994-08-03 00:00:00,7.752849,0.00001
1994-08-04 00:00:00,7.708954,0.00001
1994-08-05 00:00:00,7.457521,0.00001
1994-08-06 00:00:00,7.193589,0.00001
1994-08-07 00:00:00,7.554483,0.00001
1994-08-08 00:00:00,7.460271,0.00001
1994-08-09 00:00:00,7.584338,0.00001
1994-08-10 00:00:00,7.469329,0.00001
1994-08-11 00:00:00,7.264941,0.00001
1994-08-12 00:00:00,7.466345,0.00001
1994-08-13 00:00:00,7.30845,0.00001
1994-08-14 00:00:00,7.061428,0.00001
1994-08-15 00:00:00,6.793087,0.00001
1994-08-16 00:00:00,6.671971,0.00001
1994-08-17 00:00:00,6.384491,0.00001
1994-08-18 00:00:00,6.434561,0.00001
1994-08-19 00:00:00,6.504858,0.00001
1994-08-20 00:00:00,6.255572,0.00001
1994-08-21 00:00:00,6.020071,0.00001
1994-08-22 00:00:00,5.945505,0.00001
1994-08-23 00:00:00,6.482912,0.00001
1994-08-24 00:00:00,6.785148,0.00001
1994-08-25 00:00:00,6.611969,0.00001
1994-08-26 00:00:00,6.375359,0.00001
1994-08-27 00:00:00,6.140604,0.00001
1994-08-28 00:00:00,5.908157,0.00001
1994-08-29 00:00:00,5.721401,0.00001
1994-08-30 00:00:00,5.550234,0.00001
1994-08-31 00:00:00,5.343387,0.00001
1994-09-01 00:00:00,5.107538,0.00001
1994-09-02 00:00:00,4.859978,0.00001
1994-09-03 00:00:00,4.6626,0.00001
1994-09-04 00:00:00,4.42531,0.00001
1994-09-05 00:00:00,4.217481,0.00001
1994-09-06 00:00:00,4.025582,0.00001
1994-09-07 00:00:00,3.851387,0.00001
1994-09-08 00:00:00,3.743109,0.00001
1994-09-09 00:00:00,3.627881,0.00001
1994-09-10 00:00:00,3.472291,0.00001
1994-09-11 00:00:00,3.271696,0.00001
1994-09-12 00:00:00,3.156395,0.00001
1994-09-13 00:00:00,3.01724,0.00001
1994-09-14 00:00:00,2.860967,0.00001
1994-09-15 00:00:00,2.730964,0.00001
1994-09-16 00:00:00,2.581412,0.00001
1994-09-17 00:00:00,2.410718,0.00001
1994-09-18 00:00:00,2.248254,0.00001
1994-09-19 00:00:00,2.18254,0.00001
1994-09-20 00:00:00,2.087931,0.00001
1994-09-21 00:00:00,1.986009,0.00001
1994-09-22 00:00:00,1.843602,0.00001
1994-09-23 00:00:00,1.711707,0.00001
1994-09-24 00:00:00,1.607571,0.00001
1994-09-25 00:00:00,1.478217,0.00001
1994-09-26 00:00:00,1.431071,0.00001
1994-09-27 00:00:00,2.139797,0.00001
1994-09-28 00:00:00,2.509632,0.00001
1994-09-29 00:00:00,2.477645,0.00001
1994-09-30 00:00:00,2.360033,0.00001
1994-10-01 00:00:00,2.29811,0.00001
1994-10-02 00:00:00,2.379812,0.00001
1994-10-03 00:00:00,2.55716,0.00001
1994-10-04 00:00:00,2.551277,0.00001
1994-10-05 00:00:00,2.481168,0.00001
1994-10-06 00:00:00,2.409538,0.00001
1994-10-07 00:00:00,2.339482,0.00001
1994-10-08 00:00:00,2.291019,0.00001
1994-10-09 00:00:00,2.196846,0.00001
1994-10-10 00:00:00,2.095851,0.00001
1994-10-11 00:00:00,1.999857,0.00001
1994-10-12 00:00:00,1.907816,0.00001
1994-10-13 00:00:00,1.938324,0.00001
1994-10-14 00:00:00,1.882399,0.00001
1994-10-15 00:00:00,1.854218,0.00001
1994-10-16 00:00:00,2.04601,0.00001
1994-10-17 00:00:00,2.018755,0.00001
1994-10-18 00:00:00,1.978182,0.00001
1994-10-19 00:00:00,1.918362,0.00001
1994-10-20 00:00:00,1.879215,0.00001
1994-10-21 00:00:00,1.799551,0.00001
1994-10-22 00:00:00,1.751168,0.00001
1994-10-23 00:00:00,1.713175,0.00001
1994-10-24 00:00:00,1.658622,0.00001
1994-10-25 00:00:00,1.587724,0.00001
1994-10-26 00:00:00,1.516194,0.00001
1994-10-27 00:00:00,1.450638,0.00001
1994-10-28 00:00:00,1.386335,0.00001
1994-10-29 00:00:00,1.332468,0.00001
1994-10-30 00:00:00,1.293451,0.00001
1994-10-31 00:00:00,1.233743,0.00001
1994-11-01 00:00:00,1.177613,0.00001
1994-11-02 00:00:00,1.146902,0.00001
1994-11-03 00:00:00,1.101918,0.00001
1994-11-04 00:00:00,1.047493,0.00001
1994-11-05 00:00:00,0.997889,0.00001
1994-11-06 00:00:00,0.937441,0.00001
1994-11-07 00:00:00,0.895401,0.00001
1994-11-08 00:00:00,0.877069,0.00001
1994-11-09 00:00:00,0.858137,0.00001
1994-11-10 00:00:00,0.900589,0.00001
1994-11-11 00:00:00,0.922688,0.00001
1994-11-12 00:00:00,0.901376,0.00001
1994-11-13 00:00:00,0.880723,0.00001
1994-11-14 00:00:00,0.871419,0.00001
1994-11-15 00:00:00,0.86034,0.00001
1994-11-16 00:00:00,0.850593,0.00001
1994-11-17 00:00:00,0.838988,0.00001
1994-11-18 00:00:00,0.821947,0.00001
1994-11-19 00:00:00,0.824165,0.00001
1994-11-20 00:00:00,0.816839,0.00001
1994-11-21 00:00:00,0.808185,0.00001
1994-11-22 00:00:00,0.815202,0.00001
1994-11-23 00:00:00,1.067388,0.00001
1994-11-24 00:00:00,1.148406,0.00001
1994-11-25 00:00:00,1.169185,0.00001
1994-11-26 00:00:00,1.218748,0.00001
1994-11-27 00:00:00,1.223354,0.00001
1994-11-28 00:00:00,1.238364,0.00001
1994-11-29 00:00:00,1.243352,0.00001
1994-11-30 00:00:00,1.241574,0.00001
1994-12-01 00:00:00,1.223452,0.00001
1994-12-02 00:00:00,1.224817,0.00001
1994-12-03 00:00:00,1.352344,0.00001
1994-12-04 00:00:00,1.49717,0.00001
1994-12-05 00:00:00,1.592821,0.00001
1994-12-06 00:00:00,1.623998,0.00001
1994-12-07 00:00:00,1.647182,0.00001
1994-12-08 00:00:00,1.663133,0.00001
1994-12-09 00:00:00,1.822238,0.00001
1994-12-10 00:00:00,1.887937,0.00001
1994-12-11 00:00:00,1.907778,0.00001
1994-12-12 00:00:00,1.917891,0.00001
1994-12-13 00:00:00,1.923791,0.00001
1994-12-14 00:00:00,1.956247,0.00001
1994-12-15 00:00:00,2.020483,0.00001
1994-12-16 00:00:00,2.030434,0.00001
1994-12-17 00:00:00,2.046583,0.00001
1994-12-18 00:00:00,2.050538,0.00001
1994-12-19 00:00:00,2.063166,0.00001
1994-12-20 00:00:00,2.085953,0.00001
1994-12-21 00:00:00,2.108465,0.00001
1994-12-22 00:00:00,2.114291,0.00001
1994-12-23 00:00:00,2.182806,0.00001
1994-12-24 00:00:00,2.155782,0.00001
1994-12-25 00:00:00,2.149649,0.00001
1994-12-26 00:00:00,2.167326,0.00001
1994-12-27 00:00:00,2.158454,0.00001
1994-12-28 00:00:00,2.153748,0.00001
1994-12-29 00:00:00,2.107161,0.00001
1994-12-30 00:00:00,2.141113,0.00001
1994-12-31 00:00:00,2.133262,0.00001
1995-01-01 00:00:00,5.326274,0.00001
1995-01-02 00:00:00,5.279789,0.00001
1995-01-03 00:00:00,5.232633,0.00001
1995-01-04 00:00:00,5.190151,0.00001
1995-01-05 00:00:00,5.24443,0.00001
1995-01-06 00:00:00,5.297507,0.00001
1995-01-07 00:00:00,5.210604,0.00001
1995-01-08 00:00:00,5.153491,0.00001
1995-01-09 00:00:00,5.191968,0.00001
1995-01-10 00:00:00,5.121855,0.00001
1995-01-11 00:00:00,5.080963,0.00001
1995-01-12 00:00:00,4.987766,0.00001
1995-01-13 00:00:00,5.02067,0.00001
1995-01-14 00:00:00,5.130408,0.00001
1995-01-15 00:00:00,5.017816,0.00001
1995-01-16 00:00:00,4.937935,0.00001
1995-01-17 00:00:00,4.831148,0.00001
1995-01-18 00:00:00,4.904465,0.00001
1995-01-19 00:00:00,5.348336,0.00001
1995-01-20 00:00:00,5.161512,0.00001
1995-01-21 00:00:00,5.137636,0.00001
1995-01-22 00:00:00,5.109813,0.00001
1995-01-23 00:00:00,5.010224,0.00001
1995-01-24 00:00:00,4.917166,0.00001
1995-01-25 00:00:00,4.825883,0.00001
1995-01-26 00:00:00,4.740954,0.00001
1995-01-27 00:00:00,4.658599,0.00001
1995-01-28 00:00:00,4.577803,0.00001
1995-01-29 00:00:00,4.507304,0.00001
1995-01-30 00:00:00,4.433556,0.00001
1995-01-31 00:00:00,4.359052,0.00001
1995-02-01 00:00:00,4.283704,0.00001
1995-02-02 00:00:00,4.216444,0.00001
1995-02-03 00:00:00,4.184206,0.00001
1995-02-04 00:00:00,4.118518,0.00001
1995-02-05 00:00:00,4.06557,0.00001
1995-02-06 00:00:00,4.012139,0.00001
1995-02-07 00:00:00,3.963927,0.00001
1995-02-08 00:00:00,3.912586,0.00001
1995-02-09 00:00:00,3.860977,0.00001
1995-02-10 00:00:00,3.793336,0.00001
1995-02-11 00:00:00,3.752937,0.00001
1995-02-12 00:00:00,3.709586,0.00001
1995-02-13 00:00:00,3.663314,0.00001
1995-02-14 00:00:00,3.626003,0.00001
1995-02-15 00:00:00,3.587365,0.00001
1995-02-16 00:00:00,3.536378,0.00001
1995-02-17 00:00:00,3.478934,0.00001
1995-02-18 00:00:00,3.348915,0.00001
1995-02-19 00:00:00,3.375239,0.00001
1995-02-20 00:00:00,3.265242,0.00001
1995-02-21 00:00:00,3.469929,0.00001
1995-02-22 00:00:00,3.395373,0.00001
1995-02-23 00:00:00,3.43595,0.00001
1995-02-24 00:00:00,3.696675,0.00001
1995-02-25 00:00:00,3.822901,0.00001
1995-02-26 00:00:00,3.887358,0.00001
1995-02-27 00:00:00,3.937808,0.00001
1995-02-28 00:00:00,3.984619,0.00001
1995-03-01 00:00:00,4.009101,0.00001
1995-03-02 00:00:00,4.021498,0.00001
1995-03-03 00:00:00,4.012744,0.00001
1995-03-04 00:00:00,4.149806,0.00001
1995-03-05 00:00:00,4.279774,0.00001
1995-03-06 00:00:00,4.506211,0.00001
1995-03-07 00:00:00,4.498193,0.00001
1995-03-08 00:00:00,4.467359,0.00001
1995-03-09 00:00:00,4.434476,0.00001
1995-03-10 00:00:00,4.215529,0.00001
1995-03-11 00:00:00,4.394311,0.00001
1995-03-12 00:00:00,4.404028,0.00001
1995-03-13 00:00:00,4.393566,0.00001
1995-03-14 00:00:00,4.309315,0.00001
1995-03-15 00:00:00,4.267967,0.00001
1995-03-16 00:00:00,4.204178,0.00001
1995-03-17 00:00:00,4.21274,0.00001
1995-03-18 00:00:00,4.192247,0.00001
1995-03-19 00:00:00,4.152955,0.00001
1995-03-20 00:00:00,4.82181,0.00001
1995-03-21 00:00:00,4.897147,0.00001
1995-03-22 00:00:00,4.905815,0.00001
1995-03-23 00:00:00,4.917424,0.00001
1995-03-24 00:00:00,4.862754,0.00001
1995-03-25 00:00:00,4.840766,0.00001
1995-03-26 00:00:00,5.043792,0.00001
1995-03-27 00:00:00,5.877294,0.00001
1995-03-28 00:00:00,6.197699,0.00001
1995-03-29 00:00:00,6.307938,0.00001
1995-03-30 00:00:00,6.358877,0.00001
1995-03-31 00:00:00,6.413419,0.00001
1995-04-01 00:00:00,6.459991,0.00001
1995-04-02 00:00:00,6.441431,0.00001
1995-04-03 00:00:00,6.313075,0.00001
1995-04-04 00:00:00,6.296893,0.00001
1995-04-05 00:00:00,6.293571,0.00001
1995-04-06 00:00:00,6.340773,0.00001
1995-04-07 00:00:00,6.756138,0.00001
1995-04-08 00:00:00,7.270833,0.00001
1995-04-09 00:00:00,7.752269,0.00001
1995-04-10 00:00:00,8.703177,0.00001
1995-04-11 00:00:00,9.316911,0.00001
1995-04-12 00:00:00,10.090099,0.00001
1995-04-13 00:00:00,10.175117,0.00001
1995-04-14 00:00:00,10.208166,0.00001
1995-04-15 00:00:00,10.27952,0.00001
1995-04-16 00:00:00,10.254923,0.00001
1995-04-17 00:00:00,10.435025,0.00001
1995-04-18 00:00:00,11.529014,0.00001
1995-04-19 00:00:00,11.652567,0.00001
1995-04-20 00:00:00,11.93015,0.00001
1995-04-21 00:00:00,12.312738,0.00001
1995-04-22 00:00:00,12.238265,0.00001
1995-04-23 00:00:00,12.123136,0.00001
1995-04-24 00:00:00,12.115409,0.00001
1995-04-25 00:00:00,12.050383,0.00001
1995-04-26 00:00:00,12.937397,0.00001
1995-04-27 00:00:00,13.692827,0.00001
1995-04-28 00:00:00,13.580338,0.00001
1995-04-29 00:00:00,13.535607,0.00001
1995-04-30 00:00:00,13.384758,0.00001
1995-05-01 00:00:00,13.262476,0.00001
1995-05-02 00:00:00,13.056029,0.00001
1995-05-03 00:00:00,12.780725,0.00001
1995-05-04 00:00:00,12.550214,0.00001
1995-05-05 00:00:00,12.168914,0.00001
1995-05-06 00:00:00,11.743459,0.00001
1995-05-07 00:00:00,11.530192,0.00001
1995-05-08 00:00:00,12.835648,0.00001
1995-05-09 00:00:00,13.982372,0.00001
1995-05-10 00:00:00,14.816457,0.00001
1995-05-11 00:00:00,14.736399,0.00001
1995-05-12 00:00:00,14.553882,0.00001
1995-05-13 00:00:00,15.027377,0.00001
1995-05-14 00:00:00,14.896195,0.00001
1995-05-15 00:00:00,14.517536,0.00001
1995-05-16 00:00:00,14.123875,0.00001
1995-05-17 00:00:00,13.983381,0.00001
1995-05-18 00:00:00,13.740854,0.00001
1995-05-19 00:00:00,13.323414,0.00001
1995-05-20 00:00:00,12.929263,0.00001
1995-05-21 00:00:00,12.5461,0.00001
1995-05-22 00:00:00,12.295501,0.00001
1995-05-23 00:00:00,12.659411,0.00001
1995-05-24 00:00:00,12.506573,0.00001
1995-05-25 00:00:00,12.132331,0.00001
1995-05-26 00:00:00,12.369441,0.00001
1995-05-27 00:00:00,13.210215,0.00001
1995-05-28 00:00:00,14.033792,0.00001
1995-05-29 00:00:00,13.924053,0.00001
1995-05-30 00:00:00,13.55575,0.00001
1995-05-31 00:00:00,13.16585,0.00001
1995-06-01 00:00:00,12.986838,0.00001
1995-06-02 00:00:00,12.909928,0.00001
1995-06-03 00:00:00,12.536147,0.00001
1995-06-04 00:00:00,12.080572,0.00001
1995-06-05 00:00:00,11.774521,0.00001
1995-06-06 00:00:00,11.705717,0.00001
1995-06-07 00:00:00,11.795203,0.00001
1995-06-08 00:00:00,11.702919,0.00001
1995-06-09 00:00:00,11.440516,0.00001
1995-06-10 00:00:00,11.050309,0.00001
1995-06-11 00:00:00,10.641185,0.00001
1995-06-12 00:00:00,10.22396,0.00001
1995-06-13 00:00:00,9.7728,0.00001
1995-06-14 00:00:00,9.319433,0.00001
1995-06-15 00:00:00,8.888273,0.00001
1995-06-16 00:00:00,8.478853,0.00001
1995-06-17 00:00:00,8.125267,0.00001
1995-06-18 00:00:00,7.726003,0.00001
1995-06-19 00:00:00,7.297364,0.00001
1995-06-20 00:00:00,6.877254,0.00001
1995-06-21 00:00:00,6.491176,0.00001
1995-06-22 00:00:00,6.122048,0.00001
1995-06-23 00:00:00,5.775494,0.00001
1995-06-24 00:00:00,5.447643,0.00001
1995-06-25 00:00:00,5.219162,0.00001
1995-06-26 00:00:00,5.636228,0.00001
1995-06-27 00:00:00,5.5614,0.00001
1995-06-28 00:00:00,5.357075,0.00001
1995-06-29 00:00:00,5.268602,0.00001
1995-06-30 00:00:00,5.008567,0.00001
1995-07-01 00:00:00,4.744987,0.00001
1995-07-02 00:00:00,4.450741,0.00001
1995-07-03 00:00:00,4.232165,0.00001
1995-07-04 00:00:00,4.892497,0.00001
1995-07-05 00:00:00,5.268065,0.00001
1995-07-06 00:00:00,5.184709,0.00001
1995-07-07 00:00:00,5.021116,0.00001
1995-07-08 00:00:00,4.992618,0.00001
1995-07-09 00:00:00,4.971378,0.00001
1995-07-10 00:00:00,4.678638,0.00001
1995-07-11 00:00:00,4.382008,0.00001
1995-07-12 00:00:00,4.09059,0.00001
1995-07-13 00:00:00,3.816451,0.00001
1995-07-14 00:00:00,3.53083,0.00001
1995-07-15 00:00:00,3.492146,0.00001
1995-07-16 00:00:00,3.627431,0.00001
1995-07-17 00:00:00,3.380966,0.00001
1995-07-18 00:00:00,3.334296,0.00001
1995-07-19 00:00:00,3.299791,0.00001
1995-07-20 00:00:00,3.207871,0.00001
1995-07-21 00:00:00,2.961127,0.00001
1995-07-22 00:00:00,3.327831,0.00001
1995-07-23 00:00:00,3.331098,0.00001
1995-07-24 00:00:00,3.192311,0.00001
1995-07-25 00:00:00,3.02803,0.00001
1995-07-26 00:00:00,3.102136,0.00001
1995-07-27 00:00:00,3.124426,0.00001
1995-07-28 00:00:00,3.021453,0.00001
1995-07-29 00:00:00,2.780488,0.00001
1995-07-30 00:00:00,2.592211,0.00001
1995-07-31 00:00:00,2.521516,0.00001
1995-08-01 00:00:00,2.648864,0.00001
1995-08-02 00:00:00,2.637955,0.00001
1995-08-03 00:00:00,2.750792,0.00001
1995-08-04 00:00:00,2.687572,0.00001
1995-08-05 00:00:00,2.571558,0.00001
1995-08-06 00:00:00,2.467861,0.00001
1995-08-07 00:00:00,2.413147,0.00001
1995-08-08 00:00:00,2.336526,0.00001
1995-08-09 00:00:00,2.303519,0.00001
1995-08-10 00:00:00,2.161283,0.00001
1995-08-11 00:00:00,1.996894,0.00001
1995-08-12 00:00:00,1.842392,0.00001
1995-08-13 00:00:00,1.680368,0.00001
1995-08-14 00:00:00,1.561406,0.00001
1995-08-15 00:00:00,1.897147,0.00001
1995-08-16 00:00:00,2.363417,0.00001
1995-08-17 00:00:00,2.480402,0.00001
1995-08-18 00:00:00,2.434499,0.00001
1995-08-19 00:00:00,2.618419,0.00001
1995-08-20 00:00:00,2.636011,0.00001
1995-08-21 00:00:00,2.533543,0.00001
1995-08-22 00:00:00,2.429163,0.00001
1995-08-23 00:00:00,2.325892,0.00001
1995-08-24 00:00:00,2.295148,0.00001
1995-08-25 00:00:00,2.235895,0.00001
1995-08-26 00:00:00,2.118782,0.00001
1995-08-27 00:00:00,2.084008,0.00001
1995-08-28 00:00:00,2.558285,0.00001
1995-08-29 00:00:00,2.692455,0.00001
1995-08-30 00:00:00,2.590774,0.00001
1995-08-31 00:00:00,2.487809,0.00001
1995-09-01 00:00:00,2.371838,0.00001
1995-09-02 00:00:00,2.256251,0.00001
1995-09-03 00:00:00,2.201601,0.00001
1995-09-04 00:00:00,2.083436,0.00001
1995-09-05 00:00:00,2.007009,0.00001
1995-09-06 00:00:00,1.992038,0.00001
1995-09-07 00:00:00,2.257572,0.00001
1995-09-08 00:00:00,2.121126,0.00001
1995-09-09 00:00:00,2.02511,0.00001
1995-09-10 00:00:00,1.954938,0.00001
1995-09-11 00:00:00,1.850677,0.00001
1995-09-12 00:00:00,1.856541,0.00001
1995-09-13 00:00:00,1.690607,0.00001
1995-09-14 00:00:00,1.575425,0.00001
1995-09-15 00:00:00,1.493256,0.00001
1995-09-16 00:00:00,1.613781,0.00001
1995-09-17 00:00:00,1.531991,0.00001
1995-09-18 00:00:00,1.502616,0.00001
1995-09-19 00:00:00,2.054201,0.00001
1995-09-20 00:00:00,2.201249,0.00001
1995-09-21 00:00:00,2.227065,0.00001
1995-09-22 00:00:00,2.129421,0.00001
1995-09-23 00:00:00,2.042857,0.00001
1995-09-24 00:00:00,1.982163,0.00001
1995-09-25 00:00:00,1.920497,0.00001
1995-09-26 00:00:00,1.818358,0.00001
1995-09-27 00:00:00,1.687416,0.00001
1995-09-28 00:00:00,1.562931,0.00001
1995-09-29 00:00:00,1.53928,0.00001
1995-09-30 00:00:00,1.68429,0.00001
1995-10-01 00:00:00,1.777146,0.00001
1995-10-02 00:00:00,1.715906,0.00001
1995-10-03 00:00:00,1.699939,0.00001
1995-10-04 00:00:00,1.624644,0.00001
1995-10-05 00:00:00,2.08921,0.00001
1995-10-06 00:00:00,3.400363,0.00001
1995-10-07 00:00:00,3.564921,0.00001
1995-10-08 00:00:00,3.618448,0.00001
1995-10-09 00:00:00,3.641973,0.00001
1995-10-10 00:00:00,3.576162,0.00001
1995-10-11 00:00:00,3.504981,0.00001
1995-10-12 00:00:00,3.402546,0.00001
1995-10-13 00:00:00,3.315853,0.00001
1995-10-14 00:00:00,3.345814,0.00001
1995-10-15 00:00:00,3.285087,0.00001
1995-10-16 00:00:00,3.231045,0.00001
1995-10-17 00:00:00,3.144837,0.00001
1995-10-18 00:00:00,3.104061,0.00001
1995-10-19 00:00:00,3.292298,0.00001
1995-10-20 00:00:00,3.489864,0.00001
1995-10-21 00:00:00,3.539058,0.00001
1995-10-22 00:00:00,3.612251,0.00001
1995-10-23 00:00:00,3.83361,0.00001
1995-10-24 00:00:00,3.897137,0.00001
1995-10-25 00:00:00,3.818461,0.00001
1995-10-26 00:00:00,3.885283,0.00001
1995-10-27 00:00:00,4.836996,0.00001
1995-10-28 00:00:00,5.083541,0.00001
1995-10-29 00:00:00,5.118999,0.00001
1995-10-30 00:00:00,5.173338,0.00001
1995-10-31 00:00:00,5.519669,0.00001
1995-11-01 00:00:00,6.785981,0.00001
1995-11-02 00:00:00,7.506095,0.00001
1995-11-03 00:00:00,7.783058,0.00001
1995-11-04 00:00:00,7.973325,0.00001
1995-11-05 00:00:00,8.120989,0.00001
1995-11-06 00:00:00,8.149409,0.00001
1995-11-07 00:00:00,8.099943,0.00001
1995-11-08 00:00:00,8.160466,0.00001
1995-11-09 00:00:00,8.261237,0.00001
1995-11-10 00:00:00,8.790319,0.00001
1995-11-11 00:00:00,8.931618,0.00001
1995-11-12 00:00:00,8.93929,0.00001
1995-11-13 00:00:00,8.902204,0.00001
1995-11-14 00:00:00,8.852553,0.00001
1995-11-15 00:00:00,8.791157,0.00001
1995-11-16 00:00:00,8.716525,0.00001
1995-11-17 00:00:00,8.641189,0.00001
1995-11-18 00:00:00,8.542882,0.00001
1995-11-19 00:00:00,8.459445,0.00001
1995-11-20 00:00:00,8.329761,0.00001
1995-11-21 00:00:00,8.206471,0.00001
1995-11-22 00:00:00,8.085254,0.00001
1995-11-23 00:00:00,7.953584,0.00001
1995-11-24 00:00:00,7.817239,0.00001
1995-11-25 00:00:00,7.66763,0.00001
1995-11-26 00:00:00,7.619855,0.00001
1995-11-27 00:00:00,8.456288,0.00001
1995-11-28 00:00:00,8.33609,0.00001
1995-11-29 00:00:00,8.205677,0.00001
1995-11-30 00:00:00,8.021477,0.00001
1995-12-01 00:00:00,7.970085,0.00001
1995-12-02 00:00:00,7.814127,0.00001
1995-12-03 00:00:00,7.7912,0.00001
1995-12-04 00:00:00,7.697419,0.00001
1995-12-05 00:00:00,7.583129,0.00001
1995-12-06 00:00:00,7.467468,0.00001
1995-12-07 00:00:00,7.382023,0.00001
1995-12-08 00:00:00,7.362912,0.00001
1995-12-09 00:00:00,7.265751,0.00001
1995-12-10 00:00:00,7.154359,0.00001
1995-12-11 00:00:00,7.116158,0.00001
1995-12-12 00:00:00,7.101343,0.00001
1995-12-13 00:00:00,7.055124,0.00001
1995-12-14 00:00:00,6.98658,0.00001
1995-12-15 00:00:00,6.83992,0.00001
1995-12-16 00:00:00,6.701652,0.00001
1995-12-17 00:00:00,6.565464,0.00001
1995-12-18 00:00:00,6.43904,0.00001
1995-12-19 00:00:00,6.309857,0.00001
1995-12-20 00:00:00,6.18715,0.00001
1995-12-21 00:00:00,6.066879,0.00001
1995-12-22 00:00:00,5.955846,0.00001
1995-12-23 00:00:00,5.848755,0.00001
1995-12-24 00:00:00,5.738674,0.00001
1995-12-25 00:00:00,5.632437,0.00001
1995-12-26 00:00:00,5.537189,0.00001
1995-12-27 00:00:00,5.432293,0.00001
1995-12-28 00:00:00,5.328736,0.00001
1995-12-29 00:00:00,5.237834,0.00001
1995-12-30 00:00:00,5.245376,0.00001
1995-12-31 00:00:00,5.1789,0.00001
1996-01-01 00:00:00,5.077277,0.00001
1996-01-02 00:00:00,4.975519,0.00001
1996-01-03 00:00:00,4.883565,0.00001
1996-01-04 00:00:00,4.800754,0.00001
1996-01-05 00:00:00,4.7159,0.00001
1996-01-06 00:00:00,4.636564,0.00001
1996-01-07 00:00:00,4.565858,0.00001
1996-01-08 00:00:00,4.490528,0.00001
1996-01-09 00:00:00,4.414151,0.00001
1996-01-10 00:00:00,4.472619,0.00001
1996-01-11 00:00:00,4.451718,0.00001
1996-01-12 00:00:00,4.353444,0.00001
1996-01-13 00:00:00,4.264087,0.00001
1996-01-14 00:00:00,4.177729,0.00001
1996-01-15 00:00:00,4.103055,0.00001
1996-01-16 00:00:00,4.069222,0.00001
1996-01-17 00:00:00,4.087884,0.00001
1996-01-18 00:00:00,4.724682,0.00001
1996-01-19 00:00:00,5.070568,0.00001
1996-01-20 00:00:00,5.182088,0.00001
1996-01-21 00:00:00,5.245964,0.00001
1996-01-22 00:00:00,5.368602,0.00001
1996-01-23 00:00:00,5.643932,0.00001
1996-01-24 00:00:00,5.702574,0.00001
1996-01-25 00:00:00,5.991519,0.00001
1996-01-26 00:00:00,6.453513,0.00001
1996-01-27 00:00:00,6.27203,0.00001
1996-01-28 00:00:00,6.228581,0.00001
1996-01-29 00:00:00,6.182374,0.00001
1996-01-30 00:00:00,6.131674,0.00001
1996-01-31 00:00:00,6.08724,0.00001
1996-02-01 00:00:00,6.042937,0.00001
1996-02-02 00:00:00,6.005782,0.00001
1996-02-03 00:00:00,5.967579,0.00001
1996-02-04 00:00:00,5.922781,0.00001
1996-02-05 00:00:00,5.869908,0.00001
1996-02-06 00:00:00,5.810627,0.00001
1996-02-07 00:00:00,5.738769,0.00001
1996-02-08 00:00:00,5.656035,0.00001
1996-02-09 00:00:00,5.598798,0.00001
1996-02-10 00:00:00,5.505708,0.00001
1996-02-11 00:00:00,5.509008,0.00001
1996-02-12 00:00:00,5.456605,0.00001
1996-02-13 00:00:00,5.412409,0.00001
1996-02-14 00:00:00,5.398503,0.00001
1996-02-15 00:00:00,5.391989,0.00001
1996-02-16 00:00:00,5.320757,0.00001
1996-02-17 00:00:00,5.259934,0.00001
1996-02-18 00:00:00,5.192708,0.00001
1996-02-19 00:00:00,5.082208,0.00001
1996-02-20 00:00:00,4.971792,0.00001
1996-02-21 00:00:00,5.06552,0.00001
1996-02-22 00:00:00,5.004374,0.00001
1996-02-23 00:00:00,4.87897,0.00001
1996-02-24 00:00:00,5.106213,0.00001
1996-02-25 00:00:00,5.428301,0.00001
1996-02-26 00:00:00,5.719551,0.00001
1996-02-27 00:00:00,5.946179,0.00001
1996-02-28 00:00:00,6.193125,0.00001
1996-02-29 00:00:00,6.303943,0.00001
1996-03-01 00:00:00,6.372694,0.00001
1996-03-02 00:00:00,6.434945,0.00001
1996-03-03 00:00:00,6.488228,0.00001
1996-03-04 00:00:00,6.542454,0.00001
1996-03-05 00:00:00,6.673792,0.00001
1996-03-06 00:00:00,6.754466,0.00001
1996-03-07 00:00:00,6.76123,0.00001
1996-03-08 00:00:00,6.781544,0.00001
1996-03-09 00:00:00,6.771495,0.00001
1996-03-10 00:00:00,6.717977,0.00001
1996-03-11 00:00:00,6.663716,0.00001
1996-03-12 00:00:00,6.627786,0.00001
1996-03-13 00:00:00,6.517453,0.00001
1996-03-14 00:00:00,6.424892,0.00001
1996-03-15 00:00:00,6.325166,0.00001
1996-03-16 00:00:00,6.271028,0.00001
1996-03-17 00:00:00,6.246153,0.00001
1996-03-18 00:00:00,6.185853,0.00001
1996-03-19 00:00:00,6.126791,0.00001
1996-03-20 00:00:00,6.038023,0.00001
1996-03-21 00:00:00,5.95314,0.00001
1996-03-22 00:00:00,5.82768,0.00001
1996-03-23 00:00:00,5.861675,0.00001
1996-03-24 00:00:00,5.966577,0.00001
1996-03-25 00:00:00,6.09876,0.00001
1996-03-26 00:00:00,6.061341,0.00001
1996-03-27 00:00:00,5.990723,0.00001
1996-03-28 00:00:00,5.917123,0.00001
1996-03-29 00:00:00,5.823353,0.00001
1996-03-30 00:00:00,5.775721,0.00001
1996-03-31 00:00:00,5.707859,0.00001
1996-04-01 00:00:00,5.610294,0.00001
1996-04-02 00:00:00,5.508343,0.00001
1996-04-03 00:00:00,5.391956,0.00001
1996-04-04 00:00:00,5.449612,0.00001
1996-04-05 00:00:00,5.353349,0.00001
1996-04-06 00:00:00,5.3686,0.00001
1996-04-07 00:00:00,5.294974,0.00001
1996-04-08 00:00:00,5.18544,0.00001
1996-04-09 00:00:00,5.058676,0.00001
1996-04-10 00:00:00,4.882894,0.00001
1996-04-11 00:00:00,4.686603,0.00001
1996-04-12 00:00:00,4.587272,0.00001
1996-04-13 00:00:00,4.484176,0.00001
1996-04-14 00:00:00,4.504076,0.00001
1996-04-15 00:00:00,4.735675,0.00001
1996-04-16 00:00:00,4.658419,0.00001
1996-04-17 00:00:00,4.54548,0.00001
1996-04-18 00:00:00,4.486576,0.00001
1996-04-19 00:00:00,4.673046,0.00001
1996-04-20 00:00:00,5.083296,0.00001
1996-04-21 00:00:00,4.947041,0.00001
1996-04-22 00:00:00,4.896256,0.00001
1996-04-23 00:00:00,4.817235,0.00001
1996-04-24 00:00:00,4.700686,0.00001
1996-04-25 00:00:00,4.64061,0.00001
1996-04-26 00:00:00,4.585885,0.00001
1996-04-27 00:00:00,4.449428,0.00001
1996-04-28 00:00:00,4.492782,0.00001
1996-04-29 00:00:00,5.217582,0.00001
1996-04-30 00:00:00,5.345901,0.00001
1996-05-01 00:00:00,5.278664,0.00001
1996-05-02 00:00:00,5.147316,0.00001
1996-05-03 00:00:00,5.071081,0.00001
1996-05-04 00:00:00,5.048677,0.00001
1996-05-05 00:00:00,5.052353,0.00001
1996-05-06 00:00:00,4.993028,0.00001
1996-05-07 00:00:00,4.957668,0.00001
1996-05-08 00:00:00,5.202926,0.00001
1996-05-09 00:00:00,5.79186,0.00001
1996-05-10 00:00:00,6.770091,0.00001
1996-05-11 00:00:00,6.914973,0.00001
1996-05-12 00:00:00,6.924896,0.00001
1996-05-13 00:00:00,6.889763,0.00001
1996-05-14 00:00:00,7.138749,0.00001
1996-05-15 00:00:00,7.314558,0.00001
1996-05-16 00:00:00,7.249797,0.00001
1996-05-17 00:00:00,7.0789,0.00001
1996-05-18 00:00:00,6.846428,0.00001
1996-05-19 00:00:00,6.78577,0.00001
1996-05-20 00:00:00,7.251432,0.00001
1996-05-21 00:00:00,7.115616,0.00001
1996-05-22 00:00:00,6.960162,0.00001
1996-05-23 00:00:00,7.286732,0.00001
1996-05-24 00:00:00,7.317402,0.00001
1996-05-25 00:00:00,7.359774,0.00001
1996-05-26 00:00:00,7.354762,0.00001
1996-05-27 00:00:00,7.513867,0.00001
1996-05-28 00:00:00,8.121446,0.00001
1996-05-29 00:00:00,7.815395,0.00001
1996-05-30 00:00:00,7.489911,0.00001
1996-05-31 00:00:00,7.445027,0.00001
1996-06-01 00:00:00,8.16501,0.00001
1996-06-02 00:00:00,8.625355,0.00001
1996-06-03 00:00:00,8.60374,0.00001
1996-06-04 00:00:00,8.656007,0.00001
1996-06-05 00:00:00,8.791809,0.00001
1996-06-06 00:00:00,10.643531,0.00001
1996-06-07 00:00:00,12.552571,0.00001
1996-06-08 00:00:00,13.072312,0.00001
1996-06-09 00:00:00,13.503838,0.00001
1996-06-10 00:00:00,13.76227,0.00001
1996-06-11 00:00:00,13.778512,0.00001
1996-06-12 00:00:00,13.580782,0.00001
1996-06-13 00:00:00,13.239387,0.00001
1996-06-14 00:00:00,12.887085,0.00001
1996-06-15 00:00:00,12.555795,0.00001
1996-06-16 00:00:00,14.707557,0.00001
1996-06-17 00:00:00,23.365619,0.00001
1996-06-18 00:00:00,27.834185,0.00001
1996-06-19 00:00:00,29.93125,0.00001
1996-06-20 00:00:00,30.658636,0.00001
1996-06-21 00:00:00,30.987731,0.00001
1996-06-22 00:00:00,31.173879,0.00001
1996-06-23 00:00:00,31.490051,0.00001
1996-06-24 00:00:00,30.946606,0.00001
1996-06-25 00:00:00,30.179176,0.00001
1996-06-26 00:00:00,29.313413,0.00001
1996-06-27 00:00:00,28.306936,0.00001
1996-06-28 00:00:00,27.232988,0.00001
1996-06-29 00:00:00,26.758695,0.00001
1996-06-30 00:00:00,26.179403,0.00001
1996-07-01 00:00:00,25.123134,0.00001
1996-07-02 00:00:00,24.517794,0.00001
1996-07-03 00:00:00,23.36118,0.00001
1996-07-04 00:00:00,22.211007,0.00001
1996-07-05 00:00:00,21.043839,0.00001
1996-07-06 00:00:00,20.025118,0.00001
1996-07-07 00:00:00,19.081041,0.00001
1996-07-08 00:00:00,18.302504,0.00001
1996-07-09 00:00:00,17.618361,0.00001
1996-07-10 00:00:00,16.765437,0.00001
1996-07-11 00:00:00,16.125981,0.00001
1996-07-12 00:00:00,16.006869,0.00001
1996-07-13 00:00:00,15.384328,0.00001
1996-07-14 00:00:00,14.72709,0.00001
1996-07-15 00:00:00,14.059194,0.00001
1996-07-16 00:00:00,13.239343,0.00001
1996-07-17 00:00:00,13.547805,0.00001
1996-07-18 00:00:00,16.876319,0.00001
1996-07-19 00:00:00,16.681529,0.00001
1996-07-20 00:00:00,16.149597,0.00001
1996-07-21 00:00:00,15.757079,0.00001
1996-07-22 00:00:00,15.492946,0.00001
1996-07-23 00:00:00,15.120391,0.00001
1996-07-24 00:00:00,14.704832,0.00001
1996-07-25 00:00:00,14.150573,0.00001
1996-07-26 00:00:00,13.496244,0.00001
1996-07-27 00:00:00,12.965632,0.00001
1996-07-28 00:00:00,12.77305,0.00001
1996-07-29 00:00:00,12.522234,0.00001
1996-07-30 00:00:00,12.020821,0.00001
1996-07-31 00:00:00,11.613951,0.00001
1996-08-01 00:00:00,11.138018,0.00001
1996-08-02 00:00:00,10.683276,0.00001
1996-08-03 00:00:00,10.186124,0.00001
1996-08-04 00:00:00,9.877282,0.00001
1996-08-05 00:00:00,10.478966,0.00001
1996-08-06 00:00:00,11.546465,0.00001
1996-08-07 00:00:00,11.236629,0.00001
1996-08-08 00:00:00,10.804896,0.00001
1996-08-09 00:00:00,10.421531,0.00001
1996-08-10 00:00:00,10.104942,0.00001
1996-08-11 00:00:00,9.757231,0.00001
1996-08-12 00:00:00,9.349462,0.00001
1996-08-13 00:00:00,8.981885,0.00001
1996-08-14 00:00:00,8.598293,0.00001
1996-08-15 00:00:00,8.24373,0.00001
1996-08-16 00:00:00,7.886017,0.00001
1996-08-17 00:00:00,7.590436,0.00001
1996-08-18 00:00:00,7.381693,0.00001
1996-08-19 00:00:00,7.49271,0.00001
1996-08-20 00:00:00,7.40169,0.00001
1996-08-21 00:00:00,7.154416,0.00001
1996-08-22 00:00:00,6.861802,0.00001
1996-08-23 00:00:00,6.537145,0.00001
1996-08-24 00:00:00,6.213416,0.00001
1996-08-25 00:00:00,5.909682,0.00001
1996-08-26 00:00:00,5.649311,0.00001
1996-08-27 00:00:00,5.411413,0.00001
1996-08-28 00:00:00,5.169379,0.00001
1996-08-29 00:00:00,4.92547,0.00001
1996-08-30 00:00:00,4.672215,0.00001
1996-08-31 00:00:00,4.427305,0.00001
1996-09-01 00:00:00,4.182806,0.00001
1996-09-02 00:00:00,3.939876,0.00001
1996-09-03 00:00:00,3.703527,0.00001
1996-09-04 00:00:00,3.471044,0.00001
1996-09-05 00:00:00,3.259259,0.00001
1996-09-06 00:00:00,3.069105,0.00001
1996-09-07 00:00:00,2.912675,0.00001
1996-09-08 00:00:00,2.92504,0.00001
1996-09-09 00:00:00,2.756286,0.00001
1996-09-10 00:00:00,2.570268,0.00001
1996-09-11 00:00:00,2.418809,0.00001
1996-09-12 00:00:00,2.306132,0.00001
1996-09-13 00:00:00,2.187159,0.00001
1996-09-14 00:00:00,2.118575,0.00001
1996-09-15 00:00:00,2.029629,0.00001
1996-09-16 00:00:00,1.937876,0.00001
1996-09-17 00:00:00,1.831548,0.00001
1996-09-18 00:00:00,1.691367,0.00001
1996-09-19 00:00:00,1.564147,0.00001
1996-09-20 00:00:00,1.627199,0.00001
1996-09-21 00:00:00,1.479061,0.00001
1996-09-22 00:00:00,1.35526,0.00001
1996-09-23 00:00:00,1.373278,0.00001
1996-09-24 00:00:00,1.302608,0.00001
1996-09-25 00:00:00,1.32194,0.00001
1996-09-26 00:00:00,1.688659,0.00001
1996-09-27 00:00:00,1.63238,0.00001
1996-09-28 00:00:00,1.557181,0.00001
1996-09-29 00:00:00,1.44421,0.00001
1996-09-30 00:00:00,1.314746,0.00001
1996-10-01 00:00:00,1.197823,0.00001
1996-10-02 00:00:00,1.125188,0.00001
1996-10-03 00:00:00,1.052358,0.00001
1996-10-04 00:00:00,1.003589,0.00001
1996-10-05 00:00:00,0.914734,0.00001
1996-10-06 00:00:00,0.884825,0.00001
1996-10-07 00:00:00,0.930691,0.00001
1996-10-08 00:00:00,0.885552,0.00001
1996-10-09 00:00:00,0.882282,0.00001
1996-10-10 00:00:00,0.86905,0.00001
1996-10-11 00:00:00,0.843125,0.00001
1996-10-12 00:00:00,0.81551,0.00001
1996-10-13 00:00:00,0.787448,0.00001
1996-10-14 00:00:00,0.76901,0.00001
1996-10-15 00:00:00,0.757491,0.00001
1996-10-16 00:00:00,0.80903,0.00001
1996-10-17 00:00:00,0.89229,0.00001
1996-10-18 00:00:00,0.870546,0.00001
1996-10-19 00:00:00,0.858748,0.00001
1996-10-20 00:00:00,0.839666,0.00001
1996-10-21 00:00:00,0.868161,0.00001
1996-10-22 00:00:00,0.930187,0.00001
1996-10-23 00:00:00,1.172966,0.00001
1996-10-24 00:00:00,1.172253,0.00001
1996-10-25 00:00:00,1.132396,0.00001
1996-10-26 00:00:00,1.089406,0.00001
1996-10-27 00:00:00,1.045466,0.00001
1996-10-28 00:00:00,1.005597,0.00001
1996-10-29 00:00:00,1.872703,0.00001
1996-10-30 00:00:00,2.277558,0.00001
1996-10-31 00:00:00,2.385928,0.00001
1996-11-01 00:00:00,2.414829,0.00001
1996-11-02 00:00:00,2.459107,0.00001
1996-11-03 00:00:00,2.456065,0.00001
1996-11-04 00:00:00,2.543974,0.00001
1996-11-05 00:00:00,2.588536,0.00001
1996-11-06 00:00:00,2.656537,0.00001
1996-11-07 00:00:00,2.669816,0.00001
1996-11-08 00:00:00,2.660371,0.00001
1996-11-09 00:00:00,2.670417,0.00001
1996-11-10 00:00:00,2.68662,0.00001
1996-11-11 00:00:00,2.678423,0.00001
1996-11-12 00:00:00,2.675591,0.00001
1996-11-13 00:00:00,2.690326,0.00001
1996-11-14 00:00:00,2.702337,0.00001
1996-11-15 00:00:00,2.730616,0.00001
1996-11-16 00:00:00,2.800567,0.00001
1996-11-17 00:00:00,2.862563,0.00001
1996-11-18 00:00:00,2.841233,0.00001
1996-11-19 00:00:00,2.837449,0.00001
1996-11-20 00:00:00,2.979332,0.00001
1996-11-21 00:00:00,2.993596,0.00001
1996-11-22 00:00:00,3.030967,0.00001
1996-11-23 00:00:00,3.084632,0.00001
1996-11-24 00:00:00,3.101999,0.00001
1996-11-25 00:00:00,3.070663,0.00001
1996-11-26 00:00:00,3.049535,0.00001
1996-11-27 00:00:00,3.108725,0.00001
1996-11-28 00:00:00,3.06981,0.00001
1996-11-29 00:00:00,3.101585,0.00001
1996-11-30 00:00:00,3.334283,0.00001
1996-12-01 00:00:00,3.421075,0.00001
1996-12-02 00:00:00,3.424643,0.00001
1996-12-03 00:00:00,3.436891,0.00001
1996-12-04 00:00:00,3.573939,0.00001
1996-12-05 00:00:00,3.600746,0.00001
1996-12-06 00:00:00,3.605795,0.00001
1996-12-07 00:00:00,3.568708,0.00001
1996-12-08 00:00:00,3.543452,0.00001
1996-12-09 00:00:00,3.541091,0.00001
1996-12-10 00:00:00,3.497422,0.00001
1996-12-11 00:00:00,3.457184,0.00001
1996-12-12 00:00:00,3.441615,0.00001
1996-12-13 00:00:00,3.415427,0.00001
1996-12-14 00:00:00,3.426888,0.00001
1996-12-15 00:00:00,3.718862,0.00001
1996-12-16 00:00:00,3.7815,0.00001
1996-12-17 00:00:00,3.807697,0.00001
1996-12-18 00:00:00,3.831211,0.00001
1996-12-19 00:00:00,3.852934,0.00001
1996-12-20 00:00:00,3.859115,0.00001
1996-12-21 00:00:00,3.856293,0.00001
1996-12-22 00:00:00,3.903845,0.00001
1996-12-23 00:00:00,3.999854,0.00001
1996-12-24 00:00:00,4.013467,0.00001
1996-12-25 00:00:00,4.235336,0.00001
1996-12-26 00:00:00,4.206845,0.00001
1996-12-27 00:00:00,4.199053,0.00001
1996-12-28 00:00:00,4.148778,0.00001
1996-12-29 00:00:00,4.109471,0.00001
1996-12-30 00:00:00,4.072999,0.00001
1996-12-31 00:00:00,4.034199,0.00001
1997-01-01 00:00:00,3.98684,0.00001
1997-01-02 00:00:00,3.872164,0.00001
1997-01-03 00:00:00,3.938672,0.00001
1997-01-04 00:00:00,4.381745,0.00001
1997-01-05 00:00:00,4.694543,0.00001
1997-01-06 00:00:00,4.787879,0.00001
1997-01-07 00:00:00,4.875873,0.00001
1997-01-08 00:00:00,4.956207,0.00001
1997-01-09 00:00:00,5.093976,0.00001
1997-01-10 00:00:00,5.140199,0.00001
1997-01-11 00:00:00,5.114151,0.00001
1997-01-12 00:00:00,5.100363,0.00001
1997-01-13 00:00:00,5.078067,0.00001
1997-01-14 00:00:00,5.114318,0.00001
1997-01-15 00:00:00,5.172247,0.00001
1997-01-16 00:00:00,5.111625,0.00001
1997-01-17 00:00:00,5.07569,0.00001
1997-01-18 00:00:00,5.037959,0.00001
1997-01-19 00:00:00,4.990969,0.00001
1997-01-20 00:00:00,4.939273,0.00001
1997-01-21 00:00:00,4.786907,0.00001
1997-01-22 00:00:00,4.955117,0.00001
1997-01-23 00:00:00,5.184235,0.00001
1997-01-24 00:00:00,5.296497,0.00001
1997-01-25 00:00:00,5.308595,0.00001
1997-01-26 00:00:00,5.360101,0.00001
1997-01-27 00:00:00,5.331189,0.00001
1997-01-28 00:00:00,5.289286,0.00001
1997-01-29 00:00:00,5.244914,0.00001
1997-01-30 00:00:00,5.198705,0.00001
1997-01-31 00:00:00,5.110987,0.00001
1997-02-01 00:00:00,5.090452,0.00001
1997-02-02 00:00:00,5.042333,0.00001
1997-02-03 00:00:00,5.258866,0.00001
1997-02-04 00:00:00,5.444764,0.00001
1997-02-05 00:00:00,5.321815,0.00001
1997-02-06 00:00:00,5.231784,0.00001
1997-02-07 00:00:00,5.160615,0.00001
1997-02-08 00:00:00,5.073635,0.00001
1997-02-09 00:00:00,4.988633,0.00001
1997-02-10 00:00:00,4.930131,0.00001
1997-02-11 00:00:00,4.91723,0.00001
1997-02-12 00:00:00,4.859265,0.00001
1997-02-13 00:00:00,4.783298,0.00001
1997-02-14 00:00:00,4.710955,0.00001
1997-02-15 00:00:00,4.700608,0.00001
1997-02-16 00:00:00,4.651962,0.00001
1997-02-17 00:00:00,4.53943,0.00001
1997-02-18 00:00:00,4.353093,0.00001
1997-02-19 00:00:00,4.577138,0.00001
1997-02-20 00:00:00,4.807588,0.00001
1997-02-21 00:00:00,5.773635,0.00001
1997-02-22 00:00:00,6.031702,0.00001
1997-02-23 00:00:00,6.168957,0.00001
1997-02-24 00:00:00,6.233321,0.00001
1997-02-25 00:00:00,6.266379,0.00001
1997-02-26 00:00:00,6.503495,0.00001
1997-02-27 00:00:00,6.669405,0.00001
1997-02-28 00:00:00,6.636425,0.00001
1997-03-01 00:00:00,6.772325,0.00001
1997-03-02 00:00:00,7.038213,0.00001
1997-03-03 00:00:00,7.171723,0.00001
1997-03-04 00:00:00,7.232894,0.00001
1997-03-05 00:00:00,7.311706,0.00001
1997-03-06 00:00:00,7.336111,0.00001
1997-03-07 00:00:00,7.320056,0.00001
1997-03-08 00:00:00,7.29307,0.00001
1997-03-09 00:00:00,7.911561,0.00001
1997-03-10 00:00:00,7.969322,0.00001
1997-03-11 00:00:00,7.936873,0.00001
1997-03-12 00:00:00,7.969882,0.00001
1997-03-13 00:00:00,8.401927,0.00001
1997-03-14 00:00:00,8.294402,0.00001
1997-03-15 00:00:00,8.26491,0.00001
1997-03-16 00:00:00,8.202324,0.00001
1997-03-17 00:00:00,7.995147,0.00001
1997-03-18 00:00:00,8.173562,0.00001
1997-03-19 00:00:00,8.072012,0.00001
1997-03-20 00:00:00,8.044664,0.00001
1997-03-21 00:00:00,8.044154,0.00001
1997-03-22 00:00:00,8.007854,0.00001
1997-03-23 00:00:00,8.039435,0.00001
1997-03-24 00:00:00,8.1502,0.00001
1997-03-25 00:00:00,8.466794,0.00001
1997-03-26 00:00:00,8.401217,0.00001
1997-03-27 00:00:00,8.237021,0.00001
1997-03-28 00:00:00,8.298173,0.00001
1997-03-29 00:00:00,8.300555,0.00001
1997-03-30 00:00:00,8.277686,0.00001
1997-03-31 00:00:00,8.161504,0.00001
1997-04-01 00:00:00,7.964354,0.00001
1997-04-02 00:00:00,7.768379,0.00001
1997-04-03 00:00:00,7.600279,0.00001
1997-04-04 00:00:00,7.476457,0.00001
1997-04-05 00:00:00,7.629074,0.00001
1997-04-06 00:00:00,7.593336,0.00001
1997-04-07 00:00:00,7.446818,0.00001
1997-04-08 00:00:00,7.331039,0.00001
1997-04-09 00:00:00,7.172946,0.00001
1997-04-10 00:00:00,7.081966,0.00001
1997-04-11 00:00:00,7.381431,0.00001
1997-04-12 00:00:00,7.664202,0.00001
1997-04-13 00:00:00,7.487184,0.00001
1997-04-14 00:00:00,7.315648,0.00001
1997-04-15 00:00:00,7.095714,0.00001
1997-04-16 00:00:00,6.947081,0.00001
1997-04-17 00:00:00,6.840126,0.00001
1997-04-18 00:00:00,6.718077,0.00001
1997-04-19 00:00:00,6.880846,0.00001
1997-04-20 00:00:00,6.789411,0.00001
1997-04-21 00:00:00,6.704491,0.00001
1997-04-22 00:00:00,6.5325,0.00001
1997-04-23 00:00:00,6.402607,0.00001
1997-04-24 00:00:00,6.317745,0.00001
1997-04-25 00:00:00,6.063894,0.00001
1997-04-26 00:00:00,5.836079,0.00001
1997-04-27 00:00:00,5.678348,0.00001
1997-04-28 00:00:00,5.438147,0.00001
1997-04-29 00:00:00,5.214338,0.00001
1997-04-30 00:00:00,6.07899,0.00001
1997-05-01 00:00:00,6.839742,0.00001
1997-05-02 00:00:00,7.608043,0.00001
1997-05-03 00:00:00,7.738632,0.00001
1997-05-04 00:00:00,7.641496,0.00001
1997-05-05 00:00:00,7.609969,0.00001
1997-05-06 00:00:00,7.453306,0.00001
1997-05-07 00:00:00,7.770713,0.00001
1997-05-08 00:00:00,7.919051,0.00001
1997-05-09 00:00:00,7.870095,0.00001
1997-05-10 00:00:00,7.684687,0.00001
1997-05-11 00:00:00,7.532888,0.00001
1997-05-12 00:00:00,7.430405,0.00001
1997-05-13 00:00:00,7.319476,0.00001
1997-05-14 00:00:00,7.373676,0.00001
1997-05-15 00:00:00,7.336189,0.00001
1997-05-16 00:00:00,7.20186,0.00001
1997-05-17 00:00:00,6.965695,0.00001
1997-05-18 00:00:00,6.957328,0.00001
1997-05-19 00:00:00,6.775545,0.00001
1997-05-20 00:00:00,6.608155,0.00001
1997-05-21 00:00:00,6.401328,0.00001
1997-05-22 00:00:00,6.172477,0.00001
1997-05-23 00:00:00,5.944659,0.00001
1997-05-24 00:00:00,6.015083,0.00001
1997-05-25 00:00:00,5.981129,0.00001
1997-05-26 00:00:00,5.779825,0.00001
1997-05-27 00:00:00,5.551469,0.00001
1997-05-28 00:00:00,5.672774,0.00001
1997-05-29 00:00:00,6.074966,0.00001
1997-05-30 00:00:00,6.033961,0.00001
1997-05-31 00:00:00,5.790408,0.00001
1997-06-01 00:00:00,5.507713,0.00001
1997-06-02 00:00:00,5.256409,0.00001
1997-06-03 00:00:00,5.053738,0.00001
1997-06-04 00:00:00,4.821572,0.00001
1997-06-05 00:00:00,4.866986,0.00001
1997-06-06 00:00:00,4.890947,0.00001
1997-06-07 00:00:00,5.330941,0.00001
1997-06-08 00:00:00,5.245846,0.00001
1997-06-09 00:00:00,5.001935,0.00001
1997-06-10 00:00:00,4.718731,0.00001
1997-06-11 00:00:00,4.566849,0.00001
1997-06-12 00:00:00,4.382726,0.00001
1997-06-13 00:00:00,4.14573,0.00001
1997-06-14 00:00:00,3.936127,0.00001
1997-06-15 00:00:00,5.107228,0.00001
1997-06-16 00:00:00,6.071341,0.00001
1997-06-17 00:00:00,6.1201,0.00001
1997-06-18 00:00:00,6.051023,0.00001
1997-06-19 00:00:00,5.909533,0.00001
1997-06-20 00:00:00,5.941673,0.00001
1997-06-21 00:00:00,7.490736,0.00001
1997-06-22 00:00:00,7.595361,0.00001
1997-06-23 00:00:00,7.701251,0.00001
1997-06-24 00:00:00,7.849337,0.00001
1997-06-25 00:00:00,8.078546,0.00001
1997-06-26 00:00:00,7.903178,0.00001
1997-06-27 00:00:00,7.693259,0.00001
1997-06-28 00:00:00,7.545395,0.00001
1997-06-29 00:00:00,7.678158,0.00001
1997-06-30 00:00:00,7.876597,0.00001
1997-07-01 00:00:00,7.685088,0.00001
1997-07-02 00:00:00,7.702672,0.00001
1997-07-03 00:00:00,7.594525,0.00001
1997-07-04 00:00:00,7.566477,0.00001
1997-07-05 00:00:00,7.578263,0.00001
1997-07-06 00:00:00,8.110413,0.00001
1997-07-07 00:00:00,8.136115,0.00001
1997-07-08 00:00:00,10.047486,0.00001
1997-07-09 00:00:00,10.233631,0.00001
1997-07-10 00:00:00,10.151158,0.00001
1997-07-11 00:00:00,10.001341,0.00001
1997-07-12 00:00:00,9.839005,0.00001
1997-07-13 00:00:00,9.601565,0.00001
1997-07-14 00:00:00,9.53657,0.00001
1997-07-15 00:00:00,9.219466,0.00001
1997-07-16 00:00:00,9.024946,0.00001
1997-07-17 00:00:00,9.62038,0.00001
1997-07-18 00:00:00,9.720093,0.00001
1997-07-19 00:00:00,9.734669,0.00001
1997-07-20 00:00:00,9.738699,0.00001
1997-07-21 00:00:00,10.741051,0.00001
1997-07-22 00:00:00,10.872013,0.00001
1997-07-23 00:00:00,11.182965,0.00001
1997-07-24 00:00:00,11.10347,0.00001
1997-07-25 00:00:00,11.388036,0.00001
1997-07-26 00:00:00,11.648375,0.00001
1997-07-27 00:00:00,12.644634,0.00001
1997-07-28 00:00:00,12.408634,0.00001
1997-07-29 00:00:00,12.265323,0.00001
1997-07-30 00:00:00,12.018004,0.00001
1997-07-31 00:00:00,11.69226,0.00001
1997-08-01 00:00:00,11.553164,0.00001
1997-08-02 00:00:00,11.14994,0.00001
1997-08-03 00:00:00,11.453406,0.00001
1997-08-04 00:00:00,11.489041,0.00001
1997-08-05 00:00:00,11.188463,0.00001
1997-08-06 00:00:00,10.845729,0.00001
1997-08-07 00:00:00,10.444561,0.00001
1997-08-08 00:00:00,10.025879,0.00001
1997-08-09 00:00:00,9.732874,0.00001
1997-08-10 00:00:00,9.453862,0.00001
1997-08-11 00:00:00,9.523406,0.00001
1997-08-12 00:00:00,10.345663,0.00001
1997-08-13 00:00:00,10.187941,0.00001
1997-08-14 00:00:00,10.040095,0.00001
1997-08-15 00:00:00,10.163128,0.00001
1997-08-16 00:00:00,9.904662,0.00001
1997-08-17 00:00:00,10.055844,0.00001
1997-08-18 00:00:00,9.926311,0.00001
1997-08-19 00:00:00,9.795721,0.00001
1997-08-20 00:00:00,9.609681,0.00001
1997-08-21 00:00:00,9.391917,0.00001
1997-08-22 00:00:00,9.065208,0.00001
1997-08-23 00:00:00,8.826187,0.00001
1997-08-24 00:00:00,8.523636,0.00001
1997-08-25 00:00:00,8.222618,0.00001
1997-08-26 00:00:00,7.904113,0.00001
1997-08-27 00:00:00,7.615048,0.00001
1997-08-28 00:00:00,7.324378,0.00001
1997-08-29 00:00:00,7.077664,0.00001
1997-08-30 00:00:00,7.148242,0.00001
1997-08-31 00:00:00,6.84794,0.00001
1997-09-01 00:00:00,6.53399,0.00001
1997-09-02 00:00:00,6.259689,0.00001
1997-09-03 00:00:00,6.022519,0.00001
1997-09-04 00:00:00,5.773221,0.00001
1997-09-05 00:00:00,5.593942,0.00001
1997-09-06 00:00:00,5.317816,0.00001
1997-09-07 00:00:00,5.163783,0.00001
1997-09-08 00:00:00,5.097212,0.00001
1997-09-09 00:00:00,4.983524,0.00001
1997-09-10 00:00:00,4.759422,0.00001
1997-09-11 00:00:00,4.52437,0.00001
1997-09-12 00:00:00,4.315353,0.00001
1997-09-13 00:00:00,4.141822,0.00001
1997-09-14 00:00:00,3.925589,0.00001
1997-09-15 00:00:00,3.755418,0.00001
1997-09-16 00:00:00,3.806545,0.00001
1997-09-17 00:00:00,3.931351,0.00001
1997-09-18 00:00:00,3.73564,0.00001
1997-09-19 00:00:00,3.739687,0.00001
1997-09-20 00:00:00,3.614791,0.00001
1997-09-21 00:00:00,3.48097,0.00001
1997-09-22 00:00:00,3.54871,0.00001
1997-09-23 00:00:00,3.500066,0.00001
1997-09-24 00:00:00,3.344012,0.00001
1997-09-25 00:00:00,3.173691,0.00001
1997-09-26 00:00:00,3.019656,0.00001
1997-09-27 00:00:00,2.87924,0.00001
1997-09-28 00:00:00,2.78813,0.00001
1997-09-29 00:00:00,2.63945,0.00001
1997-09-30 00:00:00,2.519102,0.00001
1997-10-01 00:00:00,2.408964,0.00001
1997-10-02 00:00:00,2.280686,0.00001
1997-10-03 00:00:00,2.13072,0.00001
1997-10-04 00:00:00,1.976655,0.00001
1997-10-05 00:00:00,1.844718,0.00001
1997-10-06 00:00:00,1.710814,0.00001
1997-10-07 00:00:00,1.616584,0.00001
1997-10-08 00:00:00,1.54012,0.00001
1997-10-09 00:00:00,1.48964,0.00001
1997-10-10 00:00:00,1.403732,0.00001
1997-10-11 00:00:00,1.434705,0.00001
1997-10-12 00:00:00,1.440298,0.00001
1997-10-13 00:00:00,1.626296,0.00001
1997-10-14 00:00:00,1.589011,0.00001
1997-10-15 00:00:00,1.520137,0.00001
1997-10-16 00:00:00,1.464089,0.00001
1997-10-17 00:00:00,1.396599,0.00001
1997-10-18 00:00:00,1.31946,0.00001
1997-10-19 00:00:00,1.286818,0.00001
1997-10-20 00:00:00,1.229606,0.00001
1997-10-21 00:00:00,1.177081,0.00001
1997-10-22 00:00:00,1.163338,0.00001
1997-10-23 00:00:00,1.22468,0.00001
1997-10-24 00:00:00,1.248927,0.00001
1997-10-25 00:00:00,1.255539,0.00001
1997-10-26 00:00:00,1.380331,0.00001
1997-10-27 00:00:00,1.425491,0.00001
1997-10-28 00:00:00,1.422097,0.00001
1997-10-29 00:00:00,1.363473,0.00001
1997-10-30 00:00:00,1.355495,0.00001
1997-10-31 00:00:00,1.383588,0.00001
1997-11-01 00:00:00,1.505417,0.00001
1997-11-02 00:00:00,1.54571,0.00001
1997-11-03 00:00:00,1.558392,0.00001
1997-11-04 00:00:00,1.592259,0.00001
1997-11-05 00:00:00,1.685647,0.00001
1997-11-06 00:00:00,1.79275,0.00001
1997-11-07 00:00:00,1.76928,0.00001
1997-11-08 00:00:00,1.737545,0.00001
1997-11-09 00:00:00,1.751028,0.00001
1997-11-10 00:00:00,1.738971,0.00001
1997-11-11 00:00:00,1.715759,0.00001
1997-11-12 00:00:00,1.692516,0.00001
1997-11-13 00:00:00,1.67718,0.00001
1997-11-14 00:00:00,1.75922,0.00001
1997-11-15 00:00:00,1.815463,0.00001
1997-11-16 00:00:00,1.771968,0.00001
1997-11-17 00:00:00,1.739707,0.00001
1997-11-18 00:00:00,1.728881,0.00001
1997-11-19 00:00:00,1.775702,0.00001
1997-11-20 00:00:00,1.759705,0.00001
1997-11-21 00:00:00,1.781183,0.00001
1997-11-22 00:00:00,1.7671,0.00001
1997-11-23 00:00:00,1.753733,0.00001
1997-11-24 00:00:00,1.726685,0.00001
1997-11-25 00:00:00,1.701286,0.00001
1997-11-26 00:00:00,1.669814,0.00001
1997-11-27 00:00:00,1.66546,0.00001
1997-11-28 00:00:00,1.659302,0.00001
1997-11-29 00:00:00,1.769728,0.00001
1997-11-30 00:00:00,1.788432,0.00001
1997-12-01 00:00:00,1.775362,0.00001
1997-12-02 00:00:00,1.834518,0.00001
1997-12-03 00:00:00,2.050268,0.00001
1997-12-04 00:00:00,2.128198,0.00001
1997-12-05 00:00:00,2.152161,0.00001
1997-12-06 00:00:00,2.160532,0.00001
1997-12-07 00:00:00,2.157508,0.00001
1997-12-08 00:00:00,2.198385,0.00001
1997-12-09 00:00:00,2.266071,0.00001
1997-12-10 00:00:00,2.268181,0.00001
1997-12-11 00:00:00,2.307685,0.00001
1997-12-12 00:00:00,2.298969,0.00001
1997-12-13 00:00:00,2.290306,0.00001
1997-12-14 00:00:00,2.275854,0.00001
1997-12-15 00:00:00,2.249165,0.00001
1997-12-16 00:00:00,2.244652,0.00001
1997-12-17 00:00:00,2.230623,0.00001
1997-12-18 00:00:00,2.223947,0.00001
1997-12-19 00:00:00,2.217289,0.00001
1997-12-20 00:00:00,2.218132,0.00001
1997-12-21 00:00:00,2.2367,0.00001
1997-12-22 00:00:00,2.279083,0.00001
1997-12-23 00:00:00,2.270412,0.00001
1997-12-24 00:00:00,2.436576,0.00001
1997-12-25 00:00:00,2.376293,0.00001
1997-12-26 00:00:00,2.350952,0.00001
1997-12-27 00:00:00,2.32417,0.00001
1997-12-28 00:00:00,2.306231,0.00001
1997-12-29 00:00:00,2.288177,0.00001
1997-12-30 00:00:00,2.286344,0.00001
1997-12-31 00:00:00,2.354305,0.00001
1998-01-01 00:00:00,2.410691,0.00001
1998-01-02 00:00:00,2.2108,0.00001
1998-01-03 00:00:00,2.481858,0.00001
1998-01-04 00:00:00,2.719522,0.00001
1998-01-05 00:00:00,2.973827,0.00001
1998-01-06 00:00:00,3.211769,0.00001
1998-01-07 00:00:00,3.342651,0.00001
1998-01-08 00:00:00,3.663513,0.00001
1998-01-09 00:00:00,3.774269,0.00001
1998-01-10 00:00:00,3.773371,0.00001
1998-01-11 00:00:00,3.795294,0.00001
1998-01-12 00:00:00,3.803948,0.00001
1998-01-13 00:00:00,3.852939,0.00001
1998-01-14 00:00:00,4.094209,0.00001
1998-01-15 00:00:00,3.982659,0.00001
1998-01-16 00:00:00,3.961038,0.00001
1998-01-17 00:00:00,3.933559,0.00001
1998-01-18 00:00:00,3.9098,0.00001
1998-01-19 00:00:00,3.897052,0.00001
1998-01-20 00:00:00,3.977879,0.00001
1998-01-21 00:00:00,4.103338,0.00001
1998-01-22 00:00:00,4.10514,0.00001
1998-01-23 00:00:00,4.088244,0.00001
1998-01-24 00:00:00,4.062092,0.00001
1998-01-25 00:00:00,4.045371,0.00001
1998-01-26 00:00:00,3.999957,0.00001
1998-01-27 00:00:00,3.943347,0.00001
1998-01-28 00:00:00,3.908423,0.00001
1998-01-29 00:00:00,3.863002,0.00001
1998-01-30 00:00:00,3.810792,0.00001
1998-01-31 00:00:00,3.752115,0.00001
1998-02-01 00:00:00,3.785401,0.00001
1998-02-02 00:00:00,3.923666,0.00001
1998-02-03 00:00:00,3.929909,0.00001
1998-02-04 00:00:00,3.910151,0.00001
1998-02-05 00:00:00,3.888232,0.00001
1998-02-06 00:00:00,3.859513,0.00001
1998-02-07 00:00:00,3.828932,0.00001
1998-02-08 00:00:00,3.792421,0.00001
1998-02-09 00:00:00,3.766084,0.00001
1998-02-10 00:00:00,3.885248,0.00001
1998-02-11 00:00:00,4.181979,0.00001
1998-02-12 00:00:00,4.367933,0.00001
1998-02-13 00:00:00,4.38842,0.00001
1998-02-14 00:00:00,4.394456,0.00001
1998-02-15 00:00:00,4.442817,0.00001
1998-02-16 00:00:00,4.737303,0.00001
1998-02-17 00:00:00,5.033173,0.00001
1998-02-18 00:00:00,5.123998,0.00001
1998-02-19 00:00:00,5.199165,0.00001
1998-02-20 00:00:00,5.23565,0.00001
1998-02-21 00:00:00,5.261565,0.00001
1998-02-22 00:00:00,5.237371,0.00001
1998-02-23 00:00:00,5.283352,0.00001
1998-02-24 00:00:00,5.31412,0.00001
1998-02-25 00:00:00,5.262577,0.00001
1998-02-26 00:00:00,5.458469,0.00001
1998-02-27 00:00:00,5.95821,0.00001
1998-02-28 00:00:00,6.057211,0.00001
1998-03-01 00:00:00,6.124186,0.00001
1998-03-02 00:00:00,6.211979,0.00001
1998-03-03 00:00:00,6.310073,0.00001
1998-03-04 00:00:00,6.317328,0.00001
1998-03-05 00:00:00,6.352821,0.00001
1998-03-06 00:00:00,6.355354,0.00001
1998-03-07 00:00:00,6.590733,0.00001
1998-03-08 00:00:00,7.400401,0.00001
1998-03-09 00:00:00,7.542817,0.00001
1998-03-10 00:00:00,7.552294,0.00001
1998-03-11 00:00:00,7.542949,0.00001
1998-03-12 00:00:00,7.520012,0.00001
1998-03-13 00:00:00,7.512621,0.00001
1998-03-14 00:00:00,7.438988,0.00001
1998-03-15 00:00:00,7.413343,0.00001
1998-03-16 00:00:00,7.468259,0.00001
1998-03-17 00:00:00,7.852048,0.00001
1998-03-18 00:00:00,8.37478,0.00001
1998-03-19 00:00:00,8.394278,0.00001
1998-03-20 00:00:00,8.302828,0.00001
1998-03-21 00:00:00,8.139786,0.00001
1998-03-22 00:00:00,8.126597,0.00001
1998-03-23 00:00:00,8.053627,0.00001
1998-03-24 00:00:00,8.242591,0.00001
1998-03-25 00:00:00,8.238663,0.00001
1998-03-26 00:00:00,8.143857,0.00001
1998-03-27 00:00:00,8.041789,0.00001
1998-03-28 00:00:00,7.951593,0.00001
1998-03-29 00:00:00,7.771021,0.00001
1998-03-30 00:00:00,9.387441,0.00001
1998-03-31 00:00:00,13.701514,0.00001
1998-04-01 00:00:00,15.687626,0.00001
1998-04-02 00:00:00,16.625324,0.00001
1998-04-03 00:00:00,17.154584,0.00001
1998-04-04 00:00:00,17.363416,0.00001
1998-04-05 00:00:00,17.425165,0.00001
1998-04-06 00:00:00,17.601693,0.00001
1998-04-07 00:00:00,18.419504,0.00001
1998-04-08 00:00:00,20.206166,0.00001
1998-04-09 00:00:00,20.941119,0.00001
1998-04-10 00:00:00,20.919411,0.00001
1998-04-11 00:00:00,20.739204,0.00001
1998-04-12 00:00:00,20.573093,0.00001
1998-04-13 00:00:00,21.379177,0.00001
1998-04-14 00:00:00,21.554033,0.00001
1998-04-15 00:00:00,24.36578,0.00001
1998-04-16 00:00:00,25.923266,0.00001
1998-04-17 00:00:00,26.306455,0.00001
1998-04-18 00:00:00,26.215469,0.00001
1998-04-19 00:00:00,25.844088,0.00001
1998-04-20 00:00:00,25.888267,0.00001
1998-04-21 00:00:00,26.222899,0.00001
1998-04-22 00:00:00,25.560508,0.00001
1998-04-23 00:00:00,24.693572,0.00001
1998-04-24 00:00:00,23.82897,0.00001
1998-04-25 00:00:00,23.411913,0.00001
1998-04-26 00:00:00,23.591675,0.00001
1998-04-27 00:00:00,22.824299,0.00001
1998-04-28 00:00:00,21.989696,0.00001
1998-04-29 00:00:00,21.363189,0.00001
1998-04-30 00:00:00,20.558565,0.00001
1998-05-01 00:00:00,20.120391,0.00001
1998-05-02 00:00:00,20.275318,0.00001
1998-05-03 00:00:00,20.532878,0.00001
1998-05-04 00:00:00,19.797116,0.00001
1998-05-05 00:00:00,19.022377,0.00001
1998-05-06 00:00:00,19.170487,0.00001
1998-05-07 00:00:00,20.187708,0.00001
1998-05-08 00:00:00,19.83645,0.00001
1998-05-09 00:00:00,19.172739,0.00001
1998-05-10 00:00:00,18.482243,0.00001
1998-05-11 00:00:00,17.762889,0.00001
1998-05-12 00:00:00,17.242567,0.00001
1998-05-13 00:00:00,16.561234,0.00001
1998-05-14 00:00:00,15.822916,0.00001
1998-05-15 00:00:00,15.192918,0.00001
1998-05-16 00:00:00,14.707825,0.00001
1998-05-17 00:00:00,14.004832,0.00001
1998-05-18 00:00:00,13.362399,0.00001
1998-05-19 00:00:00,12.917517,0.00001
1998-05-20 00:00:00,12.365827,0.00001
1998-05-21 00:00:00,11.963803,0.00001
1998-05-22 00:00:00,11.624688,0.00001
1998-05-23 00:00:00,11.579653,0.00001
1998-05-24 00:00:00,12.723459,0.00001
1998-05-25 00:00:00,12.396278,0.00001
1998-05-26 00:00:00,11.856775,0.00001
1998-05-27 00:00:00,11.27053,0.00001
1998-05-28 00:00:00,12.220119,0.00001
1998-05-29 00:00:00,12.182268,0.00001
1998-05-30 00:00:00,11.93121,0.00001
1998-05-31 00:00:00,12.110377,0.00001
1998-06-01 00:00:00,11.802701,0.00001
1998-06-02 00:00:00,11.450045,0.00001
1998-06-03 00:00:00,11.214824,0.00001
1998-06-04 00:00:00,10.924599,0.00001
1998-06-05 00:00:00,10.715734,0.00001
1998-06-06 00:00:00,10.440928,0.00001
1998-06-07 00:00:00,10.081922,0.00001
1998-06-08 00:00:00,9.823915,0.00001
1998-06-09 00:00:00,9.911476,0.00001
1998-06-10 00:00:00,9.941271,0.00001
1998-06-11 00:00:00,11.639809,0.00001
1998-06-12 00:00:00,11.949436,0.00001
1998-06-13 00:00:00,11.745574,0.00001
1998-06-14 00:00:00,11.503355,0.00001
1998-06-15 00:00:00,11.200146,0.00001
1998-06-16 00:00:00,10.891146,0.00001
1998-06-17 00:00:00,10.767728,0.00001
1998-06-18 00:00:00,12.88373,0.00001
1998-06-19 00:00:00,14.301169,0.00001
1998-06-20 00:00:00,14.551414,0.00001
1998-06-21 00:00:00,14.882625,0.00001
1998-06-22 00:00:00,14.816135,0.00001
1998-06-23 00:00:00,14.61477,0.00001
1998-06-24 00:00:00,14.989798,0.00001
1998-06-25 00:00:00,14.89629,0.00001
1998-06-26 00:00:00,14.529427,0.00001
1998-06-27 00:00:00,16.429196,0.00001
1998-06-28 00:00:00,20.134255,0.00001
1998-06-29 00:00:00,21.309722,0.00001
1998-06-30 00:00:00,21.824067,0.00001
1998-07-01 00:00:00,21.755116,0.00001
1998-07-02 00:00:00,21.6983,0.00001
1998-07-03 00:00:00,22.611699,0.00001
1998-07-04 00:00:00,22.746226,0.00001
1998-07-05 00:00:00,22.418503,0.00001
1998-07-06 00:00:00,22.824342,0.00001
1998-07-07 00:00:00,22.64692,0.00001
1998-07-08 00:00:00,22.152898,0.00001
1998-07-09 00:00:00,21.34542,0.00001
1998-07-10 00:00:00,20.629096,0.00001
1998-07-11 00:00:00,19.759918,0.00001
1998-07-12 00:00:00,18.879258,0.00001
1998-07-13 00:00:00,18.005296,0.00001
1998-07-14 00:00:00,17.121766,0.00001
1998-07-15 00:00:00,16.365507,0.00001
1998-07-16 00:00:00,15.522549,0.00001
1998-07-17 00:00:00,14.765602,0.00001
1998-07-18 00:00:00,14.207002,0.00001
1998-07-19 00:00:00,14.761275,0.00001
1998-07-20 00:00:00,14.570466,0.00001
1998-07-21 00:00:00,14.425376,0.00001
1998-07-22 00:00:00,13.743098,0.00001
1998-07-23 00:00:00,13.01935,0.00001
1998-07-24 00:00:00,12.342427,0.00001
1998-07-25 00:00:00,11.737729,0.00001
1998-07-26 00:00:00,11.125474,0.00001
1998-07-27 00:00:00,10.610904,0.00001
1998-07-28 00:00:00,10.023704,0.00001
1998-07-29 00:00:00,9.516135,0.00001
1998-07-30 00:00:00,9.046202,0.00001
1998-07-31 00:00:00,8.560567,0.00001
1998-08-01 00:00:00,8.091326,0.00001
1998-08-02 00:00:00,7.689424,0.00001
1998-08-03 00:00:00,7.637445,0.00001
1998-08-04 00:00:00,8.560232,0.00001
1998-08-05 00:00:00,8.807329,0.00001
1998-08-06 00:00:00,8.983893,0.00001
1998-08-07 00:00:00,8.844136,0.00001
1998-08-08 00:00:00,8.568927,0.00001
1998-08-09 00:00:00,8.254406,0.00001
1998-08-10 00:00:00,7.892531,0.00001
1998-08-11 00:00:00,7.550746,0.00001
1998-08-12 00:00:00,7.214568,0.00001
1998-08-13 00:00:00,6.988677,0.00001
1998-08-14 00:00:00,6.904371,0.00001
1998-08-15 00:00:00,6.79207,0.00001
1998-08-16 00:00:00,6.573958,0.00001
1998-08-17 00:00:00,6.66166,0.00001
1998-08-18 00:00:00,6.453552,0.00001
1998-08-19 00:00:00,6.203761,0.00001
1998-08-20 00:00:00,5.962201,0.00001
1998-08-21 00:00:00,5.835898,0.00001
1998-08-22 00:00:00,5.790514,0.00001
1998-08-23 00:00:00,6.098836,0.00001
1998-08-24 00:00:00,6.072405,0.00001
1998-08-25 00:00:00,5.937545,0.00001
1998-08-26 00:00:00,5.679718,0.00001
1998-08-27 00:00:00,5.812486,0.00001
1998-08-28 00:00:00,5.830648,0.00001
1998-08-29 00:00:00,5.556447,0.00001
1998-08-30 00:00:00,5.274832,0.00001
1998-08-31 00:00:00,5.002411,0.00001
1998-09-01 00:00:00,4.739441,0.00001
1998-09-02 00:00:00,4.510625,0.00001
1998-09-03 00:00:00,4.279989,0.00001
1998-09-04 00:00:00,4.032236,0.00001
1998-09-05 00:00:00,3.801242,0.00001
1998-09-06 00:00:00,3.626076,0.00001
1998-09-07 00:00:00,3.437889,0.00001
1998-09-08 00:00:00,3.258885,0.00001
1998-09-09 00:00:00,3.080493,0.00001
1998-09-10 00:00:00,2.909655,0.00001
1998-09-11 00:00:00,2.725145,0.00001
1998-09-12 00:00:00,2.540325,0.00001
1998-09-13 00:00:00,2.509278,0.00001
1998-09-14 00:00:00,3.834822,0.00001
1998-09-15 00:00:00,4.273802,0.00001
1998-09-16 00:00:00,4.234685,0.00001
1998-09-17 00:00:00,4.118224,0.00001
1998-09-18 00:00:00,3.996094,0.00001
1998-09-19 00:00:00,3.874071,0.00001
1998-09-20 00:00:00,3.734669,0.00001
1998-09-21 00:00:00,3.622989,0.00001
1998-09-22 00:00:00,3.482799,0.00001
1998-09-23 00:00:00,3.394989,0.00001
1998-09-24 00:00:00,3.450671,0.00001
1998-09-25 00:00:00,3.361555,0.00001
1998-09-26 00:00:00,3.21853,0.00001
1998-09-27 00:00:00,3.079602,0.00001
1998-09-28 00:00:00,2.935951,0.00001
1998-09-29 00:00:00,2.986953,0.00001
1998-09-30 00:00:00,3.105667,0.00001
1998-10-01 00:00:00,3.019392,0.00001
1998-10-02 00:00:00,3.138156,0.00001
1998-10-03 00:00:00,3.329283,0.00001
1998-10-04 00:00:00,3.406266,0.00001
1998-10-05 00:00:00,4.274993,0.00001
1998-10-06 00:00:00,4.731925,0.00001
1998-10-07 00:00:00,4.754156,0.00001
1998-10-08 00:00:00,4.732116,0.00001
1998-10-09 00:00:00,4.679481,0.00001
1998-10-10 00:00:00,4.607895,0.00001
1998-10-11 00:00:00,4.52363,0.00001
1998-10-12 00:00:00,4.43203,0.00001
1998-10-13 00:00:00,4.352216,0.00001
1998-10-14 00:00:00,4.277726,0.00001
1998-10-15 00:00:00,4.26266,0.00001
1998-10-16 00:00:00,4.21313,0.00001
1998-10-17 00:00:00,4.983425,0.00001
1998-10-18 00:00:00,5.50655,0.00001
1998-10-19 00:00:00,5.581641,0.00001
1998-10-20 00:00:00,5.564503,0.00001
1998-10-21 00:00:00,5.534541,0.00001
1998-10-22 00:00:00,5.478695,0.00001
1998-10-23 00:00:00,5.40712,0.00001
1998-10-24 00:00:00,5.32575,0.00001
1998-10-25 00:00:00,5.225483,0.00001
1998-10-26 00:00:00,5.136232,0.00001
1998-10-27 00:00:00,5.422654,0.00001
1998-10-28 00:00:00,5.356401,0.00001
1998-10-29 00:00:00,5.333067,0.00001
1998-10-30 00:00:00,5.24467,0.00001
1998-10-31 00:00:00,5.158297,0.00001
1998-11-01 00:00:00,5.080392,0.00001
1998-11-02 00:00:00,4.984486,0.00001
1998-11-03 00:00:00,4.898954,0.00001
1998-11-04 00:00:00,4.815406,0.00001
1998-11-05 00:00:00,4.72464,0.00001
1998-11-06 00:00:00,4.636646,0.00001
1998-11-07 00:00:00,4.537675,0.00001
1998-11-08 00:00:00,4.562115,0.00001
1998-11-09 00:00:00,4.864406,0.00001
1998-11-10 00:00:00,6.298808,0.00001
1998-11-11 00:00:00,6.504481,0.00001
1998-11-12 00:00:00,6.591037,0.00001
1998-11-13 00:00:00,6.638583,0.00001
1998-11-14 00:00:00,6.655699,0.00001
1998-11-15 00:00:00,6.63756,0.00001
1998-11-16 00:00:00,6.624273,0.00001
1998-11-17 00:00:00,6.573872,0.00001
1998-11-18 00:00:00,6.510522,0.00001
1998-11-19 00:00:00,6.469404,0.00001
1998-11-20 00:00:00,6.417589,0.00001
1998-11-21 00:00:00,6.356086,0.00001
1998-11-22 00:00:00,6.263587,0.00001
1998-11-23 00:00:00,6.164346,0.00001
1998-11-24 00:00:00,6.062723,0.00001
1998-11-25 00:00:00,5.964415,0.00001
1998-11-26 00:00:00,5.851512,0.00001
1998-11-27 00:00:00,5.740541,0.00001
1998-11-28 00:00:00,5.65156,0.00001
1998-11-29 00:00:00,5.566399,0.00001
1998-11-30 00:00:00,5.55485,0.00001
1998-12-01 00:00:00,5.444573,0.00001
1998-12-02 00:00:00,5.339583,0.00001
1998-12-03 00:00:00,5.234832,0.00001
1998-12-04 00:00:00,5.142275,0.00001
1998-12-05 00:00:00,5.063486,0.00001
1998-12-06 00:00:00,5.161365,0.00001
1998-12-07 00:00:00,5.163314,0.00001
1998-12-08 00:00:00,5.08214,0.00001
1998-12-09 00:00:00,5.002754,0.00001
1998-12-10 00:00:00,4.922627,0.00001
1998-12-11 00:00:00,4.83643,0.00001
1998-12-12 00:00:00,4.741357,0.00001
1998-12-13 00:00:00,4.647468,0.00001
1998-12-14 00:00:00,4.54732,0.00001
1998-12-15 00:00:00,4.454134,0.00001
1998-12-16 00:00:00,4.385977,0.00001
1998-12-17 00:00:00,4.303592,0.00001
1998-12-18 00:00:00,4.2234,0.00001
1998-12-19 00:00:00,4.154929,0.00001
1998-12-20 00:00:00,4.11153,0.00001
1998-12-21 00:00:00,4.057118,0.00001
1998-12-22 00:00:00,3.992167,0.00001
1998-12-23 00:00:00,3.926403,0.00001
1998-12-24 00:00:00,3.855889,0.00001
1998-12-25 00:00:00,3.794629,0.00001
1998-12-26 00:00:00,3.73334,0.00001
1998-12-27 00:00:00,3.667442,0.00001
1998-12-28 00:00:00,3.599333,0.00001
1998-12-29 00:00:00,3.552753,0.00001
1998-12-30 00:00:00,3.504061,0.00001
1998-12-31 00:00:00,3.457921,0.00001
1999-01-01 00:00:00,3.446188,0.00001
1999-01-02 00:00:00,3.815676,0.00001
1999-01-03 00:00:00,3.614528,0.00001
1999-01-04 00:00:00,3.547273,0.00001
1999-01-05 00:00:00,3.513674,0.00001
1999-01-06 00:00:00,3.478171,0.00001
1999-01-07 00:00:00,3.421059,0.00001
1999-01-08 00:00:00,3.485272,0.00001
1999-01-09 00:00:00,3.405928,0.00001
1999-01-10 00:00:00,3.372562,0.00001
1999-01-11 00:00:00,3.377294,0.00001
1999-01-12 00:00:00,3.372098,0.00001
1999-01-13 00:00:00,3.321319,0.00001
1999-01-14 00:00:00,3.282702,0.00001
1999-01-15 00:00:00,3.222581,0.00001
1999-01-16 00:00:00,3.144794,0.00001
1999-01-17 00:00:00,3.279674,0.00001
1999-01-18 00:00:00,3.419233,0.00001
1999-01-19 00:00:00,3.393598,0.00001
1999-01-20 00:00:00,3.359471,0.00001
1999-01-21 00:00:00,3.569326,0.00001
1999-01-22 00:00:00,3.844748,0.00001
1999-01-23 00:00:00,4.211912,0.00001
1999-01-24 00:00:00,4.373003,0.00001
1999-01-25 00:00:00,4.373636,0.00001
1999-01-26 00:00:00,4.375946,0.00001
1999-01-27 00:00:00,4.349891,0.00001
1999-01-28 00:00:00,4.398814,0.00001
1999-01-29 00:00:00,4.392056,0.00001
1999-01-30 00:00:00,4.379451,0.00001
1999-01-31 00:00:00,4.362969,0.00001
1999-02-01 00:00:00,4.350379,0.00001
1999-02-02 00:00:00,4.374895,0.00001
1999-02-03 00:00:00,4.311643,0.00001
1999-02-04 00:00:00,4.515718,0.00001
1999-02-05 00:00:00,4.561122,0.00001
1999-02-06 00:00:00,4.619118,0.00001
1999-02-07 00:00:00,4.675831,0.00001
1999-02-08 00:00:00,4.618168,0.00001
1999-02-09 00:00:00,4.720449,0.00001
1999-02-10 00:00:00,4.852548,0.00001
1999-02-11 00:00:00,5.5128,0.00001
1999-02-12 00:00:00,6.140085,0.00001
1999-02-13 00:00:00,6.426617,0.00001
1999-02-14 00:00:00,6.617479,0.00001
1999-02-15 00:00:00,6.714276,0.00001
1999-02-16 00:00:00,6.832945,0.00001
1999-02-17 00:00:00,6.90422,0.00001
1999-02-18 00:00:00,6.950508,0.00001
1999-02-19 00:00:00,7.00212,0.00001
1999-02-20 00:00:00,7.045787,0.00001
1999-02-21 00:00:00,7.049964,0.00001
1999-02-22 00:00:00,7.047373,0.00001
1999-02-23 00:00:00,7.046977,0.00001
1999-02-24 00:00:00,7.208929,0.00001
1999-02-25 00:00:00,7.259092,0.00001
1999-02-26 00:00:00,7.252706,0.00001
1999-02-27 00:00:00,7.326827,0.00001
1999-02-28 00:00:00,7.375769,0.00001
1999-03-01 00:00:00,7.312451,0.00001
1999-03-02 00:00:00,7.241977,0.00001
1999-03-03 00:00:00,7.162458,0.00001
1999-03-04 00:00:00,7.107898,0.00001
1999-03-05 00:00:00,7.213594,0.00001
1999-03-06 00:00:00,7.18977,0.00001
1999-03-07 00:00:00,7.090912,0.00001
1999-03-08 00:00:00,7.457326,0.00001
1999-03-09 00:00:00,7.459121,0.00001
1999-03-10 00:00:00,7.282422,0.00001
1999-03-11 00:00:00,7.115956,0.00001
1999-03-12 00:00:00,6.943837,0.00001
1999-03-13 00:00:00,6.750123,0.00001
1999-03-14 00:00:00,6.639336,0.00001
1999-03-15 00:00:00,6.666192,0.00001
1999-03-16 00:00:00,6.57999,0.00001
1999-03-17 00:00:00,6.463973,0.00001
1999-03-18 00:00:00,6.352154,0.00001
1999-03-19 00:00:00,6.223586,0.00001
1999-03-20 00:00:00,6.074041,0.00001
1999-03-21 00:00:00,5.951301,0.00001
1999-03-22 00:00:00,5.81282,0.00001
1999-03-23 00:00:00,5.642164,0.00001
1999-03-24 00:00:00,5.512808,0.00001
1999-03-25 00:00:00,5.394788,0.00001
1999-03-26 00:00:00,5.251698,0.00001
1999-03-27 00:00:00,5.086721,0.00001
1999-03-28 00:00:00,4.999703,0.00001
1999-03-29 00:00:00,4.81459,0.00001
1999-03-30 00:00:00,4.597183,0.00001
1999-03-31 00:00:00,4.411912,0.00001
1999-04-01 00:00:00,4.260193,0.00001
1999-04-02 00:00:00,4.084264,0.00001
1999-04-03 00:00:00,4.910679,0.00001
1999-04-04 00:00:00,5.300788,0.00001
1999-04-05 00:00:00,5.561714,0.00001
1999-04-06 00:00:00,5.745519,0.00001
1999-04-07 00:00:00,5.672696,0.00001
1999-04-08 00:00:00,6.302577,0.00001
1999-04-09 00:00:00,8.047092,0.00001
1999-04-10 00:00:00,8.523377,0.00001
1999-04-11 00:00:00,8.898033,0.00001
1999-04-12 00:00:00,9.106736,0.00001
1999-04-13 00:00:00,9.133162,0.00001
1999-04-14 00:00:00,9.129074,0.00001
1999-04-15 00:00:00,9.44895,0.00001
1999-04-16 00:00:00,9.437136,0.00001
1999-04-17 00:00:00,9.561887,0.00001
1999-04-18 00:00:00,9.669504,0.00001
1999-04-19 00:00:00,9.713684,0.00001
1999-04-20 00:00:00,9.97772,0.00001
1999-04-21 00:00:00,10.393094,0.00001
1999-04-22 00:00:00,12.939546,0.00001
1999-04-23 00:00:00,16.391358,0.00001
1999-04-24 00:00:00,17.704848,0.00001
1999-04-25 00:00:00,18.3268,0.00001
1999-04-26 00:00:00,18.628353,0.00001
1999-04-27 00:00:00,19.870676,0.00001
1999-04-28 00:00:00,20.286875,0.00001
1999-04-29 00:00:00,20.249147,0.00001
1999-04-30 00:00:00,20.058457,0.00001
1999-05-01 00:00:00,19.733232,0.00001
1999-05-02 00:00:00,19.336155,0.00001
1999-05-03 00:00:00,18.935609,0.00001
1999-05-04 00:00:00,18.515486,0.00001
1999-05-05 00:00:00,18.21716,0.00001
1999-05-06 00:00:00,19.509398,0.00001
1999-05-07 00:00:00,19.618809,0.00001
1999-05-08 00:00:00,19.247214,0.00001
1999-05-09 00:00:00,18.64703,0.00001
1999-05-10 00:00:00,17.994898,0.00001
1999-05-11 00:00:00,17.615224,0.00001
1999-05-12 00:00:00,17.524471,0.00001
1999-05-13 00:00:00,17.127604,0.00001
1999-05-14 00:00:00,16.461741,0.00001
1999-05-15 00:00:00,16.052538,0.00001
1999-05-16 00:00:00,17.037917,0.00001
1999-05-17 00:00:00,20.107541,0.00001
1999-05-18 00:00:00,20.996283,0.00001
1999-05-19 00:00:00,20.990726,0.00001
1999-05-20 00:00:00,20.89787,0.00001
1999-05-21 00:00:00,21.00539,0.00001
1999-05-22 00:00:00,20.726413,0.00001
1999-05-23 00:00:00,20.862738,0.00001
1999-05-24 00:00:00,20.489498,0.00001
1999-05-25 00:00:00,19.890784,0.00001
1999-05-26 00:00:00,19.207014,0.00001
1999-05-27 00:00:00,18.476035,0.00001
1999-05-28 00:00:00,17.745459,0.00001
1999-05-29 00:00:00,16.99419,0.00001
1999-05-30 00:00:00,16.265782,0.00001
1999-05-31 00:00:00,15.796866,0.00001
1999-06-01 00:00:00,15.870635,0.00001
1999-06-02 00:00:00,16.292153,0.00001
1999-06-03 00:00:00,15.691866,0.00001
1999-06-04 00:00:00,15.809933,0.00001
1999-06-05 00:00:00,15.226709,0.00001
1999-06-06 00:00:00,15.50862,0.00001
1999-06-07 00:00:00,15.678347,0.00001
1999-06-08 00:00:00,15.059601,0.00001
1999-06-09 00:00:00,15.007902,0.00001
1999-06-10 00:00:00,15.130592,0.00001
1999-06-11 00:00:00,15.230602,0.00001
1999-06-12 00:00:00,15.370694,0.00001
1999-06-13 00:00:00,16.643854,0.00001
1999-06-14 00:00:00,16.355262,0.00001
1999-06-15 00:00:00,15.992617,0.00001
1999-06-16 00:00:00,15.683996,0.00001
1999-06-17 00:00:00,15.239942,0.00001
1999-06-18 00:00:00,14.713924,0.00001
1999-06-19 00:00:00,14.229131,0.00001
1999-06-20 00:00:00,13.712038,0.00001
1999-06-21 00:00:00,13.203675,0.00001
1999-06-22 00:00:00,13.171659,0.00001
1999-06-23 00:00:00,13.485087,0.00001
1999-06-24 00:00:00,12.992677,0.00001
1999-06-25 00:00:00,12.324502,0.00001
1999-06-26 00:00:00,11.744673,0.00001
1999-06-27 00:00:00,11.265108,0.00001
1999-06-28 00:00:00,11.279229,0.00001
1999-06-29 00:00:00,11.051491,0.00001
1999-06-30 00:00:00,10.958157,0.00001
1999-07-01 00:00:00,11.40393,0.00001
1999-07-02 00:00:00,11.017753,0.00001
1999-07-03 00:00:00,10.751773,0.00001
1999-07-04 00:00:00,10.253995,0.00001
1999-07-05 00:00:00,9.837641,0.00001
1999-07-06 00:00:00,9.519534,0.00001
1999-07-07 00:00:00,9.077111,0.00001
1999-07-08 00:00:00,8.819289,0.00001
1999-07-09 00:00:00,8.58374,0.00001
1999-07-10 00:00:00,8.202103,0.00001
1999-07-11 00:00:00,7.791687,0.00001
1999-07-12 00:00:00,7.394104,0.00001
1999-07-13 00:00:00,7.085695,0.00001
1999-07-14 00:00:00,6.760103,0.00001
1999-07-15 00:00:00,6.405495,0.00001
1999-07-16 00:00:00,6.417339,0.00001
1999-07-17 00:00:00,7.327375,0.00001
1999-07-18 00:00:00,7.380657,0.00001
1999-07-19 00:00:00,7.395289,0.00001
1999-07-20 00:00:00,7.872187,0.00001
1999-07-21 00:00:00,8.482726,0.00001
1999-07-22 00:00:00,8.402061,0.00001
1999-07-23 00:00:00,8.441808,0.00001
1999-07-24 00:00:00,8.367209,0.00001
1999-07-25 00:00:00,8.250901,0.00001
1999-07-26 00:00:00,8.427002,0.00001
1999-07-27 00:00:00,8.241074,0.00001
1999-07-28 00:00:00,7.992229,0.00001
1999-07-29 00:00:00,7.746508,0.00001
1999-07-30 00:00:00,7.62667,0.00001
1999-07-31 00:00:00,8.272143,0.00001
1999-08-01 00:00:00,8.135362,0.00001
1999-08-02 00:00:00,7.904082,0.00001
1999-08-03 00:00:00,7.752849,0.00001
1999-08-04 00:00:00,7.708954,0.00001
1999-08-05 00:00:00,7.457521,0.00001
1999-08-06 00:00:00,7.193589,0.00001
1999-08-07 00:00:00,7.554483,0.00001
1999-08-08 00:00:00,7.460271,0.00001
1999-08-09 00:00:00,7.584338,0.00001
1999-08-10 00:00:00,7.469329,0.00001
1999-08-11 00:00:00,7.264941,0.00001
1999-08-12 00:00:00,7.466345,0.00001
1999-08-13 00:00:00,7.30845,0.00001
1999-08-14 00:00:00,7.061428,0.00001
1999-08-15 00:00:00,6.793087,0.00001
1999-08-16 00:00:00,6.671971,0.00001
1999-08-17 00:00:00,6.384491,0.00001
1999-08-18 00:00:00,6.434561,0.00001
1999-08-19 00:00:00,6.504858,0.00001
1999-08-20 00:00:00,6.255572,0.00001
1999-08-21 00:00:00,6.020071,0.00001
1999-08-22 00:00:00,5.945505,0.00001
1999-08-23 00:00:00,6.482912,0.00001
1999-08-24 00:00:00,6.785148,0.00001
1999-08-25 00:00:00,6.611969,0.00001
1999-08-26 00:00:00,6.375359,0.00001
1999-08-27 00:00:00,6.140604,0.00001
1999-08-28 00:00:00,5.908157,0.00001
1999-08-29 00:00:00,5.721401,0.00001
1999-08-30 00:00:00,5.550234,0.00001
1999-08-31 00:00:00,5.343387,0.00001
1999-09-01 00:00:00,5.107538,0.00001
1999-09-02 00:00:00,4.859978,0.00001
1999-09-03 00:00:00,4.6626,0.00001
1999-09-04 00:00:00,4.42531,0.00001
1999-09-05 00:00:00,4.217481,0.00001
1999-09-06 00:00:00,4.025582,0.00001
1999-09-07 00:00:00,3.851387,0.00001
1999-09-08 00:00:00,3.743109,0.00001
1999-09-09 00:00:00,3.627881,0.00001
1999-09-10 00:00:00,3.472291,0.00001
1999-09-11 00:00:00,3.271696,0.00001
1999-09-12 00:00:00,3.156395,0.00001
1999-09-13 00:00:00,3.01724,0.00001
1999-09-14 00:00:00,2.860967,0.00001
1999-09-15 00:00:00,2.730964,0.00001
1999-09-16 00:00:00,2.581412,0.00001
1999-09-17 00:00:00,2.410718,0.00001
1999-09-18 00:00:00,2.248254,0.00001
1999-09-19 00:00:00,2.18254,0.00001
1999-09-20 00:00:00,2.087931,0.00001
1999-09-21 00:00:00,1.986009,0.00001
1999-09-22 00:00:00,1.843602,0.00001
1999-09-23 00:00:00,1.711707,0.00001
1999-09-24 00:00:00,1.607571,0.00001
1999-09-25 00:00:00,1.478217,0.00001
1999-09-26 00:00:00,1.431071,0.00001
1999-09-27 00:00:00,2.139797,0.00001
1999-09-28 00:00:00,2.509632,0.00001
1999-09-29 00:00:00,2.477645,0.00001
1999-09-30 00:00:00,2.360033,0.00001
1999-10-01 00:00:00,2.29811,0.00001
1999-10-02 00:00:00,2.379812,0.00001
1999-10-03 00:00:00,2.55716,0.00001
1999-10-04 00:00:00,2.551277,0.00001
1999-10-05 00:00:00,2.481168,0.00001
1999-10-06 00:00:00,2.409538,0.00001
1999-10-07 00:00:00,2.339482,0.00001
1999-10-08 00:00:00,2.291019,0.00001
1999-10-09 00:00:00,2.196846,0.00001
1999-10-10 00:00:00,2.095851,0.00001
1999-10-11 00:00:00,1.999857,0.00001
1999-10-12 00:00:00,1.907816,0.00001
1999-10-13 00:00:00,1.938324,0.00001
1999-10-14 00:00:00,1.882399,0.00001
1999-10-15 00:00:00,1.854218,0.00001
1999-10-16 00:00:00,2.04601,0.00001
1999-10-17 00:00:00,2.018755,0.00001
1999-10-18 00:00:00,1.978182,0.00001
1999-10-19 00:00:00,1.918362,0.00001
1999-10-20 00:00:00,1.879215,0.00001
1999-10-21 00:00:00,1.799551,0.00001
1999-10-22 00:00:00,1.751168,0.00001
1999-10-23 00:00:00,1.713175,0.00001
1999-10-24 00:00:00,1.658622,0.00001
1999-10-25 00:00:00,1.587724,0.00001
1999-10-26 00:00:00,1.516194,0.00001
1999-10-27 00:00:00,1.450638,0.00001
1999-10-28 00:00:00,1.386335,0.00001
1999-10-29 00:00:00,1.332468,0.00001
1999-10-30 00:00:00,1.293451,0.00001
1999-10-31 00:00:00,1.233743,0.00001
1999-11-01 00:00:00,1.177613,0.00001
1999-11-02 00:00:00,1.146902,0.00001
1999-11-03 00:00:00,1.101918,0.00001
1999-11-04 00:00:00,1.047493,0.00001
1999-11-05 00:00:00,0.997889,0.00001
1999-11-06 00:00:00,0.937441,0.00001
1999-11-07 00:00:00,0.895401,0.00001
1999-11-08 00:00:00,0.877069,0.00001
1999-11-09 00:00:00,0.858137,0.00001
1999-11-10 00:00:00,0.900589,0.00001
1999-11-11 00:00:00,0.922688,0.00001
1999-11-12 00:00:00,0.901376,0.00001
1999-11-13 00:00:00,0.880723,0.00001
1999-11-14 00:00:00,0.871419,0.00001
1999-11-15 00:00:00,0.86034,0.00001
1999-11-16 00:00:00,0.850593,0.00001
1999-11-17 00:00:00,0.838988,0.00001
1999-11-18 00:00:00,0.821947,0.00001
1999-11-19 00:00:00,0.824165,0.00001
1999-11-20 00:00:00,0.816839,0.00001
1999-11-21 00:00:00,0.808185,0.00001
1999-11-22 00:00:00,0.815202,0.00001
1999-11-23 00:00:00,1.067388,0.00001
1999-11-24 00:00:00,1.148406,0.00001
1999-11-25 00:00:00,1.169185,0.00001
1999-11-26 00:00:00,1.218748,0.00001
1999-11-27 00:00:00,1.223354,0.00001
1999-11-28 00:00:00,1.238364,0.00001
1999-11-29 00:00:00,1.243352,0.00001
1999-11-30 00:00:00,1.241574,0.00001
1999-12-01 00:00:00,1.223452,0.00001
1999-12-02 00:00:00,1.224817,0.00001
1999-12-03 00:00:00,1.352344,0.00001
1999-12-04 00:00:00,1.49717,0.00001
1999-12-05 00:00:00,1.592821,0.00001
1999-12-06 00:00:00,1.623998,0.00001
1999-12-07 00:00:00,1.647182,0.00001
1999-12-08 00:00:00,1.663133,0.00001
1999-12-09 00:00:00,1.822238,0.00001
1999-12-10 00:00:00,1.887937,0.00001
1999-12-11 00:00:00,1.907778,0.00001
1999-12-12 00:00:00,1.917891,0.00001
1999-12-13 00:00:00,1.923791,0.00001
1999-12-14 00:00:00,1.956247,0.00001
1999-12-15 00:00:00,2.020483,0.00001
1999-12-16 00:00:00,2.030434,0.00001
1999-12-17 00:00:00,2.046583,0.00001
1999-12-18 00:00:00,2.050538,0.00001
1999-12-19 00:00:00,2.063166,0.00001
1999-12-20 00:00:00,2.085953,0.00001
1999-12-21 00:00:00,2.108465,0.00001
1999-12-22 00:00:00,2.114291,0.00001
1999-12-23 00:00:00,2.182806,0.00001
1999-12-24 00:00:00,2.155782,0.00001
1999-12-25 00:00:00,2.149649,0.00001
1999-12-26 00:00:00,2.167326,0.00001
1999-12-27 00:00:00,2.158454,0.00001
1999-12-28 00:00:00,2.153748,0.00001
1999-12-29 00:00:00,2.107161,0.00001
1999-12-30 00:00:00,2.141113,0.00001
1999-12-31 00:00:00,2.133262,0.00001
2000-01-01 00:00:00,2.170493,0.00001
2000-01-02 00:00:00,2.120802,0.00001
2000-01-03 00:00:00,2.426706,0.00001
2000-01-04 00:00:00,2.359754,0.00001
2000-01-05 00:00:00,2.353773,0.00001
2000-01-06 00:00:00,2.337893,0.00001
2000-01-07 00:00:00,2.32767,0.00001
2000-01-08 00:00:00,2.314035,0.00001
2000-01-09 00:00:00,2.354733,0.00001
2000-01-10 00:00:00,2.348013,0.00001
2000-01-11 00:00:00,2.427241,0.00001
2000-01-12 00:00:00,2.508482,0.00001
2000-01-13 00:00:00,2.49487,0.00001
2000-01-14 00:00:00,2.503036,0.00001
2000-01-15 00:00:00,2.486782,0.00001
2000-01-16 00:00:00,2.478511,0.00001
2000-01-17 00:00:00,2.487145,0.00001
2000-01-18 00:00:00,2.466491,0.00001
2000-01-19 00:00:00,2.693813,0.00001
2000-01-20 00:00:00,2.583951,0.00001
2000-01-21 00:00:00,2.591525,0.00001
2000-01-22 00:00:00,2.580274,0.00001
2000-01-23 00:00:00,2.55442,0.00001
2000-01-24 00:00:00,2.531245,0.00001
2000-01-25 00:00:00,2.507216,0.00001
2000-01-26 00:00:00,2.483952,0.00001
2000-01-27 00:00:00,2.458459,0.00001
2000-01-28 00:00:00,2.431455,0.00001
2000-01-29 00:00:00,2.560235,0.00001
2000-01-30 00:00:00,2.519359,0.00001
2000-01-31 00:00:00,2.476282,0.00001
2000-02-01 00:00:00,2.439801,0.00001
2000-02-02 00:00:00,2.415412,0.00001
2000-02-03 00:00:00,2.403653,0.00001
2000-02-04 00:00:00,2.366429,0.00001
2000-02-05 00:00:00,2.331331,0.00001
2000-02-06 00:00:00,2.308175,0.00001
2000-02-07 00:00:00,2.269849,0.00001
2000-02-08 00:00:00,2.233498,0.00001
2000-02-09 00:00:00,2.114323,0.00001
2000-02-10 00:00:00,2.197892,0.00001
2000-02-11 00:00:00,2.200648,0.00001
2000-02-12 00:00:00,2.729286,0.00001
2000-02-13 00:00:00,2.667786,0.00001
2000-02-14 00:00:00,2.597062,0.00001
2000-02-15 00:00:00,2.494789,0.00001
2000-02-16 00:00:00,2.583646,0.00001
2000-02-17 00:00:00,2.797819,0.00001
2000-02-18 00:00:00,2.895881,0.00001
2000-02-19 00:00:00,2.825065,0.00001
2000-02-20 00:00:00,2.792764,0.00001
2000-02-21 00:00:00,2.641994,0.00001
2000-02-22 00:00:00,2.550736,0.00001
2000-02-23 00:00:00,3.05542,0.00001
2000-02-24 00:00:00,3.570276,0.00001
2000-02-25 00:00:00,3.9496,0.00001
2000-02-26 00:00:00,4.549549,0.00001
2000-02-27 00:00:00,4.716648,0.00001
2000-02-28 00:00:00,4.796962,0.00001
2000-02-29 00:00:00,4.910179,0.00001
2000-03-01 00:00:00,4.99558,0.00001
2000-03-02 00:00:00,5.017661,0.00001
2000-03-03 00:00:00,5.002048,0.00001
2000-03-04 00:00:00,4.960832,0.00001
2000-03-05 00:00:00,4.897071,0.00001
2000-03-06 00:00:00,4.814759,0.00001
2000-03-07 00:00:00,4.739824,0.00001
2000-03-08 00:00:00,4.640361,0.00001
2000-03-09 00:00:00,4.802509,0.00001
2000-03-10 00:00:00,4.811229,0.00001
2000-03-11 00:00:00,4.767849,0.00001
2000-03-12 00:00:00,4.72073,0.00001
2000-03-13 00:00:00,4.7413,0.00001
2000-03-14 00:00:00,4.682981,0.00001
2000-03-15 00:00:00,4.747472,0.00001
2000-03-16 00:00:00,4.715804,0.00001
2000-03-17 00:00:00,4.64745,0.00001
2000-03-18 00:00:00,4.739748,0.00001
2000-03-19 00:00:00,4.999314,0.00001
2000-03-20 00:00:00,5.093145,0.00001
2000-03-21 00:00:00,5.041717,0.00001
2000-03-22 00:00:00,4.938614,0.00001
2000-03-23 00:00:00,4.851255,0.00001
2000-03-24 00:00:00,4.876854,0.00001
2000-03-25 00:00:00,4.725174,0.00001
2000-03-26 00:00:00,4.616816,0.00001
2000-03-27 00:00:00,4.58059,0.00001
2000-03-28 00:00:00,4.566032,0.00001
2000-03-29 00:00:00,4.459845,0.00001
2000-03-30 00:00:00,4.311323,0.00001
2000-03-31 00:00:00,4.120989,0.00001
2000-04-01 00:00:00,4.048859,0.00001
2000-04-02 00:00:00,3.883514,0.00001
2000-04-03 00:00:00,3.793524,0.00001
2000-04-04 00:00:00,3.712479,0.00001
2000-04-05 00:00:00,3.561375,0.00001
2000-04-06 00:00:00,3.411963,0.00001
2000-04-07 00:00:00,3.933895,0.00001
2000-04-08 00:00:00,3.855166,0.00001
2000-04-09 00:00:00,3.732812,0.00001
2000-04-10 00:00:00,3.687625,0.00001
2000-04-11 00:00:00,3.689836,0.00001
2000-04-12 00:00:00,3.562058,0.00001
2000-04-13 00:00:00,3.430816,0.00001
2000-04-14 00:00:00,3.247435,0.00001
2000-04-15 00:00:00,3.145608,0.00001
2000-04-16 00:00:00,3.147323,0.00001
2000-04-17 00:00:00,3.171595,0.00001
2000-04-18 00:00:00,3.046607,0.00001
2000-04-19 00:00:00,3.648451,0.00001
2000-04-20 00:00:00,4.431319,0.00001
2000-04-21 00:00:00,4.766298,0.00001
2000-04-22 00:00:00,4.775951,0.00001
2000-04-23 00:00:00,5.446584,0.00001
2000-04-24 00:00:00,5.50565,0.00001
2000-04-25 00:00:00,5.478952,0.00001
2000-04-26 00:00:00,5.374528,0.00001
2000-04-27 00:00:00,5.26468,0.00001
2000-04-28 00:00:00,5.375569,0.00001
2000-04-29 00:00:00,5.363645,0.00001
2000-04-30 00:00:00,5.342787,0.00001
2000-05-01 00:00:00,5.290295,0.00001
2000-05-02 00:00:00,5.157366,0.00001
2000-05-03 00:00:00,4.991014,0.00001
2000-05-04 00:00:00,4.903648,0.00001
2000-05-05 00:00:00,4.727684,0.00001
2000-05-06 00:00:00,4.620087,0.00001
2000-05-07 00:00:00,4.45327,0.00001
2000-05-08 00:00:00,4.518255,0.00001
2000-05-09 00:00:00,4.989815,0.00001
2000-05-10 00:00:00,4.870627,0.00001
2000-05-11 00:00:00,4.98814,0.00001
2000-05-12 00:00:00,5.190799,0.00001
2000-05-13 00:00:00,5.156168,0.00001
2000-05-14 00:00:00,4.99071,0.00001
2000-05-15 00:00:00,4.792654,0.00001
2000-05-16 00:00:00,4.781366,0.00001
2000-05-17 00:00:00,5.326978,0.00001
2000-05-18 00:00:00,9.292192,0.00001
2000-05-19 00:00:00,11.078207,0.00001
2000-05-20 00:00:00,11.929277,0.00001
2000-05-21 00:00:00,12.656419,0.00001
2000-05-22 00:00:00,13.059237,0.00001
2000-05-23 00:00:00,13.294383,0.00001
2000-05-24 00:00:00,13.405875,0.00001
2000-05-25 00:00:00,13.42203,0.00001
2000-05-26 00:00:00,13.894596,0.00001
2000-05-27 00:00:00,15.291133,0.00001
2000-05-28 00:00:00,16.22631,0.00001
2000-05-29 00:00:00,16.19947,0.00001
2000-05-30 00:00:00,16.450194,0.00001
2000-05-31 00:00:00,19.650232,0.00001
2000-06-01 00:00:00,27.933652,0.00001
2000-06-02 00:00:00,35.311979,0.00001
2000-06-03 00:00:00,39.418611,0.00001
2000-06-04 00:00:00,43.91952,0.00001
2000-06-05 00:00:00,47.9791,0.00001
2000-06-06 00:00:00,49.435608,0.00001
2000-06-07 00:00:00,49.966407,0.00001
2000-06-08 00:00:00,49.463577,0.00001
2000-06-09 00:00:00,48.126992,0.00001
2000-06-10 00:00:00,46.331033,0.00001
2000-06-11 00:00:00,44.773739,0.00001
2000-06-12 00:00:00,44.504406,0.00001
2000-06-13 00:00:00,46.407759,0.00001
2000-06-14 00:00:00,49.055318,0.00001
2000-06-15 00:00:00,48.180425,0.00001
2000-06-16 00:00:00,47.43037,0.00001
2000-06-17 00:00:00,45.890698,0.00001
2000-06-18 00:00:00,43.923964,0.00001
2000-06-19 00:00:00,41.979337,0.00001
2000-06-20 00:00:00,42.221025,0.00001
2000-06-21 00:00:00,40.336284,0.00001
2000-06-22 00:00:00,38.27665,0.00001
2000-06-23 00:00:00,36.40781,0.00001
2000-06-24 00:00:00,35.706064,0.00001
2000-06-25 00:00:00,34.386291,0.00001
2000-06-26 00:00:00,32.877118,0.00001
2000-06-27 00:00:00,31.099235,0.00001
2000-06-28 00:00:00,30.207322,0.00001
2000-06-29 00:00:00,28.718074,0.00001
2000-06-30 00:00:00,27.121625,0.00001
2000-07-01 00:00:00,25.570301,0.00001
2000-07-02 00:00:00,25.255535,0.00001
2000-07-03 00:00:00,25.470301,0.00001
2000-07-04 00:00:00,24.384793,0.00001
2000-07-05 00:00:00,23.284267,0.00001
2000-07-06 00:00:00,22.14125,0.00001
2000-07-07 00:00:00,21.088661,0.00001
2000-07-08 00:00:00,20.055314,0.00001
2000-07-09 00:00:00,20.046105,0.00001
2000-07-10 00:00:00,21.430077,0.00001
2000-07-11 00:00:00,20.684776,0.00001
2000-07-12 00:00:00,19.862374,0.00001
2000-07-13 00:00:00,18.97646,0.00001
2000-07-14 00:00:00,18.105949,0.00001
2000-07-15 00:00:00,17.277591,0.00001
2000-07-16 00:00:00,16.456772,0.00001
2000-07-17 00:00:00,15.648568,0.00001
2000-07-18 00:00:00,15.081887,0.00001
2000-07-19 00:00:00,14.596644,0.00001
2000-07-20 00:00:00,13.974907,0.00001
2000-07-21 00:00:00,13.361473,0.00001
2000-07-22 00:00:00,12.739754,0.00001
2000-07-23 00:00:00,12.145453,0.00001
2000-07-24 00:00:00,11.501103,0.00001
2000-07-25 00:00:00,11.06576,0.00001
2000-07-26 00:00:00,10.635506,0.00001
2000-07-27 00:00:00,10.130511,0.00001
2000-07-28 00:00:00,9.828123,0.00001
2000-07-29 00:00:00,9.561484,0.00001
2000-07-30 00:00:00,9.328014,0.00001
2000-07-31 00:00:00,8.97256,0.00001
2000-08-01 00:00:00,9.058433,0.00001
2000-08-02 00:00:00,8.774785,0.00001
2000-08-03 00:00:00,8.330199,0.00001
2000-08-04 00:00:00,7.879263,0.00001
2000-08-05 00:00:00,8.98865,0.00001
2000-08-06 00:00:00,9.549067,0.00001
2000-08-07 00:00:00,9.175795,0.00001
2000-08-08 00:00:00,8.786736,0.00001
2000-08-09 00:00:00,8.398919,0.00001
2000-08-10 00:00:00,8.042968,0.00001
2000-08-11 00:00:00,7.69063,0.00001
2000-08-12 00:00:00,7.396026,0.00001
2000-08-13 00:00:00,7.358678,0.00001
2000-08-14 00:00:00,7.051459,0.00001
2000-08-15 00:00:00,6.702244,0.00001
2000-08-16 00:00:00,6.612862,0.00001
2000-08-17 00:00:00,7.382971,0.00001
2000-08-18 00:00:00,7.243958,0.00001
2000-08-19 00:00:00,7.054688,0.00001
2000-08-20 00:00:00,6.819409,0.00001
2000-08-21 00:00:00,6.604154,0.00001
2000-08-22 00:00:00,6.419494,0.00001
2000-08-23 00:00:00,6.249556,0.00001
2000-08-24 00:00:00,6.003035,0.00001
2000-08-25 00:00:00,5.74294,0.00001
2000-08-26 00:00:00,6.167623,0.00001
2000-08-27 00:00:00,6.053394,0.00001
2000-08-28 00:00:00,5.852322,0.00001
2000-08-29 00:00:00,5.612649,0.00001
2000-08-30 00:00:00,5.387293,0.00001
2000-08-31 00:00:00,5.13352,0.00001
2000-09-01 00:00:00,4.924772,0.00001
2000-09-02 00:00:00,4.72384,0.00001
2000-09-03 00:00:00,5.031625,0.00001
2000-09-04 00:00:00,4.90495,0.00001
2000-09-05 00:00:00,4.739345,0.00001
2000-09-06 00:00:00,4.539647,0.00001
2000-09-07 00:00:00,4.348572,0.00001
2000-09-08 00:00:00,4.207359,0.00001
2000-09-09 00:00:00,3.99396,0.00001
2000-09-10 00:00:00,4.037362,0.00001
2000-09-11 00:00:00,5.138957,0.00001
2000-09-12 00:00:00,5.388267,0.00001
2000-09-13 00:00:00,5.324391,0.00001
2000-09-14 00:00:00,5.520532,0.00001
2000-09-15 00:00:00,5.440578,0.00001
2000-09-16 00:00:00,5.344551,0.00001
2000-09-17 00:00:00,5.181298,0.00001
2000-09-18 00:00:00,5.047038,0.00001
2000-09-19 00:00:00,4.998163,0.00001
2000-09-20 00:00:00,5.23538,0.00001
2000-09-21 00:00:00,5.141254,0.00001
2000-09-22 00:00:00,6.012344,0.00001
2000-09-23 00:00:00,6.419267,0.00001
2000-09-24 00:00:00,6.421163,0.00001
2000-09-25 00:00:00,6.342434,0.00001
2000-09-26 00:00:00,6.24097,0.00001
2000-09-27 00:00:00,6.147805,0.00001
2000-09-28 00:00:00,6.051376,0.00001
2000-09-29 00:00:00,5.898701,0.00001
2000-09-30 00:00:00,5.767007,0.00001
2000-10-01 00:00:00,5.592623,0.00001
2000-10-02 00:00:00,5.426725,0.00001
2000-10-03 00:00:00,5.447857,0.00001
2000-10-04 00:00:00,5.447297,0.00001
2000-10-05 00:00:00,5.503592,0.00001
2000-10-06 00:00:00,5.518977,0.00001
2000-10-07 00:00:00,5.425551,0.00001
2000-10-08 00:00:00,5.328972,0.00001
2000-10-09 00:00:00,5.182135,0.00001
2000-10-10 00:00:00,5.015471,0.00001
2000-10-11 00:00:00,4.840187,0.00001
2000-10-12 00:00:00,4.663583,0.00001
2000-10-13 00:00:00,4.485674,0.00001
2000-10-14 00:00:00,4.30484,0.00001
2000-10-15 00:00:00,4.199759,0.00001
2000-10-16 00:00:00,4.058549,0.00001
2000-10-17 00:00:00,4.00432,0.00001
2000-10-18 00:00:00,3.842579,0.00001
2000-10-19 00:00:00,3.671091,0.00001
2000-10-20 00:00:00,3.504398,0.00001
2000-10-21 00:00:00,3.371289,0.00001
2000-10-22 00:00:00,3.236613,0.00001
2000-10-23 00:00:00,3.362592,0.00001
2000-10-24 00:00:00,3.315316,0.00001
2000-10-25 00:00:00,3.207599,0.00001
2000-10-26 00:00:00,3.096755,0.00001
2000-10-27 00:00:00,2.982039,0.00001
2000-10-28 00:00:00,2.893745,0.00001
2000-10-29 00:00:00,2.799905,0.00001
2000-10-30 00:00:00,2.695561,0.00001
2000-10-31 00:00:00,2.600348,0.00001
2000-11-01 00:00:00,2.499771,0.00001
2000-11-02 00:00:00,2.398094,0.00001
2000-11-03 00:00:00,2.313488,0.00001
2000-11-04 00:00:00,2.241191,0.00001
2000-11-05 00:00:00,2.141506,0.00001
2000-11-06 00:00:00,2.465565,0.00001
2000-11-07 00:00:00,2.84228,0.00001
2000-11-08 00:00:00,2.872397,0.00001
2000-11-09 00:00:00,3.119949,0.00001
2000-11-10 00:00:00,3.096383,0.00001
2000-11-11 00:00:00,3.074362,0.00001
2000-11-12 00:00:00,3.100561,0.00001
2000-11-13 00:00:00,3.087035,0.00001
2000-11-14 00:00:00,3.092815,0.00001
2000-11-15 00:00:00,3.055797,0.00001
2000-11-16 00:00:00,3.232911,0.00001
2000-11-17 00:00:00,3.244128,0.00001
2000-11-18 00:00:00,3.24332,0.00001
2000-11-19 00:00:00,3.242545,0.00001
2000-11-20 00:00:00,3.225734,0.00001
2000-11-21 00:00:00,3.200818,0.00001
2000-11-22 00:00:00,3.181302,0.00001
2000-11-23 00:00:00,3.151231,0.00001
2000-11-24 00:00:00,3.106783,0.00001
2000-11-25 00:00:00,3.085624,0.00001
2000-11-26 00:00:00,3.066625,0.00001
2000-11-27 00:00:00,3.028582,0.00001
2000-11-28 00:00:00,3.083753,0.00001
2000-11-29 00:00:00,3.11168,0.00001
2000-11-30 00:00:00,3.136585,0.00001
2000-12-01 00:00:00,3.134816,0.00001
2000-12-02 00:00:00,3.092443,0.00001
2000-12-03 00:00:00,3.057682,0.00001
2000-12-04 00:00:00,3.039442,0.00001
2000-12-05 00:00:00,3.013929,0.00001
2000-12-06 00:00:00,3.027323,0.00001
2000-12-07 00:00:00,3.04517,0.00001
2000-12-08 00:00:00,3.003705,0.00001
2000-12-09 00:00:00,3.083135,0.00001
2000-12-10 00:00:00,3.149643,0.00001
2000-12-11 00:00:00,3.402101,0.00001
2000-12-12 00:00:00,3.231633,0.00001
2000-12-13 00:00:00,3.277461,0.00001
2000-12-14 00:00:00,3.200509,0.00001
2000-12-15 00:00:00,3.260429,0.00001
2000-12-16 00:00:00,3.198831,0.00001
2000-12-17 00:00:00,3.156572,0.00001
2000-12-18 00:00:00,3.51403,0.00001
2000-12-19 00:00:00,3.314602,0.00001
2000-12-20 00:00:00,3.588819,0.00001
2000-12-21 00:00:00,3.431652,0.00001
2000-12-22 00:00:00,3.387793,0.00001
2000-12-23 00:00:00,3.415933,0.00001
2000-12-24 00:00:00,3.330469,0.00001
2000-12-25 00:00:00,3.269741,0.00001
2000-12-26 00:00:00,3.214265,0.00001
2000-12-27 00:00:00,3.162144,0.00001
2000-12-28 00:00:00,3.405685,0.00001
2000-12-29 00:00:00,3.330555,0.00001
2000-12-30 00:00:00,3.252715,0.00001
2000-12-31 00:00:00,3.192276,0.00001
2001-01-01 00:00:00,3.130607,0.00001
2001-01-02 00:00:00,3.075693,0.00001
2001-01-03 00:00:00,3.021865,0.00001
2001-01-04 00:00:00,2.972917,0.00001
2001-01-05 00:00:00,2.91257,0.00001
2001-01-06 00:00:00,2.864515,0.00001
2001-01-07 00:00:00,2.817655,0.00001
2001-01-08 00:00:00,2.779301,0.00001
2001-01-09 00:00:00,2.738615,0.00001
2001-01-10 00:00:00,2.697333,0.00001
2001-01-11 00:00:00,2.65728,0.00001
2001-01-12 00:00:00,2.615974,0.00001
2001-01-13 00:00:00,2.633346,0.00001
2001-01-14 00:00:00,2.721801,0.00001
2001-01-15 00:00:00,2.712125,0.00001
2001-01-16 00:00:00,2.67292,0.00001
2001-01-17 00:00:00,2.644046,0.00001
2001-01-18 00:00:00,2.610766,0.00001
2001-01-19 00:00:00,2.583357,0.00001
2001-01-20 00:00:00,2.556824,0.00001
2001-01-21 00:00:00,2.53227,0.00001
2001-01-22 00:00:00,2.50658,0.00001
2001-01-23 00:00:00,2.476269,0.00001
2001-01-24 00:00:00,2.451675,0.00001
2001-01-25 00:00:00,2.428668,0.00001
2001-01-26 00:00:00,2.478717,0.00001
2001-01-27 00:00:00,2.431033,0.00001
2001-01-28 00:00:00,2.421868,0.00001
2001-01-29 00:00:00,2.694655,0.00001
2001-01-30 00:00:00,3.215044,0.00001
2001-01-31 00:00:00,3.285676,0.00001
2001-02-01 00:00:00,3.32786,0.00001
2001-02-02 00:00:00,3.373442,0.00001
2001-02-03 00:00:00,3.482908,0.00001
2001-02-04 00:00:00,3.53861,0.00001
2001-02-05 00:00:00,3.512554,0.00001
2001-02-06 00:00:00,3.498054,0.00001
2001-02-07 00:00:00,3.682453,0.00001
2001-02-08 00:00:00,4.346415,0.00001
2001-02-09 00:00:00,5.41951,0.00001
2001-02-10 00:00:00,5.410683,0.00001
2001-02-11 00:00:00,5.428611,0.00001
2001-02-12 00:00:00,5.425414,0.00001
2001-02-13 00:00:00,5.430331,0.00001
2001-02-14 00:00:00,5.597266,0.00001
2001-02-15 00:00:00,5.56483,0.00001
2001-02-16 00:00:00,5.537975,0.00001
2001-02-17 00:00:00,5.518256,0.00001
2001-02-18 00:00:00,5.492252,0.00001
2001-02-19 00:00:00,5.443299,0.00001
2001-02-20 00:00:00,5.403265,0.00001
2001-02-21 00:00:00,5.393967,0.00001
2001-02-22 00:00:00,5.362692,0.00001
2001-02-23 00:00:00,5.346989,0.00001
2001-02-24 00:00:00,5.477107,0.00001
2001-02-25 00:00:00,5.830113,0.00001
2001-02-26 00:00:00,5.944402,0.00001
2001-02-27 00:00:00,5.945665,0.00001
2001-02-28 00:00:00,5.941055,0.00001
2001-03-01 00:00:00,5.844472,0.00001
2001-03-02 00:00:00,5.832803,0.00001
2001-03-03 00:00:00,5.888516,0.00001
2001-03-04 00:00:00,6.587726,0.00001
2001-03-05 00:00:00,6.877374,0.00001
2001-03-06 00:00:00,7.083936,0.00001
2001-03-07 00:00:00,7.233764,0.00001
2001-03-08 00:00:00,7.372975,0.00001
2001-03-09 00:00:00,7.412938,0.00001
2001-03-10 00:00:00,7.49639,0.00001
2001-03-11 00:00:00,7.602403,0.00001
2001-03-12 00:00:00,7.671187,0.00001
2001-03-13 00:00:00,7.91057,0.00001
2001-03-14 00:00:00,7.912672,0.00001
2001-03-15 00:00:00,8.726332,0.00001
2001-03-16 00:00:00,9.427732,0.00001
2001-03-17 00:00:00,9.817447,0.00001
2001-03-18 00:00:00,10.029246,0.00001
2001-03-19 00:00:00,10.133102,0.00001
2001-03-20 00:00:00,10.119721,0.00001
2001-03-21 00:00:00,10.100168,0.00001
2001-03-22 00:00:00,10.022216,0.00001
2001-03-23 00:00:00,9.972311,0.00001
2001-03-24 00:00:00,9.974116,0.00001
2001-03-25 00:00:00,9.958893,0.00001
2001-03-26 00:00:00,9.919636,0.00001
2001-03-27 00:00:00,9.807024,0.00001
2001-03-28 00:00:00,9.668799,0.00001
2001-03-29 00:00:00,9.648335,0.00001
2001-03-30 00:00:00,9.538087,0.00001
2001-03-31 00:00:00,9.544146,0.00001
2001-04-01 00:00:00,9.460466,0.00001
2001-04-02 00:00:00,9.320126,0.00001
2001-04-03 00:00:00,9.102333,0.00001
2001-04-04 00:00:00,8.857005,0.00001
2001-04-05 00:00:00,9.034038,0.00001
2001-04-06 00:00:00,9.182785,0.00001
2001-04-07 00:00:00,9.01708,0.00001
2001-04-08 00:00:00,9.104515,0.00001
2001-04-09 00:00:00,10.231247,0.00001
2001-04-10 00:00:00,10.348619,0.00001
2001-04-11 00:00:00,11.066205,0.00001
2001-04-12 00:00:00,11.473963,0.00001
2001-04-13 00:00:00,11.479129,0.00001
2001-04-14 00:00:00,11.408018,0.00001
2001-04-15 00:00:00,11.574953,0.00001
2001-04-16 00:00:00,11.682507,0.00001
2001-04-17 00:00:00,11.562623,0.00001
2001-04-18 00:00:00,11.369461,0.00001
2001-04-19 00:00:00,11.245767,0.00001
2001-04-20 00:00:00,11.964539,0.00001
2001-04-21 00:00:00,12.258668,0.00001
2001-04-22 00:00:00,12.368112,0.00001
2001-04-23 00:00:00,12.196359,0.00001
2001-04-24 00:00:00,11.985999,0.00001
2001-04-25 00:00:00,11.828812,0.00001
2001-04-26 00:00:00,11.527501,0.00001
2001-04-27 00:00:00,11.237254,0.00001
2001-04-28 00:00:00,10.968828,0.00001
2001-04-29 00:00:00,10.58245,0.00001
2001-04-30 00:00:00,10.234778,0.00001
2001-05-01 00:00:00,10.094654,0.00001
2001-05-02 00:00:00,9.768832,0.00001
2001-05-03 00:00:00,10.333812,0.00001
2001-05-04 00:00:00,10.799322,0.00001
2001-05-05 00:00:00,10.90582,0.00001
2001-05-06 00:00:00,10.875754,0.00001
2001-05-07 00:00:00,11.283926,0.00001
2001-05-08 00:00:00,11.040484,0.00001
2001-05-09 00:00:00,10.789058,0.00001
2001-05-10 00:00:00,11.160734,0.00001
2001-05-11 00:00:00,11.865966,0.00001
2001-05-12 00:00:00,11.764728,0.00001
2001-05-13 00:00:00,11.523081,0.00001
2001-05-14 00:00:00,11.373385,0.00001
2001-05-15 00:00:00,11.013522,0.00001
2001-05-16 00:00:00,10.608437,0.00001
2001-05-17 00:00:00,10.199326,0.00001
2001-05-18 00:00:00,9.831605,0.00001
2001-05-19 00:00:00,9.429603,0.00001
2001-05-20 00:00:00,9.426933,0.00001
2001-05-21 00:00:00,11.396855,0.00001
2001-05-22 00:00:00,11.627798,0.00001
2001-05-23 00:00:00,12.150044,0.00001
2001-05-24 00:00:00,12.167504,0.00001
2001-05-25 00:00:00,12.228177,0.00001
2001-05-26 00:00:00,12.204558,0.00001
2001-05-27 00:00:00,11.988398,0.00001
2001-05-28 00:00:00,11.635091,0.00001
2001-05-29 00:00:00,11.302785,0.00001
2001-05-30 00:00:00,10.935652,0.00001
2001-05-31 00:00:00,11.094768,0.00001
2001-06-01 00:00:00,11.711204,0.00001
2001-06-02 00:00:00,12.214601,0.00001
2001-06-03 00:00:00,12.090147,0.00001
2001-06-04 00:00:00,12.015019,0.00001
2001-06-05 00:00:00,13.073783,0.00001
2001-06-06 00:00:00,13.103777,0.00001
2001-06-07 00:00:00,12.885119,0.00001
2001-06-08 00:00:00,12.562048,0.00001
2001-06-09 00:00:00,12.175998,0.00001
2001-06-10 00:00:00,11.91341,0.00001
2001-06-11 00:00:00,12.125091,0.00001
2001-06-12 00:00:00,14.710748,0.00001
2001-06-13 00:00:00,14.953571,0.00001
2001-06-14 00:00:00,16.721502,0.00001
2001-06-15 00:00:00,19.056287,0.00001
2001-06-16 00:00:00,19.407,0.00001
2001-06-17 00:00:00,19.525783,0.00001
2001-06-18 00:00:00,20.865944,0.00001
2001-06-19 00:00:00,21.207591,0.00001
2001-06-20 00:00:00,21.232316,0.00001
2001-06-21 00:00:00,21.468037,0.00001
2001-06-22 00:00:00,21.599131,0.00001
2001-06-23 00:00:00,21.283337,0.00001
2001-06-24 00:00:00,20.840235,0.00001
2001-06-25 00:00:00,20.311498,0.00001
2001-06-26 00:00:00,19.68724,0.00001
2001-06-27 00:00:00,19.005853,0.00001
2001-06-28 00:00:00,18.313167,0.00001
2001-06-29 00:00:00,17.588271,0.00001
2001-06-30 00:00:00,16.889026,0.00001
2001-07-01 00:00:00,16.21185,0.00001
2001-07-02 00:00:00,15.546048,0.00001
2001-07-03 00:00:00,14.883049,0.00001
2001-07-04 00:00:00,14.095495,0.00001
2001-07-05 00:00:00,13.383845,0.00001
2001-07-06 00:00:00,12.726382,0.00001
2001-07-07 00:00:00,12.162428,0.00001
2001-07-08 00:00:00,11.458582,0.00001
2001-07-09 00:00:00,10.770697,0.00001
2001-07-10 00:00:00,10.137244,0.00001
2001-07-11 00:00:00,9.589476,0.00001
2001-07-12 00:00:00,9.085504,0.00001
2001-07-13 00:00:00,8.543458,0.00001
2001-07-14 00:00:00,8.010543,0.00001
2001-07-15 00:00:00,7.509964,0.00001
2001-07-16 00:00:00,7.048333,0.00001
2001-07-17 00:00:00,7.418651,0.00001
2001-07-18 00:00:00,7.41824,0.00001
2001-07-19 00:00:00,7.15357,0.00001
2001-07-20 00:00:00,6.936169,0.00001
2001-07-21 00:00:00,6.609535,0.00001
2001-07-22 00:00:00,6.36345,0.00001
2001-07-23 00:00:00,6.062774,0.00001
2001-07-24 00:00:00,5.806434,0.00001
2001-07-25 00:00:00,5.677446,0.00001
2001-07-26 00:00:00,5.41264,0.00001
2001-07-27 00:00:00,5.143933,0.00001
2001-07-28 00:00:00,4.949011,0.00001
2001-07-29 00:00:00,4.642369,0.00001
2001-07-30 00:00:00,4.3126,0.00001
2001-07-31 00:00:00,3.990984,0.00001
2001-08-01 00:00:00,4.889464,0.00001
2001-08-02 00:00:00,9.280812,0.00001
2001-08-03 00:00:00,9.523896,0.00001
2001-08-04 00:00:00,9.561918,0.00001
2001-08-05 00:00:00,9.560717,0.00001
2001-08-06 00:00:00,9.422155,0.00001
2001-08-07 00:00:00,9.228362,0.00001
2001-08-08 00:00:00,9.025929,0.00001
2001-08-09 00:00:00,8.883431,0.00001
2001-08-10 00:00:00,8.73295,0.00001
2001-08-11 00:00:00,8.587184,0.00001
2001-08-12 00:00:00,8.471004,0.00001
2001-08-13 00:00:00,8.512751,0.00001
2001-08-14 00:00:00,8.274155,0.00001
2001-08-15 00:00:00,8.504326,0.00001
2001-08-16 00:00:00,8.691065,0.00001
2001-08-17 00:00:00,8.42525,0.00001
2001-08-18 00:00:00,8.356527,0.00001
2001-08-19 00:00:00,8.211284,0.00001
2001-08-20 00:00:00,7.848421,0.00001
2001-08-21 00:00:00,7.699588,0.00001
2001-08-22 00:00:00,7.649559,0.00001
2001-08-23 00:00:00,7.3762,0.00001
2001-08-24 00:00:00,7.210283,0.00001
2001-08-25 00:00:00,9.07041,0.00001
2001-08-26 00:00:00,9.567551,0.00001
2001-08-27 00:00:00,9.537602,0.00001
2001-08-28 00:00:00,9.388754,0.00001
2001-08-29 00:00:00,9.261747,0.00001
2001-08-30 00:00:00,9.044757,0.00001
2001-08-31 00:00:00,8.802385,0.00001
2001-09-01 00:00:00,8.562503,0.00001
2001-09-02 00:00:00,8.24085,0.00001
2001-09-03 00:00:00,7.990793,0.00001
2001-09-04 00:00:00,7.711334,0.00001
2001-09-05 00:00:00,7.412089,0.00001
2001-09-06 00:00:00,7.217488,0.00001
2001-09-07 00:00:00,7.898909,0.00001
2001-09-08 00:00:00,9.002273,0.00001
2001-09-09 00:00:00,9.595478,0.00001
2001-09-10 00:00:00,9.769949,0.00001
2001-09-11 00:00:00,9.646167,0.00001
2001-09-12 00:00:00,9.500381,0.00001
2001-09-13 00:00:00,9.535789,0.00001
2001-09-14 00:00:00,9.390928,0.00001
2001-09-15 00:00:00,9.252249,0.00001
2001-09-16 00:00:00,9.194365,0.00001
2001-09-17 00:00:00,9.836603,0.00001
2001-09-18 00:00:00,10.055603,0.00001
2001-09-19 00:00:00,11.055235,0.00001
2001-09-20 00:00:00,11.354267,0.00001
2001-09-21 00:00:00,11.660956,0.00001
2001-09-22 00:00:00,11.703364,0.00001
2001-09-23 00:00:00,14.173387,0.00001
2001-09-24 00:00:00,14.859746,0.00001
2001-09-25 00:00:00,15.151948,0.00001
2001-09-26 00:00:00,15.307127,0.00001
2001-09-27 00:00:00,15.335505,0.00001
2001-09-28 00:00:00,15.291549,0.00001
2001-09-29 00:00:00,15.204228,0.00001
2001-09-30 00:00:00,15.0484,0.00001
2001-10-01 00:00:00,14.822534,0.00001
2001-10-02 00:00:00,14.526764,0.00001
2001-10-03 00:00:00,14.248014,0.00001
2001-10-04 00:00:00,14.053867,0.00001
2001-10-05 00:00:00,13.784524,0.00001
2001-10-06 00:00:00,13.502029,0.00001
2001-10-07 00:00:00,13.146882,0.00001
2001-10-08 00:00:00,12.805277,0.00001
2001-10-09 00:00:00,12.512966,0.00001
2001-10-10 00:00:00,12.651932,0.00001
2001-10-11 00:00:00,12.266419,0.00001
2001-10-12 00:00:00,11.863367,0.00001
2001-10-13 00:00:00,11.85198,0.00001
2001-10-14 00:00:00,11.611873,0.00001
2001-10-15 00:00:00,11.210395,0.00001
2001-10-16 00:00:00,10.869862,0.00001
2001-10-17 00:00:00,10.499346,0.00001
2001-10-18 00:00:00,10.134565,0.00001
2001-10-19 00:00:00,9.788279,0.00001
2001-10-20 00:00:00,9.455507,0.00001
2001-10-21 00:00:00,9.132949,0.00001
2001-10-22 00:00:00,10.236589,0.00001
2001-10-23 00:00:00,11.457498,0.00001
2001-10-24 00:00:00,11.78235,0.00001
2001-10-25 00:00:00,11.819913,0.00001
2001-10-26 00:00:00,11.65159,0.00001
2001-10-27 00:00:00,11.446421,0.00001
2001-10-28 00:00:00,11.167994,0.00001
2001-10-29 00:00:00,10.904388,0.00001
2001-10-30 00:00:00,10.695533,0.00001
2001-10-31 00:00:00,10.410684,0.00001
2001-11-01 00:00:00,10.155123,0.00001
2001-11-02 00:00:00,9.831433,0.00001
2001-11-03 00:00:00,9.536175,0.00001
2001-11-04 00:00:00,9.256083,0.00001
2001-11-05 00:00:00,9.001803,0.00001
2001-11-06 00:00:00,8.753942,0.00001
2001-11-07 00:00:00,8.55324,0.00001
2001-11-08 00:00:00,8.342126,0.00001
2001-11-09 00:00:00,8.12328,0.00001
2001-11-10 00:00:00,7.905114,0.00001
2001-11-11 00:00:00,7.703114,0.00001
2001-11-12 00:00:00,7.519132,0.00001
2001-11-13 00:00:00,7.737584,0.00001
2001-11-14 00:00:00,7.784005,0.00001
2001-11-15 00:00:00,7.578257,0.00001
2001-11-16 00:00:00,7.378373,0.00001
2001-11-17 00:00:00,7.181554,0.00001
2001-11-18 00:00:00,7.147553,0.00001
2001-11-19 00:00:00,7.222234,0.00001
2001-11-20 00:00:00,7.083703,0.00001
2001-11-21 00:00:00,6.922866,0.00001
2001-11-22 00:00:00,6.759947,0.00001
2001-11-23 00:00:00,6.698699,0.00001
2001-11-24 00:00:00,7.542366,0.00001
2001-11-25 00:00:00,7.652542,0.00001
2001-11-26 00:00:00,7.709926,0.00001
2001-11-27 00:00:00,7.763293,0.00001
2001-11-28 00:00:00,7.735381,0.00001
2001-11-29 00:00:00,7.723744,0.00001
2001-11-30 00:00:00,7.966263,0.00001
2001-12-01 00:00:00,7.946075,0.00001
2001-12-02 00:00:00,7.87836,0.00001
2001-12-03 00:00:00,7.789333,0.00001
2001-12-04 00:00:00,7.699555,0.00001
2001-12-05 00:00:00,7.925756,0.00001
2001-12-06 00:00:00,7.954495,0.00001
2001-12-07 00:00:00,7.92199,0.00001
2001-12-08 00:00:00,7.889278,0.00001
2001-12-09 00:00:00,7.805235,0.00001
2001-12-10 00:00:00,7.719698,0.00001
2001-12-11 00:00:00,7.636594,0.00001
2001-12-12 00:00:00,7.792702,0.00001
2001-12-13 00:00:00,8.2131,0.00001
2001-12-14 00:00:00,8.212696,0.00001
2001-12-15 00:00:00,8.190483,0.00001
2001-12-16 00:00:00,8.271852,0.00001
2001-12-17 00:00:00,8.235818,0.00001
2001-12-18 00:00:00,8.180991,0.00001
2001-12-19 00:00:00,8.111305,0.00001
2001-12-20 00:00:00,8.017678,0.00001
2001-12-21 00:00:00,7.930653,0.00001
2001-12-22 00:00:00,8.072148,0.00001
2001-12-23 00:00:00,8.193373,0.00001
2001-12-24 00:00:00,8.141287,0.00001
2001-12-25 00:00:00,8.079924,0.00001
2001-12-26 00:00:00,8.02825,0.00001
2001-12-27 00:00:00,7.96283,0.00001
2001-12-28 00:00:00,7.888845,0.00001
2001-12-29 00:00:00,7.804708,0.00001
2001-12-30 00:00:00,7.713514,0.00001
2001-12-31 00:00:00,7.620667,0.00001
2002-01-01 00:00:00,7.533303,0.00001
2002-01-02 00:00:00,7.422018,0.00001
2002-01-03 00:00:00,7.315342,0.00001
2002-01-04 00:00:00,7.206229,0.00001
2002-01-05 00:00:00,7.092661,0.00001
2002-01-06 00:00:00,6.982731,0.00001
2002-01-07 00:00:00,6.870606,0.00001
2002-01-08 00:00:00,6.757162,0.00001
2002-01-09 00:00:00,6.621569,0.00001
2002-01-10 00:00:00,6.513894,0.00001
2002-01-11 00:00:00,6.389299,0.00001
2002-01-12 00:00:00,6.268473,0.00001
2002-01-13 00:00:00,6.159254,0.00001
2002-01-14 00:00:00,6.127492,0.00001
2002-01-15 00:00:00,6.087137,0.00001
2002-01-16 00:00:00,6.206427,0.00001
2002-01-17 00:00:00,6.102002,0.00001
2002-01-18 00:00:00,6.002638,0.00001
2002-01-19 00:00:00,5.912487,0.00001
2002-01-20 00:00:00,5.817055,0.00001
2002-01-21 00:00:00,5.719329,0.00001
2002-01-22 00:00:00,5.588276,0.00001
2002-01-23 00:00:00,5.55738,0.00001
2002-01-24 00:00:00,5.481157,0.00001
2002-01-25 00:00:00,5.383808,0.00001
2002-01-26 00:00:00,5.276397,0.00001
2002-01-27 00:00:00,5.176302,0.00001
2002-01-28 00:00:00,5.096397,0.00001
2002-01-29 00:00:00,5.033247,0.00001
2002-01-30 00:00:00,5.120133,0.00001
2002-01-31 00:00:00,5.392389,0.00001
2002-02-01 00:00:00,5.27837,0.00001
2002-02-02 00:00:00,5.183227,0.00001
2002-02-03 00:00:00,5.091658,0.00001
2002-02-04 00:00:00,5.008705,0.00001
2002-02-05 00:00:00,4.928273,0.00001
2002-02-06 00:00:00,4.847283,0.00001
2002-02-07 00:00:00,4.766076,0.00001
2002-02-08 00:00:00,4.688359,0.00001
2002-02-09 00:00:00,4.676758,0.00001
2002-02-10 00:00:00,5.138561,0.00001
2002-02-11 00:00:00,5.14015,0.00001
2002-02-12 00:00:00,5.104276,0.00001
2002-02-13 00:00:00,5.105262,0.00001
2002-02-14 00:00:00,4.98305,0.00001
2002-02-15 00:00:00,5.129156,0.00001
2002-02-16 00:00:00,5.162299,0.00001
2002-02-17 00:00:00,5.151337,0.00001
2002-02-18 00:00:00,5.251516,0.00001
2002-02-19 00:00:00,6.005946,0.00001
2002-02-20 00:00:00,6.867928,0.00001
2002-02-21 00:00:00,7.421592,0.00001
2002-02-22 00:00:00,7.681662,0.00001
2002-02-23 00:00:00,7.905619,0.00001
2002-02-24 00:00:00,7.953781,0.00001
2002-02-25 00:00:00,8.145207,0.00001
2002-02-26 00:00:00,8.26349,0.00001
2002-02-27 00:00:00,8.257086,0.00001
2002-02-28 00:00:00,8.269772,0.00001
2002-03-01 00:00:00,8.657406,0.00001
2002-03-02 00:00:00,9.084627,0.00001
2002-03-03 00:00:00,8.913502,0.00001
2002-03-04 00:00:00,8.899757,0.00001
2002-03-05 00:00:00,8.846335,0.00001
2002-03-06 00:00:00,8.737155,0.00001
2002-03-07 00:00:00,8.563426,0.00001
2002-03-08 00:00:00,8.827974,0.00001
2002-03-09 00:00:00,9.724714,0.00001
2002-03-10 00:00:00,9.927556,0.00001
2002-03-11 00:00:00,10.028767,0.00001
2002-03-12 00:00:00,10.087219,0.00001
2002-03-13 00:00:00,10.102652,0.00001
2002-03-14 00:00:00,10.145352,0.00001
2002-03-15 00:00:00,10.094052,0.00001
2002-03-16 00:00:00,9.998937,0.00001
2002-03-17 00:00:00,9.970408,0.00001
2002-03-18 00:00:00,9.851859,0.00001
2002-03-19 00:00:00,9.884218,0.00001
2002-03-20 00:00:00,10.043178,0.00001
2002-03-21 00:00:00,10.049425,0.00001
2002-03-22 00:00:00,9.935245,0.00001
2002-03-23 00:00:00,9.792584,0.00001
2002-03-24 00:00:00,9.709769,0.00001
2002-03-25 00:00:00,9.607219,0.00001
2002-03-26 00:00:00,9.482575,0.00001
2002-03-27 00:00:00,9.308248,0.00001
2002-03-28 00:00:00,9.276281,0.00001
2002-03-29 00:00:00,9.12418,0.00001
2002-03-30 00:00:00,8.905827,0.00001
2002-03-31 00:00:00,8.774035,0.00001
2002-04-01 00:00:00,8.777517,0.00001
2002-04-02 00:00:00,8.946601,0.00001
2002-04-03 00:00:00,8.893714,0.00001
2002-04-04 00:00:00,8.778093,0.00001
2002-04-05 00:00:00,8.632059,0.00001
2002-04-06 00:00:00,8.486102,0.00001
2002-04-07 00:00:00,9.075113,0.00001
2002-04-08 00:00:00,10.225247,0.00001
2002-04-09 00:00:00,10.805223,0.00001
2002-04-10 00:00:00,10.852974,0.00001
2002-04-11 00:00:00,10.842132,0.00001
2002-04-12 00:00:00,10.928748,0.00001
2002-04-13 00:00:00,10.795726,0.00001
2002-04-14 00:00:00,10.82093,0.00001
2002-04-15 00:00:00,10.627397,0.00001
2002-04-16 00:00:00,10.337323,0.00001
2002-04-17 00:00:00,10.055604,0.00001
2002-04-18 00:00:00,10.247954,0.00001
2002-04-19 00:00:00,10.727749,0.00001
2002-04-20 00:00:00,10.741373,0.00001
2002-04-21 00:00:00,11.153028,0.00001
2002-04-22 00:00:00,11.320304,0.00001
2002-04-23 00:00:00,11.222809,0.00001
2002-04-24 00:00:00,11.306354,0.00001
2002-04-25 00:00:00,11.403698,0.00001
2002-04-26 00:00:00,11.246916,0.00001
2002-04-27 00:00:00,11.727747,0.00001
2002-04-28 00:00:00,12.523415,0.00001
2002-04-29 00:00:00,12.516618,0.00001
2002-04-30 00:00:00,12.430108,0.00001
2002-05-01 00:00:00,12.794598,0.00001
2002-05-02 00:00:00,13.188339,0.00001
2002-05-03 00:00:00,13.085164,0.00001
2002-05-04 00:00:00,12.901243,0.00001
2002-05-05 00:00:00,12.701508,0.00001
2002-05-06 00:00:00,12.591461,0.00001
2002-05-07 00:00:00,12.40152,0.00001
2002-05-08 00:00:00,12.264585,0.00001
2002-05-09 00:00:00,12.636891,0.00001
2002-05-10 00:00:00,12.450976,0.00001
2002-05-11 00:00:00,13.20838,0.00001
2002-05-12 00:00:00,13.807533,0.00001
2002-05-13 00:00:00,13.836799,0.00001
2002-05-14 00:00:00,13.654549,0.00001
2002-05-15 00:00:00,13.458015,0.00001
2002-05-16 00:00:00,13.329741,0.00001
2002-05-17 00:00:00,13.181769,0.00001
2002-05-18 00:00:00,12.928501,0.00001
2002-05-19 00:00:00,12.701181,0.00001
2002-05-20 00:00:00,12.497997,0.00001
2002-05-21 00:00:00,12.183232,0.00001
2002-05-22 00:00:00,11.795866,0.00001
2002-05-23 00:00:00,11.43571,0.00001
2002-05-24 00:00:00,11.189464,0.00001
2002-05-25 00:00:00,11.969504,0.00001
2002-05-26 00:00:00,11.714668,0.00001
2002-05-27 00:00:00,11.349367,0.00001
2002-05-28 00:00:00,11.289911,0.00001
2002-05-29 00:00:00,11.43664,0.00001
2002-05-30 00:00:00,11.098636,0.00001
2002-05-31 00:00:00,10.677883,0.00001
2002-06-01 00:00:00,10.199324,0.00001
2002-06-02 00:00:00,10.170869,0.00001
2002-06-03 00:00:00,12.282804,0.00001
2002-06-04 00:00:00,15.091216,0.00001
2002-06-05 00:00:00,15.705535,0.00001
2002-06-06 00:00:00,15.868807,0.00001
2002-06-07 00:00:00,15.818656,0.00001
2002-06-08 00:00:00,15.666893,0.00001
2002-06-09 00:00:00,15.373763,0.00001
2002-06-10 00:00:00,15.697928,0.00001
2002-06-11 00:00:00,16.247342,0.00001
2002-06-12 00:00:00,16.056112,0.00001
2002-06-13 00:00:00,16.062329,0.00001
2002-06-14 00:00:00,16.177716,0.00001
2002-06-15 00:00:00,15.909531,0.00001
2002-06-16 00:00:00,15.493504,0.00001
2002-06-17 00:00:00,15.087639,0.00001
2002-06-18 00:00:00,14.641829,0.00001
2002-06-19 00:00:00,14.348538,0.00001
2002-06-20 00:00:00,13.768526,0.00001
2002-06-21 00:00:00,13.367789,0.00001
2002-06-22 00:00:00,12.887996,0.00001
2002-06-23 00:00:00,12.290081,0.00001
2002-06-24 00:00:00,11.680375,0.00001
2002-06-25 00:00:00,11.178485,0.00001
2002-06-26 00:00:00,11.36746,0.00001
2002-06-27 00:00:00,10.94827,0.00001
2002-06-28 00:00:00,10.441254,0.00001
2002-06-29 00:00:00,9.942834,0.00001
2002-06-30 00:00:00,9.450978,0.00001
2002-07-01 00:00:00,8.970319,0.00001
2002-07-02 00:00:00,8.50993,0.00001
2002-07-03 00:00:00,8.098059,0.00001
2002-07-04 00:00:00,7.680161,0.00001
2002-07-05 00:00:00,7.435311,0.00001
2002-07-06 00:00:00,7.190051,0.00001
2002-07-07 00:00:00,6.784811,0.00001
2002-07-08 00:00:00,6.52268,0.00001
2002-07-09 00:00:00,6.246811,0.00001
2002-07-10 00:00:00,5.987576,0.00001
2002-07-11 00:00:00,5.658505,0.00001
2002-07-12 00:00:00,5.312891,0.00001
2002-07-13 00:00:00,5.02582,0.00001
2002-07-14 00:00:00,4.690013,0.00001
2002-07-15 00:00:00,4.381077,0.00001
2002-07-16 00:00:00,4.082817,0.00001
2002-07-17 00:00:00,3.790636,0.00001
2002-07-18 00:00:00,3.528219,0.00001
2002-07-19 00:00:00,3.330424,0.00001
2002-07-20 00:00:00,3.375873,0.00001
2002-07-21 00:00:00,3.352403,0.00001
2002-07-22 00:00:00,3.951533,0.00001
2002-07-23 00:00:00,3.73935,0.00001
2002-07-24 00:00:00,3.595912,0.00001
2002-07-25 00:00:00,3.418705,0.00001
2002-07-26 00:00:00,3.339556,0.00001
2002-07-27 00:00:00,3.341892,0.00001
2002-07-28 00:00:00,3.241052,0.00001
2002-07-29 00:00:00,3.228124,0.00001
2002-07-30 00:00:00,3.006744,0.00001
2002-07-31 00:00:00,2.793506,0.00001
2002-08-01 00:00:00,2.609558,0.00001
2002-08-02 00:00:00,2.418645,0.00001
2002-08-03 00:00:00,2.266273,0.00001
2002-08-04 00:00:00,2.568522,0.00001
2002-08-05 00:00:00,2.530748,0.00001
2002-08-06 00:00:00,2.388668,0.00001
2002-08-07 00:00:00,2.239719,0.00001
2002-08-08 00:00:00,2.082118,0.00001
2002-08-09 00:00:00,1.913092,0.00001
2002-08-10 00:00:00,1.753163,0.00001
2002-08-11 00:00:00,1.625368,0.00001
2002-08-12 00:00:00,1.882396,0.00001
2002-08-13 00:00:00,2.118032,0.00001
2002-08-14 00:00:00,1.963188,0.00001
2002-08-15 00:00:00,1.804716,0.00001
2002-08-16 00:00:00,1.640673,0.00001
2002-08-17 00:00:00,1.786138,0.00001
2002-08-18 00:00:00,1.720351,0.00001
2002-08-19 00:00:00,1.670876,0.00001
2002-08-20 00:00:00,1.547771,0.00001
2002-08-21 00:00:00,1.817389,0.00001
2002-08-22 00:00:00,2.494228,0.00001
2002-08-23 00:00:00,2.619177,0.00001
2002-08-24 00:00:00,2.547131,0.00001
2002-08-25 00:00:00,2.473708,0.00001
2002-08-26 00:00:00,2.343398,0.00001
2002-08-27 00:00:00,2.237292,0.00001
2002-08-28 00:00:00,2.124567,0.00001
2002-08-29 00:00:00,2.003808,0.00001
2002-08-30 00:00:00,1.883383,0.00001
2002-08-31 00:00:00,1.754767,0.00001
2002-09-01 00:00:00,1.710733,0.00001
2002-09-02 00:00:00,2.536535,0.00001
2002-09-03 00:00:00,2.415254,0.00001
2002-09-04 00:00:00,2.289182,0.00001
2002-09-05 00:00:00,2.172426,0.00001
2002-09-06 00:00:00,2.058357,0.00001
2002-09-07 00:00:00,1.928629,0.00001
2002-09-08 00:00:00,1.799959,0.00001
2002-09-09 00:00:00,1.665515,0.00001
2002-09-10 00:00:00,1.693878,0.00001
2002-09-11 00:00:00,1.580632,0.00001
2002-09-12 00:00:00,1.45539,0.00001
2002-09-13 00:00:00,1.348524,0.00001
2002-09-14 00:00:00,1.312118,0.00001
2002-09-15 00:00:00,1.222293,0.00001
2002-09-16 00:00:00,1.099744,0.00001
2002-09-17 00:00:00,1.037975,0.00001
2002-09-18 00:00:00,1.165496,0.00001
2002-09-19 00:00:00,1.585909,0.00001
2002-09-20 00:00:00,1.792157,0.00001
2002-09-21 00:00:00,1.703998,0.00001
2002-09-22 00:00:00,1.59921,0.00001
2002-09-23 00:00:00,1.523882,0.00001
2002-09-24 00:00:00,1.435555,0.00001
2002-09-25 00:00:00,1.374154,0.00001
2002-09-26 00:00:00,1.269165,0.00001
2002-09-27 00:00:00,1.228871,0.00001
2002-09-28 00:00:00,1.28629,0.00001
2002-09-29 00:00:00,1.593627,0.00001
2002-09-30 00:00:00,1.579705,0.00001
2002-10-01 00:00:00,1.660199,0.00001
2002-10-02 00:00:00,2.006425,0.00001
2002-10-03 00:00:00,2.130697,0.00001
2002-10-04 00:00:00,3.17988,0.00001
2002-10-05 00:00:00,3.31934,0.00001
2002-10-06 00:00:00,3.377396,0.00001
2002-10-07 00:00:00,3.409646,0.00001
2002-10-08 00:00:00,3.461326,0.00001
2002-10-09 00:00:00,3.387601,0.00001
2002-10-10 00:00:00,3.362458,0.00001
2002-10-11 00:00:00,3.270874,0.00001
2002-10-12 00:00:00,3.293383,0.00001
2002-10-13 00:00:00,3.218179,0.00001
2002-10-14 00:00:00,3.154236,0.00001
2002-10-15 00:00:00,3.118167,0.00001
2002-10-16 00:00:00,3.067457,0.00001
2002-10-17 00:00:00,3.160296,0.00001
2002-10-18 00:00:00,3.276665,0.00001
2002-10-19 00:00:00,3.24304,0.00001
2002-10-20 00:00:00,3.209043,0.00001
2002-10-21 00:00:00,3.217123,0.00001
2002-10-22 00:00:00,3.163568,0.00001
2002-10-23 00:00:00,3.16907,0.00001
2002-10-24 00:00:00,3.260241,0.00001
2002-10-25 00:00:00,3.554432,0.00001
2002-10-26 00:00:00,3.547366,0.00001
2002-10-27 00:00:00,3.523921,0.00001
2002-10-28 00:00:00,3.57172,0.00001
2002-10-29 00:00:00,3.55065,0.00001
2002-10-30 00:00:00,3.496582,0.00001
2002-10-31 00:00:00,3.461244,0.00001
2002-11-01 00:00:00,3.405507,0.00001
2002-11-02 00:00:00,3.338751,0.00001
2002-11-03 00:00:00,3.270571,0.00001
2002-11-04 00:00:00,3.214075,0.00001
2002-11-05 00:00:00,3.28499,0.00001
2002-11-06 00:00:00,3.243,0.00001
2002-11-07 00:00:00,3.176209,0.00001
2002-11-08 00:00:00,3.089727,0.00001
2002-11-09 00:00:00,3.011041,0.00001
2002-11-10 00:00:00,2.972593,0.00001
2002-11-11 00:00:00,3.188188,0.00001
2002-11-12 00:00:00,3.150675,0.00001
2002-11-13 00:00:00,3.090889,0.00001
2002-11-14 00:00:00,3.037113,0.00001
2002-11-15 00:00:00,2.995555,0.00001
2002-11-16 00:00:00,2.96573,0.00001
2002-11-17 00:00:00,2.927336,0.00001
2002-11-18 00:00:00,2.972361,0.00001
2002-11-19 00:00:00,3.017906,0.00001
2002-11-20 00:00:00,3.000469,0.00001
2002-11-21 00:00:00,3.026645,0.00001
2002-11-22 00:00:00,2.983186,0.00001
2002-11-23 00:00:00,2.929844,0.00001
2002-11-24 00:00:00,2.894307,0.00001
2002-11-25 00:00:00,2.848286,0.00001
2002-11-26 00:00:00,2.828214,0.00001
2002-11-27 00:00:00,2.792817,0.00001
2002-11-28 00:00:00,2.756939,0.00001
2002-11-29 00:00:00,2.713778,0.00001
2002-11-30 00:00:00,2.681415,0.00001
2002-12-01 00:00:00,2.693807,0.00001
2002-12-02 00:00:00,2.712235,0.00001
2002-12-03 00:00:00,2.654697,0.00001
2002-12-04 00:00:00,2.620321,0.00001
2002-12-05 00:00:00,2.581454,0.00001
2002-12-06 00:00:00,2.547722,0.00001
2002-12-07 00:00:00,2.507625,0.00001
2002-12-08 00:00:00,2.473974,0.00001
2002-12-09 00:00:00,2.441212,0.00001
2002-12-10 00:00:00,2.401474,0.00001
2002-12-11 00:00:00,2.331615,0.00001
2002-12-12 00:00:00,2.335329,0.00001
2002-12-13 00:00:00,2.303637,0.00001
2002-12-14 00:00:00,2.26258,0.00001
2002-12-15 00:00:00,2.229702,0.00001
2002-12-16 00:00:00,2.197017,0.00001
2002-12-17 00:00:00,2.214366,0.00001
2002-12-18 00:00:00,2.605675,0.00001
2002-12-19 00:00:00,2.713273,0.00001
2002-12-20 00:00:00,2.711783,0.00001
2002-12-21 00:00:00,2.700427,0.00001
2002-12-22 00:00:00,2.696336,0.00001
2002-12-23 00:00:00,2.667651,0.00001
2002-12-24 00:00:00,2.676067,0.00001
2002-12-25 00:00:00,2.672903,0.00001
2002-12-26 00:00:00,2.656675,0.00001
2002-12-27 00:00:00,2.644897,0.00001
2002-12-28 00:00:00,2.634535,0.00001
2002-12-29 00:00:00,2.613939,0.00001
2002-12-30 00:00:00,2.583605,0.00001
2002-12-31 00:00:00,2.538312,0.00001
2003-01-01 00:00:00,2.511974,0.00001
2003-01-02 00:00:00,2.483009,0.00001
2003-01-03 00:00:00,2.447994,0.00001
2003-01-04 00:00:00,2.461872,0.00001
2003-01-05 00:00:00,2.480497,0.00001
2003-01-06 00:00:00,2.449812,0.00001
2003-01-07 00:00:00,2.410946,0.00001
2003-01-08 00:00:00,2.389029,0.00001
2003-01-09 00:00:00,2.36639,0.00001
2003-01-10 00:00:00,2.346181,0.00001
2003-01-11 00:00:00,2.325459,0.00001
2003-01-12 00:00:00,2.294845,0.00001
2003-01-13 00:00:00,2.293175,0.00001
2003-01-14 00:00:00,2.276661,0.00001
2003-01-15 00:00:00,2.26297,0.00001
2003-01-16 00:00:00,2.246136,0.00001
2003-01-17 00:00:00,2.232086,0.00001
2003-01-18 00:00:00,2.221857,0.00001
2003-01-19 00:00:00,2.206013,0.00001
2003-01-20 00:00:00,2.190868,0.00001
2003-01-21 00:00:00,2.176632,0.00001
2003-01-22 00:00:00,2.162164,0.00001
2003-01-23 00:00:00,2.150585,0.00001
2003-01-24 00:00:00,2.136717,0.00001
2003-01-25 00:00:00,2.119519,0.00001
2003-01-26 00:00:00,2.092394,0.00001
2003-01-27 00:00:00,2.086352,0.00001
2003-01-28 00:00:00,2.165772,0.00001
2003-01-29 00:00:00,2.100904,0.00001
2003-01-30 00:00:00,2.174694,0.00001
2003-01-31 00:00:00,2.170403,0.00001
2003-02-01 00:00:00,2.136319,0.00001
2003-02-02 00:00:00,2.141349,0.00001
2003-02-03 00:00:00,2.22136,0.00001
2003-02-04 00:00:00,2.205335,0.00001
2003-02-05 00:00:00,2.190223,0.00001
2003-02-06 00:00:00,2.166028,0.00001
2003-02-07 00:00:00,2.152249,0.00001
2003-02-08 00:00:00,2.139607,0.00001
2003-02-09 00:00:00,2.141225,0.00001
2003-02-10 00:00:00,2.132058,0.00001
2003-02-11 00:00:00,2.327626,0.00001
2003-02-12 00:00:00,2.220718,0.00001
2003-02-13 00:00:00,2.190774,0.00001
2003-02-14 00:00:00,2.172039,0.00001
2003-02-15 00:00:00,2.147475,0.00001
2003-02-16 00:00:00,2.123085,0.00001
2003-02-17 00:00:00,2.096754,0.00001
2003-02-18 00:00:00,2.064753,0.00001
2003-02-19 00:00:00,2.036651,0.00001
2003-02-20 00:00:00,1.942611,0.00001
2003-02-21 00:00:00,1.861783,0.00001
2003-02-22 00:00:00,2.04158,0.00001
2003-02-23 00:00:00,2.078865,0.00001
2003-02-24 00:00:00,2.129156,0.00001
2003-02-25 00:00:00,2.138536,0.00001
2003-02-26 00:00:00,2.145898,0.00001
2003-02-27 00:00:00,2.138907,0.00001
2003-02-28 00:00:00,2.135772,0.00001
2003-03-01 00:00:00,2.158154,0.00001
2003-03-02 00:00:00,2.148101,0.00001
2003-03-03 00:00:00,2.162066,0.00001
2003-03-04 00:00:00,2.541354,0.00001
2003-03-05 00:00:00,2.368638,0.00001
2003-03-06 00:00:00,2.340715,0.00001
2003-03-07 00:00:00,2.309802,0.00001
2003-03-08 00:00:00,2.448701,0.00001
2003-03-09 00:00:00,2.375524,0.00001
2003-03-10 00:00:00,2.353185,0.00001
2003-03-11 00:00:00,2.332585,0.00001
2003-03-12 00:00:00,2.326041,0.00001
2003-03-13 00:00:00,2.285543,0.00001
2003-03-14 00:00:00,2.099868,0.00001
2003-03-15 00:00:00,2.233521,0.00001
2003-03-16 00:00:00,2.188465,0.00001
2003-03-17 00:00:00,2.126362,0.00001
2003-03-18 00:00:00,2.115788,0.00001
2003-03-19 00:00:00,2.270125,0.00001
2003-03-20 00:00:00,2.331368,0.00001
2003-03-21 00:00:00,2.413761,0.00001
2003-03-22 00:00:00,2.370885,0.00001
2003-03-23 00:00:00,2.283228,0.00001
2003-03-24 00:00:00,2.227241,0.00001
2003-03-25 00:00:00,2.138411,0.00001
2003-03-26 00:00:00,2.102027,0.00001
2003-03-27 00:00:00,2.184307,0.00001
2003-03-28 00:00:00,2.696826,0.00001
2003-03-29 00:00:00,2.787343,0.00001
2003-03-30 00:00:00,2.788896,0.00001
2003-03-31 00:00:00,2.759521,0.00001
2003-04-01 00:00:00,2.734187,0.00001
2003-04-02 00:00:00,2.684902,0.00001
2003-04-03 00:00:00,2.858562,0.00001
2003-04-04 00:00:00,3.121917,0.00001
2003-04-05 00:00:00,3.213954,0.00001
2003-04-06 00:00:00,3.304749,0.00001
2003-04-07 00:00:00,3.739657,0.00001
2003-04-08 00:00:00,3.611386,0.00001
2003-04-09 00:00:00,3.439226,0.00001
2003-04-10 00:00:00,3.526858,0.00001
2003-04-11 00:00:00,3.448517,0.00001
2003-04-12 00:00:00,3.410022,0.00001
2003-04-13 00:00:00,3.341838,0.00001
2003-04-14 00:00:00,3.203365,0.00001
2003-04-15 00:00:00,3.056832,0.00001
2003-04-16 00:00:00,3.069041,0.00001
2003-04-17 00:00:00,3.126512,0.00001
2003-04-18 00:00:00,3.11415,0.00001
2003-04-19 00:00:00,3.294898,0.00001
2003-04-20 00:00:00,3.463666,0.00001
2003-04-21 00:00:00,3.530006,0.00001
2003-04-22 00:00:00,3.406842,0.00001
2003-04-23 00:00:00,3.282816,0.00001
2003-04-24 00:00:00,3.165556,0.00001
2003-04-25 00:00:00,3.046442,0.00001
2003-04-26 00:00:00,2.920422,0.00001
2003-04-27 00:00:00,2.767662,0.00001
2003-04-28 00:00:00,2.659343,0.00001
2003-04-29 00:00:00,2.577731,0.00001
2003-04-30 00:00:00,3.077945,0.00001
2003-05-01 00:00:00,3.862191,0.00001
2003-05-02 00:00:00,3.92372,0.00001
2003-05-03 00:00:00,3.879264,0.00001
2003-05-04 00:00:00,4.06697,0.00001
2003-05-05 00:00:00,4.665383,0.00001
2003-05-06 00:00:00,4.747094,0.00001
2003-05-07 00:00:00,5.484337,0.00001
2003-05-08 00:00:00,5.689143,0.00001
2003-05-09 00:00:00,6.178519,0.00001
2003-05-10 00:00:00,6.485831,0.00001
2003-05-11 00:00:00,7.741097,0.00001
2003-05-12 00:00:00,8.28951,0.00001
2003-05-13 00:00:00,8.415055,0.00001
2003-05-14 00:00:00,9.221574,0.00001
2003-05-15 00:00:00,9.616313,0.00001
2003-05-16 00:00:00,9.685888,0.00001
2003-05-17 00:00:00,9.742264,0.00001
2003-05-18 00:00:00,9.793683,0.00001
2003-05-19 00:00:00,10.192432,0.00001
2003-05-20 00:00:00,10.566203,0.00001
2003-05-21 00:00:00,10.473994,0.00001
2003-05-22 00:00:00,10.328278,0.00001
2003-05-23 00:00:00,10.251531,0.00001
2003-05-24 00:00:00,9.952753,0.00001
2003-05-25 00:00:00,9.651172,0.00001
2003-05-26 00:00:00,9.316899,0.00001
2003-05-27 00:00:00,8.953213,0.00001
2003-05-28 00:00:00,8.908203,0.00001
2003-05-29 00:00:00,8.604684,0.00001
2003-05-30 00:00:00,8.783095,0.00001
2003-05-31 00:00:00,8.685619,0.00001
2003-06-01 00:00:00,8.357421,0.00001
2003-06-02 00:00:00,8.026646,0.00001
2003-06-03 00:00:00,7.770206,0.00001
2003-06-04 00:00:00,7.547422,0.00001
2003-06-05 00:00:00,7.158485,0.00001
2003-06-06 00:00:00,7.092616,0.00001
2003-06-07 00:00:00,6.847667,0.00001
2003-06-08 00:00:00,7.021645,0.00001
2003-06-09 00:00:00,6.782774,0.00001
2003-06-10 00:00:00,6.531747,0.00001
2003-06-11 00:00:00,6.245321,0.00001
2003-06-12 00:00:00,5.946838,0.00001
2003-06-13 00:00:00,5.645277,0.00001
2003-06-14 00:00:00,5.389325,0.00001
2003-06-15 00:00:00,5.07263,0.00001
2003-06-16 00:00:00,4.762639,0.00001
2003-06-17 00:00:00,4.43659,0.00001
2003-06-18 00:00:00,4.160844,0.00001
2003-06-19 00:00:00,4.060974,0.00001
2003-06-20 00:00:00,3.795224,0.00001
2003-06-21 00:00:00,3.522374,0.00001
2003-06-22 00:00:00,3.25201,0.00001
2003-06-23 00:00:00,3.053695,0.00001
2003-06-24 00:00:00,3.076345,0.00001
2003-06-25 00:00:00,3.081907,0.00001
2003-06-26 00:00:00,3.053044,0.00001
2003-06-27 00:00:00,2.818462,0.00001
2003-06-28 00:00:00,3.557832,0.00001
2003-06-29 00:00:00,3.3681,0.00001
2003-06-30 00:00:00,3.135008,0.00001
2003-07-01 00:00:00,2.878893,0.00001
2003-07-02 00:00:00,2.643015,0.00001
2003-07-03 00:00:00,2.488854,0.00001
2003-07-04 00:00:00,2.566356,0.00001
2003-07-05 00:00:00,2.698738,0.00001
2003-07-06 00:00:00,2.969039,0.00001
2003-07-07 00:00:00,3.055378,0.00001
2003-07-08 00:00:00,3.267795,0.00001
2003-07-09 00:00:00,3.14629,0.00001
2003-07-10 00:00:00,3.157846,0.00001
2003-07-11 00:00:00,3.104293,0.00001
2003-07-12 00:00:00,2.919131,0.00001
2003-07-13 00:00:00,2.723144,0.00001
2003-07-14 00:00:00,2.705907,0.00001
2003-07-15 00:00:00,3.603846,0.00001
2003-07-16 00:00:00,3.543555,0.00001
2003-07-17 00:00:00,3.369527,0.00001
2003-07-18 00:00:00,3.208525,0.00001
2003-07-19 00:00:00,3.023823,0.00001
2003-07-20 00:00:00,3.036198,0.00001
2003-07-21 00:00:00,3.16534,0.00001
2003-07-22 00:00:00,3.112264,0.00001
2003-07-23 00:00:00,2.943464,0.00001
2003-07-24 00:00:00,2.743256,0.00001
2003-07-25 00:00:00,2.533853,0.00001
2003-07-26 00:00:00,2.3055,0.00001
2003-07-27 00:00:00,2.081409,0.00001
2003-07-28 00:00:00,1.940758,0.00001
2003-07-29 00:00:00,1.732091,0.00001
2003-07-30 00:00:00,1.532629,0.00001
2003-07-31 00:00:00,1.534968,0.00001
2003-08-01 00:00:00,1.523674,0.00001
2003-08-02 00:00:00,1.552757,0.00001
2003-08-03 00:00:00,1.635337,0.00001
2003-08-04 00:00:00,1.488607,0.00001
2003-08-05 00:00:00,1.452627,0.00001
2003-08-06 00:00:00,1.368996,0.00001
2003-08-07 00:00:00,1.286443,0.00001
2003-08-08 00:00:00,1.209912,0.00001
2003-08-09 00:00:00,1.045558,0.00001
2003-08-10 00:00:00,0.897307,0.00001
2003-08-11 00:00:00,0.867275,0.00001
2003-08-12 00:00:00,0.821728,0.00001
2003-08-13 00:00:00,0.771469,0.00001
2003-08-14 00:00:00,0.722876,0.00001
2003-08-15 00:00:00,0.660934,0.00001
2003-08-16 00:00:00,0.613071,0.00001
2003-08-17 00:00:00,0.588036,0.00001
2003-08-18 00:00:00,0.55166,0.00001
2003-08-19 00:00:00,0.513072,0.00001
2003-08-20 00:00:00,0.479976,0.00001
2003-08-21 00:00:00,0.448732,0.00001
2003-08-22 00:00:00,0.422762,0.00001
2003-08-23 00:00:00,0.400063,0.00001
2003-08-24 00:00:00,0.361469,0.00001
2003-08-25 00:00:00,0.347383,0.00001
2003-08-26 00:00:00,0.322341,0.00001
2003-08-27 00:00:00,0.300602,0.00001
2003-08-28 00:00:00,0.269982,0.00001
2003-08-29 00:00:00,0.304737,0.00001
2003-08-30 00:00:00,0.292027,0.00001
2003-08-31 00:00:00,0.286114,0.00001
2003-09-01 00:00:00,0.268154,0.00001
2003-09-02 00:00:00,0.244571,0.00001
2003-09-03 00:00:00,0.224943,0.00001
2003-09-04 00:00:00,0.214128,0.00001
2003-09-05 00:00:00,0.19443,0.00001
2003-09-06 00:00:00,0.174624,0.00001
2003-09-07 00:00:00,0.159309,0.00001
2003-09-08 00:00:00,0.144572,0.00001
2003-09-09 00:00:00,0.136648,0.00001
2003-09-10 00:00:00,0.12447,0.00001
2003-09-11 00:00:00,0.113302,0.00001
2003-09-12 00:00:00,0.193325,0.00001
2003-09-13 00:00:00,0.322126,0.00001
2003-09-14 00:00:00,0.445532,0.00001
2003-09-15 00:00:00,0.44462,0.00001
2003-09-16 00:00:00,0.441623,0.00001
2003-09-17 00:00:00,0.447086,0.00001
2003-09-18 00:00:00,0.447269,0.00001
2003-09-19 00:00:00,0.445282,0.00001
2003-09-20 00:00:00,0.416521,0.00001
2003-09-21 00:00:00,0.42046,0.00001
2003-09-22 00:00:00,0.425854,0.00001
2003-09-23 00:00:00,0.406695,0.00001
2003-09-24 00:00:00,0.399528,0.00001
2003-09-25 00:00:00,0.398203,0.00001
2003-09-26 00:00:00,0.409805,0.00001
2003-09-27 00:00:00,0.410903,0.00001
2003-09-28 00:00:00,0.427967,0.00001
2003-09-29 00:00:00,0.408959,0.00001
2003-09-30 00:00:00,0.392605,0.00001
2003-10-01 00:00:00,0.387578,0.00001
2003-10-02 00:00:00,0.374942,0.00001
2003-10-03 00:00:00,0.381483,0.00001
2003-10-04 00:00:00,0.371294,0.00001
2003-10-05 00:00:00,0.359615,0.00001
2003-10-06 00:00:00,0.34741,0.00001
2003-10-07 00:00:00,0.330491,0.00001
2003-10-08 00:00:00,0.316233,0.00001
2003-10-09 00:00:00,0.307369,0.00001
2003-10-10 00:00:00,0.296485,0.00001
2003-10-11 00:00:00,0.303031,0.00001
2003-10-12 00:00:00,0.299807,0.00001
2003-10-13 00:00:00,0.310226,0.00001
2003-10-14 00:00:00,0.358907,0.00001
2003-10-15 00:00:00,0.346072,0.00001
2003-10-16 00:00:00,0.33814,0.00001
2003-10-17 00:00:00,0.329384,0.00001
2003-10-18 00:00:00,0.319132,0.00001
2003-10-19 00:00:00,0.311692,0.00001
2003-10-20 00:00:00,0.293923,0.00001
2003-10-21 00:00:00,0.306649,0.00001
2003-10-22 00:00:00,0.29424,0.00001
2003-10-23 00:00:00,0.289886,0.00001
2003-10-24 00:00:00,0.350729,0.00001
2003-10-25 00:00:00,0.332337,0.00001
2003-10-26 00:00:00,0.332584,0.00001
2003-10-27 00:00:00,0.331764,0.00001
2003-10-28 00:00:00,0.336084,0.00001
2003-10-29 00:00:00,0.344748,0.00001
2003-10-30 00:00:00,0.333038,0.00001
2003-10-31 00:00:00,0.327013,0.00001
2003-11-01 00:00:00,0.369976,0.00001
2003-11-02 00:00:00,0.65945,0.00001
2003-11-03 00:00:00,1.061943,0.00001
2003-11-04 00:00:00,2.30362,0.00001
2003-11-05 00:00:00,2.886363,0.00001
2003-11-06 00:00:00,3.212635,0.00001
2003-11-07 00:00:00,3.456105,0.00001
2003-11-08 00:00:00,3.616435,0.00001
2003-11-09 00:00:00,3.741209,0.00001
2003-11-10 00:00:00,3.921668,0.00001
2003-11-11 00:00:00,4.071288,0.00001
2003-11-12 00:00:00,4.219584,0.00001
2003-11-13 00:00:00,4.361451,0.00001
2003-11-14 00:00:00,4.484739,0.00001
2003-11-15 00:00:00,4.614361,0.00001
2003-11-16 00:00:00,4.736686,0.00001
2003-11-17 00:00:00,4.837745,0.00001
2003-11-18 00:00:00,5.382645,0.00001
2003-11-19 00:00:00,5.439394,0.00001
2003-11-20 00:00:00,5.429153,0.00001
2003-11-21 00:00:00,5.427985,0.00001
2003-11-22 00:00:00,5.549742,0.00001
2003-11-23 00:00:00,7.651984,0.00001
2003-11-24 00:00:00,8.295206,0.00001
2003-11-25 00:00:00,8.567535,0.00001
2003-11-26 00:00:00,8.664646,0.00001
2003-11-27 00:00:00,8.800519,0.00001
2003-11-28 00:00:00,8.903406,0.00001
2003-11-29 00:00:00,8.909267,0.00001
2003-11-30 00:00:00,8.878489,0.00001
2003-12-01 00:00:00,8.835893,0.00001
2003-12-02 00:00:00,8.813972,0.00001
2003-12-03 00:00:00,8.769013,0.00001
2003-12-04 00:00:00,8.776841,0.00001
2003-12-05 00:00:00,8.793102,0.00001
2003-12-06 00:00:00,8.711573,0.00001
2003-12-07 00:00:00,8.608572,0.00001
2003-12-08 00:00:00,8.514601,0.00001
2003-12-09 00:00:00,8.920141,0.00001
2003-12-10 00:00:00,10.766241,0.00001
2003-12-11 00:00:00,11.166092,0.00001
2003-12-12 00:00:00,11.26324,0.00001
2003-12-13 00:00:00,11.303695,0.00001
2003-12-14 00:00:00,11.317399,0.00001
2003-12-15 00:00:00,11.247864,0.00001
2003-12-16 00:00:00,11.245293,0.00001
2003-12-17 00:00:00,11.131622,0.00001
2003-12-18 00:00:00,10.986604,0.00001
2003-12-19 00:00:00,10.827738,0.00001
2003-12-20 00:00:00,10.672245,0.00001
2003-12-21 00:00:00,10.493569,0.00001
2003-12-22 00:00:00,10.326597,0.00001
2003-12-23 00:00:00,10.16852,0.00001
2003-12-24 00:00:00,9.985531,0.00001
2003-12-25 00:00:00,9.7962,0.00001
2003-12-26 00:00:00,9.597294,0.00001
2003-12-27 00:00:00,9.406747,0.00001
2003-12-28 00:00:00,9.491387,0.00001
2003-12-29 00:00:00,9.321127,0.00001
2003-12-30 00:00:00,9.123659,0.00001
2003-12-31 00:00:00,8.912632,0.00001
2004-01-01 00:00:00,8.730135,0.00001
2004-01-02 00:00:00,8.562614,0.00001
2004-01-03 00:00:00,8.393997,0.00001
2004-01-04 00:00:00,8.495993,0.00001
2004-01-05 00:00:00,8.28617,0.00001
2004-01-06 00:00:00,8.102504,0.00001
2004-01-07 00:00:00,7.917275,0.00001
2004-01-08 00:00:00,7.735002,0.00001
2004-01-09 00:00:00,7.563051,0.00001
2004-01-10 00:00:00,7.400676,0.00001
2004-01-11 00:00:00,7.227283,0.00001
2004-01-12 00:00:00,7.052439,0.00001
2004-01-13 00:00:00,6.880852,0.00001
2004-01-14 00:00:00,6.731769,0.00001
2004-01-15 00:00:00,6.582395,0.00001
2004-01-16 00:00:00,6.530631,0.00001
2004-01-17 00:00:00,6.461081,0.00001
2004-01-18 00:00:00,6.307766,0.00001
2004-01-19 00:00:00,6.161633,0.00001
2004-01-20 00:00:00,6.031334,0.00001
2004-01-21 00:00:00,5.888709,0.00001
2004-01-22 00:00:00,5.759536,0.00001
2004-01-23 00:00:00,5.758515,0.00001
2004-01-24 00:00:00,5.605486,0.00001
2004-01-25 00:00:00,5.475278,0.00001
2004-01-26 00:00:00,5.682769,0.00001
2004-01-27 00:00:00,5.448617,0.00001
2004-01-28 00:00:00,5.316669,0.00001
2004-01-29 00:00:00,5.197931,0.00001
2004-01-30 00:00:00,5.083048,0.00001
2004-01-31 00:00:00,4.972079,0.00001
2004-02-01 00:00:00,4.853647,0.00001
2004-02-02 00:00:00,5.060234,0.00001
2004-02-03 00:00:00,4.915894,0.00001
2004-02-04 00:00:00,4.79743,0.00001
2004-02-05 00:00:00,5.165689,0.00001
2004-02-06 00:00:00,4.974958,0.00001
2004-02-07 00:00:00,4.838821,0.00001
2004-02-08 00:00:00,4.709691,0.00001
2004-02-09 00:00:00,4.583121,0.00001
2004-02-10 00:00:00,4.473379,0.00001
2004-02-11 00:00:00,4.379274,0.00001
2004-02-12 00:00:00,4.274561,0.00001
2004-02-13 00:00:00,4.177535,0.00001
2004-02-14 00:00:00,4.082245,0.00001
2004-02-15 00:00:00,4.002341,0.00001
2004-02-16 00:00:00,3.920038,0.00001
2004-02-17 00:00:00,3.832615,0.00001
2004-02-18 00:00:00,3.741945,0.00001
2004-02-19 00:00:00,3.688792,0.00001
2004-02-20 00:00:00,4.009858,0.00001
2004-02-21 00:00:00,3.979244,0.00001
2004-02-22 00:00:00,3.900642,0.00001
2004-02-23 00:00:00,3.970795,0.00001
2004-02-24 00:00:00,4.116663,0.00001
2004-02-25 00:00:00,4.235514,0.00001
2004-02-26 00:00:00,4.233862,0.00001
2004-02-27 00:00:00,4.314226,0.00001
2004-02-28 00:00:00,4.227068,0.00001
2004-02-29 00:00:00,4.589003,0.00001
2004-03-01 00:00:00,4.851473,0.00001
2004-03-02 00:00:00,5.050005,0.00001
2004-03-03 00:00:00,5.174365,0.00001
2004-03-04 00:00:00,5.655763,0.00001
2004-03-05 00:00:00,7.003839,0.00001
2004-03-06 00:00:00,7.550755,0.00001
2004-03-07 00:00:00,7.918252,0.00001
2004-03-08 00:00:00,8.155167,0.00001
2004-03-09 00:00:00,8.346822,0.00001
2004-03-10 00:00:00,8.481151,0.00001
2004-03-11 00:00:00,8.712899,0.00001
2004-03-12 00:00:00,8.809202,0.00001
2004-03-13 00:00:00,8.971645,0.00001
2004-03-14 00:00:00,9.159408,0.00001
2004-03-15 00:00:00,9.193073,0.00001
2004-03-16 00:00:00,9.297568,0.00001
2004-03-17 00:00:00,9.433846,0.00001
2004-03-18 00:00:00,9.613774,0.00001
2004-03-19 00:00:00,9.573713,0.00001
2004-03-20 00:00:00,9.49245,0.00001
2004-03-21 00:00:00,9.411304,0.00001
2004-03-22 00:00:00,9.267109,0.00001
2004-03-23 00:00:00,9.086138,0.00001
2004-03-24 00:00:00,9.220811,0.00001
2004-03-25 00:00:00,9.467856,0.00001
2004-03-26 00:00:00,10.606365,0.00001
2004-03-27 00:00:00,10.596035,0.00001
2004-03-28 00:00:00,11.04165,0.00001
2004-03-29 00:00:00,11.177352,0.00001
2004-03-30 00:00:00,11.316764,0.00001
2004-03-31 00:00:00,11.338886,0.00001
2004-04-01 00:00:00,11.2193,0.00001
2004-04-02 00:00:00,11.006249,0.00001
2004-04-03 00:00:00,10.807394,0.00001
2004-04-04 00:00:00,10.604807,0.00001
2004-04-05 00:00:00,10.360828,0.00001
2004-04-06 00:00:00,10.137563,0.00001
2004-04-07 00:00:00,9.870926,0.00001
2004-04-08 00:00:00,9.667533,0.00001
2004-04-09 00:00:00,9.441194,0.00001
2004-04-10 00:00:00,9.249944,0.00001
2004-04-11 00:00:00,9.06995,0.00001
2004-04-12 00:00:00,8.863345,0.00001
2004-04-13 00:00:00,8.60766,0.00001
2004-04-14 00:00:00,8.314205,0.00001
2004-04-15 00:00:00,7.99749,0.00001
2004-04-16 00:00:00,7.782808,0.00001
2004-04-17 00:00:00,7.947313,0.00001
2004-04-18 00:00:00,7.934117,0.00001
2004-04-19 00:00:00,7.742425,0.00001
2004-04-20 00:00:00,8.024497,0.00001
2004-04-21 00:00:00,8.356478,0.00001
2004-04-22 00:00:00,8.218005,0.00001
2004-04-23 00:00:00,8.048343,0.00001
2004-04-24 00:00:00,8.044602,0.00001
2004-04-25 00:00:00,8.25662,0.00001
2004-04-26 00:00:00,8.085029,0.00001
2004-04-27 00:00:00,7.924637,0.00001
2004-04-28 00:00:00,7.626927,0.00001
2004-04-29 00:00:00,7.3442,0.00001
2004-04-30 00:00:00,7.28571,0.00001
2004-05-01 00:00:00,7.210454,0.00001
2004-05-02 00:00:00,7.1544,0.00001
2004-05-03 00:00:00,6.956927,0.00001
2004-05-04 00:00:00,6.713501,0.00001
2004-05-05 00:00:00,6.452807,0.00001
2004-05-06 00:00:00,6.221158,0.00001
2004-05-07 00:00:00,6.082176,0.00001
2004-05-08 00:00:00,6.14488,0.00001
2004-05-09 00:00:00,6.517745,0.00001
2004-05-10 00:00:00,6.932813,0.00001
2004-05-11 00:00:00,6.931141,0.00001
2004-05-12 00:00:00,6.760566,0.00001
2004-05-13 00:00:00,6.985368,0.00001
2004-05-14 00:00:00,7.633773,0.00001
2004-05-15 00:00:00,7.550499,0.00001
2004-05-16 00:00:00,7.407752,0.00001
2004-05-17 00:00:00,7.671614,0.00001
2004-05-18 00:00:00,8.32165,0.00001
2004-05-19 00:00:00,8.239526,0.00001
2004-05-20 00:00:00,8.171508,0.00001
2004-05-21 00:00:00,10.790973,0.00001
2004-05-22 00:00:00,16.225037,0.00001
2004-05-23 00:00:00,22.573185,0.00001
2004-05-24 00:00:00,25.936643,0.00001
2004-05-25 00:00:00,28.451355,0.00001
2004-05-26 00:00:00,30.044912,0.00001
2004-05-27 00:00:00,31.072812,0.00001
2004-05-28 00:00:00,31.629742,0.00001
2004-05-29 00:00:00,33.206409,0.00001
2004-05-30 00:00:00,35.442463,0.00001
2004-05-31 00:00:00,36.601201,0.00001
2004-06-01 00:00:00,36.433383,0.00001
2004-06-02 00:00:00,35.921361,0.00001
2004-06-03 00:00:00,34.959105,0.00001
2004-06-04 00:00:00,34.039729,0.00001
2004-06-05 00:00:00,32.940369,0.00001
2004-06-06 00:00:00,31.828707,0.00001
2004-06-07 00:00:00,30.532796,0.00001
2004-06-08 00:00:00,29.208299,0.00001
2004-06-09 00:00:00,28.007853,0.00001
2004-06-10 00:00:00,29.254194,0.00001
2004-06-11 00:00:00,30.392657,0.00001
2004-06-12 00:00:00,30.131039,0.00001
2004-06-13 00:00:00,29.275844,0.00001
2004-06-14 00:00:00,28.680203,0.00001
2004-06-15 00:00:00,27.710908,0.00001
2004-06-16 00:00:00,27.474454,0.00001
2004-06-17 00:00:00,27.929075,0.00001
2004-06-18 00:00:00,27.338653,0.00001
2004-06-19 00:00:00,26.533246,0.00001
2004-06-20 00:00:00,25.842123,0.00001
2004-06-21 00:00:00,25.794281,0.00001
2004-06-22 00:00:00,24.886308,0.00001
2004-06-23 00:00:00,24.25302,0.00001
2004-06-24 00:00:00,24.518939,0.00001
2004-06-25 00:00:00,23.625829,0.00001
2004-06-26 00:00:00,22.601847,0.00001
2004-06-27 00:00:00,21.776882,0.00001
2004-06-28 00:00:00,20.956962,0.00001
2004-06-29 00:00:00,19.934175,0.00001
2004-06-30 00:00:00,18.923182,0.00001
2004-07-01 00:00:00,17.961735,0.00001
2004-07-02 00:00:00,17.144703,0.00001
2004-07-03 00:00:00,18.987015,0.00001
2004-07-04 00:00:00,20.645716,0.00001
2004-07-05 00:00:00,20.053865,0.00001
2004-07-06 00:00:00,19.814492,0.00001
2004-07-07 00:00:00,19.683765,0.00001
2004-07-08 00:00:00,19.028399,0.00001
2004-07-09 00:00:00,19.001172,0.00001
2004-07-10 00:00:00,18.357412,0.00001
2004-07-11 00:00:00,17.807796,0.00001
2004-07-12 00:00:00,17.044615,0.00001
2004-07-13 00:00:00,16.278893,0.00001
2004-07-14 00:00:00,15.52403,0.00001
2004-07-15 00:00:00,14.756252,0.00001
2004-07-16 00:00:00,14.901582,0.00001
2004-07-17 00:00:00,14.826011,0.00001
2004-07-18 00:00:00,14.158441,0.00001
2004-07-19 00:00:00,13.516457,0.00001
2004-07-20 00:00:00,12.887886,0.00001
2004-07-21 00:00:00,13.034134,0.00001
2004-07-22 00:00:00,12.492359,0.00001
2004-07-23 00:00:00,11.934953,0.00001
2004-07-24 00:00:00,11.427875,0.00001
2004-07-25 00:00:00,10.865781,0.00001
2004-07-26 00:00:00,10.327961,0.00001
2004-07-27 00:00:00,9.810068,0.00001
2004-07-28 00:00:00,9.310204,0.00001
2004-07-29 00:00:00,9.482875,0.00001
2004-07-30 00:00:00,10.089943,0.00001
2004-07-31 00:00:00,9.664661,0.00001
2004-08-01 00:00:00,9.311465,0.00001
2004-08-02 00:00:00,9.030905,0.00001
2004-08-03 00:00:00,9.115045,0.00001
2004-08-04 00:00:00,10.107708,0.00001
2004-08-05 00:00:00,9.954912,0.00001
2004-08-06 00:00:00,9.778122,0.00001
2004-08-07 00:00:00,9.649605,0.00001
2004-08-08 00:00:00,9.456663,0.00001
2004-08-09 00:00:00,9.300364,0.00001
2004-08-10 00:00:00,9.203004,0.00001
2004-08-11 00:00:00,9.12143,0.00001
2004-08-12 00:00:00,8.979933,0.00001
2004-08-13 00:00:00,8.715584,0.00001
2004-08-14 00:00:00,8.410939,0.00001
2004-08-15 00:00:00,8.089439,0.00001
2004-08-16 00:00:00,7.964578,0.00001
2004-08-17 00:00:00,7.880869,0.00001
2004-08-18 00:00:00,7.803169,0.00001
2004-08-19 00:00:00,7.643135,0.00001
2004-08-20 00:00:00,7.363897,0.00001
2004-08-21 00:00:00,7.052965,0.00001
2004-08-22 00:00:00,6.739924,0.00001
2004-08-23 00:00:00,6.461763,0.00001
2004-08-24 00:00:00,6.531505,0.00001
2004-08-25 00:00:00,6.437438,0.00001
2004-08-26 00:00:00,6.213755,0.00001
2004-08-27 00:00:00,6.366361,0.00001
2004-08-28 00:00:00,6.670628,0.00001
2004-08-29 00:00:00,6.539341,0.00001
2004-08-30 00:00:00,6.300126,0.00001
2004-08-31 00:00:00,6.054647,0.00001
2004-09-01 00:00:00,6.291329,0.00001
2004-09-02 00:00:00,6.042293,0.00001
2004-09-03 00:00:00,5.779298,0.00001
2004-09-04 00:00:00,5.517885,0.00001
2004-09-05 00:00:00,5.300241,0.00001
2004-09-06 00:00:00,5.247357,0.00001
2004-09-07 00:00:00,5.059684,0.00001
2004-09-08 00:00:00,4.87095,0.00001
2004-09-09 00:00:00,4.666334,0.00001
2004-09-10 00:00:00,4.463823,0.00001
2004-09-11 00:00:00,4.241068,0.00001
2004-09-12 00:00:00,4.016118,0.00001
2004-09-13 00:00:00,3.807783,0.00001
2004-09-14 00:00:00,3.613468,0.00001
2004-09-15 00:00:00,3.925744,0.00001
2004-09-16 00:00:00,3.838365,0.00001
2004-09-17 00:00:00,3.664906,0.00001
2004-09-18 00:00:00,3.48231,0.00001
2004-09-19 00:00:00,3.289696,0.00001
2004-09-20 00:00:00,3.102838,0.00001
2004-09-21 00:00:00,2.915823,0.00001
2004-09-22 00:00:00,2.727377,0.00001
2004-09-23 00:00:00,2.566841,0.00001
2004-09-24 00:00:00,2.403243,0.00001
2004-09-25 00:00:00,2.279644,0.00001
2004-09-26 00:00:00,2.124031,0.00001
2004-09-27 00:00:00,1.973254,0.00001
2004-09-28 00:00:00,1.862955,0.00001
2004-09-29 00:00:00,1.738772,0.00001
2004-09-30 00:00:00,1.601413,0.00001
2004-10-01 00:00:00,1.771664,0.00001
2004-10-02 00:00:00,1.917289,0.00001
2004-10-03 00:00:00,1.796075,0.00001
2004-10-04 00:00:00,1.714352,0.00001
2004-10-05 00:00:00,1.613336,0.00001
2004-10-06 00:00:00,1.475446,0.00001
2004-10-07 00:00:00,1.521725,0.00001
2004-10-08 00:00:00,1.879345,0.00001
2004-10-09 00:00:00,1.779551,0.00001
2004-10-10 00:00:00,1.687885,0.00001
2004-10-11 00:00:00,1.610408,0.00001
2004-10-12 00:00:00,1.53162,0.00001
2004-10-13 00:00:00,1.487462,0.00001
2004-10-14 00:00:00,1.44114,0.00001
2004-10-15 00:00:00,1.41965,0.00001
2004-10-16 00:00:00,1.411293,0.00001
2004-10-17 00:00:00,1.346827,0.00001
2004-10-18 00:00:00,1.354234,0.00001
2004-10-19 00:00:00,1.43969,0.00001
2004-10-20 00:00:00,1.374732,0.00001
2004-10-21 00:00:00,1.310582,0.00001
2004-10-22 00:00:00,1.476239,0.00001
2004-10-23 00:00:00,2.006088,0.00001
2004-10-24 00:00:00,2.00502,0.00001
2004-10-25 00:00:00,1.979935,0.00001
2004-10-26 00:00:00,2.097615,0.00001
2004-10-27 00:00:00,2.14755,0.00001
2004-10-28 00:00:00,2.163224,0.00001
2004-10-29 00:00:00,2.14625,0.00001
2004-10-30 00:00:00,2.289522,0.00001
2004-10-31 00:00:00,2.251711,0.00001
2004-11-01 00:00:00,2.612491,0.00001
2004-11-02 00:00:00,2.7129,0.00001
2004-11-03 00:00:00,2.760715,0.00001
2004-11-04 00:00:00,2.905632,0.00001
2004-11-05 00:00:00,2.894722,0.00001
2004-11-06 00:00:00,2.866045,0.00001
2004-11-07 00:00:00,2.842332,0.00001
2004-11-08 00:00:00,2.843405,0.00001
2004-11-09 00:00:00,2.802455,0.00001
2004-11-10 00:00:00,2.782523,0.00001
2004-11-11 00:00:00,2.810953,0.00001
2004-11-12 00:00:00,2.790697,0.00001
2004-11-13 00:00:00,2.765771,0.00001
2004-11-14 00:00:00,2.730958,0.00001
2004-11-15 00:00:00,2.834215,0.00001
2004-11-16 00:00:00,2.854327,0.00001
2004-11-17 00:00:00,2.843219,0.00001
2004-11-18 00:00:00,2.965948,0.00001
2004-11-19 00:00:00,3.196607,0.00001
2004-11-20 00:00:00,3.216635,0.00001
2004-11-21 00:00:00,3.226623,0.00001
2004-11-22 00:00:00,3.206289,0.00001
2004-11-23 00:00:00,3.175108,0.00001
2004-11-24 00:00:00,3.145514,0.00001
2004-11-25 00:00:00,3.121177,0.00001
2004-11-26 00:00:00,3.200707,0.00001
2004-11-27 00:00:00,3.569079,0.00001
2004-11-28 00:00:00,3.688193,0.00001
2004-11-29 00:00:00,3.72915,0.00001
2004-11-30 00:00:00,3.731483,0.00001
2004-12-01 00:00:00,3.735039,0.00001
2004-12-02 00:00:00,3.752669,0.00001
2004-12-03 00:00:00,3.748015,0.00001
2004-12-04 00:00:00,3.734649,0.00001
2004-12-05 00:00:00,3.843918,0.00001
2004-12-06 00:00:00,4.117876,0.00001
2004-12-07 00:00:00,4.929585,0.00001
2004-12-08 00:00:00,5.110876,0.00001
2004-12-09 00:00:00,5.225795,0.00001
2004-12-10 00:00:00,5.588661,0.00001
2004-12-11 00:00:00,5.855113,0.00001
2004-12-12 00:00:00,5.983214,0.00001
2004-12-13 00:00:00,6.075064,0.00001
2004-12-14 00:00:00,6.134211,0.00001
2004-12-15 00:00:00,6.155328,0.00001
2004-12-16 00:00:00,6.188799,0.00001
2004-12-17 00:00:00,6.218059,0.00001
2004-12-18 00:00:00,6.242438,0.00001
2004-12-19 00:00:00,6.25442,0.00001
2004-12-20 00:00:00,6.273691,0.00001
2004-12-21 00:00:00,6.258626,0.00001
2004-12-22 00:00:00,6.24369,0.00001
2004-12-23 00:00:00,6.224758,0.00001
2004-12-24 00:00:00,6.201048,0.00001
2004-12-25 00:00:00,6.198338,0.00001
2004-12-26 00:00:00,6.137749,0.00001
2004-12-27 00:00:00,6.083747,0.00001
2004-12-28 00:00:00,6.014851,0.00001
2004-12-29 00:00:00,5.94775,0.00001
2004-12-30 00:00:00,5.893644,0.00001
2004-12-31 00:00:00,5.831043,0.00001
2005-01-01 00:00:00,6.004962,0.00001
2005-01-02 00:00:00,6.289661,0.00001
2005-01-03 00:00:00,6.285151,0.00001
2005-01-04 00:00:00,6.465572,0.00001
2005-01-05 00:00:00,7.10979,0.00001
2005-01-06 00:00:00,6.941268,0.00001
2005-01-07 00:00:00,6.822421,0.00001
2005-01-08 00:00:00,6.719028,0.00001
2005-01-09 00:00:00,6.62005,0.00001
2005-01-10 00:00:00,6.532552,0.00001
2005-01-11 00:00:00,6.465947,0.00001
2005-01-12 00:00:00,6.883054,0.00001
2005-01-13 00:00:00,7.361995,0.00001
2005-01-14 00:00:00,7.390492,0.00001
2005-01-15 00:00:00,7.382832,0.00001
2005-01-16 00:00:00,7.365463,0.00001
2005-01-17 00:00:00,7.356385,0.00001
2005-01-18 00:00:00,7.380135,0.00001
2005-01-19 00:00:00,7.337768,0.00001
2005-01-20 00:00:00,7.342677,0.00001
2005-01-21 00:00:00,8.094603,0.00001
2005-01-22 00:00:00,7.956873,0.00001
2005-01-23 00:00:00,7.772431,0.00001
2005-01-24 00:00:00,7.607949,0.00001
2005-01-25 00:00:00,7.455281,0.00001
2005-01-26 00:00:00,7.333791,0.00001
2005-01-27 00:00:00,7.216869,0.00001
2005-01-28 00:00:00,7.100147,0.00001
2005-01-29 00:00:00,6.987624,0.00001
2005-01-30 00:00:00,6.869531,0.00001
2005-01-31 00:00:00,6.769156,0.00001
2005-02-01 00:00:00,6.660691,0.00001
2005-02-02 00:00:00,6.551532,0.00001
2005-02-03 00:00:00,6.424888,0.00001
2005-02-04 00:00:00,6.274522,0.00001
2005-02-05 00:00:00,6.077276,0.00001
2005-02-06 00:00:00,6.244857,0.00001
2005-02-07 00:00:00,7.003685,0.00001
2005-02-08 00:00:00,7.387148,0.00001
2005-02-09 00:00:00,7.601782,0.00001
2005-02-10 00:00:00,7.701097,0.00001
2005-02-11 00:00:00,7.733524,0.00001
2005-02-12 00:00:00,7.723092,0.00001
2005-02-13 00:00:00,8.146011,0.00001
2005-02-14 00:00:00,8.526626,0.00001
2005-02-15 00:00:00,8.708447,0.00001
2005-02-16 00:00:00,8.772691,0.00001
2005-02-17 00:00:00,8.839863,0.00001
2005-02-18 00:00:00,8.879095,0.00001
2005-02-19 00:00:00,9.002087,0.00001
2005-02-20 00:00:00,9.37611,0.00001
2005-02-21 00:00:00,9.420986,0.00001
2005-02-22 00:00:00,9.398825,0.00001
2005-02-23 00:00:00,9.326919,0.00001
2005-02-24 00:00:00,9.281864,0.00001
2005-02-25 00:00:00,9.193883,0.00001
2005-02-26 00:00:00,9.123602,0.00001
2005-02-27 00:00:00,9.074325,0.00001
2005-02-28 00:00:00,9.152774,0.00001
2005-03-01 00:00:00,9.068482,0.00001
2005-03-02 00:00:00,8.954714,0.00001
2005-03-03 00:00:00,8.837285,0.00001
2005-03-04 00:00:00,8.68441,0.00001
2005-03-05 00:00:00,8.576464,0.00001
2005-03-06 00:00:00,8.437615,0.00001
2005-03-07 00:00:00,8.429473,0.00001
2005-03-08 00:00:00,8.291865,0.00001
2005-03-09 00:00:00,8.155061,0.00001
2005-03-10 00:00:00,8.286914,0.00001
2005-03-11 00:00:00,8.190937,0.00001
2005-03-12 00:00:00,8.102778,0.00001
2005-03-13 00:00:00,7.953206,0.00001
2005-03-14 00:00:00,7.833391,0.00001
2005-03-15 00:00:00,7.668137,0.00001
2005-03-16 00:00:00,7.485353,0.00001
2005-03-17 00:00:00,7.773402,0.00001
2005-03-18 00:00:00,7.930637,0.00001
2005-03-19 00:00:00,8.43241,0.00001
2005-03-20 00:00:00,8.22177,0.00001
2005-03-21 00:00:00,8.099156,0.00001
2005-03-22 00:00:00,8.116021,0.00001
2005-03-23 00:00:00,8.027178,0.00001
2005-03-24 00:00:00,7.916798,0.00001
2005-03-25 00:00:00,7.844538,0.00001
2005-03-26 00:00:00,7.723213,0.00001
2005-03-27 00:00:00,7.537072,0.00001
2005-03-28 00:00:00,7.322129,0.00001
2005-03-29 00:00:00,7.099868,0.00001
2005-03-30 00:00:00,7.191688,0.00001
2005-03-31 00:00:00,7.323468,0.00001
2005-04-01 00:00:00,7.24354,0.00001
2005-04-02 00:00:00,7.098171,0.00001
2005-04-03 00:00:00,6.907351,0.00001
2005-04-04 00:00:00,6.762539,0.00001
2005-04-05 00:00:00,6.586903,0.00001
2005-04-06 00:00:00,6.97571,0.00001
2005-04-07 00:00:00,7.451455,0.00001
2005-04-08 00:00:00,7.311911,0.00001
2005-04-09 00:00:00,7.176315,0.00001
2005-04-10 00:00:00,7.02015,0.00001
2005-04-11 00:00:00,6.874078,0.00001
2005-04-12 00:00:00,7.33561,0.00001
2005-04-13 00:00:00,7.246366,0.00001
2005-04-14 00:00:00,7.059215,0.00001
2005-04-15 00:00:00,6.855132,0.00001
2005-04-16 00:00:00,6.697121,0.00001
2005-04-17 00:00:00,6.514602,0.00001
2005-04-18 00:00:00,6.268405,0.00001
2005-04-19 00:00:00,6.136462,0.00001
2005-04-20 00:00:00,6.164558,0.00001
2005-04-21 00:00:00,6.034475,0.00001
2005-04-22 00:00:00,6.13838,0.00001
2005-04-23 00:00:00,6.048623,0.00001
2005-04-24 00:00:00,5.898737,0.00001
2005-04-25 00:00:00,5.789102,0.00001
2005-04-26 00:00:00,5.767928,0.00001
2005-04-27 00:00:00,5.662652,0.00001
2005-04-28 00:00:00,5.510219,0.00001
2005-04-29 00:00:00,5.339266,0.00001
2005-04-30 00:00:00,5.193202,0.00001
2005-05-01 00:00:00,5.078023,0.00001
2005-05-02 00:00:00,4.987483,0.00001
2005-05-03 00:00:00,4.830501,0.00001
2005-05-04 00:00:00,4.594184,0.00001
2005-05-05 00:00:00,4.362337,0.00001
2005-05-06 00:00:00,4.592644,0.00001
2005-05-07 00:00:00,4.484314,0.00001
2005-05-08 00:00:00,4.344668,0.00001
2005-05-09 00:00:00,4.328287,0.00001
2005-05-10 00:00:00,4.097307,0.00001
2005-05-11 00:00:00,4.810638,0.00001
2005-05-12 00:00:00,5.091066,0.00001
2005-05-13 00:00:00,5.536531,0.00001
2005-05-14 00:00:00,5.593986,0.00001
2005-05-15 00:00:00,5.640796,0.00001
2005-05-16 00:00:00,5.620198,0.00001
2005-05-17 00:00:00,5.58001,0.00001
2005-05-18 00:00:00,5.69391,0.00001
2005-05-19 00:00:00,6.404361,0.00001
2005-05-20 00:00:00,6.462886,0.00001
2005-05-21 00:00:00,6.400573,0.00001
2005-05-22 00:00:00,6.305731,0.00001
2005-05-23 00:00:00,6.209595,0.00001
2005-05-24 00:00:00,6.125893,0.00001
2005-05-25 00:00:00,6.018141,0.00001
2005-05-26 00:00:00,5.850362,0.00001
2005-05-27 00:00:00,5.960009,0.00001
2005-05-28 00:00:00,5.914789,0.00001
2005-05-29 00:00:00,5.824848,0.00001
2005-05-30 00:00:00,5.640891,0.00001
2005-05-31 00:00:00,5.43105,0.00001
2005-06-01 00:00:00,5.21341,0.00001
2005-06-02 00:00:00,4.989021,0.00001
2005-06-03 00:00:00,4.916154,0.00001
2005-06-04 00:00:00,4.844961,0.00001
2005-06-05 00:00:00,5.180325,0.00001
2005-06-06 00:00:00,4.988951,0.00001
2005-06-07 00:00:00,4.708681,0.00001
2005-06-08 00:00:00,4.441105,0.00001
2005-06-09 00:00:00,4.288091,0.00001
2005-06-10 00:00:00,4.153331,0.00001
2005-06-11 00:00:00,4.370363,0.00001
2005-06-12 00:00:00,4.220927,0.00001
2005-06-13 00:00:00,4.446962,0.00001
2005-06-14 00:00:00,4.301619,0.00001
2005-06-15 00:00:00,4.290842,0.00001
2005-06-16 00:00:00,4.044212,0.00001
2005-06-17 00:00:00,3.856666,0.00001
2005-06-18 00:00:00,3.685849,0.00001
2005-06-19 00:00:00,3.492555,0.00001
2005-06-20 00:00:00,3.254129,0.00001
2005-06-21 00:00:00,3.005261,0.00001
2005-06-22 00:00:00,2.771181,0.00001
2005-06-23 00:00:00,2.536228,0.00001
2005-06-24 00:00:00,2.353315,0.00001
2005-06-25 00:00:00,2.726346,0.00001
2005-06-26 00:00:00,2.726882,0.00001
2005-06-27 00:00:00,2.623494,0.00001
2005-06-28 00:00:00,2.646887,0.00001
2005-06-29 00:00:00,2.53715,0.00001
2005-06-30 00:00:00,2.500051,0.00001
2005-07-01 00:00:00,2.318659,0.00001
2005-07-02 00:00:00,2.132092,0.00001
2005-07-03 00:00:00,1.906545,0.00001
2005-07-04 00:00:00,2.041472,0.00001
2005-07-05 00:00:00,1.887658,0.00001
2005-07-06 00:00:00,1.762524,0.00001
2005-07-07 00:00:00,1.605722,0.00001
2005-07-08 00:00:00,1.403749,0.00001
2005-07-09 00:00:00,1.207607,0.00001
2005-07-10 00:00:00,1.005281,0.00001
2005-07-11 00:00:00,0.869862,0.00001
2005-07-12 00:00:00,0.879547,0.00001
2005-07-13 00:00:00,0.853383,0.00001
2005-07-14 00:00:00,0.791421,0.00001
2005-07-15 00:00:00,0.731714,0.00001
2005-07-16 00:00:00,0.672584,0.00001
2005-07-17 00:00:00,0.645025,0.00001
2005-07-18 00:00:00,0.588948,0.00001
2005-07-19 00:00:00,0.547655,0.00001
2005-07-20 00:00:00,0.608235,0.00001
2005-07-21 00:00:00,0.76318,0.00001
2005-07-22 00:00:00,0.728917,0.00001
2005-07-23 00:00:00,0.734385,0.00001
2005-07-24 00:00:00,0.699092,0.00001
2005-07-25 00:00:00,0.776815,0.00001
2005-07-26 00:00:00,0.958884,0.00001
2005-07-27 00:00:00,0.889954,0.00001
2005-07-28 00:00:00,0.879629,0.00001
2005-07-29 00:00:00,0.854332,0.00001
2005-07-30 00:00:00,0.83381,0.00001
2005-07-31 00:00:00,0.782199,0.00001
2005-08-01 00:00:00,0.736893,0.00001
2005-08-02 00:00:00,0.692229,0.00001
2005-08-03 00:00:00,0.671952,0.00001
2005-08-04 00:00:00,0.656743,0.00001
2005-08-05 00:00:00,0.617781,0.00001
2005-08-06 00:00:00,0.579727,0.00001
2005-08-07 00:00:00,0.543386,0.00001
2005-08-08 00:00:00,0.506856,0.00001
2005-08-09 00:00:00,0.482387,0.00001
2005-08-10 00:00:00,0.470918,0.00001
2005-08-11 00:00:00,0.538868,0.00001
2005-08-12 00:00:00,0.501553,0.00001
2005-08-13 00:00:00,0.496436,0.00001
2005-08-14 00:00:00,0.465826,0.00001
2005-08-15 00:00:00,0.438146,0.00001
2005-08-16 00:00:00,0.408888,0.00001
2005-08-17 00:00:00,0.39483,0.00001
2005-08-18 00:00:00,0.470986,0.00001
2005-08-19 00:00:00,0.466709,0.00001
2005-08-20 00:00:00,0.449555,0.00001
2005-08-21 00:00:00,0.426164,0.00001
2005-08-22 00:00:00,0.416171,0.00001
2005-08-23 00:00:00,0.402653,0.00001
2005-08-24 00:00:00,0.382049,0.00001
2005-08-25 00:00:00,0.377541,0.00001
2005-08-26 00:00:00,0.37766,0.00001
2005-08-27 00:00:00,0.355984,0.00001
2005-08-28 00:00:00,0.330977,0.00001
2005-08-29 00:00:00,0.3103,0.00001
2005-08-30 00:00:00,0.295981,0.00001
2005-08-31 00:00:00,0.279819,0.00001
2005-09-01 00:00:00,0.250313,0.00001
2005-09-02 00:00:00,0.23186,0.00001
2005-09-03 00:00:00,0.214036,0.00001
2005-09-04 00:00:00,0.198047,0.00001
2005-09-05 00:00:00,0.178899,0.00001
2005-09-06 00:00:00,0.169497,0.00001
2005-09-07 00:00:00,0.161842,0.00001
2005-09-08 00:00:00,0.155256,0.00001
2005-09-09 00:00:00,0.136067,0.00001
2005-09-10 00:00:00,0.116983,0.00001
2005-09-11 00:00:00,0.102846,0.00001
2005-09-12 00:00:00,0.100044,0.00001
2005-09-13 00:00:00,0.099047,0.00001
2005-09-14 00:00:00,0.088602,0.00001
2005-09-15 00:00:00,0.087654,0.00001
2005-09-16 00:00:00,0.073792,0.00001
2005-09-17 00:00:00,0.065085,0.00001
2005-09-18 00:00:00,0.059825,0.00001
2005-09-19 00:00:00,0.079157,0.00001
2005-09-20 00:00:00,0.063328,0.00001
2005-09-21 00:00:00,0.048186,0.00001
2005-09-22 00:00:00,0.077331,0.00001
2005-09-23 00:00:00,0.0658,0.00001
2005-09-24 00:00:00,0.096597,0.00001
2005-09-25 00:00:00,0.139713,0.00001
2005-09-26 00:00:00,0.111502,0.00001
2005-09-27 00:00:00,0.10146,0.00001
2005-09-28 00:00:00,0.123537,0.00001
2005-09-29 00:00:00,0.10982,0.00001
2005-09-30 00:00:00,0.105322,0.00001
2005-10-01 00:00:00,0.098681,0.00001
2005-10-02 00:00:00,0.094287,0.00001
2005-10-03 00:00:00,0.087732,0.00001
2005-10-04 00:00:00,0.077427,0.00001
2005-10-05 00:00:00,0.076505,0.00001
2005-10-06 00:00:00,0.09048,0.00001
2005-10-07 00:00:00,0.096464,0.00001
2005-10-08 00:00:00,0.090962,0.00001
2005-10-09 00:00:00,0.085464,0.00001
2005-10-10 00:00:00,0.081234,0.00001
2005-10-11 00:00:00,0.088127,0.00001
2005-10-12 00:00:00,0.089463,0.00001
2005-10-13 00:00:00,0.089947,0.00001
2005-10-14 00:00:00,0.064701,0.00001
2005-10-15 00:00:00,0.062483,0.00001
2005-10-16 00:00:00,0.060994,0.00001
2005-10-17 00:00:00,0.066563,0.00001
2005-10-18 00:00:00,0.053993,0.00001
2005-10-19 00:00:00,0.057176,0.00001
2005-10-20 00:00:00,0.059405,0.00001
2005-10-21 00:00:00,0.061548,0.00001
2005-10-22 00:00:00,0.075002,0.00001
2005-10-23 00:00:00,0.086805,0.00001
2005-10-24 00:00:00,0.067702,0.00001
2005-10-25 00:00:00,0.060424,0.00001
2005-10-26 00:00:00,0.057897,0.00001
2005-10-27 00:00:00,0.055562,0.00001
2005-10-28 00:00:00,0.052498,0.00001
2005-10-29 00:00:00,0.049376,0.00001
2005-10-30 00:00:00,0.072566,0.00001
2005-10-31 00:00:00,0.055811,0.00001
2005-11-01 00:00:00,0.058521,0.00001
2005-11-02 00:00:00,0.045673,0.00001
2005-11-03 00:00:00,0.045163,0.00001
2005-11-04 00:00:00,0.043391,0.00001
2005-11-05 00:00:00,0.09458,0.00001
2005-11-06 00:00:00,0.115552,0.00001
2005-11-07 00:00:00,0.107748,0.00001
2005-11-08 00:00:00,0.126469,0.00001
2005-11-09 00:00:00,0.108367,0.00001
2005-11-10 00:00:00,0.113413,0.00001
2005-11-11 00:00:00,0.111432,0.00001
2005-11-12 00:00:00,0.118148,0.00001
2005-11-13 00:00:00,0.13469,0.00001
2005-11-14 00:00:00,0.141158,0.00001
2005-11-15 00:00:00,0.199123,0.00001
2005-11-16 00:00:00,0.245296,0.00001
2005-11-17 00:00:00,0.228663,0.00001
2005-11-18 00:00:00,0.222826,0.00001
2005-11-19 00:00:00,0.233081,0.00001
2005-11-20 00:00:00,0.237296,0.00001
2005-11-21 00:00:00,0.23791,0.00001
2005-11-22 00:00:00,0.26469,0.00001
2005-11-23 00:00:00,0.22838,0.00001
2005-11-24 00:00:00,0.249763,0.00001
2005-11-25 00:00:00,0.331457,0.00001
2005-11-26 00:00:00,0.22308,0.00001
2005-11-27 00:00:00,0.293597,0.00001
2005-11-28 00:00:00,0.387965,0.00001
2005-11-29 00:00:00,0.388083,0.00001
2005-11-30 00:00:00,0.520953,0.00001
2005-12-01 00:00:00,0.422612,0.00001
2005-12-02 00:00:00,0.416911,0.00001
2005-12-03 00:00:00,0.632069,0.00001
2005-12-04 00:00:00,0.445459,0.00001
2005-12-05 00:00:00,0.451589,0.00001
2005-12-06 00:00:00,0.4598,0.00001
2005-12-07 00:00:00,0.458421,0.00001
2005-12-08 00:00:00,0.669209,0.00001
2005-12-09 00:00:00,0.478654,0.00001
2005-12-10 00:00:00,0.534433,0.00001
2005-12-11 00:00:00,0.487061,0.00001
2005-12-12 00:00:00,0.497406,0.00001
2005-12-13 00:00:00,0.642453,0.00001
2005-12-14 00:00:00,0.615414,0.00001
2005-12-15 00:00:00,0.58027,0.00001
2005-12-16 00:00:00,0.555944,0.00001
2005-12-17 00:00:00,0.552426,0.00001
2005-12-18 00:00:00,0.556047,0.00001
2005-12-19 00:00:00,0.558806,0.00001
2005-12-20 00:00:00,0.55873,0.00001
2005-12-21 00:00:00,0.561676,0.00001
2005-12-22 00:00:00,0.557819,0.00001
2005-12-23 00:00:00,0.552453,0.00001
2005-12-24 00:00:00,0.548205,0.00001
2005-12-25 00:00:00,0.561803,0.00001
2005-12-26 00:00:00,0.561084,0.00001
2005-12-27 00:00:00,0.562451,0.00001
2005-12-28 00:00:00,0.556538,0.00001
2005-12-29 00:00:00,0.562661,0.00001
2005-12-30 00:00:00,0.537249,0.00001
2005-12-31 00:00:00,0.57647,0.00001
2006-01-01 00:00:00,0.529788,0.00001
2006-01-02 00:00:00,0.637181,0.00001
2006-01-03 00:00:00,0.684646,0.00001
2006-01-04 00:00:00,0.804543,0.00001
2006-01-05 00:00:00,0.890408,0.00001
2006-01-06 00:00:00,0.910305,0.00001
2006-01-07 00:00:00,0.912698,0.00001
2006-01-08 00:00:00,0.933835,0.00001
2006-01-09 00:00:00,0.937153,0.00001
2006-01-10 00:00:00,0.934973,0.00001
2006-01-11 00:00:00,0.938014,0.00001
2006-01-12 00:00:00,0.938381,0.00001
2006-01-13 00:00:00,0.952006,0.00001
2006-01-14 00:00:00,0.944447,0.00001
2006-01-15 00:00:00,0.945748,0.00001
2006-01-16 00:00:00,0.950908,0.00001
2006-01-17 00:00:00,0.955579,0.00001
2006-01-18 00:00:00,0.943844,0.00001
2006-01-19 00:00:00,0.948162,0.00001
2006-01-20 00:00:00,1.041821,0.00001
2006-01-21 00:00:00,1.060277,0.00001
2006-01-22 00:00:00,1.054124,0.00001
2006-01-23 00:00:00,1.083991,0.00001
2006-01-24 00:00:00,1.090328,0.00001
2006-01-25 00:00:00,1.095868,0.00001
2006-01-26 00:00:00,1.092013,0.00001
2006-01-27 00:00:00,1.103691,0.00001
2006-01-28 00:00:00,1.351405,0.00001
2006-01-29 00:00:00,1.877473,0.00001
2006-01-30 00:00:00,2.01995,0.00001
2006-01-31 00:00:00,2.070637,0.00001
2006-02-01 00:00:00,2.09882,0.00001
2006-02-02 00:00:00,2.147385,0.00001
2006-02-03 00:00:00,2.263553,0.00001
2006-02-04 00:00:00,2.323011,0.00001
2006-02-05 00:00:00,2.329633,0.00001
2006-02-06 00:00:00,2.33228,0.00001
2006-02-07 00:00:00,2.344833,0.00001
2006-02-08 00:00:00,2.345558,0.00001
2006-02-09 00:00:00,2.401312,0.00001
2006-02-10 00:00:00,2.406357,0.00001
2006-02-11 00:00:00,2.401494,0.00001
2006-02-12 00:00:00,2.401356,0.00001
2006-02-13 00:00:00,2.395733,0.00001
2006-02-14 00:00:00,2.344469,0.00001
2006-02-15 00:00:00,2.776907,0.00001
2006-02-16 00:00:00,4.274862,0.00001
2006-02-17 00:00:00,3.364349,0.00001
2006-02-18 00:00:00,3.298335,0.00001
2006-02-19 00:00:00,3.234143,0.00001
2006-02-20 00:00:00,3.165945,0.00001
2006-02-21 00:00:00,3.101219,0.00001
2006-02-22 00:00:00,3.036852,0.00001
2006-02-23 00:00:00,2.978606,0.00001
2006-02-24 00:00:00,2.933853,0.00001
2006-02-25 00:00:00,2.871224,0.00001
2006-02-26 00:00:00,2.828209,0.00001
2006-02-27 00:00:00,2.781489,0.00001
2006-02-28 00:00:00,2.728185,0.00001
2006-03-01 00:00:00,2.675024,0.00001
2006-03-02 00:00:00,2.680418,0.00001
2006-03-03 00:00:00,2.613571,0.00001
2006-03-04 00:00:00,2.552121,0.00001
2006-03-05 00:00:00,2.881098,0.00001
2006-03-06 00:00:00,2.771899,0.00001
2006-03-07 00:00:00,2.627731,0.00001
2006-03-08 00:00:00,2.634048,0.00001
2006-03-09 00:00:00,3.769719,0.00001
2006-03-10 00:00:00,4.09274,0.00001
2006-03-11 00:00:00,4.274199,0.00001
2006-03-12 00:00:00,4.475817,0.00001
2006-03-13 00:00:00,5.080473,0.00001
2006-03-14 00:00:00,5.236912,0.00001
2006-03-15 00:00:00,5.308303,0.00001
2006-03-16 00:00:00,5.756306,0.00001
2006-03-17 00:00:00,5.85919,0.00001
2006-03-18 00:00:00,5.920409,0.00001
2006-03-19 00:00:00,5.934376,0.00001
2006-03-20 00:00:00,5.978479,0.00001
2006-03-21 00:00:00,6.005028,0.00001
2006-03-22 00:00:00,5.991451,0.00001
2006-03-23 00:00:00,6.14089,0.00001
2006-03-24 00:00:00,6.17899,0.00001
2006-03-25 00:00:00,6.117199,0.00001
2006-03-26 00:00:00,6.044248,0.00001
2006-03-27 00:00:00,5.995838,0.00001
2006-03-28 00:00:00,5.913747,0.00001
2006-03-29 00:00:00,5.789739,0.00001
2006-03-30 00:00:00,5.718652,0.00001
2006-03-31 00:00:00,5.805206,0.00001
2006-04-01 00:00:00,5.704453,0.00001
2006-04-02 00:00:00,6.329564,0.00001
2006-04-03 00:00:00,7.136474,0.00001
2006-04-04 00:00:00,7.164614,0.00001
2006-04-05 00:00:00,7.092092,0.00001
2006-04-06 00:00:00,7.215375,0.00001
2006-04-07 00:00:00,8.697499,0.00001
2006-04-08 00:00:00,8.910374,0.00001
2006-04-09 00:00:00,8.781003,0.00001
2006-04-10 00:00:00,8.72182,0.00001
2006-04-11 00:00:00,8.748003,0.00001
2006-04-12 00:00:00,9.046113,0.00001
2006-04-13 00:00:00,9.028051,0.00001
2006-04-14 00:00:00,8.913042,0.00001
2006-04-15 00:00:00,8.76911,0.00001
2006-04-16 00:00:00,10.31081,0.00001
2006-04-17 00:00:00,10.487871,0.00001
2006-04-18 00:00:00,10.401026,0.00001
2006-04-19 00:00:00,10.389002,0.00001
2006-04-20 00:00:00,10.148126,0.00001
2006-04-21 00:00:00,9.979605,0.00001
2006-04-22 00:00:00,9.932342,0.00001
2006-04-23 00:00:00,9.71711,0.00001
2006-04-24 00:00:00,9.407702,0.00001
2006-04-25 00:00:00,9.395224,0.00001
2006-04-26 00:00:00,9.100616,0.00001
2006-04-27 00:00:00,8.771242,0.00001
2006-04-28 00:00:00,8.463546,0.00001
2006-04-29 00:00:00,8.565313,0.00001
2006-04-30 00:00:00,10.244953,0.00001
2006-05-01 00:00:00,10.380747,0.00001
2006-05-02 00:00:00,10.22373,0.00001
2006-05-03 00:00:00,10.013599,0.00001
2006-05-04 00:00:00,9.802439,0.00001
2006-05-05 00:00:00,9.656921,0.00001
2006-05-06 00:00:00,9.387301,0.00001
2006-05-07 00:00:00,9.06664,0.00001
2006-05-08 00:00:00,8.789674,0.00001
2006-05-09 00:00:00,9.048908,0.00001
2006-05-10 00:00:00,8.932446,0.00001
2006-05-11 00:00:00,9.29061,0.00001
2006-05-12 00:00:00,9.71838,0.00001
2006-05-13 00:00:00,9.890536,0.00001
2006-05-14 00:00:00,10.04915,0.00001
2006-05-15 00:00:00,10.00506,0.00001
2006-05-16 00:00:00,10.147483,0.00001
2006-05-17 00:00:00,10.314117,0.00001
2006-05-18 00:00:00,10.242718,0.00001
2006-05-19 00:00:00,10.159711,0.00001
2006-05-20 00:00:00,9.869608,0.00001
2006-05-21 00:00:00,9.646251,0.00001
2006-05-22 00:00:00,9.364599,0.00001
2006-05-23 00:00:00,9.074562,0.00001
2006-05-24 00:00:00,9.64516,0.00001
2006-05-25 00:00:00,10.726002,0.00001
2006-05-26 00:00:00,10.854157,0.00001
2006-05-27 00:00:00,10.636351,0.00001
2006-05-28 00:00:00,10.318043,0.00001
2006-05-29 00:00:00,10.007983,0.00001
2006-05-30 00:00:00,10.251057,0.00001
2006-05-31 00:00:00,10.261709,0.00001
2006-06-01 00:00:00,9.951702,0.00001
2006-06-02 00:00:00,9.599374,0.00001
2006-06-03 00:00:00,9.245524,0.00001
2006-06-04 00:00:00,8.876452,0.00001
2006-06-05 00:00:00,8.505739,0.00001
2006-06-06 00:00:00,8.467645,0.00001
2006-06-07 00:00:00,8.129901,0.00001
2006-06-08 00:00:00,7.76979,0.00001
2006-06-09 00:00:00,7.925749,0.00001
2006-06-10 00:00:00,8.453088,0.00001
2006-06-11 00:00:00,8.358264,0.00001
2006-06-12 00:00:00,8.046443,0.00001
2006-06-13 00:00:00,7.702969,0.00001
2006-06-14 00:00:00,7.633488,0.00001
2006-06-15 00:00:00,7.333448,0.00001
2006-06-16 00:00:00,6.997504,0.00001
2006-06-17 00:00:00,6.765512,0.00001
2006-06-18 00:00:00,7.015685,0.00001
2006-06-19 00:00:00,6.667676,0.00001
2006-06-20 00:00:00,6.377373,0.00001
2006-06-21 00:00:00,6.328463,0.00001
2006-06-22 00:00:00,6.001996,0.00001
2006-06-23 00:00:00,5.698881,0.00001
2006-06-24 00:00:00,5.526979,0.00001
2006-06-25 00:00:00,5.421717,0.00001
2006-06-26 00:00:00,6.113827,0.00001
2006-06-27 00:00:00,5.982961,0.00001
2006-06-28 00:00:00,5.852475,0.00001
2006-06-29 00:00:00,5.620394,0.00001
2006-06-30 00:00:00,5.366129,0.00001
2006-07-01 00:00:00,5.154074,0.00001
2006-07-02 00:00:00,4.98828,0.00001
2006-07-03 00:00:00,4.779358,0.00001
2006-07-04 00:00:00,4.543886,0.00001
2006-07-05 00:00:00,4.307626,0.00001
2006-07-06 00:00:00,4.060793,0.00001
2006-07-07 00:00:00,3.824088,0.00001
2006-07-08 00:00:00,3.706757,0.00001
2006-07-09 00:00:00,3.598291,0.00001
2006-07-10 00:00:00,3.523531,0.00001
2006-07-11 00:00:00,4.304259,0.00001
2006-07-12 00:00:00,4.461881,0.00001
2006-07-13 00:00:00,4.282391,0.00001
2006-07-14 00:00:00,4.168727,0.00001
2006-07-15 00:00:00,3.933719,0.00001
2006-07-16 00:00:00,3.724607,0.00001
2006-07-17 00:00:00,3.523987,0.00001
2006-07-18 00:00:00,3.348257,0.00001
2006-07-19 00:00:00,3.375863,0.00001
2006-07-20 00:00:00,3.963826,0.00001
2006-07-21 00:00:00,4.042212,0.00001
2006-07-22 00:00:00,3.921277,0.00001
2006-07-23 00:00:00,3.81648,0.00001
2006-07-24 00:00:00,3.807919,0.00001
2006-07-25 00:00:00,3.76625,0.00001
2006-07-26 00:00:00,3.839121,0.00001
2006-07-27 00:00:00,4.410957,0.00001
2006-07-28 00:00:00,4.328339,0.00001
2006-07-29 00:00:00,4.086448,0.00001
2006-07-30 00:00:00,3.834055,0.00001
2006-07-31 00:00:00,3.709423,0.00001
2006-08-01 00:00:00,4.012323,0.00001
2006-08-02 00:00:00,4.015595,0.00001
2006-08-03 00:00:00,3.851553,0.00001
2006-08-04 00:00:00,3.603982,0.00001
2006-08-05 00:00:00,3.37816,0.00001
2006-08-06 00:00:00,3.843634,0.00001
2006-08-07 00:00:00,3.772382,0.00001
2006-08-08 00:00:00,3.613271,0.00001
2006-08-09 00:00:00,3.457347,0.00001
2006-08-10 00:00:00,3.299339,0.00001
2006-08-11 00:00:00,3.137321,0.00001
2006-08-12 00:00:00,2.959253,0.00001
2006-08-13 00:00:00,2.795695,0.00001
2006-08-14 00:00:00,2.62225,0.00001
2006-08-15 00:00:00,2.4193,0.00001
2006-08-16 00:00:00,2.227086,0.00001
2006-08-17 00:00:00,2.392829,0.00001
2006-08-18 00:00:00,2.453593,0.00001
2006-08-19 00:00:00,2.35596,0.00001
2006-08-20 00:00:00,2.163854,0.00001
2006-08-21 00:00:00,1.972296,0.00001
2006-08-22 00:00:00,1.775672,0.00001
2006-08-23 00:00:00,1.564952,0.00001
2006-08-24 00:00:00,2.884808,0.00001
2006-08-25 00:00:00,3.808639,0.00001
2006-08-26 00:00:00,4.131386,0.00001
2006-08-27 00:00:00,4.114905,0.00001
2006-08-28 00:00:00,4.478217,0.00001
2006-08-29 00:00:00,4.495998,0.00001
2006-08-30 00:00:00,4.394844,0.00001
2006-08-31 00:00:00,4.310908,0.00001
2006-09-01 00:00:00,4.198107,0.00001
2006-09-02 00:00:00,4.065715,0.00001
2006-09-03 00:00:00,4.166954,0.00001
2006-09-04 00:00:00,4.91393,0.00001
2006-09-05 00:00:00,4.901622,0.00001
2006-09-06 00:00:00,4.751337,0.00001
2006-09-07 00:00:00,4.56889,0.00001
2006-09-08 00:00:00,4.430881,0.00001
2006-09-09 00:00:00,4.362699,0.00001
2006-09-10 00:00:00,4.712074,0.00001
2006-09-11 00:00:00,5.447324,0.00001
2006-09-12 00:00:00,7.311443,0.00001
2006-09-13 00:00:00,7.890913,0.00001
2006-09-14 00:00:00,7.906542,0.00001
2006-09-15 00:00:00,7.874807,0.00001
2006-09-16 00:00:00,7.776649,0.00001
2006-09-17 00:00:00,7.791967,0.00001
2006-09-18 00:00:00,7.695433,0.00001
2006-09-19 00:00:00,7.707673,0.00001
2006-09-20 00:00:00,7.580945,0.00001
2006-09-21 00:00:00,7.554189,0.00001
2006-09-22 00:00:00,7.668539,0.00001
2006-09-23 00:00:00,7.995941,0.00001
2006-09-24 00:00:00,7.993407,0.00001
2006-09-25 00:00:00,7.781633,0.00001
2006-09-26 00:00:00,7.5325,0.00001
2006-09-27 00:00:00,7.436587,0.00001
2006-09-28 00:00:00,7.271863,0.00001
2006-09-29 00:00:00,7.172995,0.00001
2006-09-30 00:00:00,7.041258,0.00001
2006-10-01 00:00:00,6.759756,0.00001
2006-10-02 00:00:00,6.46236,0.00001
2006-10-03 00:00:00,6.23059,0.00001
2006-10-04 00:00:00,6.723453,0.00001
2006-10-05 00:00:00,6.588232,0.00001
2006-10-06 00:00:00,6.413673,0.00001
2006-10-07 00:00:00,6.18259,0.00001
2006-10-08 00:00:00,5.925974,0.00001
2006-10-09 00:00:00,5.741194,0.00001
2006-10-10 00:00:00,5.781961,0.00001
2006-10-11 00:00:00,6.086165,0.00001
2006-10-12 00:00:00,6.017084,0.00001
2006-10-13 00:00:00,5.895105,0.00001
2006-10-14 00:00:00,5.752085,0.00001
2006-10-15 00:00:00,5.590244,0.00001
2006-10-16 00:00:00,5.74626,0.00001
2006-10-17 00:00:00,6.384855,0.00001
2006-10-18 00:00:00,6.484358,0.00001
2006-10-19 00:00:00,6.487699,0.00001
2006-10-20 00:00:00,6.408976,0.00001
2006-10-21 00:00:00,6.951645,0.00001
2006-10-22 00:00:00,7.28774,0.00001
2006-10-23 00:00:00,7.301598,0.00001
2006-10-24 00:00:00,7.272951,0.00001
2006-10-25 00:00:00,7.177057,0.00001
2006-10-26 00:00:00,7.241765,0.00001
2006-10-27 00:00:00,7.162155,0.00001
2006-10-28 00:00:00,7.018294,0.00001
2006-10-29 00:00:00,6.876437,0.00001
2006-10-30 00:00:00,6.718247,0.00001
2006-10-31 00:00:00,6.593894,0.00001
2006-11-01 00:00:00,6.474059,0.00001
2006-11-02 00:00:00,6.380107,0.00001
2006-11-03 00:00:00,6.280686,0.00001
2006-11-04 00:00:00,6.191633,0.00001
2006-11-05 00:00:00,6.050873,0.00001
2006-11-06 00:00:00,5.943756,0.00001
2006-11-07 00:00:00,5.806219,0.00001
2006-11-08 00:00:00,5.667191,0.00001
2006-11-09 00:00:00,5.502573,0.00001
2006-11-10 00:00:00,6.089785,0.00001
2006-11-11 00:00:00,6.272891,0.00001
2006-11-12 00:00:00,6.195651,0.00001
2006-11-13 00:00:00,6.14809,0.00001
2006-11-14 00:00:00,6.060174,0.00001
2006-11-15 00:00:00,5.973512,0.00001
2006-11-16 00:00:00,5.882474,0.00001
2006-11-17 00:00:00,5.806921,0.00001
2006-11-18 00:00:00,5.71613,0.00001
2006-11-19 00:00:00,5.612884,0.00001
2006-11-20 00:00:00,5.504631,0.00001
2006-11-21 00:00:00,5.374931,0.00001
2006-11-22 00:00:00,5.250663,0.00001
2006-11-23 00:00:00,5.124131,0.00001
2006-11-24 00:00:00,4.997009,0.00001
2006-11-25 00:00:00,4.88409,0.00001
2006-11-26 00:00:00,4.879276,0.00001
2006-11-27 00:00:00,5.210315,0.00001
2006-11-28 00:00:00,6.061237,0.00001
2006-11-29 00:00:00,6.431344,0.00001
2006-11-30 00:00:00,6.618553,0.00001
2006-12-01 00:00:00,6.935295,0.00001
2006-12-02 00:00:00,6.833815,0.00001
2006-12-03 00:00:00,6.826523,0.00001
2006-12-04 00:00:00,6.798697,0.00001
2006-12-05 00:00:00,6.761452,0.00001
2006-12-06 00:00:00,6.702803,0.00001
2006-12-07 00:00:00,6.648275,0.00001
2006-12-08 00:00:00,6.572276,0.00001
2006-12-09 00:00:00,6.457282,0.00001
2006-12-10 00:00:00,6.459703,0.00001
2006-12-11 00:00:00,6.422416,0.00001
2006-12-12 00:00:00,6.398689,0.00001
2006-12-13 00:00:00,6.342222,0.00001
2006-12-14 00:00:00,6.274791,0.00001
2006-12-15 00:00:00,6.202207,0.00001
2006-12-16 00:00:00,6.126837,0.00001
2006-12-17 00:00:00,6.026941,0.00001
2006-12-18 00:00:00,5.929488,0.00001
2006-12-19 00:00:00,5.824978,0.00001
2006-12-20 00:00:00,5.815944,0.00001
2006-12-21 00:00:00,6.528687,0.00001
2006-12-22 00:00:00,6.914945,0.00001
2006-12-23 00:00:00,7.102004,0.00001
2006-12-24 00:00:00,7.109134,0.00001
2006-12-25 00:00:00,7.127073,0.00001
2006-12-26 00:00:00,7.119231,0.00001
2006-12-27 00:00:00,7.116251,0.00001
2006-12-28 00:00:00,7.085648,0.00001
2006-12-29 00:00:00,7.042456,0.00001
2006-12-30 00:00:00,7.008017,0.00001
2006-12-31 00:00:00,7.171185,0.00001
2007-01-01 00:00:00,7.127512,0.00001
2007-01-02 00:00:00,7.046532,0.00001
2007-01-03 00:00:00,6.960949,0.00001
2007-01-04 00:00:00,7.132859,0.00001
2007-01-05 00:00:00,7.525355,0.00001
2007-01-06 00:00:00,7.517822,0.00001
2007-01-07 00:00:00,7.487757,0.00001
2007-01-08 00:00:00,7.443411,0.00001
2007-01-09 00:00:00,7.393336,0.00001
2007-01-10 00:00:00,7.369088,0.00001
2007-01-11 00:00:00,7.333538,0.00001
2007-01-12 00:00:00,7.30714,0.00001
2007-01-13 00:00:00,7.344297,0.00001
2007-01-14 00:00:00,7.5477,0.00001
2007-01-15 00:00:00,7.679547,0.00001
2007-01-16 00:00:00,7.504211,0.00001
2007-01-17 00:00:00,7.384022,0.00001
2007-01-18 00:00:00,7.2906,0.00001
2007-01-19 00:00:00,7.170813,0.00001
2007-01-20 00:00:00,7.081284,0.00001
2007-01-21 00:00:00,7.420608,0.00001
2007-01-22 00:00:00,7.151829,0.00001
2007-01-23 00:00:00,7.007613,0.00001
2007-01-24 00:00:00,6.878238,0.00001
2007-01-25 00:00:00,6.746476,0.00001
2007-01-26 00:00:00,6.611783,0.00001
2007-01-27 00:00:00,6.499235,0.00001
2007-01-28 00:00:00,6.40882,0.00001
2007-01-29 00:00:00,6.373345,0.00001
2007-01-30 00:00:00,6.290413,0.00001
2007-01-31 00:00:00,6.177612,0.00001
2007-02-01 00:00:00,6.06183,0.00001
2007-02-02 00:00:00,5.955516,0.00001
2007-02-03 00:00:00,5.860129,0.00001
2007-02-04 00:00:00,5.765319,0.00001
2007-02-05 00:00:00,5.671308,0.00001
2007-02-06 00:00:00,5.667966,0.00001
2007-02-07 00:00:00,5.551649,0.00001
2007-02-08 00:00:00,5.453302,0.00001
2007-02-09 00:00:00,5.359846,0.00001
2007-02-10 00:00:00,5.268009,0.00001
2007-02-11 00:00:00,5.249668,0.00001
2007-02-12 00:00:00,5.250974,0.00001
2007-02-13 00:00:00,5.160463,0.00001
2007-02-14 00:00:00,5.055169,0.00001
2007-02-15 00:00:00,4.960986,0.00001
2007-02-16 00:00:00,4.879388,0.00001
2007-02-17 00:00:00,4.786396,0.00001
2007-02-18 00:00:00,4.697815,0.00001
2007-02-19 00:00:00,4.584275,0.00001
2007-02-20 00:00:00,4.523487,0.00001
2007-02-21 00:00:00,4.370962,0.00001
2007-02-22 00:00:00,4.401886,0.00001
2007-02-23 00:00:00,5.059377,0.00001
2007-02-24 00:00:00,5.600774,0.00001
2007-02-25 00:00:00,5.641259,0.00001
2007-02-26 00:00:00,5.628661,0.00001
2007-02-27 00:00:00,5.49955,0.00001
2007-02-28 00:00:00,5.468573,0.00001
2007-03-01 00:00:00,5.582035,0.00001
2007-03-02 00:00:00,5.787135,0.00001
2007-03-03 00:00:00,5.724615,0.00001
2007-03-04 00:00:00,5.64969,0.00001
2007-03-05 00:00:00,5.573975,0.00001
2007-03-06 00:00:00,5.535781,0.00001
2007-03-07 00:00:00,5.467618,0.00001
2007-03-08 00:00:00,5.3928,0.00001
2007-03-09 00:00:00,5.433305,0.00001
2007-03-10 00:00:00,5.511833,0.00001
2007-03-11 00:00:00,5.404511,0.00001
2007-03-12 00:00:00,5.46324,0.00001
2007-03-13 00:00:00,6.871265,0.00001
2007-03-14 00:00:00,7.532862,0.00001
2007-03-15 00:00:00,8.036105,0.00001
2007-03-16 00:00:00,8.29634,0.00001
2007-03-17 00:00:00,8.487363,0.00001
2007-03-18 00:00:00,8.619996,0.00001
2007-03-19 00:00:00,8.736466,0.00001
2007-03-20 00:00:00,8.908179,0.00001
2007-03-21 00:00:00,9.632716,0.00001
2007-03-22 00:00:00,10.742442,0.00001
2007-03-23 00:00:00,11.120188,0.00001
2007-03-24 00:00:00,11.166101,0.00001
2007-03-25 00:00:00,11.381341,0.00001
2007-03-26 00:00:00,11.393568,0.00001
2007-03-27 00:00:00,11.397514,0.00001
2007-03-28 00:00:00,11.775921,0.00001
2007-03-29 00:00:00,11.873401,0.00001
2007-03-30 00:00:00,11.966362,0.00001
2007-03-31 00:00:00,12.788815,0.00001
2007-04-01 00:00:00,14.285223,0.00001
2007-04-02 00:00:00,15.065436,0.00001
2007-04-03 00:00:00,18.173393,0.00001
2007-04-04 00:00:00,19.176088,0.00001
2007-04-05 00:00:00,19.615932,0.00001
2007-04-06 00:00:00,19.90965,0.00001
2007-04-07 00:00:00,20.043102,0.00001
2007-04-08 00:00:00,20.06547,0.00001
2007-04-09 00:00:00,19.985762,0.00001
2007-04-10 00:00:00,20.01292,0.00001
2007-04-11 00:00:00,21.248115,0.00001
2007-04-12 00:00:00,21.404446,0.00001
2007-04-13 00:00:00,21.070974,0.00001
2007-04-14 00:00:00,20.692949,0.00001
2007-04-15 00:00:00,20.261451,0.00001
2007-04-16 00:00:00,19.703641,0.00001
2007-04-17 00:00:00,19.119428,0.00001
2007-04-18 00:00:00,18.748369,0.00001
2007-04-19 00:00:00,18.20389,0.00001
2007-04-20 00:00:00,17.535763,0.00001
2007-04-21 00:00:00,16.824515,0.00001
2007-04-22 00:00:00,16.409461,0.00001
2007-04-23 00:00:00,16.706483,0.00001
2007-04-24 00:00:00,16.876812,0.00001
2007-04-25 00:00:00,17.666001,0.00001
2007-04-26 00:00:00,18.602975,0.00001
2007-04-27 00:00:00,18.305799,0.00001
2007-04-28 00:00:00,17.732414,0.00001
2007-04-29 00:00:00,17.21192,0.00001
2007-04-30 00:00:00,16.706642,0.00001
2007-05-01 00:00:00,16.213226,0.00001
2007-05-02 00:00:00,15.70801,0.00001
2007-05-03 00:00:00,15.242143,0.00001
2007-05-04 00:00:00,14.867053,0.00001
2007-05-05 00:00:00,14.46067,0.00001
2007-05-06 00:00:00,13.900476,0.00001
2007-05-07 00:00:00,13.346097,0.00001
2007-05-08 00:00:00,12.741032,0.00001
2007-05-09 00:00:00,12.126638,0.00001
2007-05-10 00:00:00,11.529876,0.00001
2007-05-11 00:00:00,11.025221,0.00001
2007-05-12 00:00:00,10.680476,0.00001
2007-05-13 00:00:00,10.892214,0.00001
2007-05-14 00:00:00,10.392887,0.00001
2007-05-15 00:00:00,10.602785,0.00001
2007-05-16 00:00:00,10.508648,0.00001
2007-05-17 00:00:00,10.175289,0.00001
2007-05-18 00:00:00,9.73587,0.00001
2007-05-19 00:00:00,9.301843,0.00001
2007-05-20 00:00:00,8.948697,0.00001
2007-05-21 00:00:00,8.537605,0.00001
2007-05-22 00:00:00,8.108415,0.00001
2007-05-23 00:00:00,7.733851,0.00001
2007-05-24 00:00:00,7.710368,0.00001
2007-05-25 00:00:00,7.599519,0.00001
2007-05-26 00:00:00,7.411031,0.00001
2007-05-27 00:00:00,7.071957,0.00001
2007-05-28 00:00:00,6.77043,0.00001
2007-05-29 00:00:00,6.444253,0.00001
2007-05-30 00:00:00,6.138535,0.00001
2007-05-31 00:00:00,5.90584,0.00001
2007-06-01 00:00:00,5.772925,0.00001
2007-06-02 00:00:00,6.174895,0.00001
2007-06-03 00:00:00,6.468633,0.00001
2007-06-04 00:00:00,7.708216,0.00001
2007-06-05 00:00:00,7.794697,0.00001
2007-06-06 00:00:00,7.753626,0.00001
2007-06-07 00:00:00,7.557984,0.00001
2007-06-08 00:00:00,7.339406,0.00001
2007-06-09 00:00:00,7.064585,0.00001
2007-06-10 00:00:00,6.771155,0.00001
2007-06-11 00:00:00,6.468666,0.00001
2007-06-12 00:00:00,6.164221,0.00001
2007-06-13 00:00:00,5.870579,0.00001
2007-06-14 00:00:00,5.57191,0.00001
2007-06-15 00:00:00,5.288705,0.00001
2007-06-16 00:00:00,5.044733,0.00001
2007-06-17 00:00:00,4.836555,0.00001
2007-06-18 00:00:00,4.754585,0.00001
2007-06-19 00:00:00,4.73218,0.00001
2007-06-20 00:00:00,4.477194,0.00001
2007-06-21 00:00:00,4.81601,0.00001
2007-06-22 00:00:00,4.851753,0.00001
2007-06-23 00:00:00,4.666247,0.00001
2007-06-24 00:00:00,4.418539,0.00001
2007-06-25 00:00:00,4.150336,0.00001
2007-06-26 00:00:00,3.889409,0.00001
2007-06-27 00:00:00,3.641627,0.00001
2007-06-28 00:00:00,3.471132,0.00001
2007-06-29 00:00:00,3.293341,0.00001
2007-06-30 00:00:00,3.053173,0.00001
2007-07-01 00:00:00,2.850949,0.00001
2007-07-02 00:00:00,2.668332,0.00001
2007-07-03 00:00:00,2.657523,0.00001
2007-07-04 00:00:00,3.004587,0.00001
2007-07-05 00:00:00,2.794921,0.00001
2007-07-06 00:00:00,2.579204,0.00001
2007-07-07 00:00:00,2.358535,0.00001
2007-07-08 00:00:00,2.127676,0.00001
2007-07-09 00:00:00,2.01509,0.00001
2007-07-10 00:00:00,1.872278,0.00001
2007-07-11 00:00:00,1.736687,0.00001
2007-07-12 00:00:00,1.548342,0.00001
2007-07-13 00:00:00,1.392817,0.00001
2007-07-14 00:00:00,1.212289,0.00001
2007-07-15 00:00:00,1.067161,0.00001
2007-07-16 00:00:00,0.970251,0.00001
2007-07-17 00:00:00,0.879545,0.00001
2007-07-18 00:00:00,0.829563,0.00001
2007-07-19 00:00:00,0.772579,0.00001
2007-07-20 00:00:00,0.728075,0.00001
2007-07-21 00:00:00,0.681239,0.00001
2007-07-22 00:00:00,0.640062,0.00001
2007-07-23 00:00:00,0.596041,0.00001
2007-07-24 00:00:00,0.569231,0.00001
2007-07-25 00:00:00,0.531178,0.00001
2007-07-26 00:00:00,0.602844,0.00001
2007-07-27 00:00:00,0.660639,0.00001
2007-07-28 00:00:00,0.614869,0.00001
2007-07-29 00:00:00,0.576059,0.00001
2007-07-30 00:00:00,0.537187,0.00001
2007-07-31 00:00:00,0.495966,0.00001
2007-08-01 00:00:00,0.462004,0.00001
2007-08-02 00:00:00,0.42804,0.00001
2007-08-03 00:00:00,0.388706,0.00001
2007-08-04 00:00:00,0.477957,0.00001
2007-08-05 00:00:00,0.586112,0.00001
2007-08-06 00:00:00,0.628578,0.00001
2007-08-07 00:00:00,0.768569,0.00001
2007-08-08 00:00:00,0.774593,0.00001
2007-08-09 00:00:00,0.872984,0.00001
2007-08-10 00:00:00,0.844856,0.00001
2007-08-11 00:00:00,0.823314,0.00001
2007-08-12 00:00:00,0.857438,0.00001
2007-08-13 00:00:00,0.88303,0.00001
2007-08-14 00:00:00,1.207482,0.00001
2007-08-15 00:00:00,1.678652,0.00001
2007-08-16 00:00:00,1.68569,0.00001
2007-08-17 00:00:00,1.632773,0.00001
2007-08-18 00:00:00,1.486002,0.00001
2007-08-19 00:00:00,5.05301,0.00001
2007-08-20 00:00:00,7.562535,0.00001
2007-08-21 00:00:00,9.124899,0.00001
2007-08-22 00:00:00,11.804241,0.00001
2007-08-23 00:00:00,15.691249,0.00001
2007-08-24 00:00:00,19.739353,0.00001
2007-08-25 00:00:00,22.510016,0.00001
2007-08-26 00:00:00,24.17278,0.00001
2007-08-27 00:00:00,27.036398,0.00001
2007-08-28 00:00:00,28.053938,0.00001
2007-08-29 00:00:00,28.658962,0.00001
2007-08-30 00:00:00,28.596137,0.00001
2007-08-31 00:00:00,28.208347,0.00001
2007-09-01 00:00:00,27.579491,0.00001
2007-09-02 00:00:00,26.746226,0.00001
2007-09-03 00:00:00,26.065236,0.00001
2007-09-04 00:00:00,25.224468,0.00001
2007-09-05 00:00:00,24.318366,0.00001
2007-09-06 00:00:00,23.633358,0.00001
2007-09-07 00:00:00,23.374,0.00001
2007-09-08 00:00:00,22.413182,0.00001
2007-09-09 00:00:00,21.408521,0.00001
2007-09-10 00:00:00,22.209384,0.00001
2007-09-11 00:00:00,21.91437,0.00001
2007-09-12 00:00:00,21.015074,0.00001
2007-09-13 00:00:00,20.070709,0.00001
2007-09-14 00:00:00,19.248313,0.00001
2007-09-15 00:00:00,18.441668,0.00001
2007-09-16 00:00:00,17.685474,0.00001
2007-09-17 00:00:00,16.868649,0.00001
2007-09-18 00:00:00,16.032439,0.00001
2007-09-19 00:00:00,15.239987,0.00001
2007-09-20 00:00:00,14.513954,0.00001
2007-09-21 00:00:00,14.252779,0.00001
2007-09-22 00:00:00,14.222454,0.00001
2007-09-23 00:00:00,13.561907,0.00001
2007-09-24 00:00:00,12.92781,0.00001
2007-09-25 00:00:00,12.82962,0.00001
2007-09-26 00:00:00,12.416808,0.00001
2007-09-27 00:00:00,11.901839,0.00001
2007-09-28 00:00:00,11.345867,0.00001
2007-09-29 00:00:00,10.828912,0.00001
2007-09-30 00:00:00,10.548485,0.00001
2007-10-01 00:00:00,11.21057,0.00001
2007-10-02 00:00:00,11.275638,0.00001
2007-10-03 00:00:00,11.466401,0.00001
2007-10-04 00:00:00,11.141726,0.00001
2007-10-05 00:00:00,10.850677,0.00001
2007-10-06 00:00:00,10.509593,0.00001
2007-10-07 00:00:00,10.256548,0.00001
2007-10-08 00:00:00,10.026599,0.00001
2007-10-09 00:00:00,9.706313,0.00001
2007-10-10 00:00:00,9.487277,0.00001
2007-10-11 00:00:00,9.239997,0.00001
2007-10-12 00:00:00,9.039536,0.00001
2007-10-13 00:00:00,8.819821,0.00001
2007-10-14 00:00:00,8.95538,0.00001
2007-10-15 00:00:00,8.947274,0.00001
2007-10-16 00:00:00,9.235814,0.00001
2007-10-17 00:00:00,9.415412,0.00001
2007-10-18 00:00:00,10.538797,0.00001
2007-10-19 00:00:00,10.727461,0.00001
2007-10-20 00:00:00,10.631954,0.00001
2007-10-21 00:00:00,10.485173,0.00001
2007-10-22 00:00:00,10.4475,0.00001
2007-10-23 00:00:00,10.255488,0.00001
2007-10-24 00:00:00,10.060807,0.00001
2007-10-25 00:00:00,9.870457,0.00001
2007-10-26 00:00:00,9.761555,0.00001
2007-10-27 00:00:00,9.545212,0.00001
2007-10-28 00:00:00,9.310326,0.00001
2007-10-29 00:00:00,9.080607,0.00001
2007-10-30 00:00:00,8.837662,0.00001
2007-10-31 00:00:00,8.620679,0.00001
2007-11-01 00:00:00,8.395886,0.00001
2007-11-02 00:00:00,8.171163,0.00001
2007-11-03 00:00:00,7.945324,0.00001
2007-11-04 00:00:00,7.720864,0.00001
2007-11-05 00:00:00,7.51617,0.00001
2007-11-06 00:00:00,7.327348,0.00001
2007-11-07 00:00:00,7.156476,0.00001
2007-11-08 00:00:00,6.963855,0.00001
2007-11-09 00:00:00,6.789993,0.00001
2007-11-10 00:00:00,6.603414,0.00001
2007-11-11 00:00:00,6.407699,0.00001
2007-11-12 00:00:00,6.210902,0.00001
2007-11-13 00:00:00,6.008343,0.00001
2007-11-14 00:00:00,5.817451,0.00001
2007-11-15 00:00:00,5.660617,0.00001
2007-11-16 00:00:00,5.518033,0.00001
2007-11-17 00:00:00,5.399804,0.00001
2007-11-18 00:00:00,5.264472,0.00001
2007-11-19 00:00:00,5.128945,0.00001
2007-11-20 00:00:00,4.987785,0.00001
2007-11-21 00:00:00,4.883008,0.00001
2007-11-22 00:00:00,4.811024,0.00001
2007-11-23 00:00:00,4.696228,0.00001
2007-11-24 00:00:00,4.724187,0.00001
2007-11-25 00:00:00,4.692602,0.00001
2007-11-26 00:00:00,4.641641,0.00001
2007-11-27 00:00:00,4.541783,0.00001
2007-11-28 00:00:00,4.452782,0.00001
2007-11-29 00:00:00,4.340772,0.00001
2007-11-30 00:00:00,4.246659,0.00001
2007-12-01 00:00:00,4.17253,0.00001
2007-12-02 00:00:00,4.093905,0.00001
2007-12-03 00:00:00,4.018645,0.00001
2007-12-04 00:00:00,3.946468,0.00001
2007-12-05 00:00:00,6.710601,0.00001
2007-12-06 00:00:00,5.240522,0.00001
2007-12-07 00:00:00,5.067569,0.00001
2007-12-08 00:00:00,5.430849,0.00001
2007-12-09 00:00:00,5.136789,0.00001
2007-12-10 00:00:00,5.011463,0.00001
2007-12-11 00:00:00,4.934292,0.00001
2007-12-12 00:00:00,4.84648,0.00001
2007-12-13 00:00:00,4.693933,0.00001
2007-12-14 00:00:00,4.68176,0.00001
2007-12-15 00:00:00,5.088009,0.00001
2007-12-16 00:00:00,4.795658,0.00001
2007-12-17 00:00:00,4.64844,0.00001
2007-12-18 00:00:00,4.513689,0.00001
2007-12-19 00:00:00,4.468502,0.00001
2007-12-20 00:00:00,4.400046,0.00001
2007-12-21 00:00:00,4.294602,0.00001
2007-12-22 00:00:00,4.154983,0.00001
2007-12-23 00:00:00,4.126529,0.00001
2007-12-24 00:00:00,4.056235,0.00001
2007-12-25 00:00:00,3.977321,0.00001
2007-12-26 00:00:00,4.532011,0.00001
2007-12-27 00:00:00,4.520565,0.00001
2007-12-28 00:00:00,4.410027,0.00001
2007-12-29 00:00:00,4.310549,0.00001
2007-12-30 00:00:00,4.30281,0.00001
2007-12-31 00:00:00,4.264256,0.00001
2008-01-01 00:00:00,4.186296,0.00001
2008-01-02 00:00:00,4.105352,0.00001
2008-01-03 00:00:00,4.026084,0.00001
2008-01-04 00:00:00,3.945512,0.00001
2008-01-05 00:00:00,3.808177,0.00001
2008-01-06 00:00:00,3.802609,0.00001
2008-01-07 00:00:00,4.210802,0.00001
2008-01-08 00:00:00,4.994364,0.00001
2008-01-09 00:00:00,5.487289,0.00001
2008-01-10 00:00:00,5.670156,0.00001
2008-01-11 00:00:00,6.404586,0.00001
2008-01-12 00:00:00,6.837042,0.00001
2008-01-13 00:00:00,7.129042,0.00001
2008-01-14 00:00:00,7.32495,0.00001
2008-01-15 00:00:00,7.46825,0.00001
2008-01-16 00:00:00,7.630642,0.00001
2008-01-17 00:00:00,7.937758,0.00001
2008-01-18 00:00:00,7.918767,0.00001
2008-01-19 00:00:00,7.984531,0.00001
2008-01-20 00:00:00,8.04728,0.00001
2008-01-21 00:00:00,8.570333,0.00001
2008-01-22 00:00:00,8.467968,0.00001
2008-01-23 00:00:00,8.458516,0.00001
2008-01-24 00:00:00,8.410373,0.00001
2008-01-25 00:00:00,8.470909,0.00001
2008-01-26 00:00:00,8.415388,0.00001
2008-01-27 00:00:00,8.30704,0.00001
2008-01-28 00:00:00,8.079144,0.00001
2008-01-29 00:00:00,8.348028,0.00001
2008-01-30 00:00:00,8.273899,0.00001
2008-01-31 00:00:00,8.309525,0.00001
2008-02-01 00:00:00,8.23119,0.00001
2008-02-02 00:00:00,8.28548,0.00001
2008-02-03 00:00:00,8.170113,0.00001
2008-02-04 00:00:00,8.332471,0.00001
2008-02-05 00:00:00,8.66956,0.00001
2008-02-06 00:00:00,9.693459,0.00001
2008-02-07 00:00:00,9.261912,0.00001
2008-02-08 00:00:00,9.06119,0.00001
2008-02-09 00:00:00,8.941735,0.00001
2008-02-10 00:00:00,8.77863,0.00001
2008-02-11 00:00:00,8.666078,0.00001
2008-02-12 00:00:00,8.637077,0.00001
2008-02-13 00:00:00,8.45417,0.00001
2008-02-14 00:00:00,8.356673,0.00001
2008-02-15 00:00:00,8.194752,0.00001
2008-02-16 00:00:00,8.514733,0.00001
2008-02-17 00:00:00,9.898777,0.00001
2008-02-18 00:00:00,9.456068,0.00001
2008-02-19 00:00:00,9.189628,0.00001
2008-02-20 00:00:00,8.947994,0.00001
2008-02-21 00:00:00,8.737882,0.00001
2008-02-22 00:00:00,8.517493,0.00001
2008-02-23 00:00:00,8.318438,0.00001
2008-02-24 00:00:00,8.125285,0.00001
2008-02-25 00:00:00,8.048764,0.00001
2008-02-26 00:00:00,7.88218,0.00001
2008-02-27 00:00:00,7.704568,0.00001
2008-02-28 00:00:00,7.617211,0.00001
2008-02-29 00:00:00,7.470467,0.00001
2008-03-01 00:00:00,7.298072,0.00001
2008-03-02 00:00:00,7.245974,0.00001
2008-03-03 00:00:00,8.1413,0.00001
2008-03-04 00:00:00,8.172043,0.00001
2008-03-05 00:00:00,8.189509,0.00001
2008-03-06 00:00:00,8.146172,0.00001
2008-03-07 00:00:00,8.117954,0.00001
2008-03-08 00:00:00,8.079977,0.00001
2008-03-09 00:00:00,8.038864,0.00001
2008-03-10 00:00:00,7.943824,0.00001
2008-03-11 00:00:00,7.822032,0.00001
2008-03-12 00:00:00,7.674745,0.00001
2008-03-13 00:00:00,7.275927,0.00001
2008-03-14 00:00:00,7.903826,0.00001
2008-03-15 00:00:00,8.969223,0.00001
2008-03-16 00:00:00,9.442955,0.00001
2008-03-17 00:00:00,9.600707,0.00001
2008-03-18 00:00:00,10.71538,0.00001
2008-03-19 00:00:00,12.933038,0.00001
2008-03-20 00:00:00,15.883202,0.00001
2008-03-21 00:00:00,19.976863,0.00001
2008-03-22 00:00:00,21.994162,0.00001
2008-03-23 00:00:00,23.711943,0.00001
2008-03-24 00:00:00,24.562154,0.00001
2008-03-25 00:00:00,26.100763,0.00001
2008-03-26 00:00:00,26.83522,0.00001
2008-03-27 00:00:00,27.570815,0.00001
2008-03-28 00:00:00,27.685903,0.00001
2008-03-29 00:00:00,27.602211,0.00001
2008-03-30 00:00:00,27.595984,0.00001
2008-03-31 00:00:00,29.100272,0.00001
2008-04-01 00:00:00,29.539222,0.00001
2008-04-02 00:00:00,29.239336,0.00001
2008-04-03 00:00:00,29.276779,0.00001
2008-04-04 00:00:00,28.987501,0.00001
2008-04-05 00:00:00,28.208817,0.00001
2008-04-06 00:00:00,27.516004,0.00001
2008-04-07 00:00:00,26.982897,0.00001
2008-04-08 00:00:00,27.724536,0.00001
2008-04-09 00:00:00,28.451699,0.00001
2008-04-10 00:00:00,31.081948,0.00001
2008-04-11 00:00:00,34.437794,0.00001
2008-04-12 00:00:00,35.457818,0.00001
2008-04-13 00:00:00,35.677011,0.00001
2008-04-14 00:00:00,35.461879,0.00001
2008-04-15 00:00:00,34.952171,0.00001
2008-04-16 00:00:00,34.271999,0.00001
2008-04-17 00:00:00,34.0724,0.00001
2008-04-18 00:00:00,35.214609,0.00001
2008-04-19 00:00:00,35.122226,0.00001
2008-04-20 00:00:00,34.175664,0.00001
2008-04-21 00:00:00,33.182299,0.00001
2008-04-22 00:00:00,32.433256,0.00001
2008-04-23 00:00:00,31.351119,0.00001
2008-04-24 00:00:00,31.38534,0.00001
2008-04-25 00:00:00,35.104464,0.00001
2008-04-26 00:00:00,35.865256,0.00001
2008-04-27 00:00:00,35.913899,0.00001
2008-04-28 00:00:00,36.25951,0.00001
2008-04-29 00:00:00,36.019031,0.00001
2008-04-30 00:00:00,35.298157,0.00001
2008-05-01 00:00:00,34.550923,0.00001
2008-05-02 00:00:00,35.052297,0.00001
2008-05-03 00:00:00,34.734593,0.00001
2008-05-04 00:00:00,33.756425,0.00001
2008-05-05 00:00:00,32.625405,0.00001
2008-05-06 00:00:00,31.644999,0.00001
2008-05-07 00:00:00,31.408184,0.00001
2008-05-08 00:00:00,30.394869,0.00001
2008-05-09 00:00:00,29.441879,0.00001
2008-05-10 00:00:00,28.538878,0.00001
2008-05-11 00:00:00,28.532643,0.00001
2008-05-12 00:00:00,27.489908,0.00001
2008-05-13 00:00:00,26.361821,0.00001
2008-05-14 00:00:00,25.326883,0.00001
2008-05-15 00:00:00,24.214485,0.00001
2008-05-16 00:00:00,23.146209,0.00001
2008-05-17 00:00:00,22.128185,0.00001
2008-05-18 00:00:00,21.239272,0.00001
2008-05-19 00:00:00,20.380874,0.00001
2008-05-20 00:00:00,19.578842,0.00001
2008-05-21 00:00:00,18.746519,0.00001
2008-05-22 00:00:00,17.902216,0.00001
2008-05-23 00:00:00,17.129311,0.00001
2008-05-24 00:00:00,16.304455,0.00001
2008-05-25 00:00:00,15.960777,0.00001
2008-05-26 00:00:00,15.61241,0.00001
2008-05-27 00:00:00,14.954095,0.00001
2008-05-28 00:00:00,14.271179,0.00001
2008-05-29 00:00:00,14.288113,0.00001
2008-05-30 00:00:00,15.329637,0.00001
2008-05-31 00:00:00,14.742487,0.00001
2008-06-01 00:00:00,14.060482,0.00001
2008-06-02 00:00:00,13.413585,0.00001
2008-06-03 00:00:00,13.186986,0.00001
2008-06-04 00:00:00,12.800211,0.00001
2008-06-05 00:00:00,15.1939,0.00001
2008-06-06 00:00:00,15.514328,0.00001
2008-06-07 00:00:00,15.124291,0.00001
2008-06-08 00:00:00,22.942231,0.00001
2008-06-09 00:00:00,33.86098,0.00001
2008-06-10 00:00:00,42.034989,0.00001
2008-06-11 00:00:00,49.107595,0.00001
2008-06-12 00:00:00,57.263751,0.00001
2008-06-13 00:00:00,68.290923,0.00001
2008-06-14 00:00:00,75.08131,0.00001
2008-06-15 00:00:00,79.42659,0.00001
2008-06-16 00:00:00,80.860744,0.00001
2008-06-17 00:00:00,80.121719,0.00001
2008-06-18 00:00:00,77.674566,0.00001
2008-06-19 00:00:00,74.054881,0.00001
2008-06-20 00:00:00,69.883187,0.00001
2008-06-21 00:00:00,65.733797,0.00001
2008-06-22 00:00:00,61.595752,0.00001
2008-06-23 00:00:00,57.911692,0.00001
2008-06-24 00:00:00,54.271687,0.00001
2008-06-25 00:00:00,50.835882,0.00001
2008-06-26 00:00:00,47.483498,0.00001
2008-06-27 00:00:00,44.71036,0.00001
2008-06-28 00:00:00,42.250323,0.00001
2008-06-29 00:00:00,39.889643,0.00001
2008-06-30 00:00:00,37.250848,0.00001
2008-07-01 00:00:00,34.726166,0.00001
2008-07-02 00:00:00,33.060137,0.00001
2008-07-03 00:00:00,31.008011,0.00001
2008-07-04 00:00:00,29.01002,0.00001
2008-07-05 00:00:00,27.161462,0.00001
2008-07-06 00:00:00,25.606635,0.00001
2008-07-07 00:00:00,25.313037,0.00001
2008-07-08 00:00:00,25.673785,0.00001
2008-07-09 00:00:00,24.258164,0.00001
2008-07-10 00:00:00,24.03507,0.00001
2008-07-11 00:00:00,27.659684,0.00001
2008-07-12 00:00:00,28.6275,0.00001
2008-07-13 00:00:00,28.181667,0.00001
2008-07-14 00:00:00,27.550332,0.00001
2008-07-15 00:00:00,26.767631,0.00001
2008-07-16 00:00:00,25.923929,0.00001
2008-07-17 00:00:00,25.013584,0.00001
2008-07-18 00:00:00,24.160265,0.00001
2008-07-19 00:00:00,23.541442,0.00001
2008-07-20 00:00:00,22.820761,0.00001
2008-07-21 00:00:00,21.886437,0.00001
2008-07-22 00:00:00,21.024973,0.00001
2008-07-23 00:00:00,20.058174,0.00001
2008-07-24 00:00:00,19.236674,0.00001
2008-07-25 00:00:00,18.350538,0.00001
2008-07-26 00:00:00,17.409404,0.00001
2008-07-27 00:00:00,16.520488,0.00001
2008-07-28 00:00:00,15.678654,0.00001
2008-07-29 00:00:00,14.938765,0.00001
2008-07-30 00:00:00,14.233406,0.00001
2008-07-31 00:00:00,13.610921,0.00001
2008-08-01 00:00:00,12.9155,0.00001
2008-08-02 00:00:00,12.245074,0.00001
2008-08-03 00:00:00,11.766459,0.00001
2008-08-04 00:00:00,12.750787,0.00001
2008-08-05 00:00:00,12.269171,0.00001
2008-08-06 00:00:00,11.686427,0.00001
2008-08-07 00:00:00,11.109417,0.00001
2008-08-08 00:00:00,10.579466,0.00001
2008-08-09 00:00:00,10.193027,0.00001
2008-08-10 00:00:00,9.752371,0.00001
2008-08-11 00:00:00,9.290858,0.00001
2008-08-12 00:00:00,8.930372,0.00001
2008-08-13 00:00:00,8.798006,0.00001
2008-08-14 00:00:00,8.411405,0.00001
2008-08-15 00:00:00,7.984744,0.00001
2008-08-16 00:00:00,7.575998,0.00001
2008-08-17 00:00:00,7.193914,0.00001
2008-08-18 00:00:00,6.808965,0.00001
2008-08-19 00:00:00,6.464422,0.00001
2008-08-20 00:00:00,6.138366,0.00001
2008-08-21 00:00:00,5.920319,0.00001
2008-08-22 00:00:00,5.654184,0.00001
2008-08-23 00:00:00,5.399987,0.00001
2008-08-24 00:00:00,5.12878,0.00001
2008-08-25 00:00:00,4.892741,0.00001
2008-08-26 00:00:00,4.643349,0.00001
2008-08-27 00:00:00,4.406634,0.00001
2008-08-28 00:00:00,4.314494,0.00001
2008-08-29 00:00:00,4.0399,0.00001
2008-08-30 00:00:00,3.784483,0.00001
2008-08-31 00:00:00,3.546485,0.00001
2008-09-01 00:00:00,3.319126,0.00001
2008-09-02 00:00:00,3.110391,0.00001
2008-09-03 00:00:00,3.020491,0.00001
2008-09-04 00:00:00,3.743934,0.00001
2008-09-05 00:00:00,3.800563,0.00001
2008-09-06 00:00:00,3.640332,0.00001
2008-09-07 00:00:00,3.434863,0.00001
2008-09-08 00:00:00,3.554051,0.00001
2008-09-09 00:00:00,3.37378,0.00001
2008-09-10 00:00:00,3.199427,0.00001
2008-09-11 00:00:00,3.19152,0.00001
2008-09-12 00:00:00,3.286852,0.00001
2008-09-13 00:00:00,4.07359,0.00001
2008-09-14 00:00:00,4.358966,0.00001
2008-09-15 00:00:00,4.302751,0.00001
2008-09-16 00:00:00,4.140938,0.00001
2008-09-17 00:00:00,3.971055,0.00001
2008-09-18 00:00:00,3.825044,0.00001
2008-09-19 00:00:00,3.673329,0.00001
2008-09-20 00:00:00,3.513872,0.00001
2008-09-21 00:00:00,3.362115,0.00001
2008-09-22 00:00:00,3.238614,0.00001
2008-09-23 00:00:00,3.110375,0.00001
2008-09-24 00:00:00,3.037662,0.00001
2008-09-25 00:00:00,2.87707,0.00001
2008-09-26 00:00:00,2.73227,0.00001
2008-09-27 00:00:00,2.592578,0.00001
2008-09-28 00:00:00,2.504671,0.00001
2008-09-29 00:00:00,2.472558,0.00001
2008-09-30 00:00:00,2.387402,0.00001
2008-10-01 00:00:00,2.299406,0.00001
2008-10-02 00:00:00,2.227616,0.00001
2008-10-03 00:00:00,2.148191,0.00001
2008-10-04 00:00:00,2.048552,0.00001
2008-10-05 00:00:00,2.110913,0.00001
2008-10-06 00:00:00,2.075322,0.00001
2008-10-07 00:00:00,2.58948,0.00001
2008-10-08 00:00:00,2.959682,0.00001
2008-10-09 00:00:00,2.874757,0.00001
2008-10-10 00:00:00,2.77714,0.00001
2008-10-11 00:00:00,2.683928,0.00001
2008-10-12 00:00:00,2.592567,0.00001
2008-10-13 00:00:00,2.543935,0.00001
2008-10-14 00:00:00,2.477482,0.00001
2008-10-15 00:00:00,2.718453,0.00001
2008-10-16 00:00:00,2.671437,0.00001
2008-10-17 00:00:00,2.650807,0.00001
2008-10-18 00:00:00,2.600359,0.00001
2008-10-19 00:00:00,2.513871,0.00001
2008-10-20 00:00:00,2.479711,0.00001
2008-10-21 00:00:00,2.431019,0.00001
2008-10-22 00:00:00,2.413091,0.00001
2008-10-23 00:00:00,2.470993,0.00001
2008-10-24 00:00:00,2.734889,0.00001
2008-10-25 00:00:00,2.799578,0.00001
2008-10-26 00:00:00,2.771862,0.00001
2008-10-27 00:00:00,2.751731,0.00001
2008-10-28 00:00:00,2.714597,0.00001
2008-10-29 00:00:00,2.656038,0.00001
2008-10-30 00:00:00,2.599112,0.00001
2008-10-31 00:00:00,2.54044,0.00001
2008-11-01 00:00:00,2.496506,0.00001
2008-11-02 00:00:00,2.482724,0.00001
2008-11-03 00:00:00,2.410114,0.00001
2008-11-04 00:00:00,2.335268,0.00001
2008-11-05 00:00:00,2.273385,0.00001
2008-11-06 00:00:00,2.479477,0.00001
2008-11-07 00:00:00,2.581171,0.00001
2008-11-08 00:00:00,2.648854,0.00001
2008-11-09 00:00:00,2.629819,0.00001
2008-11-10 00:00:00,2.60143,0.00001
2008-11-11 00:00:00,2.607516,0.00001
2008-11-12 00:00:00,2.691429,0.00001
2008-11-13 00:00:00,2.754777,0.00001
2008-11-14 00:00:00,2.921552,0.00001
2008-11-15 00:00:00,2.937394,0.00001
2008-11-16 00:00:00,2.935173,0.00001
2008-11-17 00:00:00,2.936181,0.00001
2008-11-18 00:00:00,2.906001,0.00001
2008-11-19 00:00:00,2.877153,0.00001
2008-11-20 00:00:00,2.856864,0.00001
2008-11-21 00:00:00,2.836412,0.00001
2008-11-22 00:00:00,2.822674,0.00001
2008-11-23 00:00:00,2.881879,0.00001
2008-11-24 00:00:00,2.915246,0.00001
2008-11-25 00:00:00,2.919898,0.00001
2008-11-26 00:00:00,2.896201,0.00001
2008-11-27 00:00:00,2.883845,0.00001
2008-11-28 00:00:00,2.862644,0.00001
2008-11-29 00:00:00,2.848597,0.00001
2008-11-30 00:00:00,2.928173,0.00001
2008-12-01 00:00:00,2.977856,0.00001
2008-12-02 00:00:00,2.970955,0.00001
2008-12-03 00:00:00,3.124061,0.00001
2008-12-04 00:00:00,3.086882,0.00001
2008-12-05 00:00:00,3.153071,0.00001
2008-12-06 00:00:00,3.149345,0.00001
2008-12-07 00:00:00,3.152767,0.00001
2008-12-08 00:00:00,3.595643,0.00001
2008-12-09 00:00:00,3.692613,0.00001
2008-12-10 00:00:00,3.613198,0.00001
2008-12-11 00:00:00,3.568584,0.00001
2008-12-12 00:00:00,3.531172,0.00001
2008-12-13 00:00:00,3.458647,0.00001
2008-12-14 00:00:00,3.558158,0.00001
2008-12-15 00:00:00,3.854758,0.00001
2008-12-16 00:00:00,4.195327,0.00001
2008-12-17 00:00:00,4.117135,0.00001
2008-12-18 00:00:00,4.992537,0.00001
2008-12-19 00:00:00,4.97414,0.00001
2008-12-20 00:00:00,4.976841,0.00001
2008-12-21 00:00:00,4.911041,0.00001
2008-12-22 00:00:00,4.887524,0.00001
2008-12-23 00:00:00,4.993856,0.00001
2008-12-24 00:00:00,5.095445,0.00001
2008-12-25 00:00:00,5.039172,0.00001
2008-12-26 00:00:00,4.881067,0.00001
2008-12-27 00:00:00,5.399721,0.00001
2008-12-28 00:00:00,5.824374,0.00001
2008-12-29 00:00:00,5.888188,0.00001
2008-12-30 00:00:00,6.038059,0.00001
2008-12-31 00:00:00,6.064468,0.00001
2009-01-01 00:00:00,6.093131,0.00001
2009-01-02 00:00:00,6.107188,0.00001
2009-01-03 00:00:00,6.152966,0.00001
2009-01-04 00:00:00,6.162527,0.00001
2009-01-05 00:00:00,6.139586,0.00001
2009-01-06 00:00:00,6.108858,0.00001
2009-01-07 00:00:00,6.129569,0.00001
2009-01-08 00:00:00,6.210075,0.00001
2009-01-09 00:00:00,6.676504,0.00001
2009-01-10 00:00:00,6.508859,0.00001
2009-01-11 00:00:00,6.423501,0.00001
2009-01-12 00:00:00,6.476098,0.00001
2009-01-13 00:00:00,6.447599,0.00001
2009-01-14 00:00:00,6.412387,0.00001
2009-01-15 00:00:00,6.318089,0.00001
2009-01-16 00:00:00,6.23279,0.00001
2009-01-17 00:00:00,6.163605,0.00001
2009-01-18 00:00:00,6.08897,0.00001
2009-01-19 00:00:00,6.026537,0.00001
2009-01-20 00:00:00,5.930379,0.00001
2009-01-21 00:00:00,5.834242,0.00001
2009-01-22 00:00:00,5.739311,0.00001
2009-01-23 00:00:00,5.645446,0.00001
2009-01-24 00:00:00,5.567875,0.00001
2009-01-25 00:00:00,5.491672,0.00001
2009-01-26 00:00:00,5.412482,0.00001
2009-01-27 00:00:00,5.334627,0.00001
2009-01-28 00:00:00,5.255056,0.00001
2009-01-29 00:00:00,5.171677,0.00001
2009-01-30 00:00:00,5.072621,0.00001
2009-01-31 00:00:00,4.981604,0.00001
2009-02-01 00:00:00,4.82842,0.00001
2009-02-02 00:00:00,4.81693,0.00001
2009-02-03 00:00:00,4.77913,0.00001
2009-02-04 00:00:00,4.728636,0.00001
2009-02-05 00:00:00,4.674399,0.00001
2009-02-06 00:00:00,4.55482,0.00001
2009-02-07 00:00:00,4.489325,0.00001
2009-02-08 00:00:00,4.612222,0.00001
2009-02-09 00:00:00,4.413218,0.00001
2009-02-10 00:00:00,4.448509,0.00001
2009-02-11 00:00:00,6.073179,0.00001
2009-02-12 00:00:00,6.762145,0.00001
2009-02-13 00:00:00,7.318057,0.00001
2009-02-14 00:00:00,7.671874,0.00001
2009-02-15 00:00:00,7.917096,0.00001
2009-02-16 00:00:00,8.06636,0.00001
2009-02-17 00:00:00,8.137646,0.00001
2009-02-18 00:00:00,8.462085,0.00001
2009-02-19 00:00:00,8.560016,0.00001
2009-02-20 00:00:00,8.946405,0.00001
2009-02-21 00:00:00,9.305192,0.00001
2009-02-22 00:00:00,9.210918,0.00001
2009-02-23 00:00:00,9.183738,0.00001
2009-02-24 00:00:00,9.156824,0.00001
2009-02-25 00:00:00,8.982742,0.00001
2009-02-26 00:00:00,9.936257,0.00001
2009-02-27 00:00:00,10.92532,0.00001
2009-02-28 00:00:00,11.223684,0.00001
2009-03-01 00:00:00,11.451519,0.00001
2009-03-02 00:00:00,11.605217,0.00001
2009-03-03 00:00:00,11.710688,0.00001
2009-03-04 00:00:00,11.702084,0.00001
2009-03-05 00:00:00,11.625421,0.00001
2009-03-06 00:00:00,11.482392,0.00001
2009-03-07 00:00:00,12.714625,0.00001
2009-03-08 00:00:00,14.451626,0.00001
2009-03-09 00:00:00,15.617625,0.00001
2009-03-10 00:00:00,17.259257,0.00001
2009-03-11 00:00:00,17.936929,0.00001
2009-03-12 00:00:00,18.332158,0.00001
2009-03-13 00:00:00,18.573532,0.00001
2009-03-14 00:00:00,18.597969,0.00001
2009-03-15 00:00:00,18.53933,0.00001
2009-03-16 00:00:00,18.415695,0.00001
2009-03-17 00:00:00,18.170614,0.00001
2009-03-18 00:00:00,17.939682,0.00001
2009-03-19 00:00:00,17.675529,0.00001
2009-03-20 00:00:00,17.458932,0.00001
2009-03-21 00:00:00,17.12868,0.00001
2009-03-22 00:00:00,16.723936,0.00001
2009-03-23 00:00:00,16.915925,0.00001
2009-03-24 00:00:00,19.98322,0.00001
2009-03-25 00:00:00,21.676145,0.00001
2009-03-26 00:00:00,21.98094,0.00001
2009-03-27 00:00:00,22.165153,0.00001
2009-03-28 00:00:00,22.649801,0.00001
2009-03-29 00:00:00,22.859197,0.00001
2009-03-30 00:00:00,22.809249,0.00001
2009-03-31 00:00:00,23.499345,0.00001
2009-04-01 00:00:00,23.526067,0.00001
2009-04-02 00:00:00,23.382692,0.00001
2009-04-03 00:00:00,23.128686,0.00001
2009-04-04 00:00:00,22.769046,0.00001
2009-04-05 00:00:00,22.621172,0.00001
2009-04-06 00:00:00,22.227099,0.00001
2009-04-07 00:00:00,21.64461,0.00001
2009-04-08 00:00:00,21.00078,0.00001
2009-04-09 00:00:00,20.322126,0.00001
2009-04-10 00:00:00,19.657008,0.00001
2009-04-11 00:00:00,18.984999,0.00001
2009-04-12 00:00:00,18.295326,0.00001
2009-04-13 00:00:00,17.864527,0.00001
2009-04-14 00:00:00,17.325701,0.00001
2009-04-15 00:00:00,16.612198,0.00001
2009-04-16 00:00:00,15.872211,0.00001
2009-04-17 00:00:00,15.134989,0.00001
2009-04-18 00:00:00,14.597866,0.00001
2009-04-19 00:00:00,14.771032,0.00001
2009-04-20 00:00:00,15.363168,0.00001
2009-04-21 00:00:00,15.61435,0.00001
2009-04-22 00:00:00,15.133641,0.00001
2009-04-23 00:00:00,14.690382,0.00001
2009-04-24 00:00:00,14.302881,0.00001
2009-04-25 00:00:00,15.976782,0.00001
2009-04-26 00:00:00,19.014321,0.00001
2009-04-27 00:00:00,19.685242,0.00001
2009-04-28 00:00:00,19.93069,0.00001
2009-04-29 00:00:00,20.09581,0.00001
2009-04-30 00:00:00,20.881698,0.00001
2009-05-01 00:00:00,20.851397,0.00001
2009-05-02 00:00:00,20.602466,0.00001
2009-05-03 00:00:00,20.278552,0.00001
2009-05-04 00:00:00,19.915191,0.00001
2009-05-05 00:00:00,19.649926,0.00001
2009-05-06 00:00:00,20.287342,0.00001
2009-05-07 00:00:00,20.897077,0.00001
2009-05-08 00:00:00,20.791224,0.00001
2009-05-09 00:00:00,22.387193,0.00001
2009-05-10 00:00:00,22.317131,0.00001
2009-05-11 00:00:00,22.054328,0.00001
2009-05-12 00:00:00,21.81797,0.00001
2009-05-13 00:00:00,22.516821,0.00001
2009-05-14 00:00:00,23.568804,0.00001
2009-05-15 00:00:00,23.544086,0.00001
2009-05-16 00:00:00,23.325847,0.00001
2009-05-17 00:00:00,22.990685,0.00001
2009-05-18 00:00:00,22.730457,0.00001
2009-05-19 00:00:00,22.191089,0.00001
2009-05-20 00:00:00,21.52147,0.00001
2009-05-21 00:00:00,20.86224,0.00001
2009-05-22 00:00:00,20.593683,0.00001
2009-05-23 00:00:00,20.613138,0.00001
2009-05-24 00:00:00,19.907561,0.00001
2009-05-25 00:00:00,19.239587,0.00001
2009-05-26 00:00:00,19.080801,0.00001
2009-05-27 00:00:00,19.562351,0.00001
2009-05-28 00:00:00,19.308293,0.00001
2009-05-29 00:00:00,18.527947,0.00001
2009-05-30 00:00:00,17.82728,0.00001
2009-05-31 00:00:00,17.137977,0.00001
2009-06-01 00:00:00,16.642237,0.00001
2009-06-02 00:00:00,16.170407,0.00001
2009-06-03 00:00:00,15.506642,0.00001
2009-06-04 00:00:00,14.762012,0.00001
2009-06-05 00:00:00,14.015071,0.00001
2009-06-06 00:00:00,13.59521,0.00001
2009-06-07 00:00:00,13.730657,0.00001
2009-06-08 00:00:00,15.28869,0.00001
2009-06-09 00:00:00,14.891578,0.00001
2009-06-10 00:00:00,14.619039,0.00001
2009-06-11 00:00:00,14.349136,0.00001
2009-06-12 00:00:00,14.037256,0.00001
2009-06-13 00:00:00,14.108945,0.00001
2009-06-14 00:00:00,13.548975,0.00001
2009-06-15 00:00:00,12.952076,0.00001
2009-06-16 00:00:00,12.620825,0.00001
2009-06-17 00:00:00,12.35475,0.00001
2009-06-18 00:00:00,12.742122,0.00001
2009-06-19 00:00:00,15.526063,0.00001
2009-06-20 00:00:00,15.855908,0.00001
2009-06-21 00:00:00,15.879598,0.00001
2009-06-22 00:00:00,15.876952,0.00001
2009-06-23 00:00:00,15.484859,0.00001
2009-06-24 00:00:00,14.987686,0.00001
2009-06-25 00:00:00,14.657261,0.00001
2009-06-26 00:00:00,14.193076,0.00001
2009-06-27 00:00:00,13.913545,0.00001
2009-06-28 00:00:00,13.566753,0.00001
2009-06-29 00:00:00,13.276919,0.00001
2009-06-30 00:00:00,13.090254,0.00001
2009-07-01 00:00:00,12.920134,0.00001
2009-07-02 00:00:00,12.584219,0.00001
2009-07-03 00:00:00,12.101989,0.00001
2009-07-04 00:00:00,11.840581,0.00001
2009-07-05 00:00:00,11.254642,0.00001
2009-07-06 00:00:00,10.669465,0.00001
2009-07-07 00:00:00,10.204253,0.00001
2009-07-08 00:00:00,10.03102,0.00001
2009-07-09 00:00:00,9.684944,0.00001
2009-07-10 00:00:00,9.700571,0.00001
2009-07-11 00:00:00,9.492628,0.00001
2009-07-12 00:00:00,9.02938,0.00001
2009-07-13 00:00:00,8.608434,0.00001
2009-07-14 00:00:00,8.381804,0.00001
2009-07-15 00:00:00,8.19436,0.00001
2009-07-16 00:00:00,7.754604,0.00001
2009-07-17 00:00:00,7.62386,0.00001
2009-07-18 00:00:00,7.367188,0.00001
2009-07-19 00:00:00,7.038586,0.00001
2009-07-20 00:00:00,6.663834,0.00001
2009-07-21 00:00:00,6.991078,0.00001
2009-07-22 00:00:00,7.16736,0.00001
2009-07-23 00:00:00,6.851936,0.00001
2009-07-24 00:00:00,6.638946,0.00001
2009-07-25 00:00:00,6.351921,0.00001
2009-07-26 00:00:00,6.021182,0.00001
2009-07-27 00:00:00,5.802151,0.00001
2009-07-28 00:00:00,5.469749,0.00001
2009-07-29 00:00:00,5.143704,0.00001
2009-07-30 00:00:00,5.301833,0.00001
2009-07-31 00:00:00,5.050712,0.00001
2009-08-01 00:00:00,4.78291,0.00001
2009-08-02 00:00:00,4.488349,0.00001
2009-08-03 00:00:00,4.275515,0.00001
2009-08-04 00:00:00,3.980574,0.00001
2009-08-05 00:00:00,3.720028,0.00001
2009-08-06 00:00:00,3.502546,0.00001
2009-08-07 00:00:00,3.743556,0.00001
2009-08-08 00:00:00,4.974059,0.00001
2009-08-09 00:00:00,5.132617,0.00001
2009-08-10 00:00:00,5.092526,0.00001
2009-08-11 00:00:00,4.855662,0.00001
2009-08-12 00:00:00,4.609784,0.00001
2009-08-13 00:00:00,4.402977,0.00001
2009-08-14 00:00:00,4.199473,0.00001
2009-08-15 00:00:00,3.97876,0.00001
2009-08-16 00:00:00,3.944619,0.00001
2009-08-17 00:00:00,3.819912,0.00001
2009-08-18 00:00:00,3.639989,0.00001
2009-08-19 00:00:00,3.625599,0.00001
2009-08-20 00:00:00,3.838796,0.00001
2009-08-21 00:00:00,3.912278,0.00001
2009-08-22 00:00:00,3.797483,0.00001
2009-08-23 00:00:00,3.640606,0.00001
2009-08-24 00:00:00,3.473031,0.00001
2009-08-25 00:00:00,3.374513,0.00001
2009-08-26 00:00:00,3.351197,0.00001
2009-08-27 00:00:00,3.653407,0.00001
2009-08-28 00:00:00,3.628774,0.00001
2009-08-29 00:00:00,3.736787,0.00001
2009-08-30 00:00:00,3.619125,0.00001
2009-08-31 00:00:00,3.469261,0.00001
2009-09-01 00:00:00,3.291776,0.00001
2009-09-02 00:00:00,3.123631,0.00001
2009-09-03 00:00:00,2.949263,0.00001
2009-09-04 00:00:00,2.747068,0.00001
2009-09-05 00:00:00,2.54765,0.00001
2009-09-06 00:00:00,2.373526,0.00001
2009-09-07 00:00:00,2.191031,0.00001
2009-09-08 00:00:00,2.017338,0.00001
2009-09-09 00:00:00,1.873157,0.00001
2009-09-10 00:00:00,1.72219,0.00001
2009-09-11 00:00:00,1.579534,0.00001
2009-09-12 00:00:00,1.406012,0.00001
2009-09-13 00:00:00,1.235239,0.00001
2009-09-14 00:00:00,1.076429,0.00001
2009-09-15 00:00:00,0.929501,0.00001
2009-09-16 00:00:00,0.866699,0.00001
2009-09-17 00:00:00,0.826645,0.00001
2009-09-18 00:00:00,0.790406,0.00001
2009-09-19 00:00:00,0.753329,0.00001
2009-09-20 00:00:00,0.735207,0.00001
2009-09-21 00:00:00,0.734278,0.00001
2009-09-22 00:00:00,2.258186,0.00001
2009-09-23 00:00:00,2.37057,0.00001
2009-09-24 00:00:00,2.35433,0.00001
2009-09-25 00:00:00,2.505271,0.00001
2009-09-26 00:00:00,2.439867,0.00001
2009-09-27 00:00:00,2.530301,0.00001
2009-09-28 00:00:00,2.701751,0.00001
2009-09-29 00:00:00,2.71406,0.00001
2009-09-30 00:00:00,2.651248,0.00001
2009-10-01 00:00:00,2.941495,0.00001
2009-10-02 00:00:00,3.205201,0.00001
2009-10-03 00:00:00,3.341766,0.00001
2009-10-04 00:00:00,3.361219,0.00001
2009-10-05 00:00:00,3.342077,0.00001
2009-10-06 00:00:00,3.76789,0.00001
2009-10-07 00:00:00,3.769607,0.00001
2009-10-08 00:00:00,3.940582,0.00001
2009-10-09 00:00:00,3.973028,0.00001
2009-10-10 00:00:00,3.992888,0.00001
2009-10-11 00:00:00,3.985884,0.00001
2009-10-12 00:00:00,4.021509,0.00001
2009-10-13 00:00:00,3.981291,0.00001
2009-10-14 00:00:00,4.095978,0.00001
2009-10-15 00:00:00,4.311479,0.00001
2009-10-16 00:00:00,4.305818,0.00001
2009-10-17 00:00:00,4.265106,0.00001
2009-10-18 00:00:00,4.18917,0.00001
2009-10-19 00:00:00,4.09954,0.00001
2009-10-20 00:00:00,4.066528,0.00001
2009-10-21 00:00:00,4.109921,0.00001
2009-10-22 00:00:00,5.068073,0.00001
2009-10-23 00:00:00,6.299193,0.00001
2009-10-24 00:00:00,6.685766,0.00001
2009-10-25 00:00:00,6.842518,0.00001
2009-10-26 00:00:00,7.156795,0.00001
2009-10-27 00:00:00,7.267756,0.00001
2009-10-28 00:00:00,7.305327,0.00001
2009-10-29 00:00:00,7.953886,0.00001
2009-10-30 00:00:00,9.225772,0.00001
2009-10-31 00:00:00,9.313884,0.00001
2009-11-01 00:00:00,9.493751,0.00001
2009-11-02 00:00:00,9.578706,0.00001
2009-11-03 00:00:00,9.637264,0.00001
2009-11-04 00:00:00,9.667184,0.00001
2009-11-05 00:00:00,9.625731,0.00001
2009-11-06 00:00:00,9.5732,0.00001
2009-11-07 00:00:00,9.468562,0.00001
2009-11-08 00:00:00,9.38161,0.00001
2009-11-09 00:00:00,9.249266,0.00001
2009-11-10 00:00:00,9.109453,0.00001
2009-11-11 00:00:00,8.974738,0.00001
2009-11-12 00:00:00,8.835481,0.00001
2009-11-13 00:00:00,8.672447,0.00001
2009-11-14 00:00:00,8.539101,0.00001
2009-11-15 00:00:00,8.367307,0.00001
2009-11-16 00:00:00,8.20279,0.00001
2009-11-17 00:00:00,8.043693,0.00001
2009-11-18 00:00:00,8.043224,0.00001
2009-11-19 00:00:00,7.981682,0.00001
2009-11-20 00:00:00,7.858298,0.00001
2009-11-21 00:00:00,7.674651,0.00001
2009-11-22 00:00:00,7.515532,0.00001
2009-11-23 00:00:00,7.358735,0.00001
2009-11-24 00:00:00,7.455372,0.00001
2009-11-25 00:00:00,8.002887,0.00001
2009-11-26 00:00:00,8.44752,0.00001
2009-11-27 00:00:00,8.399903,0.00001
2009-11-28 00:00:00,8.3098,0.00001
2009-11-29 00:00:00,8.245725,0.00001
2009-11-30 00:00:00,8.139169,0.00001
2009-12-01 00:00:00,8.012452,0.00001
2009-12-02 00:00:00,7.885228,0.00001
2009-12-03 00:00:00,7.878859,0.00001
2009-12-04 00:00:00,7.80195,0.00001
2009-12-05 00:00:00,7.683708,0.00001
2009-12-06 00:00:00,7.607671,0.00001
2009-12-07 00:00:00,7.590559,0.00001
2009-12-08 00:00:00,8.200863,0.00001
2009-12-09 00:00:00,9.00391,0.00001
2009-12-10 00:00:00,8.905734,0.00001
2009-12-11 00:00:00,8.800912,0.00001
2009-12-12 00:00:00,8.699441,0.00001
2009-12-13 00:00:00,8.612236,0.00001
2009-12-14 00:00:00,8.586306,0.00001
2009-12-15 00:00:00,8.50187,0.00001
2009-12-16 00:00:00,8.400215,0.00001
2009-12-17 00:00:00,8.286778,0.00001
2009-12-18 00:00:00,8.162947,0.00001
2009-12-19 00:00:00,8.04262,0.00001
2009-12-20 00:00:00,7.925315,0.00001
2009-12-21 00:00:00,7.890909,0.00001
2009-12-22 00:00:00,8.010285,0.00001
2009-12-23 00:00:00,8.305228,0.00001
2009-12-24 00:00:00,8.640411,0.00001
2009-12-25 00:00:00,9.412468,0.00001
2009-12-26 00:00:00,9.687764,0.00001
2009-12-27 00:00:00,9.706488,0.00001
2009-12-28 00:00:00,9.710001,0.00001
2009-12-29 00:00:00,9.717717,0.00001
2009-12-30 00:00:00,9.744363,0.00001
2009-12-31 00:00:00,9.699183,0.00001
2010-01-01 00:00:00,9.633565,0.00001
2010-01-02 00:00:00,9.553374,0.00001
2010-01-03 00:00:00,9.464966,0.00001
2010-01-04 00:00:00,9.371691,0.00001
2010-01-05 00:00:00,9.272509,0.00001
2010-01-06 00:00:00,9.288881,0.00001
2010-01-07 00:00:00,9.685527,0.00001
2010-01-08 00:00:00,9.407672,0.00001
2010-01-09 00:00:00,9.250597,0.00001
2010-01-10 00:00:00,9.095378,0.00001
2010-01-11 00:00:00,8.942433,0.00001
2010-01-12 00:00:00,8.784039,0.00001
2010-01-13 00:00:00,8.625487,0.00001
2010-01-14 00:00:00,8.467939,0.00001
2010-01-15 00:00:00,8.319589,0.00001
2010-01-16 00:00:00,8.168561,0.00001
2010-01-17 00:00:00,8.016678,0.00001
2010-01-18 00:00:00,7.867126,0.00001
2010-01-19 00:00:00,7.721597,0.00001
2010-01-20 00:00:00,7.580292,0.00001
2010-01-21 00:00:00,7.447069,0.00001
2010-01-22 00:00:00,7.303432,0.00001
2010-01-23 00:00:00,7.159273,0.00001
2010-01-24 00:00:00,7.876554,0.00001
2010-01-25 00:00:00,8.095371,0.00001
2010-01-26 00:00:00,8.113085,0.00001
2010-01-27 00:00:00,8.117892,0.00001
2010-01-28 00:00:00,8.112122,0.00001
2010-01-29 00:00:00,8.099336,0.00001
2010-01-30 00:00:00,8.059955,0.00001
2010-01-31 00:00:00,8.001333,0.00001
2010-02-01 00:00:00,8.084433,0.00001
2010-02-02 00:00:00,8.147744,0.00001
2010-02-03 00:00:00,8.020396,0.00001
2010-02-04 00:00:00,7.934373,0.00001
2010-02-05 00:00:00,7.850084,0.00001
2010-02-06 00:00:00,7.748087,0.00001
2010-02-07 00:00:00,7.681297,0.00001
2010-02-08 00:00:00,7.779549,0.00001
2010-02-09 00:00:00,8.0611,0.00001
2010-02-10 00:00:00,7.810463,0.00001
2010-02-11 00:00:00,7.674272,0.00001
2010-02-12 00:00:00,7.551777,0.00001
2010-02-13 00:00:00,7.422015,0.00001
2010-02-14 00:00:00,7.295486,0.00001
2010-02-15 00:00:00,7.23979,0.00001
2010-02-16 00:00:00,7.114825,0.00001
2010-02-17 00:00:00,6.996195,0.00001
2010-02-18 00:00:00,6.865258,0.00001
2010-02-19 00:00:00,6.773627,0.00001
2010-02-20 00:00:00,6.774768,0.00001
2010-02-21 00:00:00,6.691986,0.00001
2010-02-22 00:00:00,6.666587,0.00001
2010-02-23 00:00:00,6.614373,0.00001
2010-02-24 00:00:00,6.504424,0.00001
2010-02-25 00:00:00,6.375314,0.00001
2010-02-26 00:00:00,6.250321,0.00001
2010-02-27 00:00:00,6.134782,0.00001
2010-02-28 00:00:00,6.023979,0.00001
2010-03-01 00:00:00,5.898525,0.00001
2010-03-02 00:00:00,5.782586,0.00001
2010-03-03 00:00:00,5.662593,0.00001
2010-03-04 00:00:00,5.535073,0.00001
2010-03-05 00:00:00,5.418031,0.00001
2010-03-06 00:00:00,5.324,0.00001
2010-03-07 00:00:00,5.217703,0.00001
2010-03-08 00:00:00,5.072911,0.00001
2010-03-09 00:00:00,5.388766,0.00001
2010-03-10 00:00:00,7.152113,0.00001
2010-03-11 00:00:00,8.376358,0.00001
2010-03-12 00:00:00,9.08262,0.00001
2010-03-13 00:00:00,9.647108,0.00001
2010-03-14 00:00:00,9.866495,0.00001
2010-03-15 00:00:00,10.052919,0.00001
2010-03-16 00:00:00,10.185467,0.00001
2010-03-17 00:00:00,10.25643,0.00001
2010-03-18 00:00:00,10.296906,0.00001
2010-03-19 00:00:00,10.511733,0.00001
2010-03-20 00:00:00,10.841434,0.00001
2010-03-21 00:00:00,10.849976,0.00001
2010-03-22 00:00:00,10.766785,0.00001
2010-03-23 00:00:00,10.634535,0.00001
2010-03-24 00:00:00,10.480498,0.00001
2010-03-25 00:00:00,10.357756,0.00001
2010-03-26 00:00:00,10.236923,0.00001
2010-03-27 00:00:00,10.118843,0.00001
2010-03-28 00:00:00,9.912808,0.00001
2010-03-29 00:00:00,9.67531,0.00001
2010-03-30 00:00:00,9.393168,0.00001
2010-03-31 00:00:00,9.077384,0.00001
2010-04-01 00:00:00,8.749406,0.00001
2010-04-02 00:00:00,8.515465,0.00001
2010-04-03 00:00:00,8.375812,0.00001
2010-04-04 00:00:00,8.16563,0.00001
2010-04-05 00:00:00,8.175709,0.00001
2010-04-06 00:00:00,9.64045,0.00001
2010-04-07 00:00:00,11.242387,0.00001
2010-04-08 00:00:00,12.307266,0.00001
2010-04-09 00:00:00,12.547633,0.00001
2010-04-10 00:00:00,12.731562,0.00001
2010-04-11 00:00:00,12.633874,0.00001
2010-04-12 00:00:00,12.731095,0.00001
2010-04-13 00:00:00,12.614779,0.00001
2010-04-14 00:00:00,12.385136,0.00001
2010-04-15 00:00:00,12.115231,0.00001
2010-04-16 00:00:00,11.97852,0.00001
2010-04-17 00:00:00,11.765525,0.00001
2010-04-18 00:00:00,11.549273,0.00001
2010-04-19 00:00:00,11.321156,0.00001
2010-04-20 00:00:00,11.013602,0.00001
2010-04-21 00:00:00,10.710971,0.00001
2010-04-22 00:00:00,10.428717,0.00001
2010-04-23 00:00:00,10.267237,0.00001
2010-04-24 00:00:00,10.633576,0.00001
2010-04-25 00:00:00,11.733506,0.00001
2010-04-26 00:00:00,11.562856,0.00001
2010-04-27 00:00:00,11.318393,0.00001
2010-04-28 00:00:00,11.030281,0.00001
2010-04-29 00:00:00,10.77615,0.00001
2010-04-30 00:00:00,10.793596,0.00001
2010-05-01 00:00:00,11.01465,0.00001
2010-05-02 00:00:00,10.901098,0.00001
2010-05-03 00:00:00,10.614812,0.00001
2010-05-04 00:00:00,10.314561,0.00001
2010-05-05 00:00:00,10.125762,0.00001
2010-05-06 00:00:00,9.929418,0.00001
2010-05-07 00:00:00,10.368978,0.00001
2010-05-08 00:00:00,10.493531,0.00001
2010-05-09 00:00:00,10.265477,0.00001
2010-05-10 00:00:00,10.08583,0.00001
2010-05-11 00:00:00,11.055189,0.00001
2010-05-12 00:00:00,11.588716,0.00001
2010-05-13 00:00:00,13.406045,0.00001
2010-05-14 00:00:00,13.720409,0.00001
2010-05-15 00:00:00,13.820837,0.00001
2010-05-16 00:00:00,14.004021,0.00001
2010-05-17 00:00:00,13.994234,0.00001
2010-05-18 00:00:00,13.795668,0.00001
2010-05-19 00:00:00,13.468183,0.00001
2010-05-20 00:00:00,13.224566,0.00001
2010-05-21 00:00:00,13.495354,0.00001
2010-05-22 00:00:00,13.253959,0.00001
2010-05-23 00:00:00,12.856281,0.00001
2010-05-24 00:00:00,12.406377,0.00001
2010-05-25 00:00:00,12.378619,0.00001
2010-05-26 00:00:00,12.641362,0.00001
2010-05-27 00:00:00,12.688469,0.00001
2010-05-28 00:00:00,12.213314,0.00001
2010-05-29 00:00:00,11.717331,0.00001
2010-05-30 00:00:00,11.23235,0.00001
2010-05-31 00:00:00,10.81275,0.00001
2010-06-01 00:00:00,10.347843,0.00001
2010-06-02 00:00:00,10.226334,0.00001
2010-06-03 00:00:00,10.120407,0.00001
2010-06-04 00:00:00,10.422557,0.00001
2010-06-05 00:00:00,11.160111,0.00001
2010-06-06 00:00:00,11.893337,0.00001
2010-06-07 00:00:00,11.76361,0.00001
2010-06-08 00:00:00,12.617477,0.00001
2010-06-09 00:00:00,12.473927,0.00001
2010-06-10 00:00:00,12.188078,0.00001
2010-06-11 00:00:00,12.162196,0.00001
2010-06-12 00:00:00,12.001761,0.00001
2010-06-13 00:00:00,11.892238,0.00001
2010-06-14 00:00:00,11.93338,0.00001
2010-06-15 00:00:00,12.772534,0.00001
2010-06-16 00:00:00,13.054728,0.00001
2010-06-17 00:00:00,12.751406,0.00001
2010-06-18 00:00:00,12.880923,0.00001
2010-06-19 00:00:00,12.688358,0.00001
2010-06-20 00:00:00,12.419649,0.00001
2010-06-21 00:00:00,13.956209,0.00001
2010-06-22 00:00:00,15.263941,0.00001
2010-06-23 00:00:00,16.985034,0.00001
2010-06-24 00:00:00,17.261974,0.00001
2010-06-25 00:00:00,17.672295,0.00001
2010-06-26 00:00:00,18.940567,0.00001
2010-06-27 00:00:00,19.928397,0.00001
2010-06-28 00:00:00,20.075492,0.00001
2010-06-29 00:00:00,20.168755,0.00001
2010-06-30 00:00:00,20.021563,0.00001
2010-07-01 00:00:00,19.753636,0.00001
2010-07-02 00:00:00,19.361172,0.00001
2010-07-03 00:00:00,18.896148,0.00001
2010-07-04 00:00:00,18.547196,0.00001
2010-07-05 00:00:00,18.577355,0.00001
2010-07-06 00:00:00,18.157015,0.00001
2010-07-07 00:00:00,19.039466,0.00001
2010-07-08 00:00:00,18.798437,0.00001
2010-07-09 00:00:00,18.046325,0.00001
2010-07-10 00:00:00,17.231672,0.00001
2010-07-11 00:00:00,16.613722,0.00001
2010-07-12 00:00:00,15.998163,0.00001
2010-07-13 00:00:00,15.41383,0.00001
2010-07-14 00:00:00,14.398288,0.00001
2010-07-15 00:00:00,16.288444,0.00001
2010-07-16 00:00:00,16.158687,0.00001
2010-07-17 00:00:00,15.949224,0.00001
2010-07-18 00:00:00,16.188015,0.00001
2010-07-19 00:00:00,15.94746,0.00001
2010-07-20 00:00:00,15.63774,0.00001
2010-07-21 00:00:00,15.219542,0.00001
2010-07-22 00:00:00,19.40739,0.00001
2010-07-23 00:00:00,23.51986,0.00001
2010-07-24 00:00:00,26.326505,0.00001
2010-07-25 00:00:00,27.877891,0.00001
2010-07-26 00:00:00,28.558111,0.00001
2010-07-27 00:00:00,28.738814,0.00001
2010-07-28 00:00:00,29.030616,0.00001
2010-07-29 00:00:00,28.790348,0.00001
2010-07-30 00:00:00,29.330953,0.00001
2010-07-31 00:00:00,29.071312,0.00001
2010-08-01 00:00:00,28.392343,0.00001
2010-08-02 00:00:00,27.629117,0.00001
2010-08-03 00:00:00,26.721396,0.00001
2010-08-04 00:00:00,25.776034,0.00001
2010-08-05 00:00:00,24.721559,0.00001
2010-08-06 00:00:00,23.723373,0.00001
2010-08-07 00:00:00,22.714438,0.00001
2010-08-08 00:00:00,24.754201,0.00001
2010-08-09 00:00:00,25.206813,0.00001
2010-08-10 00:00:00,24.442918,0.00001
2010-08-11 00:00:00,23.573459,0.00001
2010-08-12 00:00:00,22.675408,0.00001
2010-08-13 00:00:00,24.534802,0.00001
2010-08-14 00:00:00,25.973341,0.00001
2010-08-15 00:00:00,25.748313,0.00001
2010-08-16 00:00:00,25.454391,0.00001
2010-08-17 00:00:00,25.117964,0.00001
2010-08-18 00:00:00,24.765415,0.00001
2010-08-19 00:00:00,24.245585,0.00001
2010-08-20 00:00:00,23.905008,0.00001
2010-08-21 00:00:00,23.815538,0.00001
2010-08-22 00:00:00,23.115625,0.00001
2010-08-23 00:00:00,22.331736,0.00001
2010-08-24 00:00:00,21.59566,0.00001
2010-08-25 00:00:00,20.809011,0.00001
2010-08-26 00:00:00,20.008943,0.00001
2010-08-27 00:00:00,19.191348,0.00001
2010-08-28 00:00:00,18.320732,0.00001
2010-08-29 00:00:00,17.473884,0.00001
2010-08-30 00:00:00,16.668225,0.00001
2010-08-31 00:00:00,16.956649,0.00001
2010-09-01 00:00:00,18.694427,0.00001
2010-09-02 00:00:00,19.841659,0.00001
2010-09-03 00:00:00,20.486497,0.00001
2010-09-04 00:00:00,20.117605,0.00001
2010-09-05 00:00:00,19.703332,0.00001
2010-09-06 00:00:00,19.194192,0.00001
2010-09-07 00:00:00,18.640028,0.00001
2010-09-08 00:00:00,18.016734,0.00001
2010-09-09 00:00:00,17.430739,0.00001
2010-09-10 00:00:00,16.859737,0.00001
2010-09-11 00:00:00,16.933406,0.00001
2010-09-12 00:00:00,16.280526,0.00001
2010-09-13 00:00:00,15.570718,0.00001
2010-09-14 00:00:00,14.905465,0.00001
2010-09-15 00:00:00,14.307415,0.00001
2010-09-16 00:00:00,13.910649,0.00001
2010-09-17 00:00:00,13.532068,0.00001
2010-09-18 00:00:00,14.290414,0.00001
2010-09-19 00:00:00,14.020869,0.00001
2010-09-20 00:00:00,13.565361,0.00001
2010-09-21 00:00:00,13.065968,0.00001
2010-09-22 00:00:00,12.575527,0.00001
2010-09-23 00:00:00,12.151074,0.00001
2010-09-24 00:00:00,12.023104,0.00001
2010-09-25 00:00:00,11.640499,0.00001
2010-09-26 00:00:00,11.221898,0.00001
2010-09-27 00:00:00,10.777821,0.00001
2010-09-28 00:00:00,10.363793,0.00001
2010-09-29 00:00:00,9.950049,0.00001
2010-09-30 00:00:00,9.541568,0.00001
2010-10-01 00:00:00,9.182603,0.00001
2010-10-02 00:00:00,8.920467,0.00001
2010-10-03 00:00:00,8.599269,0.00001
2010-10-04 00:00:00,8.259082,0.00001
2010-10-05 00:00:00,7.909238,0.00001
2010-10-06 00:00:00,7.575745,0.00001
2010-10-07 00:00:00,7.233324,0.00001
2010-10-08 00:00:00,6.878489,0.00001
2010-10-09 00:00:00,6.543596,0.00001
2010-10-10 00:00:00,6.198939,0.00001
2010-10-11 00:00:00,5.898808,0.00001
2010-10-12 00:00:00,5.624073,0.00001
2010-10-13 00:00:00,5.384736,0.00001
2010-10-14 00:00:00,5.16539,0.00001
2010-10-15 00:00:00,4.962935,0.00001
2010-10-16 00:00:00,4.746845,0.00001
2010-10-17 00:00:00,4.538695,0.00001
2010-10-18 00:00:00,4.38244,0.00001
2010-10-19 00:00:00,4.212197,0.00001
2010-10-20 00:00:00,4.035111,0.00001
2010-10-21 00:00:00,3.885547,0.00001
2010-10-22 00:00:00,3.699459,0.00001
2010-10-23 00:00:00,3.935779,0.00001
2010-10-24 00:00:00,4.962101,0.00001
2010-10-25 00:00:00,5.018374,0.00001
2010-10-26 00:00:00,6.185618,0.00001
2010-10-27 00:00:00,6.306713,0.00001
2010-10-28 00:00:00,6.376238,0.00001
2010-10-29 00:00:00,6.351371,0.00001
2010-10-30 00:00:00,6.287987,0.00001
2010-10-31 00:00:00,6.219232,0.00001
2010-11-01 00:00:00,6.133719,0.00001
2010-11-02 00:00:00,6.03832,0.00001
2010-11-03 00:00:00,5.936277,0.00001
2010-11-04 00:00:00,5.893003,0.00001
2010-11-05 00:00:00,5.830873,0.00001
2010-11-06 00:00:00,5.772353,0.00001
2010-11-07 00:00:00,5.683616,0.00001
2010-11-08 00:00:00,5.583751,0.00001
2010-11-09 00:00:00,5.482965,0.00001
2010-11-10 00:00:00,5.375682,0.00001
2010-11-11 00:00:00,5.274229,0.00001
2010-11-12 00:00:00,5.337443,0.00001
2010-11-13 00:00:00,5.602236,0.00001
2010-11-14 00:00:00,5.634806,0.00001
2010-11-15 00:00:00,5.593753,0.00001
2010-11-16 00:00:00,5.550139,0.00001
2010-11-17 00:00:00,5.57722,0.00001
2010-11-18 00:00:00,5.523418,0.00001
2010-11-19 00:00:00,5.462283,0.00001
2010-11-20 00:00:00,5.399472,0.00001
2010-11-21 00:00:00,5.413111,0.00001
2010-11-22 00:00:00,5.467604,0.00001
2010-11-23 00:00:00,5.419857,0.00001
2010-11-24 00:00:00,5.56621,0.00001
2010-11-25 00:00:00,5.718699,0.00001
2010-11-26 00:00:00,5.677279,0.00001
2010-11-27 00:00:00,5.634072,0.00001
2010-11-28 00:00:00,5.577572,0.00001
2010-11-29 00:00:00,5.596406,0.00001
2010-11-30 00:00:00,5.658701,0.00001
2010-12-01 00:00:00,5.635436,0.00001
2010-12-02 00:00:00,5.590061,0.00001
2010-12-03 00:00:00,5.875383,0.00001
2010-12-04 00:00:00,6.162389,0.00001
2010-12-05 00:00:00,5.970096,0.00001
2010-12-06 00:00:00,5.881333,0.00001
2010-12-07 00:00:00,5.801137,0.00001
2010-12-08 00:00:00,5.724795,0.00001
2010-12-09 00:00:00,5.753778,0.00001
2010-12-10 00:00:00,5.665955,0.00001
2010-12-11 00:00:00,5.918787,0.00001
2010-12-12 00:00:00,6.414964,0.00001
2010-12-13 00:00:00,6.439081,0.00001
2010-12-14 00:00:00,6.445505,0.00001
2010-12-15 00:00:00,6.449228,0.00001
2010-12-16 00:00:00,6.468935,0.00001
2010-12-17 00:00:00,6.465108,0.00001
2010-12-18 00:00:00,6.458136,0.00001
2010-12-19 00:00:00,6.431054,0.00001
2010-12-20 00:00:00,6.71013,0.00001
2010-12-21 00:00:00,6.620975,0.00001
2010-12-22 00:00:00,6.544574,0.00001
2010-12-23 00:00:00,6.478881,0.00001
2010-12-24 00:00:00,6.601303,0.00001
2010-12-25 00:00:00,6.49782,0.00001
2010-12-26 00:00:00,6.41751,0.00001
2010-12-27 00:00:00,6.342386,0.00001
2010-12-28 00:00:00,6.267569,0.00001
2010-12-29 00:00:00,6.177108,0.00001
2010-12-30 00:00:00,6.069903,0.00001
2010-12-31 00:00:00,6.181116,0.00001
