datetime,Flow_metersCubedPerSecond_1,Water_Temperature_celsius_1,Salinity_practicalSalinityUnits_1,Flow_metersCubedPerSecond_2,Water_Temperature_celsius_2,Salinity_practicalSalinityUnits_2
1990-01-01 00:00:00,5.24682,-0.186063117,0,0.0001,-0.186063117,0
1990-01-02 00:00:00,2.32013,-0.080147464,0,0.0001,-0.080147464,0
1990-01-03 00:00:00,4.753365,-0.29795278,0,0.0001,-0.29795278,0
1990-01-04 00:00:00,5.007117,-0.361636706,0,0.0001,-0.361636706,0
1990-01-05 00:00:00,4.764657,-0.423707452,0,0.0001,-0.423707452,0
1990-01-06 00:00:00,4.844576,-0.455371879,0,0.0001,-0.455371879,0
1990-01-07 00:00:00,4.884626,-0.497325836,0,0.0001,-0.497325836,0
1990-01-08 00:00:00,4.792279,-0.534304141,0,0.0001,-0.534304141,0
1990-01-09 00:00:00,4.589863,-0.572046037,0,0.0001,-0.572046037,0
1990-01-10 00:00:00,4.729598,-0.593498062,0,0.0001,-0.593498062,0
1990-01-11 00:00:00,4.62775,-0.618681098,0,0.0001,-0.618681098,0
1990-01-12 00:00:00,4.671609,-0.635929208,0,0.0001,-0.635929208,0
1990-01-13 00:00:00,4.489798,-0.659688577,0,0.0001,-0.659688577,0
1990-01-14 00:00:00,4.591834,-0.676447325,0,0.0001,-0.676447325,0
1990-01-15 00:00:00,4.668481,-0.69236235,0,0.0001,-0.69236235,0
1990-01-16 00:00:00,4.593751,-0.698083938,0,0.0001,-0.698083938,0
1990-01-17 00:00:00,4.790401,-0.698169038,0,0.0001,-0.698169038,0
1990-01-18 00:00:00,4.405961,-0.722998298,0,0.0001,-0.722998298,0
1990-01-19 00:00:00,4.317028,-0.713881821,0,0.0001,-0.713881821,0
1990-01-20 00:00:00,4.670044,-0.69721897,0,0.0001,-0.69721897,0
1990-01-21 00:00:00,4.554839,-0.686169696,0,0.0001,-0.686169696,0
1990-01-22 00:00:00,4.582829,-0.667579191,0,0.0001,-0.667579191,0
1990-01-23 00:00:00,4.604587,-0.64672242,0,0.0001,-0.64672242,0
1990-01-24 00:00:00,4.54955,-0.622778061,0,0.0001,-0.622778061,0
1990-01-25 00:00:00,4.489162,-0.595052885,0,0.0001,-0.595052885,0
1990-01-26 00:00:00,4.42505,-0.563753753,0,0.0001,-0.563753753,0
1990-01-27 00:00:00,4.367809,-0.528693155,0,0.0001,-0.528693155,0
1990-01-28 00:00:00,4.314544,-0.489944412,0,0.0001,-0.489944412,0
1990-01-29 00:00:00,4.256468,-0.447803594,0,0.0001,-0.447803594,0
1990-01-30 00:00:00,4.216361,-0.401896109,0,0.0001,-0.401896109,0
1990-01-31 00:00:00,4.175273,-0.352218467,0,0.0001,-0.352218467,0
1990-02-01 00:00:00,4.13505,-0.298731682,0,0.0001,-0.298731682,0
1990-02-02 00:00:00,3.572357,-0.230953109,0,0.0001,-0.230953109,0
1990-02-03 00:00:00,4.005716,-0.182105191,0,0.0001,-0.182105191,0
1990-02-04 00:00:00,4.019535,-0.11815735,0,0.0001,-0.11815735,0
1990-02-05 00:00:00,3.977103,-0.051225849,0,0.0001,-0.051225849,0
1990-02-06 00:00:00,3.952463,0.01919022,0,0.0001,0.01919022,0
1990-02-07 00:00:00,3.92194,0.092965091,0,0.0001,0.092965091,0
1990-02-08 00:00:00,3.222271,0.184547526,0,0.0001,0.184547526,0
1990-02-09 00:00:00,3.877063,0.250992321,0,0.0001,0.250992321,0
1990-02-10 00:00:00,3.871788,0.335514399,0,0.0001,0.335514399,0
1990-02-11 00:00:00,3.808478,0.423059071,0,0.0001,0.423059071,0
1990-02-12 00:00:00,3.794091,0.513395404,0,0.0001,0.513395404,0
1990-02-13 00:00:00,3.779041,0.607123582,0,0.0001,0.607123582,0
1990-02-14 00:00:00,3.732345,0.704061925,0,0.0001,0.704061925,0
1990-02-15 00:00:00,2.847934,0.822959437,0,0.0001,0.822959437,0
1990-02-16 00:00:00,3.726437,0.908206653,0,0.0001,0.908206653,0
1990-02-17 00:00:00,3.713915,1.015361235,0,0.0001,1.015361235,0
1990-02-18 00:00:00,4.102812,1.105333297,0,0.0001,1.105333297,0
1990-02-19 00:00:00,4.128295,1.17921259,0,0.0001,1.17921259,0
1990-02-20 00:00:00,2.485424,1.424815921,0,0.0001,1.424815921,0
1990-02-21 00:00:00,2.371014,1.495607535,0,0.0001,1.495607535,0
1990-02-22 00:00:00,2.900718,1.659510468,0,0.0001,1.659510468,0
1990-02-23 00:00:00,3.431646,1.721632426,0,0.0001,1.721632426,0
1990-02-24 00:00:00,3.420624,1.819520249,0,0.0001,1.819520249,0
1990-02-25 00:00:00,3.341734,1.914073601,0,0.0001,1.914073601,0
1990-02-26 00:00:00,3.262973,1.993325011,0,0.0001,1.993325011,0
1990-02-27 00:00:00,3.163204,2.074438437,0,0.0001,2.074438437,0
1990-02-28 00:00:00,3.338271,2.149471961,0,0.0001,2.149471961,0
1990-03-01 00:00:00,2.994924,2.270354299,0,0.0001,2.270354299,0
1990-03-02 00:00:00,2.916448,2.39056107,0,0.0001,2.39056107,0
1990-03-03 00:00:00,4.893885,2.475120525,0,0.0001,2.475120525,0
1990-03-04 00:00:00,5.072008,2.610271239,0,0.0001,2.610271239,0
1990-03-05 00:00:00,5.275613,2.758990047,0,0.0001,2.758990047,0
1990-03-06 00:00:00,2.683644,2.938745654,0,0.0001,2.938745654,0
1990-03-07 00:00:00,2.788676,3.107139285,0,0.0001,3.107139285,0
1990-03-08 00:00:00,2.746041,3.267574251,0,0.0001,3.267574251,0
1990-03-09 00:00:00,5.292841,3.403290492,0,0.0001,3.403290492,0
1990-03-10 00:00:00,6.654809,3.540815121,0,0.0001,3.540815121,0
1990-03-11 00:00:00,6.106745,3.677898013,0,0.0001,3.677898013,0
1990-03-12 00:00:00,5.955557,3.867709584,0,0.0001,3.867709584,0
1990-03-13 00:00:00,5.877117,4.047279866,0,0.0001,4.047279866,0
1990-03-14 00:00:00,5.240314,4.232480214,0,0.0001,4.232480214,0
1990-03-15 00:00:00,5.192137,4.412632227,0,0.0001,4.412632227,0
1990-03-16 00:00:00,3.588445,4.611098453,0,0.0001,4.611098453,0
1990-03-17 00:00:00,5.126154,4.785671472,0,0.0001,4.785671472,0
1990-03-18 00:00:00,5.32601,4.9770957,0,0.0001,4.9770957,0
1990-03-19 00:00:00,5.444344,5.16747887,0,0.0001,5.16747887,0
1990-03-20 00:00:00,4.32775,5.29911035,0,0.0001,5.29911035,0
1990-03-21 00:00:00,6.552402,5.485054857,0,0.0001,5.485054857,0
1990-03-22 00:00:00,3.668054,5.718594287,0,0.0001,5.718594287,0
1990-03-23 00:00:00,3.668245,5.90980772,0,0.0001,5.90980772,0
1990-03-24 00:00:00,3.618859,6.099570028,0,0.0001,6.099570028,0
1990-03-25 00:00:00,6.269398,6.282723287,0,0.0001,6.282723287,0
1990-03-26 00:00:00,6.685274,6.45488189,0,0.0001,6.45488189,0
1990-03-27 00:00:00,8.58806,6.580074032,0,0.0001,6.580074032,0
1990-03-28 00:00:00,5.928788,6.803001478,0,0.0001,6.803001478,0
1990-03-29 00:00:00,7.582396,6.993455812,0,0.0001,6.993455812,0
1990-03-30 00:00:00,5.019951,7.202556925,0,0.0001,7.202556925,0
1990-03-31 00:00:00,4.890639,7.395904503,0,0.0001,7.395904503,0
1990-04-01 00:00:00,8.021759,7.593913685,0,0.0001,7.593913685,0
1990-04-02 00:00:00,4.667975,7.808887665,0,0.0001,7.808887665,0
1990-04-03 00:00:00,4.349735,8.024512365,0,0.0001,8.024512365,0
1990-04-04 00:00:00,4.495774,8.247814478,0,0.0001,8.247814478,0
1990-04-05 00:00:00,7.215381,8.479671603,0,0.0001,8.479671603,0
1990-04-06 00:00:00,7.455969,8.688234758,0,0.0001,8.688234758,0
1990-04-07 00:00:00,7.960568,8.893266415,0,0.0001,8.893266415,0
1990-04-08 00:00:00,7.166839,9.077937344,0,0.0001,9.077937344,0
1990-04-09 00:00:00,9.185358,9.293735303,0,0.0001,9.293735303,0
1990-04-10 00:00:00,10.250961,9.493647688,0,0.0001,9.493647688,0
1990-04-11 00:00:00,13.219917,9.643099554,0,0.0001,9.643099554,0
1990-04-12 00:00:00,9.05349,9.86660433,0,0.0001,9.86660433,0
1990-04-13 00:00:00,9.14109,10.0844416,0,0.0001,10.0844416,0
1990-04-14 00:00:00,12.231297,10.30413636,0,0.0001,10.30413636,0
1990-04-15 00:00:00,11.745384,10.52906803,0,0.0001,10.52906803,0
1990-04-16 00:00:00,11.457732,10.75533379,0,0.0001,10.75533379,0
1990-04-17 00:00:00,11.513274,10.9687303,0,0.0001,10.9687303,0
1990-04-18 00:00:00,12.352892,11.12103484,0,0.0001,11.12103484,0
1990-04-19 00:00:00,13.335797,11.36097491,0,0.0001,11.36097491,0
1990-04-20 00:00:00,13.383154,11.58641412,0,0.0001,11.58641412,0
1990-04-21 00:00:00,13.288048,11.7953217,0,0.0001,11.7953217,0
1990-04-22 00:00:00,13.181869,12.03559094,0,0.0001,12.03559094,0
1990-04-23 00:00:00,13.032913,12.27736024,0,0.0001,12.27736024,0
1990-04-24 00:00:00,12.599371,12.52018413,0,0.0001,12.52018413,0
1990-04-25 00:00:00,12.324417,12.76274887,0,0.0001,12.76274887,0
1990-04-26 00:00:00,13.829302,12.94657428,0,0.0001,12.94657428,0
1990-04-27 00:00:00,14.777482,13.14925169,0,0.0001,13.14925169,0
1990-04-28 00:00:00,14.316646,13.3953043,0,0.0001,13.3953043,0
1990-04-29 00:00:00,13.852442,13.63596114,0,0.0001,13.63596114,0
1990-04-30 00:00:00,13.525887,13.87832146,0,0.0001,13.87832146,0
1990-05-01 00:00:00,12.990404,14.12787051,0,0.0001,14.12787051,0
1990-05-02 00:00:00,12.512374,14.37891256,0,0.0001,14.37891256,0
1990-05-03 00:00:00,11.991847,14.63126344,0,0.0001,14.63126344,0
1990-05-04 00:00:00,11.492489,14.88300398,0,0.0001,14.88300398,0
1990-05-05 00:00:00,11.102443,15.13273226,0,0.0001,15.13273226,0
1990-05-06 00:00:00,10.601784,15.38509756,0,0.0001,15.38509756,0
1990-05-07 00:00:00,10.202978,15.62899692,0,0.0001,15.62899692,0
1990-05-08 00:00:00,12.846665,15.70839419,0,0.0001,15.70839419,0
1990-05-09 00:00:00,14.939777,15.86534127,0,0.0001,15.86534127,0
1990-05-10 00:00:00,15.922497,16.05267985,0,0.0001,16.05267985,0
1990-05-11 00:00:00,15.8244,16.27384323,0,0.0001,16.27384323,0
1990-05-12 00:00:00,15.449172,16.49969648,0,0.0001,16.49969648,0
1990-05-13 00:00:00,15.590659,16.70416857,0,0.0001,16.70416857,0
1990-05-14 00:00:00,15.19203,16.9345285,0,0.0001,16.9345285,0
1990-05-15 00:00:00,14.651423,17.16286111,0,0.0001,17.16286111,0
1990-05-16 00:00:00,14.423629,17.37567637,0,0.0001,17.37567637,0
1990-05-17 00:00:00,14.141558,17.58488553,0,0.0001,17.58488553,0
1990-05-18 00:00:00,13.47319,17.81153132,0,0.0001,17.81153132,0
1990-05-19 00:00:00,9.897309,18.01979724,0,0.0001,18.01979724,0
1990-05-20 00:00:00,9.40685,18.24769129,0,0.0001,18.24769129,0
1990-05-21 00:00:00,12.124817,18.49240516,0,0.0001,18.49240516,0
1990-05-22 00:00:00,11.636604,18.71649656,0,0.0001,18.71649656,0
1990-05-23 00:00:00,10.585925,18.90618071,0,0.0001,18.90618071,0
1990-05-24 00:00:00,10.387379,19.12632346,0,0.0001,19.12632346,0
1990-05-25 00:00:00,11.079132,19.35657789,0,0.0001,19.35657789,0
1990-05-26 00:00:00,11.832714,19.49455556,0,0.0001,19.49455556,0
1990-05-27 00:00:00,13.401403,19.60087738,0,0.0001,19.60087738,0
1990-05-28 00:00:00,14.859519,19.73143204,0,0.0001,19.73143204,0
1990-05-29 00:00:00,13.679363,19.9303197,0,0.0001,19.9303197,0
1990-05-30 00:00:00,11.700261,20.11204472,0,0.0001,20.11204472,0
1990-05-31 00:00:00,11.220075,20.32840536,0,0.0001,20.32840536,0
1990-06-01 00:00:00,12.523732,20.5636956,0,0.0001,20.5636956,0
1990-06-02 00:00:00,10.893196,20.75403504,0,0.0001,20.75403504,0
1990-06-03 00:00:00,10.432876,20.94420933,0,0.0001,20.94420933,0
1990-06-04 00:00:00,11.400683,21.14937485,0,0.0001,21.14937485,0
1990-06-05 00:00:00,11.026639,21.33783264,0,0.0001,21.33783264,0
1990-06-06 00:00:00,11.177754,21.49603195,0,0.0001,21.49603195,0
1990-06-07 00:00:00,6.474505,21.59251517,0,0.0001,21.59251517,0
1990-06-08 00:00:00,10.937512,21.82948607,0,0.0001,21.82948607,0
1990-06-09 00:00:00,7.55421,21.97921456,0,0.0001,21.97921456,0
1990-06-10 00:00:00,7.073836,22.14703771,0,0.0001,22.14703771,0
1990-06-11 00:00:00,9.820327,22.35992935,0,0.0001,22.35992935,0
1990-06-12 00:00:00,9.397605,22.53558689,0,0.0001,22.53558689,0
1990-06-13 00:00:00,8.984648,22.70950142,0,0.0001,22.70950142,0
1990-06-14 00:00:00,8.507381,22.88535993,0,0.0001,22.88535993,0
1990-06-15 00:00:00,8.041172,23.05941496,0,0.0001,23.05941496,0
1990-06-16 00:00:00,7.616336,23.22982176,0,0.0001,23.22982176,0
1990-06-17 00:00:00,7.189666,23.39978102,0,0.0001,23.39978102,0
1990-06-18 00:00:00,6.891978,23.55871915,0,0.0001,23.55871915,0
1990-06-19 00:00:00,6.585955,23.71818254,0,0.0001,23.71818254,0
1990-06-20 00:00:00,6.226822,23.87900884,0,0.0001,23.87900884,0
1990-06-21 00:00:00,5.869629,24.03803101,0,0.0001,24.03803101,0
1990-06-22 00:00:00,5.578159,24.18931793,0,0.0001,24.18931793,0
1990-06-23 00:00:00,3.844487,24.29972946,0,0.0001,24.29972946,0
1990-06-24 00:00:00,5.004336,24.48514707,0,0.0001,24.48514707,0
1990-06-25 00:00:00,4.824019,24.61562678,0,0.0001,24.61562678,0
1990-06-26 00:00:00,4.922895,24.63984126,0,0.0001,24.63984126,0
1990-06-27 00:00:00,5.114756,24.74743915,0,0.0001,24.74743915,0
1990-06-28 00:00:00,4.870252,24.8919033,0,0.0001,24.8919033,0
1990-06-29 00:00:00,1.785729,24.77891333,0,0.0001,24.77891333,0
1990-06-30 00:00:00,1.776278,24.8468517,0,0.0001,24.8468517,0
1990-07-01 00:00:00,2.650684,25.1170037,0,0.0001,25.1170037,0
1990-07-02 00:00:00,3.838646,25.30419159,0,0.0001,25.30419159,0
1990-07-03 00:00:00,4.063513,25.43251869,0,0.0001,25.43251869,0
1990-07-04 00:00:00,4.830514,25.22904446,0,0.0001,25.22904446,0
1990-07-05 00:00:00,4.8015,25.13688036,0,0.0001,25.13688036,0
1990-07-06 00:00:00,3.169851,25.08683423,0,0.0001,25.08683423,0
1990-07-07 00:00:00,5.395747,25.36575823,0,0.0001,25.36575823,0
1990-07-08 00:00:00,5.135699,25.42306649,0,0.0001,25.42306649,0
1990-07-09 00:00:00,5.412932,25.44631101,0,0.0001,25.44631101,0
1990-07-10 00:00:00,5.186804,25.55245392,0,0.0001,25.55245392,0
1990-07-11 00:00:00,4.844575,25.66158157,0,0.0001,25.66158157,0
1990-07-12 00:00:00,4.521765,25.76271205,0,0.0001,25.76271205,0
1990-07-13 00:00:00,3.111029,25.77083831,0,0.0001,25.77083831,0
1990-07-14 00:00:00,4.002629,25.92681024,0,0.0001,25.92681024,0
1990-07-15 00:00:00,3.850592,25.94407791,0,0.0001,25.94407791,0
1990-07-16 00:00:00,1.86242,25.54025363,0,0.0001,25.54025363,0
1990-07-17 00:00:00,4.092967,25.93475567,0,0.0001,25.93475567,0
1990-07-18 00:00:00,3.871653,25.96768827,0,0.0001,25.96768827,0
1990-07-19 00:00:00,2.521064,25.91805298,0,0.0001,25.91805298,0
1990-07-20 00:00:00,3.903936,25.97715784,0,0.0001,25.97715784,0
1990-07-21 00:00:00,3.817848,26.00628451,0,0.0001,26.00628451,0
1990-07-22 00:00:00,3.807083,25.90740841,0,0.0001,25.90740841,0
1990-07-23 00:00:00,4.10593,25.88452613,0,0.0001,25.88452613,0
1990-07-24 00:00:00,3.925272,25.90948042,0,0.0001,25.90948042,0
1990-07-25 00:00:00,1.693912,25.56975518,0,0.0001,25.56975518,0
1990-07-26 00:00:00,3.781122,25.86576944,0,0.0001,25.86576944,0
1990-07-27 00:00:00,1.794083,25.37013682,0,0.0001,25.37013682,0
1990-07-28 00:00:00,2.198605,25.45943409,0,0.0001,25.45943409,0
1990-07-29 00:00:00,3.892952,25.77120385,0,0.0001,25.77120385,0
1990-07-30 00:00:00,3.723135,25.76976647,0,0.0001,25.76976647,0
1990-07-31 00:00:00,3.154539,25.70698989,0,0.0001,25.70698989,0
1990-08-01 00:00:00,3.577852,25.6718575,0,0.0001,25.6718575,0
1990-08-02 00:00:00,3.289352,25.60913318,0,0.0001,25.60913318,0
1990-08-03 00:00:00,3.43165,25.46238768,0,0.0001,25.46238768,0
1990-08-04 00:00:00,1.951577,25.17157841,0,0.0001,25.17157841,0
1990-08-05 00:00:00,3.212654,25.36486077,0,0.0001,25.36486077,0
1990-08-06 00:00:00,1.660421,25.10793981,0,0.0001,25.10793981,0
1990-08-07 00:00:00,3.029355,25.30395997,0,0.0001,25.30395997,0
1990-08-08 00:00:00,3.566702,25.27857656,0,0.0001,25.27857656,0
1990-08-09 00:00:00,1.658356,24.96485085,0,0.0001,24.96485085,0
1990-08-10 00:00:00,1.655962,24.89155013,0,0.0001,24.89155013,0
1990-08-11 00:00:00,1.541274,24.85415992,0,0.0001,24.85415992,0
1990-08-12 00:00:00,1.430616,24.80954476,0,0.0001,24.80954476,0
1990-08-13 00:00:00,1.375192,24.75324812,0,0.0001,24.75324812,0
1990-08-14 00:00:00,2.046079,24.77264182,0,0.0001,24.77264182,0
1990-08-15 00:00:00,3.197941,24.64231315,0,0.0001,24.64231315,0
1990-08-16 00:00:00,3.006564,24.23235077,0,0.0001,24.23235077,0
1990-08-17 00:00:00,4.389671,24.20157516,0,0.0001,24.20157516,0
1990-08-18 00:00:00,4.291709,24.1233567,0,0.0001,24.1233567,0
1990-08-19 00:00:00,3.313483,23.70934151,0,0.0001,23.70934151,0
1990-08-20 00:00:00,3.176625,23.61955373,0,0.0001,23.61955373,0
1990-08-21 00:00:00,2.987941,23.53760007,0,0.0001,23.53760007,0
1990-08-22 00:00:00,2.822292,23.45605481,0,0.0001,23.45605481,0
1990-08-23 00:00:00,2.696751,23.36089408,0,0.0001,23.36089408,0
1990-08-24 00:00:00,2.558448,23.26653485,0,0.0001,23.26653485,0
1990-08-25 00:00:00,2.473095,23.14648221,0,0.0001,23.14648221,0
1990-08-26 00:00:00,4.174236,23.08358662,0,0.0001,23.08358662,0
1990-08-27 00:00:00,4.058603,22.95320176,0,0.0001,22.95320176,0
1990-08-28 00:00:00,3.215088,22.56200129,0,0.0001,22.56200129,0
1990-08-29 00:00:00,3.245285,22.43666222,0,0.0001,22.43666222,0
1990-08-30 00:00:00,3.069682,22.30679113,0,0.0001,22.30679113,0
1990-08-31 00:00:00,2.910277,22.17676793,0,0.0001,22.17676793,0
1990-09-01 00:00:00,2.805988,22.03715057,0,0.0001,22.03715057,0
1990-09-02 00:00:00,2.688443,21.90023319,0,0.0001,21.90023319,0
1990-09-03 00:00:00,2.543628,21.76877722,0,0.0001,21.76877722,0
1990-09-04 00:00:00,2.436487,21.61884267,0,0.0001,21.61884267,0
1990-09-05 00:00:00,2.261661,21.4894754,0,0.0001,21.4894754,0
1990-09-06 00:00:00,2.1765,21.3285734,0,0.0001,21.3285734,0
1990-09-07 00:00:00,2.10036,21.16104908,0,0.0001,21.16104908,0
1990-09-08 00:00:00,2.073716,20.99652189,0,0.0001,20.99652189,0
1990-09-09 00:00:00,1.943404,20.84972921,0,0.0001,20.84972921,0
1990-09-10 00:00:00,1.806162,20.70492494,0,0.0001,20.70492494,0
1990-09-11 00:00:00,1.70683,20.54439016,0,0.0001,20.54439016,0
1990-09-12 00:00:00,1.555406,20.41358046,0,0.0001,20.41358046,0
1990-09-13 00:00:00,1.544636,20.20934294,0,0.0001,20.20934294,0
1990-09-14 00:00:00,2.066102,20.10718476,0,0.0001,20.10718476,0
1990-09-15 00:00:00,1.970939,19.95372045,0,0.0001,19.95372045,0
1990-09-16 00:00:00,1.314339,19.68736509,0,0.0001,19.68736509,0
1990-09-17 00:00:00,2.881679,19.59454143,0,0.0001,19.59454143,0
1990-09-18 00:00:00,2.799541,19.41876657,0,0.0001,19.41876657,0
1990-09-19 00:00:00,2.637916,19.01318569,0,0.0001,19.01318569,0
1990-09-20 00:00:00,1.907672,18.75390184,0,0.0001,18.75390184,0
1990-09-21 00:00:00,1.772189,18.59673983,0,0.0001,18.59673983,0
1990-09-22 00:00:00,2.705155,18.46698267,0,0.0001,18.46698267,0
1990-09-23 00:00:00,2.604705,18.28468083,0,0.0001,18.28468083,0
1990-09-24 00:00:00,2.535602,18.09369312,0,0.0001,18.09369312,0
1990-09-25 00:00:00,3.296924,17.91001492,0,0.0001,17.91001492,0
1990-09-26 00:00:00,3.194132,17.72406291,0,0.0001,17.72406291,0
1990-09-27 00:00:00,1.400862,17.4607311,0,0.0001,17.4607311,0
1990-09-28 00:00:00,2.8925,17.36599655,0,0.0001,17.36599655,0
1990-09-29 00:00:00,2.70137,17.17839058,0,0.0001,17.17839058,0
1990-09-30 00:00:00,1.296618,16.83011355,0,0.0001,16.83011355,0
1990-10-01 00:00:00,3.083774,16.64854009,0,0.0001,16.64854009,0
1990-10-02 00:00:00,3.03536,16.44278689,0,0.0001,16.44278689,0
1990-10-03 00:00:00,3.085997,16.21104702,0,0.0001,16.21104702,0
1990-10-04 00:00:00,3.024118,16.00494163,0,0.0001,16.00494163,0
1990-10-05 00:00:00,4.198979,15.64561099,0,0.0001,15.64561099,0
1990-10-06 00:00:00,5.774676,15.22803568,0,0.0001,15.22803568,0
1990-10-07 00:00:00,7.152254,15.05028423,0,0.0001,15.05028423,0
1990-10-08 00:00:00,4.236996,14.857694,0,0.0001,14.857694,0
1990-10-09 00:00:00,3.971074,14.57676498,0,0.0001,14.57676498,0
1990-10-10 00:00:00,3.680722,14.31157511,0,0.0001,14.31157511,0
1990-10-11 00:00:00,3.407163,14.05908895,0,0.0001,14.05908895,0
1990-10-12 00:00:00,3.208225,13.81231384,0,0.0001,13.81231384,0
1990-10-13 00:00:00,3.053584,13.56849681,0,0.0001,13.56849681,0
1990-10-14 00:00:00,2.931166,13.3258562,0,0.0001,13.3258562,0
1990-10-15 00:00:00,2.883595,13.09164327,0,0.0001,13.09164327,0
1990-10-16 00:00:00,2.800648,12.86619693,0,0.0001,12.86619693,0
1990-10-17 00:00:00,2.697813,12.64774343,0,0.0001,12.64774343,0
1990-10-18 00:00:00,4.714565,12.41944496,0,0.0001,12.41944496,0
1990-10-19 00:00:00,2.748618,12.18776804,0,0.0001,12.18776804,0
1990-10-20 00:00:00,2.72969,11.95531356,0,0.0001,11.95531356,0
1990-10-21 00:00:00,2.62422,11.74076369,0,0.0001,11.74076369,0
1990-10-22 00:00:00,4.903991,11.50493207,0,0.0001,11.50493207,0
1990-10-23 00:00:00,2.780323,11.30402598,0,0.0001,11.30402598,0
1990-10-24 00:00:00,3.234614,11.07071387,0,0.0001,11.07071387,0
1990-10-25 00:00:00,5.080403,10.84672247,0,0.0001,10.84672247,0
1990-10-26 00:00:00,5.337974,10.64314531,0,0.0001,10.64314531,0
1990-10-27 00:00:00,4.456173,10.45149873,0,0.0001,10.45149873,0
1990-10-28 00:00:00,4.307602,10.23000818,0,0.0001,10.23000818,0
1990-10-29 00:00:00,4.663562,9.991541697,0,0.0001,9.991541697,0
1990-10-30 00:00:00,6.933383,9.682313952,0,0.0001,9.682313952,0
1990-10-31 00:00:00,7.829777,9.434860171,0,0.0001,9.434860171,0
1990-11-01 00:00:00,9.713432,9.226581004,0,0.0001,9.226581004,0
1990-11-02 00:00:00,7.161427,9.137608677,0,0.0001,9.137608677,0
1990-11-03 00:00:00,6.978243,8.890926033,0,0.0001,8.890926033,0
1990-11-04 00:00:00,6.723675,8.571969733,0,0.0001,8.571969733,0
1990-11-05 00:00:00,10.24369,8.143780587,0,0.0001,8.143780587,0
1990-11-06 00:00:00,5.986186,7.966925034,0,0.0001,7.966925034,0
1990-11-07 00:00:00,5.73452,7.700695263,0,0.0001,7.700695263,0
1990-11-08 00:00:00,9.344585,7.394619504,0,0.0001,7.394619504,0
1990-11-09 00:00:00,9.310346,7.174703606,0,0.0001,7.174703606,0
1990-11-10 00:00:00,5.522957,7.025923908,0,0.0001,7.025923908,0
1990-11-11 00:00:00,7.617202,6.782930188,0,0.0001,6.782930188,0
1990-11-12 00:00:00,7.61959,6.58014484,0,0.0001,6.58014484,0
1990-11-13 00:00:00,7.567544,6.383777438,0,0.0001,6.383777438,0
1990-11-14 00:00:00,7.501067,6.191421571,0,0.0001,6.191421571,0
1990-11-15 00:00:00,7.420506,6.003553276,0,0.0001,6.003553276,0
1990-11-16 00:00:00,8.356203,5.810585123,0,0.0001,5.810585123,0
1990-11-17 00:00:00,5.700044,5.666522422,0,0.0001,5.666522422,0
1990-11-18 00:00:00,8.073186,5.459170471,0,0.0001,5.459170471,0
1990-11-19 00:00:00,5.47409,5.310107812,0,0.0001,5.310107812,0
1990-11-20 00:00:00,3.786268,5.178951913,0,0.0001,5.178951913,0
1990-11-21 00:00:00,7.20922,4.949362358,0,0.0001,4.949362358,0
1990-11-22 00:00:00,3.487475,4.845303488,0,0.0001,4.845303488,0
1990-11-23 00:00:00,6.384316,4.626185332,0,0.0001,4.626185332,0
1990-11-24 00:00:00,6.582579,4.462827593,0,0.0001,4.462827593,0
1990-11-25 00:00:00,6.387705,4.305349221,0,0.0001,4.305349221,0
1990-11-26 00:00:00,6.424004,4.14359102,0,0.0001,4.14359102,0
1990-11-27 00:00:00,7.023376,3.930534249,0,0.0001,3.930534249,0
1990-11-28 00:00:00,7.252212,3.775847577,0,0.0001,3.775847577,0
1990-11-29 00:00:00,7.065341,3.628324936,0,0.0001,3.628324936,0
1990-11-30 00:00:00,7.306616,3.482461845,0,0.0001,3.482461845,0
1990-12-01 00:00:00,7.048897,3.309841575,0,0.0001,3.309841575,0
1990-12-02 00:00:00,7.292326,3.166249278,0,0.0001,3.166249278,0
1990-12-03 00:00:00,6.976817,2.997865428,0,0.0001,2.997865428,0
1990-12-04 00:00:00,6.763174,2.849344155,0,0.0001,2.849344155,0
1990-12-05 00:00:00,4.415444,2.75926569,0,0.0001,2.75926569,0
1990-12-06 00:00:00,6.459351,2.554827947,0,0.0001,2.554827947,0
1990-12-07 00:00:00,6.224914,2.410478823,0,0.0001,2.410478823,0
1990-12-08 00:00:00,2.62749,2.396111644,0,0.0001,2.396111644,0
1990-12-09 00:00:00,5.56948,2.144537944,0,0.0001,2.144537944,0
1990-12-10 00:00:00,5.924684,2.003269486,0,0.0001,2.003269486,0
1990-12-11 00:00:00,5.685687,1.870777522,0,0.0001,1.870777522,0
1990-12-12 00:00:00,5.602607,1.745884053,0,0.0001,1.745884053,0
1990-12-13 00:00:00,5.612175,1.62568091,0,0.0001,1.62568091,0
1990-12-14 00:00:00,5.6715,1.503134907,0,0.0001,1.503134907,0
1990-12-15 00:00:00,5.574186,1.387044586,0,0.0001,1.387044586,0
1990-12-16 00:00:00,5.457045,1.277312536,0,0.0001,1.277312536,0
1990-12-17 00:00:00,5.352644,1.170817714,0,0.0001,1.170817714,0
1990-12-18 00:00:00,5.248576,1.067479389,0,0.0001,1.067479389,0
1990-12-19 00:00:00,5.161291,0.967917529,0,0.0001,0.967917529,0
1990-12-20 00:00:00,5.067275,0.87163509,0,0.0001,0.87163509,0
1990-12-21 00:00:00,4.981123,0.778946134,0,0.0001,0.778946134,0
1990-12-22 00:00:00,4.889033,0.689296659,0,0.0001,0.689296659,0
1990-12-23 00:00:00,4.811259,0.603206321,0,0.0001,0.603206321,0
1990-12-24 00:00:00,4.741878,0.52050827,0,0.0001,0.52050827,0
1990-12-25 00:00:00,4.665053,0.440875423,0,0.0001,0.440875423,0
1990-12-26 00:00:00,4.585677,0.364276988,0,0.0001,0.364276988,0
1990-12-27 00:00:00,4.537511,0.291530595,0,0.0001,0.291530595,0
1990-12-28 00:00:00,4.470368,0.221675822,0,0.0001,0.221675822,0
1990-12-29 00:00:00,4.396512,0.154865149,0,0.0001,0.154865149,0
1990-12-30 00:00:00,4.178654,0.086488419,0,0.0001,0.086488419,0
1990-12-31 00:00:00,4.337173,0.031153134,0,0.0001,0.031153134,0
1991-01-01 00:00:00,4.295062,-0.027088852,0,0.0001,-0.027088852,0
1991-01-02 00:00:00,4.242385,-0.080699976,0,0.0001,-0.080699976,0
1991-01-03 00:00:00,4.18143,-0.131100382,0,0.0001,-0.131100382,0
1991-01-04 00:00:00,4.125061,-0.178496424,0,0.0001,-0.178496424,0
1991-01-05 00:00:00,4.08246,-0.222567566,0,0.0001,-0.222567566,0
1991-01-06 00:00:00,4.037098,-0.263451207,0,0.0001,-0.263451207,0
1991-01-07 00:00:00,3.970587,-0.300873713,0,0.0001,-0.300873713,0
1991-01-08 00:00:00,3.957562,-0.335536482,0,0.0001,-0.335536482,0
1991-01-09 00:00:00,3.925191,-0.366573248,0,0.0001,-0.366573248,0
1991-01-10 00:00:00,3.67593,-0.403987116,0,0.0001,-0.403987116,0
1991-01-11 00:00:00,3.83832,-0.415194178,0,0.0001,-0.415194178,0
1991-01-12 00:00:00,3.89796,-0.44061149,0,0.0001,-0.44061149,0
1991-01-13 00:00:00,3.622183,-0.452553785,0,0.0001,-0.452553785,0
1991-01-14 00:00:00,3.818586,-0.472338665,0,0.0001,-0.472338665,0
1991-01-15 00:00:00,3.769182,-0.483353948,0,0.0001,-0.483353948,0
1991-01-16 00:00:00,3.859067,-0.497178857,0,0.0001,-0.497178857,0
1991-01-17 00:00:00,5.246184,-0.516949666,0,0.0001,-0.516949666,0
1991-01-18 00:00:00,7.091121,-0.680973304,0,0.0001,-0.680973304,0
1991-01-19 00:00:00,6.58669,-0.654828584,0,0.0001,-0.654828584,0
1991-01-20 00:00:00,6.610592,-0.670039409,0,0.0001,-0.670039409,0
1991-01-21 00:00:00,6.601228,-0.723645869,0,0.0001,-0.723645869,0
1991-01-22 00:00:00,6.43532,-0.782958464,0,0.0001,-0.782958464,0
1991-01-23 00:00:00,6.24149,-0.823593934,0,0.0001,-0.823593934,0
1991-01-24 00:00:00,6.211991,-0.847805959,0,0.0001,-0.847805959,0
1991-01-25 00:00:00,6.114754,-0.85797756,0,0.0001,-0.85797756,0
1991-01-26 00:00:00,5.931484,-0.875612921,0,0.0001,-0.875612921,0
1991-01-27 00:00:00,6.417574,-0.844207025,0,0.0001,-0.844207025,0
1991-01-28 00:00:00,4.393413,-0.790143648,0,0.0001,-0.790143648,0
1991-01-29 00:00:00,6.29913,-0.801445097,0,0.0001,-0.801445097,0
1991-01-30 00:00:00,5.807993,-0.760470365,0,0.0001,-0.760470365,0
1991-01-31 00:00:00,5.755914,-0.717133463,0,0.0001,-0.717133463,0
1991-02-01 00:00:00,5.703619,-0.666417058,0,0.0001,-0.666417058,0
1991-02-02 00:00:00,5.659611,-0.609677148,0,0.0001,-0.609677148,0
1991-02-03 00:00:00,5.614137,-0.546798991,0,0.0001,-0.546798991,0
1991-02-04 00:00:00,5.823314,-0.481593874,0,0.0001,-0.481593874,0
1991-02-05 00:00:00,3.970146,-0.37642455,0,0.0001,-0.37642455,0
1991-02-06 00:00:00,5.662418,-0.32924926,0,0.0001,-0.32924926,0
1991-02-07 00:00:00,5.572933,-0.246562876,0,0.0001,-0.246562876,0
1991-02-08 00:00:00,5.654718,-0.157988625,0,0.0001,-0.157988625,0
1991-02-09 00:00:00,5.539511,-0.077684672,0,0.0001,-0.077684672,0
1991-02-10 00:00:00,5.77975,0.007611045,0,0.0001,0.007611045,0
1991-02-11 00:00:00,5.505495,0.088137828,0,0.0001,0.088137828,0
1991-02-12 00:00:00,5.418795,0.190433227,0,0.0001,0.190433227,0
1991-02-13 00:00:00,5.338669,0.293257262,0,0.0001,0.293257262,0
1991-02-14 00:00:00,4.950029,0.399984456,0,0.0001,0.399984456,0
1991-02-15 00:00:00,4.940533,0.508265319,0,0.0001,0.508265319,0
1991-02-16 00:00:00,4.856798,0.620645869,0,0.0001,0.620645869,0
1991-02-17 00:00:00,4.785841,0.734843167,0,0.0001,0.734843167,0
1991-02-18 00:00:00,4.70732,0.852698183,0,0.0001,0.852698183,0
1991-02-19 00:00:00,5.285854,0.966874012,0,0.0001,0.966874012,0
1991-02-20 00:00:00,5.874361,1.055312866,0,0.0001,1.055312866,0
1991-02-21 00:00:00,5.473788,1.158810275,0,0.0001,1.158810275,0
1991-02-22 00:00:00,5.704579,1.291196778,0,0.0001,1.291196778,0
1991-02-23 00:00:00,7.498808,1.379780667,0,0.0001,1.379780667,0
1991-02-24 00:00:00,7.52634,1.455342847,0,0.0001,1.455342847,0
1991-02-25 00:00:00,7.684241,1.656091381,0,0.0001,1.656091381,0
1991-02-26 00:00:00,8.016675,1.7835936,0,0.0001,1.7835936,0
1991-02-27 00:00:00,8.62666,1.848417601,0,0.0001,1.848417601,0
1991-02-28 00:00:00,7.454984,1.945651697,0,0.0001,1.945651697,0
1991-03-01 00:00:00,6.050537,2.062096995,0,0.0001,2.062096995,0
1991-03-02 00:00:00,6.127638,2.147247455,0,0.0001,2.147247455,0
1991-03-03 00:00:00,6.199566,2.248378528,0,0.0001,2.248378528,0
1991-03-04 00:00:00,6.2601,2.364801875,0,0.0001,2.364801875,0
1991-03-05 00:00:00,7.815655,2.479617188,0,0.0001,2.479617188,0
1991-03-06 00:00:00,4.94899,2.651008518,0,0.0001,2.651008518,0
1991-03-07 00:00:00,5.03945,2.799164659,0,0.0001,2.799164659,0
1991-03-08 00:00:00,6.566229,2.946972636,0,0.0001,2.946972636,0
1991-03-09 00:00:00,5.058283,3.127327321,0,0.0001,3.127327321,0
1991-03-10 00:00:00,6.571111,3.29100094,0,0.0001,3.29100094,0
1991-03-11 00:00:00,6.504498,3.477317284,0,0.0001,3.477317284,0
1991-03-12 00:00:00,7.400991,3.642746206,0,0.0001,3.642746206,0
1991-03-13 00:00:00,7.205717,3.83556068,0,0.0001,3.83556068,0
1991-03-14 00:00:00,6.26668,4.035236193,0,0.0001,4.035236193,0
1991-03-15 00:00:00,6.858441,4.229957263,0,0.0001,4.229957263,0
1991-03-16 00:00:00,6.038534,4.432379337,0,0.0001,4.432379337,0
1991-03-17 00:00:00,6.425687,4.633535158,0,0.0001,4.633535158,0
1991-03-18 00:00:00,5.943077,4.83487457,0,0.0001,4.83487457,0
1991-03-19 00:00:00,6.315013,5.040664596,0,0.0001,5.040664596,0
1991-03-20 00:00:00,4.27182,5.256650494,0,0.0001,5.256650494,0
1991-03-21 00:00:00,4.16683,5.467964094,0,0.0001,5.467964094,0
1991-03-22 00:00:00,5.595084,5.679167559,0,0.0001,5.679167559,0
1991-03-23 00:00:00,5.822731,5.893857525,0,0.0001,5.893857525,0
1991-03-24 00:00:00,5.797959,6.103046139,0,0.0001,6.103046139,0
1991-03-25 00:00:00,6.201482,6.265996685,0,0.0001,6.265996685,0
1991-03-26 00:00:00,5.770853,6.459973331,0,0.0001,6.459973331,0
1991-03-27 00:00:00,6.263063,6.687066197,0,0.0001,6.687066197,0
1991-03-28 00:00:00,5.640257,6.905606183,0,0.0001,6.905606183,0
1991-03-29 00:00:00,5.554467,7.121437611,0,0.0001,7.121437611,0
1991-03-30 00:00:00,6.048024,7.338271128,0,0.0001,7.338271128,0
1991-03-31 00:00:00,5.390453,7.554561159,0,0.0001,7.554561159,0
1991-04-01 00:00:00,5.31142,7.765202753,0,0.0001,7.765202753,0
1991-04-02 00:00:00,5.783539,7.993089442,0,0.0001,7.993089442,0
1991-04-03 00:00:00,5.65582,8.218999716,0,0.0001,8.218999716,0
1991-04-04 00:00:00,3.416143,8.424284202,0,0.0001,8.424284202,0
1991-04-05 00:00:00,5.012666,8.654111991,0,0.0001,8.654111991,0
1991-04-06 00:00:00,5.566342,8.874169715,0,0.0001,8.874169715,0
1991-04-07 00:00:00,4.920574,9.087989715,0,0.0001,9.087989715,0
1991-04-08 00:00:00,4.83361,9.308993975,0,0.0001,9.308993975,0
1991-04-09 00:00:00,4.705795,9.543747407,0,0.0001,9.543747407,0
1991-04-10 00:00:00,5.393618,9.783422327,0,0.0001,9.783422327,0
1991-04-11 00:00:00,5.333995,10.01613385,0,0.0001,10.01613385,0
1991-04-12 00:00:00,2.39484,10.1885271,0,0.0001,10.1885271,0
1991-04-13 00:00:00,4.953006,10.49591009,0,0.0001,10.49591009,0
1991-04-14 00:00:00,4.87021,10.73244353,0,0.0001,10.73244353,0
1991-04-15 00:00:00,4.81682,10.95968382,0,0.0001,10.95968382,0
1991-04-16 00:00:00,2.658173,11.06658667,0,0.0001,11.06658667,0
1991-04-17 00:00:00,5.20063,11.37375813,0,0.0001,11.37375813,0
1991-04-18 00:00:00,5.225212,11.59818974,0,0.0001,11.59818974,0
1991-04-19 00:00:00,5.316939,11.81421489,0,0.0001,11.81421489,0
1991-04-20 00:00:00,5.650712,11.97808211,0,0.0001,11.97808211,0
1991-04-21 00:00:00,6.265639,12.14255758,0,0.0001,12.14255758,0
1991-04-22 00:00:00,4.440069,12.3457102,0,0.0001,12.3457102,0
1991-04-23 00:00:00,3.151216,12.53332813,0,0.0001,12.53332813,0
1991-04-24 00:00:00,5.926365,12.86532484,0,0.0001,12.86532484,0
1991-04-25 00:00:00,4.155735,13.05924234,0,0.0001,13.05924234,0
1991-04-26 00:00:00,2.930624,13.24781837,0,0.0001,13.24781837,0
1991-04-27 00:00:00,4.022351,13.5463603,0,0.0001,13.5463603,0
1991-04-28 00:00:00,5.459835,13.81732894,0,0.0001,13.81732894,0
1991-04-29 00:00:00,5.323825,14.04386123,0,0.0001,14.04386123,0
1991-04-30 00:00:00,3.58157,14.01062231,0,0.0001,14.01062231,0
1991-05-01 00:00:00,6.438415,14.33035463,0,0.0001,14.33035463,0
1991-05-02 00:00:00,4.829756,14.52199281,0,0.0001,14.52199281,0
1991-05-03 00:00:00,6.205685,14.81473365,0,0.0001,14.81473365,0
1991-05-04 00:00:00,4.589757,15.01170062,0,0.0001,15.01170062,0
1991-05-05 00:00:00,3.321461,15.19602245,0,0.0001,15.19602245,0
1991-05-06 00:00:00,4.567073,15.51532175,0,0.0001,15.51532175,0
1991-05-07 00:00:00,5.869902,15.79202627,0,0.0001,15.79202627,0
1991-05-08 00:00:00,5.827989,16.02284997,0,0.0001,16.02284997,0
1991-05-09 00:00:00,5.843551,16.22681529,0,0.0001,16.22681529,0
1991-05-10 00:00:00,7.546254,16.27978296,0,0.0001,16.27978296,0
1991-05-11 00:00:00,6.591072,16.25954435,0,0.0001,16.25954435,0
1991-05-12 00:00:00,8.27613,16.57614592,0,0.0001,16.57614592,0
1991-05-13 00:00:00,5.477115,16.68076968,0,0.0001,16.68076968,0
1991-05-14 00:00:00,8.997495,17.0547067,0,0.0001,17.0547067,0
1991-05-15 00:00:00,8.548485,17.27111405,0,0.0001,17.27111405,0
1991-05-16 00:00:00,8.888674,17.4918897,0,0.0001,17.4918897,0
1991-05-17 00:00:00,8.643079,17.72458223,0,0.0001,17.72458223,0
1991-05-18 00:00:00,8.463901,17.9440832,0,0.0001,17.9440832,0
1991-05-19 00:00:00,8.228333,18.17182384,0,0.0001,18.17182384,0
1991-05-20 00:00:00,8.009525,18.3849927,0,0.0001,18.3849927,0
1991-05-21 00:00:00,5.617438,18.5072902,0,0.0001,18.5072902,0
1991-05-22 00:00:00,8.365,18.7627583,0,0.0001,18.7627583,0
1991-05-23 00:00:00,4.44791,18.89911793,0,0.0001,18.89911793,0
1991-05-24 00:00:00,4.564214,19.06877313,0,0.0001,19.06877313,0
1991-05-25 00:00:00,5.679965,19.32071505,0,0.0001,19.32071505,0
1991-05-26 00:00:00,4.326077,19.48229901,0,0.0001,19.48229901,0
1991-05-27 00:00:00,7.244996,19.77201158,0,0.0001,19.77201158,0
1991-05-28 00:00:00,5.903988,19.927156,0,0.0001,19.927156,0
1991-05-29 00:00:00,4.419273,19.92274774,0,0.0001,19.92274774,0
1991-05-30 00:00:00,4.718824,20.17248614,0,0.0001,20.17248614,0
1991-05-31 00:00:00,5.859445,20.46380057,0,0.0001,20.46380057,0
1991-06-01 00:00:00,7.847721,20.69848632,0,0.0001,20.69848632,0
1991-06-02 00:00:00,9.336986,20.7357371,0,0.0001,20.7357371,0
1991-06-03 00:00:00,7.230511,20.76251168,0,0.0001,20.76251168,0
1991-06-04 00:00:00,7.200954,20.98587089,0,0.0001,20.98587089,0
1991-06-05 00:00:00,9.499954,21.25695131,0,0.0001,21.25695131,0
1991-06-06 00:00:00,9.986558,21.39703311,0,0.0001,21.39703311,0
1991-06-07 00:00:00,14.425033,21.33133683,0,0.0001,21.33133683,0
1991-06-08 00:00:00,16.678717,21.41411506,0,0.0001,21.41411506,0
1991-06-09 00:00:00,16.959284,21.58434313,0,0.0001,21.58434313,0
1991-06-10 00:00:00,16.351063,21.74410979,0,0.0001,21.74410979,0
1991-06-11 00:00:00,16.656093,21.92460731,0,0.0001,21.92460731,0
1991-06-12 00:00:00,16.170793,22.09930948,0,0.0001,22.09930948,0
1991-06-13 00:00:00,13.355945,22.2526424,0,0.0001,22.2526424,0
1991-06-14 00:00:00,11.399148,22.4089881,0,0.0001,22.4089881,0
1991-06-15 00:00:00,12.482426,22.59157263,0,0.0001,22.59157263,0
1991-06-16 00:00:00,13.841208,22.75716758,0,0.0001,22.75716758,0
1991-06-17 00:00:00,19.773608,22.6419224,0,0.0001,22.6419224,0
1991-06-18 00:00:00,32.183906,22.70259021,0,0.0001,22.70259021,0
1991-06-19 00:00:00,36.506118,22.79896198,0,0.0001,22.79896198,0
1991-06-20 00:00:00,35.103554,22.9513207,0,0.0001,22.9513207,0
1991-06-21 00:00:00,32.645183,23.11202921,0,0.0001,23.11202921,0
1991-06-22 00:00:00,31.033163,23.24912036,0,0.0001,23.24912036,0
1991-06-23 00:00:00,29.747438,23.385633,0,0.0001,23.385633,0
1991-06-24 00:00:00,28.859553,23.52200833,0,0.0001,23.52200833,0
1991-06-25 00:00:00,27.559593,23.67839744,0,0.0001,23.67839744,0
1991-06-26 00:00:00,25.549451,23.85246467,0,0.0001,23.85246467,0
1991-06-27 00:00:00,23.584741,24.03446318,0,0.0001,24.03446318,0
1991-06-28 00:00:00,21.582808,24.22855125,0,0.0001,24.22855125,0
1991-06-29 00:00:00,19.620175,24.43693187,0,0.0001,24.43693187,0
1991-06-30 00:00:00,24.334936,24.09888342,0,0.0001,24.09888342,0
1991-07-01 00:00:00,23.521969,24.2149529,0,0.0001,24.2149529,0
1991-07-02 00:00:00,21.823698,24.34779156,0,0.0001,24.34779156,0
1991-07-03 00:00:00,20.954038,24.45135631,0,0.0001,24.45135631,0
1991-07-04 00:00:00,19.502158,24.57531646,0,0.0001,24.57531646,0
1991-07-05 00:00:00,18.119487,24.69262776,0,0.0001,24.69262776,0
1991-07-06 00:00:00,16.856857,24.80455182,0,0.0001,24.80455182,0
1991-07-07 00:00:00,15.759541,24.90915304,0,0.0001,24.90915304,0
1991-07-08 00:00:00,14.903629,24.99757641,0,0.0001,24.99757641,0
1991-07-09 00:00:00,13.848668,25.09917613,0,0.0001,25.09917613,0
1991-07-10 00:00:00,13.037036,25.18880256,0,0.0001,25.18880256,0
1991-07-11 00:00:00,12.431509,25.2684461,0,0.0001,25.2684461,0
1991-07-12 00:00:00,11.626082,25.35185532,0,0.0001,25.35185532,0
1991-07-13 00:00:00,11.758402,25.36824333,0,0.0001,25.36824333,0
1991-07-14 00:00:00,11.251067,25.43565409,0,0.0001,25.43565409,0
1991-07-15 00:00:00,10.645268,25.5010883,0,0.0001,25.5010883,0
1991-07-16 00:00:00,10.022557,25.56430132,0,0.0001,25.56430132,0
1991-07-17 00:00:00,9.53236,25.61427395,0,0.0001,25.61427395,0
1991-07-18 00:00:00,10.91451,25.44617323,0,0.0001,25.44617323,0
1991-07-19 00:00:00,16.621169,25.12230279,0,0.0001,25.12230279,0
1991-07-20 00:00:00,15.411661,25.21383767,0,0.0001,25.21383767,0
1991-07-21 00:00:00,14.566572,25.27055216,0,0.0001,25.27055216,0
1991-07-22 00:00:00,13.720773,25.31531237,0,0.0001,25.31531237,0
1991-07-23 00:00:00,13.268046,25.34005633,0,0.0001,25.34005633,0
1991-07-24 00:00:00,12.669022,25.36565955,0,0.0001,25.36565955,0
1991-07-25 00:00:00,11.48894,25.37921497,0,0.0001,25.37921497,0
1991-07-26 00:00:00,10.807311,25.39379197,0,0.0001,25.39379197,0
1991-07-27 00:00:00,10.953799,25.40546231,0,0.0001,25.40546231,0
1991-07-28 00:00:00,10.454129,25.39773101,0,0.0001,25.39773101,0
1991-07-29 00:00:00,6.072081,25.30080119,0,0.0001,25.30080119,0
1991-07-30 00:00:00,5.761273,25.27153299,0,0.0001,25.27153299,0
1991-07-31 00:00:00,6.670167,25.29881171,0,0.0001,25.29881171,0
1991-08-01 00:00:00,6.172043,25.29076358,0,0.0001,25.29076358,0
1991-08-02 00:00:00,4.063178,25.20498505,0,0.0001,25.20498505,0
1991-08-03 00:00:00,3.511297,25.17101874,0,0.0001,25.17101874,0
1991-08-04 00:00:00,7.864725,25.27254938,0,0.0001,25.27254938,0
1991-08-05 00:00:00,7.767032,25.20630375,0,0.0001,25.20630375,0
1991-08-06 00:00:00,8.845025,24.99955038,0,0.0001,24.99955038,0
1991-08-07 00:00:00,10.858136,24.77898659,0,0.0001,24.77898659,0
1991-08-08 00:00:00,8.786219,24.7208821,0,0.0001,24.7208821,0
1991-08-09 00:00:00,6.733011,24.61396797,0,0.0001,24.61396797,0
1991-08-10 00:00:00,9.308859,24.67793975,0,0.0001,24.67793975,0
1991-08-11 00:00:00,8.765877,24.64173862,0,0.0001,24.64173862,0
1991-08-12 00:00:00,7.000488,24.57274861,0,0.0001,24.57274861,0
1991-08-13 00:00:00,6.509856,24.52396328,0,0.0001,24.52396328,0
1991-08-14 00:00:00,3.188039,24.35821249,0,0.0001,24.35821249,0
1991-08-15 00:00:00,2.973456,24.29858256,0,0.0001,24.29858256,0
1991-08-16 00:00:00,2.767418,24.23579896,0,0.0001,24.23579896,0
1991-08-17 00:00:00,2.589102,24.16223972,0,0.0001,24.16223972,0
1991-08-18 00:00:00,2.885115,24.12552958,0,0.0001,24.12552958,0
1991-08-19 00:00:00,5.931955,24.12284012,0,0.0001,24.12284012,0
1991-08-20 00:00:00,5.989423,23.98406521,0,0.0001,23.98406521,0
1991-08-21 00:00:00,5.725689,23.81596463,0,0.0001,23.81596463,0
1991-08-22 00:00:00,5.437632,23.73870225,0,0.0001,23.73870225,0
1991-08-23 00:00:00,2.228132,23.52059481,0,0.0001,23.52059481,0
1991-08-24 00:00:00,4.720694,23.5327687,0,0.0001,23.5327687,0
1991-08-25 00:00:00,4.345681,23.43100088,0,0.0001,23.43100088,0
1991-08-26 00:00:00,1.849446,23.20048749,0,0.0001,23.20048749,0
1991-08-27 00:00:00,2.164515,23.14504086,0,0.0001,23.14504086,0
1991-08-28 00:00:00,3.417293,23.09972867,0,0.0001,23.09972867,0
1991-08-29 00:00:00,1.60881,22.86616942,0,0.0001,22.86616942,0
1991-08-30 00:00:00,2.854847,22.85333871,0,0.0001,22.85333871,0
1991-08-31 00:00:00,1.372266,22.60226026,0,0.0001,22.60226026,0
1991-09-01 00:00:00,1.29013,22.47259676,0,0.0001,22.47259676,0
1991-09-02 00:00:00,1.996378,22.44852249,0,0.0001,22.44852249,0
1991-09-03 00:00:00,1.715834,22.29688337,0,0.0001,22.29688337,0
1991-09-04 00:00:00,1.443071,22.13612796,0,0.0001,22.13612796,0
1991-09-05 00:00:00,1.022885,21.91121919,0,0.0001,21.91121919,0
1991-09-06 00:00:00,0.954676,21.77480337,0,0.0001,21.77480337,0
1991-09-07 00:00:00,0.898314,21.62861752,0,0.0001,21.62861752,0
1991-09-08 00:00:00,0.855487,21.4703056,0,0.0001,21.4703056,0
1991-09-09 00:00:00,0.792371,21.34109727,0,0.0001,21.34109727,0
1991-09-10 00:00:00,1.879971,21.33863913,0,0.0001,21.33863913,0
1991-09-11 00:00:00,0.797393,20.96500877,0,0.0001,20.96500877,0
1991-09-12 00:00:00,0.744138,20.82102106,0,0.0001,20.82102106,0
1991-09-13 00:00:00,0.6929,20.67686958,0,0.0001,20.67686958,0
1991-09-14 00:00:00,0.671289,20.49756586,0,0.0001,20.49756586,0
1991-09-15 00:00:00,0.623413,20.35679629,0,0.0001,20.35679629,0
1991-09-16 00:00:00,0.616674,20.1578701,0,0.0001,20.1578701,0
1991-09-17 00:00:00,0.596621,19.98079058,0,0.0001,19.98079058,0
1991-09-18 00:00:00,0.589295,19.78218106,0,0.0001,19.78218106,0
1991-09-19 00:00:00,0.59023,19.57006185,0,0.0001,19.57006185,0
1991-09-20 00:00:00,2.037673,19.76039736,0,0.0001,19.76039736,0
1991-09-21 00:00:00,0.58397,19.24824128,0,0.0001,19.24824128,0
1991-09-22 00:00:00,0.575076,18.98109447,0,0.0001,18.98109447,0
1991-09-23 00:00:00,1.797748,19.16388759,0,0.0001,19.16388759,0
1991-09-24 00:00:00,0.472592,18.67367265,0,0.0001,18.67367265,0
1991-09-25 00:00:00,2.046899,18.78437413,0,0.0001,18.78437413,0
1991-09-26 00:00:00,2.018571,18.56190421,0,0.0001,18.56190421,0
1991-09-27 00:00:00,0.853186,17.76451785,0,0.0001,17.76451785,0
1991-09-28 00:00:00,0.887813,17.60023412,0,0.0001,17.60023412,0
1991-09-29 00:00:00,0.822436,17.43572263,0,0.0001,17.43572263,0
1991-09-30 00:00:00,0.793605,17.234994,0,0.0001,17.234994,0
1991-10-01 00:00:00,1.754801,17.20068635,0,0.0001,17.20068635,0
1991-10-02 00:00:00,0.770458,16.8075345,0,0.0001,16.8075345,0
1991-10-03 00:00:00,0.732592,16.61393929,0,0.0001,16.61393929,0
1991-10-04 00:00:00,0.713929,16.41171895,0,0.0001,16.41171895,0
1991-10-05 00:00:00,2.013496,16.43432368,0,0.0001,16.43432368,0
1991-10-06 00:00:00,2.027079,16.22029754,0,0.0001,16.22029754,0
1991-10-07 00:00:00,0.735734,15.75995393,0,0.0001,15.75995393,0
1991-10-08 00:00:00,2.080716,15.68541477,0,0.0001,15.68541477,0
1991-10-09 00:00:00,0.751609,15.31450151,0,0.0001,15.31450151,0
1991-10-10 00:00:00,0.697705,15.12758004,0,0.0001,15.12758004,0
1991-10-11 00:00:00,1.238915,15.01628458,0,0.0001,15.01628458,0
1991-10-12 00:00:00,1.201895,14.79527872,0,0.0001,14.79527872,0
1991-10-13 00:00:00,1.162449,14.58387911,0,0.0001,14.58387911,0
1991-10-14 00:00:00,1.877403,14.43272419,0,0.0001,14.43272419,0
1991-10-15 00:00:00,1.096025,14.18305846,0,0.0001,14.18305846,0
1991-10-16 00:00:00,1.752317,14.01183075,0,0.0001,14.01183075,0
1991-10-17 00:00:00,1.903932,13.74924872,0,0.0001,13.74924872,0
1991-10-18 00:00:00,1.115871,13.20798659,0,0.0001,13.20798659,0
1991-10-19 00:00:00,1.039295,12.99794856,0,0.0001,12.99794856,0
1991-10-20 00:00:00,2.238308,12.8620985,0,0.0001,12.8620985,0
1991-10-21 00:00:00,2.167684,12.65870698,0,0.0001,12.65870698,0
1991-10-22 00:00:00,2.157115,12.41209673,0,0.0001,12.41209673,0
1991-10-23 00:00:00,2.528717,12.10906244,0,0.0001,12.10906244,0
1991-10-24 00:00:00,1.678732,11.72014305,0,0.0001,11.72014305,0
1991-10-25 00:00:00,1.607075,11.52878548,0,0.0001,11.52878548,0
1991-10-26 00:00:00,2.91073,11.31366424,0,0.0001,11.31366424,0
1991-10-27 00:00:00,1.402096,11.13464079,0,0.0001,11.13464079,0
1991-10-28 00:00:00,2.72559,10.87980435,0,0.0001,10.87980435,0
1991-10-29 00:00:00,2.888847,10.63115996,0,0.0001,10.63115996,0
1991-10-30 00:00:00,3.28895,10.29494639,0,0.0001,10.29494639,0
1991-10-31 00:00:00,3.781402,10.1211145,0,0.0001,10.1211145,0
1991-11-01 00:00:00,3.450945,9.957455418,0,0.0001,9.957455418,0
1991-11-02 00:00:00,3.190512,9.664168845,0,0.0001,9.664168845,0
1991-11-03 00:00:00,3.007534,9.354723145,0,0.0001,9.354723145,0
1991-11-04 00:00:00,3.105068,9.056489573,0,0.0001,9.056489573,0
1991-11-05 00:00:00,3.207673,8.791438854,0,0.0001,8.791438854,0
1991-11-06 00:00:00,3.258014,8.541560446,0,0.0001,8.541560446,0
1991-11-07 00:00:00,2.646299,8.338012614,0,0.0001,8.338012614,0
1991-11-08 00:00:00,2.560181,8.110573477,0,0.0001,8.110573477,0
1991-11-09 00:00:00,2.454748,7.891052415,0,0.0001,7.891052415,0
1991-11-10 00:00:00,2.366156,7.672268319,0,0.0001,7.672268319,0
1991-11-11 00:00:00,2.290493,7.459639857,0,0.0001,7.459639857,0
1991-11-12 00:00:00,2.226156,7.255590108,0,0.0001,7.255590108,0
1991-11-13 00:00:00,2.147291,7.055577058,0,0.0001,7.055577058,0
1991-11-14 00:00:00,2.060956,6.859060682,0,0.0001,6.859060682,0
1991-11-15 00:00:00,1.977766,6.666097724,0,0.0001,6.666097724,0
1991-11-16 00:00:00,3.785755,6.426160664,0,0.0001,6.426160664,0
1991-11-17 00:00:00,1.980253,6.30745981,0,0.0001,6.30745981,0
1991-11-18 00:00:00,2.033466,6.114700969,0,0.0001,6.114700969,0
1991-11-19 00:00:00,1.941847,5.941857401,0,0.0001,5.941857401,0
1991-11-20 00:00:00,3.822367,5.692083288,0,0.0001,5.692083288,0
1991-11-21 00:00:00,1.846584,5.615680569,0,0.0001,5.615680569,0
1991-11-22 00:00:00,2.17579,5.416765149,0,0.0001,5.416765149,0
1991-11-23 00:00:00,3.753276,5.164351758,0,0.0001,5.164351758,0
1991-11-24 00:00:00,1.842608,5.119833201,0,0.0001,5.119833201,0
1991-11-25 00:00:00,2.299536,4.886781138,0,0.0001,4.886781138,0
1991-11-26 00:00:00,1.72843,4.772534094,0,0.0001,4.772534094,0
1991-11-27 00:00:00,1.665999,4.604197311,0,0.0001,4.604197311,0
1991-11-28 00:00:00,1.573017,4.429297431,0,0.0001,4.429297431,0
1991-11-29 00:00:00,3.573957,4.15893147,0,0.0001,4.15893147,0
1991-11-30 00:00:00,4.473696,4.025062108,0,0.0001,4.025062108,0
1991-12-01 00:00:00,2.297351,3.944225429,0,0.0001,3.944225429,0
1991-12-02 00:00:00,2.20339,3.835650116,0,0.0001,3.835650116,0
1991-12-03 00:00:00,2.152828,3.703348946,0,0.0001,3.703348946,0
1991-12-04 00:00:00,4.214292,3.354239632,0,0.0001,3.354239632,0
1991-12-05 00:00:00,4.126842,3.177351913,0,0.0001,3.177351913,0
1991-12-06 00:00:00,2.873147,3.103698249,0,0.0001,3.103698249,0
1991-12-07 00:00:00,2.87783,2.924706663,0,0.0001,2.924706663,0
1991-12-08 00:00:00,1.8899,2.861871733,0,0.0001,2.861871733,0
1991-12-09 00:00:00,1.808037,2.6937153,0,0.0001,2.6937153,0
1991-12-10 00:00:00,2.800821,2.440434197,0,0.0001,2.440434197,0
1991-12-11 00:00:00,2.749968,2.294011657,0,0.0001,2.294011657,0
1991-12-12 00:00:00,1.76789,2.26157405,0,0.0001,2.26157405,0
1991-12-13 00:00:00,1.772959,2.09282754,0,0.0001,2.09282754,0
1991-12-14 00:00:00,4.014378,1.820657972,0,0.0001,1.820657972,0
1991-12-15 00:00:00,2.118133,1.915867804,0,0.0001,1.915867804,0
1991-12-16 00:00:00,5.067751,1.504541611,0,0.0001,1.504541611,0
1991-12-17 00:00:00,4.619285,1.396590048,0,0.0001,1.396590048,0
1991-12-18 00:00:00,2.431944,1.46003418,0,0.0001,1.46003418,0
1991-12-19 00:00:00,3.148245,1.253542509,0,0.0001,1.253542509,0
1991-12-20 00:00:00,3.173308,1.123292685,0,0.0001,1.123292685,0
1991-12-21 00:00:00,4.664053,0.920965065,0,0.0001,0.920965065,0
1991-12-22 00:00:00,4.591648,0.807957659,0,0.0001,0.807957659,0
1991-12-23 00:00:00,4.511219,0.695004542,0,0.0001,0.695004542,0
1991-12-24 00:00:00,4.580895,0.574309826,0,0.0001,0.574309826,0
1991-12-25 00:00:00,4.606341,0.479411773,0,0.0001,0.479411773,0
1991-12-26 00:00:00,4.359835,0.377279987,0,0.0001,0.377279987,0
1991-12-27 00:00:00,4.493414,0.303530996,0,0.0001,0.303530996,0
1991-12-28 00:00:00,3.564925,0.247054221,0,0.0001,0.247054221,0
1991-12-29 00:00:00,4.47722,0.144530332,0,0.0001,0.144530332,0
1991-12-30 00:00:00,3.458178,0.099776747,0,0.0001,0.099776747,0
1991-12-31 00:00:00,4.345934,0.001472191,0,0.0001,0.001472191,0
1992-01-01 00:00:00,4.287892,-0.06274966,0,0.0001,-0.06274966,0
1992-01-02 00:00:00,4.231897,-0.122460587,0,0.0001,-0.122460587,0
1992-01-03 00:00:00,4.893135,-0.159141512,0,0.0001,-0.159141512,0
1992-01-04 00:00:00,4.961242,-0.24753026,0,0.0001,-0.24753026,0
1992-01-05 00:00:00,6.126513,-0.335032963,0,0.0001,-0.335032963,0
1992-01-06 00:00:00,6.109205,-0.338981653,0,0.0001,-0.338981653,0
1992-01-07 00:00:00,6.134063,-0.357722239,0,0.0001,-0.357722239,0
1992-01-08 00:00:00,6.103564,-0.425885163,0,0.0001,-0.425885163,0
1992-01-09 00:00:00,5.983822,-0.515843128,0,0.0001,-0.515843128,0
1992-01-10 00:00:00,5.792435,-0.607481648,0,0.0001,-0.607481648,0
1992-01-11 00:00:00,4.660768,-0.614853292,0,0.0001,-0.614853292,0
1992-01-12 00:00:00,5.668763,-0.721330721,0,0.0001,-0.721330721,0
1992-01-13 00:00:00,4.613337,-0.738098746,0,0.0001,-0.738098746,0
1992-01-14 00:00:00,5.463132,-0.803333165,0,0.0001,-0.803333165,0
1992-01-15 00:00:00,4.63323,-0.820697905,0,0.0001,-0.820697905,0
1992-01-16 00:00:00,4.696641,-0.842814682,0,0.0001,-0.842814682,0
1992-01-17 00:00:00,5.294559,-0.865385366,0,0.0001,-0.865385366,0
1992-01-18 00:00:00,4.579848,-0.858878267,0,0.0001,-0.858878267,0
1992-01-19 00:00:00,5.1557,-0.871949871,0,0.0001,-0.871949871,0
1992-01-20 00:00:00,4.479995,-0.853887379,0,0.0001,-0.853887379,0
1992-01-21 00:00:00,5.022514,-0.853816082,0,0.0001,-0.853816082,0
1992-01-22 00:00:00,5.802576,-0.813861123,0,0.0001,-0.813861123,0
1992-01-23 00:00:00,5.850312,-0.844352416,0,0.0001,-0.844352416,0
1992-01-24 00:00:00,5.433991,-0.826121801,0,0.0001,-0.826121801,0
1992-01-25 00:00:00,5.387609,-0.792139143,0,0.0001,-0.792139143,0
1992-01-26 00:00:00,5.466466,-0.75959306,0,0.0001,-0.75959306,0
1992-01-27 00:00:00,5.404891,-0.733507234,0,0.0001,-0.733507234,0
1992-01-28 00:00:00,5.419004,-0.701548835,0,0.0001,-0.701548835,0
1992-01-29 00:00:00,4.82372,-0.65295555,0,0.0001,-0.65295555,0
1992-01-30 00:00:00,4.771287,-0.6145488,0,0.0001,-0.6145488,0
1992-01-31 00:00:00,5.174041,-0.581433092,0,0.0001,-0.581433092,0
1992-02-01 00:00:00,5.295683,-0.530299066,0,0.0001,-0.530299066,0
1992-02-02 00:00:00,5.096716,-0.489662932,0,0.0001,-0.489662932,0
1992-02-03 00:00:00,4.990197,-0.431618315,0,0.0001,-0.431618315,0
1992-02-04 00:00:00,4.647873,-0.386002098,0,0.0001,-0.386002098,0
1992-02-05 00:00:00,4.965018,-0.301277415,0,0.0001,-0.301277415,0
1992-02-06 00:00:00,5.112413,-0.242236805,0,0.0001,-0.242236805,0
1992-02-07 00:00:00,4.750517,-0.163198859,0,0.0001,-0.163198859,0
1992-02-08 00:00:00,4.919531,-0.089962253,0,0.0001,-0.089962253,0
1992-02-09 00:00:00,4.566941,-0.00268321,0,0.0001,-0.00268321,0
1992-02-10 00:00:00,4.791629,0.078062605,0,0.0001,0.078062605,0
1992-02-11 00:00:00,4.69015,0.166901384,0,0.0001,0.166901384,0
1992-02-12 00:00:00,4.388028,0.25986905,0,0.0001,0.25986905,0
1992-02-13 00:00:00,4.625961,0.357413535,0,0.0001,0.357413535,0
1992-02-14 00:00:00,4.229549,0.461583684,0,0.0001,0.461583684,0
1992-02-15 00:00:00,4.492505,0.561272324,0,0.0001,0.561272324,0
1992-02-16 00:00:00,4.1376,0.668003782,0,0.0001,0.668003782,0
1992-02-17 00:00:00,4.413133,0.780304551,0,0.0001,0.780304551,0
1992-02-18 00:00:00,4.524123,0.898535798,0,0.0001,0.898535798,0
1992-02-19 00:00:00,5.832692,0.97466692,0,0.0001,0.97466692,0
1992-02-20 00:00:00,5.118719,1.039296445,0,0.0001,1.039296445,0
1992-02-21 00:00:00,6.416959,1.171379826,0,0.0001,1.171379826,0
1992-02-22 00:00:00,8.302627,1.264731149,0,0.0001,1.264731149,0
1992-02-23 00:00:00,7.986047,1.363178749,0,0.0001,1.363178749,0
1992-02-24 00:00:00,7.403566,1.465225419,0,0.0001,1.465225419,0
1992-02-25 00:00:00,7.475189,1.521961047,0,0.0001,1.521961047,0
1992-02-26 00:00:00,7.426075,1.595235059,0,0.0001,1.595235059,0
1992-02-27 00:00:00,7.471037,1.690841162,0,0.0001,1.690841162,0
1992-02-28 00:00:00,7.48173,1.799440102,0,0.0001,1.799440102,0
1992-02-29 00:00:00,8.111974,1.932055781,0,0.0001,1.932055781,0
1992-03-01 00:00:00,8.945318,2.016822876,0,0.0001,2.016822876,0
1992-03-02 00:00:00,8.866528,2.23119862,0,0.0001,2.23119862,0
1992-03-03 00:00:00,8.848262,2.395165389,0,0.0001,2.395165389,0
1992-03-04 00:00:00,7.112131,2.563917008,0,0.0001,2.563917008,0
1992-03-05 00:00:00,7.201216,2.676077137,0,0.0001,2.676077137,0
1992-03-06 00:00:00,5.695728,2.829982443,0,0.0001,2.829982443,0
1992-03-07 00:00:00,7.96292,2.925160902,0,0.0001,2.925160902,0
1992-03-08 00:00:00,7.853065,3.078441893,0,0.0001,3.078441893,0
1992-03-09 00:00:00,9.260119,3.193605002,0,0.0001,3.193605002,0
1992-03-10 00:00:00,8.927545,3.362805318,0,0.0001,3.362805318,0
1992-03-11 00:00:00,6.414675,3.569301654,0,0.0001,3.569301654,0
1992-03-12 00:00:00,8.604364,3.710238475,0,0.0001,3.710238475,0
1992-03-13 00:00:00,4.6172,3.934013233,0,0.0001,3.934013233,0
1992-03-14 00:00:00,4.622841,4.104709804,0,0.0001,4.104709804,0
1992-03-15 00:00:00,6.790265,4.246426352,0,0.0001,4.246426352,0
1992-03-16 00:00:00,5.18447,4.442694625,0,0.0001,4.442694625,0
1992-03-17 00:00:00,4.947541,4.624230774,0,0.0001,4.624230774,0
1992-03-18 00:00:00,5.161052,4.78990466,0,0.0001,4.78990466,0
1992-03-19 00:00:00,6.571192,4.957786728,0,0.0001,4.957786728,0
1992-03-20 00:00:00,6.539368,5.148535884,0,0.0001,5.148535884,0
1992-03-21 00:00:00,5.004472,5.368605591,0,0.0001,5.368605591,0
1992-03-22 00:00:00,6.484907,5.562591409,0,0.0001,5.562591409,0
1992-03-23 00:00:00,8.004629,5.764821214,0,0.0001,5.764821214,0
1992-03-24 00:00:00,6.654472,5.967702402,0,0.0001,5.967702402,0
1992-03-25 00:00:00,7.037649,6.147319483,0,0.0001,6.147319483,0
1992-03-26 00:00:00,6.951197,6.368475471,0,0.0001,6.368475471,0
1992-03-27 00:00:00,8.283257,6.574354641,0,0.0001,6.574354641,0
1992-03-28 00:00:00,6.831103,6.7770042,0,0.0001,6.7770042,0
1992-03-29 00:00:00,5.302056,6.994549923,0,0.0001,6.994549923,0
1992-03-30 00:00:00,4.39622,7.204783064,0,0.0001,7.204783064,0
1992-03-31 00:00:00,4.24473,7.417338329,0,0.0001,7.417338329,0
1992-04-01 00:00:00,4.893987,7.637516504,0,0.0001,7.637516504,0
1992-04-02 00:00:00,3.874274,7.858854149,0,0.0001,7.858854149,0
1992-04-03 00:00:00,7.447274,8.096548033,0,0.0001,8.096548033,0
1992-04-04 00:00:00,7.224084,8.32757431,0,0.0001,8.32757431,0
1992-04-05 00:00:00,3.592619,8.523055466,0,0.0001,8.523055466,0
1992-04-06 00:00:00,3.521534,8.750038495,0,0.0001,8.750038495,0
1992-04-07 00:00:00,3.393551,8.985092827,0,0.0001,8.985092827,0
1992-04-08 00:00:00,3.257354,9.220533692,0,0.0001,9.220533692,0
1992-04-09 00:00:00,5.477399,9.480569352,0,0.0001,9.480569352,0
1992-04-10 00:00:00,6.593039,9.726266314,0,0.0001,9.726266314,0
1992-04-11 00:00:00,5.725946,9.925374975,0,0.0001,9.925374975,0
1992-04-12 00:00:00,4.524443,10.11743,0,0.0001,10.11743,0
1992-04-13 00:00:00,3.542793,10.31489871,0,0.0001,10.31489871,0
1992-04-14 00:00:00,7.101804,10.62661839,0,0.0001,10.62661839,0
1992-04-15 00:00:00,3.20986,10.79838021,0,0.0001,10.79838021,0
1992-04-16 00:00:00,3.038303,11.04248744,0,0.0001,11.04248744,0
1992-04-17 00:00:00,6.38057,11.36396083,0,0.0001,11.36396083,0
1992-04-18 00:00:00,4.944121,11.58581843,0,0.0001,11.58581843,0
1992-04-19 00:00:00,6.499993,11.81577765,0,0.0001,11.81577765,0
1992-04-20 00:00:00,5.030477,12.00504216,0,0.0001,12.00504216,0
1992-04-21 00:00:00,6.396857,12.27885978,0,0.0001,12.27885978,0
1992-04-22 00:00:00,6.214278,12.53163967,0,0.0001,12.53163967,0
1992-04-23 00:00:00,6.069707,12.77296062,0,0.0001,12.77296062,0
1992-04-24 00:00:00,4.480901,12.97809457,0,0.0001,12.97809457,0
1992-04-25 00:00:00,5.714277,13.24753214,0,0.0001,13.24753214,0
1992-04-26 00:00:00,5.450116,13.49909169,0,0.0001,13.49909169,0
1992-04-27 00:00:00,3.739294,13.71396985,0,0.0001,13.71396985,0
1992-04-28 00:00:00,5.396885,13.99914367,0,0.0001,13.99914367,0
1992-04-29 00:00:00,5.217247,14.2471425,0,0.0001,14.2471425,0
1992-04-30 00:00:00,7.199965,14.20547855,0,0.0001,14.20547855,0
1992-05-01 00:00:00,8.631251,14.34006552,0,0.0001,14.34006552,0
1992-05-02 00:00:00,6.030195,14.36919191,0,0.0001,14.36919191,0
1992-05-03 00:00:00,9.801827,14.74311834,0,0.0001,14.74311834,0
1992-05-04 00:00:00,5.447844,14.85454151,0,0.0001,14.85454151,0
1992-05-05 00:00:00,6.01844,15.15246773,0,0.0001,15.15246773,0
1992-05-06 00:00:00,8.574838,15.48057974,0,0.0001,15.48057974,0
1992-05-07 00:00:00,8.842226,15.66983378,0,0.0001,15.66983378,0
1992-05-08 00:00:00,5.216191,15.76626456,0,0.0001,15.76626456,0
1992-05-09 00:00:00,7.859758,16.09438224,0,0.0001,16.09438224,0
1992-05-10 00:00:00,7.63846,16.32413957,0,0.0001,16.32413957,0
1992-05-11 00:00:00,4.55706,16.4858088,0,0.0001,16.4858088,0
1992-05-12 00:00:00,7.334679,16.79425045,0,0.0001,16.79425045,0
1992-05-13 00:00:00,7.82664,17.03571584,0,0.0001,17.03571584,0
1992-05-14 00:00:00,4.087439,17.18143131,0,0.0001,17.18143131,0
1992-05-15 00:00:00,5.688119,17.45437662,0,0.0001,17.45437662,0
1992-05-16 00:00:00,7.056125,17.71124286,0,0.0001,17.71124286,0
1992-05-17 00:00:00,7.249358,17.94552277,0,0.0001,17.94552277,0
1992-05-18 00:00:00,3.711849,18.07014296,0,0.0001,18.07014296,0
1992-05-19 00:00:00,3.49992,18.30189116,0,0.0001,18.30189116,0
1992-05-20 00:00:00,4.831709,18.5834892,0,0.0001,18.5834892,0
1992-05-21 00:00:00,4.589852,18.80494847,0,0.0001,18.80494847,0
1992-05-22 00:00:00,5.851218,19.0635434,0,0.0001,19.0635434,0
1992-05-23 00:00:00,6.103283,19.28905288,0,0.0001,19.28905288,0
1992-05-24 00:00:00,2.728543,19.38146566,0,0.0001,19.38146566,0
1992-05-25 00:00:00,2.748656,19.56413209,0,0.0001,19.56413209,0
1992-05-26 00:00:00,3.862151,19.86345404,0,0.0001,19.86345404,0
1992-05-27 00:00:00,5.57423,20.13728807,0,0.0001,20.13728807,0
1992-05-28 00:00:00,5.549216,20.29844372,0,0.0001,20.29844372,0
1992-05-29 00:00:00,6.369375,20.37614731,0,0.0001,20.37614731,0
1992-05-30 00:00:00,6.108287,20.6018563,0,0.0001,20.6018563,0
1992-05-31 00:00:00,5.401979,20.76520535,0,0.0001,20.76520535,0
1992-06-01 00:00:00,5.831387,21.0070088,0,0.0001,21.0070088,0
1992-06-02 00:00:00,5.542776,21.21993677,0,0.0001,21.21993677,0
1992-06-03 00:00:00,5.28046,21.43004085,0,0.0001,21.43004085,0
1992-06-04 00:00:00,5.1307,21.63020032,0,0.0001,21.63020032,0
1992-06-05 00:00:00,5.091775,21.76816755,0,0.0001,21.76816755,0
1992-06-06 00:00:00,5.311184,21.90593991,0,0.0001,21.90593991,0
1992-06-07 00:00:00,5.80293,21.95868339,0,0.0001,21.95868339,0
1992-06-08 00:00:00,6.020339,22.12249623,0,0.0001,22.12249623,0
1992-06-09 00:00:00,5.743494,22.32028542,0,0.0001,22.32028542,0
1992-06-10 00:00:00,5.459953,22.5144274,0,0.0001,22.5144274,0
1992-06-11 00:00:00,5.151946,22.70524271,0,0.0001,22.70524271,0
1992-06-12 00:00:00,2.355392,22.62555673,0,0.0001,22.62555673,0
1992-06-13 00:00:00,4.843203,23.05825479,0,0.0001,23.05825479,0
1992-06-14 00:00:00,4.636097,23.23356607,0,0.0001,23.23356607,0
1992-06-15 00:00:00,7.152706,22.85466284,0,0.0001,22.85466284,0
1992-06-16 00:00:00,7.297412,22.72284177,0,0.0001,22.72284177,0
1992-06-17 00:00:00,5.811703,22.78101136,0,0.0001,22.78101136,0
1992-06-18 00:00:00,8.235636,23.23596822,0,0.0001,23.23596822,0
1992-06-19 00:00:00,7.780633,23.445289,0,0.0001,23.445289,0
1992-06-20 00:00:00,7.599941,23.59239655,0,0.0001,23.59239655,0
1992-06-21 00:00:00,7.439936,23.19765465,0,0.0001,23.19765465,0
1992-06-22 00:00:00,9.093559,23.50064774,0,0.0001,23.50064774,0
1992-06-23 00:00:00,10.487289,23.70463987,0,0.0001,23.70463987,0
1992-06-24 00:00:00,9.420168,23.78877953,0,0.0001,23.78877953,0
1992-06-25 00:00:00,8.148318,23.8702103,0,0.0001,23.8702103,0
1992-06-26 00:00:00,7.933012,24.04264744,0,0.0001,24.04264744,0
1992-06-27 00:00:00,7.676884,24.19518802,0,0.0001,24.19518802,0
1992-06-28 00:00:00,9.065764,24.35285474,0,0.0001,24.35285474,0
1992-06-29 00:00:00,8.92287,24.44819328,0,0.0001,24.44819328,0
1992-06-30 00:00:00,9.536449,24.49597184,0,0.0001,24.49597184,0
1992-07-01 00:00:00,6.132936,24.55156816,0,0.0001,24.55156816,0
1992-07-02 00:00:00,5.209782,24.60725716,0,0.0001,24.60725716,0
1992-07-03 00:00:00,6.016038,24.76025896,0,0.0001,24.76025896,0
1992-07-04 00:00:00,8.191419,24.9067295,0,0.0001,24.9067295,0
1992-07-05 00:00:00,7.522663,24.90598971,0,0.0001,24.90598971,0
1992-07-06 00:00:00,9.376302,24.92294379,0,0.0001,24.92294379,0
1992-07-07 00:00:00,9.635701,24.95579756,0,0.0001,24.95579756,0
1992-07-08 00:00:00,9.022643,24.5651727,0,0.0001,24.5651727,0
1992-07-09 00:00:00,10.738033,24.82024537,0,0.0001,24.82024537,0
1992-07-10 00:00:00,9.10238,24.86671676,0,0.0001,24.86671676,0
1992-07-11 00:00:00,8.91374,24.98881975,0,0.0001,24.98881975,0
1992-07-12 00:00:00,10.914301,25.15152996,0,0.0001,25.15152996,0
1992-07-13 00:00:00,9.943458,25.22410506,0,0.0001,25.22410506,0
1992-07-14 00:00:00,8.336063,25.24301686,0,0.0001,25.24301686,0
1992-07-15 00:00:00,9.587379,25.34457913,0,0.0001,25.34457913,0
1992-07-16 00:00:00,9.566988,25.36193894,0,0.0001,25.36193894,0
1992-07-17 00:00:00,8.458595,25.27883403,0,0.0001,25.27883403,0
1992-07-18 00:00:00,10.07878,25.34375794,0,0.0001,25.34375794,0
1992-07-19 00:00:00,10.25607,25.33230495,0,0.0001,25.33230495,0
1992-07-20 00:00:00,10.744043,25.29627347,0,0.0001,25.29627347,0
1992-07-21 00:00:00,12.209212,25.19373458,0,0.0001,25.19373458,0
1992-07-22 00:00:00,11.497331,25.21226936,0,0.0001,25.21226936,0
1992-07-23 00:00:00,12.334702,25.18984234,0,0.0001,25.18984234,0
1992-07-24 00:00:00,12.110691,25.19808756,0,0.0001,25.19808756,0
1992-07-25 00:00:00,12.93293,25.15341068,0,0.0001,25.15341068,0
1992-07-26 00:00:00,13.371092,25.10907791,0,0.0001,25.10907791,0
1992-07-27 00:00:00,10.626128,24.97775502,0,0.0001,24.97775502,0
1992-07-28 00:00:00,11.85575,25.01868196,0,0.0001,25.01868196,0
1992-07-29 00:00:00,10.143351,24.98180916,0,0.0001,24.98180916,0
1992-07-30 00:00:00,12.757859,25.03800753,0,0.0001,25.03800753,0
1992-07-31 00:00:00,10.94317,25.03407944,0,0.0001,25.03407944,0
1992-08-01 00:00:00,11.183979,25.04408524,0,0.0001,25.04408524,0
1992-08-02 00:00:00,10.793114,25.02947128,0,0.0001,25.02947128,0
1992-08-03 00:00:00,10.640504,24.95170014,0,0.0001,24.95170014,0
1992-08-04 00:00:00,10.676028,24.91280893,0,0.0001,24.91280893,0
1992-08-05 00:00:00,8.765411,24.87240941,0,0.0001,24.87240941,0
1992-08-06 00:00:00,8.339839,24.84694223,0,0.0001,24.84694223,0
1992-08-07 00:00:00,7.848097,24.8119335,0,0.0001,24.8119335,0
1992-08-08 00:00:00,8.816185,24.79596855,0,0.0001,24.79596855,0
1992-08-09 00:00:00,8.258183,24.76441991,0,0.0001,24.76441991,0
1992-08-10 00:00:00,7.847112,24.72280142,0,0.0001,24.72280142,0
1992-08-11 00:00:00,7.840335,24.63331231,0,0.0001,24.63331231,0
1992-08-12 00:00:00,7.745197,24.35305924,0,0.0001,24.35305924,0
1992-08-13 00:00:00,9.310185,24.32659865,0,0.0001,24.32659865,0
1992-08-14 00:00:00,8.863632,24.2599953,0,0.0001,24.2599953,0
1992-08-15 00:00:00,9.337852,24.12500595,0,0.0001,24.12500595,0
1992-08-16 00:00:00,9.010006,24.05474162,0,0.0001,24.05474162,0
1992-08-17 00:00:00,8.903627,23.91882157,0,0.0001,23.91882157,0
1992-08-18 00:00:00,8.919722,23.83768316,0,0.0001,23.83768316,0
1992-08-19 00:00:00,8.576057,23.7500478,0,0.0001,23.7500478,0
1992-08-20 00:00:00,6.836492,23.61260624,0,0.0001,23.61260624,0
1992-08-21 00:00:00,8.101387,23.54196896,0,0.0001,23.54196896,0
1992-08-22 00:00:00,7.707631,23.43780281,0,0.0001,23.43780281,0
1992-08-23 00:00:00,7.419077,23.34213094,0,0.0001,23.34213094,0
1992-08-24 00:00:00,7.061462,23.2068842,0,0.0001,23.2068842,0
1992-08-25 00:00:00,7.15146,23.0952357,0,0.0001,23.0952357,0
1992-08-26 00:00:00,6.32285,22.97458237,0,0.0001,22.97458237,0
1992-08-27 00:00:00,4.452171,22.83587216,0,0.0001,22.83587216,0
1992-08-28 00:00:00,5.641035,22.73763041,0,0.0001,22.73763041,0
1992-08-29 00:00:00,6.077156,22.6251783,0,0.0001,22.6251783,0
1992-08-30 00:00:00,5.437765,22.45111654,0,0.0001,22.45111654,0
1992-08-31 00:00:00,6.028272,22.32778275,0,0.0001,22.32778275,0
1992-09-01 00:00:00,2.334859,22.1194339,0,0.0001,22.1194339,0
1992-09-02 00:00:00,4.40456,22.06549762,0,0.0001,22.06549762,0
1992-09-03 00:00:00,2.600998,21.89124183,0,0.0001,21.89124183,0
1992-09-04 00:00:00,5.036896,21.81126101,0,0.0001,21.81126101,0
1992-09-05 00:00:00,3.632554,21.65785582,0,0.0001,21.65785582,0
1992-09-06 00:00:00,4.723385,21.52586923,0,0.0001,21.52586923,0
1992-09-07 00:00:00,4.423774,21.39267395,0,0.0001,21.39267395,0
1992-09-08 00:00:00,4.371677,21.22725642,0,0.0001,21.22725642,0
1992-09-09 00:00:00,2.925431,21.02226584,0,0.0001,21.02226584,0
1992-09-10 00:00:00,2.66512,20.86389483,0,0.0001,20.86389483,0
1992-09-11 00:00:00,2.392773,20.70656693,0,0.0001,20.70656693,0
1992-09-12 00:00:00,3.679425,20.60349513,0,0.0001,20.60349513,0
1992-09-13 00:00:00,1.950776,20.39414457,0,0.0001,20.39414457,0
1992-09-14 00:00:00,3.22884,20.27698175,0,0.0001,20.27698175,0
1992-09-15 00:00:00,3.451427,20.13327819,0,0.0001,20.13327819,0
1992-09-16 00:00:00,1.332953,19.65718561,0,0.0001,19.65718561,0
1992-09-17 00:00:00,3.242858,19.53832853,0,0.0001,19.53832853,0
1992-09-18 00:00:00,3.871892,19.40940422,0,0.0001,19.40940422,0
1992-09-19 00:00:00,1.338435,19.11438674,0,0.0001,19.11438674,0
1992-09-20 00:00:00,2.875461,19.02413957,0,0.0001,19.02413957,0
1992-09-21 00:00:00,3.534801,18.86409958,0,0.0001,18.86409958,0
1992-09-22 00:00:00,1.342689,18.51074311,0,0.0001,18.51074311,0
1992-09-23 00:00:00,2.745382,18.36697337,0,0.0001,18.36697337,0
1992-09-24 00:00:00,1.380175,18.09989344,0,0.0001,18.09989344,0
1992-09-25 00:00:00,1.304796,17.91544682,0,0.0001,17.91544682,0
1992-09-26 00:00:00,2.189082,17.81933309,0,0.0001,17.81933309,0
1992-09-27 00:00:00,3.249111,17.66098123,0,0.0001,17.66098123,0
1992-09-28 00:00:00,1.18685,17.32343174,0,0.0001,17.32343174,0
1992-09-29 00:00:00,1.13623,17.12898413,0,0.0001,17.12898413,0
1992-09-30 00:00:00,1.612775,17.00189379,0,0.0001,17.00189379,0
1992-10-01 00:00:00,2.879666,16.86268178,0,0.0001,16.86268178,0
1992-10-02 00:00:00,2.821005,16.66366435,0,0.0001,16.66366435,0
1992-10-03 00:00:00,2.692631,16.46506264,0,0.0001,16.46506264,0
1992-10-04 00:00:00,2.515022,16.26908574,0,0.0001,16.26908574,0
1992-10-05 00:00:00,2.36332,16.07638315,0,0.0001,16.07638315,0
1992-10-06 00:00:00,2.209401,15.87976345,0,0.0001,15.87976345,0
1992-10-07 00:00:00,2.320721,15.69382572,0,0.0001,15.69382572,0
1992-10-08 00:00:00,0.721999,15.35387679,0,0.0001,15.35387679,0
1992-10-09 00:00:00,0.736604,15.12211174,0,0.0001,15.12211174,0
1992-10-10 00:00:00,0.720821,14.91301371,0,0.0001,14.91301371,0
1992-10-11 00:00:00,2.147698,14.82686939,0,0.0001,14.82686939,0
1992-10-12 00:00:00,0.856304,14.41837773,0,0.0001,14.41837773,0
1992-10-13 00:00:00,1.122287,14.06318083,0,0.0001,14.06318083,0
1992-10-14 00:00:00,2.076547,13.91712961,0,0.0001,13.91712961,0
1992-10-15 00:00:00,1.995485,13.73487671,0,0.0001,13.73487671,0
1992-10-16 00:00:00,0.968647,13.49208715,0,0.0001,13.49208715,0
1992-10-17 00:00:00,1.853344,13.33002508,0,0.0001,13.33002508,0
1992-10-18 00:00:00,0.935434,13.06865147,0,0.0001,13.06865147,0
1992-10-19 00:00:00,1.727799,12.90272465,0,0.0001,12.90272465,0
1992-10-20 00:00:00,0.882523,12.64426838,0,0.0001,12.64426838,0
1992-10-21 00:00:00,1.600674,12.47384129,0,0.0001,12.47384129,0
1992-10-22 00:00:00,2.14708,12.28145304,0,0.0001,12.28145304,0
1992-10-23 00:00:00,0.889105,11.97313313,0,0.0001,11.97313313,0
1992-10-24 00:00:00,1.685749,11.75234155,0,0.0001,11.75234155,0
1992-10-25 00:00:00,2.201494,11.55497998,0,0.0001,11.55497998,0
1992-10-26 00:00:00,1.129819,11.2440651,0,0.0001,11.2440651,0
1992-10-27 00:00:00,1.157501,10.99280307,0,0.0001,10.99280307,0
1992-10-28 00:00:00,1.102338,10.81571231,0,0.0001,10.81571231,0
1992-10-29 00:00:00,1.09477,10.61725458,0,0.0001,10.61725458,0
1992-10-30 00:00:00,2.560896,10.38196966,0,0.0001,10.38196966,0
1992-10-31 00:00:00,1.165846,10.17561201,0,0.0001,10.17561201,0
1992-11-01 00:00:00,1.346263,9.906227897,0,0.0001,9.906227897,0
1992-11-02 00:00:00,1.305864,9.698555183,0,0.0001,9.698555183,0
1992-11-03 00:00:00,1.286173,9.494298199,0,0.0001,9.494298199,0
1992-11-04 00:00:00,2.806538,9.206836934,0,0.0001,9.206836934,0
1992-11-05 00:00:00,2.195748,9.002893209,0,0.0001,9.002893209,0
1992-11-06 00:00:00,1.518658,8.780394535,0,0.0001,8.780394535,0
1992-11-07 00:00:00,1.48854,8.588635128,0,0.0001,8.588635128,0
1992-11-08 00:00:00,1.435604,8.383975119,0,0.0001,8.383975119,0
1992-11-09 00:00:00,1.400168,8.165582332,0,0.0001,8.165582332,0
1992-11-10 00:00:00,1.394388,7.940101948,0,0.0001,7.940101948,0
1992-11-11 00:00:00,1.346374,7.727655991,0,0.0001,7.727655991,0
1992-11-12 00:00:00,1.299193,7.517596666,0,0.0001,7.517596666,0
1992-11-13 00:00:00,2.181605,7.246815627,0,0.0001,7.246815627,0
1992-11-14 00:00:00,1.170145,7.069685475,0,0.0001,7.069685475,0
1992-11-15 00:00:00,1.222479,6.895583728,0,0.0001,6.895583728,0
1992-11-16 00:00:00,1.219075,6.677862867,0,0.0001,6.677862867,0
1992-11-17 00:00:00,1.225995,6.491154985,0,0.0001,6.491154985,0
1992-11-18 00:00:00,1.214375,6.302880408,0,0.0001,6.302880408,0
1992-11-19 00:00:00,1.14685,6.099859932,0,0.0001,6.099859932,0
1992-11-20 00:00:00,1.264241,5.947243289,0,0.0001,5.947243289,0
1992-11-21 00:00:00,1.217565,5.72798912,0,0.0001,5.72798912,0
1992-11-22 00:00:00,1.226427,5.563079448,0,0.0001,5.563079448,0
1992-11-23 00:00:00,1.20266,5.3854081,0,0.0001,5.3854081,0
1992-11-24 00:00:00,2.755902,5.10044117,0,0.0001,5.10044117,0
1992-11-25 00:00:00,1.15369,5.037529821,0,0.0001,5.037529821,0
1992-11-26 00:00:00,2.6998,4.749926559,0,0.0001,4.749926559,0
1992-11-27 00:00:00,1.113223,4.68733102,0,0.0001,4.68733102,0
1992-11-28 00:00:00,2.642615,4.409298484,0,0.0001,4.409298484,0
1992-11-29 00:00:00,1.168742,4.402143383,0,0.0001,4.402143383,0
1992-11-30 00:00:00,1.237936,4.201962068,0,0.0001,4.201962068,0
1992-12-01 00:00:00,2.82285,3.886930043,0,0.0001,3.886930043,0
1992-12-02 00:00:00,2.771929,3.737755168,0,0.0001,3.737755168,0
1992-12-03 00:00:00,3.594744,3.51098576,0,0.0001,3.51098576,0
1992-12-04 00:00:00,1.743266,3.498772067,0,0.0001,3.498772067,0
1992-12-05 00:00:00,1.712816,3.374584482,0,0.0001,3.374584482,0
1992-12-06 00:00:00,1.685214,3.219726502,0,0.0001,3.219726502,0
1992-12-07 00:00:00,3.393687,2.867363341,0,0.0001,2.867363341,0
1992-12-08 00:00:00,3.291435,2.704513586,0,0.0001,2.704513586,0
1992-12-09 00:00:00,2.865256,2.582659961,0,0.0001,2.582659961,0
1992-12-10 00:00:00,2.865933,2.426064978,0,0.0001,2.426064978,0
1992-12-11 00:00:00,2.91212,2.255814112,0,0.0001,2.255814112,0
1992-12-12 00:00:00,2.900396,2.118662468,0,0.0001,2.118662468,0
1992-12-13 00:00:00,1.552473,2.110760065,0,0.0001,2.110760065,0
1992-12-14 00:00:00,3.28816,1.832161808,0,0.0001,1.832161808,0
1992-12-15 00:00:00,2.84208,1.717046437,0,0.0001,1.717046437,0
1992-12-16 00:00:00,2.836541,1.602888233,0,0.0001,1.602888233,0
1992-12-17 00:00:00,3.225884,1.478188052,0,0.0001,1.478188052,0
1992-12-18 00:00:00,3.197336,1.372350905,0,0.0001,1.372350905,0
1992-12-19 00:00:00,1.435846,1.421145741,0,0.0001,1.421145741,0
1992-12-20 00:00:00,3.176922,1.155002646,0,0.0001,1.155002646,0
1992-12-21 00:00:00,3.099919,1.049542335,0,0.0001,1.049542335,0
1992-12-22 00:00:00,3.090276,0.953921817,0,0.0001,0.953921817,0
1992-12-23 00:00:00,3.120152,0.856129893,0,0.0001,0.856129893,0
1992-12-24 00:00:00,2.996786,0.755694655,0,0.0001,0.755694655,0
1992-12-25 00:00:00,2.984383,0.676097154,0,0.0001,0.676097154,0
1992-12-26 00:00:00,1.427017,0.721669115,0,0.0001,0.721669115,0
1992-12-27 00:00:00,3.125503,0.496471311,0,0.0001,0.496471311,0
1992-12-28 00:00:00,2.903963,0.423881468,0,0.0001,0.423881468,0
1992-12-29 00:00:00,2.882963,0.34841067,0,0.0001,0.34841067,0
1992-12-30 00:00:00,2.881284,0.274260033,0,0.0001,0.274260033,0
1992-12-31 00:00:00,2.932339,0.198366676,0,0.0001,0.198366676,0
1993-01-01 00:00:00,2.930415,0.135697671,0,0.0001,0.135697671,0
1993-01-02 00:00:00,4.050082,0.084089334,0,0.0001,0.084089334,0
1993-01-03 00:00:00,3.551161,-0.045412605,0,0.0001,-0.045412605,0
1993-01-04 00:00:00,4.431633,0.004923321,0,0.0001,0.004923321,0
1993-01-05 00:00:00,5.332111,-0.107233796,0,0.0001,-0.107233796,0
1993-01-06 00:00:00,5.33791,-0.127970342,0,0.0001,-0.127970342,0
1993-01-07 00:00:00,5.343422,-0.188582529,0,0.0001,-0.188582529,0
1993-01-08 00:00:00,4.51455,-0.217462946,0,0.0001,-0.217462946,0
1993-01-09 00:00:00,2.983955,-0.120460236,0,0.0001,-0.120460236,0
1993-01-10 00:00:00,5.185752,-0.455835696,0,0.0001,-0.455835696,0
1993-01-11 00:00:00,4.637444,-0.510165975,0,0.0001,-0.510165975,0
1993-01-12 00:00:00,4.889292,-0.591475362,0,0.0001,-0.591475362,0
1993-01-13 00:00:00,4.735059,-0.649654187,0,0.0001,-0.649654187,0
1993-01-14 00:00:00,4.591775,-0.693323466,0,0.0001,-0.693323466,0
1993-01-15 00:00:00,4.734379,-0.717336944,0,0.0001,-0.717336944,0
1993-01-16 00:00:00,4.654792,-0.740518387,0,0.0001,-0.740518387,0
1993-01-17 00:00:00,4.59404,-0.755667628,0,0.0001,-0.755667628,0
1993-01-18 00:00:00,4.526367,-0.76439466,0,0.0001,-0.76439466,0
1993-01-19 00:00:00,4.45851,-0.766848698,0,0.0001,-0.766848698,0
1993-01-20 00:00:00,4.274715,-0.777044537,0,0.0001,-0.777044537,0
1993-01-21 00:00:00,4.305262,-0.751008099,0,0.0001,-0.751008099,0
1993-01-22 00:00:00,4.324284,-0.741299777,0,0.0001,-0.741299777,0
1993-01-23 00:00:00,4.369969,-0.720621461,0,0.0001,-0.720621461,0
1993-01-24 00:00:00,4.35688,-0.690937204,0,0.0001,-0.690937204,0
1993-01-25 00:00:00,4.272563,-0.660197,0,0.0001,-0.660197,0
1993-01-26 00:00:00,4.258961,-0.62333423,0,0.0001,-0.62333423,0
1993-01-27 00:00:00,4.218662,-0.583247398,0,0.0001,-0.583247398,0
1993-01-28 00:00:00,4.135519,-0.53949296,0,0.0001,-0.53949296,0
1993-01-29 00:00:00,4.129028,-0.492436052,0,0.0001,-0.492436052,0
1993-01-30 00:00:00,4.062845,-0.440852426,0,0.0001,-0.440852426,0
1993-01-31 00:00:00,4.200337,-0.388441511,0,0.0001,-0.388441511,0
1993-02-01 00:00:00,4.846829,-0.361962524,0,0.0001,-0.361962524,0
1993-02-02 00:00:00,4.634508,-0.345069573,0,0.0001,-0.345069573,0
1993-02-03 00:00:00,4.566787,-0.256940882,0,0.0001,-0.256940882,0
1993-02-04 00:00:00,4.532761,-0.18719683,0,0.0001,-0.18719683,0
1993-02-05 00:00:00,4.484695,-0.123229885,0,0.0001,-0.123229885,0
1993-02-06 00:00:00,4.439118,-0.058914227,0,0.0001,-0.058914227,0
1993-02-07 00:00:00,4.380237,0.00969775,0,0.0001,0.00969775,0
1993-02-08 00:00:00,4.346932,0.083462401,0,0.0001,0.083462401,0
1993-02-09 00:00:00,4.442261,0.154869665,0,0.0001,0.154869665,0
1993-02-10 00:00:00,4.836118,0.247277992,0,0.0001,0.247277992,0
1993-02-11 00:00:00,6.047914,0.299520635,0,0.0001,0.299520635,0
1993-02-12 00:00:00,5.694878,0.33993755,0,0.0001,0.33993755,0
1993-02-13 00:00:00,5.840059,0.4468101,0,0.0001,0.4468101,0
1993-02-14 00:00:00,5.905744,0.502483651,0,0.0001,0.502483651,0
1993-02-15 00:00:00,6.116143,0.580073429,0,0.0001,0.580073429,0
1993-02-16 00:00:00,6.569118,0.738922451,0,0.0001,0.738922451,0
1993-02-17 00:00:00,6.924387,0.822705911,0,0.0001,0.822705911,0
1993-02-18 00:00:00,6.748329,0.919062058,0,0.0001,0.919062058,0
1993-02-19 00:00:00,6.560103,0.996989506,0,0.0001,0.996989506,0
1993-02-20 00:00:00,6.401536,1.072947253,0,0.0001,1.072947253,0
1993-02-21 00:00:00,6.239578,1.158059948,0,0.0001,1.158059948,0
1993-02-22 00:00:00,6.131643,1.25469509,0,0.0001,1.25469509,0
1993-02-23 00:00:00,6.033368,1.362636809,0,0.0001,1.362636809,0
1993-02-24 00:00:00,6.18824,1.465634028,0,0.0001,1.465634028,0
1993-02-25 00:00:00,6.04112,1.593143133,0,0.0001,1.593143133,0
1993-02-26 00:00:00,6.392034,1.723973266,0,0.0001,1.723973266,0
1993-02-27 00:00:00,7.469037,1.822824503,0,0.0001,1.822824503,0
1993-02-28 00:00:00,7.268704,1.979744422,0,0.0001,1.979744422,0
1993-03-01 00:00:00,7.226165,2.128455716,0,0.0001,2.128455716,0
1993-03-02 00:00:00,7.231087,2.268711555,0,0.0001,2.268711555,0
1993-03-03 00:00:00,7.212507,2.401910417,0,0.0001,2.401910417,0
1993-03-04 00:00:00,7.058104,2.54312633,0,0.0001,2.54312633,0
1993-03-05 00:00:00,6.832921,2.689632502,0,0.0001,2.689632502,0
1993-03-06 00:00:00,6.97661,2.835579033,0,0.0001,2.835579033,0
1993-03-07 00:00:00,6.721978,2.98912739,0,0.0001,2.98912739,0
1993-03-08 00:00:00,4.717268,3.219278833,0,0.0001,3.219278833,0
1993-03-09 00:00:00,5.938959,3.322178078,0,0.0001,3.322178078,0
1993-03-10 00:00:00,4.501853,3.541067583,0,0.0001,3.541067583,0
1993-03-11 00:00:00,7.462024,3.634850488,0,0.0001,3.634850488,0
1993-03-12 00:00:00,4.375982,3.85199191,0,0.0001,3.85199191,0
1993-03-13 00:00:00,5.891935,3.982942583,0,0.0001,3.982942583,0
1993-03-14 00:00:00,5.800324,4.158859465,0,0.0001,4.158859465,0
1993-03-15 00:00:00,7.255043,4.330806587,0,0.0001,4.330806587,0
1993-03-16 00:00:00,7.095055,4.517681461,0,0.0001,4.517681461,0
1993-03-17 00:00:00,7.311914,4.6953083,0,0.0001,4.6953083,0
1993-03-18 00:00:00,8.58416,4.847868037,0,0.0001,4.847868037,0
1993-03-19 00:00:00,8.462102,5.041080133,0,0.0001,5.041080133,0
1993-03-20 00:00:00,8.318273,5.245628449,0,0.0001,5.245628449,0
1993-03-21 00:00:00,8.742891,5.434905899,0,0.0001,5.434905899,0
1993-03-22 00:00:00,8.981939,5.611840159,0,0.0001,5.611840159,0
1993-03-23 00:00:00,9.380509,5.771980394,0,0.0001,5.771980394,0
1993-03-24 00:00:00,9.046474,5.995730691,0,0.0001,5.995730691,0
1993-03-25 00:00:00,8.862409,6.214770201,0,0.0001,6.214770201,0
1993-03-26 00:00:00,8.667538,6.422079394,0,0.0001,6.422079394,0
1993-03-27 00:00:00,6.516118,6.636144878,0,0.0001,6.636144878,0
1993-03-28 00:00:00,7.998962,6.841877734,0,0.0001,6.841877734,0
1993-03-29 00:00:00,7.807812,7.055351038,0,0.0001,7.055351038,0
1993-03-30 00:00:00,15.498848,7.087971623,0,0.0001,7.087971623,0
1993-03-31 00:00:00,23.475426,7.203269791,0,0.0001,7.203269791,0
1993-04-01 00:00:00,19.2048,7.450241007,0,0.0001,7.450241007,0
1993-04-02 00:00:00,17.296988,7.517578217,0,0.0001,7.517578217,0
1993-04-03 00:00:00,16.394389,7.632524573,0,0.0001,7.632524573,0
1993-04-04 00:00:00,16.631898,7.789174001,0,0.0001,7.789174001,0
1993-04-05 00:00:00,16.688017,7.977222172,0,0.0001,7.977222172,0
1993-04-06 00:00:00,20.20282,8.183181031,0,0.0001,8.183181031,0
1993-04-07 00:00:00,20.940166,8.402213085,0,0.0001,8.402213085,0
1993-04-08 00:00:00,21.655035,8.61039451,0,0.0001,8.61039451,0
1993-04-09 00:00:00,21.01682,8.845392308,0,0.0001,8.845392308,0
1993-04-10 00:00:00,17.901529,9.089693055,0,0.0001,9.089693055,0
1993-04-11 00:00:00,22.263353,9.316419577,0,0.0001,9.316419577,0
1993-04-12 00:00:00,21.341564,9.559100815,0,0.0001,9.559100815,0
1993-04-13 00:00:00,22.148054,9.780778299,0,0.0001,9.780778299,0
1993-04-14 00:00:00,21.974958,10.02612671,0,0.0001,10.02612671,0
1993-04-15 00:00:00,28.530335,10.18573912,0,0.0001,10.18573912,0
1993-04-16 00:00:00,29.464142,10.41551383,0,0.0001,10.41551383,0
1993-04-17 00:00:00,27.705026,10.63923217,0,0.0001,10.63923217,0
1993-04-18 00:00:00,27.558038,10.85985192,0,0.0001,10.85985192,0
1993-04-19 00:00:00,26.177717,11.09398102,0,0.0001,11.09398102,0
1993-04-20 00:00:00,25.371261,11.32780175,0,0.0001,11.32780175,0
1993-04-21 00:00:00,25.427087,11.55989441,0,0.0001,11.55989441,0
1993-04-22 00:00:00,24.217282,11.81257125,0,0.0001,11.81257125,0
1993-04-23 00:00:00,22.47419,12.06787857,0,0.0001,12.06787857,0
1993-04-24 00:00:00,21.689375,12.32554104,0,0.0001,12.32554104,0
1993-04-25 00:00:00,20.649304,12.58316134,0,0.0001,12.58316134,0
1993-04-26 00:00:00,20.742008,12.8212703,0,0.0001,12.8212703,0
1993-04-27 00:00:00,19.731748,13.08854299,0,0.0001,13.08854299,0
1993-04-28 00:00:00,18.630246,13.35339132,0,0.0001,13.35339132,0
1993-04-29 00:00:00,17.59311,13.61701949,0,0.0001,13.61701949,0
1993-04-30 00:00:00,16.829899,13.87763376,0,0.0001,13.87763376,0
1993-05-01 00:00:00,16.432236,14.11704871,0,0.0001,14.11704871,0
1993-05-02 00:00:00,17.226585,14.31936476,0,0.0001,14.31936476,0
1993-05-03 00:00:00,17.394381,14.54606689,0,0.0001,14.54606689,0
1993-05-04 00:00:00,16.713056,14.80474266,0,0.0001,14.80474266,0
1993-05-05 00:00:00,15.914195,15.05515653,0,0.0001,15.05515653,0
1993-05-06 00:00:00,15.941898,15.2763861,0,0.0001,15.2763861,0
1993-05-07 00:00:00,18.162453,15.42656523,0,0.0001,15.42656523,0
1993-05-08 00:00:00,16.309948,15.66062267,0,0.0001,15.66062267,0
1993-05-09 00:00:00,15.485747,15.90526147,0,0.0001,15.90526147,0
1993-05-10 00:00:00,14.632278,16.14591808,0,0.0001,16.14591808,0
1993-05-11 00:00:00,15.08585,16.39774005,0,0.0001,16.39774005,0
1993-05-12 00:00:00,14.316183,16.64322418,0,0.0001,16.64322418,0
1993-05-13 00:00:00,13.731136,16.87952023,0,0.0001,16.87952023,0
1993-05-14 00:00:00,12.963227,17.12229271,0,0.0001,17.12229271,0
1993-05-15 00:00:00,12.558091,17.34948683,0,0.0001,17.34948683,0
1993-05-16 00:00:00,12.204792,17.56572072,0,0.0001,17.56572072,0
1993-05-17 00:00:00,11.499216,17.80929643,0,0.0001,17.80929643,0
1993-05-18 00:00:00,10.883931,18.04686614,0,0.0001,18.04686614,0
1993-05-19 00:00:00,10.564884,18.26473755,0,0.0001,18.26473755,0
1993-05-20 00:00:00,8.625836,18.49828762,0,0.0001,18.49828762,0
1993-05-21 00:00:00,9.377255,18.74544245,0,0.0001,18.74544245,0
1993-05-22 00:00:00,8.970788,18.97633814,0,0.0001,18.97633814,0
1993-05-23 00:00:00,8.843309,19.17313436,0,0.0001,19.17313436,0
1993-05-24 00:00:00,10.757163,19.21690184,0,0.0001,19.21690184,0
1993-05-25 00:00:00,10.678819,19.43248573,0,0.0001,19.43248573,0
1993-05-26 00:00:00,10.140494,19.65622693,0,0.0001,19.65622693,0
1993-05-27 00:00:00,9.604141,19.88508608,0,0.0001,19.88508608,0
1993-05-28 00:00:00,11.55396,19.8576122,0,0.0001,19.8576122,0
1993-05-29 00:00:00,11.483721,20.11665752,0,0.0001,20.11665752,0
1993-05-30 00:00:00,9.650946,20.29896813,0,0.0001,20.29896813,0
1993-05-31 00:00:00,11.755107,20.45875157,0,0.0001,20.45875157,0
1993-06-01 00:00:00,7.977172,20.61178613,0,0.0001,20.61178613,0
1993-06-02 00:00:00,9.072334,20.86462621,0,0.0001,20.86462621,0
1993-06-03 00:00:00,8.783216,21.07813721,0,0.0001,21.07813721,0
1993-06-04 00:00:00,9.66645,21.29511286,0,0.0001,21.29511286,0
1993-06-05 00:00:00,8.17101,21.47468874,0,0.0001,21.47468874,0
1993-06-06 00:00:00,7.835889,21.66602425,0,0.0001,21.66602425,0
1993-06-07 00:00:00,8.68477,21.86740758,0,0.0001,21.86740758,0
1993-06-08 00:00:00,8.287963,22.05394373,0,0.0001,22.05394373,0
1993-06-09 00:00:00,8.411221,22.18940392,0,0.0001,22.18940392,0
1993-06-10 00:00:00,8.722052,22.29920971,0,0.0001,22.29920971,0
1993-06-11 00:00:00,12.646964,22.14755761,0,0.0001,22.14755761,0
1993-06-12 00:00:00,11.225082,22.29133101,0,0.0001,22.29133101,0
1993-06-13 00:00:00,12.245936,22.47321764,0,0.0001,22.47321764,0
1993-06-14 00:00:00,11.663467,22.65302884,0,0.0001,22.65302884,0
1993-06-15 00:00:00,10.312239,22.82545095,0,0.0001,22.82545095,0
1993-06-16 00:00:00,10.450903,23.02527847,0,0.0001,23.02527847,0
1993-06-17 00:00:00,10.918742,23.11735867,0,0.0001,23.11735867,0
1993-06-18 00:00:00,16.600226,22.93667641,0,0.0001,22.93667641,0
1993-06-19 00:00:00,18.330596,23.00637079,0,0.0001,23.00637079,0
1993-06-20 00:00:00,18.611434,23.12751241,0,0.0001,23.12751241,0
1993-06-21 00:00:00,16.482979,23.26775662,0,0.0001,23.26775662,0
1993-06-22 00:00:00,16.770893,23.46896234,0,0.0001,23.46896234,0
1993-06-23 00:00:00,15.948023,23.61916162,0,0.0001,23.61916162,0
1993-06-24 00:00:00,16.443954,23.7055939,0,0.0001,23.7055939,0
1993-06-25 00:00:00,15.60581,23.84914992,0,0.0001,23.84914992,0
1993-06-26 00:00:00,15.500043,23.95444444,0,0.0001,23.95444444,0
1993-06-27 00:00:00,21.832743,23.79476854,0,0.0001,23.79476854,0
1993-06-28 00:00:00,27.832021,23.75353447,0,0.0001,23.75353447,0
1993-06-29 00:00:00,26.135827,23.82919488,0,0.0001,23.82919488,0
1993-06-30 00:00:00,25.245643,23.97216107,0,0.0001,23.97216107,0
1993-07-01 00:00:00,25.172457,24.12063104,0,0.0001,24.12063104,0
1993-07-02 00:00:00,23.873503,24.2341901,0,0.0001,24.2341901,0
1993-07-03 00:00:00,19.514424,24.67266274,0,0.0001,24.67266274,0
1993-07-04 00:00:00,24.785445,24.35890537,0,0.0001,24.35890537,0
1993-07-05 00:00:00,23.570693,24.45687622,0,0.0001,24.45687622,0
1993-07-06 00:00:00,23.390078,24.52615654,0,0.0001,24.52615654,0
1993-07-07 00:00:00,18.456421,24.59776062,0,0.0001,24.59776062,0
1993-07-08 00:00:00,20.856763,24.7133603,0,0.0001,24.7133603,0
1993-07-09 00:00:00,16.762166,24.79884406,0,0.0001,24.79884406,0
1993-07-10 00:00:00,17.369614,24.90254429,0,0.0001,24.90254429,0
1993-07-11 00:00:00,14.737016,24.98523457,0,0.0001,24.98523457,0
1993-07-12 00:00:00,15.151265,25.08022803,0,0.0001,25.08022803,0
1993-07-13 00:00:00,14.050721,25.16407226,0,0.0001,25.16407226,0
1993-07-14 00:00:00,11.415581,25.23531699,0,0.0001,25.23531699,0
1993-07-15 00:00:00,10.470385,25.31194879,0,0.0001,25.31194879,0
1993-07-16 00:00:00,9.423107,25.37528988,0,0.0001,25.37528988,0
1993-07-17 00:00:00,11.303099,25.4587808,0,0.0001,25.4587808,0
1993-07-18 00:00:00,10.686745,25.49777488,0,0.0001,25.49777488,0
1993-07-19 00:00:00,11.648747,25.44620714,0,0.0001,25.44620714,0
1993-07-20 00:00:00,11.324048,25.43580927,0,0.0001,25.43580927,0
1993-07-21 00:00:00,11.543746,25.44950589,0,0.0001,25.44950589,0
1993-07-22 00:00:00,7.230776,25.44975748,0,0.0001,25.44975748,0
1993-07-23 00:00:00,9.399898,25.51565662,0,0.0001,25.51565662,0
1993-07-24 00:00:00,8.573384,25.53491922,0,0.0001,25.53491922,0
1993-07-25 00:00:00,8.922578,25.57227103,0,0.0001,25.57227103,0
1993-07-26 00:00:00,8.368117,25.59579739,0,0.0001,25.59579739,0
1993-07-27 00:00:00,6.467943,25.5915789,0,0.0001,25.5915789,0
1993-07-28 00:00:00,7.290296,25.62717802,0,0.0001,25.62717802,0
1993-07-29 00:00:00,5.153576,25.61193696,0,0.0001,25.61193696,0
1993-07-30 00:00:00,6.119676,25.64319725,0,0.0001,25.64319725,0
1993-07-31 00:00:00,5.540484,25.63630653,0,0.0001,25.63630653,0
1993-08-01 00:00:00,4.983133,25.62890247,0,0.0001,25.62890247,0
1993-08-02 00:00:00,5.546381,25.6436067,0,0.0001,25.6436067,0
1993-08-03 00:00:00,5.542705,25.57012448,0,0.0001,25.57012448,0
1993-08-04 00:00:00,7.398586,25.20234596,0,0.0001,25.20234596,0
1993-08-05 00:00:00,7.557559,25.14260574,0,0.0001,25.14260574,0
1993-08-06 00:00:00,7.864824,25.00017205,0,0.0001,25.00017205,0
1993-08-07 00:00:00,8.146391,24.8925123,0,0.0001,24.8925123,0
1993-08-08 00:00:00,7.806716,24.85523993,0,0.0001,24.85523993,0
1993-08-09 00:00:00,6.732523,24.80669842,0,0.0001,24.80669842,0
1993-08-10 00:00:00,6.301436,24.77346394,0,0.0001,24.77346394,0
1993-08-11 00:00:00,5.898416,24.73852485,0,0.0001,24.73852485,0
1993-08-12 00:00:00,6.277645,24.70663546,0,0.0001,24.70663546,0
1993-08-13 00:00:00,6.117413,24.62784406,0,0.0001,24.62784406,0
1993-08-14 00:00:00,3.628439,24.43758437,0,0.0001,24.43758437,0
1993-08-15 00:00:00,6.163151,24.41005444,0,0.0001,24.41005444,0
1993-08-16 00:00:00,6.045939,24.32495662,0,0.0001,24.32495662,0
1993-08-17 00:00:00,4.883171,24.14369225,0,0.0001,24.14369225,0
1993-08-18 00:00:00,5.977078,24.10207541,0,0.0001,24.10207541,0
1993-08-19 00:00:00,5.713806,24.02377557,0,0.0001,24.02377557,0
1993-08-20 00:00:00,5.48296,23.93438033,0,0.0001,23.93438033,0
1993-08-21 00:00:00,5.388744,23.81918127,0,0.0001,23.81918127,0
1993-08-22 00:00:00,5.282112,23.69365709,0,0.0001,23.69365709,0
1993-08-23 00:00:00,6.058165,23.4466487,0,0.0001,23.4466487,0
1993-08-24 00:00:00,5.721685,23.34716523,0,0.0001,23.34716523,0
1993-08-25 00:00:00,4.036316,23.158926,0,0.0001,23.158926,0
1993-08-26 00:00:00,5.481939,23.14624052,0,0.0001,23.14624052,0
1993-08-27 00:00:00,5.320122,23.00192736,0,0.0001,23.00192736,0
1993-08-28 00:00:00,3.913265,22.72372475,0,0.0001,22.72372475,0
1993-08-29 00:00:00,2.351887,22.51259911,0,0.0001,22.51259911,0
1993-08-30 00:00:00,4.794033,22.60408379,0,0.0001,22.60408379,0
1993-08-31 00:00:00,2.95002,22.42188112,0,0.0001,22.42188112,0
1993-09-01 00:00:00,1.797943,22.21109041,0,0.0001,22.21109041,0
1993-09-02 00:00:00,2.381211,22.17478909,0,0.0001,22.17478909,0
1993-09-03 00:00:00,2.114331,22.03735354,0,0.0001,22.03735354,0
1993-09-04 00:00:00,3.355709,21.98745404,0,0.0001,21.98745404,0
1993-09-05 00:00:00,3.088675,21.85964854,0,0.0001,21.85964854,0
1993-09-06 00:00:00,1.234855,21.57895417,0,0.0001,21.57895417,0
1993-09-07 00:00:00,1.175678,21.42361032,0,0.0001,21.42361032,0
1993-09-08 00:00:00,1.095081,21.28484787,0,0.0001,21.28484787,0
1993-09-09 00:00:00,1.027896,21.136635,0,0.0001,21.136635,0
1993-09-10 00:00:00,2.058845,21.13851852,0,0.0001,21.13851852,0
1993-09-11 00:00:00,2.961043,21.03356718,0,0.0001,21.03356718,0
1993-09-12 00:00:00,2.84896,20.88532046,0,0.0001,20.88532046,0
1993-09-13 00:00:00,2.824675,20.68858919,0,0.0001,20.68858919,0
1993-09-14 00:00:00,5.877119,19.84638845,0,0.0001,19.84638845,0
1993-09-15 00:00:00,6.313326,19.62798357,0,0.0001,19.62798357,0
1993-09-16 00:00:00,5.140245,19.46765969,0,0.0001,19.46765969,0
1993-09-17 00:00:00,5.005546,19.30907607,0,0.0001,19.30907607,0
1993-09-18 00:00:00,5.495821,19.15882888,0,0.0001,19.15882888,0
1993-09-19 00:00:00,3.19169,18.9311163,0,0.0001,18.9311163,0
1993-09-20 00:00:00,2.345884,18.73243513,0,0.0001,18.73243513,0
1993-09-21 00:00:00,2.132981,18.56146278,0,0.0001,18.56146278,0
1993-09-22 00:00:00,4.319105,18.44540342,0,0.0001,18.44540342,0
1993-09-23 00:00:00,4.164993,18.23883598,0,0.0001,18.23883598,0
1993-09-24 00:00:00,4.313435,17.99622722,0,0.0001,17.99622722,0
1993-09-25 00:00:00,4.224282,17.80044002,0,0.0001,17.80044002,0
1993-09-26 00:00:00,2.432612,17.57876152,0,0.0001,17.57876152,0
1993-09-27 00:00:00,3.799064,17.41669172,0,0.0001,17.41669172,0
1993-09-28 00:00:00,3.786069,17.22636172,0,0.0001,17.22636172,0
1993-09-29 00:00:00,2.167184,16.95087732,0,0.0001,16.95087732,0
1993-09-30 00:00:00,1.754671,16.72149443,0,0.0001,16.72149443,0
1993-10-01 00:00:00,3.835727,16.55361211,0,0.0001,16.55361211,0
1993-10-02 00:00:00,3.799933,16.33879372,0,0.0001,16.33879372,0
1993-10-03 00:00:00,4.03364,16.07740119,0,0.0001,16.07740119,0
1993-10-04 00:00:00,4.453579,15.84660943,0,0.0001,15.84660943,0
1993-10-05 00:00:00,6.860826,15.44582857,0,0.0001,15.44582857,0
1993-10-06 00:00:00,4.090634,15.25172998,0,0.0001,15.25172998,0
1993-10-07 00:00:00,3.963374,15.04750025,0,0.0001,15.04750025,0
1993-10-08 00:00:00,3.793941,14.81806485,0,0.0001,14.81806485,0
1993-10-09 00:00:00,3.5652,14.57640818,0,0.0001,14.57640818,0
1993-10-10 00:00:00,3.308939,14.33752918,0,0.0001,14.33752918,0
1993-10-11 00:00:00,3.062058,14.10425375,0,0.0001,14.10425375,0
1993-10-12 00:00:00,2.863003,13.87446438,0,0.0001,13.87446438,0
1993-10-13 00:00:00,2.699077,13.64700773,0,0.0001,13.64700773,0
1993-10-14 00:00:00,2.565216,13.42274712,0,0.0001,13.42274712,0
1993-10-15 00:00:00,4.91869,13.19420598,0,0.0001,13.19420598,0
1993-10-16 00:00:00,4.934257,12.97853302,0,0.0001,12.97853302,0
1993-10-17 00:00:00,3.812944,12.71476655,0,0.0001,12.71476655,0
1993-10-18 00:00:00,4.337402,12.50159489,0,0.0001,12.50159489,0
1993-10-19 00:00:00,4.217583,12.32233308,0,0.0001,12.32233308,0
1993-10-20 00:00:00,4.038669,12.09631424,0,0.0001,12.09631424,0
1993-10-21 00:00:00,3.840643,11.84191219,0,0.0001,11.84191219,0
1993-10-22 00:00:00,3.597057,11.58995726,0,0.0001,11.58995726,0
1993-10-23 00:00:00,3.332566,11.35016725,0,0.0001,11.35016725,0
1993-10-24 00:00:00,3.348915,11.11090334,0,0.0001,11.11090334,0
1993-10-25 00:00:00,4.758521,10.85884197,0,0.0001,10.85884197,0
1993-10-26 00:00:00,5.582829,10.63517003,0,0.0001,10.63517003,0
1993-10-27 00:00:00,2.957623,10.43328006,0,0.0001,10.43328006,0
1993-10-28 00:00:00,3.381212,10.20333329,0,0.0001,10.20333329,0
1993-10-29 00:00:00,2.680498,10.02124464,0,0.0001,10.02124464,0
1993-10-30 00:00:00,2.582053,9.818748306,0,0.0001,9.818748306,0
1993-10-31 00:00:00,2.463035,9.612320401,0,0.0001,9.612320401,0
1993-11-01 00:00:00,2.3546,9.405457641,0,0.0001,9.405457641,0
1993-11-02 00:00:00,2.25654,9.201081889,0,0.0001,9.201081889,0
1993-11-03 00:00:00,2.147016,8.997969738,0,0.0001,8.997969738,0
1993-11-04 00:00:00,2.050096,8.797547494,0,0.0001,8.797547494,0
1993-11-05 00:00:00,1.955503,8.598579342,0,0.0001,8.598579342,0
1993-11-06 00:00:00,1.866196,8.40186032,0,0.0001,8.40186032,0
1993-11-07 00:00:00,1.789137,8.206767533,0,0.0001,8.206767533,0
1993-11-08 00:00:00,4.347917,7.949069081,0,0.0001,7.949069081,0
1993-11-09 00:00:00,5.586222,7.758853474,0,0.0001,7.758853474,0
1993-11-10 00:00:00,7.549173,7.496347316,0,0.0001,7.496347316,0
1993-11-11 00:00:00,7.781935,7.306754446,0,0.0001,7.306754446,0
1993-11-12 00:00:00,8.200637,7.077384699,0,0.0001,7.077384699,0
1993-11-13 00:00:00,6.413369,6.871198689,0,0.0001,6.871198689,0
1993-11-14 00:00:00,7.581561,6.543816546,0,0.0001,6.543816546,0
1993-11-15 00:00:00,6.399472,6.324905218,0,0.0001,6.324905218,0
1993-11-16 00:00:00,6.383774,6.080403938,0,0.0001,6.080403938,0
1993-11-17 00:00:00,6.823882,5.848786724,0,0.0001,5.848786724,0
1993-11-18 00:00:00,4.72042,5.677443817,0,0.0001,5.677443817,0
1993-11-19 00:00:00,3.262086,5.516362338,0,0.0001,5.516362338,0
1993-11-20 00:00:00,6.139708,5.235506554,0,0.0001,5.235506554,0
1993-11-21 00:00:00,6.332744,5.04078122,0,0.0001,5.04078122,0
1993-11-22 00:00:00,4.42985,4.885646229,0,0.0001,4.885646229,0
1993-11-23 00:00:00,5.84156,4.682505967,0,0.0001,4.682505967,0
1993-11-24 00:00:00,5.939733,4.506451224,0,0.0001,4.506451224,0
1993-11-25 00:00:00,5.606872,4.339505187,0,0.0001,4.339505187,0
1993-11-26 00:00:00,5.669877,4.173843188,0,0.0001,4.173843188,0
1993-11-27 00:00:00,5.5095,4.013526962,0,0.0001,4.013526962,0
1993-11-28 00:00:00,5.351607,3.856752535,0,0.0001,3.856752535,0
1993-11-29 00:00:00,2.282345,3.78201965,0,0.0001,3.78201965,0
1993-11-30 00:00:00,5.252727,3.551401589,0,0.0001,3.551401589,0
1993-12-01 00:00:00,5.132794,3.39983354,0,0.0001,3.39983354,0
1993-12-02 00:00:00,4.984261,3.257124513,0,0.0001,3.257124513,0
1993-12-03 00:00:00,4.868993,3.117665417,0,0.0001,3.117665417,0
1993-12-04 00:00:00,4.740786,2.979812954,0,0.0001,2.979812954,0
1993-12-05 00:00:00,4.552193,2.847659113,0,0.0001,2.847659113,0
1993-12-06 00:00:00,4.664506,2.717269998,0,0.0001,2.717269998,0
1993-12-07 00:00:00,4.668117,2.561610759,0,0.0001,2.561610759,0
1993-12-08 00:00:00,4.750252,2.438675842,0,0.0001,2.438675842,0
1993-12-09 00:00:00,2.952969,2.380393557,0,0.0001,2.380393557,0
1993-12-10 00:00:00,4.387979,2.203420957,0,0.0001,2.203420957,0
1993-12-11 00:00:00,4.503739,2.076760401,0,0.0001,2.076760401,0
1993-12-12 00:00:00,4.177509,1.962192279,0,0.0001,1.962192279,0
1993-12-13 00:00:00,4.068589,1.844381165,0,0.0001,1.844381165,0
1993-12-14 00:00:00,4.249722,1.722971367,0,0.0001,1.722971367,0
1993-12-15 00:00:00,3.844426,1.619144539,0,0.0001,1.619144539,0
1993-12-16 00:00:00,3.765595,1.508991568,0,0.0001,1.508991568,0
1993-12-17 00:00:00,3.990438,1.396727798,0,0.0001,1.396727798,0
1993-12-18 00:00:00,3.577234,1.302821738,0,0.0001,1.302821738,0
1993-12-19 00:00:00,3.84739,1.194464745,0,0.0001,1.194464745,0
1993-12-20 00:00:00,1.357834,1.246407819,0,0.0001,1.246407819,0
1993-12-21 00:00:00,1.85685,1.090544051,0,0.0001,1.090544051,0
1993-12-22 00:00:00,3.724006,0.910869257,0,0.0001,0.910869257,0
1993-12-23 00:00:00,1.70576,0.928200659,0,0.0001,0.928200659,0
1993-12-24 00:00:00,3.647158,0.740590178,0,0.0001,0.740590178,0
1993-12-25 00:00:00,3.598743,0.659794626,0,0.0001,0.659794626,0
1993-12-26 00:00:00,3.011258,0.598718663,0,0.0001,0.598718663,0
1993-12-27 00:00:00,3.532867,0.507043121,0,0.0001,0.507043121,0
1993-12-28 00:00:00,1.32849,0.587337605,0,0.0001,0.587337605,0
1993-12-29 00:00:00,2.803179,0.386676794,0,0.0001,0.386676794,0
1993-12-30 00:00:00,3.422932,0.297922202,0,0.0001,0.297922202,0
1993-12-31 00:00:00,3.392563,0.234865274,0,0.0001,0.234865274,0
1994-01-01 00:00:00,3.259648,0.169266777,0,0.0001,0.169266777,0
1994-01-02 00:00:00,3.090695,0.114393193,0,0.0001,0.114393193,0
1994-01-03 00:00:00,3.456871,0.062653982,0,0.0001,0.062653982,0
1994-01-04 00:00:00,3.42963,0.011022607,0,0.0001,0.011022607,0
1994-01-05 00:00:00,3.313831,-0.038865133,0,0.0001,-0.038865133,0
1994-01-06 00:00:00,3.385428,-0.078893285,0,0.0001,-0.078893285,0
1994-01-07 00:00:00,3.345965,-0.122670604,0,0.0001,-0.122670604,0
1994-01-08 00:00:00,3.218263,-0.159689856,0,0.0001,-0.159689856,0
1994-01-09 00:00:00,3.313796,-0.19538199,0,0.0001,-0.19538199,0
1994-01-10 00:00:00,3.308928,-0.225828206,0,0.0001,-0.225828206,0
1994-01-11 00:00:00,3.245248,-0.254375709,0,0.0001,-0.254375709,0
1994-01-12 00:00:00,3.205695,-0.27974859,0,0.0001,-0.27974859,0
1994-01-13 00:00:00,3.304534,-0.300722828,0,0.0001,-0.300722828,0
1994-01-14 00:00:00,3.266419,-0.318926947,0,0.0001,-0.318926947,0
1994-01-15 00:00:00,3.291408,-0.333253545,0,0.0001,-0.333253545,0
1994-01-16 00:00:00,3.337048,-0.349131617,0,0.0001,-0.349131617,0
1994-01-17 00:00:00,3.855458,-0.382041939,0,0.0001,-0.382041939,0
1994-01-18 00:00:00,2.656842,-0.396357147,0,0.0001,-0.396357147,0
1994-01-19 00:00:00,2.627108,-0.403820459,0,0.0001,-0.403820459,0
1994-01-20 00:00:00,3.856431,-0.474963629,0,0.0001,-0.474963629,0
1994-01-21 00:00:00,3.907268,-0.45678045,0,0.0001,-0.45678045,0
1994-01-22 00:00:00,5.123949,-0.518750916,0,0.0001,-0.518750916,0
1994-01-23 00:00:00,5.286331,-0.552741058,0,0.0001,-0.552741058,0
1994-01-24 00:00:00,2.71456,-0.334023888,0,0.0001,-0.334023888,0
1994-01-25 00:00:00,2.749284,-0.34088881,0,0.0001,-0.34088881,0
1994-01-26 00:00:00,2.699935,-0.362024096,0,0.0001,-0.362024096,0
1994-01-27 00:00:00,2.857551,-0.371269419,0,0.0001,-0.371269419,0
1994-01-28 00:00:00,2.757339,-0.412502417,0,0.0001,-0.412502417,0
1994-01-29 00:00:00,2.678146,-0.416140421,0,0.0001,-0.416140421,0
1994-01-30 00:00:00,2.607337,-0.410470715,0,0.0001,-0.410470715,0
1994-01-31 00:00:00,3.760584,-0.474714207,0,0.0001,-0.474714207,0
1994-02-01 00:00:00,5.256626,-0.479483111,0,0.0001,-0.479483111,0
1994-02-02 00:00:00,3.776534,-0.387322414,0,0.0001,-0.387322414,0
1994-02-03 00:00:00,5.234881,-0.367562596,0,0.0001,-0.367562596,0
1994-02-04 00:00:00,3.951921,-0.315336514,0,0.0001,-0.315336514,0
1994-02-05 00:00:00,3.222574,-0.200694923,0,0.0001,-0.200694923,0
1994-02-06 00:00:00,3.223663,-0.157334767,0,0.0001,-0.157334767,0
1994-02-07 00:00:00,4.137345,-0.161496184,0,0.0001,-0.161496184,0
1994-02-08 00:00:00,4.073045,-0.00345192,0,0.0001,-0.00345192,0
1994-02-09 00:00:00,6.955496,-0.102045241,0,0.0001,-0.102045241,0
1994-02-10 00:00:00,7.027902,-0.033569348,0,0.0001,-0.033569348,0
1994-02-11 00:00:00,8.213737,0.198002929,0,0.0001,0.198002929,0
1994-02-12 00:00:00,6.306588,0.44843219,0,0.0001,0.44843219,0
1994-02-13 00:00:00,6.224129,0.501350107,0,0.0001,0.501350107,0
1994-02-14 00:00:00,5.930886,0.475893452,0,0.0001,0.475893452,0
1994-02-15 00:00:00,6.544588,0.401704957,0,0.0001,0.401704957,0
1994-02-16 00:00:00,5.42312,0.45423725,0,0.0001,0.45423725,0
1994-02-17 00:00:00,5.285183,0.491698869,0,0.0001,0.491698869,0
1994-02-18 00:00:00,5.164598,0.555878448,0,0.0001,0.555878448,0
1994-02-19 00:00:00,5.023199,0.640694492,0,0.0001,0.640694492,0
1994-02-20 00:00:00,4.866579,0.741898846,0,0.0001,0.741898846,0
1994-02-21 00:00:00,5.380338,0.843014059,0,0.0001,0.843014059,0
1994-02-22 00:00:00,5.372361,0.965995894,0,0.0001,0.965995894,0
1994-02-23 00:00:00,5.367549,1.096293324,0,0.0001,1.096293324,0
1994-02-24 00:00:00,4.374642,1.258808858,0,0.0001,1.258808858,0
1994-02-25 00:00:00,7.1376,1.355939983,0,0.0001,1.355939983,0
1994-02-26 00:00:00,5.59909,1.52494956,0,0.0001,1.52494956,0
1994-02-27 00:00:00,5.68451,1.673657063,0,0.0001,1.673657063,0
1994-02-28 00:00:00,7.266035,1.81203685,0,0.0001,1.81203685,0
1994-03-01 00:00:00,7.543497,1.969796623,0,0.0001,1.969796623,0
1994-03-02 00:00:00,7.371713,2.133378451,0,0.0001,2.133378451,0
1994-03-03 00:00:00,7.193124,2.299110855,0,0.0001,2.299110855,0
1994-03-04 00:00:00,6.958782,2.466292149,0,0.0001,2.466292149,0
1994-03-05 00:00:00,6.966738,2.632665874,0,0.0001,2.632665874,0
1994-03-06 00:00:00,6.932667,2.801725464,0,0.0001,2.801725464,0
1994-03-07 00:00:00,6.789709,2.979253088,0,0.0001,2.979253088,0
1994-03-08 00:00:00,6.216418,3.152127468,0,0.0001,3.152127468,0
1994-03-09 00:00:00,6.606511,3.339933377,0,0.0001,3.339933377,0
1994-03-10 00:00:00,6.600102,3.52070484,0,0.0001,3.52070484,0
1994-03-11 00:00:00,6.440977,3.707442863,0,0.0001,3.707442863,0
1994-03-12 00:00:00,6.367428,3.893284272,0,0.0001,3.893284272,0
1994-03-13 00:00:00,6.802582,4.065074451,0,0.0001,4.065074451,0
1994-03-14 00:00:00,7.300141,4.226056198,0,0.0001,4.226056198,0
1994-03-15 00:00:00,6.754183,4.41503254,0,0.0001,4.41503254,0
1994-03-16 00:00:00,6.579155,4.619959251,0,0.0001,4.619959251,0
1994-03-17 00:00:00,6.487463,4.816734938,0,0.0001,4.816734938,0
1994-03-18 00:00:00,6.348271,5.011855224,0,0.0001,5.011855224,0
1994-03-19 00:00:00,6.23457,5.207800646,0,0.0001,5.207800646,0
1994-03-20 00:00:00,6.090495,5.407600901,0,0.0001,5.407600901,0
1994-03-21 00:00:00,5.881724,5.611207903,0,0.0001,5.611207903,0
1994-03-22 00:00:00,5.748588,5.816416205,0,0.0001,5.816416205,0
1994-03-23 00:00:00,5.620159,6.024860132,0,0.0001,6.024860132,0
1994-03-24 00:00:00,5.432369,6.236844928,0,0.0001,6.236844928,0
1994-03-25 00:00:00,4.942007,6.448881736,0,0.0001,6.448881736,0
1994-03-26 00:00:00,4.776088,6.662672646,0,0.0001,6.662672646,0
1994-03-27 00:00:00,5.114775,6.881842691,0,0.0001,6.881842691,0
1994-03-28 00:00:00,2.956053,7.088689608,0,0.0001,7.088689608,0
1994-03-29 00:00:00,2.154174,7.283203698,0,0.0001,7.283203698,0
1994-03-30 00:00:00,4.854214,7.54374895,0,0.0001,7.54374895,0
1994-03-31 00:00:00,4.65202,7.775012177,0,0.0001,7.775012177,0
1994-04-01 00:00:00,4.508187,8.005169435,0,0.0001,8.005169435,0
1994-04-02 00:00:00,4.414927,8.236397202,0,0.0001,8.236397202,0
1994-04-03 00:00:00,6.548084,8.230362046,0,0.0001,8.230362046,0
1994-04-04 00:00:00,6.998682,8.404805321,0,0.0001,8.404805321,0
1994-04-05 00:00:00,5.167003,8.622798135,0,0.0001,8.622798135,0
1994-04-06 00:00:00,7.697348,8.821321126,0,0.0001,8.821321126,0
1994-04-07 00:00:00,7.518595,9.035714844,0,0.0001,9.035714844,0
1994-04-08 00:00:00,9.494773,9.168989561,0,0.0001,9.168989561,0
1994-04-09 00:00:00,12.982154,9.235246895,0,0.0001,9.235246895,0
1994-04-10 00:00:00,12.820138,9.44935965,0,0.0001,9.44935965,0
1994-04-11 00:00:00,10.739877,9.621688131,0,0.0001,9.621688131,0
1994-04-12 00:00:00,10.978305,9.803101352,0,0.0001,9.803101352,0
1994-04-13 00:00:00,9.46828,10.00055115,0,0.0001,10.00055115,0
1994-04-14 00:00:00,10.988565,10.208862,0,0.0001,10.208862,0
1994-04-15 00:00:00,9.848017,10.42393256,0,0.0001,10.42393256,0
1994-04-16 00:00:00,8.291453,10.64706299,0,0.0001,10.64706299,0
1994-04-17 00:00:00,11.493519,10.88806604,0,0.0001,10.88806604,0
1994-04-18 00:00:00,10.081638,11.12298222,0,0.0001,11.12298222,0
1994-04-19 00:00:00,11.050271,11.37256291,0,0.0001,11.37256291,0
1994-04-20 00:00:00,11.190427,11.60304085,0,0.0001,11.60304085,0
1994-04-21 00:00:00,12.392533,11.80999333,0,0.0001,11.80999333,0
1994-04-22 00:00:00,19.078736,11.90711709,0,0.0001,11.90711709,0
1994-04-23 00:00:00,26.293293,12.04431874,0,0.0001,12.04431874,0
1994-04-24 00:00:00,26.338531,12.25543328,0,0.0001,12.25543328,0
1994-04-25 00:00:00,24.048586,12.44117815,0,0.0001,12.44117815,0
1994-04-26 00:00:00,18.197674,13.06076647,0,0.0001,13.06076647,0
1994-04-27 00:00:00,18.430039,13.25224663,0,0.0001,13.25224663,0
1994-04-28 00:00:00,18.587256,13.4718474,0,0.0001,13.4718474,0
1994-04-29 00:00:00,17.667049,13.73228474,0,0.0001,13.73228474,0
1994-04-30 00:00:00,22.67847,13.56969172,0,0.0001,13.56969172,0
1994-05-01 00:00:00,21.032677,13.8259016,0,0.0001,13.8259016,0
1994-05-02 00:00:00,20.314815,14.08855105,0,0.0001,14.08855105,0
1994-05-03 00:00:00,19.130148,14.35396503,0,0.0001,14.35396503,0
1994-05-04 00:00:00,18.06799,14.61979116,0,0.0001,14.61979116,0
1994-05-05 00:00:00,17.08822,14.88578282,0,0.0001,14.88578282,0
1994-05-06 00:00:00,19.22743,15.05532076,0,0.0001,15.05532076,0
1994-05-07 00:00:00,18.38772,15.32054356,0,0.0001,15.32054356,0
1994-05-08 00:00:00,17.765625,15.57506323,0,0.0001,15.57506323,0
1994-05-09 00:00:00,16.977777,15.82764894,0,0.0001,15.82764894,0
1994-05-10 00:00:00,16.1331,16.08100041,0,0.0001,16.08100041,0
1994-05-11 00:00:00,15.315624,16.33341516,0,0.0001,16.33341516,0
1994-05-12 00:00:00,13.468678,16.5592708,0,0.0001,16.5592708,0
1994-05-13 00:00:00,12.966405,16.80763825,0,0.0001,16.80763825,0
1994-05-14 00:00:00,13.778849,17.06319443,0,0.0001,17.06319443,0
1994-05-15 00:00:00,13.000112,17.31209723,0,0.0001,17.31209723,0
1994-05-16 00:00:00,17.56328,17.34540341,0,0.0001,17.34540341,0
1994-05-17 00:00:00,19.822643,17.37302585,0,0.0001,17.37302585,0
1994-05-18 00:00:00,19.412419,17.55332659,0,0.0001,17.55332659,0
1994-05-19 00:00:00,19.428447,17.78384305,0,0.0001,17.78384305,0
1994-05-20 00:00:00,21.651528,18.04308448,0,0.0001,18.04308448,0
1994-05-21 00:00:00,20.741961,18.26712304,0,0.0001,18.26712304,0
1994-05-22 00:00:00,20.321314,18.47899618,0,0.0001,18.47899618,0
1994-05-23 00:00:00,19.250935,18.6689062,0,0.0001,18.6689062,0
1994-05-24 00:00:00,15.713129,18.87872462,0,0.0001,18.87872462,0
1994-05-25 00:00:00,18.744994,19.11089333,0,0.0001,19.11089333,0
1994-05-26 00:00:00,17.876569,19.33084873,0,0.0001,19.33084873,0
1994-05-27 00:00:00,16.903923,19.55365467,0,0.0001,19.55365467,0
1994-05-28 00:00:00,15.308579,19.77541459,0,0.0001,19.77541459,0
1994-05-29 00:00:00,15.004834,20.00113659,0,0.0001,20.00113659,0
1994-05-30 00:00:00,14.070904,20.22496682,0,0.0001,20.22496682,0
1994-05-31 00:00:00,13.320853,20.44014142,0,0.0001,20.44014142,0
1994-06-01 00:00:00,13.752394,20.59239922,0,0.0001,20.59239922,0
1994-06-02 00:00:00,14.284959,20.74530732,0,0.0001,20.74530732,0
1994-06-03 00:00:00,13.416211,20.96828591,0,0.0001,20.96828591,0
1994-06-04 00:00:00,13.488625,21.11966392,0,0.0001,21.11966392,0
1994-06-05 00:00:00,13.185297,21.31132301,0,0.0001,21.31132301,0
1994-06-06 00:00:00,14.270864,21.40100812,0,0.0001,21.40100812,0
1994-06-07 00:00:00,14.502983,21.56151576,0,0.0001,21.56151576,0
1994-06-08 00:00:00,14.135225,21.73506711,0,0.0001,21.73506711,0
1994-06-09 00:00:00,14.146759,21.87551841,0,0.0001,21.87551841,0
1994-06-10 00:00:00,14.262722,22.01641046,0,0.0001,22.01641046,0
1994-06-11 00:00:00,14.52575,22.15224322,0,0.0001,22.15224322,0
1994-06-12 00:00:00,14.51629,22.29591917,0,0.0001,22.29591917,0
1994-06-13 00:00:00,13.936628,22.28584476,0,0.0001,22.28584476,0
1994-06-14 00:00:00,16.25062,22.51219281,0,0.0001,22.51219281,0
1994-06-15 00:00:00,14.674852,22.66983658,0,0.0001,22.66983658,0
1994-06-16 00:00:00,14.822761,22.84695227,0,0.0001,22.84695227,0
1994-06-17 00:00:00,13.73973,23.00804466,0,0.0001,23.00804466,0
1994-06-18 00:00:00,13.442537,23.17926727,0,0.0001,23.17926727,0
1994-06-19 00:00:00,12.69065,23.34207389,0,0.0001,23.34207389,0
1994-06-20 00:00:00,12.049204,23.49785398,0,0.0001,23.49785398,0
1994-06-21 00:00:00,11.406337,23.65102455,0,0.0001,23.65102455,0
1994-06-22 00:00:00,11.208815,23.76470359,0,0.0001,23.76470359,0
1994-06-23 00:00:00,11.493615,23.86037361,0,0.0001,23.86037361,0
1994-06-24 00:00:00,10.942718,23.97608085,0,0.0001,23.97608085,0
1994-06-25 00:00:00,10.633876,24.12338417,0,0.0001,24.12338417,0
1994-06-26 00:00:00,9.937636,24.26318034,0,0.0001,24.26318034,0
1994-06-27 00:00:00,9.337776,24.39780414,0,0.0001,24.39780414,0
1994-06-28 00:00:00,7.319489,24.43328702,0,0.0001,24.43328702,0
1994-06-29 00:00:00,9.334902,24.57180397,0,0.0001,24.57180397,0
1994-06-30 00:00:00,9.361792,24.6312979,0,0.0001,24.6312979,0
1994-07-01 00:00:00,10.30558,24.62384124,0,0.0001,24.62384124,0
1994-07-02 00:00:00,9.633651,24.76633575,0,0.0001,24.76633575,0
1994-07-03 00:00:00,9.288368,24.86310319,0,0.0001,24.86310319,0
1994-07-04 00:00:00,8.947681,24.96584013,0,0.0001,24.96584013,0
1994-07-05 00:00:00,7.101117,25.03437785,0,0.0001,25.03437785,0
1994-07-06 00:00:00,5.192993,25.05397554,0,0.0001,25.05397554,0
1994-07-07 00:00:00,7.826873,25.24221883,0,0.0001,25.24221883,0
1994-07-08 00:00:00,4.353942,25.23355425,0,0.0001,25.23355425,0
1994-07-09 00:00:00,5.603202,25.31219824,0,0.0001,25.31219824,0
1994-07-10 00:00:00,6.674161,25.43038956,0,0.0001,25.43038956,0
1994-07-11 00:00:00,4.657587,25.45888479,0,0.0001,25.45888479,0
1994-07-12 00:00:00,2.704085,25.4285093,0,0.0001,25.4285093,0
1994-07-13 00:00:00,5.362397,25.63695513,0,0.0001,25.63695513,0
1994-07-14 00:00:00,5.963829,25.69862433,0,0.0001,25.69862433,0
1994-07-15 00:00:00,5.677243,25.7594994,0,0.0001,25.7594994,0
1994-07-16 00:00:00,5.88104,25.70763258,0,0.0001,25.70763258,0
1994-07-17 00:00:00,7.419235,25.51366873,0,0.0001,25.51366873,0
1994-07-18 00:00:00,7.282696,25.54323121,0,0.0001,25.54323121,0
1994-07-19 00:00:00,7.705606,25.49148377,0,0.0001,25.49148377,0
1994-07-20 00:00:00,9.205057,25.3138869,0,0.0001,25.3138869,0
1994-07-21 00:00:00,8.604063,25.1485333,0,0.0001,25.1485333,0
1994-07-22 00:00:00,10.018645,25.27851615,0,0.0001,25.27851615,0
1994-07-23 00:00:00,7.02878,25.15958719,0,0.0001,25.15958719,0
1994-07-24 00:00:00,9.949645,25.30651532,0,0.0001,25.30651532,0
1994-07-25 00:00:00,8.317884,25.31164968,0,0.0001,25.31164968,0
1994-07-26 00:00:00,7.019151,25.21618552,0,0.0001,25.21618552,0
1994-07-27 00:00:00,8.31451,25.27642667,0,0.0001,25.27642667,0
1994-07-28 00:00:00,6.48499,25.25286084,0,0.0001,25.25286084,0
1994-07-29 00:00:00,8.576116,25.29745881,0,0.0001,25.29745881,0
1994-07-30 00:00:00,7.577127,25.24483696,0,0.0001,25.24483696,0
1994-07-31 00:00:00,5.482007,25.01066737,0,0.0001,25.01066737,0
1994-08-01 00:00:00,5.121064,25.03960783,0,0.0001,25.03960783,0
1994-08-02 00:00:00,7.894612,25.1067686,0,0.0001,25.1067686,0
1994-08-03 00:00:00,4.656944,24.99538425,0,0.0001,24.99538425,0
1994-08-04 00:00:00,4.602839,24.94936385,0,0.0001,24.94936385,0
1994-08-05 00:00:00,7.72899,25.01487295,0,0.0001,25.01487295,0
1994-08-06 00:00:00,7.336212,24.99142002,0,0.0001,24.99142002,0
1994-08-07 00:00:00,4.430329,24.74972586,0,0.0001,24.74972586,0
1994-08-08 00:00:00,7.734515,24.80650869,0,0.0001,24.80650869,0
1994-08-09 00:00:00,5.979191,24.7107734,0,0.0001,24.7107734,0
1994-08-10 00:00:00,7.366053,24.6541589,0,0.0001,24.6541589,0
1994-08-11 00:00:00,7.232237,24.61599454,0,0.0001,24.61599454,0
1994-08-12 00:00:00,3.785035,24.36974829,0,0.0001,24.36974829,0
1994-08-13 00:00:00,4.113345,24.35256336,0,0.0001,24.35256336,0
1994-08-14 00:00:00,5.35114,24.338729,0,0.0001,24.338729,0
1994-08-15 00:00:00,6.624229,24.31113388,0,0.0001,24.31113388,0
1994-08-16 00:00:00,4.896423,24.20819557,0,0.0001,24.20819557,0
1994-08-17 00:00:00,6.167776,24.15850399,0,0.0001,24.15850399,0
1994-08-18 00:00:00,6.154333,24.02453569,0,0.0001,24.02453569,0
1994-08-19 00:00:00,6.235182,23.89264724,0,0.0001,23.89264724,0
1994-08-20 00:00:00,4.412017,23.77754791,0,0.0001,23.77754791,0
1994-08-21 00:00:00,5.79698,23.73457994,0,0.0001,23.73457994,0
1994-08-22 00:00:00,5.467605,23.64038327,0,0.0001,23.64038327,0
1994-08-23 00:00:00,6.22648,23.28221509,0,0.0001,23.28221509,0
1994-08-24 00:00:00,6.572073,23.11858152,0,0.0001,23.11858152,0
1994-08-25 00:00:00,7.115977,23.04839297,0,0.0001,23.04839297,0
1994-08-26 00:00:00,6.087219,22.92319521,0,0.0001,22.92319521,0
1994-08-27 00:00:00,3.251228,22.70044191,0,0.0001,22.70044191,0
1994-08-28 00:00:00,3.06122,22.59485951,0,0.0001,22.59485951,0
1994-08-29 00:00:00,3.798009,22.54581375,0,0.0001,22.54581375,0
1994-08-30 00:00:00,5.12608,22.47201406,0,0.0001,22.47201406,0
1994-08-31 00:00:00,3.35647,22.30653803,0,0.0001,22.30653803,0
1994-09-01 00:00:00,4.610062,22.2207794,0,0.0001,22.2207794,0
1994-09-02 00:00:00,2.794076,22.04632809,0,0.0001,22.04632809,0
1994-09-03 00:00:00,4.696219,21.97736554,0,0.0001,21.97736554,0
1994-09-04 00:00:00,2.28947,21.76982641,0,0.0001,21.76982641,0
1994-09-05 00:00:00,1.756285,21.61060205,0,0.0001,21.61060205,0
1994-09-06 00:00:00,3.353967,21.55165609,0,0.0001,21.55165609,0
1994-09-07 00:00:00,1.556495,21.31429415,0,0.0001,21.31429415,0
1994-09-08 00:00:00,1.535358,21.13787523,0,0.0001,21.13787523,0
1994-09-09 00:00:00,1.405319,21.01791944,0,0.0001,21.01791944,0
1994-09-10 00:00:00,2.712798,20.93893425,0,0.0001,20.93893425,0
1994-09-11 00:00:00,2.480305,20.77635528,0,0.0001,20.77635528,0
1994-09-12 00:00:00,1.171743,20.55025838,0,0.0001,20.55025838,0
1994-09-13 00:00:00,1.125838,20.37056191,0,0.0001,20.37056191,0
1994-09-14 00:00:00,1.074266,20.19611914,0,0.0001,20.19611914,0
1994-09-15 00:00:00,1.855187,20.14137626,0,0.0001,20.14137626,0
1994-09-16 00:00:00,0.963275,19.8536529,0,0.0001,19.8536529,0
1994-09-17 00:00:00,2.840535,19.85413562,0,0.0001,19.85413562,0
1994-09-18 00:00:00,1.297809,19.59646279,0,0.0001,19.59646279,0
1994-09-19 00:00:00,0.767405,19.37220445,0,0.0001,19.37220445,0
1994-09-20 00:00:00,1.11381,19.24983918,0,0.0001,19.24983918,0
1994-09-21 00:00:00,0.996227,19.0498961,0,0.0001,19.0498961,0
1994-09-22 00:00:00,2.360092,18.98688846,0,0.0001,18.98688846,0
1994-09-23 00:00:00,0.685941,18.58783601,0,0.0001,18.58783601,0
1994-09-24 00:00:00,0.639877,18.41475602,0,0.0001,18.41475602,0
1994-09-25 00:00:00,2.192834,18.46844407,0,0.0001,18.46844407,0
1994-09-26 00:00:00,2.231913,18.24932698,0,0.0001,18.24932698,0
1994-09-27 00:00:00,2.878626,17.71841497,0,0.0001,17.71841497,0
1994-09-28 00:00:00,1.614741,17.20050828,0,0.0001,17.20050828,0
1994-09-29 00:00:00,1.662507,16.9839231,0,0.0001,16.9839231,0
1994-09-30 00:00:00,3.532735,16.89995174,0,0.0001,16.89995174,0
1994-10-01 00:00:00,2.897433,16.66278153,0,0.0001,16.66278153,0
1994-10-02 00:00:00,2.99617,16.37020306,0,0.0001,16.37020306,0
1994-10-03 00:00:00,3.207905,16.13417506,0,0.0001,16.13417506,0
1994-10-04 00:00:00,3.975016,15.91206712,0,0.0001,15.91206712,0
1994-10-05 00:00:00,1.896162,15.67487865,0,0.0001,15.67487865,0
1994-10-06 00:00:00,3.648832,15.50916424,0,0.0001,15.50916424,0
1994-10-07 00:00:00,2.945194,15.28571683,0,0.0001,15.28571683,0
1994-10-08 00:00:00,3.425266,15.06152403,0,0.0001,15.06152403,0
1994-10-09 00:00:00,2.781026,14.82825925,0,0.0001,14.82825925,0
1994-10-10 00:00:00,1.517793,14.59630344,0,0.0001,14.59630344,0
1994-10-11 00:00:00,3.175031,14.41195326,0,0.0001,14.41195326,0
1994-10-12 00:00:00,1.371471,14.17182302,0,0.0001,14.17182302,0
1994-10-13 00:00:00,2.485664,13.94831471,0,0.0001,13.94831471,0
1994-10-14 00:00:00,3.019701,13.72884705,0,0.0001,13.72884705,0
1994-10-15 00:00:00,2.387134,13.50705983,0,0.0001,13.50705983,0
1994-10-16 00:00:00,1.657721,13.20444911,0,0.0001,13.20444911,0
1994-10-17 00:00:00,2.578785,12.99431635,0,0.0001,12.99431635,0
1994-10-18 00:00:00,2.530162,12.79751413,0,0.0001,12.79751413,0
1994-10-19 00:00:00,1.478217,12.5947778,0,0.0001,12.5947778,0
1994-10-20 00:00:00,3.065,12.37784931,0,0.0001,12.37784931,0
1994-10-21 00:00:00,1.396558,12.16805987,0,0.0001,12.16805987,0
1994-10-22 00:00:00,1.322317,11.95505346,0,0.0001,11.95505346,0
1994-10-23 00:00:00,1.265518,11.74154957,0,0.0001,11.74154957,0
1994-10-24 00:00:00,2.792483,11.5236421,0,0.0001,11.5236421,0
1994-10-25 00:00:00,1.178911,11.31947829,0,0.0001,11.31947829,0
1994-10-26 00:00:00,1.993531,11.10923694,0,0.0001,11.10923694,0
1994-10-27 00:00:00,1.073052,10.90647236,0,0.0001,10.90647236,0
1994-10-28 00:00:00,1.025083,10.69920097,0,0.0001,10.69920097,0
1994-10-29 00:00:00,1.096324,10.4440519,0,0.0001,10.4440519,0
1994-10-30 00:00:00,1.738262,10.24285977,0,0.0001,10.24285977,0
1994-10-31 00:00:00,0.988884,10.06318668,0,0.0001,10.06318668,0
1994-11-01 00:00:00,0.945026,9.869965694,0,0.0001,9.869965694,0
1994-11-02 00:00:00,0.889068,9.673443434,0,0.0001,9.673443434,0
1994-11-03 00:00:00,0.871596,9.472772963,0,0.0001,9.472772963,0
1994-11-04 00:00:00,0.853968,9.272596253,0,0.0001,9.272596253,0
1994-11-05 00:00:00,0.828655,9.075953473,0,0.0001,9.075953473,0
1994-11-06 00:00:00,0.812262,8.880777485,0,0.0001,8.880777485,0
1994-11-07 00:00:00,0.783959,8.687841715,0,0.0001,8.687841715,0
1994-11-08 00:00:00,2.026428,8.481816117,0,0.0001,8.481816117,0
1994-11-09 00:00:00,1.986136,8.291992146,0,0.0001,8.291992146,0
1994-11-10 00:00:00,0.830564,8.097286734,0,0.0001,8.097286734,0
1994-11-11 00:00:00,0.917359,7.81256182,0,0.0001,7.81256182,0
1994-11-12 00:00:00,1.285172,7.594328618,0,0.0001,7.594328618,0
1994-11-13 00:00:00,0.864982,7.443752651,0,0.0001,7.443752651,0
1994-11-14 00:00:00,0.819819,7.262960192,0,0.0001,7.262960192,0
1994-11-15 00:00:00,0.804652,7.077691875,0,0.0001,7.077691875,0
1994-11-16 00:00:00,0.793065,6.88883682,0,0.0001,6.88883682,0
1994-11-17 00:00:00,1.196155,6.671620221,0,0.0001,6.671620221,0
1994-11-18 00:00:00,0.785285,6.521582984,0,0.0001,6.521582984,0
1994-11-19 00:00:00,0.763252,6.340667269,0,0.0001,6.340667269,0
1994-11-20 00:00:00,0.762132,6.156222085,0,0.0001,6.156222085,0
1994-11-21 00:00:00,1.903545,5.917233981,0,0.0001,5.917233981,0
1994-11-22 00:00:00,1.995561,5.739306105,0,0.0001,5.739306105,0
1994-11-23 00:00:00,1.667472,5.44795747,0,0.0001,5.44795747,0
1994-11-24 00:00:00,1.664753,5.233917978,0,0.0001,5.233917978,0
1994-11-25 00:00:00,1.71427,5.19679266,0,0.0001,5.19679266,0
1994-11-26 00:00:00,1.70197,5.021503958,0,0.0001,5.021503958,0
1994-11-27 00:00:00,1.693163,4.792944876,0,0.0001,4.792944876,0
1994-11-28 00:00:00,1.625654,4.570747466,0,0.0001,4.570747466,0
1994-11-29 00:00:00,1.549113,4.364140028,0,0.0001,4.364140028,0
1994-11-30 00:00:00,1.686589,4.135669605,0,0.0001,4.135669605,0
1994-12-01 00:00:00,2.808852,3.857234091,0,0.0001,3.857234091,0
1994-12-02 00:00:00,2.718428,3.683415734,0,0.0001,3.683415734,0
1994-12-03 00:00:00,3.119601,3.485114082,0,0.0001,3.485114082,0
1994-12-04 00:00:00,1.846704,3.439702239,0,0.0001,3.439702239,0
1994-12-05 00:00:00,1.943017,3.273637653,0,0.0001,3.273637653,0
1994-12-06 00:00:00,2.135411,3.082380118,0,0.0001,3.082380118,0
1994-12-07 00:00:00,3.451169,2.80058205,0,0.0001,2.80058205,0
1994-12-08 00:00:00,2.179938,2.746361137,0,0.0001,2.746361137,0
1994-12-09 00:00:00,2.059086,2.666485347,0,0.0001,2.666485347,0
1994-12-10 00:00:00,2.440716,2.421198667,0,0.0001,2.421198667,0
1994-12-11 00:00:00,2.048245,2.308878206,0,0.0001,2.308878206,0
1994-12-12 00:00:00,2.472442,2.088027889,0,0.0001,2.088027889,0
1994-12-13 00:00:00,2.478608,1.932333148,0,0.0001,1.932333148,0
1994-12-14 00:00:00,2.518012,1.777928844,0,0.0001,1.777928844,0
1994-12-15 00:00:00,1.810738,1.705896233,0,0.0001,1.705896233,0
1994-12-16 00:00:00,1.803074,1.577356142,0,0.0001,1.577356142,0
1994-12-17 00:00:00,1.755813,1.451843142,0,0.0001,1.451843142,0
1994-12-18 00:00:00,3.388436,1.221856832,0,0.0001,1.221856832,0
1994-12-19 00:00:00,1.683097,1.20666598,0,0.0001,1.20666598,0
1994-12-20 00:00:00,1.696169,1.091039059,0,0.0001,1.091039059,0
1994-12-21 00:00:00,1.649709,0.98398896,0,0.0001,0.98398896,0
1994-12-22 00:00:00,2.692555,0.812434871,0,0.0001,0.812434871,0
1994-12-23 00:00:00,1.558286,0.789036319,0,0.0001,0.789036319,0
1994-12-24 00:00:00,2.738241,0.627470818,0,0.0001,0.627470818,0
1994-12-25 00:00:00,1.534792,0.631881235,0,0.0001,0.631881235,0
1994-12-26 00:00:00,1.486787,0.545301953,0,0.0001,0.545301953,0
1994-12-27 00:00:00,2.738808,0.385981351,0,0.0001,0.385981351,0
1994-12-28 00:00:00,2.733098,0.312539232,0,0.0001,0.312539232,0
1994-12-29 00:00:00,2.677494,0.264925407,0,0.0001,0.264925407,0
1994-12-30 00:00:00,2.719159,0.16585973,0,0.0001,0.16585973,0
1994-12-31 00:00:00,3.163632,0.089526063,0,0.0001,0.089526063,0
1995-01-01 00:00:00,5.24682,-0.186063117,0,0.0001,-0.186063117,0
1995-01-02 00:00:00,2.32013,-0.080147464,0,0.0001,-0.080147464,0
1995-01-03 00:00:00,4.753365,-0.29795278,0,0.0001,-0.29795278,0
1995-01-04 00:00:00,5.007117,-0.361636706,0,0.0001,-0.361636706,0
1995-01-05 00:00:00,4.764657,-0.423707452,0,0.0001,-0.423707452,0
1995-01-06 00:00:00,4.844576,-0.455371879,0,0.0001,-0.455371879,0
1995-01-07 00:00:00,4.884626,-0.497325836,0,0.0001,-0.497325836,0
1995-01-08 00:00:00,4.792279,-0.534304141,0,0.0001,-0.534304141,0
1995-01-09 00:00:00,4.589863,-0.572046037,0,0.0001,-0.572046037,0
1995-01-10 00:00:00,4.729598,-0.593498062,0,0.0001,-0.593498062,0
1995-01-11 00:00:00,4.62775,-0.618681098,0,0.0001,-0.618681098,0
1995-01-12 00:00:00,4.671609,-0.635929208,0,0.0001,-0.635929208,0
1995-01-13 00:00:00,4.489798,-0.659688577,0,0.0001,-0.659688577,0
1995-01-14 00:00:00,4.591834,-0.676447325,0,0.0001,-0.676447325,0
1995-01-15 00:00:00,4.668481,-0.69236235,0,0.0001,-0.69236235,0
1995-01-16 00:00:00,4.593751,-0.698083938,0,0.0001,-0.698083938,0
1995-01-17 00:00:00,4.790401,-0.698169038,0,0.0001,-0.698169038,0
1995-01-18 00:00:00,4.405961,-0.722998298,0,0.0001,-0.722998298,0
1995-01-19 00:00:00,4.317028,-0.713881821,0,0.0001,-0.713881821,0
1995-01-20 00:00:00,4.670044,-0.69721897,0,0.0001,-0.69721897,0
1995-01-21 00:00:00,4.554839,-0.686169696,0,0.0001,-0.686169696,0
1995-01-22 00:00:00,4.582829,-0.667579191,0,0.0001,-0.667579191,0
1995-01-23 00:00:00,4.604587,-0.64672242,0,0.0001,-0.64672242,0
1995-01-24 00:00:00,4.54955,-0.622778061,0,0.0001,-0.622778061,0
1995-01-25 00:00:00,4.489162,-0.595052885,0,0.0001,-0.595052885,0
1995-01-26 00:00:00,4.42505,-0.563753753,0,0.0001,-0.563753753,0
1995-01-27 00:00:00,4.367809,-0.528693155,0,0.0001,-0.528693155,0
1995-01-28 00:00:00,4.314544,-0.489944412,0,0.0001,-0.489944412,0
1995-01-29 00:00:00,4.256468,-0.447803594,0,0.0001,-0.447803594,0
1995-01-30 00:00:00,4.216361,-0.401896109,0,0.0001,-0.401896109,0
1995-01-31 00:00:00,4.175273,-0.352218467,0,0.0001,-0.352218467,0
1995-02-01 00:00:00,4.13505,-0.298731682,0,0.0001,-0.298731682,0
1995-02-02 00:00:00,3.572357,-0.230953109,0,0.0001,-0.230953109,0
1995-02-03 00:00:00,4.005716,-0.182105191,0,0.0001,-0.182105191,0
1995-02-04 00:00:00,4.019535,-0.11815735,0,0.0001,-0.11815735,0
1995-02-05 00:00:00,3.977103,-0.051225849,0,0.0001,-0.051225849,0
1995-02-06 00:00:00,3.952463,0.01919022,0,0.0001,0.01919022,0
1995-02-07 00:00:00,3.92194,0.092965091,0,0.0001,0.092965091,0
1995-02-08 00:00:00,3.222271,0.184547526,0,0.0001,0.184547526,0
1995-02-09 00:00:00,3.877063,0.250992321,0,0.0001,0.250992321,0
1995-02-10 00:00:00,3.871788,0.335514399,0,0.0001,0.335514399,0
1995-02-11 00:00:00,3.808478,0.423059071,0,0.0001,0.423059071,0
1995-02-12 00:00:00,3.794091,0.513395404,0,0.0001,0.513395404,0
1995-02-13 00:00:00,3.779041,0.607123582,0,0.0001,0.607123582,0
1995-02-14 00:00:00,3.732345,0.704061925,0,0.0001,0.704061925,0
1995-02-15 00:00:00,2.847934,0.822959437,0,0.0001,0.822959437,0
1995-02-16 00:00:00,3.726437,0.908206653,0,0.0001,0.908206653,0
1995-02-17 00:00:00,3.713915,1.015361235,0,0.0001,1.015361235,0
1995-02-18 00:00:00,4.102812,1.105333297,0,0.0001,1.105333297,0
1995-02-19 00:00:00,4.128295,1.17921259,0,0.0001,1.17921259,0
1995-02-20 00:00:00,2.485424,1.424815921,0,0.0001,1.424815921,0
1995-02-21 00:00:00,2.371014,1.495607535,0,0.0001,1.495607535,0
1995-02-22 00:00:00,2.900718,1.659510468,0,0.0001,1.659510468,0
1995-02-23 00:00:00,3.431646,1.721632426,0,0.0001,1.721632426,0
1995-02-24 00:00:00,3.420624,1.819520249,0,0.0001,1.819520249,0
1995-02-25 00:00:00,3.341734,1.914073601,0,0.0001,1.914073601,0
1995-02-26 00:00:00,3.262973,1.993325011,0,0.0001,1.993325011,0
1995-02-27 00:00:00,3.163204,2.074438437,0,0.0001,2.074438437,0
1995-02-28 00:00:00,3.338271,2.149471961,0,0.0001,2.149471961,0
1995-03-01 00:00:00,2.994924,2.270354299,0,0.0001,2.270354299,0
1995-03-02 00:00:00,2.916448,2.39056107,0,0.0001,2.39056107,0
1995-03-03 00:00:00,4.893885,2.475120525,0,0.0001,2.475120525,0
1995-03-04 00:00:00,5.072008,2.610271239,0,0.0001,2.610271239,0
1995-03-05 00:00:00,5.275613,2.758990047,0,0.0001,2.758990047,0
1995-03-06 00:00:00,2.683644,2.938745654,0,0.0001,2.938745654,0
1995-03-07 00:00:00,2.788676,3.107139285,0,0.0001,3.107139285,0
1995-03-08 00:00:00,2.746041,3.267574251,0,0.0001,3.267574251,0
1995-03-09 00:00:00,5.292841,3.403290492,0,0.0001,3.403290492,0
1995-03-10 00:00:00,6.654809,3.540815121,0,0.0001,3.540815121,0
1995-03-11 00:00:00,6.106745,3.677898013,0,0.0001,3.677898013,0
1995-03-12 00:00:00,5.955557,3.867709584,0,0.0001,3.867709584,0
1995-03-13 00:00:00,5.877117,4.047279866,0,0.0001,4.047279866,0
1995-03-14 00:00:00,5.240314,4.232480214,0,0.0001,4.232480214,0
1995-03-15 00:00:00,5.192137,4.412632227,0,0.0001,4.412632227,0
1995-03-16 00:00:00,3.588445,4.611098453,0,0.0001,4.611098453,0
1995-03-17 00:00:00,5.126154,4.785671472,0,0.0001,4.785671472,0
1995-03-18 00:00:00,5.32601,4.9770957,0,0.0001,4.9770957,0
1995-03-19 00:00:00,5.444344,5.16747887,0,0.0001,5.16747887,0
1995-03-20 00:00:00,4.32775,5.29911035,0,0.0001,5.29911035,0
1995-03-21 00:00:00,6.552402,5.485054857,0,0.0001,5.485054857,0
1995-03-22 00:00:00,3.668054,5.718594287,0,0.0001,5.718594287,0
1995-03-23 00:00:00,3.668245,5.90980772,0,0.0001,5.90980772,0
1995-03-24 00:00:00,3.618859,6.099570028,0,0.0001,6.099570028,0
1995-03-25 00:00:00,6.269398,6.282723287,0,0.0001,6.282723287,0
1995-03-26 00:00:00,6.685274,6.45488189,0,0.0001,6.45488189,0
1995-03-27 00:00:00,8.58806,6.580074032,0,0.0001,6.580074032,0
1995-03-28 00:00:00,5.928788,6.803001478,0,0.0001,6.803001478,0
1995-03-29 00:00:00,7.582396,6.993455812,0,0.0001,6.993455812,0
1995-03-30 00:00:00,5.019951,7.202556925,0,0.0001,7.202556925,0
1995-03-31 00:00:00,4.890639,7.395904503,0,0.0001,7.395904503,0
1995-04-01 00:00:00,8.021759,7.593913685,0,0.0001,7.593913685,0
1995-04-02 00:00:00,4.667975,7.808887665,0,0.0001,7.808887665,0
1995-04-03 00:00:00,4.349735,8.024512365,0,0.0001,8.024512365,0
1995-04-04 00:00:00,4.495774,8.247814478,0,0.0001,8.247814478,0
1995-04-05 00:00:00,7.215381,8.479671603,0,0.0001,8.479671603,0
1995-04-06 00:00:00,7.455969,8.688234758,0,0.0001,8.688234758,0
1995-04-07 00:00:00,7.960568,8.893266415,0,0.0001,8.893266415,0
1995-04-08 00:00:00,7.166839,9.077937344,0,0.0001,9.077937344,0
1995-04-09 00:00:00,9.185358,9.293735303,0,0.0001,9.293735303,0
1995-04-10 00:00:00,10.250961,9.493647688,0,0.0001,9.493647688,0
1995-04-11 00:00:00,13.219917,9.643099554,0,0.0001,9.643099554,0
1995-04-12 00:00:00,9.05349,9.86660433,0,0.0001,9.86660433,0
1995-04-13 00:00:00,9.14109,10.0844416,0,0.0001,10.0844416,0
1995-04-14 00:00:00,12.231297,10.30413636,0,0.0001,10.30413636,0
1995-04-15 00:00:00,11.745384,10.52906803,0,0.0001,10.52906803,0
1995-04-16 00:00:00,11.457732,10.75533379,0,0.0001,10.75533379,0
1995-04-17 00:00:00,11.513274,10.9687303,0,0.0001,10.9687303,0
1995-04-18 00:00:00,12.352892,11.12103484,0,0.0001,11.12103484,0
1995-04-19 00:00:00,13.335797,11.36097491,0,0.0001,11.36097491,0
1995-04-20 00:00:00,13.383154,11.58641412,0,0.0001,11.58641412,0
1995-04-21 00:00:00,13.288048,11.7953217,0,0.0001,11.7953217,0
1995-04-22 00:00:00,13.181869,12.03559094,0,0.0001,12.03559094,0
1995-04-23 00:00:00,13.032913,12.27736024,0,0.0001,12.27736024,0
1995-04-24 00:00:00,12.599371,12.52018413,0,0.0001,12.52018413,0
1995-04-25 00:00:00,12.324417,12.76274887,0,0.0001,12.76274887,0
1995-04-26 00:00:00,13.829302,12.94657428,0,0.0001,12.94657428,0
1995-04-27 00:00:00,14.777482,13.14925169,0,0.0001,13.14925169,0
1995-04-28 00:00:00,14.316646,13.3953043,0,0.0001,13.3953043,0
1995-04-29 00:00:00,13.852442,13.63596114,0,0.0001,13.63596114,0
1995-04-30 00:00:00,13.525887,13.87832146,0,0.0001,13.87832146,0
1995-05-01 00:00:00,12.990404,14.12787051,0,0.0001,14.12787051,0
1995-05-02 00:00:00,12.512374,14.37891256,0,0.0001,14.37891256,0
1995-05-03 00:00:00,11.991847,14.63126344,0,0.0001,14.63126344,0
1995-05-04 00:00:00,11.492489,14.88300398,0,0.0001,14.88300398,0
1995-05-05 00:00:00,11.102443,15.13273226,0,0.0001,15.13273226,0
1995-05-06 00:00:00,10.601784,15.38509756,0,0.0001,15.38509756,0
1995-05-07 00:00:00,10.202978,15.62899692,0,0.0001,15.62899692,0
1995-05-08 00:00:00,12.846665,15.70839419,0,0.0001,15.70839419,0
1995-05-09 00:00:00,14.939777,15.86534127,0,0.0001,15.86534127,0
1995-05-10 00:00:00,15.922497,16.05267985,0,0.0001,16.05267985,0
1995-05-11 00:00:00,15.8244,16.27384323,0,0.0001,16.27384323,0
1995-05-12 00:00:00,15.449172,16.49969648,0,0.0001,16.49969648,0
1995-05-13 00:00:00,15.590659,16.70416857,0,0.0001,16.70416857,0
1995-05-14 00:00:00,15.19203,16.9345285,0,0.0001,16.9345285,0
1995-05-15 00:00:00,14.651423,17.16286111,0,0.0001,17.16286111,0
1995-05-16 00:00:00,14.423629,17.37567637,0,0.0001,17.37567637,0
1995-05-17 00:00:00,14.141558,17.58488553,0,0.0001,17.58488553,0
1995-05-18 00:00:00,13.47319,17.81153132,0,0.0001,17.81153132,0
1995-05-19 00:00:00,9.897309,18.01979724,0,0.0001,18.01979724,0
1995-05-20 00:00:00,9.40685,18.24769129,0,0.0001,18.24769129,0
1995-05-21 00:00:00,12.124817,18.49240516,0,0.0001,18.49240516,0
1995-05-22 00:00:00,11.636604,18.71649656,0,0.0001,18.71649656,0
1995-05-23 00:00:00,10.585925,18.90618071,0,0.0001,18.90618071,0
1995-05-24 00:00:00,10.387379,19.12632346,0,0.0001,19.12632346,0
1995-05-25 00:00:00,11.079132,19.35657789,0,0.0001,19.35657789,0
1995-05-26 00:00:00,11.832714,19.49455556,0,0.0001,19.49455556,0
1995-05-27 00:00:00,13.401403,19.60087738,0,0.0001,19.60087738,0
1995-05-28 00:00:00,14.859519,19.73143204,0,0.0001,19.73143204,0
1995-05-29 00:00:00,13.679363,19.9303197,0,0.0001,19.9303197,0
1995-05-30 00:00:00,11.700261,20.11204472,0,0.0001,20.11204472,0
1995-05-31 00:00:00,11.220075,20.32840536,0,0.0001,20.32840536,0
1995-06-01 00:00:00,12.523732,20.5636956,0,0.0001,20.5636956,0
1995-06-02 00:00:00,10.893196,20.75403504,0,0.0001,20.75403504,0
1995-06-03 00:00:00,10.432876,20.94420933,0,0.0001,20.94420933,0
1995-06-04 00:00:00,11.400683,21.14937485,0,0.0001,21.14937485,0
1995-06-05 00:00:00,11.026639,21.33783264,0,0.0001,21.33783264,0
1995-06-06 00:00:00,11.177754,21.49603195,0,0.0001,21.49603195,0
1995-06-07 00:00:00,6.474505,21.59251517,0,0.0001,21.59251517,0
1995-06-08 00:00:00,10.937512,21.82948607,0,0.0001,21.82948607,0
1995-06-09 00:00:00,7.55421,21.97921456,0,0.0001,21.97921456,0
1995-06-10 00:00:00,7.073836,22.14703771,0,0.0001,22.14703771,0
1995-06-11 00:00:00,9.820327,22.35992935,0,0.0001,22.35992935,0
1995-06-12 00:00:00,9.397605,22.53558689,0,0.0001,22.53558689,0
1995-06-13 00:00:00,8.984648,22.70950142,0,0.0001,22.70950142,0
1995-06-14 00:00:00,8.507381,22.88535993,0,0.0001,22.88535993,0
1995-06-15 00:00:00,8.041172,23.05941496,0,0.0001,23.05941496,0
1995-06-16 00:00:00,7.616336,23.22982176,0,0.0001,23.22982176,0
1995-06-17 00:00:00,7.189666,23.39978102,0,0.0001,23.39978102,0
1995-06-18 00:00:00,6.891978,23.55871915,0,0.0001,23.55871915,0
1995-06-19 00:00:00,6.585955,23.71818254,0,0.0001,23.71818254,0
1995-06-20 00:00:00,6.226822,23.87900884,0,0.0001,23.87900884,0
1995-06-21 00:00:00,5.869629,24.03803101,0,0.0001,24.03803101,0
1995-06-22 00:00:00,5.578159,24.18931793,0,0.0001,24.18931793,0
1995-06-23 00:00:00,3.844487,24.29972946,0,0.0001,24.29972946,0
1995-06-24 00:00:00,5.004336,24.48514707,0,0.0001,24.48514707,0
1995-06-25 00:00:00,4.824019,24.61562678,0,0.0001,24.61562678,0
1995-06-26 00:00:00,4.922895,24.63984126,0,0.0001,24.63984126,0
1995-06-27 00:00:00,5.114756,24.74743915,0,0.0001,24.74743915,0
1995-06-28 00:00:00,4.870252,24.8919033,0,0.0001,24.8919033,0
1995-06-29 00:00:00,1.785729,24.77891333,0,0.0001,24.77891333,0
1995-06-30 00:00:00,1.776278,24.8468517,0,0.0001,24.8468517,0
1995-07-01 00:00:00,2.650684,25.1170037,0,0.0001,25.1170037,0
1995-07-02 00:00:00,3.838646,25.30419159,0,0.0001,25.30419159,0
1995-07-03 00:00:00,4.063513,25.43251869,0,0.0001,25.43251869,0
1995-07-04 00:00:00,4.830514,25.22904446,0,0.0001,25.22904446,0
1995-07-05 00:00:00,4.8015,25.13688036,0,0.0001,25.13688036,0
1995-07-06 00:00:00,3.169851,25.08683423,0,0.0001,25.08683423,0
1995-07-07 00:00:00,5.395747,25.36575823,0,0.0001,25.36575823,0
1995-07-08 00:00:00,5.135699,25.42306649,0,0.0001,25.42306649,0
1995-07-09 00:00:00,5.412932,25.44631101,0,0.0001,25.44631101,0
1995-07-10 00:00:00,5.186804,25.55245392,0,0.0001,25.55245392,0
1995-07-11 00:00:00,4.844575,25.66158157,0,0.0001,25.66158157,0
1995-07-12 00:00:00,4.521765,25.76271205,0,0.0001,25.76271205,0
1995-07-13 00:00:00,3.111029,25.77083831,0,0.0001,25.77083831,0
1995-07-14 00:00:00,4.002629,25.92681024,0,0.0001,25.92681024,0
1995-07-15 00:00:00,3.850592,25.94407791,0,0.0001,25.94407791,0
1995-07-16 00:00:00,1.86242,25.54025363,0,0.0001,25.54025363,0
1995-07-17 00:00:00,4.092967,25.93475567,0,0.0001,25.93475567,0
1995-07-18 00:00:00,3.871653,25.96768827,0,0.0001,25.96768827,0
1995-07-19 00:00:00,2.521064,25.91805298,0,0.0001,25.91805298,0
1995-07-20 00:00:00,3.903936,25.97715784,0,0.0001,25.97715784,0
1995-07-21 00:00:00,3.817848,26.00628451,0,0.0001,26.00628451,0
1995-07-22 00:00:00,3.807083,25.90740841,0,0.0001,25.90740841,0
1995-07-23 00:00:00,4.10593,25.88452613,0,0.0001,25.88452613,0
1995-07-24 00:00:00,3.925272,25.90948042,0,0.0001,25.90948042,0
1995-07-25 00:00:00,1.693912,25.56975518,0,0.0001,25.56975518,0
1995-07-26 00:00:00,3.781122,25.86576944,0,0.0001,25.86576944,0
1995-07-27 00:00:00,1.794083,25.37013682,0,0.0001,25.37013682,0
1995-07-28 00:00:00,2.198605,25.45943409,0,0.0001,25.45943409,0
1995-07-29 00:00:00,3.892952,25.77120385,0,0.0001,25.77120385,0
1995-07-30 00:00:00,3.723135,25.76976647,0,0.0001,25.76976647,0
1995-07-31 00:00:00,3.154539,25.70698989,0,0.0001,25.70698989,0
1995-08-01 00:00:00,3.577852,25.6718575,0,0.0001,25.6718575,0
1995-08-02 00:00:00,3.289352,25.60913318,0,0.0001,25.60913318,0
1995-08-03 00:00:00,3.43165,25.46238768,0,0.0001,25.46238768,0
1995-08-04 00:00:00,1.951577,25.17157841,0,0.0001,25.17157841,0
1995-08-05 00:00:00,3.212654,25.36486077,0,0.0001,25.36486077,0
1995-08-06 00:00:00,1.660421,25.10793981,0,0.0001,25.10793981,0
1995-08-07 00:00:00,3.029355,25.30395997,0,0.0001,25.30395997,0
1995-08-08 00:00:00,3.566702,25.27857656,0,0.0001,25.27857656,0
1995-08-09 00:00:00,1.658356,24.96485085,0,0.0001,24.96485085,0
1995-08-10 00:00:00,1.655962,24.89155013,0,0.0001,24.89155013,0
1995-08-11 00:00:00,1.541274,24.85415992,0,0.0001,24.85415992,0
1995-08-12 00:00:00,1.430616,24.80954476,0,0.0001,24.80954476,0
1995-08-13 00:00:00,1.375192,24.75324812,0,0.0001,24.75324812,0
1995-08-14 00:00:00,2.046079,24.77264182,0,0.0001,24.77264182,0
1995-08-15 00:00:00,3.197941,24.64231315,0,0.0001,24.64231315,0
1995-08-16 00:00:00,3.006564,24.23235077,0,0.0001,24.23235077,0
1995-08-17 00:00:00,4.389671,24.20157516,0,0.0001,24.20157516,0
1995-08-18 00:00:00,4.291709,24.1233567,0,0.0001,24.1233567,0
1995-08-19 00:00:00,3.313483,23.70934151,0,0.0001,23.70934151,0
1995-08-20 00:00:00,3.176625,23.61955373,0,0.0001,23.61955373,0
1995-08-21 00:00:00,2.987941,23.53760007,0,0.0001,23.53760007,0
1995-08-22 00:00:00,2.822292,23.45605481,0,0.0001,23.45605481,0
1995-08-23 00:00:00,2.696751,23.36089408,0,0.0001,23.36089408,0
1995-08-24 00:00:00,2.558448,23.26653485,0,0.0001,23.26653485,0
1995-08-25 00:00:00,2.473095,23.14648221,0,0.0001,23.14648221,0
1995-08-26 00:00:00,4.174236,23.08358662,0,0.0001,23.08358662,0
1995-08-27 00:00:00,4.058603,22.95320176,0,0.0001,22.95320176,0
1995-08-28 00:00:00,3.215088,22.56200129,0,0.0001,22.56200129,0
1995-08-29 00:00:00,3.245285,22.43666222,0,0.0001,22.43666222,0
1995-08-30 00:00:00,3.069682,22.30679113,0,0.0001,22.30679113,0
1995-08-31 00:00:00,2.910277,22.17676793,0,0.0001,22.17676793,0
1995-09-01 00:00:00,2.805988,22.03715057,0,0.0001,22.03715057,0
1995-09-02 00:00:00,2.688443,21.90023319,0,0.0001,21.90023319,0
1995-09-03 00:00:00,2.543628,21.76877722,0,0.0001,21.76877722,0
1995-09-04 00:00:00,2.436487,21.61884267,0,0.0001,21.61884267,0
1995-09-05 00:00:00,2.261661,21.4894754,0,0.0001,21.4894754,0
1995-09-06 00:00:00,2.1765,21.3285734,0,0.0001,21.3285734,0
1995-09-07 00:00:00,2.10036,21.16104908,0,0.0001,21.16104908,0
1995-09-08 00:00:00,2.073716,20.99652189,0,0.0001,20.99652189,0
1995-09-09 00:00:00,1.943404,20.84972921,0,0.0001,20.84972921,0
1995-09-10 00:00:00,1.806162,20.70492494,0,0.0001,20.70492494,0
1995-09-11 00:00:00,1.70683,20.54439016,0,0.0001,20.54439016,0
1995-09-12 00:00:00,1.555406,20.41358046,0,0.0001,20.41358046,0
1995-09-13 00:00:00,1.544636,20.20934294,0,0.0001,20.20934294,0
1995-09-14 00:00:00,2.066102,20.10718476,0,0.0001,20.10718476,0
1995-09-15 00:00:00,1.970939,19.95372045,0,0.0001,19.95372045,0
1995-09-16 00:00:00,1.314339,19.68736509,0,0.0001,19.68736509,0
1995-09-17 00:00:00,2.881679,19.59454143,0,0.0001,19.59454143,0
1995-09-18 00:00:00,2.799541,19.41876657,0,0.0001,19.41876657,0
1995-09-19 00:00:00,2.637916,19.01318569,0,0.0001,19.01318569,0
1995-09-20 00:00:00,1.907672,18.75390184,0,0.0001,18.75390184,0
1995-09-21 00:00:00,1.772189,18.59673983,0,0.0001,18.59673983,0
1995-09-22 00:00:00,2.705155,18.46698267,0,0.0001,18.46698267,0
1995-09-23 00:00:00,2.604705,18.28468083,0,0.0001,18.28468083,0
1995-09-24 00:00:00,2.535602,18.09369312,0,0.0001,18.09369312,0
1995-09-25 00:00:00,3.296924,17.91001492,0,0.0001,17.91001492,0
1995-09-26 00:00:00,3.194132,17.72406291,0,0.0001,17.72406291,0
1995-09-27 00:00:00,1.400862,17.4607311,0,0.0001,17.4607311,0
1995-09-28 00:00:00,2.8925,17.36599655,0,0.0001,17.36599655,0
1995-09-29 00:00:00,2.70137,17.17839058,0,0.0001,17.17839058,0
1995-09-30 00:00:00,1.296618,16.83011355,0,0.0001,16.83011355,0
1995-10-01 00:00:00,3.083774,16.64854009,0,0.0001,16.64854009,0
1995-10-02 00:00:00,3.03536,16.44278689,0,0.0001,16.44278689,0
1995-10-03 00:00:00,3.085997,16.21104702,0,0.0001,16.21104702,0
1995-10-04 00:00:00,3.024118,16.00494163,0,0.0001,16.00494163,0
1995-10-05 00:00:00,4.198979,15.64561099,0,0.0001,15.64561099,0
1995-10-06 00:00:00,5.774676,15.22803568,0,0.0001,15.22803568,0
1995-10-07 00:00:00,7.152254,15.05028423,0,0.0001,15.05028423,0
1995-10-08 00:00:00,4.236996,14.857694,0,0.0001,14.857694,0
1995-10-09 00:00:00,3.971074,14.57676498,0,0.0001,14.57676498,0
1995-10-10 00:00:00,3.680722,14.31157511,0,0.0001,14.31157511,0
1995-10-11 00:00:00,3.407163,14.05908895,0,0.0001,14.05908895,0
1995-10-12 00:00:00,3.208225,13.81231384,0,0.0001,13.81231384,0
1995-10-13 00:00:00,3.053584,13.56849681,0,0.0001,13.56849681,0
1995-10-14 00:00:00,2.931166,13.3258562,0,0.0001,13.3258562,0
1995-10-15 00:00:00,2.883595,13.09164327,0,0.0001,13.09164327,0
1995-10-16 00:00:00,2.800648,12.86619693,0,0.0001,12.86619693,0
1995-10-17 00:00:00,2.697813,12.64774343,0,0.0001,12.64774343,0
1995-10-18 00:00:00,4.714565,12.41944496,0,0.0001,12.41944496,0
1995-10-19 00:00:00,2.748618,12.18776804,0,0.0001,12.18776804,0
1995-10-20 00:00:00,2.72969,11.95531356,0,0.0001,11.95531356,0
1995-10-21 00:00:00,2.62422,11.74076369,0,0.0001,11.74076369,0
1995-10-22 00:00:00,4.903991,11.50493207,0,0.0001,11.50493207,0
1995-10-23 00:00:00,2.780323,11.30402598,0,0.0001,11.30402598,0
1995-10-24 00:00:00,3.234614,11.07071387,0,0.0001,11.07071387,0
1995-10-25 00:00:00,5.080403,10.84672247,0,0.0001,10.84672247,0
1995-10-26 00:00:00,5.337974,10.64314531,0,0.0001,10.64314531,0
1995-10-27 00:00:00,4.456173,10.45149873,0,0.0001,10.45149873,0
1995-10-28 00:00:00,4.307602,10.23000818,0,0.0001,10.23000818,0
1995-10-29 00:00:00,4.663562,9.991541697,0,0.0001,9.991541697,0
1995-10-30 00:00:00,6.933383,9.682313952,0,0.0001,9.682313952,0
1995-10-31 00:00:00,7.829777,9.434860171,0,0.0001,9.434860171,0
1995-11-01 00:00:00,9.713432,9.226581004,0,0.0001,9.226581004,0
1995-11-02 00:00:00,7.161427,9.137608677,0,0.0001,9.137608677,0
1995-11-03 00:00:00,6.978243,8.890926033,0,0.0001,8.890926033,0
1995-11-04 00:00:00,6.723675,8.571969733,0,0.0001,8.571969733,0
1995-11-05 00:00:00,10.24369,8.143780587,0,0.0001,8.143780587,0
1995-11-06 00:00:00,5.986186,7.966925034,0,0.0001,7.966925034,0
1995-11-07 00:00:00,5.73452,7.700695263,0,0.0001,7.700695263,0
1995-11-08 00:00:00,9.344585,7.394619504,0,0.0001,7.394619504,0
1995-11-09 00:00:00,9.310346,7.174703606,0,0.0001,7.174703606,0
1995-11-10 00:00:00,5.522957,7.025923908,0,0.0001,7.025923908,0
1995-11-11 00:00:00,7.617202,6.782930188,0,0.0001,6.782930188,0
1995-11-12 00:00:00,7.61959,6.58014484,0,0.0001,6.58014484,0
1995-11-13 00:00:00,7.567544,6.383777438,0,0.0001,6.383777438,0
1995-11-14 00:00:00,7.501067,6.191421571,0,0.0001,6.191421571,0
1995-11-15 00:00:00,7.420506,6.003553276,0,0.0001,6.003553276,0
1995-11-16 00:00:00,8.356203,5.810585123,0,0.0001,5.810585123,0
1995-11-17 00:00:00,5.700044,5.666522422,0,0.0001,5.666522422,0
1995-11-18 00:00:00,8.073186,5.459170471,0,0.0001,5.459170471,0
1995-11-19 00:00:00,5.47409,5.310107812,0,0.0001,5.310107812,0
1995-11-20 00:00:00,3.786268,5.178951913,0,0.0001,5.178951913,0
1995-11-21 00:00:00,7.20922,4.949362358,0,0.0001,4.949362358,0
1995-11-22 00:00:00,3.487475,4.845303488,0,0.0001,4.845303488,0
1995-11-23 00:00:00,6.384316,4.626185332,0,0.0001,4.626185332,0
1995-11-24 00:00:00,6.582579,4.462827593,0,0.0001,4.462827593,0
1995-11-25 00:00:00,6.387705,4.305349221,0,0.0001,4.305349221,0
1995-11-26 00:00:00,6.424004,4.14359102,0,0.0001,4.14359102,0
1995-11-27 00:00:00,7.023376,3.930534249,0,0.0001,3.930534249,0
1995-11-28 00:00:00,7.252212,3.775847577,0,0.0001,3.775847577,0
1995-11-29 00:00:00,7.065341,3.628324936,0,0.0001,3.628324936,0
1995-11-30 00:00:00,7.306616,3.482461845,0,0.0001,3.482461845,0
1995-12-01 00:00:00,7.048897,3.309841575,0,0.0001,3.309841575,0
1995-12-02 00:00:00,7.292326,3.166249278,0,0.0001,3.166249278,0
1995-12-03 00:00:00,6.976817,2.997865428,0,0.0001,2.997865428,0
1995-12-04 00:00:00,6.763174,2.849344155,0,0.0001,2.849344155,0
1995-12-05 00:00:00,4.415444,2.75926569,0,0.0001,2.75926569,0
1995-12-06 00:00:00,6.459351,2.554827947,0,0.0001,2.554827947,0
1995-12-07 00:00:00,6.224914,2.410478823,0,0.0001,2.410478823,0
1995-12-08 00:00:00,2.62749,2.396111644,0,0.0001,2.396111644,0
1995-12-09 00:00:00,5.56948,2.144537944,0,0.0001,2.144537944,0
1995-12-10 00:00:00,5.924684,2.003269486,0,0.0001,2.003269486,0
1995-12-11 00:00:00,5.685687,1.870777522,0,0.0001,1.870777522,0
1995-12-12 00:00:00,5.602607,1.745884053,0,0.0001,1.745884053,0
1995-12-13 00:00:00,5.612175,1.62568091,0,0.0001,1.62568091,0
1995-12-14 00:00:00,5.6715,1.503134907,0,0.0001,1.503134907,0
1995-12-15 00:00:00,5.574186,1.387044586,0,0.0001,1.387044586,0
1995-12-16 00:00:00,5.457045,1.277312536,0,0.0001,1.277312536,0
1995-12-17 00:00:00,5.352644,1.170817714,0,0.0001,1.170817714,0
1995-12-18 00:00:00,5.248576,1.067479389,0,0.0001,1.067479389,0
1995-12-19 00:00:00,5.161291,0.967917529,0,0.0001,0.967917529,0
1995-12-20 00:00:00,5.067275,0.87163509,0,0.0001,0.87163509,0
1995-12-21 00:00:00,4.981123,0.778946134,0,0.0001,0.778946134,0
1995-12-22 00:00:00,4.889033,0.689296659,0,0.0001,0.689296659,0
1995-12-23 00:00:00,4.811259,0.603206321,0,0.0001,0.603206321,0
1995-12-24 00:00:00,4.741878,0.52050827,0,0.0001,0.52050827,0
1995-12-25 00:00:00,4.665053,0.440875423,0,0.0001,0.440875423,0
1995-12-26 00:00:00,4.585677,0.364276988,0,0.0001,0.364276988,0
1995-12-27 00:00:00,4.537511,0.291530595,0,0.0001,0.291530595,0
1995-12-28 00:00:00,4.470368,0.221675822,0,0.0001,0.221675822,0
1995-12-29 00:00:00,4.396512,0.154865149,0,0.0001,0.154865149,0
1995-12-30 00:00:00,4.178654,0.086488419,0,0.0001,0.086488419,0
1995-12-31 00:00:00,4.337173,0.031153134,0,0.0001,0.031153134,0
1996-01-01 00:00:00,4.295062,-0.027088852,0,0.0001,-0.027088852,0
1996-01-02 00:00:00,4.242385,-0.080699976,0,0.0001,-0.080699976,0
1996-01-03 00:00:00,4.18143,-0.131100382,0,0.0001,-0.131100382,0
1996-01-04 00:00:00,4.125061,-0.178496424,0,0.0001,-0.178496424,0
1996-01-05 00:00:00,4.08246,-0.222567566,0,0.0001,-0.222567566,0
1996-01-06 00:00:00,4.037098,-0.263451207,0,0.0001,-0.263451207,0
1996-01-07 00:00:00,3.970587,-0.300873713,0,0.0001,-0.300873713,0
1996-01-08 00:00:00,3.957562,-0.335536482,0,0.0001,-0.335536482,0
1996-01-09 00:00:00,3.925191,-0.366573248,0,0.0001,-0.366573248,0
1996-01-10 00:00:00,3.67593,-0.403987116,0,0.0001,-0.403987116,0
1996-01-11 00:00:00,3.83832,-0.415194178,0,0.0001,-0.415194178,0
1996-01-12 00:00:00,3.89796,-0.44061149,0,0.0001,-0.44061149,0
1996-01-13 00:00:00,3.622183,-0.452553785,0,0.0001,-0.452553785,0
1996-01-14 00:00:00,3.818586,-0.472338665,0,0.0001,-0.472338665,0
1996-01-15 00:00:00,3.769182,-0.483353948,0,0.0001,-0.483353948,0
1996-01-16 00:00:00,3.859067,-0.497178857,0,0.0001,-0.497178857,0
1996-01-17 00:00:00,5.246184,-0.516949666,0,0.0001,-0.516949666,0
1996-01-18 00:00:00,7.091121,-0.680973304,0,0.0001,-0.680973304,0
1996-01-19 00:00:00,6.58669,-0.654828584,0,0.0001,-0.654828584,0
1996-01-20 00:00:00,6.610592,-0.670039409,0,0.0001,-0.670039409,0
1996-01-21 00:00:00,6.601228,-0.723645869,0,0.0001,-0.723645869,0
1996-01-22 00:00:00,6.43532,-0.782958464,0,0.0001,-0.782958464,0
1996-01-23 00:00:00,6.24149,-0.823593934,0,0.0001,-0.823593934,0
1996-01-24 00:00:00,6.211991,-0.847805959,0,0.0001,-0.847805959,0
1996-01-25 00:00:00,6.114754,-0.85797756,0,0.0001,-0.85797756,0
1996-01-26 00:00:00,5.931484,-0.875612921,0,0.0001,-0.875612921,0
1996-01-27 00:00:00,6.417574,-0.844207025,0,0.0001,-0.844207025,0
1996-01-28 00:00:00,4.393413,-0.790143648,0,0.0001,-0.790143648,0
1996-01-29 00:00:00,6.29913,-0.801445097,0,0.0001,-0.801445097,0
1996-01-30 00:00:00,5.807993,-0.760470365,0,0.0001,-0.760470365,0
1996-01-31 00:00:00,5.755914,-0.717133463,0,0.0001,-0.717133463,0
1996-02-01 00:00:00,5.703619,-0.666417058,0,0.0001,-0.666417058,0
1996-02-02 00:00:00,5.659611,-0.609677148,0,0.0001,-0.609677148,0
1996-02-03 00:00:00,5.614137,-0.546798991,0,0.0001,-0.546798991,0
1996-02-04 00:00:00,5.823314,-0.481593874,0,0.0001,-0.481593874,0
1996-02-05 00:00:00,3.970146,-0.37642455,0,0.0001,-0.37642455,0
1996-02-06 00:00:00,5.662418,-0.32924926,0,0.0001,-0.32924926,0
1996-02-07 00:00:00,5.572933,-0.246562876,0,0.0001,-0.246562876,0
1996-02-08 00:00:00,5.654718,-0.157988625,0,0.0001,-0.157988625,0
1996-02-09 00:00:00,5.539511,-0.077684672,0,0.0001,-0.077684672,0
1996-02-10 00:00:00,5.77975,0.007611045,0,0.0001,0.007611045,0
1996-02-11 00:00:00,5.505495,0.088137828,0,0.0001,0.088137828,0
1996-02-12 00:00:00,5.418795,0.190433227,0,0.0001,0.190433227,0
1996-02-13 00:00:00,5.338669,0.293257262,0,0.0001,0.293257262,0
1996-02-14 00:00:00,4.950029,0.399984456,0,0.0001,0.399984456,0
1996-02-15 00:00:00,4.940533,0.508265319,0,0.0001,0.508265319,0
1996-02-16 00:00:00,4.856798,0.620645869,0,0.0001,0.620645869,0
1996-02-17 00:00:00,4.785841,0.734843167,0,0.0001,0.734843167,0
1996-02-18 00:00:00,4.70732,0.852698183,0,0.0001,0.852698183,0
1996-02-19 00:00:00,5.285854,0.966874012,0,0.0001,0.966874012,0
1996-02-20 00:00:00,5.874361,1.055312866,0,0.0001,1.055312866,0
1996-02-21 00:00:00,5.473788,1.158810275,0,0.0001,1.158810275,0
1996-02-22 00:00:00,5.704579,1.291196778,0,0.0001,1.291196778,0
1996-02-23 00:00:00,7.498808,1.379780667,0,0.0001,1.379780667,0
1996-02-24 00:00:00,7.52634,1.455342847,0,0.0001,1.455342847,0
1996-02-25 00:00:00,7.684241,1.656091381,0,0.0001,1.656091381,0
1996-02-26 00:00:00,8.016675,1.7835936,0,0.0001,1.7835936,0
1996-02-27 00:00:00,8.62666,1.848417601,0,0.0001,1.848417601,0
1996-02-28 00:00:00,7.454984,1.945651697,0,0.0001,1.945651697,0
1996-02-29 00:00:00,6.050537,2.062096995,0,0.0001,2.062096995,0
1996-03-01 00:00:00,6.127638,2.147247455,0,0.0001,2.147247455,0
1996-03-02 00:00:00,6.199566,2.248378528,0,0.0001,2.248378528,0
1996-03-03 00:00:00,6.2601,2.364801875,0,0.0001,2.364801875,0
1996-03-04 00:00:00,7.815655,2.479617188,0,0.0001,2.479617188,0
1996-03-05 00:00:00,4.94899,2.651008518,0,0.0001,2.651008518,0
1996-03-06 00:00:00,5.03945,2.799164659,0,0.0001,2.799164659,0
1996-03-07 00:00:00,6.566229,2.946972636,0,0.0001,2.946972636,0
1996-03-08 00:00:00,5.058283,3.127327321,0,0.0001,3.127327321,0
1996-03-09 00:00:00,6.571111,3.29100094,0,0.0001,3.29100094,0
1996-03-10 00:00:00,6.504498,3.477317284,0,0.0001,3.477317284,0
1996-03-11 00:00:00,7.400991,3.642746206,0,0.0001,3.642746206,0
1996-03-12 00:00:00,7.205717,3.83556068,0,0.0001,3.83556068,0
1996-03-13 00:00:00,6.26668,4.035236193,0,0.0001,4.035236193,0
1996-03-14 00:00:00,6.858441,4.229957263,0,0.0001,4.229957263,0
1996-03-15 00:00:00,6.038534,4.432379337,0,0.0001,4.432379337,0
1996-03-16 00:00:00,6.425687,4.633535158,0,0.0001,4.633535158,0
1996-03-17 00:00:00,5.943077,4.83487457,0,0.0001,4.83487457,0
1996-03-18 00:00:00,6.315013,5.040664596,0,0.0001,5.040664596,0
1996-03-19 00:00:00,4.27182,5.256650494,0,0.0001,5.256650494,0
1996-03-20 00:00:00,4.16683,5.467964094,0,0.0001,5.467964094,0
1996-03-21 00:00:00,5.595084,5.679167559,0,0.0001,5.679167559,0
1996-03-22 00:00:00,5.822731,5.893857525,0,0.0001,5.893857525,0
1996-03-23 00:00:00,5.797959,6.103046139,0,0.0001,6.103046139,0
1996-03-24 00:00:00,6.201482,6.265996685,0,0.0001,6.265996685,0
1996-03-25 00:00:00,5.770853,6.459973331,0,0.0001,6.459973331,0
1996-03-26 00:00:00,6.263063,6.687066197,0,0.0001,6.687066197,0
1996-03-27 00:00:00,5.640257,6.905606183,0,0.0001,6.905606183,0
1996-03-28 00:00:00,5.554467,7.121437611,0,0.0001,7.121437611,0
1996-03-29 00:00:00,6.048024,7.338271128,0,0.0001,7.338271128,0
1996-03-30 00:00:00,5.390453,7.554561159,0,0.0001,7.554561159,0
1996-03-31 00:00:00,5.31142,7.765202753,0,0.0001,7.765202753,0
1996-04-01 00:00:00,5.783539,7.993089442,0,0.0001,7.993089442,0
1996-04-02 00:00:00,5.65582,8.218999716,0,0.0001,8.218999716,0
1996-04-03 00:00:00,3.416143,8.424284202,0,0.0001,8.424284202,0
1996-04-04 00:00:00,5.012666,8.654111991,0,0.0001,8.654111991,0
1996-04-05 00:00:00,5.566342,8.874169715,0,0.0001,8.874169715,0
1996-04-06 00:00:00,4.920574,9.087989715,0,0.0001,9.087989715,0
1996-04-07 00:00:00,4.83361,9.308993975,0,0.0001,9.308993975,0
1996-04-08 00:00:00,4.705795,9.543747407,0,0.0001,9.543747407,0
1996-04-09 00:00:00,5.393618,9.783422327,0,0.0001,9.783422327,0
1996-04-10 00:00:00,5.333995,10.01613385,0,0.0001,10.01613385,0
1996-04-11 00:00:00,2.39484,10.1885271,0,0.0001,10.1885271,0
1996-04-12 00:00:00,4.953006,10.49591009,0,0.0001,10.49591009,0
1996-04-13 00:00:00,4.87021,10.73244353,0,0.0001,10.73244353,0
1996-04-14 00:00:00,4.81682,10.95968382,0,0.0001,10.95968382,0
1996-04-15 00:00:00,2.658173,11.06658667,0,0.0001,11.06658667,0
1996-04-16 00:00:00,5.20063,11.37375813,0,0.0001,11.37375813,0
1996-04-17 00:00:00,5.225212,11.59818974,0,0.0001,11.59818974,0
1996-04-18 00:00:00,5.316939,11.81421489,0,0.0001,11.81421489,0
1996-04-19 00:00:00,5.650712,11.97808211,0,0.0001,11.97808211,0
1996-04-20 00:00:00,6.265639,12.14255758,0,0.0001,12.14255758,0
1996-04-21 00:00:00,4.440069,12.3457102,0,0.0001,12.3457102,0
1996-04-22 00:00:00,3.151216,12.53332813,0,0.0001,12.53332813,0
1996-04-23 00:00:00,5.926365,12.86532484,0,0.0001,12.86532484,0
1996-04-24 00:00:00,4.155735,13.05924234,0,0.0001,13.05924234,0
1996-04-25 00:00:00,2.930624,13.24781837,0,0.0001,13.24781837,0
1996-04-26 00:00:00,4.022351,13.5463603,0,0.0001,13.5463603,0
1996-04-27 00:00:00,5.459835,13.81732894,0,0.0001,13.81732894,0
1996-04-28 00:00:00,5.323825,14.04386123,0,0.0001,14.04386123,0
1996-04-29 00:00:00,3.58157,14.01062231,0,0.0001,14.01062231,0
1996-04-30 00:00:00,6.438415,14.33035463,0,0.0001,14.33035463,0
1996-05-01 00:00:00,4.829756,14.52199281,0,0.0001,14.52199281,0
1996-05-02 00:00:00,6.205685,14.81473365,0,0.0001,14.81473365,0
1996-05-03 00:00:00,4.589757,15.01170062,0,0.0001,15.01170062,0
1996-05-04 00:00:00,3.321461,15.19602245,0,0.0001,15.19602245,0
1996-05-05 00:00:00,4.567073,15.51532175,0,0.0001,15.51532175,0
1996-05-06 00:00:00,5.869902,15.79202627,0,0.0001,15.79202627,0
1996-05-07 00:00:00,5.827989,16.02284997,0,0.0001,16.02284997,0
1996-05-08 00:00:00,5.843551,16.22681529,0,0.0001,16.22681529,0
1996-05-09 00:00:00,7.546254,16.27978296,0,0.0001,16.27978296,0
1996-05-10 00:00:00,6.591072,16.25954435,0,0.0001,16.25954435,0
1996-05-11 00:00:00,8.27613,16.57614592,0,0.0001,16.57614592,0
1996-05-12 00:00:00,5.477115,16.68076968,0,0.0001,16.68076968,0
1996-05-13 00:00:00,8.997495,17.0547067,0,0.0001,17.0547067,0
1996-05-14 00:00:00,8.548485,17.27111405,0,0.0001,17.27111405,0
1996-05-15 00:00:00,8.888674,17.4918897,0,0.0001,17.4918897,0
1996-05-16 00:00:00,8.643079,17.72458223,0,0.0001,17.72458223,0
1996-05-17 00:00:00,8.463901,17.9440832,0,0.0001,17.9440832,0
1996-05-18 00:00:00,8.228333,18.17182384,0,0.0001,18.17182384,0
1996-05-19 00:00:00,8.009525,18.3849927,0,0.0001,18.3849927,0
1996-05-20 00:00:00,5.617438,18.5072902,0,0.0001,18.5072902,0
1996-05-21 00:00:00,8.365,18.7627583,0,0.0001,18.7627583,0
1996-05-22 00:00:00,4.44791,18.89911793,0,0.0001,18.89911793,0
1996-05-23 00:00:00,4.564214,19.06877313,0,0.0001,19.06877313,0
1996-05-24 00:00:00,5.679965,19.32071505,0,0.0001,19.32071505,0
1996-05-25 00:00:00,4.326077,19.48229901,0,0.0001,19.48229901,0
1996-05-26 00:00:00,7.244996,19.77201158,0,0.0001,19.77201158,0
1996-05-27 00:00:00,5.903988,19.927156,0,0.0001,19.927156,0
1996-05-28 00:00:00,4.419273,19.92274774,0,0.0001,19.92274774,0
1996-05-29 00:00:00,4.718824,20.17248614,0,0.0001,20.17248614,0
1996-05-30 00:00:00,5.859445,20.46380057,0,0.0001,20.46380057,0
1996-05-31 00:00:00,7.847721,20.69848632,0,0.0001,20.69848632,0
1996-06-01 00:00:00,9.336986,20.7357371,0,0.0001,20.7357371,0
1996-06-02 00:00:00,7.230511,20.76251168,0,0.0001,20.76251168,0
1996-06-03 00:00:00,7.200954,20.98587089,0,0.0001,20.98587089,0
1996-06-04 00:00:00,9.499954,21.25695131,0,0.0001,21.25695131,0
1996-06-05 00:00:00,9.986558,21.39703311,0,0.0001,21.39703311,0
1996-06-06 00:00:00,14.425033,21.33133683,0,0.0001,21.33133683,0
1996-06-07 00:00:00,16.678717,21.41411506,0,0.0001,21.41411506,0
1996-06-08 00:00:00,16.959284,21.58434313,0,0.0001,21.58434313,0
1996-06-09 00:00:00,16.351063,21.74410979,0,0.0001,21.74410979,0
1996-06-10 00:00:00,16.656093,21.92460731,0,0.0001,21.92460731,0
1996-06-11 00:00:00,16.170793,22.09930948,0,0.0001,22.09930948,0
1996-06-12 00:00:00,13.355945,22.2526424,0,0.0001,22.2526424,0
1996-06-13 00:00:00,11.399148,22.4089881,0,0.0001,22.4089881,0
1996-06-14 00:00:00,12.482426,22.59157263,0,0.0001,22.59157263,0
1996-06-15 00:00:00,13.841208,22.75716758,0,0.0001,22.75716758,0
1996-06-16 00:00:00,19.773608,22.6419224,0,0.0001,22.6419224,0
1996-06-17 00:00:00,32.183906,22.70259021,0,0.0001,22.70259021,0
1996-06-18 00:00:00,36.506118,22.79896198,0,0.0001,22.79896198,0
1996-06-19 00:00:00,35.103554,22.9513207,0,0.0001,22.9513207,0
1996-06-20 00:00:00,32.645183,23.11202921,0,0.0001,23.11202921,0
1996-06-21 00:00:00,31.033163,23.24912036,0,0.0001,23.24912036,0
1996-06-22 00:00:00,29.747438,23.385633,0,0.0001,23.385633,0
1996-06-23 00:00:00,28.859553,23.52200833,0,0.0001,23.52200833,0
1996-06-24 00:00:00,27.559593,23.67839744,0,0.0001,23.67839744,0
1996-06-25 00:00:00,25.549451,23.85246467,0,0.0001,23.85246467,0
1996-06-26 00:00:00,23.584741,24.03446318,0,0.0001,24.03446318,0
1996-06-27 00:00:00,21.582808,24.22855125,0,0.0001,24.22855125,0
1996-06-28 00:00:00,19.620175,24.43693187,0,0.0001,24.43693187,0
1996-06-29 00:00:00,24.334936,24.09888342,0,0.0001,24.09888342,0
1996-06-30 00:00:00,23.521969,24.2149529,0,0.0001,24.2149529,0
1996-07-01 00:00:00,21.823698,24.34779156,0,0.0001,24.34779156,0
1996-07-02 00:00:00,20.954038,24.45135631,0,0.0001,24.45135631,0
1996-07-03 00:00:00,19.502158,24.57531646,0,0.0001,24.57531646,0
1996-07-04 00:00:00,18.119487,24.69262776,0,0.0001,24.69262776,0
1996-07-05 00:00:00,16.856857,24.80455182,0,0.0001,24.80455182,0
1996-07-06 00:00:00,15.759541,24.90915304,0,0.0001,24.90915304,0
1996-07-07 00:00:00,14.903629,24.99757641,0,0.0001,24.99757641,0
1996-07-08 00:00:00,13.848668,25.09917613,0,0.0001,25.09917613,0
1996-07-09 00:00:00,13.037036,25.18880256,0,0.0001,25.18880256,0
1996-07-10 00:00:00,12.431509,25.2684461,0,0.0001,25.2684461,0
1996-07-11 00:00:00,11.626082,25.35185532,0,0.0001,25.35185532,0
1996-07-12 00:00:00,11.758402,25.36824333,0,0.0001,25.36824333,0
1996-07-13 00:00:00,11.251067,25.43565409,0,0.0001,25.43565409,0
1996-07-14 00:00:00,10.645268,25.5010883,0,0.0001,25.5010883,0
1996-07-15 00:00:00,10.022557,25.56430132,0,0.0001,25.56430132,0
1996-07-16 00:00:00,9.53236,25.61427395,0,0.0001,25.61427395,0
1996-07-17 00:00:00,10.91451,25.44617323,0,0.0001,25.44617323,0
1996-07-18 00:00:00,16.621169,25.12230279,0,0.0001,25.12230279,0
1996-07-19 00:00:00,15.411661,25.21383767,0,0.0001,25.21383767,0
1996-07-20 00:00:00,14.566572,25.27055216,0,0.0001,25.27055216,0
1996-07-21 00:00:00,13.720773,25.31531237,0,0.0001,25.31531237,0
1996-07-22 00:00:00,13.268046,25.34005633,0,0.0001,25.34005633,0
1996-07-23 00:00:00,12.669022,25.36565955,0,0.0001,25.36565955,0
1996-07-24 00:00:00,11.48894,25.37921497,0,0.0001,25.37921497,0
1996-07-25 00:00:00,10.807311,25.39379197,0,0.0001,25.39379197,0
1996-07-26 00:00:00,10.953799,25.40546231,0,0.0001,25.40546231,0
1996-07-27 00:00:00,10.454129,25.39773101,0,0.0001,25.39773101,0
1996-07-28 00:00:00,6.072081,25.30080119,0,0.0001,25.30080119,0
1996-07-29 00:00:00,5.761273,25.27153299,0,0.0001,25.27153299,0
1996-07-30 00:00:00,6.670167,25.29881171,0,0.0001,25.29881171,0
1996-07-31 00:00:00,6.172043,25.29076358,0,0.0001,25.29076358,0
1996-08-01 00:00:00,4.063178,25.20498505,0,0.0001,25.20498505,0
1996-08-02 00:00:00,3.511297,25.17101874,0,0.0001,25.17101874,0
1996-08-03 00:00:00,7.864725,25.27254938,0,0.0001,25.27254938,0
1996-08-04 00:00:00,7.767032,25.20630375,0,0.0001,25.20630375,0
1996-08-05 00:00:00,8.845025,24.99955038,0,0.0001,24.99955038,0
1996-08-06 00:00:00,10.858136,24.77898659,0,0.0001,24.77898659,0
1996-08-07 00:00:00,8.786219,24.7208821,0,0.0001,24.7208821,0
1996-08-08 00:00:00,6.733011,24.61396797,0,0.0001,24.61396797,0
1996-08-09 00:00:00,9.308859,24.67793975,0,0.0001,24.67793975,0
1996-08-10 00:00:00,8.765877,24.64173862,0,0.0001,24.64173862,0
1996-08-11 00:00:00,7.000488,24.57274861,0,0.0001,24.57274861,0
1996-08-12 00:00:00,6.509856,24.52396328,0,0.0001,24.52396328,0
1996-08-13 00:00:00,3.188039,24.35821249,0,0.0001,24.35821249,0
1996-08-14 00:00:00,2.973456,24.29858256,0,0.0001,24.29858256,0
1996-08-15 00:00:00,2.767418,24.23579896,0,0.0001,24.23579896,0
1996-08-16 00:00:00,2.589102,24.16223972,0,0.0001,24.16223972,0
1996-08-17 00:00:00,2.885115,24.12552958,0,0.0001,24.12552958,0
1996-08-18 00:00:00,5.931955,24.12284012,0,0.0001,24.12284012,0
1996-08-19 00:00:00,5.989423,23.98406521,0,0.0001,23.98406521,0
1996-08-20 00:00:00,5.725689,23.81596463,0,0.0001,23.81596463,0
1996-08-21 00:00:00,5.437632,23.73870225,0,0.0001,23.73870225,0
1996-08-22 00:00:00,2.228132,23.52059481,0,0.0001,23.52059481,0
1996-08-23 00:00:00,4.720694,23.5327687,0,0.0001,23.5327687,0
1996-08-24 00:00:00,4.345681,23.43100088,0,0.0001,23.43100088,0
1996-08-25 00:00:00,1.849446,23.20048749,0,0.0001,23.20048749,0
1996-08-26 00:00:00,2.164515,23.14504086,0,0.0001,23.14504086,0
1996-08-27 00:00:00,3.417293,23.09972867,0,0.0001,23.09972867,0
1996-08-28 00:00:00,1.60881,22.86616942,0,0.0001,22.86616942,0
1996-08-29 00:00:00,2.854847,22.85333871,0,0.0001,22.85333871,0
1996-08-30 00:00:00,1.372266,22.60226026,0,0.0001,22.60226026,0
1996-08-31 00:00:00,1.29013,22.47259676,0,0.0001,22.47259676,0
1996-09-01 00:00:00,1.996378,22.44852249,0,0.0001,22.44852249,0
1996-09-02 00:00:00,1.715834,22.29688337,0,0.0001,22.29688337,0
1996-09-03 00:00:00,1.443071,22.13612796,0,0.0001,22.13612796,0
1996-09-04 00:00:00,1.022885,21.91121919,0,0.0001,21.91121919,0
1996-09-05 00:00:00,0.954676,21.77480337,0,0.0001,21.77480337,0
1996-09-06 00:00:00,0.898314,21.62861752,0,0.0001,21.62861752,0
1996-09-07 00:00:00,0.855487,21.4703056,0,0.0001,21.4703056,0
1996-09-08 00:00:00,0.792371,21.34109727,0,0.0001,21.34109727,0
1996-09-09 00:00:00,1.879971,21.33863913,0,0.0001,21.33863913,0
1996-09-10 00:00:00,0.797393,20.96500877,0,0.0001,20.96500877,0
1996-09-11 00:00:00,0.744138,20.82102106,0,0.0001,20.82102106,0
1996-09-12 00:00:00,0.6929,20.67686958,0,0.0001,20.67686958,0
1996-09-13 00:00:00,0.671289,20.49756586,0,0.0001,20.49756586,0
1996-09-14 00:00:00,0.623413,20.35679629,0,0.0001,20.35679629,0
1996-09-15 00:00:00,0.616674,20.1578701,0,0.0001,20.1578701,0
1996-09-16 00:00:00,0.596621,19.98079058,0,0.0001,19.98079058,0
1996-09-17 00:00:00,0.589295,19.78218106,0,0.0001,19.78218106,0
1996-09-18 00:00:00,0.59023,19.57006185,0,0.0001,19.57006185,0
1996-09-19 00:00:00,2.037673,19.76039736,0,0.0001,19.76039736,0
1996-09-20 00:00:00,0.58397,19.24824128,0,0.0001,19.24824128,0
1996-09-21 00:00:00,0.575076,18.98109447,0,0.0001,18.98109447,0
1996-09-22 00:00:00,1.797748,19.16388759,0,0.0001,19.16388759,0
1996-09-23 00:00:00,0.472592,18.67367265,0,0.0001,18.67367265,0
1996-09-24 00:00:00,2.046899,18.78437413,0,0.0001,18.78437413,0
1996-09-25 00:00:00,2.018571,18.56190421,0,0.0001,18.56190421,0
1996-09-26 00:00:00,0.853186,17.76451785,0,0.0001,17.76451785,0
1996-09-27 00:00:00,0.887813,17.60023412,0,0.0001,17.60023412,0
1996-09-28 00:00:00,0.822436,17.43572263,0,0.0001,17.43572263,0
1996-09-29 00:00:00,0.793605,17.234994,0,0.0001,17.234994,0
1996-09-30 00:00:00,1.754801,17.20068635,0,0.0001,17.20068635,0
1996-10-01 00:00:00,0.770458,16.8075345,0,0.0001,16.8075345,0
1996-10-02 00:00:00,0.732592,16.61393929,0,0.0001,16.61393929,0
1996-10-03 00:00:00,0.713929,16.41171895,0,0.0001,16.41171895,0
1996-10-04 00:00:00,2.013496,16.43432368,0,0.0001,16.43432368,0
1996-10-05 00:00:00,2.027079,16.22029754,0,0.0001,16.22029754,0
1996-10-06 00:00:00,0.735734,15.75995393,0,0.0001,15.75995393,0
1996-10-07 00:00:00,2.080716,15.68541477,0,0.0001,15.68541477,0
1996-10-08 00:00:00,0.751609,15.31450151,0,0.0001,15.31450151,0
1996-10-09 00:00:00,0.697705,15.12758004,0,0.0001,15.12758004,0
1996-10-10 00:00:00,1.238915,15.01628458,0,0.0001,15.01628458,0
1996-10-11 00:00:00,1.201895,14.79527872,0,0.0001,14.79527872,0
1996-10-12 00:00:00,1.162449,14.58387911,0,0.0001,14.58387911,0
1996-10-13 00:00:00,1.877403,14.43272419,0,0.0001,14.43272419,0
1996-10-14 00:00:00,1.096025,14.18305846,0,0.0001,14.18305846,0
1996-10-15 00:00:00,1.752317,14.01183075,0,0.0001,14.01183075,0
1996-10-16 00:00:00,1.903932,13.74924872,0,0.0001,13.74924872,0
1996-10-17 00:00:00,1.115871,13.20798659,0,0.0001,13.20798659,0
1996-10-18 00:00:00,1.039295,12.99794856,0,0.0001,12.99794856,0
1996-10-19 00:00:00,2.238308,12.8620985,0,0.0001,12.8620985,0
1996-10-20 00:00:00,2.167684,12.65870698,0,0.0001,12.65870698,0
1996-10-21 00:00:00,2.157115,12.41209673,0,0.0001,12.41209673,0
1996-10-22 00:00:00,2.528717,12.10906244,0,0.0001,12.10906244,0
1996-10-23 00:00:00,1.678732,11.72014305,0,0.0001,11.72014305,0
1996-10-24 00:00:00,1.607075,11.52878548,0,0.0001,11.52878548,0
1996-10-25 00:00:00,2.91073,11.31366424,0,0.0001,11.31366424,0
1996-10-26 00:00:00,1.402096,11.13464079,0,0.0001,11.13464079,0
1996-10-27 00:00:00,2.72559,10.87980435,0,0.0001,10.87980435,0
1996-10-28 00:00:00,2.888847,10.63115996,0,0.0001,10.63115996,0
1996-10-29 00:00:00,3.28895,10.29494639,0,0.0001,10.29494639,0
1996-10-30 00:00:00,3.781402,10.1211145,0,0.0001,10.1211145,0
1996-10-31 00:00:00,3.450945,9.957455418,0,0.0001,9.957455418,0
1996-11-01 00:00:00,3.190512,9.664168845,0,0.0001,9.664168845,0
1996-11-02 00:00:00,3.007534,9.354723145,0,0.0001,9.354723145,0
1996-11-03 00:00:00,3.105068,9.056489573,0,0.0001,9.056489573,0
1996-11-04 00:00:00,3.207673,8.791438854,0,0.0001,8.791438854,0
1996-11-05 00:00:00,3.258014,8.541560446,0,0.0001,8.541560446,0
1996-11-06 00:00:00,2.646299,8.338012614,0,0.0001,8.338012614,0
1996-11-07 00:00:00,2.560181,8.110573477,0,0.0001,8.110573477,0
1996-11-08 00:00:00,2.454748,7.891052415,0,0.0001,7.891052415,0
1996-11-09 00:00:00,2.366156,7.672268319,0,0.0001,7.672268319,0
1996-11-10 00:00:00,2.290493,7.459639857,0,0.0001,7.459639857,0
1996-11-11 00:00:00,2.226156,7.255590108,0,0.0001,7.255590108,0
1996-11-12 00:00:00,2.147291,7.055577058,0,0.0001,7.055577058,0
1996-11-13 00:00:00,2.060956,6.859060682,0,0.0001,6.859060682,0
1996-11-14 00:00:00,1.977766,6.666097724,0,0.0001,6.666097724,0
1996-11-15 00:00:00,3.785755,6.426160664,0,0.0001,6.426160664,0
1996-11-16 00:00:00,1.980253,6.30745981,0,0.0001,6.30745981,0
1996-11-17 00:00:00,2.033466,6.114700969,0,0.0001,6.114700969,0
1996-11-18 00:00:00,1.941847,5.941857401,0,0.0001,5.941857401,0
1996-11-19 00:00:00,3.822367,5.692083288,0,0.0001,5.692083288,0
1996-11-20 00:00:00,1.846584,5.615680569,0,0.0001,5.615680569,0
1996-11-21 00:00:00,2.17579,5.416765149,0,0.0001,5.416765149,0
1996-11-22 00:00:00,3.753276,5.164351758,0,0.0001,5.164351758,0
1996-11-23 00:00:00,1.842608,5.119833201,0,0.0001,5.119833201,0
1996-11-24 00:00:00,2.299536,4.886781138,0,0.0001,4.886781138,0
1996-11-25 00:00:00,1.72843,4.772534094,0,0.0001,4.772534094,0
1996-11-26 00:00:00,1.665999,4.604197311,0,0.0001,4.604197311,0
1996-11-27 00:00:00,1.573017,4.429297431,0,0.0001,4.429297431,0
1996-11-28 00:00:00,3.573957,4.15893147,0,0.0001,4.15893147,0
1996-11-29 00:00:00,4.473696,4.025062108,0,0.0001,4.025062108,0
1996-11-30 00:00:00,2.297351,3.944225429,0,0.0001,3.944225429,0
1996-12-01 00:00:00,2.20339,3.835650116,0,0.0001,3.835650116,0
1996-12-02 00:00:00,2.152828,3.703348946,0,0.0001,3.703348946,0
1996-12-03 00:00:00,4.214292,3.354239632,0,0.0001,3.354239632,0
1996-12-04 00:00:00,4.126842,3.177351913,0,0.0001,3.177351913,0
1996-12-05 00:00:00,2.873147,3.103698249,0,0.0001,3.103698249,0
1996-12-06 00:00:00,2.87783,2.924706663,0,0.0001,2.924706663,0
1996-12-07 00:00:00,1.8899,2.861871733,0,0.0001,2.861871733,0
1996-12-08 00:00:00,1.808037,2.6937153,0,0.0001,2.6937153,0
1996-12-09 00:00:00,2.800821,2.440434197,0,0.0001,2.440434197,0
1996-12-10 00:00:00,2.749968,2.294011657,0,0.0001,2.294011657,0
1996-12-11 00:00:00,1.76789,2.26157405,0,0.0001,2.26157405,0
1996-12-12 00:00:00,1.772959,2.09282754,0,0.0001,2.09282754,0
1996-12-13 00:00:00,4.014378,1.820657972,0,0.0001,1.820657972,0
1996-12-14 00:00:00,2.118133,1.915867804,0,0.0001,1.915867804,0
1996-12-15 00:00:00,5.067751,1.504541611,0,0.0001,1.504541611,0
1996-12-16 00:00:00,4.619285,1.396590048,0,0.0001,1.396590048,0
1996-12-17 00:00:00,2.431944,1.46003418,0,0.0001,1.46003418,0
1996-12-18 00:00:00,3.148245,1.253542509,0,0.0001,1.253542509,0
1996-12-19 00:00:00,3.173308,1.123292685,0,0.0001,1.123292685,0
1996-12-20 00:00:00,4.664053,0.920965065,0,0.0001,0.920965065,0
1996-12-21 00:00:00,4.591648,0.807957659,0,0.0001,0.807957659,0
1996-12-22 00:00:00,4.511219,0.695004542,0,0.0001,0.695004542,0
1996-12-23 00:00:00,4.580895,0.574309826,0,0.0001,0.574309826,0
1996-12-24 00:00:00,4.606341,0.479411773,0,0.0001,0.479411773,0
1996-12-25 00:00:00,4.359835,0.377279987,0,0.0001,0.377279987,0
1996-12-26 00:00:00,4.493414,0.303530996,0,0.0001,0.303530996,0
1996-12-27 00:00:00,3.564925,0.247054221,0,0.0001,0.247054221,0
1996-12-28 00:00:00,4.47722,0.144530332,0,0.0001,0.144530332,0
1996-12-29 00:00:00,3.458178,0.099776747,0,0.0001,0.099776747,0
1996-12-30 00:00:00,4.345934,0.001472191,0,0.0001,0.001472191,0
1996-12-31 00:00:00,4.287892,-0.06274966,0,0.0001,-0.06274966,0
1997-01-01 00:00:00,4.231897,-0.122460587,0,0.0001,-0.122460587,0
1997-01-02 00:00:00,4.893135,-0.159141512,0,0.0001,-0.159141512,0
1997-01-03 00:00:00,4.961242,-0.24753026,0,0.0001,-0.24753026,0
1997-01-04 00:00:00,6.126513,-0.335032963,0,0.0001,-0.335032963,0
1997-01-05 00:00:00,6.109205,-0.338981653,0,0.0001,-0.338981653,0
1997-01-06 00:00:00,6.134063,-0.357722239,0,0.0001,-0.357722239,0
1997-01-07 00:00:00,6.103564,-0.425885163,0,0.0001,-0.425885163,0
1997-01-08 00:00:00,5.983822,-0.515843128,0,0.0001,-0.515843128,0
1997-01-09 00:00:00,5.792435,-0.607481648,0,0.0001,-0.607481648,0
1997-01-10 00:00:00,4.660768,-0.614853292,0,0.0001,-0.614853292,0
1997-01-11 00:00:00,5.668763,-0.721330721,0,0.0001,-0.721330721,0
1997-01-12 00:00:00,4.613337,-0.738098746,0,0.0001,-0.738098746,0
1997-01-13 00:00:00,5.463132,-0.803333165,0,0.0001,-0.803333165,0
1997-01-14 00:00:00,4.63323,-0.820697905,0,0.0001,-0.820697905,0
1997-01-15 00:00:00,4.696641,-0.842814682,0,0.0001,-0.842814682,0
1997-01-16 00:00:00,5.294559,-0.865385366,0,0.0001,-0.865385366,0
1997-01-17 00:00:00,4.579848,-0.858878267,0,0.0001,-0.858878267,0
1997-01-18 00:00:00,5.1557,-0.871949871,0,0.0001,-0.871949871,0
1997-01-19 00:00:00,4.479995,-0.853887379,0,0.0001,-0.853887379,0
1997-01-20 00:00:00,5.022514,-0.853816082,0,0.0001,-0.853816082,0
1997-01-21 00:00:00,5.802576,-0.813861123,0,0.0001,-0.813861123,0
1997-01-22 00:00:00,5.850312,-0.844352416,0,0.0001,-0.844352416,0
1997-01-23 00:00:00,5.433991,-0.826121801,0,0.0001,-0.826121801,0
1997-01-24 00:00:00,5.387609,-0.792139143,0,0.0001,-0.792139143,0
1997-01-25 00:00:00,5.466466,-0.75959306,0,0.0001,-0.75959306,0
1997-01-26 00:00:00,5.404891,-0.733507234,0,0.0001,-0.733507234,0
1997-01-27 00:00:00,5.419004,-0.701548835,0,0.0001,-0.701548835,0
1997-01-28 00:00:00,4.82372,-0.65295555,0,0.0001,-0.65295555,0
1997-01-29 00:00:00,4.771287,-0.6145488,0,0.0001,-0.6145488,0
1997-01-30 00:00:00,5.174041,-0.581433092,0,0.0001,-0.581433092,0
1997-01-31 00:00:00,5.295683,-0.530299066,0,0.0001,-0.530299066,0
1997-02-01 00:00:00,5.096716,-0.489662932,0,0.0001,-0.489662932,0
1997-02-02 00:00:00,4.990197,-0.431618315,0,0.0001,-0.431618315,0
1997-02-03 00:00:00,4.647873,-0.386002098,0,0.0001,-0.386002098,0
1997-02-04 00:00:00,4.965018,-0.301277415,0,0.0001,-0.301277415,0
1997-02-05 00:00:00,5.112413,-0.242236805,0,0.0001,-0.242236805,0
1997-02-06 00:00:00,4.750517,-0.163198859,0,0.0001,-0.163198859,0
1997-02-07 00:00:00,4.919531,-0.089962253,0,0.0001,-0.089962253,0
1997-02-08 00:00:00,4.566941,-0.00268321,0,0.0001,-0.00268321,0
1997-02-09 00:00:00,4.791629,0.078062605,0,0.0001,0.078062605,0
1997-02-10 00:00:00,4.69015,0.166901384,0,0.0001,0.166901384,0
1997-02-11 00:00:00,4.388028,0.25986905,0,0.0001,0.25986905,0
1997-02-12 00:00:00,4.625961,0.357413535,0,0.0001,0.357413535,0
1997-02-13 00:00:00,4.229549,0.461583684,0,0.0001,0.461583684,0
1997-02-14 00:00:00,4.492505,0.561272324,0,0.0001,0.561272324,0
1997-02-15 00:00:00,4.1376,0.668003782,0,0.0001,0.668003782,0
1997-02-16 00:00:00,4.413133,0.780304551,0,0.0001,0.780304551,0
1997-02-17 00:00:00,4.524123,0.898535798,0,0.0001,0.898535798,0
1997-02-18 00:00:00,5.832692,0.97466692,0,0.0001,0.97466692,0
1997-02-19 00:00:00,5.118719,1.039296445,0,0.0001,1.039296445,0
1997-02-20 00:00:00,6.416959,1.171379826,0,0.0001,1.171379826,0
1997-02-21 00:00:00,8.302627,1.264731149,0,0.0001,1.264731149,0
1997-02-22 00:00:00,7.986047,1.363178749,0,0.0001,1.363178749,0
1997-02-23 00:00:00,7.403566,1.465225419,0,0.0001,1.465225419,0
1997-02-24 00:00:00,7.475189,1.521961047,0,0.0001,1.521961047,0
1997-02-25 00:00:00,7.426075,1.595235059,0,0.0001,1.595235059,0
1997-02-26 00:00:00,7.471037,1.690841162,0,0.0001,1.690841162,0
1997-02-27 00:00:00,7.48173,1.799440102,0,0.0001,1.799440102,0
1997-02-28 00:00:00,8.111974,1.932055781,0,0.0001,1.932055781,0
1997-03-01 00:00:00,8.945318,2.016822876,0,0.0001,2.016822876,0
1997-03-02 00:00:00,8.866528,2.23119862,0,0.0001,2.23119862,0
1997-03-03 00:00:00,8.848262,2.395165389,0,0.0001,2.395165389,0
1997-03-04 00:00:00,7.112131,2.563917008,0,0.0001,2.563917008,0
1997-03-05 00:00:00,7.201216,2.676077137,0,0.0001,2.676077137,0
1997-03-06 00:00:00,5.695728,2.829982443,0,0.0001,2.829982443,0
1997-03-07 00:00:00,7.96292,2.925160902,0,0.0001,2.925160902,0
1997-03-08 00:00:00,7.853065,3.078441893,0,0.0001,3.078441893,0
1997-03-09 00:00:00,9.260119,3.193605002,0,0.0001,3.193605002,0
1997-03-10 00:00:00,8.927545,3.362805318,0,0.0001,3.362805318,0
1997-03-11 00:00:00,6.414675,3.569301654,0,0.0001,3.569301654,0
1997-03-12 00:00:00,8.604364,3.710238475,0,0.0001,3.710238475,0
1997-03-13 00:00:00,4.6172,3.934013233,0,0.0001,3.934013233,0
1997-03-14 00:00:00,4.622841,4.104709804,0,0.0001,4.104709804,0
1997-03-15 00:00:00,6.790265,4.246426352,0,0.0001,4.246426352,0
1997-03-16 00:00:00,5.18447,4.442694625,0,0.0001,4.442694625,0
1997-03-17 00:00:00,4.947541,4.624230774,0,0.0001,4.624230774,0
1997-03-18 00:00:00,5.161052,4.78990466,0,0.0001,4.78990466,0
1997-03-19 00:00:00,6.571192,4.957786728,0,0.0001,4.957786728,0
1997-03-20 00:00:00,6.539368,5.148535884,0,0.0001,5.148535884,0
1997-03-21 00:00:00,5.004472,5.368605591,0,0.0001,5.368605591,0
1997-03-22 00:00:00,6.484907,5.562591409,0,0.0001,5.562591409,0
1997-03-23 00:00:00,8.004629,5.764821214,0,0.0001,5.764821214,0
1997-03-24 00:00:00,6.654472,5.967702402,0,0.0001,5.967702402,0
1997-03-25 00:00:00,7.037649,6.147319483,0,0.0001,6.147319483,0
1997-03-26 00:00:00,6.951197,6.368475471,0,0.0001,6.368475471,0
1997-03-27 00:00:00,8.283257,6.574354641,0,0.0001,6.574354641,0
1997-03-28 00:00:00,6.831103,6.7770042,0,0.0001,6.7770042,0
1997-03-29 00:00:00,5.302056,6.994549923,0,0.0001,6.994549923,0
1997-03-30 00:00:00,4.39622,7.204783064,0,0.0001,7.204783064,0
1997-03-31 00:00:00,4.24473,7.417338329,0,0.0001,7.417338329,0
1997-04-01 00:00:00,4.893987,7.637516504,0,0.0001,7.637516504,0
1997-04-02 00:00:00,3.874274,7.858854149,0,0.0001,7.858854149,0
1997-04-03 00:00:00,7.447274,8.096548033,0,0.0001,8.096548033,0
1997-04-04 00:00:00,7.224084,8.32757431,0,0.0001,8.32757431,0
1997-04-05 00:00:00,3.592619,8.523055466,0,0.0001,8.523055466,0
1997-04-06 00:00:00,3.521534,8.750038495,0,0.0001,8.750038495,0
1997-04-07 00:00:00,3.393551,8.985092827,0,0.0001,8.985092827,0
1997-04-08 00:00:00,3.257354,9.220533692,0,0.0001,9.220533692,0
1997-04-09 00:00:00,5.477399,9.480569352,0,0.0001,9.480569352,0
1997-04-10 00:00:00,6.593039,9.726266314,0,0.0001,9.726266314,0
1997-04-11 00:00:00,5.725946,9.925374975,0,0.0001,9.925374975,0
1997-04-12 00:00:00,4.524443,10.11743,0,0.0001,10.11743,0
1997-04-13 00:00:00,3.542793,10.31489871,0,0.0001,10.31489871,0
1997-04-14 00:00:00,7.101804,10.62661839,0,0.0001,10.62661839,0
1997-04-15 00:00:00,3.20986,10.79838021,0,0.0001,10.79838021,0
1997-04-16 00:00:00,3.038303,11.04248744,0,0.0001,11.04248744,0
1997-04-17 00:00:00,6.38057,11.36396083,0,0.0001,11.36396083,0
1997-04-18 00:00:00,4.944121,11.58581843,0,0.0001,11.58581843,0
1997-04-19 00:00:00,6.499993,11.81577765,0,0.0001,11.81577765,0
1997-04-20 00:00:00,5.030477,12.00504216,0,0.0001,12.00504216,0
1997-04-21 00:00:00,6.396857,12.27885978,0,0.0001,12.27885978,0
1997-04-22 00:00:00,6.214278,12.53163967,0,0.0001,12.53163967,0
1997-04-23 00:00:00,6.069707,12.77296062,0,0.0001,12.77296062,0
1997-04-24 00:00:00,4.480901,12.97809457,0,0.0001,12.97809457,0
1997-04-25 00:00:00,5.714277,13.24753214,0,0.0001,13.24753214,0
1997-04-26 00:00:00,5.450116,13.49909169,0,0.0001,13.49909169,0
1997-04-27 00:00:00,3.739294,13.71396985,0,0.0001,13.71396985,0
1997-04-28 00:00:00,5.396885,13.99914367,0,0.0001,13.99914367,0
1997-04-29 00:00:00,5.217247,14.2471425,0,0.0001,14.2471425,0
1997-04-30 00:00:00,7.199965,14.20547855,0,0.0001,14.20547855,0
1997-05-01 00:00:00,8.631251,14.34006552,0,0.0001,14.34006552,0
1997-05-02 00:00:00,6.030195,14.36919191,0,0.0001,14.36919191,0
1997-05-03 00:00:00,9.801827,14.74311834,0,0.0001,14.74311834,0
1997-05-04 00:00:00,5.447844,14.85454151,0,0.0001,14.85454151,0
1997-05-05 00:00:00,6.01844,15.15246773,0,0.0001,15.15246773,0
1997-05-06 00:00:00,8.574838,15.48057974,0,0.0001,15.48057974,0
1997-05-07 00:00:00,8.842226,15.66983378,0,0.0001,15.66983378,0
1997-05-08 00:00:00,5.216191,15.76626456,0,0.0001,15.76626456,0
1997-05-09 00:00:00,7.859758,16.09438224,0,0.0001,16.09438224,0
1997-05-10 00:00:00,7.63846,16.32413957,0,0.0001,16.32413957,0
1997-05-11 00:00:00,4.55706,16.4858088,0,0.0001,16.4858088,0
1997-05-12 00:00:00,7.334679,16.79425045,0,0.0001,16.79425045,0
1997-05-13 00:00:00,7.82664,17.03571584,0,0.0001,17.03571584,0
1997-05-14 00:00:00,4.087439,17.18143131,0,0.0001,17.18143131,0
1997-05-15 00:00:00,5.688119,17.45437662,0,0.0001,17.45437662,0
1997-05-16 00:00:00,7.056125,17.71124286,0,0.0001,17.71124286,0
1997-05-17 00:00:00,7.249358,17.94552277,0,0.0001,17.94552277,0
1997-05-18 00:00:00,3.711849,18.07014296,0,0.0001,18.07014296,0
1997-05-19 00:00:00,3.49992,18.30189116,0,0.0001,18.30189116,0
1997-05-20 00:00:00,4.831709,18.5834892,0,0.0001,18.5834892,0
1997-05-21 00:00:00,4.589852,18.80494847,0,0.0001,18.80494847,0
1997-05-22 00:00:00,5.851218,19.0635434,0,0.0001,19.0635434,0
1997-05-23 00:00:00,6.103283,19.28905288,0,0.0001,19.28905288,0
1997-05-24 00:00:00,2.728543,19.38146566,0,0.0001,19.38146566,0
1997-05-25 00:00:00,2.748656,19.56413209,0,0.0001,19.56413209,0
1997-05-26 00:00:00,3.862151,19.86345404,0,0.0001,19.86345404,0
1997-05-27 00:00:00,5.57423,20.13728807,0,0.0001,20.13728807,0
1997-05-28 00:00:00,5.549216,20.29844372,0,0.0001,20.29844372,0
1997-05-29 00:00:00,6.369375,20.37614731,0,0.0001,20.37614731,0
1997-05-30 00:00:00,6.108287,20.6018563,0,0.0001,20.6018563,0
1997-05-31 00:00:00,5.401979,20.76520535,0,0.0001,20.76520535,0
1997-06-01 00:00:00,5.831387,21.0070088,0,0.0001,21.0070088,0
1997-06-02 00:00:00,5.542776,21.21993677,0,0.0001,21.21993677,0
1997-06-03 00:00:00,5.28046,21.43004085,0,0.0001,21.43004085,0
1997-06-04 00:00:00,5.1307,21.63020032,0,0.0001,21.63020032,0
1997-06-05 00:00:00,5.091775,21.76816755,0,0.0001,21.76816755,0
1997-06-06 00:00:00,5.311184,21.90593991,0,0.0001,21.90593991,0
1997-06-07 00:00:00,5.80293,21.95868339,0,0.0001,21.95868339,0
1997-06-08 00:00:00,6.020339,22.12249623,0,0.0001,22.12249623,0
1997-06-09 00:00:00,5.743494,22.32028542,0,0.0001,22.32028542,0
1997-06-10 00:00:00,5.459953,22.5144274,0,0.0001,22.5144274,0
1997-06-11 00:00:00,5.151946,22.70524271,0,0.0001,22.70524271,0
1997-06-12 00:00:00,2.355392,22.62555673,0,0.0001,22.62555673,0
1997-06-13 00:00:00,4.843203,23.05825479,0,0.0001,23.05825479,0
1997-06-14 00:00:00,4.636097,23.23356607,0,0.0001,23.23356607,0
1997-06-15 00:00:00,7.152706,22.85466284,0,0.0001,22.85466284,0
1997-06-16 00:00:00,7.297412,22.72284177,0,0.0001,22.72284177,0
1997-06-17 00:00:00,5.811703,22.78101136,0,0.0001,22.78101136,0
1997-06-18 00:00:00,8.235636,23.23596822,0,0.0001,23.23596822,0
1997-06-19 00:00:00,7.780633,23.445289,0,0.0001,23.445289,0
1997-06-20 00:00:00,7.599941,23.59239655,0,0.0001,23.59239655,0
1997-06-21 00:00:00,7.439936,23.19765465,0,0.0001,23.19765465,0
1997-06-22 00:00:00,9.093559,23.50064774,0,0.0001,23.50064774,0
1997-06-23 00:00:00,10.487289,23.70463987,0,0.0001,23.70463987,0
1997-06-24 00:00:00,9.420168,23.78877953,0,0.0001,23.78877953,0
1997-06-25 00:00:00,8.148318,23.8702103,0,0.0001,23.8702103,0
1997-06-26 00:00:00,7.933012,24.04264744,0,0.0001,24.04264744,0
1997-06-27 00:00:00,7.676884,24.19518802,0,0.0001,24.19518802,0
1997-06-28 00:00:00,9.065764,24.35285474,0,0.0001,24.35285474,0
1997-06-29 00:00:00,8.92287,24.44819328,0,0.0001,24.44819328,0
1997-06-30 00:00:00,9.536449,24.49597184,0,0.0001,24.49597184,0
1997-07-01 00:00:00,6.132936,24.55156816,0,0.0001,24.55156816,0
1997-07-02 00:00:00,5.209782,24.60725716,0,0.0001,24.60725716,0
1997-07-03 00:00:00,6.016038,24.76025896,0,0.0001,24.76025896,0
1997-07-04 00:00:00,8.191419,24.9067295,0,0.0001,24.9067295,0
1997-07-05 00:00:00,7.522663,24.90598971,0,0.0001,24.90598971,0
1997-07-06 00:00:00,9.376302,24.92294379,0,0.0001,24.92294379,0
1997-07-07 00:00:00,9.635701,24.95579756,0,0.0001,24.95579756,0
1997-07-08 00:00:00,9.022643,24.5651727,0,0.0001,24.5651727,0
1997-07-09 00:00:00,10.738033,24.82024537,0,0.0001,24.82024537,0
1997-07-10 00:00:00,9.10238,24.86671676,0,0.0001,24.86671676,0
1997-07-11 00:00:00,8.91374,24.98881975,0,0.0001,24.98881975,0
1997-07-12 00:00:00,10.914301,25.15152996,0,0.0001,25.15152996,0
1997-07-13 00:00:00,9.943458,25.22410506,0,0.0001,25.22410506,0
1997-07-14 00:00:00,8.336063,25.24301686,0,0.0001,25.24301686,0
1997-07-15 00:00:00,9.587379,25.34457913,0,0.0001,25.34457913,0
1997-07-16 00:00:00,9.566988,25.36193894,0,0.0001,25.36193894,0
1997-07-17 00:00:00,8.458595,25.27883403,0,0.0001,25.27883403,0
1997-07-18 00:00:00,10.07878,25.34375794,0,0.0001,25.34375794,0
1997-07-19 00:00:00,10.25607,25.33230495,0,0.0001,25.33230495,0
1997-07-20 00:00:00,10.744043,25.29627347,0,0.0001,25.29627347,0
1997-07-21 00:00:00,12.209212,25.19373458,0,0.0001,25.19373458,0
1997-07-22 00:00:00,11.497331,25.21226936,0,0.0001,25.21226936,0
1997-07-23 00:00:00,12.334702,25.18984234,0,0.0001,25.18984234,0
1997-07-24 00:00:00,12.110691,25.19808756,0,0.0001,25.19808756,0
1997-07-25 00:00:00,12.93293,25.15341068,0,0.0001,25.15341068,0
1997-07-26 00:00:00,13.371092,25.10907791,0,0.0001,25.10907791,0
1997-07-27 00:00:00,10.626128,24.97775502,0,0.0001,24.97775502,0
1997-07-28 00:00:00,11.85575,25.01868196,0,0.0001,25.01868196,0
1997-07-29 00:00:00,10.143351,24.98180916,0,0.0001,24.98180916,0
1997-07-30 00:00:00,12.757859,25.03800753,0,0.0001,25.03800753,0
1997-07-31 00:00:00,10.94317,25.03407944,0,0.0001,25.03407944,0
1997-08-01 00:00:00,11.183979,25.04408524,0,0.0001,25.04408524,0
1997-08-02 00:00:00,10.793114,25.02947128,0,0.0001,25.02947128,0
1997-08-03 00:00:00,10.640504,24.95170014,0,0.0001,24.95170014,0
1997-08-04 00:00:00,10.676028,24.91280893,0,0.0001,24.91280893,0
1997-08-05 00:00:00,8.765411,24.87240941,0,0.0001,24.87240941,0
1997-08-06 00:00:00,8.339839,24.84694223,0,0.0001,24.84694223,0
1997-08-07 00:00:00,7.848097,24.8119335,0,0.0001,24.8119335,0
1997-08-08 00:00:00,8.816185,24.79596855,0,0.0001,24.79596855,0
1997-08-09 00:00:00,8.258183,24.76441991,0,0.0001,24.76441991,0
1997-08-10 00:00:00,7.847112,24.72280142,0,0.0001,24.72280142,0
1997-08-11 00:00:00,7.840335,24.63331231,0,0.0001,24.63331231,0
1997-08-12 00:00:00,7.745197,24.35305924,0,0.0001,24.35305924,0
1997-08-13 00:00:00,9.310185,24.32659865,0,0.0001,24.32659865,0
1997-08-14 00:00:00,8.863632,24.2599953,0,0.0001,24.2599953,0
1997-08-15 00:00:00,9.337852,24.12500595,0,0.0001,24.12500595,0
1997-08-16 00:00:00,9.010006,24.05474162,0,0.0001,24.05474162,0
1997-08-17 00:00:00,8.903627,23.91882157,0,0.0001,23.91882157,0
1997-08-18 00:00:00,8.919722,23.83768316,0,0.0001,23.83768316,0
1997-08-19 00:00:00,8.576057,23.7500478,0,0.0001,23.7500478,0
1997-08-20 00:00:00,6.836492,23.61260624,0,0.0001,23.61260624,0
1997-08-21 00:00:00,8.101387,23.54196896,0,0.0001,23.54196896,0
1997-08-22 00:00:00,7.707631,23.43780281,0,0.0001,23.43780281,0
1997-08-23 00:00:00,7.419077,23.34213094,0,0.0001,23.34213094,0
1997-08-24 00:00:00,7.061462,23.2068842,0,0.0001,23.2068842,0
1997-08-25 00:00:00,7.15146,23.0952357,0,0.0001,23.0952357,0
1997-08-26 00:00:00,6.32285,22.97458237,0,0.0001,22.97458237,0
1997-08-27 00:00:00,4.452171,22.83587216,0,0.0001,22.83587216,0
1997-08-28 00:00:00,5.641035,22.73763041,0,0.0001,22.73763041,0
1997-08-29 00:00:00,6.077156,22.6251783,0,0.0001,22.6251783,0
1997-08-30 00:00:00,5.437765,22.45111654,0,0.0001,22.45111654,0
1997-08-31 00:00:00,6.028272,22.32778275,0,0.0001,22.32778275,0
1997-09-01 00:00:00,2.334859,22.1194339,0,0.0001,22.1194339,0
1997-09-02 00:00:00,4.40456,22.06549762,0,0.0001,22.06549762,0
1997-09-03 00:00:00,2.600998,21.89124183,0,0.0001,21.89124183,0
1997-09-04 00:00:00,5.036896,21.81126101,0,0.0001,21.81126101,0
1997-09-05 00:00:00,3.632554,21.65785582,0,0.0001,21.65785582,0
1997-09-06 00:00:00,4.723385,21.52586923,0,0.0001,21.52586923,0
1997-09-07 00:00:00,4.423774,21.39267395,0,0.0001,21.39267395,0
1997-09-08 00:00:00,4.371677,21.22725642,0,0.0001,21.22725642,0
1997-09-09 00:00:00,2.925431,21.02226584,0,0.0001,21.02226584,0
1997-09-10 00:00:00,2.66512,20.86389483,0,0.0001,20.86389483,0
1997-09-11 00:00:00,2.392773,20.70656693,0,0.0001,20.70656693,0
1997-09-12 00:00:00,3.679425,20.60349513,0,0.0001,20.60349513,0
1997-09-13 00:00:00,1.950776,20.39414457,0,0.0001,20.39414457,0
1997-09-14 00:00:00,3.22884,20.27698175,0,0.0001,20.27698175,0
1997-09-15 00:00:00,3.451427,20.13327819,0,0.0001,20.13327819,0
1997-09-16 00:00:00,1.332953,19.65718561,0,0.0001,19.65718561,0
1997-09-17 00:00:00,3.242858,19.53832853,0,0.0001,19.53832853,0
1997-09-18 00:00:00,3.871892,19.40940422,0,0.0001,19.40940422,0
1997-09-19 00:00:00,1.338435,19.11438674,0,0.0001,19.11438674,0
1997-09-20 00:00:00,2.875461,19.02413957,0,0.0001,19.02413957,0
1997-09-21 00:00:00,3.534801,18.86409958,0,0.0001,18.86409958,0
1997-09-22 00:00:00,1.342689,18.51074311,0,0.0001,18.51074311,0
1997-09-23 00:00:00,2.745382,18.36697337,0,0.0001,18.36697337,0
1997-09-24 00:00:00,1.380175,18.09989344,0,0.0001,18.09989344,0
1997-09-25 00:00:00,1.304796,17.91544682,0,0.0001,17.91544682,0
1997-09-26 00:00:00,2.189082,17.81933309,0,0.0001,17.81933309,0
1997-09-27 00:00:00,3.249111,17.66098123,0,0.0001,17.66098123,0
1997-09-28 00:00:00,1.18685,17.32343174,0,0.0001,17.32343174,0
1997-09-29 00:00:00,1.13623,17.12898413,0,0.0001,17.12898413,0
1997-09-30 00:00:00,1.612775,17.00189379,0,0.0001,17.00189379,0
1997-10-01 00:00:00,2.879666,16.86268178,0,0.0001,16.86268178,0
1997-10-02 00:00:00,2.821005,16.66366435,0,0.0001,16.66366435,0
1997-10-03 00:00:00,2.692631,16.46506264,0,0.0001,16.46506264,0
1997-10-04 00:00:00,2.515022,16.26908574,0,0.0001,16.26908574,0
1997-10-05 00:00:00,2.36332,16.07638315,0,0.0001,16.07638315,0
1997-10-06 00:00:00,2.209401,15.87976345,0,0.0001,15.87976345,0
1997-10-07 00:00:00,2.320721,15.69382572,0,0.0001,15.69382572,0
1997-10-08 00:00:00,0.721999,15.35387679,0,0.0001,15.35387679,0
1997-10-09 00:00:00,0.736604,15.12211174,0,0.0001,15.12211174,0
1997-10-10 00:00:00,0.720821,14.91301371,0,0.0001,14.91301371,0
1997-10-11 00:00:00,2.147698,14.82686939,0,0.0001,14.82686939,0
1997-10-12 00:00:00,0.856304,14.41837773,0,0.0001,14.41837773,0
1997-10-13 00:00:00,1.122287,14.06318083,0,0.0001,14.06318083,0
1997-10-14 00:00:00,2.076547,13.91712961,0,0.0001,13.91712961,0
1997-10-15 00:00:00,1.995485,13.73487671,0,0.0001,13.73487671,0
1997-10-16 00:00:00,0.968647,13.49208715,0,0.0001,13.49208715,0
1997-10-17 00:00:00,1.853344,13.33002508,0,0.0001,13.33002508,0
1997-10-18 00:00:00,0.935434,13.06865147,0,0.0001,13.06865147,0
1997-10-19 00:00:00,1.727799,12.90272465,0,0.0001,12.90272465,0
1997-10-20 00:00:00,0.882523,12.64426838,0,0.0001,12.64426838,0
1997-10-21 00:00:00,1.600674,12.47384129,0,0.0001,12.47384129,0
1997-10-22 00:00:00,2.14708,12.28145304,0,0.0001,12.28145304,0
1997-10-23 00:00:00,0.889105,11.97313313,0,0.0001,11.97313313,0
1997-10-24 00:00:00,1.685749,11.75234155,0,0.0001,11.75234155,0
1997-10-25 00:00:00,2.201494,11.55497998,0,0.0001,11.55497998,0
1997-10-26 00:00:00,1.129819,11.2440651,0,0.0001,11.2440651,0
1997-10-27 00:00:00,1.157501,10.99280307,0,0.0001,10.99280307,0
1997-10-28 00:00:00,1.102338,10.81571231,0,0.0001,10.81571231,0
1997-10-29 00:00:00,1.09477,10.61725458,0,0.0001,10.61725458,0
1997-10-30 00:00:00,2.560896,10.38196966,0,0.0001,10.38196966,0
1997-10-31 00:00:00,1.165846,10.17561201,0,0.0001,10.17561201,0
1997-11-01 00:00:00,1.346263,9.906227897,0,0.0001,9.906227897,0
1997-11-02 00:00:00,1.305864,9.698555183,0,0.0001,9.698555183,0
1997-11-03 00:00:00,1.286173,9.494298199,0,0.0001,9.494298199,0
1997-11-04 00:00:00,2.806538,9.206836934,0,0.0001,9.206836934,0
1997-11-05 00:00:00,2.195748,9.002893209,0,0.0001,9.002893209,0
1997-11-06 00:00:00,1.518658,8.780394535,0,0.0001,8.780394535,0
1997-11-07 00:00:00,1.48854,8.588635128,0,0.0001,8.588635128,0
1997-11-08 00:00:00,1.435604,8.383975119,0,0.0001,8.383975119,0
1997-11-09 00:00:00,1.400168,8.165582332,0,0.0001,8.165582332,0
1997-11-10 00:00:00,1.394388,7.940101948,0,0.0001,7.940101948,0
1997-11-11 00:00:00,1.346374,7.727655991,0,0.0001,7.727655991,0
1997-11-12 00:00:00,1.299193,7.517596666,0,0.0001,7.517596666,0
1997-11-13 00:00:00,2.181605,7.246815627,0,0.0001,7.246815627,0
1997-11-14 00:00:00,1.170145,7.069685475,0,0.0001,7.069685475,0
1997-11-15 00:00:00,1.222479,6.895583728,0,0.0001,6.895583728,0
1997-11-16 00:00:00,1.219075,6.677862867,0,0.0001,6.677862867,0
1997-11-17 00:00:00,1.225995,6.491154985,0,0.0001,6.491154985,0
1997-11-18 00:00:00,1.214375,6.302880408,0,0.0001,6.302880408,0
1997-11-19 00:00:00,1.14685,6.099859932,0,0.0001,6.099859932,0
1997-11-20 00:00:00,1.264241,5.947243289,0,0.0001,5.947243289,0
1997-11-21 00:00:00,1.217565,5.72798912,0,0.0001,5.72798912,0
1997-11-22 00:00:00,1.226427,5.563079448,0,0.0001,5.563079448,0
1997-11-23 00:00:00,1.20266,5.3854081,0,0.0001,5.3854081,0
1997-11-24 00:00:00,2.755902,5.10044117,0,0.0001,5.10044117,0
1997-11-25 00:00:00,1.15369,5.037529821,0,0.0001,5.037529821,0
1997-11-26 00:00:00,2.6998,4.749926559,0,0.0001,4.749926559,0
1997-11-27 00:00:00,1.113223,4.68733102,0,0.0001,4.68733102,0
1997-11-28 00:00:00,2.642615,4.409298484,0,0.0001,4.409298484,0
1997-11-29 00:00:00,1.168742,4.402143383,0,0.0001,4.402143383,0
1997-11-30 00:00:00,1.237936,4.201962068,0,0.0001,4.201962068,0
1997-12-01 00:00:00,2.82285,3.886930043,0,0.0001,3.886930043,0
1997-12-02 00:00:00,2.771929,3.737755168,0,0.0001,3.737755168,0
1997-12-03 00:00:00,3.594744,3.51098576,0,0.0001,3.51098576,0
1997-12-04 00:00:00,1.743266,3.498772067,0,0.0001,3.498772067,0
1997-12-05 00:00:00,1.712816,3.374584482,0,0.0001,3.374584482,0
1997-12-06 00:00:00,1.685214,3.219726502,0,0.0001,3.219726502,0
1997-12-07 00:00:00,3.393687,2.867363341,0,0.0001,2.867363341,0
1997-12-08 00:00:00,3.291435,2.704513586,0,0.0001,2.704513586,0
1997-12-09 00:00:00,2.865256,2.582659961,0,0.0001,2.582659961,0
1997-12-10 00:00:00,2.865933,2.426064978,0,0.0001,2.426064978,0
1997-12-11 00:00:00,2.91212,2.255814112,0,0.0001,2.255814112,0
1997-12-12 00:00:00,2.900396,2.118662468,0,0.0001,2.118662468,0
1997-12-13 00:00:00,1.552473,2.110760065,0,0.0001,2.110760065,0
1997-12-14 00:00:00,3.28816,1.832161808,0,0.0001,1.832161808,0
1997-12-15 00:00:00,2.84208,1.717046437,0,0.0001,1.717046437,0
1997-12-16 00:00:00,2.836541,1.602888233,0,0.0001,1.602888233,0
1997-12-17 00:00:00,3.225884,1.478188052,0,0.0001,1.478188052,0
1997-12-18 00:00:00,3.197336,1.372350905,0,0.0001,1.372350905,0
1997-12-19 00:00:00,1.435846,1.421145741,0,0.0001,1.421145741,0
1997-12-20 00:00:00,3.176922,1.155002646,0,0.0001,1.155002646,0
1997-12-21 00:00:00,3.099919,1.049542335,0,0.0001,1.049542335,0
1997-12-22 00:00:00,3.090276,0.953921817,0,0.0001,0.953921817,0
1997-12-23 00:00:00,3.120152,0.856129893,0,0.0001,0.856129893,0
1997-12-24 00:00:00,2.996786,0.755694655,0,0.0001,0.755694655,0
1997-12-25 00:00:00,2.984383,0.676097154,0,0.0001,0.676097154,0
1997-12-26 00:00:00,1.427017,0.721669115,0,0.0001,0.721669115,0
1997-12-27 00:00:00,3.125503,0.496471311,0,0.0001,0.496471311,0
1997-12-28 00:00:00,2.903963,0.423881468,0,0.0001,0.423881468,0
1997-12-29 00:00:00,2.882963,0.34841067,0,0.0001,0.34841067,0
1997-12-30 00:00:00,2.881284,0.274260033,0,0.0001,0.274260033,0
1997-12-31 00:00:00,2.932339,0.198366676,0,0.0001,0.198366676,0
1998-01-01 00:00:00,2.930415,0.135697671,0,0.0001,0.135697671,0
1998-01-02 00:00:00,4.050082,0.084089334,0,0.0001,0.084089334,0
1998-01-03 00:00:00,3.551161,-0.045412605,0,0.0001,-0.045412605,0
1998-01-04 00:00:00,4.431633,0.004923321,0,0.0001,0.004923321,0
1998-01-05 00:00:00,5.332111,-0.107233796,0,0.0001,-0.107233796,0
1998-01-06 00:00:00,5.33791,-0.127970342,0,0.0001,-0.127970342,0
1998-01-07 00:00:00,5.343422,-0.188582529,0,0.0001,-0.188582529,0
1998-01-08 00:00:00,4.51455,-0.217462946,0,0.0001,-0.217462946,0
1998-01-09 00:00:00,2.983955,-0.120460236,0,0.0001,-0.120460236,0
1998-01-10 00:00:00,5.185752,-0.455835696,0,0.0001,-0.455835696,0
1998-01-11 00:00:00,4.637444,-0.510165975,0,0.0001,-0.510165975,0
1998-01-12 00:00:00,4.889292,-0.591475362,0,0.0001,-0.591475362,0
1998-01-13 00:00:00,4.735059,-0.649654187,0,0.0001,-0.649654187,0
1998-01-14 00:00:00,4.591775,-0.693323466,0,0.0001,-0.693323466,0
1998-01-15 00:00:00,4.734379,-0.717336944,0,0.0001,-0.717336944,0
1998-01-16 00:00:00,4.654792,-0.740518387,0,0.0001,-0.740518387,0
1998-01-17 00:00:00,4.59404,-0.755667628,0,0.0001,-0.755667628,0
1998-01-18 00:00:00,4.526367,-0.76439466,0,0.0001,-0.76439466,0
1998-01-19 00:00:00,4.45851,-0.766848698,0,0.0001,-0.766848698,0
1998-01-20 00:00:00,4.274715,-0.777044537,0,0.0001,-0.777044537,0
1998-01-21 00:00:00,4.305262,-0.751008099,0,0.0001,-0.751008099,0
1998-01-22 00:00:00,4.324284,-0.741299777,0,0.0001,-0.741299777,0
1998-01-23 00:00:00,4.369969,-0.720621461,0,0.0001,-0.720621461,0
1998-01-24 00:00:00,4.35688,-0.690937204,0,0.0001,-0.690937204,0
1998-01-25 00:00:00,4.272563,-0.660197,0,0.0001,-0.660197,0
1998-01-26 00:00:00,4.258961,-0.62333423,0,0.0001,-0.62333423,0
1998-01-27 00:00:00,4.218662,-0.583247398,0,0.0001,-0.583247398,0
1998-01-28 00:00:00,4.135519,-0.53949296,0,0.0001,-0.53949296,0
1998-01-29 00:00:00,4.129028,-0.492436052,0,0.0001,-0.492436052,0
1998-01-30 00:00:00,4.062845,-0.440852426,0,0.0001,-0.440852426,0
1998-01-31 00:00:00,4.200337,-0.388441511,0,0.0001,-0.388441511,0
1998-02-01 00:00:00,4.846829,-0.361962524,0,0.0001,-0.361962524,0
1998-02-02 00:00:00,4.634508,-0.345069573,0,0.0001,-0.345069573,0
1998-02-03 00:00:00,4.566787,-0.256940882,0,0.0001,-0.256940882,0
1998-02-04 00:00:00,4.532761,-0.18719683,0,0.0001,-0.18719683,0
1998-02-05 00:00:00,4.484695,-0.123229885,0,0.0001,-0.123229885,0
1998-02-06 00:00:00,4.439118,-0.058914227,0,0.0001,-0.058914227,0
1998-02-07 00:00:00,4.380237,0.00969775,0,0.0001,0.00969775,0
1998-02-08 00:00:00,4.346932,0.083462401,0,0.0001,0.083462401,0
1998-02-09 00:00:00,4.442261,0.154869665,0,0.0001,0.154869665,0
1998-02-10 00:00:00,4.836118,0.247277992,0,0.0001,0.247277992,0
1998-02-11 00:00:00,6.047914,0.299520635,0,0.0001,0.299520635,0
1998-02-12 00:00:00,5.694878,0.33993755,0,0.0001,0.33993755,0
1998-02-13 00:00:00,5.840059,0.4468101,0,0.0001,0.4468101,0
1998-02-14 00:00:00,5.905744,0.502483651,0,0.0001,0.502483651,0
1998-02-15 00:00:00,6.116143,0.580073429,0,0.0001,0.580073429,0
1998-02-16 00:00:00,6.569118,0.738922451,0,0.0001,0.738922451,0
1998-02-17 00:00:00,6.924387,0.822705911,0,0.0001,0.822705911,0
1998-02-18 00:00:00,6.748329,0.919062058,0,0.0001,0.919062058,0
1998-02-19 00:00:00,6.560103,0.996989506,0,0.0001,0.996989506,0
1998-02-20 00:00:00,6.401536,1.072947253,0,0.0001,1.072947253,0
1998-02-21 00:00:00,6.239578,1.158059948,0,0.0001,1.158059948,0
1998-02-22 00:00:00,6.131643,1.25469509,0,0.0001,1.25469509,0
1998-02-23 00:00:00,6.033368,1.362636809,0,0.0001,1.362636809,0
1998-02-24 00:00:00,6.18824,1.465634028,0,0.0001,1.465634028,0
1998-02-25 00:00:00,6.04112,1.593143133,0,0.0001,1.593143133,0
1998-02-26 00:00:00,6.392034,1.723973266,0,0.0001,1.723973266,0
1998-02-27 00:00:00,7.469037,1.822824503,0,0.0001,1.822824503,0
1998-02-28 00:00:00,7.268704,1.979744422,0,0.0001,1.979744422,0
1998-03-01 00:00:00,7.226165,2.128455716,0,0.0001,2.128455716,0
1998-03-02 00:00:00,7.231087,2.268711555,0,0.0001,2.268711555,0
1998-03-03 00:00:00,7.212507,2.401910417,0,0.0001,2.401910417,0
1998-03-04 00:00:00,7.058104,2.54312633,0,0.0001,2.54312633,0
1998-03-05 00:00:00,6.832921,2.689632502,0,0.0001,2.689632502,0
1998-03-06 00:00:00,6.97661,2.835579033,0,0.0001,2.835579033,0
1998-03-07 00:00:00,6.721978,2.98912739,0,0.0001,2.98912739,0
1998-03-08 00:00:00,4.717268,3.219278833,0,0.0001,3.219278833,0
1998-03-09 00:00:00,5.938959,3.322178078,0,0.0001,3.322178078,0
1998-03-10 00:00:00,4.501853,3.541067583,0,0.0001,3.541067583,0
1998-03-11 00:00:00,7.462024,3.634850488,0,0.0001,3.634850488,0
1998-03-12 00:00:00,4.375982,3.85199191,0,0.0001,3.85199191,0
1998-03-13 00:00:00,5.891935,3.982942583,0,0.0001,3.982942583,0
1998-03-14 00:00:00,5.800324,4.158859465,0,0.0001,4.158859465,0
1998-03-15 00:00:00,7.255043,4.330806587,0,0.0001,4.330806587,0
1998-03-16 00:00:00,7.095055,4.517681461,0,0.0001,4.517681461,0
1998-03-17 00:00:00,7.311914,4.6953083,0,0.0001,4.6953083,0
1998-03-18 00:00:00,8.58416,4.847868037,0,0.0001,4.847868037,0
1998-03-19 00:00:00,8.462102,5.041080133,0,0.0001,5.041080133,0
1998-03-20 00:00:00,8.318273,5.245628449,0,0.0001,5.245628449,0
1998-03-21 00:00:00,8.742891,5.434905899,0,0.0001,5.434905899,0
1998-03-22 00:00:00,8.981939,5.611840159,0,0.0001,5.611840159,0
1998-03-23 00:00:00,9.380509,5.771980394,0,0.0001,5.771980394,0
1998-03-24 00:00:00,9.046474,5.995730691,0,0.0001,5.995730691,0
1998-03-25 00:00:00,8.862409,6.214770201,0,0.0001,6.214770201,0
1998-03-26 00:00:00,8.667538,6.422079394,0,0.0001,6.422079394,0
1998-03-27 00:00:00,6.516118,6.636144878,0,0.0001,6.636144878,0
1998-03-28 00:00:00,7.998962,6.841877734,0,0.0001,6.841877734,0
1998-03-29 00:00:00,7.807812,7.055351038,0,0.0001,7.055351038,0
1998-03-30 00:00:00,15.498848,7.087971623,0,0.0001,7.087971623,0
1998-03-31 00:00:00,23.475426,7.203269791,0,0.0001,7.203269791,0
1998-04-01 00:00:00,19.2048,7.450241007,0,0.0001,7.450241007,0
1998-04-02 00:00:00,17.296988,7.517578217,0,0.0001,7.517578217,0
1998-04-03 00:00:00,16.394389,7.632524573,0,0.0001,7.632524573,0
1998-04-04 00:00:00,16.631898,7.789174001,0,0.0001,7.789174001,0
1998-04-05 00:00:00,16.688017,7.977222172,0,0.0001,7.977222172,0
1998-04-06 00:00:00,20.20282,8.183181031,0,0.0001,8.183181031,0
1998-04-07 00:00:00,20.940166,8.402213085,0,0.0001,8.402213085,0
1998-04-08 00:00:00,21.655035,8.61039451,0,0.0001,8.61039451,0
1998-04-09 00:00:00,21.01682,8.845392308,0,0.0001,8.845392308,0
1998-04-10 00:00:00,17.901529,9.089693055,0,0.0001,9.089693055,0
1998-04-11 00:00:00,22.263353,9.316419577,0,0.0001,9.316419577,0
1998-04-12 00:00:00,21.341564,9.559100815,0,0.0001,9.559100815,0
1998-04-13 00:00:00,22.148054,9.780778299,0,0.0001,9.780778299,0
1998-04-14 00:00:00,21.974958,10.02612671,0,0.0001,10.02612671,0
1998-04-15 00:00:00,28.530335,10.18573912,0,0.0001,10.18573912,0
1998-04-16 00:00:00,29.464142,10.41551383,0,0.0001,10.41551383,0
1998-04-17 00:00:00,27.705026,10.63923217,0,0.0001,10.63923217,0
1998-04-18 00:00:00,27.558038,10.85985192,0,0.0001,10.85985192,0
1998-04-19 00:00:00,26.177717,11.09398102,0,0.0001,11.09398102,0
1998-04-20 00:00:00,25.371261,11.32780175,0,0.0001,11.32780175,0
1998-04-21 00:00:00,25.427087,11.55989441,0,0.0001,11.55989441,0
1998-04-22 00:00:00,24.217282,11.81257125,0,0.0001,11.81257125,0
1998-04-23 00:00:00,22.47419,12.06787857,0,0.0001,12.06787857,0
1998-04-24 00:00:00,21.689375,12.32554104,0,0.0001,12.32554104,0
1998-04-25 00:00:00,20.649304,12.58316134,0,0.0001,12.58316134,0
1998-04-26 00:00:00,20.742008,12.8212703,0,0.0001,12.8212703,0
1998-04-27 00:00:00,19.731748,13.08854299,0,0.0001,13.08854299,0
1998-04-28 00:00:00,18.630246,13.35339132,0,0.0001,13.35339132,0
1998-04-29 00:00:00,17.59311,13.61701949,0,0.0001,13.61701949,0
1998-04-30 00:00:00,16.829899,13.87763376,0,0.0001,13.87763376,0
1998-05-01 00:00:00,16.432236,14.11704871,0,0.0001,14.11704871,0
1998-05-02 00:00:00,17.226585,14.31936476,0,0.0001,14.31936476,0
1998-05-03 00:00:00,17.394381,14.54606689,0,0.0001,14.54606689,0
1998-05-04 00:00:00,16.713056,14.80474266,0,0.0001,14.80474266,0
1998-05-05 00:00:00,15.914195,15.05515653,0,0.0001,15.05515653,0
1998-05-06 00:00:00,15.941898,15.2763861,0,0.0001,15.2763861,0
1998-05-07 00:00:00,18.162453,15.42656523,0,0.0001,15.42656523,0
1998-05-08 00:00:00,16.309948,15.66062267,0,0.0001,15.66062267,0
1998-05-09 00:00:00,15.485747,15.90526147,0,0.0001,15.90526147,0
1998-05-10 00:00:00,14.632278,16.14591808,0,0.0001,16.14591808,0
1998-05-11 00:00:00,15.08585,16.39774005,0,0.0001,16.39774005,0
1998-05-12 00:00:00,14.316183,16.64322418,0,0.0001,16.64322418,0
1998-05-13 00:00:00,13.731136,16.87952023,0,0.0001,16.87952023,0
1998-05-14 00:00:00,12.963227,17.12229271,0,0.0001,17.12229271,0
1998-05-15 00:00:00,12.558091,17.34948683,0,0.0001,17.34948683,0
1998-05-16 00:00:00,12.204792,17.56572072,0,0.0001,17.56572072,0
1998-05-17 00:00:00,11.499216,17.80929643,0,0.0001,17.80929643,0
1998-05-18 00:00:00,10.883931,18.04686614,0,0.0001,18.04686614,0
1998-05-19 00:00:00,10.564884,18.26473755,0,0.0001,18.26473755,0
1998-05-20 00:00:00,8.625836,18.49828762,0,0.0001,18.49828762,0
1998-05-21 00:00:00,9.377255,18.74544245,0,0.0001,18.74544245,0
1998-05-22 00:00:00,8.970788,18.97633814,0,0.0001,18.97633814,0
1998-05-23 00:00:00,8.843309,19.17313436,0,0.0001,19.17313436,0
1998-05-24 00:00:00,10.757163,19.21690184,0,0.0001,19.21690184,0
1998-05-25 00:00:00,10.678819,19.43248573,0,0.0001,19.43248573,0
1998-05-26 00:00:00,10.140494,19.65622693,0,0.0001,19.65622693,0
1998-05-27 00:00:00,9.604141,19.88508608,0,0.0001,19.88508608,0
1998-05-28 00:00:00,11.55396,19.8576122,0,0.0001,19.8576122,0
1998-05-29 00:00:00,11.483721,20.11665752,0,0.0001,20.11665752,0
1998-05-30 00:00:00,9.650946,20.29896813,0,0.0001,20.29896813,0
1998-05-31 00:00:00,11.755107,20.45875157,0,0.0001,20.45875157,0
1998-06-01 00:00:00,7.977172,20.61178613,0,0.0001,20.61178613,0
1998-06-02 00:00:00,9.072334,20.86462621,0,0.0001,20.86462621,0
1998-06-03 00:00:00,8.783216,21.07813721,0,0.0001,21.07813721,0
1998-06-04 00:00:00,9.66645,21.29511286,0,0.0001,21.29511286,0
1998-06-05 00:00:00,8.17101,21.47468874,0,0.0001,21.47468874,0
1998-06-06 00:00:00,7.835889,21.66602425,0,0.0001,21.66602425,0
1998-06-07 00:00:00,8.68477,21.86740758,0,0.0001,21.86740758,0
1998-06-08 00:00:00,8.287963,22.05394373,0,0.0001,22.05394373,0
1998-06-09 00:00:00,8.411221,22.18940392,0,0.0001,22.18940392,0
1998-06-10 00:00:00,8.722052,22.29920971,0,0.0001,22.29920971,0
1998-06-11 00:00:00,12.646964,22.14755761,0,0.0001,22.14755761,0
1998-06-12 00:00:00,11.225082,22.29133101,0,0.0001,22.29133101,0
1998-06-13 00:00:00,12.245936,22.47321764,0,0.0001,22.47321764,0
1998-06-14 00:00:00,11.663467,22.65302884,0,0.0001,22.65302884,0
1998-06-15 00:00:00,10.312239,22.82545095,0,0.0001,22.82545095,0
1998-06-16 00:00:00,10.450903,23.02527847,0,0.0001,23.02527847,0
1998-06-17 00:00:00,10.918742,23.11735867,0,0.0001,23.11735867,0
1998-06-18 00:00:00,16.600226,22.93667641,0,0.0001,22.93667641,0
1998-06-19 00:00:00,18.330596,23.00637079,0,0.0001,23.00637079,0
1998-06-20 00:00:00,18.611434,23.12751241,0,0.0001,23.12751241,0
1998-06-21 00:00:00,16.482979,23.26775662,0,0.0001,23.26775662,0
1998-06-22 00:00:00,16.770893,23.46896234,0,0.0001,23.46896234,0
1998-06-23 00:00:00,15.948023,23.61916162,0,0.0001,23.61916162,0
1998-06-24 00:00:00,16.443954,23.7055939,0,0.0001,23.7055939,0
1998-06-25 00:00:00,15.60581,23.84914992,0,0.0001,23.84914992,0
1998-06-26 00:00:00,15.500043,23.95444444,0,0.0001,23.95444444,0
1998-06-27 00:00:00,21.832743,23.79476854,0,0.0001,23.79476854,0
1998-06-28 00:00:00,27.832021,23.75353447,0,0.0001,23.75353447,0
1998-06-29 00:00:00,26.135827,23.82919488,0,0.0001,23.82919488,0
1998-06-30 00:00:00,25.245643,23.97216107,0,0.0001,23.97216107,0
1998-07-01 00:00:00,25.172457,24.12063104,0,0.0001,24.12063104,0
1998-07-02 00:00:00,23.873503,24.2341901,0,0.0001,24.2341901,0
1998-07-03 00:00:00,19.514424,24.67266274,0,0.0001,24.67266274,0
1998-07-04 00:00:00,24.785445,24.35890537,0,0.0001,24.35890537,0
1998-07-05 00:00:00,23.570693,24.45687622,0,0.0001,24.45687622,0
1998-07-06 00:00:00,23.390078,24.52615654,0,0.0001,24.52615654,0
1998-07-07 00:00:00,18.456421,24.59776062,0,0.0001,24.59776062,0
1998-07-08 00:00:00,20.856763,24.7133603,0,0.0001,24.7133603,0
1998-07-09 00:00:00,16.762166,24.79884406,0,0.0001,24.79884406,0
1998-07-10 00:00:00,17.369614,24.90254429,0,0.0001,24.90254429,0
1998-07-11 00:00:00,14.737016,24.98523457,0,0.0001,24.98523457,0
1998-07-12 00:00:00,15.151265,25.08022803,0,0.0001,25.08022803,0
1998-07-13 00:00:00,14.050721,25.16407226,0,0.0001,25.16407226,0
1998-07-14 00:00:00,11.415581,25.23531699,0,0.0001,25.23531699,0
1998-07-15 00:00:00,10.470385,25.31194879,0,0.0001,25.31194879,0
1998-07-16 00:00:00,9.423107,25.37528988,0,0.0001,25.37528988,0
1998-07-17 00:00:00,11.303099,25.4587808,0,0.0001,25.4587808,0
1998-07-18 00:00:00,10.686745,25.49777488,0,0.0001,25.49777488,0
1998-07-19 00:00:00,11.648747,25.44620714,0,0.0001,25.44620714,0
1998-07-20 00:00:00,11.324048,25.43580927,0,0.0001,25.43580927,0
1998-07-21 00:00:00,11.543746,25.44950589,0,0.0001,25.44950589,0
1998-07-22 00:00:00,7.230776,25.44975748,0,0.0001,25.44975748,0
1998-07-23 00:00:00,9.399898,25.51565662,0,0.0001,25.51565662,0
1998-07-24 00:00:00,8.573384,25.53491922,0,0.0001,25.53491922,0
1998-07-25 00:00:00,8.922578,25.57227103,0,0.0001,25.57227103,0
1998-07-26 00:00:00,8.368117,25.59579739,0,0.0001,25.59579739,0
1998-07-27 00:00:00,6.467943,25.5915789,0,0.0001,25.5915789,0
1998-07-28 00:00:00,7.290296,25.62717802,0,0.0001,25.62717802,0
1998-07-29 00:00:00,5.153576,25.61193696,0,0.0001,25.61193696,0
1998-07-30 00:00:00,6.119676,25.64319725,0,0.0001,25.64319725,0
1998-07-31 00:00:00,5.540484,25.63630653,0,0.0001,25.63630653,0
1998-08-01 00:00:00,4.983133,25.62890247,0,0.0001,25.62890247,0
1998-08-02 00:00:00,5.546381,25.6436067,0,0.0001,25.6436067,0
1998-08-03 00:00:00,5.542705,25.57012448,0,0.0001,25.57012448,0
1998-08-04 00:00:00,7.398586,25.20234596,0,0.0001,25.20234596,0
1998-08-05 00:00:00,7.557559,25.14260574,0,0.0001,25.14260574,0
1998-08-06 00:00:00,7.864824,25.00017205,0,0.0001,25.00017205,0
1998-08-07 00:00:00,8.146391,24.8925123,0,0.0001,24.8925123,0
1998-08-08 00:00:00,7.806716,24.85523993,0,0.0001,24.85523993,0
1998-08-09 00:00:00,6.732523,24.80669842,0,0.0001,24.80669842,0
1998-08-10 00:00:00,6.301436,24.77346394,0,0.0001,24.77346394,0
1998-08-11 00:00:00,5.898416,24.73852485,0,0.0001,24.73852485,0
1998-08-12 00:00:00,6.277645,24.70663546,0,0.0001,24.70663546,0
1998-08-13 00:00:00,6.117413,24.62784406,0,0.0001,24.62784406,0
1998-08-14 00:00:00,3.628439,24.43758437,0,0.0001,24.43758437,0
1998-08-15 00:00:00,6.163151,24.41005444,0,0.0001,24.41005444,0
1998-08-16 00:00:00,6.045939,24.32495662,0,0.0001,24.32495662,0
1998-08-17 00:00:00,4.883171,24.14369225,0,0.0001,24.14369225,0
1998-08-18 00:00:00,5.977078,24.10207541,0,0.0001,24.10207541,0
1998-08-19 00:00:00,5.713806,24.02377557,0,0.0001,24.02377557,0
1998-08-20 00:00:00,5.48296,23.93438033,0,0.0001,23.93438033,0
1998-08-21 00:00:00,5.388744,23.81918127,0,0.0001,23.81918127,0
1998-08-22 00:00:00,5.282112,23.69365709,0,0.0001,23.69365709,0
1998-08-23 00:00:00,6.058165,23.4466487,0,0.0001,23.4466487,0
1998-08-24 00:00:00,5.721685,23.34716523,0,0.0001,23.34716523,0
1998-08-25 00:00:00,4.036316,23.158926,0,0.0001,23.158926,0
1998-08-26 00:00:00,5.481939,23.14624052,0,0.0001,23.14624052,0
1998-08-27 00:00:00,5.320122,23.00192736,0,0.0001,23.00192736,0
1998-08-28 00:00:00,3.913265,22.72372475,0,0.0001,22.72372475,0
1998-08-29 00:00:00,2.351887,22.51259911,0,0.0001,22.51259911,0
1998-08-30 00:00:00,4.794033,22.60408379,0,0.0001,22.60408379,0
1998-08-31 00:00:00,2.95002,22.42188112,0,0.0001,22.42188112,0
1998-09-01 00:00:00,1.797943,22.21109041,0,0.0001,22.21109041,0
1998-09-02 00:00:00,2.381211,22.17478909,0,0.0001,22.17478909,0
1998-09-03 00:00:00,2.114331,22.03735354,0,0.0001,22.03735354,0
1998-09-04 00:00:00,3.355709,21.98745404,0,0.0001,21.98745404,0
1998-09-05 00:00:00,3.088675,21.85964854,0,0.0001,21.85964854,0
1998-09-06 00:00:00,1.234855,21.57895417,0,0.0001,21.57895417,0
1998-09-07 00:00:00,1.175678,21.42361032,0,0.0001,21.42361032,0
1998-09-08 00:00:00,1.095081,21.28484787,0,0.0001,21.28484787,0
1998-09-09 00:00:00,1.027896,21.136635,0,0.0001,21.136635,0
1998-09-10 00:00:00,2.058845,21.13851852,0,0.0001,21.13851852,0
1998-09-11 00:00:00,2.961043,21.03356718,0,0.0001,21.03356718,0
1998-09-12 00:00:00,2.84896,20.88532046,0,0.0001,20.88532046,0
1998-09-13 00:00:00,2.824675,20.68858919,0,0.0001,20.68858919,0
1998-09-14 00:00:00,5.877119,19.84638845,0,0.0001,19.84638845,0
1998-09-15 00:00:00,6.313326,19.62798357,0,0.0001,19.62798357,0
1998-09-16 00:00:00,5.140245,19.46765969,0,0.0001,19.46765969,0
1998-09-17 00:00:00,5.005546,19.30907607,0,0.0001,19.30907607,0
1998-09-18 00:00:00,5.495821,19.15882888,0,0.0001,19.15882888,0
1998-09-19 00:00:00,3.19169,18.9311163,0,0.0001,18.9311163,0
1998-09-20 00:00:00,2.345884,18.73243513,0,0.0001,18.73243513,0
1998-09-21 00:00:00,2.132981,18.56146278,0,0.0001,18.56146278,0
1998-09-22 00:00:00,4.319105,18.44540342,0,0.0001,18.44540342,0
1998-09-23 00:00:00,4.164993,18.23883598,0,0.0001,18.23883598,0
1998-09-24 00:00:00,4.313435,17.99622722,0,0.0001,17.99622722,0
1998-09-25 00:00:00,4.224282,17.80044002,0,0.0001,17.80044002,0
1998-09-26 00:00:00,2.432612,17.57876152,0,0.0001,17.57876152,0
1998-09-27 00:00:00,3.799064,17.41669172,0,0.0001,17.41669172,0
1998-09-28 00:00:00,3.786069,17.22636172,0,0.0001,17.22636172,0
1998-09-29 00:00:00,2.167184,16.95087732,0,0.0001,16.95087732,0
1998-09-30 00:00:00,1.754671,16.72149443,0,0.0001,16.72149443,0
1998-10-01 00:00:00,3.835727,16.55361211,0,0.0001,16.55361211,0
1998-10-02 00:00:00,3.799933,16.33879372,0,0.0001,16.33879372,0
1998-10-03 00:00:00,4.03364,16.07740119,0,0.0001,16.07740119,0
1998-10-04 00:00:00,4.453579,15.84660943,0,0.0001,15.84660943,0
1998-10-05 00:00:00,6.860826,15.44582857,0,0.0001,15.44582857,0
1998-10-06 00:00:00,4.090634,15.25172998,0,0.0001,15.25172998,0
1998-10-07 00:00:00,3.963374,15.04750025,0,0.0001,15.04750025,0
1998-10-08 00:00:00,3.793941,14.81806485,0,0.0001,14.81806485,0
1998-10-09 00:00:00,3.5652,14.57640818,0,0.0001,14.57640818,0
1998-10-10 00:00:00,3.308939,14.33752918,0,0.0001,14.33752918,0
1998-10-11 00:00:00,3.062058,14.10425375,0,0.0001,14.10425375,0
1998-10-12 00:00:00,2.863003,13.87446438,0,0.0001,13.87446438,0
1998-10-13 00:00:00,2.699077,13.64700773,0,0.0001,13.64700773,0
1998-10-14 00:00:00,2.565216,13.42274712,0,0.0001,13.42274712,0
1998-10-15 00:00:00,4.91869,13.19420598,0,0.0001,13.19420598,0
1998-10-16 00:00:00,4.934257,12.97853302,0,0.0001,12.97853302,0
1998-10-17 00:00:00,3.812944,12.71476655,0,0.0001,12.71476655,0
1998-10-18 00:00:00,4.337402,12.50159489,0,0.0001,12.50159489,0
1998-10-19 00:00:00,4.217583,12.32233308,0,0.0001,12.32233308,0
1998-10-20 00:00:00,4.038669,12.09631424,0,0.0001,12.09631424,0
1998-10-21 00:00:00,3.840643,11.84191219,0,0.0001,11.84191219,0
1998-10-22 00:00:00,3.597057,11.58995726,0,0.0001,11.58995726,0
1998-10-23 00:00:00,3.332566,11.35016725,0,0.0001,11.35016725,0
1998-10-24 00:00:00,3.348915,11.11090334,0,0.0001,11.11090334,0
1998-10-25 00:00:00,4.758521,10.85884197,0,0.0001,10.85884197,0
1998-10-26 00:00:00,5.582829,10.63517003,0,0.0001,10.63517003,0
1998-10-27 00:00:00,2.957623,10.43328006,0,0.0001,10.43328006,0
1998-10-28 00:00:00,3.381212,10.20333329,0,0.0001,10.20333329,0
1998-10-29 00:00:00,2.680498,10.02124464,0,0.0001,10.02124464,0
1998-10-30 00:00:00,2.582053,9.818748306,0,0.0001,9.818748306,0
1998-10-31 00:00:00,2.463035,9.612320401,0,0.0001,9.612320401,0
1998-11-01 00:00:00,2.3546,9.405457641,0,0.0001,9.405457641,0
1998-11-02 00:00:00,2.25654,9.201081889,0,0.0001,9.201081889,0
1998-11-03 00:00:00,2.147016,8.997969738,0,0.0001,8.997969738,0
1998-11-04 00:00:00,2.050096,8.797547494,0,0.0001,8.797547494,0
1998-11-05 00:00:00,1.955503,8.598579342,0,0.0001,8.598579342,0
1998-11-06 00:00:00,1.866196,8.40186032,0,0.0001,8.40186032,0
1998-11-07 00:00:00,1.789137,8.206767533,0,0.0001,8.206767533,0
1998-11-08 00:00:00,4.347917,7.949069081,0,0.0001,7.949069081,0
1998-11-09 00:00:00,5.586222,7.758853474,0,0.0001,7.758853474,0
1998-11-10 00:00:00,7.549173,7.496347316,0,0.0001,7.496347316,0
1998-11-11 00:00:00,7.781935,7.306754446,0,0.0001,7.306754446,0
1998-11-12 00:00:00,8.200637,7.077384699,0,0.0001,7.077384699,0
1998-11-13 00:00:00,6.413369,6.871198689,0,0.0001,6.871198689,0
1998-11-14 00:00:00,7.581561,6.543816546,0,0.0001,6.543816546,0
1998-11-15 00:00:00,6.399472,6.324905218,0,0.0001,6.324905218,0
1998-11-16 00:00:00,6.383774,6.080403938,0,0.0001,6.080403938,0
1998-11-17 00:00:00,6.823882,5.848786724,0,0.0001,5.848786724,0
1998-11-18 00:00:00,4.72042,5.677443817,0,0.0001,5.677443817,0
1998-11-19 00:00:00,3.262086,5.516362338,0,0.0001,5.516362338,0
1998-11-20 00:00:00,6.139708,5.235506554,0,0.0001,5.235506554,0
1998-11-21 00:00:00,6.332744,5.04078122,0,0.0001,5.04078122,0
1998-11-22 00:00:00,4.42985,4.885646229,0,0.0001,4.885646229,0
1998-11-23 00:00:00,5.84156,4.682505967,0,0.0001,4.682505967,0
1998-11-24 00:00:00,5.939733,4.506451224,0,0.0001,4.506451224,0
1998-11-25 00:00:00,5.606872,4.339505187,0,0.0001,4.339505187,0
1998-11-26 00:00:00,5.669877,4.173843188,0,0.0001,4.173843188,0
1998-11-27 00:00:00,5.5095,4.013526962,0,0.0001,4.013526962,0
1998-11-28 00:00:00,5.351607,3.856752535,0,0.0001,3.856752535,0
1998-11-29 00:00:00,2.282345,3.78201965,0,0.0001,3.78201965,0
1998-11-30 00:00:00,5.252727,3.551401589,0,0.0001,3.551401589,0
1998-12-01 00:00:00,5.132794,3.39983354,0,0.0001,3.39983354,0
1998-12-02 00:00:00,4.984261,3.257124513,0,0.0001,3.257124513,0
1998-12-03 00:00:00,4.868993,3.117665417,0,0.0001,3.117665417,0
1998-12-04 00:00:00,4.740786,2.979812954,0,0.0001,2.979812954,0
1998-12-05 00:00:00,4.552193,2.847659113,0,0.0001,2.847659113,0
1998-12-06 00:00:00,4.664506,2.717269998,0,0.0001,2.717269998,0
1998-12-07 00:00:00,4.668117,2.561610759,0,0.0001,2.561610759,0
1998-12-08 00:00:00,4.750252,2.438675842,0,0.0001,2.438675842,0
1998-12-09 00:00:00,2.952969,2.380393557,0,0.0001,2.380393557,0
1998-12-10 00:00:00,4.387979,2.203420957,0,0.0001,2.203420957,0
1998-12-11 00:00:00,4.503739,2.076760401,0,0.0001,2.076760401,0
1998-12-12 00:00:00,4.177509,1.962192279,0,0.0001,1.962192279,0
1998-12-13 00:00:00,4.068589,1.844381165,0,0.0001,1.844381165,0
1998-12-14 00:00:00,4.249722,1.722971367,0,0.0001,1.722971367,0
1998-12-15 00:00:00,3.844426,1.619144539,0,0.0001,1.619144539,0
1998-12-16 00:00:00,3.765595,1.508991568,0,0.0001,1.508991568,0
1998-12-17 00:00:00,3.990438,1.396727798,0,0.0001,1.396727798,0
1998-12-18 00:00:00,3.577234,1.302821738,0,0.0001,1.302821738,0
1998-12-19 00:00:00,3.84739,1.194464745,0,0.0001,1.194464745,0
1998-12-20 00:00:00,1.357834,1.246407819,0,0.0001,1.246407819,0
1998-12-21 00:00:00,1.85685,1.090544051,0,0.0001,1.090544051,0
1998-12-22 00:00:00,3.724006,0.910869257,0,0.0001,0.910869257,0
1998-12-23 00:00:00,1.70576,0.928200659,0,0.0001,0.928200659,0
1998-12-24 00:00:00,3.647158,0.740590178,0,0.0001,0.740590178,0
1998-12-25 00:00:00,3.598743,0.659794626,0,0.0001,0.659794626,0
1998-12-26 00:00:00,3.011258,0.598718663,0,0.0001,0.598718663,0
1998-12-27 00:00:00,3.532867,0.507043121,0,0.0001,0.507043121,0
1998-12-28 00:00:00,1.32849,0.587337605,0,0.0001,0.587337605,0
1998-12-29 00:00:00,2.803179,0.386676794,0,0.0001,0.386676794,0
1998-12-30 00:00:00,3.422932,0.297922202,0,0.0001,0.297922202,0
1998-12-31 00:00:00,3.392563,0.234865274,0,0.0001,0.234865274,0
1999-01-01 00:00:00,3.259648,0.169266777,0,0.0001,0.169266777,0
1999-01-02 00:00:00,3.090695,0.114393193,0,0.0001,0.114393193,0
1999-01-03 00:00:00,3.456871,0.062653982,0,0.0001,0.062653982,0
1999-01-04 00:00:00,3.42963,0.011022607,0,0.0001,0.011022607,0
1999-01-05 00:00:00,3.313831,-0.038865133,0,0.0001,-0.038865133,0
1999-01-06 00:00:00,3.385428,-0.078893285,0,0.0001,-0.078893285,0
1999-01-07 00:00:00,3.345965,-0.122670604,0,0.0001,-0.122670604,0
1999-01-08 00:00:00,3.218263,-0.159689856,0,0.0001,-0.159689856,0
1999-01-09 00:00:00,3.313796,-0.19538199,0,0.0001,-0.19538199,0
1999-01-10 00:00:00,3.308928,-0.225828206,0,0.0001,-0.225828206,0
1999-01-11 00:00:00,3.245248,-0.254375709,0,0.0001,-0.254375709,0
1999-01-12 00:00:00,3.205695,-0.27974859,0,0.0001,-0.27974859,0
1999-01-13 00:00:00,3.304534,-0.300722828,0,0.0001,-0.300722828,0
1999-01-14 00:00:00,3.266419,-0.318926947,0,0.0001,-0.318926947,0
1999-01-15 00:00:00,3.291408,-0.333253545,0,0.0001,-0.333253545,0
1999-01-16 00:00:00,3.337048,-0.349131617,0,0.0001,-0.349131617,0
1999-01-17 00:00:00,3.855458,-0.382041939,0,0.0001,-0.382041939,0
1999-01-18 00:00:00,2.656842,-0.396357147,0,0.0001,-0.396357147,0
1999-01-19 00:00:00,2.627108,-0.403820459,0,0.0001,-0.403820459,0
1999-01-20 00:00:00,3.856431,-0.474963629,0,0.0001,-0.474963629,0
1999-01-21 00:00:00,3.907268,-0.45678045,0,0.0001,-0.45678045,0
1999-01-22 00:00:00,5.123949,-0.518750916,0,0.0001,-0.518750916,0
1999-01-23 00:00:00,5.286331,-0.552741058,0,0.0001,-0.552741058,0
1999-01-24 00:00:00,2.71456,-0.334023888,0,0.0001,-0.334023888,0
1999-01-25 00:00:00,2.749284,-0.34088881,0,0.0001,-0.34088881,0
1999-01-26 00:00:00,2.699935,-0.362024096,0,0.0001,-0.362024096,0
1999-01-27 00:00:00,2.857551,-0.371269419,0,0.0001,-0.371269419,0
1999-01-28 00:00:00,2.757339,-0.412502417,0,0.0001,-0.412502417,0
1999-01-29 00:00:00,2.678146,-0.416140421,0,0.0001,-0.416140421,0
1999-01-30 00:00:00,2.607337,-0.410470715,0,0.0001,-0.410470715,0
1999-01-31 00:00:00,3.760584,-0.474714207,0,0.0001,-0.474714207,0
1999-02-01 00:00:00,5.256626,-0.479483111,0,0.0001,-0.479483111,0
1999-02-02 00:00:00,3.776534,-0.387322414,0,0.0001,-0.387322414,0
1999-02-03 00:00:00,5.234881,-0.367562596,0,0.0001,-0.367562596,0
1999-02-04 00:00:00,3.951921,-0.315336514,0,0.0001,-0.315336514,0
1999-02-05 00:00:00,3.222574,-0.200694923,0,0.0001,-0.200694923,0
1999-02-06 00:00:00,3.223663,-0.157334767,0,0.0001,-0.157334767,0
1999-02-07 00:00:00,4.137345,-0.161496184,0,0.0001,-0.161496184,0
1999-02-08 00:00:00,4.073045,-0.00345192,0,0.0001,-0.00345192,0
1999-02-09 00:00:00,6.955496,-0.102045241,0,0.0001,-0.102045241,0
1999-02-10 00:00:00,7.027902,-0.033569348,0,0.0001,-0.033569348,0
1999-02-11 00:00:00,8.213737,0.198002929,0,0.0001,0.198002929,0
1999-02-12 00:00:00,6.306588,0.44843219,0,0.0001,0.44843219,0
1999-02-13 00:00:00,6.224129,0.501350107,0,0.0001,0.501350107,0
1999-02-14 00:00:00,5.930886,0.475893452,0,0.0001,0.475893452,0
1999-02-15 00:00:00,6.544588,0.401704957,0,0.0001,0.401704957,0
1999-02-16 00:00:00,5.42312,0.45423725,0,0.0001,0.45423725,0
1999-02-17 00:00:00,5.285183,0.491698869,0,0.0001,0.491698869,0
1999-02-18 00:00:00,5.164598,0.555878448,0,0.0001,0.555878448,0
1999-02-19 00:00:00,5.023199,0.640694492,0,0.0001,0.640694492,0
1999-02-20 00:00:00,4.866579,0.741898846,0,0.0001,0.741898846,0
1999-02-21 00:00:00,5.380338,0.843014059,0,0.0001,0.843014059,0
1999-02-22 00:00:00,5.372361,0.965995894,0,0.0001,0.965995894,0
1999-02-23 00:00:00,5.367549,1.096293324,0,0.0001,1.096293324,0
1999-02-24 00:00:00,4.374642,1.258808858,0,0.0001,1.258808858,0
1999-02-25 00:00:00,7.1376,1.355939983,0,0.0001,1.355939983,0
1999-02-26 00:00:00,5.59909,1.52494956,0,0.0001,1.52494956,0
1999-02-27 00:00:00,5.68451,1.673657063,0,0.0001,1.673657063,0
1999-02-28 00:00:00,7.266035,1.81203685,0,0.0001,1.81203685,0
1999-03-01 00:00:00,7.543497,1.969796623,0,0.0001,1.969796623,0
1999-03-02 00:00:00,7.371713,2.133378451,0,0.0001,2.133378451,0
1999-03-03 00:00:00,7.193124,2.299110855,0,0.0001,2.299110855,0
1999-03-04 00:00:00,6.958782,2.466292149,0,0.0001,2.466292149,0
1999-03-05 00:00:00,6.966738,2.632665874,0,0.0001,2.632665874,0
1999-03-06 00:00:00,6.932667,2.801725464,0,0.0001,2.801725464,0
1999-03-07 00:00:00,6.789709,2.979253088,0,0.0001,2.979253088,0
1999-03-08 00:00:00,6.216418,3.152127468,0,0.0001,3.152127468,0
1999-03-09 00:00:00,6.606511,3.339933377,0,0.0001,3.339933377,0
1999-03-10 00:00:00,6.600102,3.52070484,0,0.0001,3.52070484,0
1999-03-11 00:00:00,6.440977,3.707442863,0,0.0001,3.707442863,0
1999-03-12 00:00:00,6.367428,3.893284272,0,0.0001,3.893284272,0
1999-03-13 00:00:00,6.802582,4.065074451,0,0.0001,4.065074451,0
1999-03-14 00:00:00,7.300141,4.226056198,0,0.0001,4.226056198,0
1999-03-15 00:00:00,6.754183,4.41503254,0,0.0001,4.41503254,0
1999-03-16 00:00:00,6.579155,4.619959251,0,0.0001,4.619959251,0
1999-03-17 00:00:00,6.487463,4.816734938,0,0.0001,4.816734938,0
1999-03-18 00:00:00,6.348271,5.011855224,0,0.0001,5.011855224,0
1999-03-19 00:00:00,6.23457,5.207800646,0,0.0001,5.207800646,0
1999-03-20 00:00:00,6.090495,5.407600901,0,0.0001,5.407600901,0
1999-03-21 00:00:00,5.881724,5.611207903,0,0.0001,5.611207903,0
1999-03-22 00:00:00,5.748588,5.816416205,0,0.0001,5.816416205,0
1999-03-23 00:00:00,5.620159,6.024860132,0,0.0001,6.024860132,0
1999-03-24 00:00:00,5.432369,6.236844928,0,0.0001,6.236844928,0
1999-03-25 00:00:00,4.942007,6.448881736,0,0.0001,6.448881736,0
1999-03-26 00:00:00,4.776088,6.662672646,0,0.0001,6.662672646,0
1999-03-27 00:00:00,5.114775,6.881842691,0,0.0001,6.881842691,0
1999-03-28 00:00:00,2.956053,7.088689608,0,0.0001,7.088689608,0
1999-03-29 00:00:00,2.154174,7.283203698,0,0.0001,7.283203698,0
1999-03-30 00:00:00,4.854214,7.54374895,0,0.0001,7.54374895,0
1999-03-31 00:00:00,4.65202,7.775012177,0,0.0001,7.775012177,0
1999-04-01 00:00:00,4.508187,8.005169435,0,0.0001,8.005169435,0
1999-04-02 00:00:00,4.414927,8.236397202,0,0.0001,8.236397202,0
1999-04-03 00:00:00,6.548084,8.230362046,0,0.0001,8.230362046,0
1999-04-04 00:00:00,6.998682,8.404805321,0,0.0001,8.404805321,0
1999-04-05 00:00:00,5.167003,8.622798135,0,0.0001,8.622798135,0
1999-04-06 00:00:00,7.697348,8.821321126,0,0.0001,8.821321126,0
1999-04-07 00:00:00,7.518595,9.035714844,0,0.0001,9.035714844,0
1999-04-08 00:00:00,9.494773,9.168989561,0,0.0001,9.168989561,0
1999-04-09 00:00:00,12.982154,9.235246895,0,0.0001,9.235246895,0
1999-04-10 00:00:00,12.820138,9.44935965,0,0.0001,9.44935965,0
1999-04-11 00:00:00,10.739877,9.621688131,0,0.0001,9.621688131,0
1999-04-12 00:00:00,10.978305,9.803101352,0,0.0001,9.803101352,0
1999-04-13 00:00:00,9.46828,10.00055115,0,0.0001,10.00055115,0
1999-04-14 00:00:00,10.988565,10.208862,0,0.0001,10.208862,0
1999-04-15 00:00:00,9.848017,10.42393256,0,0.0001,10.42393256,0
1999-04-16 00:00:00,8.291453,10.64706299,0,0.0001,10.64706299,0
1999-04-17 00:00:00,11.493519,10.88806604,0,0.0001,10.88806604,0
1999-04-18 00:00:00,10.081638,11.12298222,0,0.0001,11.12298222,0
1999-04-19 00:00:00,11.050271,11.37256291,0,0.0001,11.37256291,0
1999-04-20 00:00:00,11.190427,11.60304085,0,0.0001,11.60304085,0
1999-04-21 00:00:00,12.392533,11.80999333,0,0.0001,11.80999333,0
1999-04-22 00:00:00,19.078736,11.90711709,0,0.0001,11.90711709,0
1999-04-23 00:00:00,26.293293,12.04431874,0,0.0001,12.04431874,0
1999-04-24 00:00:00,26.338531,12.25543328,0,0.0001,12.25543328,0
1999-04-25 00:00:00,24.048586,12.44117815,0,0.0001,12.44117815,0
1999-04-26 00:00:00,18.197674,13.06076647,0,0.0001,13.06076647,0
1999-04-27 00:00:00,18.430039,13.25224663,0,0.0001,13.25224663,0
1999-04-28 00:00:00,18.587256,13.4718474,0,0.0001,13.4718474,0
1999-04-29 00:00:00,17.667049,13.73228474,0,0.0001,13.73228474,0
1999-04-30 00:00:00,22.67847,13.56969172,0,0.0001,13.56969172,0
1999-05-01 00:00:00,21.032677,13.8259016,0,0.0001,13.8259016,0
1999-05-02 00:00:00,20.314815,14.08855105,0,0.0001,14.08855105,0
1999-05-03 00:00:00,19.130148,14.35396503,0,0.0001,14.35396503,0
1999-05-04 00:00:00,18.06799,14.61979116,0,0.0001,14.61979116,0
1999-05-05 00:00:00,17.08822,14.88578282,0,0.0001,14.88578282,0
1999-05-06 00:00:00,19.22743,15.05532076,0,0.0001,15.05532076,0
1999-05-07 00:00:00,18.38772,15.32054356,0,0.0001,15.32054356,0
1999-05-08 00:00:00,17.765625,15.57506323,0,0.0001,15.57506323,0
1999-05-09 00:00:00,16.977777,15.82764894,0,0.0001,15.82764894,0
1999-05-10 00:00:00,16.1331,16.08100041,0,0.0001,16.08100041,0
1999-05-11 00:00:00,15.315624,16.33341516,0,0.0001,16.33341516,0
1999-05-12 00:00:00,13.468678,16.5592708,0,0.0001,16.5592708,0
1999-05-13 00:00:00,12.966405,16.80763825,0,0.0001,16.80763825,0
1999-05-14 00:00:00,13.778849,17.06319443,0,0.0001,17.06319443,0
1999-05-15 00:00:00,13.000112,17.31209723,0,0.0001,17.31209723,0
1999-05-16 00:00:00,17.56328,17.34540341,0,0.0001,17.34540341,0
1999-05-17 00:00:00,19.822643,17.37302585,0,0.0001,17.37302585,0
1999-05-18 00:00:00,19.412419,17.55332659,0,0.0001,17.55332659,0
1999-05-19 00:00:00,19.428447,17.78384305,0,0.0001,17.78384305,0
1999-05-20 00:00:00,21.651528,18.04308448,0,0.0001,18.04308448,0
1999-05-21 00:00:00,20.741961,18.26712304,0,0.0001,18.26712304,0
1999-05-22 00:00:00,20.321314,18.47899618,0,0.0001,18.47899618,0
1999-05-23 00:00:00,19.250935,18.6689062,0,0.0001,18.6689062,0
1999-05-24 00:00:00,15.713129,18.87872462,0,0.0001,18.87872462,0
1999-05-25 00:00:00,18.744994,19.11089333,0,0.0001,19.11089333,0
1999-05-26 00:00:00,17.876569,19.33084873,0,0.0001,19.33084873,0
1999-05-27 00:00:00,16.903923,19.55365467,0,0.0001,19.55365467,0
1999-05-28 00:00:00,15.308579,19.77541459,0,0.0001,19.77541459,0
1999-05-29 00:00:00,15.004834,20.00113659,0,0.0001,20.00113659,0
1999-05-30 00:00:00,14.070904,20.22496682,0,0.0001,20.22496682,0
1999-05-31 00:00:00,13.320853,20.44014142,0,0.0001,20.44014142,0
1999-06-01 00:00:00,13.752394,20.59239922,0,0.0001,20.59239922,0
1999-06-02 00:00:00,14.284959,20.74530732,0,0.0001,20.74530732,0
1999-06-03 00:00:00,13.416211,20.96828591,0,0.0001,20.96828591,0
1999-06-04 00:00:00,13.488625,21.11966392,0,0.0001,21.11966392,0
1999-06-05 00:00:00,13.185297,21.31132301,0,0.0001,21.31132301,0
1999-06-06 00:00:00,14.270864,21.40100812,0,0.0001,21.40100812,0
1999-06-07 00:00:00,14.502983,21.56151576,0,0.0001,21.56151576,0
1999-06-08 00:00:00,14.135225,21.73506711,0,0.0001,21.73506711,0
1999-06-09 00:00:00,14.146759,21.87551841,0,0.0001,21.87551841,0
1999-06-10 00:00:00,14.262722,22.01641046,0,0.0001,22.01641046,0
1999-06-11 00:00:00,14.52575,22.15224322,0,0.0001,22.15224322,0
1999-06-12 00:00:00,14.51629,22.29591917,0,0.0001,22.29591917,0
1999-06-13 00:00:00,13.936628,22.28584476,0,0.0001,22.28584476,0
1999-06-14 00:00:00,16.25062,22.51219281,0,0.0001,22.51219281,0
1999-06-15 00:00:00,14.674852,22.66983658,0,0.0001,22.66983658,0
1999-06-16 00:00:00,14.822761,22.84695227,0,0.0001,22.84695227,0
1999-06-17 00:00:00,13.73973,23.00804466,0,0.0001,23.00804466,0
1999-06-18 00:00:00,13.442537,23.17926727,0,0.0001,23.17926727,0
1999-06-19 00:00:00,12.69065,23.34207389,0,0.0001,23.34207389,0
1999-06-20 00:00:00,12.049204,23.49785398,0,0.0001,23.49785398,0
1999-06-21 00:00:00,11.406337,23.65102455,0,0.0001,23.65102455,0
1999-06-22 00:00:00,11.208815,23.76470359,0,0.0001,23.76470359,0
1999-06-23 00:00:00,11.493615,23.86037361,0,0.0001,23.86037361,0
1999-06-24 00:00:00,10.942718,23.97608085,0,0.0001,23.97608085,0
1999-06-25 00:00:00,10.633876,24.12338417,0,0.0001,24.12338417,0
1999-06-26 00:00:00,9.937636,24.26318034,0,0.0001,24.26318034,0
1999-06-27 00:00:00,9.337776,24.39780414,0,0.0001,24.39780414,0
1999-06-28 00:00:00,7.319489,24.43328702,0,0.0001,24.43328702,0
1999-06-29 00:00:00,9.334902,24.57180397,0,0.0001,24.57180397,0
1999-06-30 00:00:00,9.361792,24.6312979,0,0.0001,24.6312979,0
1999-07-01 00:00:00,10.30558,24.62384124,0,0.0001,24.62384124,0
1999-07-02 00:00:00,9.633651,24.76633575,0,0.0001,24.76633575,0
1999-07-03 00:00:00,9.288368,24.86310319,0,0.0001,24.86310319,0
1999-07-04 00:00:00,8.947681,24.96584013,0,0.0001,24.96584013,0
1999-07-05 00:00:00,7.101117,25.03437785,0,0.0001,25.03437785,0
1999-07-06 00:00:00,5.192993,25.05397554,0,0.0001,25.05397554,0
1999-07-07 00:00:00,7.826873,25.24221883,0,0.0001,25.24221883,0
1999-07-08 00:00:00,4.353942,25.23355425,0,0.0001,25.23355425,0
1999-07-09 00:00:00,5.603202,25.31219824,0,0.0001,25.31219824,0
1999-07-10 00:00:00,6.674161,25.43038956,0,0.0001,25.43038956,0
1999-07-11 00:00:00,4.657587,25.45888479,0,0.0001,25.45888479,0
1999-07-12 00:00:00,2.704085,25.4285093,0,0.0001,25.4285093,0
1999-07-13 00:00:00,5.362397,25.63695513,0,0.0001,25.63695513,0
1999-07-14 00:00:00,5.963829,25.69862433,0,0.0001,25.69862433,0
1999-07-15 00:00:00,5.677243,25.7594994,0,0.0001,25.7594994,0
1999-07-16 00:00:00,5.88104,25.70763258,0,0.0001,25.70763258,0
1999-07-17 00:00:00,7.419235,25.51366873,0,0.0001,25.51366873,0
1999-07-18 00:00:00,7.282696,25.54323121,0,0.0001,25.54323121,0
1999-07-19 00:00:00,7.705606,25.49148377,0,0.0001,25.49148377,0
1999-07-20 00:00:00,9.205057,25.3138869,0,0.0001,25.3138869,0
1999-07-21 00:00:00,8.604063,25.1485333,0,0.0001,25.1485333,0
1999-07-22 00:00:00,10.018645,25.27851615,0,0.0001,25.27851615,0
1999-07-23 00:00:00,7.02878,25.15958719,0,0.0001,25.15958719,0
1999-07-24 00:00:00,9.949645,25.30651532,0,0.0001,25.30651532,0
1999-07-25 00:00:00,8.317884,25.31164968,0,0.0001,25.31164968,0
1999-07-26 00:00:00,7.019151,25.21618552,0,0.0001,25.21618552,0
1999-07-27 00:00:00,8.31451,25.27642667,0,0.0001,25.27642667,0
1999-07-28 00:00:00,6.48499,25.25286084,0,0.0001,25.25286084,0
1999-07-29 00:00:00,8.576116,25.29745881,0,0.0001,25.29745881,0
1999-07-30 00:00:00,7.577127,25.24483696,0,0.0001,25.24483696,0
1999-07-31 00:00:00,5.482007,25.01066737,0,0.0001,25.01066737,0
1999-08-01 00:00:00,5.121064,25.03960783,0,0.0001,25.03960783,0
1999-08-02 00:00:00,7.894612,25.1067686,0,0.0001,25.1067686,0
1999-08-03 00:00:00,4.656944,24.99538425,0,0.0001,24.99538425,0
1999-08-04 00:00:00,4.602839,24.94936385,0,0.0001,24.94936385,0
1999-08-05 00:00:00,7.72899,25.01487295,0,0.0001,25.01487295,0
1999-08-06 00:00:00,7.336212,24.99142002,0,0.0001,24.99142002,0
1999-08-07 00:00:00,4.430329,24.74972586,0,0.0001,24.74972586,0
1999-08-08 00:00:00,7.734515,24.80650869,0,0.0001,24.80650869,0
1999-08-09 00:00:00,5.979191,24.7107734,0,0.0001,24.7107734,0
1999-08-10 00:00:00,7.366053,24.6541589,0,0.0001,24.6541589,0
1999-08-11 00:00:00,7.232237,24.61599454,0,0.0001,24.61599454,0
1999-08-12 00:00:00,3.785035,24.36974829,0,0.0001,24.36974829,0
1999-08-13 00:00:00,4.113345,24.35256336,0,0.0001,24.35256336,0
1999-08-14 00:00:00,5.35114,24.338729,0,0.0001,24.338729,0
1999-08-15 00:00:00,6.624229,24.31113388,0,0.0001,24.31113388,0
1999-08-16 00:00:00,4.896423,24.20819557,0,0.0001,24.20819557,0
1999-08-17 00:00:00,6.167776,24.15850399,0,0.0001,24.15850399,0
1999-08-18 00:00:00,6.154333,24.02453569,0,0.0001,24.02453569,0
1999-08-19 00:00:00,6.235182,23.89264724,0,0.0001,23.89264724,0
1999-08-20 00:00:00,4.412017,23.77754791,0,0.0001,23.77754791,0
1999-08-21 00:00:00,5.79698,23.73457994,0,0.0001,23.73457994,0
1999-08-22 00:00:00,5.467605,23.64038327,0,0.0001,23.64038327,0
1999-08-23 00:00:00,6.22648,23.28221509,0,0.0001,23.28221509,0
1999-08-24 00:00:00,6.572073,23.11858152,0,0.0001,23.11858152,0
1999-08-25 00:00:00,7.115977,23.04839297,0,0.0001,23.04839297,0
1999-08-26 00:00:00,6.087219,22.92319521,0,0.0001,22.92319521,0
1999-08-27 00:00:00,3.251228,22.70044191,0,0.0001,22.70044191,0
1999-08-28 00:00:00,3.06122,22.59485951,0,0.0001,22.59485951,0
1999-08-29 00:00:00,3.798009,22.54581375,0,0.0001,22.54581375,0
1999-08-30 00:00:00,5.12608,22.47201406,0,0.0001,22.47201406,0
1999-08-31 00:00:00,3.35647,22.30653803,0,0.0001,22.30653803,0
1999-09-01 00:00:00,4.610062,22.2207794,0,0.0001,22.2207794,0
1999-09-02 00:00:00,2.794076,22.04632809,0,0.0001,22.04632809,0
1999-09-03 00:00:00,4.696219,21.97736554,0,0.0001,21.97736554,0
1999-09-04 00:00:00,2.28947,21.76982641,0,0.0001,21.76982641,0
1999-09-05 00:00:00,1.756285,21.61060205,0,0.0001,21.61060205,0
1999-09-06 00:00:00,3.353967,21.55165609,0,0.0001,21.55165609,0
1999-09-07 00:00:00,1.556495,21.31429415,0,0.0001,21.31429415,0
1999-09-08 00:00:00,1.535358,21.13787523,0,0.0001,21.13787523,0
1999-09-09 00:00:00,1.405319,21.01791944,0,0.0001,21.01791944,0
1999-09-10 00:00:00,2.712798,20.93893425,0,0.0001,20.93893425,0
1999-09-11 00:00:00,2.480305,20.77635528,0,0.0001,20.77635528,0
1999-09-12 00:00:00,1.171743,20.55025838,0,0.0001,20.55025838,0
1999-09-13 00:00:00,1.125838,20.37056191,0,0.0001,20.37056191,0
1999-09-14 00:00:00,1.074266,20.19611914,0,0.0001,20.19611914,0
1999-09-15 00:00:00,1.855187,20.14137626,0,0.0001,20.14137626,0
1999-09-16 00:00:00,0.963275,19.8536529,0,0.0001,19.8536529,0
1999-09-17 00:00:00,2.840535,19.85413562,0,0.0001,19.85413562,0
1999-09-18 00:00:00,1.297809,19.59646279,0,0.0001,19.59646279,0
1999-09-19 00:00:00,0.767405,19.37220445,0,0.0001,19.37220445,0
1999-09-20 00:00:00,1.11381,19.24983918,0,0.0001,19.24983918,0
1999-09-21 00:00:00,0.996227,19.0498961,0,0.0001,19.0498961,0
1999-09-22 00:00:00,2.360092,18.98688846,0,0.0001,18.98688846,0
1999-09-23 00:00:00,0.685941,18.58783601,0,0.0001,18.58783601,0
1999-09-24 00:00:00,0.639877,18.41475602,0,0.0001,18.41475602,0
1999-09-25 00:00:00,2.192834,18.46844407,0,0.0001,18.46844407,0
1999-09-26 00:00:00,2.231913,18.24932698,0,0.0001,18.24932698,0
1999-09-27 00:00:00,2.878626,17.71841497,0,0.0001,17.71841497,0
1999-09-28 00:00:00,1.614741,17.20050828,0,0.0001,17.20050828,0
1999-09-29 00:00:00,1.662507,16.9839231,0,0.0001,16.9839231,0
1999-09-30 00:00:00,3.532735,16.89995174,0,0.0001,16.89995174,0
1999-10-01 00:00:00,2.897433,16.66278153,0,0.0001,16.66278153,0
1999-10-02 00:00:00,2.99617,16.37020306,0,0.0001,16.37020306,0
1999-10-03 00:00:00,3.207905,16.13417506,0,0.0001,16.13417506,0
1999-10-04 00:00:00,3.975016,15.91206712,0,0.0001,15.91206712,0
1999-10-05 00:00:00,1.896162,15.67487865,0,0.0001,15.67487865,0
1999-10-06 00:00:00,3.648832,15.50916424,0,0.0001,15.50916424,0
1999-10-07 00:00:00,2.945194,15.28571683,0,0.0001,15.28571683,0
1999-10-08 00:00:00,3.425266,15.06152403,0,0.0001,15.06152403,0
1999-10-09 00:00:00,2.781026,14.82825925,0,0.0001,14.82825925,0
1999-10-10 00:00:00,1.517793,14.59630344,0,0.0001,14.59630344,0
1999-10-11 00:00:00,3.175031,14.41195326,0,0.0001,14.41195326,0
1999-10-12 00:00:00,1.371471,14.17182302,0,0.0001,14.17182302,0
1999-10-13 00:00:00,2.485664,13.94831471,0,0.0001,13.94831471,0
1999-10-14 00:00:00,3.019701,13.72884705,0,0.0001,13.72884705,0
1999-10-15 00:00:00,2.387134,13.50705983,0,0.0001,13.50705983,0
1999-10-16 00:00:00,1.657721,13.20444911,0,0.0001,13.20444911,0
1999-10-17 00:00:00,2.578785,12.99431635,0,0.0001,12.99431635,0
1999-10-18 00:00:00,2.530162,12.79751413,0,0.0001,12.79751413,0
1999-10-19 00:00:00,1.478217,12.5947778,0,0.0001,12.5947778,0
1999-10-20 00:00:00,3.065,12.37784931,0,0.0001,12.37784931,0
1999-10-21 00:00:00,1.396558,12.16805987,0,0.0001,12.16805987,0
1999-10-22 00:00:00,1.322317,11.95505346,0,0.0001,11.95505346,0
1999-10-23 00:00:00,1.265518,11.74154957,0,0.0001,11.74154957,0
1999-10-24 00:00:00,2.792483,11.5236421,0,0.0001,11.5236421,0
1999-10-25 00:00:00,1.178911,11.31947829,0,0.0001,11.31947829,0
1999-10-26 00:00:00,1.993531,11.10923694,0,0.0001,11.10923694,0
1999-10-27 00:00:00,1.073052,10.90647236,0,0.0001,10.90647236,0
1999-10-28 00:00:00,1.025083,10.69920097,0,0.0001,10.69920097,0
1999-10-29 00:00:00,1.096324,10.4440519,0,0.0001,10.4440519,0
1999-10-30 00:00:00,1.738262,10.24285977,0,0.0001,10.24285977,0
1999-10-31 00:00:00,0.988884,10.06318668,0,0.0001,10.06318668,0
1999-11-01 00:00:00,0.945026,9.869965694,0,0.0001,9.869965694,0
1999-11-02 00:00:00,0.889068,9.673443434,0,0.0001,9.673443434,0
1999-11-03 00:00:00,0.871596,9.472772963,0,0.0001,9.472772963,0
1999-11-04 00:00:00,0.853968,9.272596253,0,0.0001,9.272596253,0
1999-11-05 00:00:00,0.828655,9.075953473,0,0.0001,9.075953473,0
1999-11-06 00:00:00,0.812262,8.880777485,0,0.0001,8.880777485,0
1999-11-07 00:00:00,0.783959,8.687841715,0,0.0001,8.687841715,0
1999-11-08 00:00:00,2.026428,8.481816117,0,0.0001,8.481816117,0
1999-11-09 00:00:00,1.986136,8.291992146,0,0.0001,8.291992146,0
1999-11-10 00:00:00,0.830564,8.097286734,0,0.0001,8.097286734,0
1999-11-11 00:00:00,0.917359,7.81256182,0,0.0001,7.81256182,0
1999-11-12 00:00:00,1.285172,7.594328618,0,0.0001,7.594328618,0
1999-11-13 00:00:00,0.864982,7.443752651,0,0.0001,7.443752651,0
1999-11-14 00:00:00,0.819819,7.262960192,0,0.0001,7.262960192,0
1999-11-15 00:00:00,0.804652,7.077691875,0,0.0001,7.077691875,0
1999-11-16 00:00:00,0.793065,6.88883682,0,0.0001,6.88883682,0
1999-11-17 00:00:00,1.196155,6.671620221,0,0.0001,6.671620221,0
1999-11-18 00:00:00,0.785285,6.521582984,0,0.0001,6.521582984,0
1999-11-19 00:00:00,0.763252,6.340667269,0,0.0001,6.340667269,0
1999-11-20 00:00:00,0.762132,6.156222085,0,0.0001,6.156222085,0
1999-11-21 00:00:00,1.903545,5.917233981,0,0.0001,5.917233981,0
1999-11-22 00:00:00,1.995561,5.739306105,0,0.0001,5.739306105,0
1999-11-23 00:00:00,1.667472,5.44795747,0,0.0001,5.44795747,0
1999-11-24 00:00:00,1.664753,5.233917978,0,0.0001,5.233917978,0
1999-11-25 00:00:00,1.71427,5.19679266,0,0.0001,5.19679266,0
1999-11-26 00:00:00,1.70197,5.021503958,0,0.0001,5.021503958,0
1999-11-27 00:00:00,1.693163,4.792944876,0,0.0001,4.792944876,0
1999-11-28 00:00:00,1.625654,4.570747466,0,0.0001,4.570747466,0
1999-11-29 00:00:00,1.549113,4.364140028,0,0.0001,4.364140028,0
1999-11-30 00:00:00,1.686589,4.135669605,0,0.0001,4.135669605,0
1999-12-01 00:00:00,2.808852,3.857234091,0,0.0001,3.857234091,0
1999-12-02 00:00:00,2.718428,3.683415734,0,0.0001,3.683415734,0
1999-12-03 00:00:00,3.119601,3.485114082,0,0.0001,3.485114082,0
1999-12-04 00:00:00,1.846704,3.439702239,0,0.0001,3.439702239,0
1999-12-05 00:00:00,1.943017,3.273637653,0,0.0001,3.273637653,0
1999-12-06 00:00:00,2.135411,3.082380118,0,0.0001,3.082380118,0
1999-12-07 00:00:00,3.451169,2.80058205,0,0.0001,2.80058205,0
1999-12-08 00:00:00,2.179938,2.746361137,0,0.0001,2.746361137,0
1999-12-09 00:00:00,2.059086,2.666485347,0,0.0001,2.666485347,0
1999-12-10 00:00:00,2.440716,2.421198667,0,0.0001,2.421198667,0
1999-12-11 00:00:00,2.048245,2.308878206,0,0.0001,2.308878206,0
1999-12-12 00:00:00,2.472442,2.088027889,0,0.0001,2.088027889,0
1999-12-13 00:00:00,2.478608,1.932333148,0,0.0001,1.932333148,0
1999-12-14 00:00:00,2.518012,1.777928844,0,0.0001,1.777928844,0
1999-12-15 00:00:00,1.810738,1.705896233,0,0.0001,1.705896233,0
1999-12-16 00:00:00,1.803074,1.577356142,0,0.0001,1.577356142,0
1999-12-17 00:00:00,1.755813,1.451843142,0,0.0001,1.451843142,0
1999-12-18 00:00:00,3.388436,1.221856832,0,0.0001,1.221856832,0
1999-12-19 00:00:00,1.683097,1.20666598,0,0.0001,1.20666598,0
1999-12-20 00:00:00,1.696169,1.091039059,0,0.0001,1.091039059,0
1999-12-21 00:00:00,1.649709,0.98398896,0,0.0001,0.98398896,0
1999-12-22 00:00:00,2.692555,0.812434871,0,0.0001,0.812434871,0
1999-12-23 00:00:00,1.558286,0.789036319,0,0.0001,0.789036319,0
1999-12-24 00:00:00,2.738241,0.627470818,0,0.0001,0.627470818,0
1999-12-25 00:00:00,1.534792,0.631881235,0,0.0001,0.631881235,0
1999-12-26 00:00:00,1.486787,0.545301953,0,0.0001,0.545301953,0
1999-12-27 00:00:00,2.738808,0.385981351,0,0.0001,0.385981351,0
1999-12-28 00:00:00,2.733098,0.312539232,0,0.0001,0.312539232,0
1999-12-29 00:00:00,2.677494,0.264925407,0,0.0001,0.264925407,0
1999-12-30 00:00:00,2.719159,0.16585973,0,0.0001,0.16585973,0
1999-12-31 00:00:00,3.163632,0.089526063,0,0.0001,0.089526063,0
2000-01-01 00:00:00,2.756933,0.042507035,0,0.0001,0.042507035,0
2000-01-02 00:00:00,3.456837,-0.021689626,0,0.0001,-0.021689626,0
2000-01-03 00:00:00,1.493208,0.025235157,0,0.0001,0.025235157,0
2000-01-04 00:00:00,3.423903,-0.148570256,0,0.0001,-0.148570256,0
2000-01-05 00:00:00,1.595498,-0.026568463,0,0.0001,-0.026568463,0
2000-01-06 00:00:00,2.944627,-0.2080665,0,0.0001,-0.2080665,0
2000-01-07 00:00:00,2.932506,-0.250439445,0,0.0001,-0.250439445,0
2000-01-08 00:00:00,3.303576,-0.308170156,0,0.0001,-0.308170156,0
2000-01-09 00:00:00,3.309469,-0.339106642,0,0.0001,-0.339106642,0
2000-01-10 00:00:00,1.927647,-0.176845607,0,0.0001,-0.176845607,0
2000-01-11 00:00:00,3.051607,-0.425647813,0,0.0001,-0.425647813,0
2000-01-12 00:00:00,3.153452,-0.466308637,0,0.0001,-0.466308637,0
2000-01-13 00:00:00,3.127575,-0.47835222,0,0.0001,-0.47835222,0
2000-01-14 00:00:00,3.137352,-0.501450493,0,0.0001,-0.501450493,0
2000-01-15 00:00:00,3.117121,-0.516429298,0,0.0001,-0.516429298,0
2000-01-16 00:00:00,1.614809,-0.398969163,0,0.0001,-0.398969163,0
2000-01-17 00:00:00,3.408601,-0.552474804,0,0.0001,-0.552474804,0
2000-01-18 00:00:00,3.39798,-0.554392253,0,0.0001,-0.554392253,0
2000-01-19 00:00:00,3.19063,-0.564454411,0,0.0001,-0.564454411,0
2000-01-20 00:00:00,3.374752,-0.548298594,0,0.0001,-0.548298594,0
2000-01-21 00:00:00,3.236484,-0.540104449,0,0.0001,-0.540104449,0
2000-01-22 00:00:00,3.2209,-0.523723026,0,0.0001,-0.523723026,0
2000-01-23 00:00:00,1.662368,-0.416396453,0,0.0001,-0.416396453,0
2000-01-24 00:00:00,3.163833,-0.485061413,0,0.0001,-0.485061413,0
2000-01-25 00:00:00,3.135919,-0.459291331,0,0.0001,-0.459291331,0
2000-01-26 00:00:00,3.109022,-0.42950997,0,0.0001,-0.42950997,0
2000-01-27 00:00:00,3.07942,-0.395204256,0,0.0001,-0.395204256,0
2000-01-28 00:00:00,3.181455,-0.360790677,0,0.0001,-0.360790677,0
2000-01-29 00:00:00,3.01037,-0.325518207,0,0.0001,-0.325518207,0
2000-01-30 00:00:00,3.148986,-0.273325017,0,0.0001,-0.273325017,0
2000-01-31 00:00:00,3.098572,-0.223480862,0,0.0001,-0.223480862,0
2000-02-01 00:00:00,3.056308,-0.169889575,0,0.0001,-0.169889575,0
2000-02-02 00:00:00,3.02853,-0.113215917,0,0.0001,-0.113215917,0
2000-02-03 00:00:00,3.015525,-0.056470316,0,0.0001,-0.056470316,0
2000-02-04 00:00:00,2.971762,0.008910649,0,0.0001,0.008910649,0
2000-02-05 00:00:00,3.070331,0.074373167,0,0.0001,0.074373167,0
2000-02-06 00:00:00,1.376507,0.229762254,0,0.0001,0.229762254,0
2000-02-07 00:00:00,3.032584,0.219692724,0,0.0001,0.219692724,0
2000-02-08 00:00:00,2.818164,0.301708622,0,0.0001,0.301708622,0
2000-02-09 00:00:00,2.679755,0.387108532,0,0.0001,0.387108532,0
2000-02-10 00:00:00,2.780664,0.404515197,0,0.0001,0.404515197,0
2000-02-11 00:00:00,3.299462,0.466530951,0,0.0001,0.466530951,0
2000-02-12 00:00:00,2.902283,0.553258033,0,0.0001,0.553258033,0
2000-02-13 00:00:00,3.349255,0.663872057,0,0.0001,0.663872057,0
2000-02-14 00:00:00,1.711645,0.821193536,0,0.0001,0.821193536,0
2000-02-15 00:00:00,4.18554,0.832572686,0,0.0001,0.832572686,0
2000-02-16 00:00:00,3.857437,0.888854259,0,0.0001,0.888854259,0
2000-02-17 00:00:00,3.583386,0.993299194,0,0.0001,0.993299194,0
2000-02-18 00:00:00,3.593111,1.113146647,0,0.0001,1.113146647,0
2000-02-19 00:00:00,3.505816,1.215700447,0,0.0001,1.215700447,0
2000-02-20 00:00:00,3.825087,1.312407231,0,0.0001,1.312407231,0
2000-02-21 00:00:00,4.842211,1.396334086,0,0.0001,1.396334086,0
2000-02-22 00:00:00,6.101833,1.405638532,0,0.0001,1.405638532,0
2000-02-23 00:00:00,5.648335,1.597811205,0,0.0001,1.597811205,0
2000-02-24 00:00:00,6.926799,1.736472656,0,0.0001,1.736472656,0
2000-02-25 00:00:00,7.59483,1.828448777,0,0.0001,1.828448777,0
2000-02-26 00:00:00,7.089136,1.921707801,0,0.0001,1.921707801,0
2000-02-27 00:00:00,5.182458,2.084054406,0,0.0001,2.084054406,0
2000-02-28 00:00:00,4.894068,2.130355309,0,0.0001,2.130355309,0
2000-02-29 00:00:00,4.693992,2.183917415,0,0.0001,2.183917415,0
2000-03-01 00:00:00,4.583951,2.257287754,0,0.0001,2.257287754,0
2000-03-02 00:00:00,4.389967,2.35759208,0,0.0001,2.35759208,0
2000-03-03 00:00:00,4.235919,2.474150011,0,0.0001,2.474150011,0
2000-03-04 00:00:00,4.09234,2.605558628,0,0.0001,2.605558628,0
2000-03-05 00:00:00,3.945252,2.750691401,0,0.0001,2.750691401,0
2000-03-06 00:00:00,4.310775,2.897338242,0,0.0001,2.897338242,0
2000-03-07 00:00:00,5.749539,3.047851571,0,0.0001,3.047851571,0
2000-03-08 00:00:00,3.460737,3.245227951,0,0.0001,3.245227951,0
2000-03-09 00:00:00,3.454064,3.405810431,0,0.0001,3.405810431,0
2000-03-10 00:00:00,3.30817,3.589448861,0,0.0001,3.589448861,0
2000-03-11 00:00:00,3.168554,3.781649504,0,0.0001,3.781649504,0
2000-03-12 00:00:00,5.715061,3.955531819,0,0.0001,3.955531819,0
2000-03-13 00:00:00,5.643856,4.144365794,0,0.0001,4.144365794,0
2000-03-14 00:00:00,5.539225,4.345959289,0,0.0001,4.345959289,0
2000-03-15 00:00:00,4.213802,4.544392158,0,0.0001,4.544392158,0
2000-03-16 00:00:00,5.514311,4.736420232,0,0.0001,4.736420232,0
2000-03-17 00:00:00,5.355719,4.947340569,0,0.0001,4.947340569,0
2000-03-18 00:00:00,5.332803,5.147783072,0,0.0001,5.147783072,0
2000-03-19 00:00:00,5.711764,5.317093381,0,0.0001,5.317093381,0
2000-03-20 00:00:00,5.773778,5.514303479,0,0.0001,5.514303479,0
2000-03-21 00:00:00,5.75265,5.725756972,0,0.0001,5.725756972,0
2000-03-22 00:00:00,5.64523,5.937798397,0,0.0001,5.937798397,0
2000-03-23 00:00:00,5.472324,6.14972957,0,0.0001,6.14972957,0
2000-03-24 00:00:00,5.454647,6.347094178,0,0.0001,6.347094178,0
2000-03-25 00:00:00,5.497292,6.556672757,0,0.0001,6.556672757,0
2000-03-26 00:00:00,5.386532,6.770343266,0,0.0001,6.770343266,0
2000-03-27 00:00:00,4.010937,6.971335048,0,0.0001,6.971335048,0
2000-03-28 00:00:00,5.069394,7.197443317,0,0.0001,7.197443317,0
2000-03-29 00:00:00,5.04787,7.419513308,0,0.0001,7.419513308,0
2000-03-30 00:00:00,4.961834,7.644793004,0,0.0001,7.644793004,0
2000-03-31 00:00:00,4.853421,7.872916876,0,0.0001,7.872916876,0
2000-04-01 00:00:00,4.567891,8.106439891,0,0.0001,8.106439891,0
2000-04-02 00:00:00,4.564677,8.333204251,0,0.0001,8.333204251,0
2000-04-03 00:00:00,3.09516,8.553600526,0,0.0001,8.553600526,0
2000-04-04 00:00:00,4.258287,8.801914697,0,0.0001,8.801914697,0
2000-04-05 00:00:00,4.24882,9.033519909,0,0.0001,9.033519909,0
2000-04-06 00:00:00,4.090677,9.274206492,0,0.0001,9.274206492,0
2000-04-07 00:00:00,4.695829,9.392444263,0,0.0001,9.392444263,0
2000-04-08 00:00:00,4.697339,9.621612079,0,0.0001,9.621612079,0
2000-04-09 00:00:00,4.650396,9.871844753,0,0.0001,9.871844753,0
2000-04-10 00:00:00,4.467845,10.11169402,0,0.0001,10.11169402,0
2000-04-11 00:00:00,4.435938,10.33674736,0,0.0001,10.33674736,0
2000-04-12 00:00:00,4.454756,10.56875078,0,0.0001,10.56875078,0
2000-04-13 00:00:00,4.337155,10.81169628,0,0.0001,10.81169628,0
2000-04-14 00:00:00,4.229899,11.05773314,0,0.0001,11.05773314,0
2000-04-15 00:00:00,3.874006,11.31151365,0,0.0001,11.31151365,0
2000-04-16 00:00:00,3.787834,11.55706455,0,0.0001,11.55706455,0
2000-04-17 00:00:00,3.857763,11.77400928,0,0.0001,11.77400928,0
2000-04-18 00:00:00,3.874426,12.01548731,0,0.0001,12.01548731,0
2000-04-19 00:00:00,5.482295,11.99243071,0,0.0001,11.99243071,0
2000-04-20 00:00:00,6.934481,12.04608862,0,0.0001,12.04608862,0
2000-04-21 00:00:00,7.966934,12.26692657,0,0.0001,12.26692657,0
2000-04-22 00:00:00,8.083965,12.495708,0,0.0001,12.495708,0
2000-04-23 00:00:00,8.149433,12.60534381,0,0.0001,12.60534381,0
2000-04-24 00:00:00,6.667061,12.83540188,0,0.0001,12.83540188,0
2000-04-25 00:00:00,6.630936,13.07889559,0,0.0001,13.07889559,0
2000-04-26 00:00:00,8.036054,13.33258636,0,0.0001,13.33258636,0
2000-04-27 00:00:00,6.378584,13.54971377,0,0.0001,13.54971377,0
2000-04-28 00:00:00,7.590086,13.8012186,0,0.0001,13.8012186,0
2000-04-29 00:00:00,4.963285,13.99627798,0,0.0001,13.99627798,0
2000-04-30 00:00:00,4.9343,14.23292725,0,0.0001,14.23292725,0
2000-05-01 00:00:00,4.276184,14.4557374,0,0.0001,14.4557374,0
2000-05-02 00:00:00,4.711683,14.71879522,0,0.0001,14.71879522,0
2000-05-03 00:00:00,3.842405,14.94935556,0,0.0001,14.94935556,0
2000-05-04 00:00:00,3.604829,15.20212823,0,0.0001,15.20212823,0
2000-05-05 00:00:00,4.202308,15.46425529,0,0.0001,15.46425529,0
2000-05-06 00:00:00,5.602666,15.74726147,0,0.0001,15.74726147,0
2000-05-07 00:00:00,5.704359,15.99916412,0,0.0001,15.99916412,0
2000-05-08 00:00:00,3.008245,16.14836833,0,0.0001,16.14836833,0
2000-05-09 00:00:00,3.157959,16.31474775,0,0.0001,16.31474775,0
2000-05-10 00:00:00,5.973743,16.63802518,0,0.0001,16.63802518,0
2000-05-11 00:00:00,6.081974,16.83602033,0,0.0001,16.83602033,0
2000-05-12 00:00:00,3.671379,16.89613859,0,0.0001,16.89613859,0
2000-05-13 00:00:00,3.516511,17.11334793,0,0.0001,17.11334793,0
2000-05-14 00:00:00,3.35407,17.33811764,0,0.0001,17.33811764,0
2000-05-15 00:00:00,5.996571,17.7073017,0,0.0001,17.7073017,0
2000-05-16 00:00:00,5.693449,17.94487256,0,0.0001,17.94487256,0
2000-05-17 00:00:00,9.66225,17.80541864,0,0.0001,17.80541864,0
2000-05-18 00:00:00,19.63882,17.66976692,0,0.0001,17.66976692,0
2000-05-19 00:00:00,19.711871,17.82709516,0,0.0001,17.82709516,0
2000-05-20 00:00:00,17.740145,18.00327909,0,0.0001,18.00327909,0
2000-05-21 00:00:00,18.615169,18.23674504,0,0.0001,18.23674504,0
2000-05-22 00:00:00,17.544144,18.4400956,0,0.0001,18.4400956,0
2000-05-23 00:00:00,13.615516,18.62916606,0,0.0001,18.62916606,0
2000-05-24 00:00:00,12.942772,18.84181277,0,0.0001,18.84181277,0
2000-05-25 00:00:00,18.348783,19.07827035,0,0.0001,19.07827035,0
2000-05-26 00:00:00,17.750983,19.29059048,0,0.0001,19.29059048,0
2000-05-27 00:00:00,15.618059,19.44657704,0,0.0001,19.44657704,0
2000-05-28 00:00:00,19.431935,19.64540173,0,0.0001,19.64540173,0
2000-05-29 00:00:00,18.601135,19.8685804,0,0.0001,19.8685804,0
2000-05-30 00:00:00,19.435975,20.03488379,0,0.0001,20.03488379,0
2000-05-31 00:00:00,22.133629,20.36457107,0,0.0001,20.36457107,0
2000-06-01 00:00:00,43.736871,20.14752758,0,0.0001,20.14752758,0
2000-06-02 00:00:00,53.52179,20.22440816,0,0.0001,20.22440816,0
2000-06-03 00:00:00,52.442118,20.36486689,0,0.0001,20.36486689,0
2000-06-04 00:00:00,54.275696,20.47831653,0,0.0001,20.47831653,0
2000-06-05 00:00:00,52.677674,20.60206105,0,0.0001,20.60206105,0
2000-06-06 00:00:00,54.337741,20.78132955,0,0.0001,20.78132955,0
2000-06-07 00:00:00,52.533014,20.97571496,0,0.0001,20.97571496,0
2000-06-08 00:00:00,49.146167,21.18680099,0,0.0001,21.18680099,0
2000-06-09 00:00:00,45.355195,21.40956646,0,0.0001,21.40956646,0
2000-06-10 00:00:00,41.519614,21.63928266,0,0.0001,21.63928266,0
2000-06-11 00:00:00,38.261841,21.86516716,0,0.0001,21.86516716,0
2000-06-12 00:00:00,35.721866,22.09076709,0,0.0001,22.09076709,0
2000-06-13 00:00:00,42.414299,22.12137827,0,0.0001,22.12137827,0
2000-06-14 00:00:00,44.07538,22.26215217,0,0.0001,22.26215217,0
2000-06-15 00:00:00,42.643269,22.44346577,0,0.0001,22.44346577,0
2000-06-16 00:00:00,40.241823,22.63774476,0,0.0001,22.63774476,0
2000-06-17 00:00:00,36.815293,22.8567039,0,0.0001,22.8567039,0
2000-06-18 00:00:00,33.670241,23.07353317,0,0.0001,23.07353317,0
2000-06-19 00:00:00,30.944043,23.28434992,0,0.0001,23.28434992,0
2000-06-20 00:00:00,31.76526,23.37333717,0,0.0001,23.37333717,0
2000-06-21 00:00:00,28.996244,23.60592848,0,0.0001,23.60592848,0
2000-06-22 00:00:00,26.442603,23.83103243,0,0.0001,23.83103243,0
2000-06-23 00:00:00,30.109024,23.53028945,0,0.0001,23.53028945,0
2000-06-24 00:00:00,29.194221,23.65296669,0,0.0001,23.65296669,0
2000-06-25 00:00:00,27.920476,23.78960981,0,0.0001,23.78960981,0
2000-06-26 00:00:00,26.043144,23.93655977,0,0.0001,23.93655977,0
2000-06-27 00:00:00,24.246014,24.08003684,0,0.0001,24.08003684,0
2000-06-28 00:00:00,23.207991,24.19250037,0,0.0001,24.19250037,0
2000-06-29 00:00:00,21.954633,24.3190957,0,0.0001,24.3190957,0
2000-06-30 00:00:00,20.344904,24.4514109,0,0.0001,24.4514109,0
2000-07-01 00:00:00,18.898124,24.5769109,0,0.0001,24.5769109,0
2000-07-02 00:00:00,19.80089,24.59101796,0,0.0001,24.59101796,0
2000-07-03 00:00:00,20.327559,24.61648092,0,0.0001,24.61648092,0
2000-07-04 00:00:00,19.067192,24.72317996,0,0.0001,24.72317996,0
2000-07-05 00:00:00,18.075562,24.81393293,0,0.0001,24.81393293,0
2000-07-06 00:00:00,17.127889,24.90380348,0,0.0001,24.90380348,0
2000-07-07 00:00:00,16.058422,24.99923054,0,0.0001,24.99923054,0
2000-07-08 00:00:00,15.092265,25.09138723,0,0.0001,25.09138723,0
2000-07-09 00:00:00,15.535912,25.09182691,0,0.0001,25.09182691,0
2000-07-10 00:00:00,18.404203,24.98978504,0,0.0001,24.98978504,0
2000-07-11 00:00:00,17.031664,25.09755768,0,0.0001,25.09755768,0
2000-07-12 00:00:00,16.282826,25.15516937,0,0.0001,25.15516937,0
2000-07-13 00:00:00,15.209141,25.2092499,0,0.0001,25.2092499,0
2000-07-14 00:00:00,14.131515,25.27466946,0,0.0001,25.27466946,0
2000-07-15 00:00:00,13.106395,25.33746427,0,0.0001,25.33746427,0
2000-07-16 00:00:00,5.980405,25.29698697,0,0.0001,25.29698697,0
2000-07-17 00:00:00,6.513206,25.37678017,0,0.0001,25.37678017,0
2000-07-18 00:00:00,10.399788,25.48394492,0,0.0001,25.48394492,0
2000-07-19 00:00:00,6.745991,25.48280478,0,0.0001,25.48280478,0
2000-07-20 00:00:00,5.98266,25.50044246,0,0.0001,25.50044246,0
2000-07-21 00:00:00,6.758546,25.54827786,0,0.0001,25.54827786,0
2000-07-22 00:00:00,4.469331,25.53231603,0,0.0001,25.53231603,0
2000-07-23 00:00:00,6.799625,25.61045061,0,0.0001,25.61045061,0
2000-07-24 00:00:00,7.543198,25.64328664,0,0.0001,25.64328664,0
2000-07-25 00:00:00,7.843325,25.67676962,0,0.0001,25.67676962,0
2000-07-26 00:00:00,7.64389,25.67064158,0,0.0001,25.67064158,0
2000-07-27 00:00:00,5.888141,25.66011841,0,0.0001,25.66011841,0
2000-07-28 00:00:00,6.896626,25.68524616,0,0.0001,25.68524616,0
2000-07-29 00:00:00,6.725912,25.66620198,0,0.0001,25.66620198,0
2000-07-30 00:00:00,6.583564,25.6419336,0,0.0001,25.6419336,0
2000-07-31 00:00:00,6.42403,25.61954794,0,0.0001,25.61954794,0
2000-08-01 00:00:00,4.609061,25.45325414,0,0.0001,25.45325414,0
2000-08-02 00:00:00,2.744806,25.31242171,0,0.0001,25.31242171,0
2000-08-03 00:00:00,6.223804,25.46137612,0,0.0001,25.46137612,0
2000-08-04 00:00:00,5.900497,25.43985923,0,0.0001,25.43985923,0
2000-08-05 00:00:00,8.351407,24.99437374,0,0.0001,24.99437374,0
2000-08-06 00:00:00,6.763965,24.87540306,0,0.0001,24.87540306,0
2000-08-07 00:00:00,7.834117,24.90642831,0,0.0001,24.90642831,0
2000-08-08 00:00:00,4.314847,24.6925085,0,0.0001,24.6925085,0
2000-08-09 00:00:00,3.853566,24.62536347,0,0.0001,24.62536347,0
2000-08-10 00:00:00,3.428266,24.58973584,0,0.0001,24.58973584,0
2000-08-11 00:00:00,6.064919,24.6951362,0,0.0001,24.6951362,0
2000-08-12 00:00:00,4.199675,24.55840728,0,0.0001,24.55840728,0
2000-08-13 00:00:00,4.157065,24.45906806,0,0.0001,24.45906806,0
2000-08-14 00:00:00,2.675894,24.3413998,0,0.0001,24.3413998,0
2000-08-15 00:00:00,5.997865,24.41165283,0,0.0001,24.41165283,0
2000-08-16 00:00:00,5.981177,24.28117273,0,0.0001,24.28117273,0
2000-08-17 00:00:00,4.208288,23.83954675,0,0.0001,23.83954675,0
2000-08-18 00:00:00,4.034546,23.80526299,0,0.0001,23.80526299,0
2000-08-19 00:00:00,3.812097,23.70704107,0,0.0001,23.70704107,0
2000-08-20 00:00:00,5.067092,23.67318448,0,0.0001,23.67318448,0
2000-08-21 00:00:00,6.345348,23.62041672,0,0.0001,23.62041672,0
2000-08-22 00:00:00,6.136138,23.4990437,0,0.0001,23.4990437,0
2000-08-23 00:00:00,4.406605,23.35694328,0,0.0001,23.35694328,0
2000-08-24 00:00:00,5.855855,23.31113574,0,0.0001,23.31113574,0
2000-08-25 00:00:00,5.556129,23.21246244,0,0.0001,23.21246244,0
2000-08-26 00:00:00,4.327215,22.87586578,0,0.0001,22.87586578,0
2000-08-27 00:00:00,5.712632,22.82832316,0,0.0001,22.82832316,0
2000-08-28 00:00:00,3.947518,22.68736286,0,0.0001,22.68736286,0
2000-08-29 00:00:00,5.196669,22.60003299,0,0.0001,22.60003299,0
2000-08-30 00:00:00,4.93519,22.47378195,0,0.0001,22.47378195,0
2000-08-31 00:00:00,3.11185,22.29487364,0,0.0001,22.29487364,0
2000-09-01 00:00:00,5.036629,22.21780939,0,0.0001,22.21780939,0
2000-09-02 00:00:00,2.638178,22.01164662,0,0.0001,22.01164662,0
2000-09-03 00:00:00,2.503993,21.71513375,0,0.0001,21.71513375,0
2000-09-04 00:00:00,2.306532,21.61327689,0,0.0001,21.61327689,0
2000-09-05 00:00:00,2.655816,21.5152204,0,0.0001,21.5152204,0
2000-09-06 00:00:00,3.951721,21.42008379,0,0.0001,21.42008379,0
2000-09-07 00:00:00,1.883805,21.18827745,0,0.0001,21.18827745,0
2000-09-08 00:00:00,3.565974,21.12415697,0,0.0001,21.12415697,0
2000-09-09 00:00:00,4.222516,20.98161384,0,0.0001,20.98161384,0
2000-09-10 00:00:00,4.205645,20.77916332,0,0.0001,20.77916332,0
2000-09-11 00:00:00,3.349701,20.15846075,0,0.0001,20.15846075,0
2000-09-12 00:00:00,6.858124,20.0947019,0,0.0001,20.0947019,0
2000-09-13 00:00:00,3.665704,19.83317678,0,0.0001,19.83317678,0
2000-09-14 00:00:00,3.997017,19.62594833,0,0.0001,19.62594833,0
2000-09-15 00:00:00,3.720814,19.46790391,0,0.0001,19.46790391,0
2000-09-16 00:00:00,3.440149,19.3024234,0,0.0001,19.3024234,0
2000-09-17 00:00:00,3.207979,19.12950656,0,0.0001,19.12950656,0
2000-09-18 00:00:00,5.823457,19.01051759,0,0.0001,19.01051759,0
2000-09-19 00:00:00,2.982582,18.75035632,0,0.0001,18.75035632,0
2000-09-20 00:00:00,5.960067,18.56083948,0,0.0001,18.56083948,0
2000-09-21 00:00:00,5.87796,18.37577717,0,0.0001,18.37577717,0
2000-09-22 00:00:00,5.709601,18.02839565,0,0.0001,18.02839565,0
2000-09-23 00:00:00,4.623657,17.79947014,0,0.0001,17.79947014,0
2000-09-24 00:00:00,4.636216,17.60835165,0,0.0001,17.60835165,0
2000-09-25 00:00:00,4.542219,17.39927249,0,0.0001,17.39927249,0
2000-09-26 00:00:00,4.423418,17.18757063,0,0.0001,17.18757063,0
2000-09-27 00:00:00,3.955825,16.97821247,0,0.0001,16.97821247,0
2000-09-28 00:00:00,4.197856,16.77301884,0,0.0001,16.77301884,0
2000-09-29 00:00:00,3.479125,16.56573868,0,0.0001,16.56573868,0
2000-09-30 00:00:00,6.343451,16.36972231,0,0.0001,16.36972231,0
2000-10-01 00:00:00,5.187169,16.16479343,0,0.0001,16.16479343,0
2000-10-02 00:00:00,4.99296,15.96389733,0,0.0001,15.96389733,0
2000-10-03 00:00:00,5.016721,15.75413047,0,0.0001,15.75413047,0
2000-10-04 00:00:00,5.828881,15.52896568,0,0.0001,15.52896568,0
2000-10-05 00:00:00,2.804884,15.30988261,0,0.0001,15.30988261,0
2000-10-06 00:00:00,2.785659,15.09055879,0,0.0001,15.09055879,0
2000-10-07 00:00:00,3.457495,14.89437403,0,0.0001,14.89437403,0
2000-10-08 00:00:00,3.343329,14.69239492,0,0.0001,14.69239492,0
2000-10-09 00:00:00,3.171484,14.48877458,0,0.0001,14.48877458,0
2000-10-10 00:00:00,2.289892,14.28555095,0,0.0001,14.28555095,0
2000-10-11 00:00:00,4.301193,14.08536572,0,0.0001,14.08536572,0
2000-10-12 00:00:00,4.095566,13.88425008,0,0.0001,13.88425008,0
2000-10-13 00:00:00,3.888719,13.68344326,0,0.0001,13.68344326,0
2000-10-14 00:00:00,3.67845,13.48388376,0,0.0001,13.48388376,0
2000-10-15 00:00:00,2.028049,13.2818748,0,0.0001,13.2818748,0
2000-10-16 00:00:00,4.097031,13.08235813,0,0.0001,13.08235813,0
2000-10-17 00:00:00,3.329559,12.87584017,0,0.0001,12.87584017,0
2000-10-18 00:00:00,1.612874,12.66651257,0,0.0001,12.66651257,0
2000-10-19 00:00:00,2.942221,12.47216485,0,0.0001,12.47216485,0
2000-10-20 00:00:00,1.350113,12.27016017,0,0.0001,12.27016017,0
2000-10-21 00:00:00,2.595312,12.0789741,0,0.0001,12.0789741,0
2000-10-22 00:00:00,3.374347,11.8814539,0,0.0001,11.8814539,0
2000-10-23 00:00:00,2.588715,11.62885345,0,0.0001,11.62885345,0
2000-10-24 00:00:00,3.493051,11.39155261,0,0.0001,11.39155261,0
2000-10-25 00:00:00,3.403694,11.19549874,0,0.0001,11.19549874,0
2000-10-26 00:00:00,1.195638,11.0065141,0,0.0001,11.0065141,0
2000-10-27 00:00:00,1.142605,10.80957365,0,0.0001,10.80957365,0
2000-10-28 00:00:00,1.088246,10.61000237,0,0.0001,10.61000237,0
2000-10-29 00:00:00,1.936048,10.40236931,0,0.0001,10.40236931,0
2000-10-30 00:00:00,1.035936,10.20783659,0,0.0001,10.20783659,0
2000-10-31 00:00:00,2.928085,9.997272427,0,0.0001,9.997272427,0
2000-11-01 00:00:00,0.971375,9.812754421,0,0.0001,9.812754421,0
2000-11-02 00:00:00,0.961986,9.613300518,0,0.0001,9.613300518,0
2000-11-03 00:00:00,0.906771,9.417104377,0,0.0001,9.417104377,0
2000-11-04 00:00:00,0.872652,9.222490413,0,0.0001,9.222490413,0
2000-11-05 00:00:00,2.64471,9.008186076,0,0.0001,9.008186076,0
2000-11-06 00:00:00,1.351089,8.782028552,0,0.0001,8.782028552,0
2000-11-07 00:00:00,3.914464,8.259587911,0,0.0001,8.259587911,0
2000-11-08 00:00:00,1.706235,8.219535461,0,0.0001,8.219535461,0
2000-11-09 00:00:00,2.059154,8.116381726,0,0.0001,8.116381726,0
2000-11-10 00:00:00,2.176223,7.921740426,0,0.0001,7.921740426,0
2000-11-11 00:00:00,3.794509,7.535058409,0,0.0001,7.535058409,0
2000-11-12 00:00:00,2.298055,7.400543935,0,0.0001,7.400543935,0
2000-11-13 00:00:00,1.914636,7.211421454,0,0.0001,7.211421454,0
2000-11-14 00:00:00,3.931079,6.854702623,0,0.0001,6.854702623,0
2000-11-15 00:00:00,3.76995,6.649971938,0,0.0001,6.649971938,0
2000-11-16 00:00:00,2.025366,6.554624844,0,0.0001,6.554624844,0
2000-11-17 00:00:00,1.982711,6.329269084,0,0.0001,6.329269084,0
2000-11-18 00:00:00,4.022972,5.999647429,0,0.0001,5.999647429,0
2000-11-19 00:00:00,1.856971,5.925619639,0,0.0001,5.925619639,0
2000-11-20 00:00:00,1.830358,5.725527977,0,0.0001,5.725527977,0
2000-11-21 00:00:00,2.410775,5.473853253,0,0.0001,5.473853253,0
2000-11-22 00:00:00,2.387723,5.280852053,0,0.0001,5.280852053,0
2000-11-23 00:00:00,2.352177,5.093163432,0,0.0001,5.093163432,0
2000-11-24 00:00:00,3.802278,4.853061841,0,0.0001,4.853061841,0
2000-11-25 00:00:00,2.275917,4.72475759,0,0.0001,4.72475759,0
2000-11-26 00:00:00,2.253816,4.545601635,0,0.0001,4.545601635,0
2000-11-27 00:00:00,3.620843,4.323504515,0,0.0001,4.323504515,0
2000-11-28 00:00:00,3.514191,4.155924555,0,0.0001,4.155924555,0
2000-11-29 00:00:00,2.305669,4.052544438,0,0.0001,4.052544438,0
2000-11-30 00:00:00,3.704132,3.805233479,0,0.0001,3.805233479,0
2000-12-01 00:00:00,1.692731,3.795180204,0,0.0001,3.795180204,0
2000-12-02 00:00:00,3.756988,3.499091693,0,0.0001,3.499091693,0
2000-12-03 00:00:00,3.684413,3.349664225,0,0.0001,3.349664225,0
2000-12-04 00:00:00,1.577857,3.33807114,0,0.0001,3.33807114,0
2000-12-05 00:00:00,1.547591,3.190000521,0,0.0001,3.190000521,0
2000-12-06 00:00:00,3.479921,2.902663125,0,0.0001,2.902663125,0
2000-12-07 00:00:00,1.462454,2.899360354,0,0.0001,2.899360354,0
2000-12-08 00:00:00,3.494424,2.62356507,0,0.0001,2.62356507,0
2000-12-09 00:00:00,3.306231,2.480180417,0,0.0001,2.480180417,0
2000-12-10 00:00:00,3.282066,2.344490824,0,0.0001,2.344490824,0
2000-12-11 00:00:00,2.653201,2.234061871,0,0.0001,2.234061871,0
2000-12-12 00:00:00,3.48439,2.093893097,0,0.0001,2.093893097,0
2000-12-13 00:00:00,3.31889,1.966241507,0,0.0001,1.966241507,0
2000-12-14 00:00:00,3.433252,1.848754844,0,0.0001,1.848754844,0
2000-12-15 00:00:00,3.230071,1.725611533,0,0.0001,1.725611533,0
2000-12-16 00:00:00,3.392197,1.617684107,0,0.0001,1.617684107,0
2000-12-17 00:00:00,3.293208,1.501748658,0,0.0001,1.501748658,0
2000-12-18 00:00:00,3.061305,1.388448975,0,0.0001,1.388448975,0
2000-12-19 00:00:00,3.32959,1.287570289,0,0.0001,1.287570289,0
2000-12-20 00:00:00,3.096062,1.18208689,0,0.0001,1.18208689,0
2000-12-21 00:00:00,3.437591,1.090840413,0,0.0001,1.090840413,0
2000-12-22 00:00:00,3.287351,0.98906753,0,0.0001,0.98906753,0
2000-12-23 00:00:00,3.298093,0.90402465,0,0.0001,0.90402465,0
2000-12-24 00:00:00,3.36194,0.812193039,0,0.0001,0.812193039,0
2000-12-25 00:00:00,3.321835,0.726071864,0,0.0001,0.726071864,0
2000-12-26 00:00:00,1.1616,0.810955939,0,0.0001,0.810955939,0
2000-12-27 00:00:00,1.153641,0.732517268,0,0.0001,0.732517268,0
2000-12-28 00:00:00,1.137118,0.575812477,0,0.0001,0.575812477,0
2000-12-29 00:00:00,1.106822,0.581467863,0,0.0001,0.581467863,0
2000-12-30 00:00:00,1.146509,0.519895611,0,0.0001,0.519895611,0
2000-12-31 00:00:00,1.137332,0.451644613,0,0.0001,0.451644613,0
2001-01-01 00:00:00,1.133491,0.389009729,0,0.0001,0.389009729,0
2001-01-02 00:00:00,1.124655,0.327883615,0,0.0001,0.327883615,0
2001-01-03 00:00:00,1.119654,0.271371431,0,0.0001,0.271371431,0
2001-01-04 00:00:00,1.113912,0.216907873,0,0.0001,0.216907873,0
2001-01-05 00:00:00,1.114863,0.167640423,0,0.0001,0.167640423,0
2001-01-06 00:00:00,1.104976,0.119308362,0,0.0001,0.119308362,0
2001-01-07 00:00:00,1.101059,0.075341861,0,0.0001,0.075341861,0
2001-01-08 00:00:00,1.09532,0.033685621,0,0.0001,0.033685621,0
2001-01-09 00:00:00,1.09355,-0.004068772,0,0.0001,-0.004068772,0
2001-01-10 00:00:00,1.092871,-0.037586737,0,0.0001,-0.037586737,0
2001-01-11 00:00:00,1.091284,-0.068246689,0,0.0001,-0.068246689,0
2001-01-12 00:00:00,1.72593,-0.190018664,0,0.0001,-0.190018664,0
2001-01-13 00:00:00,1.068349,-0.126436342,0,0.0001,-0.126436342,0
2001-01-14 00:00:00,1.199855,-0.142366572,0,0.0001,-0.142366572,0
2001-01-15 00:00:00,1.234352,-0.1790745,0,0.0001,-0.1790745,0
2001-01-16 00:00:00,1.239561,-0.180461426,0,0.0001,-0.180461426,0
2001-01-17 00:00:00,1.237425,-0.184096747,0,0.0001,-0.184096747,0
2001-01-18 00:00:00,1.239223,-0.190752514,0,0.0001,-0.190752514,0
2001-01-19 00:00:00,1.238031,-0.197746201,0,0.0001,-0.197746201,0
2001-01-20 00:00:00,1.234488,-0.203733852,0,0.0001,-0.203733852,0
2001-01-21 00:00:00,1.229821,-0.205870402,0,0.0001,-0.205870402,0
2001-01-22 00:00:00,1.223249,-0.203892462,0,0.0001,-0.203892462,0
2001-01-23 00:00:00,1.218159,-0.196795505,0,0.0001,-0.196795505,0
2001-01-24 00:00:00,1.208524,-0.186731236,0,0.0001,-0.186731236,0
2001-01-25 00:00:00,1.202292,-0.172594911,0,0.0001,-0.172594911,0
2001-01-26 00:00:00,1.158195,-0.163227691,0,0.0001,-0.163227691,0
2001-01-27 00:00:00,1.515994,-0.178124862,0,0.0001,-0.178124862,0
2001-01-28 00:00:00,3.000626,-0.24019632,0,0.0001,-0.24019632,0
2001-01-29 00:00:00,1.993734,0.090187672,0,0.0001,0.090187672,0
2001-01-30 00:00:00,2.733263,-0.085867012,0,0.0001,-0.085867012,0
2001-01-31 00:00:00,2.625086,-0.009966983,0,0.0001,-0.009966983,0
2001-02-01 00:00:00,4.097262,-0.153790708,0,0.0001,-0.153790708,0
2001-02-02 00:00:00,4.802735,-0.184517097,0,0.0001,-0.184517097,0
2001-02-03 00:00:00,4.28719,-0.153673257,0,0.0001,-0.153673257,0
2001-02-04 00:00:00,4.63934,-0.144276453,0,0.0001,-0.144276453,0
2001-02-05 00:00:00,4.305508,-0.097407878,0,0.0001,-0.097407878,0
2001-02-06 00:00:00,4.51102,-0.0625028,0,0.0001,-0.0625028,0
2001-02-07 00:00:00,4.258576,-0.017824499,0,0.0001,-0.017824499,0
2001-02-08 00:00:00,4.634096,0.067274166,0,0.0001,0.067274166,0
2001-02-09 00:00:00,7.090475,0.099505783,0,0.0001,0.099505783,0
2001-02-10 00:00:00,6.915919,0.143729879,0,0.0001,0.143729879,0
2001-02-11 00:00:00,6.832887,0.213240996,0,0.0001,0.213240996,0
2001-02-12 00:00:00,6.763535,0.264318144,0,0.0001,0.264318144,0
2001-02-13 00:00:00,6.719108,0.316207736,0,0.0001,0.316207736,0
2001-02-14 00:00:00,6.48501,0.372971571,0,0.0001,0.372971571,0
2001-02-15 00:00:00,6.415183,0.450784044,0,0.0001,0.450784044,0
2001-02-16 00:00:00,6.273472,0.537681426,0,0.0001,0.537681426,0
2001-02-17 00:00:00,6.129868,0.633463549,0,0.0001,0.633463549,0
2001-02-18 00:00:00,6.020973,0.737572852,0,0.0001,0.737572852,0
2001-02-19 00:00:00,5.940964,0.850338011,0,0.0001,0.850338011,0
2001-02-20 00:00:00,5.818102,0.96774972,0,0.0001,0.96774972,0
2001-02-21 00:00:00,5.670797,1.090727652,0,0.0001,1.090727652,0
2001-02-22 00:00:00,5.619556,1.220264631,0,0.0001,1.220264631,0
2001-02-23 00:00:00,5.447277,1.351318702,0,0.0001,1.351318702,0
2001-02-24 00:00:00,6.729997,1.507415735,0,0.0001,1.507415735,0
2001-02-25 00:00:00,7.361509,1.571358634,0,0.0001,1.571358634,0
2001-02-26 00:00:00,6.933546,1.717846912,0,0.0001,1.717846912,0
2001-02-27 00:00:00,6.888663,1.863084217,0,0.0001,1.863084217,0
2001-02-28 00:00:00,6.814173,1.997553716,0,0.0001,1.997553716,0
2001-03-01 00:00:00,7.48147,2.129157654,0,0.0001,2.129157654,0
2001-03-02 00:00:00,8.53564,2.257195155,0,0.0001,2.257195155,0
2001-03-03 00:00:00,7.090543,2.489576145,0,0.0001,2.489576145,0
2001-03-04 00:00:00,9.466283,2.485219598,0,0.0001,2.485219598,0
2001-03-05 00:00:00,8.278404,2.648757332,0,0.0001,2.648757332,0
2001-03-06 00:00:00,9.605293,2.728572084,0,0.0001,2.728572084,0
2001-03-07 00:00:00,9.325683,2.849990204,0,0.0001,2.849990204,0
2001-03-08 00:00:00,9.013816,2.987135462,0,0.0001,2.987135462,0
2001-03-09 00:00:00,8.777791,3.137311733,0,0.0001,3.137311733,0
2001-03-10 00:00:00,8.964005,3.295843696,0,0.0001,3.295843696,0
2001-03-11 00:00:00,8.83426,3.453183891,0,0.0001,3.453183891,0
2001-03-12 00:00:00,10.166884,3.616158569,0,0.0001,3.616158569,0
2001-03-13 00:00:00,10.320437,3.768794597,0,0.0001,3.768794597,0
2001-03-14 00:00:00,12.569305,3.943729457,0,0.0001,3.943729457,0
2001-03-15 00:00:00,12.962864,4.111260684,0,0.0001,4.111260684,0
2001-03-16 00:00:00,13.691215,4.383917028,0,0.0001,4.383917028,0
2001-03-17 00:00:00,13.730519,4.570110199,0,0.0001,4.570110199,0
2001-03-18 00:00:00,12.960031,4.710462655,0,0.0001,4.710462655,0
2001-03-19 00:00:00,12.195695,4.857085465,0,0.0001,4.857085465,0
2001-03-20 00:00:00,11.68436,5.017053089,0,0.0001,5.017053089,0
2001-03-21 00:00:00,11.303737,5.189473933,0,0.0001,5.189473933,0
2001-03-22 00:00:00,11.012359,5.375931949,0,0.0001,5.375931949,0
2001-03-23 00:00:00,10.675939,5.574345822,0,0.0001,5.574345822,0
2001-03-24 00:00:00,10.325513,5.781742535,0,0.0001,5.781742535,0
2001-03-25 00:00:00,10.063025,5.996417102,0,0.0001,5.996417102,0
2001-03-26 00:00:00,9.794424,6.216800133,0,0.0001,6.216800133,0
2001-03-27 00:00:00,9.56041,6.441875889,0,0.0001,6.441875889,0
2001-03-28 00:00:00,9.308704,6.669616096,0,0.0001,6.669616096,0
2001-03-29 00:00:00,9.086709,6.895508949,0,0.0001,6.895508949,0
2001-03-30 00:00:00,8.802093,7.130618944,0,0.0001,7.130618944,0
2001-03-31 00:00:00,8.817521,7.354060454,0,0.0001,7.354060454,0
2001-04-01 00:00:00,8.790817,7.579940179,0,0.0001,7.579940179,0
2001-04-02 00:00:00,8.439868,7.821783932,0,0.0001,7.821783932,0
2001-04-03 00:00:00,8.245122,8.06040914,0,0.0001,8.06040914,0
2001-04-04 00:00:00,7.992704,8.30062678,0,0.0001,8.30062678,0
2001-04-05 00:00:00,8.508406,8.490922725,0,0.0001,8.490922725,0
2001-04-06 00:00:00,8.951245,8.685204424,0,0.0001,8.685204424,0
2001-04-07 00:00:00,8.813101,8.92384689,0,0.0001,8.92384689,0
2001-04-08 00:00:00,9.421039,9.140790669,0,0.0001,9.140790669,0
2001-04-09 00:00:00,11.928409,9.254800394,0,0.0001,9.254800394,0
2001-04-10 00:00:00,11.613602,9.494387039,0,0.0001,9.494387039,0
2001-04-11 00:00:00,13.519324,9.652115205,0,0.0001,9.652115205,0
2001-04-12 00:00:00,13.405348,9.858212279,0,0.0001,9.858212279,0
2001-04-13 00:00:00,13.117207,10.07425891,0,0.0001,10.07425891,0
2001-04-14 00:00:00,12.777745,10.28996976,0,0.0001,10.28996976,0
2001-04-15 00:00:00,12.470248,10.50553043,0,0.0001,10.50553043,0
2001-04-16 00:00:00,12.315505,10.72265774,0,0.0001,10.72265774,0
2001-04-17 00:00:00,12.143546,10.94966374,0,0.0001,10.94966374,0
2001-04-18 00:00:00,11.803871,11.18392104,0,0.0001,11.18392104,0
2001-04-19 00:00:00,11.64974,11.4167043,0,0.0001,11.4167043,0
2001-04-20 00:00:00,13.017247,11.59330634,0,0.0001,11.59330634,0
2001-04-21 00:00:00,13.417604,11.81352046,0,0.0001,11.81352046,0
2001-04-22 00:00:00,12.845698,12.06147529,0,0.0001,12.06147529,0
2001-04-23 00:00:00,12.710215,12.30067367,0,0.0001,12.30067367,0
2001-04-24 00:00:00,12.305252,12.54626021,0,0.0001,12.54626021,0
2001-04-25 00:00:00,11.941527,12.79214941,0,0.0001,12.79214941,0
2001-04-26 00:00:00,10.732622,13.04133247,0,0.0001,13.04133247,0
2001-04-27 00:00:00,10.373599,13.29052091,0,0.0001,13.29052091,0
2001-04-28 00:00:00,10.460867,13.54954512,0,0.0001,13.54954512,0
2001-04-29 00:00:00,10.058714,13.80493479,0,0.0001,13.80493479,0
2001-04-30 00:00:00,9.548218,14.06335745,0,0.0001,14.06335745,0
2001-05-01 00:00:00,9.393672,14.30101549,0,0.0001,14.30101549,0
2001-05-02 00:00:00,9.137557,14.55127301,0,0.0001,14.55127301,0
2001-05-03 00:00:00,7.747516,14.68121574,0,0.0001,14.68121574,0
2001-05-04 00:00:00,9.834449,14.89080156,0,0.0001,14.89080156,0
2001-05-05 00:00:00,10.684423,15.13877683,0,0.0001,15.13877683,0
2001-05-06 00:00:00,10.761777,15.36770061,0,0.0001,15.36770061,0
2001-05-07 00:00:00,8.896968,15.50399906,0,0.0001,15.50399906,0
2001-05-08 00:00:00,11.271428,15.79405362,0,0.0001,15.79405362,0
2001-05-09 00:00:00,10.73821,16.03927895,0,0.0001,16.03927895,0
2001-05-10 00:00:00,10.281882,16.17290796,0,0.0001,16.17290796,0
2001-05-11 00:00:00,9.622586,16.33121702,0,0.0001,16.33121702,0
2001-05-12 00:00:00,7.96471,16.54888888,0,0.0001,16.54888888,0
2001-05-13 00:00:00,10.725692,16.83566451,0,0.0001,16.83566451,0
2001-05-14 00:00:00,11.354778,17.08081739,0,0.0001,17.08081739,0
2001-05-15 00:00:00,10.098781,17.30729197,0,0.0001,17.30729197,0
2001-05-16 00:00:00,9.601743,17.54852156,0,0.0001,17.54852156,0
2001-05-17 00:00:00,6.046778,17.74596799,0,0.0001,17.74596799,0
2001-05-18 00:00:00,5.600938,17.98304837,0,0.0001,17.98304837,0
2001-05-19 00:00:00,8.96924,18.26849978,0,0.0001,18.26849978,0
2001-05-20 00:00:00,8.672372,18.48156934,0,0.0001,18.48156934,0
2001-05-21 00:00:00,12.490816,18.42846468,0,0.0001,18.42846468,0
2001-05-22 00:00:00,11.957456,18.68229835,0,0.0001,18.68229835,0
2001-05-23 00:00:00,13.028735,18.8289432,0,0.0001,18.8289432,0
2001-05-24 00:00:00,11.527135,19.02250365,0,0.0001,19.02250365,0
2001-05-25 00:00:00,12.732733,19.24471401,0,0.0001,19.24471401,0
2001-05-26 00:00:00,11.566527,19.45145184,0,0.0001,19.45145184,0
2001-05-27 00:00:00,11.296291,19.67053977,0,0.0001,19.67053977,0
2001-05-28 00:00:00,11.487243,19.89571729,0,0.0001,19.89571729,0
2001-05-29 00:00:00,10.917023,20.11252885,0,0.0001,20.11252885,0
2001-05-30 00:00:00,10.453019,20.32398483,0,0.0001,20.32398483,0
2001-05-31 00:00:00,10.421555,20.49452411,0,0.0001,20.49452411,0
2001-06-01 00:00:00,12.090551,20.56800644,0,0.0001,20.56800644,0
2001-06-02 00:00:00,12.405238,20.73377729,0,0.0001,20.73377729,0
2001-06-03 00:00:00,12.088368,20.9289657,0,0.0001,20.9289657,0
2001-06-04 00:00:00,11.903637,21.1070247,0,0.0001,21.1070247,0
2001-06-05 00:00:00,14.358913,21.15157156,0,0.0001,21.15157156,0
2001-06-06 00:00:00,13.733125,21.35520331,0,0.0001,21.35520331,0
2001-06-07 00:00:00,13.364701,21.53866303,0,0.0001,21.53866303,0
2001-06-08 00:00:00,12.950499,21.72085918,0,0.0001,21.72085918,0
2001-06-09 00:00:00,12.284078,21.91211099,0,0.0001,21.91211099,0
2001-06-10 00:00:00,11.668706,22.09990371,0,0.0001,22.09990371,0
2001-06-11 00:00:00,14.611788,22.07994027,0,0.0001,22.07994027,0
2001-06-12 00:00:00,19.476313,22.04168263,0,0.0001,22.04168263,0
2001-06-13 00:00:00,18.855134,22.21481367,0,0.0001,22.21481367,0
2001-06-14 00:00:00,23.985341,22.22233626,0,0.0001,22.22233626,0
2001-06-15 00:00:00,23.378276,22.32478836,0,0.0001,22.32478836,0
2001-06-16 00:00:00,25.179121,22.50417377,0,0.0001,22.50417377,0
2001-06-17 00:00:00,19.215405,23.02312675,0,0.0001,23.02312675,0
2001-06-18 00:00:00,21.068587,23.05298959,0,0.0001,23.05298959,0
2001-06-19 00:00:00,20.037784,23.22350332,0,0.0001,23.22350332,0
2001-06-20 00:00:00,19.433624,23.36922132,0,0.0001,23.36922132,0
2001-06-21 00:00:00,18.912876,23.51355964,0,0.0001,23.51355964,0
2001-06-22 00:00:00,18.220374,23.67542168,0,0.0001,23.67542168,0
2001-06-23 00:00:00,17.104627,23.86455855,0,0.0001,23.86455855,0
2001-06-24 00:00:00,21.822612,23.56648526,0,0.0001,23.56648526,0
2001-06-25 00:00:00,20.159016,23.71161447,0,0.0001,23.71161447,0
2001-06-26 00:00:00,19.300625,23.85688298,0,0.0001,23.85688298,0
2001-06-27 00:00:00,18.030795,24.00068972,0,0.0001,24.00068972,0
2001-06-28 00:00:00,16.799786,24.1432755,0,0.0001,24.1432755,0
2001-06-29 00:00:00,15.115269,24.28058522,0,0.0001,24.28058522,0
2001-06-30 00:00:00,9.643725,24.39688065,0,0.0001,24.39688065,0
2001-07-01 00:00:00,13.629874,24.54858866,0,0.0001,24.54858866,0
2001-07-02 00:00:00,12.724259,24.67576861,0,0.0001,24.67576861,0
2001-07-03 00:00:00,8.653629,24.77838983,0,0.0001,24.77838983,0
2001-07-04 00:00:00,10.733967,24.91134843,0,0.0001,24.91134843,0
2001-07-05 00:00:00,10.371124,25.03002272,0,0.0001,25.03002272,0
2001-07-06 00:00:00,9.654869,25.14110159,0,0.0001,25.14110159,0
2001-07-07 00:00:00,9.026359,25.24680006,0,0.0001,25.24680006,0
2001-07-08 00:00:00,8.573456,25.33703282,0,0.0001,25.33703282,0
2001-07-09 00:00:00,6.659682,25.41694306,0,0.0001,25.41694306,0
2001-07-10 00:00:00,7.458452,25.52776355,0,0.0001,25.52776355,0
2001-07-11 00:00:00,6.768297,25.61598822,0,0.0001,25.61598822,0
2001-07-12 00:00:00,6.546702,25.70181592,0,0.0001,25.70181592,0
2001-07-13 00:00:00,5.518407,25.76034047,0,0.0001,25.76034047,0
2001-07-14 00:00:00,4.885701,25.82513289,0,0.0001,25.82513289,0
2001-07-15 00:00:00,5.529378,25.91693068,0,0.0001,25.91693068,0
2001-07-16 00:00:00,5.207651,25.98711007,0,0.0001,25.98711007,0
2001-07-17 00:00:00,6.340585,25.78898336,0,0.0001,25.78898336,0
2001-07-18 00:00:00,5.926086,25.82583464,0,0.0001,25.82583464,0
2001-07-19 00:00:00,5.829916,25.86492672,0,0.0001,25.86492672,0
2001-07-20 00:00:00,5.698754,25.87025403,0,0.0001,25.87025403,0
2001-07-21 00:00:00,5.545861,25.88426277,0,0.0001,25.88426277,0
2001-07-22 00:00:00,5.334273,25.90300164,0,0.0001,25.90300164,0
2001-07-23 00:00:00,5.258293,25.88997857,0,0.0001,25.88997857,0
2001-07-24 00:00:00,2.348725,25.73770709,0,0.0001,25.73770709,0
2001-07-25 00:00:00,2.200261,25.74033134,0,0.0001,25.74033134,0
2001-07-26 00:00:00,3.421531,25.85442476,0,0.0001,25.85442476,0
2001-07-27 00:00:00,4.568569,25.90124459,0,0.0001,25.90124459,0
2001-07-28 00:00:00,4.416484,25.86663766,0,0.0001,25.86663766,0
2001-07-29 00:00:00,4.059854,25.8334836,0,0.0001,25.8334836,0
2001-07-30 00:00:00,4.202594,25.8509298,0,0.0001,25.8509298,0
2001-07-31 00:00:00,3.993433,25.84487195,0,0.0001,25.84487195,0
2001-08-01 00:00:00,7.622107,25.14256455,0,0.0001,25.14256455,0
2001-08-02 00:00:00,15.574733,24.67154908,0,0.0001,24.67154908,0
2001-08-03 00:00:00,13.995646,24.73290385,0,0.0001,24.73290385,0
2001-08-04 00:00:00,14.215348,24.67137678,0,0.0001,24.67137678,0
2001-08-05 00:00:00,11.506695,24.63305628,0,0.0001,24.63305628,0
2001-08-06 00:00:00,11.327926,24.61149223,0,0.0001,24.61149223,0
2001-08-07 00:00:00,9.565947,24.55213979,0,0.0001,24.55213979,0
2001-08-08 00:00:00,7.109384,24.47832147,0,0.0001,24.47832147,0
2001-08-09 00:00:00,6.715164,24.43051653,0,0.0001,24.43051653,0
2001-08-10 00:00:00,7.419068,24.38831847,0,0.0001,24.38831847,0
2001-08-11 00:00:00,7.230889,24.33892123,0,0.0001,24.33892123,0
2001-08-12 00:00:00,5.66438,24.24739724,0,0.0001,24.24739724,0
2001-08-13 00:00:00,5.518434,24.16525297,0,0.0001,24.16525297,0
2001-08-14 00:00:00,9.023463,24.15142691,0,0.0001,24.15142691,0
2001-08-15 00:00:00,4.863194,24.02401335,0,0.0001,24.02401335,0
2001-08-16 00:00:00,4.892645,23.91629914,0,0.0001,23.91629914,0
2001-08-17 00:00:00,6.98523,23.88403544,0,0.0001,23.88403544,0
2001-08-18 00:00:00,5.364408,23.80762971,0,0.0001,23.80762971,0
2001-08-19 00:00:00,5.185614,23.703468,0,0.0001,23.703468,0
2001-08-20 00:00:00,7.528144,23.65298665,0,0.0001,23.65298665,0
2001-08-21 00:00:00,7.183069,23.55879842,0,0.0001,23.55879842,0
2001-08-22 00:00:00,6.043674,23.41203006,0,0.0001,23.41203006,0
2001-08-23 00:00:00,6.926861,23.34382762,0,0.0001,23.34382762,0
2001-08-24 00:00:00,6.556053,23.24961068,0,0.0001,23.24961068,0
2001-08-25 00:00:00,10.81414,22.7731878,0,0.0001,22.7731878,0
2001-08-26 00:00:00,9.888228,22.62689736,0,0.0001,22.62689736,0
2001-08-27 00:00:00,6.79316,22.43757899,0,0.0001,22.43757899,0
2001-08-28 00:00:00,8.143171,22.37816321,0,0.0001,22.37816321,0
2001-08-29 00:00:00,6.459658,22.24430303,0,0.0001,22.24430303,0
2001-08-30 00:00:00,4.989987,22.10785612,0,0.0001,22.10785612,0
2001-08-31 00:00:00,5.896682,22.02277556,0,0.0001,22.02277556,0
2001-09-01 00:00:00,7.133871,21.91911211,0,0.0001,21.91911211,0
2001-09-02 00:00:00,6.745961,21.78544661,0,0.0001,21.78544661,0
2001-09-03 00:00:00,3.672839,21.60927957,0,0.0001,21.60927957,0
2001-09-04 00:00:00,4.582738,21.49060267,0,0.0001,21.49060267,0
2001-09-05 00:00:00,6.921268,21.37775286,0,0.0001,21.37775286,0
2001-09-06 00:00:00,6.570618,21.23536173,0,0.0001,21.23536173,0
2001-09-07 00:00:00,8.054603,20.93117606,0,0.0001,20.93117606,0
2001-09-08 00:00:00,9.81534,20.63519597,0,0.0001,20.63519597,0
2001-09-09 00:00:00,8.416212,20.39814738,0,0.0001,20.39814738,0
2001-09-10 00:00:00,10.145429,20.22437918,0,0.0001,20.22437918,0
2001-09-11 00:00:00,8.471107,20.03716182,0,0.0001,20.03716182,0
2001-09-12 00:00:00,6.19306,19.84047085,0,0.0001,19.84047085,0
2001-09-13 00:00:00,8.341108,19.67314728,0,0.0001,19.67314728,0
2001-09-14 00:00:00,8.158694,19.48381023,0,0.0001,19.48381023,0
2001-09-15 00:00:00,9.624058,19.29982332,0,0.0001,19.29982332,0
2001-09-16 00:00:00,9.30242,19.10944592,0,0.0001,19.10944592,0
2001-09-17 00:00:00,10.498721,18.85064032,0,0.0001,18.85064032,0
2001-09-18 00:00:00,10.735804,18.65492078,0,0.0001,18.65492078,0
2001-09-19 00:00:00,12.55196,18.40204819,0,0.0001,18.40204819,0
2001-09-20 00:00:00,10.56336,18.21373555,0,0.0001,18.21373555,0
2001-09-21 00:00:00,13.166348,18.00806872,0,0.0001,18.00806872,0
2001-09-22 00:00:00,13.580006,17.79356626,0,0.0001,17.79356626,0
2001-09-23 00:00:00,17.208839,17.47460346,0,0.0001,17.47460346,0
2001-09-24 00:00:00,14.984777,17.26461454,0,0.0001,17.26461454,0
2001-09-25 00:00:00,13.830457,17.02887943,0,0.0001,17.02887943,0
2001-09-26 00:00:00,14.012689,16.77221106,0,0.0001,16.77221106,0
2001-09-27 00:00:00,15.559822,16.52506724,0,0.0001,16.52506724,0
2001-09-28 00:00:00,13.963459,16.29835372,0,0.0001,16.29835372,0
2001-09-29 00:00:00,13.839728,16.07883066,0,0.0001,16.07883066,0
2001-09-30 00:00:00,13.628675,15.86972598,0,0.0001,15.86972598,0
2001-10-01 00:00:00,10.272295,15.67247762,0,0.0001,15.67247762,0
2001-10-02 00:00:00,11.413923,15.47484068,0,0.0001,15.47484068,0
2001-10-03 00:00:00,9.52041,15.28469611,0,0.0001,15.28469611,0
2001-10-04 00:00:00,7.731269,15.09674475,0,0.0001,15.09674475,0
2001-10-05 00:00:00,6.518889,14.91049568,0,0.0001,14.91049568,0
2001-10-06 00:00:00,6.024253,14.72362652,0,0.0001,14.72362652,0
2001-10-07 00:00:00,9.623794,14.53316754,0,0.0001,14.53316754,0
2001-10-08 00:00:00,10.79868,14.34606975,0,0.0001,14.34606975,0
2001-10-09 00:00:00,10.292661,14.15704268,0,0.0001,14.15704268,0
2001-10-10 00:00:00,5.931936,13.95745414,0,0.0001,13.95745414,0
2001-10-11 00:00:00,6.982091,13.76138937,0,0.0001,13.76138937,0
2001-10-12 00:00:00,9.396756,13.56633801,0,0.0001,13.56633801,0
2001-10-13 00:00:00,4.012707,13.37738443,0,0.0001,13.37738443,0
2001-10-14 00:00:00,4.645131,13.16414299,0,0.0001,13.16414299,0
2001-10-15 00:00:00,3.626352,12.97723637,0,0.0001,12.97723637,0
2001-10-16 00:00:00,3.381738,12.78261095,0,0.0001,12.78261095,0
2001-10-17 00:00:00,6.345202,12.56877539,0,0.0001,12.56877539,0
2001-10-18 00:00:00,7.614144,12.36783372,0,0.0001,12.36783372,0
2001-10-19 00:00:00,7.298868,12.17003573,0,0.0001,12.17003573,0
2001-10-20 00:00:00,7.010056,11.97125859,0,0.0001,11.97125859,0
2001-10-21 00:00:00,6.723771,11.77332783,0,0.0001,11.77332783,0
2001-10-22 00:00:00,9.284631,11.53639115,0,0.0001,11.53639115,0
2001-10-23 00:00:00,10.709741,11.22891102,0,0.0001,11.22891102,0
2001-10-24 00:00:00,7.918561,11.15265652,0,0.0001,11.15265652,0
2001-10-25 00:00:00,7.966891,10.89917034,0,0.0001,10.89917034,0
2001-10-26 00:00:00,9.291771,10.58087385,0,0.0001,10.58087385,0
2001-10-27 00:00:00,10.115263,10.29931559,0,0.0001,10.29931559,0
2001-10-28 00:00:00,9.644733,10.05436318,0,0.0001,10.05436318,0
2001-10-29 00:00:00,9.165229,9.817389856,0,0.0001,9.817389856,0
2001-10-30 00:00:00,6.600196,9.607334274,0,0.0001,9.607334274,0
2001-10-31 00:00:00,6.257495,9.380748093,0,0.0001,9.380748093,0
2001-11-01 00:00:00,3.705462,9.201899536,0,0.0001,9.201899536,0
2001-11-02 00:00:00,4.033188,8.970004283,0,0.0001,8.970004283,0
2001-11-03 00:00:00,3.381144,8.766169232,0,0.0001,8.766169232,0
2001-11-04 00:00:00,3.225857,8.555415843,0,0.0001,8.555415843,0
2001-11-05 00:00:00,3.069364,8.348837462,0,0.0001,8.348837462,0
2001-11-06 00:00:00,2.92517,8.148191046,0,0.0001,8.148191046,0
2001-11-07 00:00:00,2.774944,7.949300211,0,0.0001,7.949300211,0
2001-11-08 00:00:00,2.654104,7.757111012,0,0.0001,7.757111012,0
2001-11-09 00:00:00,2.531579,7.567066105,0,0.0001,7.567066105,0
2001-11-10 00:00:00,2.411198,7.379971332,0,0.0001,7.379971332,0
2001-11-11 00:00:00,2.292836,7.194177392,0,0.0001,7.194177392,0
2001-11-12 00:00:00,4.327061,6.964629805,0,0.0001,6.964629805,0
2001-11-13 00:00:00,3.057787,6.811213504,0,0.0001,6.811213504,0
2001-11-14 00:00:00,2.480134,6.661100797,0,0.0001,6.661100797,0
2001-11-15 00:00:00,2.389356,6.471440834,0,0.0001,6.471440834,0
2001-11-16 00:00:00,2.30451,6.308703918,0,0.0001,6.308703918,0
2001-11-17 00:00:00,5.810758,6.018097877,0,0.0001,6.018097877,0
2001-11-18 00:00:00,3.900104,5.879412445,0,0.0001,5.879412445,0
2001-11-19 00:00:00,6.214514,5.615656412,0,0.0001,5.615656412,0
2001-11-20 00:00:00,5.994035,5.446685643,0,0.0001,5.446685643,0
2001-11-21 00:00:00,5.808777,5.274805283,0,0.0001,5.274805283,0
2001-11-22 00:00:00,5.667162,5.100079121,0,0.0001,5.100079121,0
2001-11-23 00:00:00,5.630969,4.923475203,0,0.0001,4.923475203,0
2001-11-24 00:00:00,7.73994,4.737960856,0,0.0001,4.737960856,0
2001-11-25 00:00:00,7.418412,4.519676193,0,0.0001,4.519676193,0
2001-11-26 00:00:00,7.449851,4.363401427,0,0.0001,4.363401427,0
2001-11-27 00:00:00,7.639374,4.168670924,0,0.0001,4.168670924,0
2001-11-28 00:00:00,7.455626,3.966182349,0,0.0001,3.966182349,0
2001-11-29 00:00:00,7.41564,3.764092281,0,0.0001,3.764092281,0
2001-11-30 00:00:00,7.947661,3.544244941,0,0.0001,3.544244941,0
2001-12-01 00:00:00,7.72101,3.346954997,0,0.0001,3.346954997,0
2001-12-02 00:00:00,7.521646,3.161234815,0,0.0001,3.161234815,0
2001-12-03 00:00:00,7.395119,2.980233917,0,0.0001,2.980233917,0
2001-12-04 00:00:00,7.291149,2.804392063,0,0.0001,2.804392063,0
2001-12-05 00:00:00,8.038936,2.622822736,0,0.0001,2.622822736,0
2001-12-06 00:00:00,7.87962,2.453918246,0,0.0001,2.453918246,0
2001-12-07 00:00:00,7.693232,2.297903082,0,0.0001,2.297903082,0
2001-12-08 00:00:00,7.633271,2.145362593,0,0.0001,2.145362593,0
2001-12-09 00:00:00,7.539932,1.997101882,0,0.0001,1.997101882,0
2001-12-10 00:00:00,7.39977,1.852753313,0,0.0001,1.852753313,0
2001-12-11 00:00:00,7.236523,1.712766872,0,0.0001,1.712766872,0
2001-12-12 00:00:00,6.218813,1.641177457,0,0.0001,1.641177457,0
2001-12-13 00:00:00,8.254035,1.432905475,0,0.0001,1.432905475,0
2001-12-14 00:00:00,8.270484,1.299965062,0,0.0001,1.299965062,0
2001-12-15 00:00:00,8.182411,1.179031232,0,0.0001,1.179031232,0
2001-12-16 00:00:00,5.262978,1.157702795,0,0.0001,1.157702795,0
2001-12-17 00:00:00,8.193172,0.929221514,0,0.0001,0.929221514,0
2001-12-18 00:00:00,4.097414,0.954221023,0,0.0001,0.954221023,0
2001-12-19 00:00:00,3.941675,0.825119489,0,0.0001,0.825119489,0
2001-12-20 00:00:00,3.788857,0.701693366,0,0.0001,0.701693366,0
2001-12-21 00:00:00,7.44667,0.465557552,0,0.0001,0.465557552,0
2001-12-22 00:00:00,5.015438,0.454566658,0,0.0001,0.454566658,0
2001-12-23 00:00:00,3.862992,0.413525518,0,0.0001,0.413525518,0
2001-12-24 00:00:00,3.731642,0.320904053,0,0.0001,0.320904053,0
2001-12-25 00:00:00,6.547811,0.113957669,0,0.0001,0.113957669,0
2001-12-26 00:00:00,3.518887,0.147198767,0,0.0001,0.147198767,0
2001-12-27 00:00:00,3.418239,0.066352341,0,0.0001,0.066352341,0
2001-12-28 00:00:00,3.32011,-0.007132522,0,0.0001,-0.007132522,0
2001-12-29 00:00:00,6.955885,-0.20703761,0,0.0001,-0.20703761,0
2001-12-30 00:00:00,6.103244,-0.258739843,0,0.0001,-0.258739843,0
2001-12-31 00:00:00,4.463561,-0.280590047,0,0.0001,-0.280590047,0
2002-01-01 00:00:00,4.359259,-0.337545385,0,0.0001,-0.337545385,0
2002-01-02 00:00:00,4.228299,-0.386638955,0,0.0001,-0.386638955,0
2002-01-03 00:00:00,6.296982,-0.483649846,0,0.0001,-0.483649846,0
2002-01-04 00:00:00,5.504601,-0.514807708,0,0.0001,-0.514807708,0
2002-01-05 00:00:00,5.372126,-0.552727391,0,0.0001,-0.552727391,0
2002-01-06 00:00:00,5.244102,-0.58684801,0,0.0001,-0.58684801,0
2002-01-07 00:00:00,5.113593,-0.617043261,0,0.0001,-0.617043261,0
2002-01-08 00:00:00,5.754154,-0.65708783,0,0.0001,-0.65708783,0
2002-01-09 00:00:00,5.803242,-0.677415102,0,0.0001,-0.677415102,0
2002-01-10 00:00:00,4.700104,-0.682617462,0,0.0001,-0.682617462,0
2002-01-11 00:00:00,5.53053,-0.71709466,0,0.0001,-0.71709466,0
2002-01-12 00:00:00,5.433972,-0.729684345,0,0.0001,-0.729684345,0
2002-01-13 00:00:00,5.325944,-0.739917779,0,0.0001,-0.739917779,0
2002-01-14 00:00:00,5.306602,-0.749560847,0,0.0001,-0.749560847,0
2002-01-15 00:00:00,5.313048,-0.762234423,0,0.0001,-0.762234423,0
2002-01-16 00:00:00,5.224802,-0.765467504,0,0.0001,-0.765467504,0
2002-01-17 00:00:00,5.393926,-0.768217661,0,0.0001,-0.768217661,0
2002-01-18 00:00:00,5.30044,-0.764869806,0,0.0001,-0.764869806,0
2002-01-19 00:00:00,5.223639,-0.758368807,0,0.0001,-0.758368807,0
2002-01-20 00:00:00,5.1684,-0.748837107,0,0.0001,-0.748837107,0
2002-01-21 00:00:00,5.107364,-0.73589582,0,0.0001,-0.73589582,0
2002-01-22 00:00:00,5.15861,-0.71512881,0,0.0001,-0.71512881,0
2002-01-23 00:00:00,5.124327,-0.71423326,0,0.0001,-0.71423326,0
2002-01-24 00:00:00,5.079987,-0.689584895,0,0.0001,-0.689584895,0
2002-01-25 00:00:00,5.039884,-0.661622934,0,0.0001,-0.661622934,0
2002-01-26 00:00:00,4.976878,-0.630156946,0,0.0001,-0.630156946,0
2002-01-27 00:00:00,4.683479,-0.591295166,0,0.0001,-0.591295166,0
2002-01-28 00:00:00,4.824098,-0.559486545,0,0.0001,-0.559486545,0
2002-01-29 00:00:00,4.757738,-0.519482103,0,0.0001,-0.519482103,0
2002-01-30 00:00:00,4.472159,-0.485693066,0,0.0001,-0.485693066,0
2002-01-31 00:00:00,3.428918,-0.416864159,0,0.0001,-0.416864159,0
2002-02-01 00:00:00,4.825622,-0.376516964,0,0.0001,-0.376516964,0
2002-02-02 00:00:00,4.689078,-0.32216415,0,0.0001,-0.32216415,0
2002-02-03 00:00:00,4.583521,-0.262373759,0,0.0001,-0.262373759,0
2002-02-04 00:00:00,4.488036,-0.199268532,0,0.0001,-0.199268532,0
2002-02-05 00:00:00,4.610468,-0.136248998,0,0.0001,-0.136248998,0
2002-02-06 00:00:00,4.572046,-0.066272376,0,0.0001,-0.066272376,0
2002-02-07 00:00:00,4.532652,0.007405008,0,0.0001,0.007405008,0
2002-02-08 00:00:00,4.495592,0.084166513,0,0.0001,0.084166513,0
2002-02-09 00:00:00,5.269114,0.172302039,0,0.0001,0.172302039,0
2002-02-10 00:00:00,5.817635,0.182061301,0,0.0001,0.182061301,0
2002-02-11 00:00:00,4.651203,0.299277329,0,0.0001,0.299277329,0
2002-02-12 00:00:00,4.610366,0.400851949,0,0.0001,0.400851949,0
2002-02-13 00:00:00,5.692643,0.428276811,0,0.0001,0.428276811,0
2002-02-14 00:00:00,6.005747,0.510239651,0,0.0001,0.510239651,0
2002-02-15 00:00:00,6.180619,0.56295942,0,0.0001,0.56295942,0
2002-02-16 00:00:00,4.689189,0.709563652,0,0.0001,0.709563652,0
2002-02-17 00:00:00,6.095566,0.744208249,0,0.0001,0.744208249,0
2002-02-18 00:00:00,6.324289,0.835488739,0,0.0001,0.835488739,0
2002-02-19 00:00:00,8.269811,0.895524819,0,0.0001,0.895524819,0
2002-02-20 00:00:00,10.337233,0.9702921,0,0.0001,0.9702921,0
2002-02-21 00:00:00,10.434217,1.082246392,0,0.0001,1.082246392,0
2002-02-22 00:00:00,10.559645,1.160674164,0,0.0001,1.160674164,0
2002-02-23 00:00:00,10.303625,1.208364469,0,0.0001,1.208364469,0
2002-02-24 00:00:00,9.977463,1.273338911,0,0.0001,1.273338911,0
2002-02-25 00:00:00,9.735409,1.356102526,0,0.0001,1.356102526,0
2002-02-26 00:00:00,8.360707,1.469394116,0,0.0001,1.469394116,0
2002-02-27 00:00:00,8.343947,1.582026034,0,0.0001,1.582026034,0
2002-02-28 00:00:00,9.28059,1.697117935,0,0.0001,1.697117935,0
2002-03-01 00:00:00,8.859901,1.825530022,0,0.0001,1.825530022,0
2002-03-02 00:00:00,7.804741,1.984159219,0,0.0001,1.984159219,0
2002-03-03 00:00:00,9.085049,2.137311716,0,0.0001,2.137311716,0
2002-03-04 00:00:00,8.843433,2.298619638,0,0.0001,2.298619638,0
2002-03-05 00:00:00,8.70121,2.466858829,0,0.0001,2.466858829,0
2002-03-06 00:00:00,8.533703,2.640270435,0,0.0001,2.640270435,0
2002-03-07 00:00:00,9.018519,2.829190294,0,0.0001,2.829190294,0
2002-03-08 00:00:00,11.795468,2.95774771,0,0.0001,2.95774771,0
2002-03-09 00:00:00,11.813101,3.10769758,0,0.0001,3.10769758,0
2002-03-10 00:00:00,11.864935,3.298029624,0,0.0001,3.298029624,0
2002-03-11 00:00:00,11.828045,3.453416196,0,0.0001,3.453416196,0
2002-03-12 00:00:00,11.501838,3.597720715,0,0.0001,3.597720715,0
2002-03-13 00:00:00,10.553799,3.757043373,0,0.0001,3.757043373,0
2002-03-14 00:00:00,10.681204,3.917994295,0,0.0001,3.917994295,0
2002-03-15 00:00:00,10.453023,4.092463779,0,0.0001,4.092463779,0
2002-03-16 00:00:00,10.212982,4.274459153,0,0.0001,4.274459153,0
2002-03-17 00:00:00,9.947788,4.460448387,0,0.0001,4.460448387,0
2002-03-18 00:00:00,9.812333,4.655888741,0,0.0001,4.655888741,0
2002-03-19 00:00:00,9.882421,4.846928732,0,0.0001,4.846928732,0
2002-03-20 00:00:00,8.936168,5.036719105,0,0.0001,5.036719105,0
2002-03-21 00:00:00,8.935314,5.246361099,0,0.0001,5.246361099,0
2002-03-22 00:00:00,9.689384,5.454258276,0,0.0001,5.454258276,0
2002-03-23 00:00:00,9.550969,5.665880681,0,0.0001,5.665880681,0
2002-03-24 00:00:00,9.279068,5.880351067,0,0.0001,5.880351067,0
2002-03-25 00:00:00,9.065953,6.098003948,0,0.0001,6.098003948,0
2002-03-26 00:00:00,8.846304,6.318139877,0,0.0001,6.318139877,0
2002-03-27 00:00:00,8.637008,6.540569691,0,0.0001,6.540569691,0
2002-03-28 00:00:00,8.581097,6.75429914,0,0.0001,6.75429914,0
2002-03-29 00:00:00,8.408922,6.978264201,0,0.0001,6.978264201,0
2002-03-30 00:00:00,8.155867,7.207527807,0,0.0001,7.207527807,0
2002-03-31 00:00:00,7.959623,7.43405845,0,0.0001,7.43405845,0
2002-04-01 00:00:00,7.891554,7.65224674,0,0.0001,7.65224674,0
2002-04-02 00:00:00,8.408486,7.846454609,0,0.0001,7.846454609,0
2002-04-03 00:00:00,8.196083,8.07769221,0,0.0001,8.07769221,0
2002-04-04 00:00:00,8.033924,8.309646503,0,0.0001,8.309646503,0
2002-04-05 00:00:00,7.892619,8.539999206,0,0.0001,8.539999206,0
2002-04-06 00:00:00,7.774924,8.770441586,0,0.0001,8.770441586,0
2002-04-07 00:00:00,9.191233,8.931537208,0,0.0001,8.931537208,0
2002-04-08 00:00:00,11.652983,9.076620603,0,0.0001,9.076620603,0
2002-04-09 00:00:00,12.593179,9.263817575,0,0.0001,9.263817575,0
2002-04-10 00:00:00,12.41551,9.479315774,0,0.0001,9.479315774,0
2002-04-11 00:00:00,12.19483,9.680277867,0,0.0001,9.680277867,0
2002-04-12 00:00:00,12.09871,9.88024634,0,0.0001,9.88024634,0
2002-04-13 00:00:00,11.532459,10.10731453,0,0.0001,10.10731453,0
2002-04-14 00:00:00,11.259091,10.32700634,0,0.0001,10.32700634,0
2002-04-15 00:00:00,11.120152,10.55175847,0,0.0001,10.55175847,0
2002-04-16 00:00:00,10.73967,10.78621506,0,0.0001,10.78621506,0
2002-04-17 00:00:00,10.376957,11.0230407,0,0.0001,11.0230407,0
2002-04-18 00:00:00,10.906039,11.2210533,0,0.0001,11.2210533,0
2002-04-19 00:00:00,11.314757,11.42371753,0,0.0001,11.42371753,0
2002-04-20 00:00:00,11.129388,11.67671572,0,0.0001,11.67671572,0
2002-04-21 00:00:00,11.80177,11.88294073,0,0.0001,11.88294073,0
2002-04-22 00:00:00,11.892811,12.11424826,0,0.0001,12.11424826,0
2002-04-23 00:00:00,11.609641,12.35832018,0,0.0001,12.35832018,0
2002-04-24 00:00:00,10.488776,12.56234124,0,0.0001,12.56234124,0
2002-04-25 00:00:00,10.599584,12.79488044,0,0.0001,12.79488044,0
2002-04-26 00:00:00,11.504935,13.04611572,0,0.0001,13.04611572,0
2002-04-27 00:00:00,12.542748,13.2283156,0,0.0001,13.2283156,0
2002-04-28 00:00:00,14.229663,13.39869164,0,0.0001,13.39869164,0
2002-04-29 00:00:00,13.937846,13.64674558,0,0.0001,13.64674558,0
2002-04-30 00:00:00,13.616145,13.88364769,0,0.0001,13.88364769,0
2002-05-01 00:00:00,12.333042,14.08347572,0,0.0001,14.08347572,0
2002-05-02 00:00:00,14.342919,14.29695579,0,0.0001,14.29695579,0
2002-05-03 00:00:00,13.986315,14.5433363,0,0.0001,14.5433363,0
2002-05-04 00:00:00,13.536921,14.78177013,0,0.0001,14.78177013,0
2002-05-05 00:00:00,13.168306,15.01781706,0,0.0001,15.01781706,0
2002-05-06 00:00:00,10.533707,15.23709598,0,0.0001,15.23709598,0
2002-05-07 00:00:00,12.407874,15.49392641,0,0.0001,15.49392641,0
2002-05-08 00:00:00,10.138473,15.70069248,0,0.0001,15.70069248,0
2002-05-09 00:00:00,13.243859,15.89020433,0,0.0001,15.89020433,0
2002-05-10 00:00:00,12.687105,16.14355605,0,0.0001,16.14355605,0
2002-05-11 00:00:00,13.919987,16.30886289,0,0.0001,16.30886289,0
2002-05-12 00:00:00,15.059853,16.48431857,0,0.0001,16.48431857,0
2002-05-13 00:00:00,14.719307,16.71418572,0,0.0001,16.71418572,0
2002-05-14 00:00:00,14.442093,16.94129235,0,0.0001,16.94129235,0
2002-05-15 00:00:00,13.127106,17.16882632,0,0.0001,17.16882632,0
2002-05-16 00:00:00,12.961536,17.40572032,0,0.0001,17.40572032,0
2002-05-17 00:00:00,12.772577,17.63814587,0,0.0001,17.63814587,0
2002-05-18 00:00:00,12.454768,17.86819821,0,0.0001,17.86819821,0
2002-05-19 00:00:00,12.04587,18.09948734,0,0.0001,18.09948734,0
2002-05-20 00:00:00,8.855459,18.3103325,0,0.0001,18.3103325,0
2002-05-21 00:00:00,11.255017,18.5552089,0,0.0001,18.5552089,0
2002-05-22 00:00:00,10.819876,18.78329146,0,0.0001,18.78329146,0
2002-05-23 00:00:00,10.306038,19.01314744,0,0.0001,19.01314744,0
2002-05-24 00:00:00,9.832477,19.23900815,0,0.0001,19.23900815,0
2002-05-25 00:00:00,11.544245,19.30700779,0,0.0001,19.30700779,0
2002-05-26 00:00:00,11.008321,19.55324086,0,0.0001,19.55324086,0
2002-05-27 00:00:00,10.495324,19.77330891,0,0.0001,19.77330891,0
2002-05-28 00:00:00,10.53644,19.94434471,0,0.0001,19.94434471,0
2002-05-29 00:00:00,11.009738,20.10171666,0,0.0001,20.10171666,0
2002-05-30 00:00:00,10.421478,20.32909526,0,0.0001,20.32909526,0
2002-05-31 00:00:00,8.136034,20.51746426,0,0.0001,20.51746426,0
2002-06-01 00:00:00,9.477637,20.75513338,0,0.0001,20.75513338,0
2002-06-02 00:00:00,9.543423,20.91366691,0,0.0001,20.91366691,0
2002-06-03 00:00:00,14.592158,20.77225063,0,0.0001,20.77225063,0
2002-06-04 00:00:00,20.456555,20.76448213,0,0.0001,20.76448213,0
2002-06-05 00:00:00,17.508031,20.87767225,0,0.0001,20.87767225,0
2002-06-06 00:00:00,17.725537,21.11232654,0,0.0001,21.11232654,0
2002-06-07 00:00:00,16.124601,21.32469464,0,0.0001,21.32469464,0
2002-06-08 00:00:00,17.460656,21.53785362,0,0.0001,21.53785362,0
2002-06-09 00:00:00,17.077943,21.71830483,0,0.0001,21.71830483,0
2002-06-10 00:00:00,14.464781,21.82813334,0,0.0001,21.82813334,0
2002-06-11 00:00:00,15.141191,21.96018589,0,0.0001,21.96018589,0
2002-06-12 00:00:00,17.334222,22.15867213,0,0.0001,22.15867213,0
2002-06-13 00:00:00,13.347872,22.29310679,0,0.0001,22.29310679,0
2002-06-14 00:00:00,13.467838,22.45028985,0,0.0001,22.45028985,0
2002-06-15 00:00:00,13.113208,22.61836849,0,0.0001,22.61836849,0
2002-06-16 00:00:00,15.39558,22.80795385,0,0.0001,22.80795385,0
2002-06-17 00:00:00,13.595097,22.96874563,0,0.0001,22.96874563,0
2002-06-18 00:00:00,13.944754,23.13595677,0,0.0001,23.13595677,0
2002-06-19 00:00:00,13.141134,23.30168645,0,0.0001,23.30168645,0
2002-06-20 00:00:00,12.57984,23.45784737,0,0.0001,23.45784737,0
2002-06-21 00:00:00,12.005816,23.6037938,0,0.0001,23.6037938,0
2002-06-22 00:00:00,11.484522,23.75034734,0,0.0001,23.75034734,0
2002-06-23 00:00:00,10.748417,23.90644095,0,0.0001,23.90644095,0
2002-06-24 00:00:00,10.062209,24.05593494,0,0.0001,24.05593494,0
2002-06-25 00:00:00,9.542268,24.19293233,0,0.0001,24.19293233,0
2002-06-26 00:00:00,10.130327,24.22983024,0,0.0001,24.22983024,0
2002-06-27 00:00:00,9.466406,24.3869925,0,0.0001,24.3869925,0
2002-06-28 00:00:00,8.898747,24.52278357,0,0.0001,24.52278357,0
2002-06-29 00:00:00,8.397932,24.64857742,0,0.0001,24.64857742,0
2002-06-30 00:00:00,7.95249,24.7683241,0,0.0001,24.7683241,0
2002-07-01 00:00:00,7.534905,24.88459614,0,0.0001,24.88459614,0
2002-07-02 00:00:00,7.034046,24.99888943,0,0.0001,24.99888943,0
2002-07-03 00:00:00,3.485642,25.02527497,0,0.0001,25.02527497,0
2002-07-04 00:00:00,6.045954,25.21612143,0,0.0001,25.21612143,0
2002-07-05 00:00:00,5.917818,25.33692451,0,0.0001,25.33692451,0
2002-07-06 00:00:00,5.844914,25.41138161,0,0.0001,25.41138161,0
2002-07-07 00:00:00,5.657416,25.50030499,0,0.0001,25.50030499,0
2002-07-08 00:00:00,1.956238,25.40021258,0,0.0001,25.40021258,0
2002-07-09 00:00:00,1.907883,25.45261615,0,0.0001,25.45261615,0
2002-07-10 00:00:00,4.083115,25.71549814,0,0.0001,25.71549814,0
2002-07-11 00:00:00,4.847849,25.80157531,0,0.0001,25.80157531,0
2002-07-12 00:00:00,4.64032,25.87273815,0,0.0001,25.87273815,0
2002-07-13 00:00:00,4.373139,25.94945735,0,0.0001,25.94945735,0
2002-07-14 00:00:00,2.581684,25.91726098,0,0.0001,25.91726098,0
2002-07-15 00:00:00,2.224894,25.95540325,0,0.0001,25.95540325,0
2002-07-16 00:00:00,3.408751,26.11219395,0,0.0001,26.11219395,0
2002-07-17 00:00:00,1.145871,25.83598473,0,0.0001,25.83598473,0
2002-07-18 00:00:00,3.425383,26.23823883,0,0.0001,26.23823883,0
2002-07-19 00:00:00,3.234511,26.29183384,0,0.0001,26.29183384,0
2002-07-20 00:00:00,3.360776,26.21942424,0,0.0001,26.21942424,0
2002-07-21 00:00:00,2.573654,26.06522083,0,0.0001,26.06522083,0
2002-07-22 00:00:00,1.897708,25.51544409,0,0.0001,25.51544409,0
2002-07-23 00:00:00,1.695327,25.68896102,0,0.0001,25.68896102,0
2002-07-24 00:00:00,3.827775,26.03085129,0,0.0001,26.03085129,0
2002-07-25 00:00:00,3.914239,26.00975194,0,0.0001,26.00975194,0
2002-07-26 00:00:00,3.978633,25.92932684,0,0.0001,25.92932684,0
2002-07-27 00:00:00,3.954975,25.86767169,0,0.0001,25.86767169,0
2002-07-28 00:00:00,3.978438,25.81817368,0,0.0001,25.81817368,0
2002-07-29 00:00:00,2.437375,25.61468363,0,0.0001,25.61468363,0
2002-07-30 00:00:00,3.70887,25.76945948,0,0.0001,25.76945948,0
2002-07-31 00:00:00,1.933844,25.57875857,0,0.0001,25.57875857,0
2002-08-01 00:00:00,1.423045,25.50794797,0,0.0001,25.50794797,0
2002-08-02 00:00:00,3.305083,25.77510795,0,0.0001,25.77510795,0
2002-08-03 00:00:00,3.259993,25.72642366,0,0.0001,25.72642366,0
2002-08-04 00:00:00,1.763998,25.23931706,0,0.0001,25.23931706,0
2002-08-05 00:00:00,1.652143,25.28853668,0,0.0001,25.28853668,0
2002-08-06 00:00:00,1.557493,25.23137216,0,0.0001,25.23137216,0
2002-08-07 00:00:00,1.44726,25.19404757,0,0.0001,25.19404757,0
2002-08-08 00:00:00,2.644995,25.35125895,0,0.0001,25.35125895,0
2002-08-09 00:00:00,2.449829,25.29550543,0,0.0001,25.29550543,0
2002-08-10 00:00:00,2.915113,25.29258852,0,0.0001,25.29258852,0
2002-08-11 00:00:00,2.833274,25.22275864,0,0.0001,25.22275864,0
2002-08-12 00:00:00,2.874047,25.02907593,0,0.0001,25.02907593,0
2002-08-13 00:00:00,1.615008,24.56070415,0,0.0001,24.56070415,0
2002-08-14 00:00:00,2.510753,24.69019119,0,0.0001,24.69019119,0
2002-08-15 00:00:00,3.198785,24.70438292,0,0.0001,24.70438292,0
2002-08-16 00:00:00,1.355834,24.38530022,0,0.0001,24.38530022,0
2002-08-17 00:00:00,2.312812,24.27784388,0,0.0001,24.27784388,0
2002-08-18 00:00:00,1.639881,24.08970725,0,0.0001,24.08970725,0
2002-08-19 00:00:00,2.178064,24.09342855,0,0.0001,24.09342855,0
2002-08-20 00:00:00,3.104549,24.13671994,0,0.0001,24.13671994,0
2002-08-21 00:00:00,3.393853,23.86431007,0,0.0001,23.86431007,0
2002-08-22 00:00:00,5.494384,23.4091251,0,0.0001,23.4091251,0
2002-08-23 00:00:00,3.291711,23.2186948,0,0.0001,23.2186948,0
2002-08-24 00:00:00,3.199246,23.08324303,0,0.0001,23.08324303,0
2002-08-25 00:00:00,2.680042,22.97283193,0,0.0001,22.97283193,0
2002-08-26 00:00:00,2.477315,22.91173416,0,0.0001,22.91173416,0
2002-08-27 00:00:00,2.838276,22.91904707,0,0.0001,22.91904707,0
2002-08-28 00:00:00,2.048404,22.76873676,0,0.0001,22.76873676,0
2002-08-29 00:00:00,1.876506,22.67555109,0,0.0001,22.67555109,0
2002-08-30 00:00:00,1.733546,22.57134355,0,0.0001,22.57134355,0
2002-08-31 00:00:00,3.291173,22.56791923,0,0.0001,22.56791923,0
2002-09-01 00:00:00,3.219631,22.4182059,0,0.0001,22.4182059,0
2002-09-02 00:00:00,2.842318,21.81070635,0,0.0001,21.81070635,0
2002-09-03 00:00:00,3.05013,21.75204288,0,0.0001,21.75204288,0
2002-09-04 00:00:00,2.463226,21.58552451,0,0.0001,21.58552451,0
2002-09-05 00:00:00,2.764894,21.50388122,0,0.0001,21.50388122,0
2002-09-06 00:00:00,2.632368,21.371785,0,0.0001,21.371785,0
2002-09-07 00:00:00,2.480762,21.23814961,0,0.0001,21.23814961,0
2002-09-08 00:00:00,3.547613,21.166345,0,0.0001,21.166345,0
2002-09-09 00:00:00,1.689994,20.93070502,0,0.0001,20.93070502,0
2002-09-10 00:00:00,1.586146,20.78867679,0,0.0001,20.78867679,0
2002-09-11 00:00:00,1.563598,20.6051205,0,0.0001,20.6051205,0
2002-09-12 00:00:00,1.440652,20.46170055,0,0.0001,20.46170055,0
2002-09-13 00:00:00,1.326781,20.31582738,0,0.0001,20.31582738,0
2002-09-14 00:00:00,1.212535,20.1835215,0,0.0001,20.1835215,0
2002-09-15 00:00:00,1.184998,19.98762543,0,0.0001,19.98762543,0
2002-09-16 00:00:00,1.128207,19.81029522,0,0.0001,19.81029522,0
2002-09-17 00:00:00,2.331224,19.76925166,0,0.0001,19.76925166,0
2002-09-18 00:00:00,2.342689,19.5559809,0,0.0001,19.5559809,0
2002-09-19 00:00:00,2.086029,19.0719427,0,0.0001,19.0719427,0
2002-09-20 00:00:00,1.757513,18.80185725,0,0.0001,18.80185725,0
2002-09-21 00:00:00,1.67448,18.63725821,0,0.0001,18.63725821,0
2002-09-22 00:00:00,1.55951,18.46472359,0,0.0001,18.46472359,0
2002-09-23 00:00:00,1.455492,18.2887073,0,0.0001,18.2887073,0
2002-09-24 00:00:00,1.905719,18.14199857,0,0.0001,18.14199857,0
2002-09-25 00:00:00,1.333805,17.91230112,0,0.0001,17.91230112,0
2002-09-26 00:00:00,1.277725,17.72058611,0,0.0001,17.72058611,0
2002-09-27 00:00:00,2.556204,17.63277197,0,0.0001,17.63277197,0
2002-09-28 00:00:00,2.616372,17.40699558,0,0.0001,17.40699558,0
2002-09-29 00:00:00,3.338189,17.03147778,0,0.0001,17.03147778,0
2002-09-30 00:00:00,3.184517,16.84167677,0,0.0001,16.84167677,0
2002-10-01 00:00:00,3.179254,16.64724474,0,0.0001,16.64724474,0
2002-10-02 00:00:00,3.852969,16.34345901,0,0.0001,16.34345901,0
2002-10-03 00:00:00,4.034501,16.10197931,0,0.0001,16.10197931,0
2002-10-04 00:00:00,5.517657,15.71687006,0,0.0001,15.71687006,0
2002-10-05 00:00:00,4.242896,15.51722976,0,0.0001,15.51722976,0
2002-10-06 00:00:00,3.97956,15.29176609,0,0.0001,15.29176609,0
2002-10-07 00:00:00,4.216019,15.03904953,0,0.0001,15.03904953,0
2002-10-08 00:00:00,3.442521,14.79851611,0,0.0001,14.79851611,0
2002-10-09 00:00:00,3.237009,14.55751928,0,0.0001,14.55751928,0
2002-10-10 00:00:00,4.150432,14.30895542,0,0.0001,14.30895542,0
2002-10-11 00:00:00,2.893314,14.08244747,0,0.0001,14.08244747,0
2002-10-12 00:00:00,2.751661,13.84613357,0,0.0001,13.84613357,0
2002-10-13 00:00:00,2.693809,13.61419748,0,0.0001,13.61419748,0
2002-10-14 00:00:00,2.585331,13.39157007,0,0.0001,13.39157007,0
2002-10-15 00:00:00,2.457822,13.17292251,0,0.0001,13.17292251,0
2002-10-16 00:00:00,2.354273,12.95734611,0,0.0001,12.95734611,0
2002-10-17 00:00:00,2.38617,12.73270086,0,0.0001,12.73270086,0
2002-10-18 00:00:00,2.464682,12.48802015,0,0.0001,12.48802015,0
2002-10-19 00:00:00,2.320271,12.2806714,0,0.0001,12.2806714,0
2002-10-20 00:00:00,2.179396,12.07844304,0,0.0001,12.07844304,0
2002-10-21 00:00:00,2.074038,11.86980692,0,0.0001,11.86980692,0
2002-10-22 00:00:00,2.374238,11.66212142,0,0.0001,11.66212142,0
2002-10-23 00:00:00,3.922112,11.44808749,0,0.0001,11.44808749,0
2002-10-24 00:00:00,4.016316,11.22756964,0,0.0001,11.22756964,0
2002-10-25 00:00:00,2.324151,11.00081631,0,0.0001,11.00081631,0
2002-10-26 00:00:00,2.2902,10.7927674,0,0.0001,10.7927674,0
2002-10-27 00:00:00,2.208454,10.61646603,0,0.0001,10.61646603,0
2002-10-28 00:00:00,2.209965,10.41626371,0,0.0001,10.41626371,0
2002-10-29 00:00:00,2.136156,10.21478947,0,0.0001,10.21478947,0
2002-10-30 00:00:00,2.059524,10.00903047,0,0.0001,10.00903047,0
2002-10-31 00:00:00,1.954144,9.797299738,0,0.0001,9.797299738,0
2002-11-01 00:00:00,1.861755,9.58678563,0,0.0001,9.58678563,0
2002-11-02 00:00:00,1.768486,9.37769509,0,0.0001,9.37769509,0
2002-11-03 00:00:00,1.67507,9.170154739,0,0.0001,9.170154739,0
2002-11-04 00:00:00,1.586264,8.963273801,0,0.0001,8.963273801,0
2002-11-05 00:00:00,1.587405,8.756339871,0,0.0001,8.756339871,0
2002-11-06 00:00:00,1.567042,8.536807773,0,0.0001,8.536807773,0
2002-11-07 00:00:00,1.507542,8.339577551,0,0.0001,8.339577551,0
2002-11-08 00:00:00,1.44996,8.144792354,0,0.0001,8.144792354,0
2002-11-09 00:00:00,3.431305,7.893602434,0,0.0001,7.893602434,0
2002-11-10 00:00:00,1.424275,7.751677529,0,0.0001,7.751677529,0
2002-11-11 00:00:00,1.754793,7.477085042,0,0.0001,7.477085042,0
2002-11-12 00:00:00,1.691202,7.249245588,0,0.0001,7.249245588,0
2002-11-13 00:00:00,1.641362,7.064388474,0,0.0001,7.064388474,0
2002-11-14 00:00:00,1.591545,6.874321678,0,0.0001,6.874321678,0
2002-11-15 00:00:00,1.551824,6.683478968,0,0.0001,6.683478968,0
2002-11-16 00:00:00,1.516747,6.49292346,0,0.0001,6.49292346,0
2002-11-17 00:00:00,3.475997,6.228981998,0,0.0001,6.228981998,0
2002-11-18 00:00:00,1.550676,6.126908194,0,0.0001,6.126908194,0
2002-11-19 00:00:00,3.695659,5.813554723,0,0.0001,5.813554723,0
2002-11-20 00:00:00,1.559982,5.721474343,0,0.0001,5.721474343,0
2002-11-21 00:00:00,1.602478,5.572935769,0,0.0001,5.572935769,0
2002-11-22 00:00:00,2.155806,5.324273363,0,0.0001,5.324273363,0
2002-11-23 00:00:00,1.529034,5.200250847,0,0.0001,5.200250847,0
2002-11-24 00:00:00,1.487759,5.022069642,0,0.0001,5.022069642,0
2002-11-25 00:00:00,1.45727,4.846765304,0,0.0001,4.846765304,0
2002-11-26 00:00:00,1.413528,4.671719089,0,0.0001,4.671719089,0
2002-11-27 00:00:00,3.326883,4.399306569,0,0.0001,4.399306569,0
2002-11-28 00:00:00,3.28023,4.23351014,0,0.0001,4.23351014,0
2002-11-29 00:00:00,1.318474,4.17375668,0,0.0001,4.17375668,0
2002-11-30 00:00:00,1.805307,3.964685004,0,0.0001,3.964685004,0
2002-12-01 00:00:00,1.218375,3.837813298,0,0.0001,3.837813298,0
2002-12-02 00:00:00,1.202813,3.703645146,0,0.0001,3.703645146,0
2002-12-03 00:00:00,1.773245,3.497590301,0,0.0001,3.497590301,0
2002-12-04 00:00:00,1.182101,3.404799049,0,0.0001,3.404799049,0
2002-12-05 00:00:00,1.688511,3.20673906,0,0.0001,3.20673906,0
2002-12-06 00:00:00,1.141217,3.120378074,0,0.0001,3.120378074,0
2002-12-07 00:00:00,1.124684,2.983777086,0,0.0001,2.983777086,0
2002-12-08 00:00:00,1.104633,2.848935038,0,0.0001,2.848935038,0
2002-12-09 00:00:00,1.088,2.71781838,0,0.0001,2.71781838,0
2002-12-10 00:00:00,1.480354,2.538689375,0,0.0001,2.538689375,0
2002-12-11 00:00:00,1.399076,2.459931175,0,0.0001,2.459931175,0
2002-12-12 00:00:00,1.405229,2.287954046,0,0.0001,2.287954046,0
2002-12-13 00:00:00,1.368445,2.175245663,0,0.0001,2.175245663,0
2002-12-14 00:00:00,1.089906,2.115020757,0,0.0001,2.115020757,0
2002-12-15 00:00:00,1.074494,2.006655704,0,0.0001,2.006655704,0
2002-12-16 00:00:00,2.803047,1.744902355,0,0.0001,1.744902355,0
2002-12-17 00:00:00,2.852052,1.636174363,0,0.0001,1.636174363,0
2002-12-18 00:00:00,3.827581,1.466968556,0,0.0001,1.466968556,0
2002-12-19 00:00:00,1.908131,1.52345442,0,0.0001,1.52345442,0
2002-12-20 00:00:00,1.868564,1.446902436,0,0.0001,1.446902436,0
2002-12-21 00:00:00,1.841882,1.335936823,0,0.0001,1.335936823,0
2002-12-22 00:00:00,1.812466,1.206836487,0,0.0001,1.206836487,0
2002-12-23 00:00:00,1.796582,1.068587927,0,0.0001,1.068587927,0
2002-12-24 00:00:00,1.719675,0.938390319,0,0.0001,0.938390319,0
2002-12-25 00:00:00,1.802237,0.79134374,0,0.0001,0.79134374,0
2002-12-26 00:00:00,1.782262,0.676874431,0,0.0001,0.676874431,0
2002-12-27 00:00:00,1.768425,0.568040192,0,0.0001,0.568040192,0
2002-12-28 00:00:00,1.756332,0.467471991,0,0.0001,0.467471991,0
2002-12-29 00:00:00,1.732242,0.377899311,0,0.0001,0.377899311,0
2002-12-30 00:00:00,1.485447,0.330277884,0,0.0001,0.330277884,0
2002-12-31 00:00:00,1.644255,0.226559272,0,0.0001,0.226559272,0
2003-01-01 00:00:00,1.443822,0.177491591,0,0.0001,0.177491591,0
2003-01-02 00:00:00,1.58079,0.08974066,0,0.0001,0.08974066,0
2003-01-03 00:00:00,3.068439,-0.070342134,0,0.0001,-0.070342134,0
2003-01-04 00:00:00,1.368375,-0.011191171,0,0.0001,-0.011191171,0
2003-01-05 00:00:00,1.579037,-0.08642711,0,0.0001,-0.08642711,0
2003-01-06 00:00:00,3.204294,-0.226624469,0,0.0001,-0.226624469,0
2003-01-07 00:00:00,3.26034,-0.265348354,0,0.0001,-0.265348354,0
2003-01-08 00:00:00,2.999747,-0.297913189,0,0.0001,-0.297913189,0
2003-01-09 00:00:00,2.973912,-0.32763956,0,0.0001,-0.32763956,0
2003-01-10 00:00:00,2.950603,-0.354358005,0,0.0001,-0.354358005,0
2003-01-11 00:00:00,2.926611,-0.378061706,0,0.0001,-0.378061706,0
2003-01-12 00:00:00,2.890645,-0.397175771,0,0.0001,-0.397175771,0
2003-01-13 00:00:00,2.889946,-0.418414229,0,0.0001,-0.418414229,0
2003-01-14 00:00:00,2.869809,-0.430425384,0,0.0001,-0.430425384,0
2003-01-15 00:00:00,3.025567,-0.44692973,0,0.0001,-0.44692973,0
2003-01-16 00:00:00,2.834397,-0.447736845,0,0.0001,-0.447736845,0
2003-01-17 00:00:00,2.818075,-0.451053067,0,0.0001,-0.451053067,0
2003-01-18 00:00:00,2.806254,-0.450960779,0,0.0001,-0.450960779,0
2003-01-19 00:00:00,2.787729,-0.446397326,0,0.0001,-0.446397326,0
2003-01-20 00:00:00,2.770287,-0.438330621,0,0.0001,-0.438330621,0
2003-01-21 00:00:00,2.753764,-0.426787636,0,0.0001,-0.426787636,0
2003-01-22 00:00:00,2.920151,-0.417502742,0,0.0001,-0.417502742,0
2003-01-23 00:00:00,2.723841,-0.393141185,0,0.0001,-0.393141185,0
2003-01-24 00:00:00,2.707595,-0.370669387,0,0.0001,-0.370669387,0
2003-01-25 00:00:00,2.687715,-0.344204154,0,0.0001,-0.344204154,0
2003-01-26 00:00:00,2.88814,-0.321033423,0,0.0001,-0.321033423,0
2003-01-27 00:00:00,2.649837,-0.281846504,0,0.0001,-0.281846504,0
2003-01-28 00:00:00,2.76946,-0.253990692,0,0.0001,-0.253990692,0
2003-01-29 00:00:00,2.882104,-0.213224793,0,0.0001,-0.213224793,0
2003-01-30 00:00:00,2.750267,-0.174974465,0,0.0001,-0.174974465,0
2003-01-31 00:00:00,2.916802,-0.129294418,0,0.0001,-0.129294418,0
2003-02-01 00:00:00,2.926191,-0.085774059,0,0.0001,-0.085774059,0
2003-02-02 00:00:00,2.712449,-0.034829568,0,0.0001,-0.034829568,0
2003-02-03 00:00:00,2.957635,-0.003873122,0,0.0001,-0.003873122,0
2003-02-04 00:00:00,3.067383,0.043190398,0,0.0001,0.043190398,0
2003-02-05 00:00:00,2.770391,0.116306894,0,0.0001,0.116306894,0
2003-02-06 00:00:00,2.742415,0.185100067,0,0.0001,0.185100067,0
2003-02-07 00:00:00,3.026657,0.245176406,0,0.0001,0.245176406,0
2003-02-08 00:00:00,2.712557,0.326099715,0,0.0001,0.326099715,0
2003-02-09 00:00:00,2.96919,0.391477405,0,0.0001,0.391477405,0
2003-02-10 00:00:00,3.006291,0.471953874,0,0.0001,0.471953874,0
2003-02-11 00:00:00,2.836574,0.55289195,0,0.0001,0.55289195,0
2003-02-12 00:00:00,3.041989,0.639581571,0,0.0001,0.639581571,0
2003-02-13 00:00:00,2.769947,0.734965257,0,0.0001,0.734965257,0
2003-02-14 00:00:00,2.999859,0.822711682,0,0.0001,0.822711682,0
2003-02-15 00:00:00,2.720463,0.925431849,0,0.0001,0.925431849,0
2003-02-16 00:00:00,2.982903,1.019946961,0,0.0001,1.019946961,0
2003-02-17 00:00:00,2.662209,1.129985603,0,0.0001,1.129985603,0
2003-02-18 00:00:00,2.96698,1.231622849,0,0.0001,1.231622849,0
2003-02-19 00:00:00,2.948331,1.342921989,0,0.0001,1.342921989,0
2003-02-20 00:00:00,3.381637,1.432960223,0,0.0001,1.432960223,0
2003-02-21 00:00:00,3.923933,1.47906899,0,0.0001,1.47906899,0
2003-02-22 00:00:00,3.620902,1.576886856,0,0.0001,1.576886856,0
2003-02-23 00:00:00,2.65614,1.758372397,0,0.0001,1.758372397,0
2003-02-24 00:00:00,3.606209,1.84498417,0,0.0001,1.84498417,0
2003-02-25 00:00:00,3.620922,1.962219447,0,0.0001,1.962219447,0
2003-02-26 00:00:00,3.606275,2.081844404,0,0.0001,2.081844404,0
2003-02-27 00:00:00,3.583128,2.207492025,0,0.0001,2.207492025,0
2003-02-28 00:00:00,3.546532,2.338905235,0,0.0001,2.338905235,0
2003-03-01 00:00:00,3.471543,2.474583276,0,0.0001,2.474583276,0
2003-03-02 00:00:00,3.454808,2.615087737,0,0.0001,2.615087737,0
2003-03-03 00:00:00,3.398933,2.759477951,0,0.0001,2.759477951,0
2003-03-04 00:00:00,3.143061,2.910362092,0,0.0001,2.910362092,0
2003-03-05 00:00:00,3.489909,3.05658858,0,0.0001,3.05658858,0
2003-03-06 00:00:00,3.475037,3.210016182,0,0.0001,3.210016182,0
2003-03-07 00:00:00,3.459885,3.368644202,0,0.0001,3.368644202,0
2003-03-08 00:00:00,3.307034,3.534548262,0,0.0001,3.534548262,0
2003-03-09 00:00:00,3.438153,3.696332296,0,0.0001,3.696332296,0
2003-03-10 00:00:00,3.423792,3.865609908,0,0.0001,3.865609908,0
2003-03-11 00:00:00,3.4043,4.038765868,0,0.0001,4.038765868,0
2003-03-12 00:00:00,3.37064,4.21473402,0,0.0001,4.21473402,0
2003-03-13 00:00:00,3.408822,4.392088765,0,0.0001,4.392088765,0
2003-03-14 00:00:00,4.562717,4.501698177,0,0.0001,4.501698177,0
2003-03-15 00:00:00,3.988087,4.655433372,0,0.0001,4.655433372,0
2003-03-16 00:00:00,3.928601,4.858739111,0,0.0001,4.858739111,0
2003-03-17 00:00:00,3.851276,5.053269225,0,0.0001,5.053269225,0
2003-03-18 00:00:00,3.707906,5.244085214,0,0.0001,5.244085214,0
2003-03-19 00:00:00,3.860847,5.408754395,0,0.0001,5.408754395,0
2003-03-20 00:00:00,4.056324,5.566966365,0,0.0001,5.566966365,0
2003-03-21 00:00:00,4.060274,5.753078861,0,0.0001,5.753078861,0
2003-03-22 00:00:00,4.091526,5.948608826,0,0.0001,5.948608826,0
2003-03-23 00:00:00,4.040449,6.154445572,0,0.0001,6.154445572,0
2003-03-24 00:00:00,3.886164,6.360781436,0,0.0001,6.360781436,0
2003-03-25 00:00:00,3.828769,6.565931141,0,0.0001,6.565931141,0
2003-03-26 00:00:00,3.719674,6.772020583,0,0.0001,6.772020583,0
2003-03-27 00:00:00,3.926546,6.935882947,0,0.0001,6.935882947,0
2003-03-28 00:00:00,5.002121,7.041729005,0,0.0001,7.041729005,0
2003-03-29 00:00:00,4.886071,7.248272431,0,0.0001,7.248272431,0
2003-03-30 00:00:00,4.871556,7.464428099,0,0.0001,7.464428099,0
2003-03-31 00:00:00,4.874356,7.671065428,0,0.0001,7.671065428,0
2003-04-01 00:00:00,3.421279,7.863760053,0,0.0001,7.863760053,0
2003-04-02 00:00:00,4.702438,8.092900704,0,0.0001,8.092900704,0
2003-04-03 00:00:00,4.599693,8.307815307,0,0.0001,8.307815307,0
2003-04-04 00:00:00,3.885377,8.479836979,0,0.0001,8.479836979,0
2003-04-05 00:00:00,5.104342,8.689922943,0,0.0001,8.689922943,0
2003-04-06 00:00:00,5.011944,8.913900471,0,0.0001,8.913900471,0
2003-04-07 00:00:00,4.932981,9.141383746,0,0.0001,9.141383746,0
2003-04-08 00:00:00,5.181877,9.351177083,0,0.0001,9.351177083,0
2003-04-09 00:00:00,6.379584,9.505001899,0,0.0001,9.505001899,0
2003-04-10 00:00:00,5.716566,9.738790836,0,0.0001,9.738790836,0
2003-04-11 00:00:00,5.538968,9.980624297,0,0.0001,9.980624297,0
2003-04-12 00:00:00,5.313321,10.21735071,0,0.0001,10.21735071,0
2003-04-13 00:00:00,5.266203,10.44713906,0,0.0001,10.44713906,0
2003-04-14 00:00:00,5.16597,10.6870346,0,0.0001,10.6870346,0
2003-04-15 00:00:00,3.790328,10.91305665,0,0.0001,10.91305665,0
2003-04-16 00:00:00,4.597361,11.18542241,0,0.0001,11.18542241,0
2003-04-17 00:00:00,4.503261,11.42512315,0,0.0001,11.42512315,0
2003-04-18 00:00:00,4.491522,11.66055487,0,0.0001,11.66055487,0
2003-04-19 00:00:00,4.889178,11.84029234,0,0.0001,11.84029234,0
2003-04-20 00:00:00,4.264146,12.02353423,0,0.0001,12.02353423,0
2003-04-21 00:00:00,4.99769,12.28430213,0,0.0001,12.28430213,0
2003-04-22 00:00:00,4.191806,12.50047426,0,0.0001,12.50047426,0
2003-04-23 00:00:00,4.916134,12.76483388,0,0.0001,12.76483388,0
2003-04-24 00:00:00,3.911749,12.98964714,0,0.0001,12.98964714,0
2003-04-25 00:00:00,4.606475,13.2596789,0,0.0001,13.2596789,0
2003-04-26 00:00:00,4.469114,13.50923535,0,0.0001,13.50923535,0
2003-04-27 00:00:00,3.448532,13.73562226,0,0.0001,13.73562226,0
2003-04-28 00:00:00,4.117186,14.01667935,0,0.0001,14.01667935,0
2003-04-29 00:00:00,3.922321,14.27064791,0,0.0001,14.27064791,0
2003-04-30 00:00:00,5.563061,14.25328122,0,0.0001,14.25328122,0
2003-05-01 00:00:00,4.34149,14.24564191,0,0.0001,14.24564191,0
2003-05-02 00:00:00,4.33481,14.46302211,0,0.0001,14.46302211,0
2003-05-03 00:00:00,6.828257,14.81713093,0,0.0001,14.81713093,0
2003-05-04 00:00:00,6.517251,15.0108809,0,0.0001,15.0108809,0
2003-05-05 00:00:00,8.38346,15.15209575,0,0.0001,15.15209575,0
2003-05-06 00:00:00,5.784043,15.35071571,0,0.0001,15.35071571,0
2003-05-07 00:00:00,9.219341,15.55089986,0,0.0001,15.55089986,0
2003-05-08 00:00:00,6.899207,15.68748051,0,0.0001,15.68748051,0
2003-05-09 00:00:00,10.626053,15.9195685,0,0.0001,15.9195685,0
2003-05-10 00:00:00,7.852698,16.04777583,0,0.0001,16.04777583,0
2003-05-11 00:00:00,9.44197,16.16082933,0,0.0001,16.16082933,0
2003-05-12 00:00:00,9.450464,16.38394115,0,0.0001,16.38394115,0
2003-05-13 00:00:00,10.181535,16.62811864,0,0.0001,16.62811864,0
2003-05-14 00:00:00,9.943372,16.7863168,0,0.0001,16.7863168,0
2003-05-15 00:00:00,9.489554,17.02262028,0,0.0001,17.02262028,0
2003-05-16 00:00:00,8.995577,17.2558615,0,0.0001,17.2558615,0
2003-05-17 00:00:00,8.702167,17.4882658,0,0.0001,17.4882658,0
2003-05-18 00:00:00,12.673097,17.75588405,0,0.0001,17.75588405,0
2003-05-19 00:00:00,7.977059,17.92381735,0,0.0001,17.92381735,0
2003-05-20 00:00:00,8.045984,18.12504173,0,0.0001,18.12504173,0
2003-05-21 00:00:00,7.440911,18.36389916,0,0.0001,18.36389916,0
2003-05-22 00:00:00,6.928909,18.59748072,0,0.0001,18.59748072,0
2003-05-23 00:00:00,6.548576,18.82130755,0,0.0001,18.82130755,0
2003-05-24 00:00:00,6.097803,19.05079309,0,0.0001,19.05079309,0
2003-05-25 00:00:00,6.948523,19.30739352,0,0.0001,19.30739352,0
2003-05-26 00:00:00,9.623251,19.57183042,0,0.0001,19.57183042,0
2003-05-27 00:00:00,9.054658,19.80513697,0,0.0001,19.80513697,0
2003-05-28 00:00:00,7.557693,20.01923953,0,0.0001,20.01923953,0
2003-05-29 00:00:00,8.386124,20.23965741,0,0.0001,20.23965741,0
2003-05-30 00:00:00,5.874547,20.38419408,0,0.0001,20.38419408,0
2003-05-31 00:00:00,8.167762,20.63007609,0,0.0001,20.63007609,0
2003-06-01 00:00:00,7.783647,20.85025763,0,0.0001,20.85025763,0
2003-06-02 00:00:00,7.32158,21.06910858,0,0.0001,21.06910858,0
2003-06-03 00:00:00,6.171184,21.2682044,0,0.0001,21.2682044,0
2003-06-04 00:00:00,5.905298,21.47508684,0,0.0001,21.47508684,0
2003-06-05 00:00:00,6.51493,21.67866772,0,0.0001,21.67866772,0
2003-06-06 00:00:00,6.156649,21.87162145,0,0.0001,21.87162145,0
2003-06-07 00:00:00,6.26442,22.0331062,0,0.0001,22.0331062,0
2003-06-08 00:00:00,6.351003,22.15503956,0,0.0001,22.15503956,0
2003-06-09 00:00:00,5.018222,22.29997061,0,0.0001,22.29997061,0
2003-06-10 00:00:00,6.12634,22.5138032,0,0.0001,22.5138032,0
2003-06-11 00:00:00,5.863893,22.69238325,0,0.0001,22.69238325,0
2003-06-12 00:00:00,5.584022,22.8763595,0,0.0001,22.8763595,0
2003-06-13 00:00:00,5.358873,23.05129635,0,0.0001,23.05129635,0
2003-06-14 00:00:00,5.075493,23.22961743,0,0.0001,23.22961743,0
2003-06-15 00:00:00,4.935081,23.39167806,0,0.0001,23.39167806,0
2003-06-16 00:00:00,4.693038,23.56300786,0,0.0001,23.56300786,0
2003-06-17 00:00:00,3.82521,23.70106171,0,0.0001,23.70106171,0
2003-06-18 00:00:00,3.510973,23.85207341,0,0.0001,23.85207341,0
2003-06-19 00:00:00,3.398204,23.92021066,0,0.0001,23.92021066,0
2003-06-20 00:00:00,3.089153,24.07050449,0,0.0001,24.07050449,0
2003-06-21 00:00:00,3.977673,24.27935775,0,0.0001,24.27935775,0
2003-06-22 00:00:00,3.767251,24.43161128,0,0.0001,24.43161128,0
2003-06-23 00:00:00,3.485226,24.59460238,0,0.0001,24.59460238,0
2003-06-24 00:00:00,3.756293,24.60955558,0,0.0001,24.60955558,0
2003-06-25 00:00:00,1.536542,24.40873072,0,0.0001,24.40873072,0
2003-06-26 00:00:00,3.853972,24.77732902,0,0.0001,24.77732902,0
2003-06-27 00:00:00,3.771707,24.89934656,0,0.0001,24.89934656,0
2003-06-28 00:00:00,4.3667,24.6593474,0,0.0001,24.6593474,0
2003-06-29 00:00:00,4.136548,24.80553084,0,0.0001,24.80553084,0
2003-06-30 00:00:00,3.863641,24.93391846,0,0.0001,24.93391846,0
2003-07-01 00:00:00,3.567562,25.04754603,0,0.0001,25.04754603,0
2003-07-02 00:00:00,3.94429,25.21507107,0,0.0001,25.21507107,0
2003-07-03 00:00:00,3.857894,25.29209045,0,0.0001,25.29209045,0
2003-07-04 00:00:00,3.972018,25.29182365,0,0.0001,25.29182365,0
2003-07-05 00:00:00,4.411704,25.28396962,0,0.0001,25.28396962,0
2003-07-06 00:00:00,4.534102,25.29885721,0,0.0001,25.29885721,0
2003-07-07 00:00:00,2.590386,25.04438484,0,0.0001,25.04438484,0
2003-07-08 00:00:00,4.72432,25.36369256,0,0.0001,25.36369256,0
2003-07-09 00:00:00,2.755318,25.1166168,0,0.0001,25.1166168,0
2003-07-10 00:00:00,2.979576,25.15373269,0,0.0001,25.15373269,0
2003-07-11 00:00:00,2.754083,25.25401963,0,0.0001,25.25401963,0
2003-07-12 00:00:00,2.529241,25.35467393,0,0.0001,25.35467393,0
2003-07-13 00:00:00,4.376333,25.68212548,0,0.0001,25.68212548,0
2003-07-14 00:00:00,5.147991,25.52672465,0,0.0001,25.52672465,0
2003-07-15 00:00:00,4.456685,25.19249222,0,0.0001,25.19249222,0
2003-07-16 00:00:00,3.717183,25.31343107,0,0.0001,25.31343107,0
2003-07-17 00:00:00,3.46318,25.3769715,0,0.0001,25.3769715,0
2003-07-18 00:00:00,3.342913,25.43446679,0,0.0001,25.43446679,0
2003-07-19 00:00:00,5.401929,25.61887551,0,0.0001,25.61887551,0
2003-07-20 00:00:00,3.054783,25.49807487,0,0.0001,25.49807487,0
2003-07-21 00:00:00,3.206729,25.48202587,0,0.0001,25.48202587,0
2003-07-22 00:00:00,2.949865,25.57070085,0,0.0001,25.57070085,0
2003-07-23 00:00:00,2.800639,25.58201561,0,0.0001,25.58201561,0
2003-07-24 00:00:00,2.605224,25.61020102,0,0.0001,25.61020102,0
2003-07-25 00:00:00,2.422349,25.63029368,0,0.0001,25.63029368,0
2003-07-26 00:00:00,2.250768,25.64377794,0,0.0001,25.64377794,0
2003-07-27 00:00:00,2.658783,25.70503051,0,0.0001,25.70503051,0
2003-07-28 00:00:00,1.887438,25.68427797,0,0.0001,25.68427797,0
2003-07-29 00:00:00,2.25235,25.70715965,0,0.0001,25.70715965,0
2003-07-30 00:00:00,2.023035,25.71330682,0,0.0001,25.71330682,0
2003-07-31 00:00:00,3.223432,25.72642085,0,0.0001,25.72642085,0
2003-08-01 00:00:00,1.661004,25.57580489,0,0.0001,25.57580489,0
2003-08-02 00:00:00,1.542244,25.56878525,0,0.0001,25.56878525,0
2003-08-03 00:00:00,2.144201,25.57140699,0,0.0001,25.57140699,0
2003-08-04 00:00:00,3.105773,25.55679888,0,0.0001,25.55679888,0
2003-08-05 00:00:00,1.430517,25.38368683,0,0.0001,25.38368683,0
2003-08-06 00:00:00,1.375007,25.33100648,0,0.0001,25.33100648,0
2003-08-07 00:00:00,1.292244,25.30078227,0,0.0001,25.30078227,0
2003-08-08 00:00:00,1.644346,25.36668302,0,0.0001,25.36668302,0
2003-08-09 00:00:00,1.146433,25.17479027,0,0.0001,25.17479027,0
2003-08-10 00:00:00,1.077936,25.09905657,0,0.0001,25.09905657,0
2003-08-11 00:00:00,1.233294,25.19469091,0,0.0001,25.19469091,0
2003-08-12 00:00:00,0.892478,25.01302604,0,0.0001,25.01302604,0
2003-08-13 00:00:00,1.096455,25.020537,0,0.0001,25.020537,0
2003-08-14 00:00:00,1.027053,24.93915505,0,0.0001,24.93915505,0
2003-08-15 00:00:00,0.766271,24.68891506,0,0.0001,24.68891506,0
2003-08-16 00:00:00,0.870202,24.72864557,0,0.0001,24.72864557,0
2003-08-17 00:00:00,0.639006,24.56116081,0,0.0001,24.56116081,0
2003-08-18 00:00:00,0.61813,24.42797705,0,0.0001,24.42797705,0
2003-08-19 00:00:00,0.727402,24.43019387,0,0.0001,24.43019387,0
2003-08-20 00:00:00,0.564937,24.19488886,0,0.0001,24.19488886,0
2003-08-21 00:00:00,0.551356,24.03857905,0,0.0001,24.03857905,0
2003-08-22 00:00:00,0.490798,23.97120227,0,0.0001,23.97120227,0
2003-08-23 00:00:00,0.566072,24.10273233,0,0.0001,24.10273233,0
2003-08-24 00:00:00,0.456187,23.67499257,0,0.0001,23.67499257,0
2003-08-25 00:00:00,0.425434,23.6109836,0,0.0001,23.6109836,0
2003-08-26 00:00:00,0.412828,23.4228897,0,0.0001,23.4228897,0
2003-08-27 00:00:00,0.940548,23.99109069,0,0.0001,23.99109069,0
2003-08-28 00:00:00,0.495184,23.20712533,0,0.0001,23.20712533,0
2003-08-29 00:00:00,0.49174,23.01404136,0,0.0001,23.01404136,0
2003-08-30 00:00:00,0.419864,23.02556658,0,0.0001,23.02556658,0
2003-08-31 00:00:00,0.403571,23.04985042,0,0.0001,23.04985042,0
2003-09-01 00:00:00,0.360122,22.77697894,0,0.0001,22.77697894,0
2003-09-02 00:00:00,0.364011,22.54216614,0,0.0001,22.54216614,0
2003-09-03 00:00:00,0.348876,22.37621595,0,0.0001,22.37621595,0
2003-09-04 00:00:00,0.700687,22.90498551,0,0.0001,22.90498551,0
2003-09-05 00:00:00,0.316021,22.06679261,0,0.0001,22.06679261,0
2003-09-06 00:00:00,0.316808,21.86198523,0,0.0001,21.86198523,0
2003-09-07 00:00:00,0.662927,22.45122635,0,0.0001,22.45122635,0
2003-09-08 00:00:00,0.2904,21.56317401,0,0.0001,21.56317401,0
2003-09-09 00:00:00,0.2645,21.47641605,0,0.0001,21.47641605,0
2003-09-10 00:00:00,0.518642,22.05789032,0,0.0001,22.05789032,0
2003-09-11 00:00:00,0.495754,21.90616304,0,0.0001,21.90616304,0
2003-09-12 00:00:00,0.5027,21.53080139,0,0.0001,21.53080139,0
2003-09-13 00:00:00,1.652054,20.56936005,0,0.0001,20.56936005,0
2003-09-14 00:00:00,1.968571,19.98562976,0,0.0001,19.98562976,0
2003-09-15 00:00:00,1.970478,19.79521065,0,0.0001,19.79521065,0
2003-09-16 00:00:00,2.071972,19.55758523,0,0.0001,19.55758523,0
2003-09-17 00:00:00,2.234021,19.3621343,0,0.0001,19.3621343,0
2003-09-18 00:00:00,2.108186,19.21561529,0,0.0001,19.21561529,0
2003-09-19 00:00:00,1.887967,19.06783072,0,0.0001,19.06783072,0
2003-09-20 00:00:00,2.117951,18.95018872,0,0.0001,18.95018872,0
2003-09-21 00:00:00,1.543383,18.74150051,0,0.0001,18.74150051,0
2003-09-22 00:00:00,1.5448,18.52592673,0,0.0001,18.52592673,0
2003-09-23 00:00:00,1.490071,18.33556853,0,0.0001,18.33556853,0
2003-09-24 00:00:00,1.398634,18.15808813,0,0.0001,18.15808813,0
2003-09-25 00:00:00,1.314761,17.97714408,0,0.0001,17.97714408,0
2003-09-26 00:00:00,1.24657,17.78709796,0,0.0001,17.78709796,0
2003-09-27 00:00:00,1.19401,17.59338915,0,0.0001,17.59338915,0
2003-09-28 00:00:00,1.145851,17.39934363,0,0.0001,17.39934363,0
2003-09-29 00:00:00,1.11866,17.18739766,0,0.0001,17.18739766,0
2003-09-30 00:00:00,1.067198,16.9878475,0,0.0001,16.9878475,0
2003-10-01 00:00:00,0.998264,16.79945552,0,0.0001,16.79945552,0
2003-10-02 00:00:00,0.945911,16.600149,0,0.0001,16.600149,0
2003-10-03 00:00:00,0.893553,16.41024754,0,0.0001,16.41024754,0
2003-10-04 00:00:00,0.85531,16.20050628,0,0.0001,16.20050628,0
2003-10-05 00:00:00,0.810469,15.99983724,0,0.0001,15.99983724,0
2003-10-06 00:00:00,1.296214,15.85215425,0,0.0001,15.85215425,0
2003-10-07 00:00:00,1.267306,15.65754011,0,0.0001,15.65754011,0
2003-10-08 00:00:00,0.677067,15.40474176,0,0.0001,15.40474176,0
2003-10-09 00:00:00,1.09259,15.29948376,0,0.0001,15.29948376,0
2003-10-10 00:00:00,1.035749,15.11511262,0,0.0001,15.11511262,0
2003-10-11 00:00:00,0.574601,14.80786808,0,0.0001,14.80786808,0
2003-10-12 00:00:00,1.123897,14.61884885,0,0.0001,14.61884885,0
2003-10-13 00:00:00,0.70534,14.26480507,0,0.0001,14.26480507,0
2003-10-14 00:00:00,0.92314,13.90694235,0,0.0001,13.90694235,0
2003-10-15 00:00:00,0.854343,13.71583332,0,0.0001,13.71583332,0
2003-10-16 00:00:00,0.778034,13.54727172,0,0.0001,13.54727172,0
2003-10-17 00:00:00,0.738101,13.35464621,0,0.0001,13.35464621,0
2003-10-18 00:00:00,0.71197,13.15200125,0,0.0001,13.15200125,0
2003-10-19 00:00:00,0.676812,12.95438685,0,0.0001,12.95438685,0
2003-10-20 00:00:00,0.664381,12.74451169,0,0.0001,12.74451169,0
2003-10-21 00:00:00,0.584435,12.57451651,0,0.0001,12.57451651,0
2003-10-22 00:00:00,0.564489,12.36886863,0,0.0001,12.36886863,0
2003-10-23 00:00:00,0.950633,12.22339326,0,0.0001,12.22339326,0
2003-10-24 00:00:00,0.684246,11.87438753,0,0.0001,11.87438753,0
2003-10-25 00:00:00,0.801876,11.55383001,0,0.0001,11.55383001,0
2003-10-26 00:00:00,0.73745,11.35459269,0,0.0001,11.35459269,0
2003-10-27 00:00:00,0.691968,11.1679092,0,0.0001,11.1679092,0
2003-10-28 00:00:00,0.679841,10.95831732,0,0.0001,10.95831732,0
2003-10-29 00:00:00,1.159889,10.76014253,0,0.0001,10.76014253,0
2003-10-30 00:00:00,0.701328,10.50699772,0,0.0001,10.50699772,0
2003-10-31 00:00:00,1.155328,10.32009801,0,0.0001,10.32009801,0
2003-11-01 00:00:00,1.223028,10.10808886,0,0.0001,10.10808886,0
2003-11-02 00:00:00,3.225165,9.511678896,0,0.0001,9.511678896,0
2003-11-03 00:00:00,7.227281,9.157723392,0,0.0001,9.157723392,0
2003-11-04 00:00:00,12.313886,9.036705967,0,0.0001,9.036705967,0
2003-11-05 00:00:00,9.884542,8.828892946,0,0.0001,8.828892946,0
2003-11-06 00:00:00,8.687729,8.343751876,0,0.0001,8.343751876,0
2003-11-07 00:00:00,7.494798,7.932273442,0,0.0001,7.932273442,0
2003-11-08 00:00:00,6.860335,7.570737391,0,0.0001,7.570737391,0
2003-11-09 00:00:00,6.616223,7.247706668,0,0.0001,7.247706668,0
2003-11-10 00:00:00,7.97777,6.940209579,0,0.0001,6.940209579,0
2003-11-11 00:00:00,6.163707,6.724268315,0,0.0001,6.724268315,0
2003-11-12 00:00:00,5.879063,6.506885054,0,0.0001,6.506885054,0
2003-11-13 00:00:00,5.51965,6.303895048,0,0.0001,6.303895048,0
2003-11-14 00:00:00,5.165006,6.112967283,0,0.0001,6.112967283,0
2003-11-15 00:00:00,4.809681,5.930219252,0,0.0001,5.930219252,0
2003-11-16 00:00:00,7.104541,5.734405506,0,0.0001,5.734405506,0
2003-11-17 00:00:00,7.104574,5.573405595,0,0.0001,5.573405595,0
2003-11-18 00:00:00,4.856165,5.431080764,0,0.0001,5.431080764,0
2003-11-19 00:00:00,4.473613,5.246481645,0,0.0001,5.246481645,0
2003-11-20 00:00:00,4.174799,5.087785459,0,0.0001,5.087785459,0
2003-11-21 00:00:00,6.811922,4.87356004,0,0.0001,4.87356004,0
2003-11-22 00:00:00,7.798626,4.743336787,0,0.0001,4.743336787,0
2003-11-23 00:00:00,8.726018,4.781482598,0,0.0001,4.781482598,0
2003-11-24 00:00:00,8.010328,4.666406402,0,0.0001,4.666406402,0
2003-11-25 00:00:00,7.945918,4.469363027,0,0.0001,4.469363027,0
2003-11-26 00:00:00,7.481608,4.14459882,0,0.0001,4.14459882,0
2003-11-27 00:00:00,6.855016,3.860420042,0,0.0001,3.860420042,0
2003-11-28 00:00:00,6.357957,3.612085838,0,0.0001,3.612085838,0
2003-11-29 00:00:00,6.019914,3.392971253,0,0.0001,3.392971253,0
2003-11-30 00:00:00,5.719354,3.195263465,0,0.0001,3.195263465,0
2003-12-01 00:00:00,5.42358,3.014761831,0,0.0001,3.014761831,0
2003-12-02 00:00:00,8.999345,2.795256959,0,0.0001,2.795256959,0
2003-12-03 00:00:00,8.884868,2.643606104,0,0.0001,2.643606104,0
2003-12-04 00:00:00,7.410288,2.511616224,0,0.0001,2.511616224,0
2003-12-05 00:00:00,5.894722,2.390131753,0,0.0001,2.390131753,0
2003-12-06 00:00:00,8.206002,2.235110053,0,0.0001,2.235110053,0
2003-12-07 00:00:00,7.917555,2.11210662,0,0.0001,2.11210662,0
2003-12-08 00:00:00,7.654381,1.990773715,0,0.0001,1.990773715,0
2003-12-09 00:00:00,8.985329,1.924880876,0,0.0001,1.924880876,0
2003-12-10 00:00:00,9.855376,1.862577815,0,0.0001,1.862577815,0
2003-12-11 00:00:00,11.844994,1.681413665,0,0.0001,1.681413665,0
2003-12-12 00:00:00,12.145336,1.537958459,0,0.0001,1.537958459,0
2003-12-13 00:00:00,11.834749,1.348388109,0,0.0001,1.348388109,0
2003-12-14 00:00:00,11.333129,1.168441504,0,0.0001,1.168441504,0
2003-12-15 00:00:00,8.852864,1.051199472,0,0.0001,1.051199472,0
2003-12-16 00:00:00,10.589279,0.868614601,0,0.0001,0.868614601,0
2003-12-17 00:00:00,10.207863,0.743669,0,0.0001,0.743669,0
2003-12-18 00:00:00,8.518124,0.641574328,0,0.0001,0.641574328,0
2003-12-19 00:00:00,9.567804,0.515744742,0,0.0001,0.515744742,0
2003-12-20 00:00:00,9.277918,0.413618223,0,0.0001,0.413618223,0
2003-12-21 00:00:00,9.013573,0.319776082,0,0.0001,0.319776082,0
2003-12-22 00:00:00,7.702101,0.241307027,0,0.0001,0.241307027,0
2003-12-23 00:00:00,8.445226,0.150401532,0,0.0001,0.150401532,0
2003-12-24 00:00:00,8.202185,0.074744309,0,0.0001,0.074744309,0
2003-12-25 00:00:00,7.947981,0.003946217,0,0.0001,0.003946217,0
2003-12-26 00:00:00,7.70196,-0.062062678,0,0.0001,-0.062062678,0
2003-12-27 00:00:00,7.660665,-0.13334657,0,0.0001,-0.13334657,0
2003-12-28 00:00:00,7.859909,-0.218064166,0,0.0001,-0.218064166,0
2003-12-29 00:00:00,7.549883,-0.263089685,0,0.0001,-0.263089685,0
2003-12-30 00:00:00,7.313412,-0.30594479,0,0.0001,-0.30594479,0
2003-12-31 00:00:00,7.121743,-0.34900248,0,0.0001,-0.34900248,0
2004-01-01 00:00:00,6.887264,-0.393136156,0,0.0001,-0.393136156,0
2004-01-02 00:00:00,5.565912,-0.421486513,0,0.0001,-0.421486513,0
2004-01-03 00:00:00,6.601926,-0.478806888,0,0.0001,-0.478806888,0
2004-01-04 00:00:00,2.434801,-0.432430177,0,0.0001,-0.432430177,0
2004-01-05 00:00:00,6.309121,-0.549313151,0,0.0001,-0.549313151,0
2004-01-06 00:00:00,6.137347,-0.580081856,0,0.0001,-0.580081856,0
2004-01-07 00:00:00,5.97277,-0.607321852,0,0.0001,-0.607321852,0
2004-01-08 00:00:00,5.817635,-0.63105842,0,0.0001,-0.63105842,0
2004-01-09 00:00:00,5.674349,-0.651305822,0,0.0001,-0.651305822,0
2004-01-10 00:00:00,5.537964,-0.668075502,0,0.0001,-0.668075502,0
2004-01-11 00:00:00,5.429749,-0.680447184,0,0.0001,-0.680447184,0
2004-01-12 00:00:00,5.310648,-0.689632862,0,0.0001,-0.689632862,0
2004-01-13 00:00:00,5.19224,-0.695124429,0,0.0001,-0.695124429,0
2004-01-14 00:00:00,5.065798,-0.697667546,0,0.0001,-0.697667546,0
2004-01-15 00:00:00,4.968742,-0.696542194,0,0.0001,-0.696542194,0
2004-01-16 00:00:00,4.68284,-0.696894413,0,0.0001,-0.696894413,0
2004-01-17 00:00:00,4.926103,-0.68349423,0,0.0001,-0.68349423,0
2004-01-18 00:00:00,4.796612,-0.677733785,0,0.0001,-0.677733785,0
2004-01-19 00:00:00,4.279417,-0.656638829,0,0.0001,-0.656638829,0
2004-01-20 00:00:00,2.600785,-0.598354882,0,0.0001,-0.598354882,0
2004-01-21 00:00:00,4.54435,-0.623327031,0,0.0001,-0.623327031,0
2004-01-22 00:00:00,4.451053,-0.599044838,0,0.0001,-0.599044838,0
2004-01-23 00:00:00,4.240859,-0.573588247,0,0.0001,-0.573588247,0
2004-01-24 00:00:00,4.365801,-0.540876742,0,0.0001,-0.540876742,0
2004-01-25 00:00:00,4.279571,-0.507180448,0,0.0001,-0.507180448,0
2004-01-26 00:00:00,3.977335,-0.471959008,0,0.0001,-0.471959008,0
2004-01-27 00:00:00,3.455063,-0.415467638,0,0.0001,-0.415467638,0
2004-01-28 00:00:00,3.303206,-0.37016692,0,0.0001,-0.37016692,0
2004-01-29 00:00:00,4.105854,-0.338281718,0,0.0001,-0.338281718,0
2004-01-30 00:00:00,4.046753,-0.288269326,0,0.0001,-0.288269326,0
2004-01-31 00:00:00,3.992485,-0.234977841,0,0.0001,-0.234977841,0
2004-02-01 00:00:00,3.920059,-0.179640859,0,0.0001,-0.179640859,0
2004-02-02 00:00:00,3.705633,-0.120731283,0,0.0001,-0.120731283,0
2004-02-03 00:00:00,4.028858,-0.074501612,0,0.0001,-0.074501612,0
2004-02-04 00:00:00,3.959547,-0.010262542,0,0.0001,-0.010262542,0
2004-02-05 00:00:00,3.517428,0.061151666,0,0.0001,0.061151666,0
2004-02-06 00:00:00,2.909041,0.151872348,0,0.0001,0.151872348,0
2004-02-07 00:00:00,3.970198,0.205523307,0,0.0001,0.205523307,0
2004-02-08 00:00:00,3.90701,0.284062021,0,0.0001,0.284062021,0
2004-02-09 00:00:00,3.861112,0.366232773,0,0.0001,0.366232773,0
2004-02-10 00:00:00,3.792527,0.451866462,0,0.0001,0.451866462,0
2004-02-11 00:00:00,3.730918,0.540197253,0,0.0001,0.540197253,0
2004-02-12 00:00:00,3.631554,0.63209514,0,0.0001,0.63209514,0
2004-02-13 00:00:00,1.991737,0.760799046,0,0.0001,0.760799046,0
2004-02-14 00:00:00,3.410327,0.826505721,0,0.0001,0.826505721,0
2004-02-15 00:00:00,3.318667,0.927945269,0,0.0001,0.927945269,0
2004-02-16 00:00:00,1.695758,1.067387273,0,0.0001,1.067387273,0
2004-02-17 00:00:00,3.501453,1.135396266,0,0.0001,1.135396266,0
2004-02-18 00:00:00,3.502726,1.243835866,0,0.0001,1.243835866,0
2004-02-19 00:00:00,3.403671,1.352276357,0,0.0001,1.352276357,0
2004-02-20 00:00:00,3.857212,1.408838261,0,0.0001,1.408838261,0
2004-02-21 00:00:00,4.001939,1.471319461,0,0.0001,1.471319461,0
2004-02-22 00:00:00,4.902772,1.557495453,0,0.0001,1.557495453,0
2004-02-23 00:00:00,5.853506,1.578991125,0,0.0001,1.578991125,0
2004-02-24 00:00:00,5.773922,1.68238032,0,0.0001,1.68238032,0
2004-02-25 00:00:00,5.671577,1.803519902,0,0.0001,1.803519902,0
2004-02-26 00:00:00,6.122423,1.911530997,0,0.0001,1.911530997,0
2004-02-27 00:00:00,6.311501,2.006481451,0,0.0001,2.006481451,0
2004-02-28 00:00:00,7.303272,2.038839083,0,0.0001,2.038839083,0
2004-02-29 00:00:00,7.147728,2.128105156,0,0.0001,2.128105156,0
2004-03-01 00:00:00,7.441917,2.243772813,0,0.0001,2.243772813,0
2004-03-02 00:00:00,7.518633,2.361881584,0,0.0001,2.361881584,0
2004-03-03 00:00:00,7.505578,2.484098084,0,0.0001,2.484098084,0
2004-03-04 00:00:00,9.604857,2.608109335,0,0.0001,2.608109335,0
2004-03-05 00:00:00,12.359261,2.632297009,0,0.0001,2.632297009,0
2004-03-06 00:00:00,12.247976,2.773645254,0,0.0001,2.773645254,0
2004-03-07 00:00:00,11.114832,2.894005845,0,0.0001,2.894005845,0
2004-03-08 00:00:00,9.859923,3.001561011,0,0.0001,3.001561011,0
2004-03-09 00:00:00,10.076772,3.105573816,0,0.0001,3.105573816,0
2004-03-10 00:00:00,10.230684,3.235016405,0,0.0001,3.235016405,0
2004-03-11 00:00:00,10.503717,3.381937721,0,0.0001,3.381937721,0
2004-03-12 00:00:00,11.338305,3.547737684,0,0.0001,3.547737684,0
2004-03-13 00:00:00,11.190782,3.726048038,0,0.0001,3.726048038,0
2004-03-14 00:00:00,9.477084,3.917812886,0,0.0001,3.917812886,0
2004-03-15 00:00:00,10.791975,4.112130689,0,0.0001,4.112130689,0
2004-03-16 00:00:00,10.376351,4.31455168,0,0.0001,4.31455168,0
2004-03-17 00:00:00,10.519101,4.518421244,0,0.0001,4.518421244,0
2004-03-18 00:00:00,10.494973,4.718823353,0,0.0001,4.718823353,0
2004-03-19 00:00:00,8.391945,4.936478473,0,0.0001,4.936478473,0
2004-03-20 00:00:00,9.815098,5.142182642,0,0.0001,5.142182642,0
2004-03-21 00:00:00,9.600001,5.359769939,0,0.0001,5.359769939,0
2004-03-22 00:00:00,9.318558,5.580498833,0,0.0001,5.580498833,0
2004-03-23 00:00:00,9.078657,5.802158786,0,0.0001,5.802158786,0
2004-03-24 00:00:00,9.199743,6.003744085,0,0.0001,6.003744085,0
2004-03-25 00:00:00,10.241587,6.217155417,0,0.0001,6.217155417,0
2004-03-26 00:00:00,12.315709,6.364088489,0,0.0001,6.364088489,0
2004-03-27 00:00:00,11.658379,6.598872416,0,0.0001,6.598872416,0
2004-03-28 00:00:00,12.368019,6.796432177,0,0.0001,6.796432177,0
2004-03-29 00:00:00,7.337394,7.020894683,0,0.0001,7.020894683,0
2004-03-30 00:00:00,8.967999,7.201627641,0,0.0001,7.201627641,0
2004-03-31 00:00:00,8.986588,7.406650558,0,0.0001,7.406650558,0
2004-04-01 00:00:00,11.347588,7.615481717,0,0.0001,7.615481717,0
2004-04-02 00:00:00,5.963727,7.844332503,0,0.0001,7.844332503,0
2004-04-03 00:00:00,6.795513,8.06598547,0,0.0001,8.06598547,0
2004-04-04 00:00:00,10.177284,8.295743228,0,0.0001,8.295743228,0
2004-04-05 00:00:00,9.300397,8.530407277,0,0.0001,8.530407277,0
2004-04-06 00:00:00,9.027735,8.766539515,0,0.0001,8.766539515,0
2004-04-07 00:00:00,4.585859,8.999345203,0,0.0001,8.999345203,0
2004-04-08 00:00:00,6.924776,9.252486529,0,0.0001,9.252486529,0
2004-04-09 00:00:00,4.107454,9.485345476,0,0.0001,9.485345476,0
2004-04-10 00:00:00,6.415451,9.746502902,0,0.0001,9.746502902,0
2004-04-11 00:00:00,7.895732,10.00071464,0,0.0001,10.00071464,0
2004-04-12 00:00:00,7.670463,10.25047804,0,0.0001,10.25047804,0
2004-04-13 00:00:00,7.455607,10.50156443,0,0.0001,10.50156443,0
2004-04-14 00:00:00,7.195578,10.75520401,0,0.0001,10.75520401,0
2004-04-15 00:00:00,6.954999,11.00832639,0,0.0001,11.00832639,0
2004-04-16 00:00:00,6.961997,11.23769625,0,0.0001,11.23769625,0
2004-04-17 00:00:00,7.550902,11.40603257,0,0.0001,11.40603257,0
2004-04-18 00:00:00,7.457218,11.63510834,0,0.0001,11.63510834,0
2004-04-19 00:00:00,7.141499,11.89796656,0,0.0001,11.89796656,0
2004-04-20 00:00:00,7.655369,12.08384054,0,0.0001,12.08384054,0
2004-04-21 00:00:00,8.410747,12.25617556,0,0.0001,12.25617556,0
2004-04-22 00:00:00,8.295558,12.50478269,0,0.0001,12.50478269,0
2004-04-23 00:00:00,8.024636,12.75104469,0,0.0001,12.75104469,0
2004-04-24 00:00:00,8.059525,12.96902848,0,0.0001,12.96902848,0
2004-04-25 00:00:00,5.239549,13.11931613,0,0.0001,13.11931613,0
2004-04-26 00:00:00,8.050873,13.4247585,0,0.0001,13.4247585,0
2004-04-27 00:00:00,7.749698,13.67188017,0,0.0001,13.67188017,0
2004-04-28 00:00:00,7.541158,13.91256864,0,0.0001,13.91256864,0
2004-04-29 00:00:00,5.681317,14.13900814,0,0.0001,14.13900814,0
2004-04-30 00:00:00,6.935471,14.40419862,0,0.0001,14.40419862,0
2004-05-01 00:00:00,6.899308,14.63615247,0,0.0001,14.63615247,0
2004-05-02 00:00:00,6.75081,14.87562881,0,0.0001,14.87562881,0
2004-05-03 00:00:00,6.664204,15.1161797,0,0.0001,15.1161797,0
2004-05-04 00:00:00,6.483043,15.36151729,0,0.0001,15.36151729,0
2004-05-05 00:00:00,6.170413,15.60713649,0,0.0001,15.60713649,0
2004-05-06 00:00:00,6.005702,15.85630551,0,0.0001,15.85630551,0
2004-05-07 00:00:00,5.868281,16.08953872,0,0.0001,16.08953872,0
2004-05-08 00:00:00,6.533597,16.22423615,0,0.0001,16.22423615,0
2004-05-09 00:00:00,7.022984,16.37709362,0,0.0001,16.37709362,0
2004-05-10 00:00:00,7.592098,16.5275689,0,0.0001,16.5275689,0
2004-05-11 00:00:00,7.786014,16.73426715,0,0.0001,16.73426715,0
2004-05-12 00:00:00,7.72165,16.9583802,0,0.0001,16.9583802,0
2004-05-13 00:00:00,8.180568,17.11676017,0,0.0001,17.11676017,0
2004-05-14 00:00:00,5.418839,17.11992033,0,0.0001,17.11992033,0
2004-05-15 00:00:00,9.04667,17.48290886,0,0.0001,17.48290886,0
2004-05-16 00:00:00,8.804513,17.70864625,0,0.0001,17.70864625,0
2004-05-17 00:00:00,9.18294,17.8222042,0,0.0001,17.8222042,0
2004-05-18 00:00:00,10.734916,17.99027638,0,0.0001,17.99027638,0
2004-05-19 00:00:00,10.34514,18.22344381,0,0.0001,18.22344381,0
2004-05-20 00:00:00,10.172718,18.43278507,0,0.0001,18.43278507,0
2004-05-21 00:00:00,19.807543,18.28815814,0,0.0001,18.28815814,0
2004-05-22 00:00:00,25.68186,18.5874876,0,0.0001,18.5874876,0
2004-05-23 00:00:00,37.048155,18.57667617,0,0.0001,18.57667617,0
2004-05-24 00:00:00,37.034226,18.72372122,0,0.0001,18.72372122,0
2004-05-25 00:00:00,33.973941,18.86856948,0,0.0001,18.86856948,0
2004-05-26 00:00:00,31.286532,19.03722034,0,0.0001,19.03722034,0
2004-05-27 00:00:00,32.494772,19.23789491,0,0.0001,19.23789491,0
2004-05-28 00:00:00,33.705415,19.46080695,0,0.0001,19.46080695,0
2004-05-29 00:00:00,33.932109,19.66040559,0,0.0001,19.66040559,0
2004-05-30 00:00:00,36.962559,19.81881693,0,0.0001,19.81881693,0
2004-05-31 00:00:00,36.631753,20.02828978,0,0.0001,20.02828978,0
2004-06-01 00:00:00,35.052806,20.25114091,0,0.0001,20.25114091,0
2004-06-02 00:00:00,33.06832,20.48434304,0,0.0001,20.48434304,0
2004-06-03 00:00:00,30.782737,20.72559455,0,0.0001,20.72559455,0
2004-06-04 00:00:00,28.445114,20.9731344,0,0.0001,20.9731344,0
2004-06-05 00:00:00,26.219425,21.22637732,0,0.0001,21.22637732,0
2004-06-06 00:00:00,24.114836,21.48620706,0,0.0001,21.48620706,0
2004-06-07 00:00:00,21.981003,21.76041576,0,0.0001,21.76041576,0
2004-06-08 00:00:00,25.921304,21.54428267,0,0.0001,21.54428267,0
2004-06-09 00:00:00,25.078329,21.72097161,0,0.0001,21.72097161,0
2004-06-10 00:00:00,26.723847,21.82890758,0,0.0001,21.82890758,0
2004-06-11 00:00:00,28.314908,21.95284638,0,0.0001,21.95284638,0
2004-06-12 00:00:00,28.657849,22.08898269,0,0.0001,22.08898269,0
2004-06-13 00:00:00,27.84119,22.23929494,0,0.0001,22.23929494,0
2004-06-14 00:00:00,26.982336,22.39239819,0,0.0001,22.39239819,0
2004-06-15 00:00:00,25.853576,22.54989897,0,0.0001,22.54989897,0
2004-06-16 00:00:00,25.907941,22.66908353,0,0.0001,22.66908353,0
2004-06-17 00:00:00,20.456784,22.75549268,0,0.0001,22.75549268,0
2004-06-18 00:00:00,22.745454,22.92348857,0,0.0001,22.92348857,0
2004-06-19 00:00:00,24.515405,23.07940875,0,0.0001,23.07940875,0
2004-06-20 00:00:00,23.249862,23.23252217,0,0.0001,23.23252217,0
2004-06-21 00:00:00,22.813645,23.36432635,0,0.0001,23.36432635,0
2004-06-22 00:00:00,21.760374,23.51551633,0,0.0001,23.51551633,0
2004-06-23 00:00:00,20.850676,23.65252186,0,0.0001,23.65252186,0
2004-06-24 00:00:00,21.115056,23.74529739,0,0.0001,23.74529739,0
2004-06-25 00:00:00,20.038928,23.89094311,0,0.0001,23.89094311,0
2004-06-26 00:00:00,18.797384,24.03142868,0,0.0001,24.03142868,0
2004-06-27 00:00:00,17.849248,24.15780728,0,0.0001,24.15780728,0
2004-06-28 00:00:00,17.05536,24.27681832,0,0.0001,24.27681832,0
2004-06-29 00:00:00,15.963016,24.4075844,0,0.0001,24.4075844,0
2004-06-30 00:00:00,14.888005,24.53513745,0,0.0001,24.53513745,0
2004-07-01 00:00:00,14.011853,24.65159517,0,0.0001,24.65159517,0
2004-07-02 00:00:00,13.121546,24.76724463,0,0.0001,24.76724463,0
2004-07-03 00:00:00,16.484765,24.6195719,0,0.0001,24.6195719,0
2004-07-04 00:00:00,15.789895,24.60646977,0,0.0001,24.60646977,0
2004-07-05 00:00:00,17.921027,24.71556207,0,0.0001,24.71556207,0
2004-07-06 00:00:00,17.831625,24.76466676,0,0.0001,24.76466676,0
2004-07-07 00:00:00,13.072019,24.79022741,0,0.0001,24.79022741,0
2004-07-08 00:00:00,16.537532,24.94289823,0,0.0001,24.94289823,0
2004-07-09 00:00:00,13.748707,24.97423875,0,0.0001,24.97423875,0
2004-07-10 00:00:00,15.648176,25.07421637,0,0.0001,25.07421637,0
2004-07-11 00:00:00,14.788208,25.14827584,0,0.0001,25.14827584,0
2004-07-12 00:00:00,9.787035,25.16949148,0,0.0001,25.16949148,0
2004-07-13 00:00:00,8.83824,25.2397061,0,0.0001,25.2397061,0
2004-07-14 00:00:00,12.480141,25.34778735,0,0.0001,25.34778735,0
2004-07-15 00:00:00,11.738894,25.40755621,0,0.0001,25.40755621,0
2004-07-16 00:00:00,8.696374,25.33142548,0,0.0001,25.33142548,0
2004-07-17 00:00:00,11.644483,25.39137946,0,0.0001,25.39137946,0
2004-07-18 00:00:00,10.81252,25.44616079,0,0.0001,25.44616079,0
2004-07-19 00:00:00,10.731304,25.49603045,0,0.0001,25.49603045,0
2004-07-20 00:00:00,10.162313,25.53090795,0,0.0001,25.53090795,0
2004-07-21 00:00:00,4.8549,25.3685419,0,0.0001,25.3685419,0
2004-07-22 00:00:00,7.242218,25.46735604,0,0.0001,25.46735604,0
2004-07-23 00:00:00,9.419471,25.5428663,0,0.0001,25.5428663,0
2004-07-24 00:00:00,8.866653,25.56768332,0,0.0001,25.56768332,0
2004-07-25 00:00:00,8.433346,25.58341405,0,0.0001,25.58341405,0
2004-07-26 00:00:00,7.977684,25.59911582,0,0.0001,25.59911582,0
2004-07-27 00:00:00,7.043514,25.60572372,0,0.0001,25.60572372,0
2004-07-28 00:00:00,7.105814,25.62149033,0,0.0001,25.62149033,0
2004-07-29 00:00:00,6.791864,25.59575803,0,0.0001,25.59575803,0
2004-07-30 00:00:00,8.234913,25.40356319,0,0.0001,25.40356319,0
2004-07-31 00:00:00,7.978302,25.38074353,0,0.0001,25.38074353,0
2004-08-01 00:00:00,7.642719,25.35212208,0,0.0001,25.35212208,0
2004-08-02 00:00:00,7.386886,25.31235743,0,0.0001,25.31235743,0
2004-08-03 00:00:00,9.392786,25.034068,0,0.0001,25.034068,0
2004-08-04 00:00:00,10.495362,24.86649982,0,0.0001,24.86649982,0
2004-08-05 00:00:00,8.80759,24.7924348,0,0.0001,24.7924348,0
2004-08-06 00:00:00,5.538409,24.60856876,0,0.0001,24.60856876,0
2004-08-07 00:00:00,9.704604,24.72043062,0,0.0001,24.72043062,0
2004-08-08 00:00:00,4.956785,24.55585486,0,0.0001,24.55585486,0
2004-08-09 00:00:00,4.614724,24.52754013,0,0.0001,24.52754013,0
2004-08-10 00:00:00,4.344759,24.48704328,0,0.0001,24.48704328,0
2004-08-11 00:00:00,6.2702,24.48704248,0,0.0001,24.48704248,0
2004-08-12 00:00:00,6.097802,24.42329994,0,0.0001,24.42329994,0
2004-08-13 00:00:00,5.778084,24.34766198,0,0.0001,24.34766198,0
2004-08-14 00:00:00,3.602697,24.22729075,0,0.0001,24.22729075,0
2004-08-15 00:00:00,7.332539,24.23236542,0,0.0001,24.23236542,0
2004-08-16 00:00:00,7.020339,24.14736451,0,0.0001,24.14736451,0
2004-08-17 00:00:00,7.105675,24.0374912,0,0.0001,24.0374912,0
2004-08-18 00:00:00,4.67827,23.90024349,0,0.0001,23.90024349,0
2004-08-19 00:00:00,4.489037,23.80133127,0,0.0001,23.80133127,0
2004-08-20 00:00:00,5.688876,23.75013843,0,0.0001,23.75013843,0
2004-08-21 00:00:00,6.236942,23.66946536,0,0.0001,23.66946536,0
2004-08-22 00:00:00,4.962525,23.56510531,0,0.0001,23.56510531,0
2004-08-23 00:00:00,5.628465,23.48834154,0,0.0001,23.48834154,0
2004-08-24 00:00:00,2.301663,23.2325614,0,0.0001,23.2325614,0
2004-08-25 00:00:00,5.758542,23.19755308,0,0.0001,23.19755308,0
2004-08-26 00:00:00,5.848914,23.06104363,0,0.0001,23.06104363,0
2004-08-27 00:00:00,4.539424,22.82198331,0,0.0001,22.82198331,0
2004-08-28 00:00:00,4.892622,22.66487052,0,0.0001,22.66487052,0
2004-08-29 00:00:00,6.240083,22.54904555,0,0.0001,22.54904555,0
2004-08-30 00:00:00,6.08079,22.41653418,0,0.0001,22.41653418,0
2004-08-31 00:00:00,5.909689,22.27901696,0,0.0001,22.27901696,0
2004-09-01 00:00:00,6.270059,22.06273046,0,0.0001,22.06273046,0
2004-09-02 00:00:00,5.68954,21.94316466,0,0.0001,21.94316466,0
2004-09-03 00:00:00,3.854826,21.77939738,0,0.0001,21.77939738,0
2004-09-04 00:00:00,3.551369,21.65197619,0,0.0001,21.65197619,0
2004-09-05 00:00:00,2.155575,21.44492965,0,0.0001,21.44492965,0
2004-09-06 00:00:00,2.148566,21.27150682,0,0.0001,21.27150682,0
2004-09-07 00:00:00,2.081644,21.12483043,0,0.0001,21.12483043,0
2004-09-08 00:00:00,1.961248,20.98128071,0,0.0001,20.98128071,0
2004-09-09 00:00:00,2.565751,20.87220347,0,0.0001,20.87220347,0
2004-09-10 00:00:00,3.859235,20.76355652,0,0.0001,20.76355652,0
2004-09-11 00:00:00,2.072787,20.54580113,0,0.0001,20.54580113,0
2004-09-12 00:00:00,3.34064,20.44561998,0,0.0001,20.44561998,0
2004-09-13 00:00:00,3.099466,20.28690763,0,0.0001,20.28690763,0
2004-09-14 00:00:00,3.730804,20.14514015,0,0.0001,20.14514015,0
2004-09-15 00:00:00,1.713483,19.80213994,0,0.0001,19.80213994,0
2004-09-16 00:00:00,1.60909,19.57488531,0,0.0001,19.57488531,0
2004-09-17 00:00:00,1.48313,19.4214836,0,0.0001,19.4214836,0
2004-09-18 00:00:00,1.39052,19.25104213,0,0.0001,19.25104213,0
2004-09-19 00:00:00,3.572938,19.19454397,0,0.0001,19.19454397,0
2004-09-20 00:00:00,2.284933,18.98875426,0,0.0001,18.98875426,0
2004-09-21 00:00:00,1.167903,18.71984806,0,0.0001,18.71984806,0
2004-09-22 00:00:00,1.103739,18.53960839,0,0.0001,18.53960839,0
2004-09-23 00:00:00,1.031976,18.36480269,0,0.0001,18.36480269,0
2004-09-24 00:00:00,1.477742,18.25232413,0,0.0001,18.25232413,0
2004-09-25 00:00:00,2.760368,18.1463894,0,0.0001,18.1463894,0
2004-09-26 00:00:00,0.88429,17.80505187,0,0.0001,17.80505187,0
2004-09-27 00:00:00,0.8369,17.61834452,0,0.0001,17.61834452,0
2004-09-28 00:00:00,2.383791,17.59959318,0,0.0001,17.59959318,0
2004-09-29 00:00:00,2.418774,17.40953232,0,0.0001,17.40953232,0
2004-09-30 00:00:00,2.356789,17.21933256,0,0.0001,17.21933256,0
2004-10-01 00:00:00,0.86356,16.71942951,0,0.0001,16.71942951,0
2004-10-02 00:00:00,1.06991,16.44237532,0,0.0001,16.44237532,0
2004-10-03 00:00:00,1.00635,16.26629029,0,0.0001,16.26629029,0
2004-10-04 00:00:00,2.536927,16.20411981,0,0.0001,16.20411981,0
2004-10-05 00:00:00,2.492796,16.00794986,0,0.0001,16.00794986,0
2004-10-06 00:00:00,2.472244,15.80550569,0,0.0001,15.80550569,0
2004-10-07 00:00:00,2.461054,15.57864219,0,0.0001,15.57864219,0
2004-10-08 00:00:00,1.413427,15.05888076,0,0.0001,15.05888076,0
2004-10-09 00:00:00,2.296369,14.9085906,0,0.0001,14.9085906,0
2004-10-10 00:00:00,2.892842,14.74908508,0,0.0001,14.74908508,0
2004-10-11 00:00:00,2.10038,14.53812764,0,0.0001,14.53812764,0
2004-10-12 00:00:00,1.118577,14.27998983,0,0.0001,14.27998983,0
2004-10-13 00:00:00,1.959951,14.11613736,0,0.0001,14.11613736,0
2004-10-14 00:00:00,2.529676,13.91079022,0,0.0001,13.91079022,0
2004-10-15 00:00:00,1.019805,13.63737433,0,0.0001,13.63737433,0
2004-10-16 00:00:00,0.998061,13.41710076,0,0.0001,13.41710076,0
2004-10-17 00:00:00,2.457439,13.24699059,0,0.0001,13.24699059,0
2004-10-18 00:00:00,2.328199,13.04183429,0,0.0001,13.04183429,0
2004-10-19 00:00:00,1.90614,12.7707606,0,0.0001,12.7707606,0
2004-10-20 00:00:00,1.8295,12.54074482,0,0.0001,12.54074482,0
2004-10-21 00:00:00,2.416744,12.34158911,0,0.0001,12.34158911,0
2004-10-22 00:00:00,2.759808,12.06756464,0,0.0001,12.06756464,0
2004-10-23 00:00:00,4.10744,11.57850595,0,0.0001,11.57850595,0
2004-10-24 00:00:00,3.915873,11.40555603,0,0.0001,11.40555603,0
2004-10-25 00:00:00,3.848699,11.23892221,0,0.0001,11.23892221,0
2004-10-26 00:00:00,2.682556,11.03452911,0,0.0001,11.03452911,0
2004-10-27 00:00:00,2.736795,10.75973319,0,0.0001,10.75973319,0
2004-10-28 00:00:00,3.81226,10.48516752,0,0.0001,10.48516752,0
2004-10-29 00:00:00,2.056941,10.3277399,0,0.0001,10.3277399,0
2004-10-30 00:00:00,2.899816,10.01332015,0,0.0001,10.01332015,0
2004-10-31 00:00:00,3.850083,9.760318977,0,0.0001,9.760318977,0
2004-11-01 00:00:00,2.44813,9.642932846,0,0.0001,9.642932846,0
2004-11-02 00:00:00,3.392464,9.300014843,0,0.0001,9.300014843,0
2004-11-03 00:00:00,2.522983,9.144865436,0,0.0001,9.144865436,0
2004-11-04 00:00:00,2.748287,8.909346858,0,0.0001,8.909346858,0
2004-11-05 00:00:00,2.628514,8.667885673,0,0.0001,8.667885673,0
2004-11-06 00:00:00,2.51993,8.435837141,0,0.0001,8.435837141,0
2004-11-07 00:00:00,2.403559,8.204726978,0,0.0001,8.204726978,0
2004-11-08 00:00:00,2.296231,7.976540041,0,0.0001,7.976540041,0
2004-11-09 00:00:00,2.219664,7.756759574,0,0.0001,7.756759574,0
2004-11-10 00:00:00,2.148901,7.544701749,0,0.0001,7.544701749,0
2004-11-11 00:00:00,2.120448,7.323053574,0,0.0001,7.323053574,0
2004-11-12 00:00:00,2.037303,7.114814137,0,0.0001,7.114814137,0
2004-11-13 00:00:00,1.960007,6.914342181,0,0.0001,6.914342181,0
2004-11-14 00:00:00,1.892096,6.718229017,0,0.0001,6.718229017,0
2004-11-15 00:00:00,3.526756,6.460847423,0,0.0001,6.460847423,0
2004-11-16 00:00:00,1.90829,6.324048812,0,0.0001,6.324048812,0
2004-11-17 00:00:00,3.875386,6.07126316,0,0.0001,6.07126316,0
2004-11-18 00:00:00,2.147882,5.962897708,0,0.0001,5.962897708,0
2004-11-19 00:00:00,2.340056,5.823085515,0,0.0001,5.823085515,0
2004-11-20 00:00:00,2.286948,5.623019335,0,0.0001,5.623019335,0
2004-11-21 00:00:00,2.193823,5.457675227,0,0.0001,5.457675227,0
2004-11-22 00:00:00,2.135096,5.28170352,0,0.0001,5.28170352,0
2004-11-23 00:00:00,2.075402,5.103505033,0,0.0001,5.103505033,0
2004-11-24 00:00:00,2.003545,4.921150075,0,0.0001,4.921150075,0
2004-11-25 00:00:00,4.013088,4.618059808,0,0.0001,4.618059808,0
2004-11-26 00:00:00,3.943181,4.446116052,0,0.0001,4.446116052,0
2004-11-27 00:00:00,2.640507,4.451444137,0,0.0001,4.451444137,0
2004-11-28 00:00:00,2.672252,4.216854942,0,0.0001,4.216854942,0
2004-11-29 00:00:00,2.561671,4.058813801,0,0.0001,4.058813801,0
2004-11-30 00:00:00,2.525002,3.890843115,0,0.0001,3.890843115,0
2004-12-01 00:00:00,2.485228,3.711991325,0,0.0001,3.711991325,0
2004-12-02 00:00:00,3.058289,3.457652137,0,0.0001,3.457652137,0
2004-12-03 00:00:00,2.355583,3.340445278,0,0.0001,3.340445278,0
2004-12-04 00:00:00,4.57015,3.028581328,0,0.0001,3.028581328,0
2004-12-05 00:00:00,4.783135,2.887277804,0,0.0001,2.887277804,0
2004-12-06 00:00:00,5.418911,2.693269066,0,0.0001,2.693269066,0
2004-12-07 00:00:00,7.507338,2.553582489,0,0.0001,2.553582489,0
2004-12-08 00:00:00,7.046691,2.355670978,0,0.0001,2.355670978,0
2004-12-09 00:00:00,7.195685,2.202616878,0,0.0001,2.202616878,0
2004-12-10 00:00:00,8.112553,2.016019561,0,0.0001,2.016019561,0
2004-12-11 00:00:00,4.970183,2.026170319,0,0.0001,2.026170319,0
2004-12-12 00:00:00,4.757648,1.832337087,0,0.0001,1.832337087,0
2004-12-13 00:00:00,4.590304,1.642200647,0,0.0001,1.642200647,0
2004-12-14 00:00:00,5.847383,1.377452029,0,0.0001,1.377452029,0
2004-12-15 00:00:00,4.292405,1.287384329,0,0.0001,1.287384329,0
2004-12-16 00:00:00,7.301682,1.018221891,0,0.0001,1.018221891,0
2004-12-17 00:00:00,3.97465,0.982799762,0,0.0001,0.982799762,0
2004-12-18 00:00:00,3.835465,0.851732617,0,0.0001,0.851732617,0
2004-12-19 00:00:00,6.873493,0.647714698,0,0.0001,0.647714698,0
2004-12-20 00:00:00,3.557343,0.62241156,0,0.0001,0.62241156,0
2004-12-21 00:00:00,5.96486,0.455538089,0,0.0001,0.455538089,0
2004-12-22 00:00:00,4.416353,0.393406506,0,0.0001,0.393406506,0
2004-12-23 00:00:00,5.919521,0.275549594,0,0.0001,0.275549594,0
2004-12-24 00:00:00,5.889348,0.193978974,0,0.0001,0.193978974,0
2004-12-25 00:00:00,5.8834,0.117235777,0,0.0001,0.117235777,0
2004-12-26 00:00:00,5.810196,0.04897689,0,0.0001,0.04897689,0
2004-12-27 00:00:00,5.745503,-0.017656617,0,0.0001,-0.017656617,0
2004-12-28 00:00:00,5.731888,-0.079189899,0,0.0001,-0.079189899,0
2004-12-29 00:00:00,5.583639,-0.138817689,0,0.0001,-0.138817689,0
2004-12-30 00:00:00,5.720951,-0.204080317,0,0.0001,-0.204080317,0
2004-12-31 00:00:00,5.593748,-0.264051147,0,0.0001,-0.264051147,0
2005-01-01 00:00:00,5.911542,-0.290937649,0,0.0001,-0.290937649,0
2005-01-02 00:00:00,6.619065,-0.377024355,0,0.0001,-0.377024355,0
2005-01-03 00:00:00,6.414807,-0.408464226,0,0.0001,-0.408464226,0
2005-01-04 00:00:00,6.140577,-0.457845622,0,0.0001,-0.457845622,0
2005-01-05 00:00:00,5.953825,-0.521512622,0,0.0001,-0.521512622,0
2005-01-06 00:00:00,6.452741,-0.549542783,0,0.0001,-0.549542783,0
2005-01-07 00:00:00,6.363418,-0.603775985,0,0.0001,-0.603775985,0
2005-01-08 00:00:00,6.211982,-0.650166509,0,0.0001,-0.650166509,0
2005-01-09 00:00:00,6.062701,-0.691068692,0,0.0001,-0.691068692,0
2005-01-10 00:00:00,5.923982,-0.726938722,0,0.0001,-0.726938722,0
2005-01-11 00:00:00,5.791799,-0.756444937,0,0.0001,-0.756444937,0
2005-01-12 00:00:00,7.92798,-0.686540851,0,0.0001,-0.686540851,0
2005-01-13 00:00:00,7.821692,-0.833749821,0,0.0001,-0.833749821,0
2005-01-14 00:00:00,7.635638,-0.853772062,0,0.0001,-0.853772062,0
2005-01-15 00:00:00,7.59513,-0.885957299,0,0.0001,-0.885957299,0
2005-01-16 00:00:00,7.526387,-0.927508293,0,0.0001,-0.927508293,0
2005-01-17 00:00:00,7.400152,-0.963382781,0,0.0001,-0.963382781,0
2005-01-18 00:00:00,7.197879,-0.988033303,0,0.0001,-0.988033303,0
2005-01-19 00:00:00,7.096053,-0.998599665,0,0.0001,-0.998599665,0
2005-01-20 00:00:00,6.893041,-1.004226384,0,0.0001,-1.004226384,0
2005-01-21 00:00:00,6.385632,-1.023583868,0,0.0001,-1.023583868,0
2005-01-22 00:00:00,6.95975,-0.987804292,0,0.0001,-0.987804292,0
2005-01-23 00:00:00,6.875574,-0.970339555,0,0.0001,-0.970339555,0
2005-01-24 00:00:00,6.729444,-0.946205991,0,0.0001,-0.946205991,0
2005-01-25 00:00:00,6.586865,-0.916198045,0,0.0001,-0.916198045,0
2005-01-26 00:00:00,6.446344,-0.881132373,0,0.0001,-0.881132373,0
2005-01-27 00:00:00,6.320851,-0.840705829,0,0.0001,-0.840705829,0
2005-01-28 00:00:00,6.204151,-0.795259112,0,0.0001,-0.795259112,0
2005-01-29 00:00:00,6.085867,-0.745333816,0,0.0001,-0.745333816,0
2005-01-30 00:00:00,5.981177,-0.690670158,0,0.0001,-0.690670158,0
2005-01-31 00:00:00,5.856078,-0.632614892,0,0.0001,-0.632614892,0
2005-02-01 00:00:00,5.76407,-0.570041388,0,0.0001,-0.570041388,0
2005-02-02 00:00:00,5.668526,-0.503667857,0,0.0001,-0.503667857,0
2005-02-03 00:00:00,5.636433,-0.434255985,0,0.0001,-0.434255985,0
2005-02-04 00:00:00,5.942614,-0.367533845,0,0.0001,-0.367533845,0
2005-02-05 00:00:00,7.230275,-0.297350298,0,0.0001,-0.297350298,0
2005-02-06 00:00:00,9.182662,-0.243864737,0,0.0001,-0.243864737,0
2005-02-07 00:00:00,8.744246,-0.186397217,0,0.0001,-0.186397217,0
2005-02-08 00:00:00,8.814717,-0.08090806,0,0.0001,-0.08090806,0
2005-02-09 00:00:00,8.958218,-0.04296999,0,0.0001,-0.04296999,0
2005-02-10 00:00:00,8.749447,-0.031681686,0,0.0001,-0.031681686,0
2005-02-11 00:00:00,8.58035,-0.001623094,0,0.0001,-0.001623094,0
2005-02-12 00:00:00,8.617183,0.049142428,0,0.0001,0.049142428,0
2005-02-13 00:00:00,9.348032,0.123232633,0,0.0001,0.123232633,0
2005-02-14 00:00:00,9.833367,0.178990289,0,0.0001,0.178990289,0
2005-02-15 00:00:00,9.909455,0.264929708,0,0.0001,0.264929708,0
2005-02-16 00:00:00,9.848904,0.343607899,0,0.0001,0.343607899,0
2005-02-17 00:00:00,9.703688,0.421278273,0,0.0001,0.421278273,0
2005-02-18 00:00:00,9.515641,0.506329117,0,0.0001,0.506329117,0
2005-02-19 00:00:00,9.259893,0.599566513,0,0.0001,0.599566513,0
2005-02-20 00:00:00,9.604367,0.708930821,0,0.0001,0.708930821,0
2005-02-21 00:00:00,9.504451,0.81632303,0,0.0001,0.81632303,0
2005-02-22 00:00:00,9.371757,0.939165743,0,0.0001,0.939165743,0
2005-02-23 00:00:00,8.062408,1.077643128,0,0.0001,1.077643128,0
2005-02-24 00:00:00,6.476625,1.226427717,0,0.0001,1.226427717,0
2005-02-25 00:00:00,7.895137,1.356904227,0,0.0001,1.356904227,0
2005-02-26 00:00:00,8.679952,1.488864009,0,0.0001,1.488864009,0
2005-02-27 00:00:00,6.220032,1.672310999,0,0.0001,1.672310999,0
2005-02-28 00:00:00,6.312502,1.805368978,0,0.0001,1.805368978,0
2005-03-01 00:00:00,7.734863,1.944344381,0,0.0001,1.944344381,0
2005-03-02 00:00:00,7.595662,2.102890976,0,0.0001,2.102890976,0
2005-03-03 00:00:00,5.92429,2.279902431,0,0.0001,2.279902431,0
2005-03-04 00:00:00,8.075513,2.418370404,0,0.0001,2.418370404,0
2005-03-05 00:00:00,7.930176,2.58011589,0,0.0001,2.58011589,0
2005-03-06 00:00:00,7.788579,2.756406296,0,0.0001,2.756406296,0
2005-03-07 00:00:00,7.704746,2.928391054,0,0.0001,2.928391054,0
2005-03-08 00:00:00,7.5712,3.11047525,0,0.0001,3.11047525,0
2005-03-09 00:00:00,7.395644,3.291541089,0,0.0001,3.291541089,0
2005-03-10 00:00:00,7.081394,3.472212213,0,0.0001,3.472212213,0
2005-03-11 00:00:00,6.668694,3.655961783,0,0.0001,3.655961783,0
2005-03-12 00:00:00,6.562513,3.838211836,0,0.0001,3.838211836,0
2005-03-13 00:00:00,4.855194,4.036226659,0,0.0001,4.036226659,0
2005-03-14 00:00:00,6.240699,4.214063055,0,0.0001,4.214063055,0
2005-03-15 00:00:00,6.891688,4.402552828,0,0.0001,4.402552828,0
2005-03-16 00:00:00,6.952492,4.573668811,0,0.0001,4.573668811,0
2005-03-17 00:00:00,6.465931,4.768289122,0,0.0001,4.768289122,0
2005-03-18 00:00:00,4.834903,4.969391331,0,0.0001,4.969391331,0
2005-03-19 00:00:00,6.953943,5.128021584,0,0.0001,5.128021584,0
2005-03-20 00:00:00,6.712174,5.309595679,0,0.0001,5.309595679,0
2005-03-21 00:00:00,8.10801,5.455418983,0,0.0001,5.455418983,0
2005-03-22 00:00:00,8.113092,5.64897816,0,0.0001,5.64897816,0
2005-03-23 00:00:00,7.937129,5.849853392,0,0.0001,5.849853392,0
2005-03-24 00:00:00,7.780103,6.050411471,0,0.0001,6.050411471,0
2005-03-25 00:00:00,7.579835,6.254772255,0,0.0001,6.254772255,0
2005-03-26 00:00:00,7.440166,6.462319355,0,0.0001,6.462319355,0
2005-03-27 00:00:00,7.293884,6.673556971,0,0.0001,6.673556971,0
2005-03-28 00:00:00,7.10901,6.888096078,0,0.0001,6.888096078,0
2005-03-29 00:00:00,6.901168,7.10539693,0,0.0001,7.10539693,0
2005-03-30 00:00:00,7.421463,7.270145964,0,0.0001,7.270145964,0
2005-03-31 00:00:00,7.53252,7.462970102,0,0.0001,7.462970102,0
2005-04-01 00:00:00,7.098248,7.693095113,0,0.0001,7.693095113,0
2005-04-02 00:00:00,6.929003,7.914100753,0,0.0001,7.914100753,0
2005-04-03 00:00:00,6.707684,8.13498355,0,0.0001,8.13498355,0
2005-04-04 00:00:00,6.928202,8.361485044,0,0.0001,8.361485044,0
2005-04-05 00:00:00,6.803483,8.589453376,0,0.0001,8.589453376,0
2005-04-06 00:00:00,6.799259,8.758573724,0,0.0001,8.758573724,0
2005-04-07 00:00:00,5.823283,8.926571223,0,0.0001,8.926571223,0
2005-04-08 00:00:00,5.653796,9.172133751,0,0.0001,9.172133751,0
2005-04-09 00:00:00,7.024138,9.411529669,0,0.0001,9.411529669,0
2005-04-10 00:00:00,6.842929,9.641618397,0,0.0001,9.641618397,0
2005-04-11 00:00:00,7.374256,9.881784493,0,0.0001,9.881784493,0
2005-04-12 00:00:00,5.691578,10.04424177,0,0.0001,10.04424177,0
2005-04-13 00:00:00,5.577493,10.28462181,0,0.0001,10.28462181,0
2005-04-14 00:00:00,6.8857,10.54893237,0,0.0001,10.54893237,0
2005-04-15 00:00:00,7.216705,10.7986583,0,0.0001,10.7986583,0
2005-04-16 00:00:00,6.463658,11.0391387,0,0.0001,11.0391387,0
2005-04-17 00:00:00,6.251638,11.27704063,0,0.0001,11.27704063,0
2005-04-18 00:00:00,6.608767,11.52994997,0,0.0001,11.52994997,0
2005-04-19 00:00:00,3.096027,11.70929048,0,0.0001,11.70929048,0
2005-04-20 00:00:00,5.843478,11.99562036,0,0.0001,11.99562036,0
2005-04-21 00:00:00,4.162606,12.2224634,0,0.0001,12.2224634,0
2005-04-22 00:00:00,2.864432,12.41491398,0,0.0001,12.41491398,0
2005-04-23 00:00:00,2.808311,12.654619,0,0.0001,12.654619,0
2005-04-24 00:00:00,5.529251,12.97140905,0,0.0001,12.97140905,0
2005-04-25 00:00:00,5.402533,13.20368279,0,0.0001,13.20368279,0
2005-04-26 00:00:00,2.672409,13.350005,0,0.0001,13.350005,0
2005-04-27 00:00:00,5.254981,13.68631465,0,0.0001,13.68631465,0
2005-04-28 00:00:00,3.549041,13.88941185,0,0.0001,13.88941185,0
2005-04-29 00:00:00,2.408315,14.0746984,0,0.0001,14.0746984,0
2005-04-30 00:00:00,3.18092,14.37903335,0,0.0001,14.37903335,0
2005-05-01 00:00:00,2.21799,14.56723578,0,0.0001,14.56723578,0
2005-05-02 00:00:00,4.933925,14.92956594,0,0.0001,14.92956594,0
2005-05-03 00:00:00,2.759464,15.09187349,0,0.0001,15.09187349,0
2005-05-04 00:00:00,4.833692,15.41181711,0,0.0001,15.41181711,0
2005-05-05 00:00:00,4.666914,15.65779119,0,0.0001,15.65779119,0
2005-05-06 00:00:00,2.488457,15.61620741,0,0.0001,15.61620741,0
2005-05-07 00:00:00,4.996344,16.01946972,0,0.0001,16.01946972,0
2005-05-08 00:00:00,4.865875,16.26383822,0,0.0001,16.26383822,0
2005-05-09 00:00:00,4.853924,16.4696765,0,0.0001,16.4696765,0
2005-05-10 00:00:00,3.445061,16.59998937,0,0.0001,16.59998937,0
2005-05-11 00:00:00,6.647235,16.62480063,0,0.0001,16.62480063,0
2005-05-12 00:00:00,6.843784,16.82524253,0,0.0001,16.82524253,0
2005-05-13 00:00:00,5.141211,16.77854933,0,0.0001,16.77854933,0
2005-05-14 00:00:00,4.674872,17.00503055,0,0.0001,17.00503055,0
2005-05-15 00:00:00,5.266123,17.31256339,0,0.0001,17.31256339,0
2005-05-16 00:00:00,5.240163,17.57205618,0,0.0001,17.57205618,0
2005-05-17 00:00:00,7.226968,17.89005633,0,0.0001,17.89005633,0
2005-05-18 00:00:00,7.377132,18.08412157,0,0.0001,18.08412157,0
2005-05-19 00:00:00,7.68788,18.13941996,0,0.0001,18.13941996,0
2005-05-20 00:00:00,8.748303,18.3751373,0,0.0001,18.3751373,0
2005-05-21 00:00:00,7.688934,18.5704308,0,0.0001,18.5704308,0
2005-05-22 00:00:00,5.134659,18.69195436,0,0.0001,18.69195436,0
2005-05-23 00:00:00,5.939502,18.95814135,0,0.0001,18.95814135,0
2005-05-24 00:00:00,7.367122,19.21831585,0,0.0001,19.21831585,0
2005-05-25 00:00:00,7.238114,19.44167598,0,0.0001,19.44167598,0
2005-05-26 00:00:00,5.51316,19.6275847,0,0.0001,19.6275847,0
2005-05-27 00:00:00,4.198903,19.77969285,0,0.0001,19.77969285,0
2005-05-28 00:00:00,7.110675,20.06834784,0,0.0001,20.06834784,0
2005-05-29 00:00:00,3.852592,20.21045534,0,0.0001,20.21045534,0
2005-05-30 00:00:00,3.729877,20.40773426,0,0.0001,20.40773426,0
2005-05-31 00:00:00,3.482823,20.6192655,0,0.0001,20.6192655,0
2005-06-01 00:00:00,4.755995,20.87927314,0,0.0001,20.87927314,0
2005-06-02 00:00:00,4.493637,21.08547872,0,0.0001,21.08547872,0
2005-06-03 00:00:00,5.578057,21.3317687,0,0.0001,21.3317687,0
2005-06-04 00:00:00,5.589914,21.49777722,0,0.0001,21.49777722,0
2005-06-05 00:00:00,6.108016,21.5805926,0,0.0001,21.5805926,0
2005-06-06 00:00:00,6.008201,21.79261798,0,0.0001,21.79261798,0
2005-06-07 00:00:00,5.643607,22.00433135,0,0.0001,22.00433135,0
2005-06-08 00:00:00,5.316611,22.20322723,0,0.0001,22.20322723,0
2005-06-09 00:00:00,5.059239,22.38557304,0,0.0001,22.38557304,0
2005-06-10 00:00:00,5.058749,22.53590993,0,0.0001,22.53590993,0
2005-06-11 00:00:00,5.119064,22.63059731,0,0.0001,22.63059731,0
2005-06-12 00:00:00,5.122614,22.82869167,0,0.0001,22.82869167,0
2005-06-13 00:00:00,3.856812,22.90412626,0,0.0001,22.90412626,0
2005-06-14 00:00:00,2.40048,22.96078871,0,0.0001,22.96078871,0
2005-06-15 00:00:00,2.319152,23.12796126,0,0.0001,23.12796126,0
2005-06-16 00:00:00,2.245699,23.25233066,0,0.0001,23.25233066,0
2005-06-17 00:00:00,3.167231,23.55417295,0,0.0001,23.55417295,0
2005-06-18 00:00:00,4.339169,23.78519952,0,0.0001,23.78519952,0
2005-06-19 00:00:00,4.196192,23.93741779,0,0.0001,23.93741779,0
2005-06-20 00:00:00,2.467879,23.97810097,0,0.0001,23.97810097,0
2005-06-21 00:00:00,1.639599,24.00753107,0,0.0001,24.00753107,0
2005-06-22 00:00:00,3.642157,24.39836513,0,0.0001,24.39836513,0
2005-06-23 00:00:00,3.164706,24.5297701,0,0.0001,24.5297701,0
2005-06-24 00:00:00,3.309408,24.66957234,0,0.0001,24.66957234,0
2005-06-25 00:00:00,1.863283,24.36535355,0,0.0001,24.36535355,0
2005-06-26 00:00:00,3.385995,24.69437772,0,0.0001,24.69437772,0
2005-06-27 00:00:00,1.741567,24.48159127,0,0.0001,24.48159127,0
2005-06-28 00:00:00,3.794392,24.87171249,0,0.0001,24.87171249,0
2005-06-29 00:00:00,1.506148,24.60873777,0,0.0001,24.60873777,0
2005-06-30 00:00:00,1.576007,24.68839243,0,0.0001,24.68839243,0
2005-07-01 00:00:00,1.37245,24.93761893,0,0.0001,24.93761893,0
2005-07-02 00:00:00,3.125969,25.42450795,0,0.0001,25.42450795,0
2005-07-03 00:00:00,3.065455,25.53871186,0,0.0001,25.53871186,0
2005-07-04 00:00:00,2.597027,25.53131764,0,0.0001,25.53131764,0
2005-07-05 00:00:00,1.251487,25.30738873,0,0.0001,25.30738873,0
2005-07-06 00:00:00,1.201045,25.3933511,0,0.0001,25.3933511,0
2005-07-07 00:00:00,1.124486,25.4883998,0,0.0001,25.4883998,0
2005-07-08 00:00:00,1.070629,25.53975162,0,0.0001,25.53975162,0
2005-07-09 00:00:00,1.634105,25.8545054,0,0.0001,25.8545054,0
2005-07-10 00:00:00,0.934687,25.66258711,0,0.0001,25.66258711,0
2005-07-11 00:00:00,2.276146,26.15178606,0,0.0001,26.15178606,0
2005-07-12 00:00:00,1.252397,26.15648446,0,0.0001,26.15648446,0
2005-07-13 00:00:00,1.215019,25.95689146,0,0.0001,25.95689146,0
2005-07-14 00:00:00,0.811094,25.81630662,0,0.0001,25.81630662,0
2005-07-15 00:00:00,0.755374,25.85051662,0,0.0001,25.85051662,0
2005-07-16 00:00:00,0.956624,26.08628161,0,0.0001,26.08628161,0
2005-07-17 00:00:00,0.629522,25.90949777,0,0.0001,25.90949777,0
2005-07-18 00:00:00,1.7214,26.49774275,0,0.0001,26.49774275,0
2005-07-19 00:00:00,1.640888,26.54035785,0,0.0001,26.54035785,0
2005-07-20 00:00:00,1.858364,26.33494511,0,0.0001,26.33494511,0
2005-07-21 00:00:00,1.294318,25.50078814,0,0.0001,25.50078814,0
2005-07-22 00:00:00,2.504348,26.06007128,0,0.0001,26.06007128,0
2005-07-23 00:00:00,2.416232,26.09463863,0,0.0001,26.09463863,0
2005-07-24 00:00:00,2.595595,25.96966556,0,0.0001,25.96966556,0
2005-07-25 00:00:00,1.94328,25.4322114,0,0.0001,25.4322114,0
2005-07-26 00:00:00,2.619648,25.40977219,0,0.0001,25.40977219,0
2005-07-27 00:00:00,2.384466,25.42115286,0,0.0001,25.42115286,0
2005-07-28 00:00:00,2.222892,25.38717227,0,0.0001,25.38717227,0
2005-07-29 00:00:00,2.133102,25.40853354,0,0.0001,25.40853354,0
2005-07-30 00:00:00,1.989417,25.46311432,0,0.0001,25.46311432,0
2005-07-31 00:00:00,1.893753,25.45982756,0,0.0001,25.45982756,0
2005-08-01 00:00:00,1.729941,25.48319691,0,0.0001,25.48319691,0
2005-08-02 00:00:00,2.512316,25.62583634,0,0.0001,25.62583634,0
2005-08-03 00:00:00,1.473087,25.50580433,0,0.0001,25.50580433,0
2005-08-04 00:00:00,1.53979,25.41439935,0,0.0001,25.41439935,0
2005-08-05 00:00:00,1.447198,25.40242627,0,0.0001,25.40242627,0
2005-08-06 00:00:00,1.350662,25.3689891,0,0.0001,25.3689891,0
2005-08-07 00:00:00,1.260202,25.32025217,0,0.0001,25.32025217,0
2005-08-08 00:00:00,1.171194,25.26372986,0,0.0001,25.26372986,0
2005-08-09 00:00:00,1.096234,25.1807998,0,0.0001,25.1807998,0
2005-08-10 00:00:00,1.862496,25.29872172,0,0.0001,25.29872172,0
2005-08-11 00:00:00,1.138702,25.12882315,0,0.0001,25.12882315,0
2005-08-12 00:00:00,1.237846,24.93132528,0,0.0001,24.93132528,0
2005-08-13 00:00:00,1.076788,24.9626558,0,0.0001,24.9626558,0
2005-08-14 00:00:00,1.022709,24.82638375,0,0.0001,24.82638375,0
2005-08-15 00:00:00,0.937029,24.73932297,0,0.0001,24.73932297,0
2005-08-16 00:00:00,1.6125,24.85005478,0,0.0001,24.85005478,0
2005-08-17 00:00:00,1.449921,24.79275908,0,0.0001,24.79275908,0
2005-08-18 00:00:00,1.194177,24.19287796,0,0.0001,24.19287796,0
2005-08-19 00:00:00,1.226233,24.1706181,0,0.0001,24.1706181,0
2005-08-20 00:00:00,1.128964,24.11035806,0,0.0001,24.11035806,0
2005-08-21 00:00:00,0.997383,24.06198243,0,0.0001,24.06198243,0
2005-08-22 00:00:00,0.880424,24.01863413,0,0.0001,24.01863413,0
2005-08-23 00:00:00,0.817132,23.91621908,0,0.0001,23.91621908,0
2005-08-24 00:00:00,0.77604,23.77796446,0,0.0001,23.77796446,0
2005-08-25 00:00:00,1.262923,23.88866033,0,0.0001,23.88866033,0
2005-08-26 00:00:00,0.709554,23.47615703,0,0.0001,23.47615703,0
2005-08-27 00:00:00,0.757134,23.29011677,0,0.0001,23.29011677,0
2005-08-28 00:00:00,0.712381,23.19053405,0,0.0001,23.19053405,0
2005-08-29 00:00:00,0.654058,23.08825865,0,0.0001,23.08825865,0
2005-08-30 00:00:00,0.588974,22.9967666,0,0.0001,22.9967666,0
2005-08-31 00:00:00,0.550788,22.8581996,0,0.0001,22.8581996,0
2005-09-01 00:00:00,0.553782,22.62668811,0,0.0001,22.62668811,0
2005-09-02 00:00:00,0.505339,22.51302701,0,0.0001,22.51302701,0
2005-09-03 00:00:00,0.472742,22.36731285,0,0.0001,22.36731285,0
2005-09-04 00:00:00,0.441428,22.22093251,0,0.0001,22.22093251,0
2005-09-05 00:00:00,0.813861,22.44864323,0,0.0001,22.44864323,0
2005-09-06 00:00:00,0.380278,21.94481973,0,0.0001,21.94481973,0
2005-09-07 00:00:00,0.345902,21.83793429,0,0.0001,21.83793429,0
2005-09-08 00:00:00,0.324633,21.6807422,0,0.0001,21.6807422,0
2005-09-09 00:00:00,0.337605,21.41038533,0,0.0001,21.41038533,0
2005-09-10 00:00:00,0.654714,21.73170777,0,0.0001,21.73170777,0
2005-09-11 00:00:00,0.329944,21.02170202,0,0.0001,21.02170202,0
2005-09-12 00:00:00,0.287558,20.9640346,0,0.0001,20.9640346,0
2005-09-13 00:00:00,0.275755,20.87841029,0,0.0001,20.87841029,0
2005-09-14 00:00:00,0.277162,20.60044696,0,0.0001,20.60044696,0
2005-09-15 00:00:00,0.247923,20.53129994,0,0.0001,20.53129994,0
2005-09-16 00:00:00,0.259388,20.27731212,0,0.0001,20.27731212,0
2005-09-17 00:00:00,0.433173,20.65782044,0,0.0001,20.65782044,0
2005-09-18 00:00:00,0.253012,19.95102284,0,0.0001,19.95102284,0
2005-09-19 00:00:00,0.297866,19.60448397,0,0.0001,19.60448397,0
2005-09-20 00:00:00,0.464868,20.01818363,0,0.0001,20.01818363,0
2005-09-21 00:00:00,0.291199,19.33778515,0,0.0001,19.33778515,0
2005-09-22 00:00:00,0.285673,19.14214874,0,0.0001,19.14214874,0
2005-09-23 00:00:00,0.419638,19.44126321,0,0.0001,19.44126321,0
2005-09-24 00:00:00,0.322316,19.27921509,0,0.0001,19.27921509,0
2005-09-25 00:00:00,0.483836,18.07180502,0,0.0001,18.07180502,0
2005-09-26 00:00:00,0.813974,18.3654548,0,0.0001,18.3654548,0
2005-09-27 00:00:00,0.474784,18.05258191,0,0.0001,18.05258191,0
2005-09-28 00:00:00,0.504105,17.83674535,0,0.0001,17.83674535,0
2005-09-29 00:00:00,0.593822,17.49322008,0,0.0001,17.49322008,0
2005-09-30 00:00:00,0.794906,17.37983119,0,0.0001,17.37983119,0
2005-10-01 00:00:00,0.55056,17.09511488,0,0.0001,17.09511488,0
2005-10-02 00:00:00,0.691863,17.01208612,0,0.0001,17.01208612,0
2005-10-03 00:00:00,0.648526,16.83111794,0,0.0001,16.83111794,0
2005-10-04 00:00:00,0.617426,16.65330049,0,0.0001,16.65330049,0
2005-10-05 00:00:00,0.465569,16.30135466,0,0.0001,16.30135466,0
2005-10-06 00:00:00,0.50017,16.0543961,0,0.0001,16.0543961,0
2005-10-07 00:00:00,0.468716,15.88201796,0,0.0001,15.88201796,0
2005-10-08 00:00:00,0.453447,15.67738846,0,0.0001,15.67738846,0
2005-10-09 00:00:00,0.436922,15.4706324,0,0.0001,15.4706324,0
2005-10-10 00:00:00,0.537478,15.3334071,0,0.0001,15.3334071,0
2005-10-11 00:00:00,0.489545,15.1532831,0,0.0001,15.1532831,0
2005-10-12 00:00:00,0.370502,14.90614743,0,0.0001,14.90614743,0
2005-10-13 00:00:00,0.364623,14.68819943,0,0.0001,14.68819943,0
2005-10-14 00:00:00,0.400584,14.38551758,0,0.0001,14.38551758,0
2005-10-15 00:00:00,0.37775,14.20211329,0,0.0001,14.20211329,0
2005-10-16 00:00:00,0.356303,14.01872152,0,0.0001,14.01872152,0
2005-10-17 00:00:00,0.369355,13.77194236,0,0.0001,13.77194236,0
2005-10-18 00:00:00,0.374218,13.53681061,0,0.0001,13.53681061,0
2005-10-19 00:00:00,0.340455,13.3775144,0,0.0001,13.3775144,0
2005-10-20 00:00:00,0.40383,13.27340906,0,0.0001,13.27340906,0
2005-10-21 00:00:00,0.305238,13.01017579,0,0.0001,13.01017579,0
2005-10-22 00:00:00,0.318423,12.75709422,0,0.0001,12.75709422,0
2005-10-23 00:00:00,0.329616,12.51819772,0,0.0001,12.51819772,0
2005-10-24 00:00:00,0.337316,12.27232889,0,0.0001,12.27232889,0
2005-10-25 00:00:00,0.331115,12.06489055,0,0.0001,12.06489055,0
2005-10-26 00:00:00,0.318705,11.87539491,0,0.0001,11.87539491,0
2005-10-27 00:00:00,0.396938,11.75676426,0,0.0001,11.75676426,0
2005-10-28 00:00:00,0.298273,11.49365711,0,0.0001,11.49365711,0
2005-10-29 00:00:00,0.38904,11.39062013,0,0.0001,11.39062013,0
2005-10-30 00:00:00,0.275049,11.13125911,0,0.0001,11.13125911,0
2005-10-31 00:00:00,0.29323,10.87296586,0,0.0001,10.87296586,0
2005-11-01 00:00:00,0.275744,10.69546996,0,0.0001,10.69546996,0
2005-11-02 00:00:00,0.283883,10.4694568,0,0.0001,10.4694568,0
2005-11-03 00:00:00,0.273775,10.28514802,0,0.0001,10.28514802,0
2005-11-04 00:00:00,0.350834,10.20795073,0,0.0001,10.20795073,0
2005-11-05 00:00:00,0.474162,9.654342479,0,0.0001,9.654342479,0
2005-11-06 00:00:00,0.935461,9.014100487,0,0.0001,9.014100487,0
2005-11-07 00:00:00,1.083665,8.763397955,0,0.0001,8.763397955,0
2005-11-08 00:00:00,0.843477,8.671025402,0,0.0001,8.671025402,0
2005-11-09 00:00:00,0.863451,8.523038002,0,0.0001,8.523038002,0
2005-11-10 00:00:00,0.851118,8.320913049,0,0.0001,8.320913049,0
2005-11-11 00:00:00,0.999528,8.079779028,0,0.0001,8.079779028,0
2005-11-12 00:00:00,0.843944,7.870411449,0,0.0001,7.870411449,0
2005-11-13 00:00:00,1.035335,7.595536897,0,0.0001,7.595536897,0
2005-11-14 00:00:00,0.99206,7.38655188,0,0.0001,7.38655188,0
2005-11-15 00:00:00,1.251373,7.118394797,0,0.0001,7.118394797,0
2005-11-16 00:00:00,1.507993,6.732077891,0,0.0001,6.732077891,0
2005-11-17 00:00:00,1.366388,6.58434055,0,0.0001,6.58434055,0
2005-11-18 00:00:00,1.292155,6.413985328,0,0.0001,6.413985328,0
2005-11-19 00:00:00,1.278689,6.197442726,0,0.0001,6.197442726,0
2005-11-20 00:00:00,1.280394,5.9739719,0,0.0001,5.9739719,0
2005-11-21 00:00:00,1.250513,5.762074004,0,0.0001,5.762074004,0
2005-11-22 00:00:00,1.443249,5.52938991,0,0.0001,5.52938991,0
2005-11-23 00:00:00,1.193158,5.368771566,0,0.0001,5.368771566,0
2005-11-24 00:00:00,1.135896,5.15666243,0,0.0001,5.15666243,0
2005-11-25 00:00:00,1.031134,4.948133898,0,0.0001,4.948133898,0
2005-11-26 00:00:00,1.383914,4.773195349,0,0.0001,4.773195349,0
2005-11-27 00:00:00,1.81105,4.54271539,0,0.0001,4.54271539,0
2005-11-28 00:00:00,1.985425,4.328825485,0,0.0001,4.328825485,0
2005-11-29 00:00:00,2.079116,4.065728433,0,0.0001,4.065728433,0
2005-11-30 00:00:00,1.657684,3.932919986,0,0.0001,3.932919986,0
2005-12-01 00:00:00,1.66231,3.799737534,0,0.0001,3.799737534,0
2005-12-02 00:00:00,1.660853,3.626330005,0,0.0001,3.626330005,0
2005-12-03 00:00:00,1.513718,3.421723098,0,0.0001,3.421723098,0
2005-12-04 00:00:00,1.564775,3.288244534,0,0.0001,3.288244534,0
2005-12-05 00:00:00,1.497074,3.123936374,0,0.0001,3.123936374,0
2005-12-06 00:00:00,1.42516,2.966482664,0,0.0001,2.966482664,0
2005-12-07 00:00:00,1.366122,2.81665561,0,0.0001,2.81665561,0
2005-12-08 00:00:00,1.192011,2.62543887,0,0.0001,2.62543887,0
2005-12-09 00:00:00,1.264394,2.536456554,0,0.0001,2.536456554,0
2005-12-10 00:00:00,1.188656,2.380105212,0,0.0001,2.380105212,0
2005-12-11 00:00:00,1.185875,2.269131806,0,0.0001,2.269131806,0
2005-12-12 00:00:00,1.142484,2.14001705,0,0.0001,2.14001705,0
2005-12-13 00:00:00,1.630992,1.945760488,0,0.0001,1.945760488,0
2005-12-14 00:00:00,1.036027,1.890956011,0,0.0001,1.890956011,0
2005-12-15 00:00:00,1.133627,1.77521029,0,0.0001,1.77521029,0
2005-12-16 00:00:00,1.124456,1.657074735,0,0.0001,1.657074735,0
2005-12-17 00:00:00,1.083999,1.555747299,0,0.0001,1.555747299,0
2005-12-18 00:00:00,1.041742,1.457411084,0,0.0001,1.457411084,0
2005-12-19 00:00:00,1.005828,1.36220168,0,0.0001,1.36220168,0
2005-12-20 00:00:00,0.975314,1.270067831,0,0.0001,1.270067831,0
2005-12-21 00:00:00,0.945971,1.180007377,0,0.0001,1.180007377,0
2005-12-22 00:00:00,0.921845,1.096070264,0,0.0001,1.096070264,0
2005-12-23 00:00:00,1.673318,0.960410429,0,0.0001,0.960410429,0
2005-12-24 00:00:00,0.898783,0.945305386,0,0.0001,0.945305386,0
2005-12-25 00:00:00,1.634986,0.7956862,0,0.0001,0.7956862,0
2005-12-26 00:00:00,0.838688,0.782300373,0,0.0001,0.782300373,0
2005-12-27 00:00:00,0.811289,0.714945152,0,0.0001,0.714945152,0
2005-12-28 00:00:00,1.57956,0.592430917,0,0.0001,0.592430917,0
2005-12-29 00:00:00,0.80028,0.584759392,0,0.0001,0.584759392,0
2005-12-30 00:00:00,1.748908,0.466568333,0,0.0001,0.466568333,0
2005-12-31 00:00:00,1.633276,0.362714705,0,0.0001,0.362714705,0
2006-01-01 00:00:00,2.286708,0.304323866,0,0.0001,0.304323866,0
2006-01-02 00:00:00,3.658578,0.091133555,0,0.0001,0.091133555,0
2006-01-03 00:00:00,3.873489,-0.055161047,0,0.0001,-0.055161047,0
2006-01-04 00:00:00,2.757501,0.20094807,0,0.0001,0.20094807,0
2006-01-05 00:00:00,2.796742,0.114544768,0,0.0001,0.114544768,0
2006-01-06 00:00:00,2.825148,-0.050051588,0,0.0001,-0.050051588,0
2006-01-07 00:00:00,2.443341,-0.129047012,0,0.0001,-0.129047012,0
2006-01-08 00:00:00,2.28941,-0.241375949,0,0.0001,-0.241375949,0
2006-01-09 00:00:00,2.160235,-0.318437835,0,0.0001,-0.318437835,0
2006-01-10 00:00:00,2.04026,-0.385915536,0,0.0001,-0.385915536,0
2006-01-11 00:00:00,2.86468,-0.522261589,0,0.0001,-0.522261589,0
2006-01-12 00:00:00,1.881653,-0.484144742,0,0.0001,-0.484144742,0
2006-01-13 00:00:00,1.819808,-0.526138607,0,0.0001,-0.526138607,0
2006-01-14 00:00:00,2.873877,-0.631244148,0,0.0001,-0.631244148,0
2006-01-15 00:00:00,1.728095,-0.584585278,0,0.0001,-0.584585278,0
2006-01-16 00:00:00,1.678804,-0.603176821,0,0.0001,-0.603176821,0
2006-01-17 00:00:00,2.856025,-0.676713089,0,0.0001,-0.676713089,0
2006-01-18 00:00:00,2.826022,-0.674800743,0,0.0001,-0.674800743,0
2006-01-19 00:00:00,2.771716,-0.668186911,0,0.0001,-0.668186911,0
2006-01-20 00:00:00,1.556708,-0.591579922,0,0.0001,-0.591579922,0
2006-01-21 00:00:00,2.930269,-0.667348638,0,0.0001,-0.667348638,0
2006-01-22 00:00:00,1.601284,-0.574514015,0,0.0001,-0.574514015,0
2006-01-23 00:00:00,2.845727,-0.620142296,0,0.0001,-0.620142296,0
2006-01-24 00:00:00,1.503032,-0.520698071,0,0.0001,-0.520698071,0
2006-01-25 00:00:00,1.525103,-0.491709479,0,0.0001,-0.491709479,0
2006-01-26 00:00:00,2.734792,-0.512305258,0,0.0001,-0.512305258,0
2006-01-27 00:00:00,2.675384,-0.4699375,0,0.0001,-0.4699375,0
2006-01-28 00:00:00,3.482811,-0.429314549,0,0.0001,-0.429314549,0
2006-01-29 00:00:00,3.981627,-0.460502379,0,0.0001,-0.460502379,0
2006-01-30 00:00:00,4.141176,-0.389281039,0,0.0001,-0.389281039,0
2006-01-31 00:00:00,4.194917,-0.331085211,0,0.0001,-0.331085211,0
2006-02-01 00:00:00,4.225465,-0.310764234,0,0.0001,-0.310764234,0
2006-02-02 00:00:00,4.318034,-0.304053836,0,0.0001,-0.304053836,0
2006-02-03 00:00:00,2.888477,-0.195368215,0,0.0001,-0.195368215,0
2006-02-04 00:00:00,2.953597,-0.19030957,0,0.0001,-0.19030957,0
2006-02-05 00:00:00,2.334026,-0.105184938,0,0.0001,-0.105184938,0
2006-02-06 00:00:00,4.020722,-0.147624645,0,0.0001,-0.147624645,0
2006-02-07 00:00:00,2.151381,-0.0079197,0,0.0001,-0.0079197,0
2006-02-08 00:00:00,3.869567,-0.018965131,0,0.0001,-0.018965131,0
2006-02-09 00:00:00,3.769465,0.051550638,0,0.0001,0.051550638,0
2006-02-10 00:00:00,3.038186,0.14975962,0,0.0001,0.14975962,0
2006-02-11 00:00:00,1.944963,0.275701716,0,0.0001,0.275701716,0
2006-02-12 00:00:00,3.680327,0.312788633,0,0.0001,0.312788633,0
2006-02-13 00:00:00,3.633102,0.411106048,0,0.0001,0.411106048,0
2006-02-14 00:00:00,3.751255,0.511441223,0,0.0001,0.511441223,0
2006-02-15 00:00:00,3.376134,0.595010527,0,0.0001,0.595010527,0
2006-02-16 00:00:00,3.270568,0.72568312,0,0.0001,0.72568312,0
2006-02-17 00:00:00,4.032618,0.82751665,0,0.0001,0.82751665,0
2006-02-18 00:00:00,3.925355,0.943053641,0,0.0001,0.943053641,0
2006-02-19 00:00:00,3.851478,1.066144972,0,0.0001,1.066144972,0
2006-02-20 00:00:00,3.787508,1.193984659,0,0.0001,1.193984659,0
2006-02-21 00:00:00,3.715638,1.326002556,0,0.0001,1.326002556,0
2006-02-22 00:00:00,3.646401,1.461919015,0,0.0001,1.461919015,0
2006-02-23 00:00:00,3.574331,1.601519199,0,0.0001,1.601519199,0
2006-02-24 00:00:00,3.498662,1.744310425,0,0.0001,1.744310425,0
2006-02-25 00:00:00,3.453034,1.890406695,0,0.0001,1.890406695,0
2006-02-26 00:00:00,3.377366,2.039666351,0,0.0001,2.039666351,0
2006-02-27 00:00:00,3.325032,2.191512073,0,0.0001,2.191512073,0
2006-02-28 00:00:00,3.281229,2.346557995,0,0.0001,2.346557995,0
2006-03-01 00:00:00,3.344547,2.503015857,0,0.0001,2.503015857,0
2006-03-02 00:00:00,3.220185,2.655936189,0,0.0001,2.655936189,0
2006-03-03 00:00:00,3.211645,2.817645656,0,0.0001,2.817645656,0
2006-03-04 00:00:00,3.146264,2.985113755,0,0.0001,2.985113755,0
2006-03-05 00:00:00,3.050874,3.145703097,0,0.0001,3.145703097,0
2006-03-06 00:00:00,3.361585,3.276326305,0,0.0001,3.276326305,0
2006-03-07 00:00:00,4.062684,3.404029617,0,0.0001,3.404029617,0
2006-03-08 00:00:00,7.883553,3.404588291,0,0.0001,3.404588291,0
2006-03-09 00:00:00,8.122967,3.505960234,0,0.0001,3.505960234,0
2006-03-10 00:00:00,7.981301,3.726479378,0,0.0001,3.726479378,0
2006-03-11 00:00:00,7.638564,3.838961003,0,0.0001,3.838961003,0
2006-03-12 00:00:00,8.043695,3.91430804,0,0.0001,3.91430804,0
2006-03-13 00:00:00,6.185629,4.049756557,0,0.0001,4.049756557,0
2006-03-14 00:00:00,8.081341,4.144689686,0,0.0001,4.144689686,0
2006-03-15 00:00:00,7.832939,4.294950324,0,0.0001,4.294950324,0
2006-03-16 00:00:00,6.96499,4.460160273,0,0.0001,4.460160273,0
2006-03-17 00:00:00,7.075927,4.609959862,0,0.0001,4.609959862,0
2006-03-18 00:00:00,7.143703,4.77651552,0,0.0001,4.77651552,0
2006-03-19 00:00:00,7.913751,4.946958613,0,0.0001,4.946958613,0
2006-03-20 00:00:00,4.612193,5.155079462,0,0.0001,5.155079462,0
2006-03-21 00:00:00,7.230389,5.329934253,0,0.0001,5.329934253,0
2006-03-22 00:00:00,7.371959,5.532458615,0,0.0001,5.532458615,0
2006-03-23 00:00:00,7.203678,5.736513607,0,0.0001,5.736513607,0
2006-03-24 00:00:00,7.143858,5.948668004,0,0.0001,5.948668004,0
2006-03-25 00:00:00,6.984512,6.169191048,0,0.0001,6.169191048,0
2006-03-26 00:00:00,6.767476,6.39319763,0,0.0001,6.39319763,0
2006-03-27 00:00:00,6.547274,6.618934806,0,0.0001,6.618934806,0
2006-03-28 00:00:00,6.418427,6.845505891,0,0.0001,6.845505891,0
2006-03-29 00:00:00,6.214305,7.078599376,0,0.0001,7.078599376,0
2006-03-30 00:00:00,6.080247,7.309333141,0,0.0001,7.309333141,0
2006-03-31 00:00:00,6.098331,7.520522444,0,0.0001,7.520522444,0
2006-04-01 00:00:00,5.966617,7.758857597,0,0.0001,7.758857597,0
2006-04-02 00:00:00,7.229404,7.925473791,0,0.0001,7.925473791,0
2006-04-03 00:00:00,8.872636,8.049539013,0,0.0001,8.049539013,0
2006-04-04 00:00:00,8.399095,8.303422484,0,0.0001,8.303422484,0
2006-04-05 00:00:00,8.191997,8.530328661,0,0.0001,8.530328661,0
2006-04-06 00:00:00,8.85428,8.71227692,0,0.0001,8.71227692,0
2006-04-07 00:00:00,12.039478,8.790079316,0,0.0001,8.790079316,0
2006-04-08 00:00:00,11.175391,9.027941195,0,0.0001,9.027941195,0
2006-04-09 00:00:00,8.989155,9.242538233,0,0.0001,9.242538233,0
2006-04-10 00:00:00,10.855455,9.448187592,0,0.0001,9.448187592,0
2006-04-11 00:00:00,8.944813,9.663184117,0,0.0001,9.663184117,0
2006-04-12 00:00:00,10.833699,9.855110395,0,0.0001,9.855110395,0
2006-04-13 00:00:00,9.279981,10.07805876,0,0.0001,10.07805876,0
2006-04-14 00:00:00,10.376325,10.3066762,0,0.0001,10.3066762,0
2006-04-15 00:00:00,9.997998,10.54246229,0,0.0001,10.54246229,0
2006-04-16 00:00:00,9.317289,10.70004674,0,0.0001,10.70004674,0
2006-04-17 00:00:00,12.166713,10.94140722,0,0.0001,10.94140722,0
2006-04-18 00:00:00,9.39262,11.1823191,0,0.0001,11.1823191,0
2006-04-19 00:00:00,9.376155,11.41498722,0,0.0001,11.41498722,0
2006-04-20 00:00:00,11.025082,11.66904977,0,0.0001,11.66904977,0
2006-04-21 00:00:00,7.336859,11.90629529,0,0.0001,11.90629529,0
2006-04-22 00:00:00,8.8026,12.16323635,0,0.0001,12.16323635,0
2006-04-23 00:00:00,7.006445,12.41316669,0,0.0001,12.41316669,0
2006-04-24 00:00:00,6.630492,12.66894594,0,0.0001,12.66894594,0
2006-04-25 00:00:00,6.611617,12.91953245,0,0.0001,12.91953245,0
2006-04-26 00:00:00,7.778589,13.18783538,0,0.0001,13.18783538,0
2006-04-27 00:00:00,8.26294,13.45591532,0,0.0001,13.45591532,0
2006-04-28 00:00:00,7.841735,13.7185439,0,0.0001,13.7185439,0
2006-04-29 00:00:00,7.871569,13.93700908,0,0.0001,13.93700908,0
2006-04-30 00:00:00,11.246245,13.95827181,0,0.0001,13.95827181,0
2006-05-01 00:00:00,10.846073,14.22840567,0,0.0001,14.22840567,0
2006-05-02 00:00:00,10.846691,14.46186538,0,0.0001,14.46186538,0
2006-05-03 00:00:00,10.447279,14.70336366,0,0.0001,14.70336366,0
2006-05-04 00:00:00,8.62811,14.93892152,0,0.0001,14.93892152,0
2006-05-05 00:00:00,9.418119,15.21036323,0,0.0001,15.21036323,0
2006-05-06 00:00:00,9.064144,15.46164754,0,0.0001,15.46164754,0
2006-05-07 00:00:00,8.654085,15.71337843,0,0.0001,15.71337843,0
2006-05-08 00:00:00,8.216468,15.96481048,0,0.0001,15.96481048,0
2006-05-09 00:00:00,8.460851,16.1539455,0,0.0001,16.1539455,0
2006-05-10 00:00:00,8.48925,16.38379064,0,0.0001,16.38379064,0
2006-05-11 00:00:00,9.406299,16.52670567,0,0.0001,16.52670567,0
2006-05-12 00:00:00,9.96165,16.69558859,0,0.0001,16.69558859,0
2006-05-13 00:00:00,10.279776,16.89121595,0,0.0001,16.89121595,0
2006-05-14 00:00:00,10.515961,17.09063254,0,0.0001,17.09063254,0
2006-05-15 00:00:00,10.549318,17.30476275,0,0.0001,17.30476275,0
2006-05-16 00:00:00,10.808537,17.49810354,0,0.0001,17.49810354,0
2006-05-17 00:00:00,9.272915,17.67138017,0,0.0001,17.67138017,0
2006-05-18 00:00:00,10.709896,17.91770619,0,0.0001,17.91770619,0
2006-05-19 00:00:00,9.077971,18.13297442,0,0.0001,18.13297442,0
2006-05-20 00:00:00,8.725976,18.35320485,0,0.0001,18.35320485,0
2006-05-21 00:00:00,8.453825,18.58327939,0,0.0001,18.58327939,0
2006-05-22 00:00:00,9.426685,18.82112786,0,0.0001,18.82112786,0
2006-05-23 00:00:00,8.985022,19.04897745,0,0.0001,19.04897745,0
2006-05-24 00:00:00,10.397454,19.13126801,0,0.0001,19.13126801,0
2006-05-25 00:00:00,11.947743,19.23717732,0,0.0001,19.23717732,0
2006-05-26 00:00:00,11.465726,19.44733942,0,0.0001,19.44733942,0
2006-05-27 00:00:00,9.669678,19.63944613,0,0.0001,19.63944613,0
2006-05-28 00:00:00,11.087678,19.87304645,0,0.0001,19.87304645,0
2006-05-29 00:00:00,10.495763,20.09609419,0,0.0001,20.09609419,0
2006-05-30 00:00:00,10.601328,20.26586174,0,0.0001,20.26586174,0
2006-05-31 00:00:00,9.204345,20.43834341,0,0.0001,20.43834341,0
2006-06-01 00:00:00,5.75794,20.59505997,0,0.0001,20.59505997,0
2006-06-02 00:00:00,8.38509,20.87834125,0,0.0001,20.87834125,0
2006-06-03 00:00:00,4.901304,21.01226899,0,0.0001,21.01226899,0
2006-06-04 00:00:00,7.511695,21.28229877,0,0.0001,21.28229877,0
2006-06-05 00:00:00,8.211558,21.50145114,0,0.0001,21.50145114,0
2006-06-06 00:00:00,5.490394,21.63187875,0,0.0001,21.63187875,0
2006-06-07 00:00:00,3.778398,21.76994727,0,0.0001,21.76994727,0
2006-06-08 00:00:00,7.342368,22.06772354,0,0.0001,22.06772354,0
2006-06-09 00:00:00,4.839825,22.18569773,0,0.0001,22.18569773,0
2006-06-10 00:00:00,6.996343,22.29001713,0,0.0001,22.29001713,0
2006-06-11 00:00:00,6.875831,22.49390174,0,0.0001,22.49390174,0
2006-06-12 00:00:00,7.37274,22.68196626,0,0.0001,22.68196626,0
2006-06-13 00:00:00,7.047094,22.85264745,0,0.0001,22.85264745,0
2006-06-14 00:00:00,6.007054,22.98330521,0,0.0001,22.98330521,0
2006-06-15 00:00:00,4.126573,23.08209665,0,0.0001,23.08209665,0
2006-06-16 00:00:00,6.373933,23.35110329,0,0.0001,23.35110329,0
2006-06-17 00:00:00,6.053049,23.50367132,0,0.0001,23.50367132,0
2006-06-18 00:00:00,2.692787,23.35303913,0,0.0001,23.35303913,0
2006-06-19 00:00:00,4.878597,23.71656005,0,0.0001,23.71656005,0
2006-06-20 00:00:00,5.72101,23.92484935,0,0.0001,23.92484935,0
2006-06-21 00:00:00,4.485061,23.97943951,0,0.0001,23.97943951,0
2006-06-22 00:00:00,2.578292,23.98721892,0,0.0001,23.98721892,0
2006-06-23 00:00:00,5.202315,24.34452304,0,0.0001,24.34452304,0
2006-06-24 00:00:00,4.981617,24.48401788,0,0.0001,24.48401788,0
2006-06-25 00:00:00,6.236299,24.41679076,0,0.0001,24.41679076,0
2006-06-26 00:00:00,7.012219,24.34614586,0,0.0001,24.34614586,0
2006-06-27 00:00:00,5.639648,24.43478718,0,0.0001,24.43478718,0
2006-06-28 00:00:00,3.959323,24.42856863,0,0.0001,24.42856863,0
2006-06-29 00:00:00,5.221402,24.60708245,0,0.0001,24.60708245,0
2006-06-30 00:00:00,3.398035,24.61888616,0,0.0001,24.61888616,0
2006-07-01 00:00:00,4.682751,24.83611354,0,0.0001,24.83611354,0
2006-07-02 00:00:00,4.489622,24.92646305,0,0.0001,24.92646305,0
2006-07-03 00:00:00,2.840643,24.9527974,0,0.0001,24.9527974,0
2006-07-04 00:00:00,2.684634,25.05569002,0,0.0001,25.05569002,0
2006-07-05 00:00:00,2.546334,25.15021813,0,0.0001,25.15021813,0
2006-07-06 00:00:00,2.407207,25.24356344,0,0.0001,25.24356344,0
2006-07-07 00:00:00,3.13568,25.39384102,0,0.0001,25.39384102,0
2006-07-08 00:00:00,2.130019,25.41388478,0,0.0001,25.41388478,0
2006-07-09 00:00:00,4.511098,25.56490488,0,0.0001,25.56490488,0
2006-07-10 00:00:00,4.347912,25.64285675,0,0.0001,25.64285675,0
2006-07-11 00:00:00,5.237415,25.34226413,0,0.0001,25.34226413,0
2006-07-12 00:00:00,5.424479,25.37565403,0,0.0001,25.37565403,0
2006-07-13 00:00:00,3.683881,25.35035504,0,0.0001,25.35035504,0
2006-07-14 00:00:00,3.293699,25.35441423,0,0.0001,25.35441423,0
2006-07-15 00:00:00,3.279814,25.3941789,0,0.0001,25.3941789,0
2006-07-16 00:00:00,3.016876,25.45583278,0,0.0001,25.45583278,0
2006-07-17 00:00:00,2.803406,25.52752815,0,0.0001,25.52752815,0
2006-07-18 00:00:00,4.872756,25.70441106,0,0.0001,25.70441106,0
2006-07-19 00:00:00,4.160989,25.67007581,0,0.0001,25.67007581,0
2006-07-20 00:00:00,3.5152,25.37310166,0,0.0001,25.37310166,0
2006-07-21 00:00:00,4.940208,25.58527051,0,0.0001,25.58527051,0
2006-07-22 00:00:00,3.072028,25.46262123,0,0.0001,25.46262123,0
2006-07-23 00:00:00,2.919407,25.45464379,0,0.0001,25.45464379,0
2006-07-24 00:00:00,4.656008,25.57266641,0,0.0001,25.57266641,0
2006-07-25 00:00:00,5.173643,25.6195371,0,0.0001,25.6195371,0
2006-07-26 00:00:00,5.291136,25.59835583,0,0.0001,25.59835583,0
2006-07-27 00:00:00,5.361465,25.45409356,0,0.0001,25.45409356,0
2006-07-28 00:00:00,3.7309,25.38136872,0,0.0001,25.38136872,0
2006-07-29 00:00:00,3.446713,25.3977887,0,0.0001,25.3977887,0
2006-07-30 00:00:00,2.794702,25.36444281,0,0.0001,25.36444281,0
2006-07-31 00:00:00,4.541579,25.46052834,0,0.0001,25.46052834,0
2006-08-01 00:00:00,2.81384,25.17863939,0,0.0001,25.17863939,0
2006-08-02 00:00:00,2.690279,25.25497888,0,0.0001,25.25497888,0
2006-08-03 00:00:00,2.449155,25.26383356,0,0.0001,25.26383356,0
2006-08-04 00:00:00,4.648448,25.37677724,0,0.0001,25.37677724,0
2006-08-05 00:00:00,4.386785,25.36341382,0,0.0001,25.36341382,0
2006-08-06 00:00:00,2.819557,24.96180897,0,0.0001,24.96180897,0
2006-08-07 00:00:00,2.626231,24.97796197,0,0.0001,24.97796197,0
2006-08-08 00:00:00,4.423144,25.06277546,0,0.0001,25.06277546,0
2006-08-09 00:00:00,2.232715,24.9149514,0,0.0001,24.9149514,0
2006-08-10 00:00:00,2.138504,24.84746139,0,0.0001,24.84746139,0
2006-08-11 00:00:00,2.003049,24.79713197,0,0.0001,24.79713197,0
2006-08-12 00:00:00,3.662284,24.84724203,0,0.0001,24.84724203,0
2006-08-13 00:00:00,1.766745,24.67330666,0,0.0001,24.67330666,0
2006-08-14 00:00:00,1.671299,24.59336964,0,0.0001,24.59336964,0
2006-08-15 00:00:00,1.547534,24.52476342,0,0.0001,24.52476342,0
2006-08-16 00:00:00,3.263885,24.61058545,0,0.0001,24.61058545,0
2006-08-17 00:00:00,3.010179,24.5238349,0,0.0001,24.5238349,0
2006-08-18 00:00:00,1.445158,24.17927405,0,0.0001,24.17927405,0
2006-08-19 00:00:00,1.42342,24.1034778,0,0.0001,24.1034778,0
2006-08-20 00:00:00,2.737098,24.18004839,0,0.0001,24.18004839,0
2006-08-21 00:00:00,1.197622,23.94270465,0,0.0001,23.94270465,0
2006-08-22 00:00:00,2.832837,24.04988774,0,0.0001,24.04988774,0
2006-08-23 00:00:00,3.350153,23.81645816,0,0.0001,23.81645816,0
2006-08-24 00:00:00,6.007843,23.14035027,0,0.0001,23.14035027,0
2006-08-25 00:00:00,7.781611,22.81511091,0,0.0001,22.81511091,0
2006-08-26 00:00:00,6.626564,22.62308852,0,0.0001,22.62308852,0
2006-08-27 00:00:00,6.599491,22.50467213,0,0.0001,22.50467213,0
2006-08-28 00:00:00,5.517467,22.35948587,0,0.0001,22.35948587,0
2006-08-29 00:00:00,5.1246,22.23665958,0,0.0001,22.23665958,0
2006-08-30 00:00:00,4.741994,22.1198474,0,0.0001,22.1198474,0
2006-08-31 00:00:00,4.398136,22.00044539,0,0.0001,22.00044539,0
2006-09-01 00:00:00,4.13987,21.87227686,0,0.0001,21.87227686,0
2006-09-02 00:00:00,6.424844,21.77091289,0,0.0001,21.77091289,0
2006-09-03 00:00:00,6.408071,21.60247541,0,0.0001,21.60247541,0
2006-09-04 00:00:00,5.988162,21.34224443,0,0.0001,21.34224443,0
2006-09-05 00:00:00,4.41908,21.20463652,0,0.0001,21.20463652,0
2006-09-06 00:00:00,4.239217,21.07038604,0,0.0001,21.07038604,0
2006-09-07 00:00:00,3.652448,20.92391453,0,0.0001,20.92391453,0
2006-09-08 00:00:00,3.45371,20.77295996,0,0.0001,20.77295996,0
2006-09-09 00:00:00,5.785625,20.65627111,0,0.0001,20.65627111,0
2006-09-10 00:00:00,5.800906,20.47274494,0,0.0001,20.47274494,0
2006-09-11 00:00:00,7.735078,20.14884586,0,0.0001,20.14884586,0
2006-09-12 00:00:00,12.467803,19.80412596,0,0.0001,19.80412596,0
2006-09-13 00:00:00,11.917068,19.65862806,0,0.0001,19.65862806,0
2006-09-14 00:00:00,7.966005,19.46258451,0,0.0001,19.46258451,0
2006-09-15 00:00:00,10.862854,19.27415266,0,0.0001,19.27415266,0
2006-09-16 00:00:00,7.792821,19.07770327,0,0.0001,19.07770327,0
2006-09-17 00:00:00,6.277402,18.87041906,0,0.0001,18.87041906,0
2006-09-18 00:00:00,5.687948,18.67532868,0,0.0001,18.67532868,0
2006-09-19 00:00:00,6.17093,18.48770315,0,0.0001,18.48770315,0
2006-09-20 00:00:00,8.796757,18.3003649,0,0.0001,18.3003649,0
2006-09-21 00:00:00,8.561728,18.10604655,0,0.0001,18.10604655,0
2006-09-22 00:00:00,8.543605,17.90111433,0,0.0001,17.90111433,0
2006-09-23 00:00:00,6.502427,17.68798321,0,0.0001,17.68798321,0
2006-09-24 00:00:00,6.485695,17.48846322,0,0.0001,17.48846322,0
2006-09-25 00:00:00,8.27037,17.31319958,0,0.0001,17.31319958,0
2006-09-26 00:00:00,5.920681,17.1262137,0,0.0001,17.1262137,0
2006-09-27 00:00:00,4.276713,16.92713336,0,0.0001,16.92713336,0
2006-09-28 00:00:00,7.316149,16.74195979,0,0.0001,16.74195979,0
2006-09-29 00:00:00,6.994806,16.55308046,0,0.0001,16.55308046,0
2006-09-30 00:00:00,6.826642,16.36037351,0,0.0001,16.36037351,0
2006-10-01 00:00:00,6.624026,16.17313607,0,0.0001,16.17313607,0
2006-10-02 00:00:00,6.293713,15.98652483,0,0.0001,15.98652483,0
2006-10-03 00:00:00,6.074992,15.78445696,0,0.0001,15.78445696,0
2006-10-04 00:00:00,6.494151,15.4937333,0,0.0001,15.4937333,0
2006-10-05 00:00:00,4.804776,15.28972429,0,0.0001,15.28972429,0
2006-10-06 00:00:00,6.126824,15.10133852,0,0.0001,15.10133852,0
2006-10-07 00:00:00,5.976092,14.90534929,0,0.0001,14.90534929,0
2006-10-08 00:00:00,4.03015,14.70546478,0,0.0001,14.70546478,0
2006-10-09 00:00:00,5.448344,14.5056128,0,0.0001,14.5056128,0
2006-10-10 00:00:00,2.429323,14.28331472,0,0.0001,14.28331472,0
2006-10-11 00:00:00,2.719826,14.02466811,0,0.0001,14.02466811,0
2006-10-12 00:00:00,2.605718,13.82101463,0,0.0001,13.82101463,0
2006-10-13 00:00:00,2.441921,13.62295069,0,0.0001,13.62295069,0
2006-10-14 00:00:00,3.823429,13.41327291,0,0.0001,13.41327291,0
2006-10-15 00:00:00,5.207672,13.20369319,0,0.0001,13.20369319,0
2006-10-16 00:00:00,5.337604,12.98241841,0,0.0001,12.98241841,0
2006-10-17 00:00:00,6.69517,12.6509244,0,0.0001,12.6509244,0
2006-10-18 00:00:00,3.269825,12.48951155,0,0.0001,12.48951155,0
2006-10-19 00:00:00,6.67588,12.21048076,0,0.0001,12.21048076,0
2006-10-20 00:00:00,6.478762,11.9867534,0,0.0001,11.9867534,0
2006-10-21 00:00:00,5.244597,11.78123573,0,0.0001,11.78123573,0
2006-10-22 00:00:00,5.62889,11.51103551,0,0.0001,11.51103551,0
2006-10-23 00:00:00,4.154522,11.33088315,0,0.0001,11.33088315,0
2006-10-24 00:00:00,4.014129,11.09021805,0,0.0001,11.09021805,0
2006-10-25 00:00:00,3.965943,10.84025331,0,0.0001,10.84025331,0
2006-10-26 00:00:00,4.043524,10.58756591,0,0.0001,10.58756591,0
2006-10-27 00:00:00,3.703662,10.35272864,0,0.0001,10.35272864,0
2006-10-28 00:00:00,3.532761,10.11787064,0,0.0001,10.11787064,0
2006-10-29 00:00:00,3.612256,9.878156332,0,0.0001,9.878156332,0
2006-10-30 00:00:00,3.215609,9.660689647,0,0.0001,9.660689647,0
2006-10-31 00:00:00,3.059036,9.438093866,0,0.0001,9.438093866,0
2006-11-01 00:00:00,2.937201,9.223251601,0,0.0001,9.223251601,0
2006-11-02 00:00:00,2.802639,9.011583033,0,0.0001,9.011583033,0
2006-11-03 00:00:00,2.687324,8.807071354,0,0.0001,8.807071354,0
2006-11-04 00:00:00,2.80985,8.599781368,0,0.0001,8.599781368,0
2006-11-05 00:00:00,2.644826,8.406625756,0,0.0001,8.406625756,0
2006-11-06 00:00:00,2.519347,8.209701032,0,0.0001,8.209701032,0
2006-11-07 00:00:00,2.236494,8.02518193,0,0.0001,8.02518193,0
2006-11-08 00:00:00,5.129682,7.795548759,0,0.0001,7.795548759,0
2006-11-09 00:00:00,4.987999,7.608367799,0,0.0001,7.608367799,0
2006-11-10 00:00:00,2.567092,7.520089416,0,0.0001,7.520089416,0
2006-11-11 00:00:00,2.901831,7.199923178,0,0.0001,7.199923178,0
2006-11-12 00:00:00,2.623619,7.066437385,0,0.0001,7.066437385,0
2006-11-13 00:00:00,2.75491,6.903519182,0,0.0001,6.903519182,0
2006-11-14 00:00:00,2.652584,6.727805484,0,0.0001,6.727805484,0
2006-11-15 00:00:00,2.494984,6.533391862,0,0.0001,6.533391862,0
2006-11-16 00:00:00,2.398922,6.32929794,0,0.0001,6.32929794,0
2006-11-17 00:00:00,2.284659,6.128819374,0,0.0001,6.128819374,0
2006-11-18 00:00:00,2.180605,5.935667415,0,0.0001,5.935667415,0
2006-11-19 00:00:00,2.082506,5.747227185,0,0.0001,5.747227185,0
2006-11-20 00:00:00,1.993425,5.562840552,0,0.0001,5.562840552,0
2006-11-21 00:00:00,1.914584,5.382120389,0,0.0001,5.382120389,0
2006-11-22 00:00:00,1.837361,5.203992892,0,0.0001,5.203992892,0
2006-11-23 00:00:00,1.770879,5.030131003,0,0.0001,5.030131003,0
2006-11-24 00:00:00,1.709898,4.859848606,0,0.0001,4.859848606,0
2006-11-25 00:00:00,4.358927,4.601326286,0,0.0001,4.601326286,0
2006-11-26 00:00:00,4.445538,4.443105151,0,0.0001,4.443105151,0
2006-11-27 00:00:00,5.562586,4.222103332,0,0.0001,4.222103332,0
2006-11-28 00:00:00,7.334211,3.976763238,0,0.0001,3.976763238,0
2006-11-29 00:00:00,4.635389,4.097263445,0,0.0001,4.097263445,0
2006-11-30 00:00:00,4.225539,4.014135838,0,0.0001,4.014135838,0
2006-12-01 00:00:00,4.065411,3.769448378,0,0.0001,3.769448378,0
2006-12-02 00:00:00,3.970126,3.50104179,0,0.0001,3.50104179,0
2006-12-03 00:00:00,3.755144,3.246929268,0,0.0001,3.246929268,0
2006-12-04 00:00:00,6.972255,2.85565378,0,0.0001,2.85565378,0
2006-12-05 00:00:00,6.806517,2.666876643,0,0.0001,2.666876643,0
2006-12-06 00:00:00,4.94123,2.53241612,0,0.0001,2.53241612,0
2006-12-07 00:00:00,6.578176,2.321228169,0,0.0001,2.321228169,0
2006-12-08 00:00:00,6.497887,2.163875045,0,0.0001,2.163875045,0
2006-12-09 00:00:00,6.786627,2.026930451,0,0.0001,2.026930451,0
2006-12-10 00:00:00,6.598554,1.878867965,0,0.0001,1.878867965,0
2006-12-11 00:00:00,6.373202,1.730978051,0,0.0001,1.730978051,0
2006-12-12 00:00:00,6.34805,1.59896647,0,0.0001,1.59896647,0
2006-12-13 00:00:00,6.221258,1.472758249,0,0.0001,1.472758249,0
2006-12-14 00:00:00,6.108278,1.354464833,0,0.0001,1.354464833,0
2006-12-15 00:00:00,5.978472,1.240454689,0,0.0001,1.240454689,0
2006-12-16 00:00:00,5.849877,1.131158283,0,0.0001,1.131158283,0
2006-12-17 00:00:00,5.676657,1.028770956,0,0.0001,1.028770956,0
2006-12-18 00:00:00,5.59784,0.926950127,0,0.0001,0.926950127,0
2006-12-19 00:00:00,5.474839,0.831288235,0,0.0001,0.831288235,0
2006-12-20 00:00:00,5.437231,0.747761319,0,0.0001,0.747761319,0
2006-12-21 00:00:00,7.191013,0.643602177,0,0.0001,0.643602177,0
2006-12-22 00:00:00,6.720414,0.589120342,0,0.0001,0.589120342,0
2006-12-23 00:00:00,7.805191,0.468656993,0,0.0001,0.468656993,0
2006-12-24 00:00:00,6.944861,0.40608832,0,0.0001,0.40608832,0
2006-12-25 00:00:00,6.967793,0.27691259,0,0.0001,0.27691259,0
2006-12-26 00:00:00,7.406875,0.131450823,0,0.0001,0.131450823,0
2006-12-27 00:00:00,7.200842,0.017106647,0,0.0001,0.017106647,0
2006-12-28 00:00:00,7.016708,-0.08463086,0,0.0001,-0.08463086,0
2006-12-29 00:00:00,6.841671,-0.176442804,0,0.0001,-0.176442804,0
2006-12-30 00:00:00,6.757031,-0.262996662,0,0.0001,-0.262996662,0
2006-12-31 00:00:00,3.955664,-0.229962921,0,0.0001,-0.229962921,0
2007-01-01 00:00:00,6.960089,-0.417520615,0,0.0001,-0.417520615,0
2007-01-02 00:00:00,6.876666,-0.478773409,0,0.0001,-0.478773409,0
2007-01-03 00:00:00,6.755967,-0.537222732,0,0.0001,-0.537222732,0
2007-01-04 00:00:00,7.363275,-0.56138842,0,0.0001,-0.56138842,0
2007-01-05 00:00:00,7.969755,-0.651322261,0,0.0001,-0.651322261,0
2007-01-06 00:00:00,7.726251,-0.692862386,0,0.0001,-0.692862386,0
2007-01-07 00:00:00,7.608494,-0.736941964,0,0.0001,-0.736941964,0
2007-01-08 00:00:00,3.869011,-0.619596559,0,0.0001,-0.619596559,0
2007-01-09 00:00:00,7.389919,-0.833581949,0,0.0001,-0.833581949,0
2007-01-10 00:00:00,7.220889,-0.87807789,0,0.0001,-0.87807789,0
2007-01-11 00:00:00,7.090318,-0.911743961,0,0.0001,-0.911743961,0
2007-01-12 00:00:00,6.967197,-0.943601364,0,0.0001,-0.943601364,0
2007-01-13 00:00:00,6.742503,-0.970111564,0,0.0001,-0.970111564,0
2007-01-14 00:00:00,6.501985,-0.998570519,0,0.0001,-0.998570519,0
2007-01-15 00:00:00,6.584807,-1.000926235,0,0.0001,-1.000926235,0
2007-01-16 00:00:00,6.681993,-0.998571929,0,0.0001,-0.998571929,0
2007-01-17 00:00:00,6.542613,-0.997783228,0,0.0001,-0.997783228,0
2007-01-18 00:00:00,6.393048,-0.99196918,0,0.0001,-0.99196918,0
2007-01-19 00:00:00,6.302468,-0.979449007,0,0.0001,-0.979449007,0
2007-01-20 00:00:00,6.086529,-0.967081557,0,0.0001,-0.967081557,0
2007-01-21 00:00:00,5.830899,-0.954899284,0,0.0001,-0.954899284,0
2007-01-22 00:00:00,6.07773,-0.917371363,0,0.0001,-0.917371363,0
2007-01-23 00:00:00,5.956405,-0.887926067,0,0.0001,-0.887926067,0
2007-01-24 00:00:00,5.826497,-0.854713041,0,0.0001,-0.854713041,0
2007-01-25 00:00:00,5.717442,-0.817294094,0,0.0001,-0.817294094,0
2007-01-26 00:00:00,5.628775,-0.775626318,0,0.0001,-0.775626318,0
2007-01-27 00:00:00,5.481464,-0.733315919,0,0.0001,-0.733315919,0
2007-01-28 00:00:00,5.394591,-0.684158417,0,0.0001,-0.684158417,0
2007-01-29 00:00:00,5.182157,-0.636507816,0,0.0001,-0.636507816,0
2007-01-30 00:00:00,5.267706,-0.578179788,0,0.0001,-0.578179788,0
2007-01-31 00:00:00,5.187942,-0.520178105,0,0.0001,-0.520178105,0
2007-02-01 00:00:00,5.116544,-0.458256672,0,0.0001,-0.458256672,0
2007-02-02 00:00:00,5.024549,-0.393665021,0,0.0001,-0.393665021,0
2007-02-03 00:00:00,4.952105,-0.325641757,0,0.0001,-0.325641757,0
2007-02-04 00:00:00,4.883388,-0.25490524,0,0.0001,-0.25490524,0
2007-02-05 00:00:00,4.819133,-0.18092659,0,0.0001,-0.18092659,0
2007-02-06 00:00:00,4.673501,-0.104947797,0,0.0001,-0.104947797,0
2007-02-07 00:00:00,4.739976,-0.023447699,0,0.0001,-0.023447699,0
2007-02-08 00:00:00,3.468989,0.08156866,0,0.0001,0.08156866,0
2007-02-09 00:00:00,4.619543,0.14674601,0,0.0001,0.14674601,0
2007-02-10 00:00:00,4.566172,0.236368513,0,0.0001,0.236368513,0
2007-02-11 00:00:00,4.338833,0.325223863,0,0.0001,0.325223863,0
2007-02-12 00:00:00,4.466457,0.42611518,0,0.0001,0.42611518,0
2007-02-13 00:00:00,4.463541,0.522618137,0,0.0001,0.522618137,0
2007-02-14 00:00:00,4.436894,0.624315382,0,0.0001,0.624315382,0
2007-02-15 00:00:00,4.382103,0.729082657,0,0.0001,0.729082657,0
2007-02-16 00:00:00,4.318264,0.836751006,0,0.0001,0.836751006,0
2007-02-17 00:00:00,4.301328,0.947517753,0,0.0001,0.947517753,0
2007-02-18 00:00:00,4.12518,1.062864429,0,0.0001,1.062864429,0
2007-02-19 00:00:00,4.397529,1.173098507,0,0.0001,1.173098507,0
2007-02-20 00:00:00,4.268605,1.281363573,0,0.0001,1.281363573,0
2007-02-21 00:00:00,4.795379,1.380005581,0,0.0001,1.380005581,0
2007-02-22 00:00:00,4.473861,1.470322567,0,0.0001,1.470322567,0
2007-02-23 00:00:00,3.960594,1.606059751,0,0.0001,1.606059751,0
2007-02-24 00:00:00,4.077971,1.741124409,0,0.0001,1.741124409,0
2007-02-25 00:00:00,5.052017,1.838302338,0,0.0001,1.838302338,0
2007-02-26 00:00:00,5.198265,1.941021572,0,0.0001,1.941021572,0
2007-02-27 00:00:00,5.193542,2.079464516,0,0.0001,2.079464516,0
2007-02-28 00:00:00,5.076787,2.21601881,0,0.0001,2.21601881,0
2007-03-01 00:00:00,6.027602,2.318481653,0,0.0001,2.318481653,0
2007-03-02 00:00:00,5.752201,2.425158802,0,0.0001,2.425158802,0
2007-03-03 00:00:00,5.819252,2.573974401,0,0.0001,2.573974401,0
2007-03-04 00:00:00,5.770389,2.717289264,0,0.0001,2.717289264,0
2007-03-05 00:00:00,5.712798,2.861062763,0,0.0001,2.861062763,0
2007-03-06 00:00:00,5.613711,3.007639828,0,0.0001,3.007639828,0
2007-03-07 00:00:00,5.587415,3.159805671,0,0.0001,3.159805671,0
2007-03-08 00:00:00,5.502093,3.318471959,0,0.0001,3.318471959,0
2007-03-09 00:00:00,6.52072,3.457343818,0,0.0001,3.457343818,0
2007-03-10 00:00:00,7.444919,3.566300732,0,0.0001,3.566300732,0
2007-03-11 00:00:00,9.610096,3.701167823,0,0.0001,3.701167823,0
2007-03-12 00:00:00,14.00107,3.741550689,0,0.0001,3.741550689,0
2007-03-13 00:00:00,13.097054,3.913341175,0,0.0001,3.913341175,0
2007-03-14 00:00:00,13.324017,4.027621495,0,0.0001,4.027621495,0
2007-03-15 00:00:00,12.90781,4.107358621,0,0.0001,4.107358621,0
2007-03-16 00:00:00,12.415885,4.215951059,0,0.0001,4.215951059,0
2007-03-17 00:00:00,12.207029,4.345271133,0,0.0001,4.345271133,0
2007-03-18 00:00:00,12.099118,4.494651706,0,0.0001,4.494651706,0
2007-03-19 00:00:00,11.938467,4.663565388,0,0.0001,4.663565388,0
2007-03-20 00:00:00,11.740125,4.848794094,0,0.0001,4.848794094,0
2007-03-21 00:00:00,13.029373,5.043694066,0,0.0001,5.043694066,0
2007-03-22 00:00:00,14.960154,5.199858483,0,0.0001,5.199858483,0
2007-03-23 00:00:00,14.412245,5.403482397,0,0.0001,5.403482397,0
2007-03-24 00:00:00,14.73426,5.595777688,0,0.0001,5.595777688,0
2007-03-25 00:00:00,12.228626,5.793010492,0,0.0001,5.793010492,0
2007-03-26 00:00:00,10.691995,6.005898979,0,0.0001,6.005898979,0
2007-03-27 00:00:00,12.211374,6.208863011,0,0.0001,6.208863011,0
2007-03-28 00:00:00,11.143426,6.419052693,0,0.0001,6.419052693,0
2007-03-29 00:00:00,13.187158,6.637690301,0,0.0001,6.637690301,0
2007-03-30 00:00:00,12.864076,6.864269252,0,0.0001,6.864269252,0
2007-03-31 00:00:00,15.179093,7.057714184,0,0.0001,7.057714184,0
2007-04-01 00:00:00,17.040829,7.235333187,0,0.0001,7.235333187,0
2007-04-02 00:00:00,18.682329,7.475348105,0,0.0001,7.475348105,0
2007-04-03 00:00:00,17.629451,7.684427179,0,0.0001,7.684427179,0
2007-04-04 00:00:00,20.403524,7.848196734,0,0.0001,7.848196734,0
2007-04-05 00:00:00,19.419573,8.015098433,0,0.0001,8.015098433,0
2007-04-06 00:00:00,16.711577,8.199360655,0,0.0001,8.199360655,0
2007-04-07 00:00:00,19.913179,8.388488499,0,0.0001,8.388488499,0
2007-04-08 00:00:00,19.918648,8.60496369,0,0.0001,8.60496369,0
2007-04-09 00:00:00,21.131071,8.834830779,0,0.0001,8.834830779,0
2007-04-10 00:00:00,20.585624,9.073389693,0,0.0001,9.073389693,0
2007-04-11 00:00:00,19.829037,9.286427651,0,0.0001,9.286427651,0
2007-04-12 00:00:00,21.755845,9.530919088,0,0.0001,9.530919088,0
2007-04-13 00:00:00,21.069627,9.780584453,0,0.0001,9.780584453,0
2007-04-14 00:00:00,20.230718,10.03154757,0,0.0001,10.03154757,0
2007-04-15 00:00:00,18.485235,10.28608619,0,0.0001,10.28608619,0
2007-04-16 00:00:00,18.377889,10.54429998,0,0.0001,10.54429998,0
2007-04-17 00:00:00,17.023081,10.80512629,0,0.0001,10.80512629,0
2007-04-18 00:00:00,16.384253,11.06716764,0,0.0001,11.06716764,0
2007-04-19 00:00:00,15.732664,11.32824898,0,0.0001,11.32824898,0
2007-04-20 00:00:00,14.947537,11.59211941,0,0.0001,11.59211941,0
2007-04-21 00:00:00,14.149439,11.85726236,0,0.0001,11.85726236,0
2007-04-22 00:00:00,13.735212,12.10919558,0,0.0001,12.10919558,0
2007-04-23 00:00:00,14.267106,12.32123202,0,0.0001,12.32123202,0
2007-04-24 00:00:00,14.477532,12.552861,0,0.0001,12.552861,0
2007-04-25 00:00:00,15.873302,12.74815197,0,0.0001,12.74815197,0
2007-04-26 00:00:00,17.499425,12.94526304,0,0.0001,12.94526304,0
2007-04-27 00:00:00,17.075996,13.18364551,0,0.0001,13.18364551,0
2007-04-28 00:00:00,16.377702,13.42566058,0,0.0001,13.42566058,0
2007-04-29 00:00:00,15.541442,13.67176438,0,0.0001,13.67176438,0
2007-04-30 00:00:00,14.984664,13.91395905,0,0.0001,13.91395905,0
2007-05-01 00:00:00,14.358389,14.15324869,0,0.0001,14.15324869,0
2007-05-02 00:00:00,13.586503,14.4047913,0,0.0001,14.4047913,0
2007-05-03 00:00:00,12.993532,14.65313199,0,0.0001,14.65313199,0
2007-05-04 00:00:00,11.713937,14.89759344,0,0.0001,14.89759344,0
2007-05-05 00:00:00,12.224448,15.13557779,0,0.0001,15.13557779,0
2007-05-06 00:00:00,11.6898,15.38559131,0,0.0001,15.38559131,0
2007-05-07 00:00:00,11.122845,15.63617617,0,0.0001,15.63617617,0
2007-05-08 00:00:00,10.606047,15.88577601,0,0.0001,15.88577601,0
2007-05-09 00:00:00,10.050953,16.13669573,0,0.0001,16.13669573,0
2007-05-10 00:00:00,7.612918,16.37542222,0,0.0001,16.37542222,0
2007-05-11 00:00:00,8.929611,16.64181243,0,0.0001,16.64181243,0
2007-05-12 00:00:00,8.435311,16.89195062,0,0.0001,16.89195062,0
2007-05-13 00:00:00,8.822533,17.07188209,0,0.0001,17.07188209,0
2007-05-14 00:00:00,8.531249,17.32395272,0,0.0001,17.32395272,0
2007-05-15 00:00:00,8.020082,17.49994935,0,0.0001,17.49994935,0
2007-05-16 00:00:00,8.802641,17.714145,0,0.0001,17.714145,0
2007-05-17 00:00:00,5.975731,17.90284819,0,0.0001,17.90284819,0
2007-05-18 00:00:00,6.974689,18.15939381,0,0.0001,18.15939381,0
2007-05-19 00:00:00,6.454099,18.3838423,0,0.0001,18.3838423,0
2007-05-20 00:00:00,7.490264,18.63843095,0,0.0001,18.63843095,0
2007-05-21 00:00:00,5.539903,18.8341124,0,0.0001,18.8341124,0
2007-05-22 00:00:00,6.902508,19.0990747,0,0.0001,19.0990747,0
2007-05-23 00:00:00,6.545393,19.33240919,0,0.0001,19.33240919,0
2007-05-24 00:00:00,6.090906,19.48573025,0,0.0001,19.48573025,0
2007-05-25 00:00:00,6.652667,19.69513087,0,0.0001,19.69513087,0
2007-05-26 00:00:00,4.210586,19.87157773,0,0.0001,19.87157773,0
2007-05-27 00:00:00,6.212468,20.1396428,0,0.0001,20.1396428,0
2007-05-28 00:00:00,5.866465,20.36593433,0,0.0001,20.36593433,0
2007-05-29 00:00:00,5.696858,20.5754842,0,0.0001,20.5754842,0
2007-05-30 00:00:00,5.428716,20.7905745,0,0.0001,20.7905745,0
2007-05-31 00:00:00,5.203985,21.00191724,0,0.0001,21.00191724,0
2007-06-01 00:00:00,5.346375,21.1396376,0,0.0001,21.1396376,0
2007-06-02 00:00:00,5.92978,21.1958705,0,0.0001,21.1958705,0
2007-06-03 00:00:00,7.006245,21.21688163,0,0.0001,21.21688163,0
2007-06-04 00:00:00,6.129421,20.9866246,0,0.0001,20.9866246,0
2007-06-05 00:00:00,9.284369,21.30561312,0,0.0001,21.30561312,0
2007-06-06 00:00:00,9.050816,21.50314345,0,0.0001,21.50314345,0
2007-06-07 00:00:00,4.976506,21.50633304,0,0.0001,21.50633304,0
2007-06-08 00:00:00,7.223042,21.88253323,0,0.0001,21.88253323,0
2007-06-09 00:00:00,6.901785,22.08835164,0,0.0001,22.08835164,0
2007-06-10 00:00:00,7.576108,22.30806222,0,0.0001,22.30806222,0
2007-06-11 00:00:00,6.208318,22.47002392,0,0.0001,22.47002392,0
2007-06-12 00:00:00,5.854061,22.64888829,0,0.0001,22.64888829,0
2007-06-13 00:00:00,5.512269,22.82353654,0,0.0001,22.82353654,0
2007-06-14 00:00:00,6.290495,23.01677609,0,0.0001,23.01677609,0
2007-06-15 00:00:00,3.306212,23.10606027,0,0.0001,23.10606027,0
2007-06-16 00:00:00,5.690027,23.35487078,0,0.0001,23.35487078,0
2007-06-17 00:00:00,5.387285,23.52476863,0,0.0001,23.52476863,0
2007-06-18 00:00:00,2.634587,23.5271684,0,0.0001,23.5271684,0
2007-06-19 00:00:00,4.191782,23.69039741,0,0.0001,23.69039741,0
2007-06-20 00:00:00,5.312668,23.90000249,0,0.0001,23.90000249,0
2007-06-21 00:00:00,4.290567,23.9242264,0,0.0001,23.9242264,0
2007-06-22 00:00:00,5.685473,24.06598581,0,0.0001,24.06598581,0
2007-06-23 00:00:00,5.29581,24.23808583,0,0.0001,24.23808583,0
2007-06-24 00:00:00,3.818953,24.32779843,0,0.0001,24.32779843,0
2007-06-25 00:00:00,4.855687,24.51133142,0,0.0001,24.51133142,0
2007-06-26 00:00:00,2.055991,24.46146612,0,0.0001,24.46146612,0
2007-06-27 00:00:00,1.935262,24.58092121,0,0.0001,24.58092121,0
2007-06-28 00:00:00,2.719703,24.84379055,0,0.0001,24.84379055,0
2007-06-29 00:00:00,1.69837,24.8391263,0,0.0001,24.8391263,0
2007-06-30 00:00:00,1.613847,24.9314621,0,0.0001,24.9314621,0
2007-07-01 00:00:00,3.529082,25.26471463,0,0.0001,25.26471463,0
2007-07-02 00:00:00,3.406745,25.38973181,0,0.0001,25.38973181,0
2007-07-03 00:00:00,4.132893,25.29088512,0,0.0001,25.29088512,0
2007-07-04 00:00:00,3.723645,25.18930322,0,0.0001,25.18930322,0
2007-07-05 00:00:00,2.12475,25.20872149,0,0.0001,25.20872149,0
2007-07-06 00:00:00,1.960839,25.30838111,0,0.0001,25.30838111,0
2007-07-07 00:00:00,2.970711,25.51458316,0,0.0001,25.51458316,0
2007-07-08 00:00:00,3.636941,25.63795278,0,0.0001,25.63795278,0
2007-07-09 00:00:00,1.672632,25.58809843,0,0.0001,25.58809843,0
2007-07-10 00:00:00,1.623951,25.62103014,0,0.0001,25.62103014,0
2007-07-11 00:00:00,1.51189,25.68993004,0,0.0001,25.68993004,0
2007-07-12 00:00:00,1.434615,25.72015052,0,0.0001,25.72015052,0
2007-07-13 00:00:00,1.319839,25.80252926,0,0.0001,25.80252926,0
2007-07-14 00:00:00,1.286448,25.80224699,0,0.0001,25.80224699,0
2007-07-15 00:00:00,1.478055,25.95125666,0,0.0001,25.95125666,0
2007-07-16 00:00:00,1.367287,26.03259702,0,0.0001,26.03259702,0
2007-07-17 00:00:00,1.252452,25.99615124,0,0.0001,25.99615124,0
2007-07-18 00:00:00,0.978854,25.93957616,0,0.0001,25.93957616,0
2007-07-19 00:00:00,0.937642,25.93054157,0,0.0001,25.93054157,0
2007-07-20 00:00:00,0.866149,25.97504866,0,0.0001,25.97504866,0
2007-07-21 00:00:00,0.817885,25.97516504,0,0.0001,25.97516504,0
2007-07-22 00:00:00,0.764159,25.98521541,0,0.0001,25.98521541,0
2007-07-23 00:00:00,0.730544,25.95293622,0,0.0001,25.95293622,0
2007-07-24 00:00:00,0.80906,26.10860744,0,0.0001,26.10860744,0
2007-07-25 00:00:00,1.651919,26.39397124,0,0.0001,26.39397124,0
2007-07-26 00:00:00,0.756623,25.35507697,0,0.0001,25.35507697,0
2007-07-27 00:00:00,0.910032,25.6384891,0,0.0001,25.6384891,0
2007-07-28 00:00:00,0.880662,25.81909563,0,0.0001,25.81909563,0
2007-07-29 00:00:00,0.847997,25.80866057,0,0.0001,25.80866057,0
2007-07-30 00:00:00,0.808708,25.77233055,0,0.0001,25.77233055,0
2007-07-31 00:00:00,0.775194,25.71813452,0,0.0001,25.71813452,0
2007-08-01 00:00:00,0.717416,25.70895958,0,0.0001,25.70895958,0
2007-08-02 00:00:00,0.677805,25.65525129,0,0.0001,25.65525129,0
2007-08-03 00:00:00,1.490448,26.02095874,0,0.0001,26.02095874,0
2007-08-04 00:00:00,1.880997,25.73079659,0,0.0001,25.73079659,0
2007-08-05 00:00:00,2.462875,25.44288168,0,0.0001,25.44288168,0
2007-08-06 00:00:00,2.421759,25.19101198,0,0.0001,25.19101198,0
2007-08-07 00:00:00,4.041785,24.91552363,0,0.0001,24.91552363,0
2007-08-08 00:00:00,4.003991,24.79621829,0,0.0001,24.79621829,0
2007-08-09 00:00:00,3.273859,24.49710669,0,0.0001,24.49710669,0
2007-08-10 00:00:00,4.32176,24.67884591,0,0.0001,24.67884591,0
2007-08-11 00:00:00,2.898649,24.52329442,0,0.0001,24.52329442,0
2007-08-12 00:00:00,4.349444,24.54267893,0,0.0001,24.54267893,0
2007-08-13 00:00:00,4.431762,24.40892884,0,0.0001,24.40892884,0
2007-08-14 00:00:00,6.283165,24.13699078,0,0.0001,24.13699078,0
2007-08-15 00:00:00,4.87856,23.92131214,0,0.0001,23.92131214,0
2007-08-16 00:00:00,4.755871,23.82253471,0,0.0001,23.82253471,0
2007-08-17 00:00:00,6.090963,23.87001417,0,0.0001,23.87001417,0
2007-08-18 00:00:00,9.609731,23.60122972,0,0.0001,23.60122972,0
2007-08-19 00:00:00,21.968747,23.1077062,0,0.0001,23.1077062,0
2007-08-20 00:00:00,19.214562,23.26010513,0,0.0001,23.26010513,0
2007-08-21 00:00:00,19.339087,23.07492408,0,0.0001,23.07492408,0
2007-08-22 00:00:00,23.78684,22.80029077,0,0.0001,22.80029077,0
2007-08-23 00:00:00,28.430405,22.54664337,0,0.0001,22.54664337,0
2007-08-24 00:00:00,23.550212,22.32269737,0,0.0001,22.32269737,0
2007-08-25 00:00:00,26.430277,22.16705794,0,0.0001,22.16705794,0
2007-08-26 00:00:00,29.952129,22.0374265,0,0.0001,22.0374265,0
2007-08-27 00:00:00,33.526397,21.88286325,0,0.0001,21.88286325,0
2007-08-28 00:00:00,27.111981,21.77698725,0,0.0001,21.77698725,0
2007-08-29 00:00:00,29.362428,21.67547668,0,0.0001,21.67547668,0
2007-08-30 00:00:00,27.707226,21.5889508,0,0.0001,21.5889508,0
2007-08-31 00:00:00,26.920577,21.51016549,0,0.0001,21.51016549,0
2007-09-01 00:00:00,24.685562,21.43829069,0,0.0001,21.43829069,0
2007-09-02 00:00:00,22.50989,21.37766099,0,0.0001,21.37766099,0
2007-09-03 00:00:00,20.390085,21.32887746,0,0.0001,21.32887746,0
2007-09-04 00:00:00,18.376869,21.29537948,0,0.0001,21.29537948,0
2007-09-05 00:00:00,22.475607,20.72701963,0,0.0001,20.72701963,0
2007-09-06 00:00:00,21.094043,20.60514386,0,0.0001,20.60514386,0
2007-09-07 00:00:00,20.432716,20.46624543,0,0.0001,20.46624543,0
2007-09-08 00:00:00,18.793377,20.35655514,0,0.0001,20.35655514,0
2007-09-09 00:00:00,17.336682,20.2364317,0,0.0001,20.2364317,0
2007-09-10 00:00:00,14.697016,20.02319606,0,0.0001,20.02319606,0
2007-09-11 00:00:00,15.823178,19.87739893,0,0.0001,19.87739893,0
2007-09-12 00:00:00,16.814926,19.74517749,0,0.0001,19.74517749,0
2007-09-13 00:00:00,10.443624,19.59175591,0,0.0001,19.59175591,0
2007-09-14 00:00:00,14.002222,19.44621616,0,0.0001,19.44621616,0
2007-09-15 00:00:00,12.996925,19.29135035,0,0.0001,19.29135035,0
2007-09-16 00:00:00,13.151458,19.13816465,0,0.0001,19.13816465,0
2007-09-17 00:00:00,12.381693,18.98146116,0,0.0001,18.98146116,0
2007-09-18 00:00:00,11.538802,18.82511499,0,0.0001,18.82511499,0
2007-09-19 00:00:00,10.818297,18.66584336,0,0.0001,18.66584336,0
2007-09-20 00:00:00,10.136182,18.50282248,0,0.0001,18.50282248,0
2007-09-21 00:00:00,10.325132,18.28812526,0,0.0001,18.28812526,0
2007-09-22 00:00:00,10.409871,18.05792888,0,0.0001,18.05792888,0
2007-09-23 00:00:00,9.682786,17.8992312,0,0.0001,17.8992312,0
2007-09-24 00:00:00,9.107945,17.7265729,0,0.0001,17.7265729,0
2007-09-25 00:00:00,9.033877,17.5091072,0,0.0001,17.5091072,0
2007-09-26 00:00:00,7.119432,17.30951643,0,0.0001,17.30951643,0
2007-09-27 00:00:00,8.018887,17.13359732,0,0.0001,17.13359732,0
2007-09-28 00:00:00,7.981442,16.9495558,0,0.0001,16.9495558,0
2007-09-29 00:00:00,7.566988,16.76479606,0,0.0001,16.76479606,0
2007-09-30 00:00:00,7.662227,16.54276851,0,0.0001,16.54276851,0
2007-10-01 00:00:00,8.837431,16.20750911,0,0.0001,16.20750911,0
2007-10-02 00:00:00,9.573876,15.95773682,0,0.0001,15.95773682,0
2007-10-03 00:00:00,10.008878,15.71561728,0,0.0001,15.71561728,0
2007-10-04 00:00:00,9.549492,15.52771661,0,0.0001,15.52771661,0
2007-10-05 00:00:00,9.235491,15.31329731,0,0.0001,15.31329731,0
2007-10-06 00:00:00,8.931582,15.08860822,0,0.0001,15.08860822,0
2007-10-07 00:00:00,8.493737,14.86082329,0,0.0001,14.86082329,0
2007-10-08 00:00:00,4.263512,14.6473701,0,0.0001,14.6473701,0
2007-10-09 00:00:00,3.524915,14.42218425,0,0.0001,14.42218425,0
2007-10-10 00:00:00,5.147943,14.18639317,0,0.0001,14.18639317,0
2007-10-11 00:00:00,6.380836,13.95938199,0,0.0001,13.95938199,0
2007-10-12 00:00:00,7.218284,13.73872778,0,0.0001,13.73872778,0
2007-10-13 00:00:00,7.046157,13.52107498,0,0.0001,13.52107498,0
2007-10-14 00:00:00,7.142075,13.28009168,0,0.0001,13.28009168,0
2007-10-15 00:00:00,6.0398,13.04389094,0,0.0001,13.04389094,0
2007-10-16 00:00:00,8.081545,12.75880634,0,0.0001,12.75880634,0
2007-10-17 00:00:00,8.873545,12.55449172,0,0.0001,12.55449172,0
2007-10-18 00:00:00,7.994042,12.32660606,0,0.0001,12.32660606,0
2007-10-19 00:00:00,8.211319,12.1573395,0,0.0001,12.1573395,0
2007-10-20 00:00:00,11.046693,11.87043618,0,0.0001,11.87043618,0
2007-10-21 00:00:00,6.382943,11.69718529,0,0.0001,11.69718529,0
2007-10-22 00:00:00,7.863505,11.37627948,0,0.0001,11.37627948,0
2007-10-23 00:00:00,4.903378,11.17900797,0,0.0001,11.17900797,0
2007-10-24 00:00:00,8.921322,10.86736019,0,0.0001,10.86736019,0
2007-10-25 00:00:00,8.691109,10.63348968,0,0.0001,10.63348968,0
2007-10-26 00:00:00,4.191972,10.44609275,0,0.0001,10.44609275,0
2007-10-27 00:00:00,5.240043,10.20495067,0,0.0001,10.20495067,0
2007-10-28 00:00:00,4.955299,9.990523512,0,0.0001,9.990523512,0
2007-10-29 00:00:00,7.733478,9.761130247,0,0.0001,9.761130247,0
2007-10-30 00:00:00,4.383054,9.576792719,0,0.0001,9.576792719,0
2007-10-31 00:00:00,3.190691,9.387261042,0,0.0001,9.387261042,0
2007-11-01 00:00:00,5.378322,9.163110995,0,0.0001,9.163110995,0
2007-11-02 00:00:00,5.108069,8.96723079,0,0.0001,8.96723079,0
2007-11-03 00:00:00,6.482361,8.76583963,0,0.0001,8.76583963,0
2007-11-04 00:00:00,2.515129,8.609562662,0,0.0001,8.609562662,0
2007-11-05 00:00:00,2.364977,8.419808805,0,0.0001,8.419808805,0
2007-11-06 00:00:00,5.635846,8.195744574,0,0.0001,8.195744574,0
2007-11-07 00:00:00,3.908488,8.016822452,0,0.0001,8.016822452,0
2007-11-08 00:00:00,2.01526,7.86152755,0,0.0001,7.86152755,0
2007-11-09 00:00:00,5.010305,7.6377808,0,0.0001,7.6377808,0
2007-11-10 00:00:00,5.153274,7.453410904,0,0.0001,7.453410904,0
2007-11-11 00:00:00,1.732996,7.318449197,0,0.0001,7.318449197,0
2007-11-12 00:00:00,4.867738,7.092562309,0,0.0001,7.092562309,0
2007-11-13 00:00:00,1.577816,6.96620445,0,0.0001,6.96620445,0
2007-11-14 00:00:00,1.504828,6.789853426,0,0.0001,6.789853426,0
2007-11-15 00:00:00,3.701188,6.563941288,0,0.0001,6.563941288,0
2007-11-16 00:00:00,2.008076,6.412633284,0,0.0001,6.412633284,0
2007-11-17 00:00:00,3.399602,6.214227921,0,0.0001,6.214227921,0
2007-11-18 00:00:00,4.11312,6.03465965,0,0.0001,6.03465965,0
2007-11-19 00:00:00,4.024657,5.8630089,0,0.0001,5.8630089,0
2007-11-20 00:00:00,2.923095,5.703639122,0,0.0001,5.703639122,0
2007-11-21 00:00:00,1.152757,5.588956297,0,0.0001,5.588956297,0
2007-11-22 00:00:00,1.130725,5.420090055,0,0.0001,5.420090055,0
2007-11-23 00:00:00,1.1147,5.257275078,0,0.0001,5.257275078,0
2007-11-24 00:00:00,3.769815,4.993619546,0,0.0001,4.993619546,0
2007-11-25 00:00:00,1.295616,4.906660942,0,0.0001,4.906660942,0
2007-11-26 00:00:00,1.279402,4.712636752,0,0.0001,4.712636752,0
2007-11-27 00:00:00,2.41128,4.478864416,0,0.0001,4.478864416,0
2007-11-28 00:00:00,1.207915,4.41261861,0,0.0001,4.41261861,0
2007-11-29 00:00:00,2.179475,4.175557513,0,0.0001,4.175557513,0
2007-11-30 00:00:00,3.669463,3.97306424,0,0.0001,3.97306424,0
2007-12-01 00:00:00,1.163414,3.943794439,0,0.0001,3.943794439,0
2007-12-02 00:00:00,1.154134,3.790456837,0,0.0001,3.790456837,0
2007-12-03 00:00:00,3.532783,3.505954604,0,0.0001,3.505954604,0
2007-12-04 00:00:00,1.118221,3.489938464,0,0.0001,3.489938464,0
2007-12-05 00:00:00,2.942839,3.314681,0,0.0001,3.314681,0
2007-12-06 00:00:00,1.050299,3.192390938,0,0.0001,3.192390938,0
2007-12-07 00:00:00,3.011589,2.931233497,0,0.0001,2.931233497,0
2007-12-08 00:00:00,1.944483,2.790108697,0,0.0001,2.790108697,0
2007-12-09 00:00:00,3.991967,2.6281021,0,0.0001,2.6281021,0
2007-12-10 00:00:00,2.949329,2.500662694,0,0.0001,2.500662694,0
2007-12-11 00:00:00,2.858206,2.384891867,0,0.0001,2.384891867,0
2007-12-12 00:00:00,1.019506,2.374695004,0,0.0001,2.374695004,0
2007-12-13 00:00:00,2.582014,2.128796142,0,0.0001,2.128796142,0
2007-12-14 00:00:00,2.580615,1.985085389,0,0.0001,1.985085389,0
2007-12-15 00:00:00,0.81656,1.962394512,0,0.0001,1.962394512,0
2007-12-16 00:00:00,2.698596,1.75944881,0,0.0001,1.75944881,0
2007-12-17 00:00:00,1.044137,1.78593526,0,0.0001,1.78593526,0
2007-12-18 00:00:00,2.374799,1.540753358,0,0.0001,1.540753358,0
2007-12-19 00:00:00,2.327969,1.417863893,0,0.0001,1.417863893,0
2007-12-20 00:00:00,3.690605,1.293097412,0,0.0001,1.293097412,0
2007-12-21 00:00:00,3.610451,1.172627377,0,0.0001,1.172627377,0
2007-12-22 00:00:00,3.491012,1.064982609,0,0.0001,1.064982609,0
2007-12-23 00:00:00,3.640154,0.924233074,0,0.0001,0.924233074,0
2007-12-24 00:00:00,3.577469,0.830154936,0,0.0001,0.830154936,0
2007-12-25 00:00:00,3.556391,0.740032822,0,0.0001,0.740032822,0
2007-12-26 00:00:00,3.172497,0.64257941,0,0.0001,0.64257941,0
2007-12-27 00:00:00,3.863546,0.522750595,0,0.0001,0.522750595,0
2007-12-28 00:00:00,3.788887,0.431632002,0,0.0001,0.431632002,0
2007-12-29 00:00:00,3.886451,0.351590287,0,0.0001,0.351590287,0
2007-12-30 00:00:00,3.669251,0.276856395,0,0.0001,0.276856395,0
2007-12-31 00:00:00,2.093815,0.292894873,0,0.0001,0.292894873,0
2008-01-01 00:00:00,3.816773,0.140828925,0,0.0001,0.140828925,0
2008-01-02 00:00:00,3.439188,0.084964879,0,0.0001,0.084964879,0
2008-01-03 00:00:00,3.347912,0.023878391,0,0.0001,0.023878391,0
2008-01-04 00:00:00,3.701391,-0.046521496,0,0.0001,-0.046521496,0
2008-01-05 00:00:00,4.16159,-0.103756745,0,0.0001,-0.103756745,0
2008-01-06 00:00:00,4.508336,-0.203787944,0,0.0001,-0.203787944,0
2008-01-07 00:00:00,7.418804,-0.316199113,0,0.0001,-0.316199113,0
2008-01-08 00:00:00,8.613682,-0.394008317,0,0.0001,-0.394008317,0
2008-01-09 00:00:00,8.509841,-0.472125864,0,0.0001,-0.472125864,0
2008-01-10 00:00:00,10.313882,-0.56320622,0,0.0001,-0.56320622,0
2008-01-11 00:00:00,9.268346,-0.672040784,0,0.0001,-0.672040784,0
2008-01-12 00:00:00,9.768533,-0.823094626,0,0.0001,-0.823094626,0
2008-01-13 00:00:00,9.932887,-0.962380173,0,0.0001,-0.962380173,0
2008-01-14 00:00:00,8.802569,-1.044746038,0,0.0001,-1.044746038,0
2008-01-15 00:00:00,8.967609,-1.141912923,0,0.0001,-1.141912923,0
2008-01-16 00:00:00,9.163822,-1.215377934,0,0.0001,-1.215377934,0
2008-01-17 00:00:00,9.380668,-1.260784315,0,0.0001,-1.260784315,0
2008-01-18 00:00:00,7.956417,-1.26127619,0,0.0001,-1.26127619,0
2008-01-19 00:00:00,9.154452,-1.28838618,0,0.0001,-1.28838618,0
2008-01-20 00:00:00,8.962557,-1.284135435,0,0.0001,-1.284135435,0
2008-01-21 00:00:00,8.532286,-1.288549349,0,0.0001,-1.288549349,0
2008-01-22 00:00:00,8.764246,-1.2445158,0,0.0001,-1.2445158,0
2008-01-23 00:00:00,8.507066,-1.215455833,0,0.0001,-1.215455833,0
2008-01-24 00:00:00,8.304575,-1.177579622,0,0.0001,-1.177579622,0
2008-01-25 00:00:00,7.966275,-1.140062003,0,0.0001,-1.140062003,0
2008-01-26 00:00:00,6.958992,-1.078828536,0,0.0001,-1.078828536,0
2008-01-27 00:00:00,7.71447,-1.035077482,0,0.0001,-1.035077482,0
2008-01-28 00:00:00,8.324541,-0.964240458,0,0.0001,-0.964240458,0
2008-01-29 00:00:00,7.722035,-0.943297894,0,0.0001,-0.943297894,0
2008-01-30 00:00:00,7.67896,-0.87838547,0,0.0001,-0.87838547,0
2008-01-31 00:00:00,7.348568,-0.820470983,0,0.0001,-0.820470983,0
2008-02-01 00:00:00,7.414197,-0.749107811,0,0.0001,-0.749107811,0
2008-02-02 00:00:00,7.129489,-0.686589825,0,0.0001,-0.686589825,0
2008-02-03 00:00:00,7.120301,-0.611482926,0,0.0001,-0.611482926,0
2008-02-04 00:00:00,7.319402,-0.540156144,0,0.0001,-0.540156144,0
2008-02-05 00:00:00,7.205877,-0.472983512,0,0.0001,-0.472983512,0
2008-02-06 00:00:00,7.429357,-0.408662116,0,0.0001,-0.408662116,0
2008-02-07 00:00:00,7.939709,-0.32816835,0,0.0001,-0.32816835,0
2008-02-08 00:00:00,7.736543,-0.248494061,0,0.0001,-0.248494061,0
2008-02-09 00:00:00,7.46625,-0.167713629,0,0.0001,-0.167713629,0
2008-02-10 00:00:00,7.388429,-0.080213756,0,0.0001,-0.080213756,0
2008-02-11 00:00:00,7.133422,0.008880859,0,0.0001,0.008880859,0
2008-02-12 00:00:00,7.015418,0.10491407,0,0.0001,0.10491407,0
2008-02-13 00:00:00,6.9684,0.20635137,0,0.0001,0.20635137,0
2008-02-14 00:00:00,6.743556,0.308511341,0,0.0001,0.308511341,0
2008-02-15 00:00:00,6.693358,0.417199938,0,0.0001,0.417199938,0
2008-02-16 00:00:00,6.061122,0.510864759,0,0.0001,0.510864759,0
2008-02-17 00:00:00,6.859681,0.649545487,0,0.0001,0.649545487,0
2008-02-18 00:00:00,7.550446,0.730236504,0,0.0001,0.730236504,0
2008-02-19 00:00:00,7.350086,0.849213867,0,0.0001,0.849213867,0
2008-02-20 00:00:00,7.167009,0.970615056,0,0.0001,0.970615056,0
2008-02-21 00:00:00,6.990467,1.094171113,0,0.0001,1.094171113,0
2008-02-22 00:00:00,6.858858,1.221252866,0,0.0001,1.221252866,0
2008-02-23 00:00:00,6.696771,1.352237973,0,0.0001,1.352237973,0
2008-02-24 00:00:00,6.547352,1.487354293,0,0.0001,1.487354293,0
2008-02-25 00:00:00,6.307119,1.62612944,0,0.0001,1.62612944,0
2008-02-26 00:00:00,6.337491,1.76668056,0,0.0001,1.76668056,0
2008-02-27 00:00:00,6.194151,1.912166572,0,0.0001,1.912166572,0
2008-02-28 00:00:00,5.919198,2.060493615,0,0.0001,2.060493615,0
2008-02-29 00:00:00,6.022081,2.212489295,0,0.0001,2.212489295,0
2008-03-01 00:00:00,5.892568,2.366760736,0,0.0001,2.366760736,0
2008-03-02 00:00:00,7.542458,2.495795834,0,0.0001,2.495795834,0
2008-03-03 00:00:00,8.472507,2.536161732,0,0.0001,2.536161732,0
2008-03-04 00:00:00,8.153754,2.70976638,0,0.0001,2.70976638,0
2008-03-05 00:00:00,8.113701,2.862179322,0,0.0001,2.862179322,0
2008-03-06 00:00:00,8.124483,2.997859005,0,0.0001,2.997859005,0
2008-03-07 00:00:00,7.969695,3.135413014,0,0.0001,3.135413014,0
2008-03-08 00:00:00,7.780596,3.284223294,0,0.0001,3.284223294,0
2008-03-09 00:00:00,7.585958,3.441196749,0,0.0001,3.441196749,0
2008-03-10 00:00:00,7.465978,3.604214933,0,0.0001,3.604214933,0
2008-03-11 00:00:00,7.435012,3.770799402,0,0.0001,3.770799402,0
2008-03-12 00:00:00,7.861601,3.932180395,0,0.0001,3.932180395,0
2008-03-13 00:00:00,12.284704,4.044853749,0,0.0001,4.044853749,0
2008-03-14 00:00:00,13.825699,4.151306069,0,0.0001,4.151306069,0
2008-03-15 00:00:00,13.733587,4.309509909,0,0.0001,4.309509909,0
2008-03-16 00:00:00,14.327867,4.432324023,0,0.0001,4.432324023,0
2008-03-17 00:00:00,16.214266,4.567996168,0,0.0001,4.567996168,0
2008-03-18 00:00:00,19.229933,4.688203323,0,0.0001,4.688203323,0
2008-03-19 00:00:00,21.880348,5.109150528,0,0.0001,5.109150528,0
2008-03-20 00:00:00,24.933388,5.116772498,0,0.0001,5.116772498,0
2008-03-21 00:00:00,26.397798,5.215261955,0,0.0001,5.215261955,0
2008-03-22 00:00:00,28.429237,5.283565265,0,0.0001,5.283565265,0
2008-03-23 00:00:00,28.062344,5.396140935,0,0.0001,5.396140935,0
2008-03-24 00:00:00,29.045055,5.553924878,0,0.0001,5.553924878,0
2008-03-25 00:00:00,28.83054,5.741083723,0,0.0001,5.741083723,0
2008-03-26 00:00:00,28.165438,5.970070253,0,0.0001,5.970070253,0
2008-03-27 00:00:00,27.453262,6.208367671,0,0.0001,6.208367671,0
2008-03-28 00:00:00,26.381351,6.447408667,0,0.0001,6.447408667,0
2008-03-29 00:00:00,25.094161,6.687685114,0,0.0001,6.687685114,0
2008-03-30 00:00:00,23.929826,6.939202385,0,0.0001,6.939202385,0
2008-03-31 00:00:00,26.090378,7.160555082,0,0.0001,7.160555082,0
2008-04-01 00:00:00,25.406404,7.415115222,0,0.0001,7.415115222,0
2008-04-02 00:00:00,24.128772,7.684484871,0,0.0001,7.684484871,0
2008-04-03 00:00:00,23.215968,7.957768339,0,0.0001,7.957768339,0
2008-04-04 00:00:00,22.30769,8.234882333,0,0.0001,8.234882333,0
2008-04-05 00:00:00,26.6521,8.072886464,0,0.0001,8.072886464,0
2008-04-06 00:00:00,25.297671,8.321357603,0,0.0001,8.321357603,0
2008-04-07 00:00:00,24.216074,8.571104355,0,0.0001,8.571104355,0
2008-04-08 00:00:00,26.464658,8.791202691,0,0.0001,8.791202691,0
2008-04-09 00:00:00,27.276031,9.010763803,0,0.0001,9.010763803,0
2008-04-10 00:00:00,28.052272,9.61228845,0,0.0001,9.61228845,0
2008-04-11 00:00:00,33.261945,9.707501755,0,0.0001,9.707501755,0
2008-04-12 00:00:00,33.757107,9.86655805,0,0.0001,9.86655805,0
2008-04-13 00:00:00,32.540359,10.03779284,0,0.0001,10.03779284,0
2008-04-14 00:00:00,31.159609,10.23496149,0,0.0001,10.23496149,0
2008-04-15 00:00:00,29.826967,10.45280236,0,0.0001,10.45280236,0
2008-04-16 00:00:00,28.422508,10.69380712,0,0.0001,10.69380712,0
2008-04-17 00:00:00,27.626698,10.93894967,0,0.0001,10.93894967,0
2008-04-18 00:00:00,29.004092,11.1622758,0,0.0001,11.1622758,0
2008-04-19 00:00:00,28.246618,11.431227,0,0.0001,11.431227,0
2008-04-20 00:00:00,26.665002,11.71718405,0,0.0001,11.71718405,0
2008-04-21 00:00:00,24.99249,12.01305799,0,0.0001,12.01305799,0
2008-04-22 00:00:00,23.629734,12.30477551,0,0.0001,12.30477551,0
2008-04-23 00:00:00,28.032184,12.14606155,0,0.0001,12.14606155,0
2008-04-24 00:00:00,29.27902,12.37556142,0,0.0001,12.37556142,0
2008-04-25 00:00:00,32.163529,12.80976644,0,0.0001,12.80976644,0
2008-04-26 00:00:00,32.597604,13.0417923,0,0.0001,13.0417923,0
2008-04-27 00:00:00,32.157001,13.24428437,0,0.0001,13.24428437,0
2008-04-28 00:00:00,30.920413,13.46949489,0,0.0001,13.46949489,0
2008-04-29 00:00:00,29.771573,13.70270522,0,0.0001,13.70270522,0
2008-04-30 00:00:00,28.427537,13.94662981,0,0.0001,13.94662981,0
2008-05-01 00:00:00,27.255846,14.19839769,0,0.0001,14.19839769,0
2008-05-02 00:00:00,28.394708,14.38830923,0,0.0001,14.38830923,0
2008-05-03 00:00:00,26.900671,14.67075366,0,0.0001,14.67075366,0
2008-05-04 00:00:00,25.636184,14.94733335,0,0.0001,14.94733335,0
2008-05-05 00:00:00,24.163174,15.23281533,0,0.0001,15.23281533,0
2008-05-06 00:00:00,22.952153,15.51109223,0,0.0001,15.51109223,0
2008-05-07 00:00:00,28.385956,15.30411305,0,0.0001,15.30411305,0
2008-05-08 00:00:00,26.809437,15.56256299,0,0.0001,15.56256299,0
2008-05-09 00:00:00,25.386009,15.81684451,0,0.0001,15.81684451,0
2008-05-10 00:00:00,24.145202,16.06534267,0,0.0001,16.06534267,0
2008-05-11 00:00:00,24.38475,16.28627772,0,0.0001,16.28627772,0
2008-05-12 00:00:00,23.045695,16.54297411,0,0.0001,16.54297411,0
2008-05-13 00:00:00,21.752904,16.79432298,0,0.0001,16.79432298,0
2008-05-14 00:00:00,20.613676,17.04109724,0,0.0001,17.04109724,0
2008-05-15 00:00:00,19.451032,17.29027428,0,0.0001,17.29027428,0
2008-05-16 00:00:00,18.310072,17.5383757,0,0.0001,17.5383757,0
2008-05-17 00:00:00,16.050635,17.77987653,0,0.0001,17.77987653,0
2008-05-18 00:00:00,16.272447,18.02861016,0,0.0001,18.02861016,0
2008-05-19 00:00:00,13.867487,18.26477496,0,0.0001,18.26477496,0
2008-05-20 00:00:00,14.397344,18.50659548,0,0.0001,18.50659548,0
2008-05-21 00:00:00,13.363978,18.74149474,0,0.0001,18.74149474,0
2008-05-22 00:00:00,13.163912,18.97794584,0,0.0001,18.97794584,0
2008-05-23 00:00:00,12.45684,19.21077393,0,0.0001,19.21077393,0
2008-05-24 00:00:00,11.84085,19.43878617,0,0.0001,19.43878617,0
2008-05-25 00:00:00,11.693817,19.62905252,0,0.0001,19.62905252,0
2008-05-26 00:00:00,11.718375,19.81330444,0,0.0001,19.81330444,0
2008-05-27 00:00:00,10.932774,20.04416083,0,0.0001,20.04416083,0
2008-05-28 00:00:00,10.44163,20.25810773,0,0.0001,20.25810773,0
2008-05-29 00:00:00,10.728978,20.38716249,0,0.0001,20.38716249,0
2008-05-30 00:00:00,13.124866,20.39734236,0,0.0001,20.39734236,0
2008-05-31 00:00:00,12.281128,20.63274435,0,0.0001,20.63274435,0
2008-06-01 00:00:00,11.667834,20.83984659,0,0.0001,20.83984659,0
2008-06-02 00:00:00,11.154735,21.03548019,0,0.0001,21.03548019,0
2008-06-03 00:00:00,10.658269,21.22568661,0,0.0001,21.22568661,0
2008-06-04 00:00:00,11.079857,21.36372157,0,0.0001,21.36372157,0
2008-06-05 00:00:00,16.907147,21.19574793,0,0.0001,21.19574793,0
2008-06-06 00:00:00,16.27604,21.38854302,0,0.0001,21.38854302,0
2008-06-07 00:00:00,21.689722,21.39634944,0,0.0001,21.39634944,0
2008-06-08 00:00:00,44.537232,21.2956847,0,0.0001,21.2956847,0
2008-06-09 00:00:00,66.369176,21.24446678,0,0.0001,21.24446678,0
2008-06-10 00:00:00,68.733641,21.28306287,0,0.0001,21.28306287,0
2008-06-11 00:00:00,70.805606,21.34983948,0,0.0001,21.34983948,0
2008-06-12 00:00:00,81.701571,21.41383623,0,0.0001,21.41383623,0
2008-06-13 00:00:00,93.89194,21.49952986,0,0.0001,21.49952986,0
2008-06-14 00:00:00,90.578696,21.63107058,0,0.0001,21.63107058,0
2008-06-15 00:00:00,89.622777,21.78306283,0,0.0001,21.78306283,0
2008-06-16 00:00:00,89.208818,21.95458604,0,0.0001,21.95458604,0
2008-06-17 00:00:00,83.033526,22.14402134,0,0.0001,22.14402134,0
2008-06-18 00:00:00,76.041773,22.34358308,0,0.0001,22.34358308,0
2008-06-19 00:00:00,68.932023,22.54841145,0,0.0001,22.54841145,0
2008-06-20 00:00:00,61.96697,22.7566005,0,0.0001,22.7566005,0
2008-06-21 00:00:00,55.77392,22.96403318,0,0.0001,22.96403318,0
2008-06-22 00:00:00,50.377953,23.16627541,0,0.0001,23.16627541,0
2008-06-23 00:00:00,45.370561,23.37244984,0,0.0001,23.37244984,0
2008-06-24 00:00:00,40.568486,23.58329548,0,0.0001,23.58329548,0
2008-06-25 00:00:00,36.2727,23.80008319,0,0.0001,23.80008319,0
2008-06-26 00:00:00,32.414799,24.02581573,0,0.0001,24.02581573,0
2008-06-27 00:00:00,29.154461,24.25312626,0,0.0001,24.25312626,0
2008-06-28 00:00:00,32.483128,23.99860532,0,0.0001,23.99860532,0
2008-06-29 00:00:00,29.893024,24.15106763,0,0.0001,24.15106763,0
2008-06-30 00:00:00,27.568127,24.2978516,0,0.0001,24.2978516,0
2008-07-01 00:00:00,25.197818,24.44452388,0,0.0001,24.44452388,0
2008-07-02 00:00:00,23.415397,24.57492776,0,0.0001,24.57492776,0
2008-07-03 00:00:00,21.832573,24.70266776,0,0.0001,24.70266776,0
2008-07-04 00:00:00,20.142942,24.83068927,0,0.0001,24.83068927,0
2008-07-05 00:00:00,18.567549,24.94960656,0,0.0001,24.94960656,0
2008-07-06 00:00:00,17.263163,25.05441411,0,0.0001,25.05441411,0
2008-07-07 00:00:00,18.243288,25.03400038,0,0.0001,25.03400038,0
2008-07-08 00:00:00,18.87255,25.0253574,0,0.0001,25.0253574,0
2008-07-09 00:00:00,17.45893,25.13816866,0,0.0001,25.13816866,0
2008-07-10 00:00:00,18.756839,25.07475717,0,0.0001,25.07475717,0
2008-07-11 00:00:00,27.3227,24.8033867,0,0.0001,24.8033867,0
2008-07-12 00:00:00,28.522797,24.81569511,0,0.0001,24.81569511,0
2008-07-13 00:00:00,27.648047,24.86816173,0,0.0001,24.86816173,0
2008-07-14 00:00:00,26.108475,24.93472365,0,0.0001,24.93472365,0
2008-07-15 00:00:00,24.561658,24.99364531,0,0.0001,24.99364531,0
2008-07-16 00:00:00,22.438914,25.03599124,0,0.0001,25.03599124,0
2008-07-17 00:00:00,18.235639,25.06470582,0,0.0001,25.06470582,0
2008-07-18 00:00:00,20.937337,25.11595458,0,0.0001,25.11595458,0
2008-07-19 00:00:00,20.116713,25.14282702,0,0.0001,25.14282702,0
2008-07-20 00:00:00,16.991415,25.15545157,0,0.0001,25.15545157,0
2008-07-21 00:00:00,15.81066,25.1910019,0,0.0001,25.1910019,0
2008-07-22 00:00:00,16.253353,25.22733027,0,0.0001,25.22733027,0
2008-07-23 00:00:00,15.041591,25.25304716,0,0.0001,25.25304716,0
2008-07-24 00:00:00,15.10559,25.28615983,0,0.0001,25.28615983,0
2008-07-25 00:00:00,14.287489,25.30600663,0,0.0001,25.30600663,0
2008-07-26 00:00:00,13.393868,25.32613828,0,0.0001,25.32613828,0
2008-07-27 00:00:00,12.494985,25.34433842,0,0.0001,25.34433842,0
2008-07-28 00:00:00,11.663637,25.35849959,0,0.0001,25.35849959,0
2008-07-29 00:00:00,11.009429,25.36016858,0,0.0001,25.36016858,0
2008-07-30 00:00:00,10.429276,25.35809664,0,0.0001,25.35809664,0
2008-07-31 00:00:00,9.67872,25.36673716,0,0.0001,25.36673716,0
2008-08-01 00:00:00,7.725059,25.34673736,0,0.0001,25.34673736,0
2008-08-02 00:00:00,8.627012,25.34928436,0,0.0001,25.34928436,0
2008-08-03 00:00:00,8.275205,25.31086575,0,0.0001,25.31086575,0
2008-08-04 00:00:00,10.004663,25.07335023,0,0.0001,25.07335023,0
2008-08-05 00:00:00,9.313353,25.08369352,0,0.0001,25.08369352,0
2008-08-06 00:00:00,7.769606,25.06039616,0,0.0001,25.06039616,0
2008-08-07 00:00:00,8.206242,25.03196901,0,0.0001,25.03196901,0
2008-08-08 00:00:00,6.429854,24.97227734,0,0.0001,24.97227734,0
2008-08-09 00:00:00,7.432387,24.93474423,0,0.0001,24.93474423,0
2008-08-10 00:00:00,7.204715,24.87081328,0,0.0001,24.87081328,0
2008-08-11 00:00:00,6.85562,24.81881352,0,0.0001,24.81881352,0
2008-08-12 00:00:00,6.456118,24.76773559,0,0.0001,24.76773559,0
2008-08-13 00:00:00,5.827588,24.67237761,0,0.0001,24.67237761,0
2008-08-14 00:00:00,3.837293,24.54370146,0,0.0001,24.54370146,0
2008-08-15 00:00:00,3.330328,24.46163171,0,0.0001,24.46163171,0
2008-08-16 00:00:00,2.852422,24.37741273,0,0.0001,24.37741273,0
2008-08-17 00:00:00,2.410038,24.28011176,0,0.0001,24.28011176,0
2008-08-18 00:00:00,1.965345,24.15971901,0,0.0001,24.15971901,0
2008-08-19 00:00:00,1.567585,24.03858284,0,0.0001,24.03858284,0
2008-08-20 00:00:00,1.413846,23.93349264,0,0.0001,23.93349264,0
2008-08-21 00:00:00,3.996141,24.05602802,0,0.0001,24.05602802,0
2008-08-22 00:00:00,1.278825,23.73654109,0,0.0001,23.73654109,0
2008-08-23 00:00:00,1.253498,23.60413474,0,0.0001,23.60413474,0
2008-08-24 00:00:00,1.191138,23.49506758,0,0.0001,23.49506758,0
2008-08-25 00:00:00,1.122645,23.38828064,0,0.0001,23.38828064,0
2008-08-26 00:00:00,1.079614,23.25667811,0,0.0001,23.25667811,0
2008-08-27 00:00:00,2.250326,23.3417657,0,0.0001,23.3417657,0
2008-08-28 00:00:00,1.038393,22.95916423,0,0.0001,22.95916423,0
2008-08-29 00:00:00,1.015975,22.82493483,0,0.0001,22.82493483,0
2008-08-30 00:00:00,0.947734,22.71155695,0,0.0001,22.71155695,0
2008-08-31 00:00:00,0.892586,22.5799682,0,0.0001,22.5799682,0
2008-09-01 00:00:00,0.997069,22.51237705,0,0.0001,22.51237705,0
2008-09-02 00:00:00,3.006953,22.65612109,0,0.0001,22.65612109,0
2008-09-03 00:00:00,2.860744,22.52302801,0,0.0001,22.52302801,0
2008-09-04 00:00:00,3.033689,21.96410158,0,0.0001,21.96410158,0
2008-09-05 00:00:00,1.462354,21.57174679,0,0.0001,21.57174679,0
2008-09-06 00:00:00,2.903231,21.65699667,0,0.0001,21.65699667,0
2008-09-07 00:00:00,1.253869,21.31396844,0,0.0001,21.31396844,0
2008-09-08 00:00:00,1.246098,21.1103594,0,0.0001,21.1103594,0
2008-09-09 00:00:00,1.347374,20.90652658,0,0.0001,20.90652658,0
2008-09-10 00:00:00,3.53509,21.0018726,0,0.0001,21.0018726,0
2008-09-11 00:00:00,3.454922,20.81243181,0,0.0001,20.81243181,0
2008-09-12 00:00:00,3.640818,20.5790446,0,0.0001,20.5790446,0
2008-09-13 00:00:00,4.956429,20.05937897,0,0.0001,20.05937897,0
2008-09-14 00:00:00,3.750232,19.81821197,0,0.0001,19.81821197,0
2008-09-15 00:00:00,3.682151,19.65934203,0,0.0001,19.65934203,0
2008-09-16 00:00:00,2.515524,19.40772226,0,0.0001,19.40772226,0
2008-09-17 00:00:00,3.299595,19.30592336,0,0.0001,19.30592336,0
2008-09-18 00:00:00,4.659024,19.1816452,0,0.0001,19.1816452,0
2008-09-19 00:00:00,4.482677,19.00265513,0,0.0001,19.00265513,0
2008-09-20 00:00:00,1.935962,18.73062911,0,0.0001,18.73062911,0
2008-09-21 00:00:00,2.593479,18.60367879,0,0.0001,18.60367879,0
2008-09-22 00:00:00,3.894836,18.45774931,0,0.0001,18.45774931,0
2008-09-23 00:00:00,3.771278,18.2669675,0,0.0001,18.2669675,0
2008-09-24 00:00:00,2.219238,18.01121272,0,0.0001,18.01121272,0
2008-09-25 00:00:00,2.032764,17.81992225,0,0.0001,17.81992225,0
2008-09-26 00:00:00,1.4561,17.60346759,0,0.0001,17.60346759,0
2008-09-27 00:00:00,1.703602,17.4387854,0,0.0001,17.4387854,0
2008-09-28 00:00:00,1.28903,17.2311265,0,0.0001,17.2311265,0
2008-09-29 00:00:00,1.235805,17.03368109,0,0.0001,17.03368109,0
2008-09-30 00:00:00,1.211624,16.82617405,0,0.0001,16.82617405,0
2008-10-01 00:00:00,1.169157,16.62493026,0,0.0001,16.62493026,0
2008-10-02 00:00:00,1.281372,16.44037505,0,0.0001,16.44037505,0
2008-10-03 00:00:00,1.189429,16.21836523,0,0.0001,16.21836523,0
2008-10-04 00:00:00,1.074104,16.01485572,0,0.0001,16.01485572,0
2008-10-05 00:00:00,2.914411,15.81947887,0,0.0001,15.81947887,0
2008-10-06 00:00:00,2.966062,15.57581324,0,0.0001,15.57581324,0
2008-10-07 00:00:00,3.251237,15.20386434,0,0.0001,15.20386434,0
2008-10-08 00:00:00,2.405258,14.84397307,0,0.0001,14.84397307,0
2008-10-09 00:00:00,2.1846,14.68630295,0,0.0001,14.68630295,0
2008-10-10 00:00:00,3.453361,14.49905801,0,0.0001,14.49905801,0
2008-10-11 00:00:00,3.346207,14.27796678,0,0.0001,14.27796678,0
2008-10-12 00:00:00,3.240307,14.05344532,0,0.0001,14.05344532,0
2008-10-13 00:00:00,3.18341,13.83442915,0,0.0001,13.83442915,0
2008-10-14 00:00:00,1.785764,13.60791595,0,0.0001,13.60791595,0
2008-10-15 00:00:00,1.973345,13.3463818,0,0.0001,13.3463818,0
2008-10-16 00:00:00,1.956999,13.12214268,0,0.0001,13.12214268,0
2008-10-17 00:00:00,1.838848,12.91591954,0,0.0001,12.91591954,0
2008-10-18 00:00:00,3.247977,12.68329692,0,0.0001,12.68329692,0
2008-10-19 00:00:00,1.745294,12.47618003,0,0.0001,12.47618003,0
2008-10-20 00:00:00,1.743344,12.24342889,0,0.0001,12.24342889,0
2008-10-21 00:00:00,1.680263,12.02317617,0,0.0001,12.02317617,0
2008-10-22 00:00:00,3.439534,11.78913914,0,0.0001,11.78913914,0
2008-10-23 00:00:00,3.622303,11.5600005,0,0.0001,11.5600005,0
2008-10-24 00:00:00,4.238449,11.26482436,0,0.0001,11.26482436,0
2008-10-25 00:00:00,2.189445,11.07756192,0,0.0001,11.07756192,0
2008-10-26 00:00:00,2.106769,10.8704563,0,0.0001,10.8704563,0
2008-10-27 00:00:00,2.035677,10.65289439,0,0.0001,10.65289439,0
2008-10-28 00:00:00,1.98073,10.43216881,0,0.0001,10.43216881,0
2008-10-29 00:00:00,1.924721,10.21357476,0,0.0001,10.21357476,0
2008-10-30 00:00:00,1.839302,9.997171052,0,0.0001,9.997171052,0
2008-10-31 00:00:00,1.750705,9.783746701,0,0.0001,9.783746701,0
2008-11-01 00:00:00,1.660494,9.571026844,0,0.0001,9.571026844,0
2008-11-02 00:00:00,1.583393,9.357103033,0,0.0001,9.357103033,0
2008-11-03 00:00:00,1.542696,9.151326087,0,0.0001,9.151326087,0
2008-11-04 00:00:00,2.939168,8.909284535,0,0.0001,8.909284535,0
2008-11-05 00:00:00,2.867414,8.707424892,0,0.0001,8.707424892,0
2008-11-06 00:00:00,3.113402,8.456684784,0,0.0001,8.456684784,0
2008-11-07 00:00:00,1.789838,8.25807932,0,0.0001,8.25807932,0
2008-11-08 00:00:00,1.791263,8.055492394,0,0.0001,8.055492394,0
2008-11-09 00:00:00,1.752514,7.873685933,0,0.0001,7.873685933,0
2008-11-10 00:00:00,3.249554,7.613435444,0,0.0001,7.613435444,0
2008-11-11 00:00:00,1.729456,7.481068778,0,0.0001,7.481068778,0
2008-11-12 00:00:00,3.676113,7.199610293,0,0.0001,7.199610293,0
2008-11-13 00:00:00,1.981204,7.105580698,0,0.0001,7.105580698,0
2008-11-14 00:00:00,2.228907,6.858867281,0,0.0001,6.858867281,0
2008-11-15 00:00:00,2.113695,6.663852183,0,0.0001,6.663852183,0
2008-11-16 00:00:00,2.050983,6.467673309,0,0.0001,6.467673309,0
2008-11-17 00:00:00,1.998217,6.265170875,0,0.0001,6.265170875,0
2008-11-18 00:00:00,1.969565,6.066847986,0,0.0001,6.066847986,0
2008-11-19 00:00:00,1.926033,5.868952529,0,0.0001,5.868952529,0
2008-11-20 00:00:00,1.868903,5.670999189,0,0.0001,5.670999189,0
2008-11-21 00:00:00,1.809265,5.475348833,0,0.0001,5.475348833,0
2008-11-22 00:00:00,3.504751,5.191050173,0,0.0001,5.191050173,0
2008-11-23 00:00:00,1.669889,5.081842511,0,0.0001,5.081842511,0
2008-11-24 00:00:00,1.851704,4.93010576,0,0.0001,4.93010576,0
2008-11-25 00:00:00,1.799742,4.721213213,0,0.0001,4.721213213,0
2008-11-26 00:00:00,1.765058,4.546988885,0,0.0001,4.546988885,0
2008-11-27 00:00:00,1.732987,4.376811645,0,0.0001,4.376811645,0
2008-11-28 00:00:00,2.021339,4.181600543,0,0.0001,4.181600543,0
2008-11-29 00:00:00,3.644727,3.94379381,0,0.0001,3.94379381,0
2008-11-30 00:00:00,1.75627,3.882445312,0,0.0001,3.882445312,0
2008-12-01 00:00:00,2.155858,3.682686609,0,0.0001,3.682686609,0
2008-12-02 00:00:00,1.783452,3.570760139,0,0.0001,3.570760139,0
2008-12-03 00:00:00,2.330455,3.365634579,0,0.0001,3.365634579,0
2008-12-04 00:00:00,2.279717,3.220327664,0,0.0001,3.220327664,0
2008-12-05 00:00:00,1.712354,3.106652904,0,0.0001,3.106652904,0
2008-12-06 00:00:00,2.350125,2.914351538,0,0.0001,2.914351538,0
2008-12-07 00:00:00,2.354898,2.759222538,0,0.0001,2.759222538,0
2008-12-08 00:00:00,2.916371,2.542005899,0,0.0001,2.542005899,0
2008-12-09 00:00:00,2.981507,2.432593926,0,0.0001,2.432593926,0
2008-12-10 00:00:00,2.88374,2.293735089,0,0.0001,2.293735089,0
2008-12-11 00:00:00,1.819629,2.256674056,0,0.0001,2.256674056,0
2008-12-12 00:00:00,1.778902,2.120464909,0,0.0001,2.120464909,0
2008-12-13 00:00:00,2.704122,1.942709326,0,0.0001,1.942709326,0
2008-12-14 00:00:00,4.353015,1.799703692,0,0.0001,1.799703692,0
2008-12-15 00:00:00,4.703931,1.558903631,0,0.0001,1.558903631,0
2008-12-16 00:00:00,4.844266,1.408433391,0,0.0001,1.408433391,0
2008-12-17 00:00:00,3.476074,1.398571706,0,0.0001,1.398571706,0
2008-12-18 00:00:00,4.593432,1.139485824,0,0.0001,1.139485824,0
2008-12-19 00:00:00,5.144662,1.036738033,0,0.0001,1.036738033,0
2008-12-20 00:00:00,4.469642,0.922647576,0,0.0001,0.922647576,0
2008-12-21 00:00:00,5.195907,0.786331423,0,0.0001,0.786331423,0
2008-12-22 00:00:00,4.995585,0.67163427,0,0.0001,0.67163427,0
2008-12-23 00:00:00,4.834078,0.557031598,0,0.0001,0.557031598,0
2008-12-24 00:00:00,4.855981,0.469083443,0,0.0001,0.469083443,0
2008-12-25 00:00:00,4.820233,0.369966266,0,0.0001,0.369966266,0
2008-12-26 00:00:00,5.938314,0.314672757,0,0.0001,0.314672757,0
2008-12-27 00:00:00,7.503087,0.242105284,0,0.0001,0.242105284,0
2008-12-28 00:00:00,7.216721,0.090415692,0,0.0001,0.090415692,0
2008-12-29 00:00:00,7.066928,0.019445995,0,0.0001,0.019445995,0
2008-12-30 00:00:00,7.075991,-0.090860856,0,0.0001,-0.090860856,0
2008-12-31 00:00:00,5.745861,-0.142376152,0,0.0001,-0.142376152,0
2009-01-01 00:00:00,4.247248,-0.170037326,0,0.0001,-0.170037326,0
2009-01-02 00:00:00,6.741329,-0.399750768,0,0.0001,-0.399750768,0
2009-01-03 00:00:00,4.313818,-0.400115956,0,0.0001,-0.400115956,0
2009-01-04 00:00:00,5.84798,-0.534722605,0,0.0001,-0.534722605,0
2009-01-05 00:00:00,5.820025,-0.600367853,0,0.0001,-0.600367853,0
2009-01-06 00:00:00,4.254715,-0.609358207,0,0.0001,-0.609358207,0
2009-01-07 00:00:00,6.135611,-0.714464425,0,0.0001,-0.714464425,0
2009-01-08 00:00:00,5.918092,-0.766367537,0,0.0001,-0.766367537,0
2009-01-09 00:00:00,4.940864,-0.790893607,0,0.0001,-0.790893607,0
2009-01-10 00:00:00,6.136908,-0.808334479,0,0.0001,-0.808334479,0
2009-01-11 00:00:00,6.025071,-0.831937569,0,0.0001,-0.831937569,0
2009-01-12 00:00:00,5.747753,-0.855620109,0,0.0001,-0.855620109,0
2009-01-13 00:00:00,5.733806,-0.865066939,0,0.0001,-0.865066939,0
2009-01-14 00:00:00,5.804348,-0.864798155,0,0.0001,-0.864798155,0
2009-01-15 00:00:00,2.951229,-0.785641932,0,0.0001,-0.785641932,0
2009-01-16 00:00:00,5.600806,-0.866964389,0,0.0001,-0.866964389,0
2009-01-17 00:00:00,4.299014,-0.83744548,0,0.0001,-0.83744548,0
2009-01-18 00:00:00,5.405171,-0.851749834,0,0.0001,-0.851749834,0
2009-01-19 00:00:00,4.138904,-0.814723507,0,0.0001,-0.814723507,0
2009-01-20 00:00:00,5.285773,-0.819915331,0,0.0001,-0.819915331,0
2009-01-21 00:00:00,5.196876,-0.799122992,0,0.0001,-0.799122992,0
2009-01-22 00:00:00,5.116574,-0.774710867,0,0.0001,-0.774710867,0
2009-01-23 00:00:00,5.039241,-0.746874794,0,0.0001,-0.746874794,0
2009-01-24 00:00:00,4.949198,-0.716302187,0,0.0001,-0.716302187,0
2009-01-25 00:00:00,4.885985,-0.682208164,0,0.0001,-0.682208164,0
2009-01-26 00:00:00,4.829466,-0.644565553,0,0.0001,-0.644565553,0
2009-01-27 00:00:00,4.76785,-0.603653388,0,0.0001,-0.603653388,0
2009-01-28 00:00:00,4.715062,-0.559414394,0,0.0001,-0.559414394,0
2009-01-29 00:00:00,4.669453,-0.511724952,0,0.0001,-0.511724952,0
2009-01-30 00:00:00,4.619196,-0.460686159,0,0.0001,-0.460686159,0
2009-01-31 00:00:00,4.455199,-0.404186994,0,0.0001,-0.404186994,0
2009-02-01 00:00:00,4.279392,-0.328872523,0,0.0001,-0.328872523,0
2009-02-02 00:00:00,4.693381,-0.313459429,0,0.0001,-0.313459429,0
2009-02-03 00:00:00,4.22487,-0.239415391,0,0.0001,-0.239415391,0
2009-02-04 00:00:00,4.166434,-0.17270314,0,0.0001,-0.17270314,0
2009-02-05 00:00:00,4.525628,-0.114645964,0,0.0001,-0.114645964,0
2009-02-06 00:00:00,4.859158,-0.039631773,0,0.0001,-0.039631773,0
2009-02-07 00:00:00,5.681162,-0.008578797,0,0.0001,-0.008578797,0
2009-02-08 00:00:00,5.120555,0.028447276,0,0.0001,0.028447276,0
2009-02-09 00:00:00,7.682702,0.135479944,0,0.0001,0.135479944,0
2009-02-10 00:00:00,12.799271,0.104478569,0,0.0001,0.104478569,0
2009-02-11 00:00:00,12.262327,0.276177633,0,0.0001,0.276177633,0
2009-02-12 00:00:00,12.569594,0.32980175,0,0.0001,0.32980175,0
2009-02-13 00:00:00,10.387459,0.300554239,0,0.0001,0.300554239,0
2009-02-14 00:00:00,7.71843,0.333085709,0,0.0001,0.333085709,0
2009-02-15 00:00:00,7.997859,0.277595049,0,0.0001,0.277595049,0
2009-02-16 00:00:00,10.493179,0.241578447,0,0.0001,0.241578447,0
2009-02-17 00:00:00,8.248819,0.33576276,0,0.0001,0.33576276,0
2009-02-18 00:00:00,10.16207,0.388045414,0,0.0001,0.388045414,0
2009-02-19 00:00:00,10.291126,0.485400032,0,0.0001,0.485400032,0
2009-02-20 00:00:00,9.86626,0.585344737,0,0.0001,0.585344737,0
2009-02-21 00:00:00,9.898082,0.717684726,0,0.0001,0.717684726,0
2009-02-22 00:00:00,9.858261,0.851197379,0,0.0001,0.851197379,0
2009-02-23 00:00:00,9.596453,0.990238395,0,0.0001,0.990238395,0
2009-02-24 00:00:00,9.317332,1.134849869,0,0.0001,1.134849869,0
2009-02-25 00:00:00,10.266614,1.292662686,0,0.0001,1.292662686,0
2009-02-26 00:00:00,12.877713,1.442000799,0,0.0001,1.442000799,0
2009-02-27 00:00:00,13.450097,1.538613992,0,0.0001,1.538613992,0
2009-02-28 00:00:00,13.583667,1.702085469,0,0.0001,1.702085469,0
2009-03-01 00:00:00,13.514635,1.815748725,0,0.0001,1.815748725,0
2009-03-02 00:00:00,13.102185,1.921699163,0,0.0001,1.921699163,0
2009-03-03 00:00:00,12.636353,2.044129608,0,0.0001,2.044129608,0
2009-03-04 00:00:00,12.285582,2.181131377,0,0.0001,2.181131377,0
2009-03-05 00:00:00,11.967848,2.329051334,0,0.0001,2.329051334,0
2009-03-06 00:00:00,11.709395,2.485615464,0,0.0001,2.485615464,0
2009-03-07 00:00:00,14.491565,2.635145793,0,0.0001,2.635145793,0
2009-03-08 00:00:00,18.420515,2.781046725,0,0.0001,2.781046725,0
2009-03-09 00:00:00,20.14064,2.952241612,0,0.0001,2.952241612,0
2009-03-10 00:00:00,23.319744,3.08699785,0,0.0001,3.08699785,0
2009-03-11 00:00:00,22.65625,3.175853334,0,0.0001,3.175853334,0
2009-03-12 00:00:00,19.326507,3.300439861,0,0.0001,3.300439861,0
2009-03-13 00:00:00,19.610246,3.416707616,0,0.0001,3.416707616,0
2009-03-14 00:00:00,18.091679,3.569739266,0,0.0001,3.569739266,0
2009-03-15 00:00:00,17.999847,3.736071874,0,0.0001,3.736071874,0
2009-03-16 00:00:00,19.351334,3.916830066,0,0.0001,3.916830066,0
2009-03-17 00:00:00,17.493453,4.119269223,0,0.0001,4.119269223,0
2009-03-18 00:00:00,15.651597,4.329878009,0,0.0001,4.329878009,0
2009-03-19 00:00:00,15.298001,4.545110518,0,0.0001,4.545110518,0
2009-03-20 00:00:00,15.006473,4.765122248,0,0.0001,4.765122248,0
2009-03-21 00:00:00,15.9275,4.987769687,0,0.0001,4.987769687,0
2009-03-22 00:00:00,15.21608,5.217333098,0,0.0001,5.217333098,0
2009-03-23 00:00:00,15.27128,5.435365174,0,0.0001,5.435365174,0
2009-03-24 00:00:00,23.200176,5.618057581,0,0.0001,5.618057581,0
2009-03-25 00:00:00,25.152979,5.798221231,0,0.0001,5.798221231,0
2009-03-26 00:00:00,25.274732,5.975469866,0,0.0001,5.975469866,0
2009-03-27 00:00:00,24.431615,6.119833374,0,0.0001,6.119833374,0
2009-03-28 00:00:00,23.844606,6.289322747,0,0.0001,6.289322747,0
2009-03-29 00:00:00,24.180333,6.471017133,0,0.0001,6.471017133,0
2009-03-30 00:00:00,23.494552,6.667027478,0,0.0001,6.667027478,0
2009-03-31 00:00:00,24.518191,6.867393179,0,0.0001,6.867393179,0
2009-04-01 00:00:00,24.093184,7.079443556,0,0.0001,7.079443556,0
2009-04-02 00:00:00,23.42718,7.301673619,0,0.0001,7.301673619,0
2009-04-03 00:00:00,22.782818,7.529707842,0,0.0001,7.529707842,0
2009-04-04 00:00:00,21.865232,7.765718131,0,0.0001,7.765718131,0
2009-04-05 00:00:00,19.89786,8.005561444,0,0.0001,8.005561444,0
2009-04-06 00:00:00,16.32607,8.251804241,0,0.0001,8.251804241,0
2009-04-07 00:00:00,18.635798,8.498991248,0,0.0001,8.498991248,0
2009-04-08 00:00:00,17.815077,8.751816474,0,0.0001,8.751816474,0
2009-04-09 00:00:00,15.426075,9.007358193,0,0.0001,9.007358193,0
2009-04-10 00:00:00,14.584883,9.264691064,0,0.0001,9.264691064,0
2009-04-11 00:00:00,13.738483,9.523386465,0,0.0001,9.523386465,0
2009-04-12 00:00:00,14.40159,9.784221623,0,0.0001,9.784221623,0
2009-04-13 00:00:00,10.79895,10.04268682,0,0.0001,10.04268682,0
2009-04-14 00:00:00,13.182953,10.30267913,0,0.0001,10.30267913,0
2009-04-15 00:00:00,10.769028,10.55988728,0,0.0001,10.55988728,0
2009-04-16 00:00:00,11.381153,10.82371667,0,0.0001,10.82371667,0
2009-04-17 00:00:00,11.788485,11.08798608,0,0.0001,11.08798608,0
2009-04-18 00:00:00,11.068083,11.35210092,0,0.0001,11.35210092,0
2009-04-19 00:00:00,11.748367,11.55994849,0,0.0001,11.55994849,0
2009-04-20 00:00:00,10.770465,11.71878984,0,0.0001,11.71878984,0
2009-04-21 00:00:00,11.086019,11.92969265,0,0.0001,11.92969265,0
2009-04-22 00:00:00,10.493518,12.17231465,0,0.0001,12.17231465,0
2009-04-23 00:00:00,12.576393,12.42337578,0,0.0001,12.42337578,0
2009-04-24 00:00:00,12.252394,12.6621866,0,0.0001,12.6621866,0
2009-04-25 00:00:00,17.34936,12.73997541,0,0.0001,12.73997541,0
2009-04-26 00:00:00,23.27421,12.81868118,0,0.0001,12.81868118,0
2009-04-27 00:00:00,23.527994,13.03357825,0,0.0001,13.03357825,0
2009-04-28 00:00:00,23.351927,13.22008944,0,0.0001,13.22008944,0
2009-04-29 00:00:00,22.531188,13.42507603,0,0.0001,13.42507603,0
2009-04-30 00:00:00,23.271202,13.61593791,0,0.0001,13.61593791,0
2009-05-01 00:00:00,22.419224,13.83379931,0,0.0001,13.83379931,0
2009-05-02 00:00:00,20.575893,14.06035766,0,0.0001,14.06035766,0
2009-05-03 00:00:00,18.628033,14.2968697,0,0.0001,14.2968697,0
2009-05-04 00:00:00,18.150619,14.54398303,0,0.0001,14.54398303,0
2009-05-05 00:00:00,19.681162,14.79883456,0,0.0001,14.79883456,0
2009-05-06 00:00:00,20.099009,15.01518455,0,0.0001,15.01518455,0
2009-05-07 00:00:00,21.043345,15.2375248,0,0.0001,15.2375248,0
2009-05-08 00:00:00,21.51233,15.45898459,0,0.0001,15.45898459,0
2009-05-09 00:00:00,23.983735,15.6226221,0,0.0001,15.6226221,0
2009-05-10 00:00:00,19.579999,15.85852908,0,0.0001,15.85852908,0
2009-05-11 00:00:00,22.503063,16.10273576,0,0.0001,16.10273576,0
2009-05-12 00:00:00,21.678669,16.34077528,0,0.0001,16.34077528,0
2009-05-13 00:00:00,23.85072,16.51207269,0,0.0001,16.51207269,0
2009-05-14 00:00:00,25.373325,16.68615632,0,0.0001,16.68615632,0
2009-05-15 00:00:00,19.616853,16.89282101,0,0.0001,16.89282101,0
2009-05-16 00:00:00,20.874631,17.11402,0,0.0001,17.11402,0
2009-05-17 00:00:00,21.971239,17.34652836,0,0.0001,17.34652836,0
2009-05-18 00:00:00,21.624634,17.58012671,0,0.0001,17.58012671,0
2009-05-19 00:00:00,21.686434,17.81306353,0,0.0001,17.81306353,0
2009-05-20 00:00:00,20.636921,18.04784004,0,0.0001,18.04784004,0
2009-05-21 00:00:00,19.525502,18.28441394,0,0.0001,18.28441394,0
2009-05-22 00:00:00,18.7185,18.51304183,0,0.0001,18.51304183,0
2009-05-23 00:00:00,15.826499,18.71634131,0,0.0001,18.71634131,0
2009-05-24 00:00:00,17.672415,18.96060033,0,0.0001,18.96060033,0
2009-05-25 00:00:00,16.64054,19.19600329,0,0.0001,19.19600329,0
2009-05-26 00:00:00,16.10517,19.40897029,0,0.0001,19.40897029,0
2009-05-27 00:00:00,17.076897,19.56510209,0,0.0001,19.56510209,0
2009-05-28 00:00:00,16.535844,19.78656304,0,0.0001,19.78656304,0
2009-05-29 00:00:00,15.808552,20.00719533,0,0.0001,20.00719533,0
2009-05-30 00:00:00,14.962124,20.2253041,0,0.0001,20.2253041,0
2009-05-31 00:00:00,14.24534,20.43680686,0,0.0001,20.43680686,0
2009-06-01 00:00:00,13.740954,20.63828992,0,0.0001,20.63828992,0
2009-06-02 00:00:00,12.925574,20.85489413,0,0.0001,20.85489413,0
2009-06-03 00:00:00,12.385908,21.06090326,0,0.0001,21.06090326,0
2009-06-04 00:00:00,11.735701,21.26780153,0,0.0001,21.26780153,0
2009-06-05 00:00:00,11.031654,21.47424843,0,0.0001,21.47424843,0
2009-06-06 00:00:00,10.288913,21.68016895,0,0.0001,21.68016895,0
2009-06-07 00:00:00,11.649351,21.72841727,0,0.0001,21.72841727,0
2009-06-08 00:00:00,14.253721,21.7189927,0,0.0001,21.7189927,0
2009-06-09 00:00:00,13.499048,21.92309717,0,0.0001,21.92309717,0
2009-06-10 00:00:00,13.081678,22.08665148,0,0.0001,22.08665148,0
2009-06-11 00:00:00,12.846604,22.24945122,0,0.0001,22.24945122,0
2009-06-12 00:00:00,12.523963,22.41604798,0,0.0001,22.41604798,0
2009-06-13 00:00:00,12.320162,22.54157596,0,0.0001,22.54157596,0
2009-06-14 00:00:00,11.630087,22.71408911,0,0.0001,22.71408911,0
2009-06-15 00:00:00,11.530374,22.88914379,0,0.0001,22.88914379,0
2009-06-16 00:00:00,10.926553,23.05173727,0,0.0001,23.05173727,0
2009-06-17 00:00:00,10.831318,23.18447349,0,0.0001,23.18447349,0
2009-06-18 00:00:00,12.654499,23.16155972,0,0.0001,23.16155972,0
2009-06-19 00:00:00,17.592431,23.0551865,0,0.0001,23.0551865,0
2009-06-20 00:00:00,18.451984,23.13749064,0,0.0001,23.13749064,0
2009-06-21 00:00:00,17.777279,23.28915772,0,0.0001,23.28915772,0
2009-06-22 00:00:00,17.176223,23.45073945,0,0.0001,23.45073945,0
2009-06-23 00:00:00,16.203306,23.61990375,0,0.0001,23.61990375,0
2009-06-24 00:00:00,15.279926,23.77096232,0,0.0001,23.77096232,0
2009-06-25 00:00:00,11.538993,23.88552634,0,0.0001,23.88552634,0
2009-06-26 00:00:00,13.910215,24.03787777,0,0.0001,24.03787777,0
2009-06-27 00:00:00,10.616586,24.13516768,0,0.0001,24.13516768,0
2009-06-28 00:00:00,10.179197,24.24541945,0,0.0001,24.24541945,0
2009-06-29 00:00:00,11.337443,24.39078001,0,0.0001,24.39078001,0
2009-06-30 00:00:00,11.694271,24.51005206,0,0.0001,24.51005206,0
2009-07-01 00:00:00,11.289353,24.6186423,0,0.0001,24.6186423,0
2009-07-02 00:00:00,10.91265,24.72385171,0,0.0001,24.72385171,0
2009-07-03 00:00:00,10.432302,24.82895976,0,0.0001,24.82895976,0
2009-07-04 00:00:00,9.785861,24.93925873,0,0.0001,24.93925873,0
2009-07-05 00:00:00,8.814054,25.01851299,0,0.0001,25.01851299,0
2009-07-06 00:00:00,8.954099,25.12734836,0,0.0001,25.12734836,0
2009-07-07 00:00:00,8.351891,25.2289122,0,0.0001,25.2289122,0
2009-07-08 00:00:00,7.841263,25.32249357,0,0.0001,25.32249357,0
2009-07-09 00:00:00,7.67832,25.39171198,0,0.0001,25.39171198,0
2009-07-10 00:00:00,7.890964,25.40869158,0,0.0001,25.40869158,0
2009-07-11 00:00:00,8.069815,25.42959115,0,0.0001,25.42959115,0
2009-07-12 00:00:00,4.596083,25.44749858,0,0.0001,25.44749858,0
2009-07-13 00:00:00,7.081305,25.58757511,0,0.0001,25.58757511,0
2009-07-14 00:00:00,6.692343,25.64396343,0,0.0001,25.64396343,0
2009-07-15 00:00:00,5.127011,25.59550537,0,0.0001,25.59550537,0
2009-07-16 00:00:00,6.132179,25.70031369,0,0.0001,25.70031369,0
2009-07-17 00:00:00,5.978992,25.76735326,0,0.0001,25.76735326,0
2009-07-18 00:00:00,6.013025,25.79481147,0,0.0001,25.79481147,0
2009-07-19 00:00:00,5.823283,25.83344928,0,0.0001,25.83344928,0
2009-07-20 00:00:00,5.586661,25.87233008,0,0.0001,25.87233008,0
2009-07-21 00:00:00,5.862466,25.74822412,0,0.0001,25.74822412,0
2009-07-22 00:00:00,6.427722,25.67663344,0,0.0001,25.67663344,0
2009-07-23 00:00:00,6.181841,25.73048016,0,0.0001,25.73048016,0
2009-07-24 00:00:00,5.862747,25.73738984,0,0.0001,25.73738984,0
2009-07-25 00:00:00,5.814683,25.72850714,0,0.0001,25.72850714,0
2009-07-26 00:00:00,5.605961,25.73979388,0,0.0001,25.73979388,0
2009-07-27 00:00:00,3.873139,25.67407514,0,0.0001,25.67407514,0
2009-07-28 00:00:00,5.193127,25.75464556,0,0.0001,25.75464556,0
2009-07-29 00:00:00,4.868224,25.77137891,0,0.0001,25.77137891,0
2009-07-30 00:00:00,4.829275,25.67866846,0,0.0001,25.67866846,0
2009-07-31 00:00:00,3.007136,25.54835486,0,0.0001,25.54835486,0
2009-08-01 00:00:00,2.696246,25.54252763,0,0.0001,25.54252763,0
2009-08-02 00:00:00,4.490662,25.65483251,0,0.0001,25.65483251,0
2009-08-03 00:00:00,3.640242,25.56964903,0,0.0001,25.56964903,0
2009-08-04 00:00:00,3.299276,25.52587271,0,0.0001,25.52587271,0
2009-08-05 00:00:00,2.998429,25.48999819,0,0.0001,25.48999819,0
2009-08-06 00:00:00,3.784714,25.51344823,0,0.0001,25.51344823,0
2009-08-07 00:00:00,4.000759,25.32410354,0,0.0001,25.32410354,0
2009-08-08 00:00:00,6.65179,24.75357724,0,0.0001,24.75357724,0
2009-08-09 00:00:00,6.234624,24.78426123,0,0.0001,24.78426123,0
2009-08-10 00:00:00,6.130363,24.65802305,0,0.0001,24.65802305,0
2009-08-11 00:00:00,4.328374,24.50587715,0,0.0001,24.50587715,0
2009-08-12 00:00:00,4.043904,24.49509264,0,0.0001,24.49509264,0
2009-08-13 00:00:00,3.803294,24.48173968,0,0.0001,24.48173968,0
2009-08-14 00:00:00,3.56647,24.44736551,0,0.0001,24.44736551,0
2009-08-15 00:00:00,4.875196,24.47244491,0,0.0001,24.47244491,0
2009-08-16 00:00:00,4.518981,24.40579015,0,0.0001,24.40579015,0
2009-08-17 00:00:00,2.219597,24.15258201,0,0.0001,24.15258201,0
2009-08-18 00:00:00,4.603959,24.19190663,0,0.0001,24.19190663,0
2009-08-19 00:00:00,4.389476,24.0863544,0,0.0001,24.0863544,0
2009-08-20 00:00:00,2.357449,23.76054859,0,0.0001,23.76054859,0
2009-08-21 00:00:00,3.241511,23.73886025,0,0.0001,23.73886025,0
2009-08-22 00:00:00,3.104664,23.62212187,0,0.0001,23.62212187,0
2009-08-23 00:00:00,2.921317,23.50885847,0,0.0001,23.50885847,0
2009-08-24 00:00:00,4.254854,23.46578466,0,0.0001,23.46578466,0
2009-08-25 00:00:00,2.612404,23.26490023,0,0.0001,23.26490023,0
2009-08-26 00:00:00,4.248622,23.20127273,0,0.0001,23.20127273,0
2009-08-27 00:00:00,4.393368,23.0028777,0,0.0001,23.0028777,0
2009-08-28 00:00:00,2.439105,22.61015406,0,0.0001,22.61015406,0
2009-08-29 00:00:00,2.557298,22.46274905,0,0.0001,22.46274905,0
2009-08-30 00:00:00,4.424555,22.52518709,0,0.0001,22.52518709,0
2009-08-31 00:00:00,2.721535,22.32488983,0,0.0001,22.32488983,0
2009-09-01 00:00:00,4.043789,22.29400385,0,0.0001,22.29400385,0
2009-09-02 00:00:00,2.320727,22.07850484,0,0.0001,22.07850484,0
2009-09-03 00:00:00,2.118473,21.94531753,0,0.0001,21.94531753,0
2009-09-04 00:00:00,1.883934,21.80166903,0,0.0001,21.80166903,0
2009-09-05 00:00:00,1.652863,21.65787771,0,0.0001,21.65787771,0
2009-09-06 00:00:00,1.451446,21.5156498,0,0.0001,21.5156498,0
2009-09-07 00:00:00,1.341742,21.36841115,0,0.0001,21.36841115,0
2009-09-08 00:00:00,1.250291,21.2261218,0,0.0001,21.2261218,0
2009-09-09 00:00:00,1.158615,21.08701934,0,0.0001,21.08701934,0
2009-09-10 00:00:00,1.095748,20.92719189,0,0.0001,20.92719189,0
2009-09-11 00:00:00,1.030873,20.77003863,0,0.0001,20.77003863,0
2009-09-12 00:00:00,0.992928,20.58982798,0,0.0001,20.58982798,0
2009-09-13 00:00:00,0.932293,20.42856121,0,0.0001,20.42856121,0
2009-09-14 00:00:00,0.874147,20.26401183,0,0.0001,20.26401183,0
2009-09-15 00:00:00,0.82138,20.09697233,0,0.0001,20.09697233,0
2009-09-16 00:00:00,0.753715,19.9490466,0,0.0001,19.9490466,0
2009-09-17 00:00:00,0.720938,19.76487553,0,0.0001,19.76487553,0
2009-09-18 00:00:00,0.680841,19.59449288,0,0.0001,19.59449288,0
2009-09-19 00:00:00,1.865649,19.66309137,0,0.0001,19.66309137,0
2009-09-20 00:00:00,1.834177,19.47991491,0,0.0001,19.47991491,0
2009-09-21 00:00:00,1.81841,19.26938358,0,0.0001,19.26938358,0
2009-09-22 00:00:00,5.801946,18.3098943,0,0.0001,18.3098943,0
2009-09-23 00:00:00,4.530457,18.05969249,0,0.0001,18.05969249,0
2009-09-24 00:00:00,4.506296,17.91389828,0,0.0001,17.91389828,0
2009-09-25 00:00:00,4.696956,17.68944935,0,0.0001,17.68944935,0
2009-09-26 00:00:00,4.971529,17.45771712,0,0.0001,17.45771712,0
2009-09-27 00:00:00,3.180822,17.1853873,0,0.0001,17.1853873,0
2009-09-28 00:00:00,3.237569,16.94783065,0,0.0001,16.94783065,0
2009-09-29 00:00:00,2.974619,16.74906073,0,0.0001,16.74906073,0
2009-09-30 00:00:00,4.799804,16.55569322,0,0.0001,16.55569322,0
2009-10-01 00:00:00,3.678276,16.28822114,0,0.0001,16.28822114,0
2009-10-02 00:00:00,3.62755,16.01478787,0,0.0001,16.01478787,0
2009-10-03 00:00:00,3.57956,15.80600527,0,0.0001,15.80600527,0
2009-10-04 00:00:00,5.714294,15.58317471,0,0.0001,15.58317471,0
2009-10-05 00:00:00,3.392735,15.36925186,0,0.0001,15.36925186,0
2009-10-06 00:00:00,3.965067,15.11178864,0,0.0001,15.11178864,0
2009-10-07 00:00:00,3.836337,14.88731773,0,0.0001,14.88731773,0
2009-10-08 00:00:00,3.65902,14.66645105,0,0.0001,14.66645105,0
2009-10-09 00:00:00,3.551708,14.44181302,0,0.0001,14.44181302,0
2009-10-10 00:00:00,3.416958,14.219671,0,0.0001,14.219671,0
2009-10-11 00:00:00,3.281047,13.999044,0,0.0001,13.999044,0
2009-10-12 00:00:00,3.113191,13.7795854,0,0.0001,13.7795854,0
2009-10-13 00:00:00,3.333801,13.56095153,0,0.0001,13.56095153,0
2009-10-14 00:00:00,3.46882,13.33723787,0,0.0001,13.33723787,0
2009-10-15 00:00:00,3.082049,13.12007416,0,0.0001,13.12007416,0
2009-10-16 00:00:00,2.950272,12.9015217,0,0.0001,12.9015217,0
2009-10-17 00:00:00,3.654213,12.67994675,0,0.0001,12.67994675,0
2009-10-18 00:00:00,3.563904,12.46911178,0,0.0001,12.46911178,0
2009-10-19 00:00:00,3.45829,12.25953751,0,0.0001,12.25953751,0
2009-10-20 00:00:00,4.859456,12.03436786,0,0.0001,12.03436786,0
2009-10-21 00:00:00,4.970105,11.80821438,0,0.0001,11.80821438,0
2009-10-22 00:00:00,7.519642,11.56994964,0,0.0001,11.56994964,0
2009-10-23 00:00:00,9.104391,11.31019823,0,0.0001,11.31019823,0
2009-10-24 00:00:00,9.750865,11.09478716,0,0.0001,11.09478716,0
2009-10-25 00:00:00,8.208167,10.8831326,0,0.0001,10.8831326,0
2009-10-26 00:00:00,8.581738,10.56185743,0,0.0001,10.56185743,0
2009-10-27 00:00:00,8.695638,10.2702657,0,0.0001,10.2702657,0
2009-10-28 00:00:00,8.780504,10.0003125,0,0.0001,10.0003125,0
2009-10-29 00:00:00,10.224507,9.77498475,0,0.0001,9.77498475,0
2009-10-30 00:00:00,11.069231,9.515578573,0,0.0001,9.515578573,0
2009-10-31 00:00:00,12.123884,9.260074231,0,0.0001,9.260074231,0
2009-11-01 00:00:00,8.341511,9.101631795,0,0.0001,9.101631795,0
2009-11-02 00:00:00,9.962138,8.768612155,0,0.0001,8.768612155,0
2009-11-03 00:00:00,8.493834,8.523144657,0,0.0001,8.523144657,0
2009-11-04 00:00:00,6.418213,8.308576132,0,0.0001,8.308576132,0
2009-11-05 00:00:00,9.989009,8.010078247,0,0.0001,8.010078247,0
2009-11-06 00:00:00,8.390253,7.801927074,0,0.0001,7.801927074,0
2009-11-07 00:00:00,8.25649,7.59049739,0,0.0001,7.59049739,0
2009-11-08 00:00:00,5.182043,7.420964821,0,0.0001,7.420964821,0
2009-11-09 00:00:00,4.905459,7.225119816,0,0.0001,7.225119816,0
2009-11-10 00:00:00,4.618216,7.033534388,0,0.0001,7.033534388,0
2009-11-11 00:00:00,4.338149,6.846326883,0,0.0001,6.846326883,0
2009-11-12 00:00:00,4.403565,6.658819526,0,0.0001,6.658819526,0
2009-11-13 00:00:00,3.84432,6.488326337,0,0.0001,6.488326337,0
2009-11-14 00:00:00,3.606052,6.311757496,0,0.0001,6.311757496,0
2009-11-15 00:00:00,3.407881,6.141630252,0,0.0001,6.141630252,0
2009-11-16 00:00:00,3.203308,5.971424206,0,0.0001,5.971424206,0
2009-11-17 00:00:00,3.435108,5.792363775,0,0.0001,5.792363775,0
2009-11-18 00:00:00,2.949439,5.641779847,0,0.0001,5.641779847,0
2009-11-19 00:00:00,3.359161,5.443416841,0,0.0001,5.443416841,0
2009-11-20 00:00:00,2.813374,5.290478256,0,0.0001,5.290478256,0
2009-11-21 00:00:00,2.662797,5.132526934,0,0.0001,5.132526934,0
2009-11-22 00:00:00,2.801888,4.961675233,0,0.0001,4.961675233,0
2009-11-23 00:00:00,6.011536,4.736074259,0,0.0001,4.736074259,0
2009-11-24 00:00:00,6.274355,4.590650149,0,0.0001,4.590650149,0
2009-11-25 00:00:00,3.545957,4.637211323,0,0.0001,4.637211323,0
2009-11-26 00:00:00,5.452474,4.329261725,0,0.0001,4.329261725,0
2009-11-27 00:00:00,6.919081,4.104104007,0,0.0001,4.104104007,0
2009-11-28 00:00:00,3.818822,4.136241255,0,0.0001,4.136241255,0
2009-11-29 00:00:00,3.695835,3.937980598,0,0.0001,3.937980598,0
2009-11-30 00:00:00,6.60646,3.555059952,0,0.0001,3.555059952,0
2009-12-01 00:00:00,3.355758,3.531130459,0,0.0001,3.531130459,0
2009-12-02 00:00:00,3.24531,3.333325135,0,0.0001,3.333325135,0
2009-12-03 00:00:00,3.043133,3.164774045,0,0.0001,3.164774045,0
2009-12-04 00:00:00,3.145199,2.97755197,0,0.0001,2.97755197,0
2009-12-05 00:00:00,6.061682,2.694664555,0,0.0001,2.694664555,0
2009-12-06 00:00:00,2.917143,2.635413683,0,0.0001,2.635413683,0
2009-12-07 00:00:00,6.343469,2.384572447,0,0.0001,2.384572447,0
2009-12-08 00:00:00,2.746425,2.380918224,0,0.0001,2.380918224,0
2009-12-09 00:00:00,4.08431,2.295188847,0,0.0001,2.295188847,0
2009-12-10 00:00:00,4.46902,2.033906335,0,0.0001,2.033906335,0
2009-12-11 00:00:00,4.344804,1.90037258,0,0.0001,1.90037258,0
2009-12-12 00:00:00,7.28104,1.635955326,0,0.0001,1.635955326,0
2009-12-13 00:00:00,7.176634,1.497247788,0,0.0001,1.497247788,0
2009-12-14 00:00:00,3.663375,1.505097461,0,0.0001,1.505097461,0
2009-12-15 00:00:00,7.548145,1.221777881,0,0.0001,1.221777881,0
2009-12-16 00:00:00,5.389512,1.145712399,0,0.0001,1.145712399,0
2009-12-17 00:00:00,5.252685,1.026122923,0,0.0001,1.026122923,0
2009-12-18 00:00:00,3.575653,0.975622011,0,0.0001,0.975622011,0
2009-12-19 00:00:00,3.431457,0.866564487,0,0.0001,0.866564487,0
2009-12-20 00:00:00,6.347537,0.669806102,0,0.0001,0.669806102,0
2009-12-21 00:00:00,4.783206,0.584852707,0,0.0001,0.584852707,0
2009-12-22 00:00:00,6.402202,0.472635152,0,0.0001,0.472635152,0
2009-12-23 00:00:00,6.245379,0.374810296,0,0.0001,0.374810296,0
2009-12-24 00:00:00,8.010759,0.343430554,0,0.0001,0.343430554,0
2009-12-25 00:00:00,10.430083,0.20685653,0,0.0001,0.20685653,0
2009-12-26 00:00:00,9.866665,0.094764135,0,0.0001,0.094764135,0
2009-12-27 00:00:00,6.980849,0.150785588,0,0.0001,0.150785588,0
2009-12-28 00:00:00,8.516001,-0.051769719,0,0.0001,-0.051769719,0
2009-12-29 00:00:00,8.523425,-0.19522054,0,0.0001,-0.19522054,0
2009-12-30 00:00:00,7.02428,-0.279916751,0,0.0001,-0.279916751,0
2009-12-31 00:00:00,6.965672,-0.391191699,0,0.0001,-0.391191699,0
2010-01-01 00:00:00,6.885044,-0.488967603,0,0.0001,-0.488967603,0
2010-01-02 00:00:00,5.258826,-0.52460939,0,0.0001,-0.52460939,0
2010-01-03 00:00:00,6.679202,-0.641577786,0,0.0001,-0.641577786,0
2010-01-04 00:00:00,6.565399,-0.701620832,0,0.0001,-0.701620832,0
2010-01-05 00:00:00,8.265511,-0.780319175,0,0.0001,-0.780319175,0
2010-01-06 00:00:00,7.891291,-0.834034413,0,0.0001,-0.834034413,0
2010-01-07 00:00:00,6.93795,-0.859743552,0,0.0001,-0.859743552,0
2010-01-08 00:00:00,6.593612,-0.867894742,0,0.0001,-0.867894742,0
2010-01-09 00:00:00,6.403575,-0.892054262,0,0.0001,-0.892054262,0
2010-01-10 00:00:00,7.635646,-0.929952106,0,0.0001,-0.929952106,0
2010-01-11 00:00:00,7.457619,-0.943940417,0,0.0001,-0.943940417,0
2010-01-12 00:00:00,7.289348,-0.953264415,0,0.0001,-0.953264415,0
2010-01-13 00:00:00,7.12206,-0.958425587,0,0.0001,-0.958425587,0
2010-01-14 00:00:00,6.958053,-0.959588974,0,0.0001,-0.959588974,0
2010-01-15 00:00:00,6.796646,-0.957206107,0,0.0001,-0.957206107,0
2010-01-16 00:00:00,6.651827,-0.950865153,0,0.0001,-0.950865153,0
2010-01-17 00:00:00,6.511217,-0.940890687,0,0.0001,-0.940890687,0
2010-01-18 00:00:00,6.374551,-0.927464448,0,0.0001,-0.927464448,0
2010-01-19 00:00:00,6.241322,-0.910771876,0,0.0001,-0.910771876,0
2010-01-20 00:00:00,6.117287,-0.890872104,0,0.0001,-0.890872104,0
2010-01-21 00:00:00,6.011405,-0.867447138,0,0.0001,-0.867447138,0
2010-01-22 00:00:00,5.912424,-0.840728747,0,0.0001,-0.840728747,0
2010-01-23 00:00:00,6.744146,-0.789893222,0,0.0001,-0.789893222,0
2010-01-24 00:00:00,8.762432,-0.812398805,0,0.0001,-0.812398805,0
2010-01-25 00:00:00,8.104771,-0.803525227,0,0.0001,-0.803525227,0
2010-01-26 00:00:00,8.080846,-0.762829924,0,0.0001,-0.762829924,0
2010-01-27 00:00:00,8.078113,-0.7518859,0,0.0001,-0.7518859,0
2010-01-28 00:00:00,7.983096,-0.755464774,0,0.0001,-0.755464774,0
2010-01-29 00:00:00,7.812523,-0.751681944,0,0.0001,-0.751681944,0
2010-01-30 00:00:00,7.643443,-0.736086792,0,0.0001,-0.736086792,0
2010-01-31 00:00:00,7.496636,-0.711088492,0,0.0001,-0.711088492,0
2010-02-01 00:00:00,7.191183,-0.686073185,0,0.0001,-0.686073185,0
2010-02-02 00:00:00,7.29659,-0.637762359,0,0.0001,-0.637762359,0
2010-02-03 00:00:00,7.302677,-0.588069965,0,0.0001,-0.588069965,0
2010-02-04 00:00:00,7.181625,-0.531710276,0,0.0001,-0.531710276,0
2010-02-05 00:00:00,7.085554,-0.468078413,0,0.0001,-0.468078413,0
2010-02-06 00:00:00,6.992004,-0.39777546,0,0.0001,-0.39777546,0
2010-02-07 00:00:00,6.810171,-0.324192865,0,0.0001,-0.324192865,0
2010-02-08 00:00:00,6.548837,-0.251470722,0,0.0001,-0.251470722,0
2010-02-09 00:00:00,6.593065,-0.158638172,0,0.0001,-0.158638172,0
2010-02-10 00:00:00,6.791344,-0.064916493,0,0.0001,-0.064916493,0
2010-02-11 00:00:00,6.651962,0.030127901,0,0.0001,0.030127901,0
2010-02-12 00:00:00,6.523215,0.12926803,0,0.0001,0.12926803,0
2010-02-13 00:00:00,6.425718,0.232541672,0,0.0001,0.232541672,0
2010-02-14 00:00:00,6.313361,0.339455964,0,0.0001,0.339455964,0
2010-02-15 00:00:00,6.112771,0.44824559,0,0.0001,0.44824559,0
2010-02-16 00:00:00,6.144382,0.563797432,0,0.0001,0.563797432,0
2010-02-17 00:00:00,6.025954,0.680677647,0,0.0001,0.680677647,0
2010-02-18 00:00:00,5.944717,0.801236662,0,0.0001,0.801236662,0
2010-02-19 00:00:00,5.726173,0.922756535,0,0.0001,0.922756535,0
2010-02-20 00:00:00,5.725441,1.051785679,0,0.0001,1.051785679,0
2010-02-21 00:00:00,5.639344,1.179080975,0,0.0001,1.179080975,0
2010-02-22 00:00:00,5.596824,1.307497336,0,0.0001,1.307497336,0
2010-02-23 00:00:00,5.649593,1.443781157,0,0.0001,1.443781157,0
2010-02-24 00:00:00,5.562005,1.579934059,0,0.0001,1.579934059,0
2010-02-25 00:00:00,5.529901,1.720205905,0,0.0001,1.720205905,0
2010-02-26 00:00:00,5.447896,1.863247833,0,0.0001,1.863247833,0
2010-02-27 00:00:00,5.366914,2.008907929,0,0.0001,2.008907929,0
2010-02-28 00:00:00,5.292283,2.157118947,0,0.0001,2.157118947,0
2010-03-01 00:00:00,5.24802,2.308316631,0,0.0001,2.308316631,0
2010-03-02 00:00:00,5.164843,2.462179765,0,0.0001,2.462179765,0
2010-03-03 00:00:00,5.115256,2.618327962,0,0.0001,2.618327962,0
2010-03-04 00:00:00,5.192115,2.772401696,0,0.0001,2.772401696,0
2010-03-05 00:00:00,5.320087,2.919420476,0,0.0001,2.919420476,0
2010-03-06 00:00:00,5.497323,3.063708618,0,0.0001,3.063708618,0
2010-03-07 00:00:00,6.398527,3.184714801,0,0.0001,3.184714801,0
2010-03-08 00:00:00,9.310177,3.259792789,0,0.0001,3.259792789,0
2010-03-09 00:00:00,12.640132,3.335317719,0,0.0001,3.335317719,0
2010-03-10 00:00:00,14.768453,3.57779472,0,0.0001,3.57779472,0
2010-03-11 00:00:00,16.067571,3.705289987,0,0.0001,3.705289987,0
2010-03-12 00:00:00,15.233179,3.710494182,0,0.0001,3.710494182,0
2010-03-13 00:00:00,14.485686,3.753611137,0,0.0001,3.753611137,0
2010-03-14 00:00:00,14.150099,3.835579556,0,0.0001,3.835579556,0
2010-03-15 00:00:00,13.883058,3.950110693,0,0.0001,3.950110693,0
2010-03-16 00:00:00,13.611974,4.094103564,0,0.0001,4.094103564,0
2010-03-17 00:00:00,13.293542,4.26089946,0,0.0001,4.26089946,0
2010-03-18 00:00:00,12.924592,4.444259976,0,0.0001,4.444259976,0
2010-03-19 00:00:00,12.70051,4.639605943,0,0.0001,4.639605943,0
2010-03-20 00:00:00,12.773814,4.837129171,0,0.0001,4.837129171,0
2010-03-21 00:00:00,12.384564,5.049486293,0,0.0001,5.049486293,0
2010-03-22 00:00:00,11.963673,5.267035729,0,0.0001,5.267035729,0
2010-03-23 00:00:00,11.525198,5.489023386,0,0.0001,5.489023386,0
2010-03-24 00:00:00,11.056092,5.715117213,0,0.0001,5.715117213,0
2010-03-25 00:00:00,10.565971,5.944500422,0,0.0001,5.944500422,0
2010-03-26 00:00:00,10.168976,6.176572279,0,0.0001,6.176572279,0
2010-03-27 00:00:00,9.785705,6.410945909,0,0.0001,6.410945909,0
2010-03-28 00:00:00,9.474348,6.647617712,0,0.0001,6.647617712,0
2010-03-29 00:00:00,9.107175,6.886521626,0,0.0001,6.886521626,0
2010-03-30 00:00:00,8.770366,7.127143791,0,0.0001,7.127143791,0
2010-03-31 00:00:00,8.403349,7.369857579,0,0.0001,7.369857579,0
2010-04-01 00:00:00,8.045498,7.614023723,0,0.0001,7.614023723,0
2010-04-02 00:00:00,7.700699,7.85678416,0,0.0001,7.85678416,0
2010-04-03 00:00:00,7.548164,8.092527356,0,0.0001,8.092527356,0
2010-04-04 00:00:00,7.225438,8.340386636,0,0.0001,8.340386636,0
2010-04-05 00:00:00,7.523395,8.561039402,0,0.0001,8.561039402,0
2010-04-06 00:00:00,11.943279,8.598112932,0,0.0001,8.598112932,0
2010-04-07 00:00:00,14.543168,8.780895195,0,0.0001,8.780895195,0
2010-04-08 00:00:00,16.297015,8.982621462,0,0.0001,8.982621462,0
2010-04-09 00:00:00,16.047356,9.168206901,0,0.0001,9.168206901,0
2010-04-10 00:00:00,15.26313,9.351224624,0,0.0001,9.351224624,0
2010-04-11 00:00:00,14.613954,9.548739751,0,0.0001,9.548739751,0
2010-04-12 00:00:00,14.086169,9.753180057,0,0.0001,9.753180057,0
2010-04-13 00:00:00,13.659959,9.965918293,0,0.0001,9.965918293,0
2010-04-14 00:00:00,13.546732,10.19133329,0,0.0001,10.19133329,0
2010-04-15 00:00:00,9.981624,10.42175867,0,0.0001,10.42175867,0
2010-04-16 00:00:00,8.276517,10.65883795,0,0.0001,10.65883795,0
2010-04-17 00:00:00,9.532452,10.90873661,0,0.0001,10.90873661,0
2010-04-18 00:00:00,9.256203,11.16095706,0,0.0001,11.16095706,0
2010-04-19 00:00:00,8.966082,11.41588183,0,0.0001,11.41588183,0
2010-04-20 00:00:00,10.108842,11.67631964,0,0.0001,11.67631964,0
2010-04-21 00:00:00,9.731234,11.9375699,0,0.0001,11.9375699,0
2010-04-22 00:00:00,9.750564,12.1998284,0,0.0001,12.1998284,0
2010-04-23 00:00:00,9.4545,12.45390362,0,0.0001,12.45390362,0
2010-04-24 00:00:00,10.327304,12.63802422,0,0.0001,12.63802422,0
2010-04-25 00:00:00,12.040061,12.78784177,0,0.0001,12.78784177,0
2010-04-26 00:00:00,11.624085,13.0600894,0,0.0001,13.0600894,0
2010-04-27 00:00:00,11.247936,13.3093316,0,0.0001,13.3093316,0
2010-04-28 00:00:00,10.858572,13.55628224,0,0.0001,13.55628224,0
2010-04-29 00:00:00,10.381025,13.80802079,0,0.0001,13.80802079,0
2010-04-30 00:00:00,11.067925,13.99630313,0,0.0001,13.99630313,0
2010-05-01 00:00:00,11.283164,14.20758308,0,0.0001,14.20758308,0
2010-05-02 00:00:00,10.730866,14.46201301,0,0.0001,14.46201301,0
2010-05-03 00:00:00,10.545706,14.70024645,0,0.0001,14.70024645,0
2010-05-04 00:00:00,7.717947,14.91524513,0,0.0001,14.91524513,0
2010-05-05 00:00:00,10.01022,15.17321663,0,0.0001,15.17321663,0
2010-05-06 00:00:00,9.525542,15.42334062,0,0.0001,15.42334062,0
2010-05-07 00:00:00,9.329331,15.58115125,0,0.0001,15.58115125,0
2010-05-08 00:00:00,10.261551,15.81863925,0,0.0001,15.81863925,0
2010-05-09 00:00:00,10.041938,16.06128059,0,0.0001,16.06128059,0
2010-05-10 00:00:00,9.950657,16.28508066,0,0.0001,16.28508066,0
2010-05-11 00:00:00,12.005253,16.37742974,0,0.0001,16.37742974,0
2010-05-12 00:00:00,13.585484,16.53883841,0,0.0001,16.53883841,0
2010-05-13 00:00:00,17.546744,16.61676883,0,0.0001,16.61676883,0
2010-05-14 00:00:00,17.397578,16.83608093,0,0.0001,16.83608093,0
2010-05-15 00:00:00,15.176824,17.04448204,0,0.0001,17.04448204,0
2010-05-16 00:00:00,15.399755,17.28479583,0,0.0001,17.28479583,0
2010-05-17 00:00:00,12.318192,17.49451814,0,0.0001,17.49451814,0
2010-05-18 00:00:00,12.066978,17.72152775,0,0.0001,17.72152775,0
2010-05-19 00:00:00,14.638802,17.96309637,0,0.0001,17.96309637,0
2010-05-20 00:00:00,12.878121,18.18173719,0,0.0001,18.18173719,0
2010-05-21 00:00:00,11.682444,18.37494942,0,0.0001,18.37494942,0
2010-05-22 00:00:00,12.893383,18.61214276,0,0.0001,18.61214276,0
2010-05-23 00:00:00,12.971253,18.8469344,0,0.0001,18.8469344,0
2010-05-24 00:00:00,12.292085,19.07783049,0,0.0001,19.07783049,0
2010-05-25 00:00:00,11.972954,19.29098952,0,0.0001,19.29098952,0
2010-05-26 00:00:00,10.593832,19.41518194,0,0.0001,19.41518194,0
2010-05-27 00:00:00,7.57765,19.59102466,0,0.0001,19.59102466,0
2010-05-28 00:00:00,8.506859,19.85580998,0,0.0001,19.85580998,0
2010-05-29 00:00:00,9.420093,20.09209635,0,0.0001,20.09209635,0
2010-05-30 00:00:00,5.763484,20.26284677,0,0.0001,20.26284677,0
2010-05-31 00:00:00,8.303441,20.52686226,0,0.0001,20.52686226,0
2010-06-01 00:00:00,9.386063,20.75655154,0,0.0001,20.75655154,0
2010-06-02 00:00:00,9.293361,20.93450482,0,0.0001,20.93450482,0
2010-06-03 00:00:00,9.129441,21.11767758,0,0.0001,21.11767758,0
2010-06-04 00:00:00,9.712862,21.22777974,0,0.0001,21.22777974,0
2010-06-05 00:00:00,11.185393,21.26728764,0,0.0001,21.26728764,0
2010-06-06 00:00:00,12.326443,21.38224256,0,0.0001,21.38224256,0
2010-06-07 00:00:00,12.09611,21.56976476,0,0.0001,21.56976476,0
2010-06-08 00:00:00,12.082449,21.60247064,0,0.0001,21.60247064,0
2010-06-09 00:00:00,13.425755,21.82359758,0,0.0001,21.82359758,0
2010-06-10 00:00:00,12.943117,22.01858227,0,0.0001,22.01858227,0
2010-06-11 00:00:00,13.019885,22.16299894,0,0.0001,22.16299894,0
2010-06-12 00:00:00,12.400695,22.34279689,0,0.0001,22.34279689,0
2010-06-13 00:00:00,11.997548,22.50792933,0,0.0001,22.50792933,0
2010-06-14 00:00:00,11.973995,22.65220465,0,0.0001,22.65220465,0
2010-06-15 00:00:00,13.851151,22.65448187,0,0.0001,22.65448187,0
2010-06-16 00:00:00,14.379997,22.79955885,0,0.0001,22.79955885,0
2010-06-17 00:00:00,13.808436,22.94436436,0,0.0001,22.94436436,0
2010-06-18 00:00:00,10.915745,23.01611439,0,0.0001,23.01611439,0
2010-06-19 00:00:00,13.687259,23.20810981,0,0.0001,23.20810981,0
2010-06-20 00:00:00,12.959697,23.36747458,0,0.0001,23.36747458,0
2010-06-21 00:00:00,16.535263,23.29329346,0,0.0001,23.29329346,0
2010-06-22 00:00:00,18.633286,23.36206953,0,0.0001,23.36206953,0
2010-06-23 00:00:00,22.417033,23.36227451,0,0.0001,23.36227451,0
2010-06-24 00:00:00,21.642788,23.50405761,0,0.0001,23.50405761,0
2010-06-25 00:00:00,21.855061,23.61293719,0,0.0001,23.61293719,0
2010-06-26 00:00:00,23.889555,23.67190252,0,0.0001,23.67190252,0
2010-06-27 00:00:00,21.377002,23.72147238,0,0.0001,23.72147238,0
2010-06-28 00:00:00,21.544317,23.84435834,0,0.0001,23.84435834,0
2010-06-29 00:00:00,17.65475,24.38621053,0,0.0001,24.38621053,0
2010-06-30 00:00:00,19.906598,24.06635078,0,0.0001,24.06635078,0
2010-07-01 00:00:00,19.540972,24.18304315,0,0.0001,24.18304315,0
2010-07-02 00:00:00,19.018429,24.29729778,0,0.0001,24.29729778,0
2010-07-03 00:00:00,19.519059,24.41284999,0,0.0001,24.41284999,0
2010-07-04 00:00:00,18.44648,24.52032768,0,0.0001,24.52032768,0
2010-07-05 00:00:00,18.142541,24.60104481,0,0.0001,24.60104481,0
2010-07-06 00:00:00,17.266174,24.70323887,0,0.0001,24.70323887,0
2010-07-07 00:00:00,16.968651,24.71745996,0,0.0001,24.71745996,0
2010-07-08 00:00:00,16.647974,24.80490156,0,0.0001,24.80490156,0
2010-07-09 00:00:00,12.628424,24.89081002,0,0.0001,24.89081002,0
2010-07-10 00:00:00,14.659965,24.99679748,0,0.0001,24.99679748,0
2010-07-11 00:00:00,12.35686,25.07239291,0,0.0001,25.07239291,0
2010-07-12 00:00:00,10.05686,25.13364858,0,0.0001,25.13364858,0
2010-07-13 00:00:00,12.817822,25.23687023,0,0.0001,25.23687023,0
2010-07-14 00:00:00,14.125133,25.20617442,0,0.0001,25.20617442,0
2010-07-15 00:00:00,17.982129,25.00124499,0,0.0001,25.00124499,0
2010-07-16 00:00:00,16.846495,25.08141407,0,0.0001,25.08141407,0
2010-07-17 00:00:00,11.663618,25.0179938,0,0.0001,25.0179938,0
2010-07-18 00:00:00,13.487659,25.04146966,0,0.0001,25.04146966,0
2010-07-19 00:00:00,13.177446,25.0908489,0,0.0001,25.0908489,0
2010-07-20 00:00:00,16.06073,25.14045956,0,0.0001,25.14045956,0
2010-07-21 00:00:00,15.426801,25.16169307,0,0.0001,25.16169307,0
2010-07-22 00:00:00,26.660981,24.81000119,0,0.0001,24.81000119,0
2010-07-23 00:00:00,27.495959,24.9673441,0,0.0001,24.9673441,0
2010-07-24 00:00:00,33.042996,24.83948548,0,0.0001,24.83948548,0
2010-07-25 00:00:00,32.112835,24.84052463,0,0.0001,24.84052463,0
2010-07-26 00:00:00,30.250741,24.84839631,0,0.0001,24.84839631,0
2010-07-27 00:00:00,28.954017,24.84595752,0,0.0001,24.84595752,0
2010-07-28 00:00:00,28.288106,24.82788094,0,0.0001,24.82788094,0
2010-07-29 00:00:00,26.607015,24.84949638,0,0.0001,24.84949638,0
2010-07-30 00:00:00,25.520634,24.86185647,0,0.0001,24.86185647,0
2010-07-31 00:00:00,24.390661,24.8850719,0,0.0001,24.8850719,0
2010-08-01 00:00:00,22.508928,24.93144142,0,0.0001,24.93144142,0
2010-08-02 00:00:00,20.613863,24.98803433,0,0.0001,24.98803433,0
2010-08-03 00:00:00,24.889862,24.5662579,0,0.0001,24.5662579,0
2010-08-04 00:00:00,23.115938,24.56301085,0,0.0001,24.56301085,0
2010-08-05 00:00:00,21.496659,24.55559518,0,0.0001,24.55559518,0
2010-08-06 00:00:00,19.933466,24.54561807,0,0.0001,24.54561807,0
2010-08-07 00:00:00,18.71145,24.52555241,0,0.0001,24.52555241,0
2010-08-08 00:00:00,22.7611,24.31604383,0,0.0001,24.31604383,0
2010-08-09 00:00:00,23.338241,24.24072376,0,0.0001,24.24072376,0
2010-08-10 00:00:00,22.245346,24.19808662,0,0.0001,24.19808662,0
2010-08-11 00:00:00,21.340984,24.1316441,0,0.0001,24.1316441,0
2010-08-12 00:00:00,20.175133,24.0753629,0,0.0001,24.0753629,0
2010-08-13 00:00:00,25.670122,23.82630787,0,0.0001,23.82630787,0
2010-08-14 00:00:00,25.662098,23.70226359,0,0.0001,23.70226359,0
2010-08-15 00:00:00,26.866507,23.60199381,0,0.0001,23.60199381,0
2010-08-16 00:00:00,26.059753,23.50567592,0,0.0001,23.50567592,0
2010-08-17 00:00:00,24.833752,23.41520127,0,0.0001,23.41520127,0
2010-08-18 00:00:00,23.773724,23.31953399,0,0.0001,23.31953399,0
2010-08-19 00:00:00,22.850377,23.22310765,0,0.0001,23.22310765,0
2010-08-20 00:00:00,22.932941,23.09675479,0,0.0001,23.09675479,0
2010-08-21 00:00:00,22.393055,22.98751384,0,0.0001,22.98751384,0
2010-08-22 00:00:00,21.193123,22.89732699,0,0.0001,22.89732699,0
2010-08-23 00:00:00,20.046845,22.80237901,0,0.0001,22.80237901,0
2010-08-24 00:00:00,18.923513,22.70608872,0,0.0001,22.70608872,0
2010-08-25 00:00:00,17.869217,22.60917012,0,0.0001,22.60917012,0
2010-08-26 00:00:00,16.788402,22.51214933,0,0.0001,22.51214933,0
2010-08-27 00:00:00,15.758268,22.41323786,0,0.0001,22.41323786,0
2010-08-28 00:00:00,14.791757,22.31176467,0,0.0001,22.31176467,0
2010-08-29 00:00:00,13.803749,22.20916717,0,0.0001,22.20916717,0
2010-08-30 00:00:00,12.89834,22.10349611,0,0.0001,22.10349611,0
2010-08-31 00:00:00,14.282321,21.8784631,0,0.0001,21.8784631,0
2010-09-01 00:00:00,16.548603,21.63464086,0,0.0001,21.63464086,0
2010-09-02 00:00:00,17.871591,21.45609782,0,0.0001,21.45609782,0
2010-09-03 00:00:00,18.679858,21.27911787,0,0.0001,21.27911787,0
2010-09-04 00:00:00,18.897849,21.12988234,0,0.0001,21.12988234,0
2010-09-05 00:00:00,17.940165,20.97789351,0,0.0001,20.97789351,0
2010-09-06 00:00:00,17.058037,20.82329434,0,0.0001,20.82329434,0
2010-09-07 00:00:00,16.07321,20.66862558,0,0.0001,20.66862558,0
2010-09-08 00:00:00,15.272173,20.51046135,0,0.0001,20.51046135,0
2010-09-09 00:00:00,14.480878,20.35096782,0,0.0001,20.35096782,0
2010-09-10 00:00:00,13.793328,20.19041063,0,0.0001,20.19041063,0
2010-09-11 00:00:00,14.0322,19.99556471,0,0.0001,19.99556471,0
2010-09-12 00:00:00,13.344588,19.83996177,0,0.0001,19.83996177,0
2010-09-13 00:00:00,12.558014,19.68373073,0,0.0001,19.68373073,0
2010-09-14 00:00:00,11.819784,19.52356648,0,0.0001,19.52356648,0
2010-09-15 00:00:00,10.991928,19.36110314,0,0.0001,19.36110314,0
2010-09-16 00:00:00,10.665348,19.19416915,0,0.0001,19.19416915,0
2010-09-17 00:00:00,10.42932,19.01422196,0,0.0001,19.01422196,0
2010-09-18 00:00:00,11.70103,18.75759831,0,0.0001,18.75759831,0
2010-09-19 00:00:00,11.000724,18.60002354,0,0.0001,18.60002354,0
2010-09-20 00:00:00,10.628931,18.42935468,0,0.0001,18.42935468,0
2010-09-21 00:00:00,10.140665,18.2544963,0,0.0001,18.2544963,0
2010-09-22 00:00:00,9.687804,18.07450168,0,0.0001,18.07450168,0
2010-09-23 00:00:00,6.820807,17.86579249,0,0.0001,17.86579249,0
2010-09-24 00:00:00,6.667526,17.64654554,0,0.0001,17.64654554,0
2010-09-25 00:00:00,7.725124,17.47209843,0,0.0001,17.47209843,0
2010-09-26 00:00:00,8.623199,17.28902699,0,0.0001,17.28902699,0
2010-09-27 00:00:00,6.675751,17.0973579,0,0.0001,17.0973579,0
2010-09-28 00:00:00,6.177721,16.90700883,0,0.0001,16.90700883,0
2010-09-29 00:00:00,2.923902,16.69674661,0,0.0001,16.69674661,0
2010-09-30 00:00:00,3.663148,16.51210499,0,0.0001,16.51210499,0
2010-10-01 00:00:00,2.586658,16.30577048,0,0.0001,16.30577048,0
2010-10-02 00:00:00,2.921269,16.11356409,0,0.0001,16.11356409,0
2010-10-03 00:00:00,2.537699,15.91256032,0,0.0001,15.91256032,0
2010-10-04 00:00:00,3.660872,15.72646546,0,0.0001,15.72646546,0
2010-10-05 00:00:00,3.245963,15.52768734,0,0.0001,15.52768734,0
2010-10-06 00:00:00,1.930166,15.31555234,0,0.0001,15.31555234,0
2010-10-07 00:00:00,2.459133,15.12676206,0,0.0001,15.12676206,0
2010-10-08 00:00:00,2.048845,14.92410896,0,0.0001,14.92410896,0
2010-10-09 00:00:00,1.642221,14.71926022,0,0.0001,14.71926022,0
2010-10-10 00:00:00,1.560631,14.5199095,0,0.0001,14.5199095,0
2010-10-11 00:00:00,1.452394,14.32448791,0,0.0001,14.32448791,0
2010-10-12 00:00:00,1.384069,14.12259219,0,0.0001,14.12259219,0
2010-10-13 00:00:00,1.312769,13.9207052,0,0.0001,13.9207052,0
2010-10-14 00:00:00,1.247694,13.71947148,0,0.0001,13.71947148,0
2010-10-15 00:00:00,1.187119,13.51753934,0,0.0001,13.51753934,0
2010-10-16 00:00:00,1.14579,13.31306758,0,0.0001,13.31306758,0
2010-10-17 00:00:00,1.100374,13.10999146,0,0.0001,13.10999146,0
2010-10-18 00:00:00,1.032113,12.91041477,0,0.0001,12.91041477,0
2010-10-19 00:00:00,1.005824,12.70295667,0,0.0001,12.70295667,0
2010-10-20 00:00:00,0.978487,12.49644266,0,0.0001,12.49644266,0
2010-10-21 00:00:00,3.179212,12.33382153,0,0.0001,12.33382153,0
2010-10-22 00:00:00,3.331187,12.12482937,0,0.0001,12.12482937,0
2010-10-23 00:00:00,3.742711,11.80954146,0,0.0001,11.80954146,0
2010-10-24 00:00:00,5.473739,11.33190782,0,0.0001,11.33190782,0
2010-10-25 00:00:00,5.456564,11.11315296,0,0.0001,11.11315296,0
2010-10-26 00:00:00,4.851584,11.03392871,0,0.0001,11.03392871,0
2010-10-27 00:00:00,4.809072,10.82161438,0,0.0001,10.82161438,0
2010-10-28 00:00:00,4.571618,10.53435981,0,0.0001,10.53435981,0
2010-10-29 00:00:00,4.537279,10.19711733,0,0.0001,10.19711733,0
2010-10-30 00:00:00,4.462099,9.879946535,0,0.0001,9.879946535,0
2010-10-31 00:00:00,4.382105,9.588590532,0,0.0001,9.588590532,0
2010-11-01 00:00:00,4.284474,9.314846142,0,0.0001,9.314846142,0
2010-11-02 00:00:00,4.175906,9.054811335,0,0.0001,9.054811335,0
2010-11-03 00:00:00,3.308611,8.8326163,0,0.0001,8.8326163,0
2010-11-04 00:00:00,3.22936,8.589619877,0,0.0001,8.589619877,0
2010-11-05 00:00:00,3.164904,8.362002312,0,0.0001,8.362002312,0
2010-11-06 00:00:00,3.073179,8.144640595,0,0.0001,8.144640595,0
2010-11-07 00:00:00,3.762831,7.91594698,0,0.0001,7.91594698,0
2010-11-08 00:00:00,2.858781,7.734900512,0,0.0001,7.734900512,0
2010-11-09 00:00:00,3.526631,7.515659001,0,0.0001,7.515659001,0
2010-11-10 00:00:00,3.400369,7.32276985,0,0.0001,7.32276985,0
2010-11-11 00:00:00,3.281207,7.132237616,0,0.0001,7.132237616,0
2010-11-12 00:00:00,4.884959,6.905107475,0,0.0001,6.905107475,0
2010-11-13 00:00:00,2.950323,6.783874942,0,0.0001,6.783874942,0
2010-11-14 00:00:00,2.843743,6.5872341,0,0.0001,6.5872341,0
2010-11-15 00:00:00,5.179555,6.336388775,0,0.0001,6.336388775,0
2010-11-16 00:00:00,2.743158,6.264622568,0,0.0001,6.264622568,0
2010-11-17 00:00:00,2.750888,6.085823179,0,0.0001,6.085823179,0
2010-11-18 00:00:00,3.566776,5.838120942,0,0.0001,5.838120942,0
2010-11-19 00:00:00,2.576588,5.712183792,0,0.0001,5.712183792,0
2010-11-20 00:00:00,5.400601,5.404954071,0,0.0001,5.404954071,0
2010-11-21 00:00:00,3.435224,5.279427598,0,0.0001,5.279427598,0
2010-11-22 00:00:00,2.498539,5.188078029,0,0.0001,5.188078029,0
2010-11-23 00:00:00,5.413946,4.853290836,0,0.0001,4.853290836,0
2010-11-24 00:00:00,2.705345,4.864624981,0,0.0001,4.864624981,0
2010-11-25 00:00:00,2.913441,4.649110745,0,0.0001,4.649110745,0
2010-11-26 00:00:00,2.811078,4.473259529,0,0.0001,4.473259529,0
2010-11-27 00:00:00,3.694821,4.218763197,0,0.0001,4.218763197,0
2010-11-28 00:00:00,5.722921,3.960046068,0,0.0001,3.960046068,0
2010-11-29 00:00:00,2.739824,3.956793558,0,0.0001,3.956793558,0
2010-11-30 00:00:00,2.839122,3.771131646,0,0.0001,3.771131646,0
2010-12-01 00:00:00,2.757241,3.588749771,0,0.0001,3.588749771,0
2010-12-02 00:00:00,5.172084,3.275289207,0,0.0001,3.275289207,0
2010-12-03 00:00:00,4.019779,3.102275626,0,0.0001,3.102275626,0
2010-12-04 00:00:00,2.421024,3.055896688,0,0.0001,3.055896688,0
2010-12-05 00:00:00,2.529332,2.916402288,0,0.0001,2.916402288,0
2010-12-06 00:00:00,2.472529,2.758543552,0,0.0001,2.758543552,0
2010-12-07 00:00:00,3.882656,2.518209702,0,0.0001,2.518209702,0
2010-12-08 00:00:00,3.794033,2.374126093,0,0.0001,2.374126093,0
2010-12-09 00:00:00,5.172817,2.188263048,0,0.0001,2.188263048,0
2010-12-10 00:00:00,5.267222,2.057787498,0,0.0001,2.057787498,0
2010-12-11 00:00:00,6.727328,1.950212083,0,0.0001,1.950212083,0
2010-12-12 00:00:00,7.029443,1.723573824,0,0.0001,1.723573824,0
2010-12-13 00:00:00,6.881598,1.603516856,0,0.0001,1.603516856,0
2010-12-14 00:00:00,6.899612,1.475199884,0,0.0001,1.475199884,0
2010-12-15 00:00:00,4.650808,1.439748007,0,0.0001,1.439748007,0
2010-12-16 00:00:00,4.673581,1.282462502,0,0.0001,1.282462502,0
2010-12-17 00:00:00,4.666881,1.13149621,0,0.0001,1.13149621,0
2010-12-18 00:00:00,4.657287,0.987620187,0,0.0001,0.987620187,0
2010-12-19 00:00:00,6.487212,0.79872825,0,0.0001,0.79872825,0
2010-12-20 00:00:00,6.158905,0.664641417,0,0.0001,0.664641417,0
2010-12-21 00:00:00,4.840752,0.606921924,0,0.0001,0.606921924,0
2010-12-22 00:00:00,6.330971,0.464160928,0,0.0001,0.464160928,0
2010-12-23 00:00:00,6.203357,0.365417846,0,0.0001,0.365417846,0
2010-12-24 00:00:00,5.984854,0.265334996,0,0.0001,0.265334996,0
2010-12-25 00:00:00,4.69405,0.217657214,0,0.0001,0.217657214,0
2010-12-26 00:00:00,6.028132,0.106231322,0,0.0001,0.106231322,0
2010-12-27 00:00:00,4.512434,0.060637523,0,0.0001,0.060637523,0
2010-12-28 00:00:00,5.834815,-0.040552121,0,0.0001,-0.040552121,0
2010-12-29 00:00:00,5.87562,-0.099608165,0,0.0001,-0.099608165,0
2010-12-30 00:00:00,6.713973,-0.142980886,0,0.0001,-0.142980886,0
2010-12-31 00:00:00,7.028207,-0.222883766,0,0.0001,-0.222883766,0
